name,mr_name,parent_code,category_code,bus_stop_type,domain_name,tag_line,mr_tag_line,description,mr_description,speciality,status,is_hot_site,social_media,rules,latitude,longitude,pin_code,meta_data,path,phone,email
Sindhudurg,सिंधुदुर्ग ,,district,,,,,this is disctrict known tal kokan,,,True,False,,,,,,,,,
Ratnagiri,रत्नागिरी,,district,,,,,district,,,True,False,,,,,,,,,
Raigad,रायगड,,district,,,,,district,,,True,False,,,,,,,,,
Dahanu,डहाणू,,district,,,,,district,,,True,False,,,,,,,,,
Mumbai,मुंबई,,district,,,,,district,,,True,False,,,,,,,,,
Devgad,देवगड,Sindhudurg,city,Depo,,Land of Exquisite Alphonso Mangoeso king,सुस्वादू हापूस आंब्यांची भूमी,"Welcome to Devgad, a charming coastal town nestled along the Konkan coastline of Maharashtra, India. Known for its breathtaking natural beauty, rich history, and world-famous Alphonso mangoes, Devgad offers a delightful experience for every traveler.

Geographically, Devgad is blessed with a picturesque landscape, boasting pristine sandy beaches, swaying coconut palm groves, and mesmerizing views of the Arabian Sea. The town is surrounded by lush green hills and verdant valleys, creating a tranquil ambiance that is perfect for relaxation and rejuvenation.

With a history dating back centuries, Devgad carries the remnants of its glorious past. The town was a prominent part of the Maratha Empire and played a significant role in the region's historical events. Visitors can explore ancient forts like Devgad Fort, which stands tall on a hill overlooking the sea. The fort offers panoramic views and narrates tales of battles and conquests from bygone eras.

Devgad is synonymous with its world-renowned Alphonso mangoes, often called the 'King of Mangoes.' The region's unique climate and fertile soil create the perfect conditions for cultivating these luscious, sweet, and aromatic mangoes. Travelers can visit mango orchards, witness the mango cultivation process, and indulge in the delectable flavors of Devgad's Alphonso mangoes, a true gastronomic delight.

For beach enthusiasts, Devgad Beach beckons with its golden sands and azure waters. Relax under the swaying palms, take refreshing dips in the sea, or simply soak in the sun while enjoying the tranquil surroundings. The beach is known for its serenity and is an ideal spot for leisurely strolls and breathtaking sunsets.

To satisfy your taste buds, Devgad offers a variety of local delicacies and seafood dishes that are sure to tantalize your palate. Don't miss the opportunity to savor fresh catch from the sea, prepared with authentic Konkan flavors.

Whether you seek tranquility amidst nature, a glimpse into history, or the taste of the finest mangoes, Devgad promises an unforgettable experience. Immerse yourself in the beauty of this coastal gem and let Devgad captivate your senses with its charm and allure.","देवगडमध्ये आपले स्वागत आहे, महाराष्ट्राच्या कोकण किनारपट्टीवर वसलेले एक मनमोहक किनारी शहर. आपल्या निसर्गसौंदर्यामुळे, समृद्ध इतिहासामुळे आणि जागतिक स्तरावर प्रसिद्ध असलेल्या हापूस आंब्यांसाठी ओळखले जाणारे देवगड प्रत्येक प्रवाशाला एक आनंददायी अनुभव देते. भौगोलिकदृष्ट्या, देवगडला निसर्गाचे वरदान आहे. स्वच्छ वाळूचे समुद्रकिनारे, नारळाच्या झाडांची रांग, आणि अरबी समुद्राचे आकर्षक दृश्ये इथे पाहायला मिळतात. शहराच्या सभोवताली हिरवेगार डोंगर आणि दऱ्या आहेत, ज्यामुळे तिथे शांततापूर्ण वातावरण तयार होते जे आराम आणि ताजेतवानेपणासाठी योग्य आहे. इतिहासाच्या दृष्टीने, देवगडला शतकानुशतके जुना वारसा आहे. मराठा साम्राज्याचा एक महत्त्वाचा भाग असलेले हे शहर ऐतिहासिक घटनांचा साक्षीदार राहिले आहे. देवगड किल्ला, समुद्राच्या काठावर डोंगरावर उभा असलेला प्राचीन किल्ला, भूतकाळातील लढाया आणि विजयांच्या कथा सांगतो. किल्ल्यावरून मिळणारे विहंगम दृश्य अप्रतिम आहे. देवगडचे हापूस आंबे, ज्यांना ‘आंब्यांचा राजा’ म्हणून ओळखले जाते, जगभर प्रसिद्ध आहेत. इथल्या अद्वितीय हवामान आणि सुपीक मातीमुळे हे रसाळ, गोड आणि सुगंधित आंबे पिकवले जातात. प्रवासी आंब्यांच्या बागांना भेट देऊन, आंबे लागवड प्रक्रिया पाहू शकतात आणि देवगडच्या हापूस आंब्यांचा आस्वाद घेऊ शकतात, जे खरोखर एक स्वादिष्ट अनुभव आहे. समुद्रकिनाऱ्याच्या प्रेमींनी, देवगड बीचला अवश्य भेट द्यावी. तिथल्या सोनेरी वाळूत आणि निळ्या पाण्यात आराम करा, समुद्रात ताजेतवाने आंघोळ करा किंवा शांत वातावरणाचा आनंद घेत सूर्यस्नान करा. हा समुद्रकिनारा त्याच्या शांततेसाठी ओळखला जातो आणि संध्याकाळी फेरफटका मारण्यासाठी आणि सूर्योदय-सूर्यास्त पाहण्यासाठी योग्य ठिकाण आहे. स्वादिष्ट खाद्यपदार्थांसाठी, देवगडमध्ये स्थानिक खाद्यपदार्थ आणि ताज्या मासळीचे जेवण चाखण्याची संधी न सोडू नका. इथले कोकणी चवीचे समुद्री खाद्य आपल्या चवीला नक्कीच खुसखुशीत वाटेल. आपण निसर्गाच्या शांततेत रमायला, इतिहासाचा एक धावता आढावा घ्यायला, किंवा जगातील सर्वोत्तम आंब्यांचा स्वाद घ्यायला इच्छुक असाल, देवगड आपल्याला एक अविस्मरणीय अनुभव देतो. या किनारी रत्नाचे सौंदर्य अनुभवण्यासाठी येथे या आणि देवगडच्या मनमोहक आकर्षणाने आपले मन जिंकून घ्या.",,True,False,,,16.376553,73.3876897,416613,,devgad_bg.jpg,,
Malvan,मालवण,Sindhudurg,city,,,"Gateway to the Sindhudurg sea fort, Tarkarli and Malvani cuisine","सिंधुदुर्ग जलदुर्ग, तारकर्ली आणि मालवणी खाद्यसंस्कृतीचे प्रवेशद्वार","Malvan is a vibrant coastal town on the Konkan shore, best known for the island sea fort of Sindhudurg built by Chhatrapati Shivaji Maharaj, the white sands of Tarkarli, scuba diving and snorkelling, and its famous spicy Malvani cuisine.","मालवण हे कोकण किनाऱ्यावरील एक चैतन्यमय शहर असून छत्रपती शिवाजी महाराजांनी बांधलेला सिंधुदुर्ग जलदुर्ग, तारकर्लीची शुभ्र वाळू, स्कूबा डायव्हिंग आणि प्रसिद्ध झणझणीत मालवणी खाद्यसंस्कृतीसाठी ओळखले जाते.","Sea fort, Tarkarli beach, scuba diving, Malvani food",True,False,,,16.0594,73.4707,416606,"{""type"": ""taluka"", ""coord"": ""approx""}",,,
Kudal,कुडाळ,Sindhudurg,city,,,"The green heart of Sindhudurg, home to heritage temples and Pinguli folk art",सिंधुदुर्गचे हिरवेगार हृदय — वारसा मंदिरे आणि पिंगुळी लोककलेचे गाव,"Kudal sits at the centre of Sindhudurg district, a lush taluka known for the heritage temples of Walaval, the traditional puppet and Chitrakathi folk art of Pinguli, and easy access to the district's beaches and forts.","कुडाळ हे सिंधुदुर्ग जिल्ह्याच्या मध्यभागी वसलेले हिरवेगार तालुक्याचे गाव असून वालावलची वारसा मंदिरे, पिंगुळीची कठपुतळी व चित्रकथी लोककला आणि जिल्ह्यातील समुद्रकिनारे व किल्ल्यांच्या सोयीस्कर अंतरासाठी ओळखले जाते.","Heritage temples, Pinguli folk art, central location",True,False,,,16.0064,73.6856,416520,"{""type"": ""taluka"", ""coord"": ""approx""}",,,
Sawantwadi,सावंतवाडी,Sindhudurg,city,,,"Royal town of lakes, gardens and the famous wooden Ganjifa toys","तलाव, बागा आणि प्रसिद्ध लाकडी गंजिफा खेळण्यांचे राजवाड्याचे शहर","Once the seat of the Sawant-Bhonsale rulers, Sawantwadi is a graceful town built around the Moti Talav lake, celebrated for its royal palace, handcrafted lacquered wooden toys and Ganjifa playing cards, and its setting on the Maharashtra-Goa border.","सावंत-भोसले राजघराण्याची राजधानी राहिलेले सावंतवाडी हे मोती तलावाभोवती वसलेले देखणे शहर असून राजवाडा, हस्तकलेची लाकडी रंगीत खेळणी व गंजिफा पत्ते आणि महाराष्ट्र-गोवा सीमेवरील स्थानासाठी प्रसिद्ध आहे.","Royal palace, Moti Talav, wooden toys & Ganjifa",True,False,,,15.9036,73.6814,416510,"{""type"": ""taluka"", ""coord"": ""approx""}",,,
Vengurla,वेंगुर्ला,Sindhudurg,city,,,"Sun-kissed coast of cashew, casuarina and quiet beaches","काजू, सुरूची झाडे आणि शांत किनाऱ्यांचा सूर्यप्रकाशित प्रदेश","Vengurla is a peaceful coastal taluka famed for its cashew and mango orchards, the casuarina-lined Sagareshwar and Vengurla beaches, the old port, and the swayambhu Ganesh temple at nearby Redi.","वेंगुर्ला हा शांत किनारी तालुका काजू व आंब्याच्या बागा, सुरूच्या झाडांनी वेढलेले सागरेश्वर व वेंगुर्ला किनारे, जुने बंदर आणि जवळच्या रेडी येथील स्वयंभू गणेश मंदिरासाठी प्रसिद्ध आहे.","Beaches, cashew orchards, Redi Ganpati",True,False,,,15.8590,73.6320,416516,"{""type"": ""taluka"", ""coord"": ""approx""}",,,
Kankavli,कणकवली,Sindhudurg,city,,,The bustling commercial hub on the Mumbai-Goa highway,मुंबई-गोवा महामार्गावरील गजबजलेले व्यापारी केंद्र,"Kankavli is the busy commercial centre of Sindhudurg, set on the Mumbai-Goa highway and Konkan Railway. It is known as the home of the saint Bhalchandra Maharaj and as a gateway to the district's rivers, waterfalls and temples.","कणकवली हे सिंधुदुर्गचे गजबजलेले व्यापारी केंद्र असून मुंबई-गोवा महामार्ग व कोकण रेल्वेवर वसलेले आहे. संत भालचंद्र महाराजांचे गाव आणि जिल्ह्यातील नद्या, धबधबे व मंदिरांचे प्रवेशद्वार म्हणून ते ओळखले जाते.","Commercial hub, Bhalchandra Maharaj, transport gateway",True,False,,,16.2694,73.7083,416602,"{""type"": ""taluka"", ""coord"": ""approx""}",,,
Vaibhavwadi,वैभववाडी,Sindhudurg,city,,,"The Sahyadri gateway of waterfalls, ghats and forest shrines","धबधबे, घाट आणि वनमंदिरांचे सह्याद्री प्रवेशद्वार","Vaibhavwadi is the eastern, hilly entrance to Sindhudurg from the Kolhapur ghats, known for the Napne waterfall, the dense Sahyadri forests, ancient caves and quiet hill temples such as Vyaghreshwar at Manche.","वैभववाडी हे कोल्हापूरच्या घाटांकडून सिंधुदुर्गात येणारे डोंगराळ पूर्वेकडील प्रवेशद्वार असून नापणे धबधबा, घनदाट सह्याद्री जंगले, प्राचीन गुहा आणि मांचे येथील व्याघ्रेश्वरासारखी शांत डोंगरमंदिरे यासाठी ओळखले जाते.","Napne waterfall, Sahyadri ghats, forest temples",True,False,,,16.5547,73.7681,416810,"{""type"": ""taluka"", ""coord"": ""approx""}",,,
Dodamarg,दोडामार्ग,Sindhudurg,city,,,"Sindhudurg's forested far east, by the Tilari dam and Goa-Karnataka border",तिलारी धरण आणि गोवा-कर्नाटक सीमेलगतचा सिंधुदुर्गचा घनदाट पूर्वेकडील भाग,"Dodamarg is the easternmost taluka of Sindhudurg, bordering Goa and Karnataka. It is a green, sparsely populated region of the Tilari dam, thick forests rich in wildlife, hill forts like Pargad, and old village shrines.","दोडामार्ग हा सिंधुदुर्गचा सर्वात पूर्वेकडील तालुका असून गोवा व कर्नाटकच्या सीमेला लागून आहे. तिलारी धरण, वन्यजीवसंपन्न घनदाट जंगले, पारगडसारखे डोंगरी किल्ले आणि जुनी गावमंदिरे असलेला हा हिरवागार, विरळ लोकवस्तीचा प्रदेश आहे.","Tilari dam, forests & wildlife, hill forts",True,False,,,15.7553,74.0089,416512,"{""type"": ""taluka"", ""coord"": ""approx""}",,,
Kunkeshwar,कुणकेश्वर,Devgad,village,,,Coastal pilgrim village of the ancient Kunkeshwar Shiva temple and beach,प्राचीन कुणकेश्वर शिवमंदिर व किनाऱ्याचे किनारी तीर्थगाव,"Kunkeshwar is a seaside village in Devgad taluka built around its famous 12th-century Shiva temple, with a long sandy beach and clusters of pilgrim lodges.",कुणकेश्वर हे देवगड तालुक्यातील समुद्रकाठचे गाव असून प्रसिद्ध बाराव्या शतकातील शिवमंदिराभोवती वसलेले आहे; येथे लांब वाळूचा किनारा व भक्तनिवासांची रांग आहे.,"Temple-town, beach, pilgrim lodges",True,False,,,16.33431,73.39280,416613,"{""type"": ""village"", ""coord"": ""verified""}",,,
Rameshwar Wadi,रामेश्वर वाडी,Devgad,village,,,A cluster of hamlets around the historic Rameshwar and Aday-Durgay shrines,ऐतिहासिक रामेश्वर व आडय-दुर्गाय देवस्थानांभोवतीच्या वाड्यांचा समूह,Rameshwar Wadi in Devgad taluka is a group of small hamlets centred on the 16th-century Rameshwar Shiva temple and the ancient twin-goddess Aday-Durgay shrine in the nearby forest.,देवगड तालुक्यातील रामेश्वर वाडी ही सोळाव्या शतकातील रामेश्वर शिवमंदिर व जवळच्या राईतील प्राचीन आडय-दुर्गाय या जुळ्या देवींच्या देवस्थानाभोवती वसलेल्या लहान वाड्यांचा समूह आहे.,"Temple hamlets, forest shrines",True,False,,,16.40500,73.41500,416613,"{""type"": ""village"", ""coord"": ""approx""}",,,
Wada,वाडा,Devgad,village,,,A green village of coconut and betel groves with a rock-cut cave temple,नारळ-सुपारीच्या बागांचे व कातळातील गुहा मंदिराचे हिरवेगार गाव,"Wada, about 10 km from Devgad, is a quiet plantation village known for the Vimaleshwar cave temple carved into laterite rock amid coconut and betel-nut groves.",देवगडपासून सुमारे १० किमी अंतरावरील वाडा हे नारळ व सुपारीच्या बागांमध्ये जांभ्या कातळात कोरलेल्या विमलेश्वर गुहा मंदिरासाठी ओळखले जाणारे शांत बागायती गाव आहे.,"Plantation village, cave temple",True,False,,,16.31000,73.41500,416613,"{""type"": ""village"", ""coord"": ""approx""}",,,
Achra,आचरा,Malvan,village,,,"A coastal village of fishing, a long beach and the Rameshwar temple","मासेमारी, लांब किनारा व रामेश्वर मंदिराचे किनारी गाव","Achra, north of Malvan, is a large coastal village known for its calm beach, traditional fishing and boat-building, and the historic Rameshwar Shiva temple.","मालवणच्या उत्तरेकडील आचरा हे शांत किनारा, पारंपरिक मासेमारी व होडी बांधणी आणि ऐतिहासिक रामेश्वर शिवमंदिरासाठी ओळखले जाणारे मोठे किनारी गाव आहे.","Coastal village, beach, Rameshwar temple",True,False,,,16.19000,73.45000,416630,"{""type"": ""village"", ""coord"": ""approx""}",,,
Anganewadi,आंगणेवाडी,Malvan,village,,,The famous Bharadi Devi hamlet that draws lakhs to its February Jatra,फेब्रुवारीच्या जत्रेला लाखो भाविक जमणारी प्रसिद्ध भराडी देवी वाडी,"Anganewadi, a small hamlet of Masure in Malvan taluka, is renowned across Maharashtra for the Aai Bharadi Devi temple and its enormous annual Jatra.",मालवण तालुक्यातील मासुरेची छोटीशी वाडी असलेली आंगणेवाडी आई भराडी देवी मंदिर व तिच्या भव्य वार्षिक जत्रेसाठी महाराष्ट्रभर प्रसिद्ध आहे.,"Pilgrimage hamlet, Bharadi Devi Jatra",True,False,,,16.142918,73.520207,416606,"{""type"": ""village"", ""coord"": ""verified""}",,,
Dhamapur,धामापूर,Malvan,village,,,A heritage village beside the centuries-old Dhamapur Lake,शतकानुशतके जुन्या धामापूर तलावाकाठचे वारसा गाव,"Dhamapur in Malvan taluka is a serene village set beside its historic 16th-century lake, home to the old Bhagwati temple and rich birdlife.",मालवण तालुक्यातील धामापूर हे आपल्या ऐतिहासिक सोळाव्या शतकातील तलावाकाठी वसलेले शांत गाव असून जुने भगवती मंदिर व समृद्ध पक्षीजीवन येथे आहे.,"Heritage lake village, Bhagwati temple",True,False,,,16.034080,73.593204,416606,"{""type"": ""village"", ""coord"": ""verified""}",,,
Masure,मासुरे,Malvan,village,,,"A large village of many shrines, including the Sateri grama-devata",सातेरी ग्रामदेवतेसह अनेक देवस्थाने असलेले मोठे गाव,"Masure in Malvan taluka is a large village with several temples, including its Sateri grama-devata, and is the parent village of the famous Anganewadi hamlet.",मालवण तालुक्यातील मासुरे हे सातेरी ग्रामदेवतेसह अनेक मंदिरे असलेले मोठे गाव असून प्रसिद्ध आंगणेवाडी वाडीचे मूळ गाव आहे.,"Multi-temple village, Sateri grama-devata",True,False,,,16.13000,73.51000,416606,"{""type"": ""village"", ""coord"": ""approx""}",,,
Kavilgaon,कविलगाव,Kudal,village,,,A quiet rural village known for its old Sai Baba temple,जुन्या साई बाबा मंदिरासाठी ओळखले जाणारे शांत ग्रामीण गाव,"Kavilgaon in Kudal taluka is a peaceful village best known for one of the region's older Sai Baba temples, busy with devotees on Thursdays.",कुडाळ तालुक्यातील कविलगाव हे या भागातील जुन्या साई बाबा मंदिरांपैकी एकासाठी ओळखले जाणारे शांत गाव असून गुरुवारी येथे भाविकांची गर्दी असते.,Sai Baba temple village,True,False,,,16.06000,73.68000,416520,"{""type"": ""village"", ""coord"": ""approx""}",,,
Khanoli,खानोली,Kudal,village,,,A village of the guardian deity Ravalnath near Kudal,कुडाळजवळील रक्षक-देव रवळनाथाचे गाव,"Khanoli in Kudal taluka is a rural village known for its Ravalnath temple, the guardian deity worshipped as a kuladevata across the Konkan.",कुडाळ तालुक्यातील खानोली हे संपूर्ण कोकणात कुलदेवता म्हणून पूजल्या जाणाऱ्या रक्षक-देव रवळनाथाच्या मंदिरासाठी ओळखले जाणारे ग्रामीण गाव आहे.,Ravalnath temple village,True,False,,,16.01000,73.68000,416520,"{""type"": ""village"", ""coord"": ""approx""}",,,
Nerur,नेरूर,Kudal,village,,,An old village of the jagrut Kaleshwar and Brahmanath Shiva temples,जागृत कालेश्वर व ब्रह्मनाथ शिवमंदिरांचे जुने गाव,"Nerur, about 7 km from Kudal, is an ancient village famed for its jagrut Kaleshwar Shiva temple and the adjoining Brahmanath shrine.",कुडाळपासून सुमारे ७ किमी अंतरावरील नेरूर हे आपल्या जागृत कालेश्वर शिवमंदिर व शेजारील ब्रह्मनाथ देवस्थानासाठी प्रसिद्ध असलेले प्राचीन गाव आहे.,Ancient temple village,True,False,,,16.00306,73.63694,416520,"{""type"": ""village"", ""coord"": ""verified""}",,,
Pinguli,पिंगुळी,Kudal,village,,,The living folk-art village of Thakar puppetry and Chitrakathi painting,ठाकर कठपुतळी व चित्रकथी चित्रकलेचे जिवंत लोककला गाव,"Pinguli in Kudal taluka is celebrated as a centre of the Thakar community's puppet (kalsutri) theatre and Chitrakathi folk painting, with its own Maoli grama-devata temple.",कुडाळ तालुक्यातील पिंगुळी हे ठाकर समाजाच्या कळसूत्री बाहुली नाट्य व चित्रकथी लोकचित्रकलेचे केंद्र म्हणून प्रसिद्ध असून येथे माउली ग्रामदेवतेचे मंदिरही आहे.,"Folk-art village, Maoli temple",True,False,,,16.02000,73.66000,416520,"{""type"": ""village"", ""coord"": ""approx""}",,,
Walaval,वालावल,Kudal,village,,,A backwater heritage village of the teakwood Lakshminarayan temple,सागवानी लक्ष्मीनारायण मंदिराचे खाडीकाठचे वारसा गाव,Walaval in Kudal taluka is a tranquil backwater village famous for its 14th-century teakwood Lakshminarayan temple in Hemadpanthi style.,कुडाळ तालुक्यातील वालावल हे हेमाडपंथी शैलीतील चौदाव्या शतकातील सागवानी लक्ष्मीनारायण मंदिरासाठी प्रसिद्ध असलेले शांत खाडीकाठचे गाव आहे.,"Heritage temple village, backwaters",True,False,,,16.04000,73.62000,416520,"{""type"": ""village"", ""coord"": ""approx""}",,,
Charathe,चारठे,Sawantwadi,village,,,A village near Sawantwadi revered for its Upralkar deity,उपरळकर दैवतासाठी पूजनीय असलेले सावंतवाडीजवळील गाव,"Charathe, near Sawantwadi, is a rural village known for the much-revered Upralkar village deity and its annual fair.",सावंतवाडीजवळील चारठे हे अत्यंत पूजनीय उपरळकर ग्रामदैवत व वार्षिक जत्रेसाठी ओळखले जाणारे ग्रामीण गाव आहे.,"Village-deity shrine, annual fair",True,False,,,15.93000,73.65000,416510,"{""type"": ""village"", ""coord"": ""approx""}",,,
Aravali,आरवली,Vengurla,village,,,"The village of the jagrut Vetoba, guardian deity of the Vengurla coast","वेंगुर्ला किनाऱ्याचा रक्षक, जागृत वेतोबाचे गाव","Aravali in Vengurla taluka is best known for the Shri Dev Vetoba temple, whose guardian deity is among the most revered jagrut gods of the Konkan.",वेंगुर्ला तालुक्यातील आरवली हे श्री देव वेतोबा मंदिरासाठी प्रसिद्ध आहे; या मंदिराचा रक्षक-देव कोकणातील सर्वाधिक पूजल्या जाणाऱ्या जागृत देवांपैकी एक आहे.,Vetoba temple village,True,False,,,15.96670,73.65000,416518,"{""type"": ""village"", ""coord"": ""approx""}",,,
Redi,रेडी,Vengurla,village,,,"A border village of an old port, iron mines and the swayambhu Ganesh","जुने बंदर, लोहखाणी व स्वयंभू गणेशाचे सीमावर्ती गाव","Redi, the southernmost village of Vengurla taluka on the Goa border, is known for its old port and iron mines, fine beaches, and the swayambhu Ganesh and Navadurga temples.","गोव्याच्या सीमेवरील वेंगुर्ला तालुक्याचे सर्वात दक्षिणेकडील गाव रेडी हे जुने बंदर व लोहखाणी, सुंदर किनारे आणि स्वयंभू गणेश व नवदुर्गा मंदिरांसाठी ओळखले जाते.","Port & mining village, Ganesh & Navadurga temples",True,False,,,15.74020,73.67690,416517,"{""type"": ""village"", ""coord"": ""verified""}",,,
Shiroda,शिरोडा,Vengurla,village,,,A historic coastal village of the 1930 Salt Satyagraha and the Mauli temple,१९३० च्या मीठ सत्याग्रहाचे व माउली मंदिराचे ऐतिहासिक किनारी गाव,"Shiroda in Vengurla taluka is remembered for the 1930 Salt Satyagraha and is known for its long beach, salt pans and the local Mauli mother-goddess temple.","वेंगुर्ला तालुक्यातील शिरोडा हे १९३० च्या मीठ सत्याग्रहासाठी स्मरणात असून लांब किनारा, मिठागरे व स्थानिक माउली मातृदेवतेच्या मंदिरासाठी ओळखले जाते.","Salt Satyagraha village, beach, Mauli temple",True,False,,,15.96670,73.63330,416520,"{""type"": ""village"", ""coord"": ""approx""}",,,
Bhirvande,भिरवंडे,Kankavli,village,,,A green hillside village of the Rameshwar Shiva temple,रामेश्वर शिवमंदिराचे हिरवेगार डोंगरकाठचे गाव,"Bhirvande, about 14 km from Kankavli, is a quiet village amid wooded hills and paddy, known for its Rameshwar Shiva temple.",कणकवलीपासून सुमारे १४ किमी अंतरावरील भिरवंडे हे वनराई व भातशेतीच्या मध्ये वसलेले शांत गाव असून रामेश्वर शिवमंदिरासाठी ओळखले जाते.,Hillside temple village,True,False,,,16.30000,73.62000,416602,"{""type"": ""village"", ""coord"": ""approx""}",,,
Kharepatan,खारेपाटण,Kankavli,village,,,A historic trading town on the Vaghotan river with the Kalbhairav temple,वाघोटन नदीकाठचे काळभैरव मंदिर असलेले ऐतिहासिक व्यापारी गाव,"Kharepatan in Kankavli taluka is an old port and market town on the Vaghotan river, known for its long trading history and the Kalbhairav guardian temple.",कणकवली तालुक्यातील खारेपाटण हे वाघोटन नदीकाठचे जुने बंदर व बाजारगाव असून प्रदीर्घ व्यापारी इतिहास व काळभैरव रक्षक-मंदिरासाठी ओळखले जाते.,"Historic trading town, Kalbhairav temple",True,False,,,16.42000,73.55000,416802,"{""type"": ""village"", ""coord"": ""approx""}",,,
Manche,मांचे,Vaibhavwadi,village,,,A scenic Sahyadri hill village of the ancient Vyaghreshwar temple,प्राचीन व्याघ्रेश्वर मंदिराचे निसर्गरम्य सह्याद्री डोंगरगाव,"Manche in Vaibhavwadi taluka is a scenic hill village near the Sahyadri ghats, known for its ancient Vyaghreshwar Shiva temple.",वैभववाडी तालुक्यातील मांचे हे सह्याद्री घाटांजवळचे निसर्गरम्य डोंगरगाव असून प्राचीन व्याघ्रेश्वर शिवमंदिरासाठी ओळखले जाते.,Hill temple village,True,False,,,16.55470,73.81000,416810,"{""type"": ""village"", ""coord"": ""approx""}",,,
Fukeri,फुकेरी,Dodamarg,village,,,A forest village of the Tilari valley with the Mauli mother-goddess temple,तिलारी खोऱ्यातील माउली मातृदेवता मंदिर असलेले वनगाव,"Fukeri in Dodamarg taluka is a green forest village near the Tilari valley, home to the local Mauli mother-goddess temple.",दोडामार्ग तालुक्यातील फुकेरी हे तिलारी खोऱ्याजवळचे हिरवेगार वनगाव असून येथे स्थानिक माउली मातृदेवतेचे मंदिर आहे.,"Forest village, Mauli temple",True,False,,,15.78000,74.00000,416512,"{""type"": ""village"", ""coord"": ""approx""}",,,
Vijaydurg,विजयदुर्ग,Devgad,village,,,Historic naval-port village of the mighty Vijaydurg sea fort,बलाढ्य विजयदुर्ग जलदुर्गाचे ऐतिहासिक नौदल-बंदर गाव,"Vijaydurg is a historic harbour village at the tip of a Devgad-taluka peninsula, wrapped around the great Vijaydurg sea fort that was the chief naval base of the Maratha admiral Kanhoji Angre.",विजयदुर्ग हे देवगड तालुक्यातील एका भूशिराच्या टोकावर वसलेले ऐतिहासिक बंदर गाव असून मराठा सरखेल कान्होजी आंग्रे यांचा प्रमुख नौदल तळ असलेल्या भव्य विजयदुर्ग जलदुर्गाभोवती ते वसले आहे.,"Historic harbour village, naval fort",True,False,,,16.56000,73.33500,416806,"{""type"": ""village"", ""coord"": ""verified""}",,,
Nivti,निवती,Vengurla,village,,,"A coastal village of golden beaches, sea rocks and a clifftop watch-fort","सोनेरी किनारे, समुद्री खडक व कड्यावरील टेहळणी किल्ल्याचे किनारी गाव","Nivti in Vengurla taluka is a scenic coastal village near the Nivti rocks and Bhogwe beach, watched over by a small clifftop sea fort.",वेंगुर्ला तालुक्यातील निवती हे निवती खडक व भोगवे किनाऱ्याजवळचे निसर्गरम्य किनारी गाव असून कड्यावरील एका छोट्या जलदुर्गाच्या निगराणीखाली आहे.,"Coastal village, beaches, sea fort",True,False,,,15.93900,73.51200,416516,"{""type"": ""village"", ""coord"": ""verified""}",,,
Shivapur,शिवापूर,Kudal,village,,,An eastern hill village at the base of the twin Manohar-Mansantoshgad forts,जुळ्या मनोहर-मनसंतोषगड किल्ल्यांच्या पायथ्याचे पूर्वेकडील डोंगरगाव,"Shivapur in Kudal taluka is a quiet hill village in the eastern Sahyadri, serving as the base for the twin forts of Manohargad and Mansantoshgad.",कुडाळ तालुक्यातील शिवापूर हे पूर्व सह्याद्रीतील शांत डोंगरगाव असून मनोहरगड व मनसंतोषगड या जुळ्या किल्ल्यांचा पायथा आहे.,"Hill base village, twin forts",True,False,,,16.05000,73.96800,416520,"{""type"": ""village"", ""coord"": ""approx""}",,,
Palye,पाळये,Dodamarg,village,,,A forest border village on the trek route to hill-fort Pargad,पारगड किल्ल्याच्या वाटेवरील वनसीमावर्ती गाव,"Palye in Dodamarg taluka is a remote forest village near the Goa-Karnataka border, a starting point for the climb to the frontier hill-fort of Pargad.",दोडामार्ग तालुक्यातील पाळये हे गोवा-कर्नाटक सीमेजवळचे दुर्गम वनगाव असून सीमावर्ती पारगड किल्ल्याकडे जाण्याचा एक प्रारंभबिंदू आहे.,"Forest border village, fort base",True,False,,,15.76000,74.13000,416512,"{""type"": ""village"", ""coord"": ""approx""}",,,
Banda,बांदा,Sawantwadi,village,,,A historic market town of the Sawantwadi Bhonsales with its old kot,सावंतवाडी भोसल्यांचे जुने कोट असलेले ऐतिहासिक बाजारगाव,"Banda in Sawantwadi taluka is a busy old market town on the Terekhol river, long associated with the Sawantwadi Bhonsale rulers and their fort (kot).",सावंतवाडी तालुक्यातील बांदा हे तेरेखोल नदीकाठचे गजबजलेले जुने बाजारगाव असून सावंतवाडीच्या भोसले राज्यकर्त्यांशी व त्यांच्या कोटाशी फार पूर्वीपासून जोडलेले आहे.,"Historic market town, old kot",True,False,,,15.83330,73.78330,416511,"{""type"": ""village"", ""coord"": ""approx""}",,,
Ramgad,रामगड,Malvan,village,,,"A northern Malvan hill village guarding the Gad river, crowned by Ramgad fort","गड नदीचे रक्षण करणारे, रामगड किल्ल्याने मुकुटमंडित उत्तर मालवणातील डोंगरगाव","Ramgad is a hill village in northern Malvan taluka, about 13 km from Malvan and 12 km from Kankavli, set above the Gad river and watched over by the Shivaji-era Ramgad fort.","रामगड हे उत्तर मालवण तालुक्यातील डोंगरगाव असून मालवणपासून सुमारे १३ किमी व कणकवलीपासून १२ किमी अंतरावर, गड नदीच्या वर वसलेले आहे आणि शिवकालीन रामगड किल्ल्याच्या निगराणीखाली आहे.","Hill village, Gad river, Ramgad fort",True,False,,,16.26000,73.58000,416616,"{""type"": ""village"", ""coord"": ""approx""}",,,
Pendur,पेंडूर,Malvan,village,,,"A Malvan village between Dhamapur lake and the Gad river, below Vetalgad","धामापूर तलाव व गड नदीच्या मध्ये, वेताळगडाच्या पायथ्याचे मालवणातील गाव","Pendur is a quiet village in Malvan taluka, set between the historic Dhamapur lake and the Gad river, with the small hill fort of Vetalgad rising above it.",पेंडूर हे मालवण तालुक्यातील शांत गाव असून ऐतिहासिक धामापूर तलाव व गड नदीच्या मध्ये वसलेले आहे; त्याच्या वर वेताळगड हा छोटा डोंगरी किल्ला उभा आहे.,"Village between lake and river, hill fort",True,False,,,16.06583,73.59861,416606,"{""type"": ""village"", ""coord"": ""approx""}",,,
Nardave,नरडवे,Kankavli,village,,,A remote eastern-ghat village of Kankavli below the rugged Bhairavgad,दुर्गम भैरवगडाच्या पायथ्याचे कणकवलीतील पूर्व-घाटातील आडवळणी गाव,"Nardave is a remote village in the eastern hills of Kankavli taluka, known as the base for the rugged and little-visited Bhairavgad fort.",नरडवे हे कणकवली तालुक्याच्या पूर्वेकडील डोंगरांतील दुर्गम गाव असून ओबडधोबड व क्वचित भेट दिल्या जाणाऱ्या भैरवगड किल्ल्याचा पायथा म्हणून ओळखले जाते.,"Remote ghat village, fort base",True,False,,,16.20360,73.88470,416602,"{""type"": ""village"", ""coord"": ""verified""}",,,
Amboli,आंबोली,Sawantwadi,village,,,"The misty Sahyadri hill station of waterfalls, forests and ghat forts","धबधबे, जंगले व घाटकिल्ल्यांचे धुक्याने भरलेले सह्याद्री थंड हवेचे ठिकाण","Amboli, in Sawantwadi taluka, is a popular Sahyadri hill station famous for its monsoon waterfalls, dense biodiversity-rich forests and the Amboli ghat, with the old Mahadevgad point-fort on its western edge.","सावंतवाडी तालुक्यातील आंबोली हे लोकप्रिय सह्याद्री थंड हवेचे ठिकाण असून पावसाळी धबधबे, जैवविविधतेने समृद्ध घनदाट जंगले व आंबोली घाटासाठी प्रसिद्ध आहे; त्याच्या पश्चिम कडेला जुना महादेवगड हा कडा-किल्ला आहे.","Hill station, waterfalls, forests, ghat fort",True,False,,,15.96250,73.99780,416510,"{""type"": ""village"", ""coord"": ""verified""}",,,
Gele,गेळे,Sawantwadi,village,,,"A ghat-edge village near Amboli, base of the Narayangad fort","आंबोलीजवळचे घाटकाठचे गाव, नारायणगड किल्ल्याचा पायथा","Gele is a small village in Sawantwadi taluka about 7 km from Amboli, the base for Narayangad fort which once guarded the Parpoli ghat route.",गेळे हे सावंतवाडी तालुक्यातील आंबोलीपासून सुमारे ७ किमी अंतरावरील छोटे गाव असून परपोली घाटवाटेचे रक्षण करणाऱ्या नारायणगड किल्ल्याचा पायथा आहे.,"Ghat village, fort base",True,False,,,15.93000,74.02000,416510,"{""type"": ""village"", ""coord"": ""approx""}",,,
Kotkamte,कोटकामते,Devgad,village,,,An inland Devgad village of the Angre-built Kotkamte fort,आंग्रेकालीन कोटकामते किल्ल्याचे देवगडातील अंतर्गत गाव,"Kotkamte is an inland village in Devgad taluka, about 30 km from Devgad, known for the Kotkamte fort built by the Maratha admiral Kanhoji Angre.",कोटकामते हे देवगड तालुक्यातील अंतर्गत भागातील गाव असून देवगडपासून सुमारे ३० किमी अंतरावर आहे; मराठा सरखेल कान्होजी आंग्रे यांनी बांधलेल्या कोटकामते किल्ल्यासाठी ओळखले जाते.,"Inland village, Angre-era fort",True,False,,,16.50000,73.50000,416613,"{""type"": ""village"", ""coord"": ""approx""}",,,
Konal,कोनाळ,Dodamarg,village,,,A forest village by the Tillari dam backwaters on the Goa border,गोवा सीमेवरील तिलारी धरणाच्या जलाशयाकाठचे वनगाव,"Konal is a green forest village in Dodamarg taluka beside the backwaters of the Tillari dam, near the Maharashtra-Goa border and the Tillari wildlife country.",कोनाळ हे दोडामार्ग तालुक्यातील तिलारी धरणाच्या जलाशयाकाठचे हिरवेगार वनगाव असून महाराष्ट्र-गोवा सीमेजवळ व तिलारीच्या वन्यजीव प्रदेशात वसलेले आहे.,"Dam-backwater village, forest, Goa border",True,False,,,15.76000,74.08000,416512,"{""type"": ""village"", ""coord"": ""approx""}",,,
Talamba,तळंबा,Kudal,village,,,"An eastern Kudal village on the Karli river, site of the Talamba dam",कर्ली नदीवरील पूर्व कुडाळातील तळंबा धरणाचे गाव,"Talamba is a village in the eastern hills of Kudal taluka on the Karli river, known for the large Talamba earthfill dam and its scenic reservoir.",तळंबा हे कुडाळ तालुक्याच्या पूर्व डोंगरांतील कर्ली नदीवरील गाव असून मोठे तळंबा मातीचे धरण व त्याच्या निसर्गरम्य जलाशयासाठी ओळखले जाते.,"Dam village, Karli river, reservoir",True,False,,,16.04122,73.89016,416520,"{""type"": ""village"", ""coord"": ""verified""}",,,
Bhom,भोम,Vaibhavwadi,village,,,A Sahyadri village of the Aruna river and its irrigation reservoir,अरुणा नदी व तिच्या जलसिंचन जलाशयाचे सह्याद्रीतील गाव,"Bhom is a village in Vaibhavwadi taluka in the Sahyadri foothills, one of the settlements around the Aruna river irrigation dam.",भोम हे वैभववाडी तालुक्यातील सह्याद्रीच्या पायथ्यातील गाव असून अरुणा नदीवरील जलसिंचन धरणाभोवतीच्या वस्त्यांपैकी एक आहे.,"Sahyadri village, Aruna dam",True,False,,,16.59715,73.79337,416813,"{""type"": ""village"", ""coord"": ""verified""}",,,
Phondaghat,फोंडाघाट,Kankavli,village,,,A spectacular Western Ghats mountain pass of waterfalls and dam backwaters,धबधबे व धरण-जलाशयांचा नयनरम्य सह्याद्री घाट,"Phondaghat, in the east of Kankavli taluka, is a celebrated Sahyadri mountain pass (about 2,000 ft) connecting Sindhudurg with Kolhapur. Part of the Radhanagari Wildlife Sanctuary belt, it is famous for its monsoon waterfalls, panoramic ghat viewpoints and the forest-ringed backwaters of the Kurli (Deogad) and Dhamni dams near Ghonsari.","कणकवली तालुक्याच्या पूर्व भागातील फोंडाघाट हा सिंधुदुर्गला कोल्हापूरशी जोडणारा प्रसिद्ध सह्याद्री घाट (सुमारे २,००० फूट उंच) आहे. राधानगरी वन्यजीव अभयारण्याच्या पट्ट्यातील हा घाट पावसाळी धबधबे, विहंगम घाट-निरीक्षणस्थळे आणि घोणसरीजवळील कुर्ली (देवगड) व धामणी धरणांच्या जंगलवेढ्या जलाशयांसाठी प्रसिद्ध आहे.","Ghat pass, monsoon waterfalls, dam backwaters, Radhanagari belt",True,False,,,16.37420,73.74520,416601,"{""type"": ""village"", ""coord"": ""approx""}",,,
Savdav,सावडाव,Kankavli,village,,,A forest village near Kankavli known for the Savdav waterfall,सावडाव धबधब्यासाठी ओळखले जाणारे कणकवलीजवळचे वनगाव,"Savdav is a village about 10 km from Kankavli town, set amid dense forest and known for the popular Savdav waterfall that comes alive in the monsoon.",सावडाव हे कणकवली शहरापासून सुमारे १० किमी अंतरावरील गाव असून घनदाट जंगलात वसलेले व पावसाळ्यात बहरणाऱ्या लोकप्रिय सावडाव धबधब्यासाठी ओळखले जाते.,"Forest village, monsoon waterfall",True,False,,,16.23000,73.64000,416602,"{""type"": ""village"", ""coord"": ""approx""}",,,
Sherpe,शेर्पे,Vaibhavwadi,village,,,A Sahyadri village of the year-round Napne waterfall,वर्षभर वाहणाऱ्या नापणे धबधब्याचे सह्याद्रीतील गाव,"Sherpe is a village in Vaibhavwadi taluka in the Sahyadri hills, home to the tall Napne (Sherpe-Napne) waterfall which flows almost throughout the year.",शेर्पे हे वैभववाडी तालुक्यातील सह्याद्री डोंगरांतील गाव असून जवळजवळ वर्षभर वाहणाऱ्या उंच नापणे (शेर्पे-नापणे) धबधब्याचे ठिकाण आहे.,"Hill village, perennial waterfall",True,False,,,16.53060,73.69970,416810,"{""type"": ""village"", ""coord"": ""approx""}",,,
Mangeli,मांगेली,Dodamarg,village,,,A far-eastern Dodamarg border village of three forest waterfalls,तीन वनधबधब्यांचे दूरच्या पूर्व दोडामार्गातील सीमावर्ती गाव,"Mangeli is a remote village at the eastern end of Dodamarg taluka on the Karnataka border, close to Goa, known for its cluster of three forest waterfalls that draw monsoon visitors from three states.","मांगेली हे दोडामार्ग तालुक्याच्या पूर्व टोकावरील कर्नाटक सीमेवरचे, गोव्याजवळचे दुर्गम गाव असून तीन वनधबधब्यांच्या समूहासाठी ओळखले जाते; पावसाळ्यात तीन राज्यांतील पर्यटक येथे येतात.","Border village, triple waterfalls",True,False,,,15.39687,73.80641,416512,"{""type"": ""village"", ""coord"": ""approx""}",,,
Chinchghar,चिंचघर,Kudal,village,,,A quiet Kudal village with a hidden monsoon waterfall,लपलेल्या पावसाळी धबधब्याचे कुडाळातील शांत गाव,"Chinchghar is a village about 10 km from Kudal town, known for a lesser-visited forest waterfall that flows in the monsoon.",चिंचघर हे कुडाळ शहरापासून सुमारे १० किमी अंतरावरील गाव असून पावसाळ्यात वाहणाऱ्या कमी भेट दिल्या जाणाऱ्या वनधबधब्यासाठी ओळखले जाते.,"Village, hidden waterfall",True,False,,,16.05000,73.75000,416520,"{""type"": ""village"", ""coord"": ""approx""}",,,
Mithbav,मिठबाव,Devgad,village,,,A Devgad coastal village of a long sandy beach and turtle shores,लांब वाळूचा किनारा व कासव-किनाऱ्यांचे देवगडातील किनारी गाव,"Mithbav is a coastal village in Devgad taluka, about 25 km from Devgad, known for its long open beach and as a nesting shore for sea turtles.",मिठबाव हे देवगड तालुक्यातील किनारी गाव असून देवगडपासून सुमारे २५ किमी अंतरावर आहे; लांब मोकळा किनारा व समुद्री कासवांच्या विणीचा किनारा म्हणून ओळखले जाते.,"Coastal village, long beach, turtles",True,False,,,16.18000,73.40000,416630,"{""type"": ""village"", ""coord"": ""approx""}",,,
Tambaldeg,तांबळडेग,Devgad,village,,,A quiet Devgad beach village below the Gajabadevi hill temple,गजबादेवी डोंगरमंदिराखालील देवगडातील शांत किनारी गाव,"Tambaldeg is a peaceful coastal village in Devgad taluka, with a clean quiet beach overlooked by the Gajabadevi temple on a small hill and known for turtle conservation.",तांबळडेग हे देवगड तालुक्यातील शांत किनारी गाव असून लहान टेकडीवरील गजबादेवी मंदिराच्या निगराणीखालील स्वच्छ निवांत किनारा व कासव संवर्धनासाठी ओळखले जाते.,"Quiet beach village, turtle conservation",True,False,,,16.16000,73.39000,416615,"{""type"": ""village"", ""coord"": ""approx""}",,,
Tarkarli,तारकर्ली,Malvan,village,,,Sindhudurg's flagship white-sand beach and scuba-diving village,सिंधुदुर्गचा अग्रगण्य शुभ्र वाळूचा किनारा व स्कूबा डायव्हिंगचे गाव,"Tarkarli, near Malvan, is the district's most famous beach destination, celebrated for its clear waters, white sand, scuba diving and snorkelling, the Karli backwaters and houseboats.","मालवणजवळील तारकर्ली हे जिल्ह्यातील सर्वात प्रसिद्ध समुद्रकिनारा ठिकाण असून स्वच्छ पाणी, शुभ्र वाळू, स्कूबा डायव्हिंग व स्नॉर्कलिंग, कर्ली खाडी व हाऊसबोटींसाठी प्रसिद्ध आहे.","Famous beach, scuba diving, backwaters",True,False,,,16.05654,73.46875,416606,"{""type"": ""village"", ""coord"": ""verified""}",,,
Devbag,देवबाग,Malvan,village,,,A beach village at the Karli-sea Sangam with watersports and dolphins,कर्ली-समुद्र संगमावरील जलक्रीडा व डॉल्फिनचे किनारी गाव,"Devbag, about 12 km from Malvan, is a beach village famous for its Sangam where the Karli river meets the Arabian Sea, the nearby Tsunami Island, dolphin trips and watersports.","मालवणपासून सुमारे १२ किमी अंतरावरील देवबाग हे किनारी गाव कर्ली नदी अरबी समुद्राला मिळणाऱ्या संगमासाठी, जवळच्या त्सुनामी बेटासाठी, डॉल्फिन सफारी व जलक्रीडेसाठी प्रसिद्ध आहे.","Sangam, Tsunami island, watersports",True,False,,,16.02000,73.46500,416606,"{""type"": ""village"", ""coord"": ""approx""}",,,
Kolamb,कोलंब,Malvan,village,,,A creek-side beach village near Malvan known for dolphins,डॉल्फिनसाठी ओळखले जाणारे मालवणजवळचे खाडीकाठचे किनारी गाव,"Kolamb, about 6 km from Malvan, is a quiet creek-side beach village, popular for its calm waters, backwater boating and dolphin sightings.","मालवणपासून सुमारे ६ किमी अंतरावरील कोलंब हे शांत खाडीकाठचे किनारी गाव असून संथ पाणी, खाडीतील नौकाविहार व डॉल्फिन दर्शनासाठी लोकप्रिय आहे.","Creek beach village, dolphins, boating",True,False,,,16.03000,73.47500,416606,"{""type"": ""village"", ""coord"": ""approx""}",,,
Tondavali,तोंडवली,Malvan,village,,,A serene coconut-fringed beach village north of Malvan,मालवणच्या उत्तरेकडील नारळवेढ्या शांत किनारी गाव,"Tondavali is a tranquil beach village north of Malvan, known for its quiet coconut-lined shore and unspoilt scenery.",तोंडवली हे मालवणच्या उत्तरेकडील शांत किनारी गाव असून नारळझाडांनी वेढलेला निवांत किनारा व अस्पर्शित निसर्गासाठी ओळखले जाते.,Quiet coconut-fringed beach,True,False,,,16.19000,73.45500,416614,"{""type"": ""village"", ""coord"": ""approx""}",,,
Wayangani,वायंगणी,Malvan,village,,,A golden-sand beach village on the Malvan coast,मालवण किनाऱ्यावरील सोनेरी वाळूचे किनारी गाव,"Wayangani is a coastal village on the Malvan shore, known for its broad golden-sand beach lined with casuarina and a calm, uncrowded atmosphere.","वायंगणी हे मालवण किनाऱ्यावरील किनारी गाव असून सुरूच्या झाडांनी वेढलेला रुंद सोनेरी वाळूचा किनारा व शांत, गर्दीविरहित वातावरणासाठी ओळखले जाते.","Golden-sand beach, casuarina",True,False,,,16.10000,73.46000,416606,"{""type"": ""village"", ""coord"": ""approx""}",,,
Mochemad,मोचेमाड,Vengurla,village,,,A secluded casuarina beach village south of Vengurla,वेंगुर्ल्याच्या दक्षिणेकडील एकांत सुरूवेढा किनारी गाव,"Mochemad is a quiet coastal village about 8 km south of Vengurla, with a secluded beach backed by casuarina and cashew groves.",मोचेमाड हे वेंगुर्ल्याच्या दक्षिणेस सुमारे ८ किमी अंतरावरील शांत किनारी गाव असून सुरू व काजूच्या बागांनी वेढलेला एकांत किनारा येथे आहे.,Secluded casuarina beach,True,False,,,15.80107,73.65103,416518,"{""type"": ""village"", ""coord"": ""verified""}",,,
Bhogwe,भोगवे,Vengurla,village,,,A white-sand beach village at the Karli sangam near Nivti,निवतीजवळ कर्ली संगमावरील शुभ्र वाळूचे किनारी गाव,"Bhogwe, near Nivti in Vengurla taluka, is a scenic beach village of white sand at the mouth of the Karli river, opposite Devbag across the sangam.",वेंगुर्ला तालुक्यातील निवतीजवळचे भोगवे हे कर्ली नदीच्या मुखावरील शुभ्र वाळूचे निसर्गरम्य किनारी गाव असून संगमापलीकडे देवबागसमोर आहे.,"White-sand beach, Karli sangam",True,False,,,15.99000,73.47500,416523,"{""type"": ""village"", ""coord"": ""approx""}",,,
Shree Dev Kunkeshwar Mandir,श्री देव कुणकेश्वर मंदिर,Kunkeshwar,temple,,,The Kashi of South Konkan — a 12th-century seaside Shiva shrine,दक्षिण कोकणची काशी — समुद्रकाठचे बाराव्या शतकातील शिवमंदिर,"Set on the sands where the Arabian Sea meets the Konkan shore, Kunkeshwar is one of the oldest and most revered Shiva temples in the region. Believed to have been raised by the Yadava rulers around the 12th century and later cared for by Chhatrapati Shivaji Maharaj, its white South-Indian-style spire rises dramatically beside the beach. The grandest gathering is on Mahashivratri, when thousands walk the coast for darshan.",अरबी समुद्र आणि कोकण किनारा जिथे एकत्र येतात त्या वाळूवर वसलेले कुणकेश्वर हे या भागातील सर्वात प्राचीन व पवित्र शिवमंदिरांपैकी एक आहे. बाराव्या शतकात यादव राजांनी हे मंदिर उभारले व पुढे छत्रपती शिवाजी महाराजांनी त्याची काळजी घेतली असे मानले जाते. समुद्रकिनाऱ्यालगत उभा असलेला त्याचा शुभ्र दक्षिणी शैलीतील कळस विलोभनीय दिसतो. महाशिवरात्रीला हजारो भाविक दर्शनासाठी येथे येतात.,"Seaside Shiva temple, grand Mahashivratri yatra, South-Indian architecture",True,False,,,16.33431,73.39280,416613,"{""deity"": ""Shiva"", ""built"": ""c.12th century (Yadava era)"", ""festival"": ""Mahashivratri"", ""coord"": ""verified""}",,,
Shri Aday Durgay Temple,श्री आडय दुर्गाय मंदिर,Rameshwar Wadi,temple,,,An ancient forest shrine of the twin goddesses,जुळ्या देवींचे प्राचीन वनमंदिर,"Tucked in a quiet grove near Rameshwar village in Devgad taluka, this little-known shrine honours the twin goddesses Aday and Durgay, worshipped as the family deity (kuladevata) of the Pujare community. The simple, atmospheric temple is reached by a short walk off the highway and is said to predate the 15th century.",देवगड तालुक्यातील रामेश्वर गावाजवळील शांत राईत वसलेले हे अल्पपरिचित मंदिर आडय व दुर्गाय या जुळ्या देवींना समर्पित आहे; पुजारे समाजाच्या या कुलदेवता आहेत. महामार्गापासून थोडे चालत गेल्यावर पोहोचता येणारे हे साधे पण भारलेले मंदिर पंधराव्या शतकाहूनही जुने मानले जाते.,Twin-goddess kuladevata shrine in a forest setting,True,False,,,16.40000,73.41000,416613,"{""deity"": ""Aday & Durgay (Devi)"", ""built"": ""pre-15th century"", ""coord"": ""approx""}",,,
Shri Dev Rameshwar Temple,श्री देव रामेश्वर मंदिर,Malvan,temple,,,Malvan's 16th-century Shiva temple and presiding town deity,मालवणचे सोळाव्या शतकातील शिवमंदिर व ग्रामदैवत,"Shri Dev Rameshwar is the presiding deity of Malvan town, a Shiva temple dating to the 16th century. Set within a calm walled courtyard, it is the focus of the town's biggest festivals and of traditional Dashavatar folk-theatre performances.",श्री देव रामेश्वर हे मालवण शहराचे ग्रामदैवत असून सोळाव्या शतकातील हे शिवमंदिर आहे. शांत आवारात वसलेले हे मंदिर शहरातील मोठ्या उत्सवांचे व पारंपरिक दशावतार लोकनाट्याचे केंद्र आहे.,"Town deity of Malvan, Dashavatar performances",True,False,,,16.05940,73.47070,416606,"{""deity"": ""Shiva"", ""built"": ""16th century"", ""coord"": ""approx""}",,,
"Aai Bharadi Devi Temple, Anganewadi","आई भराडी देवी मंदिर, आंगणेवाडी",Anganewadi,temple,,,"The most-visited goddess shrine of Sindhudurg, famed for its February Jatra",सिंधुदुर्गातील सर्वाधिक भेट दिले जाणारे देवीस्थान — प्रसिद्ध फेब्रुवारीची जत्रा,"In the hamlet of Anganewadi near Masure, the temple of Aai Bharadi Devi draws lakhs of devotees from across Maharashtra, especially for its celebrated annual Jatra (usually in February), the date of which is fixed by a traditional ritual hunt. The goddess is revered as a fulfiller of wishes.","मासुरेजवळील आंगणेवाडी या छोट्याशा वाडीतील आई भराडी देवीच्या मंदिरात महाराष्ट्रभरातून लाखो भाविक येतात, विशेषतः दरवर्षीच्या प्रसिद्ध जत्रेसाठी (साधारण फेब्रुवारीत), जिची तारीख पारंपरिक शिकार विधीने ठरवली जाते. ही देवी नवसाला पावणारी मानली जाते.","Massive annual February Jatra, wish-fulfilling goddess",True,False,,,16.142918,73.520207,416606,"{""deity"": ""Bharadi Devi"", ""festival"": ""Anganewadi Jatra (Feb)"", ""coord"": ""verified""}",,,
"Shri Bhagwati Temple, Dhamapur","श्री भगवती मंदिर, धामापूर",Dhamapur,temple,,,A 16th-century goddess temple on the shore of historic Dhamapur Lake,ऐतिहासिक धामापूर तलावाकाठचे सोळाव्या शतकातील देवी मंदिर,"Standing beside the centuries-old Dhamapur Lake, this temple of Goddess Bhagwati is among the oldest in Sindhudurg, traditionally dated to around 1530 CE. The serene water, ancient trees and wooden temple architecture make it a favourite stop on the Kudal-Malvan road.","शतकानुशतके जुन्या धामापूर तलावाकाठी उभे असलेले हे भगवती देवीचे मंदिर सिंधुदुर्गातील सर्वात जुन्या मंदिरांपैकी एक असून साधारण इ.स. १५३० च्या सुमारास बांधले गेल्याचे मानले जाते. शांत जलाशय, प्राचीन वृक्ष आणि लाकडी मंदिरस्थापत्यामुळे कुडाळ-मालवण मार्गावरील हे आवडते ठिकाण आहे.","Lakeside heritage temple, c.1530 CE",True,False,,,16.034080,73.593204,416606,"{""deity"": ""Bhagwati (Devi)"", ""built"": ""c.1530 CE"", ""coord"": ""verified""}",,,
"Shivrajeshwar Temple, Sindhudurg Fort","शिवराजेश्वर मंदिर, सिंधुदुर्ग किल्ला",Malvan,temple,,,The world's only temple where Chhatrapati Shivaji Maharaj is worshipped as deity,छत्रपती शिवाजी महाराजांची देव म्हणून पूजा होणारे जगातील एकमेव मंदिर,"Inside the island sea fort of Sindhudurg, built by Chhatrapati Shivaji Maharaj, stands the Shivrajeshwar temple raised by his son Rajaram. It enshrines a rare black-stone idol of Shivaji Maharaj himself — seated and without a beard — believed to be the only temple in the world that worships him as a deity.","छत्रपती शिवाजी महाराजांनी बांधलेल्या सिंधुदुर्ग जलदुर्गामध्ये त्यांचे पुत्र राजाराम यांनी उभारलेले शिवराजेश्वर मंदिर आहे. येथे शिवाजी महाराजांची दुर्मिळ काळ्या पाषाणातील — दाढीविरहित, बैठ्या स्थितीतील — मूर्ती आहे; महाराजांची देव म्हणून पूजा होणारे हे जगातील एकमेव मंदिर मानले जाते.",Only temple worshipping Shivaji Maharaj as deity; inside the sea fort,True,False,,,16.04180,73.46070,416606,"{""deity"": ""Chhatrapati Shivaji Maharaj"", ""built"": ""late 17th century"", ""coord"": ""approx""}",,,
"Shri Dev Vetoba Temple, Aravali","श्री देव वेताळ (वेतोबा) मंदिर, आरवली",Aravali,temple,,,A jagrut guardian-god shrine with a towering nine-foot panchadhatu idol,नऊ फूट उंच पंचधातू मूर्ती असलेले जागृत रक्षक-देवाचे स्थान,"At Aravali in Vengurla taluka, Shri Dev Vetoba — a guardian deity revered as the village protector — is among the most famous 'jagrut' (wish-granting) gods of the Konkan. The towering nine-foot idol, cast in panchadhatu (five metals), faces north holding a sword. Devotees famously offer a pair of leather chappals, believed to wear out as Vetoba walks the village at night. The temple is dated to around 1660 CE.",वेंगुर्ला तालुक्यातील आरवली येथील श्री देव वेतोबा — गावाचा रक्षक मानला जाणारा हा देव — कोकणातील सर्वात प्रसिद्ध 'जागृत' (नवसाला पावणाऱ्या) देवांपैकी एक आहे. पंचधातूची नऊ फूट उंच मूर्ती उत्तराभिमुख असून हातात तलवार आहे. भाविक चामड्याच्या जोडीच्या वहाणा अर्पण करतात — वेतोबा रात्री गावात फिरतो व त्या झिजतात अशी श्रद्धा आहे. हे मंदिर साधारण इ.स. १६६० चे मानले जाते.,"9-ft panchadhatu idol, chappal-offering tradition, jagrut deity",True,False,,,15.96670,73.65000,416518,"{""deity"": ""Vetoba (Vetal)"", ""built"": ""c.1660 CE"", ""coord"": ""approx""}",,,
"Shri Ganapati Temple, Redi","श्री गणपती मंदिर, रेडी",Redi,temple,,,"A swayambhu Ganesha unearthed near the sea, by Redi's old port",रेडीच्या जुन्या बंदराजवळ समुद्रकाठी प्रकटलेला स्वयंभू गणेश,"The Ganesha of Redi is a swayambhu (self-manifested) idol, uncovered during mining work and now enshrined in a temple near the Arabian Sea. Locally celebrated as 'Dwipadeshwar Ganesh', it has become one of Vengurla taluka's most visited shrines, set close to Redi's beaches and historic port.",रेडीचा गणपती ही स्वयंभू मूर्ती असून खाणकामादरम्यान सापडली व आता अरबी समुद्राजवळील मंदिरात स्थापित आहे. स्थानिक भाविक तिला 'द्विपदेश्वर गणेश' म्हणतात आणि रेडीच्या किनाऱ्यांलगत व जुन्या बंदराजवळ असलेले हे वेंगुर्ला तालुक्यातील सर्वाधिक भेट दिले जाणारे स्थान बनले आहे.,Self-manifested (swayambhu) Ganesh near the sea,True,False,,,15.737754,73.679951,416517,"{""deity"": ""Ganesha (swayambhu)"", ""coord"": ""verified""}",,,
"Shri Devi Sateri Temple, Vengurla","श्री देवी सातेरी मंदिर, वेंगुर्ला",Vengurla,temple,,,The grama-devata (village goddess) of the Vengurla coast,वेंगुर्ला किनाऱ्याची ग्रामदेवता,"Sateri Devi, worshipped in the aniconic form of an anthill (varul), is the grama-devata of countless Konkan villages. The Sateri temple at Vengurla is a focal point of local faith, and its annual fair brings the surrounding villages together in celebration.",वारुळाच्या रूपात पूजली जाणारी सातेरी देवी ही असंख्य कोकणी गावांची ग्रामदेवता आहे. वेंगुर्ल्यातील सातेरी मंदिर हे स्थानिक श्रद्धेचे केंद्र असून तिची वार्षिक जत्रा आसपासच्या गावांना एकत्र आणते.,"Anthill-form village goddess, annual fair",True,False,,,15.85900,73.63200,416516,"{""deity"": ""Sateri (Devi)"", ""coord"": ""approx""}",,,
"Shri Dev Lakshminarayan Temple, Walaval","श्री देव लक्ष्मीनारायण मंदिर, वालावल",Walaval,temple,,,A 14th-century teakwood Vishnu temple in Hemadpanthi style,हेमाडपंथी शैलीतील चौदाव्या शतकातील सागवानी लाकडाचे विष्णू मंदिर,"At Walaval, about 15 km from Kudal, the Lakshminarayan temple is a rare survivor built almost entirely of teakwood in the Hemadpanthi tradition, traced to the 14th century and the Prabhu-Desai brothers. Finely carved and set beside a tranquil backwater, it is one of Sindhudurg's most distinctive heritage shrines.",कुडाळपासून सुमारे १५ किमी अंतरावरील वालावल येथील लक्ष्मीनारायण मंदिर हे हेमाडपंथी परंपरेत जवळजवळ संपूर्ण सागवानी लाकडात बांधलेले दुर्मिळ मंदिर असून चौदाव्या शतकातील व प्रभु-देसाई बंधूंशी जोडलेले आहे. सुबक कोरीवकाम आणि शांत खाडीकाठचे स्थान यामुळे ते सिंधुदुर्गातील सर्वात वैशिष्ट्यपूर्ण वारसा मंदिरांपैकी एक आहे.,"All-teakwood Hemadpanthi architecture, 14th century",True,False,,,16.04000,73.62000,416520,"{""deity"": ""Lakshmi-Narayan (Vishnu)"", ""built"": ""14th century"", ""coord"": ""approx""}",,,
"Shri Sai Baba Mandir, Kavilgaon","श्री साई बाबा मंदिर, कविलगाव",Kavilgaon,temple,,,An old and revered Sai Baba shrine of the Konkan countryside,कोकणातील ग्रामीण भागातील जुने व पूजनीय साई बाबा मंदिर,"The Sai Baba temple at Kavilgaon in Kudal taluka is among the older Sai shrines of the region, drawing devotees especially on Thursdays for darshan and mahaprasad in a peaceful rural setting.",कुडाळ तालुक्यातील कविलगाव येथील साई बाबा मंदिर हे या भागातील जुन्या साई मंदिरांपैकी एक असून शांत ग्रामीण परिसरात विशेषतः गुरुवारी दर्शन व महाप्रसादासाठी भाविक येथे येतात.,"Old regional Sai Baba shrine, Thursday mahaprasad",True,False,,,16.06000,73.68000,416520,"{""deity"": ""Sai Baba"", ""coord"": ""approx""}",,,
"Shri Kudaleshwar Temple, Kudal","श्री कुडाळेश्वर मंदिर, कुडाळ",Kudal,temple,,,The Shiva temple at the heart of Kudal town,कुडाळ शहराच्या मध्यवर्ती भागातील शिवमंदिर,"Kudaleshwar, a Shiva temple in the Lakshmiwadi area of Kudal, is a long-standing centre of daily worship for the town and remains open through the day for devotees.",कुडाळच्या लक्ष्मीवाडी भागातील कुडाळेश्वर हे शिवमंदिर शहराच्या नित्य उपासनेचे जुने केंद्र असून भाविकांसाठी दिवसभर खुले असते.,Town Shiva temple,True,False,,,16.00640,73.68560,416520,"{""deity"": ""Shiva"", ""coord"": ""approx""}",,,
"Shri Bhalchandra Maharaj Math, Kankavli","श्री भालचंद्र महाराज मठ, कणकवली",Kankavli,temple,,,The samadhi math of a beloved 20th-century saint,विसाव्या शतकातील प्रिय संताचे समाधी मंदिर,"In the heart of Kankavli stands the math of Shri Bhalchandra Maharaj, a revered saint who lived here for over six decades. Today his samadhi shrine, with the adjoining Ravalnath and Datta temples, draws pilgrims from across Maharashtra, and a bhakta-nivas serves visiting devotees.","कणकवलीच्या मध्यभागी श्री भालचंद्र महाराजांचा मठ आहे; हे पूजनीय संत येथे सहा दशकांहून अधिक काळ राहिले. आज त्यांचे समाधी मंदिर, शेजारील रवळनाथ व दत्त मंदिरांसह, महाराष्ट्रभरातून भाविकांना आकर्षित करते आणि येणाऱ्या भक्तांसाठी भक्तनिवासही आहे.","Saint's samadhi math, pilgrim accommodation",True,False,,,16.26944,73.70833,416602,"{""deity"": ""Bhalchandra Maharaj (saint) / Ravalnath"", ""coord"": ""verified""}",,,
"Shri Dev Rameshwar Temple, Bhirvande","श्री देव रामेश्वर मंदिर, भिरवंडे",Bhirvande,temple,,,A hillside Shiva temple amid Kankavli's greenery,कणकवलीच्या हिरवळीतील डोंगरकाठचे शिवमंदिर,"About 14 km from Kankavli at Bhirvande, this Rameshwar temple dedicated to Lord Shiva sits amid wooded hills and paddy fields — a quiet pilgrimage spot known for its natural setting and local fairs.",कणकवलीपासून सुमारे १४ किमी अंतरावरील भिरवंडे येथील भगवान शिवाला समर्पित हे रामेश्वर मंदिर वनराई व भातशेतीच्या मध्ये वसलेले आहे — निसर्गरम्य परिसर व स्थानिक जत्रांसाठी ओळखले जाणारे शांत तीर्थस्थान.,"Rural Shiva temple, scenic setting",True,False,,,16.30000,73.62000,416602,"{""deity"": ""Shiva"", ""coord"": ""approx""}",,,
"Shree Vitthal Rakhumai Mandir, Sawantwadi","श्री विठ्ठल रखुमाई मंदिर, सावंतवाडी",Sawantwadi,temple,,,The town temple by Sawantwadi's royal Moti Talav lake,सावंतवाडीच्या राजेशाही मोती तलावाकाठचे शहरमंदिर,"Close to the royal Moti Talav lake in Sawantwadi, the Vitthal-Rakhumai temple is a much-loved town shrine, its tall kalash visible across the town. The premises hold several smaller shrines and come alive on Ashadhi and Kartiki Ekadashi.",सावंतवाडीतील राजेशाही मोती तलावाजवळील विठ्ठल-रखुमाई मंदिर हे शहराचे आवडते देवस्थान असून त्याचा उंच कळस संपूर्ण शहरातून दिसतो. आवारात अनेक लहान मंदिरे असून आषाढी व कार्तिकी एकादशीला येथे भक्तीचा उत्साह असतो.,"Lakeside town temple, Ekadashi celebrations",True,False,,,15.90360,73.68140,416510,"{""deity"": ""Vitthal-Rakhumai"", ""coord"": ""approx""}",,,
"Narendra Dongar Hanuman Temple, Sawantwadi","नरेंद्र डोंगर हनुमान मंदिर, सावंतवाडी",Sawantwadi,temple,,,A hilltop Hanuman shrine with sweeping views over Sawantwadi,सावंतवाडीवर विहंगम दृश्य देणारे नरेंद्र डोंगरावरील हनुमान मंदिर,"On Narendra Hill above Sawantwadi, reached by a short walk past the hilltop garden, a Hanuman temple offers wide views of the town and surrounding forest — a popular spot for both pilgrims and visitors.","सावंतवाडीवरील नरेंद्र डोंगरावर, डोंगरमाथ्यावरील बागेपलीकडे थोडे चालत गेल्यावर असलेले हे हनुमान मंदिर शहराचे व आसपासच्या जंगलाचे विस्तृत दृश्य देते — भाविक व पर्यटक दोघांचेही आवडते ठिकाण.","Hilltop Hanuman temple, panoramic views",True,False,,,15.91500,73.67500,416510,"{""deity"": ""Hanuman (Maruti)"", ""coord"": ""approx""}",,,
"Shri Vyaghreshwar Temple, Manche","श्री व्याघ्रेश्वर मंदिर, मांचे",Manche,temple,,,An ancient Shiva temple in a Sahyadri mountain setting,सह्याद्रीच्या डोंगरकुशीतील प्राचीन शिवमंदिर,"At Manche in Vaibhavwadi taluka, the old Vyaghreshwar temple — its name linking Shiva to the tiger (vyaghra) — sits in a scenic hill landscape near the Sahyadri ghats, a peaceful shrine well away from the crowds.",वैभववाडी तालुक्यातील मांचे येथील जुने व्याघ्रेश्वर मंदिर — ज्याचे नाव शिवाला वाघाशी (व्याघ्र) जोडते — सह्याद्री घाटांजवळील निसर्गरम्य डोंगराळ परिसरात वसलेले गर्दीपासून दूरचे शांत देवस्थान आहे.,Ancient hill Shiva temple,True,False,,,16.55470,73.81000,416810,"{""deity"": ""Shiva (Vyaghreshwar)"", ""coord"": ""approx""}",,,
"Shri Nagnath Temple, Dodamarg","श्री नागनाथ मंदिर, दोडामार्ग",Dodamarg,temple,,,A revered Shiva (Nagnath) shrine in the forested far east,घनदाट पूर्वेकडील भागातील पूजनीय शिव (नागनाथ) मंदिर,"In Dodamarg, the easternmost taluka of Sindhudurg bordering Goa and Karnataka, the Nagnath temple is a long-revered Shiva shrine set amid the dense Tilari forest country, drawing devotees from the surrounding villages.",गोवा व कर्नाटकच्या सीमेला लागून असलेल्या सिंधुदुर्गातील सर्वात पूर्वेकडील दोडामार्ग तालुक्यातील नागनाथ मंदिर हे घनदाट तिलारी जंगलप्रदेशात वसलेले फार पूर्वीपासून पूजले जाणारे शिवस्थान असून आसपासच्या गावांतील भाविक येथे येतात.,Forest Shiva (Nagnath) temple,True,False,,,15.75530,74.00890,416512,"{""deity"": ""Shiva (Nagnath)"", ""coord"": ""approx""}",,,
"Shri Dev Vimaleshwar Temple, Wada","श्री देव विमलेश्वर मंदिर, वाडा",Wada,temple,,,A rock-cut cave Shiva temple amid coconut and betel groves,नारळ-सुपारीच्या बागांमध्ये कातळात कोरलेले गुहा शिवमंदिर,"At Wada village, about 10 km from Devgad, the Vimaleshwar temple is a striking shrine carved into laterite rock, with Shiva worshipped as a shivling. Surrounded by coconut and betel-nut plantations, this cave temple is admired as a fine example of old Konkan rock sculpture.",देवगडपासून सुमारे १० किमी अंतरावरील वाडा गावात असलेले विमलेश्वर मंदिर जांभ्या कातळात कोरलेले एक देखणे शिवस्थान असून येथे शिवलिंगाच्या रूपात शिवाची पूजा होते. नारळ व सुपारीच्या बागांनी वेढलेले हे गुहा मंदिर जुन्या कोकणी कातळशिल्पाचा उत्तम नमुना मानले जाते.,Rock-cut laterite cave Shiva temple,True,False,,,16.31000,73.41500,416613,"{""deity"": ""Shiva (Vimaleshwar)"", ""type"": ""rock-cut cave temple"", ""coord"": ""approx""}",,,
"Shri Dev Rameshwar Temple, Rameshwar Wadi","श्री देव रामेश्वर मंदिर, रामेश्वर वाडी",Rameshwar Wadi,temple,,,A 16th-century Shiva temple in the village of Rameshwar Wadi,रामेश्वर वाडी गावातील सोळाव्या शतकातील शिवमंदिर,"In Rameshwar Wadi village of Devgad taluka, this historic Rameshwar temple dedicated to Lord Shiva dates to the 16th century and is the spiritual heart of the surrounding hamlets, lively during its annual fair and Dashavatar performances.",देवगड तालुक्यातील रामेश्वर वाडी गावातील भगवान शिवाला समर्पित हे ऐतिहासिक रामेश्वर मंदिर सोळाव्या शतकातील असून आसपासच्या वाड्यांचे श्रद्धास्थान आहे; वार्षिक जत्रा व दशावतार सादरीकरणाच्या वेळी येथे चैतन्य असते.,"Historic village Shiva temple, Dashavatar",True,False,,,16.40500,73.41500,416613,"{""deity"": ""Shiva"", ""built"": ""16th century"", ""coord"": ""approx""}",,,
"Shri Jay Ganesh Mandir, Malvan","श्री जय गणेश मंदिर, मालवण",Malvan,temple,,,A serene modern Ganesh temple built by the Kalnirnay founder,कालनिर्णयकर्त्यांनी उभारलेले शांत आधुनिक गणेश मंदिर,"In the Medha locality of Malvan, the Jay Ganesh Mandir was built by the noted astrologer and almanac (Kalnirnay) author Jayantrao Salgaonkar. Calm and well-kept, it has become a favourite stop for visitors to Malvan town.",मालवणच्या मेढा भागातील जय गणेश मंदिर प्रसिद्ध पंचांगकर्ते व 'कालनिर्णय'कार जयंतराव साळगावकर यांनी उभारले. शांत व सुव्यवस्थित असलेले हे मंदिर मालवण शहरात येणाऱ्या पर्यटकांचे आवडते ठिकाण बनले आहे.,"Modern Ganesh temple, peaceful surroundings",True,False,,,16.06000,73.46500,416606,"{""deity"": ""Ganesha"", ""coord"": ""approx""}",,,
"Shri Bhadrakali Temple, Malvan","श्री भद्रकाली मंदिर, मालवण",Malvan,temple,,,The fierce protective goddess revered as a town deity of Malvan,मालवणची रक्षणकर्ती ग्रामदेवता मानली जाणारी उग्र देवी,"The Bhadrakali temple of Malvan honours the powerful goddess Bhadrakali, long revered as a guardian deity of the town. It draws steady local devotion and special crowds during Navaratri.",मालवणचे भद्रकाली मंदिर शक्तिशाली देवी भद्रकालीला समर्पित असून ती फार पूर्वीपासून शहराची रक्षणकर्ती देवता मानली जाते. येथे नित्य स्थानिक भक्ती असते आणि नवरात्रात विशेष गर्दी होते.,"Guardian goddess temple, Navaratri celebrations",True,False,,,16.05940,73.47070,416606,"{""deity"": ""Bhadrakali (Devi)"", ""festival"": ""Navaratri"", ""coord"": ""approx""}",,,
"Shri Dev Rameshwar Temple, Achra","श्री देव रामेश्वर मंदिर, आचरा",Achra,temple,,,A 16th-century Shiva temple near Achra beach with a rock-cut approach,आचरा किनाऱ्याजवळचे कातळातून मार्ग असलेले सोळाव्या शतकातील शिवमंदिर,"Near the village and beach of Achra, north of Malvan, the Rameshwar temple is a 16th-century Shiva shrine famed for its long approach cut deep through solid rock. It is the principal deity of Achra and the focus of a grand annual rathotsav (chariot festival).",मालवणच्या उत्तरेकडील आचरा गाव व किनाऱ्याजवळ असलेले रामेश्वर मंदिर हे सोळाव्या शतकातील शिवस्थान असून कातळातून खोलवर कोरलेल्या लांब प्रवेशमार्गासाठी प्रसिद्ध आहे. हे आचऱ्याचे मुख्य दैवत असून भव्य वार्षिक रथोत्सवाचे केंद्र आहे.,"16th-century Shiva temple, rock-cut approach, rathotsav",True,False,,,16.19000,73.45000,416630,"{""deity"": ""Shiva"", ""built"": ""16th century"", ""festival"": ""Rathotsav"", ""coord"": ""approx""}",,,
"Shri Sateri Devi Temple, Masure","श्री सातेरी देवी मंदिर, मासुरे",Masure,temple,,,The village goddess of Masure in a tranquil tree-shaded setting,मासुरेची शांत वृक्षछायेतील ग्रामदेवता,"In the large village of Masure, the Sateri Devi temple is the grama-devata shrine, the goddess worshipped in the traditional anthill form beside a small sacred well. Its calm, tree-shaded surroundings make it a peaceful stop near Anganewadi.",मासुरे या मोठ्या गावातील सातेरी देवी मंदिर ही ग्रामदेवता असून देवी पारंपरिक वारुळाच्या रूपात एका लहान पवित्र विहिरीकाठी पूजली जाते. वृक्षछायेतील शांत परिसरामुळे आंगणेवाडीजवळचे हे एक निवांत ठिकाण आहे.,"Village goddess shrine, sacred well, tree-shaded",True,False,,,16.13000,73.51000,416606,"{""deity"": ""Sateri (Devi)"", ""coord"": ""approx""}",,,
"Shri Devi Navadurga Temple, Redi","श्री देवी नवदुर्गा मंदिर, रेडी",Redi,temple,,,"The presiding goddess of Redi, near the swayambhu Ganesh",स्वयंभू गणेशाजवळील रेडीची ग्रामदेवता,"At Kanyale-Redi, the Navadurga temple enshrines the village goddess of Redi and is one of the area's older shrines, set close to the famous swayambhu Ganesh temple and Redi's beaches.",कन्याळे-रेडी येथील नवदुर्गा मंदिरात रेडीची ग्रामदेवता आहे; प्रसिद्ध स्वयंभू गणेश मंदिर व रेडीच्या किनाऱ्यांजवळ वसलेले हे या भागातील जुन्या देवस्थानांपैकी एक आहे.,"Village goddess of Redi, near Ganesh temple",True,False,,,15.74020,73.67690,416517,"{""deity"": ""Navadurga (Devi)"", ""coord"": ""approx""}",,,
"Shri Sagareshwar Temple, Vengurla","श्री सागरेश्वर मंदिर, वेंगुर्ला",Vengurla,temple,,,A Shiva temple set right on the sands of Sagareshwar beach,सागरेश्वर किनाऱ्याच्या वाळूवरच वसलेले शिवमंदिर,"Built almost on the beach itself, the Sagareshwar temple near Vengurla is a Shiva shrine where the sound of the surf accompanies worship. The neighbouring Sagareshwar and Ubhadanda beaches make it a much-loved seaside spot.",जवळजवळ किनाऱ्यावरच बांधलेले वेंगुर्ल्याजवळील सागरेश्वर मंदिर हे शिवस्थान असून येथे पूजेसोबत लाटांचा नादही असतो. शेजारील सागरेश्वर व उभादांडा किनाऱ्यांमुळे हे एक आवडते समुद्रकाठचे ठिकाण आहे.,Beachfront Shiva temple,True,False,,,15.87000,73.62500,416516,"{""deity"": ""Shiva (Sagareshwar)"", ""coord"": ""approx""}",,,
"Shri Mauli Temple, Shiroda","श्री माउली मंदिर, शिरोडा",Shiroda,temple,,,The beloved Mauli (mother goddess) of historic Shiroda,ऐतिहासिक शिरोड्याची प्रिय माउली देवी,"In Shiroda, a coastal village remembered for the 1930 Salt Satyagraha, the Mauli temple honours the local mother goddess and is a centre of village faith, with offerings of small wooden replicas to fulfil vows.",१९३० च्या मीठ सत्याग्रहासाठी स्मरणात असलेल्या शिरोडा या किनारी गावातील माउली मंदिर स्थानिक मातृदेवतेला समर्पित असून गावाच्या श्रद्धेचे केंद्र आहे; नवस फेडण्यासाठी येथे लाकडी प्रतिकृती अर्पण केल्या जातात.,"Mother-goddess temple, vow offerings",True,False,,,15.96670,73.63330,416520,"{""deity"": ""Mauli (Devi)"", ""coord"": ""approx""}",,,
"Shri Dev Kaleshwar Temple, Nerur","श्री देव कालेश्वर मंदिर, नेरूर",Nerur,temple,,,An ancient and jagrut Shiva temple paired with Brahmanath,ब्रह्मनाथासह असलेले प्राचीन व जागृत शिवमंदिर,"About 7 km from Kudal in the village of Nerur, the Kaleshwar temple is one of the region's most ancient and revered 'jagrut' Shiva shrines. By tradition, devotees take darshan of the adjoining Brahmanath temple after Kaleshwar, the two being worshipped together.",कुडाळपासून सुमारे ७ किमी अंतरावरील नेरूर गावातील कालेश्वर मंदिर हे या भागातील सर्वात प्राचीन व पूजनीय 'जागृत' शिवस्थानांपैकी एक आहे. परंपरेनुसार भाविक कालेश्वराच्या दर्शनानंतर शेजारील ब्रह्मनाथाचे दर्शन घेतात; या दोन्हींची एकत्र पूजा होते.,"Ancient jagrut Shiva temple, Brahmanath darshan",True,False,,,16.00306,73.63694,416520,"{""deity"": ""Shiva (Kaleshwar) / Brahmanath"", ""coord"": ""verified""}",,,
"Shri Ravalnath Temple, Khanoli","श्री रवळनाथ मंदिर, खानोली",Khanoli,temple,,,"A shrine of Ravalnath, the popular Konkan guardian deity",कोकणातील लोकप्रिय रक्षक-देव रवळनाथाचे स्थान,"At Khanoli near Kudal, this Ravalnath temple honours one of the most widely worshipped guardian deities of the Konkan and Goa, revered as a family deity (kuladevata) by many local communities.",कुडाळजवळील खानोली येथील हे रवळनाथ मंदिर कोकण व गोव्यातील सर्वाधिक पूजल्या जाणाऱ्या रक्षक-देवांपैकी एकाला समर्पित आहे; अनेक स्थानिक कुटुंबांची ही कुलदेवता आहे.,Guardian-deity (Ravalnath) temple,True,False,,,16.01000,73.68000,416520,"{""deity"": ""Ravalnath"", ""coord"": ""approx""}",,,
"Shri Maoli Temple, Pinguli","श्री माउली मंदिर, पिंगुळी",Pinguli,temple,,,"The village goddess of Pinguli, home of Konkan's puppet and Chitrakathi art",कठपुतळी व चित्रकथी कलेचे गाव पिंगुळीची ग्रामदेवता,"In Pinguli, the village renowned for the Thakar community's puppet (kalsutri) and Chitrakathi folk art, the Maoli temple is the local grama-devata shrine and a quiet complement to the village's living art traditions.",ठाकर समाजाच्या कळसूत्री बाहुल्या व चित्रकथी लोककलेसाठी प्रसिद्ध असलेल्या पिंगुळी गावातील माउली मंदिर ही स्थानिक ग्रामदेवता असून गावाच्या जिवंत कलापरंपरेला शांत जोड देणारे स्थान आहे.,Village goddess shrine in folk-art village,True,False,,,16.02000,73.66000,416520,"{""deity"": ""Maoli (Devi)"", ""coord"": ""approx""}",,,
"Shri Kalbhairav Temple, Kharepatan","श्री काळभैरव मंदिर, खारेपाटण",Kharepatan,temple,,,A guardian Bhairav shrine in the old trading town of Kharepatan,जुन्या व्यापारी गाव खारेपाटणातील रक्षक भैरवाचे स्थान,"In Kharepatan, a historic trading town on the Vaghotan river, the Kalbhairav temple honours the fierce guardian form of Shiva. The town's long history as a port and market lends the shrine added antiquity.",वाघोटन नदीकाठच्या ऐतिहासिक व्यापारी गाव खारेपाटणातील काळभैरव मंदिर शिवाच्या उग्र रक्षक रूपाला समर्पित आहे. बंदर व बाजारपेठ म्हणून गावाच्या प्रदीर्घ इतिहासामुळे या स्थानाला अधिक प्राचीनता लाभली आहे.,"Guardian Bhairav temple, historic town",True,False,,,16.42000,73.55000,416802,"{""deity"": ""Kalbhairav (Shiva)"", ""coord"": ""approx""}",,,
"Shri Dev Datta Mandir, Kankavli","श्री देव दत्त मंदिर, कणकवली",Kankavli,temple,,,A peaceful Dattatreya temple in the heart of Kankavli,कणकवलीच्या मध्यभागातील शांत दत्त मंदिर,"Close to the Bhalchandra Maharaj math in Kankavli, the Datta temple dedicated to Lord Dattatreya is a calm centre of worship, busiest on Thursdays and at Datta Jayanti.",कणकवलीतील भालचंद्र महाराज मठाजवळ असलेले भगवान दत्तात्रेयांना समर्पित दत्त मंदिर हे शांत उपासनेचे केंद्र असून गुरुवारी व दत्तजयंतीला येथे सर्वाधिक गर्दी असते.,"Dattatreya temple, Datta Jayanti",True,False,,,16.26944,73.70833,416602,"{""deity"": ""Dattatreya"", ""festival"": ""Datta Jayanti"", ""coord"": ""approx""}",,,
"Shri Dev Upralkar Temple, Charathe","श्री देव उपरळकर मंदिर, चारठे",Charathe,temple,,,A revered village deity shrine at Charathe near Sawantwadi,सावंतवाडीजवळील चारठे येथील पूजनीय ग्रामदैवत,"At Charathe near Sawantwadi, the Upralkar temple is the shrine of a much-revered local village deity, drawing devotees from the surrounding villages especially during its annual fair.",सावंतवाडीजवळील चारठे येथील उपरळकर मंदिर हे अत्यंत पूजनीय स्थानिक ग्रामदैवताचे स्थान असून वार्षिक जत्रेच्या वेळी आसपासच्या गावांतील भाविक येथे मोठ्या संख्येने येतात.,"Local village-deity shrine, annual fair",True,False,,,15.93000,73.65000,416510,"{""deity"": ""Gramadevata (Upralkar)"", ""coord"": ""approx""}",,,
"Shri Devi Mauli Temple, Fukeri","श्री देवी माउली मंदिर, फुकेरी",Fukeri,temple,,,The forest mother-goddess of Fukeri in eastern Dodamarg,पूर्व दोडामार्गातील फुकेरीची वनमातृदेवता,"In the forest village of Fukeri in Dodamarg taluka, the Mauli temple honours the local mother goddess and serves as the grama-devata of the surrounding hamlets near the Tilari valley.",दोडामार्ग तालुक्यातील फुकेरी या वनगावातील माउली मंदिर स्थानिक मातृदेवतेला समर्पित असून तिलारी खोऱ्याजवळील आसपासच्या वाड्यांची ही ग्रामदेवता आहे.,Forest mother-goddess shrine,True,False,,,15.78000,74.00000,416512,"{""deity"": ""Mauli (Devi)"", ""coord"": ""approx""}",,,
Vijaydurg Fort,विजयदुर्ग किल्ला,Vijaydurg,fort,,,The 'Eastern Gibraltar' — an impregnable Maratha naval sea fort,'पूर्वेकडील जिब्राल्टर' — अभेद्य मराठा नौदल जलदुर्ग,"Vijaydurg, the 'Victory Fort', is one of the strongest sea forts on the Konkan coast. First raised by the Shilahara dynasty around the 12th century and greatly expanded by Chhatrapati Shivaji Maharaj, it became the principal naval base of admiral Kanhoji Angre, famed for its triple walls, hidden underwater wall and dockyards.","'विजयाचा किल्ला' असलेला विजयदुर्ग हा कोकण किनाऱ्यावरील सर्वात बळकट जलदुर्गांपैकी एक आहे. साधारण बाराव्या शतकात शिलाहार घराण्याने उभारलेला व छत्रपती शिवाजी महाराजांनी मोठ्या प्रमाणात विस्तारलेला हा किल्ला सरखेल कान्होजी आंग्रे यांचा प्रमुख नौदल तळ बनला; तिहेरी तटबंदी, पाण्याखालील गुप्त भिंत व गोद्यांसाठी तो प्रसिद्ध आहे.","Impregnable sea fort, triple walls, hidden sea wall, naval base",True,False,,,16.56070,73.33340,416806,"{""type"": ""sea fort"", ""built"": ""12th c (Shilahara), expanded 17th c by Shivaji"", ""builder"": ""Shilahara / Marathas"", ""coord"": ""verified""}",,,
Devgad Fort,देवगड किल्ला,Devgad,fort,,,"A clifftop sea fort over Devgad bay, with a colonial lighthouse","देवगड खाडीवरील कड्यावरचा जलदुर्ग, वसाहतकालीन दीपगृहासह","Devgad Fort stands on a headland above Devgad harbour, a Maratha-era sea fort built around the early 18th century to guard the bay. A still-working lighthouse and sweeping Arabian Sea views make it a favourite spot near Devgad town.",देवगड किल्ला देवगड बंदराच्या वरील एका भूशिरावर उभा आहे; खाडीच्या रक्षणासाठी अठराव्या शतकाच्या प्रारंभी बांधलेला हा मराठाकालीन जलदुर्ग आहे. अजूनही कार्यरत असलेले दीपगृह व अरबी समुद्राचे विस्तृत दृश्य यामुळे देवगड शहराजवळचे हे एक आवडते ठिकाण आहे.,"Clifftop sea fort, working lighthouse, sea views",True,False,,,16.38714,73.37225,416613,"{""type"": ""sea fort"", ""built"": ""early 18th century"", ""builder"": ""Marathas (Angre)"", ""coord"": ""verified""}",,,
Sindhudurg Fort,सिंधुदुर्ग किल्ला,Malvan,fort,,,"Shivaji's island sea fort, the namesake of the whole district","शिवाजी महाराजांचा बेटावरील जलदुर्ग, संपूर्ण जिल्ह्याचे नावसूत्र","Built on the rocky islet of Kurte off Malvan between 1664 and 1667 by Chhatrapati Shivaji Maharaj, Sindhudurg is among India's most famous sea forts. Its curving 3-km ramparts, freshwater wells inside the sea, the unique Shivrajeshwar temple and Shivaji's hand- and foot-prints in lime draw visitors year round.","मालवणजवळील कुर्ते या खडकाळ बेटावर छत्रपती शिवाजी महाराजांनी १६६४ ते १६६७ दरम्यान बांधलेला सिंधुदुर्ग हा भारतातील सर्वात प्रसिद्ध जलदुर्गांपैकी एक आहे. वळणदार ३ किमी तटबंदी, समुद्रातच असलेल्या गोड्या पाण्याच्या विहिरी, वैशिष्ट्यपूर्ण शिवराजेश्वर मंदिर आणि चुन्यातील शिवाजी महाराजांचे हस्त-पदचिन्ह वर्षभर पर्यटकांना आकर्षित करतात.","Island sea fort, 3-km ramparts, Shivaji's handprints",True,False,,,16.04377,73.46142,416606,"{""type"": ""sea fort"", ""built"": ""1664-1667"", ""builder"": ""Chhatrapati Shivaji Maharaj"", ""coord"": ""verified""}",,,
Padmagad Fort,पद्मगड किल्ला,Malvan,fort,,,A small island fort that served Sindhudurg's ship repairs,सिंधुदुर्गाच्या जहाजदुरुस्तीसाठी असलेला छोटा बेट-किल्ला,"Padmagad is a small island fort near Malvan, built as part of Shivaji's Sindhudurg defences and used as a base for repairing the Maratha navy's ships. Largely in ruins today, it is reachable at low tide.",पद्मगड हा मालवणजवळील एक छोटा बेट-किल्ला असून शिवाजी महाराजांच्या सिंधुदुर्ग संरक्षणव्यवस्थेचा भाग म्हणून बांधला गेला व मराठा आरमाराच्या जहाजांच्या दुरुस्तीसाठी वापरला जात असे. आज बहुतांश भग्न असलेल्या या किल्ल्यावर ओहोटीच्या वेळी पोहोचता येते.,"Island fort, naval ship-repair base",True,False,,,16.05300,73.46400,416606,"{""type"": ""island fort"", ""built"": ""17th century"", ""builder"": ""Chhatrapati Shivaji Maharaj"", ""coord"": ""approx""}",,,
Rajkot Fort,राजकोट किल्ला,Malvan,fort,,,A shoreline watch-fort guarding the approach to Sindhudurg,सिंधुदुर्गाकडील मार्गावर पहारा देणारा किनारी टेहळणी किल्ला,"Rajkot is a small coastal watch-fort at the edge of Malvan town, built to guard the sea approach to Sindhudurg fort. Its bastions offer fine views of the fort and the sunset over the Arabian Sea.",राजकोट हा मालवण शहराच्या टोकावरील एक छोटा किनारी टेहळणी किल्ला असून सिंधुदुर्ग किल्ल्याकडील सागरी मार्गाच्या रक्षणासाठी बांधला गेला. त्याच्या बुरुजांवरून किल्ल्याचे व अरबी समुद्रावरील सूर्यास्ताचे सुरेख दृश्य दिसते.,"Coastal watch-fort, sunset & fort views",True,False,,,16.06060,73.46360,416606,"{""type"": ""watch-fort"", ""built"": ""17th century"", ""builder"": ""Marathas"", ""coord"": ""approx""}",,,
Sarjekot Fort,सर्जेकोट किल्ला,Malvan,fort,,,A small creek-mouth fort completing Malvan's coastal defences,मालवणच्या किनारी संरक्षणाला पूर्णत्व देणारा खाडीमुखावरील छोटा किल्ला,"Sarjekot is a small fort at the mouth of the Kalavali creek near Malvan, built in Shivaji's time to complete the chain of coastal defences around Sindhudurg.",सर्जेकोट हा मालवणजवळील कलावली खाडीच्या मुखावरील एक छोटा किल्ला असून सिंधुदुर्गाभोवतीच्या किनारी संरक्षणसाखळीला पूर्णत्व देण्यासाठी शिवकाळात बांधला गेला.,Creek-mouth coastal fort,True,False,,,16.07500,73.47200,416606,"{""type"": ""coastal fort"", ""built"": ""17th century"", ""builder"": ""Chhatrapati Shivaji Maharaj"", ""coord"": ""approx""}",,,
Bharatgad,भरतगड,Masure,fort,,,An 18th-century hill fort above the Karli river at Masure,मासुरे येथे कर्ली नदीवरील अठराव्या शतकातील डोंगरी किल्ला,"Bharatgad, near Masure about 18 km from Malvan, is a compact hill fort built around 1701 by the Sawantwadi rulers on a hill above the Karli river, paired with Bhagwantgad across the water to guard the estuary.",मालवणपासून सुमारे १८ किमी अंतरावरील मासुरेजवळचा भरतगड हा कर्ली नदीवरील टेकडीवर सावंतवाडीकरांनी साधारण १७०१ मध्ये बांधलेला आटोपशीर डोंगरी किल्ला असून खाडीच्या रक्षणासाठी पलीकडील भगवंतगडाशी जोडीने उभा आहे.,Hill fort over Karli river estuary,True,False,,,16.171028,73.498667,416606,"{""type"": ""hill fort"", ""built"": ""c.1701"", ""builder"": ""Sawantwadi (Phond Sawant)"", ""coord"": ""verified""}",,,
Bhagwantgad,भगवंतगड,Masure,fort,,,A riverside fort facing Bharatgad across the Karli estuary,कर्ली खाडीच्या पलीकडे भरतगडासमोरचा नदीकाठचा किल्ला,"Bhagwantgad stands on a low hill across the Karli river from Bharatgad, built by the Sawantwadi Bhonsales in the early 18th century to control the river mouth and the Achra trade route.",भगवंतगड हा कर्ली नदीच्या पलीकडे भरतगडासमोरील एका लहान टेकडीवर उभा असून नदीमुख व आचरा व्यापारी मार्गावर नियंत्रण ठेवण्यासाठी सावंतवाडीच्या भोसल्यांनी अठराव्या शतकाच्या प्रारंभी बांधला.,"Riverside fort, estuary control",True,False,,,16.182472,73.496778,416606,"{""type"": ""hill fort"", ""built"": ""early 18th century"", ""builder"": ""Sawantwadi Bhonsale"", ""coord"": ""verified""}",,,
"Yashwantgad Fort, Redi","यशवंतगड किल्ला, रेडी",Redi,fort,,,A large land fort guarding the Terekhol estuary near Redi,रेडीजवळ तेरेखोल खाडीचे रक्षण करणारा मोठा भुईकोट,"Yashwantgad, near Redi in Vengurla taluka, is a spacious land fort overlooking the Terekhol river estuary. With strong bastions and deep moats now wrapped in forest, it guarded the southern sea frontier of the Sawantwadi state.",वेंगुर्ला तालुक्यातील रेडीजवळचा यशवंतगड हा तेरेखोल नदीच्या खाडीवर लक्ष ठेवणारा प्रशस्त भुईकोट आहे. आता जंगलाने वेढलेले बळकट बुरुज व खोल खंदक असलेल्या या किल्ल्याने सावंतवाडी राज्याच्या दक्षिण सागरी सीमेचे रक्षण केले.,"Large land fort, estuary defence",True,False,,,15.752861,73.665472,416517,"{""type"": ""land fort"", ""built"": ""17th-18th century"", ""builder"": ""Marathas / Sawantwadi"", ""coord"": ""verified""}",,,
Nivti Fort,निवती किल्ला,Nivti,fort,,,A small clifftop sea fort above the Nivti rocks and Bhogwe beach,निवती खडक व भोगवे किनाऱ्यावरील कड्यावरचा छोटा जलदुर्ग,"Nivti Fort is a small ruined watch-fort on a headland near Nivti and Bhogwe beaches in Vengurla taluka, built in Shivaji's period to keep watch over this stretch of the Konkan coast.",निवती किल्ला हा वेंगुर्ला तालुक्यातील निवती व भोगवे किनाऱ्यांजवळील एका भूशिरावरील छोटा भग्न टेहळणी किल्ला असून कोकण किनाऱ्याच्या या भागावर लक्ष ठेवण्यासाठी शिवकाळात बांधला गेला.,"Clifftop watch-fort, coastal views",True,False,,,15.939000,73.511639,416516,"{""type"": ""sea fort"", ""built"": ""17th century"", ""builder"": ""Chhatrapati Shivaji Maharaj"", ""coord"": ""verified""}",,,
Manohargad,मनोहरगड,Shivapur,fort,,,A Sahyadri hill fort guarding the eastern ghat frontier,पूर्व घाटसीमेचे रक्षण करणारा सह्याद्रीतील डोंगरी किल्ला,"Manohargad is a hill fort high on the Sahyadri crest at Shivapur in Kudal taluka, one of a twin pair with Mansantoshgad, strengthened by Chhatrapati Shivaji Maharaj to guard the ghat routes on the Maharashtra-Goa frontier.",मनोहरगड हा कुडाळ तालुक्यातील शिवापूर येथे सह्याद्रीच्या माथ्यावर उंचावर असलेला डोंगरी किल्ला असून मनसंतोषगडासह जुळ्या किल्ल्यांपैकी एक आहे; महाराष्ट्र-गोवा सीमेवरील घाटवाटांच्या रक्षणासाठी छत्रपती शिवाजी महाराजांनी तो बळकट केला.,"Twin hill fort, ghat frontier defence",True,False,,,16.050389,73.969972,416520,"{""type"": ""hill fort"", ""built"": ""strengthened 17th c by Shivaji"", ""builder"": ""Marathas"", ""coord"": ""verified""}",,,
Mansantoshgad,मनसंतोषगड,Shivapur,fort,,,The twin hill fort sharing a Sahyadri ridge with Manohargad,मनोहरगडासह सह्याद्रीची माथ्याची धार सामायिक करणारा जुळा किल्ला,"Mansantoshgad sits on the same Sahyadri ridge as Manohargad, separated by a saddle, the two forts together commanding the forested eastern frontier of Kudal taluka.","मनसंतोषगड हा मनोहरगडाच्याच सह्याद्री माथ्याच्या धारेवर, एका खिंडीने वेगळा होऊन वसलेला आहे; हे दोन्ही किल्ले मिळून कुडाळ तालुक्याच्या वनाच्छादित पूर्व सीमेवर नजर ठेवतात.","Twin hill fort, ridge-top",True,False,,,16.05000,73.96800,416520,"{""type"": ""hill fort"", ""built"": ""17th century"", ""builder"": ""Marathas"", ""coord"": ""approx""}",,,
Kharepatan Fort,खारेपाटण किल्ला,Kharepatan,fort,,,An old fort of the historic Vaghotan-river trading town,वाघोटन नदीकाठच्या ऐतिहासिक व्यापारी गावाचा जुना किल्ला,"Kharepatan, a centuries-old port and market town on the Vaghotan river in Kankavli taluka, retains the remains of an old fort that once protected its busy riverine trade.",कणकवली तालुक्यातील वाघोटन नदीकाठचे शतकानुशतके जुने बंदर व बाजारगाव असलेल्या खारेपाटणात एका जुन्या किल्ल्याचे अवशेष आहेत; या किल्ल्याने एकेकाळी गावाच्या गजबजलेल्या नदीवरील व्यापाराचे रक्षण केले.,"Riverside town fort, trade history",True,False,,,16.42000,73.55000,416802,"{""type"": ""land fort"", ""built"": ""medieval"", ""builder"": ""various"", ""coord"": ""approx""}",,,
Hanumantgad,हनुमंतगड,Fukeri,fort,,,A plateau-top hill fort in the forests near Banda,बांद्याजवळील जंगलातील पठारी डोंगरी किल्ला,"Hanumantgad is a hill fort on a flat plateau near the forest village of Fukeri, about 24 km from Sawantwadi, built to watch over the eastern routes into the Sawantwadi-Dodamarg country.",हनुमंतगड हा फुकेरी या वनगावाजवळील सपाट पठारावरील डोंगरी किल्ला असून सावंतवाडीपासून सुमारे २४ किमी अंतरावर आहे; सावंतवाडी-दोडामार्ग भागातील पूर्वेकडील वाटांवर लक्ष ठेवण्यासाठी तो बांधला गेला.,"Plateau hill fort, forest setting",True,False,,,15.853861,73.968389,416512,"{""type"": ""hill fort"", ""built"": ""17th century"", ""builder"": ""Marathas / Sawantwadi"", ""coord"": ""verified""}",,,
Pargad,पारगड,Palye,fort,,,A frontier hill fort raised by Shivaji on the Goa-Karnataka border,गोवा-कर्नाटक सीमेवर शिवाजी महाराजांनी उभारलेला सीमावर्ती डोंगरी किल्ला,"Pargad is a remote hill fort built by Chhatrapati Shivaji Maharaj around 1676 to guard the southern frontier of his kingdom near the Goa-Karnataka border, reached on foot from Palye and Morle in Dodamarg taluka. Its descendants of the original garrison still live atop the fort.",पारगड हा छत्रपती शिवाजी महाराजांनी साधारण १६७६ मध्ये गोवा-कर्नाटक सीमेजवळ आपल्या राज्याच्या दक्षिण सीमेच्या रक्षणासाठी बांधलेला दुर्गम डोंगरी किल्ला असून दोडामार्ग तालुक्यातील पाळये व मोर्ले येथून पायी चढाई करून तेथे पोहोचता येते. मूळ शिबंदीचे वंशज आजही किल्ल्यावर राहतात.,"Frontier hill fort, living fort community",True,False,,,15.76000,74.15000,416512,"{""type"": ""hill fort"", ""built"": ""c.1676"", ""builder"": ""Chhatrapati Shivaji Maharaj"", ""coord"": ""approx""}",,,
Banda Kot,बांदा कोट,Banda,fort,,,The old riverside kot of the Sawantwadi Bhonsales at Banda,बांदा येथील सावंतवाडी भोसल्यांचा जुना नदीकाठचा कोट,"Banda Kot is the old fort (kot) of the market town of Banda on the Terekhol river in Sawantwadi taluka, associated with the Sawantwadi Bhonsale rulers who controlled this trade and frontier region.",बांदा कोट हा सावंतवाडी तालुक्यातील तेरेखोल नदीकाठच्या बांदा बाजारगावाचा जुना किल्ला (कोट) असून या व्यापारी व सीमावर्ती प्रदेशावर नियंत्रण ठेवणाऱ्या सावंतवाडी भोसले राज्यकर्त्यांशी जोडलेला आहे.,"Riverside town kot, Bhonsale era",True,False,,,15.83330,73.78330,416511,"{""type"": ""land fort"", ""built"": ""medieval / Sawantwadi era"", ""builder"": ""Sawantwadi Bhonsale"", ""coord"": ""approx""}",,,
Ramgad Fort,रामगड किल्ला,Ramgad,fort,,,A Shivaji-era hill fort that linked Vijaydurg and Sindhudurg,विजयदुर्ग व सिंधुदुर्गला जोडणारा शिवकालीन डोंगरी किल्ला,"Ramgad is a Shivaji-era hill fort in northern Malvan taluka, near Ramgad village about 12 km from Kankavli. It held a key place in the supply line between the great sea forts of Vijaydurg and Sindhudurg, watching over the Gad river trade route, and is known for its seven cannons mounted in reverse position. Much of its main gateway, ramparts and a bastion still survive.","रामगड हा उत्तर मालवण तालुक्यातील शिवकालीन डोंगरी किल्ला असून रामगड गावाजवळ, कणकवलीपासून सुमारे १२ किमी अंतरावर आहे. विजयदुर्ग व सिंधुदुर्ग या मोठ्या जलदुर्गांमधील रसद-पुरवठ्याच्या साखळीत त्याचे महत्त्वाचे स्थान होते; गड नदीच्या व्यापारी मार्गावर लक्ष ठेवणारा हा किल्ला उलट्या दिशेने बसवलेल्या सात तोफांसाठी ओळखला जातो. त्याचे मुख्य प्रवेशद्वार, तटबंदी व एक बुरूज आजही बऱ्यापैकी टिकून आहेत.","Hill fort, supply-line link, seven reverse-mounted cannons",True,False,,,16.26000,73.58000,416616,"{""type"": ""hill fort"", ""built"": ""17th century (Shivaji era)"", ""builder"": ""Marathas"", ""feature"": ""seven reverse-mounted cannons"", ""coord"": ""approx""}",,,
Vetalgad,वेताळगड,Pendur,fort,,,A small Malvan hill fort watching the Dhamapur lake and Gad river,धामापूर तलाव व गड नदीवर लक्ष ठेवणारा मालवणातील छोटा डोंगरी किल्ला,"Vetalgad is a compact hill fort above Pendur village in Malvan taluka, strategically set between the Dhamapur lake and the Gad river to watch the inland routes. Its modest ramparts and bastions survive amid thick greenery.",वेताळगड हा मालवण तालुक्यातील पेंडूर गावाच्या वर असलेला आटोपशीर डोंगरी किल्ला असून अंतर्गत मार्गांवर लक्ष ठेवण्यासाठी धामापूर तलाव व गड नदीच्या मोक्याच्या जागी वसलेला आहे. घनदाट हिरवळीत त्याची माफक तटबंदी व बुरूज टिकून आहेत.,Hill watch-fort between lake and river,True,False,,,16.06583,73.59861,416606,"{""type"": ""hill fort"", ""built"": ""medieval / Maratha era"", ""builder"": ""Marathas"", ""coord"": ""approx""}",,,
Bhairavgad,भैरवगड,Nardave,fort,,,"A rugged, little-visited hill fort in the eastern hills of Kankavli","कणकवलीच्या पूर्व डोंगरांतील ओबडधोबड, क्वचित भेट दिला जाणारा डोंगरी किल्ला","Bhairavgad, near Nardave in Kankavli taluka, is a rugged and remote hill fort in the eastern Sahyadri foothills. Reached only by steep forest trails, it is one of the least-visited forts of Sindhudurg, named after the guardian god Bhairav.",कणकवली तालुक्यातील नरडवेजवळचा भैरवगड हा पूर्व सह्याद्रीच्या पायथ्यातील ओबडधोबड व दुर्गम डोंगरी किल्ला आहे. केवळ तीव्र वनवाटांनी पोहोचता येणारा हा किल्ला सिंधुदुर्गातील सर्वात कमी भेट दिल्या जाणाऱ्या किल्ल्यांपैकी एक असून रक्षक-देव भैरवाच्या नावाने ओळखला जातो.,Remote rugged hill fort,True,False,,,16.21000,73.90000,416602,"{""type"": ""hill fort"", ""built"": ""medieval"", ""builder"": ""unknown"", ""coord"": ""approx""}",,,
Mahadevgad,महादेवगड,Amboli,fort,,,A clifftop point-fort on the western edge of Amboli hill station,आंबोली थंड हवेच्या ठिकाणाच्या पश्चिम कडेवरील कडा-किल्ला,"Mahadevgad, about 3 km from Amboli in Sawantwadi taluka, is a small clifftop fort and viewpoint on the western escarpment of the Sahyadri. It offers a dramatic drop to the Konkan plain below and is a favourite sunset spot.",सावंतवाडी तालुक्यातील आंबोलीपासून सुमारे ३ किमी अंतरावरील महादेवगड हा सह्याद्रीच्या पश्चिम कड्यावरील छोटा कडा-किल्ला व निरीक्षण-कडा आहे. खालील कोकण मैदानाकडे थरारक उतार असलेले हे सूर्यास्त पाहण्याचे आवडते ठिकाण आहे.,"Clifftop point-fort, sunset viewpoint",True,False,,,15.95500,73.98000,416510,"{""type"": ""hill fort"", ""built"": ""Maratha era"", ""builder"": ""Sawantwadi / Marathas"", ""coord"": ""approx""}",,,
Narayangad,नारायणगड,Gele,fort,,,An 18th-century ghat fort built to guard the Parpoli pass,परपोली घाट राखण्यासाठी बांधलेला अठराव्या शतकातील घाटकिल्ला,"Narayangad, near Gele village by Amboli in Sawantwadi taluka, is a hill fort built between 1709 and 1738 by Anasaheb Phond Sawant of the Sawantwadi state to guard the Parpoli ghat route descending to the coast.",सावंतवाडी तालुक्यातील आंबोलीजवळील गेळे गावानजीकचा नारायणगड हा सावंतवाडी संस्थानच्या आनासाहेब फोंड सावंत यांनी १७०९ ते १७३८ दरम्यान किनाऱ्याकडे उतरणाऱ्या परपोली घाटवाटेच्या रक्षणासाठी बांधलेला डोंगरी किल्ला आहे.,Ghat-guarding hill fort,True,False,,,15.93000,74.02000,416510,"{""type"": ""hill fort"", ""built"": ""1709-1738"", ""builder"": ""Sawantwadi (Anasaheb Phond Sawant)"", ""coord"": ""approx""}",,,
Kotkamte Fort,कोटकामते किल्ला,Kotkamte,fort,,,An inland Devgad fort built by admiral Kanhoji Angre,सरखेल कान्होजी आंग्रे यांनी बांधलेला देवगडातील अंतर्गत किल्ला,"Kotkamte fort, near Kotkamte village in Devgad taluka about 30 km from Devgad, was built in the 18th century by the Maratha admiral Sarkhel Kanhoji Angre, guarding an inland approach to the Devgad coast.","देवगड तालुक्यातील कोटकामते गावाजवळचा, देवगडपासून सुमारे ३० किमी अंतरावरील कोटकामते किल्ला मराठा सरखेल कान्होजी आंग्रे यांनी अठराव्या शतकात बांधला; देवगड किनाऱ्याकडील अंतर्गत मार्गाचे तो रक्षण करत असे.",Inland Angre-era fort,True,False,,,16.50000,73.50000,416613,"{""type"": ""land fort"", ""built"": ""18th century"", ""builder"": ""Sarkhel Kanhoji Angre"", ""coord"": ""approx""}",,,
Tillari Dam,तिलारी धरण,Konal,dams,,,"A grand inter-state dam on the Tillari river, shared by Maharashtra and Goa",तिलारी नदीवरील महाराष्ट्र व गोव्याचे संयुक्त भव्य आंतरराज्य धरण,"The Tillari Dam, in Dodamarg taluka near Konal, is a large inter-state irrigation project jointly built by the governments of Maharashtra and Goa on the Tillari river. It irrigates over 21,000 hectares across the two states, and its vast forest-fringed backwaters, overflow cascade and birdlife make it one of Sindhudurg's most scenic spots.","दोडामार्ग तालुक्यातील कोनाळजवळचे तिलारी धरण हे महाराष्ट्र व गोवा सरकारांनी तिलारी नदीवर संयुक्तपणे उभारलेले मोठे आंतरराज्य जलसिंचन प्रकल्प आहे. दोन्ही राज्यांतील २१,००० हेक्टरहून अधिक क्षेत्राला ते पाणी पुरवते आणि जंगलाने वेढलेला विस्तीर्ण जलाशय, ओव्हरफ्लोचा प्रपात व पक्षीजीवन यामुळे ते सिंधुदुर्गातील सर्वात निसर्गरम्य ठिकाणांपैकी एक आहे.","Inter-state dam, scenic backwaters, birdlife",True,False,,,15.75973,74.08903,416512,"{""river"": ""Tillari"", ""type"": ""inter-state irrigation & hydro"", ""purpose"": ""irrigation, hydroelectric"", ""command"": ""~21,197 ha"", ""coord"": ""verified"", ""ref"": ""en.wikipedia.org/wiki/Tillari_Dam""}",,,
Nardave Dam (Mahamadwadi),नरडवे धरण (महंमदवाडी),Nardave,dams,,,A medium dam on the Gad river in the eastern hills of Kankavli,कणकवलीच्या पूर्व डोंगरांतील गड नदीवरील मध्यम धरण,"The Nardave dam, also called Mahamadwadi dam, is an earthfill dam on the Gad river near Nardave in Kankavli taluka, about 59 m high and 1.6 km long, built for irrigation and hydroelectricity for the eastern part of the district.","नरडवे धरण, ज्याला महंमदवाडी धरण असेही म्हणतात, हे कणकवली तालुक्यातील नरडवेजवळ गड नदीवरील मातीचे धरण असून सुमारे ५९ मीटर उंच व १.६ किमी लांब आहे; जिल्ह्याच्या पूर्व भागासाठी जलसिंचन व जलविद्युतसाठी ते बांधले गेले.","Earthfill dam on Gad river, ~59 m high",True,False,,,16.20360,73.88470,416609,"{""river"": ""Gad"", ""type"": ""medium irrigation"", ""purpose"": ""irrigation, hydroelectric"", ""height"": ""59.33 m"", ""length"": ""1590 m"", ""coord"": ""verified"", ""ref"": ""en.wikipedia.org/wiki/Mahamadwadi_Dam""}",,,
Dhamapur Dam (Lake),धामापूर धरण (तलाव),Dhamapur,dams,,,A 16th-century earthen-bund lake recognised as a world irrigation heritage structure,जागतिक जलसिंचन वारसा रचना म्हणून मान्यता मिळालेला सोळाव्या शतकातील मातीच्या बांधाचा तलाव,"The Dhamapur lake-dam in Malvan taluka was created by a traditional earthen bund around 1530 CE and still serves irrigation, drinking water and fishing. It is recognised on the ICID list of World Heritage Irrigation Structures and is famed for its calm waters, the Bhagwati temple on its bank and rich birdlife.","मालवण तालुक्यातील धामापूर तलाव-धरण हे साधारण इ.स. १५३० मध्ये पारंपरिक मातीच्या बांधाने तयार केले गेले व आजही जलसिंचन, पिण्याचे पाणी व मासेमारीसाठी उपयोगी आहे. आय.सी.आय.डी.च्या जागतिक जलसिंचन वारसा रचनांच्या यादीत त्याचा समावेश असून शांत जल, काठावरील भगवती मंदिर व समृद्ध पक्षीजीवनासाठी ते प्रसिद्ध आहे.","Historic c.1530 lake-dam, world irrigation heritage",True,False,,,16.034080,73.593204,416606,"{""river"": ""local stream"", ""type"": ""heritage earthen-bund lake"", ""purpose"": ""irrigation, drinking, fishing"", ""built"": ""c.1530 CE"", ""recognition"": ""ICID World Heritage Irrigation Structure"", ""coord"": ""verified"", ""ref"": ""en.wikipedia.org/wiki/Dhamapur_Dam""}",,,
Talamba Dam,तळंबा धरण,Talamba,dams,,,A tall earthfill dam on the Karli river in eastern Kudal,पूर्व कुडाळातील कर्ली नदीवरील उंच मातीचे धरण,"The Talamba dam is a large earthfill dam on the Karli river near Kudal, about 57 m high and nearly 3 km long, built for irrigation and hydroelectricity. Its reservoir is a quiet, scenic stop in the eastern hills of Kudal taluka.","तळंबा धरण हे कुडाळजवळ कर्ली नदीवरील मोठे मातीचे धरण असून सुमारे ५७ मीटर उंच व जवळपास ३ किमी लांब आहे; जलसिंचन व जलविद्युतसाठी ते बांधले गेले. कुडाळ तालुक्याच्या पूर्व डोंगरांतील त्याचा जलाशय एक शांत, निसर्गरम्य ठिकाण आहे.","Earthfill dam on Karli river, ~57 m high",True,False,,,16.04122,73.89016,416520,"{""river"": ""Karli"", ""type"": ""irrigation & hydro"", ""purpose"": ""irrigation, hydroelectric"", ""height"": ""57.41 m"", ""length"": ""2955 m"", ""coord"": ""verified"", ""ref"": ""en.wikipedia.org/wiki/Talamba_Dam""}",,,
Aruna Dam,अरुणा धरण,Bhom,dams,,,A modern Sahyadri irrigation dam on the Aruna river,अरुणा नदीवरील आधुनिक सह्याद्री जलसिंचन धरण,"The Aruna dam in Vaibhavwadi taluka, completed in 2005 on the Aruna river, provides irrigation to over 9,000 hectares across about a dozen villages. Set in the Sahyadri foothills, its reservoir submerged several hamlets when built.","वैभववाडी तालुक्यातील अरुणा धरण हे अरुणा नदीवर २००५ मध्ये पूर्ण झालेले असून सुमारे डझनभर गावांतील ९,००० हेक्टरहून अधिक क्षेत्राला जलसिंचन पुरवते. सह्याद्रीच्या पायथ्यातील या धरणाच्या जलाशयाने बांधकामावेळी काही वाड्या जलमय झाल्या.","Modern irrigation dam, large command area",True,False,,,16.59715,73.79337,416813,"{""river"": ""Aruna"", ""type"": ""medium irrigation"", ""purpose"": ""irrigation"", ""built"": ""2005"", ""command"": ""~9,027 ha"", ""coord"": ""verified"", ""ref"": ""mappls.com Aruna Dam, Vaibhavvadi""}",,,
Deogad Dam (Phonda Dam),देवगड धरण (फोंडा धरण),Phondaghat,dams,,,An earthfill dam on the Kurli Nalla below Phonda Ghat (locally the Phonda Dam),फोंडा घाटाखालील कुर्ली नाल्यावरील मातीचे धरण (स्थानिक भाषेत फोंडा धरण),"The Deogad dam — locally called the Phonda or Kurli dam — is an earthfill dam on the Kurli Nalla near Ghonsari in the east of Kankavli taluka, just below the Phonda Ghat. Though named for the Devgad river basin it feeds to the west, the dam and its reservoir lie within Kankavli taluka, supplying irrigation and hydroelectricity. Its forest-ringed backwaters near Phondaghat are a popular monsoon viewpoint.",देवगड धरण — ज्याला स्थानिक भाषेत फोंडा किंवा कुर्ली धरण म्हणतात — हे कणकवली तालुक्याच्या पूर्व भागात फोंडा घाटाखाली घोणसरीजवळ कुर्ली नाल्यावरील मातीचे धरण आहे. पश्चिमेकडे ज्या देवगड नदीखोऱ्याला ते पाणी पुरवते त्यावरून नाव पडले असले तरी धरण व त्याचा जलाशय कणकवली तालुक्यातच आहेत; ते जलसिंचन व जलविद्युत पुरवते. फोंडाघाटाजवळील त्याचा जंगलवेढा जलाशय पावसाळ्यातील लोकप्रिय निरीक्षणस्थळ आहे.,"Earthfill dam on Kurli Nalla, monsoon backwater viewpoint",True,False,,,16.42589,73.79985,416601,"{""river"": ""Kurli Nalla (Karli)"", ""type"": ""irrigation & hydro"", ""purpose"": ""irrigation, hydroelectric"", ""taluka_note"": ""in Kankavli (named for Devgad river basin)"", ""coord"": ""verified"", ""ref"": ""India-WRIS / en.wikipedia.org/wiki/Deogad_Dam"", ""gmaps_name"": ""Kurli-Ghonsari Dam""}",,,
Amboli Waterfall,आंबोली धबधबा,Amboli,waterfall,,,The main roaring monsoon waterfall of the Amboli hill station,आंबोली थंड हवेच्या ठिकाणचा मुख्य गर्जणारा पावसाळी धबधबा,"The Amboli waterfall, about a kilometre from the heart of Amboli in Sawantwadi taluka, is a powerful cascade that thunders down the Sahyadri cliffs during the monsoon. Amboli receives among the highest rainfall in Maharashtra, and the falls are at their fullest from July to September.",सावंतवाडी तालुक्यातील आंबोलीच्या मध्यभागापासून सुमारे एक किलोमीटर अंतरावरील आंबोली धबधबा पावसाळ्यात सह्याद्रीच्या कड्यांवरून कोसळणारा शक्तिशाली प्रपात आहे. आंबोलीत महाराष्ट्रातील सर्वाधिक पावसांपैकी एक पाऊस पडतो आणि जुलै ते सप्टेंबर या काळात धबधबा पूर्ण भरात असतो.,"Roadside monsoon waterfall, high rainfall",True,False,,,15.95560,73.99250,416510,"{""season"": ""monsoon (Jul-Sep)"", ""note"": ""~1 km from Amboli"", ""coord"": ""approx"", ""ref"": ""maharashtratourism.gov.in/nature/amboli-ghat""}",,,
Nangartas Waterfall,नांगरतास धबधबा,Amboli,waterfall,,,A dramatic gorge where the river roars through a rock chasm below Amboli,आंबोलीखाली नदी कातळाच्या घळईतून गर्जत कोसळणारी नयनरम्य दरी,"Nangartas, about 10 km from Amboli on the Sawantwadi descent, is a deep rock gorge where the river plunges with great force through a narrow chasm spanned by an old bridge. It is one of the most striking monsoon sights on the Amboli ghat.",आंबोलीपासून सावंतवाडीकडील उतारावर सुमारे १० किमी अंतरावरील नांगरतास ही खोल कातळघळई असून जुन्या पुलाखालील अरुंद घळईतून नदी मोठ्या वेगाने कोसळते. आंबोली घाटातील पावसाळ्यातील सर्वात विलोभनीय दृश्यांपैकी हे एक आहे.,"Rock gorge waterfall, old bridge",True,False,,,15.98000,73.93000,416510,"{""season"": ""monsoon (Jul-Sep)"", ""note"": ""~10 km from Amboli"", ""coord"": ""approx"", ""ref"": ""travelkonkan.in nangartas-waterfall""}",,,
Savdav Waterfall,सावडाव धबधबा,Savdav,waterfall,,,A broad forest waterfall and popular monsoon picnic spot near Kankavli,कणकवलीजवळचा रुंद वनधबधबा व लोकप्रिय पावसाळी सहलस्थान,"The Savdav waterfall, about 10 km from Kankavli, spreads over rocks amid thick forest and is a much-loved monsoon picnic and bathing spot for the surrounding region.",कणकवलीपासून सुमारे १० किमी अंतरावरील सावडाव धबधबा घनदाट जंगलात कातळांवरून पसरत कोसळतो आणि आसपासच्या भागासाठी पावसाळ्यातील आवडते सहल व स्नानाचे ठिकाण आहे.,"Forest waterfall, monsoon picnic spot",True,False,,,16.23000,73.64000,416602,"{""season"": ""monsoon (Jun-Sep)"", ""note"": ""~10 km from Kankavli"", ""coord"": ""approx"", ""ref"": ""en.wikipedia.org/wiki/Savdav""}",,,
Napne Waterfall,नापणे धबधबा,Sherpe,waterfall,,,A 250-foot perennial waterfall that flows almost all year,जवळजवळ वर्षभर वाहणारा २५० फूट उंच बारमाही धबधबा,"The Napne (Sherpe-Napne) waterfall in Vaibhavwadi taluka drops about 250 feet and, unusually for the region, flows almost throughout the year from a spring-fed source upstream. It is best seen from September to early February when the monsoon crowds have gone but the water still runs strong.","वैभववाडी तालुक्यातील नापणे (शेर्पे-नापणे) धबधबा सुमारे २५० फूट उंचावरून कोसळतो आणि या भागात दुर्मिळ अशा प्रकारे, वरच्या झऱ्याच्या स्रोतामुळे जवळजवळ वर्षभर वाहतो. पावसाळी गर्दी ओसरल्यानंतर पण पाणी अजून जोरात असताना सप्टेंबर ते फेब्रुवारीच्या सुरुवातीस तो पाहणे उत्तम.",250-ft perennial waterfall,True,False,,,16.53060,73.69970,416810,"{""height"": ""~250 ft"", ""season"": ""perennial; best Sep-Feb"", ""coord"": ""approx"", ""ref"": ""travelkonkan.in/napne-waterfall""}",,,
Mangeli Waterfall,मांगेली धबधबा,Mangeli,waterfall,,,A cluster of three forest waterfalls near the Goa-Karnataka border,गोवा-कर्नाटक सीमेजवळील तीन वनधबधब्यांचा समूह,"Mangeli waterfall, at the far eastern edge of Dodamarg taluka near the Karnataka border and barely an hour from Goa, is actually a set of three falls amid dense forest. The largest is reached by a short ten-minute trek and is busiest through the July-October monsoon.",कर्नाटक सीमेजवळ दोडामार्ग तालुक्याच्या पूर्व टोकावरील व गोव्यापासून जेमतेम तासाभरावर असलेला मांगेली धबधबा प्रत्यक्षात घनदाट जंगलातील तीन धबधब्यांचा समूह आहे. सर्वात मोठ्या धबधब्याकडे दहा मिनिटांच्या छोट्या पायपिटीने पोहोचता येते आणि जुलै-ऑक्टोबर पावसाळ्यात येथे सर्वाधिक गर्दी असते.,"Three forest waterfalls, monsoon trek",True,False,,,15.39687,73.80641,416512,"{""season"": ""monsoon (Jul-Oct)"", ""note"": ""3 falls; near Goa-Karnataka border"", ""coord"": ""approx"", ""ref"": ""travelkonkan.in/mangeli-waterfall""}",,,
Chinchghar Waterfall,चिंचघर धबधबा,Chinchghar,waterfall,,,A lesser-known monsoon waterfall in the hills near Kudal,कुडाळजवळील डोंगरांतील कमी परिचित पावसाळी धबधबा,"The Chinchghar waterfall, about 10 km from Kudal town, is a quieter monsoon cascade tucked into the wooded hills, a peaceful alternative to the busier falls of the district.",कुडाळ शहरापासून सुमारे १० किमी अंतरावरील चिंचघर धबधबा हा वनाच्छादित डोंगरांत लपलेला अधिक शांत पावसाळी प्रपात असून जिल्ह्यातील गजबजलेल्या धबधब्यांना एक निवांत पर्याय आहे.,"Quiet hill waterfall, monsoon",True,False,,,16.05000,73.75000,416520,"{""season"": ""monsoon (Jun-Sep)"", ""note"": ""~10 km from Kudal"", ""coord"": ""approx"", ""ref"": ""travalour.com waterfalls-in-sindhudurg""}",,,
Devgad Beach,देवगड समुद्रकिनारा,Devgad,beach,,,A secluded 2-km silvery beach below the Devgad fort and windmills,देवगड किल्ला व पवनचक्क्यांखालील एकांत २ किमी रुपेरी किनारा,"Devgad Beach, about 2 km from the town, is a clean, secluded stretch of silvery sand running for nearly 2 km below the Devgad fort and the hilltop wind farm, with calm sunset views over the Arabian Sea.","देवगड किनारा शहरापासून सुमारे २ किमी अंतरावर असून देवगड किल्ला व डोंगरावरील पवनचक्क्यांखाली जवळपास २ किमी लांब पसरलेला स्वच्छ, एकांत रुपेरी वाळूचा किनारा आहे; येथून अरबी समुद्रावरील शांत सूर्यास्त दिसतो.","Secluded silvery beach, fort & windmills",True,False,,,16.38000,73.37000,416613,"{""type"": ""beach"", ""note"": ""~2 km long; below Devgad fort"", ""coord"": ""approx"", ""ref"": ""konkankatta / MTDC""}",,,
Kunkeshwar Beach,कुणकेश्वर समुद्रकिनारा,Kunkeshwar,beach,,,A wide pilgrim beach beside the ancient Kunkeshwar Shiva temple,प्राचीन कुणकेश्वर शिवमंदिराशेजारील विस्तीर्ण तीर्थ-किनारा,"Kunkeshwar Beach is a broad sandy shore right beside the ancient Kunkeshwar Shiva temple, busy with pilgrims and famed for the sight of the white temple spire against the sea.",कुणकेश्वर किनारा हा प्राचीन कुणकेश्वर शिवमंदिराशेजारील रुंद वाळूचा किनारा असून भाविकांनी गजबजलेला व समुद्राच्या पार्श्वभूमीवरील शुभ्र मंदिरकळसाच्या दृश्यासाठी प्रसिद्ध आहे.,Temple-side pilgrim beach,True,False,,,16.33431,73.39280,416613,"{""type"": ""beach"", ""note"": ""beside Kunkeshwar temple"", ""coord"": ""verified"", ""ref"": ""maharashtratourism / utsav.gov.in""}",,,
Mithbav Beach,मिठबाव समुद्रकिनारा,Mithbav,beach,,,A long open beach earmarked for tourism development,पर्यटन विकासासाठी निवडलेला लांब मोकळा किनारा,"Mithbav Beach is a long, open stretch of sand on the Devgad coast, identified by the state tourism corporation for development, and a quiet nesting shore for sea turtles.","मिठबाव किनारा हा देवगड किनाऱ्यावरील लांब, मोकळा वाळूचा पट्टा असून राज्य पर्यटन महामंडळाने विकासासाठी निवडलेला व समुद्री कासवांच्या विणीचा शांत किनारा आहे.","Long open beach, turtle nesting",True,False,,,16.18000,73.40000,416630,"{""type"": ""beach"", ""coord"": ""approx"", ""ref"": ""konkankatta mithbav-beach""}",,,
Tambaldeg Beach,तांबळडेग समुद्रकिनारा,Tambaldeg,beach,,,A clean quiet beach below the Gajabadevi hill temple,गजबादेवी डोंगरमंदिराखालील स्वच्छ निवांत किनारा,"Tambaldeg Beach is a clean, little-visited beach on the Devgad coast, watched over by the Gajabadevi temple on a nearby hill and known locally for turtle conservation.","तांबळडेग किनारा हा देवगड किनाऱ्यावरील स्वच्छ, कमी भेट दिला जाणारा किनारा असून जवळच्या टेकडीवरील गजबादेवी मंदिराच्या निगराणीखाली व कासव संवर्धनासाठी स्थानिक पातळीवर ओळखला जातो.","Quiet clean beach, turtle conservation",True,False,,,16.16000,73.39000,416615,"{""type"": ""beach"", ""coord"": ""approx"", ""ref"": ""devgadcity / MTDC""}",,,
Tarkarli Beach,तारकर्ली समुद्रकिनारा,Tarkarli,beach,,,The crystal-clear white-sand beach famous for scuba diving,स्कूबा डायव्हिंगसाठी प्रसिद्ध स्फटिकस्वच्छ शुभ्र वाळूचा किनारा,"Tarkarli Beach near Malvan is Sindhudurg's signature beach, with crystal-clear shallow water and fine white sand. It is the hub of scuba diving and snorkelling in Maharashtra and the gateway to the Karli backwaters and houseboats.",मालवणजवळील तारकर्ली किनारा हा सिंधुदुर्गचा वैशिष्ट्यपूर्ण किनारा असून स्फटिकस्वच्छ उथळ पाणी व बारीक शुभ्र वाळू येथे आहे. महाराष्ट्रातील स्कूबा डायव्हिंग व स्नॉर्कलिंगचे हे केंद्र असून कर्ली खाडी व हाऊसबोटींचे प्रवेशद्वार आहे.,"Scuba diving, white sand, clear water",True,False,,,16.05654,73.46875,416606,"{""type"": ""beach"", ""activities"": ""scuba, snorkelling, houseboats"", ""coord"": ""verified"", ""ref"": ""en.wikipedia.org/wiki/Tarkarli""}",,,
Devbag Beach (Sangam),देवबाग समुद्रकिनारा (संगम),Devbag,beach,,,A pristine beach at the Karli-sea confluence with watersports,जलक्रीडेसह कर्ली-समुद्र संगमावरील निर्मळ किनारा,"Devbag Beach offers a long open shore ending at the Sangam, where the Karli river meets the Arabian Sea. It is known for its solitude, the nearby Tsunami Island sandbar, dolphin-spotting boat trips and watersports.","देवबाग किनारा कर्ली नदी अरबी समुद्राला मिळणाऱ्या संगमावर संपणारा लांब मोकळा किनारा देतो. एकांत, जवळचे त्सुनामी बेट वाळूचा बांध, डॉल्फिन दर्शन नौकासफारी व जलक्रीडेसाठी तो ओळखला जातो.","Sangam beach, Tsunami island, watersports",True,False,,,16.02000,73.46500,416606,"{""type"": ""beach"", ""note"": ""Karli-sea Sangam"", ""coord"": ""approx"", ""ref"": ""kokansearch devbaug-beach""}",,,
Chivla Beach,चिवला समुद्रकिनारा,Malvan,beach,,,A calm town beach of scattered seashells north of Sindhudurg fort,सिंधुदुर्ग किल्ल्याच्या उत्तरेकडील शिंपल्यांचा शांत शहर-किनारा,"Chivla Beach lies in the heart of Malvan town, just north of Sindhudurg fort. It is a calm, clean beach known for its scattered seashells, gentle waves and easy access from the town.","चिवला किनारा मालवण शहराच्या मध्यभागी, सिंधुदुर्ग किल्ल्याच्या अगदी उत्तरेस आहे. विखुरलेले शिंपले, सौम्य लाटा व शहरातून सहज पोहोचता येणारा हा शांत, स्वच्छ किनारा आहे.","Calm town beach, seashells",True,False,,,16.06500,73.46500,416606,"{""type"": ""beach"", ""coord"": ""approx"", ""ref"": ""tourmyindia chivla-beach""}",,,
Kolamb Beach,कोलंब समुद्रकिनारा,Kolamb,beach,,,A tranquil creek beach near Malvan good for dolphin trips,डॉल्फिन सफारीसाठी उत्तम मालवणजवळचा शांत खाडी-किनारा,"Kolamb Beach, about 6 km from Malvan, wraps around a calm creek and is a peaceful spot for backwater boating, swimming and dolphin-spotting away from the crowds.","मालवणपासून सुमारे ६ किमी अंतरावरील कोलंब किनारा एका शांत खाडीभोवती पसरलेला असून गर्दीपासून दूर खाडीतील नौकाविहार, पोहणे व डॉल्फिन दर्शनासाठी निवांत ठिकाण आहे.","Creek beach, dolphins, boating",True,False,,,16.03000,73.47500,416606,"{""type"": ""beach"", ""coord"": ""approx"", ""ref"": ""seawatersports kolamb""}",,,
Tondavali Beach,तोंडवली समुद्रकिनारा,Tondavali,beach,,,"A serene, unspoilt beach lined with coconut groves","नारळबागांनी वेढलेला शांत, अस्पर्शित किनारा","Tondavali Beach, north of Malvan, is a long, serene and largely unspoilt beach backed by coconut groves, ideal for quiet walks and unhurried sunsets.","मालवणच्या उत्तरेकडील तोंडवली किनारा हा नारळबागांनी वेढलेला लांब, शांत व बहुतांश अस्पर्शित किनारा असून निवांत फेरफटका व सावकाश सूर्यास्तासाठी आदर्श आहे.","Serene unspoilt beach, coconut groves",True,False,,,16.19000,73.45500,416614,"{""type"": ""beach"", ""coord"": ""approx"", ""ref"": ""holidify tondavali-beach""}",,,
Wayangani Beach,वायंगणी समुद्रकिनारा,Wayangani,beach,,,A broad golden-sand beach lined with casuarina,सुरूच्या झाडांनी वेढलेला रुंद सोनेरी वाळूचा किनारा,"Wayangani Beach is a wide, uncrowded golden-sand beach on the Malvan coast, fringed with casuarina trees and known for its calm, open feel.","वायंगणी किनारा हा मालवण किनाऱ्यावरील रुंद, गर्दीविरहित सोनेरी वाळूचा किनारा असून सुरूच्या झाडांनी वेढलेला व शांत, मोकळ्या वातावरणासाठी ओळखला जातो.",Broad golden-sand beach,True,False,,,16.10000,73.46000,416606,"{""type"": ""beach"", ""coord"": ""approx"", ""ref"": ""gagangiri kokan-beaches""}",,,
Achra Beach,आचरा समुद्रकिनारा,Achra,beach,,,A long curving beach beside the fishing village of Achra,आचरा मासेमारी गावाशेजारील लांब वळणदार किनारा,"Achra Beach is a long, gently curving beach next to the old fishing and boat-building village of Achra, north of Malvan, with calm water and the Rameshwar temple nearby.","आचरा किनारा हा मालवणच्या उत्तरेकडील जुन्या मासेमारी व होडी बांधणीच्या आचरा गावाशेजारील लांब, हळुवार वळणदार किनारा असून शांत पाणी व जवळचे रामेश्वर मंदिर येथे आहे.",Long fishing-village beach,True,False,,,16.19000,73.45000,416630,"{""type"": ""beach"", ""coord"": ""approx"", ""ref"": ""holidify / costel""}",,,
Sagareshwar Beach,सागरेश्वर समुद्रकिनारा,Vengurla,beach,,,Vengurla's long C-shaped flagship beach by the Sagareshwar temple,सागरेश्वर मंदिराजवळील वेंगुर्ल्याचा लांब 'C' आकाराचा अग्रगण्य किनारा,"Sagareshwar Beach at Ubhadanda is Vengurla's most popular beach, a long C-shaped sweep of sand beside the Sagareshwar Shiva temple, with calm water and casuarina shade.",उभादांडा येथील सागरेश्वर किनारा हा वेंगुर्ल्यातील सर्वात लोकप्रिय किनारा असून सागरेश्वर शिवमंदिराशेजारील लांब 'C' आकाराचा वाळूचा पट्टा आहे; शांत पाणी व सुरूची सावली येथे आहे.,Long C-shaped flagship beach,True,False,,,15.87000,73.62500,416516,"{""type"": ""beach"", ""coord"": ""approx"", ""ref"": ""mtdc sagareshwar-beach""}",,,
Vengurla Beach (Ubhadanda),वेंगुर्ला समुद्रकिनारा (उभादांडा),Vengurla,beach,,,The town beach of Vengurla by the old port,जुन्या बंदराजवळील वेंगुर्ल्याचा शहर-किनारा,"Vengurla Beach, at Ubhadanda by the old port, is the town's main shore, a long sandy beach lined with palms and used by local fishing boats.",उभादांडा येथील जुन्या बंदराजवळचा वेंगुर्ला किनारा हा शहराचा मुख्य किनारा असून माडांनी वेढलेला व स्थानिक मासेमारी होड्या वापरणारा लांब वाळूचा किनारा आहे.,"Town beach, old port",True,False,,,15.86130,73.63180,416516,"{""type"": ""beach"", ""coord"": ""approx"", ""ref"": ""weekendspots vengurla-beach""}",,,
Mochemad Beach,मोचेमाड समुद्रकिनारा,Mochemad,beach,,,A secluded casuarina-backed beach south of Vengurla,वेंगुर्ल्याच्या दक्षिणेकडील सुरूवेढा एकांत किनारा,"Mochemad Beach, about 8 km south of Vengurla, is a quiet, secluded beach backed by casuarina and cashew groves, popular for its solitude and clean sand.","वेंगुर्ल्याच्या दक्षिणेस सुमारे ८ किमी अंतरावरील मोचेमाड किनारा हा सुरू व काजूच्या बागांनी वेढलेला शांत, एकांत किनारा असून एकांत व स्वच्छ वाळूसाठी लोकप्रिय आहे.",Secluded casuarina beach,True,False,,,15.80107,73.65103,416518,"{""type"": ""beach"", ""coord"": ""verified"", ""ref"": ""mappls Mochemad Beach""}",,,
Shiroda Velagar Beach,शिरोडा वेळागर समुद्रकिनारा,Shiroda,beach,,,A long pristine 'paradise' beach of soft sand at Shiroda,शिरोड्यातील मऊ वाळूचा लांब निर्मळ 'नंदनवन' किनारा,"The Velagar (Paradise) beach at Shiroda is a long, pristine stretch of soft sand and casuarina on the Vengurla coast, one of several lovely beaches around the historic village of Shiroda.","शिरोड्यातील वेळागर (पॅराडाइज) किनारा हा वेंगुर्ला किनाऱ्यावरील मऊ वाळू व सुरूचा लांब, निर्मळ पट्टा असून ऐतिहासिक शिरोडा गावाभोवतीच्या अनेक सुंदर किनाऱ्यांपैकी एक आहे.",Long pristine 'paradise' beach,True,False,,,15.96670,73.63330,416520,"{""type"": ""beach"", ""coord"": ""approx"", ""ref"": ""theunstumbled vengurla-beaches""}",,,
Nivti Beach,निवती समुद्रकिनारा,Nivti,beach,,,"A silver-sand cove almost enclosed by rocks, good for dolphins","खडकांनी जवळजवळ वेढलेला रुपेरी वाळूचा, डॉल्फिनसाठी उत्तम किनारा","Nivti Beach, about 20 km from Vengurla, is a serene crescent of soft silver sand almost enclosed by rock headlands, sheltering calm water that is excellent for swimming and dolphin trips.",वेंगुर्ल्यापासून सुमारे २० किमी अंतरावरील निवती किनारा हा खडकाळ भूशिरांनी जवळजवळ वेढलेला मऊ रुपेरी वाळूचा शांत अर्धचंद्र असून पोहणे व डॉल्फिन सफारीसाठी उत्तम असे संथ पाणी येथे आहे.,"Rock-enclosed silver-sand cove, dolphins",True,False,,,15.93900,73.51200,416516,"{""type"": ""beach"", ""coord"": ""approx"", ""ref"": ""unstumbled / talesofanomad""}",,,
Bhogwe Beach,भोगवे समुद्रकिनारा,Bhogwe,beach,,,A white-sand beach at the Karli sangam opposite Devbag,देवबागसमोर कर्ली संगमावरील शुभ्र वाळूचा किनारा,"Bhogwe Beach, near Nivti, is a beautiful white-sand beach at the mouth of the Karli river, facing Devbag across the sangam, known for boat rides to the Tsunami Island sandbar and clear shallow water.",निवतीजवळचा भोगवे किनारा हा कर्ली नदीच्या मुखावरील सुंदर शुभ्र वाळूचा किनारा असून संगमापलीकडे देवबागसमोर आहे; त्सुनामी बेटाकडील नौकासफारी व स्वच्छ उथळ पाण्यासाठी ओळखला जातो.,"White-sand sangam beach, boat rides",True,False,,,15.99000,73.47500,416523,"{""type"": ""beach"", ""coord"": ""approx"", ""ref"": ""weekendspots bhogwe-beach""}",,,
Redi Beach,रेडी समुद्रकिनारा,Redi,beach,,,A quiet beach by Redi's old port and swayambhu Ganesh temple,रेडीच्या जुन्या बंदर व स्वयंभू गणेश मंदिराजवळील शांत किनारा,"Redi Beach, at the southern tip of Vengurla taluka near the Goa border, is a quiet sandy beach beside Redi's old port and iron mines, close to the famous swayambhu Ganesh and Navadurga temples.",गोव्याच्या सीमेजवळ वेंगुर्ला तालुक्याच्या दक्षिण टोकावरील रेडी किनारा हा रेडीच्या जुन्या बंदर व लोहखाणींशेजारील शांत वाळूचा किनारा असून प्रसिद्ध स्वयंभू गणेश व नवदुर्गा मंदिरांजवळ आहे.,Quiet port beach near temples,True,False,,,15.74020,73.67690,416517,"{""type"": ""beach"", ""coord"": ""approx"", ""ref"": ""vengurla site-seeing""}",,,
"Rock Garden, Malvan","रॉक गार्डन, मालवण",Malvan,garden_park,,,A seaside sculpture garden on the wave-carved rocks by Chivla beach,चिवला किनाऱ्याजवळ लाटांनी कोरलेल्या खडकांवरील समुद्रकाठचे शिल्प-उद्यान,"The Rock Garden of Malvan, beside Chivla beach, turns a stretch of wave-sculpted black rocks into a landscaped seaside park with green lawns, sculptures and a musical fountain. Benches along the shore make it a favourite spot to watch the waves crash and the sun set over the Arabian Sea.","चिवला किनाऱ्याशेजारील मालवणचे रॉक गार्डन लाटांनी घडवलेल्या काळ्या खडकांच्या पट्ट्याचे हिरव्या हरळी, शिल्पे व संगीत कारंजे असलेल्या समुद्रकाठच्या उद्यानात रूपांतर करते. किनाऱ्यालगतच्या बाकांमुळे लाटांचे तडाखे व अरबी समुद्रावरील सूर्यास्त पाहण्याचे हे आवडते ठिकाण आहे.","Seaside rock garden, sculptures, musical fountain, sunset",True,False,,,16.06400,73.46300,416606,"{""type"": ""garden/park"", ""features"": ""rock formations, lawns, sculptures, musical fountain"", ""coord"": ""approx"", ""ref"": ""tripadvisor / beyondyatra rock-garden""}",,,
"Narendra Garden, Sawantwadi","नरेंद्र गार्डन, सावंतवाडी",Sawantwadi,garden_park,,,A hilltop garden on Narendra Dongar with views over Sawantwadi,सावंतवाडीवर दृश्य देणारे नरेंद्र डोंगरावरील डोंगरमाथ्यावरचे उद्यान,"Narendra Garden sits atop Narendra hill above Sawantwadi, on the site of an early Bhonsale palace. The landscaped hilltop park offers a toy train, shaded walks and sweeping views over the town and the distant Konkan coast, and is a popular family and sunset spot.","नरेंद्र गार्डन सावंतवाडीवरील नरेंद्र डोंगराच्या माथ्यावर, भोसल्यांच्या एका जुन्या राजवाड्याच्या जागी आहे. या सुशोभित डोंगरमाथ्यावरील उद्यानात टॉय ट्रेन, सावलीच्या वाटा आणि शहर व दूरच्या कोकण किनाऱ्याचे विस्तृत दृश्य असून ते कुटुंब व सूर्यास्तासाठी लोकप्रिय ठिकाण आहे.","Hilltop garden, toy train, panoramic views",True,False,,,15.91500,73.67500,416510,"{""type"": ""garden/park"", ""features"": ""hilltop park, toy train, viewpoint"", ""coord"": ""approx"", ""ref"": ""thomascook narendra-garden""}",,,
"Moti Talav Garden, Sawantwadi","मोती तलाव उद्यान, सावंतवाडी",Sawantwadi,garden_park,,,A renovated lakeside garden by the royal Moti Talav and palace,राजेशाही मोती तलाव व राजवाड्याजवळचे नूतनीकृत तलावकाठचे उद्यान,"The garden around Moti Talav, the graceful royal lake of Sawantwadi, has been newly landscaped with walkways, lawns and seating. Overlooked by the laterite Sawantwadi Palace, it is the green heart of the town, popular for evening strolls and boating on the lake.","सावंतवाडीच्या देखण्या राजेशाही मोती तलावाभोवतीचे उद्यान पदपथ, हरळी व बैठकीने नव्याने सुशोभित केले आहे. जांभ्या दगडाच्या सावंतवाडी राजवाड्याच्या निगराणीखालील हे उद्यान शहराचे हिरवे हृदय असून संध्याकाळच्या फेरफटक्यासाठी व तलावातील नौकाविहारासाठी लोकप्रिय आहे.","Lakeside garden, palace views, boating",True,False,,,15.90360,73.68140,416510,"{""type"": ""garden/park"", ""features"": ""lakeside garden, boating, palace nearby"", ""coord"": ""approx"", ""ref"": ""kokansearch moti-talav""}",,,
"Dreamland Garden, Pinguli","ड्रीमलँड गार्डन, पिंगुळी",Pinguli,garden_park,,,A family garden and water park near Kudal with a boating lake,नौकाविहार तलावासह कुडाळजवळचे कुटुंब-उद्यान व वॉटर पार्क,"Dreamland Garden at Godhayale in Pinguli village near Kudal is a family-friendly garden and recreation park, combining landscaped greenery with a small water park, slides, a boating lake and a restaurant, with rooms for an overnight stay.","कुडाळजवळील पिंगुळी गावातील गोधयाळे येथील ड्रीमलँड गार्डन हे कुटुंबस्नेही उद्यान व मनोरंजन पार्क असून सुशोभित हिरवळीसह छोटा वॉटर पार्क, घसरगुंड्या, नौकाविहार तलाव व उपाहारगृह येथे आहे; रात्रीच्या मुक्कामासाठी खोल्याही आहेत.","Family garden, water park, boating lake",True,False,,,16.02000,73.66000,416520,"{""type"": ""garden/park"", ""features"": ""water park, boating lake, family recreation"", ""coord"": ""approx"", ""ref"": ""tripadvisor dreamland-garden""}",,,
"District Collector Office, Sindhudurg","जिल्हाधिकारी कार्यालय, सिंधुदुर्ग",Sindhudurg,collector,,,District administration headquarters,District administration headquarters,"The office of the District Collector at Sindhudurgnagari, the apex of the district's revenue and general administration.","सिंधुदुर्गनगरी येथील जिल्हाधिकारी कार्यालय, जिल्ह्याच्या महसूल व सामान्य प्रशासनाचे प्रमुख कार्यालय.",District administration headquarters,True,False,,,16.08000,73.66000,416812,"{""type"": ""civic/govt"", ""level"": ""district HQ"", ""coord"": ""approx"", ""source"": ""sindhudurg.nic.in"", ""contact"": ""verified""}",,02362-228844,collcol.si-mh@nic.in
"Zilla Parishad Office, Sindhudurg","जिल्हा परिषद कार्यालय, सिंधुदुर्ग",Sindhudurg,zilla_parishad,,,Rural local self-government body,Rural local self-government body,"The Zilla Parishad at Sindhudurgnagari, the district's elected rural local-government body overseeing village development.","सिंधुदुर्गनगरी येथील जिल्हा परिषद, ग्रामविकासावर देखरेख करणारी जिल्ह्याची निर्वाचित ग्रामीण स्थानिक स्वराज्य संस्था.",Rural local self-government body,True,False,,,16.08000,73.66000,416812,"{""type"": ""civic/govt"", ""level"": ""district HQ"", ""coord"": ""approx"", ""source"": ""sindhudurg.nic.in"", ""contact"": ""verified""}",,02362-228817,
"Sub-Divisional Office, Sindhudurg","उपविभागीय कार्यालय, सिंधुदुर्ग",Sindhudurg,sub_division,,,Sub-divisional (prant) administration,Sub-divisional (prant) administration,The Sub-Divisional (Prant) Officer's office handling revenue and administration for a group of talukas.,तालुक्यांच्या गटाचे महसूल व प्रशासन सांभाळणारे उपविभागीय (प्रांत) अधिकारी कार्यालय.,Sub-divisional (prant) administration,True,False,,,16.08000,73.66000,416812,"{""type"": ""civic/govt"", ""level"": ""district HQ"", ""coord"": ""approx""}",,,
"Revenue Office, Sindhudurg","महसूल कार्यालय, सिंधुदुर्ग",Sindhudurg,revenue,,,District revenue administration,District revenue administration,"District revenue office handling land records, registration of rights and revenue collection.","जमीन अभिलेख, हक्क नोंदणी व महसूल वसुली सांभाळणारे जिल्हा महसूल कार्यालय.",District revenue administration,True,False,,,16.08000,73.66000,416812,"{""type"": ""civic/govt"", ""level"": ""district HQ"", ""coord"": ""approx""}",,,
"Nagar Parishad Office, Sindhudurg","नगरपरिषद कार्यालय, सिंधुदुर्ग",Sindhudurg,municipal,,,Urban local body,Urban local body,Municipal council office responsible for civic services in the towns of the district.,जिल्ह्यातील शहरांमधील नागरी सेवांसाठी जबाबदार नगरपरिषद कार्यालय.,Urban local body,True,False,,,16.08000,73.66000,416812,"{""type"": ""civic/govt"", ""level"": ""district HQ"", ""coord"": ""approx""}",,,
"Rural Development Office, Sindhudurg","ग्रामीण विकास कार्यालय, सिंधुदुर्ग",Sindhudurg,rural_dev,,,Rural development administration,Rural development administration,Office coordinating rural development schemes and panchayat-level works across the district.,जिल्ह्यातील ग्रामीण विकास योजना व पंचायत स्तरावरील कामांचे समन्वय करणारे कार्यालय.,Rural development administration,True,False,,,16.08000,73.66000,416812,"{""type"": ""civic/govt"", ""level"": ""district HQ"", ""coord"": ""approx""}",,,
"Employment Exchange, Sindhudurg","रोजगार व स्वयंरोजगार कार्यालय, सिंधुदुर्ग",Sindhudurg,employement,,,Employment registration & guidance,Employment registration & guidance,"District employment exchange for job-seeker registration, guidance and self-employment schemes.","नोकरी इच्छुकांची नोंदणी, मार्गदर्शन व स्वयंरोजगार योजनांसाठी जिल्हा रोजगार कार्यालय.",Employment registration & guidance,True,False,,,16.08000,73.66000,416812,"{""type"": ""civic/govt"", ""level"": ""district HQ"", ""coord"": ""approx""}",,,
"Tax Office, Sindhudurg","कर कार्यालय, सिंधुदुर्ग",Sindhudurg,tax_office,,,Tax (GST / commercial tax) office,Tax (GST / commercial tax) office,Office handling commercial tax / GST registration and collection for the district.,जिल्ह्यातील व्यापारी कर / जीएसटी नोंदणी व वसुली सांभाळणारे कार्यालय.,Tax (GST / commercial tax) office,True,False,,,16.08000,73.66000,416812,"{""type"": ""civic/govt"", ""level"": ""district HQ"", ""coord"": ""approx""}",,,
"Passport Seva Kendra, Sindhudurg","पासपोर्ट सेवा केंद्र, सिंधुदुर्ग",Sindhudurg,passport,,,Passport application services,Passport application services,Post Office Passport Seva Kendra (POPSK) for passport applications and related services in the district.,जिल्ह्यातील पासपोर्ट अर्ज व संबंधित सेवांसाठी पोस्ट ऑफिस पासपोर्ट सेवा केंद्र (POPSK).,Passport application services,True,False,,,16.08000,73.66000,416812,"{""type"": ""civic/govt"", ""level"": ""district HQ"", ""coord"": ""approx""}",,,
"PWD Office, Sindhudurg","सार्वजनिक बांधकाम विभाग कार्यालय, सिंधुदुर्ग",Sindhudurg,pwd,,,Public Works Department,Public Works Department,"Public Works Department office responsible for government roads, bridges and buildings in the district.","जिल्ह्यातील शासकीय रस्ते, पूल व इमारतींसाठी जबाबदार सार्वजनिक बांधकाम विभाग कार्यालय.",Public Works Department,True,False,,,16.08000,73.66000,416812,"{""type"": ""civic/govt"", ""level"": ""district HQ"", ""coord"": ""approx""}",,,
"National Highway Office, Sindhudurg","राष्ट्रीय महामार्ग कार्यालय, सिंधुदुर्ग",Sindhudurg,national_highway,,,National highway works office,National highway works office,Office overseeing construction and maintenance of national highways (incl. Mumbai-Goa NH-66) in the district.,जिल्ह्यातील राष्ट्रीय महामार्गांच्या (मुंबई-गोवा राष्ट्रीय महामार्ग ६६ सह) बांधकाम व देखभालीवर देखरेख करणारे कार्यालय.,National highway works office,True,False,,,16.08000,73.66000,416812,"{""type"": ""civic/govt"", ""level"": ""district HQ"", ""coord"": ""approx""}",,,
"MSEB (Mahavitaran) Office, Sindhudurg","महावितरण कार्यालय, सिंधुदुर्ग",Sindhudurg,mseb,,,Electricity distribution office,Electricity distribution office,"MSEDCL (Mahavitaran) office handling electricity distribution, connections and billing in the district.","जिल्ह्यातील वीज वितरण, जोडण्या व देयके सांभाळणारे महावितरण (MSEDCL) कार्यालय.",Electricity distribution office,True,False,,,16.08000,73.66000,416812,"{""type"": ""civic/govt"", ""level"": ""district HQ"", ""coord"": ""approx"", ""source"": ""sindhudurg.nic.in"", ""contact"": ""verified""}",,02362-228767,
Sindhudurgnagari Sports Ground,सिंधुदुर्गनगरी क्रीडांगण,Sindhudurg,playground,,,District sports ground / playground,District sports ground / playground,A public sports ground and playground at the district headquarters for local sports and events.,स्थानिक खेळ व कार्यक्रमांसाठी जिल्हा मुख्यालयातील सार्वजनिक क्रीडांगण व मैदान.,District sports ground / playground,True,False,,,16.08000,73.66000,416812,"{""type"": ""civic/govt"", ""level"": ""district HQ"", ""coord"": ""approx""}",,,
"Tahsil Office, Devgad","तहसील कार्यालय, देवगड",Devgad,tahsil_office,,,Taluka revenue (tahsildar) office,तालुका महसूल (तहसीलदार) कार्यालय,"The Tahsildar office for Devgad taluka, handling local revenue, land records, certificates and citizen services.","देवगड तालुक्याचे तहसीलदार कार्यालय, स्थानिक महसूल, जमीन अभिलेख, दाखले व नागरिक सेवा सांभाळते.",Taluka revenue (tahsildar) office,True,False,,,16.37350,73.37780,416613,"{""type"": ""civic/govt"", ""level"": ""taluka"", ""landline"": """", ""source"": ""sindhudurg.nic.in"", ""contact"": ""verified"", ""coord"": ""approx""}",,8208621557,tahsildardevgad@gmail.com
"Tahsil Office, Malvan","तहसील कार्यालय, मालवण",Malvan,tahsil_office,,,Taluka revenue (tahsildar) office,तालुका महसूल (तहसीलदार) कार्यालय,"The Tahsildar office for Malvan taluka, handling local revenue, land records, certificates and citizen services.","मालवण तालुक्याचे तहसीलदार कार्यालय, स्थानिक महसूल, जमीन अभिलेख, दाखले व नागरिक सेवा सांभाळते.",Taluka revenue (tahsildar) office,True,False,,,16.05940,73.47070,416606,"{""type"": ""civic/govt"", ""level"": ""taluka"", ""landline"": ""02365-252043"", ""source"": ""sindhudurg.nic.in"", ""contact"": ""verified"", ""coord"": ""approx""}",,9820466455,tahsilmalvan@gmail.com
"Tahsil Office, Kudal","तहसील कार्यालय, कुडाळ",Kudal,tahsil_office,,,Taluka revenue (tahsildar) office,तालुका महसूल (तहसीलदार) कार्यालय,"The Tahsildar office for Kudal taluka, handling local revenue, land records, certificates and citizen services.","कुडाळ तालुक्याचे तहसीलदार कार्यालय, स्थानिक महसूल, जमीन अभिलेख, दाखले व नागरिक सेवा सांभाळते.",Taluka revenue (tahsildar) office,True,False,,,16.00640,73.68560,416520,"{""type"": ""civic/govt"", ""level"": ""taluka"", ""landline"": ""02362-222604"", ""source"": ""sindhudurg.nic.in"", ""contact"": ""verified"", ""coord"": ""approx""}",,8888992211,tahsilkudal123@gmail.com
"Tahsil Office, Kankavli","तहसील कार्यालय, कणकवली",Kankavli,tahsil_office,,,Taluka revenue (tahsildar) office,तालुका महसूल (तहसीलदार) कार्यालय,"The Tahsildar office for Kankavli taluka, handling local revenue, land records, certificates and citizen services.","कणकवली तालुक्याचे तहसीलदार कार्यालय, स्थानिक महसूल, जमीन अभिलेख, दाखले व नागरिक सेवा सांभाळते.",Taluka revenue (tahsildar) office,True,False,,,16.26940,73.70830,416602,"{""type"": ""civic/govt"", ""level"": ""taluka"", ""landline"": ""02367-232243"", ""source"": ""sindhudurg.nic.in"", ""contact"": ""verified"", ""coord"": ""approx""}",,8669056492,tahasildarkankavli@gmail.com
"Tahsil Office, Sawantwadi","तहसील कार्यालय, सावंतवाडी",Sawantwadi,tahsil_office,,,Taluka revenue (tahsildar) office,तालुका महसूल (तहसीलदार) कार्यालय,"The Tahsildar office for Sawantwadi taluka, handling local revenue, land records, certificates and citizen services.","सावंतवाडी तालुक्याचे तहसीलदार कार्यालय, स्थानिक महसूल, जमीन अभिलेख, दाखले व नागरिक सेवा सांभाळते.",Taluka revenue (tahsildar) office,True,False,,,15.90360,73.68140,416510,"{""type"": ""civic/govt"", ""level"": ""taluka"", ""landline"": ""02363-258315"", ""source"": ""sindhudurg.nic.in"", ""contact"": ""verified"", ""coord"": ""approx""}",,7588065694,tahsilsawantwadi@gmail.com
"Tahsil Office, Vengurla","तहसील कार्यालय, वेंगुर्ला",Vengurla,tahsil_office,,,Taluka revenue (tahsildar) office,तालुका महसूल (तहसीलदार) कार्यालय,"The Tahsildar office for Vengurla taluka, handling local revenue, land records, certificates and citizen services.","वेंगुर्ला तालुक्याचे तहसीलदार कार्यालय, स्थानिक महसूल, जमीन अभिलेख, दाखले व नागरिक सेवा सांभाळते.",Taluka revenue (tahsildar) office,True,False,,,15.85900,73.63200,416516,"{""type"": ""civic/govt"", ""level"": ""taluka"", ""landline"": ""02366-262038"", ""source"": ""sindhudurg.nic.in"", ""contact"": ""verified"", ""coord"": ""approx""}",,7744854400,tahvgl@gmail.com
"Tahsil Office, Vaibhavwadi","तहसील कार्यालय, वैभववाडी",Vaibhavwadi,tahsil_office,,,Taluka revenue (tahsildar) office,तालुका महसूल (तहसीलदार) कार्यालय,"The Tahsildar office for Vaibhavwadi taluka, handling local revenue, land records, certificates and citizen services.","वैभववाडी तालुक्याचे तहसीलदार कार्यालय, स्थानिक महसूल, जमीन अभिलेख, दाखले व नागरिक सेवा सांभाळते.",Taluka revenue (tahsildar) office,True,False,,,16.55470,73.76810,416810,"{""type"": ""civic/govt"", ""level"": ""taluka"", ""landline"": ""02367-255726"", ""source"": ""sindhudurg.nic.in"", ""contact"": ""verified"", ""coord"": ""approx""}",,8698000201,tvaitah@gmail.com
"Tahsil Office, Dodamarg","तहसील कार्यालय, दोडामार्ग",Dodamarg,tahsil_office,,,Taluka revenue (tahsildar) office,तालुका महसूल (तहसीलदार) कार्यालय,"The Tahsildar office for Dodamarg taluka, handling local revenue, land records, certificates and citizen services.","दोडामार्ग तालुक्याचे तहसीलदार कार्यालय, स्थानिक महसूल, जमीन अभिलेख, दाखले व नागरिक सेवा सांभाळते.",Taluka revenue (tahsildar) office,True,False,,,15.75530,74.00890,416512,"{""type"": ""civic/govt"", ""level"": ""taluka"", ""landline"": """", ""source"": ""sindhudurg.nic.in"", ""contact"": ""verified"", ""coord"": ""approx""}",,9527576919,tahsildodamarg@gmail.com
