"Route No","Route Name","From Stop Name","Till Stop Name","Via Stop Name","Route Type","Bstop ID","Bstop Name","DIST KM","IN ACTIVE","DTL IN ACTIVE",Source_Marathi,Destination_Marathi,Distance_KM,Departure_Time,Arrival_Time,Trip_Type,Frequency,Rest_Remark,Remark,School_Trip
10819,"Kankavli To Bherdewadi",Kankavli,Bherdewadi,,MO,2786,Kankavli,,,,कणकवली,"नरडवे भेरदेवाडी",29.2,14:00,15:10,SC,DAILY,,कनेडी,
10819,"Kankavli To Bherdewadi",Kankavli,Bherdewadi,,MO,2859,Mudeshwar,3.1,,,कणकवली,"नरडवे भेरदेवाडी",29.2,14:00,15:10,SC,DAILY,,कनेडी,
10819,"Kankavli To Bherdewadi",Kankavli,Bherdewadi,,MO,2712,"Enginering Collage",4,,,कणकवली,"नरडवे भेरदेवाडी",29.2,14:00,15:10,SC,DAILY,,कनेडी,
10819,"Kankavli To Bherdewadi",Kankavli,Bherdewadi,,MO,2660,"Bhat Dukan",6.2,,,कणकवली,"नरडवे भेरदेवाडी",29.2,14:00,15:10,SC,DAILY,,कनेडी,
10819,"Kankavli To Bherdewadi",Kankavli,Bherdewadi,,MO,2945,"Sangave Mandir",9.2,,,कणकवली,"नरडवे भेरदेवाडी",29.2,14:00,15:10,SC,DAILY,,कनेडी,
10819,"Kankavli To Bherdewadi",Kankavli,Bherdewadi,,MO,2782,Kanedi,12.2,,,कणकवली,"नरडवे भेरदेवाडी",29.2,14:00,15:10,SC,DAILY,,कनेडी,
10819,"Kankavli To Bherdewadi",Kankavli,Bherdewadi,,MO,2852,"Maruti Mandir",15.5,,,कणकवली,"नरडवे भेरदेवाडी",29.2,14:00,15:10,SC,DAILY,,कनेडी,
10819,"Kankavli To Bherdewadi",Kankavli,Bherdewadi,,MO,2925,"Rajwadi Fata",17.5,,,कणकवली,"नरडवे भेरदेवाडी",29.2,14:00,15:10,SC,DAILY,,कनेडी,
10819,"Kankavli To Bherdewadi",Kankavli,Bherdewadi,,MO,2715,"Forest Nursary",18,,,कणकवली,"नरडवे भेरदेवाडी",29.2,14:00,15:10,SC,DAILY,,कनेडी,
10819,"Kankavli To Bherdewadi",Kankavli,Bherdewadi,,MO,2838,"Londha Pool",18.9,,,कणकवली,"नरडवे भेरदेवाडी",29.2,14:00,15:10,SC,DAILY,,कनेडी,
10819,"Kankavli To Bherdewadi",Kankavli,Bherdewadi,,MO,2830,"Kupawade Fata",21.4,,,कणकवली,"नरडवे भेरदेवाडी",29.2,14:00,15:10,SC,DAILY,,कनेडी,
10819,"Kankavli To Bherdewadi",Kankavli,Bherdewadi,,MO,2879,"Nardave Old",25.3,,,कणकवली,"नरडवे भेरदेवाडी",29.2,14:00,15:10,SC,DAILY,,कनेडी,
10819,"Kankavli To Bherdewadi",Kankavli,Bherdewadi,,MO,2844,"Mail Stone",26.2,,,कणकवली,"नरडवे भेरदेवाडी",29.2,14:00,15:10,SC,DAILY,,कनेडी,
10819,"Kankavli To Bherdewadi",Kankavli,Bherdewadi,,MO,2663,Bherdewadi,29.2,,,कणकवली,"नरडवे भेरदेवाडी",29.2,14:00,15:10,SC,DAILY,,कनेडी,
10841,"Kankavli To Jambhawade Guravwadi Via Gawalwadi",Kankavli,"Jambhawade Guravwadi","GAWALWADI DATTAMANDIR",MO,2786,Kankavli,,,,कणकवली,जांभवडे,73,07:50,10:20,OTHER,DAILY,,"फोंडा/वै.वाडी भुईबावडा",
10841,"Kankavli To Jambhawade Guravwadi Via Gawalwadi",Kankavli,"Jambhawade Guravwadi","GAWALWADI DATTAMANDIR",MO,2768,"Janavali Gavthanwadi",3.8,,,कणकवली,जांभवडे,73,07:50,10:20,OTHER,DAILY,,"फोंडा/वै.वाडी भुईबावडा",
10841,"Kankavli To Jambhawade Guravwadi Via Gawalwadi",Kankavli,"Jambhawade Guravwadi","GAWALWADI DATTAMANDIR",MO,2756,"Humrat Titha",6.9,,,कणकवली,जांभवडे,73,07:50,10:20,OTHER,DAILY,,"फोंडा/वै.वाडी भुईबावडा",
10841,"Kankavli To Jambhawade Guravwadi Via Gawalwadi",Kankavli,"Jambhawade Guravwadi","GAWALWADI DATTAMANDIR",MO,2757,"Humrath Mal Ghorpiwadi",8.4,,,कणकवली,जांभवडे,73,07:50,10:20,OTHER,DAILY,,"फोंडा/वै.वाडी भुईबावडा",
10841,"Kankavli To Jambhawade Guravwadi Via Gawalwadi",Kankavli,"Jambhawade Guravwadi","GAWALWADI DATTAMANDIR",MO,2790,Karul,10.8,,,कणकवली,जांभवडे,73,07:50,10:20,OTHER,DAILY,,"फोंडा/वै.वाडी भुईबावडा",
10841,"Kankavli To Jambhawade Guravwadi Via Gawalwadi",Kankavli,"Jambhawade Guravwadi","GAWALWADI DATTAMANDIR",MO,2781,Kanadewadi,12.2,,,कणकवली,जांभवडे,73,07:50,10:20,OTHER,DAILY,,"फोंडा/वै.वाडी भुईबावडा",
10841,"Kankavli To Jambhawade Guravwadi Via Gawalwadi",Kankavli,"Jambhawade Guravwadi","GAWALWADI DATTAMANDIR",MO,2787,"Kankavli Nandgaon Fata",15,,,कणकवली,जांभवडे,73,07:50,10:20,OTHER,DAILY,,"फोंडा/वै.वाडी भुईबावडा",
10841,"Kankavli To Jambhawade Guravwadi Via Gawalwadi",Kankavli,"Jambhawade Guravwadi","GAWALWADI DATTAMANDIR",MO,2906,"Phonda Iti",15.3,,,कणकवली,जांभवडे,73,07:50,10:20,OTHER,DAILY,,"फोंडा/वै.वाडी भुईबावडा",
10841,"Kankavli To Jambhawade Guravwadi Via Gawalwadi",Kankavli,"Jambhawade Guravwadi","GAWALWADI DATTAMANDIR",MO,2904,Phonda,17.9,,,कणकवली,जांभवडे,73,07:50,10:20,OTHER,DAILY,,"फोंडा/वै.वाडी भुईबावडा",
10841,"Kankavli To Jambhawade Guravwadi Via Gawalwadi",Kankavli,"Jambhawade Guravwadi","GAWALWADI DATTAMANDIR",MO,2858,"Mona Wahal",20.9,,,कणकवली,जांभवडे,73,07:50,10:20,OTHER,DAILY,,"फोंडा/वै.वाडी भुईबावडा",
10841,"Kankavli To Jambhawade Guravwadi Via Gawalwadi",Kankavli,"Jambhawade Guravwadi","GAWALWADI DATTAMANDIR",MO,2949,"Saticha Mal",22.3,,,कणकवली,जांभवडे,73,07:50,10:20,OTHER,DAILY,,"फोंडा/वै.वाडी भुईबावडा",
10841,"Kankavli To Jambhawade Guravwadi Via Gawalwadi",Kankavli,"Jambhawade Guravwadi","GAWALWADI DATTAMANDIR",MO,2839,"Lore Bangala",24.2,,,कणकवली,जांभवडे,73,07:50,10:20,OTHER,DAILY,,"फोंडा/वै.वाडी भुईबावडा",
10841,"Kankavli To Jambhawade Guravwadi Via Gawalwadi",Kankavli,"Jambhawade Guravwadi","GAWALWADI DATTAMANDIR",MO,2735,"Gosavi Hotel",24.6,,,कणकवली,जांभवडे,73,07:50,10:20,OTHER,DAILY,,"फोंडा/वै.वाडी भुईबावडा",
10841,"Kankavli To Jambhawade Guravwadi Via Gawalwadi",Kankavli,"Jambhawade Guravwadi","GAWALWADI DATTAMANDIR",MO,9171,"Achirne Wad",25.8,,,कणकवली,जांभवडे,73,07:50,10:20,OTHER,DAILY,,"फोंडा/वै.वाडी भुईबावडा",
10841,"Kankavli To Jambhawade Guravwadi Via Gawalwadi",Kankavli,"Jambhawade Guravwadi","GAWALWADI DATTAMANDIR",MO,9169,Achirne,27.2,,,कणकवली,जांभवडे,73,07:50,10:20,OTHER,DAILY,,"फोंडा/वै.वाडी भुईबावडा",
10841,"Kankavli To Jambhawade Guravwadi Via Gawalwadi",Kankavli,"Jambhawade Guravwadi","GAWALWADI DATTAMANDIR",MO,9215,Khambale,30.6,,,कणकवली,जांभवडे,73,07:50,10:20,OTHER,DAILY,,"फोंडा/वै.वाडी भुईबावडा",
10841,"Kankavli To Jambhawade Guravwadi Via Gawalwadi",Kankavli,"Jambhawade Guravwadi","GAWALWADI DATTAMANDIR",MO,9189,Dand,33.2,,,कणकवली,जांभवडे,73,07:50,10:20,OTHER,DAILY,,"फोंडा/वै.वाडी भुईबावडा",
10841,"Kankavli To Jambhawade Guravwadi Via Gawalwadi",Kankavli,"Jambhawade Guravwadi","GAWALWADI DATTAMANDIR",MO,9291,Vaibhavwadi,33.4,,,कणकवली,जांभवडे,73,07:50,10:20,OTHER,DAILY,,"फोंडा/वै.वाडी भुईबावडा",
10841,"Kankavli To Jambhawade Guravwadi Via Gawalwadi",Kankavli,"Jambhawade Guravwadi","GAWALWADI DATTAMANDIR",MO,9274,Sonali,35.3,,,कणकवली,जांभवडे,73,07:50,10:20,OTHER,DAILY,,"फोंडा/वै.वाडी भुईबावडा",
10841,"Kankavli To Jambhawade Guravwadi Via Gawalwadi",Kankavli,"Jambhawade Guravwadi","GAWALWADI DATTAMANDIR",MO,9226,"Kusur Bazarwadi",39.1,,,कणकवली,जांभवडे,73,07:50,10:20,OTHER,DAILY,,"फोंडा/वै.वाडी भुईबावडा",
10841,"Kankavli To Jambhawade Guravwadi Via Gawalwadi",Kankavli,"Jambhawade Guravwadi","GAWALWADI DATTAMANDIR",MO,9277,Sutarwadi,43.4,,,कणकवली,जांभवडे,73,07:50,10:20,OTHER,DAILY,,"फोंडा/वै.वाडी भुईबावडा",
10841,"Kankavli To Jambhawade Guravwadi Via Gawalwadi",Kankavli,"Jambhawade Guravwadi","GAWALWADI DATTAMANDIR",MO,9197,"Gawalwadi Dattamandir",44.2,,,कणकवली,जांभवडे,73,07:50,10:20,OTHER,DAILY,,"फोंडा/वै.वाडी भुईबावडा",
10841,"Kankavli To Jambhawade Guravwadi Via Gawalwadi",Kankavli,"Jambhawade Guravwadi","GAWALWADI DATTAMANDIR",MO,9260,"Radhakrishna Mandir",47.2,,,कणकवली,जांभवडे,73,07:50,10:20,OTHER,DAILY,,"फोंडा/वै.वाडी भुईबावडा",
10841,"Kankavli To Jambhawade Guravwadi Via Gawalwadi",Kankavli,"Jambhawade Guravwadi","GAWALWADI DATTAMANDIR",MO,9282,Tirawade,48.1,,,कणकवली,जांभवडे,73,07:50,10:20,OTHER,DAILY,,"फोंडा/वै.वाडी भुईबावडा",
10841,"Kankavli To Jambhawade Guravwadi Via Gawalwadi",Kankavli,"Jambhawade Guravwadi","GAWALWADI DATTAMANDIR",MO,9186,Bhuibavada,51.1,,,कणकवली,जांभवडे,73,07:50,10:20,OTHER,DAILY,,"फोंडा/वै.वाडी भुईबावडा",
10841,"Kankavli To Jambhawade Guravwadi Via Gawalwadi",Kankavli,"Jambhawade Guravwadi","GAWALWADI DATTAMANDIR",MO,9190,Dhangarwadi,52.1,,,कणकवली,जांभवडे,73,07:50,10:20,OTHER,DAILY,,"फोंडा/वै.वाडी भुईबावडा",
10841,"Kankavli To Jambhawade Guravwadi Via Gawalwadi",Kankavli,"Jambhawade Guravwadi","GAWALWADI DATTAMANDIR",MO,9207,"Het School",58.9,,,कणकवली,जांभवडे,73,07:50,10:20,OTHER,DAILY,,"फोंडा/वै.वाडी भुईबावडा",
10841,"Kankavli To Jambhawade Guravwadi Via Gawalwadi",Kankavli,"Jambhawade Guravwadi","GAWALWADI DATTAMANDIR",MO,9177,"Akhavane Fata",59.8,,,कणकवली,जांभवडे,73,07:50,10:20,OTHER,DAILY,,"फोंडा/वै.वाडी भुईबावडा",
10841,"Kankavli To Jambhawade Guravwadi Via Gawalwadi",Kankavli,"Jambhawade Guravwadi","GAWALWADI DATTAMANDIR",MO,9288,Upale,62,,,कणकवली,जांभवडे,73,07:50,10:20,OTHER,DAILY,,"फोंडा/वै.वाडी भुईबावडा",
10841,"Kankavli To Jambhawade Guravwadi Via Gawalwadi",Kankavli,"Jambhawade Guravwadi","GAWALWADI DATTAMANDIR",MO,9289,"Upale Ghat Matha",63.3,,,कणकवली,जांभवडे,73,07:50,10:20,OTHER,DAILY,,"फोंडा/वै.वाडी भुईबावडा",
10841,"Kankavli To Jambhawade Guravwadi Via Gawalwadi",Kankavli,"Jambhawade Guravwadi","GAWALWADI DATTAMANDIR",MO,9251,"Nerle High School",64,,,कणकवली,जांभवडे,73,07:50,10:20,OTHER,DAILY,,"फोंडा/वै.वाडी भुईबावडा",
10841,"Kankavli To Jambhawade Guravwadi Via Gawalwadi",Kankavli,"Jambhawade Guravwadi","GAWALWADI DATTAMANDIR",MO,9282,Tirawade,64.2,,,कणकवली,जांभवडे,73,07:50,10:20,OTHER,DAILY,,"फोंडा/वै.वाडी भुईबावडा",
10841,"Kankavli To Jambhawade Guravwadi Via Gawalwadi",Kankavli,"Jambhawade Guravwadi","GAWALWADI DATTAMANDIR",MO,9253,"Pachal Fata",64.8,,,कणकवली,जांभवडे,73,07:50,10:20,OTHER,DAILY,,"फोंडा/वै.वाडी भुईबावडा",
10841,"Kankavli To Jambhawade Guravwadi Via Gawalwadi",Kankavli,"Jambhawade Guravwadi","GAWALWADI DATTAMANDIR",MO,9261,Rahatkondwadi,65,,,कणकवली,जांभवडे,73,07:50,10:20,OTHER,DAILY,,"फोंडा/वै.वाडी भुईबावडा",
10841,"Kankavli To Jambhawade Guravwadi Via Gawalwadi",Kankavli,"Jambhawade Guravwadi","GAWALWADI DATTAMANDIR",MO,9217,"Kokare Wadi",67.2,,,कणकवली,जांभवडे,73,07:50,10:20,OTHER,DAILY,,"फोंडा/वै.वाडी भुईबावडा",
10841,"Kankavli To Jambhawade Guravwadi Via Gawalwadi",Kankavli,"Jambhawade Guravwadi","GAWALWADI DATTAMANDIR",MO,9256,"Pawar Ghar",70,,,कणकवली,जांभवडे,73,07:50,10:20,OTHER,DAILY,,"फोंडा/वै.वाडी भुईबावडा",
10841,"Kankavli To Jambhawade Guravwadi Via Gawalwadi",Kankavli,"Jambhawade Guravwadi","GAWALWADI DATTAMANDIR",MO,9210,"Jambhawade Guravwadi",73,,,कणकवली,जांभवडे,73,07:50,10:20,OTHER,DAILY,,"फोंडा/वै.वाडी भुईबावडा",
10844,"Kankavli To Kanedi Via Dirbadevi",Kankavli,Kanedi,"DIRBADEVI MANDIR",MO,2786,Kankavli,,,,कणकवली,कनेडी,17.4,07:10,07:50,OBL,DAILY,,भाटदुकान,
10844,"Kankavli To Kanedi Via Dirbadevi",Kankavli,Kanedi,"DIRBADEVI MANDIR",MO,2859,Mudeshwar,3.1,,,कणकवली,कनेडी,17.4,07:10,07:50,OBL,DAILY,,भाटदुकान,
10844,"Kankavli To Kanedi Via Dirbadevi",Kankavli,Kanedi,"DIRBADEVI MANDIR",MO,2660,"Bhat Dukan",6.2,,,कणकवली,कनेडी,17.4,07:10,07:50,OBL,DAILY,,भाटदुकान,
10844,"Kankavli To Kanedi Via Dirbadevi",Kankavli,Kanedi,"DIRBADEVI MANDIR",MO,2943,"Samant Vidyalaya",8.5,,,कणकवली,कनेडी,17.4,07:10,07:50,OBL,DAILY,,भाटदुकान,
10844,"Kankavli To Kanedi Via Dirbadevi",Kankavli,Kanedi,"DIRBADEVI MANDIR",MO,2900,Pednekarwadi,9,,,कणकवली,कनेडी,17.4,07:10,07:50,OBL,DAILY,,भाटदुकान,
10844,"Kankavli To Kanedi Via Dirbadevi",Kankavli,Kanedi,"DIRBADEVI MANDIR",MO,2661,"Bhat Wadi",12,,,कणकवली,कनेडी,17.4,07:10,07:50,OBL,DAILY,,भाटदुकान,
10844,"Kankavli To Kanedi Via Dirbadevi",Kankavli,Kanedi,"DIRBADEVI MANDIR",MO,2706,"Dirbadevi Mandir",15.1,,,कणकवली,कनेडी,17.4,07:10,07:50,OBL,DAILY,,भाटदुकान,
10844,"Kankavli To Kanedi Via Dirbadevi",Kankavli,Kanedi,"DIRBADEVI MANDIR",MO,2782,Kanedi,17.4,,,कणकवली,कनेडी,17.4,07:10,07:50,OBL,DAILY,,भाटदुकान,
11030,"Malvan To Kankavli Via Asrondi Fata",Malvan,Kankavli,"ASRONDI FATA",MO,6915,Malvan,,,,मालवण,कणकवली,57.3,08:45,10:45,OTHER,DAILY,,मालडी,
11030,"Malvan To Kankavli Via Asrondi Fata",Malvan,Kankavli,"ASRONDI FATA",MO,6746,Adari,3.4,,,मालवण,कणकवली,57.3,08:45,10:45,OTHER,DAILY,,मालडी,
11030,"Malvan To Kankavli Via Asrondi Fata",Malvan,Kankavli,"ASRONDI FATA",MO,6779,"Bhagat Nursary",6.3,,,मालवण,कणकवली,57.3,08:45,10:45,OTHER,DAILY,,मालडी,
11030,"Malvan To Kankavli Via Asrondi Fata",Malvan,Kankavli,"ASRONDI FATA",MO,6909,"Mahan Gawade Hotel",9.5,,,मालवण,कणकवली,57.3,08:45,10:45,OTHER,DAILY,,मालडी,
11030,"Malvan To Kankavli Via Asrondi Fata",Malvan,Kankavli,"ASRONDI FATA",MO,6787,"Bilwas Datta Mandir",12.9,,,मालवण,कणकवली,57.3,08:45,10:45,OTHER,DAILY,,मालडी,
11030,"Malvan To Kankavli Via Asrondi Fata",Malvan,Kankavli,"ASRONDI FATA",MO,6756,Anganewadi,13.7,,,मालवण,कणकवली,57.3,08:45,10:45,OTHER,DAILY,,मालडी,
11030,"Malvan To Kankavli Via Asrondi Fata",Malvan,Kankavli,"ASRONDI FATA",MO,6757,"Anganewadi Fata",14.2,,,मालवण,कणकवली,57.3,08:45,10:45,OTHER,DAILY,,मालडी,
11030,"Malvan To Kankavli Via Asrondi Fata",Malvan,Kankavli,"ASRONDI FATA",MO,6785,"Bhogale Dukan",15.1,,,मालवण,कणकवली,57.3,08:45,10:45,OTHER,DAILY,,मालडी,
11030,"Malvan To Kankavli Via Asrondi Fata",Malvan,Kankavli,"ASRONDI FATA",MO,6786,"Bhogale Dukan Magavane Fata",16,,,मालवण,कणकवली,57.3,08:45,10:45,OTHER,DAILY,,मालडी,
11030,"Malvan To Kankavli Via Asrondi Fata",Malvan,Kankavli,"ASRONDI FATA",MO,6769,Bagayat,16.6,,,मालवण,कणकवली,57.3,08:45,10:45,OTHER,DAILY,,मालडी,
11030,"Malvan To Kankavli Via Asrondi Fata",Malvan,Kankavli,"ASRONDI FATA",MO,6923,"Masade Golvan Titha",18.5,,,मालवण,कणकवली,57.3,08:45,10:45,OTHER,DAILY,,मालडी,
11030,"Malvan To Kankavli Via Asrondi Fata",Malvan,Kankavli,"ASRONDI FATA",MO,6925,"Masade Titha",18.6,,,मालवण,कणकवली,57.3,08:45,10:45,OTHER,DAILY,,मालडी,
11030,"Malvan To Kankavli Via Asrondi Fata",Malvan,Kankavli,"ASRONDI FATA",MO,6924,"Masade School",19.6,,,मालवण,कणकवली,57.3,08:45,10:45,OTHER,DAILY,,मालडी,
11030,"Malvan To Kankavli Via Asrondi Fata",Malvan,Kankavli,"ASRONDI FATA",MO,7020,"Viran Bazar",22.1,,,मालवण,कणकवली,57.3,08:45,10:45,OTHER,DAILY,,मालडी,
11030,"Malvan To Kankavli Via Asrondi Fata",Malvan,Kankavli,"ASRONDI FATA",MO,6801,"Chunavare Fata",24.8,,,मालवण,कणकवली,57.3,08:45,10:45,OTHER,DAILY,,मालडी,
11030,"Malvan To Kankavli Via Asrondi Fata",Malvan,Kankavli,"ASRONDI FATA",MO,6913,Malond,27.5,,,मालवण,कणकवली,57.3,08:45,10:45,OTHER,DAILY,,मालडी,
11030,"Malvan To Kankavli Via Asrondi Fata",Malvan,Kankavli,"ASRONDI FATA",MO,6801,"Chunavare Fata",30.2,,,मालवण,कणकवली,57.3,08:45,10:45,OTHER,DAILY,,मालडी,
11030,"Malvan To Kankavli Via Asrondi Fata",Malvan,Kankavli,"ASRONDI FATA",MO,7020,"Viran Bazar",32.9,,,मालवण,कणकवली,57.3,08:45,10:45,OTHER,DAILY,,मालडी,
11030,"Malvan To Kankavli Via Asrondi Fata",Malvan,Kankavli,"ASRONDI FATA",MO,6965,"Poip Katta Titha",33.5,,,मालवण,कणकवली,57.3,08:45,10:45,OTHER,DAILY,,मालडी,
11030,"Malvan To Kankavli Via Asrondi Fata",Malvan,Kankavli,"ASRONDI FATA",MO,6759,"Asgani Bhakardeo Mandir",36.6,,,मालवण,कणकवली,57.3,08:45,10:45,OTHER,DAILY,,मालडी,
11030,"Malvan To Kankavli Via Asrondi Fata",Malvan,Kankavli,"ASRONDI FATA",MO,6775,"Belane Fata",39.3,,,मालवण,कणकवली,57.3,08:45,10:45,OTHER,DAILY,,मालडी,
11030,"Malvan To Kankavli Via Asrondi Fata",Malvan,Kankavli,"ASRONDI FATA",MO,6760,"Asgani Chavan Dukan",42.7,,,मालवण,कणकवली,57.3,08:45,10:45,OTHER,DAILY,,मालडी,
11030,"Malvan To Kankavli Via Asrondi Fata",Malvan,Kankavli,"ASRONDI FATA",MO,3013,Panhalwadi,43,,,मालवण,कणकवली,57.3,08:45,10:45,OTHER,DAILY,,मालडी,
11030,"Malvan To Kankavli Via Asrondi Fata",Malvan,Kankavli,"ASRONDI FATA",MO,6840,"Haladiwadi Maruti Mandir",43.7,,,मालवण,कणकवली,57.3,08:45,10:45,OTHER,DAILY,,मालडी,
11030,"Malvan To Kankavli Via Asrondi Fata",Malvan,Kankavli,"ASRONDI FATA",MO,7023,"Wadacha Naka",45.3,,,मालवण,कणकवली,57.3,08:45,10:45,OTHER,DAILY,,मालडी,
11030,"Malvan To Kankavli Via Asrondi Fata",Malvan,Kankavli,"ASRONDI FATA",MO,6995,"Shiravande Gpo",46,,,मालवण,कणकवली,57.3,08:45,10:45,OTHER,DAILY,,मालडी,
11030,"Malvan To Kankavli Via Asrondi Fata",Malvan,Kankavli,"ASRONDI FATA",MO,6767,"Asrondi Sima",48.2,,,मालवण,कणकवली,57.3,08:45,10:45,OTHER,DAILY,,मालडी,
11030,"Malvan To Kankavli Via Asrondi Fata",Malvan,Kankavli,"ASRONDI FATA",MO,6765,"Asrondi Marathi School",48.9,,,मालवण,कणकवली,57.3,08:45,10:45,OTHER,DAILY,,मालडी,
11030,"Malvan To Kankavli Via Asrondi Fata",Malvan,Kankavli,"ASRONDI FATA",MO,2805,"Kasral Sada Wad",51.3,,,मालवण,कणकवली,57.3,08:45,10:45,OTHER,DAILY,,मालडी,
11030,"Malvan To Kankavli Via Asrondi Fata",Malvan,Kankavli,"ASRONDI FATA",MO,2802,"Kasral Disp",53.2,,,मालवण,कणकवली,57.3,08:45,10:45,OTHER,DAILY,,मालडी,
11030,"Malvan To Kankavli Via Asrondi Fata",Malvan,Kankavli,"ASRONDI FATA",MO,2854,"Masansada Titha Giran",53.9,,,मालवण,कणकवली,57.3,08:45,10:45,OTHER,DAILY,,मालडी,
11030,"Malvan To Kankavli Via Asrondi Fata",Malvan,Kankavli,"ASRONDI FATA",MO,2950,"Satral Pavnadevi Mandir",54.4,,,मालवण,कणकवली,57.3,08:45,10:45,OTHER,DAILY,,मालडी,
11030,"Malvan To Kankavli Via Asrondi Fata",Malvan,Kankavli,"ASRONDI FATA",MO,2645,"Asrondi Fata",56.7,,,मालवण,कणकवली,57.3,08:45,10:45,OTHER,DAILY,,मालडी,
11030,"Malvan To Kankavli Via Asrondi Fata",Malvan,Kankavli,"ASRONDI FATA",MO,2786,Kankavli,57.3,,,मालवण,कणकवली,57.3,08:45,10:45,OTHER,DAILY,,मालडी,
11343,"Kankavli To Tarla",Kankavli,Tarla,,MO,2786,Kankavli,,,,कणकवली,तरळा,22.5,07:00,07:30,SC,SUN,"08.50 ते 14.15 विश्रांती",,
11343,"Kankavli To Tarla",Kankavli,Tarla,,MO,2768,"Janavali Gavthanwadi",3.3,,,कणकवली,तरळा,22.5,07:00,07:30,SC,SUN,"08.50 ते 14.15 विश्रांती",,
11343,"Kankavli To Tarla",Kankavli,Tarla,,MO,2756,"Humrat Titha",7.6,,,कणकवली,तरळा,22.5,07:00,07:30,SC,SUN,"08.50 ते 14.15 विश्रांती",,
11343,"Kankavli To Tarla",Kankavli,Tarla,,MO,2655,Belane,9.8,,,कणकवली,तरळा,22.5,07:00,07:30,SC,SUN,"08.50 ते 14.15 विश्रांती",,
11343,"Kankavli To Tarla",Kankavli,Tarla,,MO,2870,"Nandgaon Datta Mandir",12.2,,,कणकवली,तरळा,22.5,07:00,07:30,SC,SUN,"08.50 ते 14.15 विश्रांती",,
11343,"Kankavli To Tarla",Kankavli,Tarla,,MO,2871,"Nandgaon Fata",14.4,,,कणकवली,तरळा,22.5,07:00,07:30,SC,SUN,"08.50 ते 14.15 विश्रांती",,
11343,"Kankavli To Tarla",Kankavli,Tarla,,MO,2872,"Nandgaon Nursary",15.7,,,कणकवली,तरळा,22.5,07:00,07:30,SC,SUN,"08.50 ते 14.15 विश्रांती",,
11343,"Kankavli To Tarla",Kankavli,Tarla,,MO,2673,"Bramhan Wadi",19.5,,,कणकवली,तरळा,22.5,07:00,07:30,SC,SUN,"08.50 ते 14.15 विश्रांती",,
11343,"Kankavli To Tarla",Kankavli,Tarla,,MO,2982,Tarla,22.5,,,कणकवली,तरळा,22.5,07:00,07:30,SC,SUN,"08.50 ते 14.15 विश्रांती",,
18843,"Achara Bandar To Kankavli","Achara Bandar",Kankavli,,MO,6741,"Achara Bandar",,,,"आचरा बंदर",कणकवली,35.9,07:00,08:10,OBL,DAILY,"सहा तासात कर्त्यव्य संपते","रामगड बेळणे श्रावण",
18843,"Achara Bandar To Kankavli","Achara Bandar",Kankavli,,MO,6740,Achara,2.8,,,"आचरा बंदर",कणकवली,35.9,07:00,08:10,OBL,DAILY,"सहा तासात कर्त्यव्य संपते","रामगड बेळणे श्रावण",
18843,"Achara Bandar To Kankavli","Achara Bandar",Kankavli,,MO,6798,"Chindar Wad",5.9,,Y,"आचरा बंदर",कणकवली,35.9,07:00,08:10,OBL,DAILY,"सहा तासात कर्त्यव्य संपते","रामगड बेळणे श्रावण",
18843,"Achara Bandar To Kankavli","Achara Bandar",Kankavli,,MO,7009,"Trimbak Bazar",7.8,,,"आचरा बंदर",कणकवली,35.9,07:00,08:10,OBL,DAILY,"सहा तासात कर्त्यव्य संपते","रामगड बेळणे श्रावण",
18843,"Achara Bandar To Kankavli","Achara Bandar",Kankavli,,MO,7011,"Trimbak Sapala",9.9,,Y,"आचरा बंदर",कणकवली,35.9,07:00,08:10,OBL,DAILY,"सहा तासात कर्त्यव्य संपते","रामगड बेळणे श्रावण",
18843,"Achara Bandar To Kankavli","Achara Bandar",Kankavli,,MO,6953,"Palsamb School",11.9,,,"आचरा बंदर",कणकवली,35.9,07:00,08:10,OBL,DAILY,"सहा तासात कर्त्यव्य संपते","रामगड बेळणे श्रावण",
18843,"Achara Bandar To Kankavli","Achara Bandar",Kankavli,,MO,6747,"Adavali Gaon",14.5,,,"आचरा बंदर",कणकवली,35.9,07:00,08:10,OBL,DAILY,"सहा तासात कर्त्यव्य संपते","रामगड बेळणे श्रावण",
18843,"Achara Bandar To Kankavli","Achara Bandar",Kankavli,,MO,6749,"Adawali Titha",15.9,,,"आचरा बंदर",कणकवली,35.9,07:00,08:10,OBL,DAILY,"सहा तासात कर्त्यव्य संपते","रामगड बेळणे श्रावण",
18843,"Achara Bandar To Kankavli","Achara Bandar",Kankavli,,MO,6910,"Mail Dagad",17.5,,,"आचरा बंदर",कणकवली,35.9,07:00,08:10,OBL,DAILY,"सहा तासात कर्त्यव्य संपते","रामगड बेळणे श्रावण",
18843,"Achara Bandar To Kankavli","Achara Bandar",Kankavli,,MO,6997,Shravan,18.7,,,"आचरा बंदर",कणकवली,35.9,07:00,08:10,OBL,DAILY,"सहा तासात कर्त्यव्य संपते","रामगड बेळणे श्रावण",
18843,"Achara Bandar To Kankavli","Achara Bandar",Kankavli,,MO,6775,"Belane Fata",20.6,,,"आचरा बंदर",कणकवली,35.9,07:00,08:10,OBL,DAILY,"सहा तासात कर्त्यव्य संपते","रामगड बेळणे श्रावण",
18843,"Achara Bandar To Kankavli","Achara Bandar",Kankavli,,MO,6971,"Ramgad Bazar",23.6,,,"आचरा बंदर",कणकवली,35.9,07:00,08:10,OBL,DAILY,"सहा तासात कर्त्यव्य संपते","रामगड बेळणे श्रावण",
18843,"Achara Bandar To Kankavli","Achara Bandar",Kankavli,,MO,2727,"Gaothan Wad",26.4,,,"आचरा बंदर",कणकवली,35.9,07:00,08:10,OBL,DAILY,"सहा तासात कर्त्यव्य संपते","रामगड बेळणे श्रावण",
18843,"Achara Bandar To Kankavli","Achara Bandar",Kankavli,,MO,2902,"Phalsewadi School",29.3,,,"आचरा बंदर",कणकवली,35.9,07:00,08:10,OBL,DAILY,"सहा तासात कर्त्यव्य संपते","रामगड बेळणे श्रावण",
18843,"Achara Bandar To Kankavli","Achara Bandar",Kankavli,,MO,88092,"Kalmath Phanaswadi",31.1,,,"आचरा बंदर",कणकवली,35.9,07:00,08:10,OBL,DAILY,"सहा तासात कर्त्यव्य संपते","रामगड बेळणे श्रावण",
18843,"Achara Bandar To Kankavli","Achara Bandar",Kankavli,,MO,2786,Kankavli,32.2,,,"आचरा बंदर",कणकवली,35.9,07:00,08:10,OBL,DAILY,"सहा तासात कर्त्यव्य संपते","रामगड बेळणे श्रावण",
18843,"Achara Bandar To Kankavli","Achara Bandar",Kankavli,,MO,88077,"Kankavli Railway Station",33.6,,,"आचरा बंदर",कणकवली,35.9,07:00,08:10,OBL,DAILY,"सहा तासात कर्त्यव्य संपते","रामगड बेळणे श्रावण",
18843,"Achara Bandar To Kankavli","Achara Bandar",Kankavli,,MO,2786,Kankavli,35.9,,,"आचरा बंदर",कणकवली,35.9,07:00,08:10,OBL,DAILY,"सहा तासात कर्त्यव्य संपते","रामगड बेळणे श्रावण",
19170,"Kanedi To Kankavli Via Nagave Khadak",Kanedi,Kankavli,"NAGAVE KHADAK",MO,2782,Kanedi,,,,कनेडी,कणकवली,17.4,08:00,08:40,SC,DAILY,,भाटदुकान,
19170,"Kanedi To Kankavli Via Nagave Khadak",Kanedi,Kankavli,"NAGAVE KHADAK",MO,2706,"Dirbadevi Mandir",2.1,,,कनेडी,कणकवली,17.4,08:00,08:40,SC,DAILY,,भाटदुकान,
19170,"Kanedi To Kankavli Via Nagave Khadak",Kanedi,Kankavli,"NAGAVE KHADAK",MO,2661,"Bhat Wadi",5.8,,,कनेडी,कणकवली,17.4,08:00,08:40,SC,DAILY,,भाटदुकान,
19170,"Kanedi To Kankavli Via Nagave Khadak",Kanedi,Kankavli,"NAGAVE KHADAK",MO,2701,"Dhavan Dukan",8.2,,,कनेडी,कणकवली,17.4,08:00,08:40,SC,DAILY,,भाटदुकान,
19170,"Kanedi To Kankavli Via Nagave Khadak",Kanedi,Kankavli,"NAGAVE KHADAK",MO,2868,"Nagave Marathi School",11.3,,,कनेडी,कणकवली,17.4,08:00,08:40,SC,DAILY,,भाटदुकान,
19170,"Kanedi To Kankavli Via Nagave Khadak",Kanedi,Kankavli,"NAGAVE KHADAK",MO,2867,"Nagave Khadak",12.2,,,कनेडी,कणकवली,17.4,08:00,08:40,SC,DAILY,,भाटदुकान,
19170,"Kanedi To Kankavli Via Nagave Khadak",Kanedi,Kankavli,"NAGAVE KHADAK",MO,2767,"Janavali Fata",14.4,,,कनेडी,कणकवली,17.4,08:00,08:40,SC,DAILY,,भाटदुकान,
19170,"Kanedi To Kankavli Via Nagave Khadak",Kanedi,Kankavli,"NAGAVE KHADAK",MO,2786,Kankavli,17.4,,,कनेडी,कणकवली,17.4,08:00,08:40,SC,DAILY,,भाटदुकान,
19218,"Kanedi To Kankavli Via Bhat Dukan",Kanedi,Kankavli,"BHAT DUKAN",MO,2782,Kanedi,,,,कनेडी,कणकवली,17.4,11:00,11:40,SC,DAILY,,,
19218,"Kanedi To Kankavli Via Bhat Dukan",Kanedi,Kankavli,"BHAT DUKAN",MO,2706,"Dirbadevi Mandir",2.3,,,कनेडी,कणकवली,17.4,11:00,11:40,SC,DAILY,,,
19218,"Kanedi To Kankavli Via Bhat Dukan",Kanedi,Kankavli,"BHAT DUKAN",MO,2661,"Bhat Wadi",5.4,,,कनेडी,कणकवली,17.4,11:00,11:40,SC,DAILY,,,
19218,"Kanedi To Kankavli Via Bhat Dukan",Kanedi,Kankavli,"BHAT DUKAN",MO,2900,Pednekarwadi,8.4,,,कनेडी,कणकवली,17.4,11:00,11:40,SC,DAILY,,,
19218,"Kanedi To Kankavli Via Bhat Dukan",Kanedi,Kankavli,"BHAT DUKAN",MO,2943,"Samant Vidyalaya",8.9,,,कनेडी,कणकवली,17.4,11:00,11:40,SC,DAILY,,,
19218,"Kanedi To Kankavli Via Bhat Dukan",Kanedi,Kankavli,"BHAT DUKAN",MO,2660,"Bhat Dukan",11.2,,,कनेडी,कणकवली,17.4,11:00,11:40,SC,DAILY,,,
19218,"Kanedi To Kankavli Via Bhat Dukan",Kanedi,Kankavli,"BHAT DUKAN",MO,2859,Mudeshwar,14.3,,,कनेडी,कणकवली,17.4,11:00,11:40,SC,DAILY,,,
19218,"Kanedi To Kankavli Via Bhat Dukan",Kanedi,Kankavli,"BHAT DUKAN",MO,2786,Kankavli,17.4,,,कनेडी,कणकवली,17.4,11:00,11:40,SC,DAILY,,,
19413,"Sakedi To Kankavli",Sakedi,Kankavli,,MO,2937,Sakedi,,,,साकेडी,कणकवली,12,12:50,13:20,NON,DAILY,,,
19413,"Sakedi To Kankavli",Sakedi,Kankavli,,MO,2966,"Shirsatwadi Fata",2.3,,,साकेडी,कणकवली,12,12:50,13:20,NON,DAILY,,,
19413,"Sakedi To Kankavli",Sakedi,Kankavli,,MO,2939,"Sakedi School",3,,,साकेडी,कणकवली,12,12:50,13:20,NON,DAILY,,,
19413,"Sakedi To Kankavli",Sakedi,Kankavli,,MO,2850,"Mango Tree",5.8,,,साकेडी,कणकवली,12,12:50,13:20,NON,DAILY,,,
19413,"Sakedi To Kankavli",Sakedi,Kankavli,,MO,2920,"Radhakrishna Mandir",8.9,,,साकेडी,कणकवली,12,12:50,13:20,NON,DAILY,,,
19413,"Sakedi To Kankavli",Sakedi,Kankavli,,MO,2786,Kankavli,12,,,साकेडी,कणकवली,12,12:50,13:20,NON,DAILY,,,
19834,"Kharepatan To Tarla Via Nadgive",Kharepatan,Tarla,NADGIVE,MO,2812,Kharepatan,,,,खारेपाटण,तरळे,14.5,08:20,08:50,SC,DAILY,,सरळ,
19834,"Kharepatan To Tarla Via Nadgive",Kharepatan,Tarla,NADGIVE,MO,2863,Nadgive,2.5,,,खारेपाटण,तरळे,14.5,08:20,08:50,SC,DAILY,,सरळ,
19834,"Kharepatan To Tarla Via Nadgive",Kharepatan,Tarla,NADGIVE,MO,2648,Bambarwadi,3.5,,,खारेपाटण,तरळे,14.5,08:20,08:50,SC,DAILY,,सरळ,
19834,"Kharepatan To Tarla Via Nadgive",Kharepatan,Tarla,NADGIVE,MO,2844,"Mail Stone",5.5,,,खारेपाटण,तरळे,14.5,08:20,08:50,SC,DAILY,,सरळ,
19834,"Kharepatan To Tarla Via Nadgive",Kharepatan,Tarla,NADGIVE,MO,3010,Wargaon,6.7,,,खारेपाटण,तरळे,14.5,08:20,08:50,SC,DAILY,,सरळ,
19834,"Kharepatan To Tarla Via Nadgive",Kharepatan,Tarla,NADGIVE,MO,2844,"Mail Stone",8.5,,,खारेपाटण,तरळे,14.5,08:20,08:50,SC,DAILY,,सरळ,
19834,"Kharepatan To Tarla Via Nadgive",Kharepatan,Tarla,NADGIVE,MO,2941,Saliste,9.6,,,खारेपाटण,तरळे,14.5,08:20,08:50,SC,DAILY,,सरळ,
19834,"Kharepatan To Tarla Via Nadgive",Kharepatan,Tarla,NADGIVE,MO,2844,"Mail Stone",11.5,,,खारेपाटण,तरळे,14.5,08:20,08:50,SC,DAILY,,सरळ,
19834,"Kharepatan To Tarla Via Nadgive",Kharepatan,Tarla,NADGIVE,MO,2982,Tarla,14.5,,,खारेपाटण,तरळे,14.5,08:20,08:50,SC,DAILY,,सरळ,
46453,"Kankavli To Kunde",Kankavli,Kunde,,MO,2786,Kankavli,,,,कणकवली,कुंदे,20,10:10,10:55,NON,DAILY,,,
46453,"Kankavli To Kunde",Kankavli,Kunde,,MO,3001,"Wagade Gpo",3,,,कणकवली,कुंदे,20,10:10,10:55,NON,DAILY,,,
46453,"Kankavli To Kunde",Kankavli,Kunde,,MO,2807,"Kasvan Fata",6,,,कणकवली,कुंदे,20,10:10,10:55,NON,DAILY,,,
46453,"Kankavli To Kunde",Kankavli,Kunde,,MO,2976,"Talawade Mandir",9,,,कणकवली,कुंदे,20,10:10,10:55,NON,DAILY,,,
46453,"Kankavli To Kunde",Kankavli,Kunde,,MO,6090,Ambrad,12,,,कणकवली,कुंदे,20,10:10,10:55,NON,DAILY,,,
46453,"Kankavli To Kunde",Kankavli,Kunde,,MO,6371,"Pokharan School",16.8,,,कणकवली,कुंदे,20,10:10,10:55,NON,DAILY,,,
46453,"Kankavli To Kunde",Kankavli,Kunde,,MO,6264,Kunde,20,,,कणकवली,कुंदे,20,10:10,10:55,NON,DAILY,,,
46840,"Humbarne Society To Kankavli","Humbarne Society",Kankavli,,MO,2755,"Humbarne Society",,,,हुंबरणे,कणकवली,11.4,08:05,08:30,SC,DAILY,,rवरवडे,
46840,"Humbarne Society To Kankavli","Humbarne Society",Kankavli,,MO,2910,"Pise Kamte School",2.4,,,हुंबरणे,कणकवली,11.4,08:05,08:30,SC,DAILY,,rवरवडे,
46840,"Humbarne Society To Kankavli","Humbarne Society",Kankavli,,MO,2836,"Kuweskar Dukan",2.9,,,हुंबरणे,कणकवली,11.4,08:05,08:30,SC,DAILY,,rवरवडे,
46840,"Humbarne Society To Kankavli","Humbarne Society",Kankavli,,MO,2995,"Varawade Mandir",5.4,,,हुंबरणे,कणकवली,11.4,08:05,08:30,SC,DAILY,,rवरवडे,
46840,"Humbarne Society To Kankavli","Humbarne Society",Kankavli,,MO,2786,Kankavli,11.4,,,हुंबरणे,कणकवली,11.4,08:05,08:30,SC,DAILY,,rवरवडे,
47381,"Kharepatan To Vaibhavwadi",Kharepatan,Vaibhavwadi,,MO,2812,Kharepatan,,,,खारेपाटण,वैभववाडी,20.1,08:20,09:05,SC,DAILY,,शिडवणे,
47381,"Kharepatan To Vaibhavwadi",Kharepatan,Vaibhavwadi,,MO,2865,"Nadgive Sherpe Fata",3,,,खारेपाटण,वैभववाडी,20.1,08:20,09:05,SC,DAILY,,शिडवणे,
47381,"Kharepatan To Vaibhavwadi",Kharepatan,Vaibhavwadi,,MO,2648,Bambarwadi,4.2,,,खारेपाटण,वैभववाडी,20.1,08:20,09:05,SC,DAILY,,शिडवणे,
47381,"Kharepatan To Vaibhavwadi",Kharepatan,Vaibhavwadi,,MO,2844,"Mail Stone",6,,,खारेपाटण,वैभववाडी,20.1,08:20,09:05,SC,DAILY,,शिडवणे,
47381,"Kharepatan To Vaibhavwadi",Kharepatan,Vaibhavwadi,,MO,3010,Wargaon,7.1,,,खारेपाटण,वैभववाडी,20.1,08:20,09:05,SC,DAILY,,शिडवणे,
47381,"Kharepatan To Vaibhavwadi",Kharepatan,Vaibhavwadi,,MO,2964,"Shidawane Ranade Dukan",9,,,खारेपाटण,वैभववाडी,20.1,08:20,09:05,SC,DAILY,,शिडवणे,
47381,"Kharepatan To Vaibhavwadi",Kharepatan,Vaibhavwadi,,MO,2961,Shidawane,11,,,खारेपाटण,वैभववाडी,20.1,08:20,09:05,SC,DAILY,,शिडवणे,
47381,"Kharepatan To Vaibhavwadi",Kharepatan,Vaibhavwadi,,MO,2844,"Mail Stone",12,,,खारेपाटण,वैभववाडी,20.1,08:20,09:05,SC,DAILY,,शिडवणे,
47381,"Kharepatan To Vaibhavwadi",Kharepatan,Vaibhavwadi,,MO,9241,Nadhawade,13,,,खारेपाटण,वैभववाडी,20.1,08:20,09:05,SC,DAILY,,शिडवणे,
47381,"Kharepatan To Vaibhavwadi",Kharepatan,Vaibhavwadi,,MO,9229,"Mail Dagad",15,,,खारेपाटण,वैभववाडी,20.1,08:20,09:05,SC,DAILY,,शिडवणे,
47381,"Kharepatan To Vaibhavwadi",Kharepatan,Vaibhavwadi,,MO,9181,Bandhwadi,17.1,,,खारेपाटण,वैभववाडी,20.1,08:20,09:05,SC,DAILY,,शिडवणे,
47381,"Kharepatan To Vaibhavwadi",Kharepatan,Vaibhavwadi,,MO,9291,Vaibhavwadi,20.1,,,खारेपाटण,वैभववाडी,20.1,08:20,09:05,SC,DAILY,,शिडवणे,
59510,"Shirale To Kankavli Via Damare Titha",Shirale,Kankavli,"DAMARE TITHA",MO,9273,Shirale,,,,शिराळे,कणकवली,51.7,15:55,18:10,SC,DAILY,,"वैभववाडी फोंडा डांमरे",
59510,"Shirale To Kankavli Via Damare Titha",Shirale,Kankavli,"DAMARE TITHA",MO,9266,"Sadure End",3,,,शिराळे,कणकवली,51.7,15:55,18:10,SC,DAILY,,"वैभववाडी फोंडा डांमरे",
59510,"Shirale To Kankavli Via Damare Titha",Shirale,Kankavli,"DAMARE TITHA",MO,9265,"Sadure Boudhawadi",6,,,शिराळे,कणकवली,51.7,15:55,18:10,SC,DAILY,,"वैभववाडी फोंडा डांमरे",
59510,"Shirale To Kankavli Via Damare Titha",Shirale,Kankavli,"DAMARE TITHA",MO,9252,"Nim Arule Vinanti",9,,,शिराळे,कणकवली,51.7,15:55,18:10,SC,DAILY,,"वैभववाडी फोंडा डांमरे",
59510,"Shirale To Kankavli Via Damare Titha",Shirale,Kankavli,"DAMARE TITHA",MO,9249,"Nawale Fata",12,,,शिराळे,कणकवली,51.7,15:55,18:10,SC,DAILY,,"वैभववाडी फोंडा डांमरे",
59510,"Shirale To Kankavli Via Damare Titha",Shirale,Kankavli,"DAMARE TITHA",MO,9291,Vaibhavwadi,15,,,शिराळे,कणकवली,51.7,15:55,18:10,SC,DAILY,,"वैभववाडी फोंडा डांमरे",
59510,"Shirale To Kankavli Via Damare Titha",Shirale,Kankavli,"DAMARE TITHA",MO,9189,Dand,18,,,शिराळे,कणकवली,51.7,15:55,18:10,SC,DAILY,,"वैभववाडी फोंडा डांमरे",
59510,"Shirale To Kankavli Via Damare Titha",Shirale,Kankavli,"DAMARE TITHA",MO,9215,Khambale,21,,,शिराळे,कणकवली,51.7,15:55,18:10,SC,DAILY,,"वैभववाडी फोंडा डांमरे",
59510,"Shirale To Kankavli Via Damare Titha",Shirale,Kankavli,"DAMARE TITHA",MO,9171,"Achirne Wad",24,,,शिराळे,कणकवली,51.7,15:55,18:10,SC,DAILY,,"वैभववाडी फोंडा डांमरे",
59510,"Shirale To Kankavli Via Damare Titha",Shirale,Kankavli,"DAMARE TITHA",MO,2839,"Lore Bangala",27,,,शिराळे,कणकवली,51.7,15:55,18:10,SC,DAILY,,"वैभववाडी फोंडा डांमरे",
59510,"Shirale To Kankavli Via Damare Titha",Shirale,Kankavli,"DAMARE TITHA",MO,2858,"Mona Wahal",30,,,शिराळे,कणकवली,51.7,15:55,18:10,SC,DAILY,,"वैभववाडी फोंडा डांमरे",
59510,"Shirale To Kankavli Via Damare Titha",Shirale,Kankavli,"DAMARE TITHA",MO,2904,Phonda,33,,,शिराळे,कणकवली,51.7,15:55,18:10,SC,DAILY,,"वैभववाडी फोंडा डांमरे",
59510,"Shirale To Kankavli Via Damare Titha",Shirale,Kankavli,"DAMARE TITHA",MO,2787,"Kankavli Nandgaon Fata",36,,,शिराळे,कणकवली,51.7,15:55,18:10,SC,DAILY,,"वैभववाडी फोंडा डांमरे",
59510,"Shirale To Kankavli Via Damare Titha",Shirale,Kankavli,"DAMARE TITHA",MO,2690,"Damare Titha",37,,,शिराळे,कणकवली,51.7,15:55,18:10,SC,DAILY,,"वैभववाडी फोंडा डांमरे",
59510,"Shirale To Kankavli Via Damare Titha",Shirale,Kankavli,"DAMARE TITHA",MO,2724,Gaothan,39,,,शिराळे,कणकवली,51.7,15:55,18:10,SC,DAILY,,"वैभववाडी फोंडा डांमरे",
59510,"Shirale To Kankavli Via Damare Titha",Shirale,Kankavli,"DAMARE TITHA",MO,2988,"Tiware Gpo",42,,,शिराळे,कणकवली,51.7,15:55,18:10,SC,DAILY,,"वैभववाडी फोंडा डांमरे",
59510,"Shirale To Kankavli Via Damare Titha",Shirale,Kankavli,"DAMARE TITHA",MO,2655,Belane,45,,,शिराळे,कणकवली,51.7,15:55,18:10,SC,DAILY,,"वैभववाडी फोंडा डांमरे",
59510,"Shirale To Kankavli Via Damare Titha",Shirale,Kankavli,"DAMARE TITHA",MO,2756,"Humrat Titha",46,,,शिराळे,कणकवली,51.7,15:55,18:10,SC,DAILY,,"वैभववाडी फोंडा डांमरे",
59510,"Shirale To Kankavli Via Damare Titha",Shirale,Kankavli,"DAMARE TITHA",MO,2768,"Janavali Gavthanwadi",49,,,शिराळे,कणकवली,51.7,15:55,18:10,SC,DAILY,,"वैभववाडी फोंडा डांमरे",
59510,"Shirale To Kankavli Via Damare Titha",Shirale,Kankavli,"DAMARE TITHA",MO,2786,Kankavli,51.7,,,शिराळे,कणकवली,51.7,15:55,18:10,SC,DAILY,,"वैभववाडी फोंडा डांमरे",
59551,"Tarla To Shelchiwadi Gaon Via Otav",Tarla,"Shelichi Wadi",OTAV,MO,2982,Tarla,,,,तरळे,शेळाचीवाडी,27,16:30,17:30,SC,"SAT,SUN",,शेळीचीवाडी,
59551,"Tarla To Shelchiwadi Gaon Via Otav",Tarla,"Shelichi Wadi",OTAV,MO,2673,"Bramhan Wadi",3,,,तरळे,शेळाचीवाडी,27,16:30,17:30,SC,"SAT,SUN",,शेळीचीवाडी,
59551,"Tarla To Shelchiwadi Gaon Via Otav",Tarla,"Shelichi Wadi",OTAV,MO,2872,"Nandgaon Nursary",6,,,तरळे,शेळाचीवाडी,27,16:30,17:30,SC,"SAT,SUN",,शेळीचीवाडी,
59551,"Tarla To Shelchiwadi Gaon Via Otav",Tarla,"Shelichi Wadi",OTAV,MO,2871,"Nandgaon Fata",7.2,,,तरळे,शेळाचीवाडी,27,16:30,17:30,SC,"SAT,SUN",,शेळीचीवाडी,
59551,"Tarla To Shelchiwadi Gaon Via Otav",Tarla,"Shelichi Wadi",OTAV,MO,2869,Nandgaon,9,,,तरळे,शेळाचीवाडी,27,16:30,17:30,SC,"SAT,SUN",,शेळीचीवाडी,
59551,"Tarla To Shelchiwadi Gaon Via Otav",Tarla,"Shelichi Wadi",OTAV,MO,2892,Otav,12,,,तरळे,शेळाचीवाडी,27,16:30,17:30,SC,"SAT,SUN",,शेळीचीवाडी,
59551,"Tarla To Shelchiwadi Gaon Via Otav",Tarla,"Shelichi Wadi",OTAV,MO,2869,Nandgaon,15,,,तरळे,शेळाचीवाडी,27,16:30,17:30,SC,"SAT,SUN",,शेळीचीवाडी,
59551,"Tarla To Shelchiwadi Gaon Via Otav",Tarla,"Shelichi Wadi",OTAV,MO,2871,"Nandgaon Fata",16.2,,,तरळे,शेळाचीवाडी,27,16:30,17:30,SC,"SAT,SUN",,शेळीचीवाडी,
59551,"Tarla To Shelchiwadi Gaon Via Otav",Tarla,"Shelichi Wadi",OTAV,MO,2668,Bobhatewadi,18,,,तरळे,शेळाचीवाडी,27,16:30,17:30,SC,"SAT,SUN",,शेळीचीवाडी,
59551,"Tarla To Shelchiwadi Gaon Via Otav",Tarla,"Shelichi Wadi",OTAV,MO,2654,"Bawashi Gaon",21.4,,,तरळे,शेळाचीवाडी,27,16:30,17:30,SC,"SAT,SUN",,शेळीचीवाडी,
59551,"Tarla To Shelchiwadi Gaon Via Otav",Tarla,"Shelichi Wadi",OTAV,MO,2990,Tondavli,24,,,तरळे,शेळाचीवाडी,27,16:30,17:30,SC,"SAT,SUN",,शेळीचीवाडी,
59551,"Tarla To Shelchiwadi Gaon Via Otav",Tarla,"Shelichi Wadi",OTAV,MO,2958,"Shelichi Wadi",27,,,तरळे,शेळाचीवाडी,27,16:30,17:30,SC,"SAT,SUN",,शेळीचीवाडी,
59600,"Kanedi To Kankavli",Kanedi,Kankavli,,MO,2782,Kanedi,,,,कनेडी,कणकवली,11.4,11:35,12:00,OTHER,SUN,,,
59600,"Kanedi To Kankavli",Kanedi,Kankavli,,MO,2944,"Sangave Mal",0.5,,,कनेडी,कणकवली,11.4,11:35,12:00,OTHER,SUN,,,
59600,"Kanedi To Kankavli",Kanedi,Kankavli,,MO,2954,"Sawant Ghar",1.9,,,कनेडी,कणकवली,11.4,11:35,12:00,OTHER,SUN,,,
59600,"Kanedi To Kankavli",Kanedi,Kankavli,,MO,2945,"Sangave Mandir",3,,,कनेडी,कणकवली,11.4,11:35,12:00,OTHER,SUN,,,
59600,"Kanedi To Kankavli",Kanedi,Kankavli,,MO,2774,Kalitri,4.6,,,कनेडी,कणकवली,11.4,11:35,12:00,OTHER,SUN,,,
59600,"Kanedi To Kankavli",Kanedi,Kankavli,,MO,2660,"Bhat Dukan",6,,,कनेडी,कणकवली,11.4,11:35,12:00,OTHER,SUN,,,
59600,"Kanedi To Kankavli",Kanedi,Kankavli,,MO,2851,"Marathe Dispensary",7,,,कनेडी,कणकवली,11.4,11:35,12:00,OTHER,SUN,,,
59600,"Kanedi To Kankavli",Kanedi,Kankavli,,MO,2859,Mudeshwar,9.1,,,कनेडी,कणकवली,11.4,11:35,12:00,OTHER,SUN,,,
59600,"Kanedi To Kankavli",Kanedi,Kankavli,,MO,2786,Kankavli,11.4,,,कनेडी,कणकवली,11.4,11:35,12:00,OTHER,SUN,,,
72501,"Shirawali To Tarla Via Gavane Fata",Shirawali,Tarla,"GAVANE FATA",MO,2965,Shirawali,,,,शिरवली,तरळे,12,08:30,08:55,SC,DAILY,,,
72501,"Shirawali To Tarla Via Gavane Fata",Shirawali,Tarla,"GAVANE FATA",MO,2722,Gangowadi,3,,,शिरवली,तरळे,12,08:30,08:55,SC,DAILY,,,
72501,"Shirawali To Tarla Via Gavane Fata",Shirawali,Tarla,"GAVANE FATA",MO,1736,"Gavane Fata",6,,,शिरवली,तरळे,12,08:30,08:55,SC,DAILY,,,
72501,"Shirawali To Tarla Via Gavane Fata",Shirawali,Tarla,"GAVANE FATA",MO,1701,"Darum Siddheshwar Mandir",9,,,शिरवली,तरळे,12,08:30,08:55,SC,DAILY,,,
72501,"Shirawali To Tarla Via Gavane Fata",Shirawali,Tarla,"GAVANE FATA",MO,2982,Tarla,12,,,शिरवली,तरळे,12,08:30,08:55,SC,DAILY,,,
90338,"Gadmath Shala To Vaibhavwadi Via Lore Bangala","Gadmath Shala",Vaibhavwadi,"LORE BANGALA",MO,2719,"Gadmath Shala",,,,गडमठ,वैभववाडी,17.4,09:00,09:35,MV,SUNDAY,,"आचिर्णे खम्बाले ueesjs yebieuee",
90338,"Gadmath Shala To Vaibhavwadi Via Lore Bangala","Gadmath Shala",Vaibhavwadi,"LORE BANGALA",MO,2844,"Mail Stone",2.2,,,गडमठ,वैभववाडी,17.4,09:00,09:35,MV,SUNDAY,,"आचिर्णे खम्बाले ueesjs yebieuee",
90338,"Gadmath Shala To Vaibhavwadi Via Lore Bangala","Gadmath Shala",Vaibhavwadi,"LORE BANGALA",MO,2735,"Gosavi Hotel",3.2,,,गडमठ,वैभववाडी,17.4,09:00,09:35,MV,SUNDAY,,"आचिर्णे खम्बाले ueesjs yebieuee",
90338,"Gadmath Shala To Vaibhavwadi Via Lore Bangala","Gadmath Shala",Vaibhavwadi,"LORE BANGALA",MO,2839,"Lore Bangala",5.2,,,गडमठ,वैभववाडी,17.4,09:00,09:35,MV,SUNDAY,,"आचिर्णे खम्बाले ueesjs yebieuee",
90338,"Gadmath Shala To Vaibhavwadi Via Lore Bangala","Gadmath Shala",Vaibhavwadi,"LORE BANGALA",MO,2735,"Gosavi Hotel",6.1,,,गडमठ,वैभववाडी,17.4,09:00,09:35,MV,SUNDAY,,"आचिर्णे खम्बाले ueesjs yebieuee",
90338,"Gadmath Shala To Vaibhavwadi Via Lore Bangala","Gadmath Shala",Vaibhavwadi,"LORE BANGALA",MO,9171,"Achirne Wad",8.2,,,गडमठ,वैभववाडी,17.4,09:00,09:35,MV,SUNDAY,,"आचिर्णे खम्बाले ueesjs yebieuee",
90338,"Gadmath Shala To Vaibhavwadi Via Lore Bangala","Gadmath Shala",Vaibhavwadi,"LORE BANGALA",MO,9169,Achirne,10,,,गडमठ,वैभववाडी,17.4,09:00,09:35,MV,SUNDAY,,"आचिर्णे खम्बाले ueesjs yebieuee",
90338,"Gadmath Shala To Vaibhavwadi Via Lore Bangala","Gadmath Shala",Vaibhavwadi,"LORE BANGALA",MO,9215,Khambale,11.2,,,गडमठ,वैभववाडी,17.4,09:00,09:35,MV,SUNDAY,,"आचिर्णे खम्बाले ueesjs yebieuee",
90338,"Gadmath Shala To Vaibhavwadi Via Lore Bangala","Gadmath Shala",Vaibhavwadi,"LORE BANGALA",MO,9189,Dand,13.1,,,गडमठ,वैभववाडी,17.4,09:00,09:35,MV,SUNDAY,,"आचिर्णे खम्बाले ueesjs yebieuee",
90338,"Gadmath Shala To Vaibhavwadi Via Lore Bangala","Gadmath Shala",Vaibhavwadi,"LORE BANGALA",MO,9291,Vaibhavwadi,17.4,,,गडमठ,वैभववाडी,17.4,09:00,09:35,MV,SUNDAY,,"आचिर्णे खम्बाले ueesjs yebieuee",
90358,"Karul To Phonda",Karul,Phonda,,MO,2790,Karul,,,,करूळ,फोंडा,8.2,16:40,16:55,SC,"SAT,SUN",,,
90358,"Karul To Phonda",Karul,Phonda,,MO,2781,Kanadewadi,2.2,,,करूळ,फोंडा,8.2,16:40,16:55,SC,"SAT,SUN",,,
90358,"Karul To Phonda",Karul,Phonda,,MO,2787,"Kankavli Nandgaon Fata",5.2,,,करूळ,फोंडा,8.2,16:40,16:55,SC,"SAT,SUN",,,
90358,"Karul To Phonda",Karul,Phonda,,MO,2904,Phonda,8.2,,,करूळ,फोंडा,8.2,16:40,16:55,SC,"SAT,SUN",,,
92110,"Phonda To Kankavli Via Khalantar",Phonda,Kankavli,KHALANTAR,MO,2904,Phonda,,,,फोंडा,कणकवली,35.6,12:15,13:30,NON,DAILY,,"हुंबरणे/कनेडी मार्गे",
92110,"Phonda To Kankavli Via Khalantar",Phonda,Kankavli,KHALANTAR,MO,2899,Pawanadevi,3,,,फोंडा,कणकवली,35.6,12:15,13:30,NON,DAILY,,"हुंबरणे/कनेडी मार्गे",
92110,"Phonda To Kankavli Via Khalantar",Phonda,Kankavli,KHALANTAR,MO,2749,"Harkul Thade",4.2,,,फोंडा,कणकवली,35.6,12:15,13:30,NON,DAILY,,"हुंबरणे/कनेडी मार्गे",
92110,"Phonda To Kankavli Via Khalantar",Phonda,Kankavli,KHALANTAR,MO,2745,"Harkul Chinch",6,,,फोंडा,कणकवली,35.6,12:15,13:30,NON,DAILY,,"हुंबरणे/कनेडी मार्गे",
92110,"Phonda To Kankavli Via Khalantar",Phonda,Kankavli,KHALANTAR,MO,2661,"Bhat Wadi",7.2,,,फोंडा,कणकवली,35.6,12:15,13:30,NON,DAILY,,"हुंबरणे/कनेडी मार्गे",
92110,"Phonda To Kankavli Via Khalantar",Phonda,Kankavli,KHALANTAR,MO,2813,Khind,9,,,फोंडा,कणकवली,35.6,12:15,13:30,NON,DAILY,,"हुंबरणे/कनेडी मार्गे",
92110,"Phonda To Kankavli Via Khalantar",Phonda,Kankavli,KHALANTAR,MO,2649,Bandh,12,,,फोंडा,कणकवली,35.6,12:15,13:30,NON,DAILY,,"हुंबरणे/कनेडी मार्गे",
92110,"Phonda To Kankavli Via Khalantar",Phonda,Kankavli,KHALANTAR,MO,2743,"Hanuman Mandir",15,,,फोंडा,कणकवली,35.6,12:15,13:30,NON,DAILY,,"हुंबरणे/कनेडी मार्गे",
92110,"Phonda To Kankavli Via Khalantar",Phonda,Kankavli,KHALANTAR,MO,2810,Khalantar,16.2,,,फोंडा,कणकवली,35.6,12:15,13:30,NON,DAILY,,"हुंबरणे/कनेडी मार्गे",
92110,"Phonda To Kankavli Via Khalantar",Phonda,Kankavli,KHALANTAR,MO,2782,Kanedi,21,,,फोंडा,कणकवली,35.6,12:15,13:30,NON,DAILY,,"हुंबरणे/कनेडी मार्गे",
92110,"Phonda To Kankavli Via Khalantar",Phonda,Kankavli,KHALANTAR,MO,2926,"Rameshwar Mandir",25,,,फोंडा,कणकवली,35.6,12:15,13:30,NON,DAILY,,"हुंबरणे/कनेडी मार्गे",
92110,"Phonda To Kankavli Via Khalantar",Phonda,Kankavli,KHALANTAR,MO,2660,"Bhat Dukan",29,,,फोंडा,कणकवली,35.6,12:15,13:30,NON,DAILY,,"हुंबरणे/कनेडी मार्गे",
92110,"Phonda To Kankavli Via Khalantar",Phonda,Kankavli,KHALANTAR,MO,2859,Mudeshwar,32,,,फोंडा,कणकवली,35.6,12:15,13:30,NON,DAILY,,"हुंबरणे/कनेडी मार्गे",
92110,"Phonda To Kankavli Via Khalantar",Phonda,Kankavli,KHALANTAR,MO,2786,Kankavli,35.6,,,फोंडा,कणकवली,35.6,12:15,13:30,NON,DAILY,,"हुंबरणे/कनेडी मार्गे",
100891,"Kharepatan To Kankavli Via Shidawane",Kharepatan,Kankavli,SHIDAWANE,MO,2812,Kharepatan,,,,खारेपाटण,कणकवली,43.5,12:10,13:25,NON,DAILY,,शिडवणे,
100891,"Kharepatan To Kankavli Via Shidawane",Kharepatan,Kankavli,SHIDAWANE,MO,2863,Nadgive,3,,,खारेपाटण,कणकवली,43.5,12:10,13:25,NON,DAILY,,शिडवणे,
100891,"Kharepatan To Kankavli Via Shidawane",Kharepatan,Kankavli,SHIDAWANE,MO,2648,Bambarwadi,4.3,,,खारेपाटण,कणकवली,43.5,12:10,13:25,NON,DAILY,,शिडवणे,
100891,"Kharepatan To Kankavli Via Shidawane",Kharepatan,Kankavli,SHIDAWANE,MO,2844,"Mail Stone",6,,,खारेपाटण,कणकवली,43.5,12:10,13:25,NON,DAILY,,शिडवणे,
100891,"Kharepatan To Kankavli Via Shidawane",Kharepatan,Kankavli,SHIDAWANE,MO,3010,Wargaon,8.2,,,खारेपाटण,कणकवली,43.5,12:10,13:25,NON,DAILY,,शिडवणे,
100891,"Kharepatan To Kankavli Via Shidawane",Kharepatan,Kankavli,SHIDAWANE,MO,2964,"Shidawane Ranade Dukan",9,,,खारेपाटण,कणकवली,43.5,12:10,13:25,NON,DAILY,,शिडवणे,
100891,"Kharepatan To Kankavli Via Shidawane",Kharepatan,Kankavli,SHIDAWANE,MO,2961,Shidawane,12,,,खारेपाटण,कणकवली,43.5,12:10,13:25,NON,DAILY,,शिडवणे,
100891,"Kharepatan To Kankavli Via Shidawane",Kharepatan,Kankavli,SHIDAWANE,MO,2720,"Gangeshwar Mandir",15,,,खारेपाटण,कणकवली,43.5,12:10,13:25,NON,DAILY,,शिडवणे,
100891,"Kharepatan To Kankavli Via Shidawane",Kharepatan,Kankavli,SHIDAWANE,MO,2821,"Konewadi School",18,,,खारेपाटण,कणकवली,43.5,12:10,13:25,NON,DAILY,,शिडवणे,
100891,"Kharepatan To Kankavli Via Shidawane",Kharepatan,Kankavli,SHIDAWANE,MO,2921,Raghuchiwadi,21,,,खारेपाटण,कणकवली,43.5,12:10,13:25,NON,DAILY,,शिडवणे,
100891,"Kharepatan To Kankavli Via Shidawane",Kharepatan,Kankavli,SHIDAWANE,MO,2982,Tarla,24,,,खारेपाटण,कणकवली,43.5,12:10,13:25,NON,DAILY,,शिडवणे,
100891,"Kharepatan To Kankavli Via Shidawane",Kharepatan,Kankavli,SHIDAWANE,MO,2673,"Bramhan Wadi",27,,,खारेपाटण,कणकवली,43.5,12:10,13:25,NON,DAILY,,शिडवणे,
100891,"Kharepatan To Kankavli Via Shidawane",Kharepatan,Kankavli,SHIDAWANE,MO,2872,"Nandgaon Nursary",30,,,खारेपाटण,कणकवली,43.5,12:10,13:25,NON,DAILY,,शिडवणे,
100891,"Kharepatan To Kankavli Via Shidawane",Kharepatan,Kankavli,SHIDAWANE,MO,2871,"Nandgaon Fata",31,,,खारेपाटण,कणकवली,43.5,12:10,13:25,NON,DAILY,,शिडवणे,
100891,"Kharepatan To Kankavli Via Shidawane",Kharepatan,Kankavli,SHIDAWANE,MO,2870,"Nandgaon Datta Mandir",33,,,खारेपाटण,कणकवली,43.5,12:10,13:25,NON,DAILY,,शिडवणे,
100891,"Kharepatan To Kankavli Via Shidawane",Kharepatan,Kankavli,SHIDAWANE,MO,2655,Belane,36,,,खारेपाटण,कणकवली,43.5,12:10,13:25,NON,DAILY,,शिडवणे,
100891,"Kharepatan To Kankavli Via Shidawane",Kharepatan,Kankavli,SHIDAWANE,MO,2756,"Humrat Titha",39,,,खारेपाटण,कणकवली,43.5,12:10,13:25,NON,DAILY,,शिडवणे,
100891,"Kharepatan To Kankavli Via Shidawane",Kharepatan,Kankavli,SHIDAWANE,MO,2768,"Janavali Gavthanwadi",42,,,खारेपाटण,कणकवली,43.5,12:10,13:25,NON,DAILY,,शिडवणे,
100891,"Kharepatan To Kankavli Via Shidawane",Kharepatan,Kankavli,SHIDAWANE,MO,2786,Kankavli,43.5,,,खारेपाटण,कणकवली,43.5,12:10,13:25,NON,DAILY,,शिडवणे,
106446,"Phonda To Ringewadi Via Vaibhavwadi",Phonda,Ringewadi,VAIBHAVWADI,MO,2904,Phonda,,,,फोंडा,रिंगेवाडी,36.7,19:30,20:45,OBL,DAILY,,"वैभववाडी मार्गे,वस्ती",
106446,"Phonda To Ringewadi Via Vaibhavwadi",Phonda,Ringewadi,VAIBHAVWADI,MO,2858,"Mona Wahal",3,,,फोंडा,रिंगेवाडी,36.7,19:30,20:45,OBL,DAILY,,"वैभववाडी मार्गे,वस्ती",
106446,"Phonda To Ringewadi Via Vaibhavwadi",Phonda,Ringewadi,VAIBHAVWADI,MO,2839,"Lore Bangala",6.3,,,फोंडा,रिंगेवाडी,36.7,19:30,20:45,OBL,DAILY,,"वैभववाडी मार्गे,वस्ती",
106446,"Phonda To Ringewadi Via Vaibhavwadi",Phonda,Ringewadi,VAIBHAVWADI,MO,9171,"Achirne Wad",7.9,,,फोंडा,रिंगेवाडी,36.7,19:30,20:45,OBL,DAILY,,"वैभववाडी मार्गे,वस्ती",
106446,"Phonda To Ringewadi Via Vaibhavwadi",Phonda,Ringewadi,VAIBHAVWADI,MO,9215,Khambale,12.7,,,फोंडा,रिंगेवाडी,36.7,19:30,20:45,OBL,DAILY,,"वैभववाडी मार्गे,वस्ती",
106446,"Phonda To Ringewadi Via Vaibhavwadi",Phonda,Ringewadi,VAIBHAVWADI,MO,9189,Dand,15.3,,,फोंडा,रिंगेवाडी,36.7,19:30,20:45,OBL,DAILY,,"वैभववाडी मार्गे,वस्ती",
106446,"Phonda To Ringewadi Via Vaibhavwadi",Phonda,Ringewadi,VAIBHAVWADI,MO,9291,Vaibhavwadi,18.4,,,फोंडा,रिंगेवाडी,36.7,19:30,20:45,OBL,DAILY,,"वैभववाडी मार्गे,वस्ती",
106446,"Phonda To Ringewadi Via Vaibhavwadi",Phonda,Ringewadi,VAIBHAVWADI,MO,9247,"Narkar Dukan",22.5,,,फोंडा,रिंगेवाडी,36.7,19:30,20:45,OBL,DAILY,,"वैभववाडी मार्गे,वस्ती",
106446,"Phonda To Ringewadi Via Vaibhavwadi",Phonda,Ringewadi,VAIBHAVWADI,MO,9226,"Kusur Bazarwadi",24.2,,,फोंडा,रिंगेवाडी,36.7,19:30,20:45,OBL,DAILY,,"वैभववाडी मार्गे,वस्ती",
106446,"Phonda To Ringewadi Via Vaibhavwadi",Phonda,Ringewadi,VAIBHAVWADI,MO,9277,Sutarwadi,28.5,,,फोंडा,रिंगेवाडी,36.7,19:30,20:45,OBL,DAILY,,"वैभववाडी मार्गे,वस्ती",
106446,"Phonda To Ringewadi Via Vaibhavwadi",Phonda,Ringewadi,VAIBHAVWADI,MO,9197,"Gawalwadi Dattamandir",29.3,,,फोंडा,रिंगेवाडी,36.7,19:30,20:45,OBL,DAILY,,"वैभववाडी मार्गे,वस्ती",
106446,"Phonda To Ringewadi Via Vaibhavwadi",Phonda,Ringewadi,VAIBHAVWADI,MO,9282,Tirawade,33.2,,,फोंडा,रिंगेवाडी,36.7,19:30,20:45,OBL,DAILY,,"वैभववाडी मार्गे,वस्ती",
106446,"Phonda To Ringewadi Via Vaibhavwadi",Phonda,Ringewadi,VAIBHAVWADI,MO,9186,Bhuibavada,33.8,,,फोंडा,रिंगेवाडी,36.7,19:30,20:45,OBL,DAILY,,"वैभववाडी मार्गे,वस्ती",
106446,"Phonda To Ringewadi Via Vaibhavwadi",Phonda,Ringewadi,VAIBHAVWADI,MO,9264,Ringewadi,36.7,,,फोंडा,रिंगेवाडी,36.7,19:30,20:45,OBL,DAILY,,"वैभववाडी मार्गे,वस्ती",
121032,"Kankavli To Solapur Via Miraj",Kankavli,Solapur,MIRAJ,MO,2786,Kankavli,,,,कणकवली,सोलापूर,367.6,09:30,18:45,,,"मिरज विश्रांती",वस्ती,
121032,"Kankavli To Solapur Via Miraj",Kankavli,Solapur,MIRAJ,MO,2766,Janavali,3.8,,,कणकवली,सोलापूर,367.6,09:30,18:45,,,"मिरज विश्रांती",वस्ती,
121032,"Kankavli To Solapur Via Miraj",Kankavli,Solapur,MIRAJ,MO,2756,"Humrat Titha",6.9,,,कणकवली,सोलापूर,367.6,09:30,18:45,,,"मिरज विश्रांती",वस्ती,
121032,"Kankavli To Solapur Via Miraj",Kankavli,Solapur,MIRAJ,MO,2758,"Humrath School",7.3,,,कणकवली,सोलापूर,367.6,09:30,18:45,,,"मिरज विश्रांती",वस्ती,
121032,"Kankavli To Solapur Via Miraj",Kankavli,Solapur,MIRAJ,MO,2757,"Humrath Mal Ghorpiwadi",8.4,,,कणकवली,सोलापूर,367.6,09:30,18:45,,,"मिरज विश्रांती",वस्ती,
121032,"Kankavli To Solapur Via Miraj",Kankavli,Solapur,MIRAJ,MO,2928,Ranastambh,9.4,,,कणकवली,सोलापूर,367.6,09:30,18:45,,,"मिरज विश्रांती",वस्ती,
121032,"Kankavli To Solapur Via Miraj",Kankavli,Solapur,MIRAJ,MO,2771,"Kach Karakhana",11.3,,,कणकवली,सोलापूर,367.6,09:30,18:45,,,"मिरज विश्रांती",वस्ती,
121032,"Kankavli To Solapur Via Miraj",Kankavli,Solapur,MIRAJ,MO,2781,Kanadewadi,12.2,,,कणकवली,सोलापूर,367.6,09:30,18:45,,,"मिरज विश्रांती",वस्ती,
121032,"Kankavli To Solapur Via Miraj",Kankavli,Solapur,MIRAJ,MO,2690,"Damare Titha",13.6,,,कणकवली,सोलापूर,367.6,09:30,18:45,,,"मिरज विश्रांती",वस्ती,
121032,"Kankavli To Solapur Via Miraj",Kankavli,Solapur,MIRAJ,MO,2895,Pachoba,14.1,,,कणकवली,सोलापूर,367.6,09:30,18:45,,,"मिरज विश्रांती",वस्ती,
121032,"Kankavli To Solapur Via Miraj",Kankavli,Solapur,MIRAJ,MO,2787,"Kankavli Nandgaon Fata",14.6,,,कणकवली,सोलापूर,367.6,09:30,18:45,,,"मिरज विश्रांती",वस्ती,
121032,"Kankavli To Solapur Via Miraj",Kankavli,Solapur,MIRAJ,MO,2906,"Phonda Iti",15.3,,,कणकवली,सोलापूर,367.6,09:30,18:45,,,"मिरज विश्रांती",वस्ती,
121032,"Kankavli To Solapur Via Miraj",Kankavli,Solapur,MIRAJ,MO,2904,Phonda,17.9,,,कणकवली,सोलापूर,367.6,09:30,18:45,,,"मिरज विश्रांती",वस्ती,
121032,"Kankavli To Solapur Via Miraj",Kankavli,Solapur,MIRAJ,MO,2723,"Ganguchi Wadi",22.2,,,कणकवली,सोलापूर,367.6,09:30,18:45,,,"मिरज विश्रांती",वस्ती,
121032,"Kankavli To Solapur Via Miraj",Kankavli,Solapur,MIRAJ,MO,23566,Dajipur,34.1,,,कणकवली,सोलापूर,367.6,09:30,18:45,,,"मिरज विश्रांती",वस्ती,
121032,"Kankavli To Solapur Via Miraj",Kankavli,Solapur,MIRAJ,MO,24004,Hasane,40.6,,,कणकवली,सोलापूर,367.6,09:30,18:45,,,"मिरज विश्रांती",वस्ती,
121032,"Kankavli To Solapur Via Miraj",Kankavli,Solapur,MIRAJ,MO,25038,Naniwade,44,,,कणकवली,सोलापूर,367.6,09:30,18:45,,,"मिरज विश्रांती",वस्ती,
121032,"Kankavli To Solapur Via Miraj",Kankavli,Solapur,MIRAJ,MO,23137,Bambar,46.6,,,कणकवली,सोलापूर,367.6,09:30,18:45,,,"मिरज विश्रांती",वस्ती,
121032,"Kankavli To Solapur Via Miraj",Kankavli,Solapur,MIRAJ,MO,25530,Shelap,49.6,,,कणकवली,सोलापूर,367.6,09:30,18:45,,,"मिरज विश्रांती",वस्ती,
121032,"Kankavli To Solapur Via Miraj",Kankavli,Solapur,MIRAJ,MO,30607,Ajiwade,53,,,कणकवली,सोलापूर,367.6,09:30,18:45,,,"मिरज विश्रांती",वस्ती,
121032,"Kankavli To Solapur Via Miraj",Kankavli,Solapur,MIRAJ,MO,23601,Daoudwadi,55.6,,,कणकवली,सोलापूर,367.6,09:30,18:45,,,"मिरज विश्रांती",वस्ती,
121032,"Kankavli To Solapur Via Miraj",Kankavli,Solapur,MIRAJ,MO,25393,"Radhanagri Dam",58.2,,,कणकवली,सोलापूर,367.6,09:30,18:45,,,"मिरज विश्रांती",वस्ती,
121032,"Kankavli To Solapur Via Miraj",Kankavli,Solapur,MIRAJ,MO,24014,Hatimahal,61.6,,,कणकवली,सोलापूर,367.6,09:30,18:45,,,"मिरज विश्रांती",वस्ती,
121032,"Kankavli To Solapur Via Miraj",Kankavli,Solapur,MIRAJ,MO,25336,Radhanagari,63.4,,,कणकवली,सोलापूर,367.6,09:30,18:45,,,"मिरज विश्रांती",वस्ती,
121032,"Kankavli To Solapur Via Miraj",Kankavli,Solapur,MIRAJ,MO,23720,Gaibi,68.2,,,कणकवली,सोलापूर,367.6,09:30,18:45,,,"मिरज विश्रांती",वस्ती,
121032,"Kankavli To Solapur Via Miraj",Kankavli,Solapur,MIRAJ,MO,24322,"Khindi Vharavade",71.1,,,कणकवली,सोलापूर,367.6,09:30,18:45,,,"मिरज विश्रांती",वस्ती,
121032,"Kankavli To Solapur Via Miraj",Kankavli,Solapur,MIRAJ,MO,23049,Anaje,74,,,कणकवली,सोलापूर,367.6,09:30,18:45,,,"मिरज विश्रांती",वस्ती,
121032,"Kankavli To Solapur Via Miraj",Kankavli,Solapur,MIRAJ,MO,30597,"Awali Budruk",79.3,,,कणकवली,सोलापूर,367.6,09:30,18:45,,,"मिरज विश्रांती",वस्ती,
121032,"Kankavli To Solapur Via Miraj",Kankavli,Solapur,MIRAJ,MO,25521,Shirase,82.3,,,कणकवली,सोलापूर,367.6,09:30,18:45,,,"मिरज विश्रांती",वस्ती,
121032,"Kankavli To Solapur Via Miraj",Kankavli,Solapur,MIRAJ,MO,23768,Ghotavade,86,,,कणकवली,सोलापूर,367.6,09:30,18:45,,,"मिरज विश्रांती",वस्ती,
121032,"Kankavli To Solapur Via Miraj",Kankavli,Solapur,MIRAJ,MO,23216,"Bhogavati Sugar Factory",88.1,,,कणकवली,सोलापूर,367.6,09:30,18:45,,,"मिरज विश्रांती",वस्ती,
121032,"Kankavli To Solapur Via Miraj",Kankavli,Solapur,MIRAJ,MO,25256,Parite,92,,,कणकवली,सोलापूर,367.6,09:30,18:45,,,"मिरज विश्रांती",वस्ती,
121032,"Kankavli To Solapur Via Miraj",Kankavli,Solapur,MIRAJ,MO,24501,"Kurukali College",92.5,,,कणकवली,सोलापूर,367.6,09:30,18:45,,,"मिरज विश्रांती",वस्ती,
121032,"Kankavli To Solapur Via Miraj",Kankavli,Solapur,MIRAJ,MO,24502,Kurukali,93.3,,,कणकवली,सोलापूर,367.6,09:30,18:45,,,"मिरज विश्रांती",वस्ती,
121032,"Kankavli To Solapur Via Miraj",Kankavli,Solapur,MIRAJ,MO,24444,Kothali,96,,,कणकवली,सोलापूर,367.6,09:30,18:45,,,"मिरज विश्रांती",वस्ती,
121032,"Kankavli To Solapur Via Miraj",Kankavli,Solapur,MIRAJ,MO,23945,Haldi,96.2,,,कणकवली,सोलापूर,367.6,09:30,18:45,,,"मिरज विश्रांती",वस्ती,
121032,"Kankavli To Solapur Via Miraj",Kankavli,Solapur,MIRAJ,MO,23669,Devale,97.2,,,कणकवली,सोलापूर,367.6,09:30,18:45,,,"मिरज विश्रांती",वस्ती,
121032,"Kankavli To Solapur Via Miraj",Kankavli,Solapur,MIRAJ,MO,24388,Kandgaon,100,,,कणकवली,सोलापूर,367.6,09:30,18:45,,,"मिरज विश्रांती",वस्ती,
121032,"Kankavli To Solapur Via Miraj",Kankavli,Solapur,MIRAJ,MO,26066,Washi,103.6,,,कणकवली,सोलापूर,367.6,09:30,18:45,,,"मिरज विश्रांती",वस्ती,
121032,"Kankavli To Solapur Via Miraj",Kankavli,Solapur,MIRAJ,MO,25083,"New Washi Naka",106.6,,,कणकवली,सोलापूर,367.6,09:30,18:45,,,"मिरज विश्रांती",वस्ती,
121032,"Kankavli To Solapur Via Miraj",Kankavli,Solapur,MIRAJ,MO,25400,Rankala,112.4,,,कणकवली,सोलापूर,367.6,09:30,18:45,,,"मिरज विश्रांती",वस्ती,
121032,"Kankavli To Solapur Via Miraj",Kankavli,Solapur,MIRAJ,MO,23625,"Dasara Chwok",113,,,कणकवली,सोलापूर,367.6,09:30,18:45,,,"मिरज विश्रांती",वस्ती,
121032,"Kankavli To Solapur Via Miraj",Kankavli,Solapur,MIRAJ,MO,24359,Kolhapur,115.8,,,कणकवली,सोलापूर,367.6,09:30,18:45,,,"मिरज विश्रांती",वस्ती,
121032,"Kankavli To Solapur Via Miraj",Kankavli,Solapur,MIRAJ,MO,25536,"Shahu Market Yard",118.4,,,कणकवली,सोलापूर,367.6,09:30,18:45,,,"मिरज विश्रांती",वस्ती,
121032,"Kankavli To Solapur Via Miraj",Kankavli,Solapur,MIRAJ,MO,25589,"Siroli Fata",122.5,,,कणकवली,सोलापूर,367.6,09:30,18:45,,,"मिरज विश्रांती",वस्ती,
121032,"Kankavli To Solapur Via Miraj",Kankavli,Solapur,MIRAJ,MO,24946,"Mouje Vadgaon Fata",125.5,,,कणकवली,सोलापूर,367.6,09:30,18:45,,,"मिरज विश्रांती",वस्ती,
121032,"Kankavli To Solapur Via Miraj",Kankavli,Solapur,MIRAJ,MO,23993,Herle,127,,,कणकवली,सोलापूर,367.6,09:30,18:45,,,"मिरज विश्रांती",वस्ती,
121032,"Kankavli To Solapur Via Miraj",Kankavli,Solapur,MIRAJ,MO,23093,Atigre,131.9,,,कणकवली,सोलापूर,367.6,09:30,18:45,,,"मिरज विश्रांती",वस्ती,
121032,"Kankavli To Solapur Via Miraj",Kankavli,Solapur,MIRAJ,MO,25373,"Ramling Fata",137,,,कणकवली,सोलापूर,367.6,09:30,18:45,,,"मिरज विश्रांती",वस्ती,
121032,"Kankavli To Solapur Via Miraj",Kankavli,Solapur,MIRAJ,MO,24013,Hatkanangale,138.3,,,कणकवली,सोलापूर,367.6,09:30,18:45,,,"मिरज विश्रांती",वस्ती,
121032,"Kankavli To Solapur Via Miraj",Kankavli,Solapur,MIRAJ,MO,24135,Jaisingpur,153.6,,,कणकवली,सोलापूर,367.6,09:30,18:45,,,"मिरज विश्रांती",वस्ती,
121032,"Kankavli To Solapur Via Miraj",Kankavli,Solapur,MIRAJ,MO,34182,Udgaon,155.5,,,कणकवली,सोलापूर,367.6,09:30,18:45,,,"मिरज विश्रांती",वस्ती,
121032,"Kankavli To Solapur Via Miraj",Kankavli,Solapur,MIRAJ,MO,33636,Akali,157.6,,,कणकवली,सोलापूर,367.6,09:30,18:45,,,"मिरज विश्रांती",वस्ती,
121032,"Kankavli To Solapur Via Miraj",Kankavli,Solapur,MIRAJ,MO,33745,"Dhamani Fata",164.5,,,कणकवली,सोलापूर,367.6,09:30,18:45,,,"मिरज विश्रांती",वस्ती,
121032,"Kankavli To Solapur Via Miraj",Kankavli,Solapur,MIRAJ,MO,33967,Miraj,166.4,,,कणकवली,सोलापूर,367.6,09:30,18:45,,,"मिरज विश्रांती",वस्ती,
121032,"Kankavli To Solapur Via Miraj",Kankavli,Solapur,MIRAJ,MO,32950,Shirdhon,197.6,,,कणकवली,सोलापूर,367.6,09:30,18:45,,,"मिरज विश्रांती",वस्ती,
121032,"Kankavli To Solapur Via Miraj",Kankavli,Solapur,MIRAJ,MO,32873,Kuchi,206.1,,,कणकवली,सोलापूर,367.6,09:30,18:45,,,"मिरज विश्रांती",वस्ती,
121032,"Kankavli To Solapur Via Miraj",Kankavli,Solapur,MIRAJ,MO,32930,"Nagaj Fata",220.5,,,कणकवली,सोलापूर,367.6,09:30,18:45,,,"मिरज विश्रांती",वस्ती,
121032,"Kankavli To Solapur Via Miraj",Kankavli,Solapur,MIRAJ,MO,43785,Junoni,232.1,,,कणकवली,सोलापूर,367.6,09:30,18:45,,,"मिरज विश्रांती",वस्ती,
121032,"Kankavli To Solapur Via Miraj",Kankavli,Solapur,MIRAJ,MO,47534,Hatit,237.7,,,कणकवली,सोलापूर,367.6,09:30,18:45,,,"मिरज विश्रांती",वस्ती,
121032,"Kankavli To Solapur Via Miraj",Kankavli,Solapur,MIRAJ,MO,47617,"Nazare Math",244.4,,,कणकवली,सोलापूर,367.6,09:30,18:45,,,"मिरज विश्रांती",वस्ती,
121032,"Kankavli To Solapur Via Miraj",Kankavli,Solapur,MIRAJ,MO,47679,Vatamare,247.1,,,कणकवली,सोलापूर,367.6,09:30,18:45,,,"मिरज विश्रांती",वस्ती,
121032,"Kankavli To Solapur Via Miraj",Kankavli,Solapur,MIRAJ,MO,47552,Kamalapur,255.3,,,कणकवली,सोलापूर,367.6,09:30,18:45,,,"मिरज विश्रांती",वस्ती,
121032,"Kankavli To Solapur Via Miraj",Kankavli,Solapur,MIRAJ,MO,47652,Sangola,260.9,,,कणकवली,सोलापूर,367.6,09:30,18:45,,,"मिरज विश्रांती",वस्ती,
121032,"Kankavli To Solapur Via Miraj",Kankavli,Solapur,MIRAJ,MO,47639,Sangewadi,276.6,,,कणकवली,सोलापूर,367.6,09:30,18:45,,,"मिरज विश्रांती",वस्ती,
121032,"Kankavli To Solapur Via Miraj",Kankavli,Solapur,MIRAJ,MO,43806,Khardi,280.5,,,कणकवली,सोलापूर,367.6,09:30,18:45,,,"मिरज विश्रांती",वस्ती,
121032,"Kankavli To Solapur Via Miraj",Kankavli,Solapur,MIRAJ,MO,43827,"Kasegaon Fata",288.6,,,कणकवली,सोलापूर,367.6,09:30,18:45,,,"मिरज विश्रांती",वस्ती,
121032,"Kankavli To Solapur Via Miraj",Kankavli,Solapur,MIRAJ,MO,43899,Pandharpur,295.5,,,कणकवली,सोलापूर,367.6,09:30,18:45,,,"मिरज विश्रांती",वस्ती,
121032,"Kankavli To Solapur Via Miraj",Kankavli,Solapur,MIRAJ,MO,43875,"Narayan Chincheli",302,,,कणकवली,सोलापूर,367.6,09:30,18:45,,,"मिरज विश्रांती",वस्ती,
121032,"Kankavli To Solapur Via Miraj",Kankavli,Solapur,MIRAJ,MO,43775,"Ishwar Wathar",304.9,,,कणकवली,सोलापूर,367.6,09:30,18:45,,,"मिरज विश्रांती",वस्ती,
121032,"Kankavli To Solapur Via Miraj",Kankavli,Solapur,MIRAJ,MO,43487,"Penur Shed",317.2,,,कणकवली,सोलापूर,367.6,09:30,18:45,,,"मिरज विश्रांती",वस्ती,
121032,"Kankavli To Solapur Via Miraj",Kankavli,Solapur,MIRAJ,MO,43514,"Sarole Fata",323.2,,,कणकवली,सोलापूर,367.6,09:30,18:45,,,"मिरज विश्रांती",वस्ती,
121032,"Kankavli To Solapur Via Miraj",Kankavli,Solapur,MIRAJ,MO,43449,"Khavani Fata",326.3,,,कणकवली,सोलापूर,367.6,09:30,18:45,,,"मिरज विश्रांती",वस्ती,
121032,"Kankavli To Solapur Via Miraj",Kankavli,Solapur,MIRAJ,MO,43490,Pokharpur,329.2,,,कणकवली,सोलापूर,367.6,09:30,18:45,,,"मिरज विश्रांती",वस्ती,
121032,"Kankavli To Solapur Via Miraj",Kankavli,Solapur,MIRAJ,MO,43460,Mohol,332.4,,,कणकवली,सोलापूर,367.6,09:30,18:45,,,"मिरज विश्रांती",वस्ती,
121032,"Kankavli To Solapur Via Miraj",Kankavli,Solapur,MIRAJ,MO,49258,"Pakani / Chincholi",350,,,कणकवली,सोलापूर,367.6,09:30,18:45,,,"मिरज विश्रांती",वस्ती,
121032,"Kankavli To Solapur Via Miraj",Kankavli,Solapur,MIRAJ,MO,49229,Kegaon,355.6,,,कणकवली,सोलापूर,367.6,09:30,18:45,,,"मिरज विश्रांती",वस्ती,
121032,"Kankavli To Solapur Via Miraj",Kankavli,Solapur,MIRAJ,MO,49177,Bale,363.4,,,कणकवली,सोलापूर,367.6,09:30,18:45,,,"मिरज विश्रांती",वस्ती,
121032,"Kankavli To Solapur Via Miraj",Kankavli,Solapur,MIRAJ,MO,48932,Solapur,367.4,,,कणकवली,सोलापूर,367.6,09:30,18:45,,,"मिरज विश्रांती",वस्ती,
125516,"Phonda To Harkul Bhatwadi Via Pawanadevi",Phonda,"Harkul Bhatwadi",PAWANADEVI,MO,2904,Phonda,,,,फोंडा,हुंबरणे,10,08:45,09:00,SC,SUN,,,
125516,"Phonda To Harkul Bhatwadi Via Pawanadevi",Phonda,"Harkul Bhatwadi",PAWANADEVI,MO,2899,Pawanadevi,3,,,फोंडा,हुंबरणे,10,08:45,09:00,SC,SUN,,,
125516,"Phonda To Harkul Bhatwadi Via Pawanadevi",Phonda,"Harkul Bhatwadi",PAWANADEVI,MO,2745,"Harkul Chinch",6,,,फोंडा,हुंबरणे,10,08:45,09:00,SC,SUN,,,
125516,"Phonda To Harkul Bhatwadi Via Pawanadevi",Phonda,"Harkul Bhatwadi",PAWANADEVI,MO,3006,"Walawalkar House",8.2,,,फोंडा,हुंबरणे,10,08:45,09:00,SC,SUN,,,
125516,"Phonda To Harkul Bhatwadi Via Pawanadevi",Phonda,"Harkul Bhatwadi",PAWANADEVI,MO,2744,"Harkul Bhatwadi",10,,,फोंडा,हुंबरणे,10,08:45,09:00,SC,SUN,,,
125556,"Kankavli To Devgad Via Shrigaon",Kankavli,Devgad,SHRIGAON,MO,2786,Kankavli,,,,कणकवली,देवगड,53.3,08:30,10:00,NON,DAILY,,नांदगाव,
125556,"Kankavli To Devgad Via Shrigaon",Kankavli,Devgad,SHRIGAON,MO,2766,Janavali,3.8,,,कणकवली,देवगड,53.3,08:30,10:00,NON,DAILY,,नांदगाव,
125556,"Kankavli To Devgad Via Shrigaon",Kankavli,Devgad,SHRIGAON,MO,2756,"Humrat Titha",8.1,,,कणकवली,देवगड,53.3,08:30,10:00,NON,DAILY,,नांदगाव,
125556,"Kankavli To Devgad Via Shrigaon",Kankavli,Devgad,SHRIGAON,MO,2655,Belane,10.3,,,कणकवली,देवगड,53.3,08:30,10:00,NON,DAILY,,नांदगाव,
125556,"Kankavli To Devgad Via Shrigaon",Kankavli,Devgad,SHRIGAON,MO,2870,"Nandgaon Datta Mandir",12.7,,,कणकवली,देवगड,53.3,08:30,10:00,NON,DAILY,,नांदगाव,
125556,"Kankavli To Devgad Via Shrigaon",Kankavli,Devgad,SHRIGAON,MO,2871,"Nandgaon Fata",14,,,कणकवली,देवगड,53.3,08:30,10:00,NON,DAILY,,नांदगाव,
125556,"Kankavli To Devgad Via Shrigaon",Kankavli,Devgad,SHRIGAON,MO,2642,Asalade,17,,,कणकवली,देवगड,53.3,08:30,10:00,NON,DAILY,,नांदगाव,
125556,"Kankavli To Devgad Via Shrigaon",Kankavli,Devgad,SHRIGAON,MO,2817,Koloshiwadi,19.4,,,कणकवली,देवगड,53.3,08:30,10:00,NON,DAILY,,नांदगाव,
125556,"Kankavli To Devgad Via Shrigaon",Kankavli,Devgad,SHRIGAON,MO,2815,"Koloshi Bazar",21,,,कणकवली,देवगड,53.3,08:30,10:00,NON,DAILY,,नांदगाव,
125556,"Kankavli To Devgad Via Shrigaon",Kankavli,Devgad,SHRIGAON,MO,1742,"Hadpid Bridge",22,,,कणकवली,देवगड,53.3,08:30,10:00,NON,DAILY,,नांदगाव,
125556,"Kankavli To Devgad Via Shrigaon",Kankavli,Devgad,SHRIGAON,MO,1743,Hadpid,23,,,कणकवली,देवगड,53.3,08:30,10:00,NON,DAILY,,नांदगाव,
125556,"Kankavli To Devgad Via Shrigaon",Kankavli,Devgad,SHRIGAON,MO,1971,Rakasghati,25.6,,,कणकवली,देवगड,53.3,08:30,10:00,NON,DAILY,,नांदगाव,
125556,"Kankavli To Devgad Via Shrigaon",Kankavli,Devgad,SHRIGAON,MO,1623,Ambekhol,27.1,,,कणकवली,देवगड,53.3,08:30,10:00,NON,DAILY,,नांदगाव,
125556,"Kankavli To Devgad Via Shrigaon",Kankavli,Devgad,SHRIGAON,MO,1990,Shrigaon,28.4,,,कणकवली,देवगड,53.3,08:30,10:00,NON,DAILY,,नांदगाव,
125556,"Kankavli To Devgad Via Shrigaon",Kankavli,Devgad,SHRIGAON,MO,1697,Dhopatewadi,31.2,,,कणकवली,देवगड,53.3,08:30,10:00,NON,DAILY,,नांदगाव,
125556,"Kankavli To Devgad Via Shrigaon",Kankavli,Devgad,SHRIGAON,MO,2020,"Torsole Fata",32.7,,,कणकवली,देवगड,53.3,08:30,10:00,NON,DAILY,,नांदगाव,
125556,"Kankavli To Devgad Via Shrigaon",Kankavli,Devgad,SHRIGAON,MO,2042,Waliwande,33.8,,,कणकवली,देवगड,53.3,08:30,10:00,NON,DAILY,,नांदगाव,
125556,"Kankavli To Devgad Via Shrigaon",Kankavli,Devgad,SHRIGAON,MO,1630,"Are Fata",35.1,,,कणकवली,देवगड,53.3,08:30,10:00,NON,DAILY,,नांदगाव,
125556,"Kankavli To Devgad Via Shrigaon",Kankavli,Devgad,SHRIGAON,MO,1831,"Lingdal Titha",36.2,,,कणकवली,देवगड,53.3,08:30,10:00,NON,DAILY,,नांदगाव,
125556,"Kankavli To Devgad Via Shrigaon",Kankavli,Devgad,SHRIGAON,MO,1772,Kumbharkhari,38.3,,,कणकवली,देवगड,53.3,08:30,10:00,NON,DAILY,,नांदगाव,
125556,"Kankavli To Devgad Via Shrigaon",Kankavli,Devgad,SHRIGAON,MO,1997,"Tale Bazar",40,,,कणकवली,देवगड,53.3,08:30,10:00,NON,DAILY,,नांदगाव,
125556,"Kankavli To Devgad Via Shrigaon",Kankavli,Devgad,SHRIGAON,MO,1640,"Bhekar Taka",40.9,,,कणकवली,देवगड,53.3,08:30,10:00,NON,DAILY,,नांदगाव,
125556,"Kankavli To Devgad Via Shrigaon",Kankavli,Devgad,SHRIGAON,MO,2022,Tembavli,42.7,,,कणकवली,देवगड,53.3,08:30,10:00,NON,DAILY,,नांदगाव,
125556,"Kankavli To Devgad Via Shrigaon",Kankavli,Devgad,SHRIGAON,MO,1773,Kodamba,43.4,,,कणकवली,देवगड,53.3,08:30,10:00,NON,DAILY,,नांदगाव,
125556,"Kankavli To Devgad Via Shrigaon",Kankavli,Devgad,SHRIGAON,MO,1871,"Mond-Dhabhol Titha",44.8,,,कणकवली,देवगड,53.3,08:30,10:00,NON,DAILY,,नांदगाव,
125556,"Kankavli To Devgad Via Shrigaon",Kankavli,Devgad,SHRIGAON,MO,1715,"Gadaiche Pani",46.5,,,कणकवली,देवगड,53.3,08:30,10:00,NON,DAILY,,नांदगाव,
125556,"Kankavli To Devgad Via Shrigaon",Kankavli,Devgad,SHRIGAON,MO,1815,"Katta Titha",48,,,कणकवली,देवगड,53.3,08:30,10:00,NON,DAILY,,नांदगाव,
125556,"Kankavli To Devgad Via Shrigaon",Kankavli,Devgad,SHRIGAON,MO,1774,"Khakshi Titha",48.3,,,कणकवली,देवगड,53.3,08:30,10:00,NON,DAILY,,नांदगाव,
125556,"Kankavli To Devgad Via Shrigaon",Kankavli,Devgad,SHRIGAON,MO,1759,Jamsande,51,,,कणकवली,देवगड,53.3,08:30,10:00,NON,DAILY,,नांदगाव,
125556,"Kankavli To Devgad Via Shrigaon",Kankavli,Devgad,SHRIGAON,MO,1685,Devgad,53.3,,,कणकवली,देवगड,53.3,08:30,10:00,NON,DAILY,,नांदगाव,
125860,"Kankavli To Budhavale Via Shravan",Kankavli,Budhavale,SHRAVAN,MO,2786,Kankavli,,,,कणकवली,बुधवळे,26,11:15,12:15,SC,SUN,,"रामगड बेळणे श्रावण",
125860,"Kankavli To Budhavale Via Shravan",Kankavli,Budhavale,SHRAVAN,MO,88092,"Kalmath Phanaswadi",3,,,कणकवली,बुधवळे,26,11:15,12:15,SC,SUN,,"रामगड बेळणे श्रावण",
125860,"Kankavli To Budhavale Via Shravan",Kankavli,Budhavale,SHRAVAN,MO,2902,"Phalsewadi School",6,,,कणकवली,बुधवळे,26,11:15,12:15,SC,SUN,,"रामगड बेळणे श्रावण",
125860,"Kankavli To Budhavale Via Shravan",Kankavli,Budhavale,SHRAVAN,MO,6835,"Gothane Wad",9,,,कणकवली,बुधवळे,26,11:15,12:15,SC,SUN,,"रामगड बेळणे श्रावण",
125860,"Kankavli To Budhavale Via Shravan",Kankavli,Budhavale,SHRAVAN,MO,6970,Ramgad,12,,,कणकवली,बुधवळे,26,11:15,12:15,SC,SUN,,"रामगड बेळणे श्रावण",
125860,"Kankavli To Budhavale Via Shravan",Kankavli,Budhavale,SHRAVAN,MO,6776,Belne,15,,,कणकवली,बुधवळे,26,11:15,12:15,SC,SUN,,"रामगड बेळणे श्रावण",
125860,"Kankavli To Budhavale Via Shravan",Kankavli,Budhavale,SHRAVAN,MO,6997,Shravan,16.4,,,कणकवली,बुधवळे,26,11:15,12:15,SC,SUN,,"रामगड बेळणे श्रावण",
125860,"Kankavli To Budhavale Via Shravan",Kankavli,Budhavale,SHRAVAN,MO,6956,Parabwadi,18,,,कणकवली,बुधवळे,26,11:15,12:15,SC,SUN,,"रामगड बेळणे श्रावण",
125860,"Kankavli To Budhavale Via Shravan",Kankavli,Budhavale,SHRAVAN,MO,6955,Pandlos,21,,,कणकवली,बुधवळे,26,11:15,12:15,SC,SUN,,"रामगड बेळणे श्रावण",
125860,"Kankavli To Budhavale Via Shravan",Kankavli,Budhavale,SHRAVAN,MO,2675,Budhavale,26,,,कणकवली,बुधवळे,26,11:15,12:15,SC,SUN,,"रामगड बेळणे श्रावण",
126314,"Dariste To Kankavli Via Thalkarwadi",Dariste,Kankavli,THALKARWADI,MO,2693,Dariste,,,,दारीस्ते,कणकवली,21.5,10:40,11:20,NON,DAILY,,"शिवडाव थळकरवाडी",
126314,"Dariste To Kankavli Via Thalkarwadi",Dariste,Kankavli,THALKARWADI,MO,2740,Guravwadi,3.3,,,दारीस्ते,कणकवली,21.5,10:40,11:20,NON,DAILY,,"शिवडाव थळकरवाडी",
126314,"Dariste To Kankavli Via Thalkarwadi",Dariste,Kankavli,THALKARWADI,MO,2694,"Dariste Gpo",4.2,,,दारीस्ते,कणकवली,21.5,10:40,11:20,NON,DAILY,,"शिवडाव थळकरवाडी",
126314,"Dariste To Kankavli Via Thalkarwadi",Dariste,Kankavli,THALKARWADI,MO,2844,"Mail Stone",6.5,,,दारीस्ते,कणकवली,21.5,10:40,11:20,NON,DAILY,,"शिवडाव थळकरवाडी",
126314,"Dariste To Kankavli Via Thalkarwadi",Dariste,Kankavli,THALKARWADI,MO,2986,Thalkarwadi,8.3,,,दारीस्ते,कणकवली,21.5,10:40,11:20,NON,DAILY,,"शिवडाव थळकरवाडी",
126314,"Dariste To Kankavli Via Thalkarwadi",Dariste,Kankavli,THALKARWADI,MO,2751,"Hattiche Bridge",8.8,,,दारीस्ते,कणकवली,21.5,10:40,11:20,NON,DAILY,,"शिवडाव थळकरवाडी",
126314,"Dariste To Kankavli Via Thalkarwadi",Dariste,Kankavli,THALKARWADI,MO,2972,"Shivdav High School",10.5,,,दारीस्ते,कणकवली,21.5,10:40,11:20,NON,DAILY,,"शिवडाव थळकरवाडी",
126314,"Dariste To Kankavli Via Thalkarwadi",Dariste,Kankavli,THALKARWADI,MO,2936,"Sai Mandir",12.5,,,दारीस्ते,कणकवली,21.5,10:40,11:20,NON,DAILY,,"शिवडाव थळकरवाडी",
126314,"Dariste To Kankavli Via Thalkarwadi",Dariste,Kankavli,THALKARWADI,MO,2777,"Kalsuli Fata",15,,,दारीस्ते,कणकवली,21.5,10:40,11:20,NON,DAILY,,"शिवडाव थळकरवाडी",
126314,"Dariste To Kankavli Via Thalkarwadi",Dariste,Kankavli,THALKARWADI,MO,2742,"Halwal Giran",18.3,,,दारीस्ते,कणकवली,21.5,10:40,11:20,NON,DAILY,,"शिवडाव थळकरवाडी",
126314,"Dariste To Kankavli Via Thalkarwadi",Dariste,Kankavli,THALKARWADI,MO,2786,Kankavli,21.5,,,दारीस्ते,कणकवली,21.5,10:40,11:20,NON,DAILY,,"शिवडाव थळकरवाडी",
126336,"Kankavli To Harkulkhurd Via Phonda",Kankavli,Harkulkhurd,PHONDA,MO,2786,Kankavli,,,,कणकवली,हुंबरणे,25.8,20:00,21:00,OBL,DAILY,,"फोंडा मार्गे   वस्ती",
126336,"Kankavli To Harkulkhurd Via Phonda",Kankavli,Harkulkhurd,PHONDA,MO,2768,"Janavali Gavthanwadi",3.8,,,कणकवली,हुंबरणे,25.8,20:00,21:00,OBL,DAILY,,"फोंडा मार्गे   वस्ती",
126336,"Kankavli To Harkulkhurd Via Phonda",Kankavli,Harkulkhurd,PHONDA,MO,2756,"Humrat Titha",6.9,,,कणकवली,हुंबरणे,25.8,20:00,21:00,OBL,DAILY,,"फोंडा मार्गे   वस्ती",
126336,"Kankavli To Harkulkhurd Via Phonda",Kankavli,Harkulkhurd,PHONDA,MO,2757,"Humrath Mal Ghorpiwadi",8.4,,,कणकवली,हुंबरणे,25.8,20:00,21:00,OBL,DAILY,,"फोंडा मार्गे   वस्ती",
126336,"Kankavli To Harkulkhurd Via Phonda",Kankavli,Harkulkhurd,PHONDA,MO,2790,Karul,10.8,,,कणकवली,हुंबरणे,25.8,20:00,21:00,OBL,DAILY,,"फोंडा मार्गे   वस्ती",
126336,"Kankavli To Harkulkhurd Via Phonda",Kankavli,Harkulkhurd,PHONDA,MO,2781,Kanadewadi,12.2,,,कणकवली,हुंबरणे,25.8,20:00,21:00,OBL,DAILY,,"फोंडा मार्गे   वस्ती",
126336,"Kankavli To Harkulkhurd Via Phonda",Kankavli,Harkulkhurd,PHONDA,MO,2787,"Kankavli Nandgaon Fata",15,,,कणकवली,हुंबरणे,25.8,20:00,21:00,OBL,DAILY,,"फोंडा मार्गे   वस्ती",
126336,"Kankavli To Harkulkhurd Via Phonda",Kankavli,Harkulkhurd,PHONDA,MO,2904,Phonda,17.9,,,कणकवली,हुंबरणे,25.8,20:00,21:00,OBL,DAILY,,"फोंडा मार्गे   वस्ती",
126336,"Kankavli To Harkulkhurd Via Phonda",Kankavli,Harkulkhurd,PHONDA,MO,2899,Pawanadevi,20.9,,,कणकवली,हुंबरणे,25.8,20:00,21:00,OBL,DAILY,,"फोंडा मार्गे   वस्ती",
126336,"Kankavli To Harkulkhurd Via Phonda",Kankavli,Harkulkhurd,PHONDA,MO,2745,"Harkul Chinch",23.8,,,कणकवली,हुंबरणे,25.8,20:00,21:00,OBL,DAILY,,"फोंडा मार्गे   वस्ती",
126336,"Kankavli To Harkulkhurd Via Phonda",Kankavli,Harkulkhurd,PHONDA,MO,2750,Harkulkhurd,25.8,,,कणकवली,हुंबरणे,25.8,20:00,21:00,OBL,DAILY,,"फोंडा मार्गे   वस्ती",
126345,"Shidawane Dukan To Kankavli Via Tarla","Shidawane Dukan",Kankavli,TARLA,MO,2962,"Shidawane Dukan",,,,शिडवणे,कणकवली,34.5,11:35,12:50,NON,DAILY,,,
126345,"Shidawane Dukan To Kankavli Via Tarla","Shidawane Dukan",Kankavli,TARLA,MO,2720,"Gangeshwar Mandir",3,,,शिडवणे,कणकवली,34.5,11:35,12:50,NON,DAILY,,,
126345,"Shidawane Dukan To Kankavli Via Tarla","Shidawane Dukan",Kankavli,TARLA,MO,2821,"Konewadi School",5.8,,,शिडवणे,कणकवली,34.5,11:35,12:50,NON,DAILY,,,
126345,"Shidawane Dukan To Kankavli Via Tarla","Shidawane Dukan",Kankavli,TARLA,MO,2921,Raghuchiwadi,8.9,,,शिडवणे,कणकवली,34.5,11:35,12:50,NON,DAILY,,,
126345,"Shidawane Dukan To Kankavli Via Tarla","Shidawane Dukan",Kankavli,TARLA,MO,2982,Tarla,12,,,शिडवणे,कणकवली,34.5,11:35,12:50,NON,DAILY,,,
126345,"Shidawane Dukan To Kankavli Via Tarla","Shidawane Dukan",Kankavli,TARLA,MO,2673,"Bramhan Wadi",15,,,शिडवणे,कणकवली,34.5,11:35,12:50,NON,DAILY,,,
126345,"Shidawane Dukan To Kankavli Via Tarla","Shidawane Dukan",Kankavli,TARLA,MO,2872,"Nandgaon Nursary",18,,,शिडवणे,कणकवली,34.5,11:35,12:50,NON,DAILY,,,
126345,"Shidawane Dukan To Kankavli Via Tarla","Shidawane Dukan",Kankavli,TARLA,MO,2871,"Nandgaon Fata",19,,,शिडवणे,कणकवली,34.5,11:35,12:50,NON,DAILY,,,
126345,"Shidawane Dukan To Kankavli Via Tarla","Shidawane Dukan",Kankavli,TARLA,MO,2870,"Nandgaon Datta Mandir",21,,,शिडवणे,कणकवली,34.5,11:35,12:50,NON,DAILY,,,
126345,"Shidawane Dukan To Kankavli Via Tarla","Shidawane Dukan",Kankavli,TARLA,MO,2655,Belane,24,,,शिडवणे,कणकवली,34.5,11:35,12:50,NON,DAILY,,,
126345,"Shidawane Dukan To Kankavli Via Tarla","Shidawane Dukan",Kankavli,TARLA,MO,2756,"Humrat Titha",27,,,शिडवणे,कणकवली,34.5,11:35,12:50,NON,DAILY,,,
126345,"Shidawane Dukan To Kankavli Via Tarla","Shidawane Dukan",Kankavli,TARLA,MO,2768,"Janavali Gavthanwadi",31.2,,,शिडवणे,कणकवली,34.5,11:35,12:50,NON,DAILY,,,
126345,"Shidawane Dukan To Kankavli Via Tarla","Shidawane Dukan",Kankavli,TARLA,MO,2786,Kankavli,34.5,,,शिडवणे,कणकवली,34.5,11:35,12:50,NON,DAILY,,,
127413,"Hiwale Gangeshwar To Pokharan School Via Kasal","Hiwale Gangeshwar","Pokharan School",KASAL,MO,6851,"Hiwale Gangeshwar",,,,"हिवाळे कसाल",पोखरण,20.9,07:25,08:05,SC,DAILY,,,
127413,"Hiwale Gangeshwar To Pokharan School Via Kasal","Hiwale Gangeshwar","Pokharan School",KASAL,MO,6890,Koleri,1.8,,,"हिवाळे कसाल",पोखरण,20.9,07:25,08:05,SC,DAILY,,,
127413,"Hiwale Gangeshwar To Pokharan School Via Kasal","Hiwale Gangeshwar","Pokharan School",KASAL,MO,6853,"Hiwale Ratambi",3,,,"हिवाळे कसाल",पोखरण,20.9,07:25,08:05,SC,DAILY,,,
127413,"Hiwale Gangeshwar To Pokharan School Via Kasal","Hiwale Gangeshwar","Pokharan School",KASAL,MO,6959,"Parbhatle Magam Dukan",6,,,"हिवाळे कसाल",पोखरण,20.9,07:25,08:05,SC,DAILY,,,
127413,"Hiwale Gangeshwar To Pokharan School Via Kasal","Hiwale Gangeshwar","Pokharan School",KASAL,MO,6281,Kasal,9,,,"हिवाळे कसाल",पोखरण,20.9,07:25,08:05,SC,DAILY,,,
127413,"Hiwale Gangeshwar To Pokharan School Via Kasal","Hiwale Gangeshwar","Pokharan School",KASAL,MO,6149,Chirekhan,13.8,,,"हिवाळे कसाल",पोखरण,20.9,07:25,08:05,SC,DAILY,,,
127413,"Hiwale Gangeshwar To Pokharan School Via Kasal","Hiwale Gangeshwar","Pokharan School",KASAL,MO,6264,Kunde,16.8,,,"हिवाळे कसाल",पोखरण,20.9,07:25,08:05,SC,DAILY,,,
127413,"Hiwale Gangeshwar To Pokharan School Via Kasal","Hiwale Gangeshwar","Pokharan School",KASAL,MO,6371,"Pokharan School",20.9,,,"हिवाळे कसाल",पोखरण,20.9,07:25,08:05,SC,DAILY,,,
127413,"Hiwale Gangeshwar To Pokharan School Via Kasal","Hiwale Gangeshwar","Pokharan School",KASAL,MO,6090,Ambrad,23,,,"हिवाळे कसाल",पोखरण,20.9,07:25,08:05,SC,DAILY,,,
128516,"Kalsuli To Kankavli",Kalsuli,Kankavli,,MO,2776,Kalsuli,,,,कळसुली,कणकवली,18.4,11:20,12:00,NON,DAILY,,"हलवल शिरवळ",
128516,"Kalsuli To Kankavli",Kalsuli,Kankavli,,MO,2705,"Dindavane School",3.4,,,कळसुली,कणकवली,18.4,11:20,12:00,NON,DAILY,,"हलवल शिरवळ",
128516,"Kalsuli To Kankavli",Kalsuli,Kankavli,,MO,2779,"Kalsuli Post",6.4,,,कळसुली,कणकवली,18.4,11:20,12:00,NON,DAILY,,"हलवल शिरवळ",
128516,"Kalsuli To Kankavli",Kalsuli,Kankavli,,MO,2969,"Shirval Phanas",9.4,,,कळसुली,कणकवली,18.4,11:20,12:00,NON,DAILY,,"हलवल शिरवळ",
128516,"Kalsuli To Kankavli",Kalsuli,Kankavli,,MO,2967,Shirval,12.4,,,कळसुली,कणकवली,18.4,11:20,12:00,NON,DAILY,,"हलवल शिरवळ",
128516,"Kalsuli To Kankavli",Kalsuli,Kankavli,,MO,2742,"Halwal Giran",15.4,,,कळसुली,कणकवली,18.4,11:20,12:00,NON,DAILY,,"हलवल शिरवळ",
128516,"Kalsuli To Kankavli",Kalsuli,Kankavli,,MO,2786,Kankavli,18.4,,,कळसुली,कणकवली,18.4,11:20,12:00,NON,DAILY,,"हलवल शिरवळ",
130537,"Choudhariwadi To Vaibhavwadi Via Kusur Bazarwadi",Choudhariwadi,Vaibhavwadi,"KUSUR BAZARWADI",MO,9188,Choudhariwadi,,,,चौधरीवाडी,वैभववाडी,12.2,10:25,10:50,MV,SUNDAY,,"सुतारवाडी कुसुरगवळावाडी",
130537,"Choudhariwadi To Vaibhavwadi Via Kusur Bazarwadi",Choudhariwadi,Vaibhavwadi,"KUSUR BAZARWADI",MO,9260,"Radhakrishna Mandir",1,,,चौधरीवाडी,वैभववाडी,12.2,10:25,10:50,MV,SUNDAY,,"सुतारवाडी कुसुरगवळावाडी",
130537,"Choudhariwadi To Vaibhavwadi Via Kusur Bazarwadi",Choudhariwadi,Vaibhavwadi,"KUSUR BAZARWADI",MO,9196,Gawalwadi,2.2,,,चौधरीवाडी,वैभववाडी,12.2,10:25,10:50,MV,SUNDAY,,"सुतारवाडी कुसुरगवळावाडी",
130537,"Choudhariwadi To Vaibhavwadi Via Kusur Bazarwadi",Choudhariwadi,Vaibhavwadi,"KUSUR BAZARWADI",MO,9277,Sutarwadi,3.2,,,चौधरीवाडी,वैभववाडी,12.2,10:25,10:50,MV,SUNDAY,,"सुतारवाडी कुसुरगवळावाडी",
130537,"Choudhariwadi To Vaibhavwadi Via Kusur Bazarwadi",Choudhariwadi,Vaibhavwadi,"KUSUR BAZARWADI",MO,9226,"Kusur Bazarwadi",6.2,,,चौधरीवाडी,वैभववाडी,12.2,10:25,10:50,MV,SUNDAY,,"सुतारवाडी कुसुरगवळावाडी",
130537,"Choudhariwadi To Vaibhavwadi Via Kusur Bazarwadi",Choudhariwadi,Vaibhavwadi,"KUSUR BAZARWADI",MO,9274,Sonali,9.2,,,चौधरीवाडी,वैभववाडी,12.2,10:25,10:50,MV,SUNDAY,,"सुतारवाडी कुसुरगवळावाडी",
130537,"Choudhariwadi To Vaibhavwadi Via Kusur Bazarwadi",Choudhariwadi,Vaibhavwadi,"KUSUR BAZARWADI",MO,9291,Vaibhavwadi,12.2,,,चौधरीवाडी,वैभववाडी,12.2,10:25,10:50,MV,SUNDAY,,"सुतारवाडी कुसुरगवळावाडी",
138878,"Kankavli To Narkarwadi Via Dhavan Dukan",Kankavli,Narkarwadi,"DHAVAN DUKAN",MO,2786,Kankavli,,,,कणकवली,नारकरवाडी,15.2,17:50,18:20,SC,DAILY,,,
138878,"Kankavli To Narkarwadi Via Dhavan Dukan",Kankavli,Narkarwadi,"DHAVAN DUKAN",MO,2922,"Railway Cross",3,,,कणकवली,नारकरवाडी,15.2,17:50,18:20,SC,DAILY,,,
138878,"Kankavli To Narkarwadi Via Dhavan Dukan",Kankavli,Narkarwadi,"DHAVAN DUKAN",MO,2868,"Nagave Marathi School",6.1,,,कणकवली,नारकरवाडी,15.2,17:50,18:20,SC,DAILY,,,
138878,"Kankavli To Narkarwadi Via Dhavan Dukan",Kankavli,Narkarwadi,"DHAVAN DUKAN",MO,2682,Chinch,6.7,,,कणकवली,नारकरवाडी,15.2,17:50,18:20,SC,DAILY,,,
138878,"Kankavli To Narkarwadi Via Dhavan Dukan",Kankavli,Narkarwadi,"DHAVAN DUKAN",MO,2701,"Dhavan Dukan",7.2,,,कणकवली,नारकरवाडी,15.2,17:50,18:20,SC,DAILY,,,
138878,"Kankavli To Narkarwadi Via Dhavan Dukan",Kankavli,Narkarwadi,"DHAVAN DUKAN",MO,2849,Mandir,12.2,,,कणकवली,नारकरवाडी,15.2,17:50,18:20,SC,DAILY,,,
138878,"Kankavli To Narkarwadi Via Dhavan Dukan",Kankavli,Narkarwadi,"DHAVAN DUKAN",MO,2881,Narkarwadi,15.2,,,कणकवली,नारकरवाडी,15.2,17:50,18:20,SC,DAILY,,,
139601,"Kankavli To Harkul Chinch Via Sakedi",Kankavli,"Harkul Chinch",,MO,2786,Kankavli,,,,कणकवली,हुंबरणे,28.8,17:55,18:55,SC,DAILY,,"via sakedi phonda harkul",
139601,"Kankavli To Harkul Chinch Via Sakedi",Kankavli,"Harkul Chinch",,MO,2766,Janavali,3,,,कणकवली,हुंबरणे,28.8,17:55,18:55,SC,DAILY,,"via sakedi phonda harkul",
139601,"Kankavli To Harkul Chinch Via Sakedi",Kankavli,"Harkul Chinch",,MO,2844,"Mail Stone",6,,,कणकवली,हुंबरणे,28.8,17:55,18:55,SC,DAILY,,"via sakedi phonda harkul",
139601,"Kankavli To Harkul Chinch Via Sakedi",Kankavli,"Harkul Chinch",,MO,2939,"Sakedi School",7,,,कणकवली,हुंबरणे,28.8,17:55,18:55,SC,DAILY,,"via sakedi phonda harkul",
139601,"Kankavli To Harkul Chinch Via Sakedi",Kankavli,"Harkul Chinch",,MO,2757,"Humrath Mal Ghorpiwadi",8.4,,,कणकवली,हुंबरणे,28.8,17:55,18:55,SC,DAILY,,"via sakedi phonda harkul",
139601,"Kankavli To Harkul Chinch Via Sakedi",Kankavli,"Harkul Chinch",,MO,2790,Karul,12.2,,,कणकवली,हुंबरणे,28.8,17:55,18:55,SC,DAILY,,"via sakedi phonda harkul",
139601,"Kankavli To Harkul Chinch Via Sakedi",Kankavli,"Harkul Chinch",,MO,2781,Kanadewadi,14.4,,,कणकवली,हुंबरणे,28.8,17:55,18:55,SC,DAILY,,"via sakedi phonda harkul",
139601,"Kankavli To Harkul Chinch Via Sakedi",Kankavli,"Harkul Chinch",,MO,2787,"Kankavli Nandgaon Fata",17.9,,,कणकवली,हुंबरणे,28.8,17:55,18:55,SC,DAILY,,"via sakedi phonda harkul",
139601,"Kankavli To Harkul Chinch Via Sakedi",Kankavli,"Harkul Chinch",,MO,2904,Phonda,22.8,,,कणकवली,हुंबरणे,28.8,17:55,18:55,SC,DAILY,,"via sakedi phonda harkul",
139601,"Kankavli To Harkul Chinch Via Sakedi",Kankavli,"Harkul Chinch",,MO,2899,Pawanadevi,25.8,,,कणकवली,हुंबरणे,28.8,17:55,18:55,SC,DAILY,,"via sakedi phonda harkul",
139601,"Kankavli To Harkul Chinch Via Sakedi",Kankavli,"Harkul Chinch",,MO,2745,"Harkul Chinch",28.8,,,कणकवली,हुंबरणे,28.8,17:55,18:55,SC,DAILY,,"via sakedi phonda harkul",
10838,"Kankavli To Malewad",Kankavli,Malewad,,MO,2786,Kankavli,,,,कणकवली,"मळेवाड घोडगे",26.6,12:10,13:10,OBL,DAILY,,हडे,
10838,"Kankavli To Malewad",Kankavli,Malewad,,MO,2742,"Halwal Giran",3.2,,,कणकवली,"मळेवाड घोडगे",26.6,12:10,13:10,OBL,DAILY,,हडे,
10838,"Kankavli To Malewad",Kankavli,Malewad,,MO,2968,"Shirval Fata",4.2,,,कणकवली,"मळेवाड घोडगे",26.6,12:10,13:10,OBL,DAILY,,हडे,
10838,"Kankavli To Malewad",Kankavli,Malewad,,MO,2971,"Shivdav Fata",6.3,,,कणकवली,"मळेवाड घोडगे",26.6,12:10,13:10,OBL,DAILY,,हडे,
10838,"Kankavli To Malewad",Kankavli,Malewad,,MO,2969,"Shirval Phanas",8.6,,,कणकवली,"मळेवाड घोडगे",26.6,12:10,13:10,OBL,DAILY,,हडे,
10838,"Kankavli To Malewad",Kankavli,Malewad,,MO,2752,"Hed Shivdav Fata",12.3,,,कणकवली,"मळेवाड घोडगे",26.6,12:10,13:10,OBL,DAILY,,हडे,
10838,"Kankavli To Malewad",Kankavli,Malewad,,MO,6211,"Hardi Titha",15.2,,,कणकवली,"मळेवाड घोडगे",26.6,12:10,13:10,OBL,DAILY,,हडे,
10838,"Kankavli To Malewad",Kankavli,Malewad,,MO,6234,"Kupawade Vinanti",18,,,कणकवली,"मळेवाड घोडगे",26.6,12:10,13:10,OBL,DAILY,,हडे,
10838,"Kankavli To Malewad",Kankavli,Malewad,,MO,6225,"Jambhavade Bhagwati Mandir",20.8,,,कणकवली,"मळेवाड घोडगे",26.6,12:10,13:10,OBL,DAILY,,हडे,
10838,"Kankavli To Malewad",Kankavli,Malewad,,MO,6179,Ghotage,23.9,,,कणकवली,"मळेवाड घोडगे",26.6,12:10,13:10,OBL,DAILY,,हडे,
10838,"Kankavli To Malewad",Kankavli,Malewad,,MO,6306,Malewad,26.6,,,कणकवली,"मळेवाड घोडगे",26.6,12:10,13:10,OBL,DAILY,,हडे,
10839,"Kankavli To Durgnagar Via Ghodage",Kankavli,Duragnagar,GHOTAGE,MO,2786,Kankavli,,,,कणकवली,दुर्गनगर,32.6,15:45,16:45,SC,DAILY,,hardi,
10839,"Kankavli To Durgnagar Via Ghodage",Kankavli,Duragnagar,GHOTAGE,MO,2742,"Halwal Giran",3.2,,,कणकवली,दुर्गनगर,32.6,15:45,16:45,SC,DAILY,,hardi,
10839,"Kankavli To Durgnagar Via Ghodage",Kankavli,Duragnagar,GHOTAGE,MO,2971,"Shivdav Fata",6.3,,,कणकवली,दुर्गनगर,32.6,15:45,16:45,SC,DAILY,,hardi,
10839,"Kankavli To Durgnagar Via Ghodage",Kankavli,Duragnagar,GHOTAGE,MO,2969,"Shirval Phanas",8.6,,,कणकवली,दुर्गनगर,32.6,15:45,16:45,SC,DAILY,,hardi,
10839,"Kankavli To Durgnagar Via Ghodage",Kankavli,Duragnagar,GHOTAGE,MO,2709,Dongari,9.2,,,कणकवली,दुर्गनगर,32.6,15:45,16:45,SC,DAILY,,hardi,
10839,"Kankavli To Durgnagar Via Ghodage",Kankavli,Duragnagar,GHOTAGE,MO,2752,"Hed Shivdav Fata",12.3,,,कणकवली,दुर्गनगर,32.6,15:45,16:45,SC,DAILY,,hardi,
10839,"Kankavli To Durgnagar Via Ghodage",Kankavli,Duragnagar,GHOTAGE,MO,2729,"Ghat Matha",14,,,कणकवली,दुर्गनगर,32.6,15:45,16:45,SC,DAILY,,hardi,
10839,"Kankavli To Durgnagar Via Ghodage",Kankavli,Duragnagar,GHOTAGE,MO,6211,"Hardi Titha",15.2,,,कणकवली,दुर्गनगर,32.6,15:45,16:45,SC,DAILY,,hardi,
10839,"Kankavli To Durgnagar Via Ghodage",Kankavli,Duragnagar,GHOTAGE,MO,6234,"Kupawade Vinanti",18,,,कणकवली,दुर्गनगर,32.6,15:45,16:45,SC,DAILY,,hardi,
10839,"Kankavli To Durgnagar Via Ghodage",Kankavli,Duragnagar,GHOTAGE,MO,6225,"Jambhavade Bhagwati Mandir",20.8,,,कणकवली,दुर्गनगर,32.6,15:45,16:45,SC,DAILY,,hardi,
10839,"Kankavli To Durgnagar Via Ghodage",Kankavli,Duragnagar,GHOTAGE,MO,6179,Ghotage,23.9,,,कणकवली,दुर्गनगर,32.6,15:45,16:45,SC,DAILY,,hardi,
10839,"Kankavli To Durgnagar Via Ghodage",Kankavli,Duragnagar,GHOTAGE,MO,6416,"Sonawade Lingeshwar Mandir",25.8,,,कणकवली,दुर्गनगर,32.6,15:45,16:45,SC,DAILY,,hardi,
10839,"Kankavli To Durgnagar Via Ghodage",Kankavli,Duragnagar,GHOTAGE,MO,6173,"Ghadigaonkar Stop",27.5,,,कणकवली,दुर्गनगर,32.6,15:45,16:45,SC,DAILY,,hardi,
10839,"Kankavli To Durgnagar Via Ghodage",Kankavli,Duragnagar,GHOTAGE,MO,6393,Ranewadi,30,,,कणकवली,दुर्गनगर,32.6,15:45,16:45,SC,DAILY,,hardi,
10839,"Kankavli To Durgnagar Via Ghodage",Kankavli,Duragnagar,GHOTAGE,MO,6165,Duragnagar,32.6,,,कणकवली,दुर्गनगर,32.6,15:45,16:45,SC,DAILY,,hardi,
10845,"Kankavli To Kanedi Via Nagave Khadak",Kankavli,Kanedi,"NAGAVE KHADAK",MO,2786,Kankavli,,,,कणकवली,कनेडी,17.4,12:30,13:05,,,"16.15 ते 17.15 विश्रांती","नागवे दिवा देवी",
10845,"Kankavli To Kanedi Via Nagave Khadak",Kankavli,Kanedi,"NAGAVE KHADAK",MO,2767,"Janavali Fata",3,,,कणकवली,कनेडी,17.4,12:30,13:05,,,"16.15 ते 17.15 विश्रांती","नागवे दिवा देवी",
10845,"Kankavli To Kanedi Via Nagave Khadak",Kankavli,Kanedi,"NAGAVE KHADAK",MO,2867,"Nagave Khadak",5.2,,,कणकवली,कनेडी,17.4,12:30,13:05,,,"16.15 ते 17.15 विश्रांती","नागवे दिवा देवी",
10845,"Kankavli To Kanedi Via Nagave Khadak",Kankavli,Kanedi,"NAGAVE KHADAK",MO,2868,"Nagave Marathi School",6.1,,,कणकवली,कनेडी,17.4,12:30,13:05,,,"16.15 ते 17.15 विश्रांती","नागवे दिवा देवी",
10845,"Kankavli To Kanedi Via Nagave Khadak",Kankavli,Kanedi,"NAGAVE KHADAK",MO,2701,"Dhavan Dukan",9.2,,,कणकवली,कनेडी,17.4,12:30,13:05,,,"16.15 ते 17.15 विश्रांती","नागवे दिवा देवी",
10845,"Kankavli To Kanedi Via Nagave Khadak",Kankavli,Kanedi,"NAGAVE KHADAK",MO,1638,Bhatwadi,12,,,कणकवली,कनेडी,17.4,12:30,13:05,,,"16.15 ते 17.15 विश्रांती","नागवे दिवा देवी",
10845,"Kankavli To Kanedi Via Nagave Khadak",Kankavli,Kanedi,"NAGAVE KHADAK",MO,2706,"Dirbadevi Mandir",15.3,,,कणकवली,कनेडी,17.4,12:30,13:05,,,"16.15 ते 17.15 विश्रांती","नागवे दिवा देवी",
10845,"Kankavli To Kanedi Via Nagave Khadak",Kankavli,Kanedi,"NAGAVE KHADAK",MO,2782,Kanedi,17.4,,,कणकवली,कनेडी,17.4,12:30,13:05,,,"16.15 ते 17.15 विश्रांती","नागवे दिवा देवी",
10909,"Kharepatan To Hatiwale Collage",Kharepatan,"Hatiwale Collage",,MO,2812,Kharepatan,,,,खारेपाटण,हातिवले,13.3,07:20,07:50,SC,SUN,,,
10909,"Kharepatan To Hatiwale Collage",Kharepatan,"Hatiwale Collage",,MO,15236,"Takewadi School",3.1,,,खारेपाटण,हातिवले,13.3,07:20,07:50,SC,SUN,,,
10909,"Kharepatan To Hatiwale Collage",Kharepatan,"Hatiwale Collage",,MO,14879,Panhale,5.5,,,खारेपाटण,हातिवले,13.3,07:20,07:50,SC,SUN,,,
10909,"Kharepatan To Hatiwale Collage",Kharepatan,"Hatiwale Collage",,MO,14609,Kodiye,8.5,,,खारेपाटण,हातिवले,13.3,07:20,07:50,SC,SUN,,,
10909,"Kharepatan To Hatiwale Collage",Kharepatan,"Hatiwale Collage",,MO,14521,"Hativale Jaitapur Fata",12,,,खारेपाटण,हातिवले,13.3,07:20,07:50,SC,SUN,,,
10909,"Kharepatan To Hatiwale Collage",Kharepatan,"Hatiwale Collage",,MO,14526,"Hatiwale Collage",13.3,,,खारेपाटण,हातिवले,13.3,07:20,07:50,SC,SUN,,,
11240,"Tarla To Shidawane Dukan",Tarla,"Shidawane Dukan",,MO,2982,Tarla,,,,तरळे,शिडवणे,12,11:00,11:25,SC,DAILY,,,
11240,"Tarla To Shidawane Dukan",Tarla,"Shidawane Dukan",,MO,2921,Raghuchiwadi,3.1,,,तरळे,शिडवणे,12,11:00,11:25,SC,DAILY,,,
11240,"Tarla To Shidawane Dukan",Tarla,"Shidawane Dukan",,MO,2821,"Konewadi School",6.2,,,तरळे,शिडवणे,12,11:00,11:25,SC,DAILY,,,
11240,"Tarla To Shidawane Dukan",Tarla,"Shidawane Dukan",,MO,2720,"Gangeshwar Mandir",9,,,तरळे,शिडवणे,12,11:00,11:25,SC,DAILY,,,
11240,"Tarla To Shidawane Dukan",Tarla,"Shidawane Dukan",,MO,2962,"Shidawane Dukan",12,,,तरळे,शिडवणे,12,11:00,11:25,SC,DAILY,,,
11339,"Kankavli To Shirawali Via Tarala",Kankavli,Shirawali,TARLA,MO,2786,Kankavli,,,,कणकवली,शिरवली,32.5,07:10,08:20,SC,DAILY,,,
11339,"Kankavli To Shirawali Via Tarala",Kankavli,Shirawali,TARLA,MO,2766,Janavali,3.8,,,कणकवली,शिरवली,32.5,07:10,08:20,SC,DAILY,,,
11339,"Kankavli To Shirawali Via Tarala",Kankavli,Shirawali,TARLA,MO,2756,"Humrat Titha",8.1,,,कणकवली,शिरवली,32.5,07:10,08:20,SC,DAILY,,,
11339,"Kankavli To Shirawali Via Tarala",Kankavli,Shirawali,TARLA,MO,2655,Belane,10.3,,,कणकवली,शिरवली,32.5,07:10,08:20,SC,DAILY,,,
11339,"Kankavli To Shirawali Via Tarala",Kankavli,Shirawali,TARLA,MO,2870,"Nandgaon Datta Mandir",12.7,,,कणकवली,शिरवली,32.5,07:10,08:20,SC,DAILY,,,
11339,"Kankavli To Shirawali Via Tarala",Kankavli,Shirawali,TARLA,MO,2871,"Nandgaon Fata",14,,,कणकवली,शिरवली,32.5,07:10,08:20,SC,DAILY,,,
11339,"Kankavli To Shirawali Via Tarala",Kankavli,Shirawali,TARLA,MO,2872,"Nandgaon Nursary",16.2,,,कणकवली,शिरवली,32.5,07:10,08:20,SC,DAILY,,,
11339,"Kankavli To Shirawali Via Tarala",Kankavli,Shirawali,TARLA,MO,2673,"Bramhan Wadi",20,,,कणकवली,शिरवली,32.5,07:10,08:20,SC,DAILY,,,
11339,"Kankavli To Shirawali Via Tarala",Kankavli,Shirawali,TARLA,MO,2982,Tarla,23,,,कणकवली,शिरवली,32.5,07:10,08:20,SC,DAILY,,,
11339,"Kankavli To Shirawali Via Tarala",Kankavli,Shirawali,TARLA,MO,2696,Darom,26.4,,,कणकवली,शिरवली,32.5,07:10,08:20,SC,DAILY,,,
11339,"Kankavli To Shirawali Via Tarala",Kankavli,Shirawali,TARLA,MO,2728,"Gavane High School",29.2,,,कणकवली,शिरवली,32.5,07:10,08:20,SC,DAILY,,,
11339,"Kankavli To Shirawali Via Tarala",Kankavli,Shirawali,TARLA,MO,2722,Gangowadi,30.8,,,कणकवली,शिरवली,32.5,07:10,08:20,SC,DAILY,,,
11339,"Kankavli To Shirawali Via Tarala",Kankavli,Shirawali,TARLA,MO,2965,Shirawali,32.5,,,कणकवली,शिरवली,32.5,07:10,08:20,SC,DAILY,,,
11349,"Kharepatan To Kunkavan Gavathan",Kharepatan,"Kunkavan Gavathan",,MO,2812,Kharepatan,,,,खारेपाटण,कुणकवण,10,17:40,17:55,SC,SUN,,,
11349,"Kharepatan To Kunkavan Gavathan",Kharepatan,"Kunkavan Gavathan",,MO,2864,"Nadgive Ghati",3,,,खारेपाटण,कुणकवण,10,17:40,17:55,SC,SUN,,,
11349,"Kharepatan To Kunkavan Gavathan",Kharepatan,"Kunkavan Gavathan",,MO,2829,"Kunkavan School-1",6,,,खारेपाटण,कुणकवण,10,17:40,17:55,SC,SUN,,,
11349,"Kharepatan To Kunkavan Gavathan",Kharepatan,"Kunkavan Gavathan",,MO,1780,"Kunkavan Gavathan",10,,,खारेपाटण,कुणकवण,10,17:40,17:55,SC,SUN,,,
11350,"Kharepatan To Pombhurle",Kharepatan,Pombhurle,,MO,2812,Kharepatan,,,,खारेपाटण,पोंभुर्ले,15,11:45,12:20,SC,SUN,,,
11350,"Kharepatan To Pombhurle",Kharepatan,Pombhurle,,MO,2056,"Waingani Stop",3.7,,,खारेपाटण,पोंभुर्ले,15,11:45,12:20,SC,SUN,,,
11350,"Kharepatan To Pombhurle",Kharepatan,Pombhurle,,MO,1779,"Kunkavan Poy",6.7,,,खारेपाटण,पोंभुर्ले,15,11:45,12:20,SC,SUN,,,
11350,"Kharepatan To Pombhurle",Kharepatan,Pombhurle,,MO,1877,Musalmanwadi,10.2,,,खारेपाटण,पोंभुर्ले,15,11:45,12:20,SC,SUN,,,
11350,"Kharepatan To Pombhurle",Kharepatan,Pombhurle,,MO,1693,"Dhalawali Hariyalwadi",12.1,,,खारेपाटण,पोंभुर्ले,15,11:45,12:20,SC,SUN,,,
11350,"Kharepatan To Pombhurle",Kharepatan,Pombhurle,,MO,1936,Pombhurle,15,,,खारेपाटण,पोंभुर्ले,15,11:45,12:20,SC,SUN,,,
11362,"Phonda To Nawale Dhangarwadi",Phonda,"Nawale Dhangarwadi",,MO,2904,Phonda,,,,फोंडा,नावळे,27.9,09:20,10:20,MV,DAILY,,"लोरे आचिर्णे वैभववाडी",
11362,"Phonda To Nawale Dhangarwadi",Phonda,"Nawale Dhangarwadi",,MO,2858,"Mona Wahal",2.7,,,फोंडा,नावळे,27.9,09:20,10:20,MV,DAILY,,"लोरे आचिर्णे वैभववाडी",
11362,"Phonda To Nawale Dhangarwadi",Phonda,"Nawale Dhangarwadi",,MO,2839,"Lore Bangala",6,,,फोंडा,नावळे,27.9,09:20,10:20,MV,DAILY,,"लोरे आचिर्णे वैभववाडी",
11362,"Phonda To Nawale Dhangarwadi",Phonda,"Nawale Dhangarwadi",,MO,9171,"Achirne Wad",7.6,,,फोंडा,नावळे,27.9,09:20,10:20,MV,DAILY,,"लोरे आचिर्णे वैभववाडी",
11362,"Phonda To Nawale Dhangarwadi",Phonda,"Nawale Dhangarwadi",,MO,9169,Achirne,9,,,फोंडा,नावळे,27.9,09:20,10:20,MV,DAILY,,"लोरे आचिर्णे वैभववाडी",
11362,"Phonda To Nawale Dhangarwadi",Phonda,"Nawale Dhangarwadi",,MO,9215,Khambale,12.4,,,फोंडा,नावळे,27.9,09:20,10:20,MV,DAILY,,"लोरे आचिर्णे वैभववाडी",
11362,"Phonda To Nawale Dhangarwadi",Phonda,"Nawale Dhangarwadi",,MO,9189,Dand,15,,,फोंडा,नावळे,27.9,09:20,10:20,MV,DAILY,,"लोरे आचिर्णे वैभववाडी",
11362,"Phonda To Nawale Dhangarwadi",Phonda,"Nawale Dhangarwadi",,MO,9291,Vaibhavwadi,16.2,,,फोंडा,नावळे,27.9,09:20,10:20,MV,DAILY,,"लोरे आचिर्णे वैभववाडी",
11362,"Phonda To Nawale Dhangarwadi",Phonda,"Nawale Dhangarwadi",,MO,9259,Pool,19.9,,,फोंडा,नावळे,27.9,09:20,10:20,MV,DAILY,,"लोरे आचिर्णे वैभववाडी",
11362,"Phonda To Nawale Dhangarwadi",Phonda,"Nawale Dhangarwadi",,MO,9281,Tembwadi,22.8,,,फोंडा,नावळे,27.9,09:20,10:20,MV,DAILY,,"लोरे आचिर्णे वैभववाडी",
11362,"Phonda To Nawale Dhangarwadi",Phonda,"Nawale Dhangarwadi",,MO,9195,Gaothanwadi,25.4,,,फोंडा,नावळे,27.9,09:20,10:20,MV,DAILY,,"लोरे आचिर्णे वैभववाडी",
11362,"Phonda To Nawale Dhangarwadi",Phonda,"Nawale Dhangarwadi",,MO,9191,"Dhangarwadi Shala",25.7,,,फोंडा,नावळे,27.9,09:20,10:20,MV,DAILY,,"लोरे आचिर्णे वैभववाडी",
11362,"Phonda To Nawale Dhangarwadi",Phonda,"Nawale Dhangarwadi",,MO,9248,"Nawale Dhangarwadi",27.9,,,फोंडा,नावळे,27.9,09:20,10:20,MV,DAILY,,"लोरे आचिर्णे वैभववाडी",
19421,"Shirval Phanas To Kankavli","Shirval Phanas",Kankavli,,MO,2969,"Shirval Phanas",,,,शिरवळ,कणकवली,9,08:30,08:50,NON,DAILY,,,
19421,"Shirval Phanas To Kankavli","Shirval Phanas",Kankavli,,MO,2967,Shirval,3,,,शिरवळ,कणकवली,9,08:30,08:50,NON,DAILY,,,
19421,"Shirval Phanas To Kankavli","Shirval Phanas",Kankavli,,MO,2733,Giran,6,,,शिरवळ,कणकवली,9,08:30,08:50,NON,DAILY,,,
19421,"Shirval Phanas To Kankavli","Shirval Phanas",Kankavli,,MO,2786,Kankavli,9,,,शिरवळ,कणकवली,9,08:30,08:50,NON,DAILY,,,
19840,"Mohul To Phonda",Mohul,Phonda,,MO,2855,Mohul,,,,मोहूळ,फोंडा,11,07:55,08:20,SC,SUN,,,
19840,"Mohul To Phonda",Mohul,Phonda,,MO,2844,"Mail Stone",2.2,,,मोहूळ,फोंडा,11,07:55,08:20,SC,SUN,,,
19840,"Mohul To Phonda",Mohul,Phonda,,MO,2844,"Mail Stone",5,,,मोहूळ,फोंडा,11,07:55,08:20,SC,SUN,,,
19840,"Mohul To Phonda",Mohul,Phonda,,MO,2857,"Mohul Titha",5.8,,,मोहूळ,फोंडा,11,07:55,08:20,SC,SUN,,,
19840,"Mohul To Phonda",Mohul,Phonda,,MO,2899,Pawanadevi,7.9,,,मोहूळ,फोंडा,11,07:55,08:20,SC,SUN,,,
19840,"Mohul To Phonda",Mohul,Phonda,,MO,2904,Phonda,11,,,मोहूळ,फोंडा,11,07:55,08:20,SC,SUN,,,
19842,"Napane To Vaibhavwadi",Napane,Vaibhavwadi,,MO,9245,Napane,,,,नापणे,वैभववाडी,9.7,18:15,18:30,SC,DAILY,,,
19842,"Napane To Vaibhavwadi",Napane,Vaibhavwadi,,MO,9190,Dhangarwadi,3.6,,,नापणे,वैभववाडी,9.7,18:15,18:30,SC,DAILY,,,
19842,"Napane To Vaibhavwadi",Napane,Vaibhavwadi,,MO,9181,Bandhwadi,6.5,,,नापणे,वैभववाडी,9.7,18:15,18:30,SC,DAILY,,,
19842,"Napane To Vaibhavwadi",Napane,Vaibhavwadi,,MO,9291,Vaibhavwadi,9.7,,,नापणे,वैभववाडी,9.7,18:15,18:30,SC,DAILY,,,
46457,"Kunde To Kankavli Via Ambrad",Kunde,Kankavli,AMBRAD,MO,6264,Kunde,,,,कुंदे,कणकवली,20,11:05,11:50,NON,DAILY,,,
46457,"Kunde To Kankavli Via Ambrad",Kunde,Kankavli,AMBRAD,MO,6371,"Pokharan School",3.2,,,कुंदे,कणकवली,20,11:05,11:50,NON,DAILY,,,
46457,"Kunde To Kankavli Via Ambrad",Kunde,Kankavli,AMBRAD,MO,6090,Ambrad,8,,,कुंदे,कणकवली,20,11:05,11:50,NON,DAILY,,,
46457,"Kunde To Kankavli Via Ambrad",Kunde,Kankavli,AMBRAD,MO,2976,"Talawade Mandir",11,,,कुंदे,कणकवली,20,11:05,11:50,NON,DAILY,,,
46457,"Kunde To Kankavli Via Ambrad",Kunde,Kankavli,AMBRAD,MO,2807,"Kasvan Fata",14,,,कुंदे,कणकवली,20,11:05,11:50,NON,DAILY,,,
46457,"Kunde To Kankavli Via Ambrad",Kunde,Kankavli,AMBRAD,MO,3001,"Wagade Gpo",17,,,कुंदे,कणकवली,20,11:05,11:50,NON,DAILY,,,
46457,"Kunde To Kankavli Via Ambrad",Kunde,Kankavli,AMBRAD,MO,2786,Kankavli,20,,,कुंदे,कणकवली,20,11:05,11:50,NON,DAILY,,,
49215,"Bagwadi To Kharepatan",Bagwadi,Kharepatan,,MO,1664,Bagwadi,,,,बागवाडी,खारेपाटण,18.1,07:30,08:10,SC,DAILY,,,
49215,"Bagwadi To Kharepatan",Bagwadi,Kharepatan,,MO,1936,Pombhurle,3.1,,,बागवाडी,खारेपाटण,18.1,07:30,08:10,SC,DAILY,,,
49215,"Bagwadi To Kharepatan",Bagwadi,Kharepatan,,MO,1693,"Dhalawali Hariyalwadi",6.1,,,बागवाडी,खारेपाटण,18.1,07:30,08:10,SC,DAILY,,,
49215,"Bagwadi To Kharepatan",Bagwadi,Kharepatan,,MO,88078,"Korle Dewoolwadi",9.1,,,बागवाडी,खारेपाटण,18.1,07:30,08:10,SC,DAILY,,,
49215,"Bagwadi To Kharepatan",Bagwadi,Kharepatan,,MO,1779,"Kunkavan Poy",12.1,,,बागवाडी,खारेपाटण,18.1,07:30,08:10,SC,DAILY,,,
49215,"Bagwadi To Kharepatan",Bagwadi,Kharepatan,,MO,2056,"Waingani Stop",15.1,,,बागवाडी,खारेपाटण,18.1,07:30,08:10,SC,DAILY,,,
49215,"Bagwadi To Kharepatan",Bagwadi,Kharepatan,,MO,2812,Kharepatan,18.1,,,बागवाडी,खारेपाटण,18.1,07:30,08:10,SC,DAILY,,,
59010,"Phonda To Kankavli Via Dalavi Stop",Phonda,Kankavli,"DALAVI STOP",MO,2904,Phonda,,,,फोंडा,कणकवली,21.1,17:15,18:00,SC,DAILY,,साकेडी,
59010,"Phonda To Kankavli Via Dalavi Stop",Phonda,Kankavli,"DALAVI STOP",MO,2787,"Kankavli Nandgaon Fata",3,,,फोंडा,कणकवली,21.1,17:15,18:00,SC,DAILY,,साकेडी,
59010,"Phonda To Kankavli Via Dalavi Stop",Phonda,Kankavli,"DALAVI STOP",MO,2781,Kanadewadi,5.7,,,फोंडा,कणकवली,21.1,17:15,18:00,SC,DAILY,,साकेडी,
59010,"Phonda To Kankavli Via Dalavi Stop",Phonda,Kankavli,"DALAVI STOP",MO,2790,Karul,7.1,,,फोंडा,कणकवली,21.1,17:15,18:00,SC,DAILY,,साकेडी,
59010,"Phonda To Kankavli Via Dalavi Stop",Phonda,Kankavli,"DALAVI STOP",MO,2974,"Swami Ghar",9,,,फोंडा,कणकवली,21.1,17:15,18:00,SC,DAILY,,साकेडी,
59010,"Phonda To Kankavli Via Dalavi Stop",Phonda,Kankavli,"DALAVI STOP",MO,2939,"Sakedi School",12.1,,,फोंडा,कणकवली,21.1,17:15,18:00,SC,DAILY,,साकेडी,
59010,"Phonda To Kankavli Via Dalavi Stop",Phonda,Kankavli,"DALAVI STOP",MO,2688,"Dalavi Stop",15,,,फोंडा,कणकवली,21.1,17:15,18:00,SC,DAILY,,साकेडी,
59010,"Phonda To Kankavli Via Dalavi Stop",Phonda,Kankavli,"DALAVI STOP",MO,2766,Janavali,18,,,फोंडा,कणकवली,21.1,17:15,18:00,SC,DAILY,,साकेडी,
59010,"Phonda To Kankavli Via Dalavi Stop",Phonda,Kankavli,"DALAVI STOP",MO,2786,Kankavli,21.1,,,फोंडा,कणकवली,21.1,17:15,18:00,SC,DAILY,,साकेडी,
59620,"Tarla To Piyali Gaothan",Tarla,"Piyali Gaothan",,MO,2982,Tarla,,,,तरळे,"पियाळी गावठाण",11.5,16:30,16:55,SC,SUN,,,
59620,"Tarla To Piyali Gaothan",Tarla,"Piyali Gaothan",,MO,2916,Pokharbav,3.3,,,तरळे,"पियाळी गावठाण",11.5,16:30,16:55,SC,SUN,,,
59620,"Tarla To Piyali Gaothan",Tarla,"Piyali Gaothan",,MO,2800,"Kasarde Sawantwadi",6.3,,,तरळे,"पियाळी गावठाण",11.5,16:30,16:55,SC,SUN,,,
59620,"Tarla To Piyali Gaothan",Tarla,"Piyali Gaothan",,MO,2763,"Jain Dukan",7.8,,,तरळे,"पियाळी गावठाण",11.5,16:30,16:55,SC,SUN,,,
59620,"Tarla To Piyali Gaothan",Tarla,"Piyali Gaothan",,MO,2915,"Piyali School",9.3,,,तरळे,"पियाळी गावठाण",11.5,16:30,16:55,SC,SUN,,,
59620,"Tarla To Piyali Gaothan",Tarla,"Piyali Gaothan",,MO,2914,"Piyali Gaothan",11.5,,,तरळे,"पियाळी गावठाण",11.5,16:30,16:55,SC,SUN,,,
59621,"Piyali Gaothan To Tarla","Piyali Gaothan",Tarla,,MO,2914,"Piyali Gaothan",,,,"पियाळी गावठाण",तरळे,11.5,17:05,17:30,SC,SUN,,,
59621,"Piyali Gaothan To Tarla","Piyali Gaothan",Tarla,,MO,2915,"Piyali School",2.2,,,"पियाळी गावठाण",तरळे,11.5,17:05,17:30,SC,SUN,,,
59621,"Piyali Gaothan To Tarla","Piyali Gaothan",Tarla,,MO,2763,"Jain Dukan",3.7,,,"पियाळी गावठाण",तरळे,11.5,17:05,17:30,SC,SUN,,,
59621,"Piyali Gaothan To Tarla","Piyali Gaothan",Tarla,,MO,2800,"Kasarde Sawantwadi",5.2,,,"पियाळी गावठाण",तरळे,11.5,17:05,17:30,SC,SUN,,,
59621,"Piyali Gaothan To Tarla","Piyali Gaothan",Tarla,,MO,2916,Pokharbav,8.2,,,"पियाळी गावठाण",तरळे,11.5,17:05,17:30,SC,SUN,,,
59621,"Piyali Gaothan To Tarla","Piyali Gaothan",Tarla,,MO,2982,Tarla,11.5,,,"पियाळी गावठाण",तरळे,11.5,17:05,17:30,SC,SUN,,,
59669,"Kankavli To Waingani  Via Achara",Kankavli,Waingani,ACHARA,MO,2786,Kankavli,,,,कणकवली,"आचरा बंदर वायनगणी",49.6,10:40,12:30,NON,DAILY,,"रामगड आचरा हिर्लेवाडी",
59669,"Kankavli To Waingani  Via Achara",Kankavli,Waingani,ACHARA,MO,88092,"Kalmath Phanaswadi",3,,,कणकवली,"आचरा बंदर वायनगणी",49.6,10:40,12:30,NON,DAILY,,"रामगड आचरा हिर्लेवाडी",
59669,"Kankavli To Waingani  Via Achara",Kankavli,Waingani,ACHARA,MO,2902,"Phalsewadi School",6,,,कणकवली,"आचरा बंदर वायनगणी",49.6,10:40,12:30,NON,DAILY,,"रामगड आचरा हिर्लेवाडी",
59669,"Kankavli To Waingani  Via Achara",Kankavli,Waingani,ACHARA,MO,2737,"Gothane Wad",9,,,कणकवली,"आचरा बंदर वायनगणी",49.6,10:40,12:30,NON,DAILY,,"रामगड आचरा हिर्लेवाडी",
59669,"Kankavli To Waingani  Via Achara",Kankavli,Waingani,ACHARA,MO,6971,"Ramgad Bazar",12,,,कणकवली,"आचरा बंदर वायनगणी",49.6,10:40,12:30,NON,DAILY,,"रामगड आचरा हिर्लेवाडी",
59669,"Kankavli To Waingani  Via Achara",Kankavli,Waingani,ACHARA,MO,6777,"Belne Fata",15,,,कणकवली,"आचरा बंदर वायनगणी",49.6,10:40,12:30,NON,DAILY,,"रामगड आचरा हिर्लेवाडी",
59669,"Kankavli To Waingani  Via Achara",Kankavli,Waingani,ACHARA,MO,6997,Shravan,16.2,,,कणकवली,"आचरा बंदर वायनगणी",49.6,10:40,12:30,NON,DAILY,,"रामगड आचरा हिर्लेवाडी",
59669,"Kankavli To Waingani  Via Achara",Kankavli,Waingani,ACHARA,MO,6910,"Mail Dagad",18,,,कणकवली,"आचरा बंदर वायनगणी",49.6,10:40,12:30,NON,DAILY,,"रामगड आचरा हिर्लेवाडी",
59669,"Kankavli To Waingani  Via Achara",Kankavli,Waingani,ACHARA,MO,6749,"Adawali Titha",19.2,,,कणकवली,"आचरा बंदर वायनगणी",49.6,10:40,12:30,NON,DAILY,,"रामगड आचरा हिर्लेवाडी",
59669,"Kankavli To Waingani  Via Achara",Kankavli,Waingani,ACHARA,MO,6858,"Kaju Stop",21,,,कणकवली,"आचरा बंदर वायनगणी",49.6,10:40,12:30,NON,DAILY,,"रामगड आचरा हिर्लेवाडी",
59669,"Kankavli To Waingani  Via Achara",Kankavli,Waingani,ACHARA,MO,6953,"Palsamb School",24,,,कणकवली,"आचरा बंदर वायनगणी",49.6,10:40,12:30,NON,DAILY,,"रामगड आचरा हिर्लेवाडी",
59669,"Kankavli To Waingani  Via Achara",Kankavli,Waingani,ACHARA,MO,7011,"Trimbak Sapala",25.4,,,कणकवली,"आचरा बंदर वायनगणी",49.6,10:40,12:30,NON,DAILY,,"रामगड आचरा हिर्लेवाडी",
59669,"Kankavli To Waingani  Via Achara",Kankavli,Waingani,ACHARA,MO,7009,"Trimbak Bazar",27,,,कणकवली,"आचरा बंदर वायनगणी",49.6,10:40,12:30,NON,DAILY,,"रामगड आचरा हिर्लेवाडी",
59669,"Kankavli To Waingani  Via Achara",Kankavli,Waingani,ACHARA,MO,6798,"Chindar Wad",30,,,कणकवली,"आचरा बंदर वायनगणी",49.6,10:40,12:30,NON,DAILY,,"रामगड आचरा हिर्लेवाडी",
59669,"Kankavli To Waingani  Via Achara",Kankavli,Waingani,ACHARA,MO,6740,Achara,33,,,कणकवली,"आचरा बंदर वायनगणी",49.6,10:40,12:30,NON,DAILY,,"रामगड आचरा हिर्लेवाडी",
59669,"Kankavli To Waingani  Via Achara",Kankavli,Waingani,ACHARA,MO,6741,"Achara Bandar",36,,,कणकवली,"आचरा बंदर वायनगणी",49.6,10:40,12:30,NON,DAILY,,"रामगड आचरा हिर्लेवाडी",
59669,"Kankavli To Waingani  Via Achara",Kankavli,Waingani,ACHARA,MO,6848,"Hirlewadi Sai Mandir",39,,,कणकवली,"आचरा बंदर वायनगणी",49.6,10:40,12:30,NON,DAILY,,"रामगड आचरा हिर्लेवाडी",
59669,"Kankavli To Waingani  Via Achara",Kankavli,Waingani,ACHARA,MO,6960,Pat,42,,,कणकवली,"आचरा बंदर वायनगणी",49.6,10:40,12:30,NON,DAILY,,"रामगड आचरा हिर्लेवाडी",
59669,"Kankavli To Waingani  Via Achara",Kankavli,Waingani,ACHARA,MO,6763,"Asolkar Dukan",45,,,कणकवली,"आचरा बंदर वायनगणी",49.6,10:40,12:30,NON,DAILY,,"रामगड आचरा हिर्लेवाडी",
59669,"Kankavli To Waingani  Via Achara",Kankavli,Waingani,ACHARA,MO,7027,Waingani,49.6,,,कणकवली,"आचरा बंदर वायनगणी",49.6,10:40,12:30,NON,DAILY,,"रामगड आचरा हिर्लेवाडी",
59730,"Malvan To Kankavli Via Madhavwadi",Malvan,Kankavli,MADHAVWADI,MO,6915,Malvan,,,,मालवण,"कणकवली रेल्वे स्टेशन",63,16:10,18:40,NON,DAILY,,"आचरा 16.40-17.15",
59730,"Malvan To Kankavli Via Madhavwadi",Malvan,Kankavli,MADHAVWADI,MO,6889,Kolamb,5.4,,,मालवण,"कणकवली रेल्वे स्टेशन",63,16:10,18:40,NON,DAILY,,"आचरा 16.40-17.15",
59730,"Malvan To Kankavli Via Madhavwadi",Malvan,Kankavli,MADHAVWADI,MO,6817,"Gadgil Stop",11.6,,,मालवण,"कणकवली रेल्वे स्टेशन",63,16:10,18:40,NON,DAILY,,"आचरा 16.40-17.15",
59730,"Malvan To Kankavli Via Madhavwadi",Malvan,Kankavli,MADHAVWADI,MO,6921,Margeshwar,14.6,,,मालवण,"कणकवली रेल्वे स्टेशन",63,16:10,18:40,NON,DAILY,,"आचरा 16.40-17.15",
59730,"Malvan To Kankavli Via Madhavwadi",Malvan,Kankavli,MADHAVWADI,MO,6859,Kalawal,17.6,,,मालवण,"कणकवली रेल्वे स्टेशन",63,16:10,18:40,NON,DAILY,,"आचरा 16.40-17.15",
59730,"Malvan To Kankavli Via Madhavwadi",Malvan,Kankavli,MADHAVWADI,MO,6983,Sadewadi,20.6,,,मालवण,"कणकवली रेल्वे स्टेशन",63,16:10,18:40,NON,DAILY,,"आचरा 16.40-17.15",
59730,"Malvan To Kankavli Via Madhavwadi",Malvan,Kankavli,MADHAVWADI,MO,6740,Achara,23.6,,,मालवण,"कणकवली रेल्वे स्टेशन",63,16:10,18:40,NON,DAILY,,"आचरा 16.40-17.15",
59730,"Malvan To Kankavli Via Madhavwadi",Malvan,Kankavli,MADHAVWADI,MO,6798,"Chindar Wad",26.6,,,मालवण,"कणकवली रेल्वे स्टेशन",63,16:10,18:40,NON,DAILY,,"आचरा 16.40-17.15",
59730,"Malvan To Kankavli Via Madhavwadi",Malvan,Kankavli,MADHAVWADI,MO,6902,Madhavwadi,29.6,,,मालवण,"कणकवली रेल्वे स्टेशन",63,16:10,18:40,NON,DAILY,,"आचरा 16.40-17.15",
59730,"Malvan To Kankavli Via Madhavwadi",Malvan,Kankavli,MADHAVWADI,MO,6918,Mandir,32.6,,,मालवण,"कणकवली रेल्वे स्टेशन",63,16:10,18:40,NON,DAILY,,"आचरा 16.40-17.15",
59730,"Malvan To Kankavli Via Madhavwadi",Malvan,Kankavli,MADHAVWADI,MO,7011,"Trimbak Sapala",34.4,,,मालवण,"कणकवली रेल्वे स्टेशन",63,16:10,18:40,NON,DAILY,,"आचरा 16.40-17.15",
59730,"Malvan To Kankavli Via Madhavwadi",Malvan,Kankavli,MADHAVWADI,MO,6953,"Palsamb School",35.6,,,मालवण,"कणकवली रेल्वे स्टेशन",63,16:10,18:40,NON,DAILY,,"आचरा 16.40-17.15",
59730,"Malvan To Kankavli Via Madhavwadi",Malvan,Kankavli,MADHAVWADI,MO,6858,"Kaju Stop",38.6,,,मालवण,"कणकवली रेल्वे स्टेशन",63,16:10,18:40,NON,DAILY,,"आचरा 16.40-17.15",
59730,"Malvan To Kankavli Via Madhavwadi",Malvan,Kankavli,MADHAVWADI,MO,6749,"Adawali Titha",40.4,,,मालवण,"कणकवली रेल्वे स्टेशन",63,16:10,18:40,NON,DAILY,,"आचरा 16.40-17.15",
59730,"Malvan To Kankavli Via Madhavwadi",Malvan,Kankavli,MADHAVWADI,MO,6822,Gavliwadi,41.6,,,मालवण,"कणकवली रेल्वे स्टेशन",63,16:10,18:40,NON,DAILY,,"आचरा 16.40-17.15",
59730,"Malvan To Kankavli Via Madhavwadi",Malvan,Kankavli,MADHAVWADI,MO,6997,Shravan,43.4,,,मालवण,"कणकवली रेल्वे स्टेशन",63,16:10,18:40,NON,DAILY,,"आचरा 16.40-17.15",
59730,"Malvan To Kankavli Via Madhavwadi",Malvan,Kankavli,MADHAVWADI,MO,6777,"Belne Fata",44.6,,,मालवण,"कणकवली रेल्वे स्टेशन",63,16:10,18:40,NON,DAILY,,"आचरा 16.40-17.15",
59730,"Malvan To Kankavli Via Madhavwadi",Malvan,Kankavli,MADHAVWADI,MO,6971,"Ramgad Bazar",47.6,,,मालवण,"कणकवली रेल्वे स्टेशन",63,16:10,18:40,NON,DAILY,,"आचरा 16.40-17.15",
59730,"Malvan To Kankavli Via Madhavwadi",Malvan,Kankavli,MADHAVWADI,MO,2737,"Gothane Wad",50.6,,,मालवण,"कणकवली रेल्वे स्टेशन",63,16:10,18:40,NON,DAILY,,"आचरा 16.40-17.15",
59730,"Malvan To Kankavli Via Madhavwadi",Malvan,Kankavli,MADHAVWADI,MO,2902,"Phalsewadi School",53.6,,,मालवण,"कणकवली रेल्वे स्टेशन",63,16:10,18:40,NON,DAILY,,"आचरा 16.40-17.15",
59730,"Malvan To Kankavli Via Madhavwadi",Malvan,Kankavli,MADHAVWADI,MO,88092,"Kalmath Phanaswadi",56.6,,,मालवण,"कणकवली रेल्वे स्टेशन",63,16:10,18:40,NON,DAILY,,"आचरा 16.40-17.15",
59730,"Malvan To Kankavli Via Madhavwadi",Malvan,Kankavli,MADHAVWADI,MO,2786,Kankavli,59.6,,,मालवण,"कणकवली रेल्वे स्टेशन",63,16:10,18:40,NON,DAILY,,"आचरा 16.40-17.15",
59730,"Malvan To Kankavli Via Madhavwadi",Malvan,Kankavli,MADHAVWADI,MO,88077,"Kankavli Railway Station",61.5,,,मालवण,"कणकवली रेल्वे स्टेशन",63,16:10,18:40,NON,DAILY,,"आचरा 16.40-17.15",
59730,"Malvan To Kankavli Via Madhavwadi",Malvan,Kankavli,MADHAVWADI,MO,2786,Kankavli,63,,,मालवण,"कणकवली रेल्वे स्टेशन",63,16:10,18:40,NON,DAILY,,"आचरा 16.40-17.15",
83970,"Phonda To Kankavli Via Karanje Khind",Phonda,Kankavli,"KARANJE KHIND",MO,2904,Phonda,,,,फोंडा,कणकवली,24.4,08:00,09:00,NON,DAILY,,करंजे,
83970,"Phonda To Kankavli Via Karanje Khind",Phonda,Kankavli,"KARANJE KHIND",MO,2899,Pawanadevi,3.4,,,फोंडा,कणकवली,24.4,08:00,09:00,NON,DAILY,,करंजे,
83970,"Phonda To Kankavli Via Karanje Khind",Phonda,Kankavli,"KARANJE KHIND",MO,2749,"Harkul Thade",4.7,,,फोंडा,कणकवली,24.4,08:00,09:00,NON,DAILY,,करंजे,
83970,"Phonda To Kankavli Via Karanje Khind",Phonda,Kankavli,"KARANJE KHIND",MO,2682,Chinch,6.4,,,फोंडा,कणकवली,24.4,08:00,09:00,NON,DAILY,,करंजे,
83970,"Phonda To Kankavli Via Karanje Khind",Phonda,Kankavli,"KARANJE KHIND",MO,2788,"Karanje Khind",9.4,,,फोंडा,कणकवली,24.4,08:00,09:00,NON,DAILY,,करंजे,
83970,"Phonda To Kankavli Via Karanje Khind",Phonda,Kankavli,"KARANJE KHIND",MO,2949,"Saticha Mal",12.4,,,फोंडा,कणकवली,24.4,08:00,09:00,NON,DAILY,,करंजे,
83970,"Phonda To Kankavli Via Karanje Khind",Phonda,Kankavli,"KARANJE KHIND",MO,2789,"Karanje Ravalnath Mandir",14.2,,,फोंडा,कणकवली,24.4,08:00,09:00,NON,DAILY,,करंजे,
83970,"Phonda To Kankavli Via Karanje Khind",Phonda,Kankavli,"KARANJE KHIND",MO,2823,"Kumbharwadi Gavaldeo",15.4,,,फोंडा,कणकवली,24.4,08:00,09:00,NON,DAILY,,करंजे,
83970,"Phonda To Kankavli Via Karanje Khind",Phonda,Kankavli,"KARANJE KHIND",MO,2868,"Nagave Marathi School",18.4,,,फोंडा,कणकवली,24.4,08:00,09:00,NON,DAILY,,करंजे,
83970,"Phonda To Kankavli Via Karanje Khind",Phonda,Kankavli,"KARANJE KHIND",MO,2844,"Mail Stone",21.4,,,फोंडा,कणकवली,24.4,08:00,09:00,NON,DAILY,,करंजे,
83970,"Phonda To Kankavli Via Karanje Khind",Phonda,Kankavli,"KARANJE KHIND",MO,2786,Kankavli,24.4,,,फोंडा,कणकवली,24.4,08:00,09:00,NON,DAILY,,करंजे,
90105,"Bhuibavada To Vaibhavwadi",Bhuibavada,Vaibhavwadi,,MO,9186,Bhuibavada,,,,भुईबावडा,वैभववाडी,15,16:10,16:40,SC,SUN,,गवळीवाडी,
90105,"Bhuibavada To Vaibhavwadi",Bhuibavada,Vaibhavwadi,,MO,9282,Tirawade,1.8,,,भुईबावडा,वैभववाडी,15,16:10,16:40,SC,SUN,,गवळीवाडी,
90105,"Bhuibavada To Vaibhavwadi",Bhuibavada,Vaibhavwadi,,MO,9197,"Gawalwadi Dattamandir",3,,,भुईबावडा,वैभववाडी,15,16:10,16:40,SC,SUN,,गवळीवाडी,
90105,"Bhuibavada To Vaibhavwadi",Bhuibavada,Vaibhavwadi,,MO,9277,Sutarwadi,6,,,भुईबावडा,वैभववाडी,15,16:10,16:40,SC,SUN,,गवळीवाडी,
90105,"Bhuibavada To Vaibhavwadi",Bhuibavada,Vaibhavwadi,,MO,9226,"Kusur Bazarwadi",9,,,भुईबावडा,वैभववाडी,15,16:10,16:40,SC,SUN,,गवळीवाडी,
90105,"Bhuibavada To Vaibhavwadi",Bhuibavada,Vaibhavwadi,,MO,9247,"Narkar Dukan",12,,,भुईबावडा,वैभववाडी,15,16:10,16:40,SC,SUN,,गवळीवाडी,
90105,"Bhuibavada To Vaibhavwadi",Bhuibavada,Vaibhavwadi,,MO,9291,Vaibhavwadi,15,,,भुईबावडा,वैभववाडी,15,16:10,16:40,SC,SUN,,गवळीवाडी,
120352,"Tarla To Bagwadi Via Kunkavan School-1",Tarla,Bagwadi,"KUNKAVAN SCHOOL-1",MO,2982,Tarla,,,,तरळे,बागवाडी,35.9,08:15,09:30,SC,DAILY,,,
120352,"Tarla To Bagwadi Via Kunkavan School-1",Tarla,Bagwadi,"KUNKAVAN SCHOOL-1",MO,2844,"Mail Stone",3,,,तरळे,बागवाडी,35.9,08:15,09:30,SC,DAILY,,,
120352,"Tarla To Bagwadi Via Kunkavan School-1",Tarla,Bagwadi,"KUNKAVAN SCHOOL-1",MO,2941,Saliste,3.2,,,तरळे,बागवाडी,35.9,08:15,09:30,SC,DAILY,,,
120352,"Tarla To Bagwadi Via Kunkavan School-1",Tarla,Bagwadi,"KUNKAVAN SCHOOL-1",MO,2844,"Mail Stone",6,,,तरळे,बागवाडी,35.9,08:15,09:30,SC,DAILY,,,
120352,"Tarla To Bagwadi Via Kunkavan School-1",Tarla,Bagwadi,"KUNKAVAN SCHOOL-1",MO,3011,"Wargaon School",8.9,,,तरळे,बागवाडी,35.9,08:15,09:30,SC,DAILY,,,
120352,"Tarla To Bagwadi Via Kunkavan School-1",Tarla,Bagwadi,"KUNKAVAN SCHOOL-1",MO,2681,Chavata,10.2,,,तरळे,बागवाडी,35.9,08:15,09:30,SC,DAILY,,,
120352,"Tarla To Bagwadi Via Kunkavan School-1",Tarla,Bagwadi,"KUNKAVAN SCHOOL-1",MO,2818,Kondwadi,11,,,तरळे,बागवाडी,35.9,08:15,09:30,SC,DAILY,,,
120352,"Tarla To Bagwadi Via Kunkavan School-1",Tarla,Bagwadi,"KUNKAVAN SCHOOL-1",MO,2824,"Kumbharwadi School",11.3,,,तरळे,बागवाडी,35.9,08:15,09:30,SC,DAILY,,,
120352,"Tarla To Bagwadi Via Kunkavan School-1",Tarla,Bagwadi,"KUNKAVAN SCHOOL-1",MO,2829,"Kunkavan School-1",14.2,,,तरळे,बागवाडी,35.9,08:15,09:30,SC,DAILY,,,
120352,"Tarla To Bagwadi Via Kunkavan School-1",Tarla,Bagwadi,"KUNKAVAN SCHOOL-1",MO,2864,"Nadgive Ghati",15,,,तरळे,बागवाडी,35.9,08:15,09:30,SC,DAILY,,,
120352,"Tarla To Bagwadi Via Kunkavan School-1",Tarla,Bagwadi,"KUNKAVAN SCHOOL-1",MO,2812,Kharepatan,17.8,,,तरळे,बागवाडी,35.9,08:15,09:30,SC,DAILY,,,
120352,"Tarla To Bagwadi Via Kunkavan School-1",Tarla,Bagwadi,"KUNKAVAN SCHOOL-1",MO,2056,"Waingani Stop",21.5,,,तरळे,बागवाडी,35.9,08:15,09:30,SC,DAILY,,,
120352,"Tarla To Bagwadi Via Kunkavan School-1",Tarla,Bagwadi,"KUNKAVAN SCHOOL-1",MO,1779,"Kunkavan Poy",24.5,,,तरळे,बागवाडी,35.9,08:15,09:30,SC,DAILY,,,
120352,"Tarla To Bagwadi Via Kunkavan School-1",Tarla,Bagwadi,"KUNKAVAN SCHOOL-1",MO,88078,"Korle Dewoolwadi",27.5,,,तरळे,बागवाडी,35.9,08:15,09:30,SC,DAILY,,,
120352,"Tarla To Bagwadi Via Kunkavan School-1",Tarla,Bagwadi,"KUNKAVAN SCHOOL-1",MO,1877,Musalmanwadi,28,,,तरळे,बागवाडी,35.9,08:15,09:30,SC,DAILY,,,
120352,"Tarla To Bagwadi Via Kunkavan School-1",Tarla,Bagwadi,"KUNKAVAN SCHOOL-1",MO,1693,"Dhalawali Hariyalwadi",29.9,,,तरळे,बागवाडी,35.9,08:15,09:30,SC,DAILY,,,
120352,"Tarla To Bagwadi Via Kunkavan School-1",Tarla,Bagwadi,"KUNKAVAN SCHOOL-1",MO,1936,Pombhurle,33.5,,,तरळे,बागवाडी,35.9,08:15,09:30,SC,DAILY,,,
120352,"Tarla To Bagwadi Via Kunkavan School-1",Tarla,Bagwadi,"KUNKAVAN SCHOOL-1",MO,1664,Bagwadi,35.9,,,तरळे,बागवाडी,35.9,08:15,09:30,SC,DAILY,,,
126315,"Kankavli To Dariste Via Kanedi",Kankavli,Dariste,KANEDI,MO,2786,Kankavli,,,,कणकवली,दारीस्ते,21.5,12:15,13:00,SC,DAILY,,कनेडी,
126315,"Kankavli To Dariste Via Kanedi",Kankavli,Dariste,KANEDI,MO,2859,Mudeshwar,3,,,कणकवली,दारीस्ते,21.5,12:15,13:00,SC,DAILY,,कनेडी,
126315,"Kankavli To Dariste Via Kanedi",Kankavli,Dariste,KANEDI,MO,2660,"Bhat Dukan",6,,,कणकवली,दारीस्ते,21.5,12:15,13:00,SC,DAILY,,कनेडी,
126315,"Kankavli To Dariste Via Kanedi",Kankavli,Dariste,KANEDI,MO,2945,"Sangave Mandir",9,,,कणकवली,दारीस्ते,21.5,12:15,13:00,SC,DAILY,,कनेडी,
126315,"Kankavli To Dariste Via Kanedi",Kankavli,Dariste,KANEDI,MO,2782,Kanedi,12,,,कणकवली,दारीस्ते,21.5,12:15,13:00,SC,DAILY,,कनेडी,
126315,"Kankavli To Dariste Via Kanedi",Kankavli,Dariste,KANEDI,MO,2852,"Maruti Mandir",15,,,कणकवली,दारीस्ते,21.5,12:15,13:00,SC,DAILY,,कनेडी,
126315,"Kankavli To Dariste Via Kanedi",Kankavli,Dariste,KANEDI,MO,2740,Guravwadi,18,,,कणकवली,दारीस्ते,21.5,12:15,13:00,SC,DAILY,,कनेडी,
126315,"Kankavli To Dariste Via Kanedi",Kankavli,Dariste,KANEDI,MO,2693,Dariste,21.5,,,कणकवली,दारीस्ते,21.5,12:15,13:00,SC,DAILY,,कनेडी,
126444,"Vaibhavwadi To Tarla Via Nadhawade",Vaibhavwadi,Tarla,NADHAWADE,MO,9291,Vaibhavwadi,,,,वैभववाडी,तरळा,14.5,11:15,11:45,SC,SUN,,,
126444,"Vaibhavwadi To Tarla Via Nadhawade",Vaibhavwadi,Tarla,NADHAWADE,MO,9181,Bandhwadi,3,,,वैभववाडी,तरळा,14.5,11:15,11:45,SC,SUN,,,
126444,"Vaibhavwadi To Tarla Via Nadhawade",Vaibhavwadi,Tarla,NADHAWADE,MO,9262,"Railway Gate",5.2,,,वैभववाडी,तरळा,14.5,11:15,11:45,SC,SUN,,,
126444,"Vaibhavwadi To Tarla Via Nadhawade",Vaibhavwadi,Tarla,NADHAWADE,MO,9213,"Kasale Wadi",6,,,वैभववाडी,तरळा,14.5,11:15,11:45,SC,SUN,,,
126444,"Vaibhavwadi To Tarla Via Nadhawade",Vaibhavwadi,Tarla,NADHAWADE,MO,9241,Nadhawade,7.2,,,वैभववाडी,तरळा,14.5,11:15,11:45,SC,SUN,,,
126444,"Vaibhavwadi To Tarla Via Nadhawade",Vaibhavwadi,Tarla,NADHAWADE,MO,9259,Pool,9,,,वैभववाडी,तरळा,14.5,11:15,11:45,SC,SUN,,,
126444,"Vaibhavwadi To Tarla Via Nadhawade",Vaibhavwadi,Tarla,NADHAWADE,MO,2780,"Kambale Hotel",10.2,,,वैभववाडी,तरळा,14.5,11:15,11:45,SC,SUN,,,
126444,"Vaibhavwadi To Tarla Via Nadhawade",Vaibhavwadi,Tarla,NADHAWADE,MO,2796,"Kasarde Buddhawadi",12,,,वैभववाडी,तरळा,14.5,11:15,11:45,SC,SUN,,,
126444,"Vaibhavwadi To Tarla Via Nadhawade",Vaibhavwadi,Tarla,NADHAWADE,MO,2982,Tarla,14.5,,,वैभववाडी,तरळा,14.5,11:15,11:45,SC,SUN,,,
127403,"Tithavali To Vaibhavwadi Via Kusur Bazarwadi",Tithavali,Vaibhavwadi,"KUSUR BAZARWADI",MO,9284,Tithavali,,,,तिथवली,वैभववाडी,14.2,12:25,12:50,MV,SUNDAY,,"दिक्षी कुसुर",
127403,"Tithavali To Vaibhavwadi Via Kusur Bazarwadi",Tithavali,Vaibhavwadi,"KUSUR BAZARWADI",MO,9279,Tawadewadi,2.2,,,तिथवली,वैभववाडी,14.2,12:25,12:50,MV,SUNDAY,,"दिक्षी कुसुर",
127403,"Tithavali To Vaibhavwadi Via Kusur Bazarwadi",Tithavali,Vaibhavwadi,"KUSUR BAZARWADI",MO,9192,Dikshi,3.4,,,तिथवली,वैभववाडी,14.2,12:25,12:50,MV,SUNDAY,,"दिक्षी कुसुर",
127403,"Tithavali To Vaibhavwadi Via Kusur Bazarwadi",Tithavali,Vaibhavwadi,"KUSUR BAZARWADI",MO,9230,Maildagad,5.2,,,तिथवली,वैभववाडी,14.2,12:25,12:50,MV,SUNDAY,,"दिक्षी कुसुर",
127403,"Tithavali To Vaibhavwadi Via Kusur Bazarwadi",Tithavali,Vaibhavwadi,"KUSUR BAZARWADI",MO,9226,"Kusur Bazarwadi",8.2,,,तिथवली,वैभववाडी,14.2,12:25,12:50,MV,SUNDAY,,"दिक्षी कुसुर",
127403,"Tithavali To Vaibhavwadi Via Kusur Bazarwadi",Tithavali,Vaibhavwadi,"KUSUR BAZARWADI",MO,9247,"Narkar Dukan",11.2,,,तिथवली,वैभववाडी,14.2,12:25,12:50,MV,SUNDAY,,"दिक्षी कुसुर",
127403,"Tithavali To Vaibhavwadi Via Kusur Bazarwadi",Tithavali,Vaibhavwadi,"KUSUR BAZARWADI",MO,9291,Vaibhavwadi,14.2,,,तिथवली,वैभववाडी,14.2,12:25,12:50,MV,SUNDAY,,"दिक्षी कुसुर",
128576,"Dariste To Kankavli Via Rajwadi",Dariste,Kankavli,RAJWADI,MO,2693,Dariste,,,,दारीस्ते,कणकवली,24,09:50,10:40,SC,SUN,,,
128576,"Dariste To Kankavli Via Rajwadi",Dariste,Kankavli,RAJWADI,MO,2740,Guravwadi,3,,,दारीस्ते,कणकवली,24,09:50,10:40,SC,SUN,,,
128576,"Dariste To Kankavli Via Rajwadi",Dariste,Kankavli,RAJWADI,MO,2924,Rajwadi,6,,,दारीस्ते,कणकवली,24,09:50,10:40,SC,SUN,,,
128576,"Dariste To Kankavli Via Rajwadi",Dariste,Kankavli,RAJWADI,MO,2852,"Maruti Mandir",9,,,दारीस्ते,कणकवली,24,09:50,10:40,SC,SUN,,,
128576,"Dariste To Kankavli Via Rajwadi",Dariste,Kankavli,RAJWADI,MO,2782,Kanedi,12,,,दारीस्ते,कणकवली,24,09:50,10:40,SC,SUN,,,
128576,"Dariste To Kankavli Via Rajwadi",Dariste,Kankavli,RAJWADI,MO,2926,"Rameshwar Mandir",15,,,दारीस्ते,कणकवली,24,09:50,10:40,SC,SUN,,,
128576,"Dariste To Kankavli Via Rajwadi",Dariste,Kankavli,RAJWADI,MO,2660,"Bhat Dukan",18,,,दारीस्ते,कणकवली,24,09:50,10:40,SC,SUN,,,
128576,"Dariste To Kankavli Via Rajwadi",Dariste,Kankavli,RAJWADI,MO,2859,Mudeshwar,21,,,दारीस्ते,कणकवली,24,09:50,10:40,SC,SUN,,,
128576,"Dariste To Kankavli Via Rajwadi",Dariste,Kankavli,RAJWADI,MO,2786,Kankavli,24,,,दारीस्ते,कणकवली,24,09:50,10:40,SC,SUN,,,
129095,"Vaibhavwadi To Jambhawade Guravwadi Via Gawalwadi",Vaibhavwadi,"Jambhawade Guravwadi",GAWALWADI,MO,9291,Vaibhavwadi,,,,वैभववाडी,जांभवडे,39,16:15,17:45,MV,SUNDAY,,"कुसुर गवळवाडी भुइबावडा हेत नेर्ले",
129095,"Vaibhavwadi To Jambhawade Guravwadi Via Gawalwadi",Vaibhavwadi,"Jambhawade Guravwadi",GAWALWADI,MO,9274,Sonali,3,,,वैभववाडी,जांभवडे,39,16:15,17:45,MV,SUNDAY,,"कुसुर गवळवाडी भुइबावडा हेत नेर्ले",
129095,"Vaibhavwadi To Jambhawade Guravwadi Via Gawalwadi",Vaibhavwadi,"Jambhawade Guravwadi",GAWALWADI,MO,9226,"Kusur Bazarwadi",6,,,वैभववाडी,जांभवडे,39,16:15,17:45,MV,SUNDAY,,"कुसुर गवळवाडी भुइबावडा हेत नेर्ले",
129095,"Vaibhavwadi To Jambhawade Guravwadi Via Gawalwadi",Vaibhavwadi,"Jambhawade Guravwadi",GAWALWADI,MO,9277,Sutarwadi,9,,,वैभववाडी,जांभवडे,39,16:15,17:45,MV,SUNDAY,,"कुसुर गवळवाडी भुइबावडा हेत नेर्ले",
129095,"Vaibhavwadi To Jambhawade Guravwadi Via Gawalwadi",Vaibhavwadi,"Jambhawade Guravwadi",GAWALWADI,MO,9196,Gawalwadi,11.2,,,वैभववाडी,जांभवडे,39,16:15,17:45,MV,SUNDAY,,"कुसुर गवळवाडी भुइबावडा हेत नेर्ले",
129095,"Vaibhavwadi To Jambhawade Guravwadi Via Gawalwadi",Vaibhavwadi,"Jambhawade Guravwadi",GAWALWADI,MO,9260,"Radhakrishna Mandir",12,,,वैभववाडी,जांभवडे,39,16:15,17:45,MV,SUNDAY,,"कुसुर गवळवाडी भुइबावडा हेत नेर्ले",
129095,"Vaibhavwadi To Jambhawade Guravwadi Via Gawalwadi",Vaibhavwadi,"Jambhawade Guravwadi",GAWALWADI,MO,9282,Tirawade,13.4,,,वैभववाडी,जांभवडे,39,16:15,17:45,MV,SUNDAY,,"कुसुर गवळवाडी भुइबावडा हेत नेर्ले",
129095,"Vaibhavwadi To Jambhawade Guravwadi Via Gawalwadi",Vaibhavwadi,"Jambhawade Guravwadi",GAWALWADI,MO,9186,Bhuibavada,15,,,वैभववाडी,जांभवडे,39,16:15,17:45,MV,SUNDAY,,"कुसुर गवळवाडी भुइबावडा हेत नेर्ले",
129095,"Vaibhavwadi To Jambhawade Guravwadi Via Gawalwadi",Vaibhavwadi,"Jambhawade Guravwadi",GAWALWADI,MO,9190,Dhangarwadi,18,,,वैभववाडी,जांभवडे,39,16:15,17:45,MV,SUNDAY,,"कुसुर गवळवाडी भुइबावडा हेत नेर्ले",
129095,"Vaibhavwadi To Jambhawade Guravwadi Via Gawalwadi",Vaibhavwadi,"Jambhawade Guravwadi",GAWALWADI,MO,9207,"Het School",21,,,वैभववाडी,जांभवडे,39,16:15,17:45,MV,SUNDAY,,"कुसुर गवळवाडी भुइबावडा हेत नेर्ले",
129095,"Vaibhavwadi To Jambhawade Guravwadi Via Gawalwadi",Vaibhavwadi,"Jambhawade Guravwadi",GAWALWADI,MO,9271,"Shevari Fata",22.1,,,वैभववाडी,जांभवडे,39,16:15,17:45,MV,SUNDAY,,"कुसुर गवळवाडी भुइबावडा हेत नेर्ले",
129095,"Vaibhavwadi To Jambhawade Guravwadi Via Gawalwadi",Vaibhavwadi,"Jambhawade Guravwadi",GAWALWADI,MO,9288,Upale,24,,,वैभववाडी,जांभवडे,39,16:15,17:45,MV,SUNDAY,,"कुसुर गवळवाडी भुइबावडा हेत नेर्ले",
129095,"Vaibhavwadi To Jambhawade Guravwadi Via Gawalwadi",Vaibhavwadi,"Jambhawade Guravwadi",GAWALWADI,MO,9200,Ghati,27,,,वैभववाडी,जांभवडे,39,16:15,17:45,MV,SUNDAY,,"कुसुर गवळवाडी भुइबावडा हेत नेर्ले",
129095,"Vaibhavwadi To Jambhawade Guravwadi Via Gawalwadi",Vaibhavwadi,"Jambhawade Guravwadi",GAWALWADI,MO,9251,"Nerle High School",30,,,वैभववाडी,जांभवडे,39,16:15,17:45,MV,SUNDAY,,"कुसुर गवळवाडी भुइबावडा हेत नेर्ले",
129095,"Vaibhavwadi To Jambhawade Guravwadi Via Gawalwadi",Vaibhavwadi,"Jambhawade Guravwadi",GAWALWADI,MO,9282,Tirawade,31,,,वैभववाडी,जांभवडे,39,16:15,17:45,MV,SUNDAY,,"कुसुर गवळवाडी भुइबावडा हेत नेर्ले",
129095,"Vaibhavwadi To Jambhawade Guravwadi Via Gawalwadi",Vaibhavwadi,"Jambhawade Guravwadi",GAWALWADI,MO,9253,"Pachal Fata",32,,,वैभववाडी,जांभवडे,39,16:15,17:45,MV,SUNDAY,,"कुसुर गवळवाडी भुइबावडा हेत नेर्ले",
129095,"Vaibhavwadi To Jambhawade Guravwadi Via Gawalwadi",Vaibhavwadi,"Jambhawade Guravwadi",GAWALWADI,MO,9229,"Mail Dagad",33,,,वैभववाडी,जांभवडे,39,16:15,17:45,MV,SUNDAY,,"कुसुर गवळवाडी भुइबावडा हेत नेर्ले",
129095,"Vaibhavwadi To Jambhawade Guravwadi Via Gawalwadi",Vaibhavwadi,"Jambhawade Guravwadi",GAWALWADI,MO,9256,"Pawar Ghar",36,,,वैभववाडी,जांभवडे,39,16:15,17:45,MV,SUNDAY,,"कुसुर गवळवाडी भुइबावडा हेत नेर्ले",
129095,"Vaibhavwadi To Jambhawade Guravwadi Via Gawalwadi",Vaibhavwadi,"Jambhawade Guravwadi",GAWALWADI,MO,9210,"Jambhawade Guravwadi",39,,,वैभववाडी,जांभवडे,39,16:15,17:45,MV,SUNDAY,,"कुसुर गवळवाडी भुइबावडा हेत नेर्ले",
135736,"Moude To Kankavli Via Akhavane Dharan",Moude,Kankavli,"AKHAVANE DHARAN",MO,9239,Moude,,,,मौदे,कणकवली,71,09:50,12:10,NON,DAILY,,वेंगसर,
135736,"Moude To Kankavli Via Akhavane Dharan",Moude,Kankavli,"AKHAVANE DHARAN",MO,9204,"Gurvwadi Fata",2.6,,,मौदे,कणकवली,71,09:50,12:10,NON,DAILY,,वेंगसर,
135736,"Moude To Kankavli Via Akhavane Dharan",Moude,Kankavli,"AKHAVANE DHARAN",MO,9203,Gurvwadi,3.6,,,मौदे,कणकवली,71,09:50,12:10,NON,DAILY,,वेंगसर,
135736,"Moude To Kankavli Via Akhavane Dharan",Moude,Kankavli,"AKHAVANE DHARAN",MO,9204,"Gurvwadi Fata",4.6,,,मौदे,कणकवली,71,09:50,12:10,NON,DAILY,,वेंगसर,
135736,"Moude To Kankavli Via Akhavane Dharan",Moude,Kankavli,"AKHAVANE DHARAN",MO,9184,"Bhom Jadhvwadi",7.6,,,मौदे,कणकवली,71,09:50,12:10,NON,DAILY,,वेंगसर,
135736,"Moude To Kankavli Via Akhavane Dharan",Moude,Kankavli,"AKHAVANE DHARAN",MO,9185,"Bhom Navin Vasahat",9.6,,,मौदे,कणकवली,71,09:50,12:10,NON,DAILY,,वेंगसर,
135736,"Moude To Kankavli Via Akhavane Dharan",Moude,Kankavli,"AKHAVANE DHARAN",MO,9176,"Akhavane Dharan",10.6,,,मौदे,कणकवली,71,09:50,12:10,NON,DAILY,,वेंगसर,
135736,"Moude To Kankavli Via Akhavane Dharan",Moude,Kankavli,"AKHAVANE DHARAN",MO,9206,"Het Fata",12.6,,,मौदे,कणकवली,71,09:50,12:10,NON,DAILY,,वेंगसर,
135736,"Moude To Kankavli Via Akhavane Dharan",Moude,Kankavli,"AKHAVANE DHARAN",MO,9269,Sansarewadi,13.4,,,मौदे,कणकवली,71,09:50,12:10,NON,DAILY,,वेंगसर,
135736,"Moude To Kankavli Via Akhavane Dharan",Moude,Kankavli,"AKHAVANE DHARAN",MO,9234,"Mangawali High School",14.3,,,मौदे,कणकवली,71,09:50,12:10,NON,DAILY,,वेंगसर,
135736,"Moude To Kankavli Via Akhavane Dharan",Moude,Kankavli,"AKHAVANE DHARAN",MO,9232,"Mangawali Bridge",15.6,,,मौदे,कणकवली,71,09:50,12:10,NON,DAILY,,वेंगसर,
135736,"Moude To Kankavli Via Akhavane Dharan",Moude,Kankavli,"AKHAVANE DHARAN",MO,9296,Waniwadi,18.4,,,मौदे,कणकवली,71,09:50,12:10,NON,DAILY,,वेंगसर,
135736,"Moude To Kankavli Via Akhavane Dharan",Moude,Kankavli,"AKHAVANE DHARAN",MO,9294,"Vengsar Fata",20.6,,,मौदे,कणकवली,71,09:50,12:10,NON,DAILY,,वेंगसर,
135736,"Moude To Kankavli Via Akhavane Dharan",Moude,Kankavli,"AKHAVANE DHARAN",MO,9220,"Kolpe Dukan",21.4,,,मौदे,कणकवली,71,09:50,12:10,NON,DAILY,,वेंगसर,
135736,"Moude To Kankavli Via Akhavane Dharan",Moude,Kankavli,"AKHAVANE DHARAN",MO,9285,Umbarde,24.1,,,मौदे,कणकवली,71,09:50,12:10,NON,DAILY,,वेंगसर,
135736,"Moude To Kankavli Via Akhavane Dharan",Moude,Kankavli,"AKHAVANE DHARAN",MO,9226,"Kusur Bazarwadi",27.4,,,मौदे,कणकवली,71,09:50,12:10,NON,DAILY,,वेंगसर,
135736,"Moude To Kankavli Via Akhavane Dharan",Moude,Kankavli,"AKHAVANE DHARAN",MO,9274,Sonali,31.8,,,मौदे,कणकवली,71,09:50,12:10,NON,DAILY,,वेंगसर,
135736,"Moude To Kankavli Via Akhavane Dharan",Moude,Kankavli,"AKHAVANE DHARAN",MO,9291,Vaibhavwadi,35.2,,,मौदे,कणकवली,71,09:50,12:10,NON,DAILY,,वेंगसर,
135736,"Moude To Kankavli Via Akhavane Dharan",Moude,Kankavli,"AKHAVANE DHARAN",MO,9189,Dand,36.4,,,मौदे,कणकवली,71,09:50,12:10,NON,DAILY,,वेंगसर,
135736,"Moude To Kankavli Via Akhavane Dharan",Moude,Kankavli,"AKHAVANE DHARAN",MO,9215,Khambale,39,,,मौदे,कणकवली,71,09:50,12:10,NON,DAILY,,वेंगसर,
135736,"Moude To Kankavli Via Akhavane Dharan",Moude,Kankavli,"AKHAVANE DHARAN",MO,9169,Achirne,42.4,,,मौदे,कणकवली,71,09:50,12:10,NON,DAILY,,वेंगसर,
135736,"Moude To Kankavli Via Akhavane Dharan",Moude,Kankavli,"AKHAVANE DHARAN",MO,9171,"Achirne Wad",43.8,,,मौदे,कणकवली,71,09:50,12:10,NON,DAILY,,वेंगसर,
135736,"Moude To Kankavli Via Akhavane Dharan",Moude,Kankavli,"AKHAVANE DHARAN",MO,2839,"Lore Bangala",45.4,,,मौदे,कणकवली,71,09:50,12:10,NON,DAILY,,वेंगसर,
135736,"Moude To Kankavli Via Akhavane Dharan",Moude,Kankavli,"AKHAVANE DHARAN",MO,2858,"Mona Wahal",48.7,,,मौदे,कणकवली,71,09:50,12:10,NON,DAILY,,वेंगसर,
135736,"Moude To Kankavli Via Akhavane Dharan",Moude,Kankavli,"AKHAVANE DHARAN",MO,2904,Phonda,51.7,,,मौदे,कणकवली,71,09:50,12:10,NON,DAILY,,वेंगसर,
135736,"Moude To Kankavli Via Akhavane Dharan",Moude,Kankavli,"AKHAVANE DHARAN",MO,2787,"Kankavli Nandgaon Fata",54.6,,,मौदे,कणकवली,71,09:50,12:10,NON,DAILY,,वेंगसर,
135736,"Moude To Kankavli Via Akhavane Dharan",Moude,Kankavli,"AKHAVANE DHARAN",MO,2895,Pachoba,55.5,,,मौदे,कणकवली,71,09:50,12:10,NON,DAILY,,वेंगसर,
135736,"Moude To Kankavli Via Akhavane Dharan",Moude,Kankavli,"AKHAVANE DHARAN",MO,2781,Kanadewadi,57.4,,,मौदे,कणकवली,71,09:50,12:10,NON,DAILY,,वेंगसर,
135736,"Moude To Kankavli Via Akhavane Dharan",Moude,Kankavli,"AKHAVANE DHARAN",MO,2790,Karul,58.8,,,मौदे,कणकवली,71,09:50,12:10,NON,DAILY,,वेंगसर,
135736,"Moude To Kankavli Via Akhavane Dharan",Moude,Kankavli,"AKHAVANE DHARAN",MO,2757,"Humrath Mal Ghorpiwadi",61.2,,,मौदे,कणकवली,71,09:50,12:10,NON,DAILY,,वेंगसर,
135736,"Moude To Kankavli Via Akhavane Dharan",Moude,Kankavli,"AKHAVANE DHARAN",MO,2756,"Humrat Titha",62.7,,,मौदे,कणकवली,71,09:50,12:10,NON,DAILY,,वेंगसर,
135736,"Moude To Kankavli Via Akhavane Dharan",Moude,Kankavli,"AKHAVANE DHARAN",MO,2768,"Janavali Gavthanwadi",65.8,,,मौदे,कणकवली,71,09:50,12:10,NON,DAILY,,वेंगसर,
135736,"Moude To Kankavli Via Akhavane Dharan",Moude,Kankavli,"AKHAVANE DHARAN",MO,2786,Kankavli,71,,,मौदे,कणकवली,71,09:50,12:10,NON,DAILY,,वेंगसर,
138817,"Vaibhavwadi To Moude Via Mangawali High School",Vaibhavwadi,Moude,"MANGAWALI HIGH SCHOOL",MO,9291,Vaibhavwadi,,,,वैभववाडी,मौदे,35.2,12:20,13:10,MV,SUNDAY,,"उम्बर्दे भुइबावदा",
138817,"Vaibhavwadi To Moude Via Mangawali High School",Vaibhavwadi,Moude,"MANGAWALI HIGH SCHOOL",MO,9274,Sonali,3,,,वैभववाडी,मौदे,35.2,12:20,13:10,MV,SUNDAY,,"उम्बर्दे भुइबावदा",
138817,"Vaibhavwadi To Moude Via Mangawali High School",Vaibhavwadi,Moude,"MANGAWALI HIGH SCHOOL",MO,9226,"Kusur Bazarwadi",6,,,वैभववाडी,मौदे,35.2,12:20,13:10,MV,SUNDAY,,"उम्बर्दे भुइबावदा",
138817,"Vaibhavwadi To Moude Via Mangawali High School",Vaibhavwadi,Moude,"MANGAWALI HIGH SCHOOL",MO,9285,Umbarde,9,,,वैभववाडी,मौदे,35.2,12:20,13:10,MV,SUNDAY,,"उम्बर्दे भुइबावदा",
138817,"Vaibhavwadi To Moude Via Mangawali High School",Vaibhavwadi,Moude,"MANGAWALI HIGH SCHOOL",MO,9220,"Kolpe Dukan",12,,,वैभववाडी,मौदे,35.2,12:20,13:10,MV,SUNDAY,,"उम्बर्दे भुइबावदा",
138817,"Vaibhavwadi To Moude Via Mangawali High School",Vaibhavwadi,Moude,"MANGAWALI HIGH SCHOOL",MO,9294,"Vengsar Fata",12.8,,,वैभववाडी,मौदे,35.2,12:20,13:10,MV,SUNDAY,,"उम्बर्दे भुइबावदा",
138817,"Vaibhavwadi To Moude Via Mangawali High School",Vaibhavwadi,Moude,"MANGAWALI HIGH SCHOOL",MO,9296,Waniwadi,15,,,वैभववाडी,मौदे,35.2,12:20,13:10,MV,SUNDAY,,"उम्बर्दे भुइबावदा",
138817,"Vaibhavwadi To Moude Via Mangawali High School",Vaibhavwadi,Moude,"MANGAWALI HIGH SCHOOL",MO,9232,"Mangawali Bridge",18,,,वैभववाडी,मौदे,35.2,12:20,13:10,MV,SUNDAY,,"उम्बर्दे भुइबावदा",
138817,"Vaibhavwadi To Moude Via Mangawali High School",Vaibhavwadi,Moude,"MANGAWALI HIGH SCHOOL",MO,9234,"Mangawali High School",19.1,,,वैभववाडी,मौदे,35.2,12:20,13:10,MV,SUNDAY,,"उम्बर्दे भुइबावदा",
138817,"Vaibhavwadi To Moude Via Mangawali High School",Vaibhavwadi,Moude,"MANGAWALI HIGH SCHOOL",MO,9269,Sansarewadi,21,,,वैभववाडी,मौदे,35.2,12:20,13:10,MV,SUNDAY,,"उम्बर्दे भुइबावदा",
138817,"Vaibhavwadi To Moude Via Mangawali High School",Vaibhavwadi,Moude,"MANGAWALI HIGH SCHOOL",MO,9206,"Het Fata",24,,,वैभववाडी,मौदे,35.2,12:20,13:10,MV,SUNDAY,,"उम्बर्दे भुइबावदा",
138817,"Vaibhavwadi To Moude Via Mangawali High School",Vaibhavwadi,Moude,"MANGAWALI HIGH SCHOOL",MO,9176,"Akhavane Dharan",27,,,वैभववाडी,मौदे,35.2,12:20,13:10,MV,SUNDAY,,"उम्बर्दे भुइबावदा",
138817,"Vaibhavwadi To Moude Via Mangawali High School",Vaibhavwadi,Moude,"MANGAWALI HIGH SCHOOL",MO,9185,"Bhom Navin Vasahat",28.1,,,वैभववाडी,मौदे,35.2,12:20,13:10,MV,SUNDAY,,"उम्बर्दे भुइबावदा",
138817,"Vaibhavwadi To Moude Via Mangawali High School",Vaibhavwadi,Moude,"MANGAWALI HIGH SCHOOL",MO,9184,"Bhom Jadhvwadi",30,,,वैभववाडी,मौदे,35.2,12:20,13:10,MV,SUNDAY,,"उम्बर्दे भुइबावदा",
138817,"Vaibhavwadi To Moude Via Mangawali High School",Vaibhavwadi,Moude,"MANGAWALI HIGH SCHOOL",MO,9204,"Gurvwadi Fata",33,,,वैभववाडी,मौदे,35.2,12:20,13:10,MV,SUNDAY,,"उम्बर्दे भुइबावदा",
138817,"Vaibhavwadi To Moude Via Mangawali High School",Vaibhavwadi,Moude,"MANGAWALI HIGH SCHOOL",MO,9203,Gurvwadi,33.2,,,वैभववाडी,मौदे,35.2,12:20,13:10,MV,SUNDAY,,"उम्बर्दे भुइबावदा",
138817,"Vaibhavwadi To Moude Via Mangawali High School",Vaibhavwadi,Moude,"MANGAWALI HIGH SCHOOL",MO,9204,"Gurvwadi Fata",33.8,,,वैभववाडी,मौदे,35.2,12:20,13:10,MV,SUNDAY,,"उम्बर्दे भुइबावदा",
138817,"Vaibhavwadi To Moude Via Mangawali High School",Vaibhavwadi,Moude,"MANGAWALI HIGH SCHOOL",MO,9239,Moude,35.2,,,वैभववाडी,मौदे,35.2,12:20,13:10,MV,SUNDAY,,"उम्बर्दे भुइबावदा",
10854,"Kankavli To Kumbhawade",Kankavli,Kumbhawade,,MO,2786,Kankavli,,,,कणकवली,कुंभवडे,17.9,15:45,16:30,SC,DAILY,,कनेडी,
10854,"Kankavli To Kumbhawade",Kankavli,Kumbhawade,,MO,2859,Mudeshwar,3.1,,,कणकवली,कुंभवडे,17.9,15:45,16:30,SC,DAILY,,कनेडी,
10854,"Kankavli To Kumbhawade",Kankavli,Kumbhawade,,MO,2660,"Bhat Dukan",6.2,,,कणकवली,कुंभवडे,17.9,15:45,16:30,SC,DAILY,,कनेडी,
10854,"Kankavli To Kumbhawade",Kankavli,Kumbhawade,,MO,2945,"Sangave Mandir",9.2,,,कणकवली,कुंभवडे,17.9,15:45,16:30,SC,DAILY,,कनेडी,
10854,"Kankavli To Kumbhawade",Kankavli,Kumbhawade,,MO,2782,Kanedi,12.2,,,कणकवली,कुंभवडे,17.9,15:45,16:30,SC,DAILY,,कनेडी,
10854,"Kankavli To Kumbhawade",Kankavli,Kumbhawade,,MO,2710,"Dsouza House",15,,,कणकवली,कुंभवडे,17.9,15:45,16:30,SC,DAILY,,कनेडी,
10854,"Kankavli To Kumbhawade",Kankavli,Kumbhawade,,MO,2825,Kumbhawade,17.9,,,कणकवली,कुंभवडे,17.9,15:45,16:30,SC,DAILY,,कनेडी,
10865,"Kankavli To Phonda Via Kalitri Kanedi",Kankavli,Phonda,KALITRI,MO,2786,Kankavli,,,,कणकवली,फोंडा,30,14:20,15:30,NON,DAILY,,कनेडी/भिरवंडे,
10865,"Kankavli To Phonda Via Kalitri Kanedi",Kankavli,Phonda,KALITRI,MO,2859,Mudeshwar,3.1,,,कणकवली,फोंडा,30,14:20,15:30,NON,DAILY,,कनेडी/भिरवंडे,
10865,"Kankavli To Phonda Via Kalitri Kanedi",Kankavli,Phonda,KALITRI,MO,2660,"Bhat Dukan",6.2,,,कणकवली,फोंडा,30,14:20,15:30,NON,DAILY,,कनेडी/भिरवंडे,
10865,"Kankavli To Phonda Via Kalitri Kanedi",Kankavli,Phonda,KALITRI,MO,2774,Kalitri,7.6,,,कणकवली,फोंडा,30,14:20,15:30,NON,DAILY,,कनेडी/भिरवंडे,
10865,"Kankavli To Phonda Via Kalitri Kanedi",Kankavli,Phonda,KALITRI,MO,2945,"Sangave Mandir",9.2,,,कणकवली,फोंडा,30,14:20,15:30,NON,DAILY,,कनेडी/भिरवंडे,
10865,"Kankavli To Phonda Via Kalitri Kanedi",Kankavli,Phonda,KALITRI,MO,2782,Kanedi,12.2,,,कणकवली,फोंडा,30,14:20,15:30,NON,DAILY,,कनेडी/भिरवंडे,
10865,"Kankavli To Phonda Via Kalitri Kanedi",Kankavli,Phonda,KALITRI,MO,2743,"Hanuman Mandir",15.1,,,कणकवली,फोंडा,30,14:20,15:30,NON,DAILY,,कनेडी/भिरवंडे,
10865,"Kankavli To Phonda Via Kalitri Kanedi",Kankavli,Phonda,KALITRI,MO,2785,"Kanedi Khalantar Fata",17,,,कणकवली,फोंडा,30,14:20,15:30,NON,DAILY,,कनेडी/भिरवंडे,
10865,"Kankavli To Phonda Via Kalitri Kanedi",Kankavli,Phonda,KALITRI,MO,2649,Bandh,18,,,कणकवली,फोंडा,30,14:20,15:30,NON,DAILY,,कनेडी/भिरवंडे,
10865,"Kankavli To Phonda Via Kalitri Kanedi",Kankavli,Phonda,KALITRI,MO,2788,"Karanje Khind",21.1,,,कणकवली,फोंडा,30,14:20,15:30,NON,DAILY,,कनेडी/भिरवंडे,
10865,"Kankavli To Phonda Via Kalitri Kanedi",Kankavli,Phonda,KALITRI,MO,2662,"Bhatwadi School",22.2,,,कणकवली,फोंडा,30,14:20,15:30,NON,DAILY,,कनेडी/भिरवंडे,
10865,"Kankavli To Phonda Via Kalitri Kanedi",Kankavli,Phonda,KALITRI,MO,2745,"Harkul Chinch",24.1,,,कणकवली,फोंडा,30,14:20,15:30,NON,DAILY,,कनेडी/भिरवंडे,
10865,"Kankavli To Phonda Via Kalitri Kanedi",Kankavli,Phonda,KALITRI,MO,2899,Pawanadevi,27,,,कणकवली,फोंडा,30,14:20,15:30,NON,DAILY,,कनेडी/भिरवंडे,
10865,"Kankavli To Phonda Via Kalitri Kanedi",Kankavli,Phonda,KALITRI,MO,2904,Phonda,30,,,कणकवली,फोंडा,30,14:20,15:30,NON,DAILY,,कनेडी/भिरवंडे,
11248,"Vaibhavwadi To Kharepatan",Vaibhavwadi,Kharepatan,,MO,9291,Vaibhavwadi,,,,वैभववाडी,खारेपाटण,20.1,11:00,12:00,SC,DAILY,,शिडवणे,
11248,"Vaibhavwadi To Kharepatan",Vaibhavwadi,Kharepatan,,MO,9181,Bandhwadi,3,,,वैभववाडी,खारेपाटण,20.1,11:00,12:00,SC,DAILY,,शिडवणे,
11248,"Vaibhavwadi To Kharepatan",Vaibhavwadi,Kharepatan,,MO,9229,"Mail Dagad",5.1,,,वैभववाडी,खारेपाटण,20.1,11:00,12:00,SC,DAILY,,शिडवणे,
11248,"Vaibhavwadi To Kharepatan",Vaibhavwadi,Kharepatan,,MO,9241,Nadhawade,7.1,,,वैभववाडी,खारेपाटण,20.1,11:00,12:00,SC,DAILY,,शिडवणे,
11248,"Vaibhavwadi To Kharepatan",Vaibhavwadi,Kharepatan,,MO,2844,"Mail Stone",8.1,,,वैभववाडी,खारेपाटण,20.1,11:00,12:00,SC,DAILY,,शिडवणे,
11248,"Vaibhavwadi To Kharepatan",Vaibhavwadi,Kharepatan,,MO,2961,Shidawane,9.1,,,वैभववाडी,खारेपाटण,20.1,11:00,12:00,SC,DAILY,,शिडवणे,
11248,"Vaibhavwadi To Kharepatan",Vaibhavwadi,Kharepatan,,MO,2964,"Shidawane Ranade Dukan",11.1,,,वैभववाडी,खारेपाटण,20.1,11:00,12:00,SC,DAILY,,शिडवणे,
11248,"Vaibhavwadi To Kharepatan",Vaibhavwadi,Kharepatan,,MO,3010,Wargaon,13,,,वैभववाडी,खारेपाटण,20.1,11:00,12:00,SC,DAILY,,शिडवणे,
11248,"Vaibhavwadi To Kharepatan",Vaibhavwadi,Kharepatan,,MO,2844,"Mail Stone",14.1,,,वैभववाडी,खारेपाटण,20.1,11:00,12:00,SC,DAILY,,शिडवणे,
11248,"Vaibhavwadi To Kharepatan",Vaibhavwadi,Kharepatan,,MO,2648,Bambarwadi,15.9,,,वैभववाडी,खारेपाटण,20.1,11:00,12:00,SC,DAILY,,शिडवणे,
11248,"Vaibhavwadi To Kharepatan",Vaibhavwadi,Kharepatan,,MO,2865,"Nadgive Sherpe Fata",17.1,,,वैभववाडी,खारेपाटण,20.1,11:00,12:00,SC,DAILY,,शिडवणे,
11248,"Vaibhavwadi To Kharepatan",Vaibhavwadi,Kharepatan,,MO,2812,Kharepatan,20.1,,,वैभववाडी,खारेपाटण,20.1,11:00,12:00,SC,DAILY,,शिडवणे,
11250,"Vaibhavwadi To Napane",Vaibhavwadi,Napane,,MO,9291,Vaibhavwadi,,,,वैभववाडी,नापणे,9.7,17:50,18:05,SC,DAILY,,,
11250,"Vaibhavwadi To Napane",Vaibhavwadi,Napane,,MO,9181,Bandhwadi,3.2,,,वैभववाडी,नापणे,9.7,17:50,18:05,SC,DAILY,,,
11250,"Vaibhavwadi To Napane",Vaibhavwadi,Napane,,MO,9190,Dhangarwadi,6.1,,,वैभववाडी,नापणे,9.7,17:50,18:05,SC,DAILY,,,
11250,"Vaibhavwadi To Napane",Vaibhavwadi,Napane,,MO,9245,Napane,9.7,,,वैभववाडी,नापणे,9.7,17:50,18:05,SC,DAILY,,,
18972,"Jambhawade Guravwadi To Kankavli","Jambhawade Guravwadi",Kankavli,,MO,9210,"Jambhawade Guravwadi",,,,जांभवडे,कणकवली,73,10:50,13:20,OTHER,DAILY,,"फोंडा- 12.15 -12.20",
18972,"Jambhawade Guravwadi To Kankavli","Jambhawade Guravwadi",Kankavli,,MO,9256,"Pawar Ghar",3,,,जांभवडे,कणकवली,73,10:50,13:20,OTHER,DAILY,,"फोंडा- 12.15 -12.20",
18972,"Jambhawade Guravwadi To Kankavli","Jambhawade Guravwadi",Kankavli,,MO,9217,"Kokare Wadi",5.8,,,जांभवडे,कणकवली,73,10:50,13:20,OTHER,DAILY,,"फोंडा- 12.15 -12.20",
18972,"Jambhawade Guravwadi To Kankavli","Jambhawade Guravwadi",Kankavli,,MO,9261,Rahatkondwadi,8,,,जांभवडे,कणकवली,73,10:50,13:20,OTHER,DAILY,,"फोंडा- 12.15 -12.20",
18972,"Jambhawade Guravwadi To Kankavli","Jambhawade Guravwadi",Kankavli,,MO,9253,"Pachal Fata",8.2,,,जांभवडे,कणकवली,73,10:50,13:20,OTHER,DAILY,,"फोंडा- 12.15 -12.20",
18972,"Jambhawade Guravwadi To Kankavli","Jambhawade Guravwadi",Kankavli,,MO,9282,Tirawade,8.8,,,जांभवडे,कणकवली,73,10:50,13:20,OTHER,DAILY,,"फोंडा- 12.15 -12.20",
18972,"Jambhawade Guravwadi To Kankavli","Jambhawade Guravwadi",Kankavli,,MO,9251,"Nerle High School",9,,,जांभवडे,कणकवली,73,10:50,13:20,OTHER,DAILY,,"फोंडा- 12.15 -12.20",
18972,"Jambhawade Guravwadi To Kankavli","Jambhawade Guravwadi",Kankavli,,MO,9289,"Upale Ghat Matha",9.7,,,जांभवडे,कणकवली,73,10:50,13:20,OTHER,DAILY,,"फोंडा- 12.15 -12.20",
18972,"Jambhawade Guravwadi To Kankavli","Jambhawade Guravwadi",Kankavli,,MO,9288,Upale,11,,,जांभवडे,कणकवली,73,10:50,13:20,OTHER,DAILY,,"फोंडा- 12.15 -12.20",
18972,"Jambhawade Guravwadi To Kankavli","Jambhawade Guravwadi",Kankavli,,MO,9177,"Akhavane Fata",13.2,,,जांभवडे,कणकवली,73,10:50,13:20,OTHER,DAILY,,"फोंडा- 12.15 -12.20",
18972,"Jambhawade Guravwadi To Kankavli","Jambhawade Guravwadi",Kankavli,,MO,9207,"Het School",14.1,,,जांभवडे,कणकवली,73,10:50,13:20,OTHER,DAILY,,"फोंडा- 12.15 -12.20",
18972,"Jambhawade Guravwadi To Kankavli","Jambhawade Guravwadi",Kankavli,,MO,9190,Dhangarwadi,20.9,,,जांभवडे,कणकवली,73,10:50,13:20,OTHER,DAILY,,"फोंडा- 12.15 -12.20",
18972,"Jambhawade Guravwadi To Kankavli","Jambhawade Guravwadi",Kankavli,,MO,9186,Bhuibavada,21.9,,,जांभवडे,कणकवली,73,10:50,13:20,OTHER,DAILY,,"फोंडा- 12.15 -12.20",
18972,"Jambhawade Guravwadi To Kankavli","Jambhawade Guravwadi",Kankavli,,MO,9282,Tirawade,24.9,,,जांभवडे,कणकवली,73,10:50,13:20,OTHER,DAILY,,"फोंडा- 12.15 -12.20",
18972,"Jambhawade Guravwadi To Kankavli","Jambhawade Guravwadi",Kankavli,,MO,9260,"Radhakrishna Mandir",25.8,,,जांभवडे,कणकवली,73,10:50,13:20,OTHER,DAILY,,"फोंडा- 12.15 -12.20",
18972,"Jambhawade Guravwadi To Kankavli","Jambhawade Guravwadi",Kankavli,,MO,9197,"Gawalwadi Dattamandir",28.8,,,जांभवडे,कणकवली,73,10:50,13:20,OTHER,DAILY,,"फोंडा- 12.15 -12.20",
18972,"Jambhawade Guravwadi To Kankavli","Jambhawade Guravwadi",Kankavli,,MO,9277,Sutarwadi,29.6,,,जांभवडे,कणकवली,73,10:50,13:20,OTHER,DAILY,,"फोंडा- 12.15 -12.20",
18972,"Jambhawade Guravwadi To Kankavli","Jambhawade Guravwadi",Kankavli,,MO,9226,"Kusur Bazarwadi",33.9,,,जांभवडे,कणकवली,73,10:50,13:20,OTHER,DAILY,,"फोंडा- 12.15 -12.20",
18972,"Jambhawade Guravwadi To Kankavli","Jambhawade Guravwadi",Kankavli,,MO,9274,Sonali,37.7,,,जांभवडे,कणकवली,73,10:50,13:20,OTHER,DAILY,,"फोंडा- 12.15 -12.20",
18972,"Jambhawade Guravwadi To Kankavli","Jambhawade Guravwadi",Kankavli,,MO,9291,Vaibhavwadi,39.6,,,जांभवडे,कणकवली,73,10:50,13:20,OTHER,DAILY,,"फोंडा- 12.15 -12.20",
18972,"Jambhawade Guravwadi To Kankavli","Jambhawade Guravwadi",Kankavli,,MO,9189,Dand,39.8,,,जांभवडे,कणकवली,73,10:50,13:20,OTHER,DAILY,,"फोंडा- 12.15 -12.20",
18972,"Jambhawade Guravwadi To Kankavli","Jambhawade Guravwadi",Kankavli,,MO,9215,Khambale,42.4,,,जांभवडे,कणकवली,73,10:50,13:20,OTHER,DAILY,,"फोंडा- 12.15 -12.20",
18972,"Jambhawade Guravwadi To Kankavli","Jambhawade Guravwadi",Kankavli,,MO,9169,Achirne,45.8,,,जांभवडे,कणकवली,73,10:50,13:20,OTHER,DAILY,,"फोंडा- 12.15 -12.20",
18972,"Jambhawade Guravwadi To Kankavli","Jambhawade Guravwadi",Kankavli,,MO,9171,"Achirne Wad",47.2,,,जांभवडे,कणकवली,73,10:50,13:20,OTHER,DAILY,,"फोंडा- 12.15 -12.20",
18972,"Jambhawade Guravwadi To Kankavli","Jambhawade Guravwadi",Kankavli,,MO,2735,"Gosavi Hotel",48.4,,,जांभवडे,कणकवली,73,10:50,13:20,OTHER,DAILY,,"फोंडा- 12.15 -12.20",
18972,"Jambhawade Guravwadi To Kankavli","Jambhawade Guravwadi",Kankavli,,MO,2839,"Lore Bangala",48.8,,,जांभवडे,कणकवली,73,10:50,13:20,OTHER,DAILY,,"फोंडा- 12.15 -12.20",
18972,"Jambhawade Guravwadi To Kankavli","Jambhawade Guravwadi",Kankavli,,MO,2949,"Saticha Mal",50.7,,,जांभवडे,कणकवली,73,10:50,13:20,OTHER,DAILY,,"फोंडा- 12.15 -12.20",
18972,"Jambhawade Guravwadi To Kankavli","Jambhawade Guravwadi",Kankavli,,MO,2858,"Mona Wahal",52.1,,,जांभवडे,कणकवली,73,10:50,13:20,OTHER,DAILY,,"फोंडा- 12.15 -12.20",
18972,"Jambhawade Guravwadi To Kankavli","Jambhawade Guravwadi",Kankavli,,MO,2904,Phonda,55.1,,,जांभवडे,कणकवली,73,10:50,13:20,OTHER,DAILY,,"फोंडा- 12.15 -12.20",
18972,"Jambhawade Guravwadi To Kankavli","Jambhawade Guravwadi",Kankavli,,MO,2906,"Phonda Iti",57.7,,,जांभवडे,कणकवली,73,10:50,13:20,OTHER,DAILY,,"फोंडा- 12.15 -12.20",
18972,"Jambhawade Guravwadi To Kankavli","Jambhawade Guravwadi",Kankavli,,MO,2787,"Kankavli Nandgaon Fata",58,,,जांभवडे,कणकवली,73,10:50,13:20,OTHER,DAILY,,"फोंडा- 12.15 -12.20",
18972,"Jambhawade Guravwadi To Kankavli","Jambhawade Guravwadi",Kankavli,,MO,2781,Kanadewadi,60.8,,,जांभवडे,कणकवली,73,10:50,13:20,OTHER,DAILY,,"फोंडा- 12.15 -12.20",
18972,"Jambhawade Guravwadi To Kankavli","Jambhawade Guravwadi",Kankavli,,MO,2790,Karul,62.2,,,जांभवडे,कणकवली,73,10:50,13:20,OTHER,DAILY,,"फोंडा- 12.15 -12.20",
18972,"Jambhawade Guravwadi To Kankavli","Jambhawade Guravwadi",Kankavli,,MO,2757,"Humrath Mal Ghorpiwadi",64.6,,,जांभवडे,कणकवली,73,10:50,13:20,OTHER,DAILY,,"फोंडा- 12.15 -12.20",
18972,"Jambhawade Guravwadi To Kankavli","Jambhawade Guravwadi",Kankavli,,MO,2756,"Humrat Titha",66.1,,,जांभवडे,कणकवली,73,10:50,13:20,OTHER,DAILY,,"फोंडा- 12.15 -12.20",
18972,"Jambhawade Guravwadi To Kankavli","Jambhawade Guravwadi",Kankavli,,MO,2768,"Janavali Gavthanwadi",69.2,,,जांभवडे,कणकवली,73,10:50,13:20,OTHER,DAILY,,"फोंडा- 12.15 -12.20",
18972,"Jambhawade Guravwadi To Kankavli","Jambhawade Guravwadi",Kankavli,,MO,2786,Kankavli,73,,,जांभवडे,कणकवली,73,10:50,13:20,OTHER,DAILY,,"फोंडा- 12.15 -12.20",
19188,"Gadagesakhal To Phonda",Gadagesakhal,Phonda,,MO,2717,Gadagesakhal,,,,गडगेसखळ,फोंडा,4.1,17:55,18:05,SC,"SAT,SUN",,,
19188,"Gadagesakhal To Phonda",Gadagesakhal,Phonda,,MO,2697,"Datta Mandir",0.4,,,गडगेसखळ,फोंडा,4.1,17:55,18:05,SC,"SAT,SUN",,,
19188,"Gadagesakhal To Phonda",Gadagesakhal,Phonda,,MO,2716,"Gadage Sakal Fata",2.9,,,गडगेसखळ,फोंडा,4.1,17:55,18:05,SC,"SAT,SUN",,,
19188,"Gadagesakhal To Phonda",Gadagesakhal,Phonda,,MO,2904,Phonda,4.1,,,गडगेसखळ,फोंडा,4.1,17:55,18:05,SC,"SAT,SUN",,,
19215,"Khalantar To Kankavli Via Bhat Dukan",Khalantar,Kankavli,"BHAT DUKAN",MO,2810,Khalantar,,,,खलांतर,कणकवली,19.9,12:20,13:00,NON,DAILY,,कनेडी,
19215,"Khalantar To Kankavli Via Bhat Dukan",Khalantar,Kankavli,"BHAT DUKAN",MO,2773,"Kalantar Fata",1.1,,,खलांतर,कणकवली,19.9,12:20,13:00,NON,DAILY,,कनेडी,
19215,"Khalantar To Kankavli Via Bhat Dukan",Khalantar,Kankavli,"BHAT DUKAN",MO,3000,Vrudhashram,4.7,,,खलांतर,कणकवली,19.9,12:20,13:00,NON,DAILY,,कनेडी,
19215,"Khalantar To Kankavli Via Bhat Dukan",Khalantar,Kankavli,"BHAT DUKAN",MO,2782,Kanedi,5.7,,,खलांतर,कणकवली,19.9,12:20,13:00,NON,DAILY,,कनेडी,
19215,"Khalantar To Kankavli Via Bhat Dukan",Khalantar,Kankavli,"BHAT DUKAN",MO,2944,"Sangave Mal",6.2,,,खलांतर,कणकवली,19.9,12:20,13:00,NON,DAILY,,कनेडी,
19215,"Khalantar To Kankavli Via Bhat Dukan",Khalantar,Kankavli,"BHAT DUKAN",MO,2954,"Sawant Ghar",7.6,,,खलांतर,कणकवली,19.9,12:20,13:00,NON,DAILY,,कनेडी,
19215,"Khalantar To Kankavli Via Bhat Dukan",Khalantar,Kankavli,"BHAT DUKAN",MO,2945,"Sangave Mandir",8.7,,,खलांतर,कणकवली,19.9,12:20,13:00,NON,DAILY,,कनेडी,
19215,"Khalantar To Kankavli Via Bhat Dukan",Khalantar,Kankavli,"BHAT DUKAN",MO,2774,Kalitri,10.3,,,खलांतर,कणकवली,19.9,12:20,13:00,NON,DAILY,,कनेडी,
19215,"Khalantar To Kankavli Via Bhat Dukan",Khalantar,Kankavli,"BHAT DUKAN",MO,2660,"Bhat Dukan",13.7,,,खलांतर,कणकवली,19.9,12:20,13:00,NON,DAILY,,कनेडी,
19215,"Khalantar To Kankavli Via Bhat Dukan",Khalantar,Kankavli,"BHAT DUKAN",MO,2851,"Marathe Dispensary",14.7,,,खलांतर,कणकवली,19.9,12:20,13:00,NON,DAILY,,कनेडी,
19215,"Khalantar To Kankavli Via Bhat Dukan",Khalantar,Kankavli,"BHAT DUKAN",MO,2859,Mudeshwar,16.8,,,खलांतर,कणकवली,19.9,12:20,13:00,NON,DAILY,,कनेडी,
19215,"Khalantar To Kankavli Via Bhat Dukan",Khalantar,Kankavli,"BHAT DUKAN",MO,2786,Kankavli,19.9,,,खलांतर,कणकवली,19.9,12:20,13:00,NON,DAILY,,कनेडी,
19368,"Otav Gpo To Kankavli","Otav Gpo",Kankavli,,MO,2893,"Otav Gpo",,,,ओटव,कणकवली,20.2,15:20,16:00,NON,DAILY,,"तरंदळे,माईण",
19368,"Otav Gpo To Kankavli","Otav Gpo",Kankavli,,MO,2847,"Main Panchayat",5.2,,,ओटव,कणकवली,20.2,15:20,16:00,NON,DAILY,,"तरंदळे,माईण",
19368,"Otav Gpo To Kankavli","Otav Gpo",Kankavli,,MO,2991,Ubadewadi,6.7,,,ओटव,कणकवली,20.2,15:20,16:00,NON,DAILY,,"तरंदळे,माईण",
19368,"Otav Gpo To Kankavli","Otav Gpo",Kankavli,,MO,2848,"Main Sutarwadi",7.3,,,ओटव,कणकवली,20.2,15:20,16:00,NON,DAILY,,"तरंदळे,माईण",
19368,"Otav Gpo To Kankavli","Otav Gpo",Kankavli,,MO,2846,"Main Fata",10.9,,,ओटव,कणकवली,20.2,15:20,16:00,NON,DAILY,,"तरंदळे,माईण",
19368,"Otav Gpo To Kankavli","Otav Gpo",Kankavli,,MO,2980,"Tarandale Mandir",13.6,,,ओटव,कणकवली,20.2,15:20,16:00,NON,DAILY,,"तरंदळे,माईण",
19368,"Otav Gpo To Kankavli","Otav Gpo",Kankavli,,MO,2981,"Tarandale Panchayat",16.7,,,ओटव,कणकवली,20.2,15:20,16:00,NON,DAILY,,"तरंदळे,माईण",
19368,"Otav Gpo To Kankavli","Otav Gpo",Kankavli,,MO,2786,Kankavli,20.2,,,ओटव,कणकवली,20.2,15:20,16:00,NON,DAILY,,"तरंदळे,माईण",
19390,"Phonda To Kankavli Via Kalitri",Phonda,Kankavli,KALITRI,MO,2904,Phonda,,,,फोंडा,कणकवली,35.4,16:15,17:20,NON,DAILY,,"व्हाया मोहूळ",
19390,"Phonda To Kankavli Via Kalitri",Phonda,Kankavli,KALITRI,MO,2899,Pawanadevi,3,,,फोंडा,कणकवली,35.4,16:15,17:20,NON,DAILY,,"व्हाया मोहूळ",
19390,"Phonda To Kankavli Via Kalitri",Phonda,Kankavli,KALITRI,MO,2749,"Harkul Thade",4.2,,,फोंडा,कणकवली,35.4,16:15,17:20,NON,DAILY,,"व्हाया मोहूळ",
19390,"Phonda To Kankavli Via Kalitri",Phonda,Kankavli,KALITRI,MO,2844,"Mail Stone",6,,,फोंडा,कणकवली,35.4,16:15,17:20,NON,DAILY,,"व्हाया मोहूळ",
19390,"Phonda To Kankavli Via Kalitri",Phonda,Kankavli,KALITRI,MO,2765,Jambhal,9,,,फोंडा,कणकवली,35.4,16:15,17:20,NON,DAILY,,"व्हाया मोहूळ",
19390,"Phonda To Kankavli Via Kalitri",Phonda,Kankavli,KALITRI,MO,2745,"Harkul Chinch",12,,,फोंडा,कणकवली,35.4,16:15,17:20,NON,DAILY,,"व्हाया मोहूळ",
19390,"Phonda To Kankavli Via Kalitri",Phonda,Kankavli,KALITRI,MO,2662,"Bhatwadi School",13.2,,,फोंडा,कणकवली,35.4,16:15,17:20,NON,DAILY,,"व्हाया मोहूळ",
19390,"Phonda To Kankavli Via Kalitri",Phonda,Kankavli,KALITRI,MO,2788,"Karanje Khind",15,,,फोंडा,कणकवली,35.4,16:15,17:20,NON,DAILY,,"व्हाया मोहूळ",
19390,"Phonda To Kankavli Via Kalitri",Phonda,Kankavli,KALITRI,MO,2649,Bandh,18,,,फोंडा,कणकवली,35.4,16:15,17:20,NON,DAILY,,"व्हाया मोहूळ",
19390,"Phonda To Kankavli Via Kalitri",Phonda,Kankavli,KALITRI,MO,2743,"Hanuman Mandir",21,,,फोंडा,कणकवली,35.4,16:15,17:20,NON,DAILY,,"व्हाया मोहूळ",
19390,"Phonda To Kankavli Via Kalitri",Phonda,Kankavli,KALITRI,MO,2782,Kanedi,24,,,फोंडा,कणकवली,35.4,16:15,17:20,NON,DAILY,,"व्हाया मोहूळ",
19390,"Phonda To Kankavli Via Kalitri",Phonda,Kankavli,KALITRI,MO,2945,"Sangave Mandir",27,,,फोंडा,कणकवली,35.4,16:15,17:20,NON,DAILY,,"व्हाया मोहूळ",
19390,"Phonda To Kankavli Via Kalitri",Phonda,Kankavli,KALITRI,MO,2774,Kalitri,28.2,,,फोंडा,कणकवली,35.4,16:15,17:20,NON,DAILY,,"व्हाया मोहूळ",
19390,"Phonda To Kankavli Via Kalitri",Phonda,Kankavli,KALITRI,MO,2660,"Bhat Dukan",30,,,फोंडा,कणकवली,35.4,16:15,17:20,NON,DAILY,,"व्हाया मोहूळ",
19390,"Phonda To Kankavli Via Kalitri",Phonda,Kankavli,KALITRI,MO,2859,Mudeshwar,32.4,,,फोंडा,कणकवली,35.4,16:15,17:20,NON,DAILY,,"व्हाया मोहूळ",
19390,"Phonda To Kankavli Via Kalitri",Phonda,Kankavli,KALITRI,MO,2786,Kankavli,35.4,,,फोंडा,कणकवली,35.4,16:15,17:20,NON,DAILY,,"व्हाया मोहूळ",
19515,"Karanje Khind To Kankavli","Karanje Khind",Kankavli,,MO,2788,"Karanje Khind",,,,करंजे,कणकवली,15,16:30,17:10,SC,SUN,,,
19515,"Karanje Khind To Kankavli","Karanje Khind",Kankavli,,MO,2949,"Saticha Mal",2.5,,,करंजे,कणकवली,15,16:30,17:10,SC,SUN,,,
19515,"Karanje Khind To Kankavli","Karanje Khind",Kankavli,,MO,2823,"Kumbharwadi Gavaldeo",6.2,,,करंजे,कणकवली,15,16:30,17:10,SC,SUN,,,
19515,"Karanje Khind To Kankavli","Karanje Khind",Kankavli,,MO,2868,"Nagave Marathi School",8.9,,,करंजे,कणकवली,15,16:30,17:10,SC,SUN,,,
19515,"Karanje Khind To Kankavli","Karanje Khind",Kankavli,,MO,2767,"Janavali Fata",12,,,करंजे,कणकवली,15,16:30,17:10,SC,SUN,,,
19515,"Karanje Khind To Kankavli","Karanje Khind",Kankavli,,MO,2786,Kankavli,15,,,करंजे,कणकवली,15,16:30,17:10,SC,SUN,,,
19846,"Ozaram Mahadevachiwadi To Tarla","Ozaram Mahadevachiwadi",Tarla,,MO,1909,"Ozaram Mahadevachiwadi",,,,ओझरम,तरळे,8.5,16:30,16:45,SC,DAILY,,,
19846,"Ozaram Mahadevachiwadi To Tarla","Ozaram Mahadevachiwadi",Tarla,,MO,1910,"Ozaram School",2.5,,,ओझरम,तरळे,8.5,16:30,16:45,SC,DAILY,,,
19846,"Ozaram Mahadevachiwadi To Tarla","Ozaram Mahadevachiwadi",Tarla,,MO,2844,"Mail Stone",7.1,,,ओझरम,तरळे,8.5,16:30,16:45,SC,DAILY,,,
19846,"Ozaram Mahadevachiwadi To Tarla","Ozaram Mahadevachiwadi",Tarla,,MO,2982,Tarla,8.5,,,ओझरम,तरळे,8.5,16:30,16:45,SC,DAILY,,,
59050,"Dhakte Mohul To Kankavli","Dhakte Mohul",Kankavli,,MO,2699,"Dhakte Mohul",,,,नाटळ,कणकवली,21,13:10,13:55,NON,DAILY,,,
59050,"Dhakte Mohul To Kankavli","Dhakte Mohul",Kankavli,,MO,2697,"Datta Mandir",3,,,नाटळ,कणकवली,21,13:10,13:55,NON,DAILY,,,
59050,"Dhakte Mohul To Kankavli","Dhakte Mohul",Kankavli,,MO,2926,"Rameshwar Mandir",4.7,,,नाटळ,कणकवली,21,13:10,13:55,NON,DAILY,,,
59050,"Dhakte Mohul To Kankavli","Dhakte Mohul",Kankavli,,MO,2738,Grampanchayat,4.9,,,नाटळ,कणकवली,21,13:10,13:55,NON,DAILY,,,
59050,"Dhakte Mohul To Kankavli","Dhakte Mohul",Kankavli,,MO,2813,Khind,6,,,नाटळ,कणकवली,21,13:10,13:55,NON,DAILY,,,
59050,"Dhakte Mohul To Kankavli","Dhakte Mohul",Kankavli,,MO,2883,"Natal Fata",6.2,,,नाटळ,कणकवली,21,13:10,13:55,NON,DAILY,,,
59050,"Dhakte Mohul To Kankavli","Dhakte Mohul",Kankavli,,MO,2782,Kanedi,9,,,नाटळ,कणकवली,21,13:10,13:55,NON,DAILY,,,
59050,"Dhakte Mohul To Kankavli","Dhakte Mohul",Kankavli,,MO,2945,"Sangave Mandir",12,,,नाटळ,कणकवली,21,13:10,13:55,NON,DAILY,,,
59050,"Dhakte Mohul To Kankavli","Dhakte Mohul",Kankavli,,MO,2660,"Bhat Dukan",15,,,नाटळ,कणकवली,21,13:10,13:55,NON,DAILY,,,
59050,"Dhakte Mohul To Kankavli","Dhakte Mohul",Kankavli,,MO,2859,Mudeshwar,18,,,नाटळ,कणकवली,21,13:10,13:55,NON,DAILY,,,
59050,"Dhakte Mohul To Kankavli","Dhakte Mohul",Kankavli,,MO,2786,Kankavli,21,,,नाटळ,कणकवली,21,13:10,13:55,NON,DAILY,,,
59419,"Main To Kankavli",Main,Kankavli,,MO,2845,Main,,,,माईण,कणकवली,18,09:30,10:10,SC,DAILY,,तरंदळे,
59419,"Main To Kankavli",Main,Kankavli,,MO,2991,Ubadewadi,3,,,माईण,कणकवली,18,09:30,10:10,SC,DAILY,,तरंदळे,
59419,"Main To Kankavli",Main,Kankavli,,MO,2848,"Main Sutarwadi",6,,,माईण,कणकवली,18,09:30,10:10,SC,DAILY,,तरंदळे,
59419,"Main To Kankavli",Main,Kankavli,,MO,2685,Chirekhan,8,,,माईण,कणकवली,18,09:30,10:10,SC,DAILY,,तरंदळे,
59419,"Main To Kankavli",Main,Kankavli,,MO,2846,"Main Fata",9,,,माईण,कणकवली,18,09:30,10:10,SC,DAILY,,तरंदळे,
59419,"Main To Kankavli",Main,Kankavli,,MO,2980,"Tarandale Mandir",12,,,माईण,कणकवली,18,09:30,10:10,SC,DAILY,,तरंदळे,
59419,"Main To Kankavli",Main,Kankavli,,MO,2827,"Kundewadi Fata",15,,,माईण,कणकवली,18,09:30,10:10,SC,DAILY,,तरंदळे,
59419,"Main To Kankavli",Main,Kankavli,,MO,2786,Kankavli,18,,,माईण,कणकवली,18,09:30,10:10,SC,DAILY,,तरंदळे,
59648,"Vaibhavwadi To Kankavli Via Karul",Vaibhavwadi,Kankavli,KARUL,MO,9291,Vaibhavwadi,,,,वैभववाडी,कणकवली,35.4,06:00,07:00,OBL,DAILY,"10.30 ते 12.00 विश्रांती",फोंडा,
59648,"Vaibhavwadi To Kankavli Via Karul",Vaibhavwadi,Kankavli,KARUL,MO,9189,Dand,2,,,वैभववाडी,कणकवली,35.4,06:00,07:00,OBL,DAILY,"10.30 ते 12.00 विश्रांती",फोंडा,
59648,"Vaibhavwadi To Kankavli Via Karul",Vaibhavwadi,Kankavli,KARUL,MO,9215,Khambale,5.3,,,वैभववाडी,कणकवली,35.4,06:00,07:00,OBL,DAILY,"10.30 ते 12.00 विश्रांती",फोंडा,
59648,"Vaibhavwadi To Kankavli Via Karul",Vaibhavwadi,Kankavli,KARUL,MO,9169,Achirne,6,,,वैभववाडी,कणकवली,35.4,06:00,07:00,OBL,DAILY,"10.30 ते 12.00 विश्रांती",फोंडा,
59648,"Vaibhavwadi To Kankavli Via Karul",Vaibhavwadi,Kankavli,KARUL,MO,9171,"Achirne Wad",8.1,,,वैभववाडी,कणकवली,35.4,06:00,07:00,OBL,DAILY,"10.30 ते 12.00 विश्रांती",फोंडा,
59648,"Vaibhavwadi To Kankavli Via Karul",Vaibhavwadi,Kankavli,KARUL,MO,2940,"Sakpalwadi No-1",10.2,,,वैभववाडी,कणकवली,35.4,06:00,07:00,OBL,DAILY,"10.30 ते 12.00 विश्रांती",फोंडा,
59648,"Vaibhavwadi To Kankavli Via Karul",Vaibhavwadi,Kankavli,KARUL,MO,2839,"Lore Bangala",11.2,,,वैभववाडी,कणकवली,35.4,06:00,07:00,OBL,DAILY,"10.30 ते 12.00 विश्रांती",फोंडा,
59648,"Vaibhavwadi To Kankavli Via Karul",Vaibhavwadi,Kankavli,KARUL,MO,2858,"Mona Wahal",14.5,,,वैभववाडी,कणकवली,35.4,06:00,07:00,OBL,DAILY,"10.30 ते 12.00 विश्रांती",फोंडा,
59648,"Vaibhavwadi To Kankavli Via Karul",Vaibhavwadi,Kankavli,KARUL,MO,2904,Phonda,17.5,,,वैभववाडी,कणकवली,35.4,06:00,07:00,OBL,DAILY,"10.30 ते 12.00 विश्रांती",फोंडा,
59648,"Vaibhavwadi To Kankavli Via Karul",Vaibhavwadi,Kankavli,KARUL,MO,2906,"Phonda Iti",20.1,,,वैभववाडी,कणकवली,35.4,06:00,07:00,OBL,DAILY,"10.30 ते 12.00 विश्रांती",फोंडा,
59648,"Vaibhavwadi To Kankavli Via Karul",Vaibhavwadi,Kankavli,KARUL,MO,2787,"Kankavli Nandgaon Fata",20.4,,,वैभववाडी,कणकवली,35.4,06:00,07:00,OBL,DAILY,"10.30 ते 12.00 विश्रांती",फोंडा,
59648,"Vaibhavwadi To Kankavli Via Karul",Vaibhavwadi,Kankavli,KARUL,MO,2781,Kanadewadi,23.2,,,वैभववाडी,कणकवली,35.4,06:00,07:00,OBL,DAILY,"10.30 ते 12.00 विश्रांती",फोंडा,
59648,"Vaibhavwadi To Kankavli Via Karul",Vaibhavwadi,Kankavli,KARUL,MO,2790,Karul,24.6,,,वैभववाडी,कणकवली,35.4,06:00,07:00,OBL,DAILY,"10.30 ते 12.00 विश्रांती",फोंडा,
59648,"Vaibhavwadi To Kankavli Via Karul",Vaibhavwadi,Kankavli,KARUL,MO,2757,"Humrath Mal Ghorpiwadi",27,,,वैभववाडी,कणकवली,35.4,06:00,07:00,OBL,DAILY,"10.30 ते 12.00 विश्रांती",फोंडा,
59648,"Vaibhavwadi To Kankavli Via Karul",Vaibhavwadi,Kankavli,KARUL,MO,2756,"Humrat Titha",28.5,,,वैभववाडी,कणकवली,35.4,06:00,07:00,OBL,DAILY,"10.30 ते 12.00 विश्रांती",फोंडा,
59648,"Vaibhavwadi To Kankavli Via Karul",Vaibhavwadi,Kankavli,KARUL,MO,2768,"Janavali Gavthanwadi",31.6,,,वैभववाडी,कणकवली,35.4,06:00,07:00,OBL,DAILY,"10.30 ते 12.00 विश्रांती",फोंडा,
59648,"Vaibhavwadi To Kankavli Via Karul",Vaibhavwadi,Kankavli,KARUL,MO,2786,Kankavli,35.4,,,वैभववाडी,कणकवली,35.4,06:00,07:00,OBL,DAILY,"10.30 ते 12.00 विश्रांती",फोंडा,
60695,"Jambhawade Guravwadi To Vaibhavwadi","Jambhawade Guravwadi",Vaibhavwadi,,MO,9210,"Jambhawade Guravwadi",,,,जांभवडे,वैभववाडी,42,15:10,17:00,NON,DAILY,,"उंबर्डे भुईबावडा नर्ले",
60695,"Jambhawade Guravwadi To Vaibhavwadi","Jambhawade Guravwadi",Vaibhavwadi,,MO,9256,"Pawar Ghar",3,,,जांभवडे,वैभववाडी,42,15:10,17:00,NON,DAILY,,"उंबर्डे भुईबावडा नर्ले",
60695,"Jambhawade Guravwadi To Vaibhavwadi","Jambhawade Guravwadi",Vaibhavwadi,,MO,9217,"Kokare Wadi",4,,,जांभवडे,वैभववाडी,42,15:10,17:00,NON,DAILY,,"उंबर्डे भुईबावडा नर्ले",
60695,"Jambhawade Guravwadi To Vaibhavwadi","Jambhawade Guravwadi",Vaibhavwadi,,MO,9254,Pashtewadi,6,,,जांभवडे,वैभववाडी,42,15:10,17:00,NON,DAILY,,"उंबर्डे भुईबावडा नर्ले",
60695,"Jambhawade Guravwadi To Vaibhavwadi","Jambhawade Guravwadi",Vaibhavwadi,,MO,9253,"Pachal Fata",7.5,,,जांभवडे,वैभववाडी,42,15:10,17:00,NON,DAILY,,"उंबर्डे भुईबावडा नर्ले",
60695,"Jambhawade Guravwadi To Vaibhavwadi","Jambhawade Guravwadi",Vaibhavwadi,,MO,9251,"Nerle High School",9,,,जांभवडे,वैभववाडी,42,15:10,17:00,NON,DAILY,,"उंबर्डे भुईबावडा नर्ले",
60695,"Jambhawade Guravwadi To Vaibhavwadi","Jambhawade Guravwadi",Vaibhavwadi,,MO,9202,Guravwadi,10,,,जांभवडे,वैभववाडी,42,15:10,17:00,NON,DAILY,,"उंबर्डे भुईबावडा नर्ले",
60695,"Jambhawade Guravwadi To Vaibhavwadi","Jambhawade Guravwadi",Vaibhavwadi,,MO,9229,"Mail Dagad",12,,,जांभवडे,वैभववाडी,42,15:10,17:00,NON,DAILY,,"उंबर्डे भुईबावडा नर्ले",
60695,"Jambhawade Guravwadi To Vaibhavwadi","Jambhawade Guravwadi",Vaibhavwadi,,MO,9288,Upale,15,,,जांभवडे,वैभववाडी,42,15:10,17:00,NON,DAILY,,"उंबर्डे भुईबावडा नर्ले",
60695,"Jambhawade Guravwadi To Vaibhavwadi","Jambhawade Guravwadi",Vaibhavwadi,,MO,9206,"Het Fata",17,,,जांभवडे,वैभववाडी,42,15:10,17:00,NON,DAILY,,"उंबर्डे भुईबावडा नर्ले",
60695,"Jambhawade Guravwadi To Vaibhavwadi","Jambhawade Guravwadi",Vaibhavwadi,,MO,9207,"Het School",18,,,जांभवडे,वैभववाडी,42,15:10,17:00,NON,DAILY,,"उंबर्डे भुईबावडा नर्ले",
60695,"Jambhawade Guravwadi To Vaibhavwadi","Jambhawade Guravwadi",Vaibhavwadi,,MO,9205,"Het Dongarwadi",21,,,जांभवडे,वैभववाडी,42,15:10,17:00,NON,DAILY,,"उंबर्डे भुईबावडा नर्ले",
60695,"Jambhawade Guravwadi To Vaibhavwadi","Jambhawade Guravwadi",Vaibhavwadi,,MO,9186,Bhuibavada,24,,,जांभवडे,वैभववाडी,42,15:10,17:00,NON,DAILY,,"उंबर्डे भुईबावडा नर्ले",
60695,"Jambhawade Guravwadi To Vaibhavwadi","Jambhawade Guravwadi",Vaibhavwadi,,MO,9282,Tirawade,26,,,जांभवडे,वैभववाडी,42,15:10,17:00,NON,DAILY,,"उंबर्डे भुईबावडा नर्ले",
60695,"Jambhawade Guravwadi To Vaibhavwadi","Jambhawade Guravwadi",Vaibhavwadi,,MO,9231,"Mangavli Ghat Matha",27,,,जांभवडे,वैभववाडी,42,15:10,17:00,NON,DAILY,,"उंबर्डे भुईबावडा नर्ले",
60695,"Jambhawade Guravwadi To Vaibhavwadi","Jambhawade Guravwadi",Vaibhavwadi,,MO,9296,Waniwadi,30,,,जांभवडे,वैभववाडी,42,15:10,17:00,NON,DAILY,,"उंबर्डे भुईबावडा नर्ले",
60695,"Jambhawade Guravwadi To Vaibhavwadi","Jambhawade Guravwadi",Vaibhavwadi,,MO,9285,Umbarde,33,,,जांभवडे,वैभववाडी,42,15:10,17:00,NON,DAILY,,"उंबर्डे भुईबावडा नर्ले",
60695,"Jambhawade Guravwadi To Vaibhavwadi","Jambhawade Guravwadi",Vaibhavwadi,,MO,9226,"Kusur Bazarwadi",36,,,जांभवडे,वैभववाडी,42,15:10,17:00,NON,DAILY,,"उंबर्डे भुईबावडा नर्ले",
60695,"Jambhawade Guravwadi To Vaibhavwadi","Jambhawade Guravwadi",Vaibhavwadi,,MO,9247,"Narkar Dukan",39,,,जांभवडे,वैभववाडी,42,15:10,17:00,NON,DAILY,,"उंबर्डे भुईबावडा नर्ले",
60695,"Jambhawade Guravwadi To Vaibhavwadi","Jambhawade Guravwadi",Vaibhavwadi,,MO,9291,Vaibhavwadi,42,,,जांभवडे,वैभववाडी,42,15:10,17:00,NON,DAILY,,"उंबर्डे भुईबावडा नर्ले",
71147,"Kankavli To Malvan Via Kasal",Kankavli,Malvan,KASAL,MO,2786,Kankavli,,,,कणकवली,मालवण,45,11:30,13:00,OTHER,SUN,,,
71147,"Kankavli To Malvan Via Kasal",Kankavli,Malvan,KASAL,MO,3001,"Wagade Gpo",5.4,,,कणकवली,मालवण,45,11:30,13:00,OTHER,SUN,,,
71147,"Kankavli To Malvan Via Kasal",Kankavli,Malvan,KASAL,MO,2692,Dangalwadi,6.3,,,कणकवली,मालवण,45,11:30,13:00,OTHER,SUN,,,
71147,"Kankavli To Malvan Via Kasal",Kankavli,Malvan,KASAL,MO,2891,"Osargaon Talav",7.4,,,कणकवली,मालवण,45,11:30,13:00,OTHER,SUN,,,
71147,"Kankavli To Malvan Via Kasal",Kankavli,Malvan,KASAL,MO,2890,"Osargaon Post",9.2,,,कणकवली,मालवण,45,11:30,13:00,OTHER,SUN,,,
71147,"Kankavli To Malvan Via Kasal",Kankavli,Malvan,KASAL,MO,2889,"Osargaon Godaoon",10.3,,,कणकवली,मालवण,45,11:30,13:00,OTHER,SUN,,,
71147,"Kankavli To Malvan Via Kasal",Kankavli,Malvan,KASAL,MO,6281,Kasal,14.6,,,कणकवली,मालवण,45,11:30,13:00,OTHER,SUN,,,
71147,"Kankavli To Malvan Via Kasal",Kankavli,Malvan,KASAL,MO,6368,Padve,17.6,,,कणकवली,मालवण,45,11:30,13:00,OTHER,SUN,,,
71147,"Kankavli To Malvan Via Kasal",Kankavli,Malvan,KASAL,MO,6392,"Ranbambuli Fata",19.2,,,कणकवली,मालवण,45,11:30,13:00,OTHER,SUN,,,
71147,"Kankavli To Malvan Via Kasal",Kankavli,Malvan,KASAL,MO,6424,Sukalwad,20.7,,,कणकवली,मालवण,45,11:30,13:00,OTHER,SUN,,,
71147,"Kankavli To Malvan Via Kasal",Kankavli,Malvan,KASAL,MO,6993,"Sawarwad Varad Fata",23.9,,,कणकवली,मालवण,45,11:30,13:00,OTHER,SUN,,,
71147,"Kankavli To Malvan Via Kasal",Kankavli,Malvan,KASAL,MO,6870,Katta,28,,,कणकवली,मालवण,45,11:30,13:00,OTHER,SUN,,,
71147,"Kankavli To Malvan Via Kasal",Kankavli,Malvan,KASAL,MO,6770,Bagwadi,29.4,,,कणकवली,मालवण,45,11:30,13:00,OTHER,SUN,,,
71147,"Kankavli To Malvan Via Kasal",Kankavli,Malvan,KASAL,MO,6985,"Salel Nangarbhat",33.1,,,कणकवली,मालवण,45,11:30,13:00,OTHER,SUN,,,
71147,"Kankavli To Malvan Via Kasal",Kankavli,Malvan,KASAL,MO,6799,Chouke,36.4,,,कणकवली,मालवण,45,11:30,13:00,OTHER,SUN,,,
71147,"Kankavli To Malvan Via Kasal",Kankavli,Malvan,KASAL,MO,6750,"Ajagaonkar Bangala",39.2,,,कणकवली,मालवण,45,11:30,13:00,OTHER,SUN,,,
71147,"Kankavli To Malvan Via Kasal",Kankavli,Malvan,KASAL,MO,6897,"Kumbharmath Govekar Dukan",41.3,,,कणकवली,मालवण,45,11:30,13:00,OTHER,SUN,,,
71147,"Kankavli To Malvan Via Kasal",Kankavli,Malvan,KASAL,MO,6915,Malvan,45,,,कणकवली,मालवण,45,11:30,13:00,OTHER,SUN,,,
90336,"Vaibhavwadi To Gadmath Shala",Vaibhavwadi,"Gadmath Shala",,MO,9291,Vaibhavwadi,,,,वैभववाडी,गडमठ,15,08:20,08:50,MV,SUNDAY,,"खाम्बाले आचिर्णे",
90336,"Vaibhavwadi To Gadmath Shala",Vaibhavwadi,"Gadmath Shala",,MO,9189,Dand,3,,,वैभववाडी,गडमठ,15,08:20,08:50,MV,SUNDAY,,"खाम्बाले आचिर्णे",
90336,"Vaibhavwadi To Gadmath Shala",Vaibhavwadi,"Gadmath Shala",,MO,9215,Khambale,6,,,वैभववाडी,गडमठ,15,08:20,08:50,MV,SUNDAY,,"खाम्बाले आचिर्णे",
90336,"Vaibhavwadi To Gadmath Shala",Vaibhavwadi,"Gadmath Shala",,MO,9169,Achirne,7.2,,,वैभववाडी,गडमठ,15,08:20,08:50,MV,SUNDAY,,"खाम्बाले आचिर्णे",
90336,"Vaibhavwadi To Gadmath Shala",Vaibhavwadi,"Gadmath Shala",,MO,9171,"Achirne Wad",9,,,वैभववाडी,गडमठ,15,08:20,08:50,MV,SUNDAY,,"खाम्बाले आचिर्णे",
90336,"Vaibhavwadi To Gadmath Shala",Vaibhavwadi,"Gadmath Shala",,MO,2735,"Gosavi Hotel",10.2,,,वैभववाडी,गडमठ,15,08:20,08:50,MV,SUNDAY,,"खाम्बाले आचिर्णे",
90336,"Vaibhavwadi To Gadmath Shala",Vaibhavwadi,"Gadmath Shala",,MO,2844,"Mail Stone",12,,,वैभववाडी,गडमठ,15,08:20,08:50,MV,SUNDAY,,"खाम्बाले आचिर्णे",
90336,"Vaibhavwadi To Gadmath Shala",Vaibhavwadi,"Gadmath Shala",,MO,2719,"Gadmath Shala",15,,,वैभववाडी,गडमठ,15,08:20,08:50,MV,SUNDAY,,"खाम्बाले आचिर्णे",
91647,"Sherpe Tambalwadi  To Kharepatan","Tambalwadi Sherpe",Kharepatan,,MO,88090,"Tambalwadi Sherpe",,,,तांबळवाडी,खारेपाटण,15,09:40,10:15,SC,DAILY,,,
91647,"Sherpe Tambalwadi  To Kharepatan","Tambalwadi Sherpe",Kharepatan,,MO,2960,"Sherpe Ranewadi",3,,,तांबळवाडी,खारेपाटण,15,09:40,10:15,SC,DAILY,,,
91647,"Sherpe Tambalwadi  To Kharepatan","Tambalwadi Sherpe",Kharepatan,,MO,14370,Dukan,6,,,तांबळवाडी,खारेपाटण,15,09:40,10:15,SC,DAILY,,,
91647,"Sherpe Tambalwadi  To Kharepatan","Tambalwadi Sherpe",Kharepatan,,MO,9229,"Mail Dagad",6,,,तांबळवाडी,खारेपाटण,15,09:40,10:15,SC,DAILY,,,
91647,"Sherpe Tambalwadi  To Kharepatan","Tambalwadi Sherpe",Kharepatan,,MO,2865,"Nadgive Sherpe Fata",12,,,तांबळवाडी,खारेपाटण,15,09:40,10:15,SC,DAILY,,,
91647,"Sherpe Tambalwadi  To Kharepatan","Tambalwadi Sherpe",Kharepatan,,MO,2812,Kharepatan,15,,,तांबळवाडी,खारेपाटण,15,09:40,10:15,SC,DAILY,,,
120350,"Kankavli To Masure Kawa Via Bharteshwar Mandir",Kankavli,Kawa,"BHARTESHWAR MANDIR",MO,2786,Kankavli,,,,कणकवली,"मसुरे कावा",39.9,08:00,09:15,NON,DAILY,,"रामगड,बेळणे राथिवडे बागायत",
120350,"Kankavli To Masure Kawa Via Bharteshwar Mandir",Kankavli,Kawa,"BHARTESHWAR MANDIR",MO,88092,"Kalmath Phanaswadi",3,,,कणकवली,"मसुरे कावा",39.9,08:00,09:15,NON,DAILY,,"रामगड,बेळणे राथिवडे बागायत",
120350,"Kankavli To Masure Kawa Via Bharteshwar Mandir",Kankavli,Kawa,"BHARTESHWAR MANDIR",MO,2902,"Phalsewadi School",6,,,कणकवली,"मसुरे कावा",39.9,08:00,09:15,NON,DAILY,,"रामगड,बेळणे राथिवडे बागायत",
120350,"Kankavli To Masure Kawa Via Bharteshwar Mandir",Kankavli,Kawa,"BHARTESHWAR MANDIR",MO,2737,"Gothane Wad",9,,,कणकवली,"मसुरे कावा",39.9,08:00,09:15,NON,DAILY,,"रामगड,बेळणे राथिवडे बागायत",
120350,"Kankavli To Masure Kawa Via Bharteshwar Mandir",Kankavli,Kawa,"BHARTESHWAR MANDIR",MO,6971,"Ramgad Bazar",12,,,कणकवली,"मसुरे कावा",39.9,08:00,09:15,NON,DAILY,,"रामगड,बेळणे राथिवडे बागायत",
120350,"Kankavli To Masure Kawa Via Bharteshwar Mandir",Kankavli,Kawa,"BHARTESHWAR MANDIR",MO,6777,"Belne Fata",15,,,कणकवली,"मसुरे कावा",39.9,08:00,09:15,NON,DAILY,,"रामगड,बेळणे राथिवडे बागायत",
120350,"Kankavli To Masure Kawa Via Bharteshwar Mandir",Kankavli,Kawa,"BHARTESHWAR MANDIR",MO,6918,Mandir,16.7,,,कणकवली,"मसुरे कावा",39.9,08:00,09:15,NON,DAILY,,"रामगड,बेळणे राथिवडे बागायत",
120350,"Kankavli To Masure Kawa Via Bharteshwar Mandir",Kankavli,Kawa,"BHARTESHWAR MANDIR",MO,6781,Bhakrdev,18,,,कणकवली,"मसुरे कावा",39.9,08:00,09:15,NON,DAILY,,"रामगड,बेळणे राथिवडे बागायत",
120350,"Kankavli To Masure Kawa Via Bharteshwar Mandir",Kankavli,Kawa,"BHARTESHWAR MANDIR",MO,6850,"Hiwale Fata",19.5,,,कणकवली,"मसुरे कावा",39.9,08:00,09:15,NON,DAILY,,"रामगड,बेळणे राथिवडे बागायत",
120350,"Kankavli To Masure Kawa Via Bharteshwar Mandir",Kankavli,Kawa,"BHARTESHWAR MANDIR",MO,6965,"Poip Katta Titha",21,,,कणकवली,"मसुरे कावा",39.9,08:00,09:15,NON,DAILY,,"रामगड,बेळणे राथिवडे बागायत",
120350,"Kankavli To Masure Kawa Via Bharteshwar Mandir",Kankavli,Kawa,"BHARTESHWAR MANDIR",MO,7019,Viran,22.4,,,कणकवली,"मसुरे कावा",39.9,08:00,09:15,NON,DAILY,,"रामगड,बेळणे राथिवडे बागायत",
120350,"Kankavli To Masure Kawa Via Bharteshwar Mandir",Kankavli,Kawa,"BHARTESHWAR MANDIR",MO,6924,"Masade School",24,,,कणकवली,"मसुरे कावा",39.9,08:00,09:15,NON,DAILY,,"रामगड,बेळणे राथिवडे बागायत",
120350,"Kankavli To Masure Kawa Via Bharteshwar Mandir",Kankavli,Kawa,"BHARTESHWAR MANDIR",MO,6925,"Masade Titha",25,,,कणकवली,"मसुरे कावा",39.9,08:00,09:15,NON,DAILY,,"रामगड,बेळणे राथिवडे बागायत",
120350,"Kankavli To Masure Kawa Via Bharteshwar Mandir",Kankavli,Kawa,"BHARTESHWAR MANDIR",MO,6769,Bagayat,27,,,कणकवली,"मसुरे कावा",39.9,08:00,09:15,NON,DAILY,,"रामगड,बेळणे राथिवडे बागायत",
120350,"Kankavli To Masure Kawa Via Bharteshwar Mandir",Kankavli,Kawa,"BHARTESHWAR MANDIR",MO,6929,"Masure Fata",28.3,,,कणकवली,"मसुरे कावा",39.9,08:00,09:15,NON,DAILY,,"रामगड,बेळणे राथिवडे बागायत",
120350,"Kankavli To Masure Kawa Via Bharteshwar Mandir",Kankavli,Kawa,"BHARTESHWAR MANDIR",MO,6784,"Bharteshwar Mandir",30,,,कणकवली,"मसुरे कावा",39.9,08:00,09:15,NON,DAILY,,"रामगड,बेळणे राथिवडे बागायत",
120350,"Kankavli To Masure Kawa Via Bharteshwar Mandir",Kankavli,Kawa,"BHARTESHWAR MANDIR",MO,6979,"Ravalnath Mandir",31.7,,,कणकवली,"मसुरे कावा",39.9,08:00,09:15,NON,DAILY,,"रामगड,बेळणे राथिवडे बागायत",
120350,"Kankavli To Masure Kawa Via Bharteshwar Mandir",Kankavli,Kawa,"BHARTESHWAR MANDIR",MO,6906,"Magavane Fata",33,,,कणकवली,"मसुरे कावा",39.9,08:00,09:15,NON,DAILY,,"रामगड,बेळणे राथिवडे बागायत",
120350,"Kankavli To Masure Kawa Via Bharteshwar Mandir",Kankavli,Kawa,"BHARTESHWAR MANDIR",MO,6927,Masure,36,,,कणकवली,"मसुरे कावा",39.9,08:00,09:15,NON,DAILY,,"रामगड,बेळणे राथिवडे बागायत",
120350,"Kankavli To Masure Kawa Via Bharteshwar Mandir",Kankavli,Kawa,"BHARTESHWAR MANDIR",MO,6874,Kawa,39.9,,,कणकवली,"मसुरे कावा",39.9,08:00,09:15,NON,DAILY,,"रामगड,बेळणे राथिवडे बागायत",
125563,"Otav To Kankavli Via Savdav Dagarewadi",Otav,Kankavli,"SAVDAV DAGAREWADI",MO,2892,Otav,,,,ओटव,कणकवली,20,09:05,09:45,OBL,DAILY,,"हुंबरट ओटव",
125563,"Otav To Kankavli Via Savdav Dagarewadi",Otav,Kankavli,"SAVDAV DAGAREWADI",MO,2873,"Nandgaon Otav Fata",2.7,,,ओटव,कणकवली,20,09:05,09:45,OBL,DAILY,,"हुंबरट ओटव",
125563,"Otav To Kankavli Via Savdav Dagarewadi",Otav,Kankavli,"SAVDAV DAGAREWADI",MO,2636,"Adarsh Nagar",4.7,,,ओटव,कणकवली,20,09:05,09:45,OBL,DAILY,,"हुंबरट ओटव",
125563,"Otav To Kankavli Via Savdav Dagarewadi",Otav,Kankavli,"SAVDAV DAGAREWADI",MO,2772,Kadamwadi,5.4,,,ओटव,कणकवली,20,09:05,09:45,OBL,DAILY,,"हुंबरट ओटव",
125563,"Otav To Kankavli Via Savdav Dagarewadi",Otav,Kankavli,"SAVDAV DAGAREWADI",MO,2953,"Savdav Gram Panchayat",5.7,,,ओटव,कणकवली,20,09:05,09:45,OBL,DAILY,,"हुंबरट ओटव",
125563,"Otav To Kankavli Via Savdav Dagarewadi",Otav,Kankavli,"SAVDAV DAGAREWADI",MO,2952,"Savdav Dagarewadi",7.5,,,ओटव,कणकवली,20,09:05,09:45,OBL,DAILY,,"हुंबरट ओटव",
125563,"Otav To Kankavli Via Savdav Dagarewadi",Otav,Kankavli,"SAVDAV DAGAREWADI",MO,2844,"Mail Stone",11,,,ओटव,कणकवली,20,09:05,09:45,OBL,DAILY,,"हुंबरट ओटव",
125563,"Otav To Kankavli Via Savdav Dagarewadi",Otav,Kankavli,"SAVDAV DAGAREWADI",MO,2756,"Humrat Titha",12.8,,,ओटव,कणकवली,20,09:05,09:45,OBL,DAILY,,"हुंबरट ओटव",
125563,"Otav To Kankavli Via Savdav Dagarewadi",Otav,Kankavli,"SAVDAV DAGAREWADI",MO,2766,Janavali,16.1,,,ओटव,कणकवली,20,09:05,09:45,OBL,DAILY,,"हुंबरट ओटव",
125563,"Otav To Kankavli Via Savdav Dagarewadi",Otav,Kankavli,"SAVDAV DAGAREWADI",MO,2786,Kankavli,20,,,ओटव,कणकवली,20,09:05,09:45,OBL,DAILY,,"हुंबरट ओटव",
125728,"Shirale To Vaibhavwadi Via Sadure End",Shirale,Vaibhavwadi,"SADURE END",MO,9273,Shirale,,,,शिराळे,वैभववाडी,15,13:40,14:20,MV,DAILY,,,
125728,"Shirale To Vaibhavwadi Via Sadure End",Shirale,Vaibhavwadi,"SADURE END",MO,9266,"Sadure End",3,,,शिराळे,वैभववाडी,15,13:40,14:20,MV,DAILY,,,
125728,"Shirale To Vaibhavwadi Via Sadure End",Shirale,Vaibhavwadi,"SADURE END",MO,9265,"Sadure Boudhawadi",6,,,शिराळे,वैभववाडी,15,13:40,14:20,MV,DAILY,,,
125728,"Shirale To Vaibhavwadi Via Sadure End",Shirale,Vaibhavwadi,"SADURE END",MO,9252,"Nim Arule Vinanti",9,,,शिराळे,वैभववाडी,15,13:40,14:20,MV,DAILY,,,
125728,"Shirale To Vaibhavwadi Via Sadure End",Shirale,Vaibhavwadi,"SADURE END",MO,9249,"Nawale Fata",12,,,शिराळे,वैभववाडी,15,13:40,14:20,MV,DAILY,,,
125728,"Shirale To Vaibhavwadi Via Sadure End",Shirale,Vaibhavwadi,"SADURE END",MO,9291,Vaibhavwadi,15,,,शिराळे,वैभववाडी,15,13:40,14:20,MV,DAILY,,,
125861,"Budhavale To Kankavli Via Shravan",Budhavale,Kankavli,SHRAVAN,MO,2675,Budhavale,,,,बुधवळे,कणकवली,26,12:25,13:20,SC,SUN,,"रामगड बेळणे श्रावण",
125861,"Budhavale To Kankavli Via Shravan",Budhavale,Kankavli,SHRAVAN,MO,6955,Pandlos,5,,,बुधवळे,कणकवली,26,12:25,13:20,SC,SUN,,"रामगड बेळणे श्रावण",
125861,"Budhavale To Kankavli Via Shravan",Budhavale,Kankavli,SHRAVAN,MO,6956,Parabwadi,8,,,बुधवळे,कणकवली,26,12:25,13:20,SC,SUN,,"रामगड बेळणे श्रावण",
125861,"Budhavale To Kankavli Via Shravan",Budhavale,Kankavli,SHRAVAN,MO,6997,Shravan,9.6,,,बुधवळे,कणकवली,26,12:25,13:20,SC,SUN,,"रामगड बेळणे श्रावण",
125861,"Budhavale To Kankavli Via Shravan",Budhavale,Kankavli,SHRAVAN,MO,6776,Belne,11,,,बुधवळे,कणकवली,26,12:25,13:20,SC,SUN,,"रामगड बेळणे श्रावण",
125861,"Budhavale To Kankavli Via Shravan",Budhavale,Kankavli,SHRAVAN,MO,6970,Ramgad,14,,,बुधवळे,कणकवली,26,12:25,13:20,SC,SUN,,"रामगड बेळणे श्रावण",
125861,"Budhavale To Kankavli Via Shravan",Budhavale,Kankavli,SHRAVAN,MO,6835,"Gothane Wad",17,,,बुधवळे,कणकवली,26,12:25,13:20,SC,SUN,,"रामगड बेळणे श्रावण",
125861,"Budhavale To Kankavli Via Shravan",Budhavale,Kankavli,SHRAVAN,MO,2902,"Phalsewadi School",20,,,बुधवळे,कणकवली,26,12:25,13:20,SC,SUN,,"रामगड बेळणे श्रावण",
125861,"Budhavale To Kankavli Via Shravan",Budhavale,Kankavli,SHRAVAN,MO,88092,"Kalmath Phanaswadi",23,,,बुधवळे,कणकवली,26,12:25,13:20,SC,SUN,,"रामगड बेळणे श्रावण",
125861,"Budhavale To Kankavli Via Shravan",Budhavale,Kankavli,SHRAVAN,MO,2786,Kankavli,26,,,बुधवळे,कणकवली,26,12:25,13:20,SC,SUN,,"रामगड बेळणे श्रावण",
126313,"Kankavli To Dariste Via Shivdav",Kankavli,Dariste,"SHIVDAV HIGH SCHOOL",MO,2786,Kankavli,,,,कणकवली,दारीस्ते,21.5,19:00,19:45,OBL,DAILY,,"हळवल,शिवडाव  वस्ती",
126313,"Kankavli To Dariste Via Shivdav",Kankavli,Dariste,"SHIVDAV HIGH SCHOOL",MO,2742,"Halwal Giran",3.2,,,कणकवली,दारीस्ते,21.5,19:00,19:45,OBL,DAILY,,"हळवल,शिवडाव  वस्ती",
126313,"Kankavli To Dariste Via Shivdav",Kankavli,Dariste,"SHIVDAV HIGH SCHOOL",MO,2777,"Kalsuli Fata",6.5,,,कणकवली,दारीस्ते,21.5,19:00,19:45,OBL,DAILY,,"हळवल,शिवडाव  वस्ती",
126313,"Kankavli To Dariste Via Shivdav",Kankavli,Dariste,"SHIVDAV HIGH SCHOOL",MO,2936,"Sai Mandir",9,,,कणकवली,दारीस्ते,21.5,19:00,19:45,OBL,DAILY,,"हळवल,शिवडाव  वस्ती",
126313,"Kankavli To Dariste Via Shivdav",Kankavli,Dariste,"SHIVDAV HIGH SCHOOL",MO,2972,"Shivdav High School",11,,,कणकवली,दारीस्ते,21.5,19:00,19:45,OBL,DAILY,,"हळवल,शिवडाव  वस्ती",
126313,"Kankavli To Dariste Via Shivdav",Kankavli,Dariste,"SHIVDAV HIGH SCHOOL",MO,2751,"Hattiche Bridge",12.7,,,कणकवली,दारीस्ते,21.5,19:00,19:45,OBL,DAILY,,"हळवल,शिवडाव  वस्ती",
126313,"Kankavli To Dariste Via Shivdav",Kankavli,Dariste,"SHIVDAV HIGH SCHOOL",MO,2986,Thalkarwadi,13.2,,,कणकवली,दारीस्ते,21.5,19:00,19:45,OBL,DAILY,,"हळवल,शिवडाव  वस्ती",
126313,"Kankavli To Dariste Via Shivdav",Kankavli,Dariste,"SHIVDAV HIGH SCHOOL",MO,2844,"Mail Stone",15,,,कणकवली,दारीस्ते,21.5,19:00,19:45,OBL,DAILY,,"हळवल,शिवडाव  वस्ती",
126313,"Kankavli To Dariste Via Shivdav",Kankavli,Dariste,"SHIVDAV HIGH SCHOOL",MO,2694,"Dariste Gpo",17.3,,,कणकवली,दारीस्ते,21.5,19:00,19:45,OBL,DAILY,,"हळवल,शिवडाव  वस्ती",
126313,"Kankavli To Dariste Via Shivdav",Kankavli,Dariste,"SHIVDAV HIGH SCHOOL",MO,2740,Guravwadi,18.2,,,कणकवली,दारीस्ते,21.5,19:00,19:45,OBL,DAILY,,"हळवल,शिवडाव  वस्ती",
126313,"Kankavli To Dariste Via Shivdav",Kankavli,Dariste,"SHIVDAV HIGH SCHOOL",MO,2693,Dariste,21.5,,,कणकवली,दारीस्ते,21.5,19:00,19:45,OBL,DAILY,,"हळवल,शिवडाव  वस्ती",
126445,"Tarla To Vaibhavwadi Via Nadhawade",Tarla,Vaibhavwadi,NADHAWADE,MO,2982,Tarla,,,,तरळे,वैभववाडी,14.5,15:10,15:40,SC,SUN,,,
126445,"Tarla To Vaibhavwadi Via Nadhawade",Tarla,Vaibhavwadi,NADHAWADE,MO,2796,"Kasarde Buddhawadi",2.5,,,तरळे,वैभववाडी,14.5,15:10,15:40,SC,SUN,,,
126445,"Tarla To Vaibhavwadi Via Nadhawade",Tarla,Vaibhavwadi,NADHAWADE,MO,2780,"Kambale Hotel",4.3,,,तरळे,वैभववाडी,14.5,15:10,15:40,SC,SUN,,,
126445,"Tarla To Vaibhavwadi Via Nadhawade",Tarla,Vaibhavwadi,NADHAWADE,MO,9259,Pool,5.5,,,तरळे,वैभववाडी,14.5,15:10,15:40,SC,SUN,,,
126445,"Tarla To Vaibhavwadi Via Nadhawade",Tarla,Vaibhavwadi,NADHAWADE,MO,9241,Nadhawade,7.3,,,तरळे,वैभववाडी,14.5,15:10,15:40,SC,SUN,,,
126445,"Tarla To Vaibhavwadi Via Nadhawade",Tarla,Vaibhavwadi,NADHAWADE,MO,9213,"Kasale Wadi",8.5,,,तरळे,वैभववाडी,14.5,15:10,15:40,SC,SUN,,,
126445,"Tarla To Vaibhavwadi Via Nadhawade",Tarla,Vaibhavwadi,NADHAWADE,MO,9262,"Railway Gate",9.3,,,तरळे,वैभववाडी,14.5,15:10,15:40,SC,SUN,,,
126445,"Tarla To Vaibhavwadi Via Nadhawade",Tarla,Vaibhavwadi,NADHAWADE,MO,9181,Bandhwadi,11.5,,,तरळे,वैभववाडी,14.5,15:10,15:40,SC,SUN,,,
126445,"Tarla To Vaibhavwadi Via Nadhawade",Tarla,Vaibhavwadi,NADHAWADE,MO,9291,Vaibhavwadi,14.5,,,तरळे,वैभववाडी,14.5,15:10,15:40,SC,SUN,,,
145296,"Kankavli To Achara Bandar Via Ramgad Bazar",Kankavli,"Achara Bandar","RAMGAD BAZAR",MO,2786,Kankavli,,,,कणकवली,"आचरा बंदर",37.4,16:50,18:00,OBL,DAILY,,"रामगड बेळणे श्रावण पानलोस",
145296,"Kankavli To Achara Bandar Via Ramgad Bazar",Kankavli,"Achara Bandar","RAMGAD BAZAR",MO,88092,"Kalmath Phanaswadi",3,,,कणकवली,"आचरा बंदर",37.4,16:50,18:00,OBL,DAILY,,"रामगड बेळणे श्रावण पानलोस",
145296,"Kankavli To Achara Bandar Via Ramgad Bazar",Kankavli,"Achara Bandar","RAMGAD BAZAR",MO,2902,"Phalsewadi School",6.8,,,कणकवली,"आचरा बंदर",37.4,16:50,18:00,OBL,DAILY,,"रामगड बेळणे श्रावण पानलोस",
145296,"Kankavli To Achara Bandar Via Ramgad Bazar",Kankavli,"Achara Bandar","RAMGAD BAZAR",MO,2737,"Gothane Wad",7,,,कणकवली,"आचरा बंदर",37.4,16:50,18:00,OBL,DAILY,,"रामगड बेळणे श्रावण पानलोस",
145296,"Kankavli To Achara Bandar Via Ramgad Bazar",Kankavli,"Achara Bandar","RAMGAD BAZAR",MO,6971,"Ramgad Bazar",12.7,,,कणकवली,"आचरा बंदर",37.4,16:50,18:00,OBL,DAILY,,"रामगड बेळणे श्रावण पानलोस",
145296,"Kankavli To Achara Bandar Via Ramgad Bazar",Kankavli,"Achara Bandar","RAMGAD BAZAR",MO,6777,"Belne Fata",15.6,,,कणकवली,"आचरा बंदर",37.4,16:50,18:00,OBL,DAILY,,"रामगड बेळणे श्रावण पानलोस",
145296,"Kankavli To Achara Bandar Via Ramgad Bazar",Kankavli,"Achara Bandar","RAMGAD BAZAR",MO,6997,Shravan,16.8,,,कणकवली,"आचरा बंदर",37.4,16:50,18:00,OBL,DAILY,,"रामगड बेळणे श्रावण पानलोस",
145296,"Kankavli To Achara Bandar Via Ramgad Bazar",Kankavli,"Achara Bandar","RAMGAD BAZAR",MO,6910,"Mail Dagad",18,,,कणकवली,"आचरा बंदर",37.4,16:50,18:00,OBL,DAILY,,"रामगड बेळणे श्रावण पानलोस",
145296,"Kankavli To Achara Bandar Via Ramgad Bazar",Kankavli,"Achara Bandar","RAMGAD BAZAR",MO,6749,"Adawali Titha",19,,,कणकवली,"आचरा बंदर",37.4,16:50,18:00,OBL,DAILY,,"रामगड बेळणे श्रावण पानलोस",
145296,"Kankavli To Achara Bandar Via Ramgad Bazar",Kankavli,"Achara Bandar","RAMGAD BAZAR",MO,6858,"Kaju Stop",19.6,,,कणकवली,"आचरा बंदर",37.4,16:50,18:00,OBL,DAILY,,"रामगड बेळणे श्रावण पानलोस",
145296,"Kankavli To Achara Bandar Via Ramgad Bazar",Kankavli,"Achara Bandar","RAMGAD BAZAR",MO,6953,"Palsamb School",25.5,,,कणकवली,"आचरा बंदर",37.4,16:50,18:00,OBL,DAILY,,"रामगड बेळणे श्रावण पानलोस",
145296,"Kankavli To Achara Bandar Via Ramgad Bazar",Kankavli,"Achara Bandar","RAMGAD BAZAR",MO,7011,"Trimbak Sapala",27.7,,,कणकवली,"आचरा बंदर",37.4,16:50,18:00,OBL,DAILY,,"रामगड बेळणे श्रावण पानलोस",
145296,"Kankavli To Achara Bandar Via Ramgad Bazar",Kankavli,"Achara Bandar","RAMGAD BAZAR",MO,7009,"Trimbak Bazar",28.4,,,कणकवली,"आचरा बंदर",37.4,16:50,18:00,OBL,DAILY,,"रामगड बेळणे श्रावण पानलोस",
145296,"Kankavli To Achara Bandar Via Ramgad Bazar",Kankavli,"Achara Bandar","RAMGAD BAZAR",MO,6798,"Chindar Wad",30.8,,,कणकवली,"आचरा बंदर",37.4,16:50,18:00,OBL,DAILY,,"रामगड बेळणे श्रावण पानलोस",
145296,"Kankavli To Achara Bandar Via Ramgad Bazar",Kankavli,"Achara Bandar","RAMGAD BAZAR",MO,6744,"Achara Tita",33.7,,,कणकवली,"आचरा बंदर",37.4,16:50,18:00,OBL,DAILY,,"रामगड बेळणे श्रावण पानलोस",
145296,"Kankavli To Achara Bandar Via Ramgad Bazar",Kankavli,"Achara Bandar","RAMGAD BAZAR",MO,6740,Achara,35.9,,,कणकवली,"आचरा बंदर",37.4,16:50,18:00,OBL,DAILY,,"रामगड बेळणे श्रावण पानलोस",
145296,"Kankavli To Achara Bandar Via Ramgad Bazar",Kankavli,"Achara Bandar","RAMGAD BAZAR",MO,6741,"Achara Bandar",37.4,,,कणकवली,"आचरा बंदर",37.4,16:50,18:00,OBL,DAILY,,"रामगड बेळणे श्रावण पानलोस",
10815,"Kankavli To Ainal Pimpalwadi",Kankavli,"Ainal Pimpalwadi",,MO,2786,Kankavli,,,,कणकवली,"आयनल पिंपळवाडी",32.8,13:00,14:10,NON,DAILY,"17.40 ते 19.00 विश्रांती","nandagav koloshiwadi",
10815,"Kankavli To Ainal Pimpalwadi",Kankavli,"Ainal Pimpalwadi",,MO,2766,Janavali,3.9,,,कणकवली,"आयनल पिंपळवाडी",32.8,13:00,14:10,NON,DAILY,"17.40 ते 19.00 विश्रांती","nandagav koloshiwadi",
10815,"Kankavli To Ainal Pimpalwadi",Kankavli,"Ainal Pimpalwadi",,MO,2756,"Humrat Titha",7.1,,,कणकवली,"आयनल पिंपळवाडी",32.8,13:00,14:10,NON,DAILY,"17.40 ते 19.00 विश्रांती","nandagav koloshiwadi",
10815,"Kankavli To Ainal Pimpalwadi",Kankavli,"Ainal Pimpalwadi",,MO,2655,Belane,10.4,,,कणकवली,"आयनल पिंपळवाडी",32.8,13:00,14:10,NON,DAILY,"17.40 ते 19.00 विश्रांती","nandagav koloshiwadi",
10815,"Kankavli To Ainal Pimpalwadi",Kankavli,"Ainal Pimpalwadi",,MO,2870,"Nandgaon Datta Mandir",12.8,,,कणकवली,"आयनल पिंपळवाडी",32.8,13:00,14:10,NON,DAILY,"17.40 ते 19.00 विश्रांती","nandagav koloshiwadi",
10815,"Kankavli To Ainal Pimpalwadi",Kankavli,"Ainal Pimpalwadi",,MO,2871,"Nandgaon Fata",14,,,कणकवली,"आयनल पिंपळवाडी",32.8,13:00,14:10,NON,DAILY,"17.40 ते 19.00 विश्रांती","nandagav koloshiwadi",
10815,"Kankavli To Ainal Pimpalwadi",Kankavli,"Ainal Pimpalwadi",,MO,2642,Asalade,16.1,,,कणकवली,"आयनल पिंपळवाडी",32.8,13:00,14:10,NON,DAILY,"17.40 ते 19.00 विश्रांती","nandagav koloshiwadi",
10815,"Kankavli To Ainal Pimpalwadi",Kankavli,"Ainal Pimpalwadi",,MO,2817,Koloshiwadi,18.5,,,कणकवली,"आयनल पिंपळवाडी",32.8,13:00,14:10,NON,DAILY,"17.40 ते 19.00 विश्रांती","nandagav koloshiwadi",
10815,"Kankavli To Ainal Pimpalwadi",Kankavli,"Ainal Pimpalwadi",,MO,2815,"Koloshi Bazar",19.9,,,कणकवली,"आयनल पिंपळवाडी",32.8,13:00,14:10,NON,DAILY,"17.40 ते 19.00 विश्रांती","nandagav koloshiwadi",
10815,"Kankavli To Ainal Pimpalwadi",Kankavli,"Ainal Pimpalwadi",,MO,2844,"Mail Stone",22.5,,,कणकवली,"आयनल पिंपळवाडी",32.8,13:00,14:10,NON,DAILY,"17.40 ते 19.00 विश्रांती","nandagav koloshiwadi",
10815,"Kankavli To Ainal Pimpalwadi",Kankavli,"Ainal Pimpalwadi",,MO,2638,"Ainal Manerwadi School",23.1,,,कणकवली,"आयनल पिंपळवाडी",32.8,13:00,14:10,NON,DAILY,"17.40 ते 19.00 विश्रांती","nandagav koloshiwadi",
10815,"Kankavli To Ainal Pimpalwadi",Kankavli,"Ainal Pimpalwadi",,MO,2933,Rohilewadi,26.2,,,कणकवली,"आयनल पिंपळवाडी",32.8,13:00,14:10,NON,DAILY,"17.40 ते 19.00 विश्रांती","nandagav koloshiwadi",
10815,"Kankavli To Ainal Pimpalwadi",Kankavli,"Ainal Pimpalwadi",,MO,2637,"Ainal Chavata",30.5,,,कणकवली,"आयनल पिंपळवाडी",32.8,13:00,14:10,NON,DAILY,"17.40 ते 19.00 विश्रांती","nandagav koloshiwadi",
10815,"Kankavli To Ainal Pimpalwadi",Kankavli,"Ainal Pimpalwadi",,MO,2639,"Ainal Pimpalwadi",32.8,,,कणकवली,"आयनल पिंपळवाडी",32.8,13:00,14:10,NON,DAILY,"17.40 ते 19.00 विश्रांती","nandagav koloshiwadi",
10849,"Kankavli To Khalantar Via Bhat Dukan",Kankavli,Khalantar,"BHAT DUKAN",MO,2786,Kankavli,,,,कणकवली,खलांतर,19.9,11:30,12:10,NON,DAILY,,कनेडी,
10849,"Kankavli To Khalantar Via Bhat Dukan",Kankavli,Khalantar,"BHAT DUKAN",MO,2859,Mudeshwar,3.1,,,कणकवली,खलांतर,19.9,11:30,12:10,NON,DAILY,,कनेडी,
10849,"Kankavli To Khalantar Via Bhat Dukan",Kankavli,Khalantar,"BHAT DUKAN",MO,2660,"Bhat Dukan",6.2,,,कणकवली,खलांतर,19.9,11:30,12:10,NON,DAILY,,कनेडी,
10849,"Kankavli To Khalantar Via Bhat Dukan",Kankavli,Khalantar,"BHAT DUKAN",MO,2774,Kalitri,7.6,,,कणकवली,खलांतर,19.9,11:30,12:10,NON,DAILY,,कनेडी,
10849,"Kankavli To Khalantar Via Bhat Dukan",Kankavli,Khalantar,"BHAT DUKAN",MO,2945,"Sangave Mandir",9.2,,,कणकवली,खलांतर,19.9,11:30,12:10,NON,DAILY,,कनेडी,
10849,"Kankavli To Khalantar Via Bhat Dukan",Kankavli,Khalantar,"BHAT DUKAN",MO,2782,Kanedi,12.2,,,कणकवली,खलांतर,19.9,11:30,12:10,NON,DAILY,,कनेडी,
10849,"Kankavli To Khalantar Via Bhat Dukan",Kankavli,Khalantar,"BHAT DUKAN",MO,2773,"Kalantar Fata",16.8,,,कणकवली,खलांतर,19.9,11:30,12:10,NON,DAILY,,कनेडी,
10849,"Kankavli To Khalantar Via Bhat Dukan",Kankavli,Khalantar,"BHAT DUKAN",MO,2810,Khalantar,19.9,,,कणकवली,खलांतर,19.9,11:30,12:10,NON,DAILY,,कनेडी,
10856,"Kankavli To Masure Kawa Via Hiwale",Kankavli,"Masure Kawa","HIWALE GANGESHWAR",MO,2786,Kankavli,,,,कणकवली,मसुरे,42.1,11:15,12:35,NON,DAILY,"14.05 ते 15.00 विश्रांती","कसाल,ओवळिये,विरण",
10856,"Kankavli To Masure Kawa Via Hiwale",Kankavli,"Masure Kawa","HIWALE GANGESHWAR",MO,3002,Wagde,3,,,कणकवली,मसुरे,42.1,11:15,12:35,NON,DAILY,"14.05 ते 15.00 विश्रांती","कसाल,ओवळिये,विरण",
10856,"Kankavli To Masure Kawa Via Hiwale",Kankavli,"Masure Kawa","HIWALE GANGESHWAR",MO,2692,Dangalwadi,4.9,,,कणकवली,मसुरे,42.1,11:15,12:35,NON,DAILY,"14.05 ते 15.00 विश्रांती","कसाल,ओवळिये,विरण",
10856,"Kankavli To Masure Kawa Via Hiwale",Kankavli,"Masure Kawa","HIWALE GANGESHWAR",MO,2891,"Osargaon Talav",7.1,,,कणकवली,मसुरे,42.1,11:15,12:35,NON,DAILY,"14.05 ते 15.00 विश्रांती","कसाल,ओवळिये,विरण",
10856,"Kankavli To Masure Kawa Via Hiwale",Kankavli,"Masure Kawa","HIWALE GANGESHWAR",MO,2890,"Osargaon Post",10.2,,,कणकवली,मसुरे,42.1,11:15,12:35,NON,DAILY,"14.05 ते 15.00 विश्रांती","कसाल,ओवळिये,विरण",
10856,"Kankavli To Masure Kawa Via Hiwale",Kankavli,"Masure Kawa","HIWALE GANGESHWAR",MO,2698,Dewoolwadi,12,,,कणकवली,मसुरे,42.1,11:15,12:35,NON,DAILY,"14.05 ते 15.00 विश्रांती","कसाल,ओवळिये,विरण",
10856,"Kankavli To Masure Kawa Via Hiwale",Kankavli,"Masure Kawa","HIWALE GANGESHWAR",MO,6281,Kasal,14.3,,,कणकवली,मसुरे,42.1,11:15,12:35,NON,DAILY,"14.05 ते 15.00 विश्रांती","कसाल,ओवळिये,विरण",
10856,"Kankavli To Masure Kawa Via Hiwale",Kankavli,"Masure Kawa","HIWALE GANGESHWAR",MO,6959,"Parbhatle Magam Dukan",17.8,,,कणकवली,मसुरे,42.1,11:15,12:35,NON,DAILY,"14.05 ते 15.00 विश्रांती","कसाल,ओवळिये,विरण",
10856,"Kankavli To Masure Kawa Via Hiwale",Kankavli,"Masure Kawa","HIWALE GANGESHWAR",MO,6947,"Owaliye Ratambi",19.9,,,कणकवली,मसुरे,42.1,11:15,12:35,NON,DAILY,"14.05 ते 15.00 विश्रांती","कसाल,ओवळिये,विरण",
10856,"Kankavli To Masure Kawa Via Hiwale",Kankavli,"Masure Kawa","HIWALE GANGESHWAR",MO,6891,"Kolori School",21.3,,,कणकवली,मसुरे,42.1,11:15,12:35,NON,DAILY,"14.05 ते 15.00 विश्रांती","कसाल,ओवळिये,विरण",
10856,"Kankavli To Masure Kawa Via Hiwale",Kankavli,"Masure Kawa","HIWALE GANGESHWAR",MO,6851,"Hiwale Gangeshwar",23,,,कणकवली,मसुरे,42.1,11:15,12:35,NON,DAILY,"14.05 ते 15.00 विश्रांती","कसाल,ओवळिये,विरण",
10856,"Kankavli To Masure Kawa Via Hiwale",Kankavli,"Masure Kawa","HIWALE GANGESHWAR",MO,6944,Navamboli,26.5,,,कणकवली,मसुरे,42.1,11:15,12:35,NON,DAILY,"14.05 ते 15.00 विश्रांती","कसाल,ओवळिये,विरण",
10856,"Kankavli To Masure Kawa Via Hiwale",Kankavli,"Masure Kawa","HIWALE GANGESHWAR",MO,6976,"Rathiwade Gunjichiwadi",27,,,कणकवली,मसुरे,42.1,11:15,12:35,NON,DAILY,"14.05 ते 15.00 विश्रांती","कसाल,ओवळिये,विरण",
10856,"Kankavli To Masure Kawa Via Hiwale",Kankavli,"Masure Kawa","HIWALE GANGESHWAR",MO,6965,"Poip Katta Titha",29.7,,,कणकवली,मसुरे,42.1,11:15,12:35,NON,DAILY,"14.05 ते 15.00 विश्रांती","कसाल,ओवळिये,विरण",
10856,"Kankavli To Masure Kawa Via Hiwale",Kankavli,"Masure Kawa","HIWALE GANGESHWAR",MO,7020,"Viran Bazar",31.1,,,कणकवली,मसुरे,42.1,11:15,12:35,NON,DAILY,"14.05 ते 15.00 विश्रांती","कसाल,ओवळिये,विरण",
10856,"Kankavli To Masure Kawa Via Hiwale",Kankavli,"Masure Kawa","HIWALE GANGESHWAR",MO,6924,"Masade School",32.5,,,कणकवली,मसुरे,42.1,11:15,12:35,NON,DAILY,"14.05 ते 15.00 विश्रांती","कसाल,ओवळिये,विरण",
10856,"Kankavli To Masure Kawa Via Hiwale",Kankavli,"Masure Kawa","HIWALE GANGESHWAR",MO,6925,"Masade Titha",33.5,,,कणकवली,मसुरे,42.1,11:15,12:35,NON,DAILY,"14.05 ते 15.00 विश्रांती","कसाल,ओवळिये,विरण",
10856,"Kankavli To Masure Kawa Via Hiwale",Kankavli,"Masure Kawa","HIWALE GANGESHWAR",MO,7016,"Verli Mapari Dukan",36.1,,,कणकवली,मसुरे,42.1,11:15,12:35,NON,DAILY,"14.05 ते 15.00 विश्रांती","कसाल,ओवळिये,विरण",
10856,"Kankavli To Masure Kawa Via Hiwale",Kankavli,"Masure Kawa","HIWALE GANGESHWAR",MO,6795,"Chambhar Dunga",36.6,,,कणकवली,मसुरे,42.1,11:15,12:35,NON,DAILY,"14.05 ते 15.00 विश्रांती","कसाल,ओवळिये,विरण",
10856,"Kankavli To Masure Kawa Via Hiwale",Kankavli,"Masure Kawa","HIWALE GANGESHWAR",MO,6928,"Masure Bazar",40.9,,,कणकवली,मसुरे,42.1,11:15,12:35,NON,DAILY,"14.05 ते 15.00 विश्रांती","कसाल,ओवळिये,विरण",
10856,"Kankavli To Masure Kawa Via Hiwale",Kankavli,"Masure Kawa","HIWALE GANGESHWAR",MO,6931,"Masure Kawa",42.1,,,कणकवली,मसुरे,42.1,11:15,12:35,NON,DAILY,"14.05 ते 15.00 विश्रांती","कसाल,ओवळिये,विरण",
10859,"Kankavli To Narkarwadi Via Chinch",Kankavli,Narkarwadi,CHINCH,MO,2786,Kankavli,,,,कणकवली,नारकरवाडी,12,12:00,12:30,SC,DAILY,,,
10859,"Kankavli To Narkarwadi Via Chinch",Kankavli,Narkarwadi,CHINCH,MO,2922,"Railway Cross",3,,,कणकवली,नारकरवाडी,12,12:00,12:30,SC,DAILY,,,
10859,"Kankavli To Narkarwadi Via Chinch",Kankavli,Narkarwadi,CHINCH,MO,2868,"Nagave Marathi School",6.1,,,कणकवली,नारकरवाडी,12,12:00,12:30,SC,DAILY,,,
10859,"Kankavli To Narkarwadi Via Chinch",Kankavli,Narkarwadi,CHINCH,MO,2682,Chinch,6.7,,,कणकवली,नारकरवाडी,12,12:00,12:30,SC,DAILY,,,
10859,"Kankavli To Narkarwadi Via Chinch",Kankavli,Narkarwadi,CHINCH,MO,2849,Mandir,10.7,,,कणकवली,नारकरवाडी,12,12:00,12:30,SC,DAILY,,,
10859,"Kankavli To Narkarwadi Via Chinch",Kankavli,Narkarwadi,CHINCH,MO,2881,Narkarwadi,12,,,कणकवली,नारकरवाडी,12,12:00,12:30,SC,DAILY,,,
10876,"Kankavli To Kajarghati",Kankavli,Kajarghati,,MO,2786,Kankavli,,,,कणकवली,"शिरगाव (काजरघाटी)",35.2,15:00,16:30,NON,DAILY,,"कुंभारवाडी,बिडवाडी,सांडवे",
10876,"Kankavli To Kajarghati",Kankavli,Kajarghati,,MO,3008,"Warawade Bridge",3.1,,,कणकवली,"शिरगाव (काजरघाटी)",35.2,15:00,16:30,NON,DAILY,,"कुंभारवाडी,बिडवाडी,सांडवे",
10876,"Kankavli To Kajarghati",Kankavli,Kajarghati,,MO,2836,"Kuweskar Dukan",5.2,,,कणकवली,"शिरगाव (काजरघाटी)",35.2,15:00,16:30,NON,DAILY,,"कुंभारवाडी,बिडवाडी,सांडवे",
10876,"Kankavli To Kajarghati",Kankavli,Kajarghati,,MO,2844,"Mail Stone",6.2,,,कणकवली,"शिरगाव (काजरघाटी)",35.2,15:00,16:30,NON,DAILY,,"कुंभारवाडी,बिडवाडी,सांडवे",
10876,"Kankavli To Kajarghati",Kankavli,Kajarghati,,MO,2910,"Pise Kamte School",7.8,,,कणकवली,"शिरगाव (काजरघाटी)",35.2,15:00,16:30,NON,DAILY,,"कुंभारवाडी,बिडवाडी,सांडवे",
10876,"Kankavli To Kajarghati",Kankavli,Kajarghati,,MO,2755,"Humbarne Society",8.5,,,कणकवली,"शिरगाव (काजरघाटी)",35.2,15:00,16:30,NON,DAILY,,"कुंभारवाडी,बिडवाडी,सांडवे",
10876,"Kankavli To Kajarghati",Kankavli,Kajarghati,,MO,2666,"Bidwadi Gpo",9.2,,,कणकवली,"शिरगाव (काजरघाटी)",35.2,15:00,16:30,NON,DAILY,,"कुंभारवाडी,बिडवाडी,सांडवे",
10876,"Kankavli To Kajarghati",Kankavli,Kajarghati,,MO,2683,Chinchawali,10,,,कणकवली,"शिरगाव (काजरघाटी)",35.2,15:00,16:30,NON,DAILY,,"कुंभारवाडी,बिडवाडी,सांडवे",
10876,"Kankavli To Kajarghati",Kankavli,Kajarghati,,MO,6933,Masurkarwadi,12.2,,,कणकवली,"शिरगाव (काजरघाटी)",35.2,15:00,16:30,NON,DAILY,,"कुंभारवाडी,बिडवाडी,सांडवे",
10876,"Kankavli To Kajarghati",Kankavli,Kajarghati,,MO,6988,"Sandave High School",12.6,,,कणकवली,"शिरगाव (काजरघाटी)",35.2,15:00,16:30,NON,DAILY,,"कुंभारवाडी,बिडवाडी,सांडवे",
10876,"Kankavli To Kajarghati",Kankavli,Kajarghati,,MO,1921,Parabwadi,15.1,,,कणकवली,"शिरगाव (काजरघाटी)",35.2,15:00,16:30,NON,DAILY,,"कुंभारवाडी,बिडवाडी,सांडवे",
10876,"Kankavli To Kajarghati",Kankavli,Kajarghati,,MO,2005,Talewadi,16.3,,,कणकवली,"शिरगाव (काजरघाटी)",35.2,15:00,16:30,NON,DAILY,,"कुंभारवाडी,बिडवाडी,सांडवे",
10876,"Kankavli To Kajarghati",Kankavli,Kajarghati,,MO,1621,Agarwadi,17.4,,,कणकवली,"शिरगाव (काजरघाटी)",35.2,15:00,16:30,NON,DAILY,,"कुंभारवाडी,बिडवाडी,सांडवे",
10876,"Kankavli To Kajarghati",Kankavli,Kajarghati,,MO,1998,Tambalwadi,19.6,,,कणकवली,"शिरगाव (काजरघाटी)",35.2,15:00,16:30,NON,DAILY,,"कुंभारवाडी,बिडवाडी,सांडवे",
10876,"Kankavli To Kajarghati",Kankavli,Kajarghati,,MO,1825,"Kuwale Parabwadi",20.2,,,कणकवली,"शिरगाव (काजरघाटी)",35.2,15:00,16:30,NON,DAILY,,"कुंभारवाडी,बिडवाडी,सांडवे",
10876,"Kankavli To Kajarghati",Kankavli,Kajarghati,,MO,1824,"Kuwale Dand",21.8,,,कणकवली,"शिरगाव (काजरघाटी)",35.2,15:00,16:30,NON,DAILY,,"कुंभारवाडी,बिडवाडी,सांडवे",
10876,"Kankavli To Kajarghati",Kankavli,Kajarghati,,MO,1982,"Salshi Mandir",24.2,,,कणकवली,"शिरगाव (काजरघाटी)",35.2,15:00,16:30,NON,DAILY,,"कुंभारवाडी,बिडवाडी,सांडवे",
10876,"Kankavli To Kajarghati",Kankavli,Kajarghati,,MO,1677,"Choukewadi Fata",27.6,,,कणकवली,"शिरगाव (काजरघाटी)",35.2,15:00,16:30,NON,DAILY,,"कुंभारवाडी,बिडवाडी,सांडवे",
10876,"Kankavli To Kajarghati",Kankavli,Kajarghati,,MO,1990,Shrigaon,30.2,,,कणकवली,"शिरगाव (काजरघाटी)",35.2,15:00,16:30,NON,DAILY,,"कुंभारवाडी,बिडवाडी,सांडवे",
10876,"Kankavli To Kajarghati",Kankavli,Kajarghati,,MO,1971,Rakasghati,34.1,,,कणकवली,"शिरगाव (काजरघाटी)",35.2,15:00,16:30,NON,DAILY,,"कुंभारवाडी,बिडवाडी,सांडवे",
10876,"Kankavli To Kajarghati",Kankavli,Kajarghati,,MO,1763,Kajarghati,35.2,,,कणकवली,"शिरगाव (काजरघाटी)",35.2,15:00,16:30,NON,DAILY,,"कुंभारवाडी,बिडवाडी,सांडवे",
10878,"Kankavli To Talawade Mandir",Kankavli,"Talawade Mandir",,MO,2786,Kankavli,,,,कणकवली,तळवडे,9,07:20,07:35,SC,SUN,"07.55 ते 08.40 विश्रांती",,
10878,"Kankavli To Talawade Mandir",Kankavli,"Talawade Mandir",,MO,2736,"Gosavi Wadi Datta Mandir",0.3,,,कणकवली,तळवडे,9,07:20,07:35,SC,SUN,"07.55 ते 08.40 विश्रांती",,
10878,"Kankavli To Talawade Mandir",Kankavli,"Talawade Mandir",,MO,2807,"Kasvan Fata",6,,,कणकवली,तळवडे,9,07:20,07:35,SC,SUN,"07.55 ते 08.40 विश्रांती",,
10878,"Kankavli To Talawade Mandir",Kankavli,"Talawade Mandir",,MO,2976,"Talawade Mandir",9,,,कणकवली,तळवडे,9,07:20,07:35,SC,SUN,"07.55 ते 08.40 विश्रांती",,
10881,"Kankavli To Tarla Via Tiware Gpo",Kankavli,Tarla,"TIWARE GPO",MO,2786,Kankavli,,,,कणकवली,तरळे,36.7,06:50,08:05,SC,DAILY,,"फोंडा पियाळी",
10881,"Kankavli To Tarla Via Tiware Gpo",Kankavli,Tarla,"TIWARE GPO",MO,2768,"Janavali Gavthanwadi",3.8,,,कणकवली,तरळे,36.7,06:50,08:05,SC,DAILY,,"फोंडा पियाळी",
10881,"Kankavli To Tarla Via Tiware Gpo",Kankavli,Tarla,"TIWARE GPO",MO,2756,"Humrat Titha",6.9,,,कणकवली,तरळे,36.7,06:50,08:05,SC,DAILY,,"फोंडा पियाळी",
10881,"Kankavli To Tarla Via Tiware Gpo",Kankavli,Tarla,"TIWARE GPO",MO,2655,Belane,9,,,कणकवली,तरळे,36.7,06:50,08:05,SC,DAILY,,"फोंडा पियाळी",
10881,"Kankavli To Tarla Via Tiware Gpo",Kankavli,Tarla,"TIWARE GPO",MO,2988,"Tiware Gpo",12,,,कणकवली,तरळे,36.7,06:50,08:05,SC,DAILY,,"फोंडा पियाळी",
10881,"Kankavli To Tarla Via Tiware Gpo",Kankavli,Tarla,"TIWARE GPO",MO,2999,"Vitthal Mandir",13.2,,,कणकवली,तरळे,36.7,06:50,08:05,SC,DAILY,,"फोंडा पियाळी",
10881,"Kankavli To Tarla Via Tiware Gpo",Kankavli,Tarla,"TIWARE GPO",MO,2724,Gaothan,15,,,कणकवली,तरळे,36.7,06:50,08:05,SC,DAILY,,"फोंडा पियाळी",
10881,"Kankavli To Tarla Via Tiware Gpo",Kankavli,Tarla,"TIWARE GPO",MO,2787,"Kankavli Nandgaon Fata",18,,,कणकवली,तरळे,36.7,06:50,08:05,SC,DAILY,,"फोंडा पियाळी",
10881,"Kankavli To Tarla Via Tiware Gpo",Kankavli,Tarla,"TIWARE GPO",MO,2906,"Phonda Iti",19.5,,,कणकवली,तरळे,36.7,06:50,08:05,SC,DAILY,,"फोंडा पियाळी",
10881,"Kankavli To Tarla Via Tiware Gpo",Kankavli,Tarla,"TIWARE GPO",MO,2904,Phonda,21,,,कणकवली,तरळे,36.7,06:50,08:05,SC,DAILY,,"फोंडा पियाळी",
10881,"Kankavli To Tarla Via Tiware Gpo",Kankavli,Tarla,"TIWARE GPO",MO,2809,"Khadaye Mangar",24,,,कणकवली,तरळे,36.7,06:50,08:05,SC,DAILY,,"फोंडा पियाळी",
10881,"Kankavli To Tarla Via Tiware Gpo",Kankavli,Tarla,"TIWARE GPO",MO,3004,Wagheri,27,,,कणकवली,तरळे,36.7,06:50,08:05,SC,DAILY,,"फोंडा पियाळी",
10881,"Kankavli To Tarla Via Tiware Gpo",Kankavli,Tarla,"TIWARE GPO",MO,2914,"Piyali Gaothan",28.2,,,कणकवली,तरळे,36.7,06:50,08:05,SC,DAILY,,"फोंडा पियाळी",
10881,"Kankavli To Tarla Via Tiware Gpo",Kankavli,Tarla,"TIWARE GPO",MO,2915,"Piyali School",30,,,कणकवली,तरळे,36.7,06:50,08:05,SC,DAILY,,"फोंडा पियाळी",
10881,"Kankavli To Tarla Via Tiware Gpo",Kankavli,Tarla,"TIWARE GPO",MO,2763,"Jain Dukan",31.2,,,कणकवली,तरळे,36.7,06:50,08:05,SC,DAILY,,"फोंडा पियाळी",
10881,"Kankavli To Tarla Via Tiware Gpo",Kankavli,Tarla,"TIWARE GPO",MO,2811,Khandsari,32,,,कणकवली,तरळे,36.7,06:50,08:05,SC,DAILY,,"फोंडा पियाळी",
10881,"Kankavli To Tarla Via Tiware Gpo",Kankavli,Tarla,"TIWARE GPO",MO,2800,"Kasarde Sawantwadi",33,,,कणकवली,तरळे,36.7,06:50,08:05,SC,DAILY,,"फोंडा पियाळी",
10881,"Kankavli To Tarla Via Tiware Gpo",Kankavli,Tarla,"TIWARE GPO",MO,2916,Pokharbav,36,,,कणकवली,तरळे,36.7,06:50,08:05,SC,DAILY,,"फोंडा पियाळी",
10881,"Kankavli To Tarla Via Tiware Gpo",Kankavli,Tarla,"TIWARE GPO",MO,2982,Tarla,36.7,,,कणकवली,तरळे,36.7,06:50,08:05,SC,DAILY,,"फोंडा पियाळी",
11328,"Kankavli To Kanedi",Kankavli,Kanedi,,MO,2786,Kankavli,,,,कणकवली,कनेडी,12.7,06:45,07:15,SC,SUN,"10.05 ते 13.00 विश्रांती",,
11328,"Kankavli To Kanedi",Kankavli,Kanedi,,MO,2859,Mudeshwar,3.1,,,कणकवली,कनेडी,12.7,06:45,07:15,SC,SUN,"10.05 ते 13.00 विश्रांती",,
11328,"Kankavli To Kanedi",Kankavli,Kanedi,,MO,2660,"Bhat Dukan",6.2,,,कणकवली,कनेडी,12.7,06:45,07:15,SC,SUN,"10.05 ते 13.00 विश्रांती",,
11328,"Kankavli To Kanedi",Kankavli,Kanedi,,MO,2774,Kalitri,7.6,,,कणकवली,कनेडी,12.7,06:45,07:15,SC,SUN,"10.05 ते 13.00 विश्रांती",,
11328,"Kankavli To Kanedi",Kankavli,Kanedi,,MO,2945,"Sangave Mandir",9.2,,,कणकवली,कनेडी,12.7,06:45,07:15,SC,SUN,"10.05 ते 13.00 विश्रांती",,
11328,"Kankavli To Kanedi",Kankavli,Kanedi,,MO,2782,Kanedi,11.5,,,कणकवली,कनेडी,12.7,06:45,07:15,SC,SUN,"10.05 ते 13.00 विश्रांती",,
11328,"Kankavli To Kanedi",Kankavli,Kanedi,,MO,2782,Kanedi,12.5,,,कणकवली,कनेडी,12.7,06:45,07:15,SC,SUN,"10.05 ते 13.00 विश्रांती",,
11329,"Kankavli To Kirlos Via Tatarbav",Kankavli,Kirlos,"TATARBAV SCHOOL",MO,2786,Kankavli,,,,कणकवली,किर्लोस,20.3,12:30,13:15,NON,DAILY,,"ताठर बाव",
11329,"Kankavli To Kirlos Via Tatarbav",Kankavli,Kirlos,"TATARBAV SCHOOL",MO,3001,"Wagade Gpo",3.3,,,कणकवली,किर्लोस,20.3,12:30,13:15,NON,DAILY,,"ताठर बाव",
11329,"Kankavli To Kirlos Via Tatarbav",Kankavli,Kirlos,"TATARBAV SCHOOL",MO,2692,Dangalwadi,6.2,,,कणकवली,किर्लोस,20.3,12:30,13:15,NON,DAILY,,"ताठर बाव",
11329,"Kankavli To Kirlos Via Tatarbav",Kankavli,Kirlos,"TATARBAV SCHOOL",MO,2985,"Tatarbav School",9.1,,,कणकवली,किर्लोस,20.3,12:30,13:15,NON,DAILY,,"ताठर बाव",
11329,"Kankavli To Kirlos Via Tatarbav",Kankavli,Kirlos,"TATARBAV SCHOOL",MO,6767,"Asrondi Sima",12.1,,,कणकवली,किर्लोस,20.3,12:30,13:15,NON,DAILY,,"ताठर बाव",
11329,"Kankavli To Kirlos Via Tatarbav",Kankavli,Kirlos,"TATARBAV SCHOOL",MO,7023,"Wadacha Naka",15,,,कणकवली,किर्लोस,20.3,12:30,13:15,NON,DAILY,,"ताठर बाव",
11329,"Kankavli To Kirlos Via Tatarbav",Kankavli,Kirlos,"TATARBAV SCHOOL",MO,6885,"Kirlos Fata",15.8,,,कणकवली,किर्लोस,20.3,12:30,13:15,NON,DAILY,,"ताठर बाव",
11329,"Kankavli To Kirlos Via Tatarbav",Kankavli,Kirlos,"TATARBAV SCHOOL",MO,6886,"Kirlos High School",18.5,,,कणकवली,किर्लोस,20.3,12:30,13:15,NON,DAILY,,"ताठर बाव",
11329,"Kankavli To Kirlos Via Tatarbav",Kankavli,Kirlos,"TATARBAV SCHOOL",MO,6884,Kirlos,20.3,,,कणकवली,किर्लोस,20.3,12:30,13:15,NON,DAILY,,"ताठर बाव",
11342,"Kankavli To Talashil",Kankavli,Talashil,,MO,2786,Kankavli,,,,कणकवली,"तोंडवली तळाशिल",51.4,17:35,19:35,OBL,DAILY,,"आचरा,आचरा बंदर,हिलेवाडी मार्गे",
11342,"Kankavli To Talashil",Kankavli,Talashil,,MO,88092,"Kalmath Phanaswadi",3,,,कणकवली,"तोंडवली तळाशिल",51.4,17:35,19:35,OBL,DAILY,,"आचरा,आचरा बंदर,हिलेवाडी मार्गे",
11342,"Kankavli To Talashil",Kankavli,Talashil,,MO,2902,"Phalsewadi School",6.8,,,कणकवली,"तोंडवली तळाशिल",51.4,17:35,19:35,OBL,DAILY,,"आचरा,आचरा बंदर,हिलेवाडी मार्गे",
11342,"Kankavli To Talashil",Kankavli,Talashil,,MO,2737,"Gothane Wad",9.9,,,कणकवली,"तोंडवली तळाशिल",51.4,17:35,19:35,OBL,DAILY,,"आचरा,आचरा बंदर,हिलेवाडी मार्गे",
11342,"Kankavli To Talashil",Kankavli,Talashil,,MO,6971,"Ramgad Bazar",12.7,,,कणकवली,"तोंडवली तळाशिल",51.4,17:35,19:35,OBL,DAILY,,"आचरा,आचरा बंदर,हिलेवाडी मार्गे",
11342,"Kankavli To Talashil",Kankavli,Talashil,,MO,6777,"Belne Fata",15.6,,,कणकवली,"तोंडवली तळाशिल",51.4,17:35,19:35,OBL,DAILY,,"आचरा,आचरा बंदर,हिलेवाडी मार्गे",
11342,"Kankavli To Talashil",Kankavli,Talashil,,MO,6997,Shravan,16.8,,,कणकवली,"तोंडवली तळाशिल",51.4,17:35,19:35,OBL,DAILY,,"आचरा,आचरा बंदर,हिलेवाडी मार्गे",
11342,"Kankavli To Talashil",Kankavli,Talashil,,MO,6910,"Mail Dagad",18,,,कणकवली,"तोंडवली तळाशिल",51.4,17:35,19:35,OBL,DAILY,,"आचरा,आचरा बंदर,हिलेवाडी मार्गे",
11342,"Kankavli To Talashil",Kankavli,Talashil,,MO,6749,"Adawali Titha",19,,,कणकवली,"तोंडवली तळाशिल",51.4,17:35,19:35,OBL,DAILY,,"आचरा,आचरा बंदर,हिलेवाडी मार्गे",
11342,"Kankavli To Talashil",Kankavli,Talashil,,MO,6858,"Kaju Stop",19.6,,,कणकवली,"तोंडवली तळाशिल",51.4,17:35,19:35,OBL,DAILY,,"आचरा,आचरा बंदर,हिलेवाडी मार्गे",
11342,"Kankavli To Talashil",Kankavli,Talashil,,MO,6953,"Palsamb School",25.5,,,कणकवली,"तोंडवली तळाशिल",51.4,17:35,19:35,OBL,DAILY,,"आचरा,आचरा बंदर,हिलेवाडी मार्गे",
11342,"Kankavli To Talashil",Kankavli,Talashil,,MO,7011,"Trimbak Sapala",27.7,,,कणकवली,"तोंडवली तळाशिल",51.4,17:35,19:35,OBL,DAILY,,"आचरा,आचरा बंदर,हिलेवाडी मार्गे",
11342,"Kankavli To Talashil",Kankavli,Talashil,,MO,7009,"Trimbak Bazar",28.4,,,कणकवली,"तोंडवली तळाशिल",51.4,17:35,19:35,OBL,DAILY,,"आचरा,आचरा बंदर,हिलेवाडी मार्गे",
11342,"Kankavli To Talashil",Kankavli,Talashil,,MO,6798,"Chindar Wad",30.8,,,कणकवली,"तोंडवली तळाशिल",51.4,17:35,19:35,OBL,DAILY,,"आचरा,आचरा बंदर,हिलेवाडी मार्गे",
11342,"Kankavli To Talashil",Kankavli,Talashil,,MO,6740,Achara,33.7,,,कणकवली,"तोंडवली तळाशिल",51.4,17:35,19:35,OBL,DAILY,,"आचरा,आचरा बंदर,हिलेवाडी मार्गे",
11342,"Kankavli To Talashil",Kankavli,Talashil,,MO,6741,"Achara Bandar",36,,,कणकवली,"तोंडवली तळाशिल",51.4,17:35,19:35,OBL,DAILY,,"आचरा,आचरा बंदर,हिलेवाडी मार्गे",
11342,"Kankavli To Talashil",Kankavli,Talashil,,MO,6848,"Hirlewadi Sai Mandir",39,,,कणकवली,"तोंडवली तळाशिल",51.4,17:35,19:35,OBL,DAILY,,"आचरा,आचरा बंदर,हिलेवाडी मार्गे",
11342,"Kankavli To Talashil",Kankavli,Talashil,,MO,6960,Pat,42,,,कणकवली,"तोंडवली तळाशिल",51.4,17:35,19:35,OBL,DAILY,,"आचरा,आचरा बंदर,हिलेवाडी मार्गे",
11342,"Kankavli To Talashil",Kankavli,Talashil,,MO,6763,"Asolkar Dukan",43.2,,,कणकवली,"तोंडवली तळाशिल",51.4,17:35,19:35,OBL,DAILY,,"आचरा,आचरा बंदर,हिलेवाडी मार्गे",
11342,"Kankavli To Talashil",Kankavli,Talashil,,MO,7007,"Tondavali Fata",44.1,,,कणकवली,"तोंडवली तळाशिल",51.4,17:35,19:35,OBL,DAILY,,"आचरा,आचरा बंदर,हिलेवाडी मार्गे",
11342,"Kankavli To Talashil",Kankavli,Talashil,,MO,6910,"Mail Dagad",45.1,,,कणकवली,"तोंडवली तळाशिल",51.4,17:35,19:35,OBL,DAILY,,"आचरा,आचरा बंदर,हिलेवाडी मार्गे",
11342,"Kankavli To Talashil",Kankavli,Talashil,,MO,7026,"Wagheshwar Mandir",46.1,,,कणकवली,"तोंडवली तळाशिल",51.4,17:35,19:35,OBL,DAILY,,"आचरा,आचरा बंदर,हिलेवाडी मार्गे",
11342,"Kankavli To Talashil",Kankavli,Talashil,,MO,6998,"Suruche Ban",48.4,,,कणकवली,"तोंडवली तळाशिल",51.4,17:35,19:35,OBL,DAILY,,"आचरा,आचरा बंदर,हिलेवाडी मार्गे",
11342,"Kankavli To Talashil",Kankavli,Talashil,,MO,7001,Talashil,51.4,,,कणकवली,"तोंडवली तळाशिल",51.4,17:35,19:35,OBL,DAILY,,"आचरा,आचरा बंदर,हिलेवाडी मार्गे",
11344,"Kankavli To Tarandale",Kankavli,Tarandale,,MO,2786,Kankavli,,,,कणकवली,तरंदळे,12.3,11:40,12:10,SC,"SAT,SUN",,,
11344,"Kankavli To Tarandale",Kankavli,Tarandale,,MO,2827,"Kundewadi Fata",3,,,कणकवली,तरंदळे,12.3,11:40,12:10,SC,"SAT,SUN",,,
11344,"Kankavli To Tarandale",Kankavli,Tarandale,,MO,2980,"Tarandale Mandir",6,,,कणकवली,तरंदळे,12.3,11:40,12:10,SC,"SAT,SUN",,,
11344,"Kankavli To Tarandale",Kankavli,Tarandale,,MO,2846,"Main Fata",9,,,कणकवली,तरंदळे,12.3,11:40,12:10,SC,"SAT,SUN",,,
11344,"Kankavli To Tarandale",Kankavli,Tarandale,,MO,2979,Tarandale,12.3,,,कणकवली,तरंदळे,12.3,11:40,12:10,SC,"SAT,SUN",,,
18842,"Ambrad To Kankavli",Ambrad,Kankavli,,MO,6090,Ambrad,,,,आंब्रड,कणकवली,12,08:10,08:40,SC,DAILY,,"DATTAMADIR NEW ROUT KM VADHATAT",
18842,"Ambrad To Kankavli",Ambrad,Kankavli,,MO,2976,"Talawade Mandir",3,,,आंब्रड,कणकवली,12,08:10,08:40,SC,DAILY,,"DATTAMADIR NEW ROUT KM VADHATAT",
18842,"Ambrad To Kankavli",Ambrad,Kankavli,,MO,2807,"Kasvan Fata",6,,,आंब्रड,कणकवली,12,08:10,08:40,SC,DAILY,,"DATTAMADIR NEW ROUT KM VADHATAT",
18842,"Ambrad To Kankavli",Ambrad,Kankavli,,MO,2736,"Gosavi Wadi Datta Mandir",9,,,आंब्रड,कणकवली,12,08:10,08:40,SC,DAILY,,"DATTAMADIR NEW ROUT KM VADHATAT",
18842,"Ambrad To Kankavli",Ambrad,Kankavli,,MO,2786,Kankavli,12,,,आंब्रड,कणकवली,12,08:10,08:40,SC,DAILY,,"DATTAMADIR NEW ROUT KM VADHATAT",
18976,"Jambhawade Guravwadi To Kankavli Via Bhuibavada","Jambhawade Guravwadi",Kankavli,BHUIBAVADA,MO,9210,"Jambhawade Guravwadi",,,,जांभवडे,कणकवली,74.7,07:00,09:30,OBL,DAILY,"10.30 ते 12.10 विश्रांती","फोंडा वैभवावाडी उंबर्डे भुईबावडा नर्ले",
18976,"Jambhawade Guravwadi To Kankavli Via Bhuibavada","Jambhawade Guravwadi",Kankavli,BHUIBAVADA,MO,9256,"Pawar Ghar",3.7,,,जांभवडे,कणकवली,74.7,07:00,09:30,OBL,DAILY,"10.30 ते 12.10 विश्रांती","फोंडा वैभवावाडी उंबर्डे भुईबावडा नर्ले",
18976,"Jambhawade Guravwadi To Kankavli Via Bhuibavada","Jambhawade Guravwadi",Kankavli,BHUIBAVADA,MO,9261,Rahatkondwadi,5.5,,,जांभवडे,कणकवली,74.7,07:00,09:30,OBL,DAILY,"10.30 ते 12.10 विश्रांती","फोंडा वैभवावाडी उंबर्डे भुईबावडा नर्ले",
18976,"Jambhawade Guravwadi To Kankavli Via Bhuibavada","Jambhawade Guravwadi",Kankavli,BHUIBAVADA,MO,9253,"Pachal Fata",6.7,,,जांभवडे,कणकवली,74.7,07:00,09:30,OBL,DAILY,"10.30 ते 12.10 विश्रांती","फोंडा वैभवावाडी उंबर्डे भुईबावडा नर्ले",
18976,"Jambhawade Guravwadi To Kankavli Via Bhuibavada","Jambhawade Guravwadi",Kankavli,BHUIBAVADA,MO,9251,"Nerle High School",7.5,,,जांभवडे,कणकवली,74.7,07:00,09:30,OBL,DAILY,"10.30 ते 12.10 विश्रांती","फोंडा वैभवावाडी उंबर्डे भुईबावडा नर्ले",
18976,"Jambhawade Guravwadi To Kankavli Via Bhuibavada","Jambhawade Guravwadi",Kankavli,BHUIBAVADA,MO,9202,Guravwadi,7.7,,,जांभवडे,कणकवली,74.7,07:00,09:30,OBL,DAILY,"10.30 ते 12.10 विश्रांती","फोंडा वैभवावाडी उंबर्डे भुईबावडा नर्ले",
18976,"Jambhawade Guravwadi To Kankavli Via Bhuibavada","Jambhawade Guravwadi",Kankavli,BHUIBAVADA,MO,9289,"Upale Ghat Matha",8.6,,,जांभवडे,कणकवली,74.7,07:00,09:30,OBL,DAILY,"10.30 ते 12.10 विश्रांती","फोंडा वैभवावाडी उंबर्डे भुईबावडा नर्ले",
18976,"Jambhawade Guravwadi To Kankavli Via Bhuibavada","Jambhawade Guravwadi",Kankavli,BHUIBAVADA,MO,9288,Upale,9.5,,,जांभवडे,कणकवली,74.7,07:00,09:30,OBL,DAILY,"10.30 ते 12.10 विश्रांती","फोंडा वैभवावाडी उंबर्डे भुईबावडा नर्ले",
18976,"Jambhawade Guravwadi To Kankavli Via Bhuibavada","Jambhawade Guravwadi",Kankavli,BHUIBAVADA,MO,9177,"Akhavane Fata",11.7,,,जांभवडे,कणकवली,74.7,07:00,09:30,OBL,DAILY,"10.30 ते 12.10 विश्रांती","फोंडा वैभवावाडी उंबर्डे भुईबावडा नर्ले",
18976,"Jambhawade Guravwadi To Kankavli Via Bhuibavada","Jambhawade Guravwadi",Kankavli,BHUIBAVADA,MO,9207,"Het School",12.6,,,जांभवडे,कणकवली,74.7,07:00,09:30,OBL,DAILY,"10.30 ते 12.10 विश्रांती","फोंडा वैभवावाडी उंबर्डे भुईबावडा नर्ले",
18976,"Jambhawade Guravwadi To Kankavli Via Bhuibavada","Jambhawade Guravwadi",Kankavli,BHUIBAVADA,MO,9190,Dhangarwadi,17.4,,,जांभवडे,कणकवली,74.7,07:00,09:30,OBL,DAILY,"10.30 ते 12.10 विश्रांती","फोंडा वैभवावाडी उंबर्डे भुईबावडा नर्ले",
18976,"Jambhawade Guravwadi To Kankavli Via Bhuibavada","Jambhawade Guravwadi",Kankavli,BHUIBAVADA,MO,9186,Bhuibavada,20.4,,,जांभवडे,कणकवली,74.7,07:00,09:30,OBL,DAILY,"10.30 ते 12.10 विश्रांती","फोंडा वैभवावाडी उंबर्डे भुईबावडा नर्ले",
18976,"Jambhawade Guravwadi To Kankavli Via Bhuibavada","Jambhawade Guravwadi",Kankavli,BHUIBAVADA,MO,9282,Tirawade,23.4,,,जांभवडे,कणकवली,74.7,07:00,09:30,OBL,DAILY,"10.30 ते 12.10 विश्रांती","फोंडा वैभवावाडी उंबर्डे भुईबावडा नर्ले",
18976,"Jambhawade Guravwadi To Kankavli Via Bhuibavada","Jambhawade Guravwadi",Kankavli,BHUIBAVADA,MO,9233,"Mangawali Dispensary",25.8,,,जांभवडे,कणकवली,74.7,07:00,09:30,OBL,DAILY,"10.30 ते 12.10 विश्रांती","फोंडा वैभवावाडी उंबर्डे भुईबावडा नर्ले",
18976,"Jambhawade Guravwadi To Kankavli Via Bhuibavada","Jambhawade Guravwadi",Kankavli,BHUIBAVADA,MO,9280,Teliwadi,26.7,,,जांभवडे,कणकवली,74.7,07:00,09:30,OBL,DAILY,"10.30 ते 12.10 विश्रांती","फोंडा वैभवावाडी उंबर्डे भुईबावडा नर्ले",
18976,"Jambhawade Guravwadi To Kankavli Via Bhuibavada","Jambhawade Guravwadi",Kankavli,BHUIBAVADA,MO,9296,Waniwadi,29.3,,,जांभवडे,कणकवली,74.7,07:00,09:30,OBL,DAILY,"10.30 ते 12.10 विश्रांती","फोंडा वैभवावाडी उंबर्डे भुईबावडा नर्ले",
18976,"Jambhawade Guravwadi To Kankavli Via Bhuibavada","Jambhawade Guravwadi",Kankavli,BHUIBAVADA,MO,9285,Umbarde,32.3,,,जांभवडे,कणकवली,74.7,07:00,09:30,OBL,DAILY,"10.30 ते 12.10 विश्रांती","फोंडा वैभवावाडी उंबर्डे भुईबावडा नर्ले",
18976,"Jambhawade Guravwadi To Kankavli Via Bhuibavada","Jambhawade Guravwadi",Kankavli,BHUIBAVADA,MO,9226,"Kusur Bazarwadi",35.6,,,जांभवडे,कणकवली,74.7,07:00,09:30,OBL,DAILY,"10.30 ते 12.10 विश्रांती","फोंडा वैभवावाडी उंबर्डे भुईबावडा नर्ले",
18976,"Jambhawade Guravwadi To Kankavli Via Bhuibavada","Jambhawade Guravwadi",Kankavli,BHUIBAVADA,MO,9247,"Narkar Dukan",37.3,,,जांभवडे,कणकवली,74.7,07:00,09:30,OBL,DAILY,"10.30 ते 12.10 विश्रांती","फोंडा वैभवावाडी उंबर्डे भुईबावडा नर्ले",
18976,"Jambhawade Guravwadi To Kankavli Via Bhuibavada","Jambhawade Guravwadi",Kankavli,BHUIBAVADA,MO,9274,Sonali,39.4,,,जांभवडे,कणकवली,74.7,07:00,09:30,OBL,DAILY,"10.30 ते 12.10 विश्रांती","फोंडा वैभवावाडी उंबर्डे भुईबावडा नर्ले",
18976,"Jambhawade Guravwadi To Kankavli Via Bhuibavada","Jambhawade Guravwadi",Kankavli,BHUIBAVADA,MO,9291,Vaibhavwadi,41.3,,,जांभवडे,कणकवली,74.7,07:00,09:30,OBL,DAILY,"10.30 ते 12.10 विश्रांती","फोंडा वैभवावाडी उंबर्डे भुईबावडा नर्ले",
18976,"Jambhawade Guravwadi To Kankavli Via Bhuibavada","Jambhawade Guravwadi",Kankavli,BHUIBAVADA,MO,9229,"Mail Dagad",41.5,,,जांभवडे,कणकवली,74.7,07:00,09:30,OBL,DAILY,"10.30 ते 12.10 विश्रांती","फोंडा वैभवावाडी उंबर्डे भुईबावडा नर्ले",
18976,"Jambhawade Guravwadi To Kankavli Via Bhuibavada","Jambhawade Guravwadi",Kankavli,BHUIBAVADA,MO,9216,"Khambale Mandir",42.3,,,जांभवडे,कणकवली,74.7,07:00,09:30,OBL,DAILY,"10.30 ते 12.10 विश्रांती","फोंडा वैभवावाडी उंबर्डे भुईबावडा नर्ले",
18976,"Jambhawade Guravwadi To Kankavli Via Bhuibavada","Jambhawade Guravwadi",Kankavli,BHUIBAVADA,MO,9215,Khambale,44.1,,,जांभवडे,कणकवली,74.7,07:00,09:30,OBL,DAILY,"10.30 ते 12.10 विश्रांती","फोंडा वैभवावाडी उंबर्डे भुईबावडा नर्ले",
18976,"Jambhawade Guravwadi To Kankavli Via Bhuibavada","Jambhawade Guravwadi",Kankavli,BHUIBAVADA,MO,9169,Achirne,47.5,,,जांभवडे,कणकवली,74.7,07:00,09:30,OBL,DAILY,"10.30 ते 12.10 विश्रांती","फोंडा वैभवावाडी उंबर्डे भुईबावडा नर्ले",
18976,"Jambhawade Guravwadi To Kankavli Via Bhuibavada","Jambhawade Guravwadi",Kankavli,BHUIBAVADA,MO,9171,"Achirne Wad",48.9,,,जांभवडे,कणकवली,74.7,07:00,09:30,OBL,DAILY,"10.30 ते 12.10 विश्रांती","फोंडा वैभवावाडी उंबर्डे भुईबावडा नर्ले",
18976,"Jambhawade Guravwadi To Kankavli Via Bhuibavada","Jambhawade Guravwadi",Kankavli,BHUIBAVADA,MO,2833,"Kurli Fata",49.6,,,जांभवडे,कणकवली,74.7,07:00,09:30,OBL,DAILY,"10.30 ते 12.10 विश्रांती","फोंडा वैभवावाडी उंबर्डे भुईबावडा नर्ले",
18976,"Jambhawade Guravwadi To Kankavli Via Bhuibavada","Jambhawade Guravwadi",Kankavli,BHUIBAVADA,MO,2839,"Lore Bangala",50.5,,,जांभवडे,कणकवली,74.7,07:00,09:30,OBL,DAILY,"10.30 ते 12.10 विश्रांती","फोंडा वैभवावाडी उंबर्डे भुईबावडा नर्ले",
18976,"Jambhawade Guravwadi To Kankavli Via Bhuibavada","Jambhawade Guravwadi",Kankavli,BHUIBAVADA,MO,2949,"Saticha Mal",52.4,,,जांभवडे,कणकवली,74.7,07:00,09:30,OBL,DAILY,"10.30 ते 12.10 विश्रांती","फोंडा वैभवावाडी उंबर्डे भुईबावडा नर्ले",
18976,"Jambhawade Guravwadi To Kankavli Via Bhuibavada","Jambhawade Guravwadi",Kankavli,BHUIBAVADA,MO,2858,"Mona Wahal",53.8,,,जांभवडे,कणकवली,74.7,07:00,09:30,OBL,DAILY,"10.30 ते 12.10 विश्रांती","फोंडा वैभवावाडी उंबर्डे भुईबावडा नर्ले",
18976,"Jambhawade Guravwadi To Kankavli Via Bhuibavada","Jambhawade Guravwadi",Kankavli,BHUIBAVADA,MO,2904,Phonda,56.8,,,जांभवडे,कणकवली,74.7,07:00,09:30,OBL,DAILY,"10.30 ते 12.10 विश्रांती","फोंडा वैभवावाडी उंबर्डे भुईबावडा नर्ले",
18976,"Jambhawade Guravwadi To Kankavli Via Bhuibavada","Jambhawade Guravwadi",Kankavli,BHUIBAVADA,MO,2906,"Phonda Iti",59.4,,,जांभवडे,कणकवली,74.7,07:00,09:30,OBL,DAILY,"10.30 ते 12.10 विश्रांती","फोंडा वैभवावाडी उंबर्डे भुईबावडा नर्ले",
18976,"Jambhawade Guravwadi To Kankavli Via Bhuibavada","Jambhawade Guravwadi",Kankavli,BHUIBAVADA,MO,2787,"Kankavli Nandgaon Fata",59.7,,,जांभवडे,कणकवली,74.7,07:00,09:30,OBL,DAILY,"10.30 ते 12.10 विश्रांती","फोंडा वैभवावाडी उंबर्डे भुईबावडा नर्ले",
18976,"Jambhawade Guravwadi To Kankavli Via Bhuibavada","Jambhawade Guravwadi",Kankavli,BHUIBAVADA,MO,2781,Kanadewadi,62.5,,,जांभवडे,कणकवली,74.7,07:00,09:30,OBL,DAILY,"10.30 ते 12.10 विश्रांती","फोंडा वैभवावाडी उंबर्डे भुईबावडा नर्ले",
18976,"Jambhawade Guravwadi To Kankavli Via Bhuibavada","Jambhawade Guravwadi",Kankavli,BHUIBAVADA,MO,2790,Karul,63.9,,,जांभवडे,कणकवली,74.7,07:00,09:30,OBL,DAILY,"10.30 ते 12.10 विश्रांती","फोंडा वैभवावाडी उंबर्डे भुईबावडा नर्ले",
18976,"Jambhawade Guravwadi To Kankavli Via Bhuibavada","Jambhawade Guravwadi",Kankavli,BHUIBAVADA,MO,2757,"Humrath Mal Ghorpiwadi",66.3,,,जांभवडे,कणकवली,74.7,07:00,09:30,OBL,DAILY,"10.30 ते 12.10 विश्रांती","फोंडा वैभवावाडी उंबर्डे भुईबावडा नर्ले",
18976,"Jambhawade Guravwadi To Kankavli Via Bhuibavada","Jambhawade Guravwadi",Kankavli,BHUIBAVADA,MO,2756,"Humrat Titha",67.8,,,जांभवडे,कणकवली,74.7,07:00,09:30,OBL,DAILY,"10.30 ते 12.10 विश्रांती","फोंडा वैभवावाडी उंबर्डे भुईबावडा नर्ले",
18976,"Jambhawade Guravwadi To Kankavli Via Bhuibavada","Jambhawade Guravwadi",Kankavli,BHUIBAVADA,MO,2768,"Janavali Gavthanwadi",70.9,,,जांभवडे,कणकवली,74.7,07:00,09:30,OBL,DAILY,"10.30 ते 12.10 विश्रांती","फोंडा वैभवावाडी उंबर्डे भुईबावडा नर्ले",
18976,"Jambhawade Guravwadi To Kankavli Via Bhuibavada","Jambhawade Guravwadi",Kankavli,BHUIBAVADA,MO,2786,Kankavli,74.7,,,जांभवडे,कणकवली,74.7,07:00,09:30,OBL,DAILY,"10.30 ते 12.10 विश्रांती","फोंडा वैभवावाडी उंबर्डे भुईबावडा नर्ले",
19198,"Kirlos To Kankavli Via Kasral Disp",Kirlos,Kankavli,"KASRAL DISP",MO,6884,Kirlos,,,,किर्लोस,कणकवली,20.3,09:50,10:30,NON,DAILY,,"सातरल कासरल",
19198,"Kirlos To Kankavli Via Kasral Disp",Kirlos,Kankavli,"KASRAL DISP",MO,6886,"Kirlos High School",1.8,,,किर्लोस,कणकवली,20.3,09:50,10:30,NON,DAILY,,"सातरल कासरल",
19198,"Kirlos To Kankavli Via Kasral Disp",Kirlos,Kankavli,"KASRAL DISP",MO,6885,"Kirlos Fata",4.5,,,किर्लोस,कणकवली,20.3,09:50,10:30,NON,DAILY,,"सातरल कासरल",
19198,"Kirlos To Kankavli Via Kasral Disp",Kirlos,Kankavli,"KASRAL DISP",MO,7023,"Wadacha Naka",5.3,,,किर्लोस,कणकवली,20.3,09:50,10:30,NON,DAILY,,"सातरल कासरल",
19198,"Kirlos To Kankavli Via Kasral Disp",Kirlos,Kankavli,"KASRAL DISP",MO,6767,"Asrondi Sima",8.2,,,किर्लोस,कणकवली,20.3,09:50,10:30,NON,DAILY,,"सातरल कासरल",
19198,"Kirlos To Kankavli Via Kasral Disp",Kirlos,Kankavli,"KASRAL DISP",MO,2805,"Kasral Sada Wad",11.3,,,किर्लोस,कणकवली,20.3,09:50,10:30,NON,DAILY,,"सातरल कासरल",
19198,"Kirlos To Kankavli Via Kasral Disp",Kirlos,Kankavli,"KASRAL DISP",MO,2802,"Kasral Disp",13.2,,,किर्लोस,कणकवली,20.3,09:50,10:30,NON,DAILY,,"सातरल कासरल",
19198,"Kirlos To Kankavli Via Kasral Disp",Kirlos,Kankavli,"KASRAL DISP",MO,2854,"Masansada Titha Giran",13.9,,,किर्लोस,कणकवली,20.3,09:50,10:30,NON,DAILY,,"सातरल कासरल",
19198,"Kirlos To Kankavli Via Kasral Disp",Kirlos,Kankavli,"KASRAL DISP",MO,3001,"Wagade Gpo",17.2,,,किर्लोस,कणकवली,20.3,09:50,10:30,NON,DAILY,,"सातरल कासरल",
19198,"Kirlos To Kankavli Via Kasral Disp",Kirlos,Kankavli,"KASRAL DISP",MO,2786,Kankavli,20.3,,,किर्लोस,कणकवली,20.3,09:50,10:30,NON,DAILY,,"सातरल कासरल",
19234,"Talawade Mandir To Kankavli","Talawade Mandir",Kankavli,,MO,2976,"Talawade Mandir",,,,तळवडे,कणकवली,9,07:40,07:55,SC,SUN,,,
19234,"Talawade Mandir To Kankavli","Talawade Mandir",Kankavli,,MO,2807,"Kasvan Fata",3,,,तळवडे,कणकवली,9,07:40,07:55,SC,SUN,,,
19234,"Talawade Mandir To Kankavli","Talawade Mandir",Kankavli,,MO,2736,"Gosavi Wadi Datta Mandir",8.7,,,तळवडे,कणकवली,9,07:40,07:55,SC,SUN,,,
19234,"Talawade Mandir To Kankavli","Talawade Mandir",Kankavli,,MO,2786,Kankavli,9,,,तळवडे,कणकवली,9,07:40,07:55,SC,SUN,,,
19841,"Moude To Phonda",Moude,Phonda,,MO,9239,Moude,,,,मौदे,फोंडा,50.3,06:45,08:45,OBL,DAILY,"०८.४५  ते ०९.२०  विश्रांती","वैभववाडी भुईबावडा आखवणे bbभोम",
19841,"Moude To Phonda",Moude,Phonda,,MO,9202,Guravwadi,1.9,,,मौदे,फोंडा,50.3,06:45,08:45,OBL,DAILY,"०८.४५  ते ०९.२०  विश्रांती","वैभववाडी भुईबावडा आखवणे bbभोम",
19841,"Moude To Phonda",Moude,Phonda,,MO,9183,Bhom,5,,,मौदे,फोंडा,50.3,06:45,08:45,OBL,DAILY,"०८.४५  ते ०९.२०  विश्रांती","वैभववाडी भुईबावडा आखवणे bbभोम",
19841,"Moude To Phonda",Moude,Phonda,,MO,9175,Akhavane,5.3,,,मौदे,फोंडा,50.3,06:45,08:45,OBL,DAILY,"०८.४५  ते ०९.२०  विश्रांती","वैभववाडी भुईबावडा आखवणे bbभोम",
19841,"Moude To Phonda",Moude,Phonda,,MO,9206,"Het Fata",7.1,,,मौदे,फोंडा,50.3,06:45,08:45,OBL,DAILY,"०८.४५  ते ०९.२०  विश्रांती","वैभववाडी भुईबावडा आखवणे bbभोम",
19841,"Moude To Phonda",Moude,Phonda,,MO,9207,"Het School",8.3,,,मौदे,फोंडा,50.3,06:45,08:45,OBL,DAILY,"०८.४५  ते ०९.२०  विश्रांती","वैभववाडी भुईबावडा आखवणे bbभोम",
19841,"Moude To Phonda",Moude,Phonda,,MO,9198,"Ghat Matha",9.2,,,मौदे,फोंडा,50.3,06:45,08:45,OBL,DAILY,"०८.४५  ते ०९.२०  विश्रांती","वैभववाडी भुईबावडा आखवणे bbभोम",
19841,"Moude To Phonda",Moude,Phonda,,MO,9186,Bhuibavada,10.9,,,मौदे,फोंडा,50.3,06:45,08:45,OBL,DAILY,"०८.४५  ते ०९.२०  विश्रांती","वैभववाडी भुईबावडा आखवणे bbभोम",
19841,"Moude To Phonda",Moude,Phonda,,MO,9282,Tirawade,13.9,,,मौदे,फोंडा,50.3,06:45,08:45,OBL,DAILY,"०८.४५  ते ०९.२०  विश्रांती","वैभववाडी भुईबावडा आखवणे bbभोम",
19841,"Moude To Phonda",Moude,Phonda,,MO,9233,"Mangawali Dispensary",16.3,,,मौदे,फोंडा,50.3,06:45,08:45,OBL,DAILY,"०८.४५  ते ०९.२०  विश्रांती","वैभववाडी भुईबावडा आखवणे bbभोम",
19841,"Moude To Phonda",Moude,Phonda,,MO,9280,Teliwadi,17.2,,,मौदे,फोंडा,50.3,06:45,08:45,OBL,DAILY,"०८.४५  ते ०९.२०  विश्रांती","वैभववाडी भुईबावडा आखवणे bbभोम",
19841,"Moude To Phonda",Moude,Phonda,,MO,9296,Waniwadi,19.8,,,मौदे,फोंडा,50.3,06:45,08:45,OBL,DAILY,"०८.४५  ते ०९.२०  विश्रांती","वैभववाडी भुईबावडा आखवणे bbभोम",
19841,"Moude To Phonda",Moude,Phonda,,MO,9286,"Umbarde Canteen",22.8,,,मौदे,फोंडा,50.3,06:45,08:45,OBL,DAILY,"०८.४५  ते ०९.२०  विश्रांती","वैभववाडी भुईबावडा आखवणे bbभोम",
19841,"Moude To Phonda",Moude,Phonda,,MO,9226,"Kusur Bazarwadi",26.1,,,मौदे,फोंडा,50.3,06:45,08:45,OBL,DAILY,"०८.४५  ते ०९.२०  विश्रांती","वैभववाडी भुईबावडा आखवणे bbभोम",
19841,"Moude To Phonda",Moude,Phonda,,MO,9247,"Narkar Dukan",29.3,,,मौदे,फोंडा,50.3,06:45,08:45,OBL,DAILY,"०८.४५  ते ०९.२०  विश्रांती","वैभववाडी भुईबावडा आखवणे bbभोम",
19841,"Moude To Phonda",Moude,Phonda,,MO,9291,Vaibhavwadi,31.9,,,मौदे,फोंडा,50.3,06:45,08:45,OBL,DAILY,"०८.४५  ते ०९.२०  विश्रांती","वैभववाडी भुईबावडा आखवणे bbभोम",
19841,"Moude To Phonda",Moude,Phonda,,MO,9189,Dand,35,,,मौदे,फोंडा,50.3,06:45,08:45,OBL,DAILY,"०८.४५  ते ०९.२०  विश्रांती","वैभववाडी भुईबावडा आखवणे bbभोम",
19841,"Moude To Phonda",Moude,Phonda,,MO,9215,Khambale,37.6,,,मौदे,फोंडा,50.3,06:45,08:45,OBL,DAILY,"०८.४५  ते ०९.२०  विश्रांती","वैभववाडी भुईबावडा आखवणे bbभोम",
19841,"Moude To Phonda",Moude,Phonda,,MO,9169,Achirne,41,,,मौदे,फोंडा,50.3,06:45,08:45,OBL,DAILY,"०८.४५  ते ०९.२०  विश्रांती","वैभववाडी भुईबावडा आखवणे bbभोम",
19841,"Moude To Phonda",Moude,Phonda,,MO,9171,"Achirne Wad",42.4,,,मौदे,फोंडा,50.3,06:45,08:45,OBL,DAILY,"०८.४५  ते ०९.२०  विश्रांती","वैभववाडी भुईबावडा आखवणे bbभोम",
19841,"Moude To Phonda",Moude,Phonda,,MO,2735,"Gosavi Hotel",43.6,,,मौदे,फोंडा,50.3,06:45,08:45,OBL,DAILY,"०८.४५  ते ०९.२०  विश्रांती","वैभववाडी भुईबावडा आखवणे bbभोम",
19841,"Moude To Phonda",Moude,Phonda,,MO,2839,"Lore Bangala",44,,,मौदे,फोंडा,50.3,06:45,08:45,OBL,DAILY,"०८.४५  ते ०९.२०  विश्रांती","वैभववाडी भुईबावडा आखवणे bbभोम",
19841,"Moude To Phonda",Moude,Phonda,,MO,2858,"Mona Wahal",47.3,,,मौदे,फोंडा,50.3,06:45,08:45,OBL,DAILY,"०८.४५  ते ०९.२०  विश्रांती","वैभववाडी भुईबावडा आखवणे bbभोम",
19841,"Moude To Phonda",Moude,Phonda,,MO,2904,Phonda,50.3,,,मौदे,फोंडा,50.3,06:45,08:45,OBL,DAILY,"०८.४५  ते ०९.२०  विश्रांती","वैभववाडी भुईबावडा आखवणे bbभोम",
19855,"Vaibhavwadi To Phonda",Vaibhavwadi,Phonda,,MO,9291,Vaibhavwadi,,,,वैभववाडी,फोंडा,17.4,18:40,19:20,NON,DAILY,,लॉरे,
19855,"Vaibhavwadi To Phonda",Vaibhavwadi,Phonda,,MO,9189,Dand,1.2,,,वैभववाडी,फोंडा,17.4,18:40,19:20,NON,DAILY,,लॉरे,
19855,"Vaibhavwadi To Phonda",Vaibhavwadi,Phonda,,MO,9215,Khambale,3.8,,,वैभववाडी,फोंडा,17.4,18:40,19:20,NON,DAILY,,लॉरे,
19855,"Vaibhavwadi To Phonda",Vaibhavwadi,Phonda,,MO,9171,"Achirne Wad",8.6,,,वैभववाडी,फोंडा,17.4,18:40,19:20,NON,DAILY,,लॉरे,
19855,"Vaibhavwadi To Phonda",Vaibhavwadi,Phonda,,MO,2839,"Lore Bangala",10.2,,,वैभववाडी,फोंडा,17.4,18:40,19:20,NON,DAILY,,लॉरे,
19855,"Vaibhavwadi To Phonda",Vaibhavwadi,Phonda,,MO,2858,"Mona Wahal",13.5,,,वैभववाडी,फोंडा,17.4,18:40,19:20,NON,DAILY,,लॉरे,
19855,"Vaibhavwadi To Phonda",Vaibhavwadi,Phonda,,MO,2904,Phonda,17.4,,,वैभववाडी,फोंडा,17.4,18:40,19:20,NON,DAILY,,लॉरे,
46277,"Kankavli To Otav Via Savdav Dagarewadi",Kankavli,Otav,"SAVDAV DAGAREWADI",MO,2786,Kankavli,,,,कणकवली,ओटव,20,08:15,08:55,OBL,DAILY,"13.55 ते 15.45 विश्रांती","हुंबरट ओटव",
46277,"Kankavli To Otav Via Savdav Dagarewadi",Kankavli,Otav,"SAVDAV DAGAREWADI",MO,2766,Janavali,3.9,,,कणकवली,ओटव,20,08:15,08:55,OBL,DAILY,"13.55 ते 15.45 विश्रांती","हुंबरट ओटव",
46277,"Kankavli To Otav Via Savdav Dagarewadi",Kankavli,Otav,"SAVDAV DAGAREWADI",MO,2756,"Humrat Titha",7.2,,,कणकवली,ओटव,20,08:15,08:55,OBL,DAILY,"13.55 ते 15.45 विश्रांती","हुंबरट ओटव",
46277,"Kankavli To Otav Via Savdav Dagarewadi",Kankavli,Otav,"SAVDAV DAGAREWADI",MO,2844,"Mail Stone",9,,,कणकवली,ओटव,20,08:15,08:55,OBL,DAILY,"13.55 ते 15.45 विश्रांती","हुंबरट ओटव",
46277,"Kankavli To Otav Via Savdav Dagarewadi",Kankavli,Otav,"SAVDAV DAGAREWADI",MO,2952,"Savdav Dagarewadi",12.5,,,कणकवली,ओटव,20,08:15,08:55,OBL,DAILY,"13.55 ते 15.45 विश्रांती","हुंबरट ओटव",
46277,"Kankavli To Otav Via Savdav Dagarewadi",Kankavli,Otav,"SAVDAV DAGAREWADI",MO,2953,"Savdav Gram Panchayat",14.3,,,कणकवली,ओटव,20,08:15,08:55,OBL,DAILY,"13.55 ते 15.45 विश्रांती","हुंबरट ओटव",
46277,"Kankavli To Otav Via Savdav Dagarewadi",Kankavli,Otav,"SAVDAV DAGAREWADI",MO,2772,Kadamwadi,14.6,,,कणकवली,ओटव,20,08:15,08:55,OBL,DAILY,"13.55 ते 15.45 विश्रांती","हुंबरट ओटव",
46277,"Kankavli To Otav Via Savdav Dagarewadi",Kankavli,Otav,"SAVDAV DAGAREWADI",MO,2636,"Adarsh Nagar",15.3,,,कणकवली,ओटव,20,08:15,08:55,OBL,DAILY,"13.55 ते 15.45 विश्रांती","हुंबरट ओटव",
46277,"Kankavli To Otav Via Savdav Dagarewadi",Kankavli,Otav,"SAVDAV DAGAREWADI",MO,2873,"Nandgaon Otav Fata",17.3,,,कणकवली,ओटव,20,08:15,08:55,OBL,DAILY,"13.55 ते 15.45 विश्रांती","हुंबरट ओटव",
46277,"Kankavli To Otav Via Savdav Dagarewadi",Kankavli,Otav,"SAVDAV DAGAREWADI",MO,2892,Otav,20,,,कणकवली,ओटव,20,08:15,08:55,OBL,DAILY,"13.55 ते 15.45 विश्रांती","हुंबरट ओटव",
46847,"Kurli To Kankavli",Kurli,Kankavli,,MO,2832,Kurli,,,,कुळये,कणकवली,33,12:20,13:30,NON,DAILY,,,
46847,"Kurli To Kankavli",Kurli,Kankavli,,MO,2835,"Kurli Gpo Bhakarwadi",3,,,कुळये,कणकवली,33,12:20,13:30,NON,DAILY,,,
46847,"Kurli To Kankavli",Kurli,Kankavli,,MO,2946,Sapatwadi,6,,,कुळये,कणकवली,33,12:20,13:30,NON,DAILY,,,
46847,"Kurli To Kankavli",Kurli,Kankavli,,MO,2731,Ghonsari,9,,,कुळये,कणकवली,33,12:20,13:30,NON,DAILY,,,
46847,"Kurli To Kankavli",Kurli,Kankavli,,MO,2908,Pimpalwadi,10,,,कुळये,कणकवली,33,12:20,13:30,NON,DAILY,,,
46847,"Kurli To Kankavli",Kurli,Kankavli,,MO,2652,"Baviche Bhatle-1",12,,,कुळये,कणकवली,33,12:20,13:30,NON,DAILY,,,
46847,"Kurli To Kankavli",Kurli,Kankavli,,MO,2904,Phonda,15,,,कुळये,कणकवली,33,12:20,13:30,NON,DAILY,,,
46847,"Kurli To Kankavli",Kurli,Kankavli,,MO,2906,"Phonda Iti",16.4,,,कुळये,कणकवली,33,12:20,13:30,NON,DAILY,,,
46847,"Kurli To Kankavli",Kurli,Kankavli,,MO,2787,"Kankavli Nandgaon Fata",18,,,कुळये,कणकवली,33,12:20,13:30,NON,DAILY,,,
46847,"Kurli To Kankavli",Kurli,Kankavli,,MO,2781,Kanadewadi,21,,,कुळये,कणकवली,33,12:20,13:30,NON,DAILY,,,
46847,"Kurli To Kankavli",Kurli,Kankavli,,MO,2790,Karul,22.4,,,कुळये,कणकवली,33,12:20,13:30,NON,DAILY,,,
46847,"Kurli To Kankavli",Kurli,Kankavli,,MO,2753,"Humbarat Mal",24,,,कुळये,कणकवली,33,12:20,13:30,NON,DAILY,,,
46847,"Kurli To Kankavli",Kurli,Kankavli,,MO,2756,"Humrat Titha",27,,,कुळये,कणकवली,33,12:20,13:30,NON,DAILY,,,
46847,"Kurli To Kankavli",Kurli,Kankavli,,MO,2766,Janavali,30,,,कुळये,कणकवली,33,12:20,13:30,NON,DAILY,,,
46847,"Kurli To Kankavli",Kurli,Kankavli,,MO,2786,Kankavli,33,,,कुळये,कणकवली,33,12:20,13:30,NON,DAILY,,,
46942,"Umbarde To Vaibhavwadi",Umbarde,Vaibhavwadi,,MO,9285,Umbarde,,,,"वेंगासार फाटा",वैभववाडी,13,10:20,10:50,MV,SUN,,कुसुर,
46942,"Umbarde To Vaibhavwadi",Umbarde,Vaibhavwadi,,MO,9226,"Kusur Bazarwadi",3.1,,,"वेंगासार फाटा",वैभववाडी,13,10:20,10:50,MV,SUN,,कुसुर,
46942,"Umbarde To Vaibhavwadi",Umbarde,Vaibhavwadi,,MO,9247,"Narkar Dukan",6.1,,,"वेंगासार फाटा",वैभववाडी,13,10:20,10:50,MV,SUN,,कुसुर,
46942,"Umbarde To Vaibhavwadi",Umbarde,Vaibhavwadi,,MO,9291,Vaibhavwadi,9,,,"वेंगासार फाटा",वैभववाडी,13,10:20,10:50,MV,SUN,,कुसुर,
46945,"Ozaram Mahadevachiwadi To Kankavli","Ozaram Mahadevachiwadi",Kankavli,,MO,1909,"Ozaram Mahadevachiwadi",,,,ओझरम,कणकवली,30,12:55,14:00,MV,DAILY,,"तरळा नांदगाव",
46945,"Ozaram Mahadevachiwadi To Kankavli","Ozaram Mahadevachiwadi",Kankavli,,MO,1910,"Ozaram School",3,,,ओझरम,कणकवली,30,12:55,14:00,MV,DAILY,,"तरळा नांदगाव",
46945,"Ozaram Mahadevachiwadi To Kankavli","Ozaram Mahadevachiwadi",Kankavli,,MO,2844,"Mail Stone",6,,,ओझरम,कणकवली,30,12:55,14:00,MV,DAILY,,"तरळा नांदगाव",
46945,"Ozaram Mahadevachiwadi To Kankavli","Ozaram Mahadevachiwadi",Kankavli,,MO,2982,Tarla,9,,,ओझरम,कणकवली,30,12:55,14:00,MV,DAILY,,"तरळा नांदगाव",
46945,"Ozaram Mahadevachiwadi To Kankavli","Ozaram Mahadevachiwadi",Kankavli,,MO,2673,"Bramhan Wadi",12,,,ओझरम,कणकवली,30,12:55,14:00,MV,DAILY,,"तरळा नांदगाव",
46945,"Ozaram Mahadevachiwadi To Kankavli","Ozaram Mahadevachiwadi",Kankavli,,MO,2872,"Nandgaon Nursary",15,,,ओझरम,कणकवली,30,12:55,14:00,MV,DAILY,,"तरळा नांदगाव",
46945,"Ozaram Mahadevachiwadi To Kankavli","Ozaram Mahadevachiwadi",Kankavli,,MO,2871,"Nandgaon Fata",16,,,ओझरम,कणकवली,30,12:55,14:00,MV,DAILY,,"तरळा नांदगाव",
46945,"Ozaram Mahadevachiwadi To Kankavli","Ozaram Mahadevachiwadi",Kankavli,,MO,2870,"Nandgaon Datta Mandir",18,,,ओझरम,कणकवली,30,12:55,14:00,MV,DAILY,,"तरळा नांदगाव",
46945,"Ozaram Mahadevachiwadi To Kankavli","Ozaram Mahadevachiwadi",Kankavli,,MO,2655,Belane,21,,,ओझरम,कणकवली,30,12:55,14:00,MV,DAILY,,"तरळा नांदगाव",
46945,"Ozaram Mahadevachiwadi To Kankavli","Ozaram Mahadevachiwadi",Kankavli,,MO,2756,"Humrat Titha",24,,,ओझरम,कणकवली,30,12:55,14:00,MV,DAILY,,"तरळा नांदगाव",
46945,"Ozaram Mahadevachiwadi To Kankavli","Ozaram Mahadevachiwadi",Kankavli,,MO,2768,"Janavali Gavthanwadi",27,,,ओझरम,कणकवली,30,12:55,14:00,MV,DAILY,,"तरळा नांदगाव",
46945,"Ozaram Mahadevachiwadi To Kankavli","Ozaram Mahadevachiwadi",Kankavli,,MO,2786,Kankavli,30,,,ओझरम,कणकवली,30,12:55,14:00,MV,DAILY,,"तरळा नांदगाव",
59054,"Dhakte Mohul To Kankavli Via Thorle Mohul","Dhakte Mohul",Kankavli,"THORLE MOHUL",MO,2699,"Dhakte Mohul",,,,नाटळ,कणकवली,24,06:00,07:00,OBL,DAILY,"11.30 ते 12.00 विश्रांती",,
59054,"Dhakte Mohul To Kankavli Via Thorle Mohul","Dhakte Mohul",Kankavli,"THORLE MOHUL",MO,2697,"Datta Mandir",3,,,नाटळ,कणकवली,24,06:00,07:00,OBL,DAILY,"11.30 ते 12.00 विश्रांती",,
59054,"Dhakte Mohul To Kankavli Via Thorle Mohul","Dhakte Mohul",Kankavli,"THORLE MOHUL",MO,2926,"Rameshwar Mandir",3.8,,,नाटळ,कणकवली,24,06:00,07:00,OBL,DAILY,"11.30 ते 12.00 विश्रांती",,
59054,"Dhakte Mohul To Kankavli Via Thorle Mohul","Dhakte Mohul",Kankavli,"THORLE MOHUL",MO,2977,Talewadi,4,,,नाटळ,कणकवली,24,06:00,07:00,OBL,DAILY,"11.30 ते 12.00 विश्रांती",,
59054,"Dhakte Mohul To Kankavli Via Thorle Mohul","Dhakte Mohul",Kankavli,"THORLE MOHUL",MO,2987,"Thorle Mohul",5,,,नाटळ,कणकवली,24,06:00,07:00,OBL,DAILY,"11.30 ते 12.00 विश्रांती",,
59054,"Dhakte Mohul To Kankavli Via Thorle Mohul","Dhakte Mohul",Kankavli,"THORLE MOHUL",MO,2977,Talewadi,6,,,नाटळ,कणकवली,24,06:00,07:00,OBL,DAILY,"11.30 ते 12.00 विश्रांती",,
59054,"Dhakte Mohul To Kankavli Via Thorle Mohul","Dhakte Mohul",Kankavli,"THORLE MOHUL",MO,2926,"Rameshwar Mandir",7,,,नाटळ,कणकवली,24,06:00,07:00,OBL,DAILY,"11.30 ते 12.00 विश्रांती",,
59054,"Dhakte Mohul To Kankavli Via Thorle Mohul","Dhakte Mohul",Kankavli,"THORLE MOHUL",MO,2883,"Natal Fata",9,,,नाटळ,कणकवली,24,06:00,07:00,OBL,DAILY,"11.30 ते 12.00 विश्रांती",,
59054,"Dhakte Mohul To Kankavli Via Thorle Mohul","Dhakte Mohul",Kankavli,"THORLE MOHUL",MO,2782,Kanedi,11.8,,,नाटळ,कणकवली,24,06:00,07:00,OBL,DAILY,"11.30 ते 12.00 विश्रांती",,
59054,"Dhakte Mohul To Kankavli Via Thorle Mohul","Dhakte Mohul",Kankavli,"THORLE MOHUL",MO,2945,"Sangave Mandir",14.8,,,नाटळ,कणकवली,24,06:00,07:00,OBL,DAILY,"11.30 ते 12.00 विश्रांती",,
59054,"Dhakte Mohul To Kankavli Via Thorle Mohul","Dhakte Mohul",Kankavli,"THORLE MOHUL",MO,2660,"Bhat Dukan",17.8,,,नाटळ,कणकवली,24,06:00,07:00,OBL,DAILY,"11.30 ते 12.00 विश्रांती",,
59054,"Dhakte Mohul To Kankavli Via Thorle Mohul","Dhakte Mohul",Kankavli,"THORLE MOHUL",MO,2859,Mudeshwar,20.9,,,नाटळ,कणकवली,24,06:00,07:00,OBL,DAILY,"11.30 ते 12.00 विश्रांती",,
59054,"Dhakte Mohul To Kankavli Via Thorle Mohul","Dhakte Mohul",Kankavli,"THORLE MOHUL",MO,2786,Kankavli,24,,,नाटळ,कणकवली,24,06:00,07:00,OBL,DAILY,"11.30 ते 12.00 विश्रांती",,
59688,"Phonda To Gangowadi",Phonda,Gangowadi,,MO,2904,Phonda,,,,फोंडा,गांगोसेवाडी,2.5,09:35,09:40,SC,SUN,,,
59688,"Phonda To Gangowadi",Phonda,Gangowadi,,MO,2908,Pimpalwadi,2,,,फोंडा,गांगोसेवाडी,2.5,09:35,09:40,SC,SUN,,,
59688,"Phonda To Gangowadi",Phonda,Gangowadi,,MO,2722,Gangowadi,2.5,,,फोंडा,गांगोसेवाडी,2.5,09:35,09:40,SC,SUN,,,
60606,"Bholewadi To Tarla Via Gavane Dukan",Bholewadi,Tarla,"GAVANE DUKAN",MO,1648,Bholewadi,,,,भोळेवाडी,तरळे,15,10:00,10:30,SC,DAILY,,,
60606,"Bholewadi To Tarla Via Gavane Dukan",Bholewadi,Tarla,"GAVANE DUKAN",MO,1649,Boudhawadi,3,,,भोळेवाडी,तरळे,15,10:00,10:30,SC,DAILY,,,
60606,"Bholewadi To Tarla Via Gavane Dukan",Bholewadi,Tarla,"GAVANE DUKAN",MO,1736,"Gavane Fata",6,,,भोळेवाडी,तरळे,15,10:00,10:30,SC,DAILY,,,
60606,"Bholewadi To Tarla Via Gavane Dukan",Bholewadi,Tarla,"GAVANE DUKAN",MO,1712,"Gavane Dukan",7.2,,,भोळेवाडी,तरळे,15,10:00,10:30,SC,DAILY,,,
60606,"Bholewadi To Tarla Via Gavane Dukan",Bholewadi,Tarla,"GAVANE DUKAN",MO,2728,"Gavane High School",9,,,भोळेवाडी,तरळे,15,10:00,10:30,SC,DAILY,,,
60606,"Bholewadi To Tarla Via Gavane Dukan",Bholewadi,Tarla,"GAVANE DUKAN",MO,2696,Darom,12,,,भोळेवाडी,तरळे,15,10:00,10:30,SC,DAILY,,,
60606,"Bholewadi To Tarla Via Gavane Dukan",Bholewadi,Tarla,"GAVANE DUKAN",MO,2982,Tarla,15,,,भोळेवाडी,तरळे,15,10:00,10:30,SC,DAILY,,,
71136,"Malvan To Kankavli Via Kasal",Malvan,Kankavli,KASAL,MO,6915,Malvan,,,,मालवण,कणकवली,45,13:45,15:15,OTHER,SUN,,,
71136,"Malvan To Kankavli Via Kasal",Malvan,Kankavli,KASAL,MO,6897,"Kumbharmath Govekar Dukan",3.7,,,मालवण,कणकवली,45,13:45,15:15,OTHER,SUN,,,
71136,"Malvan To Kankavli Via Kasal",Malvan,Kankavli,KASAL,MO,6750,"Ajagaonkar Bangala",5.8,,,मालवण,कणकवली,45,13:45,15:15,OTHER,SUN,,,
71136,"Malvan To Kankavli Via Kasal",Malvan,Kankavli,KASAL,MO,6799,Chouke,8.6,,,मालवण,कणकवली,45,13:45,15:15,OTHER,SUN,,,
71136,"Malvan To Kankavli Via Kasal",Malvan,Kankavli,KASAL,MO,6985,"Salel Nangarbhat",11.9,,,मालवण,कणकवली,45,13:45,15:15,OTHER,SUN,,,
71136,"Malvan To Kankavli Via Kasal",Malvan,Kankavli,KASAL,MO,6770,Bagwadi,15.6,,,मालवण,कणकवली,45,13:45,15:15,OTHER,SUN,,,
71136,"Malvan To Kankavli Via Kasal",Malvan,Kankavli,KASAL,MO,6870,Katta,17,,,मालवण,कणकवली,45,13:45,15:15,OTHER,SUN,,,
71136,"Malvan To Kankavli Via Kasal",Malvan,Kankavli,KASAL,MO,6993,"Sawarwad Varad Fata",21.1,,,मालवण,कणकवली,45,13:45,15:15,OTHER,SUN,,,
71136,"Malvan To Kankavli Via Kasal",Malvan,Kankavli,KASAL,MO,6424,Sukalwad,24.3,,,मालवण,कणकवली,45,13:45,15:15,OTHER,SUN,,,
71136,"Malvan To Kankavli Via Kasal",Malvan,Kankavli,KASAL,MO,6392,"Ranbambuli Fata",25.8,,,मालवण,कणकवली,45,13:45,15:15,OTHER,SUN,,,
71136,"Malvan To Kankavli Via Kasal",Malvan,Kankavli,KASAL,MO,6368,Padve,27.4,,,मालवण,कणकवली,45,13:45,15:15,OTHER,SUN,,,
71136,"Malvan To Kankavli Via Kasal",Malvan,Kankavli,KASAL,MO,6281,Kasal,30.4,,,मालवण,कणकवली,45,13:45,15:15,OTHER,SUN,,,
71136,"Malvan To Kankavli Via Kasal",Malvan,Kankavli,KASAL,MO,2889,"Osargaon Godaoon",34.7,,,मालवण,कणकवली,45,13:45,15:15,OTHER,SUN,,,
71136,"Malvan To Kankavli Via Kasal",Malvan,Kankavli,KASAL,MO,2890,"Osargaon Post",35.8,,,मालवण,कणकवली,45,13:45,15:15,OTHER,SUN,,,
71136,"Malvan To Kankavli Via Kasal",Malvan,Kankavli,KASAL,MO,2891,"Osargaon Talav",37.6,,,मालवण,कणकवली,45,13:45,15:15,OTHER,SUN,,,
71136,"Malvan To Kankavli Via Kasal",Malvan,Kankavli,KASAL,MO,2692,Dangalwadi,38.7,,,मालवण,कणकवली,45,13:45,15:15,OTHER,SUN,,,
71136,"Malvan To Kankavli Via Kasal",Malvan,Kankavli,KASAL,MO,3001,"Wagade Gpo",39.6,,,मालवण,कणकवली,45,13:45,15:15,OTHER,SUN,,,
71136,"Malvan To Kankavli Via Kasal",Malvan,Kankavli,KASAL,MO,2786,Kankavli,45,,,मालवण,कणकवली,45,13:45,15:15,OTHER,SUN,,,
83894,"Prindavan To Kharepatan Via Walye",Prindavan,Kharepatan,WALYE,MO,2919,Prindavan,,,,पिंद्रावण,खारेपाटण,17.6,05:45,06:30,OBL,DAILY,,,
83894,"Prindavan To Kharepatan Via Walye",Prindavan,Kharepatan,WALYE,MO,2651,Bandivade,2.6,,,पिंद्रावण,खारेपाटण,17.6,05:45,06:30,OBL,DAILY,,,
83894,"Prindavan To Kharepatan Via Walye",Prindavan,Kharepatan,WALYE,MO,3007,Walye,5.6,,,पिंद्रावण,खारेपाटण,17.6,05:45,06:30,OBL,DAILY,,,
83894,"Prindavan To Kharepatan Via Walye",Prindavan,Kharepatan,WALYE,MO,2676,Bundarwadi,6.4,,,पिंद्रावण,खारेपाटण,17.6,05:45,06:30,OBL,DAILY,,,
83894,"Prindavan To Kharepatan Via Walye",Prindavan,Kharepatan,WALYE,MO,2761,Ingalewadi,7.3,,,पिंद्रावण,खारेपाटण,17.6,05:45,06:30,OBL,DAILY,,,
83894,"Prindavan To Kharepatan Via Walye",Prindavan,Kharepatan,WALYE,MO,2956,"Shejawali Bhardewadi",8.5,,,पिंद्रावण,खारेपाटण,17.6,05:45,06:30,OBL,DAILY,,,
83894,"Prindavan To Kharepatan Via Walye",Prindavan,Kharepatan,WALYE,MO,2955,Shejawali,9.3,,,पिंद्रावण,खारेपाटण,17.6,05:45,06:30,OBL,DAILY,,,
83894,"Prindavan To Kharepatan Via Walye",Prindavan,Kharepatan,WALYE,MO,2957,"Shejawali School",10.2,,,पिंद्रावण,खारेपाटण,17.6,05:45,06:30,OBL,DAILY,,,
83894,"Prindavan To Kharepatan Via Walye",Prindavan,Kharepatan,WALYE,MO,24756,Ms,11.6,,,पिंद्रावण,खारेपाटण,17.6,05:45,06:30,OBL,DAILY,,,
83894,"Prindavan To Kharepatan Via Walye",Prindavan,Kharepatan,WALYE,MO,2739,Gunjawane,12.4,,,पिंद्रावण,खारेपाटण,17.6,05:45,06:30,OBL,DAILY,,,
83894,"Prindavan To Kharepatan Via Walye",Prindavan,Kharepatan,WALYE,MO,2975,Takewadi,14.6,,,पिंद्रावण,खारेपाटण,17.6,05:45,06:30,OBL,DAILY,,,
83894,"Prindavan To Kharepatan Via Walye",Prindavan,Kharepatan,WALYE,MO,2812,Kharepatan,17.6,,,पिंद्रावण,खारेपाटण,17.6,05:45,06:30,OBL,DAILY,,,
83972,"Vaibhavwadi To Kankavli Via Tarla",Vaibhavwadi,Kankavli,TARLA,MO,9291,Vaibhavwadi,,,,वैभववाडी,कणकवली,37,17:45,18:45,NON,SUN,,,
83972,"Vaibhavwadi To Kankavli Via Tarla",Vaibhavwadi,Kankavli,TARLA,MO,9181,Bandhwadi,4,,,वैभववाडी,कणकवली,37,17:45,18:45,NON,SUN,,,
83972,"Vaibhavwadi To Kankavli Via Tarla",Vaibhavwadi,Kankavli,TARLA,MO,9245,Napane,5.9,,,वैभववाडी,कणकवली,37,17:45,18:45,NON,SUN,,,
83972,"Vaibhavwadi To Kankavli Via Tarla",Vaibhavwadi,Kankavli,TARLA,MO,9241,Nadhawade,8.9,,,वैभववाडी,कणकवली,37,17:45,18:45,NON,SUN,,,
83972,"Vaibhavwadi To Kankavli Via Tarla",Vaibhavwadi,Kankavli,TARLA,MO,2841,Mahadevwadi,10,,,वैभववाडी,कणकवली,37,17:45,18:45,NON,SUN,,,
83972,"Vaibhavwadi To Kankavli Via Tarla",Vaibhavwadi,Kankavli,TARLA,MO,2780,"Kambale Hotel",11.9,,,वैभववाडी,कणकवली,37,17:45,18:45,NON,SUN,,,
83972,"Vaibhavwadi To Kankavli Via Tarla",Vaibhavwadi,Kankavli,TARLA,MO,2796,"Kasarde Buddhawadi",13,,,वैभववाडी,कणकवली,37,17:45,18:45,NON,SUN,,,
83972,"Vaibhavwadi To Kankavli Via Tarla",Vaibhavwadi,Kankavli,TARLA,MO,2982,Tarla,16,,,वैभववाडी,कणकवली,37,17:45,18:45,NON,SUN,,,
83972,"Vaibhavwadi To Kankavli Via Tarla",Vaibhavwadi,Kankavli,TARLA,MO,2673,"Bramhan Wadi",19,,,वैभववाडी,कणकवली,37,17:45,18:45,NON,SUN,,,
83972,"Vaibhavwadi To Kankavli Via Tarla",Vaibhavwadi,Kankavli,TARLA,MO,2872,"Nandgaon Nursary",22,,,वैभववाडी,कणकवली,37,17:45,18:45,NON,SUN,,,
83972,"Vaibhavwadi To Kankavli Via Tarla",Vaibhavwadi,Kankavli,TARLA,MO,2870,"Nandgaon Datta Mandir",25,,,वैभववाडी,कणकवली,37,17:45,18:45,NON,SUN,,,
83972,"Vaibhavwadi To Kankavli Via Tarla",Vaibhavwadi,Kankavli,TARLA,MO,2655,Belane,28,,,वैभववाडी,कणकवली,37,17:45,18:45,NON,SUN,,,
83972,"Vaibhavwadi To Kankavli Via Tarla",Vaibhavwadi,Kankavli,TARLA,MO,2756,"Humrat Titha",31,,,वैभववाडी,कणकवली,37,17:45,18:45,NON,SUN,,,
83972,"Vaibhavwadi To Kankavli Via Tarla",Vaibhavwadi,Kankavli,TARLA,MO,2766,Janavali,34,,,वैभववाडी,कणकवली,37,17:45,18:45,NON,SUN,,,
83972,"Vaibhavwadi To Kankavli Via Tarla",Vaibhavwadi,Kankavli,TARLA,MO,2786,Kankavli,37,,,वैभववाडी,कणकवली,37,17:45,18:45,NON,SUN,,,
100863,"Kankavli To Kanedi Via Mudeshwar",Kankavli,Kanedi,MUDESHWAR,MO,2786,Kankavli,,,,कणकवली,कनेडी,11.4,11:00,11:25,OTHER,SUN,,,
100863,"Kankavli To Kanedi Via Mudeshwar",Kankavli,Kanedi,MUDESHWAR,MO,2859,Mudeshwar,3,,,कणकवली,कनेडी,11.4,11:00,11:25,OTHER,SUN,,,
100863,"Kankavli To Kanedi Via Mudeshwar",Kankavli,Kanedi,MUDESHWAR,MO,2660,"Bhat Dukan",6,,,कणकवली,कनेडी,11.4,11:00,11:25,OTHER,SUN,,,
100863,"Kankavli To Kanedi Via Mudeshwar",Kankavli,Kanedi,MUDESHWAR,MO,2945,"Sangave Mandir",9,,,कणकवली,कनेडी,11.4,11:00,11:25,OTHER,SUN,,,
100863,"Kankavli To Kanedi Via Mudeshwar",Kankavli,Kanedi,MUDESHWAR,MO,2782,Kanedi,11.4,,,कणकवली,कनेडी,11.4,11:00,11:25,OTHER,SUN,,,
103499,"Kankavli To Kondye Via Kanadewadi",Kankavli,Kondye,KANADEWADI,MO,2786,Kankavli,,,,कणकवली,कनेडी,18,09:30,10:10,SC,SUN,,करूळ,
103499,"Kankavli To Kondye Via Kanadewadi",Kankavli,Kondye,KANADEWADI,MO,2766,Janavali,3.2,,,कणकवली,कनेडी,18,09:30,10:10,SC,SUN,,करूळ,
103499,"Kankavli To Kondye Via Kanadewadi",Kankavli,Kondye,KANADEWADI,MO,2844,"Mail Stone",6,,,कणकवली,कनेडी,18,09:30,10:10,SC,SUN,,करूळ,
103499,"Kankavli To Kondye Via Kanadewadi",Kankavli,Kondye,KANADEWADI,MO,2939,"Sakedi School",9,,,कणकवली,कनेडी,18,09:30,10:10,SC,SUN,,करूळ,
103499,"Kankavli To Kondye Via Kanadewadi",Kankavli,Kondye,KANADEWADI,MO,2753,"Humbarat Mal",12,,,कणकवली,कनेडी,18,09:30,10:10,SC,SUN,,करूळ,
103499,"Kankavli To Kondye Via Kanadewadi",Kankavli,Kondye,KANADEWADI,MO,2790,Karul,14,,,कणकवली,कनेडी,18,09:30,10:10,SC,SUN,,करूळ,
103499,"Kankavli To Kondye Via Kanadewadi",Kankavli,Kondye,KANADEWADI,MO,2781,Kanadewadi,15.4,,,कणकवली,कनेडी,18,09:30,10:10,SC,SUN,,करूळ,
103499,"Kankavli To Kondye Via Kanadewadi",Kankavli,Kondye,KANADEWADI,MO,2819,Kondye,18,,,कणकवली,कनेडी,18,09:30,10:10,SC,SUN,,करूळ,
113214,"Kharepatan To Shidawane Dukan",Kharepatan,"Shidawane Dukan",,MO,2812,Kharepatan,,,,खारेपाटण,शिडवणे,12,07:10,07:35,SC,DAILY,,,
113214,"Kharepatan To Shidawane Dukan",Kharepatan,"Shidawane Dukan",,MO,2863,Nadgive,3,,,खारेपाटण,शिडवणे,12,07:10,07:35,SC,DAILY,,,
113214,"Kharepatan To Shidawane Dukan",Kharepatan,"Shidawane Dukan",,MO,2648,Bambarwadi,4.2,,,खारेपाटण,शिडवणे,12,07:10,07:35,SC,DAILY,,,
113214,"Kharepatan To Shidawane Dukan",Kharepatan,"Shidawane Dukan",,MO,2844,"Mail Stone",6,,,खारेपाटण,शिडवणे,12,07:10,07:35,SC,DAILY,,,
113214,"Kharepatan To Shidawane Dukan",Kharepatan,"Shidawane Dukan",,MO,3010,Wargaon,8.1,,,खारेपाटण,शिडवणे,12,07:10,07:35,SC,DAILY,,,
113214,"Kharepatan To Shidawane Dukan",Kharepatan,"Shidawane Dukan",,MO,2927,"Ranade Dukan",9,,,खारेपाटण,शिडवणे,12,07:10,07:35,SC,DAILY,,,
113214,"Kharepatan To Shidawane Dukan",Kharepatan,"Shidawane Dukan",,MO,2962,"Shidawane Dukan",12,,,खारेपाटण,शिडवणे,12,07:10,07:35,SC,DAILY,,,
120387,"Kankavli To Tarla Via Kalmath",Kankavli,Tarla,KALMATH,MO,2786,Kankavli,,,,"कणकवली IDL.",तरळे,33,13:45,15:00,SC,SUN,"17.30 ते 18.00 विश्रांती",,
120387,"Kankavli To Tarla Via Kalmath",Kankavli,Tarla,KALMATH,MO,2760,"Ideal School",4.8,,,"कणकवली IDL.",तरळे,33,13:45,15:00,SC,SUN,"17.30 ते 18.00 विश्रांती",,
120387,"Kankavli To Tarla Via Kalmath",Kankavli,Tarla,KALMATH,MO,2775,Kalmath,8,,,"कणकवली IDL.",तरळे,33,13:45,15:00,SC,SUN,"17.30 ते 18.00 विश्रांती",,
120387,"Kankavli To Tarla Via Kalmath",Kankavli,Tarla,KALMATH,MO,2786,Kankavli,11,,,"कणकवली IDL.",तरळे,33,13:45,15:00,SC,SUN,"17.30 ते 18.00 विश्रांती",,
120387,"Kankavli To Tarla Via Kalmath",Kankavli,Tarla,KALMATH,MO,2766,Janavali,15,,,"कणकवली IDL.",तरळे,33,13:45,15:00,SC,SUN,"17.30 ते 18.00 विश्रांती",,
120387,"Kankavli To Tarla Via Kalmath",Kankavli,Tarla,KALMATH,MO,2756,"Humrat Titha",18,,,"कणकवली IDL.",तरळे,33,13:45,15:00,SC,SUN,"17.30 ते 18.00 विश्रांती",,
120387,"Kankavli To Tarla Via Kalmath",Kankavli,Tarla,KALMATH,MO,2655,Belane,21,,,"कणकवली IDL.",तरळे,33,13:45,15:00,SC,SUN,"17.30 ते 18.00 विश्रांती",,
120387,"Kankavli To Tarla Via Kalmath",Kankavli,Tarla,KALMATH,MO,2870,"Nandgaon Datta Mandir",24,,,"कणकवली IDL.",तरळे,33,13:45,15:00,SC,SUN,"17.30 ते 18.00 विश्रांती",,
120387,"Kankavli To Tarla Via Kalmath",Kankavli,Tarla,KALMATH,MO,2871,"Nandgaon Fata",25,,,"कणकवली IDL.",तरळे,33,13:45,15:00,SC,SUN,"17.30 ते 18.00 विश्रांती",,
120387,"Kankavli To Tarla Via Kalmath",Kankavli,Tarla,KALMATH,MO,2872,"Nandgaon Nursary",27,,,"कणकवली IDL.",तरळे,33,13:45,15:00,SC,SUN,"17.30 ते 18.00 विश्रांती",,
120387,"Kankavli To Tarla Via Kalmath",Kankavli,Tarla,KALMATH,MO,2673,"Bramhan Wadi",30,,,"कणकवली IDL.",तरळे,33,13:45,15:00,SC,SUN,"17.30 ते 18.00 विश्रांती",,
120387,"Kankavli To Tarla Via Kalmath",Kankavli,Tarla,KALMATH,MO,2982,Tarla,33,,,"कणकवली IDL.",तरळे,33,13:45,15:00,SC,SUN,"17.30 ते 18.00 विश्रांती",,
125857,"Kankavli To Thalkarwadi Via Halwal Fata",Kankavli,Thalkarwadi,"HALWAL FATA",MO,2786,Kankavli,,,,कणकवली,थळकरवाडी,15,07:40,08:10,NON,DAILY,,"हलवळ शिवडाव",
125857,"Kankavli To Thalkarwadi Via Halwal Fata",Kankavli,Thalkarwadi,"HALWAL FATA",MO,2741,"Halwal Fata",2.5,,,कणकवली,थळकरवाडी,15,07:40,08:10,NON,DAILY,,"हलवळ शिवडाव",
125857,"Kankavli To Thalkarwadi Via Halwal Fata",Kankavli,Thalkarwadi,"HALWAL FATA",MO,2908,Pimpalwadi,2.8,,,कणकवली,थळकरवाडी,15,07:40,08:10,NON,DAILY,,"हलवळ शिवडाव",
125857,"Kankavli To Thalkarwadi Via Halwal Fata",Kankavli,Thalkarwadi,"HALWAL FATA",MO,2844,"Mail Stone",3,,,कणकवली,थळकरवाडी,15,07:40,08:10,NON,DAILY,,"हलवळ शिवडाव",
125857,"Kankavli To Thalkarwadi Via Halwal Fata",Kankavli,Thalkarwadi,"HALWAL FATA",MO,2656,"Bhakar Bhatale Fata",6,,,कणकवली,थळकरवाडी,15,07:40,08:10,NON,DAILY,,"हलवळ शिवडाव",
125857,"Kankavli To Thalkarwadi Via Halwal Fata",Kankavli,Thalkarwadi,"HALWAL FATA",MO,2936,"Sai Mandir",8.1,,,कणकवली,थळकरवाडी,15,07:40,08:10,NON,DAILY,,"हलवळ शिवडाव",
125857,"Kankavli To Thalkarwadi Via Halwal Fata",Kankavli,Thalkarwadi,"HALWAL FATA",MO,2972,"Shivdav High School",10.1,,,कणकवली,थळकरवाडी,15,07:40,08:10,NON,DAILY,,"हलवळ शिवडाव",
125857,"Kankavli To Thalkarwadi Via Halwal Fata",Kankavli,Thalkarwadi,"HALWAL FATA",MO,2751,"Hattiche Bridge",12,,,कणकवली,थळकरवाडी,15,07:40,08:10,NON,DAILY,,"हलवळ शिवडाव",
125857,"Kankavli To Thalkarwadi Via Halwal Fata",Kankavli,Thalkarwadi,"HALWAL FATA",MO,2986,Thalkarwadi,15,,,कणकवली,थळकरवाडी,15,07:40,08:10,NON,DAILY,,"हलवळ शिवडाव",
125863,"Kankavli To Kasal Via Ambrad",Kankavli,Kasal,AMBRAD,MO,2786,Kankavli,,,,कणकवली,कसाल,24.3,14:30,15:30,NON,DAILY,,"आंब्रड,पोखरण,कुंदे",
125863,"Kankavli To Kasal Via Ambrad",Kankavli,Kasal,AMBRAD,MO,2736,"Gosavi Wadi Datta Mandir",3,,,कणकवली,कसाल,24.3,14:30,15:30,NON,DAILY,,"आंब्रड,पोखरण,कुंदे",
125863,"Kankavli To Kasal Via Ambrad",Kankavli,Kasal,AMBRAD,MO,2801,"Kasavan Zopadi",6,,,कणकवली,कसाल,24.3,14:30,15:30,NON,DAILY,,"आंब्रड,पोखरण,कुंदे",
125863,"Kankavli To Kasal Via Ambrad",Kankavli,Kasal,AMBRAD,MO,2976,"Talawade Mandir",9,,,कणकवली,कसाल,24.3,14:30,15:30,NON,DAILY,,"आंब्रड,पोखरण,कुंदे",
125863,"Kankavli To Kasal Via Ambrad",Kankavli,Kasal,AMBRAD,MO,6090,Ambrad,12,,,कणकवली,कसाल,24.3,14:30,15:30,NON,DAILY,,"आंब्रड,पोखरण,कुंदे",
125863,"Kankavli To Kasal Via Ambrad",Kankavli,Kasal,AMBRAD,MO,6396,Rawoolwadi,13.7,,,कणकवली,कसाल,24.3,14:30,15:30,NON,DAILY,,"आंब्रड,पोखरण,कुंदे",
125863,"Kankavli To Kasal Via Ambrad",Kankavli,Kasal,AMBRAD,MO,6371,"Pokharan School",15,,,कणकवली,कसाल,24.3,14:30,15:30,NON,DAILY,,"आंब्रड,पोखरण,कुंदे",
125863,"Kankavli To Kasal Via Ambrad",Kankavli,Kasal,AMBRAD,MO,6280,Kusbe,17.2,,,कणकवली,कसाल,24.3,14:30,15:30,NON,DAILY,,"आंब्रड,पोखरण,कुंदे",
125863,"Kankavli To Kasal Via Ambrad",Kankavli,Kasal,AMBRAD,MO,6286,"Kunde Post",18,,,कणकवली,कसाल,24.3,14:30,15:30,NON,DAILY,,"आंब्रड,पोखरण,कुंदे",
125863,"Kankavli To Kasal Via Ambrad",Kankavli,Kasal,AMBRAD,MO,6149,Chirekhan,20.5,,,कणकवली,कसाल,24.3,14:30,15:30,NON,DAILY,,"आंब्रड,पोखरण,कुंदे",
125863,"Kankavli To Kasal Via Ambrad",Kankavli,Kasal,AMBRAD,MO,6282,"Kasal Balamwadi",22.5,,,कणकवली,कसाल,24.3,14:30,15:30,NON,DAILY,,"आंब्रड,पोखरण,कुंदे",
125863,"Kankavli To Kasal Via Ambrad",Kankavli,Kasal,AMBRAD,MO,6281,Kasal,24.3,,,कणकवली,कसाल,24.3,14:30,15:30,NON,DAILY,,"आंब्रड,पोखरण,कुंदे",
126303,"Sawantwadi To Kankavli Via Sindhudurgnagari",Sawantwadi,Kankavli,SINDHUDURGNAGARI,MO,8663,Sawantwadi,,,,सावंतवाडी,कणकवली,58.7,13:00,14:50,NON,DAILY,,सरळ,
126303,"Sawantwadi To Kankavli Via Sindhudurgnagari",Sawantwadi,Kankavli,SINDHUDURGNAGARI,MO,8551,"Kolgaon Thita",2.5,,,सावंतवाडी,कणकवली,58.7,13:00,14:50,NON,DAILY,,सरळ,
126303,"Sawantwadi To Kankavli Via Sindhudurgnagari",Sawantwadi,Kankavli,SINDHUDURGNAGARI,MO,6101,Akeri,5.2,,,सावंतवाडी,कणकवली,58.7,13:00,14:50,NON,DAILY,,सरळ,
126303,"Sawantwadi To Kankavli Via Sindhudurgnagari",Sawantwadi,Kankavli,SINDHUDURGNAGARI,MO,6231,"Khan Mohalla",7.8,,,सावंतवाडी,कणकवली,58.7,13:00,14:50,NON,DAILY,,सरळ,
126303,"Sawantwadi To Kankavli Via Sindhudurgnagari",Sawantwadi,Kankavli,SINDHUDURGNAGARI,MO,6474,"Zharap Titha",11.1,,,सावंतवाडी,कणकवली,58.7,13:00,14:50,NON,DAILY,,सरळ,
126303,"Sawantwadi To Kankavli Via Sindhudurgnagari",Sawantwadi,Kankavli,SINDHUDURGNAGARI,MO,6441,"Terse Bambarde Fata",13,,,सावंतवाडी,कणकवली,58.7,13:00,14:50,NON,DAILY,,सरळ,
126303,"Sawantwadi To Kankavli Via Sindhudurgnagari",Sawantwadi,Kankavli,SINDHUDURGNAGARI,MO,6322,"Mandkuli Fata",14.3,,,सावंतवाडी,कणकवली,58.7,13:00,14:50,NON,DAILY,,सरळ,
126303,"Sawantwadi To Kankavli Via Sindhudurgnagari",Sawantwadi,Kankavli,SINDHUDURGNAGARI,MO,6315,"Mile Stone",15,,,सावंतवाडी,कणकवली,58.7,13:00,14:50,NON,DAILY,,सरळ,
126303,"Sawantwadi To Kankavli Via Sindhudurgnagari",Sawantwadi,Kankavli,SINDHUDURGNAGARI,MO,6126,Bibavane,16,,,सावंतवाडी,कणकवली,58.7,13:00,14:50,NON,DAILY,,सरळ,
126303,"Sawantwadi To Kankavli Via Sindhudurgnagari",Sawantwadi,Kankavli,SINDHUDURGNAGARI,MO,6302,"Modka Wad Pinguli",17.3,,,सावंतवाडी,कणकवली,58.7,13:00,14:50,NON,DAILY,,सरळ,
126303,"Sawantwadi To Kankavli Via Sindhudurgnagari",Sawantwadi,Kankavli,SINDHUDURGNAGARI,MO,6237,"Kudal St Depot",20.7,,,सावंतवाडी,कणकवली,58.7,13:00,14:50,NON,DAILY,,सरळ,
126303,"Sawantwadi To Kankavli Via Sindhudurgnagari",Sawantwadi,Kankavli,SINDHUDURGNAGARI,MO,6240,"Kudal St Depot",22.2,,,सावंतवाडी,कणकवली,58.7,13:00,14:50,NON,DAILY,,सरळ,
126303,"Sawantwadi To Kankavli Via Sindhudurgnagari",Sawantwadi,Kankavli,SINDHUDURGNAGARI,MO,6380,"Pawashi Panchayat",24.9,,,सावंतवाडी,कणकवली,58.7,13:00,14:50,NON,DAILY,,सरळ,
126303,"Sawantwadi To Kankavli Via Sindhudurgnagari",Sawantwadi,Kankavli,SINDHUDURGNAGARI,MO,88100,Vetalbambarde,27,,,सावंतवाडी,कणकवली,58.7,13:00,14:50,NON,DAILY,,सरळ,
126303,"Sawantwadi To Kankavli Via Sindhudurgnagari",Sawantwadi,Kankavli,SINDHUDURGNAGARI,MO,6378,"Pandur Titha",29,,,सावंतवाडी,कणकवली,58.7,13:00,14:50,NON,DAILY,,सरळ,
126303,"Sawantwadi To Kankavli Via Sindhudurgnagari",Sawantwadi,Kankavli,SINDHUDURGNAGARI,MO,6204,"Humarmala Kasale Dukan",30.9,,,सावंतवाडी,कणकवली,58.7,13:00,14:50,NON,DAILY,,सरळ,
126303,"Sawantwadi To Kankavli Via Sindhudurgnagari",Sawantwadi,Kankavli,SINDHUDURGNAGARI,MO,6224,"Jijamata Hospital",33.5,,,सावंतवाडी,कणकवली,58.7,13:00,14:50,NON,DAILY,,सरळ,
126303,"Sawantwadi To Kankavli Via Sindhudurgnagari",Sawantwadi,Kankavli,SINDHUDURGNAGARI,MO,6408,Sindhudurgnagari,36,,,सावंतवाडी,कणकवली,58.7,13:00,14:50,NON,DAILY,,सरळ,
126303,"Sawantwadi To Kankavli Via Sindhudurgnagari",Sawantwadi,Kankavli,SINDHUDURGNAGARI,MO,6152,"Civil Hospital Sindhudurgnagari",37.8,,,सावंतवाडी,कणकवली,58.7,13:00,14:50,NON,DAILY,,सरळ,
126303,"Sawantwadi To Kankavli Via Sindhudurgnagari",Sawantwadi,Kankavli,SINDHUDURGNAGARI,MO,6362,"Oros Bus Stnad",39.1,,,सावंतवाडी,कणकवली,58.7,13:00,14:50,NON,DAILY,,सरळ,
126303,"Sawantwadi To Kankavli Via Sindhudurgnagari",Sawantwadi,Kankavli,SINDHUDURGNAGARI,MO,6116,Awali,41.8,,,सावंतवाडी,कणकवली,58.7,13:00,14:50,NON,DAILY,,सरळ,
126303,"Sawantwadi To Kankavli Via Sindhudurgnagari",Sawantwadi,Kankavli,SINDHUDURGNAGARI,MO,6281,Kasal,44.4,,,सावंतवाडी,कणकवली,58.7,13:00,14:50,NON,DAILY,,सरळ,
126303,"Sawantwadi To Kankavli Via Sindhudurgnagari",Sawantwadi,Kankavli,SINDHUDURGNAGARI,MO,6168,Dewoolwadi,46.6,,,सावंतवाडी,कणकवली,58.7,13:00,14:50,NON,DAILY,,सरळ,
126303,"Sawantwadi To Kankavli Via Sindhudurgnagari",Sawantwadi,Kankavli,SINDHUDURGNAGARI,MO,2890,"Osargaon Post",48.5,,,सावंतवाडी,कणकवली,58.7,13:00,14:50,NON,DAILY,,सरळ,
126303,"Sawantwadi To Kankavli Via Sindhudurgnagari",Sawantwadi,Kankavli,SINDHUDURGNAGARI,MO,2891,"Osargaon Talav",51.6,,,सावंतवाडी,कणकवली,58.7,13:00,14:50,NON,DAILY,,सरळ,
126303,"Sawantwadi To Kankavli Via Sindhudurgnagari",Sawantwadi,Kankavli,SINDHUDURGNAGARI,MO,2692,Dangalwadi,53.8,,,सावंतवाडी,कणकवली,58.7,13:00,14:50,NON,DAILY,,सरळ,
126303,"Sawantwadi To Kankavli Via Sindhudurgnagari",Sawantwadi,Kankavli,SINDHUDURGNAGARI,MO,3002,Wagde,55.7,,,सावंतवाडी,कणकवली,58.7,13:00,14:50,NON,DAILY,,सरळ,
126303,"Sawantwadi To Kankavli Via Sindhudurgnagari",Sawantwadi,Kankavli,SINDHUDURGNAGARI,MO,2786,Kankavli,58.7,,,सावंतवाडी,कणकवली,58.7,13:00,14:50,NON,DAILY,,सरळ,
126331,"Naradave To Kankavli Via Bhat Dukan",Naradave,Kankavli,"BHAT DUKAN",MO,2877,Naradave,,,,नरडवे,कणकवली,26.7,05:50,07:00,OBL,DAILY,"09.40 ते 10.30 विश्रांती",,
126331,"Naradave To Kankavli Via Bhat Dukan",Naradave,Kankavli,"BHAT DUKAN",MO,2879,"Nardave Old",1.3,,,नरडवे,कणकवली,26.7,05:50,07:00,OBL,DAILY,"09.40 ते 10.30 विश्रांती",,
126331,"Naradave To Kankavli Via Bhat Dukan",Naradave,Kankavli,"BHAT DUKAN",MO,2830,"Kupawade Fata",5.2,,,नरडवे,कणकवली,26.7,05:50,07:00,OBL,DAILY,"09.40 ते 10.30 विश्रांती",,
126331,"Naradave To Kankavli Via Bhat Dukan",Naradave,Kankavli,"BHAT DUKAN",MO,2838,"Londha Pool",7.7,,,नरडवे,कणकवली,26.7,05:50,07:00,OBL,DAILY,"09.40 ते 10.30 विश्रांती",,
126331,"Naradave To Kankavli Via Bhat Dukan",Naradave,Kankavli,"BHAT DUKAN",MO,2715,"Forest Nursary",8.6,,,नरडवे,कणकवली,26.7,05:50,07:00,OBL,DAILY,"09.40 ते 10.30 विश्रांती",,
126331,"Naradave To Kankavli Via Bhat Dukan",Naradave,Kankavli,"BHAT DUKAN",MO,2925,"Rajwadi Fata",9.1,,,नरडवे,कणकवली,26.7,05:50,07:00,OBL,DAILY,"09.40 ते 10.30 विश्रांती",,
126331,"Naradave To Kankavli Via Bhat Dukan",Naradave,Kankavli,"BHAT DUKAN",MO,2852,"Maruti Mandir",11.1,,,नरडवे,कणकवली,26.7,05:50,07:00,OBL,DAILY,"09.40 ते 10.30 विश्रांती",,
126331,"Naradave To Kankavli Via Bhat Dukan",Naradave,Kankavli,"BHAT DUKAN",MO,2782,Kanedi,14.4,,,नरडवे,कणकवली,26.7,05:50,07:00,OBL,DAILY,"09.40 ते 10.30 विश्रांती",,
126331,"Naradave To Kankavli Via Bhat Dukan",Naradave,Kankavli,"BHAT DUKAN",MO,2945,"Sangave Mandir",17.4,,,नरडवे,कणकवली,26.7,05:50,07:00,OBL,DAILY,"09.40 ते 10.30 विश्रांती",,
126331,"Naradave To Kankavli Via Bhat Dukan",Naradave,Kankavli,"BHAT DUKAN",MO,2660,"Bhat Dukan",20.4,,,नरडवे,कणकवली,26.7,05:50,07:00,OBL,DAILY,"09.40 ते 10.30 विश्रांती",,
126331,"Naradave To Kankavli Via Bhat Dukan",Naradave,Kankavli,"BHAT DUKAN",MO,2859,Mudeshwar,23.5,,,नरडवे,कणकवली,26.7,05:50,07:00,OBL,DAILY,"09.40 ते 10.30 विश्रांती",,
126331,"Naradave To Kankavli Via Bhat Dukan",Naradave,Kankavli,"BHAT DUKAN",MO,2786,Kankavli,26.7,,,नरडवे,कणकवली,26.7,05:50,07:00,OBL,DAILY,"09.40 ते 10.30 विश्रांती",,
126355,"Pisekamate To Kankavli Via Varawade Mandir",Pisekamate,Kankavli,"VARAWADE MANDIR",MO,2912,Pisekamate,,,,पिसेकामते,कणकवली,11.6,10:35,11:00,SC,SUN,,,
126355,"Pisekamate To Kankavli Via Varawade Mandir",Pisekamate,Kankavli,"VARAWADE MANDIR",MO,2836,"Kuweskar Dukan",2.6,,,पिसेकामते,कणकवली,11.6,10:35,11:00,SC,SUN,,,
126355,"Pisekamate To Kankavli Via Varawade Mandir",Pisekamate,Kankavli,"VARAWADE MANDIR",MO,2995,"Varawade Mandir",5.5,,,पिसेकामते,कणकवली,11.6,10:35,11:00,SC,SUN,,,
126355,"Pisekamate To Kankavli Via Varawade Mandir",Pisekamate,Kankavli,"VARAWADE MANDIR",MO,2993,"Ursula High School",7.5,,,पिसेकामते,कणकवली,11.6,10:35,11:00,SC,SUN,,,
126355,"Pisekamate To Kankavli Via Varawade Mandir",Pisekamate,Kankavli,"VARAWADE MANDIR",MO,2902,"Phalsewadi School",8.5,,,पिसेकामते,कणकवली,11.6,10:35,11:00,SC,SUN,,,
126355,"Pisekamate To Kankavli Via Varawade Mandir",Pisekamate,Kankavli,"VARAWADE MANDIR",MO,2768,"Janavali Gavthanwadi",9.7,,,पिसेकामते,कणकवली,11.6,10:35,11:00,SC,SUN,,,
126355,"Pisekamate To Kankavli Via Varawade Mandir",Pisekamate,Kankavli,"VARAWADE MANDIR",MO,2786,Kankavli,11.6,,,पिसेकामते,कणकवली,11.6,10:35,11:00,SC,SUN,,,
127405,"Upale To Vaibhavwadi",Upale,Vaibhavwadi,,MO,9288,Upale,,,,उपळे,वैभववाडी,27,06:00,07:00,MV,SUNDAY,"09.00 ते 09.30 विश्रांती","वेंगसंर  मंगवलि कोल्पे उम्बर्दे कुसुर मार्गे",
127405,"Upale To Vaibhavwadi",Upale,Vaibhavwadi,,MO,9206,"Het Fata",3,,,उपळे,वैभववाडी,27,06:00,07:00,MV,SUNDAY,"09.00 ते 09.30 विश्रांती","वेंगसंर  मंगवलि कोल्पे उम्बर्दे कुसुर मार्गे",
127405,"Upale To Vaibhavwadi",Upale,Vaibhavwadi,,MO,9232,"Mangawali Bridge",6,,,उपळे,वैभववाडी,27,06:00,07:00,MV,SUNDAY,"09.00 ते 09.30 विश्रांती","वेंगसंर  मंगवलि कोल्पे उम्बर्दे कुसुर मार्गे",
127405,"Upale To Vaibhavwadi",Upale,Vaibhavwadi,,MO,9296,Waniwadi,9,,,उपळे,वैभववाडी,27,06:00,07:00,MV,SUNDAY,"09.00 ते 09.30 विश्रांती","वेंगसंर  मंगवलि कोल्पे उम्बर्दे कुसुर मार्गे",
127405,"Upale To Vaibhavwadi",Upale,Vaibhavwadi,,MO,9294,"Vengsar Fata",12,,,उपळे,वैभववाडी,27,06:00,07:00,MV,SUNDAY,"09.00 ते 09.30 विश्रांती","वेंगसंर  मंगवलि कोल्पे उम्बर्दे कुसुर मार्गे",
127405,"Upale To Vaibhavwadi",Upale,Vaibhavwadi,,MO,9220,"Kolpe Dukan",15,,,उपळे,वैभववाडी,27,06:00,07:00,MV,SUNDAY,"09.00 ते 09.30 विश्रांती","वेंगसंर  मंगवलि कोल्पे उम्बर्दे कुसुर मार्गे",
127405,"Upale To Vaibhavwadi",Upale,Vaibhavwadi,,MO,9286,"Umbarde Canteen",18,,,उपळे,वैभववाडी,27,06:00,07:00,MV,SUNDAY,"09.00 ते 09.30 विश्रांती","वेंगसंर  मंगवलि कोल्पे उम्बर्दे कुसुर मार्गे",
127405,"Upale To Vaibhavwadi",Upale,Vaibhavwadi,,MO,9226,"Kusur Bazarwadi",21,,,उपळे,वैभववाडी,27,06:00,07:00,MV,SUNDAY,"09.00 ते 09.30 विश्रांती","वेंगसंर  मंगवलि कोल्पे उम्बर्दे कुसुर मार्गे",
127405,"Upale To Vaibhavwadi",Upale,Vaibhavwadi,,MO,9247,"Narkar Dukan",24,,,उपळे,वैभववाडी,27,06:00,07:00,MV,SUNDAY,"09.00 ते 09.30 विश्रांती","वेंगसंर  मंगवलि कोल्पे उम्बर्दे कुसुर मार्गे",
127405,"Upale To Vaibhavwadi",Upale,Vaibhavwadi,,MO,9291,Vaibhavwadi,27,,,उपळे,वैभववाडी,27,06:00,07:00,MV,SUNDAY,"09.00 ते 09.30 विश्रांती","वेंगसंर  मंगवलि कोल्पे उम्बर्दे कुसुर मार्गे",
139592,"Kankavli To Achara Titha Via Shravan",Kankavli,"Achara Tita",SHRAVAN,MO,2786,Kankavli,,,,कणकवली,आचरा,32.6,07:30,08:40,NON,DAILY,,,
139592,"Kankavli To Achara Titha Via Shravan",Kankavli,"Achara Tita",SHRAVAN,MO,88092,"Kalmath Phanaswadi",3,,,कणकवली,आचरा,32.6,07:30,08:40,NON,DAILY,,,
139592,"Kankavli To Achara Titha Via Shravan",Kankavli,"Achara Tita",SHRAVAN,MO,2902,"Phalsewadi School",6,,,कणकवली,आचरा,32.6,07:30,08:40,NON,DAILY,,,
139592,"Kankavli To Achara Titha Via Shravan",Kankavli,"Achara Tita",SHRAVAN,MO,2737,"Gothane Wad",9,,,कणकवली,आचरा,32.6,07:30,08:40,NON,DAILY,,,
139592,"Kankavli To Achara Titha Via Shravan",Kankavli,"Achara Tita",SHRAVAN,MO,6971,"Ramgad Bazar",12,,,कणकवली,आचरा,32.6,07:30,08:40,NON,DAILY,,,
139592,"Kankavli To Achara Titha Via Shravan",Kankavli,"Achara Tita",SHRAVAN,MO,6777,"Belne Fata",15,,,कणकवली,आचरा,32.6,07:30,08:40,NON,DAILY,,,
139592,"Kankavli To Achara Titha Via Shravan",Kankavli,"Achara Tita",SHRAVAN,MO,6997,Shravan,16.2,,,कणकवली,आचरा,32.6,07:30,08:40,NON,DAILY,,,
139592,"Kankavli To Achara Titha Via Shravan",Kankavli,"Achara Tita",SHRAVAN,MO,6910,"Mail Dagad",18,,,कणकवली,आचरा,32.6,07:30,08:40,NON,DAILY,,,
139592,"Kankavli To Achara Titha Via Shravan",Kankavli,"Achara Tita",SHRAVAN,MO,6749,"Adawali Titha",19.2,,,कणकवली,आचरा,32.6,07:30,08:40,NON,DAILY,,,
139592,"Kankavli To Achara Titha Via Shravan",Kankavli,"Achara Tita",SHRAVAN,MO,6858,"Kaju Stop",21,,,कणकवली,आचरा,32.6,07:30,08:40,NON,DAILY,,,
139592,"Kankavli To Achara Titha Via Shravan",Kankavli,"Achara Tita",SHRAVAN,MO,6953,"Palsamb School",24,,,कणकवली,आचरा,32.6,07:30,08:40,NON,DAILY,,,
139592,"Kankavli To Achara Titha Via Shravan",Kankavli,"Achara Tita",SHRAVAN,MO,7011,"Trimbak Sapala",25.4,,,कणकवली,आचरा,32.6,07:30,08:40,NON,DAILY,,,
139592,"Kankavli To Achara Titha Via Shravan",Kankavli,"Achara Tita",SHRAVAN,MO,7009,"Trimbak Bazar",27,,,कणकवली,आचरा,32.6,07:30,08:40,NON,DAILY,,,
139592,"Kankavli To Achara Titha Via Shravan",Kankavli,"Achara Tita",SHRAVAN,MO,6798,"Chindar Wad",30,,,कणकवली,आचरा,32.6,07:30,08:40,NON,DAILY,,,
139592,"Kankavli To Achara Titha Via Shravan",Kankavli,"Achara Tita",SHRAVAN,MO,6744,"Achara Tita",32.6,,,कणकवली,आचरा,32.6,07:30,08:40,NON,DAILY,,,
10820,"Kankavli To Bhirawande",Kankavli,Bhirawande,,MO,2786,Kankavli,,,,कणकवली,भिरवंडे,17.4,12:15,13:00,SC,DAILY,,,
10820,"Kankavli To Bhirawande",Kankavli,Bhirawande,,MO,2859,Mudeshwar,3.1,,,कणकवली,भिरवंडे,17.4,12:15,13:00,SC,DAILY,,,
10820,"Kankavli To Bhirawande",Kankavli,Bhirawande,,MO,2660,"Bhat Dukan",6.2,,,कणकवली,भिरवंडे,17.4,12:15,13:00,SC,DAILY,,,
10820,"Kankavli To Bhirawande",Kankavli,Bhirawande,,MO,2992,"Urdu School",8,,,कणकवली,भिरवंडे,17.4,12:15,13:00,SC,DAILY,,,
10820,"Kankavli To Bhirawande",Kankavli,Bhirawande,,MO,2945,"Sangave Mandir",9.2,,,कणकवली,भिरवंडे,17.4,12:15,13:00,SC,DAILY,,,
10820,"Kankavli To Bhirawande",Kankavli,Bhirawande,,MO,2782,Kanedi,12.2,,,कणकवली,भिरवंडे,17.4,12:15,13:00,SC,DAILY,,,
10820,"Kankavli To Bhirawande",Kankavli,Bhirawande,,MO,2926,"Rameshwar Mandir",15,,,कणकवली,भिरवंडे,17.4,12:15,13:00,SC,DAILY,,,
10820,"Kankavli To Bhirawande",Kankavli,Bhirawande,,MO,2664,Bhirawande,17.4,,,कणकवली,भिरवंडे,17.4,12:15,13:00,SC,DAILY,,,
10833,"Kankavli To Dhakte Mohul Via Thorle Mohul",Kankavli,"Dhakte Mohul","THORLE MOHUL",MO,2786,Kankavli,,,,कणकवली,नाटळ,24,19:15,20:15,OBL,DAILY,,वस्ती,
10833,"Kankavli To Dhakte Mohul Via Thorle Mohul",Kankavli,"Dhakte Mohul","THORLE MOHUL",MO,2859,Mudeshwar,3.1,,,कणकवली,नाटळ,24,19:15,20:15,OBL,DAILY,,वस्ती,
10833,"Kankavli To Dhakte Mohul Via Thorle Mohul",Kankavli,"Dhakte Mohul","THORLE MOHUL",MO,2660,"Bhat Dukan",6.2,,,कणकवली,नाटळ,24,19:15,20:15,OBL,DAILY,,वस्ती,
10833,"Kankavli To Dhakte Mohul Via Thorle Mohul",Kankavli,"Dhakte Mohul","THORLE MOHUL",MO,2945,"Sangave Mandir",9.2,,,कणकवली,नाटळ,24,19:15,20:15,OBL,DAILY,,वस्ती,
10833,"Kankavli To Dhakte Mohul Via Thorle Mohul",Kankavli,"Dhakte Mohul","THORLE MOHUL",MO,2782,Kanedi,12.2,,,कणकवली,नाटळ,24,19:15,20:15,OBL,DAILY,,वस्ती,
10833,"Kankavli To Dhakte Mohul Via Thorle Mohul",Kankavli,"Dhakte Mohul","THORLE MOHUL",MO,2883,"Natal Fata",15,,,कणकवली,नाटळ,24,19:15,20:15,OBL,DAILY,,वस्ती,
10833,"Kankavli To Dhakte Mohul Via Thorle Mohul",Kankavli,"Dhakte Mohul","THORLE MOHUL",MO,2926,"Rameshwar Mandir",17,,,कणकवली,नाटळ,24,19:15,20:15,OBL,DAILY,,वस्ती,
10833,"Kankavli To Dhakte Mohul Via Thorle Mohul",Kankavli,"Dhakte Mohul","THORLE MOHUL",MO,2977,Talewadi,18,,,कणकवली,नाटळ,24,19:15,20:15,OBL,DAILY,,वस्ती,
10833,"Kankavli To Dhakte Mohul Via Thorle Mohul",Kankavli,"Dhakte Mohul","THORLE MOHUL",MO,2987,"Thorle Mohul",19,,,कणकवली,नाटळ,24,19:15,20:15,OBL,DAILY,,वस्ती,
10833,"Kankavli To Dhakte Mohul Via Thorle Mohul",Kankavli,"Dhakte Mohul","THORLE MOHUL",MO,2977,Talewadi,20,,,कणकवली,नाटळ,24,19:15,20:15,OBL,DAILY,,वस्ती,
10833,"Kankavli To Dhakte Mohul Via Thorle Mohul",Kankavli,"Dhakte Mohul","THORLE MOHUL",MO,2926,"Rameshwar Mandir",20.2,,,कणकवली,नाटळ,24,19:15,20:15,OBL,DAILY,,वस्ती,
10833,"Kankavli To Dhakte Mohul Via Thorle Mohul",Kankavli,"Dhakte Mohul","THORLE MOHUL",MO,2697,"Datta Mandir",21,,,कणकवली,नाटळ,24,19:15,20:15,OBL,DAILY,,वस्ती,
10833,"Kankavli To Dhakte Mohul Via Thorle Mohul",Kankavli,"Dhakte Mohul","THORLE MOHUL",MO,2699,"Dhakte Mohul",24,,,कणकवली,नाटळ,24,19:15,20:15,OBL,DAILY,,वस्ती,
10867,"Kankavli To Phonda Via Sakedi",Kankavli,Phonda,"SAKEDI SCHOOL",MO,2786,Kankavli,,,,कणकवली,फोंडा,21.1,15:00,15:45,NON,DAILY,,साकेडी,
10867,"Kankavli To Phonda Via Sakedi",Kankavli,Phonda,"SAKEDI SCHOOL",MO,2766,Janavali,3.1,,,कणकवली,फोंडा,21.1,15:00,15:45,NON,DAILY,,साकेडी,
10867,"Kankavli To Phonda Via Sakedi",Kankavli,Phonda,"SAKEDI SCHOOL",MO,2688,"Dalavi Stop",6.1,,,कणकवली,फोंडा,21.1,15:00,15:45,NON,DAILY,,साकेडी,
10867,"Kankavli To Phonda Via Sakedi",Kankavli,Phonda,"SAKEDI SCHOOL",MO,2939,"Sakedi School",9,,,कणकवली,फोंडा,21.1,15:00,15:45,NON,DAILY,,साकेडी,
10867,"Kankavli To Phonda Via Sakedi",Kankavli,Phonda,"SAKEDI SCHOOL",MO,2974,"Swami Ghar",12.1,,,कणकवली,फोंडा,21.1,15:00,15:45,NON,DAILY,,साकेडी,
10867,"Kankavli To Phonda Via Sakedi",Kankavli,Phonda,"SAKEDI SCHOOL",MO,2790,Karul,14,,,कणकवली,फोंडा,21.1,15:00,15:45,NON,DAILY,,साकेडी,
10867,"Kankavli To Phonda Via Sakedi",Kankavli,Phonda,"SAKEDI SCHOOL",MO,2781,Kanadewadi,15.4,,,कणकवली,फोंडा,21.1,15:00,15:45,NON,DAILY,,साकेडी,
10867,"Kankavli To Phonda Via Sakedi",Kankavli,Phonda,"SAKEDI SCHOOL",MO,2787,"Kankavli Nandgaon Fata",18.1,,,कणकवली,फोंडा,21.1,15:00,15:45,NON,DAILY,,साकेडी,
10867,"Kankavli To Phonda Via Sakedi",Kankavli,Phonda,"SAKEDI SCHOOL",MO,2904,Phonda,21.1,,,कणकवली,फोंडा,21.1,15:00,15:45,NON,DAILY,,साकेडी,
11319,"Kankavli To Asgani Chavan Dukan",Kankavli,"Asgani Chavan Dukan",,MO,2786,Kankavli,,,,कणकवली,"असगणी चव्हाण दुकान",17.6,10:30,11:10,NON,DAILY,,"सातरल  कसरल",
11319,"Kankavli To Asgani Chavan Dukan",Kankavli,"Asgani Chavan Dukan",,MO,3001,"Wagade Gpo",3.1,,,कणकवली,"असगणी चव्हाण दुकान",17.6,10:30,11:10,NON,DAILY,,"सातरल  कसरल",
11319,"Kankavli To Asgani Chavan Dukan",Kankavli,"Asgani Chavan Dukan",,MO,2950,"Satral Pavnadevi Mandir",5.9,,,कणकवली,"असगणी चव्हाण दुकान",17.6,10:30,11:10,NON,DAILY,,"सातरल  कसरल",
11319,"Kankavli To Asgani Chavan Dukan",Kankavli,"Asgani Chavan Dukan",,MO,2854,"Masansada Titha Giran",6.4,,,कणकवली,"असगणी चव्हाण दुकान",17.6,10:30,11:10,NON,DAILY,,"सातरल  कसरल",
11319,"Kankavli To Asgani Chavan Dukan",Kankavli,"Asgani Chavan Dukan",,MO,2802,"Kasral Disp",7.1,,,कणकवली,"असगणी चव्हाण दुकान",17.6,10:30,11:10,NON,DAILY,,"सातरल  कसरल",
11319,"Kankavli To Asgani Chavan Dukan",Kankavli,"Asgani Chavan Dukan",,MO,2805,"Kasral Sada Wad",9,,,कणकवली,"असगणी चव्हाण दुकान",17.6,10:30,11:10,NON,DAILY,,"सातरल  कसरल",
11319,"Kankavli To Asgani Chavan Dukan",Kankavli,"Asgani Chavan Dukan",,MO,6764,"Asrondi High School",10.4,,,कणकवली,"असगणी चव्हाण दुकान",17.6,10:30,11:10,NON,DAILY,,"सातरल  कसरल",
11319,"Kankavli To Asgani Chavan Dukan",Kankavli,"Asgani Chavan Dukan",,MO,6767,"Asrondi Sima",12.1,,,कणकवली,"असगणी चव्हाण दुकान",17.6,10:30,11:10,NON,DAILY,,"सातरल  कसरल",
11319,"Kankavli To Asgani Chavan Dukan",Kankavli,"Asgani Chavan Dukan",,MO,6995,"Shiravande Gpo",14.3,,,कणकवली,"असगणी चव्हाण दुकान",17.6,10:30,11:10,NON,DAILY,,"सातरल  कसरल",
11319,"Kankavli To Asgani Chavan Dukan",Kankavli,"Asgani Chavan Dukan",,MO,7023,"Wadacha Naka",15,,,कणकवली,"असगणी चव्हाण दुकान",17.6,10:30,11:10,NON,DAILY,,"सातरल  कसरल",
11319,"Kankavli To Asgani Chavan Dukan",Kankavli,"Asgani Chavan Dukan",,MO,6840,"Haladiwadi Maruti Mandir",16.6,,,कणकवली,"असगणी चव्हाण दुकान",17.6,10:30,11:10,NON,DAILY,,"सातरल  कसरल",
11319,"Kankavli To Asgani Chavan Dukan",Kankavli,"Asgani Chavan Dukan",,MO,6760,"Asgani Chavan Dukan",17.6,,,कणकवली,"असगणी चव्हाण दुकान",17.6,10:30,11:10,NON,DAILY,,"सातरल  कसरल",
11372,"Tarla To Shirale",Tarla,Shirale,,MO,2982,Tarla,,,,तळेरे,शिराळे,29.5,14:40,15:45,SC,DAILY,,,
11372,"Tarla To Shirale",Tarla,Shirale,,MO,2796,"Kasarde Buddhawadi",1.7,,,तळेरे,शिराळे,29.5,14:40,15:45,SC,DAILY,,,
11372,"Tarla To Shirale",Tarla,Shirale,,MO,2780,"Kambale Hotel",4,,,तळेरे,शिराळे,29.5,14:40,15:45,SC,DAILY,,,
11372,"Tarla To Shirale",Tarla,Shirale,,MO,9259,Pool,5.2,,,तळेरे,शिराळे,29.5,14:40,15:45,SC,DAILY,,,
11372,"Tarla To Shirale",Tarla,Shirale,,MO,9241,Nadhawade,7.8,,,तळेरे,शिराळे,29.5,14:40,15:45,SC,DAILY,,,
11372,"Tarla To Shirale",Tarla,Shirale,,MO,9213,"Kasale Wadi",9.2,,,तळेरे,शिराळे,29.5,14:40,15:45,SC,DAILY,,,
11372,"Tarla To Shirale",Tarla,Shirale,,MO,9181,Bandhwadi,11.2,,,तळेरे,शिराळे,29.5,14:40,15:45,SC,DAILY,,,
11372,"Tarla To Shirale",Tarla,Shirale,,MO,9291,Vaibhavwadi,14.2,,,तळेरे,शिराळे,29.5,14:40,15:45,SC,DAILY,,,
11372,"Tarla To Shirale",Tarla,Shirale,,MO,9249,"Nawale Fata",14.4,,,तळेरे,शिराळे,29.5,14:40,15:45,SC,DAILY,,,
11372,"Tarla To Shirale",Tarla,Shirale,,MO,9252,"Nim Arule Vinanti",19.4,,,तळेरे,शिराळे,29.5,14:40,15:45,SC,DAILY,,,
11372,"Tarla To Shirale",Tarla,Shirale,,MO,9180,"Arule Vidya Mandir",21,,,तळेरे,शिराळे,29.5,14:40,15:45,SC,DAILY,,,
11372,"Tarla To Shirale",Tarla,Shirale,,MO,9265,"Sadure Boudhawadi",22.5,,,तळेरे,शिराळे,29.5,14:40,15:45,SC,DAILY,,,
11372,"Tarla To Shirale",Tarla,Shirale,,MO,9266,"Sadure End",25.7,,,तळेरे,शिराळे,29.5,14:40,15:45,SC,DAILY,,,
11372,"Tarla To Shirale",Tarla,Shirale,,MO,9273,Shirale,29.5,,,तळेरे,शिराळे,29.5,14:40,15:45,SC,DAILY,,,
18853,"Malewad To Kankavli",Malewad,Kankavli,,MO,6306,Malewad,,,,"मळेवाड घोडगे",कणकवली,26.6,13:20,14:20,OBL,DAILY,,हडे,
18853,"Malewad To Kankavli",Malewad,Kankavli,,MO,6179,Ghotage,2.7,,,"मळेवाड घोडगे",कणकवली,26.6,13:20,14:20,OBL,DAILY,,हडे,
18853,"Malewad To Kankavli",Malewad,Kankavli,,MO,6225,"Jambhavade Bhagwati Mandir",5.8,,,"मळेवाड घोडगे",कणकवली,26.6,13:20,14:20,OBL,DAILY,,हडे,
18853,"Malewad To Kankavli",Malewad,Kankavli,,MO,6234,"Kupawade Vinanti",8.6,,,"मळेवाड घोडगे",कणकवली,26.6,13:20,14:20,OBL,DAILY,,हडे,
18853,"Malewad To Kankavli",Malewad,Kankavli,,MO,6211,"Hardi Titha",11.4,,,"मळेवाड घोडगे",कणकवली,26.6,13:20,14:20,OBL,DAILY,,हडे,
18853,"Malewad To Kankavli",Malewad,Kankavli,,MO,2752,"Hed Shivdav Fata",14.3,,,"मळेवाड घोडगे",कणकवली,26.6,13:20,14:20,OBL,DAILY,,हडे,
18853,"Malewad To Kankavli",Malewad,Kankavli,,MO,2969,"Shirval Phanas",18,,,"मळेवाड घोडगे",कणकवली,26.6,13:20,14:20,OBL,DAILY,,हडे,
18853,"Malewad To Kankavli",Malewad,Kankavli,,MO,2971,"Shivdav Fata",20.3,,,"मळेवाड घोडगे",कणकवली,26.6,13:20,14:20,OBL,DAILY,,हडे,
18853,"Malewad To Kankavli",Malewad,Kankavli,,MO,2968,"Shirval Fata",22.4,,,"मळेवाड घोडगे",कणकवली,26.6,13:20,14:20,OBL,DAILY,,हडे,
18853,"Malewad To Kankavli",Malewad,Kankavli,,MO,2742,"Halwal Giran",23.4,,,"मळेवाड घोडगे",कणकवली,26.6,13:20,14:20,OBL,DAILY,,हडे,
18853,"Malewad To Kankavli",Malewad,Kankavli,,MO,2786,Kankavli,26.6,,,"मळेवाड घोडगे",कणकवली,26.6,13:20,14:20,OBL,DAILY,,हडे,
19195,"Kumbhawade To Kankavli",Kumbhawade,Kankavli,,MO,2825,Kumbhawade,,,,कुंभवडे,कणकवली,17.9,16:40,17:25,OBL,DAILY,,कनेडी,
19195,"Kumbhawade To Kankavli",Kumbhawade,Kankavli,,MO,2710,"Dsouza House",2.9,,,कुंभवडे,कणकवली,17.9,16:40,17:25,OBL,DAILY,,कनेडी,
19195,"Kumbhawade To Kankavli",Kumbhawade,Kankavli,,MO,2782,Kanedi,5.7,,,कुंभवडे,कणकवली,17.9,16:40,17:25,OBL,DAILY,,कनेडी,
19195,"Kumbhawade To Kankavli",Kumbhawade,Kankavli,,MO,2945,"Sangave Mandir",8.7,,,कुंभवडे,कणकवली,17.9,16:40,17:25,OBL,DAILY,,कनेडी,
19195,"Kumbhawade To Kankavli",Kumbhawade,Kankavli,,MO,2660,"Bhat Dukan",11.7,,,कुंभवडे,कणकवली,17.9,16:40,17:25,OBL,DAILY,,कनेडी,
19195,"Kumbhawade To Kankavli",Kumbhawade,Kankavli,,MO,2859,Mudeshwar,14.8,,,कुंभवडे,कणकवली,17.9,16:40,17:25,OBL,DAILY,,कनेडी,
19195,"Kumbhawade To Kankavli",Kumbhawade,Kankavli,,MO,2786,Kankavli,17.9,,,कुंभवडे,कणकवली,17.9,16:40,17:25,OBL,DAILY,,कनेडी,
19371,"Bherdewadi To Kankavli",Bherdewadi,Kankavli,,MO,2663,Bherdewadi,,,,"नरडवे भेरदेवाडी",कणकवली,29.2,15:20,16:30,OBL,DAILY,,कनेडी,
19371,"Bherdewadi To Kankavli",Bherdewadi,Kankavli,,MO,2844,"Mail Stone",3,,,"नरडवे भेरदेवाडी",कणकवली,29.2,15:20,16:30,OBL,DAILY,,कनेडी,
19371,"Bherdewadi To Kankavli",Bherdewadi,Kankavli,,MO,2879,"Nardave Old",3.9,,,"नरडवे भेरदेवाडी",कणकवली,29.2,15:20,16:30,OBL,DAILY,,कनेडी,
19371,"Bherdewadi To Kankavli",Bherdewadi,Kankavli,,MO,2830,"Kupawade Fata",7.8,,,"नरडवे भेरदेवाडी",कणकवली,29.2,15:20,16:30,OBL,DAILY,,कनेडी,
19371,"Bherdewadi To Kankavli",Bherdewadi,Kankavli,,MO,2838,"Londha Pool",10.3,,,"नरडवे भेरदेवाडी",कणकवली,29.2,15:20,16:30,OBL,DAILY,,कनेडी,
19371,"Bherdewadi To Kankavli",Bherdewadi,Kankavli,,MO,2715,"Forest Nursary",11.2,,,"नरडवे भेरदेवाडी",कणकवली,29.2,15:20,16:30,OBL,DAILY,,कनेडी,
19371,"Bherdewadi To Kankavli",Bherdewadi,Kankavli,,MO,2925,"Rajwadi Fata",11.7,,,"नरडवे भेरदेवाडी",कणकवली,29.2,15:20,16:30,OBL,DAILY,,कनेडी,
19371,"Bherdewadi To Kankavli",Bherdewadi,Kankavli,,MO,2852,"Maruti Mandir",13.7,,,"नरडवे भेरदेवाडी",कणकवली,29.2,15:20,16:30,OBL,DAILY,,कनेडी,
19371,"Bherdewadi To Kankavli",Bherdewadi,Kankavli,,MO,2782,Kanedi,17,,,"नरडवे भेरदेवाडी",कणकवली,29.2,15:20,16:30,OBL,DAILY,,कनेडी,
19371,"Bherdewadi To Kankavli",Bherdewadi,Kankavli,,MO,2945,"Sangave Mandir",20,,,"नरडवे भेरदेवाडी",कणकवली,29.2,15:20,16:30,OBL,DAILY,,कनेडी,
19371,"Bherdewadi To Kankavli",Bherdewadi,Kankavli,,MO,2660,"Bhat Dukan",23,,,"नरडवे भेरदेवाडी",कणकवली,29.2,15:20,16:30,OBL,DAILY,,कनेडी,
19371,"Bherdewadi To Kankavli",Bherdewadi,Kankavli,,MO,2712,"Enginering Collage",25.2,,,"नरडवे भेरदेवाडी",कणकवली,29.2,15:20,16:30,OBL,DAILY,,कनेडी,
19371,"Bherdewadi To Kankavli",Bherdewadi,Kankavli,,MO,2859,Mudeshwar,26.1,,,"नरडवे भेरदेवाडी",कणकवली,29.2,15:20,16:30,OBL,DAILY,,कनेडी,
19371,"Bherdewadi To Kankavli",Bherdewadi,Kankavli,,MO,2786,Kankavli,29.2,,,"नरडवे भेरदेवाडी",कणकवली,29.2,15:20,16:30,OBL,DAILY,,कनेडी,
19399,"Rajwadi To Kankavli",Rajwadi,Kankavli,,MO,2924,Rajwadi,,,,राजवाडी,कणकवली,18.5,08:10,08:50,NON,DAILY,,कनेडी,
19399,"Rajwadi To Kankavli",Rajwadi,Kankavli,,MO,2925,"Rajwadi Fata",0.5,,,राजवाडी,कणकवली,18.5,08:10,08:50,NON,DAILY,,कनेडी,
19399,"Rajwadi To Kankavli",Rajwadi,Kankavli,,MO,2852,"Maruti Mandir",2.5,,,राजवाडी,कणकवली,18.5,08:10,08:50,NON,DAILY,,कनेडी,
19399,"Rajwadi To Kankavli",Rajwadi,Kankavli,,MO,2782,Kanedi,5.8,,,राजवाडी,कणकवली,18.5,08:10,08:50,NON,DAILY,,कनेडी,
19399,"Rajwadi To Kankavli",Rajwadi,Kankavli,,MO,2945,"Sangave Mandir",8.8,,,राजवाडी,कणकवली,18.5,08:10,08:50,NON,DAILY,,कनेडी,
19399,"Rajwadi To Kankavli",Rajwadi,Kankavli,,MO,2660,"Bhat Dukan",11.8,,,राजवाडी,कणकवली,18.5,08:10,08:50,NON,DAILY,,कनेडी,
19399,"Rajwadi To Kankavli",Rajwadi,Kankavli,,MO,2859,Mudeshwar,14.9,,,राजवाडी,कणकवली,18.5,08:10,08:50,NON,DAILY,,कनेडी,
19399,"Rajwadi To Kankavli",Rajwadi,Kankavli,,MO,2786,Kankavli,18.5,,,राजवाडी,कणकवली,18.5,08:10,08:50,NON,DAILY,,कनेडी,
19418,"Kajarghati To Kankavli",Kajarghati,Kankavli,,MO,1763,Kajarghati,,,,"शिरगाव (काजरघाटी)",कणकवली,35.2,16:40,18:10,NON,DAILY,,"सांडवे बिडवाडी,कुंभारवाडी,",
19418,"Kajarghati To Kankavli",Kajarghati,Kankavli,,MO,1971,Rakasghati,1.1,,,"शिरगाव (काजरघाटी)",कणकवली,35.2,16:40,18:10,NON,DAILY,,"सांडवे बिडवाडी,कुंभारवाडी,",
19418,"Kajarghati To Kankavli",Kajarghati,Kankavli,,MO,1990,Shrigaon,5,,,"शिरगाव (काजरघाटी)",कणकवली,35.2,16:40,18:10,NON,DAILY,,"सांडवे बिडवाडी,कुंभारवाडी,",
19418,"Kajarghati To Kankavli",Kajarghati,Kankavli,,MO,1677,"Choukewadi Fata",7.6,,,"शिरगाव (काजरघाटी)",कणकवली,35.2,16:40,18:10,NON,DAILY,,"सांडवे बिडवाडी,कुंभारवाडी,",
19418,"Kajarghati To Kankavli",Kajarghati,Kankavli,,MO,1982,"Salshi Mandir",11,,,"शिरगाव (काजरघाटी)",कणकवली,35.2,16:40,18:10,NON,DAILY,,"सांडवे बिडवाडी,कुंभारवाडी,",
19418,"Kajarghati To Kankavli",Kajarghati,Kankavli,,MO,1824,"Kuwale Dand",13.4,,,"शिरगाव (काजरघाटी)",कणकवली,35.2,16:40,18:10,NON,DAILY,,"सांडवे बिडवाडी,कुंभारवाडी,",
19418,"Kajarghati To Kankavli",Kajarghati,Kankavli,,MO,1825,"Kuwale Parabwadi",15,,,"शिरगाव (काजरघाटी)",कणकवली,35.2,16:40,18:10,NON,DAILY,,"सांडवे बिडवाडी,कुंभारवाडी,",
19418,"Kajarghati To Kankavli",Kajarghati,Kankavli,,MO,1998,Tambalwadi,15.6,,,"शिरगाव (काजरघाटी)",कणकवली,35.2,16:40,18:10,NON,DAILY,,"सांडवे बिडवाडी,कुंभारवाडी,",
19418,"Kajarghati To Kankavli",Kajarghati,Kankavli,,MO,1621,Agarwadi,17.8,,,"शिरगाव (काजरघाटी)",कणकवली,35.2,16:40,18:10,NON,DAILY,,"सांडवे बिडवाडी,कुंभारवाडी,",
19418,"Kajarghati To Kankavli",Kajarghati,Kankavli,,MO,2005,Talewadi,18.9,,,"शिरगाव (काजरघाटी)",कणकवली,35.2,16:40,18:10,NON,DAILY,,"सांडवे बिडवाडी,कुंभारवाडी,",
19418,"Kajarghati To Kankavli",Kajarghati,Kankavli,,MO,1921,Parabwadi,20.1,,,"शिरगाव (काजरघाटी)",कणकवली,35.2,16:40,18:10,NON,DAILY,,"सांडवे बिडवाडी,कुंभारवाडी,",
19418,"Kajarghati To Kankavli",Kajarghati,Kankavli,,MO,6988,"Sandave High School",22.6,,,"शिरगाव (काजरघाटी)",कणकवली,35.2,16:40,18:10,NON,DAILY,,"सांडवे बिडवाडी,कुंभारवाडी,",
19418,"Kajarghati To Kankavli",Kajarghati,Kankavli,,MO,6933,Masurkarwadi,23,,,"शिरगाव (काजरघाटी)",कणकवली,35.2,16:40,18:10,NON,DAILY,,"सांडवे बिडवाडी,कुंभारवाडी,",
19418,"Kajarghati To Kankavli",Kajarghati,Kankavli,,MO,2683,Chinchawali,25.2,,,"शिरगाव (काजरघाटी)",कणकवली,35.2,16:40,18:10,NON,DAILY,,"सांडवे बिडवाडी,कुंभारवाडी,",
19418,"Kajarghati To Kankavli",Kajarghati,Kankavli,,MO,2666,"Bidwadi Gpo",26,,,"शिरगाव (काजरघाटी)",कणकवली,35.2,16:40,18:10,NON,DAILY,,"सांडवे बिडवाडी,कुंभारवाडी,",
19418,"Kajarghati To Kankavli",Kajarghati,Kankavli,,MO,2755,"Humbarne Society",26.7,,,"शिरगाव (काजरघाटी)",कणकवली,35.2,16:40,18:10,NON,DAILY,,"सांडवे बिडवाडी,कुंभारवाडी,",
19418,"Kajarghati To Kankavli",Kajarghati,Kankavli,,MO,2910,"Pise Kamte School",27.4,,,"शिरगाव (काजरघाटी)",कणकवली,35.2,16:40,18:10,NON,DAILY,,"सांडवे बिडवाडी,कुंभारवाडी,",
19418,"Kajarghati To Kankavli",Kajarghati,Kankavli,,MO,2844,"Mail Stone",29,,,"शिरगाव (काजरघाटी)",कणकवली,35.2,16:40,18:10,NON,DAILY,,"सांडवे बिडवाडी,कुंभारवाडी,",
19418,"Kajarghati To Kankavli",Kajarghati,Kankavli,,MO,2836,"Kuweskar Dukan",30,,,"शिरगाव (काजरघाटी)",कणकवली,35.2,16:40,18:10,NON,DAILY,,"सांडवे बिडवाडी,कुंभारवाडी,",
19418,"Kajarghati To Kankavli",Kajarghati,Kankavli,,MO,3008,"Warawade Bridge",32.1,,,"शिरगाव (काजरघाटी)",कणकवली,35.2,16:40,18:10,NON,DAILY,,"सांडवे बिडवाडी,कुंभारवाडी,",
19418,"Kajarghati To Kankavli",Kajarghati,Kankavli,,MO,2786,Kankavli,35.2,,,"शिरगाव (काजरघाटी)",कणकवली,35.2,16:40,18:10,NON,DAILY,,"सांडवे बिडवाडी,कुंभारवाडी,",
19839,"Bholewadi To Tarla",Bholewadi,Tarla,,MO,1648,Bholewadi,,,,भोळेवाडी,तरळे,19.6,15:15,16:00,SC,DAILY,,नाद,
19839,"Bholewadi To Tarla",Bholewadi,Tarla,,MO,1898,"Nad Buddhawadi",4.6,,,भोळेवाडी,तरळे,19.6,15:15,16:00,SC,DAILY,,नाद,
19839,"Bholewadi To Tarla",Bholewadi,Tarla,,MO,1900,"Nad Grampanchayat",6.6,,,भोळेवाडी,तरळे,19.6,15:15,16:00,SC,DAILY,,नाद,
19839,"Bholewadi To Tarla",Bholewadi,Tarla,,MO,1962,"Rameshwar Mandir",7.6,,,भोळेवाडी,तरळे,19.6,15:15,16:00,SC,DAILY,,नाद,
19839,"Bholewadi To Tarla",Bholewadi,Tarla,,MO,1736,"Gavane Fata",10.6,,,भोळेवाडी,तरळे,19.6,15:15,16:00,SC,DAILY,,नाद,
19839,"Bholewadi To Tarla",Bholewadi,Tarla,,MO,2965,Shirawali,13.8,,,भोळेवाडी,तरळे,19.6,15:15,16:00,SC,DAILY,,नाद,
19839,"Bholewadi To Tarla",Bholewadi,Tarla,,MO,2844,"Mail Stone",16.6,,,भोळेवाडी,तरळे,19.6,15:15,16:00,SC,DAILY,,नाद,
19839,"Bholewadi To Tarla",Bholewadi,Tarla,,MO,2696,Darom,17.6,,,भोळेवाडी,तरळे,19.6,15:15,16:00,SC,DAILY,,नाद,
19839,"Bholewadi To Tarla",Bholewadi,Tarla,,MO,2982,Tarla,19.6,,,भोळेवाडी,तरळे,19.6,15:15,16:00,SC,DAILY,,नाद,
19847,"Phonda To Tarla Via Gadmath Shala",Phonda,Tarla,"GADMATH SHALA",MO,2904,Phonda,,,,फोंडा,तरळा,21,07:30,08:10,MV,DAILY,,गडमठ,
19847,"Phonda To Tarla Via Gadmath Shala",Phonda,Tarla,"GADMATH SHALA",MO,2858,"Mona Wahal",3,,,फोंडा,तरळा,21,07:30,08:10,MV,DAILY,,गडमठ,
19847,"Phonda To Tarla Via Gadmath Shala",Phonda,Tarla,"GADMATH SHALA",MO,2839,"Lore Bangala",6.2,,,फोंडा,तरळा,21,07:30,08:10,MV,DAILY,,गडमठ,
19847,"Phonda To Tarla Via Gadmath Shala",Phonda,Tarla,"GADMATH SHALA",MO,2735,"Gosavi Hotel",8.2,,,फोंडा,तरळा,21,07:30,08:10,MV,DAILY,,गडमठ,
19847,"Phonda To Tarla Via Gadmath Shala",Phonda,Tarla,"GADMATH SHALA",MO,2932,"Rly. Bridge",9.3,,,फोंडा,तरळा,21,07:30,08:10,MV,DAILY,,गडमठ,
19847,"Phonda To Tarla Via Gadmath Shala",Phonda,Tarla,"GADMATH SHALA",MO,2719,"Gadmath Shala",10.3,,,फोंडा,तरळा,21,07:30,08:10,MV,DAILY,,गडमठ,
19847,"Phonda To Tarla Via Gadmath Shala",Phonda,Tarla,"GADMATH SHALA",MO,2948,Satamwadi,12,,,फोंडा,तरळा,21,07:30,08:10,MV,DAILY,,गडमठ,
19847,"Phonda To Tarla Via Gadmath Shala",Phonda,Tarla,"GADMATH SHALA",MO,2687,Dabwadi,15,,,फोंडा,तरळा,21,07:30,08:10,MV,DAILY,,गडमठ,
19847,"Phonda To Tarla Via Gadmath Shala",Phonda,Tarla,"GADMATH SHALA",MO,2799,"Kasarde Phc",18,,,फोंडा,तरळा,21,07:30,08:10,MV,DAILY,,गडमठ,
19847,"Phonda To Tarla Via Gadmath Shala",Phonda,Tarla,"GADMATH SHALA",MO,2982,Tarla,21,,,फोंडा,तरळा,21,07:30,08:10,MV,DAILY,,गडमठ,
19850,"Patgaon To Tarla",Patgaon,Tarla,,MO,1948,Patgaon,,,,पाटगाव,तरळे,39.8,07:30,09:00,SC,DAILY,,,
19850,"Patgaon To Tarla",Patgaon,Tarla,,MO,1726,Gaothan,3,,,पाटगाव,तरळे,39.8,07:30,09:00,SC,DAILY,,,
19850,"Patgaon To Tarla",Patgaon,Tarla,,MO,1738,"Gowal Fata",6,,,पाटगाव,तरळे,39.8,07:30,09:00,SC,DAILY,,,
19850,"Patgaon To Tarla",Patgaon,Tarla,,MO,1706,Fanasgaon,8,,,पाटगाव,तरळे,39.8,07:30,09:00,SC,DAILY,,,
19850,"Patgaon To Tarla",Patgaon,Tarla,,MO,2024,"Undil Titha",9,,,पाटगाव,तरळे,39.8,07:30,09:00,SC,DAILY,,,
19850,"Patgaon To Tarla",Patgaon,Tarla,,MO,1706,Fanasgaon,10.8,,,पाटगाव,तरळे,39.8,07:30,09:00,SC,DAILY,,,
19850,"Patgaon To Tarla",Patgaon,Tarla,,MO,2009,Tambewadi,12,,,पाटगाव,तरळे,39.8,07:30,09:00,SC,DAILY,,,
19850,"Patgaon To Tarla",Patgaon,Tarla,,MO,1849,"Mile Stone",15,,,पाटगाव,तरळे,39.8,07:30,09:00,SC,DAILY,,,
19850,"Patgaon To Tarla",Patgaon,Tarla,,MO,1844,"Mahalunge Gpo",15.9,,,पाटगाव,तरळे,39.8,07:30,09:00,SC,DAILY,,,
19850,"Patgaon To Tarla",Patgaon,Tarla,,MO,1995,"Thaneshwar Mandir",18,,,पाटगाव,तरळे,39.8,07:30,09:00,SC,DAILY,,,
19850,"Patgaon To Tarla",Patgaon,Tarla,,MO,1889,"Mahalunge School",21,,,पाटगाव,तरळे,39.8,07:30,09:00,SC,DAILY,,,
19850,"Patgaon To Tarla",Patgaon,Tarla,,MO,1705,Dewoolwadi,24,,,पाटगाव,तरळे,39.8,07:30,09:00,SC,DAILY,,,
19850,"Patgaon To Tarla",Patgaon,Tarla,,MO,1889,"Mahalunge School",25.2,,,पाटगाव,तरळे,39.8,07:30,09:00,SC,DAILY,,,
19850,"Patgaon To Tarla",Patgaon,Tarla,,MO,1995,"Thaneshwar Mandir",27,,,पाटगाव,तरळे,39.8,07:30,09:00,SC,DAILY,,,
19850,"Patgaon To Tarla",Patgaon,Tarla,,MO,1844,"Mahalunge Gpo",28.2,,,पाटगाव,तरळे,39.8,07:30,09:00,SC,DAILY,,,
19850,"Patgaon To Tarla",Patgaon,Tarla,,MO,1849,"Mile Stone",30,,,पाटगाव,तरळे,39.8,07:30,09:00,SC,DAILY,,,
19850,"Patgaon To Tarla",Patgaon,Tarla,,MO,2002,"Tamhane Titha",31.2,,,पाटगाव,तरळे,39.8,07:30,09:00,SC,DAILY,,,
19850,"Patgaon To Tarla",Patgaon,Tarla,,MO,2009,Tambewadi,33,,,पाटगाव,तरळे,39.8,07:30,09:00,SC,DAILY,,,
19850,"Patgaon To Tarla",Patgaon,Tarla,,MO,2024,"Undil Titha",36,,,पाटगाव,तरळे,39.8,07:30,09:00,SC,DAILY,,,
19850,"Patgaon To Tarla",Patgaon,Tarla,,MO,1752,Hasnadi,37.4,,,पाटगाव,तरळे,39.8,07:30,09:00,SC,DAILY,,,
19850,"Patgaon To Tarla",Patgaon,Tarla,,MO,1665,Burumbewade,38.8,,,पाटगाव,तरळे,39.8,07:30,09:00,SC,DAILY,,,
19850,"Patgaon To Tarla",Patgaon,Tarla,,MO,1700,Darom,38.9,,,पाटगाव,तरळे,39.8,07:30,09:00,SC,DAILY,,,
19850,"Patgaon To Tarla",Patgaon,Tarla,,MO,2982,Tarla,39.8,,,पाटगाव,तरळे,39.8,07:30,09:00,SC,DAILY,,,
59042,"Sindhudurgnagari To Kankavli Via Kasal",Sindhudurgnagari,Kankavli,KASAL,MO,6408,Sindhudurgnagari,,,,सिंधुदुर्गनगरी,कणकवली,24,10:20,11:05,NON,"SAT,SUN",,,
59042,"Sindhudurgnagari To Kankavli Via Kasal",Sindhudurgnagari,Kankavli,KASAL,MO,6362,"Oros Bus Stnad",3,,,सिंधुदुर्गनगरी,कणकवली,24,10:20,11:05,NON,"SAT,SUN",,,
59042,"Sindhudurgnagari To Kankavli Via Kasal",Sindhudurgnagari,Kankavli,KASAL,MO,6116,Awali,6,,,सिंधुदुर्गनगरी,कणकवली,24,10:20,11:05,NON,"SAT,SUN",,,
59042,"Sindhudurgnagari To Kankavli Via Kasal",Sindhudurgnagari,Kankavli,KASAL,MO,6281,Kasal,9,,,सिंधुदुर्गनगरी,कणकवली,24,10:20,11:05,NON,"SAT,SUN",,,
59042,"Sindhudurgnagari To Kankavli Via Kasal",Sindhudurgnagari,Kankavli,KASAL,MO,6315,"Mile Stone",12,,,सिंधुदुर्गनगरी,कणकवली,24,10:20,11:05,NON,"SAT,SUN",,,
59042,"Sindhudurgnagari To Kankavli Via Kasal",Sindhudurgnagari,Kankavli,KASAL,MO,2890,"Osargaon Post",12.1,,,सिंधुदुर्गनगरी,कणकवली,24,10:20,11:05,NON,"SAT,SUN",,,
59042,"Sindhudurgnagari To Kankavli Via Kasal",Sindhudurgnagari,Kankavli,KASAL,MO,2891,"Osargaon Talav",15,,,सिंधुदुर्गनगरी,कणकवली,24,10:20,11:05,NON,"SAT,SUN",,,
59042,"Sindhudurgnagari To Kankavli Via Kasal",Sindhudurgnagari,Kankavli,KASAL,MO,2692,Dangalwadi,18,,,सिंधुदुर्गनगरी,कणकवली,24,10:20,11:05,NON,"SAT,SUN",,,
59042,"Sindhudurgnagari To Kankavli Via Kasal",Sindhudurgnagari,Kankavli,KASAL,MO,3002,Wagde,21,,,सिंधुदुर्गनगरी,कणकवली,24,10:20,11:05,NON,"SAT,SUN",,,
59042,"Sindhudurgnagari To Kankavli Via Kasal",Sindhudurgnagari,Kankavli,KASAL,MO,2786,Kankavli,24,,,सिंधुदुर्गनगरी,कणकवली,24,10:20,11:05,NON,"SAT,SUN",,,
59676,"Kasal To Shirval Via Kalsuli Post",Kasal,Shirval,"KALSULI POST",MO,6281,Kasal,,,,कसाल,शिरवळ,20,08:55,09:40,SC,SUN,,कळसुली,
59676,"Kasal To Shirval Via Kalsuli Post",Kasal,Shirval,"KALSULI POST",MO,6315,"Mile Stone",3,,,कसाल,शिरवळ,20,08:55,09:40,SC,SUN,,कळसुली,
59676,"Kasal To Shirval Via Kalsuli Post",Kasal,Shirval,"KALSULI POST",MO,6264,Kunde,6,,,कसाल,शिरवळ,20,08:55,09:40,SC,SUN,,कळसुली,
59676,"Kasal To Shirval Via Kalsuli Post",Kasal,Shirval,"KALSULI POST",MO,6371,"Pokharan School",9,,,कसाल,शिरवळ,20,08:55,09:40,SC,SUN,,कळसुली,
59676,"Kasal To Shirval Via Kalsuli Post",Kasal,Shirval,"KALSULI POST",MO,6090,Ambrad,12,,,कसाल,शिरवळ,20,08:55,09:40,SC,SUN,,कळसुली,
59676,"Kasal To Shirval Via Kalsuli Post",Kasal,Shirval,"KALSULI POST",MO,2718,Gadgewadi,15,,,कसाल,शिरवळ,20,08:55,09:40,SC,SUN,,कळसुली,
59676,"Kasal To Shirval Via Kalsuli Post",Kasal,Shirval,"KALSULI POST",MO,2779,"Kalsuli Post",18,,,कसाल,शिरवळ,20,08:55,09:40,SC,SUN,,कळसुली,
59676,"Kasal To Shirval Via Kalsuli Post",Kasal,Shirval,"KALSULI POST",MO,2969,"Shirval Phanas",21,,,कसाल,शिरवळ,20,08:55,09:40,SC,SUN,,कळसुली,
59676,"Kasal To Shirval Via Kalsuli Post",Kasal,Shirval,"KALSULI POST",MO,2967,Shirval,24,,,कसाल,शिरवळ,20,08:55,09:40,SC,SUN,,कळसुली,
83319,"Jambhawade Guravwadi To Vaibhavwadi Via Upale","Jambhawade Guravwadi",Vaibhavwadi,UPALE,MO,9210,"Jambhawade Guravwadi",,,,जांभवडे,वैभववाडी,38.2,14:15,15:45,MV,SUNDAY,,"नेर्ले हेत कुसुर",
83319,"Jambhawade Guravwadi To Vaibhavwadi Via Upale","Jambhawade Guravwadi",Vaibhavwadi,UPALE,MO,9256,"Pawar Ghar",3,,,जांभवडे,वैभववाडी,38.2,14:15,15:45,MV,SUNDAY,,"नेर्ले हेत कुसुर",
83319,"Jambhawade Guravwadi To Vaibhavwadi Via Upale","Jambhawade Guravwadi",Vaibhavwadi,UPALE,MO,9229,"Mail Dagad",6,,,जांभवडे,वैभववाडी,38.2,14:15,15:45,MV,SUNDAY,,"नेर्ले हेत कुसुर",
83319,"Jambhawade Guravwadi To Vaibhavwadi Via Upale","Jambhawade Guravwadi",Vaibhavwadi,UPALE,MO,9253,"Pachal Fata",7,,,जांभवडे,वैभववाडी,38.2,14:15,15:45,MV,SUNDAY,,"नेर्ले हेत कुसुर",
83319,"Jambhawade Guravwadi To Vaibhavwadi Via Upale","Jambhawade Guravwadi",Vaibhavwadi,UPALE,MO,9283,Tirvade,8,,,जांभवडे,वैभववाडी,38.2,14:15,15:45,MV,SUNDAY,,"नेर्ले हेत कुसुर",
83319,"Jambhawade Guravwadi To Vaibhavwadi Via Upale","Jambhawade Guravwadi",Vaibhavwadi,UPALE,MO,9251,"Nerle High School",9,,,जांभवडे,वैभववाडी,38.2,14:15,15:45,MV,SUNDAY,,"नेर्ले हेत कुसुर",
83319,"Jambhawade Guravwadi To Vaibhavwadi Via Upale","Jambhawade Guravwadi",Vaibhavwadi,UPALE,MO,9200,Ghati,12,,,जांभवडे,वैभववाडी,38.2,14:15,15:45,MV,SUNDAY,,"नेर्ले हेत कुसुर",
83319,"Jambhawade Guravwadi To Vaibhavwadi Via Upale","Jambhawade Guravwadi",Vaibhavwadi,UPALE,MO,9288,Upale,15,,,जांभवडे,वैभववाडी,38.2,14:15,15:45,MV,SUNDAY,,"नेर्ले हेत कुसुर",
83319,"Jambhawade Guravwadi To Vaibhavwadi Via Upale","Jambhawade Guravwadi",Vaibhavwadi,UPALE,MO,9271,"Shevari Fata",16.9,,,जांभवडे,वैभववाडी,38.2,14:15,15:45,MV,SUNDAY,,"नेर्ले हेत कुसुर",
83319,"Jambhawade Guravwadi To Vaibhavwadi Via Upale","Jambhawade Guravwadi",Vaibhavwadi,UPALE,MO,9207,"Het School",18,,,जांभवडे,वैभववाडी,38.2,14:15,15:45,MV,SUNDAY,,"नेर्ले हेत कुसुर",
83319,"Jambhawade Guravwadi To Vaibhavwadi Via Upale","Jambhawade Guravwadi",Vaibhavwadi,UPALE,MO,9190,Dhangarwadi,21,,,जांभवडे,वैभववाडी,38.2,14:15,15:45,MV,SUNDAY,,"नेर्ले हेत कुसुर",
83319,"Jambhawade Guravwadi To Vaibhavwadi Via Upale","Jambhawade Guravwadi",Vaibhavwadi,UPALE,MO,9186,Bhuibavada,24,,,जांभवडे,वैभववाडी,38.2,14:15,15:45,MV,SUNDAY,,"नेर्ले हेत कुसुर",
83319,"Jambhawade Guravwadi To Vaibhavwadi Via Upale","Jambhawade Guravwadi",Vaibhavwadi,UPALE,MO,9282,Tirawade,25.6,,,जांभवडे,वैभववाडी,38.2,14:15,15:45,MV,SUNDAY,,"नेर्ले हेत कुसुर",
83319,"Jambhawade Guravwadi To Vaibhavwadi Via Upale","Jambhawade Guravwadi",Vaibhavwadi,UPALE,MO,9260,"Radhakrishna Mandir",27,,,जांभवडे,वैभववाडी,38.2,14:15,15:45,MV,SUNDAY,,"नेर्ले हेत कुसुर",
83319,"Jambhawade Guravwadi To Vaibhavwadi Via Upale","Jambhawade Guravwadi",Vaibhavwadi,UPALE,MO,9196,Gawalwadi,27.9,,,जांभवडे,वैभववाडी,38.2,14:15,15:45,MV,SUNDAY,,"नेर्ले हेत कुसुर",
83319,"Jambhawade Guravwadi To Vaibhavwadi Via Upale","Jambhawade Guravwadi",Vaibhavwadi,UPALE,MO,9277,Sutarwadi,30,,,जांभवडे,वैभववाडी,38.2,14:15,15:45,MV,SUNDAY,,"नेर्ले हेत कुसुर",
83319,"Jambhawade Guravwadi To Vaibhavwadi Via Upale","Jambhawade Guravwadi",Vaibhavwadi,UPALE,MO,9226,"Kusur Bazarwadi",33,,,जांभवडे,वैभववाडी,38.2,14:15,15:45,MV,SUNDAY,,"नेर्ले हेत कुसुर",
83319,"Jambhawade Guravwadi To Vaibhavwadi Via Upale","Jambhawade Guravwadi",Vaibhavwadi,UPALE,MO,9274,Sonali,36,,,जांभवडे,वैभववाडी,38.2,14:15,15:45,MV,SUNDAY,,"नेर्ले हेत कुसुर",
83319,"Jambhawade Guravwadi To Vaibhavwadi Via Upale","Jambhawade Guravwadi",Vaibhavwadi,UPALE,MO,9291,Vaibhavwadi,38.2,,,जांभवडे,वैभववाडी,38.2,14:15,15:45,MV,SUNDAY,,"नेर्ले हेत कुसुर",
83896,"Kokisare To Vaibhavwadi",Kokisare,Vaibhavwadi,,MO,9218,Kokisare,,,,कोकिसरे,वैभववाडी,5.2,16:35,16:45,MV,DAILY,,,
83896,"Kokisare To Vaibhavwadi",Kokisare,Vaibhavwadi,,MO,9229,"Mail Dagad",2.2,,,कोकिसरे,वैभववाडी,5.2,16:35,16:45,MV,DAILY,,,
83896,"Kokisare To Vaibhavwadi",Kokisare,Vaibhavwadi,,MO,9291,Vaibhavwadi,5.2,,,कोकिसरे,वैभववाडी,5.2,16:35,16:45,MV,DAILY,,,
90005,"Kankavli To Sonawade Via Ghotage",Kankavli,Sonawade,GHOTAGE,MO,2786,Kankavli,,,,कणकवली,सोनवडे,26.6,07:30,08:40,SC,DAILY,,,
90005,"Kankavli To Sonawade Via Ghotage",Kankavli,Sonawade,GHOTAGE,MO,2742,"Halwal Giran",3,,,कणकवली,सोनवडे,26.6,07:30,08:40,SC,DAILY,,,
90005,"Kankavli To Sonawade Via Ghotage",Kankavli,Sonawade,GHOTAGE,MO,2968,"Shirval Fata",4.25,,,कणकवली,सोनवडे,26.6,07:30,08:40,SC,DAILY,,,
90005,"Kankavli To Sonawade Via Ghotage",Kankavli,Sonawade,GHOTAGE,MO,2971,"Shivdav Fata",6,,,कणकवली,सोनवडे,26.6,07:30,08:40,SC,DAILY,,,
90005,"Kankavli To Sonawade Via Ghotage",Kankavli,Sonawade,GHOTAGE,MO,2969,"Shirval Phanas",9,,,कणकवली,सोनवडे,26.6,07:30,08:40,SC,DAILY,,,
90005,"Kankavli To Sonawade Via Ghotage",Kankavli,Sonawade,GHOTAGE,MO,2709,Dongari,10.2,,,कणकवली,सोनवडे,26.6,07:30,08:40,SC,DAILY,,,
90005,"Kankavli To Sonawade Via Ghotage",Kankavli,Sonawade,GHOTAGE,MO,2752,"Hed Shivdav Fata",12,,,कणकवली,सोनवडे,26.6,07:30,08:40,SC,DAILY,,,
90005,"Kankavli To Sonawade Via Ghotage",Kankavli,Sonawade,GHOTAGE,MO,6211,"Hardi Titha",15,,,कणकवली,सोनवडे,26.6,07:30,08:40,SC,DAILY,,,
90005,"Kankavli To Sonawade Via Ghotage",Kankavli,Sonawade,GHOTAGE,MO,6234,"Kupawade Vinanti",18,,,कणकवली,सोनवडे,26.6,07:30,08:40,SC,DAILY,,,
90005,"Kankavli To Sonawade Via Ghotage",Kankavli,Sonawade,GHOTAGE,MO,6225,"Jambhavade Bhagwati Mandir",21,,,कणकवली,सोनवडे,26.6,07:30,08:40,SC,DAILY,,,
90005,"Kankavli To Sonawade Via Ghotage",Kankavli,Sonawade,GHOTAGE,MO,6179,Ghotage,24,,,कणकवली,सोनवडे,26.6,07:30,08:40,SC,DAILY,,,
90005,"Kankavli To Sonawade Via Ghotage",Kankavli,Sonawade,GHOTAGE,MO,6418,Sonawade,26.6,,,कणकवली,सोनवडे,26.6,07:30,08:40,SC,DAILY,,,
90113,"Kharepatan To Vaibhavwadi Via Jamade Bridge",Kharepatan,Vaibhavwadi,"JAMADE BRIDGE",MO,2812,Kharepatan,,,,खारेपाटण,वैभववाडी,27,07:00,08:00,MV,SUNDAY,,"तिहवलि दिक्षी कुसुर",
90113,"Kharepatan To Vaibhavwadi Via Jamade Bridge",Kharepatan,Vaibhavwadi,"JAMADE BRIDGE",MO,14731,"Mosam Hotel",3,,,खारेपाटण,वैभववाडी,27,07:00,08:00,MV,SUNDAY,,"तिहवलि दिक्षी कुसुर",
90113,"Kharepatan To Vaibhavwadi Via Jamade Bridge",Kharepatan,Vaibhavwadi,"JAMADE BRIDGE",MO,14805,"Mosam Bridge",6,,,खारेपाटण,वैभववाडी,27,07:00,08:00,MV,SUNDAY,,"तिहवलि दिक्षी कुसुर",
90113,"Kharepatan To Vaibhavwadi Via Jamade Bridge",Kharepatan,Vaibhavwadi,"JAMADE BRIDGE",MO,9209,"Jamade Bridge",9,,,खारेपाटण,वैभववाडी,27,07:00,08:00,MV,SUNDAY,,"तिहवलि दिक्षी कुसुर",
90113,"Kharepatan To Vaibhavwadi Via Jamade Bridge",Kharepatan,Vaibhavwadi,"JAMADE BRIDGE",MO,9284,Tithavali,12,,,खारेपाटण,वैभववाडी,27,07:00,08:00,MV,SUNDAY,,"तिहवलि दिक्षी कुसुर",
90113,"Kharepatan To Vaibhavwadi Via Jamade Bridge",Kharepatan,Vaibhavwadi,"JAMADE BRIDGE",MO,9279,Tawadewadi,15,,,खारेपाटण,वैभववाडी,27,07:00,08:00,MV,SUNDAY,,"तिहवलि दिक्षी कुसुर",
90113,"Kharepatan To Vaibhavwadi Via Jamade Bridge",Kharepatan,Vaibhavwadi,"JAMADE BRIDGE",MO,9192,Dikshi,16.7,,,खारेपाटण,वैभववाडी,27,07:00,08:00,MV,SUNDAY,,"तिहवलि दिक्षी कुसुर",
90113,"Kharepatan To Vaibhavwadi Via Jamade Bridge",Kharepatan,Vaibhavwadi,"JAMADE BRIDGE",MO,9229,"Mail Dagad",18,,,खारेपाटण,वैभववाडी,27,07:00,08:00,MV,SUNDAY,,"तिहवलि दिक्षी कुसुर",
90113,"Kharepatan To Vaibhavwadi Via Jamade Bridge",Kharepatan,Vaibhavwadi,"JAMADE BRIDGE",MO,9226,"Kusur Bazarwadi",21,,,खारेपाटण,वैभववाडी,27,07:00,08:00,MV,SUNDAY,,"तिहवलि दिक्षी कुसुर",
90113,"Kharepatan To Vaibhavwadi Via Jamade Bridge",Kharepatan,Vaibhavwadi,"JAMADE BRIDGE",MO,9247,"Narkar Dukan",24,,,खारेपाटण,वैभववाडी,27,07:00,08:00,MV,SUNDAY,,"तिहवलि दिक्षी कुसुर",
90113,"Kharepatan To Vaibhavwadi Via Jamade Bridge",Kharepatan,Vaibhavwadi,"JAMADE BRIDGE",MO,9291,Vaibhavwadi,27,,,खारेपाटण,वैभववाडी,27,07:00,08:00,MV,SUNDAY,,"तिहवलि दिक्षी कुसुर",
93246,"Kankavli To Hiwale Gangeshwar",Kankavli,"Hiwale Gangeshwar",,MO,2786,Kankavli,,,,कणकवली,"कसाल हिवाळे",33,06:00,07:15,SC,DAILY,"10.35 ते 12.15 विश्रांती","कसवण,आंब्रड",
93246,"Kankavli To Hiwale Gangeshwar",Kankavli,"Hiwale Gangeshwar",,MO,2736,"Gosavi Wadi Datta Mandir",3,,,कणकवली,"कसाल हिवाळे",33,06:00,07:15,SC,DAILY,"10.35 ते 12.15 विश्रांती","कसवण,आंब्रड",
93246,"Kankavli To Hiwale Gangeshwar",Kankavli,"Hiwale Gangeshwar",,MO,2807,"Kasvan Fata",6,,,कणकवली,"कसाल हिवाळे",33,06:00,07:15,SC,DAILY,"10.35 ते 12.15 विश्रांती","कसवण,आंब्रड",
93246,"Kankavli To Hiwale Gangeshwar",Kankavli,"Hiwale Gangeshwar",,MO,2976,"Talawade Mandir",9,,,कणकवली,"कसाल हिवाळे",33,06:00,07:15,SC,DAILY,"10.35 ते 12.15 विश्रांती","कसवण,आंब्रड",
93246,"Kankavli To Hiwale Gangeshwar",Kankavli,"Hiwale Gangeshwar",,MO,6090,Ambrad,12,,,कणकवली,"कसाल हिवाळे",33,06:00,07:15,SC,DAILY,"10.35 ते 12.15 विश्रांती","कसवण,आंब्रड",
93246,"Kankavli To Hiwale Gangeshwar",Kankavli,"Hiwale Gangeshwar",,MO,6371,"Pokharan School",15,,,कणकवली,"कसाल हिवाळे",33,06:00,07:15,SC,DAILY,"10.35 ते 12.15 विश्रांती","कसवण,आंब्रड",
93246,"Kankavli To Hiwale Gangeshwar",Kankavli,"Hiwale Gangeshwar",,MO,6264,Kunde,18,,,कणकवली,"कसाल हिवाळे",33,06:00,07:15,SC,DAILY,"10.35 ते 12.15 विश्रांती","कसवण,आंब्रड",
93246,"Kankavli To Hiwale Gangeshwar",Kankavli,"Hiwale Gangeshwar",,MO,6149,Chirekhan,21,,,कणकवली,"कसाल हिवाळे",33,06:00,07:15,SC,DAILY,"10.35 ते 12.15 विश्रांती","कसवण,आंब्रड",
93246,"Kankavli To Hiwale Gangeshwar",Kankavli,"Hiwale Gangeshwar",,MO,6281,Kasal,24,,,कणकवली,"कसाल हिवाळे",33,06:00,07:15,SC,DAILY,"10.35 ते 12.15 विश्रांती","कसवण,आंब्रड",
93246,"Kankavli To Hiwale Gangeshwar",Kankavli,"Hiwale Gangeshwar",,MO,2898,"Parbhatle Magam Dukan",27,,,कणकवली,"कसाल हिवाळे",33,06:00,07:15,SC,DAILY,"10.35 ते 12.15 विश्रांती","कसवण,आंब्रड",
93246,"Kankavli To Hiwale Gangeshwar",Kankavli,"Hiwale Gangeshwar",,MO,6853,"Hiwale Ratambi",30,,,कणकवली,"कसाल हिवाळे",33,06:00,07:15,SC,DAILY,"10.35 ते 12.15 विश्रांती","कसवण,आंब्रड",
93246,"Kankavli To Hiwale Gangeshwar",Kankavli,"Hiwale Gangeshwar",,MO,6890,Koleri,32,,,कणकवली,"कसाल हिवाळे",33,06:00,07:15,SC,DAILY,"10.35 ते 12.15 विश्रांती","कसवण,आंब्रड",
93246,"Kankavli To Hiwale Gangeshwar",Kankavli,"Hiwale Gangeshwar",,MO,6851,"Hiwale Gangeshwar",33,,,कणकवली,"कसाल हिवाळे",33,06:00,07:15,SC,DAILY,"10.35 ते 12.15 विश्रांती","कसवण,आंब्रड",
95074,"Ainari To Moude",Ainari,Moude,,MO,9173,Ainari,,,,ऐनारी,मौदे,21,08:20,09:00,MV,SUNDAY,,"भुइबावडा हेत",
95074,"Ainari To Moude",Ainari,Moude,,MO,9229,"Mail Dagad",3,,,ऐनारी,मौदे,21,08:20,09:00,MV,SUNDAY,,"भुइबावडा हेत",
95074,"Ainari To Moude",Ainari,Moude,,MO,9186,Bhuibavada,6,,,ऐनारी,मौदे,21,08:20,09:00,MV,SUNDAY,,"भुइबावडा हेत",
95074,"Ainari To Moude",Ainari,Moude,,MO,9198,"Ghat Matha",9,,,ऐनारी,मौदे,21,08:20,09:00,MV,SUNDAY,,"भुइबावडा हेत",
95074,"Ainari To Moude",Ainari,Moude,,MO,9207,"Het School",12,,,ऐनारी,मौदे,21,08:20,09:00,MV,SUNDAY,,"भुइबावडा हेत",
95074,"Ainari To Moude",Ainari,Moude,,MO,9175,Akhavane,15,,,ऐनारी,मौदे,21,08:20,09:00,MV,SUNDAY,,"भुइबावडा हेत",
95074,"Ainari To Moude",Ainari,Moude,,MO,9183,Bhom,17.2,,,ऐनारी,मौदे,21,08:20,09:00,MV,SUNDAY,,"भुइबावडा हेत",
95074,"Ainari To Moude",Ainari,Moude,,MO,9202,Guravwadi,18,,,ऐनारी,मौदे,21,08:20,09:00,MV,SUNDAY,,"भुइबावडा हेत",
95074,"Ainari To Moude",Ainari,Moude,,MO,9239,Moude,21,,,ऐनारी,मौदे,21,08:20,09:00,MV,SUNDAY,,"भुइबावडा हेत",
113215,"Shidawane Dukan To Kharepatan","Shidawane Dukan",Kharepatan,,MO,2962,"Shidawane Dukan",,,,शिडवणे,खारेपाटण,12,07:45,08:10,SC,DAILY,,,
113215,"Shidawane Dukan To Kharepatan","Shidawane Dukan",Kharepatan,,MO,2927,"Ranade Dukan",3,,,शिडवणे,खारेपाटण,12,07:45,08:10,SC,DAILY,,,
113215,"Shidawane Dukan To Kharepatan","Shidawane Dukan",Kharepatan,,MO,3010,Wargaon,3.9,,,शिडवणे,खारेपाटण,12,07:45,08:10,SC,DAILY,,,
113215,"Shidawane Dukan To Kharepatan","Shidawane Dukan",Kharepatan,,MO,2844,"Mail Stone",6,,,शिडवणे,खारेपाटण,12,07:45,08:10,SC,DAILY,,,
113215,"Shidawane Dukan To Kharepatan","Shidawane Dukan",Kharepatan,,MO,2648,Bambarwadi,7.8,,,शिडवणे,खारेपाटण,12,07:45,08:10,SC,DAILY,,,
113215,"Shidawane Dukan To Kharepatan","Shidawane Dukan",Kharepatan,,MO,2863,Nadgive,9,,,शिडवणे,खारेपाटण,12,07:45,08:10,SC,DAILY,,,
113215,"Shidawane Dukan To Kharepatan","Shidawane Dukan",Kharepatan,,MO,2812,Kharepatan,12,,,शिडवणे,खारेपाटण,12,07:45,08:10,SC,DAILY,,,
125504,"Kankavli To Phonda Via Humrat Titha",Kankavli,Phonda,"HUMRAT TITHA",MO,2786,Kankavli,,,,कणकवली,फोंडा,17.9,13:30,14:00,NON,DAILY,,सरळ,
125504,"Kankavli To Phonda Via Humrat Titha",Kankavli,Phonda,"HUMRAT TITHA",MO,2768,"Janavali Gavthanwadi",3.7,,,कणकवली,फोंडा,17.9,13:30,14:00,NON,DAILY,,सरळ,
125504,"Kankavli To Phonda Via Humrat Titha",Kankavli,Phonda,"HUMRAT TITHA",MO,2756,"Humrat Titha",6.8,,,कणकवली,फोंडा,17.9,13:30,14:00,NON,DAILY,,सरळ,
125504,"Kankavli To Phonda Via Humrat Titha",Kankavli,Phonda,"HUMRAT TITHA",MO,2758,"Humrath School",7.4,,,कणकवली,फोंडा,17.9,13:30,14:00,NON,DAILY,,सरळ,
125504,"Kankavli To Phonda Via Humrat Titha",Kankavli,Phonda,"HUMRAT TITHA",MO,2757,"Humrath Mal Ghorpiwadi",8.3,,,कणकवली,फोंडा,17.9,13:30,14:00,NON,DAILY,,सरळ,
125504,"Kankavli To Phonda Via Humrat Titha",Kankavli,Phonda,"HUMRAT TITHA",MO,2790,Karul,10.7,,,कणकवली,फोंडा,17.9,13:30,14:00,NON,DAILY,,सरळ,
125504,"Kankavli To Phonda Via Humrat Titha",Kankavli,Phonda,"HUMRAT TITHA",MO,2781,Kanadewadi,12.1,,,कणकवली,फोंडा,17.9,13:30,14:00,NON,DAILY,,सरळ,
125504,"Kankavli To Phonda Via Humrat Titha",Kankavli,Phonda,"HUMRAT TITHA",MO,2787,"Kankavli Nandgaon Fata",14.9,,,कणकवली,फोंडा,17.9,13:30,14:00,NON,DAILY,,सरळ,
125504,"Kankavli To Phonda Via Humrat Titha",Kankavli,Phonda,"HUMRAT TITHA",MO,2906,"Phonda Iti",16.09,,,कणकवली,फोंडा,17.9,13:30,14:00,NON,DAILY,,सरळ,
125504,"Kankavli To Phonda Via Humrat Titha",Kankavli,Phonda,"HUMRAT TITHA",MO,2904,Phonda,17.9,,,कणकवली,फोंडा,17.9,13:30,14:00,NON,DAILY,,सरळ,
125714,"Manche To Kharepatan Via Pombhurle",Manche,Kharepatan,POMBHURLE,MO,1835,Manche,,,,मणचे,खारेपाटण,23.8,05:45,06:45,OBL,DAILY,"08.35 ते 09.05 विश्रांती",,
125714,"Manche To Kharepatan Via Pombhurle",Manche,Kharepatan,POMBHURLE,MO,1856,Malpe,2.9,,,मणचे,खारेपाटण,23.8,05:45,06:45,OBL,DAILY,"08.35 ते 09.05 विश्रांती",,
125714,"Manche To Kharepatan Via Pombhurle",Manche,Kharepatan,POMBHURLE,MO,1664,Bagwadi,5.7,,,मणचे,खारेपाटण,23.8,05:45,06:45,OBL,DAILY,"08.35 ते 09.05 विश्रांती",,
125714,"Manche To Kharepatan Via Pombhurle",Manche,Kharepatan,POMBHURLE,MO,1936,Pombhurle,8.1,,,मणचे,खारेपाटण,23.8,05:45,06:45,OBL,DAILY,"08.35 ते 09.05 विश्रांती",,
125714,"Manche To Kharepatan Via Pombhurle",Manche,Kharepatan,POMBHURLE,MO,1693,"Dhalawali Hariyalwadi",11.7,,,मणचे,खारेपाटण,23.8,05:45,06:45,OBL,DAILY,"08.35 ते 09.05 विश्रांती",,
125714,"Manche To Kharepatan Via Pombhurle",Manche,Kharepatan,POMBHURLE,MO,1877,Musalmanwadi,13.6,,,मणचे,खारेपाटण,23.8,05:45,06:45,OBL,DAILY,"08.35 ते 09.05 विश्रांती",,
125714,"Manche To Kharepatan Via Pombhurle",Manche,Kharepatan,POMBHURLE,MO,1802,"Korle Banewadi",14.1,,,मणचे,खारेपाटण,23.8,05:45,06:45,OBL,DAILY,"08.35 ते 09.05 विश्रांती",,
125714,"Manche To Kharepatan Via Pombhurle",Manche,Kharepatan,POMBHURLE,MO,1779,"Kunkavan Poy",17.1,,,मणचे,खारेपाटण,23.8,05:45,06:45,OBL,DAILY,"08.35 ते 09.05 विश्रांती",,
125714,"Manche To Kharepatan Via Pombhurle",Manche,Kharepatan,POMBHURLE,MO,2056,"Waingani Stop",20.1,,,मणचे,खारेपाटण,23.8,05:45,06:45,OBL,DAILY,"08.35 ते 09.05 विश्रांती",,
125714,"Manche To Kharepatan Via Pombhurle",Manche,Kharepatan,POMBHURLE,MO,2812,Kharepatan,23.8,,,मणचे,खारेपाटण,23.8,05:45,06:45,OBL,DAILY,"08.35 ते 09.05 विश्रांती",,
129370,"Thalkarwadi To Kankavli Via Wagde",Thalkarwadi,Kankavli,WAGDE,MO,2986,Thalkarwadi,,,,थळकरवाडी,कणकवली,17.8,16:50,17:25,SC,DAILY,,,
129370,"Thalkarwadi To Kankavli Via Wagde",Thalkarwadi,Kankavli,WAGDE,MO,2751,"Hattiche Bridge",5.8,,,थळकरवाडी,कणकवली,17.8,16:50,17:25,SC,DAILY,,,
129370,"Thalkarwadi To Kankavli Via Wagde",Thalkarwadi,Kankavli,WAGDE,MO,2972,"Shivdav High School",7.7,,,थळकरवाडी,कणकवली,17.8,16:50,17:25,SC,DAILY,,,
129370,"Thalkarwadi To Kankavli Via Wagde",Thalkarwadi,Kankavli,WAGDE,MO,2936,"Sai Mandir",9.7,,,थळकरवाडी,कणकवली,17.8,16:50,17:25,SC,DAILY,,,
129370,"Thalkarwadi To Kankavli Via Wagde",Thalkarwadi,Kankavli,WAGDE,MO,2656,"Bhakar Bhatale Fata",11.8,,,थळकरवाडी,कणकवली,17.8,16:50,17:25,SC,DAILY,,,
129370,"Thalkarwadi To Kankavli Via Wagde",Thalkarwadi,Kankavli,WAGDE,MO,2844,"Mail Stone",14.8,,,थळकरवाडी,कणकवली,17.8,16:50,17:25,SC,DAILY,,,
129370,"Thalkarwadi To Kankavli Via Wagde",Thalkarwadi,Kankavli,WAGDE,MO,2908,Pimpalwadi,15,,,थळकरवाडी,कणकवली,17.8,16:50,17:25,SC,DAILY,,,
129370,"Thalkarwadi To Kankavli Via Wagde",Thalkarwadi,Kankavli,WAGDE,MO,3002,Wagde,15.1,,,थळकरवाडी,कणकवली,17.8,16:50,17:25,SC,DAILY,,,
129370,"Thalkarwadi To Kankavli Via Wagde",Thalkarwadi,Kankavli,WAGDE,MO,2741,"Halwal Fata",15.3,,,थळकरवाडी,कणकवली,17.8,16:50,17:25,SC,DAILY,,,
129370,"Thalkarwadi To Kankavli Via Wagde",Thalkarwadi,Kankavli,WAGDE,MO,2786,Kankavli,17.8,,,थळकरवाडी,कणकवली,17.8,16:50,17:25,SC,DAILY,,,
10809,"Kankavli To Ainal Chavata",Kankavli,"Ainal Chavata",,MO,2786,Kankavli,,,,कणकवली,"आयनल चव्हाटा",18,07:50,08:30,NON,DAILY,,"तरंदळे भरणी",
10809,"Kankavli To Ainal Chavata",Kankavli,"Ainal Chavata",,MO,2827,"Kundewadi Fata",3,,,कणकवली,"आयनल चव्हाटा",18,07:50,08:30,NON,DAILY,,"तरंदळे भरणी",
10809,"Kankavli To Ainal Chavata",Kankavli,"Ainal Chavata",,MO,2980,"Tarandale Mandir",6,,,कणकवली,"आयनल चव्हाटा",18,07:50,08:30,NON,DAILY,,"तरंदळे भरणी",
10809,"Kankavli To Ainal Chavata",Kankavli,"Ainal Chavata",,MO,2846,"Main Fata",9,,,कणकवली,"आयनल चव्हाटा",18,07:50,08:30,NON,DAILY,,"तरंदळे भरणी",
10809,"Kankavli To Ainal Chavata",Kankavli,"Ainal Chavata",,MO,2659,"Bharni Nanewadi",12,,,कणकवली,"आयनल चव्हाटा",18,07:50,08:30,NON,DAILY,,"तरंदळे भरणी",
10809,"Kankavli To Ainal Chavata",Kankavli,"Ainal Chavata",,MO,2658,"Bharni Boudhawadi",13.2,,,कणकवली,"आयनल चव्हाटा",18,07:50,08:30,NON,DAILY,,"तरंदळे भरणी",
10809,"Kankavli To Ainal Chavata",Kankavli,"Ainal Chavata",,MO,2909,"Pimpalwadi Ainal",15.7,,,कणकवली,"आयनल चव्हाटा",18,07:50,08:30,NON,DAILY,,"तरंदळे भरणी",
10809,"Kankavli To Ainal Chavata",Kankavli,"Ainal Chavata",,MO,2637,"Ainal Chavata",18,,,कणकवली,"आयनल चव्हाटा",18,07:50,08:30,NON,DAILY,,"तरंदळे भरणी",
10834,"Kankavli To Digvale Ranjanwadi Via Bhat Dukan",Kankavli,Ranjanwadi,"BHAT DUKAN",MO,2786,Kankavli,,,,कणकवली,दिगवळे,24,16:00,17:00,SC,SUN,,,
10834,"Kankavli To Digvale Ranjanwadi Via Bhat Dukan",Kankavli,Ranjanwadi,"BHAT DUKAN",MO,2859,Mudeshwar,3.1,,,कणकवली,दिगवळे,24,16:00,17:00,SC,SUN,,,
10834,"Kankavli To Digvale Ranjanwadi Via Bhat Dukan",Kankavli,Ranjanwadi,"BHAT DUKAN",MO,2851,"Marathe Dispensary",5.2,,,कणकवली,दिगवळे,24,16:00,17:00,SC,SUN,,,
10834,"Kankavli To Digvale Ranjanwadi Via Bhat Dukan",Kankavli,Ranjanwadi,"BHAT DUKAN",MO,2660,"Bhat Dukan",6.2,,,कणकवली,दिगवळे,24,16:00,17:00,SC,SUN,,,
10834,"Kankavli To Digvale Ranjanwadi Via Bhat Dukan",Kankavli,Ranjanwadi,"BHAT DUKAN",MO,2774,Kalitri,7.6,,,कणकवली,दिगवळे,24,16:00,17:00,SC,SUN,,,
10834,"Kankavli To Digvale Ranjanwadi Via Bhat Dukan",Kankavli,Ranjanwadi,"BHAT DUKAN",MO,2945,"Sangave Mandir",9.2,,,कणकवली,दिगवळे,24,16:00,17:00,SC,SUN,,,
10834,"Kankavli To Digvale Ranjanwadi Via Bhat Dukan",Kankavli,Ranjanwadi,"BHAT DUKAN",MO,2954,"Sawant Ghar",10.3,,,कणकवली,दिगवळे,24,16:00,17:00,SC,SUN,,,
10834,"Kankavli To Digvale Ranjanwadi Via Bhat Dukan",Kankavli,Ranjanwadi,"BHAT DUKAN",MO,2944,"Sangave Mal",11.7,,,कणकवली,दिगवळे,24,16:00,17:00,SC,SUN,,,
10834,"Kankavli To Digvale Ranjanwadi Via Bhat Dukan",Kankavli,Ranjanwadi,"BHAT DUKAN",MO,2782,Kanedi,12.2,,,कणकवली,दिगवळे,24,16:00,17:00,SC,SUN,,,
10834,"Kankavli To Digvale Ranjanwadi Via Bhat Dukan",Kankavli,Ranjanwadi,"BHAT DUKAN",MO,2826,"Kumbhawade Fata",13.9,,,कणकवली,दिगवळे,24,16:00,17:00,SC,SUN,,,
10834,"Kankavli To Digvale Ranjanwadi Via Bhat Dukan",Kankavli,Ranjanwadi,"BHAT DUKAN",MO,2711,"Dubaleshwar Wadi",14.4,,,कणकवली,दिगवळे,24,16:00,17:00,SC,SUN,,,
10834,"Kankavli To Digvale Ranjanwadi Via Bhat Dukan",Kankavli,Ranjanwadi,"BHAT DUKAN",MO,2852,"Maruti Mandir",15.5,,,कणकवली,दिगवळे,24,16:00,17:00,SC,SUN,,,
10834,"Kankavli To Digvale Ranjanwadi Via Bhat Dukan",Kankavli,Ranjanwadi,"BHAT DUKAN",MO,2925,"Rajwadi Fata",17.5,,,कणकवली,दिगवळे,24,16:00,17:00,SC,SUN,,,
10834,"Kankavli To Digvale Ranjanwadi Via Bhat Dukan",Kankavli,Ranjanwadi,"BHAT DUKAN",MO,2715,"Forest Nursary",18,,,कणकवली,दिगवळे,24,16:00,17:00,SC,SUN,,,
10834,"Kankavli To Digvale Ranjanwadi Via Bhat Dukan",Kankavli,Ranjanwadi,"BHAT DUKAN",MO,2838,"Londha Pool",18.9,,,कणकवली,दिगवळे,24,16:00,17:00,SC,SUN,,,
10834,"Kankavli To Digvale Ranjanwadi Via Bhat Dukan",Kankavli,Ranjanwadi,"BHAT DUKAN",MO,2704,"Digawale Gpo",19.1,,,कणकवली,दिगवळे,24,16:00,17:00,SC,SUN,,,
10834,"Kankavli To Digvale Ranjanwadi Via Bhat Dukan",Kankavli,Ranjanwadi,"BHAT DUKAN",MO,2703,"Digawale Gaothan",21.7,,,कणकवली,दिगवळे,24,16:00,17:00,SC,SUN,,,
10834,"Kankavli To Digvale Ranjanwadi Via Bhat Dukan",Kankavli,Ranjanwadi,"BHAT DUKAN",MO,2929,Ranjanwadi,24,,,कणकवली,दिगवळे,24,16:00,17:00,SC,SUN,,,
10870,"Kankavli To Phonda Via Khadaye Mangar",Kankavli,Phonda,"KHADAYE MANGAR",MO,2786,Kankavli,,,,कणकवली,फोंडा,30.6,05:30,06:30,SC,DAILY,"10.20 ते 10.50 विश्रांती",नांदगाव,
10870,"Kankavli To Phonda Via Khadaye Mangar",Kankavli,Phonda,"KHADAYE MANGAR",MO,2766,Janavali,3.8,,,कणकवली,फोंडा,30.6,05:30,06:30,SC,DAILY,"10.20 ते 10.50 विश्रांती",नांदगाव,
10870,"Kankavli To Phonda Via Khadaye Mangar",Kankavli,Phonda,"KHADAYE MANGAR",MO,2756,"Humrat Titha",8.1,,,कणकवली,फोंडा,30.6,05:30,06:30,SC,DAILY,"10.20 ते 10.50 विश्रांती",नांदगाव,
10870,"Kankavli To Phonda Via Khadaye Mangar",Kankavli,Phonda,"KHADAYE MANGAR",MO,2655,Belane,10.3,,,कणकवली,फोंडा,30.6,05:30,06:30,SC,DAILY,"10.20 ते 10.50 विश्रांती",नांदगाव,
10870,"Kankavli To Phonda Via Khadaye Mangar",Kankavli,Phonda,"KHADAYE MANGAR",MO,2870,"Nandgaon Datta Mandir",12.7,,,कणकवली,फोंडा,30.6,05:30,06:30,SC,DAILY,"10.20 ते 10.50 विश्रांती",नांदगाव,
10870,"Kankavli To Phonda Via Khadaye Mangar",Kankavli,Phonda,"KHADAYE MANGAR",MO,2871,"Nandgaon Fata",14,,,कणकवली,फोंडा,30.6,05:30,06:30,SC,DAILY,"10.20 ते 10.50 विश्रांती",नांदगाव,
10870,"Kankavli To Phonda Via Khadaye Mangar",Kankavli,Phonda,"KHADAYE MANGAR",MO,2668,Bobhatewadi,16.3,,,कणकवली,फोंडा,30.6,05:30,06:30,SC,DAILY,"10.20 ते 10.50 विश्रांती",नांदगाव,
10870,"Kankavli To Phonda Via Khadaye Mangar",Kankavli,Phonda,"KHADAYE MANGAR",MO,2653,"Bawashi Fata",18.3,,,कणकवली,फोंडा,30.6,05:30,06:30,SC,DAILY,"10.20 ते 10.50 विश्रांती",नांदगाव,
10870,"Kankavli To Phonda Via Khadaye Mangar",Kankavli,Phonda,"KHADAYE MANGAR",MO,2990,Tondavli,18.6,,,कणकवली,फोंडा,30.6,05:30,06:30,SC,DAILY,"10.20 ते 10.50 विश्रांती",नांदगाव,
10870,"Kankavli To Phonda Via Khadaye Mangar",Kankavli,Phonda,"KHADAYE MANGAR",MO,2874,"Nandgaon Rly. Stn.",19.4,,,कणकवली,फोंडा,30.6,05:30,06:30,SC,DAILY,"10.20 ते 10.50 विश्रांती",नांदगाव,
10870,"Kankavli To Phonda Via Khadaye Mangar",Kankavli,Phonda,"KHADAYE MANGAR",MO,3005,"Wagheri Fata",20.8,,,कणकवली,फोंडा,30.6,05:30,06:30,SC,DAILY,"10.20 ते 10.50 विश्रांती",नांदगाव,
10870,"Kankavli To Phonda Via Khadaye Mangar",Kankavli,Phonda,"KHADAYE MANGAR",MO,3004,Wagheri,21.1,,,कणकवली,फोंडा,30.6,05:30,06:30,SC,DAILY,"10.20 ते 10.50 विश्रांती",नांदगाव,
10870,"Kankavli To Phonda Via Khadaye Mangar",Kankavli,Phonda,"KHADAYE MANGAR",MO,2809,"Khadaye Mangar",27,,,कणकवली,फोंडा,30.6,05:30,06:30,SC,DAILY,"10.20 ते 10.50 विश्रांती",नांदगाव,
10870,"Kankavli To Phonda Via Khadaye Mangar",Kankavli,Phonda,"KHADAYE MANGAR",MO,2906,"Phonda Iti",27.5,,,कणकवली,फोंडा,30.6,05:30,06:30,SC,DAILY,"10.20 ते 10.50 विश्रांती",नांदगाव,
10870,"Kankavli To Phonda Via Khadaye Mangar",Kankavli,Phonda,"KHADAYE MANGAR",MO,2904,Phonda,30.6,,,कणकवली,फोंडा,30.6,05:30,06:30,SC,DAILY,"10.20 ते 10.50 विश्रांती",नांदगाव,
10872,"Kankavli To Rajwadi",Kankavli,Rajwadi,,MO,2786,Kankavli,,,,कणकवली,राजवाडी,18.5,07:20,08:00,NON,DAILY,,कनेडी,
10872,"Kankavli To Rajwadi",Kankavli,Rajwadi,,MO,2859,Mudeshwar,3.1,,,कणकवली,राजवाडी,18.5,07:20,08:00,NON,DAILY,,कनेडी,
10872,"Kankavli To Rajwadi",Kankavli,Rajwadi,,MO,2660,"Bhat Dukan",6.2,,,कणकवली,राजवाडी,18.5,07:20,08:00,NON,DAILY,,कनेडी,
10872,"Kankavli To Rajwadi",Kankavli,Rajwadi,,MO,2945,"Sangave Mandir",9.2,,,कणकवली,राजवाडी,18.5,07:20,08:00,NON,DAILY,,कनेडी,
10872,"Kankavli To Rajwadi",Kankavli,Rajwadi,,MO,2782,Kanedi,12.2,,,कणकवली,राजवाडी,18.5,07:20,08:00,NON,DAILY,,कनेडी,
10872,"Kankavli To Rajwadi",Kankavli,Rajwadi,,MO,2852,"Maruti Mandir",15.5,,,कणकवली,राजवाडी,18.5,07:20,08:00,NON,DAILY,,कनेडी,
10872,"Kankavli To Rajwadi",Kankavli,Rajwadi,,MO,2925,"Rajwadi Fata",17.5,,,कणकवली,राजवाडी,18.5,07:20,08:00,NON,DAILY,,कनेडी,
10872,"Kankavli To Rajwadi",Kankavli,Rajwadi,,MO,2924,Rajwadi,18.5,,,कणकवली,राजवाडी,18.5,07:20,08:00,NON,DAILY,,कनेडी,
10912,"Kharepatan To Prindavan",Kharepatan,Prindavan,,MO,2812,Kharepatan,,,,खारेपाटण,पिंद्रावण,17.6,19:25,20:00,OBL,DAILY,,वस्ती,
10912,"Kharepatan To Prindavan",Kharepatan,Prindavan,,MO,2975,Takewadi,3.1,,,खारेपाटण,पिंद्रावण,17.6,19:25,20:00,OBL,DAILY,,वस्ती,
10912,"Kharepatan To Prindavan",Kharepatan,Prindavan,,MO,2739,Gunjawane,5.2,,,खारेपाटण,पिंद्रावण,17.6,19:25,20:00,OBL,DAILY,,वस्ती,
10912,"Kharepatan To Prindavan",Kharepatan,Prindavan,,MO,2844,"Mail Stone",6,,,खारेपाटण,पिंद्रावण,17.6,19:25,20:00,OBL,DAILY,,वस्ती,
10912,"Kharepatan To Prindavan",Kharepatan,Prindavan,,MO,2957,"Shejawali School",7.4,,,खारेपाटण,पिंद्रावण,17.6,19:25,20:00,OBL,DAILY,,वस्ती,
10912,"Kharepatan To Prindavan",Kharepatan,Prindavan,,MO,2955,Shejawali,8.3,,,खारेपाटण,पिंद्रावण,17.6,19:25,20:00,OBL,DAILY,,वस्ती,
10912,"Kharepatan To Prindavan",Kharepatan,Prindavan,,MO,2956,"Shejawali Bhardewadi",9.2,,,खारेपाटण,पिंद्रावण,17.6,19:25,20:00,OBL,DAILY,,वस्ती,
10912,"Kharepatan To Prindavan",Kharepatan,Prindavan,,MO,2761,Ingalewadi,10.4,,,खारेपाटण,पिंद्रावण,17.6,19:25,20:00,OBL,DAILY,,वस्ती,
10912,"Kharepatan To Prindavan",Kharepatan,Prindavan,,MO,2676,Bundarwadi,11.2,,,खारेपाटण,पिंद्रावण,17.6,19:25,20:00,OBL,DAILY,,वस्ती,
10912,"Kharepatan To Prindavan",Kharepatan,Prindavan,,MO,3007,Walye,12.1,,,खारेपाटण,पिंद्रावण,17.6,19:25,20:00,OBL,DAILY,,वस्ती,
10912,"Kharepatan To Prindavan",Kharepatan,Prindavan,,MO,2651,Bandivade,14.9,,,खारेपाटण,पिंद्रावण,17.6,19:25,20:00,OBL,DAILY,,वस्ती,
10912,"Kharepatan To Prindavan",Kharepatan,Prindavan,,MO,2919,Prindavan,17.6,,,खारेपाटण,पिंद्रावण,17.6,19:25,20:00,OBL,DAILY,,वस्ती,
11089,"Phonda To Gadagesakhal",Phonda,Gadagesakhal,,MO,2904,Phonda,,,,फोंडा,गडगेसखळ,4.1,17:40,17:50,SC,"SAT,SUN",,,
11089,"Phonda To Gadagesakhal",Phonda,Gadagesakhal,,MO,2716,"Gadage Sakal Fata",1.2,,,फोंडा,गडगेसखळ,4.1,17:40,17:50,SC,"SAT,SUN",,,
11089,"Phonda To Gadagesakhal",Phonda,Gadagesakhal,,MO,2697,"Datta Mandir",3.7,,,फोंडा,गडगेसखळ,4.1,17:40,17:50,SC,"SAT,SUN",,,
11089,"Phonda To Gadagesakhal",Phonda,Gadagesakhal,,MO,2717,Gadagesakhal,4.1,,,फोंडा,गडगेसखळ,4.1,17:40,17:50,SC,"SAT,SUN",,,
11092,"Phonda To Kurli",Phonda,Kurli,,MO,2904,Phonda,,,,फोंडा,कुळये,15,14:30,15:10,NON,DAILY,,खडकदरा,
11092,"Phonda To Kurli",Phonda,Kurli,,MO,2652,"Baviche Bhatle-1",2.3,,,फोंडा,कुळये,15,14:30,15:10,NON,DAILY,,खडकदरा,
11092,"Phonda To Kurli",Phonda,Kurli,,MO,2731,Ghonsari,5.7,,,फोंडा,कुळये,15,14:30,15:10,NON,DAILY,,खडकदरा,
11092,"Phonda To Kurli",Phonda,Kurli,,MO,2946,Sapatwadi,9,,,फोंडा,कुळये,15,14:30,15:10,NON,DAILY,,खडकदरा,
11092,"Phonda To Kurli",Phonda,Kurli,,MO,2835,"Kurli Gpo Bhakarwadi",12,,,फोंडा,कुळये,15,14:30,15:10,NON,DAILY,,खडकदरा,
11092,"Phonda To Kurli",Phonda,Kurli,,MO,2832,Kurli,15,,,फोंडा,कुळये,15,14:30,15:10,NON,DAILY,,खडकदरा,
11097,"Rahataghar Ratnagiri To Kankavli",Rahataghar,Kankavli,,MO,16548,Rahataghar,,,,jlveeefiejer,कणकवली,132.2,10:45,14:30,OTHER,DAILY,,,
11097,"Rahataghar Ratnagiri To Kankavli",Rahataghar,Kankavli,,MO,16599,Ratnagiri,1,,,jlveeefiejer,कणकवली,132.2,10:45,14:30,OTHER,DAILY,,,
11097,"Rahataghar Ratnagiri To Kankavli",Rahataghar,Kankavli,,MO,16277,"Maruti Dewoul",4.2,,,jlveeefiejer,कणकवली,132.2,10:45,14:30,OTHER,DAILY,,,
11097,"Rahataghar Ratnagiri To Kankavli",Rahataghar,Kankavli,,MO,16663,Shivajinagar,6.2,,,jlveeefiejer,कणकवली,132.2,10:45,14:30,OTHER,DAILY,,,
11097,"Rahataghar Ratnagiri To Kankavli",Rahataghar,Kankavli,,MO,16781,Trp,8.2,,,jlveeefiejer,कणकवली,132.2,10:45,14:30,OTHER,DAILY,,,
11097,"Rahataghar Ratnagiri To Kankavli",Rahataghar,Kankavli,,MO,16679,"Salvi Stop",9.2,,,jlveeefiejer,कणकवली,132.2,10:45,14:30,OTHER,DAILY,,,
11097,"Rahataghar Ratnagiri To Kankavli",Rahataghar,Kankavli,,MO,16108,Kuravbao,9.8,,,jlveeefiejer,कणकवली,132.2,10:45,14:30,OTHER,DAILY,,,
11097,"Rahataghar Ratnagiri To Kankavli",Rahataghar,Kankavli,,MO,15979,"Khedshi Fata",12.8,,,jlveeefiejer,कणकवली,132.2,10:45,14:30,OTHER,DAILY,,,
11097,"Rahataghar Ratnagiri To Kankavli",Rahataghar,Kankavli,,MO,16466,"Panval Fata",14.8,,,jlveeefiejer,कणकवली,132.2,10:45,14:30,OTHER,DAILY,,,
11097,"Rahataghar Ratnagiri To Kankavli",Rahataghar,Kankavli,,MO,15851,Hatkhamba,16.2,,,jlveeefiejer,कणकवली,132.2,10:45,14:30,OTHER,DAILY,,,
11097,"Rahataghar Ratnagiri To Kankavli",Rahataghar,Kankavli,,MO,15833,"Hatakhamba Gaon",17.8,,,jlveeefiejer,कणकवली,132.2,10:45,14:30,OTHER,DAILY,,,
11097,"Rahataghar Ratnagiri To Kankavli",Rahataghar,Kankavli,,MO,16628,Shetifarm,20.4,,,jlveeefiejer,कणकवली,132.2,10:45,14:30,OTHER,DAILY,,,
11097,"Rahataghar Ratnagiri To Kankavli",Rahataghar,Kankavli,,MO,15559,Charveli,22.2,,,jlveeefiejer,कणकवली,132.2,10:45,14:30,OTHER,DAILY,,,
11097,"Rahataghar Ratnagiri To Kankavli",Rahataghar,Kankavli,,MO,15946,Kapadagaon,22.3,,,jlveeefiejer,कणकवली,132.2,10:45,14:30,OTHER,DAILY,,,
11097,"Rahataghar Ratnagiri To Kankavli",Rahataghar,Kankavli,,MO,16416,Pali,27.4,,,jlveeefiejer,कणकवली,132.2,10:45,14:30,OTHER,DAILY,,,
11097,"Rahataghar Ratnagiri To Kankavli",Rahataghar,Kankavli,,MO,13157,Khanu,29.2,,,jlveeefiejer,कणकवली,132.2,10:45,14:30,OTHER,DAILY,,,
11097,"Rahataghar Ratnagiri To Kankavli",Rahataghar,Kankavli,,MO,13297,Math,34.1,,,jlveeefiejer,कणकवली,132.2,10:45,14:30,OTHER,DAILY,,,
11097,"Rahataghar Ratnagiri To Kankavli",Rahataghar,Kankavli,,MO,12889,"Anjanari Bridge",35.1,,,jlveeefiejer,कणकवली,132.2,10:45,14:30,OTHER,DAILY,,,
11097,"Rahataghar Ratnagiri To Kankavli",Rahataghar,Kankavli,,MO,13573,Veral,37.6,,,jlveeefiejer,कणकवली,132.2,10:45,14:30,OTHER,DAILY,,,
11097,"Rahataghar Ratnagiri To Kankavli",Rahataghar,Kankavli,,MO,13011,"Devle Hed Pavas Fata",40.4,,,jlveeefiejer,कणकवली,132.2,10:45,14:30,OTHER,DAILY,,,
11097,"Rahataghar Ratnagiri To Kankavli",Rahataghar,Kankavli,,MO,13276,"Lanja Poultry Farm",43.7,,,jlveeefiejer,कणकवली,132.2,10:45,14:30,OTHER,DAILY,,,
11097,"Rahataghar Ratnagiri To Kankavli",Rahataghar,Kankavli,,MO,13286,Lanja,45.5,,,jlveeefiejer,कणकवली,132.2,10:45,14:30,OTHER,DAILY,,,
11097,"Rahataghar Ratnagiri To Kankavli",Rahataghar,Kankavli,,MO,13269,"Kuve Fata",50.1,,,jlveeefiejer,कणकवली,132.2,10:45,14:30,OTHER,DAILY,,,
11097,"Rahataghar Ratnagiri To Kankavli",Rahataghar,Kankavli,,MO,13062,"Ganpati Mandir",51,,,jlveeefiejer,कणकवली,132.2,10:45,14:30,OTHER,DAILY,,,
11097,"Rahataghar Ratnagiri To Kankavli",Rahataghar,Kankavli,,MO,15295,"Waked Laxmi Garden",55.6,,,jlveeefiejer,कणकवली,132.2,10:45,14:30,OTHER,DAILY,,,
11097,"Rahataghar Ratnagiri To Kankavli",Rahataghar,Kankavli,,MO,13632,"Watul Titha",58.6,,,jlveeefiejer,कणकवली,132.2,10:45,14:30,OTHER,DAILY,,,
11097,"Rahataghar Ratnagiri To Kankavli",Rahataghar,Kankavli,,MO,15325,"Yerdav Fata",62.2,,,jlveeefiejer,कणकवली,132.2,10:45,14:30,OTHER,DAILY,,,
11097,"Rahataghar Ratnagiri To Kankavli",Rahataghar,Kankavli,,MO,89331,Oni,64,,,jlveeefiejer,कणकवली,132.2,10:45,14:30,OTHER,DAILY,,,
11097,"Rahataghar Ratnagiri To Kankavli",Rahataghar,Kankavli,,MO,14719,"Kharavate Fata",67.7,,,jlveeefiejer,कणकवली,132.2,10:45,14:30,OTHER,DAILY,,,
11097,"Rahataghar Ratnagiri To Kankavli",Rahataghar,Kankavli,,MO,14574,"Kharavate Village/Sorap Shop",68.6,,,jlveeefiejer,कणकवली,132.2,10:45,14:30,OTHER,DAILY,,,
11097,"Rahataghar Ratnagiri To Kankavli",Rahataghar,Kankavli,,MO,14831,Nerke,69.4,,,jlveeefiejer,कणकवली,132.2,10:45,14:30,OTHER,DAILY,,,
11097,"Rahataghar Ratnagiri To Kankavli",Rahataghar,Kankavli,,MO,14615,"Kodavali School",71,,,jlveeefiejer,कणकवली,132.2,10:45,14:30,OTHER,DAILY,,,
11097,"Rahataghar Ratnagiri To Kankavli",Rahataghar,Kankavli,,MO,15006,Rajapur,74.7,,,jlveeefiejer,कणकवली,132.2,10:45,14:30,OTHER,DAILY,,,
11097,"Rahataghar Ratnagiri To Kankavli",Rahataghar,Kankavli,,MO,14473,"Ganga Tirtha Fata",78.5,,,jlveeefiejer,कणकवली,132.2,10:45,14:30,OTHER,DAILY,,,
11097,"Rahataghar Ratnagiri To Kankavli",Rahataghar,Kankavli,,MO,14521,"Hativale Jaitapur Fata",83.1,,,jlveeefiejer,कणकवली,132.2,10:45,14:30,OTHER,DAILY,,,
11097,"Rahataghar Ratnagiri To Kankavli",Rahataghar,Kankavli,,MO,14609,Kodiye,86.6,,,jlveeefiejer,कणकवली,132.2,10:45,14:30,OTHER,DAILY,,,
11097,"Rahataghar Ratnagiri To Kankavli",Rahataghar,Kankavli,,MO,14879,Panhale,89.6,,,jlveeefiejer,कणकवली,132.2,10:45,14:30,OTHER,DAILY,,,
11097,"Rahataghar Ratnagiri To Kankavli",Rahataghar,Kankavli,,MO,15236,"Takewadi School",92,,,jlveeefiejer,कणकवली,132.2,10:45,14:30,OTHER,DAILY,,,
11097,"Rahataghar Ratnagiri To Kankavli",Rahataghar,Kankavli,,MO,2812,Kharepatan,95.1,,,jlveeefiejer,कणकवली,132.2,10:45,14:30,OTHER,DAILY,,,
11097,"Rahataghar Ratnagiri To Kankavli",Rahataghar,Kankavli,,MO,2863,Nadgive,98.4,,,jlveeefiejer,कणकवली,132.2,10:45,14:30,OTHER,DAILY,,,
11097,"Rahataghar Ratnagiri To Kankavli",Rahataghar,Kankavli,,MO,2648,Bambarwadi,100.8,,,jlveeefiejer,कणकवली,132.2,10:45,14:30,OTHER,DAILY,,,
11097,"Rahataghar Ratnagiri To Kankavli",Rahataghar,Kankavli,,MO,3010,Wargaon,101.6,,,jlveeefiejer,कणकवली,132.2,10:45,14:30,OTHER,DAILY,,,
11097,"Rahataghar Ratnagiri To Kankavli",Rahataghar,Kankavli,,MO,2844,"Mail Stone",105.2,,,jlveeefiejer,कणकवली,132.2,10:45,14:30,OTHER,DAILY,,,
11097,"Rahataghar Ratnagiri To Kankavli",Rahataghar,Kankavli,,MO,2941,Saliste,106.2,,,jlveeefiejer,कणकवली,132.2,10:45,14:30,OTHER,DAILY,,,
11097,"Rahataghar Ratnagiri To Kankavli",Rahataghar,Kankavli,,MO,2844,"Mail Stone",106.9,,,jlveeefiejer,कणकवली,132.2,10:45,14:30,OTHER,DAILY,,,
11097,"Rahataghar Ratnagiri To Kankavli",Rahataghar,Kankavli,,MO,2982,Tarla,109.2,,,jlveeefiejer,कणकवली,132.2,10:45,14:30,OTHER,DAILY,,,
11097,"Rahataghar Ratnagiri To Kankavli",Rahataghar,Kankavli,,MO,2997,"Vijaydurg Fata",110,,,jlveeefiejer,कणकवली,132.2,10:45,14:30,OTHER,DAILY,,,
11097,"Rahataghar Ratnagiri To Kankavli",Rahataghar,Kankavli,,MO,2673,"Bramhan Wadi",112.2,,,jlveeefiejer,कणकवली,132.2,10:45,14:30,OTHER,DAILY,,,
11097,"Rahataghar Ratnagiri To Kankavli",Rahataghar,Kankavli,,MO,2872,"Nandgaon Nursary",116,,,jlveeefiejer,कणकवली,132.2,10:45,14:30,OTHER,DAILY,,,
11097,"Rahataghar Ratnagiri To Kankavli",Rahataghar,Kankavli,,MO,2871,"Nandgaon Fata",117.3,,,jlveeefiejer,कणकवली,132.2,10:45,14:30,OTHER,DAILY,,,
11097,"Rahataghar Ratnagiri To Kankavli",Rahataghar,Kankavli,,MO,2870,"Nandgaon Datta Mandir",119.5,,,jlveeefiejer,कणकवली,132.2,10:45,14:30,OTHER,DAILY,,,
11097,"Rahataghar Ratnagiri To Kankavli",Rahataghar,Kankavli,,MO,2655,Belane,121.9,,,jlveeefiejer,कणकवली,132.2,10:45,14:30,OTHER,DAILY,,,
11097,"Rahataghar Ratnagiri To Kankavli",Rahataghar,Kankavli,,MO,2756,"Humrat Titha",124.1,,,jlveeefiejer,कणकवली,132.2,10:45,14:30,OTHER,DAILY,,,
11097,"Rahataghar Ratnagiri To Kankavli",Rahataghar,Kankavli,,MO,2768,"Janavali Gavthanwadi",128.4,,,jlveeefiejer,कणकवली,132.2,10:45,14:30,OTHER,DAILY,,,
11097,"Rahataghar Ratnagiri To Kankavli",Rahataghar,Kankavli,,MO,2786,Kankavli,132.2,,,jlveeefiejer,कणकवली,132.2,10:45,14:30,OTHER,DAILY,,,
11227,"Tarla To Kharepatan Via Nadgive",Tarla,Kharepatan,NADGIVE,MO,2982,Tarla,,,,तरळे,खारेपाटण,14.5,16:35,17:05,NON,DAILY,,,
11227,"Tarla To Kharepatan Via Nadgive",Tarla,Kharepatan,NADGIVE,MO,2844,"Mail Stone",3,,,तरळे,खारेपाटण,14.5,16:35,17:05,NON,DAILY,,,
11227,"Tarla To Kharepatan Via Nadgive",Tarla,Kharepatan,NADGIVE,MO,2941,Saliste,4.9,,,तरळे,खारेपाटण,14.5,16:35,17:05,NON,DAILY,,,
11227,"Tarla To Kharepatan Via Nadgive",Tarla,Kharepatan,NADGIVE,MO,2844,"Mail Stone",6,,,तरळे,खारेपाटण,14.5,16:35,17:05,NON,DAILY,,,
11227,"Tarla To Kharepatan Via Nadgive",Tarla,Kharepatan,NADGIVE,MO,3010,Wargaon,7.8,,,तरळे,खारेपाटण,14.5,16:35,17:05,NON,DAILY,,,
11227,"Tarla To Kharepatan Via Nadgive",Tarla,Kharepatan,NADGIVE,MO,2844,"Mail Stone",9,,,तरळे,खारेपाटण,14.5,16:35,17:05,NON,DAILY,,,
11227,"Tarla To Kharepatan Via Nadgive",Tarla,Kharepatan,NADGIVE,MO,2648,Bambarwadi,11,,,तरळे,खारेपाटण,14.5,16:35,17:05,NON,DAILY,,,
11227,"Tarla To Kharepatan Via Nadgive",Tarla,Kharepatan,NADGIVE,MO,2863,Nadgive,12,,,तरळे,खारेपाटण,14.5,16:35,17:05,NON,DAILY,,,
11227,"Tarla To Kharepatan Via Nadgive",Tarla,Kharepatan,NADGIVE,MO,2812,Kharepatan,14.5,,,तरळे,खारेपाटण,14.5,16:35,17:05,NON,DAILY,,,
11236,"Tarla To Patgaon Via Gaothan",Tarla,Patgaon,GAOTHAN,MO,2982,Tarla,,,,तरळे,पाटगाव,18.8,06:40,07:20,OBL,DAILY,,UNDIL,
11236,"Tarla To Patgaon Via Gaothan",Tarla,Patgaon,GAOTHAN,MO,2050,Waghachiwadi,3,,,तरळे,पाटगाव,18.8,06:40,07:20,OBL,DAILY,,UNDIL,
11236,"Tarla To Patgaon Via Gaothan",Tarla,Patgaon,GAOTHAN,MO,1659,"Burambawade Fata",6,,,तरळे,पाटगाव,18.8,06:40,07:20,OBL,DAILY,,UNDIL,
11236,"Tarla To Patgaon Via Gaothan",Tarla,Patgaon,GAOTHAN,MO,2024,"Undil Titha",9.2,,,तरळे,पाटगाव,18.8,06:40,07:20,OBL,DAILY,,UNDIL,
11236,"Tarla To Patgaon Via Gaothan",Tarla,Patgaon,GAOTHAN,MO,1706,Fanasgaon,9.8,,,तरळे,पाटगाव,18.8,06:40,07:20,OBL,DAILY,,UNDIL,
11236,"Tarla To Patgaon Via Gaothan",Tarla,Patgaon,GAOTHAN,MO,1738,"Gowal Fata",12.2,,,तरळे,पाटगाव,18.8,06:40,07:20,OBL,DAILY,,UNDIL,
11236,"Tarla To Patgaon Via Gaothan",Tarla,Patgaon,GAOTHAN,MO,1726,Gaothan,14.8,,,तरळे,पाटगाव,18.8,06:40,07:20,OBL,DAILY,,UNDIL,
11236,"Tarla To Patgaon Via Gaothan",Tarla,Patgaon,GAOTHAN,MO,1948,Patgaon,18.8,,,तरळे,पाटगाव,18.8,06:40,07:20,OBL,DAILY,,UNDIL,
11242,"Tarla To Vaibhavwadi Via Shidawane Fata",Tarla,Vaibhavwadi,"SHIDAWANE FATA",MO,2982,Tarla,,,,तरळे,वैभववाडी,25.7,09:00,10:00,SC,DAILY,,"नापणे रेल्वे स्टेशन",
11242,"Tarla To Vaibhavwadi Via Shidawane Fata",Tarla,Vaibhavwadi,"SHIDAWANE FATA",MO,2844,"Mail Stone",3,,,तरळे,वैभववाडी,25.7,09:00,10:00,SC,DAILY,,"नापणे रेल्वे स्टेशन",
11242,"Tarla To Vaibhavwadi Via Shidawane Fata",Tarla,Vaibhavwadi,"SHIDAWANE FATA",MO,2780,"Kambale Hotel",5.2,,,तरळे,वैभववाडी,25.7,09:00,10:00,SC,DAILY,,"नापणे रेल्वे स्टेशन",
11242,"Tarla To Vaibhavwadi Via Shidawane Fata",Tarla,Vaibhavwadi,"SHIDAWANE FATA",MO,2844,"Mail Stone",6,,,तरळे,वैभववाडी,25.7,09:00,10:00,SC,DAILY,,"नापणे रेल्वे स्टेशन",
11242,"Tarla To Vaibhavwadi Via Shidawane Fata",Tarla,Vaibhavwadi,"SHIDAWANE FATA",MO,2947,Sardarwadi,7.1,,,तरळे,वैभववाडी,25.7,09:00,10:00,SC,DAILY,,"नापणे रेल्वे स्टेशन",
11242,"Tarla To Vaibhavwadi Via Shidawane Fata",Tarla,Vaibhavwadi,"SHIDAWANE FATA",MO,2963,"Shidawane Fata",9.1,,,तरळे,वैभववाडी,25.7,09:00,10:00,SC,DAILY,,"नापणे रेल्वे स्टेशन",
11242,"Tarla To Vaibhavwadi Via Shidawane Fata",Tarla,Vaibhavwadi,"SHIDAWANE FATA",MO,2844,"Mail Stone",11.4,,,तरळे,वैभववाडी,25.7,09:00,10:00,SC,DAILY,,"नापणे रेल्वे स्टेशन",
11242,"Tarla To Vaibhavwadi Via Shidawane Fata",Tarla,Vaibhavwadi,"SHIDAWANE FATA",MO,9190,Dhangarwadi,12.4,,,तरळे,वैभववाडी,25.7,09:00,10:00,SC,DAILY,,"नापणे रेल्वे स्टेशन",
11242,"Tarla To Vaibhavwadi Via Shidawane Fata",Tarla,Vaibhavwadi,"SHIDAWANE FATA",MO,9245,Napane,16,,,तरळे,वैभववाडी,25.7,09:00,10:00,SC,DAILY,,"नापणे रेल्वे स्टेशन",
11242,"Tarla To Vaibhavwadi Via Shidawane Fata",Tarla,Vaibhavwadi,"SHIDAWANE FATA",MO,9190,Dhangarwadi,19.6,,,तरळे,वैभववाडी,25.7,09:00,10:00,SC,DAILY,,"नापणे रेल्वे स्टेशन",
11242,"Tarla To Vaibhavwadi Via Shidawane Fata",Tarla,Vaibhavwadi,"SHIDAWANE FATA",MO,9181,Bandhwadi,22.5,,,तरळे,वैभववाडी,25.7,09:00,10:00,SC,DAILY,,"नापणे रेल्वे स्टेशन",
11242,"Tarla To Vaibhavwadi Via Shidawane Fata",Tarla,Vaibhavwadi,"SHIDAWANE FATA",MO,9291,Vaibhavwadi,25.7,,,तरळे,वैभववाडी,25.7,09:00,10:00,SC,DAILY,,"नापणे रेल्वे स्टेशन",
11249,"Vaibhavwadi To Magamwadi",Vaibhavwadi,Magamwadi,,MO,9291,Vaibhavwadi,,,,वैभववाडी,मगमवाडी,7.8,07:10,07:25,MV,DAILY,,सांगुळ्वाडी,
11249,"Vaibhavwadi To Magamwadi",Vaibhavwadi,Magamwadi,,MO,9249,"Nawale Fata",3,,,वैभववाडी,मगमवाडी,7.8,07:10,07:25,MV,DAILY,,सांगुळ्वाडी,
11249,"Vaibhavwadi To Magamwadi",Vaibhavwadi,Magamwadi,,MO,9268,Sangulwadi,4.2,,,वैभववाडी,मगमवाडी,7.8,07:10,07:25,MV,DAILY,,सांगुळ्वाडी,
11249,"Vaibhavwadi To Magamwadi",Vaibhavwadi,Magamwadi,,MO,9228,Magamwadi,7.8,,,वैभववाडी,मगमवाडी,7.8,07:10,07:25,MV,DAILY,,सांगुळ्वाडी,
11335,"Kankavli To Otav Via Tarandale",Kankavli,"Otav Gpo",,MO,2786,Kankavli,,,,कणकवली,ओटव,20.2,14:30,15:10,NON,DAILY,,"तरंदळे,माईण",
11335,"Kankavli To Otav Via Tarandale",Kankavli,"Otav Gpo",,MO,2981,"Tarandale Panchayat",3.3,,,कणकवली,ओटव,20.2,14:30,15:10,NON,DAILY,,"तरंदळे,माईण",
11335,"Kankavli To Otav Via Tarandale",Kankavli,"Otav Gpo",,MO,2980,"Tarandale Mandir",6.4,,,कणकवली,ओटव,20.2,14:30,15:10,NON,DAILY,,"तरंदळे,माईण",
11335,"Kankavli To Otav Via Tarandale",Kankavli,"Otav Gpo",,MO,2846,"Main Fata",9.1,,,कणकवली,ओटव,20.2,14:30,15:10,NON,DAILY,,"तरंदळे,माईण",
11335,"Kankavli To Otav Via Tarandale",Kankavli,"Otav Gpo",,MO,2848,"Main Sutarwadi",12.7,,,कणकवली,ओटव,20.2,14:30,15:10,NON,DAILY,,"तरंदळे,माईण",
11335,"Kankavli To Otav Via Tarandale",Kankavli,"Otav Gpo",,MO,2991,Ubadewadi,13.3,,,कणकवली,ओटव,20.2,14:30,15:10,NON,DAILY,,"तरंदळे,माईण",
11335,"Kankavli To Otav Via Tarandale",Kankavli,"Otav Gpo",,MO,2847,"Main Panchayat",14.8,,,कणकवली,ओटव,20.2,14:30,15:10,NON,DAILY,,"तरंदळे,माईण",
11335,"Kankavli To Otav Via Tarandale",Kankavli,"Otav Gpo",,MO,2893,"Otav Gpo",20.2,,,कणकवली,ओटव,20.2,14:30,15:10,NON,DAILY,,"तरंदळे,माईण",
11338,"Kankavli To Sakedi",Kankavli,Sakedi,,MO,2786,Kankavli,,,,कणकवली,साकेडी,12,12:10,12:40,NON,DAILY,,,
11338,"Kankavli To Sakedi",Kankavli,Sakedi,,MO,2920,"Radhakrishna Mandir",3.1,,,कणकवली,साकेडी,12,12:10,12:40,NON,DAILY,,,
11338,"Kankavli To Sakedi",Kankavli,Sakedi,,MO,2850,"Mango Tree",6.2,,,कणकवली,साकेडी,12,12:10,12:40,NON,DAILY,,,
11338,"Kankavli To Sakedi",Kankavli,Sakedi,,MO,2939,"Sakedi School",9,,,कणकवली,साकेडी,12,12:10,12:40,NON,DAILY,,,
11338,"Kankavli To Sakedi",Kankavli,Sakedi,,MO,2966,"Shirsatwadi Fata",9.7,,,कणकवली,साकेडी,12,12:10,12:40,NON,DAILY,,,
11338,"Kankavli To Sakedi",Kankavli,Sakedi,,MO,2937,Sakedi,12,,,कणकवली,साकेडी,12,12:10,12:40,NON,DAILY,,,
11340,"Kankavli To Shirval Phanas",Kankavli,"Shirval Phanas",,MO,2786,Kankavli,,,,कणकवली,शिरवळ,9,08:00,08:20,NON,DAILY,,,
11340,"Kankavli To Shirval Phanas",Kankavli,"Shirval Phanas",,MO,2733,Giran,3,,,कणकवली,शिरवळ,9,08:00,08:20,NON,DAILY,,,
11340,"Kankavli To Shirval Phanas",Kankavli,"Shirval Phanas",,MO,2967,Shirval,6,,,कणकवली,शिरवळ,9,08:00,08:20,NON,DAILY,,,
11340,"Kankavli To Shirval Phanas",Kankavli,"Shirval Phanas",,MO,2969,"Shirval Phanas",9,,,कणकवली,शिरवळ,9,08:00,08:20,NON,DAILY,,,
11375,"Tarla To Kalvi",Tarla,Kalvi,,MO,2982,Tarla,,,,तरळे,कालवी,36.4,10:35,11:35,NON,DAILY,,"10.00 नाणीवडे",
11375,"Tarla To Kalvi",Tarla,Kalvi,,MO,2696,Darom,3,,,तरळे,कालवी,36.4,10:35,11:35,NON,DAILY,,"10.00 नाणीवडे",
11375,"Tarla To Kalvi",Tarla,Kalvi,,MO,2678,"Burambawade Fata",6.6,,,तरळे,कालवी,36.4,10:35,11:35,NON,DAILY,,"10.00 नाणीवडे",
11375,"Tarla To Kalvi",Tarla,Kalvi,,MO,1752,Hasnadi,8.7,,,तरळे,कालवी,36.4,10:35,11:35,NON,DAILY,,"10.00 नाणीवडे",
11375,"Tarla To Kalvi",Tarla,Kalvi,,MO,2024,"Undil Titha",10.6,,,तरळे,कालवी,36.4,10:35,11:35,NON,DAILY,,"10.00 नाणीवडे",
11375,"Tarla To Kalvi",Tarla,Kalvi,,MO,1706,Fanasgaon,11.8,,,तरळे,कालवी,36.4,10:35,11:35,NON,DAILY,,"10.00 नाणीवडे",
11375,"Tarla To Kalvi",Tarla,Kalvi,,MO,1738,"Gowal Fata",13.8,,,तरळे,कालवी,36.4,10:35,11:35,NON,DAILY,,"10.00 नाणीवडे",
11375,"Tarla To Kalvi",Tarla,Kalvi,,MO,1739,Gowal,16.8,,,तरळे,कालवी,36.4,10:35,11:35,NON,DAILY,,"10.00 नाणीवडे",
11375,"Tarla To Kalvi",Tarla,Kalvi,,MO,1948,Patgaon,17.8,,,तरळे,कालवी,36.4,10:35,11:35,NON,DAILY,,"10.00 नाणीवडे",
11375,"Tarla To Kalvi",Tarla,Kalvi,,MO,1855,"Mail Dagad",22,,,तरळे,कालवी,36.4,10:35,11:35,NON,DAILY,,"10.00 नाणीवडे",
11375,"Tarla To Kalvi",Tarla,Kalvi,,MO,1985,Somalewadi,23,,,तरळे,कालवी,36.4,10:35,11:35,NON,DAILY,,"10.00 नाणीवडे",
11375,"Tarla To Kalvi",Tarla,Kalvi,,MO,88108,Pendhari,23.8,,,तरळे,कालवी,36.4,10:35,11:35,NON,DAILY,,"10.00 नाणीवडे",
11375,"Tarla To Kalvi",Tarla,Kalvi,,MO,1762,Kaleshwar,25.8,,,तरळे,कालवी,36.4,10:35,11:35,NON,DAILY,,"10.00 नाणीवडे",
11375,"Tarla To Kalvi",Tarla,Kalvi,,MO,1855,"Mail Dagad",27.9,,,तरळे,कालवी,36.4,10:35,11:35,NON,DAILY,,"10.00 नाणीवडे",
11375,"Tarla To Kalvi",Tarla,Kalvi,,MO,1962,"Rameshwar Mandir",28,,,तरळे,कालवी,36.4,10:35,11:35,NON,DAILY,,"10.00 नाणीवडे",
11375,"Tarla To Kalvi",Tarla,Kalvi,,MO,1652,"Baparde School",30.8,,,तरळे,कालवी,36.4,10:35,11:35,NON,DAILY,,"10.00 नाणीवडे",
11375,"Tarla To Kalvi",Tarla,Kalvi,,MO,1638,Bhatwadi,33,,,तरळे,कालवी,36.4,10:35,11:35,NON,DAILY,,"10.00 नाणीवडे",
11375,"Tarla To Kalvi",Tarla,Kalvi,,MO,2060,"Waniwade Tar",34.1,,,तरळे,कालवी,36.4,10:35,11:35,NON,DAILY,,"10.00 नाणीवडे",
11375,"Tarla To Kalvi",Tarla,Kalvi,,MO,1787,Kalvi,36.4,,,तरळे,कालवी,36.4,10:35,11:35,NON,DAILY,,"10.00 नाणीवडे",
19375,"Narkarwadi To Kankavli Via Chinch",Narkarwadi,Kankavli,CHINCH,MO,2881,Narkarwadi,,,,नारकरवाडी,कणकवली,12,12:40,13:10,SC,DAILY,,,
19375,"Narkarwadi To Kankavli Via Chinch",Narkarwadi,Kankavli,CHINCH,MO,2849,Mandir,0.7,,,नारकरवाडी,कणकवली,12,12:40,13:10,SC,DAILY,,,
19375,"Narkarwadi To Kankavli Via Chinch",Narkarwadi,Kankavli,CHINCH,MO,2823,"Kumbharwadi Gavaldeo",2.4,,,नारकरवाडी,कणकवली,12,12:40,13:10,SC,DAILY,,,
19375,"Narkarwadi To Kankavli Via Chinch",Narkarwadi,Kankavli,CHINCH,MO,2682,Chinch,4.7,,,नारकरवाडी,कणकवली,12,12:40,13:10,SC,DAILY,,,
19375,"Narkarwadi To Kankavli Via Chinch",Narkarwadi,Kankavli,CHINCH,MO,2868,"Nagave Marathi School",5.3,,,नारकरवाडी,कणकवली,12,12:40,13:10,SC,DAILY,,,
19375,"Narkarwadi To Kankavli Via Chinch",Narkarwadi,Kankavli,CHINCH,MO,2922,"Railway Cross",8.4,,,नारकरवाडी,कणकवली,12,12:40,13:10,SC,DAILY,,,
19375,"Narkarwadi To Kankavli Via Chinch",Narkarwadi,Kankavli,CHINCH,MO,2786,Kankavli,12,,,नारकरवाडी,कणकवली,12,12:40,13:10,SC,DAILY,,,
19572,"Kankavli To Malvan Via Asrondi Fata",Kankavli,Malvan,"ASRONDI FATA",MO,2786,Kankavli,,,,कणकवली,मालवण,60.3,06:00,08:15,OTHER,DAILY,"08.15 ते 08.45 विश्रांती","मालडी,आंगणेवाडी",
19572,"Kankavli To Malvan Via Asrondi Fata",Kankavli,Malvan,"ASRONDI FATA",MO,2645,"Asrondi Fata",3.6,,,कणकवली,मालवण,60.3,06:00,08:15,OTHER,DAILY,"08.15 ते 08.45 विश्रांती","मालडी,आंगणेवाडी",
19572,"Kankavli To Malvan Via Asrondi Fata",Kankavli,Malvan,"ASRONDI FATA",MO,2950,"Satral Pavnadevi Mandir",5.9,,,कणकवली,मालवण,60.3,06:00,08:15,OTHER,DAILY,"08.15 ते 08.45 विश्रांती","मालडी,आंगणेवाडी",
19572,"Kankavli To Malvan Via Asrondi Fata",Kankavli,Malvan,"ASRONDI FATA",MO,2854,"Masansada Titha Giran",6.4,,,कणकवली,मालवण,60.3,06:00,08:15,OTHER,DAILY,"08.15 ते 08.45 विश्रांती","मालडी,आंगणेवाडी",
19572,"Kankavli To Malvan Via Asrondi Fata",Kankavli,Malvan,"ASRONDI FATA",MO,2802,"Kasral Disp",7.1,,,कणकवली,मालवण,60.3,06:00,08:15,OTHER,DAILY,"08.15 ते 08.45 विश्रांती","मालडी,आंगणेवाडी",
19572,"Kankavli To Malvan Via Asrondi Fata",Kankavli,Malvan,"ASRONDI FATA",MO,2805,"Kasral Sada Wad",9,,,कणकवली,मालवण,60.3,06:00,08:15,OTHER,DAILY,"08.15 ते 08.45 विश्रांती","मालडी,आंगणेवाडी",
19572,"Kankavli To Malvan Via Asrondi Fata",Kankavli,Malvan,"ASRONDI FATA",MO,6765,"Asrondi Marathi School",11.4,,,कणकवली,मालवण,60.3,06:00,08:15,OTHER,DAILY,"08.15 ते 08.45 विश्रांती","मालडी,आंगणेवाडी",
19572,"Kankavli To Malvan Via Asrondi Fata",Kankavli,Malvan,"ASRONDI FATA",MO,6767,"Asrondi Sima",12.1,,,कणकवली,मालवण,60.3,06:00,08:15,OTHER,DAILY,"08.15 ते 08.45 विश्रांती","मालडी,आंगणेवाडी",
19572,"Kankavli To Malvan Via Asrondi Fata",Kankavli,Malvan,"ASRONDI FATA",MO,6995,"Shiravande Gpo",14.3,,,कणकवली,मालवण,60.3,06:00,08:15,OTHER,DAILY,"08.15 ते 08.45 विश्रांती","मालडी,आंगणेवाडी",
19572,"Kankavli To Malvan Via Asrondi Fata",Kankavli,Malvan,"ASRONDI FATA",MO,7023,"Wadacha Naka",15,,,कणकवली,मालवण,60.3,06:00,08:15,OTHER,DAILY,"08.15 ते 08.45 विश्रांती","मालडी,आंगणेवाडी",
19572,"Kankavli To Malvan Via Asrondi Fata",Kankavli,Malvan,"ASRONDI FATA",MO,6840,"Haladiwadi Maruti Mandir",16.6,,,कणकवली,मालवण,60.3,06:00,08:15,OTHER,DAILY,"08.15 ते 08.45 विश्रांती","मालडी,आंगणेवाडी",
19572,"Kankavli To Malvan Via Asrondi Fata",Kankavli,Malvan,"ASRONDI FATA",MO,3013,Panhalwadi,17.3,,,कणकवली,मालवण,60.3,06:00,08:15,OTHER,DAILY,"08.15 ते 08.45 विश्रांती","मालडी,आंगणेवाडी",
19572,"Kankavli To Malvan Via Asrondi Fata",Kankavli,Malvan,"ASRONDI FATA",MO,6760,"Asgani Chavan Dukan",17.6,,,कणकवली,मालवण,60.3,06:00,08:15,OTHER,DAILY,"08.15 ते 08.45 विश्रांती","मालडी,आंगणेवाडी",
19572,"Kankavli To Malvan Via Asrondi Fata",Kankavli,Malvan,"ASRONDI FATA",MO,6775,"Belane Fata",21,,,कणकवली,मालवण,60.3,06:00,08:15,OTHER,DAILY,"08.15 ते 08.45 विश्रांती","मालडी,आंगणेवाडी",
19572,"Kankavli To Malvan Via Asrondi Fata",Kankavli,Malvan,"ASRONDI FATA",MO,6759,"Asgani Bhakardeo Mandir",23.7,,,कणकवली,मालवण,60.3,06:00,08:15,OTHER,DAILY,"08.15 ते 08.45 विश्रांती","मालडी,आंगणेवाडी",
19572,"Kankavli To Malvan Via Asrondi Fata",Kankavli,Malvan,"ASRONDI FATA",MO,6965,"Poip Katta Titha",26.8,,,कणकवली,मालवण,60.3,06:00,08:15,OTHER,DAILY,"08.15 ते 08.45 विश्रांती","मालडी,आंगणेवाडी",
19572,"Kankavli To Malvan Via Asrondi Fata",Kankavli,Malvan,"ASRONDI FATA",MO,7020,"Viran Bazar",27.4,,,कणकवली,मालवण,60.3,06:00,08:15,OTHER,DAILY,"08.15 ते 08.45 विश्रांती","मालडी,आंगणेवाडी",
19572,"Kankavli To Malvan Via Asrondi Fata",Kankavli,Malvan,"ASRONDI FATA",MO,6801,"Chunavare Fata",30.1,,,कणकवली,मालवण,60.3,06:00,08:15,OTHER,DAILY,"08.15 ते 08.45 विश्रांती","मालडी,आंगणेवाडी",
19572,"Kankavli To Malvan Via Asrondi Fata",Kankavli,Malvan,"ASRONDI FATA",MO,6913,Malond,32.8,,,कणकवली,मालवण,60.3,06:00,08:15,OTHER,DAILY,"08.15 ते 08.45 विश्रांती","मालडी,आंगणेवाडी",
19572,"Kankavli To Malvan Via Asrondi Fata",Kankavli,Malvan,"ASRONDI FATA",MO,6801,"Chunavare Fata",35.5,,,कणकवली,मालवण,60.3,06:00,08:15,OTHER,DAILY,"08.15 ते 08.45 विश्रांती","मालडी,आंगणेवाडी",
19572,"Kankavli To Malvan Via Asrondi Fata",Kankavli,Malvan,"ASRONDI FATA",MO,7020,"Viran Bazar",38.2,,,कणकवली,मालवण,60.3,06:00,08:15,OTHER,DAILY,"08.15 ते 08.45 विश्रांती","मालडी,आंगणेवाडी",
19572,"Kankavli To Malvan Via Asrondi Fata",Kankavli,Malvan,"ASRONDI FATA",MO,6924,"Masade School",40.7,,,कणकवली,मालवण,60.3,06:00,08:15,OTHER,DAILY,"08.15 ते 08.45 विश्रांती","मालडी,आंगणेवाडी",
19572,"Kankavli To Malvan Via Asrondi Fata",Kankavli,Malvan,"ASRONDI FATA",MO,6925,"Masade Titha",41.7,,,कणकवली,मालवण,60.3,06:00,08:15,OTHER,DAILY,"08.15 ते 08.45 विश्रांती","मालडी,आंगणेवाडी",
19572,"Kankavli To Malvan Via Asrondi Fata",Kankavli,Malvan,"ASRONDI FATA",MO,6923,"Masade Golvan Titha",41.8,,,कणकवली,मालवण,60.3,06:00,08:15,OTHER,DAILY,"08.15 ते 08.45 विश्रांती","मालडी,आंगणेवाडी",
19572,"Kankavli To Malvan Via Asrondi Fata",Kankavli,Malvan,"ASRONDI FATA",MO,6769,Bagayat,43.7,,,कणकवली,मालवण,60.3,06:00,08:15,OTHER,DAILY,"08.15 ते 08.45 विश्रांती","मालडी,आंगणेवाडी",
19572,"Kankavli To Malvan Via Asrondi Fata",Kankavli,Malvan,"ASRONDI FATA",MO,6786,"Bhogale Dukan Magavane Fata",44.3,,,कणकवली,मालवण,60.3,06:00,08:15,OTHER,DAILY,"08.15 ते 08.45 विश्रांती","मालडी,आंगणेवाडी",
19572,"Kankavli To Malvan Via Asrondi Fata",Kankavli,Malvan,"ASRONDI FATA",MO,6785,"Bhogale Dukan",45.2,,,कणकवली,मालवण,60.3,06:00,08:15,OTHER,DAILY,"08.15 ते 08.45 विश्रांती","मालडी,आंगणेवाडी",
19572,"Kankavli To Malvan Via Asrondi Fata",Kankavli,Malvan,"ASRONDI FATA",MO,6757,"Anganewadi Fata",46.1,,,कणकवली,मालवण,60.3,06:00,08:15,OTHER,DAILY,"08.15 ते 08.45 विश्रांती","मालडी,आंगणेवाडी",
19572,"Kankavli To Malvan Via Asrondi Fata",Kankavli,Malvan,"ASRONDI FATA",MO,6756,Anganewadi,46.6,,,कणकवली,मालवण,60.3,06:00,08:15,OTHER,DAILY,"08.15 ते 08.45 विश्रांती","मालडी,आंगणेवाडी",
19572,"Kankavli To Malvan Via Asrondi Fata",Kankavli,Malvan,"ASRONDI FATA",MO,6787,"Bilwas Datta Mandir",47.4,,,कणकवली,मालवण,60.3,06:00,08:15,OTHER,DAILY,"08.15 ते 08.45 विश्रांती","मालडी,आंगणेवाडी",
19572,"Kankavli To Malvan Via Asrondi Fata",Kankavli,Malvan,"ASRONDI FATA",MO,6909,"Mahan Gawade Hotel",50.8,,,कणकवली,मालवण,60.3,06:00,08:15,OTHER,DAILY,"08.15 ते 08.45 विश्रांती","मालडी,आंगणेवाडी",
19572,"Kankavli To Malvan Via Asrondi Fata",Kankavli,Malvan,"ASRONDI FATA",MO,6779,"Bhagat Nursary",54,,,कणकवली,मालवण,60.3,06:00,08:15,OTHER,DAILY,"08.15 ते 08.45 विश्रांती","मालडी,आंगणेवाडी",
19572,"Kankavli To Malvan Via Asrondi Fata",Kankavli,Malvan,"ASRONDI FATA",MO,6746,Adari,56.9,,,कणकवली,मालवण,60.3,06:00,08:15,OTHER,DAILY,"08.15 ते 08.45 विश्रांती","मालडी,आंगणेवाडी",
19572,"Kankavli To Malvan Via Asrondi Fata",Kankavli,Malvan,"ASRONDI FATA",MO,6915,Malvan,60.3,,,कणकवली,मालवण,60.3,06:00,08:15,OTHER,DAILY,"08.15 ते 08.45 विश्रांती","मालडी,आंगणेवाडी",
19819,"Kurli To Phonda",Kurli,Phonda,,MO,2832,Kurli,,,,कुळये,फोंडा,15,15:20,16:00,NON,DAILY,,,
19819,"Kurli To Phonda",Kurli,Phonda,,MO,2835,"Kurli Gpo Bhakarwadi",3.6,,,कुळये,फोंडा,15,15:20,16:00,NON,DAILY,,,
19819,"Kurli To Phonda",Kurli,Phonda,,MO,2946,Sapatwadi,6.6,,,कुळये,फोंडा,15,15:20,16:00,NON,DAILY,,,
19819,"Kurli To Phonda",Kurli,Phonda,,MO,2731,Ghonsari,9.9,,,कुळये,फोंडा,15,15:20,16:00,NON,DAILY,,,
19819,"Kurli To Phonda",Kurli,Phonda,,MO,2652,"Baviche Bhatle-1",13.3,,,कुळये,फोंडा,15,15:20,16:00,NON,DAILY,,,
19819,"Kurli To Phonda",Kurli,Phonda,,MO,2904,Phonda,15,,,कुळये,फोंडा,15,15:20,16:00,NON,DAILY,,,
46837,"Kankavli To Humbarne Society",Kankavli,"Humbarne Society",,MO,2786,Kankavli,,,,कणकवली,हुंबरणे,11.4,07:30,07:55,OBL,DAILY,,rवरवडे,
46837,"Kankavli To Humbarne Society",Kankavli,"Humbarne Society",,MO,88092,"Kalmath Phanaswadi",3,,,कणकवली,हुंबरणे,11.4,07:30,07:55,OBL,DAILY,,rवरवडे,
46837,"Kankavli To Humbarne Society",Kankavli,"Humbarne Society",,MO,2995,"Varawade Mandir",6,,,कणकवली,हुंबरणे,11.4,07:30,07:55,OBL,DAILY,,rवरवडे,
46837,"Kankavli To Humbarne Society",Kankavli,"Humbarne Society",,MO,2836,"Kuweskar Dukan",8.5,,,कणकवली,हुंबरणे,11.4,07:30,07:55,OBL,DAILY,,rवरवडे,
46837,"Kankavli To Humbarne Society",Kankavli,"Humbarne Society",,MO,2910,"Pise Kamte School",9,,,कणकवली,हुंबरणे,11.4,07:30,07:55,OBL,DAILY,,rवरवडे,
46837,"Kankavli To Humbarne Society",Kankavli,"Humbarne Society",,MO,2755,"Humbarne Society",11.4,,,कणकवली,हुंबरणे,11.4,07:30,07:55,OBL,DAILY,,rवरवडे,
47334,"Ambrad To Kasal Via Pokharan School",Ambrad,Kasal,,MO,6090,Ambrad,,,,पोखरण,कसाल,12.2,08:15,08:45,SC,DAILY,,,
47334,"Ambrad To Kasal Via Pokharan School",Ambrad,Kasal,,MO,6371,"Pokharan School",3,,,पोखरण,कसाल,12.2,08:15,08:45,SC,DAILY,,,
47334,"Ambrad To Kasal Via Pokharan School",Ambrad,Kasal,,MO,6280,Kusbe,5.5,,,पोखरण,कसाल,12.2,08:15,08:45,SC,DAILY,,,
47334,"Ambrad To Kasal Via Pokharan School",Ambrad,Kasal,,MO,6286,"Kunde Post",7.8,,,पोखरण,कसाल,12.2,08:15,08:45,SC,DAILY,,,
47334,"Ambrad To Kasal Via Pokharan School",Ambrad,Kasal,,MO,6149,Chirekhan,9.5,,,पोखरण,कसाल,12.2,08:15,08:45,SC,DAILY,,,
47334,"Ambrad To Kasal Via Pokharan School",Ambrad,Kasal,,MO,6281,Kasal,12,,,पोखरण,कसाल,12.2,08:15,08:45,SC,DAILY,,,
59219,"Kharepatan To Bagwadi",Kharepatan,Bagwadi,,MO,2812,Kharepatan,,,,खारेपाटण,बागवाडी,18.1,06:40,07:20,NON,DAILY,,,
59219,"Kharepatan To Bagwadi",Kharepatan,Bagwadi,,MO,2056,"Waingani Stop",3,,,खारेपाटण,बागवाडी,18.1,06:40,07:20,NON,DAILY,,,
59219,"Kharepatan To Bagwadi",Kharepatan,Bagwadi,,MO,1779,"Kunkavan Poy",6,,,खारेपाटण,बागवाडी,18.1,06:40,07:20,NON,DAILY,,,
59219,"Kharepatan To Bagwadi",Kharepatan,Bagwadi,,MO,88078,"Korle Dewoolwadi",9.7,,,खारेपाटण,बागवाडी,18.1,06:40,07:20,NON,DAILY,,,
59219,"Kharepatan To Bagwadi",Kharepatan,Bagwadi,,MO,1693,"Dhalawali Hariyalwadi",12,,,खारेपाटण,बागवाडी,18.1,06:40,07:20,NON,DAILY,,,
59219,"Kharepatan To Bagwadi",Kharepatan,Bagwadi,,MO,1936,Pombhurle,15,,,खारेपाटण,बागवाडी,18.1,06:40,07:20,NON,DAILY,,,
59219,"Kharepatan To Bagwadi",Kharepatan,Bagwadi,,MO,1664,Bagwadi,18.1,,,खारेपाटण,बागवाडी,18.1,06:40,07:20,NON,DAILY,,,
59462,"Kalvi To Tarla",Kalvi,Tarla,,MO,1787,Kalvi,,,,कालवी,तरळे,36.4,11:45,12:45,NON,DAILY,,"yemegve येणे",
59462,"Kalvi To Tarla",Kalvi,Tarla,,MO,2060,"Waniwade Tar",2.3,,,कालवी,तरळे,36.4,11:45,12:45,NON,DAILY,,"yemegve येणे",
59462,"Kalvi To Tarla",Kalvi,Tarla,,MO,1638,Bhatwadi,3.4,,,कालवी,तरळे,36.4,11:45,12:45,NON,DAILY,,"yemegve येणे",
59462,"Kalvi To Tarla",Kalvi,Tarla,,MO,1652,"Baparde School",5.6,,,कालवी,तरळे,36.4,11:45,12:45,NON,DAILY,,"yemegve येणे",
59462,"Kalvi To Tarla",Kalvi,Tarla,,MO,1962,"Rameshwar Mandir",8.4,,,कालवी,तरळे,36.4,11:45,12:45,NON,DAILY,,"yemegve येणे",
59462,"Kalvi To Tarla",Kalvi,Tarla,,MO,1855,"Mail Dagad",8.5,,,कालवी,तरळे,36.4,11:45,12:45,NON,DAILY,,"yemegve येणे",
59462,"Kalvi To Tarla",Kalvi,Tarla,,MO,1762,Kaleshwar,10.6,,,कालवी,तरळे,36.4,11:45,12:45,NON,DAILY,,"yemegve येणे",
59462,"Kalvi To Tarla",Kalvi,Tarla,,MO,1985,Somalewadi,13.4,,,कालवी,तरळे,36.4,11:45,12:45,NON,DAILY,,"yemegve येणे",
59462,"Kalvi To Tarla",Kalvi,Tarla,,MO,1948,Patgaon,18.6,,,कालवी,तरळे,36.4,11:45,12:45,NON,DAILY,,"yemegve येणे",
59462,"Kalvi To Tarla",Kalvi,Tarla,,MO,1739,Gowal,19.6,,,कालवी,तरळे,36.4,11:45,12:45,NON,DAILY,,"yemegve येणे",
59462,"Kalvi To Tarla",Kalvi,Tarla,,MO,1738,"Gowal Fata",22.6,,,कालवी,तरळे,36.4,11:45,12:45,NON,DAILY,,"yemegve येणे",
59462,"Kalvi To Tarla",Kalvi,Tarla,,MO,1706,Fanasgaon,24.6,,,कालवी,तरळे,36.4,11:45,12:45,NON,DAILY,,"yemegve येणे",
59462,"Kalvi To Tarla",Kalvi,Tarla,,MO,2024,"Undil Titha",25.8,,,कालवी,तरळे,36.4,11:45,12:45,NON,DAILY,,"yemegve येणे",
59462,"Kalvi To Tarla",Kalvi,Tarla,,MO,1752,Hasnadi,27.7,,,कालवी,तरळे,36.4,11:45,12:45,NON,DAILY,,"yemegve येणे",
59462,"Kalvi To Tarla",Kalvi,Tarla,,MO,2678,"Burambawade Fata",29.8,,,कालवी,तरळे,36.4,11:45,12:45,NON,DAILY,,"yemegve येणे",
59462,"Kalvi To Tarla",Kalvi,Tarla,,MO,2696,Darom,33.4,,,कालवी,तरळे,36.4,11:45,12:45,NON,DAILY,,"yemegve येणे",
59462,"Kalvi To Tarla",Kalvi,Tarla,,MO,2982,Tarla,36.4,,,कालवी,तरळे,36.4,11:45,12:45,NON,DAILY,,"yemegve येणे",
59603,"Kasal To Kankavli Via Osargaon Post",Kasal,Kankavli,"OSARGAON POST",MO,6281,Kasal,,,,कसाल,कणकवली,15,13:00,13:25,SC,DAILY,,,
59603,"Kasal To Kankavli Via Osargaon Post",Kasal,Kankavli,"OSARGAON POST",MO,2698,Dewoolwadi,3.8,,,कसाल,कणकवली,15,13:00,13:25,SC,DAILY,,,
59603,"Kasal To Kankavli Via Osargaon Post",Kasal,Kankavli,"OSARGAON POST",MO,2890,"Osargaon Post",5.8,,,कसाल,कणकवली,15,13:00,13:25,SC,DAILY,,,
59603,"Kasal To Kankavli Via Osargaon Post",Kasal,Kankavli,"OSARGAON POST",MO,2891,"Osargaon Talav",6.8,,,कसाल,कणकवली,15,13:00,13:25,SC,DAILY,,,
59603,"Kasal To Kankavli Via Osargaon Post",Kasal,Kankavli,"OSARGAON POST",MO,2692,Dangalwadi,9.8,,,कसाल,कणकवली,15,13:00,13:25,SC,DAILY,,,
59603,"Kasal To Kankavli Via Osargaon Post",Kasal,Kankavli,"OSARGAON POST",MO,3001,"Wagade Gpo",12.8,,,कसाल,कणकवली,15,13:00,13:25,SC,DAILY,,,
59603,"Kasal To Kankavli Via Osargaon Post",Kasal,Kankavli,"OSARGAON POST",MO,2786,Kankavli,15,,,कसाल,कणकवली,15,13:00,13:25,SC,DAILY,,,
83316,"Vaibhavwadi To Nawale Dhangarwadi Via Sangulwadi",Vaibhavwadi,"Nawale Dhangarwadi",SANGULWADI,MO,9291,Vaibhavwadi,,,,वैभववाडी,नावळे,11.4,10:10,10:35,SC,DAILY,,,
83316,"Vaibhavwadi To Nawale Dhangarwadi Via Sangulwadi",Vaibhavwadi,"Nawale Dhangarwadi",SANGULWADI,MO,9268,Sangulwadi,2.2,,,वैभववाडी,नावळे,11.4,10:10,10:35,SC,DAILY,,,
83316,"Vaibhavwadi To Nawale Dhangarwadi Via Sangulwadi",Vaibhavwadi,"Nawale Dhangarwadi",SANGULWADI,MO,9259,Pool,3,,,वैभववाडी,नावळे,11.4,10:10,10:35,SC,DAILY,,,
83316,"Vaibhavwadi To Nawale Dhangarwadi Via Sangulwadi",Vaibhavwadi,"Nawale Dhangarwadi",SANGULWADI,MO,9281,Tembwadi,6,,,वैभववाडी,नावळे,11.4,10:10,10:35,SC,DAILY,,,
83316,"Vaibhavwadi To Nawale Dhangarwadi Via Sangulwadi",Vaibhavwadi,"Nawale Dhangarwadi",SANGULWADI,MO,9195,Gaothanwadi,8,,,वैभववाडी,नावळे,11.4,10:10,10:35,SC,DAILY,,,
83316,"Vaibhavwadi To Nawale Dhangarwadi Via Sangulwadi",Vaibhavwadi,"Nawale Dhangarwadi",SANGULWADI,MO,9191,"Dhangarwadi Shala",9,,,वैभववाडी,नावळे,11.4,10:10,10:35,SC,DAILY,,,
83316,"Vaibhavwadi To Nawale Dhangarwadi Via Sangulwadi",Vaibhavwadi,"Nawale Dhangarwadi",SANGULWADI,MO,9248,"Nawale Dhangarwadi",11.4,,,वैभववाडी,नावळे,11.4,10:10,10:35,SC,DAILY,,,
83895,"Vaibhavwadi To Kokisare",Vaibhavwadi,Kokisare,,MO,9291,Vaibhavwadi,,,,वैभववाडी,कोकिसरे,5.2,16:15,16:25,MV,DAILY,,,
83895,"Vaibhavwadi To Kokisare",Vaibhavwadi,Kokisare,,MO,9229,"Mail Dagad",3,,,वैभववाडी,कोकिसरे,5.2,16:15,16:25,MV,DAILY,,,
83895,"Vaibhavwadi To Kokisare",Vaibhavwadi,Kokisare,,MO,9218,Kokisare,5.2,,,वैभववाडी,कोकिसरे,5.2,16:15,16:25,MV,DAILY,,,
90006,"Sonawade To Kankavli Via Ghotage",Sonawade,Kankavli,GHOTAGE,MO,6418,Sonawade,,,,सोनवडे,कणकवली,26.6,08:50,10:00,SC,DAILY,,,
90006,"Sonawade To Kankavli Via Ghotage",Sonawade,Kankavli,GHOTAGE,MO,6179,Ghotage,2.6,,,सोनवडे,कणकवली,26.6,08:50,10:00,SC,DAILY,,,
90006,"Sonawade To Kankavli Via Ghotage",Sonawade,Kankavli,GHOTAGE,MO,6225,"Jambhavade Bhagwati Mandir",5.6,,,सोनवडे,कणकवली,26.6,08:50,10:00,SC,DAILY,,,
90006,"Sonawade To Kankavli Via Ghotage",Sonawade,Kankavli,GHOTAGE,MO,6234,"Kupawade Vinanti",8.6,,,सोनवडे,कणकवली,26.6,08:50,10:00,SC,DAILY,,,
90006,"Sonawade To Kankavli Via Ghotage",Sonawade,Kankavli,GHOTAGE,MO,6211,"Hardi Titha",11.6,,,सोनवडे,कणकवली,26.6,08:50,10:00,SC,DAILY,,,
90006,"Sonawade To Kankavli Via Ghotage",Sonawade,Kankavli,GHOTAGE,MO,2752,"Hed Shivdav Fata",14.6,,,सोनवडे,कणकवली,26.6,08:50,10:00,SC,DAILY,,,
90006,"Sonawade To Kankavli Via Ghotage",Sonawade,Kankavli,GHOTAGE,MO,2709,Dongari,16.4,,,सोनवडे,कणकवली,26.6,08:50,10:00,SC,DAILY,,,
90006,"Sonawade To Kankavli Via Ghotage",Sonawade,Kankavli,GHOTAGE,MO,2969,"Shirval Phanas",17.6,,,सोनवडे,कणकवली,26.6,08:50,10:00,SC,DAILY,,,
90006,"Sonawade To Kankavli Via Ghotage",Sonawade,Kankavli,GHOTAGE,MO,2971,"Shivdav Fata",20.6,,,सोनवडे,कणकवली,26.6,08:50,10:00,SC,DAILY,,,
90006,"Sonawade To Kankavli Via Ghotage",Sonawade,Kankavli,GHOTAGE,MO,2968,"Shirval Fata",22.35,,,सोनवडे,कणकवली,26.6,08:50,10:00,SC,DAILY,,,
90006,"Sonawade To Kankavli Via Ghotage",Sonawade,Kankavli,GHOTAGE,MO,2742,"Halwal Giran",23.6,,,सोनवडे,कणकवली,26.6,08:50,10:00,SC,DAILY,,,
90006,"Sonawade To Kankavli Via Ghotage",Sonawade,Kankavli,GHOTAGE,MO,2786,Kankavli,26.6,,,सोनवडे,कणकवली,26.6,08:50,10:00,SC,DAILY,,,
90106,"Vaibhavwadi To Bhuibavada",Vaibhavwadi,Bhuibavada,,MO,9291,Vaibhavwadi,,,,वैभववाडी,भुईबावडा,18,06:10,06:40,SC,SUN,,उंबर्डे,
90106,"Vaibhavwadi To Bhuibavada",Vaibhavwadi,Bhuibavada,,MO,9274,Sonali,2,,,वैभववाडी,भुईबावडा,18,06:10,06:40,SC,SUN,,उंबर्डे,
90106,"Vaibhavwadi To Bhuibavada",Vaibhavwadi,Bhuibavada,,MO,9247,"Narkar Dukan",3,,,वैभववाडी,भुईबावडा,18,06:10,06:40,SC,SUN,,उंबर्डे,
90106,"Vaibhavwadi To Bhuibavada",Vaibhavwadi,Bhuibavada,,MO,9258,Pimpalwadi,5,,,वैभववाडी,भुईबावडा,18,06:10,06:40,SC,SUN,,उंबर्डे,
90106,"Vaibhavwadi To Bhuibavada",Vaibhavwadi,Bhuibavada,,MO,9226,"Kusur Bazarwadi",6,,,वैभववाडी,भुईबावडा,18,06:10,06:40,SC,SUN,,उंबर्डे,
90106,"Vaibhavwadi To Bhuibavada",Vaibhavwadi,Bhuibavada,,MO,14299,Bhoudhawadi,9,,,वैभववाडी,भुईबावडा,18,06:10,06:40,SC,SUN,,उंबर्डे,
90106,"Vaibhavwadi To Bhuibavada",Vaibhavwadi,Bhuibavada,,MO,9285,Umbarde,9.2,,,वैभववाडी,भुईबावडा,18,06:10,06:40,SC,SUN,,उंबर्डे,
90106,"Vaibhavwadi To Bhuibavada",Vaibhavwadi,Bhuibavada,,MO,20439,Wanewadi,11.8,,,वैभववाडी,भुईबावडा,18,06:10,06:40,SC,SUN,,उंबर्डे,
90106,"Vaibhavwadi To Bhuibavada",Vaibhavwadi,Bhuibavada,,MO,24688,Mangoli,14.9,,,वैभववाडी,भुईबावडा,18,06:10,06:40,SC,SUN,,उंबर्डे,
90106,"Vaibhavwadi To Bhuibavada",Vaibhavwadi,Bhuibavada,,MO,9186,Bhuibavada,18,,,वैभववाडी,भुईबावडा,18,06:10,06:40,SC,SUN,,उंबर्डे,
90331,"Kharepatan To Umbarde",Kharepatan,Umbarde,,MO,2812,Kharepatan,,,,खारेपाटण,उंबर्डे,18,15:45,16:15,SC,SUN,,मोसम,
90331,"Kharepatan To Umbarde",Kharepatan,Umbarde,,MO,9238,"Mosam Hotel",3,,,खारेपाटण,उंबर्डे,18,15:45,16:15,SC,SUN,,मोसम,
90331,"Kharepatan To Umbarde",Kharepatan,Umbarde,,MO,14805,"Mosam Bridge",6,,,खारेपाटण,उंबर्डे,18,15:45,16:15,SC,SUN,,मोसम,
90331,"Kharepatan To Umbarde",Kharepatan,Umbarde,,MO,9209,"Jamade Bridge",9,,,खारेपाटण,उंबर्डे,18,15:45,16:15,SC,SUN,,मोसम,
90331,"Kharepatan To Umbarde",Kharepatan,Umbarde,,MO,9284,Tithavali,12,,,खारेपाटण,उंबर्डे,18,15:45,16:15,SC,SUN,,मोसम,
90331,"Kharepatan To Umbarde",Kharepatan,Umbarde,,MO,9243,"Nanivade Fata",14,,,खारेपाटण,उंबर्डे,18,15:45,16:15,SC,SUN,,मोसम,
90331,"Kharepatan To Umbarde",Kharepatan,Umbarde,,MO,9220,"Kolpe Dukan",15,,,खारेपाटण,उंबर्डे,18,15:45,16:15,SC,SUN,,मोसम,
90331,"Kharepatan To Umbarde",Kharepatan,Umbarde,,MO,9285,Umbarde,18,,,खारेपाटण,उंबर्डे,18,15:45,16:15,SC,SUN,,मोसम,
111193,"Hatiwale Collage To Kharepatan Via Juvati","Hatiwale Collage",Kharepatan,JUVATI,MO,14526,"Hatiwale Collage",,,,हातीवले,खारेपाटण,17.4,08:00,08:35,SC,SUN,,जुवाटी,
111193,"Hatiwale Collage To Kharepatan Via Juvati","Hatiwale Collage",Kharepatan,JUVATI,MO,14564,"Jaitapur Fata",0.9,,,हातीवले,खारेपाटण,17.4,08:00,08:35,SC,SUN,,जुवाटी,
111193,"Hatiwale Collage To Kharepatan Via Juvati","Hatiwale Collage",Kharepatan,JUVATI,MO,14980,Pujariwadi,1.4,,,हातीवले,खारेपाटण,17.4,08:00,08:35,SC,SUN,,जुवाटी,
111193,"Hatiwale Collage To Kharepatan Via Juvati","Hatiwale Collage",Kharepatan,JUVATI,MO,14567,Juvati,2.5,,,हातीवले,खारेपाटण,17.4,08:00,08:35,SC,SUN,,जुवाटी,
111193,"Hatiwale Collage To Kharepatan Via Juvati","Hatiwale Collage",Kharepatan,JUVATI,MO,14341,"Chinch Naka",2.8,,,हातीवले,खारेपाटण,17.4,08:00,08:35,SC,SUN,,जुवाटी,
111193,"Hatiwale Collage To Kharepatan Via Juvati","Hatiwale Collage",Kharepatan,JUVATI,MO,15136,Shirkewadi,3.2,,,हातीवले,खारेपाटण,17.4,08:00,08:35,SC,SUN,,जुवाटी,
111193,"Hatiwale Collage To Kharepatan Via Juvati","Hatiwale Collage",Kharepatan,JUVATI,MO,14746,"Mayekar Vadi",4.9,,,हातीवले,खारेपाटण,17.4,08:00,08:35,SC,SUN,,जुवाटी,
111193,"Hatiwale Collage To Kharepatan Via Juvati","Hatiwale Collage",Kharepatan,JUVATI,MO,15033,"Shade Stop No 1",5.5,,,हातीवले,खारेपाटण,17.4,08:00,08:35,SC,SUN,,जुवाटी,
111193,"Hatiwale Collage To Kharepatan Via Juvati","Hatiwale Collage",Kharepatan,JUVATI,MO,14796,"Maruti Mandir",7.7,,,हातीवले,खारेपाटण,17.4,08:00,08:35,SC,SUN,,जुवाटी,
111193,"Hatiwale Collage To Kharepatan Via Juvati","Hatiwale Collage",Kharepatan,JUVATI,MO,14651,Kondye,8.5,,,हातीवले,खारेपाटण,17.4,08:00,08:35,SC,SUN,,जुवाटी,
111193,"Hatiwale Collage To Kharepatan Via Juvati","Hatiwale Collage",Kharepatan,JUVATI,MO,14944,"Panhale Malwadi",10.1,,,हातीवले,खारेपाटण,17.4,08:00,08:35,SC,SUN,,जुवाटी,
111193,"Hatiwale Collage To Kharepatan Via Juvati","Hatiwale Collage",Kharepatan,JUVATI,MO,14879,Panhale,11.4,,,हातीवले,खारेपाटण,17.4,08:00,08:35,SC,SUN,,जुवाटी,
111193,"Hatiwale Collage To Kharepatan Via Juvati","Hatiwale Collage",Kharepatan,JUVATI,MO,15236,"Takewadi School",14.3,,,हातीवले,खारेपाटण,17.4,08:00,08:35,SC,SUN,,जुवाटी,
111193,"Hatiwale Collage To Kharepatan Via Juvati","Hatiwale Collage",Kharepatan,JUVATI,MO,2812,Kharepatan,17.4,,,हातीवले,खारेपाटण,17.4,08:00,08:35,SC,SUN,,जुवाटी,
113212,"Ringewadi To Kharepatan",Ringewadi,Kharepatan,,MO,9264,Ringewadi,,,,रिंगेवाडी,खारेपाटण,30,05:30,07:00,OBL,DAILY,"10.35 ते 11.05 विश्रांती","तरळे,उंबर्डे efo.24.08.18 पासून 1.8 वाढ",
113212,"Ringewadi To Kharepatan",Ringewadi,Kharepatan,,MO,9186,Bhuibavada,3,,,रिंगेवाडी,खारेपाटण,30,05:30,07:00,OBL,DAILY,"10.35 ते 11.05 विश्रांती","तरळे,उंबर्डे efo.24.08.18 पासून 1.8 वाढ",
113212,"Ringewadi To Kharepatan",Ringewadi,Kharepatan,,MO,9233,"Mangawali Dispensary",6,,,रिंगेवाडी,खारेपाटण,30,05:30,07:00,OBL,DAILY,"10.35 ते 11.05 विश्रांती","तरळे,उंबर्डे efo.24.08.18 पासून 1.8 वाढ",
113212,"Ringewadi To Kharepatan",Ringewadi,Kharepatan,,MO,9296,Waniwadi,9,,,रिंगेवाडी,खारेपाटण,30,05:30,07:00,OBL,DAILY,"10.35 ते 11.05 विश्रांती","तरळे,उंबर्डे efo.24.08.18 पासून 1.8 वाढ",
113212,"Ringewadi To Kharepatan",Ringewadi,Kharepatan,,MO,9285,Umbarde,12,,,रिंगेवाडी,खारेपाटण,30,05:30,07:00,OBL,DAILY,"10.35 ते 11.05 विश्रांती","तरळे,उंबर्डे efo.24.08.18 पासून 1.8 वाढ",
113212,"Ringewadi To Kharepatan",Ringewadi,Kharepatan,,MO,9220,"Kolpe Dukan",15,,,रिंगेवाडी,खारेपाटण,30,05:30,07:00,OBL,DAILY,"10.35 ते 11.05 विश्रांती","तरळे,उंबर्डे efo.24.08.18 पासून 1.8 वाढ",
113212,"Ringewadi To Kharepatan",Ringewadi,Kharepatan,,MO,9284,Tithavali,18,,,रिंगेवाडी,खारेपाटण,30,05:30,07:00,OBL,DAILY,"10.35 ते 11.05 विश्रांती","तरळे,उंबर्डे efo.24.08.18 पासून 1.8 वाढ",
113212,"Ringewadi To Kharepatan",Ringewadi,Kharepatan,,MO,9209,"Jamade Bridge",21,,,रिंगेवाडी,खारेपाटण,30,05:30,07:00,OBL,DAILY,"10.35 ते 11.05 विश्रांती","तरळे,उंबर्डे efo.24.08.18 पासून 1.8 वाढ",
113212,"Ringewadi To Kharepatan",Ringewadi,Kharepatan,,MO,9240,"Mousam Bridge",24,,,रिंगेवाडी,खारेपाटण,30,05:30,07:00,OBL,DAILY,"10.35 ते 11.05 विश्रांती","तरळे,उंबर्डे efo.24.08.18 पासून 1.8 वाढ",
113212,"Ringewadi To Kharepatan",Ringewadi,Kharepatan,,MO,9238,"Mosam Hotel",27,,,रिंगेवाडी,खारेपाटण,30,05:30,07:00,OBL,DAILY,"10.35 ते 11.05 विश्रांती","तरळे,उंबर्डे efo.24.08.18 पासून 1.8 वाढ",
113212,"Ringewadi To Kharepatan",Ringewadi,Kharepatan,,MO,2812,Kharepatan,30,,,रिंगेवाडी,खारेपाटण,30,05:30,07:00,OBL,DAILY,"10.35 ते 11.05 विश्रांती","तरळे,उंबर्डे efo.24.08.18 पासून 1.8 वाढ",
120351,"Msure Kawa To Kankavli Via Bharteshwar Mandir","Masure Kawa",Kankavli,"BHARTESHWAR MANDIR",MO,6931,"Masure Kawa",,,,"मसुरे कावा",कणकवली,39.9,09:25,10:40,NON,DAILY,,"रामगड,बेळणे राथिवडे बागायत",
120351,"Msure Kawa To Kankavli Via Bharteshwar Mandir","Masure Kawa",Kankavli,"BHARTESHWAR MANDIR",MO,6927,Masure,3.9,,,"मसुरे कावा",कणकवली,39.9,09:25,10:40,NON,DAILY,,"रामगड,बेळणे राथिवडे बागायत",
120351,"Msure Kawa To Kankavli Via Bharteshwar Mandir","Masure Kawa",Kankavli,"BHARTESHWAR MANDIR",MO,6906,"Magavane Fata",6.9,,,"मसुरे कावा",कणकवली,39.9,09:25,10:40,NON,DAILY,,"रामगड,बेळणे राथिवडे बागायत",
120351,"Msure Kawa To Kankavli Via Bharteshwar Mandir","Masure Kawa",Kankavli,"BHARTESHWAR MANDIR",MO,6979,"Ravalnath Mandir",8.2,,,"मसुरे कावा",कणकवली,39.9,09:25,10:40,NON,DAILY,,"रामगड,बेळणे राथिवडे बागायत",
120351,"Msure Kawa To Kankavli Via Bharteshwar Mandir","Masure Kawa",Kankavli,"BHARTESHWAR MANDIR",MO,6784,"Bharteshwar Mandir",9.9,,,"मसुरे कावा",कणकवली,39.9,09:25,10:40,NON,DAILY,,"रामगड,बेळणे राथिवडे बागायत",
120351,"Msure Kawa To Kankavli Via Bharteshwar Mandir","Masure Kawa",Kankavli,"BHARTESHWAR MANDIR",MO,6929,"Masure Fata",11.6,,,"मसुरे कावा",कणकवली,39.9,09:25,10:40,NON,DAILY,,"रामगड,बेळणे राथिवडे बागायत",
120351,"Msure Kawa To Kankavli Via Bharteshwar Mandir","Masure Kawa",Kankavli,"BHARTESHWAR MANDIR",MO,6769,Bagayat,12.9,,,"मसुरे कावा",कणकवली,39.9,09:25,10:40,NON,DAILY,,"रामगड,बेळणे राथिवडे बागायत",
120351,"Msure Kawa To Kankavli Via Bharteshwar Mandir","Masure Kawa",Kankavli,"BHARTESHWAR MANDIR",MO,6925,"Masade Titha",14.9,,,"मसुरे कावा",कणकवली,39.9,09:25,10:40,NON,DAILY,,"रामगड,बेळणे राथिवडे बागायत",
120351,"Msure Kawa To Kankavli Via Bharteshwar Mandir","Masure Kawa",Kankavli,"BHARTESHWAR MANDIR",MO,6924,"Masade School",15.9,,,"मसुरे कावा",कणकवली,39.9,09:25,10:40,NON,DAILY,,"रामगड,बेळणे राथिवडे बागायत",
120351,"Msure Kawa To Kankavli Via Bharteshwar Mandir","Masure Kawa",Kankavli,"BHARTESHWAR MANDIR",MO,7019,Viran,17.5,,,"मसुरे कावा",कणकवली,39.9,09:25,10:40,NON,DAILY,,"रामगड,बेळणे राथिवडे बागायत",
120351,"Msure Kawa To Kankavli Via Bharteshwar Mandir","Masure Kawa",Kankavli,"BHARTESHWAR MANDIR",MO,6965,"Poip Katta Titha",18.9,,,"मसुरे कावा",कणकवली,39.9,09:25,10:40,NON,DAILY,,"रामगड,बेळणे राथिवडे बागायत",
120351,"Msure Kawa To Kankavli Via Bharteshwar Mandir","Masure Kawa",Kankavli,"BHARTESHWAR MANDIR",MO,6850,"Hiwale Fata",20.4,,,"मसुरे कावा",कणकवली,39.9,09:25,10:40,NON,DAILY,,"रामगड,बेळणे राथिवडे बागायत",
120351,"Msure Kawa To Kankavli Via Bharteshwar Mandir","Masure Kawa",Kankavli,"BHARTESHWAR MANDIR",MO,6781,Bhakrdev,21.9,,,"मसुरे कावा",कणकवली,39.9,09:25,10:40,NON,DAILY,,"रामगड,बेळणे राथिवडे बागायत",
120351,"Msure Kawa To Kankavli Via Bharteshwar Mandir","Masure Kawa",Kankavli,"BHARTESHWAR MANDIR",MO,6918,Mandir,23.2,,,"मसुरे कावा",कणकवली,39.9,09:25,10:40,NON,DAILY,,"रामगड,बेळणे राथिवडे बागायत",
120351,"Msure Kawa To Kankavli Via Bharteshwar Mandir","Masure Kawa",Kankavli,"BHARTESHWAR MANDIR",MO,6777,"Belne Fata",24.9,,,"मसुरे कावा",कणकवली,39.9,09:25,10:40,NON,DAILY,,"रामगड,बेळणे राथिवडे बागायत",
120351,"Msure Kawa To Kankavli Via Bharteshwar Mandir","Masure Kawa",Kankavli,"BHARTESHWAR MANDIR",MO,6971,"Ramgad Bazar",27.9,,,"मसुरे कावा",कणकवली,39.9,09:25,10:40,NON,DAILY,,"रामगड,बेळणे राथिवडे बागायत",
120351,"Msure Kawa To Kankavli Via Bharteshwar Mandir","Masure Kawa",Kankavli,"BHARTESHWAR MANDIR",MO,2737,"Gothane Wad",30.9,,,"मसुरे कावा",कणकवली,39.9,09:25,10:40,NON,DAILY,,"रामगड,बेळणे राथिवडे बागायत",
120351,"Msure Kawa To Kankavli Via Bharteshwar Mandir","Masure Kawa",Kankavli,"BHARTESHWAR MANDIR",MO,2902,"Phalsewadi School",33.9,,,"मसुरे कावा",कणकवली,39.9,09:25,10:40,NON,DAILY,,"रामगड,बेळणे राथिवडे बागायत",
120351,"Msure Kawa To Kankavli Via Bharteshwar Mandir","Masure Kawa",Kankavli,"BHARTESHWAR MANDIR",MO,88092,"Kalmath Phanaswadi",36.9,,,"मसुरे कावा",कणकवली,39.9,09:25,10:40,NON,DAILY,,"रामगड,बेळणे राथिवडे बागायत",
120351,"Msure Kawa To Kankavli Via Bharteshwar Mandir","Masure Kawa",Kankavli,"BHARTESHWAR MANDIR",MO,2786,Kankavli,39.9,,,"मसुरे कावा",कणकवली,39.9,09:25,10:40,NON,DAILY,,"रामगड,बेळणे राथिवडे बागायत",
120388,"Tarla To Kankavli Via Ideal School",Tarla,Kankavli,"IDEAL SCHOOL",MO,2982,Tarla,,,,तरळा,"आयडियल स्कू.",33,07:40,08:50,SC,SUN,,,
120388,"Tarla To Kankavli Via Ideal School",Tarla,Kankavli,"IDEAL SCHOOL",MO,2673,"Bramhan Wadi",3,,,तरळा,"आयडियल स्कू.",33,07:40,08:50,SC,SUN,,,
120388,"Tarla To Kankavli Via Ideal School",Tarla,Kankavli,"IDEAL SCHOOL",MO,2872,"Nandgaon Nursary",6,,,तरळा,"आयडियल स्कू.",33,07:40,08:50,SC,SUN,,,
120388,"Tarla To Kankavli Via Ideal School",Tarla,Kankavli,"IDEAL SCHOOL",MO,2871,"Nandgaon Fata",8,,,तरळा,"आयडियल स्कू.",33,07:40,08:50,SC,SUN,,,
120388,"Tarla To Kankavli Via Ideal School",Tarla,Kankavli,"IDEAL SCHOOL",MO,2870,"Nandgaon Datta Mandir",9,,,तरळा,"आयडियल स्कू.",33,07:40,08:50,SC,SUN,,,
120388,"Tarla To Kankavli Via Ideal School",Tarla,Kankavli,"IDEAL SCHOOL",MO,2655,Belane,12,,,तरळा,"आयडियल स्कू.",33,07:40,08:50,SC,SUN,,,
120388,"Tarla To Kankavli Via Ideal School",Tarla,Kankavli,"IDEAL SCHOOL",MO,2756,"Humrat Titha",15,,,तरळा,"आयडियल स्कू.",33,07:40,08:50,SC,SUN,,,
120388,"Tarla To Kankavli Via Ideal School",Tarla,Kankavli,"IDEAL SCHOOL",MO,2766,Janavali,18,,,तरळा,"आयडियल स्कू.",33,07:40,08:50,SC,SUN,,,
120388,"Tarla To Kankavli Via Ideal School",Tarla,Kankavli,"IDEAL SCHOOL",MO,2786,Kankavli,22,,,तरळा,"आयडियल स्कू.",33,07:40,08:50,SC,SUN,,,
120388,"Tarla To Kankavli Via Ideal School",Tarla,Kankavli,"IDEAL SCHOOL",MO,2775,Kalmath,25,,,तरळा,"आयडियल स्कू.",33,07:40,08:50,SC,SUN,,,
120388,"Tarla To Kankavli Via Ideal School",Tarla,Kankavli,"IDEAL SCHOOL",MO,2760,"Ideal School",27,,,तरळा,"आयडियल स्कू.",33,07:40,08:50,SC,SUN,,,
120388,"Tarla To Kankavli Via Ideal School",Tarla,Kankavli,"IDEAL SCHOOL",MO,2786,Kankavli,33,,,तरळा,"आयडियल स्कू.",33,07:40,08:50,SC,SUN,,,
125518,"Harkul Bhatwadi To Phonda Via Pawanadevi","Harkul Bhatwadi",Phonda,PAWANADEVI,MO,2744,"Harkul Bhatwadi",,,,हुंबरणे,फोंडा,10,19:05,19:20,NON,DAILY,,,
125518,"Harkul Bhatwadi To Phonda Via Pawanadevi","Harkul Bhatwadi",Phonda,PAWANADEVI,MO,3006,"Walawalkar House",1.8,,,हुंबरणे,फोंडा,10,19:05,19:20,NON,DAILY,,,
125518,"Harkul Bhatwadi To Phonda Via Pawanadevi","Harkul Bhatwadi",Phonda,PAWANADEVI,MO,2745,"Harkul Chinch",4,,,हुंबरणे,फोंडा,10,19:05,19:20,NON,DAILY,,,
125518,"Harkul Bhatwadi To Phonda Via Pawanadevi","Harkul Bhatwadi",Phonda,PAWANADEVI,MO,2899,Pawanadevi,7,,,हुंबरणे,फोंडा,10,19:05,19:20,NON,DAILY,,,
125518,"Harkul Bhatwadi To Phonda Via Pawanadevi","Harkul Bhatwadi",Phonda,PAWANADEVI,MO,2904,Phonda,10,,,हुंबरणे,फोंडा,10,19:05,19:20,NON,DAILY,,,
125555,"Devgad To Kankavli Via Shrigaon",Devgad,Kankavli,SHRIGAON,MO,1685,Devgad,,,,देवगड,कणकवली,53.3,11:00,12:30,NON,DAILY,,नांदगाव,
125555,"Devgad To Kankavli Via Shrigaon",Devgad,Kankavli,SHRIGAON,MO,1759,Jamsande,2.3,,,देवगड,कणकवली,53.3,11:00,12:30,NON,DAILY,,नांदगाव,
125555,"Devgad To Kankavli Via Shrigaon",Devgad,Kankavli,SHRIGAON,MO,1774,"Khakshi Titha",5,,,देवगड,कणकवली,53.3,11:00,12:30,NON,DAILY,,नांदगाव,
125555,"Devgad To Kankavli Via Shrigaon",Devgad,Kankavli,SHRIGAON,MO,1815,"Katta Titha",5.3,,,देवगड,कणकवली,53.3,11:00,12:30,NON,DAILY,,नांदगाव,
125555,"Devgad To Kankavli Via Shrigaon",Devgad,Kankavli,SHRIGAON,MO,1715,"Gadaiche Pani",6.8,,,देवगड,कणकवली,53.3,11:00,12:30,NON,DAILY,,नांदगाव,
125555,"Devgad To Kankavli Via Shrigaon",Devgad,Kankavli,SHRIGAON,MO,1871,"Mond-Dhabhol Titha",8.5,,,देवगड,कणकवली,53.3,11:00,12:30,NON,DAILY,,नांदगाव,
125555,"Devgad To Kankavli Via Shrigaon",Devgad,Kankavli,SHRIGAON,MO,1773,Kodamba,9.9,,,देवगड,कणकवली,53.3,11:00,12:30,NON,DAILY,,नांदगाव,
125555,"Devgad To Kankavli Via Shrigaon",Devgad,Kankavli,SHRIGAON,MO,2022,Tembavli,10.6,,,देवगड,कणकवली,53.3,11:00,12:30,NON,DAILY,,नांदगाव,
125555,"Devgad To Kankavli Via Shrigaon",Devgad,Kankavli,SHRIGAON,MO,1640,"Bhekar Taka",12.4,,,देवगड,कणकवली,53.3,11:00,12:30,NON,DAILY,,नांदगाव,
125555,"Devgad To Kankavli Via Shrigaon",Devgad,Kankavli,SHRIGAON,MO,1997,"Tale Bazar",13.3,,,देवगड,कणकवली,53.3,11:00,12:30,NON,DAILY,,नांदगाव,
125555,"Devgad To Kankavli Via Shrigaon",Devgad,Kankavli,SHRIGAON,MO,1772,Kumbharkhari,15,,,देवगड,कणकवली,53.3,11:00,12:30,NON,DAILY,,नांदगाव,
125555,"Devgad To Kankavli Via Shrigaon",Devgad,Kankavli,SHRIGAON,MO,1831,"Lingdal Titha",17.1,,,देवगड,कणकवली,53.3,11:00,12:30,NON,DAILY,,नांदगाव,
125555,"Devgad To Kankavli Via Shrigaon",Devgad,Kankavli,SHRIGAON,MO,1630,"Are Fata",18.2,,,देवगड,कणकवली,53.3,11:00,12:30,NON,DAILY,,नांदगाव,
125555,"Devgad To Kankavli Via Shrigaon",Devgad,Kankavli,SHRIGAON,MO,2042,Waliwande,19.5,,,देवगड,कणकवली,53.3,11:00,12:30,NON,DAILY,,नांदगाव,
125555,"Devgad To Kankavli Via Shrigaon",Devgad,Kankavli,SHRIGAON,MO,2020,"Torsole Fata",20.6,,,देवगड,कणकवली,53.3,11:00,12:30,NON,DAILY,,नांदगाव,
125555,"Devgad To Kankavli Via Shrigaon",Devgad,Kankavli,SHRIGAON,MO,1697,Dhopatewadi,22.1,,,देवगड,कणकवली,53.3,11:00,12:30,NON,DAILY,,नांदगाव,
125555,"Devgad To Kankavli Via Shrigaon",Devgad,Kankavli,SHRIGAON,MO,1990,Shrigaon,24.9,,,देवगड,कणकवली,53.3,11:00,12:30,NON,DAILY,,नांदगाव,
125555,"Devgad To Kankavli Via Shrigaon",Devgad,Kankavli,SHRIGAON,MO,1623,Ambekhol,26.2,,,देवगड,कणकवली,53.3,11:00,12:30,NON,DAILY,,नांदगाव,
125555,"Devgad To Kankavli Via Shrigaon",Devgad,Kankavli,SHRIGAON,MO,1971,Rakasghati,27.7,,,देवगड,कणकवली,53.3,11:00,12:30,NON,DAILY,,नांदगाव,
125555,"Devgad To Kankavli Via Shrigaon",Devgad,Kankavli,SHRIGAON,MO,1743,Hadpid,30.3,,,देवगड,कणकवली,53.3,11:00,12:30,NON,DAILY,,नांदगाव,
125555,"Devgad To Kankavli Via Shrigaon",Devgad,Kankavli,SHRIGAON,MO,1742,"Hadpid Bridge",31.3,,,देवगड,कणकवली,53.3,11:00,12:30,NON,DAILY,,नांदगाव,
125555,"Devgad To Kankavli Via Shrigaon",Devgad,Kankavli,SHRIGAON,MO,2815,"Koloshi Bazar",32.3,,,देवगड,कणकवली,53.3,11:00,12:30,NON,DAILY,,नांदगाव,
125555,"Devgad To Kankavli Via Shrigaon",Devgad,Kankavli,SHRIGAON,MO,2817,Koloshiwadi,33.9,,,देवगड,कणकवली,53.3,11:00,12:30,NON,DAILY,,नांदगाव,
125555,"Devgad To Kankavli Via Shrigaon",Devgad,Kankavli,SHRIGAON,MO,2642,Asalade,36.3,,,देवगड,कणकवली,53.3,11:00,12:30,NON,DAILY,,नांदगाव,
125555,"Devgad To Kankavli Via Shrigaon",Devgad,Kankavli,SHRIGAON,MO,2871,"Nandgaon Fata",39.1,,,देवगड,कणकवली,53.3,11:00,12:30,NON,DAILY,,नांदगाव,
125555,"Devgad To Kankavli Via Shrigaon",Devgad,Kankavli,SHRIGAON,MO,2870,"Nandgaon Datta Mandir",40.6,,,देवगड,कणकवली,53.3,11:00,12:30,NON,DAILY,,नांदगाव,
125555,"Devgad To Kankavli Via Shrigaon",Devgad,Kankavli,SHRIGAON,MO,2655,Belane,43,,,देवगड,कणकवली,53.3,11:00,12:30,NON,DAILY,,नांदगाव,
125555,"Devgad To Kankavli Via Shrigaon",Devgad,Kankavli,SHRIGAON,MO,2756,"Humrat Titha",45.2,,,देवगड,कणकवली,53.3,11:00,12:30,NON,DAILY,,नांदगाव,
125555,"Devgad To Kankavli Via Shrigaon",Devgad,Kankavli,SHRIGAON,MO,2766,Janavali,49.5,,,देवगड,कणकवली,53.3,11:00,12:30,NON,DAILY,,नांदगाव,
125555,"Devgad To Kankavli Via Shrigaon",Devgad,Kankavli,SHRIGAON,MO,2786,Kankavli,53.3,,,देवगड,कणकवली,53.3,11:00,12:30,NON,DAILY,,नांदगाव,
125865,"Kasal To Kankavli Via Ambrad",Kasal,Kankavli,AMBRAD,MO,6281,Kasal,,,,कसाल,कणकवली,24.3,15:40,16:40,NON,DAILY,,"पोखरण,आंब्रड",
125865,"Kasal To Kankavli Via Ambrad",Kasal,Kankavli,AMBRAD,MO,6282,"Kasal Balamwadi",2.5,,,कसाल,कणकवली,24.3,15:40,16:40,NON,DAILY,,"पोखरण,आंब्रड",
125865,"Kasal To Kankavli Via Ambrad",Kasal,Kankavli,AMBRAD,MO,6149,Chirekhan,4.5,,,कसाल,कणकवली,24.3,15:40,16:40,NON,DAILY,,"पोखरण,आंब्रड",
125865,"Kasal To Kankavli Via Ambrad",Kasal,Kankavli,AMBRAD,MO,6286,"Kunde Post",7,,,कसाल,कणकवली,24.3,15:40,16:40,NON,DAILY,,"पोखरण,आंब्रड",
125865,"Kasal To Kankavli Via Ambrad",Kasal,Kankavli,AMBRAD,MO,6280,Kusbe,7.8,,,कसाल,कणकवली,24.3,15:40,16:40,NON,DAILY,,"पोखरण,आंब्रड",
125865,"Kasal To Kankavli Via Ambrad",Kasal,Kankavli,AMBRAD,MO,6371,"Pokharan School",10,,,कसाल,कणकवली,24.3,15:40,16:40,NON,DAILY,,"पोखरण,आंब्रड",
125865,"Kasal To Kankavli Via Ambrad",Kasal,Kankavli,AMBRAD,MO,6396,Rawoolwadi,11.3,,,कसाल,कणकवली,24.3,15:40,16:40,NON,DAILY,,"पोखरण,आंब्रड",
125865,"Kasal To Kankavli Via Ambrad",Kasal,Kankavli,AMBRAD,MO,6090,Ambrad,13,,,कसाल,कणकवली,24.3,15:40,16:40,NON,DAILY,,"पोखरण,आंब्रड",
125865,"Kasal To Kankavli Via Ambrad",Kasal,Kankavli,AMBRAD,MO,2976,"Talawade Mandir",16,,,कसाल,कणकवली,24.3,15:40,16:40,NON,DAILY,,"पोखरण,आंब्रड",
125865,"Kasal To Kankavli Via Ambrad",Kasal,Kankavli,AMBRAD,MO,2801,"Kasavan Zopadi",19,,,कसाल,कणकवली,24.3,15:40,16:40,NON,DAILY,,"पोखरण,आंब्रड",
125865,"Kasal To Kankavli Via Ambrad",Kasal,Kankavli,AMBRAD,MO,2736,"Gosavi Wadi Datta Mandir",22,,,कसाल,कणकवली,24.3,15:40,16:40,NON,DAILY,,"पोखरण,आंब्रड",
125865,"Kasal To Kankavli Via Ambrad",Kasal,Kankavli,AMBRAD,MO,2786,Kankavli,24.3,,,कसाल,कणकवली,24.3,15:40,16:40,NON,DAILY,,"पोखरण,आंब्रड",
125867,"Kankavli To Kasal Via Kalsuli Post",Kankavli,Kasal,"KALSULI POST",MO,2786,Kankavli,,,,कणकवली,कसाल,31.5,17:15,18:25,NON,DAILY,,"शिरवळ,कळसुली",
125867,"Kankavli To Kasal Via Kalsuli Post",Kankavli,Kasal,"KALSULI POST",MO,2742,"Halwal Giran",3.2,,,कणकवली,कसाल,31.5,17:15,18:25,NON,DAILY,,"शिरवळ,कळसुली",
125867,"Kankavli To Kasal Via Kalsuli Post",Kankavli,Kasal,"KALSULI POST",MO,2967,Shirval,6,,,कणकवली,कसाल,31.5,17:15,18:25,NON,DAILY,,"शिरवळ,कळसुली",
125867,"Kankavli To Kasal Via Kalsuli Post",Kankavli,Kasal,"KALSULI POST",MO,2970,"Shirval Temb",7.2,,,कणकवली,कसाल,31.5,17:15,18:25,NON,DAILY,,"शिरवळ,कळसुली",
125867,"Kankavli To Kasal Via Kalsuli Post",Kankavli,Kasal,"KALSULI POST",MO,2969,"Shirval Phanas",8.6,,,कणकवली,कसाल,31.5,17:15,18:25,NON,DAILY,,"शिरवळ,कळसुली",
125867,"Kankavli To Kasal Via Kalsuli Post",Kankavli,Kasal,"KALSULI POST",MO,2765,Jambhal,10.4,,,कणकवली,कसाल,31.5,17:15,18:25,NON,DAILY,,"शिरवळ,कळसुली",
125867,"Kankavli To Kasal Via Kalsuli Post",Kankavli,Kasal,"KALSULI POST",MO,2779,"Kalsuli Post",12,,,कणकवली,कसाल,31.5,17:15,18:25,NON,DAILY,,"शिरवळ,कळसुली",
125867,"Kankavli To Kasal Via Kalsuli Post",Kankavli,Kasal,"KALSULI POST",MO,2840,"Madhu Dukan",14.3,,,कणकवली,कसाल,31.5,17:15,18:25,NON,DAILY,,"शिरवळ,कळसुली",
125867,"Kankavli To Kasal Via Kalsuli Post",Kankavli,Kasal,"KALSULI POST",MO,2718,Gadgewadi,15.7,,,कणकवली,कसाल,31.5,17:15,18:25,NON,DAILY,,"शिरवळ,कळसुली",
125867,"Kankavli To Kasal Via Kalsuli Post",Kankavli,Kasal,"KALSULI POST",MO,6090,Ambrad,19.5,,,कणकवली,कसाल,31.5,17:15,18:25,NON,DAILY,,"शिरवळ,कळसुली",
125867,"Kankavli To Kasal Via Kalsuli Post",Kankavli,Kasal,"KALSULI POST",MO,6396,Rawoolwadi,21.2,,,कणकवली,कसाल,31.5,17:15,18:25,NON,DAILY,,"शिरवळ,कळसुली",
125867,"Kankavli To Kasal Via Kalsuli Post",Kankavli,Kasal,"KALSULI POST",MO,6371,"Pokharan School",22.5,,,कणकवली,कसाल,31.5,17:15,18:25,NON,DAILY,,"शिरवळ,कळसुली",
125867,"Kankavli To Kasal Via Kalsuli Post",Kankavli,Kasal,"KALSULI POST",MO,6280,Kusbe,24.7,,,कणकवली,कसाल,31.5,17:15,18:25,NON,DAILY,,"शिरवळ,कळसुली",
125867,"Kankavli To Kasal Via Kalsuli Post",Kankavli,Kasal,"KALSULI POST",MO,6286,"Kunde Post",25.3,,,कणकवली,कसाल,31.5,17:15,18:25,NON,DAILY,,"शिरवळ,कळसुली",
125867,"Kankavli To Kasal Via Kalsuli Post",Kankavli,Kasal,"KALSULI POST",MO,6149,Chirekhan,28,,,कणकवली,कसाल,31.5,17:15,18:25,NON,DAILY,,"शिरवळ,कळसुली",
125867,"Kankavli To Kasal Via Kalsuli Post",Kankavli,Kasal,"KALSULI POST",MO,6282,"Kasal Balamwadi",30,,,कणकवली,कसाल,31.5,17:15,18:25,NON,DAILY,,"शिरवळ,कळसुली",
125867,"Kankavli To Kasal Via Kalsuli Post",Kankavli,Kasal,"KALSULI POST",MO,6281,Kasal,31.5,,,कणकवली,कसाल,31.5,17:15,18:25,NON,DAILY,,"शिरवळ,कळसुली",
126114,"Shelachiwadi  To Tarla","Shelichi Wadi",Tarla,,MO,2958,"Shelichi Wadi",,,,शेळाचीवाडी,तरळे,15,17:40,18:05,SC,"SAT,SUN",,,
126114,"Shelachiwadi  To Tarla","Shelichi Wadi",Tarla,,MO,2990,Tondavli,3,,,शेळाचीवाडी,तरळे,15,17:40,18:05,SC,"SAT,SUN",,,
126114,"Shelachiwadi  To Tarla","Shelichi Wadi",Tarla,,MO,2668,Bobhatewadi,6,,,शेळाचीवाडी,तरळे,15,17:40,18:05,SC,"SAT,SUN",,,
126114,"Shelachiwadi  To Tarla","Shelichi Wadi",Tarla,,MO,2871,"Nandgaon Fata",7,,,शेळाचीवाडी,तरळे,15,17:40,18:05,SC,"SAT,SUN",,,
126114,"Shelachiwadi  To Tarla","Shelichi Wadi",Tarla,,MO,2872,"Nandgaon Nursary",9,,,शेळाचीवाडी,तरळे,15,17:40,18:05,SC,"SAT,SUN",,,
126114,"Shelachiwadi  To Tarla","Shelichi Wadi",Tarla,,MO,2673,"Bramhan Wadi",12,,,शेळाचीवाडी,तरळे,15,17:40,18:05,SC,"SAT,SUN",,,
126114,"Shelachiwadi  To Tarla","Shelichi Wadi",Tarla,,MO,2982,Tarla,15,,,शेळाचीवाडी,तरळे,15,17:40,18:05,SC,"SAT,SUN",,,
126316,"Dariste To Kankavli Via Bhat Dukan",Dariste,Kankavli,"BHAT DUKAN",MO,2693,Dariste,,,,दारीस्ते,कणकवली,21.5,13:10,13:55,OBL,DAILY,,कनेडी,
126316,"Dariste To Kankavli Via Bhat Dukan",Dariste,Kankavli,"BHAT DUKAN",MO,2740,Guravwadi,3.5,,,दारीस्ते,कणकवली,21.5,13:10,13:55,OBL,DAILY,,कनेडी,
126316,"Dariste To Kankavli Via Bhat Dukan",Dariste,Kankavli,"BHAT DUKAN",MO,2852,"Maruti Mandir",6.5,,,दारीस्ते,कणकवली,21.5,13:10,13:55,OBL,DAILY,,कनेडी,
126316,"Dariste To Kankavli Via Bhat Dukan",Dariste,Kankavli,"BHAT DUKAN",MO,2782,Kanedi,9.5,,,दारीस्ते,कणकवली,21.5,13:10,13:55,OBL,DAILY,,कनेडी,
126316,"Dariste To Kankavli Via Bhat Dukan",Dariste,Kankavli,"BHAT DUKAN",MO,2945,"Sangave Mandir",12.5,,,दारीस्ते,कणकवली,21.5,13:10,13:55,OBL,DAILY,,कनेडी,
126316,"Dariste To Kankavli Via Bhat Dukan",Dariste,Kankavli,"BHAT DUKAN",MO,2660,"Bhat Dukan",15.5,,,दारीस्ते,कणकवली,21.5,13:10,13:55,OBL,DAILY,,कनेडी,
126316,"Dariste To Kankavli Via Bhat Dukan",Dariste,Kankavli,"BHAT DUKAN",MO,2859,Mudeshwar,18.5,,,दारीस्ते,कणकवली,21.5,13:10,13:55,OBL,DAILY,,कनेडी,
126316,"Dariste To Kankavli Via Bhat Dukan",Dariste,Kankavli,"BHAT DUKAN",MO,2786,Kankavli,21.5,,,दारीस्ते,कणकवली,21.5,13:10,13:55,OBL,DAILY,,कनेडी,
126348,"Talashil To Kankavli Via Achara",Talashil,Kankavli,ACHARA,MO,7001,Talashil,,,,"तोंडवली तळाशिल",कणकवली,45.4,14:20,15:50,NON,DAILY,,,
126348,"Talashil To Kankavli Via Achara",Talashil,Kankavli,ACHARA,MO,6998,"Suruche Ban",3.4,,,"तोंडवली तळाशिल",कणकवली,45.4,14:20,15:50,NON,DAILY,,,
126348,"Talashil To Kankavli Via Achara",Talashil,Kankavli,ACHARA,MO,7026,"Wagheshwar Mandir",4.4,,,"तोंडवली तळाशिल",कणकवली,45.4,14:20,15:50,NON,DAILY,,,
126348,"Talashil To Kankavli Via Achara",Talashil,Kankavli,ACHARA,MO,7007,"Tondavali Fata",7.4,,,"तोंडवली तळाशिल",कणकवली,45.4,14:20,15:50,NON,DAILY,,,
126348,"Talashil To Kankavli Via Achara",Talashil,Kankavli,ACHARA,MO,6763,"Asolkar Dukan",8.4,,,"तोंडवली तळाशिल",कणकवली,45.4,14:20,15:50,NON,DAILY,,,
126348,"Talashil To Kankavli Via Achara",Talashil,Kankavli,ACHARA,MO,6983,Sadewadi,11.2,,,"तोंडवली तळाशिल",कणकवली,45.4,14:20,15:50,NON,DAILY,,,
126348,"Talashil To Kankavli Via Achara",Talashil,Kankavli,ACHARA,MO,6740,Achara,14.2,,,"तोंडवली तळाशिल",कणकवली,45.4,14:20,15:50,NON,DAILY,,,
126348,"Talashil To Kankavli Via Achara",Talashil,Kankavli,ACHARA,MO,6798,"Chindar Wad",17.1,,,"तोंडवली तळाशिल",कणकवली,45.4,14:20,15:50,NON,DAILY,,,
126348,"Talashil To Kankavli Via Achara",Talashil,Kankavli,ACHARA,MO,6797,Chindar,18.4,,,"तोंडवली तळाशिल",कणकवली,45.4,14:20,15:50,NON,DAILY,,,
126348,"Talashil To Kankavli Via Achara",Talashil,Kankavli,ACHARA,MO,7009,"Trimbak Bazar",20.1,,,"तोंडवली तळाशिल",कणकवली,45.4,14:20,15:50,NON,DAILY,,,
126348,"Talashil To Kankavli Via Achara",Talashil,Kankavli,ACHARA,MO,7011,"Trimbak Sapala",21.1,,,"तोंडवली तळाशिल",कणकवली,45.4,14:20,15:50,NON,DAILY,,,
126348,"Talashil To Kankavli Via Achara",Talashil,Kankavli,ACHARA,MO,7012,"Trimbak Satamwadi",22.2,,,"तोंडवली तळाशिल",कणकवली,45.4,14:20,15:50,NON,DAILY,,,
126348,"Talashil To Kankavli Via Achara",Talashil,Kankavli,ACHARA,MO,6953,"Palsamb School",23.2,,,"तोंडवली तळाशिल",कणकवली,45.4,14:20,15:50,NON,DAILY,,,
126348,"Talashil To Kankavli Via Achara",Talashil,Kankavli,ACHARA,MO,6858,"Kaju Stop",26.1,,,"तोंडवली तळाशिल",कणकवली,45.4,14:20,15:50,NON,DAILY,,,
126348,"Talashil To Kankavli Via Achara",Talashil,Kankavli,ACHARA,MO,6749,"Adawali Titha",27.3,,,"तोंडवली तळाशिल",कणकवली,45.4,14:20,15:50,NON,DAILY,,,
126348,"Talashil To Kankavli Via Achara",Talashil,Kankavli,ACHARA,MO,6910,"Mail Dagad",28.3,,,"तोंडवली तळाशिल",कणकवली,45.4,14:20,15:50,NON,DAILY,,,
126348,"Talashil To Kankavli Via Achara",Talashil,Kankavli,ACHARA,MO,6997,Shravan,29,,,"तोंडवली तळाशिल",कणकवली,45.4,14:20,15:50,NON,DAILY,,,
126348,"Talashil To Kankavli Via Achara",Talashil,Kankavli,ACHARA,MO,6777,"Belne Fata",32.2,,,"तोंडवली तळाशिल",कणकवली,45.4,14:20,15:50,NON,DAILY,,,
126348,"Talashil To Kankavli Via Achara",Talashil,Kankavli,ACHARA,MO,6971,"Ramgad Bazar",32.3,,,"तोंडवली तळाशिल",कणकवली,45.4,14:20,15:50,NON,DAILY,,,
126348,"Talashil To Kankavli Via Achara",Talashil,Kankavli,ACHARA,MO,2737,"Gothane Wad",35.1,,,"तोंडवली तळाशिल",कणकवली,45.4,14:20,15:50,NON,DAILY,,,
126348,"Talashil To Kankavli Via Achara",Talashil,Kankavli,ACHARA,MO,2902,"Phalsewadi School",38.4,,,"तोंडवली तळाशिल",कणकवली,45.4,14:20,15:50,NON,DAILY,,,
126348,"Talashil To Kankavli Via Achara",Talashil,Kankavli,ACHARA,MO,88092,"Kalmath Phanaswadi",42.4,,,"तोंडवली तळाशिल",कणकवली,45.4,14:20,15:50,NON,DAILY,,,
126348,"Talashil To Kankavli Via Achara",Talashil,Kankavli,ACHARA,MO,2786,Kankavli,45.4,,,"तोंडवली तळाशिल",कणकवली,45.4,14:20,15:50,NON,DAILY,,,
126350,"Phonda To Sindhudurgnagari Via Kankavli",Phonda,Sindhudurgnagari,Kankavli,MO,2904,Phonda,,,,फोंडा,सिंधुदुर्गनगरी,39.6,09:00,10:10,NON,"SAT,SUN",,,
126350,"Phonda To Sindhudurgnagari Via Kankavli",Phonda,Sindhudurgnagari,Kankavli,MO,2787,"Kankavli Nandgaon Fata",3,,,फोंडा,सिंधुदुर्गनगरी,39.6,09:00,10:10,NON,"SAT,SUN",,,
126350,"Phonda To Sindhudurgnagari Via Kankavli",Phonda,Sindhudurgnagari,Kankavli,MO,2781,Kanadewadi,6,,,फोंडा,सिंधुदुर्गनगरी,39.6,09:00,10:10,NON,"SAT,SUN",,,
126350,"Phonda To Sindhudurgnagari Via Kankavli",Phonda,Sindhudurgnagari,Kankavli,MO,2790,Karul,8,,,फोंडा,सिंधुदुर्गनगरी,39.6,09:00,10:10,NON,"SAT,SUN",,,
126350,"Phonda To Sindhudurgnagari Via Kankavli",Phonda,Sindhudurgnagari,Kankavli,MO,2757,"Humrath Mal Ghorpiwadi",9,,,फोंडा,सिंधुदुर्गनगरी,39.6,09:00,10:10,NON,"SAT,SUN",,,
126350,"Phonda To Sindhudurgnagari Via Kankavli",Phonda,Sindhudurgnagari,Kankavli,MO,2766,Janavali,15,,,फोंडा,सिंधुदुर्गनगरी,39.6,09:00,10:10,NON,"SAT,SUN",,,
126350,"Phonda To Sindhudurgnagari Via Kankavli",Phonda,Sindhudurgnagari,Kankavli,MO,2786,Kankavli,18,,,फोंडा,सिंधुदुर्गनगरी,39.6,09:00,10:10,NON,"SAT,SUN",,,
126350,"Phonda To Sindhudurgnagari Via Kankavli",Phonda,Sindhudurgnagari,Kankavli,MO,3002,Wagde,21,,,फोंडा,सिंधुदुर्गनगरी,39.6,09:00,10:10,NON,"SAT,SUN",,,
126350,"Phonda To Sindhudurgnagari Via Kankavli",Phonda,Sindhudurgnagari,Kankavli,MO,2692,Dangalwadi,24,,,फोंडा,सिंधुदुर्गनगरी,39.6,09:00,10:10,NON,"SAT,SUN",,,
126350,"Phonda To Sindhudurgnagari Via Kankavli",Phonda,Sindhudurgnagari,Kankavli,MO,2891,"Osargaon Talav",27,,,फोंडा,सिंधुदुर्गनगरी,39.6,09:00,10:10,NON,"SAT,SUN",,,
126350,"Phonda To Sindhudurgnagari Via Kankavli",Phonda,Sindhudurgnagari,Kankavli,MO,2890,"Osargaon Post",29,,,फोंडा,सिंधुदुर्गनगरी,39.6,09:00,10:10,NON,"SAT,SUN",,,
126350,"Phonda To Sindhudurgnagari Via Kankavli",Phonda,Sindhudurgnagari,Kankavli,MO,6281,Kasal,32,,,फोंडा,सिंधुदुर्गनगरी,39.6,09:00,10:10,NON,"SAT,SUN",,,
126350,"Phonda To Sindhudurgnagari Via Kankavli",Phonda,Sindhudurgnagari,Kankavli,MO,6116,Awali,35,,,फोंडा,सिंधुदुर्गनगरी,39.6,09:00,10:10,NON,"SAT,SUN",,,
126350,"Phonda To Sindhudurgnagari Via Kankavli",Phonda,Sindhudurgnagari,Kankavli,MO,6226,"Jaitapkar Colany",36.7,,,फोंडा,सिंधुदुर्गनगरी,39.6,09:00,10:10,NON,"SAT,SUN",,,
126350,"Phonda To Sindhudurgnagari Via Kankavli",Phonda,Sindhudurgnagari,Kankavli,MO,6362,"Oros Bus Stnad",38,,,फोंडा,सिंधुदुर्गनगरी,39.6,09:00,10:10,NON,"SAT,SUN",,,
126350,"Phonda To Sindhudurgnagari Via Kankavli",Phonda,Sindhudurgnagari,Kankavli,MO,6408,Sindhudurgnagari,39.6,,,फोंडा,सिंधुदुर्गनगरी,39.6,09:00,10:10,NON,"SAT,SUN",,,
126532,"Kankavli To Sawantwadi Via Sindhudurgnagari",Kankavli,Sawantwadi,SINDHUDURGNAGARI,MO,2786,Kankavli,,,,कणकवली,सावंतवाडी,58.7,16:00,17:45,OBL,DAILY,,सिंधुदुर्गनगरी,
126532,"Kankavli To Sawantwadi Via Sindhudurgnagari",Kankavli,Sawantwadi,SINDHUDURGNAGARI,MO,3002,Wagde,3,,,कणकवली,सावंतवाडी,58.7,16:00,17:45,OBL,DAILY,,सिंधुदुर्गनगरी,
126532,"Kankavli To Sawantwadi Via Sindhudurgnagari",Kankavli,Sawantwadi,SINDHUDURGNAGARI,MO,2692,Dangalwadi,4.9,,,कणकवली,सावंतवाडी,58.7,16:00,17:45,OBL,DAILY,,सिंधुदुर्गनगरी,
126532,"Kankavli To Sawantwadi Via Sindhudurgnagari",Kankavli,Sawantwadi,SINDHUDURGNAGARI,MO,2891,"Osargaon Talav",7.1,,,कणकवली,सावंतवाडी,58.7,16:00,17:45,OBL,DAILY,,सिंधुदुर्गनगरी,
126532,"Kankavli To Sawantwadi Via Sindhudurgnagari",Kankavli,Sawantwadi,SINDHUDURGNAGARI,MO,2890,"Osargaon Post",10.2,,,कणकवली,सावंतवाडी,58.7,16:00,17:45,OBL,DAILY,,सिंधुदुर्गनगरी,
126532,"Kankavli To Sawantwadi Via Sindhudurgnagari",Kankavli,Sawantwadi,SINDHUDURGNAGARI,MO,6168,Dewoolwadi,12.1,,,कणकवली,सावंतवाडी,58.7,16:00,17:45,OBL,DAILY,,सिंधुदुर्गनगरी,
126532,"Kankavli To Sawantwadi Via Sindhudurgnagari",Kankavli,Sawantwadi,SINDHUDURGNAGARI,MO,6281,Kasal,14.3,,,कणकवली,सावंतवाडी,58.7,16:00,17:45,OBL,DAILY,,सिंधुदुर्गनगरी,
126532,"Kankavli To Sawantwadi Via Sindhudurgnagari",Kankavli,Sawantwadi,SINDHUDURGNAGARI,MO,6116,Awali,16.9,,,कणकवली,सावंतवाडी,58.7,16:00,17:45,OBL,DAILY,,सिंधुदुर्गनगरी,
126532,"Kankavli To Sawantwadi Via Sindhudurgnagari",Kankavli,Sawantwadi,SINDHUDURGNAGARI,MO,6362,"Oros Bus Stnad",19.6,,,कणकवली,सावंतवाडी,58.7,16:00,17:45,OBL,DAILY,,सिंधुदुर्गनगरी,
126532,"Kankavli To Sawantwadi Via Sindhudurgnagari",Kankavli,Sawantwadi,SINDHUDURGNAGARI,MO,6152,"Civil Hospital Sindhudurgnagari",20.9,,,कणकवली,सावंतवाडी,58.7,16:00,17:45,OBL,DAILY,,सिंधुदुर्गनगरी,
126532,"Kankavli To Sawantwadi Via Sindhudurgnagari",Kankavli,Sawantwadi,SINDHUDURGNAGARI,MO,6408,Sindhudurgnagari,22.7,,,कणकवली,सावंतवाडी,58.7,16:00,17:45,OBL,DAILY,,सिंधुदुर्गनगरी,
126532,"Kankavli To Sawantwadi Via Sindhudurgnagari",Kankavli,Sawantwadi,SINDHUDURGNAGARI,MO,6224,"Jijamata Hospital",25.2,,,कणकवली,सावंतवाडी,58.7,16:00,17:45,OBL,DAILY,,सिंधुदुर्गनगरी,
126532,"Kankavli To Sawantwadi Via Sindhudurgnagari",Kankavli,Sawantwadi,SINDHUDURGNAGARI,MO,6204,"Humarmala Kasale Dukan",27.8,,,कणकवली,सावंतवाडी,58.7,16:00,17:45,OBL,DAILY,,सिंधुदुर्गनगरी,
126532,"Kankavli To Sawantwadi Via Sindhudurgnagari",Kankavli,Sawantwadi,SINDHUDURGNAGARI,MO,6378,"Pandur Titha",29.7,,,कणकवली,सावंतवाडी,58.7,16:00,17:45,OBL,DAILY,,सिंधुदुर्गनगरी,
126532,"Kankavli To Sawantwadi Via Sindhudurgnagari",Kankavli,Sawantwadi,SINDHUDURGNAGARI,MO,88100,Vetalbambarde,32.7,,,कणकवली,सावंतवाडी,58.7,16:00,17:45,OBL,DAILY,,सिंधुदुर्गनगरी,
126532,"Kankavli To Sawantwadi Via Sindhudurgnagari",Kankavli,Sawantwadi,SINDHUDURGNAGARI,MO,6380,"Pawashi Panchayat",34.8,,,कणकवली,सावंतवाडी,58.7,16:00,17:45,OBL,DAILY,,सिंधुदुर्गनगरी,
126532,"Kankavli To Sawantwadi Via Sindhudurgnagari",Kankavli,Sawantwadi,SINDHUDURGNAGARI,MO,6240,"Kudal St Depot",37.5,,,कणकवली,सावंतवाडी,58.7,16:00,17:45,OBL,DAILY,,सिंधुदुर्गनगरी,
126532,"Kankavli To Sawantwadi Via Sindhudurgnagari",Kankavli,Sawantwadi,SINDHUDURGNAGARI,MO,6237,"Kudal St Depot",38.7,,,कणकवली,सावंतवाडी,58.7,16:00,17:45,OBL,DAILY,,सिंधुदुर्गनगरी,
126532,"Kankavli To Sawantwadi Via Sindhudurgnagari",Kankavli,Sawantwadi,SINDHUDURGNAGARI,MO,6302,"Modka Wad Pinguli",41.4,,,कणकवली,सावंतवाडी,58.7,16:00,17:45,OBL,DAILY,,सिंधुदुर्गनगरी,
126532,"Kankavli To Sawantwadi Via Sindhudurgnagari",Kankavli,Sawantwadi,SINDHUDURGNAGARI,MO,6126,Bibavane,42.4,,,कणकवली,सावंतवाडी,58.7,16:00,17:45,OBL,DAILY,,सिंधुदुर्गनगरी,
126532,"Kankavli To Sawantwadi Via Sindhudurgnagari",Kankavli,Sawantwadi,SINDHUDURGNAGARI,MO,6322,"Mandkuli Fata",43.9,,,कणकवली,सावंतवाडी,58.7,16:00,17:45,OBL,DAILY,,सिंधुदुर्गनगरी,
126532,"Kankavli To Sawantwadi Via Sindhudurgnagari",Kankavli,Sawantwadi,SINDHUDURGNAGARI,MO,6441,"Terse Bambarde Fata",45,,,कणकवली,सावंतवाडी,58.7,16:00,17:45,OBL,DAILY,,सिंधुदुर्गनगरी,
126532,"Kankavli To Sawantwadi Via Sindhudurgnagari",Kankavli,Sawantwadi,SINDHUDURGNAGARI,MO,6474,"Zharap Titha",48.6,,,कणकवली,सावंतवाडी,58.7,16:00,17:45,OBL,DAILY,,सिंधुदुर्गनगरी,
126532,"Kankavli To Sawantwadi Via Sindhudurgnagari",Kankavli,Sawantwadi,SINDHUDURGNAGARI,MO,6231,"Khan Mohalla",50.9,,,कणकवली,सावंतवाडी,58.7,16:00,17:45,OBL,DAILY,,सिंधुदुर्गनगरी,
126532,"Kankavli To Sawantwadi Via Sindhudurgnagari",Kankavli,Sawantwadi,SINDHUDURGNAGARI,MO,6101,Akeri,53.5,,,कणकवली,सावंतवाडी,58.7,16:00,17:45,OBL,DAILY,,सिंधुदुर्गनगरी,
126532,"Kankavli To Sawantwadi Via Sindhudurgnagari",Kankavli,Sawantwadi,SINDHUDURGNAGARI,MO,8551,"Kolgaon Thita",56.2,,,कणकवली,सावंतवाडी,58.7,16:00,17:45,OBL,DAILY,,सिंधुदुर्गनगरी,
126532,"Kankavli To Sawantwadi Via Sindhudurgnagari",Kankavli,Sawantwadi,SINDHUDURGNAGARI,MO,8663,Sawantwadi,58.7,,,कणकवली,सावंतवाडी,58.7,16:00,17:45,OBL,DAILY,,सिंधुदुर्गनगरी,
127404,"Vaibhavwadi To Upale",Vaibhavwadi,Upale,,MO,9291,Vaibhavwadi,,,,वैभववाडी,उपळे,27,19:00,20:00,MV,SUNDAY,,"उम्बर्दे भुइबावदा हेत वस्ती",
127404,"Vaibhavwadi To Upale",Vaibhavwadi,Upale,,MO,9247,"Narkar Dukan",3,,,वैभववाडी,उपळे,27,19:00,20:00,MV,SUNDAY,,"उम्बर्दे भुइबावदा हेत वस्ती",
127404,"Vaibhavwadi To Upale",Vaibhavwadi,Upale,,MO,9226,"Kusur Bazarwadi",6,,,वैभववाडी,उपळे,27,19:00,20:00,MV,SUNDAY,,"उम्बर्दे भुइबावदा हेत वस्ती",
127404,"Vaibhavwadi To Upale",Vaibhavwadi,Upale,,MO,9286,"Umbarde Canteen",9,,,वैभववाडी,उपळे,27,19:00,20:00,MV,SUNDAY,,"उम्बर्दे भुइबावदा हेत वस्ती",
127404,"Vaibhavwadi To Upale",Vaibhavwadi,Upale,,MO,9220,"Kolpe Dukan",12,,,वैभववाडी,उपळे,27,19:00,20:00,MV,SUNDAY,,"उम्बर्दे भुइबावदा हेत वस्ती",
127404,"Vaibhavwadi To Upale",Vaibhavwadi,Upale,,MO,9294,"Vengsar Fata",15,,,वैभववाडी,उपळे,27,19:00,20:00,MV,SUNDAY,,"उम्बर्दे भुइबावदा हेत वस्ती",
127404,"Vaibhavwadi To Upale",Vaibhavwadi,Upale,,MO,9296,Waniwadi,18,,,वैभववाडी,उपळे,27,19:00,20:00,MV,SUNDAY,,"उम्बर्दे भुइबावदा हेत वस्ती",
127404,"Vaibhavwadi To Upale",Vaibhavwadi,Upale,,MO,9232,"Mangawali Bridge",21,,,वैभववाडी,उपळे,27,19:00,20:00,MV,SUNDAY,,"उम्बर्दे भुइबावदा हेत वस्ती",
127404,"Vaibhavwadi To Upale",Vaibhavwadi,Upale,,MO,9206,"Het Fata",24,,,वैभववाडी,उपळे,27,19:00,20:00,MV,SUNDAY,,"उम्बर्दे भुइबावदा हेत वस्ती",
127404,"Vaibhavwadi To Upale",Vaibhavwadi,Upale,,MO,9288,Upale,27,,,वैभववाडी,उपळे,27,19:00,20:00,MV,SUNDAY,,"उम्बर्दे भुइबावदा हेत वस्ती",
128563,"Dariste To Phonda Via Kanedi",Dariste,Phonda,KANEDI,MO,2693,Dariste,,,,दारीस्ते,फोंडा,26.7,06:10,07:10,SC,SUN,,हरकुळ,
128563,"Dariste To Phonda Via Kanedi",Dariste,Phonda,KANEDI,MO,2740,Guravwadi,3,,,दारीस्ते,फोंडा,26.7,06:10,07:10,SC,SUN,,हरकुळ,
128563,"Dariste To Phonda Via Kanedi",Dariste,Phonda,KANEDI,MO,2924,Rajwadi,6,,,दारीस्ते,फोंडा,26.7,06:10,07:10,SC,SUN,,हरकुळ,
128563,"Dariste To Phonda Via Kanedi",Dariste,Phonda,KANEDI,MO,2852,"Maruti Mandir",7.2,,,दारीस्ते,फोंडा,26.7,06:10,07:10,SC,SUN,,हरकुळ,
128563,"Dariste To Phonda Via Kanedi",Dariste,Phonda,KANEDI,MO,2782,Kanedi,9,,,दारीस्ते,फोंडा,26.7,06:10,07:10,SC,SUN,,हरकुळ,
128563,"Dariste To Phonda Via Kanedi",Dariste,Phonda,KANEDI,MO,2844,"Mail Stone",12,,,दारीस्ते,फोंडा,26.7,06:10,07:10,SC,SUN,,हरकुळ,
128563,"Dariste To Phonda Via Kanedi",Dariste,Phonda,KANEDI,MO,2788,"Karanje Khind",15,,,दारीस्ते,फोंडा,26.7,06:10,07:10,SC,SUN,,हरकुळ,
128563,"Dariste To Phonda Via Kanedi",Dariste,Phonda,KANEDI,MO,2745,"Harkul Chinch",18,,,दारीस्ते,फोंडा,26.7,06:10,07:10,SC,SUN,,हरकुळ,
128563,"Dariste To Phonda Via Kanedi",Dariste,Phonda,KANEDI,MO,2899,Pawanadevi,22.8,,,दारीस्ते,फोंडा,26.7,06:10,07:10,SC,SUN,,हरकुळ,
128563,"Dariste To Phonda Via Kanedi",Dariste,Phonda,KANEDI,MO,2904,Phonda,26.7,,,दारीस्ते,फोंडा,26.7,06:10,07:10,SC,SUN,,हरकुळ,
130534,"Dikshi To Kharepatan Via Tithavali",Dikshi,Kharepatan,TITHAVALI,MO,9192,Dikshi,,,,दिक्षी,खारेपाटण,23.9,05:50,06:50,MV,SUNDAY,"10.50 ते 11.45 विश्रांती","तिथवलि मोसम",
130534,"Dikshi To Kharepatan Via Tithavali",Dikshi,Kharepatan,TITHAVALI,MO,9214,Katkarwadi,3,,,दिक्षी,खारेपाटण,23.9,05:50,06:50,MV,SUNDAY,"10.50 ते 11.45 विश्रांती","तिथवलि मोसम",
130534,"Dikshi To Kharepatan Via Tithavali",Dikshi,Kharepatan,TITHAVALI,MO,9286,"Umbarde Canteen",6,,,दिक्षी,खारेपाटण,23.9,05:50,06:50,MV,SUNDAY,"10.50 ते 11.45 विश्रांती","तिथवलि मोसम",
130534,"Dikshi To Kharepatan Via Tithavali",Dikshi,Kharepatan,TITHAVALI,MO,9219,Kolape,9,,,दिक्षी,खारेपाटण,23.9,05:50,06:50,MV,SUNDAY,"10.50 ते 11.45 विश्रांती","तिथवलि मोसम",
130534,"Dikshi To Kharepatan Via Tithavali",Dikshi,Kharepatan,TITHAVALI,MO,9243,"Nanivade Fata",10.2,,,दिक्षी,खारेपाटण,23.9,05:50,06:50,MV,SUNDAY,"10.50 ते 11.45 विश्रांती","तिथवलि मोसम",
130534,"Dikshi To Kharepatan Via Tithavali",Dikshi,Kharepatan,TITHAVALI,MO,9284,Tithavali,12,,,दिक्षी,खारेपाटण,23.9,05:50,06:50,MV,SUNDAY,"10.50 ते 11.45 विश्रांती","तिथवलि मोसम",
130534,"Dikshi To Kharepatan Via Tithavali",Dikshi,Kharepatan,TITHAVALI,MO,9209,"Jamade Bridge",15,,,दिक्षी,खारेपाटण,23.9,05:50,06:50,MV,SUNDAY,"10.50 ते 11.45 विश्रांती","तिथवलि मोसम",
130534,"Dikshi To Kharepatan Via Tithavali",Dikshi,Kharepatan,TITHAVALI,MO,9259,Pool,18,,,दिक्षी,खारेपाटण,23.9,05:50,06:50,MV,SUNDAY,"10.50 ते 11.45 विश्रांती","तिथवलि मोसम",
130534,"Dikshi To Kharepatan Via Tithavali",Dikshi,Kharepatan,TITHAVALI,MO,9238,"Mosam Hotel",21,,,दिक्षी,खारेपाटण,23.9,05:50,06:50,MV,SUNDAY,"10.50 ते 11.45 विश्रांती","तिथवलि मोसम",
130534,"Dikshi To Kharepatan Via Tithavali",Dikshi,Kharepatan,TITHAVALI,MO,2812,Kharepatan,23.9,,,दिक्षी,खारेपाटण,23.9,05:50,06:50,MV,SUNDAY,"10.50 ते 11.45 विश्रांती","तिथवलि मोसम",
130536,"Vaibhavwadi To Choudhariwadi Via Kusur Bazarwadi",Vaibhavwadi,Choudhariwadi,"KUSUR BAZARWADI",MO,9291,Vaibhavwadi,,,,वैभववाडी,चौधरीवाडी,12.2,09:45,10:15,MV,SUNDAY,,"कुसुर गवळवाडी सुतारवाडी,चौधरीवाडी",
130536,"Vaibhavwadi To Choudhariwadi Via Kusur Bazarwadi",Vaibhavwadi,Choudhariwadi,"KUSUR BAZARWADI",MO,9274,Sonali,3,,,वैभववाडी,चौधरीवाडी,12.2,09:45,10:15,MV,SUNDAY,,"कुसुर गवळवाडी सुतारवाडी,चौधरीवाडी",
130536,"Vaibhavwadi To Choudhariwadi Via Kusur Bazarwadi",Vaibhavwadi,Choudhariwadi,"KUSUR BAZARWADI",MO,9226,"Kusur Bazarwadi",6,,,वैभववाडी,चौधरीवाडी,12.2,09:45,10:15,MV,SUNDAY,,"कुसुर गवळवाडी सुतारवाडी,चौधरीवाडी",
130536,"Vaibhavwadi To Choudhariwadi Via Kusur Bazarwadi",Vaibhavwadi,Choudhariwadi,"KUSUR BAZARWADI",MO,9277,Sutarwadi,9,,,वैभववाडी,चौधरीवाडी,12.2,09:45,10:15,MV,SUNDAY,,"कुसुर गवळवाडी सुतारवाडी,चौधरीवाडी",
130536,"Vaibhavwadi To Choudhariwadi Via Kusur Bazarwadi",Vaibhavwadi,Choudhariwadi,"KUSUR BAZARWADI",MO,9196,Gawalwadi,10,,,वैभववाडी,चौधरीवाडी,12.2,09:45,10:15,MV,SUNDAY,,"कुसुर गवळवाडी सुतारवाडी,चौधरीवाडी",
130536,"Vaibhavwadi To Choudhariwadi Via Kusur Bazarwadi",Vaibhavwadi,Choudhariwadi,"KUSUR BAZARWADI",MO,9260,"Radhakrishna Mandir",11.2,,,वैभववाडी,चौधरीवाडी,12.2,09:45,10:15,MV,SUNDAY,,"कुसुर गवळवाडी सुतारवाडी,चौधरीवाडी",
130536,"Vaibhavwadi To Choudhariwadi Via Kusur Bazarwadi",Vaibhavwadi,Choudhariwadi,"KUSUR BAZARWADI",MO,9188,Choudhariwadi,12.2,,,वैभववाडी,चौधरीवाडी,12.2,09:45,10:15,MV,SUNDAY,,"कुसुर गवळवाडी सुतारवाडी,चौधरीवाडी",
135738,"Kankavli To Moude Via Gurvwadi",Kankavli,Moude,GURVWADI,MO,2786,Kankavli,,,,कणकवली,मौदे,71,11:00,13:20,NON,DAILY,"15.50 ते 17.00 विश्रांती","उंबर्डे,भुईबावडा,हेत",
135738,"Kankavli To Moude Via Gurvwadi",Kankavli,Moude,GURVWADI,MO,2768,"Janavali Gavthanwadi",3.8,,,कणकवली,मौदे,71,11:00,13:20,NON,DAILY,"15.50 ते 17.00 विश्रांती","उंबर्डे,भुईबावडा,हेत",
135738,"Kankavli To Moude Via Gurvwadi",Kankavli,Moude,GURVWADI,MO,2756,"Humrat Titha",6.9,,,कणकवली,मौदे,71,11:00,13:20,NON,DAILY,"15.50 ते 17.00 विश्रांती","उंबर्डे,भुईबावडा,हेत",
135738,"Kankavli To Moude Via Gurvwadi",Kankavli,Moude,GURVWADI,MO,2757,"Humrath Mal Ghorpiwadi",8.4,,,कणकवली,मौदे,71,11:00,13:20,NON,DAILY,"15.50 ते 17.00 विश्रांती","उंबर्डे,भुईबावडा,हेत",
135738,"Kankavli To Moude Via Gurvwadi",Kankavli,Moude,GURVWADI,MO,2790,Karul,10.8,,,कणकवली,मौदे,71,11:00,13:20,NON,DAILY,"15.50 ते 17.00 विश्रांती","उंबर्डे,भुईबावडा,हेत",
135738,"Kankavli To Moude Via Gurvwadi",Kankavli,Moude,GURVWADI,MO,2781,Kanadewadi,12.2,,,कणकवली,मौदे,71,11:00,13:20,NON,DAILY,"15.50 ते 17.00 विश्रांती","उंबर्डे,भुईबावडा,हेत",
135738,"Kankavli To Moude Via Gurvwadi",Kankavli,Moude,GURVWADI,MO,2895,Pachoba,14.1,,,कणकवली,मौदे,71,11:00,13:20,NON,DAILY,"15.50 ते 17.00 विश्रांती","उंबर्डे,भुईबावडा,हेत",
135738,"Kankavli To Moude Via Gurvwadi",Kankavli,Moude,GURVWADI,MO,2871,"Nandgaon Fata",15,,,कणकवली,मौदे,71,11:00,13:20,NON,DAILY,"15.50 ते 17.00 विश्रांती","उंबर्डे,भुईबावडा,हेत",
135738,"Kankavli To Moude Via Gurvwadi",Kankavli,Moude,GURVWADI,MO,2906,"Phonda Iti",15.3,,,कणकवली,मौदे,71,11:00,13:20,NON,DAILY,"15.50 ते 17.00 विश्रांती","उंबर्डे,भुईबावडा,हेत",
135738,"Kankavli To Moude Via Gurvwadi",Kankavli,Moude,GURVWADI,MO,2904,Phonda,17.9,,,कणकवली,मौदे,71,11:00,13:20,NON,DAILY,"15.50 ते 17.00 विश्रांती","उंबर्डे,भुईबावडा,हेत",
135738,"Kankavli To Moude Via Gurvwadi",Kankavli,Moude,GURVWADI,MO,2858,"Mona Wahal",20.9,,,कणकवली,मौदे,71,11:00,13:20,NON,DAILY,"15.50 ते 17.00 विश्रांती","उंबर्डे,भुईबावडा,हेत",
135738,"Kankavli To Moude Via Gurvwadi",Kankavli,Moude,GURVWADI,MO,2949,"Saticha Mal",22.3,,,कणकवली,मौदे,71,11:00,13:20,NON,DAILY,"15.50 ते 17.00 विश्रांती","उंबर्डे,भुईबावडा,हेत",
135738,"Kankavli To Moude Via Gurvwadi",Kankavli,Moude,GURVWADI,MO,2839,"Lore Bangala",24.2,,,कणकवली,मौदे,71,11:00,13:20,NON,DAILY,"15.50 ते 17.00 विश्रांती","उंबर्डे,भुईबावडा,हेत",
135738,"Kankavli To Moude Via Gurvwadi",Kankavli,Moude,GURVWADI,MO,2833,"Kurli Fata",25.1,,,कणकवली,मौदे,71,11:00,13:20,NON,DAILY,"15.50 ते 17.00 विश्रांती","उंबर्डे,भुईबावडा,हेत",
135738,"Kankavli To Moude Via Gurvwadi",Kankavli,Moude,GURVWADI,MO,9171,"Achirne Wad",25.8,,,कणकवली,मौदे,71,11:00,13:20,NON,DAILY,"15.50 ते 17.00 विश्रांती","उंबर्डे,भुईबावडा,हेत",
135738,"Kankavli To Moude Via Gurvwadi",Kankavli,Moude,GURVWADI,MO,9169,Achirne,27.2,,,कणकवली,मौदे,71,11:00,13:20,NON,DAILY,"15.50 ते 17.00 विश्रांती","उंबर्डे,भुईबावडा,हेत",
135738,"Kankavli To Moude Via Gurvwadi",Kankavli,Moude,GURVWADI,MO,9215,Khambale,30.6,,,कणकवली,मौदे,71,11:00,13:20,NON,DAILY,"15.50 ते 17.00 विश्रांती","उंबर्डे,भुईबावडा,हेत",
135738,"Kankavli To Moude Via Gurvwadi",Kankavli,Moude,GURVWADI,MO,9229,"Mail Dagad",33.2,,,कणकवली,मौदे,71,11:00,13:20,NON,DAILY,"15.50 ते 17.00 विश्रांती","उंबर्डे,भुईबावडा,हेत",
135738,"Kankavli To Moude Via Gurvwadi",Kankavli,Moude,GURVWADI,MO,9291,Vaibhavwadi,34.4,,,कणकवली,मौदे,71,11:00,13:20,NON,DAILY,"15.50 ते 17.00 विश्रांती","उंबर्डे,भुईबावडा,हेत",
135738,"Kankavli To Moude Via Gurvwadi",Kankavli,Moude,GURVWADI,MO,9274,Sonali,36.4,,,कणकवली,मौदे,71,11:00,13:20,NON,DAILY,"15.50 ते 17.00 विश्रांती","उंबर्डे,भुईबावडा,हेत",
135738,"Kankavli To Moude Via Gurvwadi",Kankavli,Moude,GURVWADI,MO,9247,"Narkar Dukan",38.5,,,कणकवली,मौदे,71,11:00,13:20,NON,DAILY,"15.50 ते 17.00 विश्रांती","उंबर्डे,भुईबावडा,हेत",
135738,"Kankavli To Moude Via Gurvwadi",Kankavli,Moude,GURVWADI,MO,9226,"Kusur Bazarwadi",40.2,,,कणकवली,मौदे,71,11:00,13:20,NON,DAILY,"15.50 ते 17.00 विश्रांती","उंबर्डे,भुईबावडा,हेत",
135738,"Kankavli To Moude Via Gurvwadi",Kankavli,Moude,GURVWADI,MO,9286,"Umbarde Canteen",43.5,,,कणकवली,मौदे,71,11:00,13:20,NON,DAILY,"15.50 ते 17.00 विश्रांती","उंबर्डे,भुईबावडा,हेत",
135738,"Kankavli To Moude Via Gurvwadi",Kankavli,Moude,GURVWADI,MO,9296,Waniwadi,46.5,,,कणकवली,मौदे,71,11:00,13:20,NON,DAILY,"15.50 ते 17.00 विश्रांती","उंबर्डे,भुईबावडा,हेत",
135738,"Kankavli To Moude Via Gurvwadi",Kankavli,Moude,GURVWADI,MO,9280,Teliwadi,49.1,,,कणकवली,मौदे,71,11:00,13:20,NON,DAILY,"15.50 ते 17.00 विश्रांती","उंबर्डे,भुईबावडा,हेत",
135738,"Kankavli To Moude Via Gurvwadi",Kankavli,Moude,GURVWADI,MO,9233,"Mangawali Dispensary",50,,,कणकवली,मौदे,71,11:00,13:20,NON,DAILY,"15.50 ते 17.00 विश्रांती","उंबर्डे,भुईबावडा,हेत",
135738,"Kankavli To Moude Via Gurvwadi",Kankavli,Moude,GURVWADI,MO,9282,Tirawade,52.4,,,कणकवली,मौदे,71,11:00,13:20,NON,DAILY,"15.50 ते 17.00 विश्रांती","उंबर्डे,भुईबावडा,हेत",
135738,"Kankavli To Moude Via Gurvwadi",Kankavli,Moude,GURVWADI,MO,9186,Bhuibavada,55.4,,,कणकवली,मौदे,71,11:00,13:20,NON,DAILY,"15.50 ते 17.00 विश्रांती","उंबर्डे,भुईबावडा,हेत",
135738,"Kankavli To Moude Via Gurvwadi",Kankavli,Moude,GURVWADI,MO,9198,"Ghat Matha",57.1,,,कणकवली,मौदे,71,11:00,13:20,NON,DAILY,"15.50 ते 17.00 विश्रांती","उंबर्डे,भुईबावडा,हेत",
135738,"Kankavli To Moude Via Gurvwadi",Kankavli,Moude,GURVWADI,MO,9207,"Het School",58,,,कणकवली,मौदे,71,11:00,13:20,NON,DAILY,"15.50 ते 17.00 विश्रांती","उंबर्डे,भुईबावडा,हेत",
135738,"Kankavli To Moude Via Gurvwadi",Kankavli,Moude,GURVWADI,MO,9206,"Het Fata",59.2,,,कणकवली,मौदे,71,11:00,13:20,NON,DAILY,"15.50 ते 17.00 विश्रांती","उंबर्डे,भुईबावडा,हेत",
135738,"Kankavli To Moude Via Gurvwadi",Kankavli,Moude,GURVWADI,MO,9176,"Akhavane Dharan",61,,,कणकवली,मौदे,71,11:00,13:20,NON,DAILY,"15.50 ते 17.00 विश्रांती","उंबर्डे,भुईबावडा,हेत",
135738,"Kankavli To Moude Via Gurvwadi",Kankavli,Moude,GURVWADI,MO,9185,"Bhom Navin Vasahat",62,,,कणकवली,मौदे,71,11:00,13:20,NON,DAILY,"15.50 ते 17.00 विश्रांती","उंबर्डे,भुईबावडा,हेत",
135738,"Kankavli To Moude Via Gurvwadi",Kankavli,Moude,GURVWADI,MO,9184,"Bhom Jadhvwadi",64,,,कणकवली,मौदे,71,11:00,13:20,NON,DAILY,"15.50 ते 17.00 विश्रांती","उंबर्डे,भुईबावडा,हेत",
135738,"Kankavli To Moude Via Gurvwadi",Kankavli,Moude,GURVWADI,MO,9204,"Gurvwadi Fata",67,,,कणकवली,मौदे,71,11:00,13:20,NON,DAILY,"15.50 ते 17.00 विश्रांती","उंबर्डे,भुईबावडा,हेत",
135738,"Kankavli To Moude Via Gurvwadi",Kankavli,Moude,GURVWADI,MO,9203,Gurvwadi,68,,,कणकवली,मौदे,71,11:00,13:20,NON,DAILY,"15.50 ते 17.00 विश्रांती","उंबर्डे,भुईबावडा,हेत",
135738,"Kankavli To Moude Via Gurvwadi",Kankavli,Moude,GURVWADI,MO,9204,"Gurvwadi Fata",70,,,कणकवली,मौदे,71,11:00,13:20,NON,DAILY,"15.50 ते 17.00 विश्रांती","उंबर्डे,भुईबावडा,हेत",
135738,"Kankavli To Moude Via Gurvwadi",Kankavli,Moude,GURVWADI,MO,9239,Moude,71,,,कणकवली,मौदे,71,11:00,13:20,NON,DAILY,"15.50 ते 17.00 विश्रांती","उंबर्डे,भुईबावडा,हेत",
139593,"Achara To Kankavli Via Shravan","Achara Tita",Kankavli,SHRAVAN,MO,6744,"Achara Tita",,,,आचरा,कणकवली,32.6,08:50,10:00,NON,DAILY,,,
139593,"Achara To Kankavli Via Shravan","Achara Tita",Kankavli,SHRAVAN,MO,6798,"Chindar Wad",2.6,,,आचरा,कणकवली,32.6,08:50,10:00,NON,DAILY,,,
139593,"Achara To Kankavli Via Shravan","Achara Tita",Kankavli,SHRAVAN,MO,7009,"Trimbak Bazar",5.6,,,आचरा,कणकवली,32.6,08:50,10:00,NON,DAILY,,,
139593,"Achara To Kankavli Via Shravan","Achara Tita",Kankavli,SHRAVAN,MO,7011,"Trimbak Sapala",7.2,,,आचरा,कणकवली,32.6,08:50,10:00,NON,DAILY,,,
139593,"Achara To Kankavli Via Shravan","Achara Tita",Kankavli,SHRAVAN,MO,6953,"Palsamb School",8.6,,,आचरा,कणकवली,32.6,08:50,10:00,NON,DAILY,,,
139593,"Achara To Kankavli Via Shravan","Achara Tita",Kankavli,SHRAVAN,MO,6858,"Kaju Stop",11.6,,,आचरा,कणकवली,32.6,08:50,10:00,NON,DAILY,,,
139593,"Achara To Kankavli Via Shravan","Achara Tita",Kankavli,SHRAVAN,MO,6749,"Adawali Titha",13.4,,,आचरा,कणकवली,32.6,08:50,10:00,NON,DAILY,,,
139593,"Achara To Kankavli Via Shravan","Achara Tita",Kankavli,SHRAVAN,MO,6910,"Mail Dagad",14.6,,,आचरा,कणकवली,32.6,08:50,10:00,NON,DAILY,,,
139593,"Achara To Kankavli Via Shravan","Achara Tita",Kankavli,SHRAVAN,MO,6997,Shravan,16.4,,,आचरा,कणकवली,32.6,08:50,10:00,NON,DAILY,,,
139593,"Achara To Kankavli Via Shravan","Achara Tita",Kankavli,SHRAVAN,MO,6777,"Belne Fata",17.6,,,आचरा,कणकवली,32.6,08:50,10:00,NON,DAILY,,,
139593,"Achara To Kankavli Via Shravan","Achara Tita",Kankavli,SHRAVAN,MO,6971,"Ramgad Bazar",20.6,,,आचरा,कणकवली,32.6,08:50,10:00,NON,DAILY,,,
139593,"Achara To Kankavli Via Shravan","Achara Tita",Kankavli,SHRAVAN,MO,2737,"Gothane Wad",23.6,,,आचरा,कणकवली,32.6,08:50,10:00,NON,DAILY,,,
139593,"Achara To Kankavli Via Shravan","Achara Tita",Kankavli,SHRAVAN,MO,2902,"Phalsewadi School",26.6,,,आचरा,कणकवली,32.6,08:50,10:00,NON,DAILY,,,
139593,"Achara To Kankavli Via Shravan","Achara Tita",Kankavli,SHRAVAN,MO,88092,"Kalmath Phanaswadi",29.6,,,आचरा,कणकवली,32.6,08:50,10:00,NON,DAILY,,,
139593,"Achara To Kankavli Via Shravan","Achara Tita",Kankavli,SHRAVAN,MO,2786,Kankavli,32.6,,,आचरा,कणकवली,32.6,08:50,10:00,NON,DAILY,,,
444,"Borivali Nancy Colony To Kankavli","Borivali Nancy Colony",Kankavli,,MO,5311,"Borivali Nancy Colony",,,,बोरीवली,चिपळूण,282.5,16:00,23:20,,,"महाड  विश्रांती","चिपळूण ना.आ.",
444,"Borivali Nancy Colony To Kankavli","Borivali Nancy Colony",Kankavli,,MO,5312,"Borivali Sukurwadi",1,,,बोरीवली,चिपळूण,282.5,16:00,23:20,,,"महाड  विश्रांती","चिपळूण ना.आ.",
444,"Borivali Nancy Colony To Kankavli","Borivali Nancy Colony",Kankavli,,MO,5511,"Samatanagar Kandivali East",6.2,,,बोरीवली,चिपळूण,282.5,16:00,23:20,,,"महाड  विश्रांती","चिपळूण ना.आ.",
444,"Borivali Nancy Colony To Kankavli","Borivali Nancy Colony",Kankavli,,MO,5495,"Pushpa Park Malad",7.7,,,बोरीवली,चिपळूण,282.5,16:00,23:20,,,"महाड  विश्रांती","चिपळूण ना.आ.",
444,"Borivali Nancy Colony To Kankavli","Borivali Nancy Colony",Kankavli,,MO,5393,"Goregaon East Police Stn.",12.8,,,बोरीवली,चिपळूण,282.5,16:00,23:20,,,"महाड  विश्रांती","चिपळूण ना.आ.",
444,"Borivali Nancy Colony To Kankavli","Borivali Nancy Colony",Kankavli,,MO,5410,"Jogeshwari East",14.9,,,बोरीवली,चिपळूण,282.5,16:00,23:20,,,"महाड  विश्रांती","चिपळूण ना.आ.",
444,"Borivali Nancy Colony To Kankavli","Borivali Nancy Colony",Kankavli,,MO,5566,"Vileparle (E) Saibaba Mandir",21.3,,,बोरीवली,चिपळूण,282.5,16:00,23:20,,,"महाड  विश्रांती","चिपळूण ना.आ.",
444,"Borivali Nancy Colony To Kankavli","Borivali Nancy Colony",Kankavli,,MO,5569,"Wakola Police Stn.",22,,,बोरीवली,चिपळूण,282.5,16:00,23:20,,,"महाड  विश्रांती","चिपळूण ना.आ.",
444,"Borivali Nancy Colony To Kankavli","Borivali Nancy Colony",Kankavli,,MO,5467,"Maratha Colony",22.2,,,बोरीवली,चिपळूण,282.5,16:00,23:20,,,"महाड  विश्रांती","चिपळूण ना.आ.",
444,"Borivali Nancy Colony To Kankavli","Borivali Nancy Colony",Kankavli,,MO,5419,"Khar East Teachers Colony",22.3,,,बोरीवली,चिपळूण,282.5,16:00,23:20,,,"महाड  विश्रांती","चिपळूण ना.आ.",
444,"Borivali Nancy Colony To Kankavli","Borivali Nancy Colony",Kankavli,,MO,5343,"Domestic Airport",23,,,बोरीवली,चिपळूण,282.5,16:00,23:20,,,"महाड  विश्रांती","चिपळूण ना.आ.",
444,"Borivali Nancy Colony To Kankavli","Borivali Nancy Colony",Kankavli,,MO,5282,"Bandra East Kalanagar",23.5,,,बोरीवली,चिपळूण,282.5,16:00,23:20,,,"महाड  विश्रांती","चिपळूण ना.आ.",
444,"Borivali Nancy Colony To Kankavli","Borivali Nancy Colony",Kankavli,,MO,5457,"Mahim Link Rd.",27.6,,,बोरीवली,चिपळूण,282.5,16:00,23:20,,,"महाड  विश्रांती","चिपळूण ना.आ.",
444,"Borivali Nancy Colony To Kankavli","Borivali Nancy Colony",Kankavli,,MO,5427,"Kurla Nehru Nagar",30.6,,,बोरीवली,चिपळूण,282.5,16:00,23:20,,,"महाड  विश्रांती","चिपळूण ना.आ.",
444,"Borivali Nancy Colony To Kankavli","Borivali Nancy Colony",Kankavli,,MO,5464,"Maitri Park",32.2,,,बोरीवली,चिपळूण,282.5,16:00,23:20,,,"महाड  विश्रांती","चिपळूण ना.आ.",
444,"Borivali Nancy Colony To Kankavli","Borivali Nancy Colony",Kankavli,,MO,5439,"Mankhurd Rly. Stn.",36.9,,,बोरीवली,चिपळूण,282.5,16:00,23:20,,,"महाड  विश्रांती","चिपळूण ना.आ.",
444,"Borivali Nancy Colony To Kankavli","Borivali Nancy Colony",Kankavli,,MO,4488,"Vashi Highway",45.1,,,बोरीवली,चिपळूण,282.5,16:00,23:20,,,"महाड  विश्रांती","चिपळूण ना.आ.",
444,"Borivali Nancy Colony To Kankavli","Borivali Nancy Colony",Kankavli,,MO,4414,Nerul,47.5,,,बोरीवली,चिपळूण,282.5,16:00,23:20,,,"महाड  विश्रांती","चिपळूण ना.आ.",
444,"Borivali Nancy Colony To Kankavli","Borivali Nancy Colony",Kankavli,,MO,5743,"Kalamboli Fata",60,,,बोरीवली,चिपळूण,282.5,16:00,23:20,,,"महाड  विश्रांती","चिपळूण ना.आ.",
444,"Borivali Nancy Colony To Kankavli","Borivali Nancy Colony",Kankavli,,MO,5842,Panvel,61.5,,,बोरीवली,चिपळूण,282.5,16:00,23:20,,,"महाड  विश्रांती","चिपळूण ना.आ.",
444,"Borivali Nancy Colony To Kankavli","Borivali Nancy Colony",Kankavli,,MO,1303,Wadkhal,99.7,,,बोरीवली,चिपळूण,282.5,16:00,23:20,,,"महाड  विश्रांती","चिपळूण ना.आ.",
444,"Borivali Nancy Colony To Kankavli","Borivali Nancy Colony",Kankavli,,MO,1213,Gadab,110.5,,,बोरीवली,चिपळूण,282.5,16:00,23:20,,,"महाड  विश्रांती","चिपळूण ना.आ.",
444,"Borivali Nancy Colony To Kankavli","Borivali Nancy Colony",Kankavli,,MO,1255,Kharpale,112.5,,,बोरीवली,चिपळूण,282.5,16:00,23:20,,,"महाड  विश्रांती","चिपळूण ना.आ.",
444,"Borivali Nancy Colony To Kankavli","Borivali Nancy Colony",Kankavli,,MO,1235,Kasu,114.5,,,बोरीवली,चिपळूण,282.5,16:00,23:20,,,"महाड  विश्रांती","चिपळूण ना.आ.",
444,"Borivali Nancy Colony To Kankavli","Borivali Nancy Colony",Kankavli,,MO,1269,Pandapur,117.5,,,बोरीवली,चिपळूण,282.5,16:00,23:20,,,"महाड  विश्रांती","चिपळूण ना.आ.",
444,"Borivali Nancy Colony To Kankavli","Borivali Nancy Colony",Kankavli,,MO,1189,Amtem,120.5,,,बोरीवली,चिपळूण,282.5,16:00,23:20,,,"महाड  विश्रांती","चिपळूण ना.आ.",
444,"Borivali Nancy Colony To Kankavli","Borivali Nancy Colony",Kankavli,,MO,1249,Koleti,122.5,,,बोरीवली,चिपळूण,282.5,16:00,23:20,,,"महाड  विश्रांती","चिपळूण ना.आ.",
444,"Borivali Nancy Colony To Kankavli","Borivali Nancy Colony",Kankavli,,MO,1549,Palas,125.5,,,बोरीवली,चिपळूण,282.5,16:00,23:20,,,"महाड  विश्रांती","चिपळूण ना.आ.",
444,"Borivali Nancy Colony To Kankavli","Borivali Nancy Colony",Kankavli,,MO,1544,"Nidi Bridge",127.5,,,बोरीवली,चिपळूण,282.5,16:00,23:20,,,"महाड  विश्रांती","चिपळूण ना.आ.",
444,"Borivali Nancy Colony To Kankavli","Borivali Nancy Colony",Kankavli,,MO,1546,"Nagothane Fata",128.5,,,बोरीवली,चिपळूण,282.5,16:00,23:20,,,"महाड  विश्रांती","चिपळूण ना.आ.",
444,"Borivali Nancy Colony To Kankavli","Borivali Nancy Colony",Kankavli,,MO,1597,Wakan,129.7,,,बोरीवली,चिपळूण,282.5,16:00,23:20,,,"महाड  विश्रांती","चिपळूण ना.आ.",
444,"Borivali Nancy Colony To Kankavli","Borivali Nancy Colony",Kankavli,,MO,1510,Kanasai,131.7,,,बोरीवली,चिपळूण,282.5,16:00,23:20,,,"महाड  विश्रांती","चिपळूण ना.आ.",
444,"Borivali Nancy Colony To Kankavli","Borivali Nancy Colony",Kankavli,,MO,1573,Sukeli,137.5,,,बोरीवली,चिपळूण,282.5,16:00,23:20,,,"महाड  विश्रांती","चिपळूण ना.आ.",
444,"Borivali Nancy Colony To Kankavli","Borivali Nancy Colony",Kankavli,,MO,1515,Khamb,142.5,,,बोरीवली,चिपळूण,282.5,16:00,23:20,,,"महाड  विश्रांती","चिपळूण ना.आ.",
444,"Borivali Nancy Colony To Kankavli","Borivali Nancy Colony",Kankavli,,MO,1552,Pugaon,144.5,,,बोरीवली,चिपळूण,282.5,16:00,23:20,,,"महाड  विश्रांती","चिपळूण ना.आ.",
444,"Borivali Nancy Colony To Kankavli","Borivali Nancy Colony",Kankavli,,MO,1519,"Kolad Bridge",146.5,,,बोरीवली,चिपळूण,282.5,16:00,23:20,,,"महाड  विश्रांती","चिपळूण ना.आ.",
444,"Borivali Nancy Colony To Kankavli","Borivali Nancy Colony",Kankavli,,MO,1599,Warasgaon,147.6,,,बोरीवली,चिपळूण,282.5,16:00,23:20,,,"महाड  विश्रांती","चिपळूण ना.आ.",
444,"Borivali Nancy Colony To Kankavli","Borivali Nancy Colony",Kankavli,,MO,1578,Talwali,149.6,,,बोरीवली,चिपळूण,282.5,16:00,23:20,,,"महाड  विश्रांती","चिपळूण ना.आ.",
444,"Borivali Nancy Colony To Kankavli","Borivali Nancy Colony",Kankavli,,MO,774,Bhuvan,151.6,,,बोरीवली,चिपळूण,282.5,16:00,23:20,,,"महाड  विश्रांती","चिपळूण ना.आ.",
444,"Borivali Nancy Colony To Kankavli","Borivali Nancy Colony",Kankavli,,MO,915,Rathwad,152.7,,,बोरीवली,चिपळूण,282.5,16:00,23:20,,,"महाड  विश्रांती","चिपळूण ना.आ.",
444,"Borivali Nancy Colony To Kankavli","Borivali Nancy Colony",Kankavli,,MO,799,"Dharnachi Wadi",153.7,,,बोरीवली,चिपळूण,282.5,16:00,23:20,,,"महाड  विश्रांती","चिपळूण ना.आ.",
444,"Borivali Nancy Colony To Kankavli","Borivali Nancy Colony",Kankavli,,MO,969,"Wave Diwali",154.7,,,बोरीवली,चिपळूण,282.5,16:00,23:20,,,"महाड  विश्रांती","चिपळूण ना.आ.",
444,"Borivali Nancy Colony To Kankavli","Borivali Nancy Colony",Kankavli,,MO,916,Rudroli,157.7,,,बोरीवली,चिपळूण,282.5,16:00,23:20,,,"महाड  विश्रांती","चिपळूण ना.आ.",
444,"Borivali Nancy Colony To Kankavli","Borivali Nancy Colony",Kankavli,,MO,825,Indapur,160.8,,,बोरीवली,चिपळूण,282.5,16:00,23:20,,,"महाड  विश्रांती","चिपळूण ना.आ.",
444,"Borivali Nancy Colony To Kankavli","Borivali Nancy Colony",Kankavli,,MO,950,Vighavali,161.7,,,बोरीवली,चिपळूण,282.5,16:00,23:20,,,"महाड  विश्रांती","चिपळूण ना.आ.",
444,"Borivali Nancy Colony To Kankavli","Borivali Nancy Colony",Kankavli,,MO,938,Tilore,166.7,,,बोरीवली,चिपळूण,282.5,16:00,23:20,,,"महाड  विश्रांती","चिपळूण ना.आ.",
444,"Borivali Nancy Colony To Kankavli","Borivali Nancy Colony",Kankavli,,MO,879,Mangaon,172.6,,,बोरीवली,चिपळूण,282.5,16:00,23:20,,,"महाड  विश्रांती","चिपळूण ना.आ.",
444,"Borivali Nancy Colony To Kankavli","Borivali Nancy Colony",Kankavli,,MO,812,Garal,175.6,,,बोरीवली,चिपळूण,282.5,16:00,23:20,,,"महाड  विश्रांती","चिपळूण ना.आ.",
444,"Borivali Nancy Colony To Kankavli","Borivali Nancy Colony",Kankavli,,MO,912,Repoli,178.6,,,बोरीवली,चिपळूण,282.5,16:00,23:20,,,"महाड  विश्रांती","चिपळूण ना.आ.",
444,"Borivali Nancy Colony To Kankavli","Borivali Nancy Colony",Kankavli,,MO,685,"C  Shivaji Maharaj Chowk",197,,,बोरीवली,चिपळूण,282.5,16:00,23:20,,,"महाड  विश्रांती","चिपळूण ना.आ.",
444,"Borivali Nancy Colony To Kankavli","Borivali Nancy Colony",Kankavli,,MO,601,Mahad,198,,,बोरीवली,चिपळूण,282.5,16:00,23:20,,,"महाड  विश्रांती","चिपळूण ना.आ.",
444,"Borivali Nancy Colony To Kankavli","Borivali Nancy Colony",Kankavli,,MO,422,"Ambedkar College",199.8,,,बोरीवली,चिपळूण,282.5,16:00,23:20,,,"महाड  विश्रांती","चिपळूण ना.आ.",
444,"Borivali Nancy Colony To Kankavli","Borivali Nancy Colony",Kankavli,,MO,624,Nadgaon,201,,,बोरीवली,चिपळूण,282.5,16:00,23:20,,,"महाड  विश्रांती","चिपळूण ना.आ.",
444,"Borivali Nancy Colony To Kankavli","Borivali Nancy Colony",Kankavli,,MO,665,"Rajewadi Fata",203.4,,,बोरीवली,चिपळूण,282.5,16:00,23:20,,,"महाड  विश्रांती","चिपळूण ना.आ.",
444,"Borivali Nancy Colony To Kankavli","Borivali Nancy Colony",Kankavli,,MO,1335,"Chandve High School",206.4,,,बोरीवली,चिपळूण,282.5,16:00,23:20,,,"महाड  विश्रांती","चिपळूण ना.आ.",
444,"Borivali Nancy Colony To Kankavli","Borivali Nancy Colony",Kankavli,,MO,1430,Parle,208.1,,,बोरीवली,चिपळूण,282.5,16:00,23:20,,,"महाड  विश्रांती","चिपळूण ना.आ.",
444,"Borivali Nancy Colony To Kankavli","Borivali Nancy Colony",Kankavli,,MO,1412,Loharmal,212.4,,,बोरीवली,चिपळूण,282.5,16:00,23:20,,,"महाड  विश्रांती","चिपळूण ना.आ.",
444,"Borivali Nancy Colony To Kankavli","Borivali Nancy Colony",Kankavli,,MO,1428,Poladpur,215.8,,,बोरीवली,चिपळूण,282.5,16:00,23:20,,,"महाड  विश्रांती","चिपळूण ना.आ.",
444,"Borivali Nancy Colony To Kankavli","Borivali Nancy Colony",Kankavli,,MO,1443,Sadavali,218.8,,,बोरीवली,चिपळूण,282.5,16:00,23:20,,,"महाड  विश्रांती","चिपळूण ना.आ.",
444,"Borivali Nancy Colony To Kankavli","Borivali Nancy Colony",Kankavli,,MO,1352,Dhamandevi,220.6,,,बोरीवली,चिपळूण,282.5,16:00,23:20,,,"महाड  विश्रांती","चिपळूण ना.आ.",
444,"Borivali Nancy Colony To Kankavli","Borivali Nancy Colony",Kankavli,,MO,77741,"Kashedi Amba",233.3,,,बोरीवली,चिपळूण,282.5,16:00,23:20,,,"महाड  विश्रांती","चिपळूण ना.आ.",
444,"Borivali Nancy Colony To Kankavli","Borivali Nancy Colony",Kankavli,,MO,77759,Khavati,240.1,,,बोरीवली,चिपळूण,282.5,16:00,23:20,,,"महाड  विश्रांती","चिपळूण ना.आ.",
444,"Borivali Nancy Colony To Kankavli","Borivali Nancy Colony",Kankavli,,MO,76025,"Bharna Naka",252.1,,,बोरीवली,चिपळूण,282.5,16:00,23:20,,,"महाड  विश्रांती","चिपळूण ना.आ.",
444,"Borivali Nancy Colony To Kankavli","Borivali Nancy Colony",Kankavli,,MO,77850,"Moravande School",257.9,,,बोरीवली,चिपळूण,282.5,16:00,23:20,,,"महाड  विश्रांती","चिपळूण ना.आ.",
444,"Borivali Nancy Colony To Kankavli","Borivali Nancy Colony",Kankavli,,MO,77419,Dabhil,263.8,,,बोरीवली,चिपळूण,282.5,16:00,23:20,,,"महाड  विश्रांती","चिपळूण ना.आ.",
444,"Borivali Nancy Colony To Kankavli","Borivali Nancy Colony",Kankavli,,MO,77771,Lote,270.1,,,बोरीवली,चिपळूण,282.5,16:00,23:20,,,"महाड  विश्रांती","चिपळूण ना.आ.",
444,"Borivali Nancy Colony To Kankavli","Borivali Nancy Colony",Kankavli,,MO,77914,Pinlote,272.6,,,बोरीवली,चिपळूण,282.5,16:00,23:20,,,"महाड  विश्रांती","चिपळूण ना.आ.",
444,"Borivali Nancy Colony To Kankavli","Borivali Nancy Colony",Kankavli,,MO,11074,Parshuram,275.9,,,बोरीवली,चिपळूण,282.5,16:00,23:20,,,"महाड  विश्रांती","चिपळूण ना.आ.",
444,"Borivali Nancy Colony To Kankavli","Borivali Nancy Colony",Kankavli,,MO,10242,"Bahadur Shaikh Naka",284.1,,,बोरीवली,चिपळूण,282.5,16:00,23:20,,,"महाड  विश्रांती","चिपळूण ना.आ.",
444,"Borivali Nancy Colony To Kankavli","Borivali Nancy Colony",Kankavli,,MO,11172,"Shivaji Nagar",286.5,,,बोरीवली,चिपळूण,282.5,16:00,23:20,,,"महाड  विश्रांती","चिपळूण ना.आ.",
444,"Borivali Nancy Colony To Kankavli","Borivali Nancy Colony",Kankavli,,MO,10379,Chiplun,287.8,,,बोरीवली,चिपळूण,282.5,16:00,23:20,,,"महाड  विश्रांती","चिपळूण ना.आ.",
444,"Borivali Nancy Colony To Kankavli","Borivali Nancy Colony",Kankavli,,MO,10761,Kapsal,289.6,,,बोरीवली,चिपळूण,282.5,16:00,23:20,,,"महाड  विश्रांती","चिपळूण ना.आ.",
444,"Borivali Nancy Colony To Kankavli","Borivali Nancy Colony",Kankavli,,MO,10388,"Dharan Stop",290,,,बोरीवली,चिपळूण,282.5,16:00,23:20,,,"महाड  विश्रांती","चिपळूण ना.आ.",
444,"Borivali Nancy Colony To Kankavli","Borivali Nancy Colony",Kankavli,,MO,10383,"Cottage Hospital",290.1,,,बोरीवली,चिपळूण,282.5,16:00,23:20,,,"महाड  विश्रांती","चिपळूण ना.आ.",
444,"Borivali Nancy Colony To Kankavli","Borivali Nancy Colony",Kankavli,,MO,11283,"Terav Fata",292.2,,,बोरीवली,चिपळूण,282.5,16:00,23:20,,,"महाड  विश्रांती","चिपळूण ना.आ.",
444,"Borivali Nancy Colony To Kankavli","Borivali Nancy Colony",Kankavli,,MO,10612,Kamathe,292.6,,,बोरीवली,चिपळूण,282.5,16:00,23:20,,,"महाड  विश्रांती","चिपळूण ना.आ.",
444,"Borivali Nancy Colony To Kankavli","Borivali Nancy Colony",Kankavli,,MO,11343,"Vetkond Fata",294,,,बोरीवली,चिपळूण,282.5,16:00,23:20,,,"महाड  विश्रांती","चिपळूण ना.आ.",
444,"Borivali Nancy Colony To Kankavli","Borivali Nancy Colony",Kankavli,,MO,10569,"Harkar Wadi",294.2,,,बोरीवली,चिपळूण,282.5,16:00,23:20,,,"महाड  विश्रांती","चिपळूण ना.आ.",
444,"Borivali Nancy Colony To Kankavli","Borivali Nancy Colony",Kankavli,,MO,11358,"Wangi Pool",295.5,,,बोरीवली,चिपळूण,282.5,16:00,23:20,,,"महाड  विश्रांती","चिपळूण ना.आ.",
444,"Borivali Nancy Colony To Kankavli","Borivali Nancy Colony",Kankavli,,MO,11237,Tawar,295.7,,,बोरीवली,चिपळूण,282.5,16:00,23:20,,,"महाड  विश्रांती","चिपळूण ना.आ.",
444,"Borivali Nancy Colony To Kankavli","Borivali Nancy Colony",Kankavli,,MO,10602,Kandamale,299.5,,,बोरीवली,चिपळूण,282.5,16:00,23:20,,,"महाड  विश्रांती","चिपळूण ना.आ.",
444,"Borivali Nancy Colony To Kankavli","Borivali Nancy Colony",Kankavli,,MO,10961,"Niwach Wadi",300.3,,,बोरीवली,चिपळूण,282.5,16:00,23:20,,,"महाड  विश्रांती","चिपळूण ना.आ.",
444,"Borivali Nancy Colony To Kankavli","Borivali Nancy Colony",Kankavli,,MO,11230,"Sawarde Davakhana",301.3,,,बोरीवली,चिपळूण,282.5,16:00,23:20,,,"महाड  विश्रांती","चिपळूण ना.आ.",
444,"Borivali Nancy Colony To Kankavli","Borivali Nancy Colony",Kankavli,,MO,11229,Sawarde,302.3,,,बोरीवली,चिपळूण,282.5,16:00,23:20,,,"महाड  विश्रांती","चिपळूण ना.आ.",
444,"Borivali Nancy Colony To Kankavli","Borivali Nancy Colony",Kankavli,,MO,10451,"Durgewadi Fata",303.3,,,बोरीवली,चिपळूण,282.5,16:00,23:20,,,"महाड  विश्रांती","चिपळूण ना.आ.",
444,"Borivali Nancy Colony To Kankavli","Borivali Nancy Colony",Kankavli,,MO,11037,"Police Line",304.4,,,बोरीवली,चिपळूण,282.5,16:00,23:20,,,"महाड  विश्रांती","चिपळूण ना.आ.",
444,"Borivali Nancy Colony To Kankavli","Borivali Nancy Colony",Kankavli,,MO,11313,"Vahal Fata Bifargation",305.4,,,बोरीवली,चिपळूण,282.5,16:00,23:20,,,"महाड  विश्रांती","चिपळूण ना.आ.",
444,"Borivali Nancy Colony To Kankavli","Borivali Nancy Colony",Kankavli,,MO,10204,Agave,307.9,,,बोरीवली,चिपळूण,282.5,16:00,23:20,,,"महाड  विश्रांती","चिपळूण ना.आ.",
444,"Borivali Nancy Colony To Kankavli","Borivali Nancy Colony",Kankavli,,MO,10218,"Ambet Khol",308.4,,,बोरीवली,चिपळूण,282.5,16:00,23:20,,,"महाड  विश्रांती","चिपळूण ना.आ.",
444,"Borivali Nancy Colony To Kankavli","Borivali Nancy Colony",Kankavli,,MO,10233,"Asurde .",310.5,,,बोरीवली,चिपळूण,282.5,16:00,23:20,,,"महाड  विश्रांती","चिपळूण ना.आ.",
444,"Borivali Nancy Colony To Kankavli","Borivali Nancy Colony",Kankavli,,MO,10225,"Asurde No.2",311.6,,,बोरीवली,चिपळूण,282.5,16:00,23:20,,,"महाड  विश्रांती","चिपळूण ना.आ.",
444,"Borivali Nancy Colony To Kankavli","Borivali Nancy Colony",Kankavli,,MO,10232,"Asurde Khind",312.7,,,बोरीवली,चिपळूण,282.5,16:00,23:20,,,"महाड  विश्रांती","चिपळूण ना.आ.",
444,"Borivali Nancy Colony To Kankavli","Borivali Nancy Colony",Kankavli,,MO,10628,"Kase Fata",314.5,,,बोरीवली,चिपळूण,282.5,16:00,23:20,,,"महाड  विश्रांती","चिपळूण ना.आ.",
444,"Borivali Nancy Colony To Kankavli","Borivali Nancy Colony",Kankavli,,MO,76606,"Khershet School",315.1,,,बोरीवली,चिपळूण,282.5,16:00,23:20,,,"महाड  विश्रांती","चिपळूण ना.आ.",
444,"Borivali Nancy Colony To Kankavli","Borivali Nancy Colony",Kankavli,,MO,76070,"Aravali School",315.5,,,बोरीवली,चिपळूण,282.5,16:00,23:20,,,"महाड  विश्रांती","चिपळूण ना.आ.",
444,"Borivali Nancy Colony To Kankavli","Borivali Nancy Colony",Kankavli,,MO,76074,"Aravali Fata",320.6,,,बोरीवली,चिपळूण,282.5,16:00,23:20,,,"महाड  विश्रांती","चिपळूण ना.आ.",
444,"Borivali Nancy Colony To Kankavli","Borivali Nancy Colony",Kankavli,,MO,76978,"Shinde Amberi",321.2,,,बोरीवली,चिपळूण,282.5,16:00,23:20,,,"महाड  विश्रांती","चिपळूण ना.आ.",
444,"Borivali Nancy Colony To Kankavli","Borivali Nancy Colony",Kankavli,,MO,77076,"Tural Tali",322.2,,,बोरीवली,चिपळूण,282.5,16:00,23:20,,,"महाड  विश्रांती","चिपळूण ना.आ.",
444,"Borivali Nancy Colony To Kankavli","Borivali Nancy Colony",Kankavli,,MO,77119,Tural,323,,,बोरीवली,चिपळूण,282.5,16:00,23:20,,,"महाड  विश्रांती","चिपळूण ना.आ.",
444,"Borivali Nancy Colony To Kankavli","Borivali Nancy Colony",Kankavli,,MO,76033,"Ambed Khurd",331.7,,,बोरीवली,चिपळूण,282.5,16:00,23:20,,,"महाड  विश्रांती","चिपळूण ना.आ.",
444,"Borivali Nancy Colony To Kankavli","Borivali Nancy Colony",Kankavli,,MO,76974,"Shastri Bridge",332.6,,,बोरीवली,चिपळूण,282.5,16:00,23:20,,,"महाड  विश्रांती","चिपळूण ना.आ.",
444,"Borivali Nancy Colony To Kankavli","Borivali Nancy Colony",Kankavli,,MO,12190,"Ozar Khol Bridge",339.6,,,बोरीवली,चिपळूण,282.5,16:00,23:20,,,"महाड  विश्रांती","चिपळूण ना.आ.",
444,"Borivali Nancy Colony To Kankavli","Borivali Nancy Colony",Kankavli,,MO,76607,"Kurdhunda Bank",339.7,,,बोरीवली,चिपळूण,282.5,16:00,23:20,,,"महाड  विश्रांती","चिपळूण ना.आ.",
444,"Borivali Nancy Colony To Kankavli","Borivali Nancy Colony",Kankavli,,MO,76603,"Kurdhunda Bunder",340.1,,,बोरीवली,चिपळूण,282.5,16:00,23:20,,,"महाड  विश्रांती","चिपळूण ना.आ.",
444,"Borivali Nancy Colony To Kankavli","Borivali Nancy Colony",Kankavli,,MO,76483,"Kolambe Patane Stop",340.3,,,बोरीवली,चिपळूण,282.5,16:00,23:20,,,"महाड  विश्रांती","चिपळूण ना.आ.",
444,"Borivali Nancy Colony To Kankavli","Borivali Nancy Colony",Kankavli,,MO,76546,"Kolmbe High School",343.2,,,बोरीवली,चिपळूण,282.5,16:00,23:20,,,"महाड  विश्रांती","चिपळूण ना.आ.",
444,"Borivali Nancy Colony To Kankavli","Borivali Nancy Colony",Kankavli,,MO,77024,Songiri,343.7,,,बोरीवली,चिपळूण,282.5,16:00,23:20,,,"महाड  विश्रांती","चिपळूण ना.आ.",
444,"Borivali Nancy Colony To Kankavli","Borivali Nancy Colony",Kankavli,,MO,76053,Ambed,349.1,,,बोरीवली,चिपळूण,282.5,16:00,23:20,,,"महाड  विश्रांती","चिपळूण ना.आ.",
444,"Borivali Nancy Colony To Kankavli","Borivali Nancy Colony",Kankavli,,MO,76885,"Parchuri Tar",349.6,,,बोरीवली,चिपळूण,282.5,16:00,23:20,,,"महाड  विश्रांती","चिपळूण ना.आ.",
444,"Borivali Nancy Colony To Kankavli","Borivali Nancy Colony",Kankavli,,MO,76665,Manaskond,350.3,,,बोरीवली,चिपळूण,282.5,16:00,23:20,,,"महाड  विश्रांती","चिपळूण ना.आ.",
444,"Borivali Nancy Colony To Kankavli","Borivali Nancy Colony",Kankavli,,MO,77198,"Wandri Temple",351.6,,,बोरीवली,चिपळूण,282.5,16:00,23:20,,,"महाड  विश्रांती","चिपळूण ना.आ.",
444,"Borivali Nancy Colony To Kankavli","Borivali Nancy Colony",Kankavli,,MO,77154,"Vandri Buddhawadi",352,,,बोरीवली,चिपळूण,282.5,16:00,23:20,,,"महाड  विश्रांती","चिपळूण ना.आ.",
444,"Borivali Nancy Colony To Kankavli","Borivali Nancy Colony",Kankavli,,MO,77073,Talekande,352.3,,,बोरीवली,चिपळूण,282.5,16:00,23:20,,,"महाड  विश्रांती","चिपळूण ना.आ.",
444,"Borivali Nancy Colony To Kankavli","Borivali Nancy Colony",Kankavli,,MO,15532,Bawnadi,353.4,,,बोरीवली,चिपळूण,282.5,16:00,23:20,,,"महाड  विश्रांती","चिपळूण ना.आ.",
444,"Borivali Nancy Colony To Kankavli","Borivali Nancy Colony",Kankavli,,MO,16027,"Kokje Wathar No.1",354.4,,,बोरीवली,चिपळूण,282.5,16:00,23:20,,,"महाड  विश्रांती","चिपळूण ना.आ.",
444,"Borivali Nancy Colony To Kankavli","Borivali Nancy Colony",Kankavli,,MO,16383,"Nivali Fata",357.3,,,बोरीवली,चिपळूण,282.5,16:00,23:20,,,"महाड  विश्रांती","चिपळूण ना.आ.",
444,"Borivali Nancy Colony To Kankavli","Borivali Nancy Colony",Kankavli,,MO,15853,"Hatkhamba Titha",359.5,,,बोरीवली,चिपळूण,282.5,16:00,23:20,,,"महाड  विश्रांती","चिपळूण ना.आ.",
444,"Borivali Nancy Colony To Kankavli","Borivali Nancy Colony",Kankavli,,MO,15833,"Hatakhamba Gaon",361.1,,,बोरीवली,चिपळूण,282.5,16:00,23:20,,,"महाड  विश्रांती","चिपळूण ना.आ.",
444,"Borivali Nancy Colony To Kankavli","Borivali Nancy Colony",Kankavli,,MO,15482,"Bsnl Tower",363.7,,,बोरीवली,चिपळूण,282.5,16:00,23:20,,,"महाड  विश्रांती","चिपळूण ना.आ.",
444,"Borivali Nancy Colony To Kankavli","Borivali Nancy Colony",Kankavli,,MO,15559,Charveli,365.5,,,बोरीवली,चिपळूण,282.5,16:00,23:20,,,"महाड  विश्रांती","चिपळूण ना.आ.",
444,"Borivali Nancy Colony To Kankavli","Borivali Nancy Colony",Kankavli,,MO,15946,Kapadagaon,365.6,,,बोरीवली,चिपळूण,282.5,16:00,23:20,,,"महाड  विश्रांती","चिपळूण ना.आ.",
444,"Borivali Nancy Colony To Kankavli","Borivali Nancy Colony",Kankavli,,MO,16416,Pali,370.7,,,बोरीवली,चिपळूण,282.5,16:00,23:20,,,"महाड  विश्रांती","चिपळूण ना.आ.",
444,"Borivali Nancy Colony To Kankavli","Borivali Nancy Colony",Kankavli,,MO,15998,Khanu,372.5,,,बोरीवली,चिपळूण,282.5,16:00,23:20,,,"महाड  विश्रांती","चिपळूण ना.आ.",
444,"Borivali Nancy Colony To Kankavli","Borivali Nancy Colony",Kankavli,,MO,15951,"Khanu Math",377.4,,,बोरीवली,चिपळूण,282.5,16:00,23:20,,,"महाड  विश्रांती","चिपळूण ना.आ.",
444,"Borivali Nancy Colony To Kankavli","Borivali Nancy Colony",Kankavli,,MO,12889,"Anjanari Bridge",378.4,,,बोरीवली,चिपळूण,282.5,16:00,23:20,,,"महाड  विश्रांती","चिपळूण ना.आ.",
444,"Borivali Nancy Colony To Kankavli","Borivali Nancy Colony",Kankavli,,MO,13573,Veral,380.9,,,बोरीवली,चिपळूण,282.5,16:00,23:20,,,"महाड  विश्रांती","चिपळूण ना.आ.",
444,"Borivali Nancy Colony To Kankavli","Borivali Nancy Colony",Kankavli,,MO,13276,"Lanja Poultry Farm",387,,,बोरीवली,चिपळूण,282.5,16:00,23:20,,,"महाड  विश्रांती","चिपळूण ना.आ.",
444,"Borivali Nancy Colony To Kankavli","Borivali Nancy Colony",Kankavli,,MO,13286,Lanja,388.8,,,बोरीवली,चिपळूण,282.5,16:00,23:20,,,"महाड  विश्रांती","चिपळूण ना.आ.",
444,"Borivali Nancy Colony To Kankavli","Borivali Nancy Colony",Kankavli,,MO,13163,"Kuva Village Fata",393.4,,,बोरीवली,चिपळूण,282.5,16:00,23:20,,,"महाड  विश्रांती","चिपळूण ना.आ.",
444,"Borivali Nancy Colony To Kankavli","Borivali Nancy Colony",Kankavli,,MO,13062,"Ganpati Mandir",394.3,,,बोरीवली,चिपळूण,282.5,16:00,23:20,,,"महाड  विश्रांती","चिपळूण ना.आ.",
444,"Borivali Nancy Colony To Kankavli","Borivali Nancy Colony",Kankavli,,MO,13279,"Laxmi Bag Waked",398.9,,,बोरीवली,चिपळूण,282.5,16:00,23:20,,,"महाड  विश्रांती","चिपळूण ना.आ.",
444,"Borivali Nancy Colony To Kankavli","Borivali Nancy Colony",Kankavli,,MO,15286,"Vatul Titha",401.9,,,बोरीवली,चिपळूण,282.5,16:00,23:20,,,"महाड  विश्रांती","चिपळूण ना.आ.",
444,"Borivali Nancy Colony To Kankavli","Borivali Nancy Colony",Kankavli,,MO,15325,"Yerdav Fata",405.5,,,बोरीवली,चिपळूण,282.5,16:00,23:20,,,"महाड  विश्रांती","चिपळूण ना.आ.",
444,"Borivali Nancy Colony To Kankavli","Borivali Nancy Colony",Kankavli,,MO,14574,"Kharavate Village/Sorap Shop",411.9,,,बोरीवली,चिपळूण,282.5,16:00,23:20,,,"महाड  विश्रांती","चिपळूण ना.आ.",
444,"Borivali Nancy Colony To Kankavli","Borivali Nancy Colony",Kankavli,,MO,14846,"Nerke Pickup Shed",412.7,,,बोरीवली,चिपळूण,282.5,16:00,23:20,,,"महाड  विश्रांती","चिपळूण ना.आ.",
444,"Borivali Nancy Colony To Kankavli","Borivali Nancy Colony",Kankavli,,MO,14615,"Kodavali School",414.3,,,बोरीवली,चिपळूण,282.5,16:00,23:20,,,"महाड  विश्रांती","चिपळूण ना.आ.",
444,"Borivali Nancy Colony To Kankavli","Borivali Nancy Colony",Kankavli,,MO,15006,Rajapur,418,,,बोरीवली,चिपळूण,282.5,16:00,23:20,,,"महाड  विश्रांती","चिपळूण ना.आ.",
444,"Borivali Nancy Colony To Kankavli","Borivali Nancy Colony",Kankavli,,MO,14473,"Ganga Tirtha Fata",421.8,,,बोरीवली,चिपळूण,282.5,16:00,23:20,,,"महाड  विश्रांती","चिपळूण ना.आ.",
444,"Borivali Nancy Colony To Kankavli","Borivali Nancy Colony",Kankavli,,MO,14521,"Hativale Jaitapur Fata",426.4,,,बोरीवली,चिपळूण,282.5,16:00,23:20,,,"महाड  विश्रांती","चिपळूण ना.आ.",
444,"Borivali Nancy Colony To Kankavli","Borivali Nancy Colony",Kankavli,,MO,14609,Kodiye,429.9,,,बोरीवली,चिपळूण,282.5,16:00,23:20,,,"महाड  विश्रांती","चिपळूण ना.आ.",
444,"Borivali Nancy Colony To Kankavli","Borivali Nancy Colony",Kankavli,,MO,14879,Panhale,432.9,,,बोरीवली,चिपळूण,282.5,16:00,23:20,,,"महाड  विश्रांती","चिपळूण ना.आ.",
444,"Borivali Nancy Colony To Kankavli","Borivali Nancy Colony",Kankavli,,MO,15236,"Takewadi School",435.3,,,बोरीवली,चिपळूण,282.5,16:00,23:20,,,"महाड  विश्रांती","चिपळूण ना.आ.",
444,"Borivali Nancy Colony To Kankavli","Borivali Nancy Colony",Kankavli,,MO,2812,Kharepatan,438.4,,,बोरीवली,चिपळूण,282.5,16:00,23:20,,,"महाड  विश्रांती","चिपळूण ना.आ.",
444,"Borivali Nancy Colony To Kankavli","Borivali Nancy Colony",Kankavli,,MO,2863,Nadgive,441.7,,,बोरीवली,चिपळूण,282.5,16:00,23:20,,,"महाड  विश्रांती","चिपळूण ना.आ.",
444,"Borivali Nancy Colony To Kankavli","Borivali Nancy Colony",Kankavli,,MO,2648,Bambarwadi,444.1,,,बोरीवली,चिपळूण,282.5,16:00,23:20,,,"महाड  विश्रांती","चिपळूण ना.आ.",
444,"Borivali Nancy Colony To Kankavli","Borivali Nancy Colony",Kankavli,,MO,3010,Wargaon,444.9,,,बोरीवली,चिपळूण,282.5,16:00,23:20,,,"महाड  विश्रांती","चिपळूण ना.आ.",
444,"Borivali Nancy Colony To Kankavli","Borivali Nancy Colony",Kankavli,,MO,2941,Saliste,449.5,,,बोरीवली,चिपळूण,282.5,16:00,23:20,,,"महाड  विश्रांती","चिपळूण ना.आ.",
444,"Borivali Nancy Colony To Kankavli","Borivali Nancy Colony",Kankavli,,MO,2982,Tarla,452.5,,,बोरीवली,चिपळूण,282.5,16:00,23:20,,,"महाड  विश्रांती","चिपळूण ना.आ.",
444,"Borivali Nancy Colony To Kankavli","Borivali Nancy Colony",Kankavli,,MO,2997,"Vijaydurg Fata",453.3,,,बोरीवली,चिपळूण,282.5,16:00,23:20,,,"महाड  विश्रांती","चिपळूण ना.आ.",
444,"Borivali Nancy Colony To Kankavli","Borivali Nancy Colony",Kankavli,,MO,2673,"Bramhan Wadi",455.5,,,बोरीवली,चिपळूण,282.5,16:00,23:20,,,"महाड  विश्रांती","चिपळूण ना.आ.",
444,"Borivali Nancy Colony To Kankavli","Borivali Nancy Colony",Kankavli,,MO,2872,"Nandgaon Nursary",459.3,,,बोरीवली,चिपळूण,282.5,16:00,23:20,,,"महाड  विश्रांती","चिपळूण ना.आ.",
444,"Borivali Nancy Colony To Kankavli","Borivali Nancy Colony",Kankavli,,MO,2870,"Nandgaon Datta Mandir",462.8,,,बोरीवली,चिपळूण,282.5,16:00,23:20,,,"महाड  विश्रांती","चिपळूण ना.आ.",
444,"Borivali Nancy Colony To Kankavli","Borivali Nancy Colony",Kankavli,,MO,2655,Belane,465.2,,,बोरीवली,चिपळूण,282.5,16:00,23:20,,,"महाड  विश्रांती","चिपळूण ना.आ.",
444,"Borivali Nancy Colony To Kankavli","Borivali Nancy Colony",Kankavli,,MO,2756,"Humrat Titha",467.4,,,बोरीवली,चिपळूण,282.5,16:00,23:20,,,"महाड  विश्रांती","चिपळूण ना.आ.",
444,"Borivali Nancy Colony To Kankavli","Borivali Nancy Colony",Kankavli,,MO,2768,"Janavali Gavthanwadi",472.4,,,बोरीवली,चिपळूण,282.5,16:00,23:20,,,"महाड  विश्रांती","चिपळूण ना.आ.",
444,"Borivali Nancy Colony To Kankavli","Borivali Nancy Colony",Kankavli,,MO,2786,Kankavli,475.5,,,बोरीवली,चिपळूण,282.5,16:00,23:20,,,"महाड  विश्रांती","चिपळूण ना.आ.",
2369,"Kankavli To Borivali Nancy Colony",Kankavli,"Borivali Nancy Colony",,MO,2786,Kankavli,,,,कणकवली,चिपळूण,194,15:30,20:35,,,"सहा तासात कर्त्यव्य संपते","चिपळूण ना.आ.",
2369,"Kankavli To Borivali Nancy Colony",Kankavli,"Borivali Nancy Colony",,MO,2768,"Janavali Gavthanwadi",3.1,,,कणकवली,चिपळूण,194,15:30,20:35,,,"सहा तासात कर्त्यव्य संपते","चिपळूण ना.आ.",
2369,"Kankavli To Borivali Nancy Colony",Kankavli,"Borivali Nancy Colony",,MO,2756,"Humrat Titha",8.1,,,कणकवली,चिपळूण,194,15:30,20:35,,,"सहा तासात कर्त्यव्य संपते","चिपळूण ना.आ.",
2369,"Kankavli To Borivali Nancy Colony",Kankavli,"Borivali Nancy Colony",,MO,2655,Belane,10.3,,,कणकवली,चिपळूण,194,15:30,20:35,,,"सहा तासात कर्त्यव्य संपते","चिपळूण ना.आ.",
2369,"Kankavli To Borivali Nancy Colony",Kankavli,"Borivali Nancy Colony",,MO,2870,"Nandgaon Datta Mandir",12.7,,,कणकवली,चिपळूण,194,15:30,20:35,,,"सहा तासात कर्त्यव्य संपते","चिपळूण ना.आ.",
2369,"Kankavli To Borivali Nancy Colony",Kankavli,"Borivali Nancy Colony",,MO,2872,"Nandgaon Nursary",16.2,,,कणकवली,चिपळूण,194,15:30,20:35,,,"सहा तासात कर्त्यव्य संपते","चिपळूण ना.आ.",
2369,"Kankavli To Borivali Nancy Colony",Kankavli,"Borivali Nancy Colony",,MO,2673,"Bramhan Wadi",20,,,कणकवली,चिपळूण,194,15:30,20:35,,,"सहा तासात कर्त्यव्य संपते","चिपळूण ना.आ.",
2369,"Kankavli To Borivali Nancy Colony",Kankavli,"Borivali Nancy Colony",,MO,2997,"Vijaydurg Fata",22.2,,,कणकवली,चिपळूण,194,15:30,20:35,,,"सहा तासात कर्त्यव्य संपते","चिपळूण ना.आ.",
2369,"Kankavli To Borivali Nancy Colony",Kankavli,"Borivali Nancy Colony",,MO,2982,Tarla,23,,,कणकवली,चिपळूण,194,15:30,20:35,,,"सहा तासात कर्त्यव्य संपते","चिपळूण ना.आ.",
2369,"Kankavli To Borivali Nancy Colony",Kankavli,"Borivali Nancy Colony",,MO,2941,Saliste,26,,,कणकवली,चिपळूण,194,15:30,20:35,,,"सहा तासात कर्त्यव्य संपते","चिपळूण ना.आ.",
2369,"Kankavli To Borivali Nancy Colony",Kankavli,"Borivali Nancy Colony",,MO,3010,Wargaon,30.6,,,कणकवली,चिपळूण,194,15:30,20:35,,,"सहा तासात कर्त्यव्य संपते","चिपळूण ना.आ.",
2369,"Kankavli To Borivali Nancy Colony",Kankavli,"Borivali Nancy Colony",,MO,2648,Bambarwadi,31.4,,,कणकवली,चिपळूण,194,15:30,20:35,,,"सहा तासात कर्त्यव्य संपते","चिपळूण ना.आ.",
2369,"Kankavli To Borivali Nancy Colony",Kankavli,"Borivali Nancy Colony",,MO,2863,Nadgive,33.8,,,कणकवली,चिपळूण,194,15:30,20:35,,,"सहा तासात कर्त्यव्य संपते","चिपळूण ना.आ.",
2369,"Kankavli To Borivali Nancy Colony",Kankavli,"Borivali Nancy Colony",,MO,2812,Kharepatan,37.1,,,कणकवली,चिपळूण,194,15:30,20:35,,,"सहा तासात कर्त्यव्य संपते","चिपळूण ना.आ.",
2369,"Kankavli To Borivali Nancy Colony",Kankavli,"Borivali Nancy Colony",,MO,15236,"Takewadi School",40.2,,,कणकवली,चिपळूण,194,15:30,20:35,,,"सहा तासात कर्त्यव्य संपते","चिपळूण ना.आ.",
2369,"Kankavli To Borivali Nancy Colony",Kankavli,"Borivali Nancy Colony",,MO,14879,Panhale,42.6,,,कणकवली,चिपळूण,194,15:30,20:35,,,"सहा तासात कर्त्यव्य संपते","चिपळूण ना.आ.",
2369,"Kankavli To Borivali Nancy Colony",Kankavli,"Borivali Nancy Colony",,MO,14609,Kodiye,45.6,,,कणकवली,चिपळूण,194,15:30,20:35,,,"सहा तासात कर्त्यव्य संपते","चिपळूण ना.आ.",
2369,"Kankavli To Borivali Nancy Colony",Kankavli,"Borivali Nancy Colony",,MO,14521,"Hativale Jaitapur Fata",49.1,,,कणकवली,चिपळूण,194,15:30,20:35,,,"सहा तासात कर्त्यव्य संपते","चिपळूण ना.आ.",
2369,"Kankavli To Borivali Nancy Colony",Kankavli,"Borivali Nancy Colony",,MO,14473,"Ganga Tirtha Fata",53.7,,,कणकवली,चिपळूण,194,15:30,20:35,,,"सहा तासात कर्त्यव्य संपते","चिपळूण ना.आ.",
2369,"Kankavli To Borivali Nancy Colony",Kankavli,"Borivali Nancy Colony",,MO,15006,Rajapur,57.5,,,कणकवली,चिपळूण,194,15:30,20:35,,,"सहा तासात कर्त्यव्य संपते","चिपळूण ना.आ.",
2369,"Kankavli To Borivali Nancy Colony",Kankavli,"Borivali Nancy Colony",,MO,14615,"Kodavali School",61.2,,,कणकवली,चिपळूण,194,15:30,20:35,,,"सहा तासात कर्त्यव्य संपते","चिपळूण ना.आ.",
2369,"Kankavli To Borivali Nancy Colony",Kankavli,"Borivali Nancy Colony",,MO,14846,"Nerke Pickup Shed",62.8,,,कणकवली,चिपळूण,194,15:30,20:35,,,"सहा तासात कर्त्यव्य संपते","चिपळूण ना.आ.",
2369,"Kankavli To Borivali Nancy Colony",Kankavli,"Borivali Nancy Colony",,MO,14574,"Kharavate Village/Sorap Shop",63.6,,,कणकवली,चिपळूण,194,15:30,20:35,,,"सहा तासात कर्त्यव्य संपते","चिपळूण ना.आ.",
2369,"Kankavli To Borivali Nancy Colony",Kankavli,"Borivali Nancy Colony",,MO,15325,"Yerdav Fata",70,,,कणकवली,चिपळूण,194,15:30,20:35,,,"सहा तासात कर्त्यव्य संपते","चिपळूण ना.आ.",
2369,"Kankavli To Borivali Nancy Colony",Kankavli,"Borivali Nancy Colony",,MO,15286,"Vatul Titha",73.6,,,कणकवली,चिपळूण,194,15:30,20:35,,,"सहा तासात कर्त्यव्य संपते","चिपळूण ना.आ.",
2369,"Kankavli To Borivali Nancy Colony",Kankavli,"Borivali Nancy Colony",,MO,13279,"Laxmi Bag Waked",76.6,,,कणकवली,चिपळूण,194,15:30,20:35,,,"सहा तासात कर्त्यव्य संपते","चिपळूण ना.आ.",
2369,"Kankavli To Borivali Nancy Colony",Kankavli,"Borivali Nancy Colony",,MO,13062,"Ganpati Mandir",81.2,,,कणकवली,चिपळूण,194,15:30,20:35,,,"सहा तासात कर्त्यव्य संपते","चिपळूण ना.आ.",
2369,"Kankavli To Borivali Nancy Colony",Kankavli,"Borivali Nancy Colony",,MO,13163,"Kuva Village Fata",82.1,,,कणकवली,चिपळूण,194,15:30,20:35,,,"सहा तासात कर्त्यव्य संपते","चिपळूण ना.आ.",
2369,"Kankavli To Borivali Nancy Colony",Kankavli,"Borivali Nancy Colony",,MO,13286,Lanja,86.7,,,कणकवली,चिपळूण,194,15:30,20:35,,,"सहा तासात कर्त्यव्य संपते","चिपळूण ना.आ.",
2369,"Kankavli To Borivali Nancy Colony",Kankavli,"Borivali Nancy Colony",,MO,13276,"Lanja Poultry Farm",88.5,,,कणकवली,चिपळूण,194,15:30,20:35,,,"सहा तासात कर्त्यव्य संपते","चिपळूण ना.आ.",
2369,"Kankavli To Borivali Nancy Colony",Kankavli,"Borivali Nancy Colony",,MO,13573,Veral,94.6,,,कणकवली,चिपळूण,194,15:30,20:35,,,"सहा तासात कर्त्यव्य संपते","चिपळूण ना.आ.",
2369,"Kankavli To Borivali Nancy Colony",Kankavli,"Borivali Nancy Colony",,MO,12889,"Anjanari Bridge",97.1,,,कणकवली,चिपळूण,194,15:30,20:35,,,"सहा तासात कर्त्यव्य संपते","चिपळूण ना.आ.",
2369,"Kankavli To Borivali Nancy Colony",Kankavli,"Borivali Nancy Colony",,MO,15951,"Khanu Math",98.1,,,कणकवली,चिपळूण,194,15:30,20:35,,,"सहा तासात कर्त्यव्य संपते","चिपळूण ना.आ.",
2369,"Kankavli To Borivali Nancy Colony",Kankavli,"Borivali Nancy Colony",,MO,15998,Khanu,103,,,कणकवली,चिपळूण,194,15:30,20:35,,,"सहा तासात कर्त्यव्य संपते","चिपळूण ना.आ.",
2369,"Kankavli To Borivali Nancy Colony",Kankavli,"Borivali Nancy Colony",,MO,16416,Pali,104.8,,,कणकवली,चिपळूण,194,15:30,20:35,,,"सहा तासात कर्त्यव्य संपते","चिपळूण ना.आ.",
2369,"Kankavli To Borivali Nancy Colony",Kankavli,"Borivali Nancy Colony",,MO,15946,Kapadagaon,109.9,,,कणकवली,चिपळूण,194,15:30,20:35,,,"सहा तासात कर्त्यव्य संपते","चिपळूण ना.आ.",
2369,"Kankavli To Borivali Nancy Colony",Kankavli,"Borivali Nancy Colony",,MO,15559,Charveli,110,,,कणकवली,चिपळूण,194,15:30,20:35,,,"सहा तासात कर्त्यव्य संपते","चिपळूण ना.आ.",
2369,"Kankavli To Borivali Nancy Colony",Kankavli,"Borivali Nancy Colony",,MO,15482,"Bsnl Tower",111.8,,,कणकवली,चिपळूण,194,15:30,20:35,,,"सहा तासात कर्त्यव्य संपते","चिपळूण ना.आ.",
2369,"Kankavli To Borivali Nancy Colony",Kankavli,"Borivali Nancy Colony",,MO,15833,"Hatakhamba Gaon",114.4,,,कणकवली,चिपळूण,194,15:30,20:35,,,"सहा तासात कर्त्यव्य संपते","चिपळूण ना.आ.",
2369,"Kankavli To Borivali Nancy Colony",Kankavli,"Borivali Nancy Colony",,MO,15853,"Hatkhamba Titha",116,,,कणकवली,चिपळूण,194,15:30,20:35,,,"सहा तासात कर्त्यव्य संपते","चिपळूण ना.आ.",
2369,"Kankavli To Borivali Nancy Colony",Kankavli,"Borivali Nancy Colony",,MO,16383,"Nivali Fata",118.2,,,कणकवली,चिपळूण,194,15:30,20:35,,,"सहा तासात कर्त्यव्य संपते","चिपळूण ना.आ.",
2369,"Kankavli To Borivali Nancy Colony",Kankavli,"Borivali Nancy Colony",,MO,16027,"Kokje Wathar No.1",121.1,,,कणकवली,चिपळूण,194,15:30,20:35,,,"सहा तासात कर्त्यव्य संपते","चिपळूण ना.आ.",
2369,"Kankavli To Borivali Nancy Colony",Kankavli,"Borivali Nancy Colony",,MO,15532,Bawnadi,122.1,,,कणकवली,चिपळूण,194,15:30,20:35,,,"सहा तासात कर्त्यव्य संपते","चिपळूण ना.आ.",
2369,"Kankavli To Borivali Nancy Colony",Kankavli,"Borivali Nancy Colony",,MO,77073,Talekande,123.2,,,कणकवली,चिपळूण,194,15:30,20:35,,,"सहा तासात कर्त्यव्य संपते","चिपळूण ना.आ.",
2369,"Kankavli To Borivali Nancy Colony",Kankavli,"Borivali Nancy Colony",,MO,77154,"Vandri Buddhawadi",123.5,,,कणकवली,चिपळूण,194,15:30,20:35,,,"सहा तासात कर्त्यव्य संपते","चिपळूण ना.आ.",
2369,"Kankavli To Borivali Nancy Colony",Kankavli,"Borivali Nancy Colony",,MO,77198,"Wandri Temple",123.9,,,कणकवली,चिपळूण,194,15:30,20:35,,,"सहा तासात कर्त्यव्य संपते","चिपळूण ना.आ.",
2369,"Kankavli To Borivali Nancy Colony",Kankavli,"Borivali Nancy Colony",,MO,76665,Manaskond,125.2,,,कणकवली,चिपळूण,194,15:30,20:35,,,"सहा तासात कर्त्यव्य संपते","चिपळूण ना.आ.",
2369,"Kankavli To Borivali Nancy Colony",Kankavli,"Borivali Nancy Colony",,MO,76885,"Parchuri Tar",125.9,,,कणकवली,चिपळूण,194,15:30,20:35,,,"सहा तासात कर्त्यव्य संपते","चिपळूण ना.आ.",
2369,"Kankavli To Borivali Nancy Colony",Kankavli,"Borivali Nancy Colony",,MO,76053,Ambed,126.4,,,कणकवली,चिपळूण,194,15:30,20:35,,,"सहा तासात कर्त्यव्य संपते","चिपळूण ना.आ.",
2369,"Kankavli To Borivali Nancy Colony",Kankavli,"Borivali Nancy Colony",,MO,77024,Songiri,131.8,,,कणकवली,चिपळूण,194,15:30,20:35,,,"सहा तासात कर्त्यव्य संपते","चिपळूण ना.आ.",
2369,"Kankavli To Borivali Nancy Colony",Kankavli,"Borivali Nancy Colony",,MO,76546,"Kolmbe High School",132.3,,,कणकवली,चिपळूण,194,15:30,20:35,,,"सहा तासात कर्त्यव्य संपते","चिपळूण ना.आ.",
2369,"Kankavli To Borivali Nancy Colony",Kankavli,"Borivali Nancy Colony",,MO,76483,"Kolambe Patane Stop",135.2,,,कणकवली,चिपळूण,194,15:30,20:35,,,"सहा तासात कर्त्यव्य संपते","चिपळूण ना.आ.",
2369,"Kankavli To Borivali Nancy Colony",Kankavli,"Borivali Nancy Colony",,MO,76603,"Kurdhunda Bunder",135.4,,,कणकवली,चिपळूण,194,15:30,20:35,,,"सहा तासात कर्त्यव्य संपते","चिपळूण ना.आ.",
2369,"Kankavli To Borivali Nancy Colony",Kankavli,"Borivali Nancy Colony",,MO,76607,"Kurdhunda Bank",135.8,,,कणकवली,चिपळूण,194,15:30,20:35,,,"सहा तासात कर्त्यव्य संपते","चिपळूण ना.आ.",
2369,"Kankavli To Borivali Nancy Colony",Kankavli,"Borivali Nancy Colony",,MO,12190,"Ozar Khol Bridge",135.9,,,कणकवली,चिपळूण,194,15:30,20:35,,,"सहा तासात कर्त्यव्य संपते","चिपळूण ना.आ.",
2369,"Kankavli To Borivali Nancy Colony",Kankavli,"Borivali Nancy Colony",,MO,76974,"Shastri Bridge",142.9,,,कणकवली,चिपळूण,194,15:30,20:35,,,"सहा तासात कर्त्यव्य संपते","चिपळूण ना.आ.",
2369,"Kankavli To Borivali Nancy Colony",Kankavli,"Borivali Nancy Colony",,MO,76033,"Ambed Khurd",143.8,,,कणकवली,चिपळूण,194,15:30,20:35,,,"सहा तासात कर्त्यव्य संपते","चिपळूण ना.आ.",
2369,"Kankavli To Borivali Nancy Colony",Kankavli,"Borivali Nancy Colony",,MO,77119,Tural,152.5,,,कणकवली,चिपळूण,194,15:30,20:35,,,"सहा तासात कर्त्यव्य संपते","चिपळूण ना.आ.",
2369,"Kankavli To Borivali Nancy Colony",Kankavli,"Borivali Nancy Colony",,MO,77076,"Tural Tali",153.3,,,कणकवली,चिपळूण,194,15:30,20:35,,,"सहा तासात कर्त्यव्य संपते","चिपळूण ना.आ.",
2369,"Kankavli To Borivali Nancy Colony",Kankavli,"Borivali Nancy Colony",,MO,76978,"Shinde Amberi",154.3,,,कणकवली,चिपळूण,194,15:30,20:35,,,"सहा तासात कर्त्यव्य संपते","चिपळूण ना.आ.",
2369,"Kankavli To Borivali Nancy Colony",Kankavli,"Borivali Nancy Colony",,MO,76074,"Aravali Fata",154.9,,,कणकवली,चिपळूण,194,15:30,20:35,,,"सहा तासात कर्त्यव्य संपते","चिपळूण ना.आ.",
2369,"Kankavli To Borivali Nancy Colony",Kankavli,"Borivali Nancy Colony",,MO,76070,"Aravali School",160,,,कणकवली,चिपळूण,194,15:30,20:35,,,"सहा तासात कर्त्यव्य संपते","चिपळूण ना.आ.",
2369,"Kankavli To Borivali Nancy Colony",Kankavli,"Borivali Nancy Colony",,MO,76606,"Khershet School",160.4,,,कणकवली,चिपळूण,194,15:30,20:35,,,"सहा तासात कर्त्यव्य संपते","चिपळूण ना.आ.",
2369,"Kankavli To Borivali Nancy Colony",Kankavli,"Borivali Nancy Colony",,MO,10628,"Kase Fata",161,,,कणकवली,चिपळूण,194,15:30,20:35,,,"सहा तासात कर्त्यव्य संपते","चिपळूण ना.आ.",
2369,"Kankavli To Borivali Nancy Colony",Kankavli,"Borivali Nancy Colony",,MO,10232,"Asurde Khind",162.8,,,कणकवली,चिपळूण,194,15:30,20:35,,,"सहा तासात कर्त्यव्य संपते","चिपळूण ना.आ.",
2369,"Kankavli To Borivali Nancy Colony",Kankavli,"Borivali Nancy Colony",,MO,10225,"Asurde No.2",163.9,,,कणकवली,चिपळूण,194,15:30,20:35,,,"सहा तासात कर्त्यव्य संपते","चिपळूण ना.आ.",
2369,"Kankavli To Borivali Nancy Colony",Kankavli,"Borivali Nancy Colony",,MO,10233,"Asurde .",165,,,कणकवली,चिपळूण,194,15:30,20:35,,,"सहा तासात कर्त्यव्य संपते","चिपळूण ना.आ.",
2369,"Kankavli To Borivali Nancy Colony",Kankavli,"Borivali Nancy Colony",,MO,10218,"Ambet Khol",167.1,,,कणकवली,चिपळूण,194,15:30,20:35,,,"सहा तासात कर्त्यव्य संपते","चिपळूण ना.आ.",
2369,"Kankavli To Borivali Nancy Colony",Kankavli,"Borivali Nancy Colony",,MO,10204,Agave,167.6,,,कणकवली,चिपळूण,194,15:30,20:35,,,"सहा तासात कर्त्यव्य संपते","चिपळूण ना.आ.",
2369,"Kankavli To Borivali Nancy Colony",Kankavli,"Borivali Nancy Colony",,MO,11313,"Vahal Fata Bifargation",170.1,,,कणकवली,चिपळूण,194,15:30,20:35,,,"सहा तासात कर्त्यव्य संपते","चिपळूण ना.आ.",
2369,"Kankavli To Borivali Nancy Colony",Kankavli,"Borivali Nancy Colony",,MO,11037,"Police Line",171.1,,,कणकवली,चिपळूण,194,15:30,20:35,,,"सहा तासात कर्त्यव्य संपते","चिपळूण ना.आ.",
2369,"Kankavli To Borivali Nancy Colony",Kankavli,"Borivali Nancy Colony",,MO,10451,"Durgewadi Fata",172.2,,,कणकवली,चिपळूण,194,15:30,20:35,,,"सहा तासात कर्त्यव्य संपते","चिपळूण ना.आ.",
2369,"Kankavli To Borivali Nancy Colony",Kankavli,"Borivali Nancy Colony",,MO,11229,Sawarde,173.2,,,कणकवली,चिपळूण,194,15:30,20:35,,,"सहा तासात कर्त्यव्य संपते","चिपळूण ना.आ.",
2369,"Kankavli To Borivali Nancy Colony",Kankavli,"Borivali Nancy Colony",,MO,11230,"Sawarde Davakhana",174.2,,,कणकवली,चिपळूण,194,15:30,20:35,,,"सहा तासात कर्त्यव्य संपते","चिपळूण ना.आ.",
2369,"Kankavli To Borivali Nancy Colony",Kankavli,"Borivali Nancy Colony",,MO,10961,"Niwach Wadi",175.2,,,कणकवली,चिपळूण,194,15:30,20:35,,,"सहा तासात कर्त्यव्य संपते","चिपळूण ना.आ.",
2369,"Kankavli To Borivali Nancy Colony",Kankavli,"Borivali Nancy Colony",,MO,10602,Kandamale,176,,,कणकवली,चिपळूण,194,15:30,20:35,,,"सहा तासात कर्त्यव्य संपते","चिपळूण ना.आ.",
2369,"Kankavli To Borivali Nancy Colony",Kankavli,"Borivali Nancy Colony",,MO,11237,Tawar,179.8,,,कणकवली,चिपळूण,194,15:30,20:35,,,"सहा तासात कर्त्यव्य संपते","चिपळूण ना.आ.",
2369,"Kankavli To Borivali Nancy Colony",Kankavli,"Borivali Nancy Colony",,MO,11358,"Wangi Pool",180,,,कणकवली,चिपळूण,194,15:30,20:35,,,"सहा तासात कर्त्यव्य संपते","चिपळूण ना.आ.",
2369,"Kankavli To Borivali Nancy Colony",Kankavli,"Borivali Nancy Colony",,MO,10569,"Harkar Wadi",181.3,,,कणकवली,चिपळूण,194,15:30,20:35,,,"सहा तासात कर्त्यव्य संपते","चिपळूण ना.आ.",
2369,"Kankavli To Borivali Nancy Colony",Kankavli,"Borivali Nancy Colony",,MO,11343,"Vetkond Fata",181.5,,,कणकवली,चिपळूण,194,15:30,20:35,,,"सहा तासात कर्त्यव्य संपते","चिपळूण ना.आ.",
2369,"Kankavli To Borivali Nancy Colony",Kankavli,"Borivali Nancy Colony",,MO,10612,Kamathe,182.9,,,कणकवली,चिपळूण,194,15:30,20:35,,,"सहा तासात कर्त्यव्य संपते","चिपळूण ना.आ.",
2369,"Kankavli To Borivali Nancy Colony",Kankavli,"Borivali Nancy Colony",,MO,11283,"Terav Fata",183.3,,,कणकवली,चिपळूण,194,15:30,20:35,,,"सहा तासात कर्त्यव्य संपते","चिपळूण ना.आ.",
2369,"Kankavli To Borivali Nancy Colony",Kankavli,"Borivali Nancy Colony",,MO,10383,"Cottage Hospital",185.4,,,कणकवली,चिपळूण,194,15:30,20:35,,,"सहा तासात कर्त्यव्य संपते","चिपळूण ना.आ.",
2369,"Kankavli To Borivali Nancy Colony",Kankavli,"Borivali Nancy Colony",,MO,10388,"Dharan Stop",185.5,,,कणकवली,चिपळूण,194,15:30,20:35,,,"सहा तासात कर्त्यव्य संपते","चिपळूण ना.आ.",
2369,"Kankavli To Borivali Nancy Colony",Kankavli,"Borivali Nancy Colony",,MO,10761,Kapsal,185.9,,,कणकवली,चिपळूण,194,15:30,20:35,,,"सहा तासात कर्त्यव्य संपते","चिपळूण ना.आ.",
2369,"Kankavli To Borivali Nancy Colony",Kankavli,"Borivali Nancy Colony",,MO,10379,Chiplun,187.7,,,कणकवली,चिपळूण,194,15:30,20:35,,,"सहा तासात कर्त्यव्य संपते","चिपळूण ना.आ.",
2369,"Kankavli To Borivali Nancy Colony",Kankavli,"Borivali Nancy Colony",,MO,11172,"Shivaji Nagar",189,,,कणकवली,चिपळूण,194,15:30,20:35,,,"सहा तासात कर्त्यव्य संपते","चिपळूण ना.आ.",
2369,"Kankavli To Borivali Nancy Colony",Kankavli,"Borivali Nancy Colony",,MO,10242,"Bahadur Shaikh Naka",191.4,,,कणकवली,चिपळूण,194,15:30,20:35,,,"सहा तासात कर्त्यव्य संपते","चिपळूण ना.आ.",
2369,"Kankavli To Borivali Nancy Colony",Kankavli,"Borivali Nancy Colony",,MO,11074,Parshuram,199.6,,,कणकवली,चिपळूण,194,15:30,20:35,,,"सहा तासात कर्त्यव्य संपते","चिपळूण ना.आ.",
2369,"Kankavli To Borivali Nancy Colony",Kankavli,"Borivali Nancy Colony",,MO,77914,Pinlote,202.9,,,कणकवली,चिपळूण,194,15:30,20:35,,,"सहा तासात कर्त्यव्य संपते","चिपळूण ना.आ.",
2369,"Kankavli To Borivali Nancy Colony",Kankavli,"Borivali Nancy Colony",,MO,77771,Lote,205.4,,,कणकवली,चिपळूण,194,15:30,20:35,,,"सहा तासात कर्त्यव्य संपते","चिपळूण ना.आ.",
2369,"Kankavli To Borivali Nancy Colony",Kankavli,"Borivali Nancy Colony",,MO,77419,Dabhil,211.7,,,कणकवली,चिपळूण,194,15:30,20:35,,,"सहा तासात कर्त्यव्य संपते","चिपळूण ना.आ.",
2369,"Kankavli To Borivali Nancy Colony",Kankavli,"Borivali Nancy Colony",,MO,77850,"Moravande School",217.6,,,कणकवली,चिपळूण,194,15:30,20:35,,,"सहा तासात कर्त्यव्य संपते","चिपळूण ना.आ.",
2369,"Kankavli To Borivali Nancy Colony",Kankavli,"Borivali Nancy Colony",,MO,76025,"Bharna Naka",223.4,,,कणकवली,चिपळूण,194,15:30,20:35,,,"सहा तासात कर्त्यव्य संपते","चिपळूण ना.आ.",
2369,"Kankavli To Borivali Nancy Colony",Kankavli,"Borivali Nancy Colony",,MO,77759,Khavati,235.4,,,कणकवली,चिपळूण,194,15:30,20:35,,,"सहा तासात कर्त्यव्य संपते","चिपळूण ना.आ.",
2369,"Kankavli To Borivali Nancy Colony",Kankavli,"Borivali Nancy Colony",,MO,77741,"Kashedi Amba",242.2,,,कणकवली,चिपळूण,194,15:30,20:35,,,"सहा तासात कर्त्यव्य संपते","चिपळूण ना.आ.",
2369,"Kankavli To Borivali Nancy Colony",Kankavli,"Borivali Nancy Colony",,MO,1352,Dhamandevi,254.9,,,कणकवली,चिपळूण,194,15:30,20:35,,,"सहा तासात कर्त्यव्य संपते","चिपळूण ना.आ.",
2369,"Kankavli To Borivali Nancy Colony",Kankavli,"Borivali Nancy Colony",,MO,1443,Sadavali,256.7,,,कणकवली,चिपळूण,194,15:30,20:35,,,"सहा तासात कर्त्यव्य संपते","चिपळूण ना.आ.",
2369,"Kankavli To Borivali Nancy Colony",Kankavli,"Borivali Nancy Colony",,MO,1428,Poladpur,259.7,,,कणकवली,चिपळूण,194,15:30,20:35,,,"सहा तासात कर्त्यव्य संपते","चिपळूण ना.आ.",
2369,"Kankavli To Borivali Nancy Colony",Kankavli,"Borivali Nancy Colony",,MO,1412,Loharmal,263.1,,,कणकवली,चिपळूण,194,15:30,20:35,,,"सहा तासात कर्त्यव्य संपते","चिपळूण ना.आ.",
2369,"Kankavli To Borivali Nancy Colony",Kankavli,"Borivali Nancy Colony",,MO,1430,Parle,267.4,,,कणकवली,चिपळूण,194,15:30,20:35,,,"सहा तासात कर्त्यव्य संपते","चिपळूण ना.आ.",
2369,"Kankavli To Borivali Nancy Colony",Kankavli,"Borivali Nancy Colony",,MO,1335,"Chandve High School",269.1,,,कणकवली,चिपळूण,194,15:30,20:35,,,"सहा तासात कर्त्यव्य संपते","चिपळूण ना.आ.",
2369,"Kankavli To Borivali Nancy Colony",Kankavli,"Borivali Nancy Colony",,MO,665,"Rajewadi Fata",272.1,,,कणकवली,चिपळूण,194,15:30,20:35,,,"सहा तासात कर्त्यव्य संपते","चिपळूण ना.आ.",
2369,"Kankavli To Borivali Nancy Colony",Kankavli,"Borivali Nancy Colony",,MO,624,Nadgaon,274.5,,,कणकवली,चिपळूण,194,15:30,20:35,,,"सहा तासात कर्त्यव्य संपते","चिपळूण ना.आ.",
2369,"Kankavli To Borivali Nancy Colony",Kankavli,"Borivali Nancy Colony",,MO,422,"Ambedkar College",275.7,,,कणकवली,चिपळूण,194,15:30,20:35,,,"सहा तासात कर्त्यव्य संपते","चिपळूण ना.आ.",
2369,"Kankavli To Borivali Nancy Colony",Kankavli,"Borivali Nancy Colony",,MO,601,Mahad,277.5,,,कणकवली,चिपळूण,194,15:30,20:35,,,"सहा तासात कर्त्यव्य संपते","चिपळूण ना.आ.",
2369,"Kankavli To Borivali Nancy Colony",Kankavli,"Borivali Nancy Colony",,MO,685,"C  Shivaji Maharaj Chowk",278.5,,,कणकवली,चिपळूण,194,15:30,20:35,,,"सहा तासात कर्त्यव्य संपते","चिपळूण ना.आ.",
2369,"Kankavli To Borivali Nancy Colony",Kankavli,"Borivali Nancy Colony",,MO,912,Repoli,296.9,,,कणकवली,चिपळूण,194,15:30,20:35,,,"सहा तासात कर्त्यव्य संपते","चिपळूण ना.आ.",
2369,"Kankavli To Borivali Nancy Colony",Kankavli,"Borivali Nancy Colony",,MO,812,Garal,299.9,,,कणकवली,चिपळूण,194,15:30,20:35,,,"सहा तासात कर्त्यव्य संपते","चिपळूण ना.आ.",
2369,"Kankavli To Borivali Nancy Colony",Kankavli,"Borivali Nancy Colony",,MO,879,Mangaon,302.9,,,कणकवली,चिपळूण,194,15:30,20:35,,,"सहा तासात कर्त्यव्य संपते","चिपळूण ना.आ.",
2369,"Kankavli To Borivali Nancy Colony",Kankavli,"Borivali Nancy Colony",,MO,938,Tilore,308.8,,,कणकवली,चिपळूण,194,15:30,20:35,,,"सहा तासात कर्त्यव्य संपते","चिपळूण ना.आ.",
2369,"Kankavli To Borivali Nancy Colony",Kankavli,"Borivali Nancy Colony",,MO,950,Vighavali,313.8,,,कणकवली,चिपळूण,194,15:30,20:35,,,"सहा तासात कर्त्यव्य संपते","चिपळूण ना.आ.",
2369,"Kankavli To Borivali Nancy Colony",Kankavli,"Borivali Nancy Colony",,MO,825,Indapur,314.7,,,कणकवली,चिपळूण,194,15:30,20:35,,,"सहा तासात कर्त्यव्य संपते","चिपळूण ना.आ.",
2369,"Kankavli To Borivali Nancy Colony",Kankavli,"Borivali Nancy Colony",,MO,916,Rudroli,317.8,,,कणकवली,चिपळूण,194,15:30,20:35,,,"सहा तासात कर्त्यव्य संपते","चिपळूण ना.आ.",
2369,"Kankavli To Borivali Nancy Colony",Kankavli,"Borivali Nancy Colony",,MO,969,"Wave Diwali",320.8,,,कणकवली,चिपळूण,194,15:30,20:35,,,"सहा तासात कर्त्यव्य संपते","चिपळूण ना.आ.",
2369,"Kankavli To Borivali Nancy Colony",Kankavli,"Borivali Nancy Colony",,MO,799,"Dharnachi Wadi",321.8,,,कणकवली,चिपळूण,194,15:30,20:35,,,"सहा तासात कर्त्यव्य संपते","चिपळूण ना.आ.",
2369,"Kankavli To Borivali Nancy Colony",Kankavli,"Borivali Nancy Colony",,MO,915,Rathwad,322.8,,,कणकवली,चिपळूण,194,15:30,20:35,,,"सहा तासात कर्त्यव्य संपते","चिपळूण ना.आ.",
2369,"Kankavli To Borivali Nancy Colony",Kankavli,"Borivali Nancy Colony",,MO,774,Bhuvan,323.9,,,कणकवली,चिपळूण,194,15:30,20:35,,,"सहा तासात कर्त्यव्य संपते","चिपळूण ना.आ.",
2369,"Kankavli To Borivali Nancy Colony",Kankavli,"Borivali Nancy Colony",,MO,1578,Talwali,325.9,,,कणकवली,चिपळूण,194,15:30,20:35,,,"सहा तासात कर्त्यव्य संपते","चिपळूण ना.आ.",
2369,"Kankavli To Borivali Nancy Colony",Kankavli,"Borivali Nancy Colony",,MO,1599,Warasgaon,327.9,,,कणकवली,चिपळूण,194,15:30,20:35,,,"सहा तासात कर्त्यव्य संपते","चिपळूण ना.आ.",
2369,"Kankavli To Borivali Nancy Colony",Kankavli,"Borivali Nancy Colony",,MO,1519,"Kolad Bridge",329,,,कणकवली,चिपळूण,194,15:30,20:35,,,"सहा तासात कर्त्यव्य संपते","चिपळूण ना.आ.",
2369,"Kankavli To Borivali Nancy Colony",Kankavli,"Borivali Nancy Colony",,MO,1552,Pugaon,331,,,कणकवली,चिपळूण,194,15:30,20:35,,,"सहा तासात कर्त्यव्य संपते","चिपळूण ना.आ.",
2369,"Kankavli To Borivali Nancy Colony",Kankavli,"Borivali Nancy Colony",,MO,1515,Khamb,333,,,कणकवली,चिपळूण,194,15:30,20:35,,,"सहा तासात कर्त्यव्य संपते","चिपळूण ना.आ.",
2369,"Kankavli To Borivali Nancy Colony",Kankavli,"Borivali Nancy Colony",,MO,1573,Sukeli,338,,,कणकवली,चिपळूण,194,15:30,20:35,,,"सहा तासात कर्त्यव्य संपते","चिपळूण ना.आ.",
2369,"Kankavli To Borivali Nancy Colony",Kankavli,"Borivali Nancy Colony",,MO,1510,Kanasai,343.8,,,कणकवली,चिपळूण,194,15:30,20:35,,,"सहा तासात कर्त्यव्य संपते","चिपळूण ना.आ.",
2369,"Kankavli To Borivali Nancy Colony",Kankavli,"Borivali Nancy Colony",,MO,1597,Wakan,345.8,,,कणकवली,चिपळूण,194,15:30,20:35,,,"सहा तासात कर्त्यव्य संपते","चिपळूण ना.आ.",
2369,"Kankavli To Borivali Nancy Colony",Kankavli,"Borivali Nancy Colony",,MO,1546,"Nagothane Fata",347,,,कणकवली,चिपळूण,194,15:30,20:35,,,"सहा तासात कर्त्यव्य संपते","चिपळूण ना.आ.",
2369,"Kankavli To Borivali Nancy Colony",Kankavli,"Borivali Nancy Colony",,MO,1544,"Nidi Bridge",348,,,कणकवली,चिपळूण,194,15:30,20:35,,,"सहा तासात कर्त्यव्य संपते","चिपळूण ना.आ.",
2369,"Kankavli To Borivali Nancy Colony",Kankavli,"Borivali Nancy Colony",,MO,1549,Palas,350,,,कणकवली,चिपळूण,194,15:30,20:35,,,"सहा तासात कर्त्यव्य संपते","चिपळूण ना.आ.",
2369,"Kankavli To Borivali Nancy Colony",Kankavli,"Borivali Nancy Colony",,MO,1249,Koleti,353,,,कणकवली,चिपळूण,194,15:30,20:35,,,"सहा तासात कर्त्यव्य संपते","चिपळूण ना.आ.",
2369,"Kankavli To Borivali Nancy Colony",Kankavli,"Borivali Nancy Colony",,MO,1189,Amtem,355,,,कणकवली,चिपळूण,194,15:30,20:35,,,"सहा तासात कर्त्यव्य संपते","चिपळूण ना.आ.",
2369,"Kankavli To Borivali Nancy Colony",Kankavli,"Borivali Nancy Colony",,MO,1269,Pandapur,358,,,कणकवली,चिपळूण,194,15:30,20:35,,,"सहा तासात कर्त्यव्य संपते","चिपळूण ना.आ.",
2369,"Kankavli To Borivali Nancy Colony",Kankavli,"Borivali Nancy Colony",,MO,1235,Kasu,361,,,कणकवली,चिपळूण,194,15:30,20:35,,,"सहा तासात कर्त्यव्य संपते","चिपळूण ना.आ.",
2369,"Kankavli To Borivali Nancy Colony",Kankavli,"Borivali Nancy Colony",,MO,1255,Kharpale,363,,,कणकवली,चिपळूण,194,15:30,20:35,,,"सहा तासात कर्त्यव्य संपते","चिपळूण ना.आ.",
2369,"Kankavli To Borivali Nancy Colony",Kankavli,"Borivali Nancy Colony",,MO,1213,Gadab,365,,,कणकवली,चिपळूण,194,15:30,20:35,,,"सहा तासात कर्त्यव्य संपते","चिपळूण ना.आ.",
2369,"Kankavli To Borivali Nancy Colony",Kankavli,"Borivali Nancy Colony",,MO,1303,Wadkhal,375.8,,,कणकवली,चिपळूण,194,15:30,20:35,,,"सहा तासात कर्त्यव्य संपते","चिपळूण ना.आ.",
2369,"Kankavli To Borivali Nancy Colony",Kankavli,"Borivali Nancy Colony",,MO,5842,Panvel,414,,,कणकवली,चिपळूण,194,15:30,20:35,,,"सहा तासात कर्त्यव्य संपते","चिपळूण ना.आ.",
2369,"Kankavli To Borivali Nancy Colony",Kankavli,"Borivali Nancy Colony",,MO,5743,"Kalamboli Fata",415.5,,,कणकवली,चिपळूण,194,15:30,20:35,,,"सहा तासात कर्त्यव्य संपते","चिपळूण ना.आ.",
2369,"Kankavli To Borivali Nancy Colony",Kankavli,"Borivali Nancy Colony",,MO,4414,Nerul,428,,,कणकवली,चिपळूण,194,15:30,20:35,,,"सहा तासात कर्त्यव्य संपते","चिपळूण ना.आ.",
2369,"Kankavli To Borivali Nancy Colony",Kankavli,"Borivali Nancy Colony",,MO,4488,"Vashi Highway",430.4,,,कणकवली,चिपळूण,194,15:30,20:35,,,"सहा तासात कर्त्यव्य संपते","चिपळूण ना.आ.",
2369,"Kankavli To Borivali Nancy Colony",Kankavli,"Borivali Nancy Colony",,MO,5439,"Mankhurd Rly. Stn.",438.6,,,कणकवली,चिपळूण,194,15:30,20:35,,,"सहा तासात कर्त्यव्य संपते","चिपळूण ना.आ.",
2369,"Kankavli To Borivali Nancy Colony",Kankavli,"Borivali Nancy Colony",,MO,5464,"Maitri Park",443.3,,,कणकवली,चिपळूण,194,15:30,20:35,,,"सहा तासात कर्त्यव्य संपते","चिपळूण ना.आ.",
2369,"Kankavli To Borivali Nancy Colony",Kankavli,"Borivali Nancy Colony",,MO,5427,"Kurla Nehru Nagar",444.9,,,कणकवली,चिपळूण,194,15:30,20:35,,,"सहा तासात कर्त्यव्य संपते","चिपळूण ना.आ.",
2369,"Kankavli To Borivali Nancy Colony",Kankavli,"Borivali Nancy Colony",,MO,5457,"Mahim Link Rd.",447.9,,,कणकवली,चिपळूण,194,15:30,20:35,,,"सहा तासात कर्त्यव्य संपते","चिपळूण ना.आ.",
2369,"Kankavli To Borivali Nancy Colony",Kankavli,"Borivali Nancy Colony",,MO,5282,"Bandra East Kalanagar",452,,,कणकवली,चिपळूण,194,15:30,20:35,,,"सहा तासात कर्त्यव्य संपते","चिपळूण ना.आ.",
2369,"Kankavli To Borivali Nancy Colony",Kankavli,"Borivali Nancy Colony",,MO,5419,"Khar East Teachers Colony",453.2,,,कणकवली,चिपळूण,194,15:30,20:35,,,"सहा तासात कर्त्यव्य संपते","चिपळूण ना.आ.",
2369,"Kankavli To Borivali Nancy Colony",Kankavli,"Borivali Nancy Colony",,MO,5467,"Maratha Colony",453.3,,,कणकवली,चिपळूण,194,15:30,20:35,,,"सहा तासात कर्त्यव्य संपते","चिपळूण ना.आ.",
2369,"Kankavli To Borivali Nancy Colony",Kankavli,"Borivali Nancy Colony",,MO,5569,"Wakola Police Stn.",453.5,,,कणकवली,चिपळूण,194,15:30,20:35,,,"सहा तासात कर्त्यव्य संपते","चिपळूण ना.आ.",
2369,"Kankavli To Borivali Nancy Colony",Kankavli,"Borivali Nancy Colony",,MO,5566,"Vileparle (E) Saibaba Mandir",454.2,,,कणकवली,चिपळूण,194,15:30,20:35,,,"सहा तासात कर्त्यव्य संपते","चिपळूण ना.आ.",
2369,"Kankavli To Borivali Nancy Colony",Kankavli,"Borivali Nancy Colony",,MO,5410,"Jogeshwari East",460.6,,,कणकवली,चिपळूण,194,15:30,20:35,,,"सहा तासात कर्त्यव्य संपते","चिपळूण ना.आ.",
2369,"Kankavli To Borivali Nancy Colony",Kankavli,"Borivali Nancy Colony",,MO,5393,"Goregaon East Police Stn.",462.7,,,कणकवली,चिपळूण,194,15:30,20:35,,,"सहा तासात कर्त्यव्य संपते","चिपळूण ना.आ.",
2369,"Kankavli To Borivali Nancy Colony",Kankavli,"Borivali Nancy Colony",,MO,5495,"Pushpa Park Malad",467.8,,,कणकवली,चिपळूण,194,15:30,20:35,,,"सहा तासात कर्त्यव्य संपते","चिपळूण ना.आ.",
2369,"Kankavli To Borivali Nancy Colony",Kankavli,"Borivali Nancy Colony",,MO,5511,"Samatanagar Kandivali East",469.3,,,कणकवली,चिपळूण,194,15:30,20:35,,,"सहा तासात कर्त्यव्य संपते","चिपळूण ना.आ.",
2369,"Kankavli To Borivali Nancy Colony",Kankavli,"Borivali Nancy Colony",,MO,5312,"Borivali Sukurwadi",474.5,,,कणकवली,चिपळूण,194,15:30,20:35,,,"सहा तासात कर्त्यव्य संपते","चिपळूण ना.आ.",
2369,"Kankavli To Borivali Nancy Colony",Kankavli,"Borivali Nancy Colony",,MO,5311,"Borivali Nancy Colony",475.5,,,कणकवली,चिपळूण,194,15:30,20:35,,,"सहा तासात कर्त्यव्य संपते","चिपळूण ना.आ.",
10811,"Kankavli To Ambrad",Kankavli,Ambrad,,MO,2786,Kankavli,,,,कणकवली,आंब्रड,12,07:30,08:00,SC,DAILY,,"DATTAMADIR NEW ROUT KM VADHATAT",
10811,"Kankavli To Ambrad",Kankavli,Ambrad,,MO,2736,"Gosavi Wadi Datta Mandir",3,,,कणकवली,आंब्रड,12,07:30,08:00,SC,DAILY,,"DATTAMADIR NEW ROUT KM VADHATAT",
10811,"Kankavli To Ambrad",Kankavli,Ambrad,,MO,2807,"Kasvan Fata",6,,,कणकवली,आंब्रड,12,07:30,08:00,SC,DAILY,,"DATTAMADIR NEW ROUT KM VADHATAT",
10811,"Kankavli To Ambrad",Kankavli,Ambrad,,MO,2976,"Talawade Mandir",9,,,कणकवली,आंब्रड,12,07:30,08:00,SC,DAILY,,"DATTAMADIR NEW ROUT KM VADHATAT",
10811,"Kankavli To Ambrad",Kankavli,Ambrad,,MO,6090,Ambrad,12,,,कणकवली,आंब्रड,12,07:30,08:00,SC,DAILY,,"DATTAMADIR NEW ROUT KM VADHATAT",
10846,"Kankavli To Karanje Khind",Kankavli,"Karanje Khind",,MO,2786,Kankavli,,,,कणकवली,करंजे,15,15:40,16:20,SC,SUN,,,
10846,"Kankavli To Karanje Khind",Kankavli,"Karanje Khind",,MO,2767,"Janavali Fata",3,,,कणकवली,करंजे,15,15:40,16:20,SC,SUN,,,
10846,"Kankavli To Karanje Khind",Kankavli,"Karanje Khind",,MO,2868,"Nagave Marathi School",6.1,,,कणकवली,करंजे,15,15:40,16:20,SC,SUN,,,
10846,"Kankavli To Karanje Khind",Kankavli,"Karanje Khind",,MO,2823,"Kumbharwadi Gavaldeo",8.8,,,कणकवली,करंजे,15,15:40,16:20,SC,SUN,,,
10846,"Kankavli To Karanje Khind",Kankavli,"Karanje Khind",,MO,2949,"Saticha Mal",12.5,,,कणकवली,करंजे,15,15:40,16:20,SC,SUN,,,
10846,"Kankavli To Karanje Khind",Kankavli,"Karanje Khind",,MO,2788,"Karanje Khind",15,,,कणकवली,करंजे,15,15:40,16:20,SC,SUN,,,
10852,"Kankavli To Kirlos Via Kasral Disp",Kankavli,Kirlos,"KASRAL DISP",MO,2786,Kankavli,,,,कणकवली,किर्लोस,20.3,09:00,09:40,NON,DAILY,,"सातरल कासरल",
10852,"Kankavli To Kirlos Via Kasral Disp",Kankavli,Kirlos,"KASRAL DISP",MO,3001,"Wagade Gpo",3.1,,,कणकवली,किर्लोस,20.3,09:00,09:40,NON,DAILY,,"सातरल कासरल",
10852,"Kankavli To Kirlos Via Kasral Disp",Kankavli,Kirlos,"KASRAL DISP",MO,2950,"Satral Pavnadevi Mandir",4.5,,,कणकवली,किर्लोस,20.3,09:00,09:40,NON,DAILY,,"सातरल कासरल",
10852,"Kankavli To Kirlos Via Kasral Disp",Kankavli,Kirlos,"KASRAL DISP",MO,2854,"Masansada Titha Giran",6.4,,,कणकवली,किर्लोस,20.3,09:00,09:40,NON,DAILY,,"सातरल कासरल",
10852,"Kankavli To Kirlos Via Kasral Disp",Kankavli,Kirlos,"KASRAL DISP",MO,2802,"Kasral Disp",7.1,,,कणकवली,किर्लोस,20.3,09:00,09:40,NON,DAILY,,"सातरल कासरल",
10852,"Kankavli To Kirlos Via Kasral Disp",Kankavli,Kirlos,"KASRAL DISP",MO,2805,"Kasral Sada Wad",9,,,कणकवली,किर्लोस,20.3,09:00,09:40,NON,DAILY,,"सातरल कासरल",
10852,"Kankavli To Kirlos Via Kasral Disp",Kankavli,Kirlos,"KASRAL DISP",MO,6767,"Asrondi Sima",12.1,,,कणकवली,किर्लोस,20.3,09:00,09:40,NON,DAILY,,"सातरल कासरल",
10852,"Kankavli To Kirlos Via Kasral Disp",Kankavli,Kirlos,"KASRAL DISP",MO,7023,"Wadacha Naka",15,,,कणकवली,किर्लोस,20.3,09:00,09:40,NON,DAILY,,"सातरल कासरल",
10852,"Kankavli To Kirlos Via Kasral Disp",Kankavli,Kirlos,"KASRAL DISP",MO,6885,"Kirlos Fata",15.8,,,कणकवली,किर्लोस,20.3,09:00,09:40,NON,DAILY,,"सातरल कासरल",
10852,"Kankavli To Kirlos Via Kasral Disp",Kankavli,Kirlos,"KASRAL DISP",MO,6886,"Kirlos High School",18.5,,,कणकवली,किर्लोस,20.3,09:00,09:40,NON,DAILY,,"सातरल कासरल",
10852,"Kankavli To Kirlos Via Kasral Disp",Kankavli,Kirlos,"KASRAL DISP",MO,6884,Kirlos,20.3,,,कणकवली,किर्लोस,20.3,09:00,09:40,NON,DAILY,,"सातरल कासरल",
10885,"Kankavli To Vaibhavwadi Via Karul",Kankavli,Vaibhavwadi,KARUL,MO,2786,Kankavli,,,,कणकवली,वैभववाडी,35.4,18:50,20:05,OBL,DAILY,,"फोंडा,आचिर्णे मार्गे,वस्ती",
10885,"Kankavli To Vaibhavwadi Via Karul",Kankavli,Vaibhavwadi,KARUL,MO,2768,"Janavali Gavthanwadi",3.8,,,कणकवली,वैभववाडी,35.4,18:50,20:05,OBL,DAILY,,"फोंडा,आचिर्णे मार्गे,वस्ती",
10885,"Kankavli To Vaibhavwadi Via Karul",Kankavli,Vaibhavwadi,KARUL,MO,2756,"Humrat Titha",6.9,,,कणकवली,वैभववाडी,35.4,18:50,20:05,OBL,DAILY,,"फोंडा,आचिर्णे मार्गे,वस्ती",
10885,"Kankavli To Vaibhavwadi Via Karul",Kankavli,Vaibhavwadi,KARUL,MO,2757,"Humrath Mal Ghorpiwadi",8.4,,,कणकवली,वैभववाडी,35.4,18:50,20:05,OBL,DAILY,,"फोंडा,आचिर्णे मार्गे,वस्ती",
10885,"Kankavli To Vaibhavwadi Via Karul",Kankavli,Vaibhavwadi,KARUL,MO,2790,Karul,10.8,,,कणकवली,वैभववाडी,35.4,18:50,20:05,OBL,DAILY,,"फोंडा,आचिर्णे मार्गे,वस्ती",
10885,"Kankavli To Vaibhavwadi Via Karul",Kankavli,Vaibhavwadi,KARUL,MO,2781,Kanadewadi,12.2,,,कणकवली,वैभववाडी,35.4,18:50,20:05,OBL,DAILY,,"फोंडा,आचिर्णे मार्गे,वस्ती",
10885,"Kankavli To Vaibhavwadi Via Karul",Kankavli,Vaibhavwadi,KARUL,MO,2787,"Kankavli Nandgaon Fata",15,,,कणकवली,वैभववाडी,35.4,18:50,20:05,OBL,DAILY,,"फोंडा,आचिर्णे मार्गे,वस्ती",
10885,"Kankavli To Vaibhavwadi Via Karul",Kankavli,Vaibhavwadi,KARUL,MO,2906,"Phonda Iti",15.3,,,कणकवली,वैभववाडी,35.4,18:50,20:05,OBL,DAILY,,"फोंडा,आचिर्णे मार्गे,वस्ती",
10885,"Kankavli To Vaibhavwadi Via Karul",Kankavli,Vaibhavwadi,KARUL,MO,2904,Phonda,17.9,,,कणकवली,वैभववाडी,35.4,18:50,20:05,OBL,DAILY,,"फोंडा,आचिर्णे मार्गे,वस्ती",
10885,"Kankavli To Vaibhavwadi Via Karul",Kankavli,Vaibhavwadi,KARUL,MO,2858,"Mona Wahal",20.9,,,कणकवली,वैभववाडी,35.4,18:50,20:05,OBL,DAILY,,"फोंडा,आचिर्णे मार्गे,वस्ती",
10885,"Kankavli To Vaibhavwadi Via Karul",Kankavli,Vaibhavwadi,KARUL,MO,2839,"Lore Bangala",24.2,,,कणकवली,वैभववाडी,35.4,18:50,20:05,OBL,DAILY,,"फोंडा,आचिर्णे मार्गे,वस्ती",
10885,"Kankavli To Vaibhavwadi Via Karul",Kankavli,Vaibhavwadi,KARUL,MO,2940,"Sakpalwadi No-1",25.2,,,कणकवली,वैभववाडी,35.4,18:50,20:05,OBL,DAILY,,"फोंडा,आचिर्णे मार्गे,वस्ती",
10885,"Kankavli To Vaibhavwadi Via Karul",Kankavli,Vaibhavwadi,KARUL,MO,9171,"Achirne Wad",27.3,,,कणकवली,वैभववाडी,35.4,18:50,20:05,OBL,DAILY,,"फोंडा,आचिर्णे मार्गे,वस्ती",
10885,"Kankavli To Vaibhavwadi Via Karul",Kankavli,Vaibhavwadi,KARUL,MO,9169,Achirne,29.4,,,कणकवली,वैभववाडी,35.4,18:50,20:05,OBL,DAILY,,"फोंडा,आचिर्णे मार्गे,वस्ती",
10885,"Kankavli To Vaibhavwadi Via Karul",Kankavli,Vaibhavwadi,KARUL,MO,9215,Khambale,30.1,,,कणकवली,वैभववाडी,35.4,18:50,20:05,OBL,DAILY,,"फोंडा,आचिर्णे मार्गे,वस्ती",
10885,"Kankavli To Vaibhavwadi Via Karul",Kankavli,Vaibhavwadi,KARUL,MO,9189,Dand,33.4,,,कणकवली,वैभववाडी,35.4,18:50,20:05,OBL,DAILY,,"फोंडा,आचिर्णे मार्गे,वस्ती",
10885,"Kankavli To Vaibhavwadi Via Karul",Kankavli,Vaibhavwadi,KARUL,MO,9291,Vaibhavwadi,35.4,,,कणकवली,वैभववाडी,35.4,18:50,20:05,OBL,DAILY,,"फोंडा,आचिर्णे मार्गे,वस्ती",
11093,"Phonda To Mohul",Phonda,Mohul,,MO,2904,Phonda,,,,फोंडा,मोहूळ,11,07:20,07:45,SC,SUN,,,
11093,"Phonda To Mohul",Phonda,Mohul,,MO,2899,Pawanadevi,3.1,,,फोंडा,मोहूळ,11,07:20,07:45,SC,SUN,,,
11093,"Phonda To Mohul",Phonda,Mohul,,MO,2857,"Mohul Titha",5.2,,,फोंडा,मोहूळ,11,07:20,07:45,SC,SUN,,,
11093,"Phonda To Mohul",Phonda,Mohul,,MO,2844,"Mail Stone",6,,,फोंडा,मोहूळ,11,07:20,07:45,SC,SUN,,,
11093,"Phonda To Mohul",Phonda,Mohul,,MO,2844,"Mail Stone",8.8,,,फोंडा,मोहूळ,11,07:20,07:45,SC,SUN,,,
11093,"Phonda To Mohul",Phonda,Mohul,,MO,2855,Mohul,11,,,फोंडा,मोहूळ,11,07:20,07:45,SC,SUN,,,
11238,"Tarla To Phonda Via Gadmath Shala",Tarla,Phonda,"GADMATH SHALA",MO,2982,Tarla,,,,तरळा,फोंडा,21,08:20,09:00,MV,DAILY,,गडमठ,
11238,"Tarla To Phonda Via Gadmath Shala",Tarla,Phonda,"GADMATH SHALA",MO,2799,"Kasarde Phc",3,,,तरळा,फोंडा,21,08:20,09:00,MV,DAILY,,गडमठ,
11238,"Tarla To Phonda Via Gadmath Shala",Tarla,Phonda,"GADMATH SHALA",MO,2687,Dabwadi,6,,,तरळा,फोंडा,21,08:20,09:00,MV,DAILY,,गडमठ,
11238,"Tarla To Phonda Via Gadmath Shala",Tarla,Phonda,"GADMATH SHALA",MO,2948,Satamwadi,9,,,तरळा,फोंडा,21,08:20,09:00,MV,DAILY,,गडमठ,
11238,"Tarla To Phonda Via Gadmath Shala",Tarla,Phonda,"GADMATH SHALA",MO,2719,"Gadmath Shala",10.7,,,तरळा,फोंडा,21,08:20,09:00,MV,DAILY,,गडमठ,
11238,"Tarla To Phonda Via Gadmath Shala",Tarla,Phonda,"GADMATH SHALA",MO,2932,"Rly. Bridge",11.7,,,तरळा,फोंडा,21,08:20,09:00,MV,DAILY,,गडमठ,
11238,"Tarla To Phonda Via Gadmath Shala",Tarla,Phonda,"GADMATH SHALA",MO,2735,"Gosavi Hotel",12.8,,,तरळा,फोंडा,21,08:20,09:00,MV,DAILY,,गडमठ,
11238,"Tarla To Phonda Via Gadmath Shala",Tarla,Phonda,"GADMATH SHALA",MO,2839,"Lore Bangala",14.8,,,तरळा,फोंडा,21,08:20,09:00,MV,DAILY,,गडमठ,
11238,"Tarla To Phonda Via Gadmath Shala",Tarla,Phonda,"GADMATH SHALA",MO,2858,"Mona Wahal",18,,,तरळा,फोंडा,21,08:20,09:00,MV,DAILY,,गडमठ,
11238,"Tarla To Phonda Via Gadmath Shala",Tarla,Phonda,"GADMATH SHALA",MO,2904,Phonda,21,,,तरळा,फोंडा,21,08:20,09:00,MV,DAILY,,गडमठ,
11252,"Vaibhavwadi To Umbarde",Vaibhavwadi,Umbarde,,MO,9291,Vaibhavwadi,,,,वैभववाडी,उंबर्डे,9.1,16:15,16:35,SC,SUN,,सरळ,
11252,"Vaibhavwadi To Umbarde",Vaibhavwadi,Umbarde,,MO,9247,"Narkar Dukan",3,,,वैभववाडी,उंबर्डे,9.1,16:15,16:35,SC,SUN,,सरळ,
11252,"Vaibhavwadi To Umbarde",Vaibhavwadi,Umbarde,,MO,9226,"Kusur Bazarwadi",6,,,वैभववाडी,उंबर्डे,9.1,16:15,16:35,SC,SUN,,सरळ,
11252,"Vaibhavwadi To Umbarde",Vaibhavwadi,Umbarde,,MO,9285,Umbarde,9,,,वैभववाडी,उंबर्डे,9.1,16:15,16:35,SC,SUN,,सरळ,
18847,"Bhirawande To Kankavli",Bhirawande,Kankavli,,MO,2664,Bhirawande,,,,भिरवंडे,कणकवली,17.4,13:10,13:50,SC,DAILY,,,
18847,"Bhirawande To Kankavli",Bhirawande,Kankavli,,MO,2926,"Rameshwar Mandir",2.4,,,भिरवंडे,कणकवली,17.4,13:10,13:50,SC,DAILY,,,
18847,"Bhirawande To Kankavli",Bhirawande,Kankavli,,MO,2782,Kanedi,5.2,,,भिरवंडे,कणकवली,17.4,13:10,13:50,SC,DAILY,,,
18847,"Bhirawande To Kankavli",Bhirawande,Kankavli,,MO,2945,"Sangave Mandir",8.2,,,भिरवंडे,कणकवली,17.4,13:10,13:50,SC,DAILY,,,
18847,"Bhirawande To Kankavli",Bhirawande,Kankavli,,MO,2992,"Urdu School",9.4,,,भिरवंडे,कणकवली,17.4,13:10,13:50,SC,DAILY,,,
18847,"Bhirawande To Kankavli",Bhirawande,Kankavli,,MO,2660,"Bhat Dukan",11.2,,,भिरवंडे,कणकवली,17.4,13:10,13:50,SC,DAILY,,,
18847,"Bhirawande To Kankavli",Bhirawande,Kankavli,,MO,2859,Mudeshwar,14.3,,,भिरवंडे,कणकवली,17.4,13:10,13:50,SC,DAILY,,,
18847,"Bhirawande To Kankavli",Bhirawande,Kankavli,,MO,2786,Kankavli,17.4,,,भिरवंडे,कणकवली,17.4,13:10,13:50,SC,DAILY,,,
19121,"Ainal Pimpalwadi To Kankavli","Ainal Pimpalwadi",Kankavli,,MO,2639,"Ainal Pimpalwadi",,,,"आयनल पिंपळवाडी",कणकवली,32.8,14:20,15:30,NON,DAILY,,"nandagav koloshiwadi",
19121,"Ainal Pimpalwadi To Kankavli","Ainal Pimpalwadi",Kankavli,,MO,2637,"Ainal Chavata",3.6,,,"आयनल पिंपळवाडी",कणकवली,32.8,14:20,15:30,NON,DAILY,,"nandagav koloshiwadi",
19121,"Ainal Pimpalwadi To Kankavli","Ainal Pimpalwadi",Kankavli,,MO,2933,Rohilewadi,7.9,,,"आयनल पिंपळवाडी",कणकवली,32.8,14:20,15:30,NON,DAILY,,"nandagav koloshiwadi",
19121,"Ainal Pimpalwadi To Kankavli","Ainal Pimpalwadi",Kankavli,,MO,2638,"Ainal Manerwadi School",11,,,"आयनल पिंपळवाडी",कणकवली,32.8,14:20,15:30,NON,DAILY,,"nandagav koloshiwadi",
19121,"Ainal Pimpalwadi To Kankavli","Ainal Pimpalwadi",Kankavli,,MO,2844,"Mail Stone",11.6,,,"आयनल पिंपळवाडी",कणकवली,32.8,14:20,15:30,NON,DAILY,,"nandagav koloshiwadi",
19121,"Ainal Pimpalwadi To Kankavli","Ainal Pimpalwadi",Kankavli,,MO,2815,"Koloshi Bazar",14.2,,,"आयनल पिंपळवाडी",कणकवली,32.8,14:20,15:30,NON,DAILY,,"nandagav koloshiwadi",
19121,"Ainal Pimpalwadi To Kankavli","Ainal Pimpalwadi",Kankavli,,MO,2817,Koloshiwadi,15.6,,,"आयनल पिंपळवाडी",कणकवली,32.8,14:20,15:30,NON,DAILY,,"nandagav koloshiwadi",
19121,"Ainal Pimpalwadi To Kankavli","Ainal Pimpalwadi",Kankavli,,MO,2642,Asalade,18,,,"आयनल पिंपळवाडी",कणकवली,32.8,14:20,15:30,NON,DAILY,,"nandagav koloshiwadi",
19121,"Ainal Pimpalwadi To Kankavli","Ainal Pimpalwadi",Kankavli,,MO,2871,"Nandgaon Fata",20.1,,,"आयनल पिंपळवाडी",कणकवली,32.8,14:20,15:30,NON,DAILY,,"nandagav koloshiwadi",
19121,"Ainal Pimpalwadi To Kankavli","Ainal Pimpalwadi",Kankavli,,MO,2870,"Nandgaon Datta Mandir",21.3,,,"आयनल पिंपळवाडी",कणकवली,32.8,14:20,15:30,NON,DAILY,,"nandagav koloshiwadi",
19121,"Ainal Pimpalwadi To Kankavli","Ainal Pimpalwadi",Kankavli,,MO,2655,Belane,23.7,,,"आयनल पिंपळवाडी",कणकवली,32.8,14:20,15:30,NON,DAILY,,"nandagav koloshiwadi",
19121,"Ainal Pimpalwadi To Kankavli","Ainal Pimpalwadi",Kankavli,,MO,2756,"Humrat Titha",27,,,"आयनल पिंपळवाडी",कणकवली,32.8,14:20,15:30,NON,DAILY,,"nandagav koloshiwadi",
19121,"Ainal Pimpalwadi To Kankavli","Ainal Pimpalwadi",Kankavli,,MO,2766,Janavali,30.2,,,"आयनल पिंपळवाडी",कणकवली,32.8,14:20,15:30,NON,DAILY,,"nandagav koloshiwadi",
19121,"Ainal Pimpalwadi To Kankavli","Ainal Pimpalwadi",Kankavli,,MO,2786,Kankavli,32.1,,,"आयनल पिंपळवाडी",कणकवली,32.8,14:20,15:30,NON,DAILY,,"nandagav koloshiwadi",
19197,"Kirlos To Kankavli",Kirlos,Kankavli,,MO,6884,Kirlos,,,,किर्लोस,कणकवली,20.3,13:25,14:10,NON,DAILY,,"ताठर बाव",
19197,"Kirlos To Kankavli",Kirlos,Kankavli,,MO,6886,"Kirlos High School",1.8,,,किर्लोस,कणकवली,20.3,13:25,14:10,NON,DAILY,,"ताठर बाव",
19197,"Kirlos To Kankavli",Kirlos,Kankavli,,MO,6885,"Kirlos Fata",4.5,,,किर्लोस,कणकवली,20.3,13:25,14:10,NON,DAILY,,"ताठर बाव",
19197,"Kirlos To Kankavli",Kirlos,Kankavli,,MO,7023,"Wadacha Naka",5.3,,,किर्लोस,कणकवली,20.3,13:25,14:10,NON,DAILY,,"ताठर बाव",
19197,"Kirlos To Kankavli",Kirlos,Kankavli,,MO,6767,"Asrondi Sima",8.2,,,किर्लोस,कणकवली,20.3,13:25,14:10,NON,DAILY,,"ताठर बाव",
19197,"Kirlos To Kankavli",Kirlos,Kankavli,,MO,2985,"Tatarbav School",11.2,,,किर्लोस,कणकवली,20.3,13:25,14:10,NON,DAILY,,"ताठर बाव",
19197,"Kirlos To Kankavli",Kirlos,Kankavli,,MO,2692,Dangalwadi,14.1,,,किर्लोस,कणकवली,20.3,13:25,14:10,NON,DAILY,,"ताठर बाव",
19197,"Kirlos To Kankavli",Kirlos,Kankavli,,MO,3001,"Wagade Gpo",17,,,किर्लोस,कणकवली,20.3,13:25,14:10,NON,DAILY,,"ताठर बाव",
19197,"Kirlos To Kankavli",Kirlos,Kankavli,,MO,2786,Kankavli,20.3,,,किर्लोस,कणकवली,20.3,13:25,14:10,NON,DAILY,,"ताठर बाव",
19370,"Masure Kawa To Kankavli Via Hiwale Kasal","Masure Kawa",Kankavli,"HIWALE GANGESHWAR",MO,6931,"Masure Kawa",,,,मसुरे,कणकवली,42.1,12:45,14:05,NON,DAILY,,"विरण,ओवळिये,कसाल",
19370,"Masure Kawa To Kankavli Via Hiwale Kasal","Masure Kawa",Kankavli,"HIWALE GANGESHWAR",MO,6928,"Masure Bazar",1.2,,,मसुरे,कणकवली,42.1,12:45,14:05,NON,DAILY,,"विरण,ओवळिये,कसाल",
19370,"Masure Kawa To Kankavli Via Hiwale Kasal","Masure Kawa",Kankavli,"HIWALE GANGESHWAR",MO,6795,"Chambhar Dunga",5.5,,,मसुरे,कणकवली,42.1,12:45,14:05,NON,DAILY,,"विरण,ओवळिये,कसाल",
19370,"Masure Kawa To Kankavli Via Hiwale Kasal","Masure Kawa",Kankavli,"HIWALE GANGESHWAR",MO,7016,"Verli Mapari Dukan",6,,,मसुरे,कणकवली,42.1,12:45,14:05,NON,DAILY,,"विरण,ओवळिये,कसाल",
19370,"Masure Kawa To Kankavli Via Hiwale Kasal","Masure Kawa",Kankavli,"HIWALE GANGESHWAR",MO,6925,"Masade Titha",8.6,,,मसुरे,कणकवली,42.1,12:45,14:05,NON,DAILY,,"विरण,ओवळिये,कसाल",
19370,"Masure Kawa To Kankavli Via Hiwale Kasal","Masure Kawa",Kankavli,"HIWALE GANGESHWAR",MO,6924,"Masade School",9.6,,,मसुरे,कणकवली,42.1,12:45,14:05,NON,DAILY,,"विरण,ओवळिये,कसाल",
19370,"Masure Kawa To Kankavli Via Hiwale Kasal","Masure Kawa",Kankavli,"HIWALE GANGESHWAR",MO,7020,"Viran Bazar",11,,,मसुरे,कणकवली,42.1,12:45,14:05,NON,DAILY,,"विरण,ओवळिये,कसाल",
19370,"Masure Kawa To Kankavli Via Hiwale Kasal","Masure Kawa",Kankavli,"HIWALE GANGESHWAR",MO,6965,"Poip Katta Titha",12.4,,,मसुरे,कणकवली,42.1,12:45,14:05,NON,DAILY,,"विरण,ओवळिये,कसाल",
19370,"Masure Kawa To Kankavli Via Hiwale Kasal","Masure Kawa",Kankavli,"HIWALE GANGESHWAR",MO,6976,"Rathiwade Gunjichiwadi",15.1,,,मसुरे,कणकवली,42.1,12:45,14:05,NON,DAILY,,"विरण,ओवळिये,कसाल",
19370,"Masure Kawa To Kankavli Via Hiwale Kasal","Masure Kawa",Kankavli,"HIWALE GANGESHWAR",MO,6944,Navamboli,15.6,,,मसुरे,कणकवली,42.1,12:45,14:05,NON,DAILY,,"विरण,ओवळिये,कसाल",
19370,"Masure Kawa To Kankavli Via Hiwale Kasal","Masure Kawa",Kankavli,"HIWALE GANGESHWAR",MO,6851,"Hiwale Gangeshwar",19.1,,,मसुरे,कणकवली,42.1,12:45,14:05,NON,DAILY,,"विरण,ओवळिये,कसाल",
19370,"Masure Kawa To Kankavli Via Hiwale Kasal","Masure Kawa",Kankavli,"HIWALE GANGESHWAR",MO,6891,"Kolori School",20.8,,,मसुरे,कणकवली,42.1,12:45,14:05,NON,DAILY,,"विरण,ओवळिये,कसाल",
19370,"Masure Kawa To Kankavli Via Hiwale Kasal","Masure Kawa",Kankavli,"HIWALE GANGESHWAR",MO,6947,"Owaliye Ratambi",22.2,,,मसुरे,कणकवली,42.1,12:45,14:05,NON,DAILY,,"विरण,ओवळिये,कसाल",
19370,"Masure Kawa To Kankavli Via Hiwale Kasal","Masure Kawa",Kankavli,"HIWALE GANGESHWAR",MO,6959,"Parbhatle Magam Dukan",24.3,,,मसुरे,कणकवली,42.1,12:45,14:05,NON,DAILY,,"विरण,ओवळिये,कसाल",
19370,"Masure Kawa To Kankavli Via Hiwale Kasal","Masure Kawa",Kankavli,"HIWALE GANGESHWAR",MO,6281,Kasal,27.8,,,मसुरे,कणकवली,42.1,12:45,14:05,NON,DAILY,,"विरण,ओवळिये,कसाल",
19370,"Masure Kawa To Kankavli Via Hiwale Kasal","Masure Kawa",Kankavli,"HIWALE GANGESHWAR",MO,6168,Dewoolwadi,30.1,,,मसुरे,कणकवली,42.1,12:45,14:05,NON,DAILY,,"विरण,ओवळिये,कसाल",
19370,"Masure Kawa To Kankavli Via Hiwale Kasal","Masure Kawa",Kankavli,"HIWALE GANGESHWAR",MO,2890,"Osargaon Post",31.9,,,मसुरे,कणकवली,42.1,12:45,14:05,NON,DAILY,,"विरण,ओवळिये,कसाल",
19370,"Masure Kawa To Kankavli Via Hiwale Kasal","Masure Kawa",Kankavli,"HIWALE GANGESHWAR",MO,2891,"Osargaon Talav",35,,,मसुरे,कणकवली,42.1,12:45,14:05,NON,DAILY,,"विरण,ओवळिये,कसाल",
19370,"Masure Kawa To Kankavli Via Hiwale Kasal","Masure Kawa",Kankavli,"HIWALE GANGESHWAR",MO,2692,Dangalwadi,37.2,,,मसुरे,कणकवली,42.1,12:45,14:05,NON,DAILY,,"विरण,ओवळिये,कसाल",
19370,"Masure Kawa To Kankavli Via Hiwale Kasal","Masure Kawa",Kankavli,"HIWALE GANGESHWAR",MO,3002,Wagde,39.1,,,मसुरे,कणकवली,42.1,12:45,14:05,NON,DAILY,,"विरण,ओवळिये,कसाल",
19370,"Masure Kawa To Kankavli Via Hiwale Kasal","Masure Kawa",Kankavli,"HIWALE GANGESHWAR",MO,2786,Kankavli,42.1,,,मसुरे,कणकवली,42.1,12:45,14:05,NON,DAILY,,"विरण,ओवळिये,कसाल",
19403,"Kankavli To Ratnagiri Rahataghar",Kankavli,Rahataghar,,MO,2786,Kankavli,,,,कणकवली,jlveeefiejer,132.2,06:30,10:15,OTHER,DAILY,"10.15 ते 10.45 विश्रांती",,
19403,"Kankavli To Ratnagiri Rahataghar",Kankavli,Rahataghar,,MO,2768,"Janavali Gavthanwadi",3.8,,,कणकवली,jlveeefiejer,132.2,06:30,10:15,OTHER,DAILY,"10.15 ते 10.45 विश्रांती",,
19403,"Kankavli To Ratnagiri Rahataghar",Kankavli,Rahataghar,,MO,2756,"Humrat Titha",8.1,,,कणकवली,jlveeefiejer,132.2,06:30,10:15,OTHER,DAILY,"10.15 ते 10.45 विश्रांती",,
19403,"Kankavli To Ratnagiri Rahataghar",Kankavli,Rahataghar,,MO,2655,Belane,10.3,,,कणकवली,jlveeefiejer,132.2,06:30,10:15,OTHER,DAILY,"10.15 ते 10.45 विश्रांती",,
19403,"Kankavli To Ratnagiri Rahataghar",Kankavli,Rahataghar,,MO,2870,"Nandgaon Datta Mandir",12.7,,,कणकवली,jlveeefiejer,132.2,06:30,10:15,OTHER,DAILY,"10.15 ते 10.45 विश्रांती",,
19403,"Kankavli To Ratnagiri Rahataghar",Kankavli,Rahataghar,,MO,2871,"Nandgaon Fata",14.9,,,कणकवली,jlveeefiejer,132.2,06:30,10:15,OTHER,DAILY,"10.15 ते 10.45 विश्रांती",,
19403,"Kankavli To Ratnagiri Rahataghar",Kankavli,Rahataghar,,MO,2872,"Nandgaon Nursary",16.2,,,कणकवली,jlveeefiejer,132.2,06:30,10:15,OTHER,DAILY,"10.15 ते 10.45 विश्रांती",,
19403,"Kankavli To Ratnagiri Rahataghar",Kankavli,Rahataghar,,MO,2673,"Bramhan Wadi",20,,,कणकवली,jlveeefiejer,132.2,06:30,10:15,OTHER,DAILY,"10.15 ते 10.45 विश्रांती",,
19403,"Kankavli To Ratnagiri Rahataghar",Kankavli,Rahataghar,,MO,2997,"Vijaydurg Fata",22.2,,,कणकवली,jlveeefiejer,132.2,06:30,10:15,OTHER,DAILY,"10.15 ते 10.45 विश्रांती",,
19403,"Kankavli To Ratnagiri Rahataghar",Kankavli,Rahataghar,,MO,2982,Tarla,23,,,कणकवली,jlveeefiejer,132.2,06:30,10:15,OTHER,DAILY,"10.15 ते 10.45 विश्रांती",,
19403,"Kankavli To Ratnagiri Rahataghar",Kankavli,Rahataghar,,MO,2844,"Mail Stone",25.3,,,कणकवली,jlveeefiejer,132.2,06:30,10:15,OTHER,DAILY,"10.15 ते 10.45 विश्रांती",,
19403,"Kankavli To Ratnagiri Rahataghar",Kankavli,Rahataghar,,MO,2941,Saliste,26,,,कणकवली,jlveeefiejer,132.2,06:30,10:15,OTHER,DAILY,"10.15 ते 10.45 विश्रांती",,
19403,"Kankavli To Ratnagiri Rahataghar",Kankavli,Rahataghar,,MO,2844,"Mail Stone",27,,,कणकवली,jlveeefiejer,132.2,06:30,10:15,OTHER,DAILY,"10.15 ते 10.45 विश्रांती",,
19403,"Kankavli To Ratnagiri Rahataghar",Kankavli,Rahataghar,,MO,3010,Wargaon,30.6,,,कणकवली,jlveeefiejer,132.2,06:30,10:15,OTHER,DAILY,"10.15 ते 10.45 विश्रांती",,
19403,"Kankavli To Ratnagiri Rahataghar",Kankavli,Rahataghar,,MO,2648,Bambarwadi,31.4,,,कणकवली,jlveeefiejer,132.2,06:30,10:15,OTHER,DAILY,"10.15 ते 10.45 विश्रांती",,
19403,"Kankavli To Ratnagiri Rahataghar",Kankavli,Rahataghar,,MO,2863,Nadgive,33.8,,,कणकवली,jlveeefiejer,132.2,06:30,10:15,OTHER,DAILY,"10.15 ते 10.45 विश्रांती",,
19403,"Kankavli To Ratnagiri Rahataghar",Kankavli,Rahataghar,,MO,2812,Kharepatan,37.1,,,कणकवली,jlveeefiejer,132.2,06:30,10:15,OTHER,DAILY,"10.15 ते 10.45 विश्रांती",,
19403,"Kankavli To Ratnagiri Rahataghar",Kankavli,Rahataghar,,MO,15236,"Takewadi School",40.2,,,कणकवली,jlveeefiejer,132.2,06:30,10:15,OTHER,DAILY,"10.15 ते 10.45 विश्रांती",,
19403,"Kankavli To Ratnagiri Rahataghar",Kankavli,Rahataghar,,MO,14879,Panhale,42.6,,,कणकवली,jlveeefiejer,132.2,06:30,10:15,OTHER,DAILY,"10.15 ते 10.45 विश्रांती",,
19403,"Kankavli To Ratnagiri Rahataghar",Kankavli,Rahataghar,,MO,14609,Kodiye,45.6,,,कणकवली,jlveeefiejer,132.2,06:30,10:15,OTHER,DAILY,"10.15 ते 10.45 विश्रांती",,
19403,"Kankavli To Ratnagiri Rahataghar",Kankavli,Rahataghar,,MO,14521,"Hativale Jaitapur Fata",49.1,,,कणकवली,jlveeefiejer,132.2,06:30,10:15,OTHER,DAILY,"10.15 ते 10.45 विश्रांती",,
19403,"Kankavli To Ratnagiri Rahataghar",Kankavli,Rahataghar,,MO,14473,"Ganga Tirtha Fata",53.7,,,कणकवली,jlveeefiejer,132.2,06:30,10:15,OTHER,DAILY,"10.15 ते 10.45 विश्रांती",,
19403,"Kankavli To Ratnagiri Rahataghar",Kankavli,Rahataghar,,MO,15006,Rajapur,57.5,,,कणकवली,jlveeefiejer,132.2,06:30,10:15,OTHER,DAILY,"10.15 ते 10.45 विश्रांती",,
19403,"Kankavli To Ratnagiri Rahataghar",Kankavli,Rahataghar,,MO,14615,"Kodavali School",61.2,,,कणकवली,jlveeefiejer,132.2,06:30,10:15,OTHER,DAILY,"10.15 ते 10.45 विश्रांती",,
19403,"Kankavli To Ratnagiri Rahataghar",Kankavli,Rahataghar,,MO,14831,Nerke,62.8,,,कणकवली,jlveeefiejer,132.2,06:30,10:15,OTHER,DAILY,"10.15 ते 10.45 विश्रांती",,
19403,"Kankavli To Ratnagiri Rahataghar",Kankavli,Rahataghar,,MO,14574,"Kharavate Village/Sorap Shop",63.6,,,कणकवली,jlveeefiejer,132.2,06:30,10:15,OTHER,DAILY,"10.15 ते 10.45 विश्रांती",,
19403,"Kankavli To Ratnagiri Rahataghar",Kankavli,Rahataghar,,MO,14719,"Kharavate Fata",64.5,,,कणकवली,jlveeefiejer,132.2,06:30,10:15,OTHER,DAILY,"10.15 ते 10.45 विश्रांती",,
19403,"Kankavli To Ratnagiri Rahataghar",Kankavli,Rahataghar,,MO,89331,Oni,68.2,,,कणकवली,jlveeefiejer,132.2,06:30,10:15,OTHER,DAILY,"10.15 ते 10.45 विश्रांती",,
19403,"Kankavli To Ratnagiri Rahataghar",Kankavli,Rahataghar,,MO,15325,"Yerdav Fata",70,,,कणकवली,jlveeefiejer,132.2,06:30,10:15,OTHER,DAILY,"10.15 ते 10.45 विश्रांती",,
19403,"Kankavli To Ratnagiri Rahataghar",Kankavli,Rahataghar,,MO,15316,"Watul Titha",73.6,,,कणकवली,jlveeefiejer,132.2,06:30,10:15,OTHER,DAILY,"10.15 ते 10.45 विश्रांती",,
19403,"Kankavli To Ratnagiri Rahataghar",Kankavli,Rahataghar,,MO,15295,"Waked Laxmi Garden",76.6,,,कणकवली,jlveeefiejer,132.2,06:30,10:15,OTHER,DAILY,"10.15 ते 10.45 विश्रांती",,
19403,"Kankavli To Ratnagiri Rahataghar",Kankavli,Rahataghar,,MO,13062,"Ganpati Mandir",81.2,,,कणकवली,jlveeefiejer,132.2,06:30,10:15,OTHER,DAILY,"10.15 ते 10.45 विश्रांती",,
19403,"Kankavli To Ratnagiri Rahataghar",Kankavli,Rahataghar,,MO,13269,"Kuve Fata",82.1,,,कणकवली,jlveeefiejer,132.2,06:30,10:15,OTHER,DAILY,"10.15 ते 10.45 विश्रांती",,
19403,"Kankavli To Ratnagiri Rahataghar",Kankavli,Rahataghar,,MO,13286,Lanja,86.7,,,कणकवली,jlveeefiejer,132.2,06:30,10:15,OTHER,DAILY,"10.15 ते 10.45 विश्रांती",,
19403,"Kankavli To Ratnagiri Rahataghar",Kankavli,Rahataghar,,MO,13276,"Lanja Poultry Farm",88.5,,,कणकवली,jlveeefiejer,132.2,06:30,10:15,OTHER,DAILY,"10.15 ते 10.45 विश्रांती",,
19403,"Kankavli To Ratnagiri Rahataghar",Kankavli,Rahataghar,,MO,13011,"Devle Hed Pavas Fata",92.2,,,कणकवली,jlveeefiejer,132.2,06:30,10:15,OTHER,DAILY,"10.15 ते 10.45 विश्रांती",,
19403,"Kankavli To Ratnagiri Rahataghar",Kankavli,Rahataghar,,MO,13573,Veral,94.6,,,कणकवली,jlveeefiejer,132.2,06:30,10:15,OTHER,DAILY,"10.15 ते 10.45 विश्रांती",,
19403,"Kankavli To Ratnagiri Rahataghar",Kankavli,Rahataghar,,MO,12889,"Anjanari Bridge",97.1,,,कणकवली,jlveeefiejer,132.2,06:30,10:15,OTHER,DAILY,"10.15 ते 10.45 विश्रांती",,
19403,"Kankavli To Ratnagiri Rahataghar",Kankavli,Rahataghar,,MO,13297,Math,98.1,,,कणकवली,jlveeefiejer,132.2,06:30,10:15,OTHER,DAILY,"10.15 ते 10.45 विश्रांती",,
19403,"Kankavli To Ratnagiri Rahataghar",Kankavli,Rahataghar,,MO,13157,Khanu,103,,,कणकवली,jlveeefiejer,132.2,06:30,10:15,OTHER,DAILY,"10.15 ते 10.45 विश्रांती",,
19403,"Kankavli To Ratnagiri Rahataghar",Kankavli,Rahataghar,,MO,16416,Pali,104.8,,,कणकवली,jlveeefiejer,132.2,06:30,10:15,OTHER,DAILY,"10.15 ते 10.45 विश्रांती",,
19403,"Kankavli To Ratnagiri Rahataghar",Kankavli,Rahataghar,,MO,15946,Kapadagaon,109.9,,,कणकवली,jlveeefiejer,132.2,06:30,10:15,OTHER,DAILY,"10.15 ते 10.45 विश्रांती",,
19403,"Kankavli To Ratnagiri Rahataghar",Kankavli,Rahataghar,,MO,15559,Charveli,110,,,कणकवली,jlveeefiejer,132.2,06:30,10:15,OTHER,DAILY,"10.15 ते 10.45 विश्रांती",,
19403,"Kankavli To Ratnagiri Rahataghar",Kankavli,Rahataghar,,MO,16628,Shetifarm,111.8,,,कणकवली,jlveeefiejer,132.2,06:30,10:15,OTHER,DAILY,"10.15 ते 10.45 विश्रांती",,
19403,"Kankavli To Ratnagiri Rahataghar",Kankavli,Rahataghar,,MO,15833,"Hatakhamba Gaon",114.4,,,कणकवली,jlveeefiejer,132.2,06:30,10:15,OTHER,DAILY,"10.15 ते 10.45 विश्रांती",,
19403,"Kankavli To Ratnagiri Rahataghar",Kankavli,Rahataghar,,MO,15851,Hatkhamba,116,,,कणकवली,jlveeefiejer,132.2,06:30,10:15,OTHER,DAILY,"10.15 ते 10.45 विश्रांती",,
19403,"Kankavli To Ratnagiri Rahataghar",Kankavli,Rahataghar,,MO,16466,"Panval Fata",117.4,,,कणकवली,jlveeefiejer,132.2,06:30,10:15,OTHER,DAILY,"10.15 ते 10.45 विश्रांती",,
19403,"Kankavli To Ratnagiri Rahataghar",Kankavli,Rahataghar,,MO,15979,"Khedshi Fata",119.4,,,कणकवली,jlveeefiejer,132.2,06:30,10:15,OTHER,DAILY,"10.15 ते 10.45 विश्रांती",,
19403,"Kankavli To Ratnagiri Rahataghar",Kankavli,Rahataghar,,MO,16108,Kuravbao,122.4,,,कणकवली,jlveeefiejer,132.2,06:30,10:15,OTHER,DAILY,"10.15 ते 10.45 विश्रांती",,
19403,"Kankavli To Ratnagiri Rahataghar",Kankavli,Rahataghar,,MO,16679,"Salvi Stop",123,,,कणकवली,jlveeefiejer,132.2,06:30,10:15,OTHER,DAILY,"10.15 ते 10.45 विश्रांती",,
19403,"Kankavli To Ratnagiri Rahataghar",Kankavli,Rahataghar,,MO,16781,Trp,124,,,कणकवली,jlveeefiejer,132.2,06:30,10:15,OTHER,DAILY,"10.15 ते 10.45 विश्रांती",,
19403,"Kankavli To Ratnagiri Rahataghar",Kankavli,Rahataghar,,MO,16663,Shivajinagar,126,,,कणकवली,jlveeefiejer,132.2,06:30,10:15,OTHER,DAILY,"10.15 ते 10.45 विश्रांती",,
19403,"Kankavli To Ratnagiri Rahataghar",Kankavli,Rahataghar,,MO,16277,"Maruti Dewoul",128,,,कणकवली,jlveeefiejer,132.2,06:30,10:15,OTHER,DAILY,"10.15 ते 10.45 विश्रांती",,
19403,"Kankavli To Ratnagiri Rahataghar",Kankavli,Rahataghar,,MO,16599,Ratnagiri,131.2,,,कणकवली,jlveeefiejer,132.2,06:30,10:15,OTHER,DAILY,"10.15 ते 10.45 विश्रांती",,
19403,"Kankavli To Ratnagiri Rahataghar",Kankavli,Rahataghar,,MO,16548,Rahataghar,132.2,,,कणकवली,jlveeefiejer,132.2,06:30,10:15,OTHER,DAILY,"10.15 ते 10.45 विश्रांती",,
19436,"Tarandale To Kankavli",Tarandale,Kankavli,,MO,2979,Tarandale,,,,तरंदळे,कणकवली,12.3,12:20,12:50,SC,"SAT,SUN",,,
19436,"Tarandale To Kankavli",Tarandale,Kankavli,,MO,2846,"Main Fata",3,,,तरंदळे,कणकवली,12.3,12:20,12:50,SC,"SAT,SUN",,,
19436,"Tarandale To Kankavli",Tarandale,Kankavli,,MO,2980,"Tarandale Mandir",6,,,तरंदळे,कणकवली,12.3,12:20,12:50,SC,"SAT,SUN",,,
19436,"Tarandale To Kankavli",Tarandale,Kankavli,,MO,2827,"Kundewadi Fata",9,,,तरंदळे,कणकवली,12.3,12:20,12:50,SC,"SAT,SUN",,,
19436,"Tarandale To Kankavli",Tarandale,Kankavli,,MO,2786,Kankavli,12.3,,,तरंदळे,कणकवली,12.3,12:20,12:50,SC,"SAT,SUN",,,
19835,"Kharepatan To Tarla Via Kunkavan School-1",Kharepatan,Tarla,"KUNKAVAN SCHOOL-1",MO,2812,Kharepatan,,,,खारेपाटण,तळेरे,25.4,13:30,14:30,SC,DAILY,"10.20 ते 11.00 विश्रांती",,
19835,"Kharepatan To Tarla Via Kunkavan School-1",Kharepatan,Tarla,"KUNKAVAN SCHOOL-1",MO,2864,"Nadgive Ghati",3,,,खारेपाटण,तळेरे,25.4,13:30,14:30,SC,DAILY,"10.20 ते 11.00 विश्रांती",,
19835,"Kharepatan To Tarla Via Kunkavan School-1",Kharepatan,Tarla,"KUNKAVAN SCHOOL-1",MO,2829,"Kunkavan School-1",6,,,खारेपाटण,तळेरे,25.4,13:30,14:30,SC,DAILY,"10.20 ते 11.00 विश्रांती",,
19835,"Kharepatan To Tarla Via Kunkavan School-1",Kharepatan,Tarla,"KUNKAVAN SCHOOL-1",MO,1966,Redesakhal,9,,,खारेपाटण,तळेरे,25.4,13:30,14:30,SC,DAILY,"10.20 ते 11.00 विश्रांती",,
19835,"Kharepatan To Tarla Via Kunkavan School-1",Kharepatan,Tarla,"KUNKAVAN SCHOOL-1",MO,2824,"Kumbharwadi School",12,,,खारेपाटण,तळेरे,25.4,13:30,14:30,SC,DAILY,"10.20 ते 11.00 विश्रांती",,
19835,"Kharepatan To Tarla Via Kunkavan School-1",Kharepatan,Tarla,"KUNKAVAN SCHOOL-1",MO,2818,Kondwadi,13.2,,,खारेपाटण,तळेरे,25.4,13:30,14:30,SC,DAILY,"10.20 ते 11.00 विश्रांती",,
19835,"Kharepatan To Tarla Via Kunkavan School-1",Kharepatan,Tarla,"KUNKAVAN SCHOOL-1",MO,3011,"Wargaon School",15,,,खारेपाटण,तळेरे,25.4,13:30,14:30,SC,DAILY,"10.20 ते 11.00 विश्रांती",,
19835,"Kharepatan To Tarla Via Kunkavan School-1",Kharepatan,Tarla,"KUNKAVAN SCHOOL-1",MO,3010,Wargaon,16,,,खारेपाटण,तळेरे,25.4,13:30,14:30,SC,DAILY,"10.20 ते 11.00 विश्रांती",,
19835,"Kharepatan To Tarla Via Kunkavan School-1",Kharepatan,Tarla,"KUNKAVAN SCHOOL-1",MO,2844,"Mail Stone",18,,,खारेपाटण,तळेरे,25.4,13:30,14:30,SC,DAILY,"10.20 ते 11.00 विश्रांती",,
19835,"Kharepatan To Tarla Via Kunkavan School-1",Kharepatan,Tarla,"KUNKAVAN SCHOOL-1",MO,2941,Saliste,20,,,खारेपाटण,तळेरे,25.4,13:30,14:30,SC,DAILY,"10.20 ते 11.00 विश्रांती",,
19835,"Kharepatan To Tarla Via Kunkavan School-1",Kharepatan,Tarla,"KUNKAVAN SCHOOL-1",MO,2844,"Mail Stone",21,,,खारेपाटण,तळेरे,25.4,13:30,14:30,SC,DAILY,"10.20 ते 11.00 विश्रांती",,
19835,"Kharepatan To Tarla Via Kunkavan School-1",Kharepatan,Tarla,"KUNKAVAN SCHOOL-1",MO,2982,Tarla,25.4,,,खारेपाटण,तळेरे,25.4,13:30,14:30,SC,DAILY,"10.20 ते 11.00 विश्रांती",,
46918,"Moude To Vaibhavwadi",Moude,Vaibhavwadi,,MO,9239,Moude,,,,मौदे,वैभववाडी,35.2,13:20,14:30,MV,SUNDAY,,"भुइबावडा हेत",
46918,"Moude To Vaibhavwadi",Moude,Vaibhavwadi,,MO,9202,Guravwadi,3.6,,,मौदे,वैभववाडी,35.2,13:20,14:30,MV,SUNDAY,,"भुइबावडा हेत",
46918,"Moude To Vaibhavwadi",Moude,Vaibhavwadi,,MO,9183,Bhom,7.5,,,मौदे,वैभववाडी,35.2,13:20,14:30,MV,SUNDAY,,"भुइबावडा हेत",
46918,"Moude To Vaibhavwadi",Moude,Vaibhavwadi,,MO,9175,Akhavane,8.8,,,मौदे,वैभववाडी,35.2,13:20,14:30,MV,SUNDAY,,"भुइबावडा हेत",
46918,"Moude To Vaibhavwadi",Moude,Vaibhavwadi,,MO,9206,"Het Fata",12.6,,,मौदे,वैभववाडी,35.2,13:20,14:30,MV,SUNDAY,,"भुइबावडा हेत",
46918,"Moude To Vaibhavwadi",Moude,Vaibhavwadi,,MO,9269,Sansarewadi,13.4,,,मौदे,वैभववाडी,35.2,13:20,14:30,MV,SUNDAY,,"भुइबावडा हेत",
46918,"Moude To Vaibhavwadi",Moude,Vaibhavwadi,,MO,9234,"Mangawali High School",14.3,,,मौदे,वैभववाडी,35.2,13:20,14:30,MV,SUNDAY,,"भुइबावडा हेत",
46918,"Moude To Vaibhavwadi",Moude,Vaibhavwadi,,MO,9232,"Mangawali Bridge",15.6,,,मौदे,वैभववाडी,35.2,13:20,14:30,MV,SUNDAY,,"भुइबावडा हेत",
46918,"Moude To Vaibhavwadi",Moude,Vaibhavwadi,,MO,9296,Waniwadi,18.4,,,मौदे,वैभववाडी,35.2,13:20,14:30,MV,SUNDAY,,"भुइबावडा हेत",
46918,"Moude To Vaibhavwadi",Moude,Vaibhavwadi,,MO,9294,"Vengsar Fata",20.6,,,मौदे,वैभववाडी,35.2,13:20,14:30,MV,SUNDAY,,"भुइबावडा हेत",
46918,"Moude To Vaibhavwadi",Moude,Vaibhavwadi,,MO,9220,"Kolpe Dukan",21.4,,,मौदे,वैभववाडी,35.2,13:20,14:30,MV,SUNDAY,,"भुइबावडा हेत",
46918,"Moude To Vaibhavwadi",Moude,Vaibhavwadi,,MO,9286,"Umbarde Canteen",24.1,,,मौदे,वैभववाडी,35.2,13:20,14:30,MV,SUNDAY,,"भुइबावडा हेत",
46918,"Moude To Vaibhavwadi",Moude,Vaibhavwadi,,MO,9226,"Kusur Bazarwadi",27.4,,,मौदे,वैभववाडी,35.2,13:20,14:30,MV,SUNDAY,,"भुइबावडा हेत",
46918,"Moude To Vaibhavwadi",Moude,Vaibhavwadi,,MO,9258,Pimpalwadi,30.8,,,मौदे,वैभववाडी,35.2,13:20,14:30,MV,SUNDAY,,"भुइबावडा हेत",
46918,"Moude To Vaibhavwadi",Moude,Vaibhavwadi,,MO,9247,"Narkar Dukan",31.8,,,मौदे,वैभववाडी,35.2,13:20,14:30,MV,SUNDAY,,"भुइबावडा हेत",
46918,"Moude To Vaibhavwadi",Moude,Vaibhavwadi,,MO,9291,Vaibhavwadi,35.2,,,मौदे,वैभववाडी,35.2,13:20,14:30,MV,SUNDAY,,"भुइबावडा हेत",
59418,"Kankavli To Main",Kankavli,Main,,MO,2786,Kankavli,,,,कणकवली,माईण,18,08:40,09:20,OBL,DAILY,,तरंदळे,
59418,"Kankavli To Main",Kankavli,Main,,MO,2827,"Kundewadi Fata",3,,,कणकवली,माईण,18,08:40,09:20,OBL,DAILY,,तरंदळे,
59418,"Kankavli To Main",Kankavli,Main,,MO,2980,"Tarandale Mandir",6,,,कणकवली,माईण,18,08:40,09:20,OBL,DAILY,,तरंदळे,
59418,"Kankavli To Main",Kankavli,Main,,MO,2846,"Main Fata",9,,,कणकवली,माईण,18,08:40,09:20,OBL,DAILY,,तरंदळे,
59418,"Kankavli To Main",Kankavli,Main,,MO,2685,Chirekhan,10.3,,,कणकवली,माईण,18,08:40,09:20,OBL,DAILY,,तरंदळे,
59418,"Kankavli To Main",Kankavli,Main,,MO,2848,"Main Sutarwadi",12,,,कणकवली,माईण,18,08:40,09:20,OBL,DAILY,,तरंदळे,
59418,"Kankavli To Main",Kankavli,Main,,MO,2991,Ubadewadi,15,,,कणकवली,माईण,18,08:40,09:20,OBL,DAILY,,तरंदळे,
59418,"Kankavli To Main",Kankavli,Main,,MO,2845,Main,18,,,कणकवली,माईण,18,08:40,09:20,OBL,DAILY,,तरंदळे,
59671,"Waingani To Kankavli",Waingani,Kankavli,,MO,7027,Waingani,,,,"वायनगणी आचरा",कणकवली,32.9,12:40,13:50,NON,DAILY,,"आचरा रामगड",
59671,"Waingani To Kankavli",Waingani,Kankavli,,MO,6983,Sadewadi,2.1,,,"वायनगणी आचरा",कणकवली,32.9,12:40,13:50,NON,DAILY,,"आचरा रामगड",
59671,"Waingani To Kankavli",Waingani,Kankavli,,MO,6745,"Acharekar Bag",3.1,,,"वायनगणी आचरा",कणकवली,32.9,12:40,13:50,NON,DAILY,,"आचरा रामगड",
59671,"Waingani To Kankavli",Waingani,Kankavli,,MO,6740,Achara,6,,,"वायनगणी आचरा",कणकवली,32.9,12:40,13:50,NON,DAILY,,"आचरा रामगड",
59671,"Waingani To Kankavli",Waingani,Kankavli,,MO,6798,"Chindar Wad",9,,,"वायनगणी आचरा",कणकवली,32.9,12:40,13:50,NON,DAILY,,"आचरा रामगड",
59671,"Waingani To Kankavli",Waingani,Kankavli,,MO,7009,"Trimbak Bazar",12,,,"वायनगणी आचरा",कणकवली,32.9,12:40,13:50,NON,DAILY,,"आचरा रामगड",
59671,"Waingani To Kankavli",Waingani,Kankavli,,MO,7011,"Trimbak Sapala",13.2,,,"वायनगणी आचरा",कणकवली,32.9,12:40,13:50,NON,DAILY,,"आचरा रामगड",
59671,"Waingani To Kankavli",Waingani,Kankavli,,MO,6953,"Palsamb School",15,,,"वायनगणी आचरा",कणकवली,32.9,12:40,13:50,NON,DAILY,,"आचरा रामगड",
59671,"Waingani To Kankavli",Waingani,Kankavli,,MO,6858,"Kaju Stop",18,,,"वायनगणी आचरा",कणकवली,32.9,12:40,13:50,NON,DAILY,,"आचरा रामगड",
59671,"Waingani To Kankavli",Waingani,Kankavli,,MO,6749,"Adawali Titha",19.2,,,"वायनगणी आचरा",कणकवली,32.9,12:40,13:50,NON,DAILY,,"आचरा रामगड",
59671,"Waingani To Kankavli",Waingani,Kankavli,,MO,6910,"Mail Dagad",21,,,"वायनगणी आचरा",कणकवली,32.9,12:40,13:50,NON,DAILY,,"आचरा रामगड",
59671,"Waingani To Kankavli",Waingani,Kankavli,,MO,6997,Shravan,23.1,,,"वायनगणी आचरा",कणकवली,32.9,12:40,13:50,NON,DAILY,,"आचरा रामगड",
59671,"Waingani To Kankavli",Waingani,Kankavli,,MO,6777,"Belne Fata",24,,,"वायनगणी आचरा",कणकवली,32.9,12:40,13:50,NON,DAILY,,"आचरा रामगड",
59671,"Waingani To Kankavli",Waingani,Kankavli,,MO,6971,"Ramgad Bazar",27,,,"वायनगणी आचरा",कणकवली,32.9,12:40,13:50,NON,DAILY,,"आचरा रामगड",
59671,"Waingani To Kankavli",Waingani,Kankavli,,MO,2737,"Gothane Wad",30,,,"वायनगणी आचरा",कणकवली,32.9,12:40,13:50,NON,DAILY,,"आचरा रामगड",
59671,"Waingani To Kankavli",Waingani,Kankavli,,MO,2902,"Phalsewadi School",33,,,"वायनगणी आचरा",कणकवली,32.9,12:40,13:50,NON,DAILY,,"आचरा रामगड",
59671,"Waingani To Kankavli",Waingani,Kankavli,,MO,88092,"Kalmath Phanaswadi",36,,,"वायनगणी आचरा",कणकवली,32.9,12:40,13:50,NON,DAILY,,"आचरा रामगड",
59671,"Waingani To Kankavli",Waingani,Kankavli,,MO,2786,Kankavli,39,,,"वायनगणी आचरा",कणकवली,32.9,12:40,13:50,NON,DAILY,,"आचरा रामगड",
59677,"Shirval To Kasal Via Kalsuli Post",Shirval,Kasal,"KALSULI POST",MO,2967,Shirval,,,,शिरवळ,कसाल,24,09:50,10:35,SC,SUN,,"कळसुली,कसाल",
59677,"Shirval To Kasal Via Kalsuli Post",Shirval,Kasal,"KALSULI POST",MO,2969,"Shirval Phanas",3,,,शिरवळ,कसाल,24,09:50,10:35,SC,SUN,,"कळसुली,कसाल",
59677,"Shirval To Kasal Via Kalsuli Post",Shirval,Kasal,"KALSULI POST",MO,2779,"Kalsuli Post",6,,,शिरवळ,कसाल,24,09:50,10:35,SC,SUN,,"कळसुली,कसाल",
59677,"Shirval To Kasal Via Kalsuli Post",Shirval,Kasal,"KALSULI POST",MO,2718,Gadgewadi,9,,,शिरवळ,कसाल,24,09:50,10:35,SC,SUN,,"कळसुली,कसाल",
59677,"Shirval To Kasal Via Kalsuli Post",Shirval,Kasal,"KALSULI POST",MO,6090,Ambrad,12,,,शिरवळ,कसाल,24,09:50,10:35,SC,SUN,,"कळसुली,कसाल",
59677,"Shirval To Kasal Via Kalsuli Post",Shirval,Kasal,"KALSULI POST",MO,6371,"Pokharan School",15,,,शिरवळ,कसाल,24,09:50,10:35,SC,SUN,,"कळसुली,कसाल",
59677,"Shirval To Kasal Via Kalsuli Post",Shirval,Kasal,"KALSULI POST",MO,6264,Kunde,18,,,शिरवळ,कसाल,24,09:50,10:35,SC,SUN,,"कळसुली,कसाल",
59677,"Shirval To Kasal Via Kalsuli Post",Shirval,Kasal,"KALSULI POST",MO,6315,"Mile Stone",21,,,शिरवळ,कसाल,24,09:50,10:35,SC,SUN,,"कळसुली,कसाल",
59677,"Shirval To Kasal Via Kalsuli Post",Shirval,Kasal,"KALSULI POST",MO,6281,Kasal,24,,,शिरवळ,कसाल,24,09:50,10:35,SC,SUN,,"कळसुली,कसाल",
59729,"Kankavli To Malvan Via Madhavwadi",Kankavli,Malvan,MADHAVWADI,MO,2786,Kankavli,,,,कणकवली,मालवण,60,13:30,15:40,NON,DAILY,"15.40 ते 16.10 विश्रांती","त्रिंबक,बागवेवाडी आचरा",
59729,"Kankavli To Malvan Via Madhavwadi",Kankavli,Malvan,MADHAVWADI,MO,88092,"Kalmath Phanaswadi",3,,,कणकवली,मालवण,60,13:30,15:40,NON,DAILY,"15.40 ते 16.10 विश्रांती","त्रिंबक,बागवेवाडी आचरा",
59729,"Kankavli To Malvan Via Madhavwadi",Kankavli,Malvan,MADHAVWADI,MO,2902,"Phalsewadi School",6,,,कणकवली,मालवण,60,13:30,15:40,NON,DAILY,"15.40 ते 16.10 विश्रांती","त्रिंबक,बागवेवाडी आचरा",
59729,"Kankavli To Malvan Via Madhavwadi",Kankavli,Malvan,MADHAVWADI,MO,2737,"Gothane Wad",9,,,कणकवली,मालवण,60,13:30,15:40,NON,DAILY,"15.40 ते 16.10 विश्रांती","त्रिंबक,बागवेवाडी आचरा",
59729,"Kankavli To Malvan Via Madhavwadi",Kankavli,Malvan,MADHAVWADI,MO,6971,"Ramgad Bazar",12,,,कणकवली,मालवण,60,13:30,15:40,NON,DAILY,"15.40 ते 16.10 विश्रांती","त्रिंबक,बागवेवाडी आचरा",
59729,"Kankavli To Malvan Via Madhavwadi",Kankavli,Malvan,MADHAVWADI,MO,6777,"Belne Fata",15,,,कणकवली,मालवण,60,13:30,15:40,NON,DAILY,"15.40 ते 16.10 विश्रांती","त्रिंबक,बागवेवाडी आचरा",
59729,"Kankavli To Malvan Via Madhavwadi",Kankavli,Malvan,MADHAVWADI,MO,6997,Shravan,16.2,,,कणकवली,मालवण,60,13:30,15:40,NON,DAILY,"15.40 ते 16.10 विश्रांती","त्रिंबक,बागवेवाडी आचरा",
59729,"Kankavli To Malvan Via Madhavwadi",Kankavli,Malvan,MADHAVWADI,MO,6822,Gavliwadi,18,,,कणकवली,मालवण,60,13:30,15:40,NON,DAILY,"15.40 ते 16.10 विश्रांती","त्रिंबक,बागवेवाडी आचरा",
59729,"Kankavli To Malvan Via Madhavwadi",Kankavli,Malvan,MADHAVWADI,MO,6749,"Adawali Titha",19.2,,,कणकवली,मालवण,60,13:30,15:40,NON,DAILY,"15.40 ते 16.10 विश्रांती","त्रिंबक,बागवेवाडी आचरा",
59729,"Kankavli To Malvan Via Madhavwadi",Kankavli,Malvan,MADHAVWADI,MO,6858,"Kaju Stop",21,,,कणकवली,मालवण,60,13:30,15:40,NON,DAILY,"15.40 ते 16.10 विश्रांती","त्रिंबक,बागवेवाडी आचरा",
59729,"Kankavli To Malvan Via Madhavwadi",Kankavli,Malvan,MADHAVWADI,MO,6953,"Palsamb School",24,,,कणकवली,मालवण,60,13:30,15:40,NON,DAILY,"15.40 ते 16.10 विश्रांती","त्रिंबक,बागवेवाडी आचरा",
59729,"Kankavli To Malvan Via Madhavwadi",Kankavli,Malvan,MADHAVWADI,MO,7011,"Trimbak Sapala",25.2,,,कणकवली,मालवण,60,13:30,15:40,NON,DAILY,"15.40 ते 16.10 विश्रांती","त्रिंबक,बागवेवाडी आचरा",
59729,"Kankavli To Malvan Via Madhavwadi",Kankavli,Malvan,MADHAVWADI,MO,6918,Mandir,27,,,कणकवली,मालवण,60,13:30,15:40,NON,DAILY,"15.40 ते 16.10 विश्रांती","त्रिंबक,बागवेवाडी आचरा",
59729,"Kankavli To Malvan Via Madhavwadi",Kankavli,Malvan,MADHAVWADI,MO,6902,Madhavwadi,30,,,कणकवली,मालवण,60,13:30,15:40,NON,DAILY,"15.40 ते 16.10 विश्रांती","त्रिंबक,बागवेवाडी आचरा",
59729,"Kankavli To Malvan Via Madhavwadi",Kankavli,Malvan,MADHAVWADI,MO,6798,"Chindar Wad",33,,,कणकवली,मालवण,60,13:30,15:40,NON,DAILY,"15.40 ते 16.10 विश्रांती","त्रिंबक,बागवेवाडी आचरा",
59729,"Kankavli To Malvan Via Madhavwadi",Kankavli,Malvan,MADHAVWADI,MO,6740,Achara,36,,,कणकवली,मालवण,60,13:30,15:40,NON,DAILY,"15.40 ते 16.10 विश्रांती","त्रिंबक,बागवेवाडी आचरा",
59729,"Kankavli To Malvan Via Madhavwadi",Kankavli,Malvan,MADHAVWADI,MO,6983,Sadewadi,39,,,कणकवली,मालवण,60,13:30,15:40,NON,DAILY,"15.40 ते 16.10 विश्रांती","त्रिंबक,बागवेवाडी आचरा",
59729,"Kankavli To Malvan Via Madhavwadi",Kankavli,Malvan,MADHAVWADI,MO,6859,Kalawal,42,,,कणकवली,मालवण,60,13:30,15:40,NON,DAILY,"15.40 ते 16.10 विश्रांती","त्रिंबक,बागवेवाडी आचरा",
59729,"Kankavli To Malvan Via Madhavwadi",Kankavli,Malvan,MADHAVWADI,MO,6921,Margeshwar,45,,,कणकवली,मालवण,60,13:30,15:40,NON,DAILY,"15.40 ते 16.10 विश्रांती","त्रिंबक,बागवेवाडी आचरा",
59729,"Kankavli To Malvan Via Madhavwadi",Kankavli,Malvan,MADHAVWADI,MO,6817,"Gadgil Stop",48,,,कणकवली,मालवण,60,13:30,15:40,NON,DAILY,"15.40 ते 16.10 विश्रांती","त्रिंबक,बागवेवाडी आचरा",
59729,"Kankavli To Malvan Via Madhavwadi",Kankavli,Malvan,MADHAVWADI,MO,6889,Kolamb,54.2,,,कणकवली,मालवण,60,13:30,15:40,NON,DAILY,"15.40 ते 16.10 विश्रांती","त्रिंबक,बागवेवाडी आचरा",
59729,"Kankavli To Malvan Via Madhavwadi",Kankavli,Malvan,MADHAVWADI,MO,6915,Malvan,60,,,कणकवली,मालवण,60,13:30,15:40,NON,DAILY,"15.40 ते 16.10 विश्रांती","त्रिंबक,बागवेवाडी आचरा",
83317,"Nawale Dhangarwadi To Vaibhavwadi Via Sangulwadi","Nawale Dhangarwadi",Vaibhavwadi,SANGULWADI,MO,9248,"Nawale Dhangarwadi",,,,नावळे,वैभववाडी,11.4,15:05,15:30,MV,DAILY,,,
83317,"Nawale Dhangarwadi To Vaibhavwadi Via Sangulwadi","Nawale Dhangarwadi",Vaibhavwadi,SANGULWADI,MO,9191,"Dhangarwadi Shala",2.4,,,नावळे,वैभववाडी,11.4,15:05,15:30,MV,DAILY,,,
83317,"Nawale Dhangarwadi To Vaibhavwadi Via Sangulwadi","Nawale Dhangarwadi",Vaibhavwadi,SANGULWADI,MO,9195,Gaothanwadi,3.4,,,नावळे,वैभववाडी,11.4,15:05,15:30,MV,DAILY,,,
83317,"Nawale Dhangarwadi To Vaibhavwadi Via Sangulwadi","Nawale Dhangarwadi",Vaibhavwadi,SANGULWADI,MO,9281,Tembwadi,5.4,,,नावळे,वैभववाडी,11.4,15:05,15:30,MV,DAILY,,,
83317,"Nawale Dhangarwadi To Vaibhavwadi Via Sangulwadi","Nawale Dhangarwadi",Vaibhavwadi,SANGULWADI,MO,9259,Pool,8.4,,,नावळे,वैभववाडी,11.4,15:05,15:30,MV,DAILY,,,
83317,"Nawale Dhangarwadi To Vaibhavwadi Via Sangulwadi","Nawale Dhangarwadi",Vaibhavwadi,SANGULWADI,MO,9268,Sangulwadi,9.2,,,नावळे,वैभववाडी,11.4,15:05,15:30,MV,DAILY,,,
83317,"Nawale Dhangarwadi To Vaibhavwadi Via Sangulwadi","Nawale Dhangarwadi",Vaibhavwadi,SANGULWADI,MO,9291,Vaibhavwadi,11.4,,,नावळे,वैभववाडी,11.4,15:05,15:30,MV,DAILY,,,
83969,"Kankavli To Phonda Via Karanje Khind",Kankavli,Phonda,"KARANJE KHIND",MO,2786,Kankavli,,,,कणकवली,फोंडा,24.4,06:50,07:50,NON,DAILY,,करंजे,
83969,"Kankavli To Phonda Via Karanje Khind",Kankavli,Phonda,"KARANJE KHIND",MO,2844,"Mail Stone",3,,,कणकवली,फोंडा,24.4,06:50,07:50,NON,DAILY,,करंजे,
83969,"Kankavli To Phonda Via Karanje Khind",Kankavli,Phonda,"KARANJE KHIND",MO,2868,"Nagave Marathi School",6,,,कणकवली,फोंडा,24.4,06:50,07:50,NON,DAILY,,करंजे,
83969,"Kankavli To Phonda Via Karanje Khind",Kankavli,Phonda,"KARANJE KHIND",MO,2823,"Kumbharwadi Gavaldeo",8.8,,,कणकवली,फोंडा,24.4,06:50,07:50,NON,DAILY,,करंजे,
83969,"Kankavli To Phonda Via Karanje Khind",Kankavli,Phonda,"KARANJE KHIND",MO,2789,"Karanje Ravalnath Mandir",10.2,,,कणकवली,फोंडा,24.4,06:50,07:50,NON,DAILY,,करंजे,
83969,"Kankavli To Phonda Via Karanje Khind",Kankavli,Phonda,"KARANJE KHIND",MO,2949,"Saticha Mal",12,,,कणकवली,फोंडा,24.4,06:50,07:50,NON,DAILY,,करंजे,
83969,"Kankavli To Phonda Via Karanje Khind",Kankavli,Phonda,"KARANJE KHIND",MO,2788,"Karanje Khind",15,,,कणकवली,फोंडा,24.4,06:50,07:50,NON,DAILY,,करंजे,
83969,"Kankavli To Phonda Via Karanje Khind",Kankavli,Phonda,"KARANJE KHIND",MO,2682,Chinch,18,,,कणकवली,फोंडा,24.4,06:50,07:50,NON,DAILY,,करंजे,
83969,"Kankavli To Phonda Via Karanje Khind",Kankavli,Phonda,"KARANJE KHIND",MO,2749,"Harkul Thade",19.7,,,कणकवली,फोंडा,24.4,06:50,07:50,NON,DAILY,,करंजे,
83969,"Kankavli To Phonda Via Karanje Khind",Kankavli,Phonda,"KARANJE KHIND",MO,2899,Pawanadevi,21,,,कणकवली,फोंडा,24.4,06:50,07:50,NON,DAILY,,करंजे,
83969,"Kankavli To Phonda Via Karanje Khind",Kankavli,Phonda,"KARANJE KHIND",MO,2904,Phonda,24.4,,,कणकवली,फोंडा,24.4,06:50,07:50,NON,DAILY,,करंजे,
90332,"Vaibhavwadi To Ainari",Vaibhavwadi,Ainari,,MO,9291,Vaibhavwadi,,,,वैभववाडी,ऐनारी,21,07:30,08:10,MV,SUNDAY,,"उम्बर्दे भुइबावदा",
90332,"Vaibhavwadi To Ainari",Vaibhavwadi,Ainari,,MO,9274,Sonali,3,,,वैभववाडी,ऐनारी,21,07:30,08:10,MV,SUNDAY,,"उम्बर्दे भुइबावदा",
90332,"Vaibhavwadi To Ainari",Vaibhavwadi,Ainari,,MO,9226,"Kusur Bazarwadi",6,,,वैभववाडी,ऐनारी,21,07:30,08:10,MV,SUNDAY,,"उम्बर्दे भुइबावदा",
90332,"Vaibhavwadi To Ainari",Vaibhavwadi,Ainari,,MO,9285,Umbarde,9,,,वैभववाडी,ऐनारी,21,07:30,08:10,MV,SUNDAY,,"उम्बर्दे भुइबावदा",
90332,"Vaibhavwadi To Ainari",Vaibhavwadi,Ainari,,MO,9296,Waniwadi,12,,,वैभववाडी,ऐनारी,21,07:30,08:10,MV,SUNDAY,,"उम्बर्दे भुइबावदा",
90332,"Vaibhavwadi To Ainari",Vaibhavwadi,Ainari,,MO,9233,"Mangawali Dispensary",15,,,वैभववाडी,ऐनारी,21,07:30,08:10,MV,SUNDAY,,"उम्बर्दे भुइबावदा",
90332,"Vaibhavwadi To Ainari",Vaibhavwadi,Ainari,,MO,9186,Bhuibavada,18,,,वैभववाडी,ऐनारी,21,07:30,08:10,MV,SUNDAY,,"उम्बर्दे भुइबावदा",
90332,"Vaibhavwadi To Ainari",Vaibhavwadi,Ainari,,MO,9173,Ainari,21,,,वैभववाडी,ऐनारी,21,07:30,08:10,MV,SUNDAY,,"उम्बर्दे भुइबावदा",
90357,"Phonda To Karul",Phonda,Karul,,MO,2904,Phonda,,,,फोंडा,करूळ,8.2,16:20,16:35,SC,"SAT,SUN",,,
90357,"Phonda To Karul",Phonda,Karul,,MO,2787,"Kankavli Nandgaon Fata",3,,,फोंडा,करूळ,8.2,16:20,16:35,SC,"SAT,SUN",,,
90357,"Phonda To Karul",Phonda,Karul,,MO,2781,Kanadewadi,6,,,फोंडा,करूळ,8.2,16:20,16:35,SC,"SAT,SUN",,,
90357,"Phonda To Karul",Phonda,Karul,,MO,2790,Karul,8.2,,,फोंडा,करूळ,8.2,16:20,16:35,SC,"SAT,SUN",,,
121138,"Masure To Kankavli",Masure,Kankavli,,MO,6927,Masure,,,,मसुरे,कणकवली,35.8,14:40,15:55,NON,DAILY,,"बंदिवाडे कोइल",
121138,"Masure To Kankavli",Masure,Kankavli,,MO,6771,"Bandivade Bundar",3,,,मसुरे,कणकवली,35.8,14:40,15:55,NON,DAILY,,"बंदिवाडे कोइल",
121138,"Masure To Kankavli",Masure,Kankavli,,MO,6796,"Chariwade Gpo",6,,,मसुरे,कणकवली,35.8,14:40,15:55,NON,DAILY,,"बंदिवाडे कोइल",
121138,"Masure To Kankavli",Masure,Kankavli,,MO,6887,Koil,9,,,मसुरे,कणकवली,35.8,14:40,15:55,NON,DAILY,,"बंदिवाडे कोइल",
121138,"Masure To Kankavli",Masure,Kankavli,,MO,6910,"Mail Dagad",12,,,मसुरे,कणकवली,35.8,14:40,15:55,NON,DAILY,,"बंदिवाडे कोइल",
121138,"Masure To Kankavli",Masure,Kankavli,,MO,6747,"Adavali Gaon",13.2,,,मसुरे,कणकवली,35.8,14:40,15:55,NON,DAILY,,"बंदिवाडे कोइल",
121138,"Masure To Kankavli",Masure,Kankavli,,MO,6910,"Mail Dagad",15,,,मसुरे,कणकवली,35.8,14:40,15:55,NON,DAILY,,"बंदिवाडे कोइल",
121138,"Masure To Kankavli",Masure,Kankavli,,MO,6997,Shravan,16.7,,,मसुरे,कणकवली,35.8,14:40,15:55,NON,DAILY,,"बंदिवाडे कोइल",
121138,"Masure To Kankavli",Masure,Kankavli,,MO,6776,Belne,18,,,मसुरे,कणकवली,35.8,14:40,15:55,NON,DAILY,,"बंदिवाडे कोइल",
121138,"Masure To Kankavli",Masure,Kankavli,,MO,6971,"Ramgad Bazar",21,,,मसुरे,कणकवली,35.8,14:40,15:55,NON,DAILY,,"बंदिवाडे कोइल",
121138,"Masure To Kankavli",Masure,Kankavli,,MO,6835,"Gothane Wad",24,,,मसुरे,कणकवली,35.8,14:40,15:55,NON,DAILY,,"बंदिवाडे कोइल",
121138,"Masure To Kankavli",Masure,Kankavli,,MO,2902,"Phalsewadi School",27,,,मसुरे,कणकवली,35.8,14:40,15:55,NON,DAILY,,"बंदिवाडे कोइल",
121138,"Masure To Kankavli",Masure,Kankavli,,MO,88092,"Kalmath Phanaswadi",30,,,मसुरे,कणकवली,35.8,14:40,15:55,NON,DAILY,,"बंदिवाडे कोइल",
121138,"Masure To Kankavli",Masure,Kankavli,,MO,2786,Kankavli,35.8,,,मसुरे,कणकवली,35.8,14:40,15:55,NON,DAILY,,"बंदिवाडे कोइल",
125713,"Kharepatan To Manche Via Pombhurle",Kharepatan,Manche,POMBHURLE,MO,2812,Kharepatan,,,,खारेपाटण,मणचे,23.8,19:10,20:10,OBL,DAILY,,"मणचे वस्ती",
125713,"Kharepatan To Manche Via Pombhurle",Kharepatan,Manche,POMBHURLE,MO,2056,"Waingani Stop",3.7,,,खारेपाटण,मणचे,23.8,19:10,20:10,OBL,DAILY,,"मणचे वस्ती",
125713,"Kharepatan To Manche Via Pombhurle",Kharepatan,Manche,POMBHURLE,MO,1779,"Kunkavan Poy",6.7,,,खारेपाटण,मणचे,23.8,19:10,20:10,OBL,DAILY,,"मणचे वस्ती",
125713,"Kharepatan To Manche Via Pombhurle",Kharepatan,Manche,POMBHURLE,MO,1802,"Korle Banewadi",9.7,,,खारेपाटण,मणचे,23.8,19:10,20:10,OBL,DAILY,,"मणचे वस्ती",
125713,"Kharepatan To Manche Via Pombhurle",Kharepatan,Manche,POMBHURLE,MO,1877,Musalmanwadi,10.2,,,खारेपाटण,मणचे,23.8,19:10,20:10,OBL,DAILY,,"मणचे वस्ती",
125713,"Kharepatan To Manche Via Pombhurle",Kharepatan,Manche,POMBHURLE,MO,1693,"Dhalawali Hariyalwadi",12.1,,,खारेपाटण,मणचे,23.8,19:10,20:10,OBL,DAILY,,"मणचे वस्ती",
125713,"Kharepatan To Manche Via Pombhurle",Kharepatan,Manche,POMBHURLE,MO,1936,Pombhurle,15.7,,,खारेपाटण,मणचे,23.8,19:10,20:10,OBL,DAILY,,"मणचे वस्ती",
125713,"Kharepatan To Manche Via Pombhurle",Kharepatan,Manche,POMBHURLE,MO,1664,Bagwadi,18.1,,,खारेपाटण,मणचे,23.8,19:10,20:10,OBL,DAILY,,"मणचे वस्ती",
125713,"Kharepatan To Manche Via Pombhurle",Kharepatan,Manche,POMBHURLE,MO,1856,Malpe,20.9,,,खारेपाटण,मणचे,23.8,19:10,20:10,OBL,DAILY,,"मणचे वस्ती",
125713,"Kharepatan To Manche Via Pombhurle",Kharepatan,Manche,POMBHURLE,MO,1835,Manche,23.8,,,खारेपाटण,मणचे,23.8,19:10,20:10,OBL,DAILY,,"मणचे वस्ती",
125853,"Bhat Wadi To Kankavli Via Bhat Dukan","Bhat Wadi",Kankavli,"BHAT DUKAN",MO,2661,"Bhat Wadi",,,,भटवाडी,कणकवली,11.4,14:20,14:45,NON,DAILY,,"भाट दुकान",
125853,"Bhat Wadi To Kankavli Via Bhat Dukan","Bhat Wadi",Kankavli,"BHAT DUKAN",MO,2900,Pednekarwadi,2.4,,,भटवाडी,कणकवली,11.4,14:20,14:45,NON,DAILY,,"भाट दुकान",
125853,"Bhat Wadi To Kankavli Via Bhat Dukan","Bhat Wadi",Kankavli,"BHAT DUKAN",MO,2660,"Bhat Dukan",5.4,,,भटवाडी,कणकवली,11.4,14:20,14:45,NON,DAILY,,"भाट दुकान",
125853,"Bhat Wadi To Kankavli Via Bhat Dukan","Bhat Wadi",Kankavli,"BHAT DUKAN",MO,2859,Mudeshwar,8.4,,,भटवाडी,कणकवली,11.4,14:20,14:45,NON,DAILY,,"भाट दुकान",
125853,"Bhat Wadi To Kankavli Via Bhat Dukan","Bhat Wadi",Kankavli,"BHAT DUKAN",MO,2786,Kankavli,11.4,,,भटवाडी,कणकवली,11.4,14:20,14:45,NON,DAILY,,"भाट दुकान",
125858,"Thalkarwadi To Kankavli Via Halwal Fata",Thalkarwadi,Kankavli,"HALWAL FATA",MO,2986,Thalkarwadi,,,,थळकरवाडी,कणकवली,15,08:20,08:50,SC,DAILY,,"हलवळ शिवडाव",
125858,"Thalkarwadi To Kankavli Via Halwal Fata",Thalkarwadi,Kankavli,"HALWAL FATA",MO,2751,"Hattiche Bridge",3,,,थळकरवाडी,कणकवली,15,08:20,08:50,SC,DAILY,,"हलवळ शिवडाव",
125858,"Thalkarwadi To Kankavli Via Halwal Fata",Thalkarwadi,Kankavli,"HALWAL FATA",MO,2972,"Shivdav High School",4.9,,,थळकरवाडी,कणकवली,15,08:20,08:50,SC,DAILY,,"हलवळ शिवडाव",
125858,"Thalkarwadi To Kankavli Via Halwal Fata",Thalkarwadi,Kankavli,"HALWAL FATA",MO,2936,"Sai Mandir",6.9,,,थळकरवाडी,कणकवली,15,08:20,08:50,SC,DAILY,,"हलवळ शिवडाव",
125858,"Thalkarwadi To Kankavli Via Halwal Fata",Thalkarwadi,Kankavli,"HALWAL FATA",MO,2656,"Bhakar Bhatale Fata",9,,,थळकरवाडी,कणकवली,15,08:20,08:50,SC,DAILY,,"हलवळ शिवडाव",
125858,"Thalkarwadi To Kankavli Via Halwal Fata",Thalkarwadi,Kankavli,"HALWAL FATA",MO,2844,"Mail Stone",12,,,थळकरवाडी,कणकवली,15,08:20,08:50,SC,DAILY,,"हलवळ शिवडाव",
125858,"Thalkarwadi To Kankavli Via Halwal Fata",Thalkarwadi,Kankavli,"HALWAL FATA",MO,2908,Pimpalwadi,12.2,,,थळकरवाडी,कणकवली,15,08:20,08:50,SC,DAILY,,"हलवळ शिवडाव",
125858,"Thalkarwadi To Kankavli Via Halwal Fata",Thalkarwadi,Kankavli,"HALWAL FATA",MO,2741,"Halwal Fata",12.5,,,थळकरवाडी,कणकवली,15,08:20,08:50,SC,DAILY,,"हलवळ शिवडाव",
125858,"Thalkarwadi To Kankavli Via Halwal Fata",Thalkarwadi,Kankavli,"HALWAL FATA",MO,2786,Kankavli,15,,,थळकरवाडी,कणकवली,15,08:20,08:50,SC,DAILY,,"हलवळ शिवडाव",
125871,"Kharepatan To Kankavli Via Tarla",Kharepatan,Kankavli,TARLA,MO,2812,Kharepatan,,,,खारेपाटण,कणकवली,37.5,12:15,13:15,NON,DAILY,,tarala,
125871,"Kharepatan To Kankavli Via Tarla",Kharepatan,Kankavli,TARLA,MO,2863,Nadgive,4.5,,,खारेपाटण,कणकवली,37.5,12:15,13:15,NON,DAILY,,tarala,
125871,"Kharepatan To Kankavli Via Tarla",Kharepatan,Kankavli,TARLA,MO,2844,"Mail Stone",6.7,,,खारेपाटण,कणकवली,37.5,12:15,13:15,NON,DAILY,,tarala,
125871,"Kharepatan To Kankavli Via Tarla",Kharepatan,Kankavli,TARLA,MO,3010,Wargaon,7.9,,,खारेपाटण,कणकवली,37.5,12:15,13:15,NON,DAILY,,tarala,
125871,"Kharepatan To Kankavli Via Tarla",Kharepatan,Kankavli,TARLA,MO,2844,"Mail Stone",9.4,,,खारेपाटण,कणकवली,37.5,12:15,13:15,NON,DAILY,,tarala,
125871,"Kharepatan To Kankavli Via Tarla",Kharepatan,Kankavli,TARLA,MO,2941,Saliste,9.9,,,खारेपाटण,कणकवली,37.5,12:15,13:15,NON,DAILY,,tarala,
125871,"Kharepatan To Kankavli Via Tarla",Kharepatan,Kankavli,TARLA,MO,2844,"Mail Stone",12.8,,,खारेपाटण,कणकवली,37.5,12:15,13:15,NON,DAILY,,tarala,
125871,"Kharepatan To Kankavli Via Tarla",Kharepatan,Kankavli,TARLA,MO,2982,Tarla,15,,,खारेपाटण,कणकवली,37.5,12:15,13:15,NON,DAILY,,tarala,
125871,"Kharepatan To Kankavli Via Tarla",Kharepatan,Kankavli,TARLA,MO,2673,"Bramhan Wadi",21.5,,,खारेपाटण,कणकवली,37.5,12:15,13:15,NON,DAILY,,tarala,
125871,"Kharepatan To Kankavli Via Tarla",Kharepatan,Kankavli,TARLA,MO,2872,"Nandgaon Nursary",21.7,,,खारेपाटण,कणकवली,37.5,12:15,13:15,NON,DAILY,,tarala,
125871,"Kharepatan To Kankavli Via Tarla",Kharepatan,Kankavli,TARLA,MO,2871,"Nandgaon Fata",24,,,खारेपाटण,कणकवली,37.5,12:15,13:15,NON,DAILY,,tarala,
125871,"Kharepatan To Kankavli Via Tarla",Kharepatan,Kankavli,TARLA,MO,2870,"Nandgaon Datta Mandir",25.5,,,खारेपाटण,कणकवली,37.5,12:15,13:15,NON,DAILY,,tarala,
125871,"Kharepatan To Kankavli Via Tarla",Kharepatan,Kankavli,TARLA,MO,2655,Belane,28.5,,,खारेपाटण,कणकवली,37.5,12:15,13:15,NON,DAILY,,tarala,
125871,"Kharepatan To Kankavli Via Tarla",Kharepatan,Kankavli,TARLA,MO,2756,"Humrat Titha",29.6,,,खारेपाटण,कणकवली,37.5,12:15,13:15,NON,DAILY,,tarala,
125871,"Kharepatan To Kankavli Via Tarla",Kharepatan,Kankavli,TARLA,MO,2768,"Janavali Gavthanwadi",34.5,,,खारेपाटण,कणकवली,37.5,12:15,13:15,NON,DAILY,,tarala,
125871,"Kharepatan To Kankavli Via Tarla",Kharepatan,Kankavli,TARLA,MO,2786,Kankavli,37.5,,,खारेपाटण,कणकवली,37.5,12:15,13:15,NON,DAILY,,tarala,
126356,"Kondye To Kankavli",Kondye,Kankavli,,MO,2819,Kondye,,,,कनेडी,कणकवली,18,10:20,11:00,SC,SUN,,,
126356,"Kondye To Kankavli",Kondye,Kankavli,,MO,2781,Kanadewadi,2.4,,,कनेडी,कणकवली,18,10:20,11:00,SC,SUN,,,
126356,"Kondye To Kankavli",Kondye,Kankavli,,MO,2753,"Humbarat Mal",6,,,कनेडी,कणकवली,18,10:20,11:00,SC,SUN,,,
126356,"Kondye To Kankavli",Kondye,Kankavli,,MO,2939,"Sakedi School",8.8,,,कनेडी,कणकवली,18,10:20,11:00,SC,SUN,,,
126356,"Kondye To Kankavli",Kondye,Kankavli,,MO,2850,"Mango Tree",11.6,,,कनेडी,कणकवली,18,10:20,11:00,SC,SUN,,,
126356,"Kondye To Kankavli",Kondye,Kankavli,,MO,2920,"Radhakrishna Mandir",14.7,,,कनेडी,कणकवली,18,10:20,11:00,SC,SUN,,,
126356,"Kondye To Kankavli",Kondye,Kankavli,,MO,2786,Kankavli,18,,,कनेडी,कणकवली,18,10:20,11:00,SC,SUN,,,
126399,"Kankavli To Main Via Shelachiwadi",Kankavli,Main,"SHELICHI WADI",MO,2786,Kankavli,,,,कणकवली,माईण,41.4,08:50,10:10,SC,DAILY,,"नंदगाव ओटव बावशि शेलिचि वाडी",
126399,"Kankavli To Main Via Shelachiwadi",Kankavli,Main,"SHELICHI WADI",MO,2766,Janavali,3,,,कणकवली,माईण,41.4,08:50,10:10,SC,DAILY,,"नंदगाव ओटव बावशि शेलिचि वाडी",
126399,"Kankavli To Main Via Shelachiwadi",Kankavli,Main,"SHELICHI WADI",MO,2756,"Humrat Titha",6,,,कणकवली,माईण,41.4,08:50,10:10,SC,DAILY,,"नंदगाव ओटव बावशि शेलिचि वाडी",
126399,"Kankavli To Main Via Shelachiwadi",Kankavli,Main,"SHELICHI WADI",MO,2655,Belane,9,,,कणकवली,माईण,41.4,08:50,10:10,SC,DAILY,,"नंदगाव ओटव बावशि शेलिचि वाडी",
126399,"Kankavli To Main Via Shelachiwadi",Kankavli,Main,"SHELICHI WADI",MO,2870,"Nandgaon Datta Mandir",12,,,कणकवली,माईण,41.4,08:50,10:10,SC,DAILY,,"नंदगाव ओटव बावशि शेलिचि वाडी",
126399,"Kankavli To Main Via Shelachiwadi",Kankavli,Main,"SHELICHI WADI",MO,2871,"Nandgaon Fata",13,,,कणकवली,माईण,41.4,08:50,10:10,SC,DAILY,,"नंदगाव ओटव बावशि शेलिचि वाडी",
126399,"Kankavli To Main Via Shelachiwadi",Kankavli,Main,"SHELICHI WADI",MO,2668,Bobhatewadi,15,,,कणकवली,माईण,41.4,08:50,10:10,SC,DAILY,,"नंदगाव ओटव बावशि शेलिचि वाडी",
126399,"Kankavli To Main Via Shelachiwadi",Kankavli,Main,"SHELICHI WADI",MO,2990,Tondavli,18,,,कणकवली,माईण,41.4,08:50,10:10,SC,DAILY,,"नंदगाव ओटव बावशि शेलिचि वाडी",
126399,"Kankavli To Main Via Shelachiwadi",Kankavli,Main,"SHELICHI WADI",MO,2958,"Shelichi Wadi",20.8,,,कणकवली,माईण,41.4,08:50,10:10,SC,DAILY,,"नंदगाव ओटव बावशि शेलिचि वाडी",
126399,"Kankavli To Main Via Shelachiwadi",Kankavli,Main,"SHELICHI WADI",MO,2668,Bobhatewadi,21,,,कणकवली,माईण,41.4,08:50,10:10,SC,DAILY,,"नंदगाव ओटव बावशि शेलिचि वाडी",
126399,"Kankavli To Main Via Shelachiwadi",Kankavli,Main,"SHELICHI WADI",MO,2990,Tondavli,23.6,,,कणकवली,माईण,41.4,08:50,10:10,SC,DAILY,,"नंदगाव ओटव बावशि शेलिचि वाडी",
126399,"Kankavli To Main Via Shelachiwadi",Kankavli,Main,"SHELICHI WADI",MO,2654,"Bawashi Gaon",26.4,,,कणकवली,माईण,41.4,08:50,10:10,SC,DAILY,,"नंदगाव ओटव बावशि शेलिचि वाडी",
126399,"Kankavli To Main Via Shelachiwadi",Kankavli,Main,"SHELICHI WADI",MO,2668,Bobhatewadi,29.6,,,कणकवली,माईण,41.4,08:50,10:10,SC,DAILY,,"नंदगाव ओटव बावशि शेलिचि वाडी",
126399,"Kankavli To Main Via Shelachiwadi",Kankavli,Main,"SHELICHI WADI",MO,2871,"Nandgaon Fata",30.2,,,कणकवली,माईण,41.4,08:50,10:10,SC,DAILY,,"नंदगाव ओटव बावशि शेलिचि वाडी",
126399,"Kankavli To Main Via Shelachiwadi",Kankavli,Main,"SHELICHI WADI",MO,2873,"Nandgaon Otav Fata",31.2,,,कणकवली,माईण,41.4,08:50,10:10,SC,DAILY,,"नंदगाव ओटव बावशि शेलिचि वाडी",
126399,"Kankavli To Main Via Shelachiwadi",Kankavli,Main,"SHELICHI WADI",MO,2893,"Otav Gpo",35.8,,,कणकवली,माईण,41.4,08:50,10:10,SC,DAILY,,"नंदगाव ओटव बावशि शेलिचि वाडी",
126399,"Kankavli To Main Via Shelachiwadi",Kankavli,Main,"SHELICHI WADI",MO,2894,"Otav Temple",38.4,,,कणकवली,माईण,41.4,08:50,10:10,SC,DAILY,,"नंदगाव ओटव बावशि शेलिचि वाडी",
126399,"Kankavli To Main Via Shelachiwadi",Kankavli,Main,"SHELICHI WADI",MO,2845,Main,41.4,,,कणकवली,माईण,41.4,08:50,10:10,SC,DAILY,,"नंदगाव ओटव बावशि शेलिचि वाडी",
126450,"Vaibhavwadi To Karul High School",Vaibhavwadi,"Karul High School",,MO,9291,Vaibhavwadi,,,,वैभववाडी,करूळ,12,16:45,17:10,SC,SUN,,,
126450,"Vaibhavwadi To Karul High School",Vaibhavwadi,"Karul High School",,MO,9274,Sonali,3,,,वैभववाडी,करूळ,12,16:45,17:10,SC,SUN,,,
126450,"Vaibhavwadi To Karul High School",Vaibhavwadi,"Karul High School",,MO,2844,"Mail Stone",6,,,वैभववाडी,करूळ,12,16:45,17:10,SC,SUN,,,
126450,"Vaibhavwadi To Karul High School",Vaibhavwadi,"Karul High School",,MO,2825,Kumbhawade,7.2,,,वैभववाडी,करूळ,12,16:45,17:10,SC,SUN,,,
126450,"Vaibhavwadi To Karul High School",Vaibhavwadi,"Karul High School",,MO,2844,"Mail Stone",9,,,वैभववाडी,करूळ,12,16:45,17:10,SC,SUN,,,
126450,"Vaibhavwadi To Karul High School",Vaibhavwadi,"Karul High School",,MO,9212,"Karul High School",12,,,वैभववाडी,करूळ,12,16:45,17:10,SC,SUN,,,
128515,"Kankavli To Kalsuli Via Kalsuli Post",Kankavli,Kalsuli,"KALSULI POST",MO,2786,Kankavli,,,,कणकवली,कळसुली,18.4,10:30,11:10,NON,DAILY,,"हलवल शिरवळ",
128515,"Kankavli To Kalsuli Via Kalsuli Post",Kankavli,Kalsuli,"KALSULI POST",MO,2742,"Halwal Giran",3,,,कणकवली,कळसुली,18.4,10:30,11:10,NON,DAILY,,"हलवल शिरवळ",
128515,"Kankavli To Kalsuli Via Kalsuli Post",Kankavli,Kalsuli,"KALSULI POST",MO,2967,Shirval,6,,,कणकवली,कळसुली,18.4,10:30,11:10,NON,DAILY,,"हलवल शिरवळ",
128515,"Kankavli To Kalsuli Via Kalsuli Post",Kankavli,Kalsuli,"KALSULI POST",MO,2969,"Shirval Phanas",9,,,कणकवली,कळसुली,18.4,10:30,11:10,NON,DAILY,,"हलवल शिरवळ",
128515,"Kankavli To Kalsuli Via Kalsuli Post",Kankavli,Kalsuli,"KALSULI POST",MO,2779,"Kalsuli Post",12,,,कणकवली,कळसुली,18.4,10:30,11:10,NON,DAILY,,"हलवल शिरवळ",
128515,"Kankavli To Kalsuli Via Kalsuli Post",Kankavli,Kalsuli,"KALSULI POST",MO,2705,"Dindavane School",15,,,कणकवली,कळसुली,18.4,10:30,11:10,NON,DAILY,,"हलवल शिरवळ",
128515,"Kankavli To Kalsuli Via Kalsuli Post",Kankavli,Kalsuli,"KALSULI POST",MO,2776,Kalsuli,18.4,,,कणकवली,कळसुली,18.4,10:30,11:10,NON,DAILY,,"हलवल शिरवळ",
135739,"Moude To Kankavli Via Gurvwadi",Moude,Kankavli,GURVWADI,MO,9239,Moude,,,,मौदे,कणकवली,71,13:30,15:50,NON,DAILY,,"उंबर्डे,भुईबावडा,हेत",
135739,"Moude To Kankavli Via Gurvwadi",Moude,Kankavli,GURVWADI,MO,9204,"Gurvwadi Fata",1,,,मौदे,कणकवली,71,13:30,15:50,NON,DAILY,,"उंबर्डे,भुईबावडा,हेत",
135739,"Moude To Kankavli Via Gurvwadi",Moude,Kankavli,GURVWADI,MO,9203,Gurvwadi,3,,,मौदे,कणकवली,71,13:30,15:50,NON,DAILY,,"उंबर्डे,भुईबावडा,हेत",
135739,"Moude To Kankavli Via Gurvwadi",Moude,Kankavli,GURVWADI,MO,9204,"Gurvwadi Fata",4,,,मौदे,कणकवली,71,13:30,15:50,NON,DAILY,,"उंबर्डे,भुईबावडा,हेत",
135739,"Moude To Kankavli Via Gurvwadi",Moude,Kankavli,GURVWADI,MO,9184,"Bhom Jadhvwadi",7,,,मौदे,कणकवली,71,13:30,15:50,NON,DAILY,,"उंबर्डे,भुईबावडा,हेत",
135739,"Moude To Kankavli Via Gurvwadi",Moude,Kankavli,GURVWADI,MO,9185,"Bhom Navin Vasahat",9,,,मौदे,कणकवली,71,13:30,15:50,NON,DAILY,,"उंबर्डे,भुईबावडा,हेत",
135739,"Moude To Kankavli Via Gurvwadi",Moude,Kankavli,GURVWADI,MO,9176,"Akhavane Dharan",10,,,मौदे,कणकवली,71,13:30,15:50,NON,DAILY,,"उंबर्डे,भुईबावडा,हेत",
135739,"Moude To Kankavli Via Gurvwadi",Moude,Kankavli,GURVWADI,MO,9206,"Het Fata",11.8,,,मौदे,कणकवली,71,13:30,15:50,NON,DAILY,,"उंबर्डे,भुईबावडा,हेत",
135739,"Moude To Kankavli Via Gurvwadi",Moude,Kankavli,GURVWADI,MO,9207,"Het School",13,,,मौदे,कणकवली,71,13:30,15:50,NON,DAILY,,"उंबर्डे,भुईबावडा,हेत",
135739,"Moude To Kankavli Via Gurvwadi",Moude,Kankavli,GURVWADI,MO,9198,"Ghat Matha",13.9,,,मौदे,कणकवली,71,13:30,15:50,NON,DAILY,,"उंबर्डे,भुईबावडा,हेत",
135739,"Moude To Kankavli Via Gurvwadi",Moude,Kankavli,GURVWADI,MO,9186,Bhuibavada,15.6,,,मौदे,कणकवली,71,13:30,15:50,NON,DAILY,,"उंबर्डे,भुईबावडा,हेत",
135739,"Moude To Kankavli Via Gurvwadi",Moude,Kankavli,GURVWADI,MO,9282,Tirawade,18.6,,,मौदे,कणकवली,71,13:30,15:50,NON,DAILY,,"उंबर्डे,भुईबावडा,हेत",
135739,"Moude To Kankavli Via Gurvwadi",Moude,Kankavli,GURVWADI,MO,9233,"Mangawali Dispensary",21,,,मौदे,कणकवली,71,13:30,15:50,NON,DAILY,,"उंबर्डे,भुईबावडा,हेत",
135739,"Moude To Kankavli Via Gurvwadi",Moude,Kankavli,GURVWADI,MO,9280,Teliwadi,21.9,,,मौदे,कणकवली,71,13:30,15:50,NON,DAILY,,"उंबर्डे,भुईबावडा,हेत",
135739,"Moude To Kankavli Via Gurvwadi",Moude,Kankavli,GURVWADI,MO,9296,Waniwadi,24.5,,,मौदे,कणकवली,71,13:30,15:50,NON,DAILY,,"उंबर्डे,भुईबावडा,हेत",
135739,"Moude To Kankavli Via Gurvwadi",Moude,Kankavli,GURVWADI,MO,9286,"Umbarde Canteen",27.5,,,मौदे,कणकवली,71,13:30,15:50,NON,DAILY,,"उंबर्डे,भुईबावडा,हेत",
135739,"Moude To Kankavli Via Gurvwadi",Moude,Kankavli,GURVWADI,MO,9226,"Kusur Bazarwadi",30.8,,,मौदे,कणकवली,71,13:30,15:50,NON,DAILY,,"उंबर्डे,भुईबावडा,हेत",
135739,"Moude To Kankavli Via Gurvwadi",Moude,Kankavli,GURVWADI,MO,9247,"Narkar Dukan",32.5,,,मौदे,कणकवली,71,13:30,15:50,NON,DAILY,,"उंबर्डे,भुईबावडा,हेत",
135739,"Moude To Kankavli Via Gurvwadi",Moude,Kankavli,GURVWADI,MO,9274,Sonali,34.6,,,मौदे,कणकवली,71,13:30,15:50,NON,DAILY,,"उंबर्डे,भुईबावडा,हेत",
135739,"Moude To Kankavli Via Gurvwadi",Moude,Kankavli,GURVWADI,MO,9291,Vaibhavwadi,36.6,,,मौदे,कणकवली,71,13:30,15:50,NON,DAILY,,"उंबर्डे,भुईबावडा,हेत",
135739,"Moude To Kankavli Via Gurvwadi",Moude,Kankavli,GURVWADI,MO,9229,"Mail Dagad",37.8,,,मौदे,कणकवली,71,13:30,15:50,NON,DAILY,,"उंबर्डे,भुईबावडा,हेत",
135739,"Moude To Kankavli Via Gurvwadi",Moude,Kankavli,GURVWADI,MO,9215,Khambale,40.4,,,मौदे,कणकवली,71,13:30,15:50,NON,DAILY,,"उंबर्डे,भुईबावडा,हेत",
135739,"Moude To Kankavli Via Gurvwadi",Moude,Kankavli,GURVWADI,MO,9169,Achirne,43.8,,,मौदे,कणकवली,71,13:30,15:50,NON,DAILY,,"उंबर्डे,भुईबावडा,हेत",
135739,"Moude To Kankavli Via Gurvwadi",Moude,Kankavli,GURVWADI,MO,9171,"Achirne Wad",45.2,,,मौदे,कणकवली,71,13:30,15:50,NON,DAILY,,"उंबर्डे,भुईबावडा,हेत",
135739,"Moude To Kankavli Via Gurvwadi",Moude,Kankavli,GURVWADI,MO,2833,"Kurli Fata",45.9,,,मौदे,कणकवली,71,13:30,15:50,NON,DAILY,,"उंबर्डे,भुईबावडा,हेत",
135739,"Moude To Kankavli Via Gurvwadi",Moude,Kankavli,GURVWADI,MO,2839,"Lore Bangala",46.8,,,मौदे,कणकवली,71,13:30,15:50,NON,DAILY,,"उंबर्डे,भुईबावडा,हेत",
135739,"Moude To Kankavli Via Gurvwadi",Moude,Kankavli,GURVWADI,MO,2949,"Saticha Mal",48.7,,,मौदे,कणकवली,71,13:30,15:50,NON,DAILY,,"उंबर्डे,भुईबावडा,हेत",
135739,"Moude To Kankavli Via Gurvwadi",Moude,Kankavli,GURVWADI,MO,2858,"Mona Wahal",50.1,,,मौदे,कणकवली,71,13:30,15:50,NON,DAILY,,"उंबर्डे,भुईबावडा,हेत",
135739,"Moude To Kankavli Via Gurvwadi",Moude,Kankavli,GURVWADI,MO,2904,Phonda,53.1,,,मौदे,कणकवली,71,13:30,15:50,NON,DAILY,,"उंबर्डे,भुईबावडा,हेत",
135739,"Moude To Kankavli Via Gurvwadi",Moude,Kankavli,GURVWADI,MO,2906,"Phonda Iti",55.7,,,मौदे,कणकवली,71,13:30,15:50,NON,DAILY,,"उंबर्डे,भुईबावडा,हेत",
135739,"Moude To Kankavli Via Gurvwadi",Moude,Kankavli,GURVWADI,MO,2787,"Kankavli Nandgaon Fata",56,,,मौदे,कणकवली,71,13:30,15:50,NON,DAILY,,"उंबर्डे,भुईबावडा,हेत",
135739,"Moude To Kankavli Via Gurvwadi",Moude,Kankavli,GURVWADI,MO,2895,Pachoba,56.9,,,मौदे,कणकवली,71,13:30,15:50,NON,DAILY,,"उंबर्डे,भुईबावडा,हेत",
135739,"Moude To Kankavli Via Gurvwadi",Moude,Kankavli,GURVWADI,MO,2781,Kanadewadi,58.8,,,मौदे,कणकवली,71,13:30,15:50,NON,DAILY,,"उंबर्डे,भुईबावडा,हेत",
135739,"Moude To Kankavli Via Gurvwadi",Moude,Kankavli,GURVWADI,MO,2790,Karul,60.2,,,मौदे,कणकवली,71,13:30,15:50,NON,DAILY,,"उंबर्डे,भुईबावडा,हेत",
135739,"Moude To Kankavli Via Gurvwadi",Moude,Kankavli,GURVWADI,MO,2757,"Humrath Mal Ghorpiwadi",62.6,,,मौदे,कणकवली,71,13:30,15:50,NON,DAILY,,"उंबर्डे,भुईबावडा,हेत",
135739,"Moude To Kankavli Via Gurvwadi",Moude,Kankavli,GURVWADI,MO,2756,"Humrat Titha",64.1,,,मौदे,कणकवली,71,13:30,15:50,NON,DAILY,,"उंबर्डे,भुईबावडा,हेत",
135739,"Moude To Kankavli Via Gurvwadi",Moude,Kankavli,GURVWADI,MO,2768,"Janavali Gavthanwadi",67.2,,,मौदे,कणकवली,71,13:30,15:50,NON,DAILY,,"उंबर्डे,भुईबावडा,हेत",
135739,"Moude To Kankavli Via Gurvwadi",Moude,Kankavli,GURVWADI,MO,2786,Kankavli,71,,,मौदे,कणकवली,71,13:30,15:50,NON,DAILY,,"उंबर्डे,भुईबावडा,हेत",
145429,"Kankavli To Madhu Dukan",Kankavli,"Madhu Dukan",,MO,2786,Kankavli,,,,कणकवली,कळसुली,20.3,19:00,19:45,OBL,DAILY,,"osargav bordave amrad madhudukan",
145429,"Kankavli To Madhu Dukan",Kankavli,"Madhu Dukan",,MO,3001,"Wagade Gpo",3,,,कणकवली,कळसुली,20.3,19:00,19:45,OBL,DAILY,,"osargav bordave amrad madhudukan",
145429,"Kankavli To Madhu Dukan",Kankavli,"Madhu Dukan",,MO,3003,"Waghada Dangalwadi",4.9,,,कणकवली,कळसुली,20.3,19:00,19:45,OBL,DAILY,,"osargav bordave amrad madhudukan",
145429,"Kankavli To Madhu Dukan",Kankavli,"Madhu Dukan",,MO,2891,"Osargaon Talav",7.9,,,कणकवली,कळसुली,20.3,19:00,19:45,OBL,DAILY,,"osargav bordave amrad madhudukan",
145429,"Kankavli To Madhu Dukan",Kankavli,"Madhu Dukan",,MO,2764,"Jain Mandir",11.3,,,कणकवली,कळसुली,20.3,19:00,19:45,OBL,DAILY,,"osargav bordave amrad madhudukan",
145429,"Kankavli To Madhu Dukan",Kankavli,"Madhu Dukan",,MO,2733,Giran,14.7,,,कणकवली,कळसुली,20.3,19:00,19:45,OBL,DAILY,,"osargav bordave amrad madhudukan",
145429,"Kankavli To Madhu Dukan",Kankavli,"Madhu Dukan",,MO,2718,Gadgewadi,18.5,,,कणकवली,कळसुली,20.3,19:00,19:45,OBL,DAILY,,"osargav bordave amrad madhudukan",
145429,"Kankavli To Madhu Dukan",Kankavli,"Madhu Dukan",,MO,2840,"Madhu Dukan",20.3,,,कणकवली,कळसुली,20.3,19:00,19:45,OBL,DAILY,,"osargav bordave amrad madhudukan",
10840,"Kankavli To Jambhawade Guravwadi Via Karul",Kankavli,"Jambhawade Guravwadi",KARUL,MO,2786,Kankavli,,,,कणकवली,जांभवडे,74.7,16:05,18:35,OBL,DAILY,,"फोंडा वैभवावाडी उंबर्डे भुईबावडा नर्ले",
10840,"Kankavli To Jambhawade Guravwadi Via Karul",Kankavli,"Jambhawade Guravwadi",KARUL,MO,2768,"Janavali Gavthanwadi",3.8,,,कणकवली,जांभवडे,74.7,16:05,18:35,OBL,DAILY,,"फोंडा वैभवावाडी उंबर्डे भुईबावडा नर्ले",
10840,"Kankavli To Jambhawade Guravwadi Via Karul",Kankavli,"Jambhawade Guravwadi",KARUL,MO,2756,"Humrat Titha",6.9,,,कणकवली,जांभवडे,74.7,16:05,18:35,OBL,DAILY,,"फोंडा वैभवावाडी उंबर्डे भुईबावडा नर्ले",
10840,"Kankavli To Jambhawade Guravwadi Via Karul",Kankavli,"Jambhawade Guravwadi",KARUL,MO,2757,"Humrath Mal Ghorpiwadi",8.4,,,कणकवली,जांभवडे,74.7,16:05,18:35,OBL,DAILY,,"फोंडा वैभवावाडी उंबर्डे भुईबावडा नर्ले",
10840,"Kankavli To Jambhawade Guravwadi Via Karul",Kankavli,"Jambhawade Guravwadi",KARUL,MO,2790,Karul,10.8,,,कणकवली,जांभवडे,74.7,16:05,18:35,OBL,DAILY,,"फोंडा वैभवावाडी उंबर्डे भुईबावडा नर्ले",
10840,"Kankavli To Jambhawade Guravwadi Via Karul",Kankavli,"Jambhawade Guravwadi",KARUL,MO,2781,Kanadewadi,12.2,,,कणकवली,जांभवडे,74.7,16:05,18:35,OBL,DAILY,,"फोंडा वैभवावाडी उंबर्डे भुईबावडा नर्ले",
10840,"Kankavli To Jambhawade Guravwadi Via Karul",Kankavli,"Jambhawade Guravwadi",KARUL,MO,2787,"Kankavli Nandgaon Fata",15,,,कणकवली,जांभवडे,74.7,16:05,18:35,OBL,DAILY,,"फोंडा वैभवावाडी उंबर्डे भुईबावडा नर्ले",
10840,"Kankavli To Jambhawade Guravwadi Via Karul",Kankavli,"Jambhawade Guravwadi",KARUL,MO,2906,"Phonda Iti",15.3,,,कणकवली,जांभवडे,74.7,16:05,18:35,OBL,DAILY,,"फोंडा वैभवावाडी उंबर्डे भुईबावडा नर्ले",
10840,"Kankavli To Jambhawade Guravwadi Via Karul",Kankavli,"Jambhawade Guravwadi",KARUL,MO,2904,Phonda,17.9,,,कणकवली,जांभवडे,74.7,16:05,18:35,OBL,DAILY,,"फोंडा वैभवावाडी उंबर्डे भुईबावडा नर्ले",
10840,"Kankavli To Jambhawade Guravwadi Via Karul",Kankavli,"Jambhawade Guravwadi",KARUL,MO,2858,"Mona Wahal",20.9,,,कणकवली,जांभवडे,74.7,16:05,18:35,OBL,DAILY,,"फोंडा वैभवावाडी उंबर्डे भुईबावडा नर्ले",
10840,"Kankavli To Jambhawade Guravwadi Via Karul",Kankavli,"Jambhawade Guravwadi",KARUL,MO,2949,"Saticha Mal",22.3,,,कणकवली,जांभवडे,74.7,16:05,18:35,OBL,DAILY,,"फोंडा वैभवावाडी उंबर्डे भुईबावडा नर्ले",
10840,"Kankavli To Jambhawade Guravwadi Via Karul",Kankavli,"Jambhawade Guravwadi",KARUL,MO,2839,"Lore Bangala",24.2,,,कणकवली,जांभवडे,74.7,16:05,18:35,OBL,DAILY,,"फोंडा वैभवावाडी उंबर्डे भुईबावडा नर्ले",
10840,"Kankavli To Jambhawade Guravwadi Via Karul",Kankavli,"Jambhawade Guravwadi",KARUL,MO,2833,"Kurli Fata",25.1,,,कणकवली,जांभवडे,74.7,16:05,18:35,OBL,DAILY,,"फोंडा वैभवावाडी उंबर्डे भुईबावडा नर्ले",
10840,"Kankavli To Jambhawade Guravwadi Via Karul",Kankavli,"Jambhawade Guravwadi",KARUL,MO,9171,"Achirne Wad",25.8,,,कणकवली,जांभवडे,74.7,16:05,18:35,OBL,DAILY,,"फोंडा वैभवावाडी उंबर्डे भुईबावडा नर्ले",
10840,"Kankavli To Jambhawade Guravwadi Via Karul",Kankavli,"Jambhawade Guravwadi",KARUL,MO,9169,Achirne,27.2,,,कणकवली,जांभवडे,74.7,16:05,18:35,OBL,DAILY,,"फोंडा वैभवावाडी उंबर्डे भुईबावडा नर्ले",
10840,"Kankavli To Jambhawade Guravwadi Via Karul",Kankavli,"Jambhawade Guravwadi",KARUL,MO,9215,Khambale,30.6,,,कणकवली,जांभवडे,74.7,16:05,18:35,OBL,DAILY,,"फोंडा वैभवावाडी उंबर्डे भुईबावडा नर्ले",
10840,"Kankavli To Jambhawade Guravwadi Via Karul",Kankavli,"Jambhawade Guravwadi",KARUL,MO,9216,"Khambale Mandir",32.4,,,कणकवली,जांभवडे,74.7,16:05,18:35,OBL,DAILY,,"फोंडा वैभवावाडी उंबर्डे भुईबावडा नर्ले",
10840,"Kankavli To Jambhawade Guravwadi Via Karul",Kankavli,"Jambhawade Guravwadi",KARUL,MO,9229,"Mail Dagad",33.2,,,कणकवली,जांभवडे,74.7,16:05,18:35,OBL,DAILY,,"फोंडा वैभवावाडी उंबर्डे भुईबावडा नर्ले",
10840,"Kankavli To Jambhawade Guravwadi Via Karul",Kankavli,"Jambhawade Guravwadi",KARUL,MO,9291,Vaibhavwadi,33.4,,,कणकवली,जांभवडे,74.7,16:05,18:35,OBL,DAILY,,"फोंडा वैभवावाडी उंबर्डे भुईबावडा नर्ले",
10840,"Kankavli To Jambhawade Guravwadi Via Karul",Kankavli,"Jambhawade Guravwadi",KARUL,MO,9274,Sonali,35.3,,,कणकवली,जांभवडे,74.7,16:05,18:35,OBL,DAILY,,"फोंडा वैभवावाडी उंबर्डे भुईबावडा नर्ले",
10840,"Kankavli To Jambhawade Guravwadi Via Karul",Kankavli,"Jambhawade Guravwadi",KARUL,MO,9247,"Narkar Dukan",37.4,,,कणकवली,जांभवडे,74.7,16:05,18:35,OBL,DAILY,,"फोंडा वैभवावाडी उंबर्डे भुईबावडा नर्ले",
10840,"Kankavli To Jambhawade Guravwadi Via Karul",Kankavli,"Jambhawade Guravwadi",KARUL,MO,9226,"Kusur Bazarwadi",39.1,,,कणकवली,जांभवडे,74.7,16:05,18:35,OBL,DAILY,,"फोंडा वैभवावाडी उंबर्डे भुईबावडा नर्ले",
10840,"Kankavli To Jambhawade Guravwadi Via Karul",Kankavli,"Jambhawade Guravwadi",KARUL,MO,9285,Umbarde,42.4,,,कणकवली,जांभवडे,74.7,16:05,18:35,OBL,DAILY,,"फोंडा वैभवावाडी उंबर्डे भुईबावडा नर्ले",
10840,"Kankavli To Jambhawade Guravwadi Via Karul",Kankavli,"Jambhawade Guravwadi",KARUL,MO,9296,Waniwadi,45.4,,,कणकवली,जांभवडे,74.7,16:05,18:35,OBL,DAILY,,"फोंडा वैभवावाडी उंबर्डे भुईबावडा नर्ले",
10840,"Kankavli To Jambhawade Guravwadi Via Karul",Kankavli,"Jambhawade Guravwadi",KARUL,MO,9280,Teliwadi,48,,,कणकवली,जांभवडे,74.7,16:05,18:35,OBL,DAILY,,"फोंडा वैभवावाडी उंबर्डे भुईबावडा नर्ले",
10840,"Kankavli To Jambhawade Guravwadi Via Karul",Kankavli,"Jambhawade Guravwadi",KARUL,MO,9233,"Mangawali Dispensary",48.9,,,कणकवली,जांभवडे,74.7,16:05,18:35,OBL,DAILY,,"फोंडा वैभवावाडी उंबर्डे भुईबावडा नर्ले",
10840,"Kankavli To Jambhawade Guravwadi Via Karul",Kankavli,"Jambhawade Guravwadi",KARUL,MO,9282,Tirawade,51.3,,,कणकवली,जांभवडे,74.7,16:05,18:35,OBL,DAILY,,"फोंडा वैभवावाडी उंबर्डे भुईबावडा नर्ले",
10840,"Kankavli To Jambhawade Guravwadi Via Karul",Kankavli,"Jambhawade Guravwadi",KARUL,MO,9186,Bhuibavada,54.3,,,कणकवली,जांभवडे,74.7,16:05,18:35,OBL,DAILY,,"फोंडा वैभवावाडी उंबर्डे भुईबावडा नर्ले",
10840,"Kankavli To Jambhawade Guravwadi Via Karul",Kankavli,"Jambhawade Guravwadi",KARUL,MO,9190,Dhangarwadi,57.3,,,कणकवली,जांभवडे,74.7,16:05,18:35,OBL,DAILY,,"फोंडा वैभवावाडी उंबर्डे भुईबावडा नर्ले",
10840,"Kankavli To Jambhawade Guravwadi Via Karul",Kankavli,"Jambhawade Guravwadi",KARUL,MO,9207,"Het School",62.1,,,कणकवली,जांभवडे,74.7,16:05,18:35,OBL,DAILY,,"फोंडा वैभवावाडी उंबर्डे भुईबावडा नर्ले",
10840,"Kankavli To Jambhawade Guravwadi Via Karul",Kankavli,"Jambhawade Guravwadi",KARUL,MO,9177,"Akhavane Fata",63,,,कणकवली,जांभवडे,74.7,16:05,18:35,OBL,DAILY,,"फोंडा वैभवावाडी उंबर्डे भुईबावडा नर्ले",
10840,"Kankavli To Jambhawade Guravwadi Via Karul",Kankavli,"Jambhawade Guravwadi",KARUL,MO,9288,Upale,65.2,,,कणकवली,जांभवडे,74.7,16:05,18:35,OBL,DAILY,,"फोंडा वैभवावाडी उंबर्डे भुईबावडा नर्ले",
10840,"Kankavli To Jambhawade Guravwadi Via Karul",Kankavli,"Jambhawade Guravwadi",KARUL,MO,9289,"Upale Ghat Matha",66.1,,,कणकवली,जांभवडे,74.7,16:05,18:35,OBL,DAILY,,"फोंडा वैभवावाडी उंबर्डे भुईबावडा नर्ले",
10840,"Kankavli To Jambhawade Guravwadi Via Karul",Kankavli,"Jambhawade Guravwadi",KARUL,MO,9202,Guravwadi,67,,,कणकवली,जांभवडे,74.7,16:05,18:35,OBL,DAILY,,"फोंडा वैभवावाडी उंबर्डे भुईबावडा नर्ले",
10840,"Kankavli To Jambhawade Guravwadi Via Karul",Kankavli,"Jambhawade Guravwadi",KARUL,MO,9251,"Nerle High School",67.2,,,कणकवली,जांभवडे,74.7,16:05,18:35,OBL,DAILY,,"फोंडा वैभवावाडी उंबर्डे भुईबावडा नर्ले",
10840,"Kankavli To Jambhawade Guravwadi Via Karul",Kankavli,"Jambhawade Guravwadi",KARUL,MO,9253,"Pachal Fata",68,,,कणकवली,जांभवडे,74.7,16:05,18:35,OBL,DAILY,,"फोंडा वैभवावाडी उंबर्डे भुईबावडा नर्ले",
10840,"Kankavli To Jambhawade Guravwadi Via Karul",Kankavli,"Jambhawade Guravwadi",KARUL,MO,9261,Rahatkondwadi,69.2,,,कणकवली,जांभवडे,74.7,16:05,18:35,OBL,DAILY,,"फोंडा वैभवावाडी उंबर्डे भुईबावडा नर्ले",
10840,"Kankavli To Jambhawade Guravwadi Via Karul",Kankavli,"Jambhawade Guravwadi",KARUL,MO,9256,"Pawar Ghar",71,,,कणकवली,जांभवडे,74.7,16:05,18:35,OBL,DAILY,,"फोंडा वैभवावाडी उंबर्डे भुईबावडा नर्ले",
10840,"Kankavli To Jambhawade Guravwadi Via Karul",Kankavli,"Jambhawade Guravwadi",KARUL,MO,9210,"Jambhawade Guravwadi",74.7,,,कणकवली,जांभवडे,74.7,16:05,18:35,OBL,DAILY,,"फोंडा वैभवावाडी उंबर्डे भुईबावडा नर्ले",
10863,"Kankavli To Chafed Gaothan Via Tarndale",Kankavli,"Chafed Gaothan","TARANDALE PANCHAYAT",MO,2786,Kankavli,,,,कणकवली,चाफेड,27.8,17:00,18:15,SC,SUN,,main,
10863,"Kankavli To Chafed Gaothan Via Tarndale",Kankavli,"Chafed Gaothan","TARANDALE PANCHAYAT",MO,2981,"Tarandale Panchayat",3.3,,,कणकवली,चाफेड,27.8,17:00,18:15,SC,SUN,,main,
10863,"Kankavli To Chafed Gaothan Via Tarndale",Kankavli,"Chafed Gaothan","TARANDALE PANCHAYAT",MO,2980,"Tarandale Mandir",6.4,,,कणकवली,चाफेड,27.8,17:00,18:15,SC,SUN,,main,
10863,"Kankavli To Chafed Gaothan Via Tarndale",Kankavli,"Chafed Gaothan","TARANDALE PANCHAYAT",MO,2846,"Main Fata",9.1,,,कणकवली,चाफेड,27.8,17:00,18:15,SC,SUN,,main,
10863,"Kankavli To Chafed Gaothan Via Tarndale",Kankavli,"Chafed Gaothan","TARANDALE PANCHAYAT",MO,2848,"Main Sutarwadi",12.7,,,कणकवली,चाफेड,27.8,17:00,18:15,SC,SUN,,main,
10863,"Kankavli To Chafed Gaothan Via Tarndale",Kankavli,"Chafed Gaothan","TARANDALE PANCHAYAT",MO,2991,Ubadewadi,13.3,,,कणकवली,चाफेड,27.8,17:00,18:15,SC,SUN,,main,
10863,"Kankavli To Chafed Gaothan Via Tarndale",Kankavli,"Chafed Gaothan","TARANDALE PANCHAYAT",MO,2847,"Main Panchayat",14.8,,,कणकवली,चाफेड,27.8,17:00,18:15,SC,SUN,,main,
10863,"Kankavli To Chafed Gaothan Via Tarndale",Kankavli,"Chafed Gaothan","TARANDALE PANCHAYAT",MO,2848,"Main Sutarwadi",17.2,,,कणकवली,चाफेड,27.8,17:00,18:15,SC,SUN,,main,
10863,"Kankavli To Chafed Gaothan Via Tarndale",Kankavli,"Chafed Gaothan","TARANDALE PANCHAYAT",MO,2846,"Main Fata",20.2,,,कणकवली,चाफेड,27.8,17:00,18:15,SC,SUN,,main,
10863,"Kankavli To Chafed Gaothan Via Tarndale",Kankavli,"Chafed Gaothan","TARANDALE PANCHAYAT",MO,2659,"Bharni Nanewadi",23.2,,,कणकवली,चाफेड,27.8,17:00,18:15,SC,SUN,,main,
10863,"Kankavli To Chafed Gaothan Via Tarndale",Kankavli,"Chafed Gaothan","TARANDALE PANCHAYAT",MO,88070,"Bharni Bhogalwadi",26.5,,,कणकवली,चाफेड,27.8,17:00,18:15,SC,SUN,,main,
10863,"Kankavli To Chafed Gaothan Via Tarndale",Kankavli,"Chafed Gaothan","TARANDALE PANCHAYAT",MO,1666,"Chafed Gaothan",27.8,,,कणकवली,चाफेड,27.8,17:00,18:15,SC,SUN,,main,
11025,"Malvan To Kankavli Via Hirlewadi Sai Mandir",Malvan,Kankavli,"HIRLEWADI SAI MANDIR",MO,6915,Malvan,,,,मालवण,कणकवली,63,10:45,12:45,NON,DAILY,,"आचरा बांगवेवाडी त्रिमबक सापळा",
11025,"Malvan To Kankavli Via Hirlewadi Sai Mandir",Malvan,Kankavli,"HIRLEWADI SAI MANDIR",MO,6889,Kolamb,3,,,मालवण,कणकवली,63,10:45,12:45,NON,DAILY,,"आचरा बांगवेवाडी त्रिमबक सापळा",
11025,"Malvan To Kankavli Via Hirlewadi Sai Mandir",Malvan,Kankavli,"HIRLEWADI SAI MANDIR",MO,6910,"Mail Dagad",6,,,मालवण,कणकवली,63,10:45,12:45,NON,DAILY,,"आचरा बांगवेवाडी त्रिमबक सापळा",
11025,"Malvan To Kankavli Via Hirlewadi Sai Mandir",Malvan,Kankavli,"HIRLEWADI SAI MANDIR",MO,6864,Kandalgaon,7,,,मालवण,कणकवली,63,10:45,12:45,NON,DAILY,,"आचरा बांगवेवाडी त्रिमबक सापळा",
11025,"Malvan To Kankavli Via Hirlewadi Sai Mandir",Malvan,Kankavli,"HIRLEWADI SAI MANDIR",MO,6817,"Gadgil Stop",9,,,मालवण,कणकवली,63,10:45,12:45,NON,DAILY,,"आचरा बांगवेवाडी त्रिमबक सापळा",
11025,"Malvan To Kankavli Via Hirlewadi Sai Mandir",Malvan,Kankavli,"HIRLEWADI SAI MANDIR",MO,6921,Margeshwar,12,,,मालवण,कणकवली,63,10:45,12:45,NON,DAILY,,"आचरा बांगवेवाडी त्रिमबक सापळा",
11025,"Malvan To Kankavli Via Hirlewadi Sai Mandir",Malvan,Kankavli,"HIRLEWADI SAI MANDIR",MO,6860,"Kalawal Titha",15,,,मालवण,कणकवली,63,10:45,12:45,NON,DAILY,,"आचरा बांगवेवाडी त्रिमबक सापळा",
11025,"Malvan To Kankavli Via Hirlewadi Sai Mandir",Malvan,Kankavli,"HIRLEWADI SAI MANDIR",MO,6763,"Asolkar Dukan",16,,,मालवण,कणकवली,63,10:45,12:45,NON,DAILY,,"आचरा बांगवेवाडी त्रिमबक सापळा",
11025,"Malvan To Kankavli Via Hirlewadi Sai Mandir",Malvan,Kankavli,"HIRLEWADI SAI MANDIR",MO,6960,Pat,18,,,मालवण,कणकवली,63,10:45,12:45,NON,DAILY,,"आचरा बांगवेवाडी त्रिमबक सापळा",
11025,"Malvan To Kankavli Via Hirlewadi Sai Mandir",Malvan,Kankavli,"HIRLEWADI SAI MANDIR",MO,6848,"Hirlewadi Sai Mandir",21,,,मालवण,कणकवली,63,10:45,12:45,NON,DAILY,,"आचरा बांगवेवाडी त्रिमबक सापळा",
11025,"Malvan To Kankavli Via Hirlewadi Sai Mandir",Malvan,Kankavli,"HIRLEWADI SAI MANDIR",MO,6741,"Achara Bandar",24,,,मालवण,कणकवली,63,10:45,12:45,NON,DAILY,,"आचरा बांगवेवाडी त्रिमबक सापळा",
11025,"Malvan To Kankavli Via Hirlewadi Sai Mandir",Malvan,Kankavli,"HIRLEWADI SAI MANDIR",MO,6744,"Achara Tita",27,,,मालवण,कणकवली,63,10:45,12:45,NON,DAILY,,"आचरा बांगवेवाडी त्रिमबक सापळा",
11025,"Malvan To Kankavli Via Hirlewadi Sai Mandir",Malvan,Kankavli,"HIRLEWADI SAI MANDIR",MO,6798,"Chindar Wad",30,,,मालवण,कणकवली,63,10:45,12:45,NON,DAILY,,"आचरा बांगवेवाडी त्रिमबक सापळा",
11025,"Malvan To Kankavli Via Hirlewadi Sai Mandir",Malvan,Kankavli,"HIRLEWADI SAI MANDIR",MO,7009,"Trimbak Bazar",33,,,मालवण,कणकवली,63,10:45,12:45,NON,DAILY,,"आचरा बांगवेवाडी त्रिमबक सापळा",
11025,"Malvan To Kankavli Via Hirlewadi Sai Mandir",Malvan,Kankavli,"HIRLEWADI SAI MANDIR",MO,7011,"Trimbak Sapala",34,,,मालवण,कणकवली,63,10:45,12:45,NON,DAILY,,"आचरा बांगवेवाडी त्रिमबक सापळा",
11025,"Malvan To Kankavli Via Hirlewadi Sai Mandir",Malvan,Kankavli,"HIRLEWADI SAI MANDIR",MO,6953,"Palsamb School",36,,,मालवण,कणकवली,63,10:45,12:45,NON,DAILY,,"आचरा बांगवेवाडी त्रिमबक सापळा",
11025,"Malvan To Kankavli Via Hirlewadi Sai Mandir",Malvan,Kankavli,"HIRLEWADI SAI MANDIR",MO,6858,"Kaju Stop",39,,,मालवण,कणकवली,63,10:45,12:45,NON,DAILY,,"आचरा बांगवेवाडी त्रिमबक सापळा",
11025,"Malvan To Kankavli Via Hirlewadi Sai Mandir",Malvan,Kankavli,"HIRLEWADI SAI MANDIR",MO,6749,"Adawali Titha",40,,,मालवण,कणकवली,63,10:45,12:45,NON,DAILY,,"आचरा बांगवेवाडी त्रिमबक सापळा",
11025,"Malvan To Kankavli Via Hirlewadi Sai Mandir",Malvan,Kankavli,"HIRLEWADI SAI MANDIR",MO,6910,"Mail Dagad",42,,,मालवण,कणकवली,63,10:45,12:45,NON,DAILY,,"आचरा बांगवेवाडी त्रिमबक सापळा",
11025,"Malvan To Kankavli Via Hirlewadi Sai Mandir",Malvan,Kankavli,"HIRLEWADI SAI MANDIR",MO,6997,Shravan,43,,,मालवण,कणकवली,63,10:45,12:45,NON,DAILY,,"आचरा बांगवेवाडी त्रिमबक सापळा",
11025,"Malvan To Kankavli Via Hirlewadi Sai Mandir",Malvan,Kankavli,"HIRLEWADI SAI MANDIR",MO,6777,"Belne Fata",45,,,मालवण,कणकवली,63,10:45,12:45,NON,DAILY,,"आचरा बांगवेवाडी त्रिमबक सापळा",
11025,"Malvan To Kankavli Via Hirlewadi Sai Mandir",Malvan,Kankavli,"HIRLEWADI SAI MANDIR",MO,6971,"Ramgad Bazar",48,,,मालवण,कणकवली,63,10:45,12:45,NON,DAILY,,"आचरा बांगवेवाडी त्रिमबक सापळा",
11025,"Malvan To Kankavli Via Hirlewadi Sai Mandir",Malvan,Kankavli,"HIRLEWADI SAI MANDIR",MO,2737,"Gothane Wad",51,,,मालवण,कणकवली,63,10:45,12:45,NON,DAILY,,"आचरा बांगवेवाडी त्रिमबक सापळा",
11025,"Malvan To Kankavli Via Hirlewadi Sai Mandir",Malvan,Kankavli,"HIRLEWADI SAI MANDIR",MO,2902,"Phalsewadi School",54,,,मालवण,कणकवली,63,10:45,12:45,NON,DAILY,,"आचरा बांगवेवाडी त्रिमबक सापळा",
11025,"Malvan To Kankavli Via Hirlewadi Sai Mandir",Malvan,Kankavli,"HIRLEWADI SAI MANDIR",MO,88092,"Kalmath Phanaswadi",57,,,मालवण,कणकवली,63,10:45,12:45,NON,DAILY,,"आचरा बांगवेवाडी त्रिमबक सापळा",
11025,"Malvan To Kankavli Via Hirlewadi Sai Mandir",Malvan,Kankavli,"HIRLEWADI SAI MANDIR",MO,2786,Kankavli,60,,,मालवण,कणकवली,63,10:45,12:45,NON,DAILY,,"आचरा बांगवेवाडी त्रिमबक सापळा",
11025,"Malvan To Kankavli Via Hirlewadi Sai Mandir",Malvan,Kankavli,"HIRLEWADI SAI MANDIR",MO,88077,"Kankavli Railway Station",61.5,,,मालवण,कणकवली,63,10:45,12:45,NON,DAILY,,"आचरा बांगवेवाडी त्रिमबक सापळा",
11025,"Malvan To Kankavli Via Hirlewadi Sai Mandir",Malvan,Kankavli,"HIRLEWADI SAI MANDIR",MO,2786,Kankavli,63,,,मालवण,कणकवली,63,10:45,12:45,NON,DAILY,,"आचरा बांगवेवाडी त्रिमबक सापळा",
11086,"Phonda To Moude",Phonda,Moude,,MO,2904,Phonda,,,,फोंडा,मौदे,50.3,18:15,20:15,OBL,DAILY,,"वैभववाडी भुईबावडा आखवणे bbभोम",
11086,"Phonda To Moude",Phonda,Moude,,MO,2858,"Mona Wahal",3,,,फोंडा,मौदे,50.3,18:15,20:15,OBL,DAILY,,"वैभववाडी भुईबावडा आखवणे bbभोम",
11086,"Phonda To Moude",Phonda,Moude,,MO,2839,"Lore Bangala",6.3,,,फोंडा,मौदे,50.3,18:15,20:15,OBL,DAILY,,"वैभववाडी भुईबावडा आखवणे bbभोम",
11086,"Phonda To Moude",Phonda,Moude,,MO,2735,"Gosavi Hotel",6.7,,,फोंडा,मौदे,50.3,18:15,20:15,OBL,DAILY,,"वैभववाडी भुईबावडा आखवणे bbभोम",
11086,"Phonda To Moude",Phonda,Moude,,MO,9171,"Achirne Wad",7.9,,,फोंडा,मौदे,50.3,18:15,20:15,OBL,DAILY,,"वैभववाडी भुईबावडा आखवणे bbभोम",
11086,"Phonda To Moude",Phonda,Moude,,MO,9169,Achirne,9.3,,,फोंडा,मौदे,50.3,18:15,20:15,OBL,DAILY,,"वैभववाडी भुईबावडा आखवणे bbभोम",
11086,"Phonda To Moude",Phonda,Moude,,MO,9215,Khambale,12.7,,,फोंडा,मौदे,50.3,18:15,20:15,OBL,DAILY,,"वैभववाडी भुईबावडा आखवणे bbभोम",
11086,"Phonda To Moude",Phonda,Moude,,MO,9189,Dand,15.3,,,फोंडा,मौदे,50.3,18:15,20:15,OBL,DAILY,,"वैभववाडी भुईबावडा आखवणे bbभोम",
11086,"Phonda To Moude",Phonda,Moude,,MO,9291,Vaibhavwadi,18.4,,,फोंडा,मौदे,50.3,18:15,20:15,OBL,DAILY,,"वैभववाडी भुईबावडा आखवणे bbभोम",
11086,"Phonda To Moude",Phonda,Moude,,MO,9247,"Narkar Dukan",21,,,फोंडा,मौदे,50.3,18:15,20:15,OBL,DAILY,,"वैभववाडी भुईबावडा आखवणे bbभोम",
11086,"Phonda To Moude",Phonda,Moude,,MO,9226,"Kusur Bazarwadi",24.2,,,फोंडा,मौदे,50.3,18:15,20:15,OBL,DAILY,,"वैभववाडी भुईबावडा आखवणे bbभोम",
11086,"Phonda To Moude",Phonda,Moude,,MO,9286,"Umbarde Canteen",27.5,,,फोंडा,मौदे,50.3,18:15,20:15,OBL,DAILY,,"वैभववाडी भुईबावडा आखवणे bbभोम",
11086,"Phonda To Moude",Phonda,Moude,,MO,9296,Waniwadi,30.5,,,फोंडा,मौदे,50.3,18:15,20:15,OBL,DAILY,,"वैभववाडी भुईबावडा आखवणे bbभोम",
11086,"Phonda To Moude",Phonda,Moude,,MO,9280,Teliwadi,33.1,,,फोंडा,मौदे,50.3,18:15,20:15,OBL,DAILY,,"वैभववाडी भुईबावडा आखवणे bbभोम",
11086,"Phonda To Moude",Phonda,Moude,,MO,9233,"Mangawali Dispensary",34,,,फोंडा,मौदे,50.3,18:15,20:15,OBL,DAILY,,"वैभववाडी भुईबावडा आखवणे bbभोम",
11086,"Phonda To Moude",Phonda,Moude,,MO,9282,Tirawade,36.4,,,फोंडा,मौदे,50.3,18:15,20:15,OBL,DAILY,,"वैभववाडी भुईबावडा आखवणे bbभोम",
11086,"Phonda To Moude",Phonda,Moude,,MO,9186,Bhuibavada,39.4,,,फोंडा,मौदे,50.3,18:15,20:15,OBL,DAILY,,"वैभववाडी भुईबावडा आखवणे bbभोम",
11086,"Phonda To Moude",Phonda,Moude,,MO,9198,"Ghat Matha",41.1,,,फोंडा,मौदे,50.3,18:15,20:15,OBL,DAILY,,"वैभववाडी भुईबावडा आखवणे bbभोम",
11086,"Phonda To Moude",Phonda,Moude,,MO,9207,"Het School",42,,,फोंडा,मौदे,50.3,18:15,20:15,OBL,DAILY,,"वैभववाडी भुईबावडा आखवणे bbभोम",
11086,"Phonda To Moude",Phonda,Moude,,MO,9206,"Het Fata",43.2,,,फोंडा,मौदे,50.3,18:15,20:15,OBL,DAILY,,"वैभववाडी भुईबावडा आखवणे bbभोम",
11086,"Phonda To Moude",Phonda,Moude,,MO,9175,Akhavane,45,,,फोंडा,मौदे,50.3,18:15,20:15,OBL,DAILY,,"वैभववाडी भुईबावडा आखवणे bbभोम",
11086,"Phonda To Moude",Phonda,Moude,,MO,9183,Bhom,45.3,,,फोंडा,मौदे,50.3,18:15,20:15,OBL,DAILY,,"वैभववाडी भुईबावडा आखवणे bbभोम",
11086,"Phonda To Moude",Phonda,Moude,,MO,9202,Guravwadi,48.4,,,फोंडा,मौदे,50.3,18:15,20:15,OBL,DAILY,,"वैभववाडी भुईबावडा आखवणे bbभोम",
11086,"Phonda To Moude",Phonda,Moude,,MO,9239,Moude,50.3,,,फोंडा,मौदे,50.3,18:15,20:15,OBL,DAILY,,"वैभववाडी भुईबावडा आखवणे bbभोम",
11370,"Tarla To Bholewadi",Tarla,Bholewadi,,MO,2982,Tarla,,,,तरळे,भोळेवाडी,19.6,14:20,15:05,SC,DAILY,,नाद,
11370,"Tarla To Bholewadi",Tarla,Bholewadi,,MO,2696,Darom,2,,,तरळे,भोळेवाडी,19.6,14:20,15:05,SC,DAILY,,नाद,
11370,"Tarla To Bholewadi",Tarla,Bholewadi,,MO,2844,"Mail Stone",3,,,तरळे,भोळेवाडी,19.6,14:20,15:05,SC,DAILY,,नाद,
11370,"Tarla To Bholewadi",Tarla,Bholewadi,,MO,2965,Shirawali,5.8,,,तरळे,भोळेवाडी,19.6,14:20,15:05,SC,DAILY,,नाद,
11370,"Tarla To Bholewadi",Tarla,Bholewadi,,MO,1736,"Gavane Fata",9,,,तरळे,भोळेवाडी,19.6,14:20,15:05,SC,DAILY,,नाद,
11370,"Tarla To Bholewadi",Tarla,Bholewadi,,MO,1962,"Rameshwar Mandir",12,,,तरळे,भोळेवाडी,19.6,14:20,15:05,SC,DAILY,,नाद,
11370,"Tarla To Bholewadi",Tarla,Bholewadi,,MO,1900,"Nad Grampanchayat",13,,,तरळे,भोळेवाडी,19.6,14:20,15:05,SC,DAILY,,नाद,
11370,"Tarla To Bholewadi",Tarla,Bholewadi,,MO,1898,"Nad Buddhawadi",15,,,तरळे,भोळेवाडी,19.6,14:20,15:05,SC,DAILY,,नाद,
11370,"Tarla To Bholewadi",Tarla,Bholewadi,,MO,1648,Bholewadi,19.6,,,तरळे,भोळेवाडी,19.6,14:20,15:05,SC,DAILY,,नाद,
19158,"Ainal Chavata To Kankavli","Ainal Chavata",Kankavli,,MO,2637,"Ainal Chavata",,,,"आयनल चव्हाटा",कणकवली,18,08:35,09:15,NON,DAILY,,"तरंदळे भरणी",
19158,"Ainal Chavata To Kankavli","Ainal Chavata",Kankavli,,MO,2909,"Pimpalwadi Ainal",2.3,,,"आयनल चव्हाटा",कणकवली,18,08:35,09:15,NON,DAILY,,"तरंदळे भरणी",
19158,"Ainal Chavata To Kankavli","Ainal Chavata",Kankavli,,MO,88070,"Bharni Bhogalwadi",4,,,"आयनल चव्हाटा",कणकवली,18,08:35,09:15,NON,DAILY,,"तरंदळे भरणी",
19158,"Ainal Chavata To Kankavli","Ainal Chavata",Kankavli,,MO,2658,"Bharni Boudhawadi",4.8,,,"आयनल चव्हाटा",कणकवली,18,08:35,09:15,NON,DAILY,,"तरंदळे भरणी",
19158,"Ainal Chavata To Kankavli","Ainal Chavata",Kankavli,,MO,1669,Chafed,5,,,"आयनल चव्हाटा",कणकवली,18,08:35,09:15,NON,DAILY,,"तरंदळे भरणी",
19158,"Ainal Chavata To Kankavli","Ainal Chavata",Kankavli,,MO,2659,"Bharni Nanewadi",6,,,"आयनल चव्हाटा",कणकवली,18,08:35,09:15,NON,DAILY,,"तरंदळे भरणी",
19158,"Ainal Chavata To Kankavli","Ainal Chavata",Kankavli,,MO,2846,"Main Fata",9,,,"आयनल चव्हाटा",कणकवली,18,08:35,09:15,NON,DAILY,,"तरंदळे भरणी",
19158,"Ainal Chavata To Kankavli","Ainal Chavata",Kankavli,,MO,2980,"Tarandale Mandir",12,,,"आयनल चव्हाटा",कणकवली,18,08:35,09:15,NON,DAILY,,"तरंदळे भरणी",
19158,"Ainal Chavata To Kankavli","Ainal Chavata",Kankavli,,MO,2827,"Kundewadi Fata",15,,,"आयनल चव्हाटा",कणकवली,18,08:35,09:15,NON,DAILY,,"तरंदळे भरणी",
19158,"Ainal Chavata To Kankavli","Ainal Chavata",Kankavli,,MO,2786,Kankavli,18,,,"आयनल चव्हाटा",कणकवली,18,08:35,09:15,NON,DAILY,,"तरंदळे भरणी",
19180,"Ranjanwadi Digvale To Kankavli Via Bhat Dukan",Ranjanwadi,Kankavli,"BHAT DUKAN",MO,2929,Ranjanwadi,,,,दिगवळे,कणकवली,24,17:10,18:10,SC,SUN,,,
19180,"Ranjanwadi Digvale To Kankavli Via Bhat Dukan",Ranjanwadi,Kankavli,"BHAT DUKAN",MO,2703,"Digawale Gaothan",2.3,,,दिगवळे,कणकवली,24,17:10,18:10,SC,SUN,,,
19180,"Ranjanwadi Digvale To Kankavli Via Bhat Dukan",Ranjanwadi,Kankavli,"BHAT DUKAN",MO,2704,"Digawale Gpo",4.9,,,दिगवळे,कणकवली,24,17:10,18:10,SC,SUN,,,
19180,"Ranjanwadi Digvale To Kankavli Via Bhat Dukan",Ranjanwadi,Kankavli,"BHAT DUKAN",MO,2838,"Londha Pool",5.1,,,दिगवळे,कणकवली,24,17:10,18:10,SC,SUN,,,
19180,"Ranjanwadi Digvale To Kankavli Via Bhat Dukan",Ranjanwadi,Kankavli,"BHAT DUKAN",MO,2715,"Forest Nursary",6,,,दिगवळे,कणकवली,24,17:10,18:10,SC,SUN,,,
19180,"Ranjanwadi Digvale To Kankavli Via Bhat Dukan",Ranjanwadi,Kankavli,"BHAT DUKAN",MO,2925,"Rajwadi Fata",6.5,,,दिगवळे,कणकवली,24,17:10,18:10,SC,SUN,,,
19180,"Ranjanwadi Digvale To Kankavli Via Bhat Dukan",Ranjanwadi,Kankavli,"BHAT DUKAN",MO,2711,"Dubaleshwar Wadi",7.6,,,दिगवळे,कणकवली,24,17:10,18:10,SC,SUN,,,
19180,"Ranjanwadi Digvale To Kankavli Via Bhat Dukan",Ranjanwadi,Kankavli,"BHAT DUKAN",MO,2852,"Maruti Mandir",8.5,,,दिगवळे,कणकवली,24,17:10,18:10,SC,SUN,,,
19180,"Ranjanwadi Digvale To Kankavli Via Bhat Dukan",Ranjanwadi,Kankavli,"BHAT DUKAN",MO,2826,"Kumbhawade Fata",10.1,,,दिगवळे,कणकवली,24,17:10,18:10,SC,SUN,,,
19180,"Ranjanwadi Digvale To Kankavli Via Bhat Dukan",Ranjanwadi,Kankavli,"BHAT DUKAN",MO,2782,Kanedi,11.8,,,दिगवळे,कणकवली,24,17:10,18:10,SC,SUN,,,
19180,"Ranjanwadi Digvale To Kankavli Via Bhat Dukan",Ranjanwadi,Kankavli,"BHAT DUKAN",MO,2944,"Sangave Mal",12.3,,,दिगवळे,कणकवली,24,17:10,18:10,SC,SUN,,,
19180,"Ranjanwadi Digvale To Kankavli Via Bhat Dukan",Ranjanwadi,Kankavli,"BHAT DUKAN",MO,2954,"Sawant Ghar",13.7,,,दिगवळे,कणकवली,24,17:10,18:10,SC,SUN,,,
19180,"Ranjanwadi Digvale To Kankavli Via Bhat Dukan",Ranjanwadi,Kankavli,"BHAT DUKAN",MO,2945,"Sangave Mandir",14.8,,,दिगवळे,कणकवली,24,17:10,18:10,SC,SUN,,,
19180,"Ranjanwadi Digvale To Kankavli Via Bhat Dukan",Ranjanwadi,Kankavli,"BHAT DUKAN",MO,2774,Kalitri,16.4,,,दिगवळे,कणकवली,24,17:10,18:10,SC,SUN,,,
19180,"Ranjanwadi Digvale To Kankavli Via Bhat Dukan",Ranjanwadi,Kankavli,"BHAT DUKAN",MO,2660,"Bhat Dukan",17.8,,,दिगवळे,कणकवली,24,17:10,18:10,SC,SUN,,,
19180,"Ranjanwadi Digvale To Kankavli Via Bhat Dukan",Ranjanwadi,Kankavli,"BHAT DUKAN",MO,2851,"Marathe Dispensary",18.8,,,दिगवळे,कणकवली,24,17:10,18:10,SC,SUN,,,
19180,"Ranjanwadi Digvale To Kankavli Via Bhat Dukan",Ranjanwadi,Kankavli,"BHAT DUKAN",MO,2859,Mudeshwar,20.9,,,दिगवळे,कणकवली,24,17:10,18:10,SC,SUN,,,
19180,"Ranjanwadi Digvale To Kankavli Via Bhat Dukan",Ranjanwadi,Kankavli,"BHAT DUKAN",MO,2786,Kankavli,24,,,दिगवळे,कणकवली,24,17:10,18:10,SC,SUN,,,
19376,"Narkarwadi To Kankavli",Narkarwadi,Kankavli,,MO,2881,Narkarwadi,,,,नारकरवाडी,कणकवली,16.2,06:30,07:00,SC,DAILY,,,
19376,"Narkarwadi To Kankavli",Narkarwadi,Kankavli,,MO,2849,Mandir,3.1,,,नारकरवाडी,कणकवली,16.2,06:30,07:00,SC,DAILY,,,
19376,"Narkarwadi To Kankavli",Narkarwadi,Kankavli,,MO,2823,"Kumbharwadi Gavaldeo",3.6,,,नारकरवाडी,कणकवली,16.2,06:30,07:00,SC,DAILY,,,
19376,"Narkarwadi To Kankavli",Narkarwadi,Kankavli,,MO,2701,"Dhavan Dukan",6.4,,,नारकरवाडी,कणकवली,16.2,06:30,07:00,SC,DAILY,,,
19376,"Narkarwadi To Kankavli",Narkarwadi,Kankavli,,MO,2682,Chinch,8.5,,,नारकरवाडी,कणकवली,16.2,06:30,07:00,SC,DAILY,,,
19376,"Narkarwadi To Kankavli",Narkarwadi,Kankavli,,MO,2868,"Nagave Marathi School",9.1,,,नारकरवाडी,कणकवली,16.2,06:30,07:00,SC,DAILY,,,
19376,"Narkarwadi To Kankavli",Narkarwadi,Kankavli,,MO,2767,"Janavali Fata",12.2,,,नारकरवाडी,कणकवली,16.2,06:30,07:00,SC,DAILY,,,
19376,"Narkarwadi To Kankavli",Narkarwadi,Kankavli,,MO,2931,"Ravalnath Mandir",13.5,,,नारकरवाडी,कणकवली,16.2,06:30,07:00,SC,DAILY,,,
19376,"Narkarwadi To Kankavli",Narkarwadi,Kankavli,,MO,2786,Kankavli,16.2,,,नारकरवाडी,कणकवली,16.2,06:30,07:00,SC,DAILY,,,
19387,"Phonda To Kankavli Via Tiware Gpo",Phonda,Kankavli,"TIWARE GPO",MO,2904,Phonda,,,,फोंडा,कणकवली,20.3,12:00,12:45,NON,DAILY,,तिवरे,
19387,"Phonda To Kankavli Via Tiware Gpo",Phonda,Kankavli,"TIWARE GPO",MO,2787,"Kankavli Nandgaon Fata",2.8,,,फोंडा,कणकवली,20.3,12:00,12:45,NON,DAILY,,तिवरे,
19387,"Phonda To Kankavli Via Tiware Gpo",Phonda,Kankavli,"TIWARE GPO",MO,2948,Satamwadi,5,,,फोंडा,कणकवली,20.3,12:00,12:45,NON,DAILY,,तिवरे,
19387,"Phonda To Kankavli Via Tiware Gpo",Phonda,Kankavli,"TIWARE GPO",MO,2724,Gaothan,5.6,,,फोंडा,कणकवली,20.3,12:00,12:45,NON,DAILY,,तिवरे,
19387,"Phonda To Kankavli Via Tiware Gpo",Phonda,Kankavli,"TIWARE GPO",MO,2999,"Vitthal Mandir",8.6,,,फोंडा,कणकवली,20.3,12:00,12:45,NON,DAILY,,तिवरे,
19387,"Phonda To Kankavli Via Tiware Gpo",Phonda,Kankavli,"TIWARE GPO",MO,2988,"Tiware Gpo",9,,,फोंडा,कणकवली,20.3,12:00,12:45,NON,DAILY,,तिवरे,
19387,"Phonda To Kankavli Via Tiware Gpo",Phonda,Kankavli,"TIWARE GPO",MO,88118,Walwewadi,11.3,,,फोंडा,कणकवली,20.3,12:00,12:45,NON,DAILY,,तिवरे,
19387,"Phonda To Kankavli Via Tiware Gpo",Phonda,Kankavli,"TIWARE GPO",MO,2655,Belane,12,,,फोंडा,कणकवली,20.3,12:00,12:45,NON,DAILY,,तिवरे,
19387,"Phonda To Kankavli Via Tiware Gpo",Phonda,Kankavli,"TIWARE GPO",MO,2756,"Humrat Titha",16.8,,,फोंडा,कणकवली,20.3,12:00,12:45,NON,DAILY,,तिवरे,
19387,"Phonda To Kankavli Via Tiware Gpo",Phonda,Kankavli,"TIWARE GPO",MO,2766,Janavali,18,,,फोंडा,कणकवली,20.3,12:00,12:45,NON,DAILY,,तिवरे,
19387,"Phonda To Kankavli Via Tiware Gpo",Phonda,Kankavli,"TIWARE GPO",MO,2786,Kankavli,20.3,,,फोंडा,कणकवली,20.3,12:00,12:45,NON,DAILY,,तिवरे,
19508,"Asgani Chavan Dukan To Kankavli","Asgani Chavan Dukan",Kankavli,,MO,6760,"Asgani Chavan Dukan",,,,"असगणी चव्हाण दुकान",कणकवली,17.6,11:20,12:00,NON,DAILY,,"सातरल  कसरल",
19508,"Asgani Chavan Dukan To Kankavli","Asgani Chavan Dukan",Kankavli,,MO,6840,"Haladiwadi Maruti Mandir",1,,,"असगणी चव्हाण दुकान",कणकवली,17.6,11:20,12:00,NON,DAILY,,"सातरल  कसरल",
19508,"Asgani Chavan Dukan To Kankavli","Asgani Chavan Dukan",Kankavli,,MO,7023,"Wadacha Naka",2.6,,,"असगणी चव्हाण दुकान",कणकवली,17.6,11:20,12:00,NON,DAILY,,"सातरल  कसरल",
19508,"Asgani Chavan Dukan To Kankavli","Asgani Chavan Dukan",Kankavli,,MO,6995,"Shiravande Gpo",3.3,,,"असगणी चव्हाण दुकान",कणकवली,17.6,11:20,12:00,NON,DAILY,,"सातरल  कसरल",
19508,"Asgani Chavan Dukan To Kankavli","Asgani Chavan Dukan",Kankavli,,MO,6767,"Asrondi Sima",5.5,,,"असगणी चव्हाण दुकान",कणकवली,17.6,11:20,12:00,NON,DAILY,,"सातरल  कसरल",
19508,"Asgani Chavan Dukan To Kankavli","Asgani Chavan Dukan",Kankavli,,MO,6764,"Asrondi High School",7.2,,,"असगणी चव्हाण दुकान",कणकवली,17.6,11:20,12:00,NON,DAILY,,"सातरल  कसरल",
19508,"Asgani Chavan Dukan To Kankavli","Asgani Chavan Dukan",Kankavli,,MO,2805,"Kasral Sada Wad",8.6,,,"असगणी चव्हाण दुकान",कणकवली,17.6,11:20,12:00,NON,DAILY,,"सातरल  कसरल",
19508,"Asgani Chavan Dukan To Kankavli","Asgani Chavan Dukan",Kankavli,,MO,2802,"Kasral Disp",10.5,,,"असगणी चव्हाण दुकान",कणकवली,17.6,11:20,12:00,NON,DAILY,,"सातरल  कसरल",
19508,"Asgani Chavan Dukan To Kankavli","Asgani Chavan Dukan",Kankavli,,MO,2854,"Masansada Titha Giran",11.2,,,"असगणी चव्हाण दुकान",कणकवली,17.6,11:20,12:00,NON,DAILY,,"सातरल  कसरल",
19508,"Asgani Chavan Dukan To Kankavli","Asgani Chavan Dukan",Kankavli,,MO,2950,"Satral Pavnadevi Mandir",11.7,,,"असगणी चव्हाण दुकान",कणकवली,17.6,11:20,12:00,NON,DAILY,,"सातरल  कसरल",
19508,"Asgani Chavan Dukan To Kankavli","Asgani Chavan Dukan",Kankavli,,MO,3001,"Wagade Gpo",14.5,,,"असगणी चव्हाण दुकान",कणकवली,17.6,11:20,12:00,NON,DAILY,,"सातरल  कसरल",
19508,"Asgani Chavan Dukan To Kankavli","Asgani Chavan Dukan",Kankavli,,MO,2786,Kankavli,17.6,,,"असगणी चव्हाण दुकान",कणकवली,17.6,11:20,12:00,NON,DAILY,,"सातरल  कसरल",
19574,"Talashil To Kankavli",Talashil,Kankavli,,MO,7001,Talashil,,,,"तोंडवली तळाशिल",कणकवली,51.4,05:45,07:45,OBL,DAILY,"सहा तासात कर्त्यव्य संपते","आचरा,आचरा बंदर,हिलेवाडी मार्गे",
19574,"Talashil To Kankavli",Talashil,Kankavli,,MO,6998,"Suruche Ban",2.1,,,"तोंडवली तळाशिल",कणकवली,51.4,05:45,07:45,OBL,DAILY,"सहा तासात कर्त्यव्य संपते","आचरा,आचरा बंदर,हिलेवाडी मार्गे",
19574,"Talashil To Kankavli",Talashil,Kankavli,,MO,7026,"Wagheshwar Mandir",3.4,,,"तोंडवली तळाशिल",कणकवली,51.4,05:45,07:45,OBL,DAILY,"सहा तासात कर्त्यव्य संपते","आचरा,आचरा बंदर,हिलेवाडी मार्गे",
19574,"Talashil To Kankavli",Talashil,Kankavli,,MO,6910,"Mail Dagad",5.1,,,"तोंडवली तळाशिल",कणकवली,51.4,05:45,07:45,OBL,DAILY,"सहा तासात कर्त्यव्य संपते","आचरा,आचरा बंदर,हिलेवाडी मार्गे",
19574,"Talashil To Kankavli",Talashil,Kankavli,,MO,7007,"Tondavali Fata",6.1,,,"तोंडवली तळाशिल",कणकवली,51.4,05:45,07:45,OBL,DAILY,"सहा तासात कर्त्यव्य संपते","आचरा,आचरा बंदर,हिलेवाडी मार्गे",
19574,"Talashil To Kankavli",Talashil,Kankavli,,MO,6763,"Asolkar Dukan",7.1,,,"तोंडवली तळाशिल",कणकवली,51.4,05:45,07:45,OBL,DAILY,"सहा तासात कर्त्यव्य संपते","आचरा,आचरा बंदर,हिलेवाडी मार्गे",
19574,"Talashil To Kankavli",Talashil,Kankavli,,MO,6960,Pat,14.1,,,"तोंडवली तळाशिल",कणकवली,51.4,05:45,07:45,OBL,DAILY,"सहा तासात कर्त्यव्य संपते","आचरा,आचरा बंदर,हिलेवाडी मार्गे",
19574,"Talashil To Kankavli",Talashil,Kankavli,,MO,6848,"Hirlewadi Sai Mandir",17.1,,,"तोंडवली तळाशिल",कणकवली,51.4,05:45,07:45,OBL,DAILY,"सहा तासात कर्त्यव्य संपते","आचरा,आचरा बंदर,हिलेवाडी मार्गे",
19574,"Talashil To Kankavli",Talashil,Kankavli,,MO,6741,"Achara Bandar",20.1,,,"तोंडवली तळाशिल",कणकवली,51.4,05:45,07:45,OBL,DAILY,"सहा तासात कर्त्यव्य संपते","आचरा,आचरा बंदर,हिलेवाडी मार्गे",
19574,"Talashil To Kankavli",Talashil,Kankavli,,MO,6740,Achara,22.4,,,"तोंडवली तळाशिल",कणकवली,51.4,05:45,07:45,OBL,DAILY,"सहा तासात कर्त्यव्य संपते","आचरा,आचरा बंदर,हिलेवाडी मार्गे",
19574,"Talashil To Kankavli",Talashil,Kankavli,,MO,6798,"Chindar Wad",25.3,,,"तोंडवली तळाशिल",कणकवली,51.4,05:45,07:45,OBL,DAILY,"सहा तासात कर्त्यव्य संपते","आचरा,आचरा बंदर,हिलेवाडी मार्गे",
19574,"Talashil To Kankavli",Talashil,Kankavli,,MO,7009,"Trimbak Bazar",27.7,,,"तोंडवली तळाशिल",कणकवली,51.4,05:45,07:45,OBL,DAILY,"सहा तासात कर्त्यव्य संपते","आचरा,आचरा बंदर,हिलेवाडी मार्गे",
19574,"Talashil To Kankavli",Talashil,Kankavli,,MO,7011,"Trimbak Sapala",28.4,,,"तोंडवली तळाशिल",कणकवली,51.4,05:45,07:45,OBL,DAILY,"सहा तासात कर्त्यव्य संपते","आचरा,आचरा बंदर,हिलेवाडी मार्गे",
19574,"Talashil To Kankavli",Talashil,Kankavli,,MO,6953,"Palsamb School",30.6,,,"तोंडवली तळाशिल",कणकवली,51.4,05:45,07:45,OBL,DAILY,"सहा तासात कर्त्यव्य संपते","आचरा,आचरा बंदर,हिलेवाडी मार्गे",
19574,"Talashil To Kankavli",Talashil,Kankavli,,MO,6858,"Kaju Stop",36.5,,,"तोंडवली तळाशिल",कणकवली,51.4,05:45,07:45,OBL,DAILY,"सहा तासात कर्त्यव्य संपते","आचरा,आचरा बंदर,हिलेवाडी मार्गे",
19574,"Talashil To Kankavli",Talashil,Kankavli,,MO,6749,"Adawali Titha",37.1,,,"तोंडवली तळाशिल",कणकवली,51.4,05:45,07:45,OBL,DAILY,"सहा तासात कर्त्यव्य संपते","आचरा,आचरा बंदर,हिलेवाडी मार्गे",
19574,"Talashil To Kankavli",Talashil,Kankavli,,MO,6910,"Mail Dagad",38.1,,,"तोंडवली तळाशिल",कणकवली,51.4,05:45,07:45,OBL,DAILY,"सहा तासात कर्त्यव्य संपते","आचरा,आचरा बंदर,हिलेवाडी मार्गे",
19574,"Talashil To Kankavli",Talashil,Kankavli,,MO,6997,Shravan,39.3,,,"तोंडवली तळाशिल",कणकवली,51.4,05:45,07:45,OBL,DAILY,"सहा तासात कर्त्यव्य संपते","आचरा,आचरा बंदर,हिलेवाडी मार्गे",
19574,"Talashil To Kankavli",Talashil,Kankavli,,MO,6777,"Belne Fata",40.5,,,"तोंडवली तळाशिल",कणकवली,51.4,05:45,07:45,OBL,DAILY,"सहा तासात कर्त्यव्य संपते","आचरा,आचरा बंदर,हिलेवाडी मार्गे",
19574,"Talashil To Kankavli",Talashil,Kankavli,,MO,6971,"Ramgad Bazar",43.4,,,"तोंडवली तळाशिल",कणकवली,51.4,05:45,07:45,OBL,DAILY,"सहा तासात कर्त्यव्य संपते","आचरा,आचरा बंदर,हिलेवाडी मार्गे",
19574,"Talashil To Kankavli",Talashil,Kankavli,,MO,2737,"Gothane Wad",46.2,,,"तोंडवली तळाशिल",कणकवली,51.4,05:45,07:45,OBL,DAILY,"सहा तासात कर्त्यव्य संपते","आचरा,आचरा बंदर,हिलेवाडी मार्गे",
19574,"Talashil To Kankavli",Talashil,Kankavli,,MO,2902,"Phalsewadi School",49.3,,,"तोंडवली तळाशिल",कणकवली,51.4,05:45,07:45,OBL,DAILY,"सहा तासात कर्त्यव्य संपते","आचरा,आचरा बंदर,हिलेवाडी मार्गे",
19574,"Talashil To Kankavli",Talashil,Kankavli,,MO,88092,"Kalmath Phanaswadi",51,,,"तोंडवली तळाशिल",कणकवली,51.4,05:45,07:45,OBL,DAILY,"सहा तासात कर्त्यव्य संपते","आचरा,आचरा बंदर,हिलेवाडी मार्गे",
19574,"Talashil To Kankavli",Talashil,Kankavli,,MO,2786,Kankavli,51.4,,,"तोंडवली तळाशिल",कणकवली,51.4,05:45,07:45,OBL,DAILY,"सहा तासात कर्त्यव्य संपते","आचरा,आचरा बंदर,हिलेवाडी मार्गे",
19821,"Kunkavan Gavathan To Kharepatan","Kunkavan Gavathan",Kharepatan,,MO,1780,"Kunkavan Gavathan",,,,कुणकवण,खारेपाटण,10,18:05,18:20,NON,SUN,,,
19821,"Kunkavan Gavathan To Kharepatan","Kunkavan Gavathan",Kharepatan,,MO,2829,"Kunkavan School-1",4,,,कुणकवण,खारेपाटण,10,18:05,18:20,NON,SUN,,,
19821,"Kunkavan Gavathan To Kharepatan","Kunkavan Gavathan",Kharepatan,,MO,2864,"Nadgive Ghati",7,,,कुणकवण,खारेपाटण,10,18:05,18:20,NON,SUN,,,
19821,"Kunkavan Gavathan To Kharepatan","Kunkavan Gavathan",Kharepatan,,MO,2812,Kharepatan,10,,,कुणकवण,खारेपाटण,10,18:05,18:20,NON,SUN,,,
19836,"Magamwadi To Vaibhavwadi",Magamwadi,Vaibhavwadi,,MO,9228,Magamwadi,,,,मगमवाडी,वैभववाडी,7.8,07:35,07:50,MV,DAILY,,सांगुळ्वाडी,
19836,"Magamwadi To Vaibhavwadi",Magamwadi,Vaibhavwadi,,MO,9268,Sangulwadi,3.6,,,मगमवाडी,वैभववाडी,7.8,07:35,07:50,MV,DAILY,,सांगुळ्वाडी,
19836,"Magamwadi To Vaibhavwadi",Magamwadi,Vaibhavwadi,,MO,9249,"Nawale Fata",6,,,मगमवाडी,वैभववाडी,7.8,07:35,07:50,MV,DAILY,,सांगुळ्वाडी,
19836,"Magamwadi To Vaibhavwadi",Magamwadi,Vaibhavwadi,,MO,9291,Vaibhavwadi,7.8,,,मगमवाडी,वैभववाडी,7.8,07:35,07:50,MV,DAILY,,सांगुळ्वाडी,
19853,"Nawale Dhangarwadi To Phonda","Nawale Dhangarwadi",Phonda,,MO,9248,"Nawale Dhangarwadi",,,,नावळे,फोंडा,27.9,11:05,12:05,SC,DAILY,,,
19853,"Nawale Dhangarwadi To Phonda","Nawale Dhangarwadi",Phonda,,MO,9191,"Dhangarwadi Shala",1.9,,,नावळे,फोंडा,27.9,11:05,12:05,SC,DAILY,,,
19853,"Nawale Dhangarwadi To Phonda","Nawale Dhangarwadi",Phonda,,MO,9195,Gaothanwadi,2.2,,,नावळे,फोंडा,27.9,11:05,12:05,SC,DAILY,,,
19853,"Nawale Dhangarwadi To Phonda","Nawale Dhangarwadi",Phonda,,MO,9281,Tembwadi,4.8,,,नावळे,फोंडा,27.9,11:05,12:05,SC,DAILY,,,
19853,"Nawale Dhangarwadi To Phonda","Nawale Dhangarwadi",Phonda,,MO,9259,Pool,7.7,,,नावळे,फोंडा,27.9,11:05,12:05,SC,DAILY,,,
19853,"Nawale Dhangarwadi To Phonda","Nawale Dhangarwadi",Phonda,,MO,9291,Vaibhavwadi,11.4,,,नावळे,फोंडा,27.9,11:05,12:05,SC,DAILY,,,
19853,"Nawale Dhangarwadi To Phonda","Nawale Dhangarwadi",Phonda,,MO,9189,Dand,12.6,,,नावळे,फोंडा,27.9,11:05,12:05,SC,DAILY,,,
19853,"Nawale Dhangarwadi To Phonda","Nawale Dhangarwadi",Phonda,,MO,9215,Khambale,15.2,,,नावळे,फोंडा,27.9,11:05,12:05,SC,DAILY,,,
19853,"Nawale Dhangarwadi To Phonda","Nawale Dhangarwadi",Phonda,,MO,9169,Achirne,18.6,,,नावळे,फोंडा,27.9,11:05,12:05,SC,DAILY,,,
19853,"Nawale Dhangarwadi To Phonda","Nawale Dhangarwadi",Phonda,,MO,9171,"Achirne Wad",20,,,नावळे,फोंडा,27.9,11:05,12:05,SC,DAILY,,,
19853,"Nawale Dhangarwadi To Phonda","Nawale Dhangarwadi",Phonda,,MO,2839,"Lore Bangala",21.6,,,नावळे,फोंडा,27.9,11:05,12:05,SC,DAILY,,,
19853,"Nawale Dhangarwadi To Phonda","Nawale Dhangarwadi",Phonda,,MO,2858,"Mona Wahal",24.9,,,नावळे,फोंडा,27.9,11:05,12:05,SC,DAILY,,,
19853,"Nawale Dhangarwadi To Phonda","Nawale Dhangarwadi",Phonda,,MO,2904,Phonda,27.9,,,नावळे,फोंडा,27.9,11:05,12:05,SC,DAILY,,,
46868,"Kankavli To Malvan",Kankavli,Malvan,,MO,2786,Kankavli,,,,कणकवली,मालवण,54.6,08:40,10:30,NON,DAILY,,"आचरा,राणेवाडी",
46868,"Kankavli To Malvan",Kankavli,Malvan,,MO,88092,"Kalmath Phanaswadi",3.3,,,कणकवली,मालवण,54.6,08:40,10:30,NON,DAILY,,"आचरा,राणेवाडी",
46868,"Kankavli To Malvan",Kankavli,Malvan,,MO,2902,"Phalsewadi School",6.8,,,कणकवली,मालवण,54.6,08:40,10:30,NON,DAILY,,"आचरा,राणेवाडी",
46868,"Kankavli To Malvan",Kankavli,Malvan,,MO,2737,"Gothane Wad",9.9,,,कणकवली,मालवण,54.6,08:40,10:30,NON,DAILY,,"आचरा,राणेवाडी",
46868,"Kankavli To Malvan",Kankavli,Malvan,,MO,6971,"Ramgad Bazar",12.7,,,कणकवली,मालवण,54.6,08:40,10:30,NON,DAILY,,"आचरा,राणेवाडी",
46868,"Kankavli To Malvan",Kankavli,Malvan,,MO,6777,"Belne Fata",15.6,,,कणकवली,मालवण,54.6,08:40,10:30,NON,DAILY,,"आचरा,राणेवाडी",
46868,"Kankavli To Malvan",Kankavli,Malvan,,MO,6997,Shravan,16.8,,,कणकवली,मालवण,54.6,08:40,10:30,NON,DAILY,,"आचरा,राणेवाडी",
46868,"Kankavli To Malvan",Kankavli,Malvan,,MO,6822,Gavliwadi,17,,,कणकवली,मालवण,54.6,08:40,10:30,NON,DAILY,,"आचरा,राणेवाडी",
46868,"Kankavli To Malvan",Kankavli,Malvan,,MO,6749,"Adawali Titha",19,,,कणकवली,मालवण,54.6,08:40,10:30,NON,DAILY,,"आचरा,राणेवाडी",
46868,"Kankavli To Malvan",Kankavli,Malvan,,MO,6858,"Kaju Stop",19.6,,,कणकवली,मालवण,54.6,08:40,10:30,NON,DAILY,,"आचरा,राणेवाडी",
46868,"Kankavli To Malvan",Kankavli,Malvan,,MO,6953,"Palsamb School",25.5,,,कणकवली,मालवण,54.6,08:40,10:30,NON,DAILY,,"आचरा,राणेवाडी",
46868,"Kankavli To Malvan",Kankavli,Malvan,,MO,7011,"Trimbak Sapala",27.7,,,कणकवली,मालवण,54.6,08:40,10:30,NON,DAILY,,"आचरा,राणेवाडी",
46868,"Kankavli To Malvan",Kankavli,Malvan,,MO,7009,"Trimbak Bazar",28.4,,,कणकवली,मालवण,54.6,08:40,10:30,NON,DAILY,,"आचरा,राणेवाडी",
46868,"Kankavli To Malvan",Kankavli,Malvan,,MO,6797,Chindar,29.8,,,कणकवली,मालवण,54.6,08:40,10:30,NON,DAILY,,"आचरा,राणेवाडी",
46868,"Kankavli To Malvan",Kankavli,Malvan,,MO,6798,"Chindar Wad",30.8,,,कणकवली,मालवण,54.6,08:40,10:30,NON,DAILY,,"आचरा,राणेवाडी",
46868,"Kankavli To Malvan",Kankavli,Malvan,,MO,6740,Achara,33.7,,,कणकवली,मालवण,54.6,08:40,10:30,NON,DAILY,,"आचरा,राणेवाडी",
46868,"Kankavli To Malvan",Kankavli,Malvan,,MO,6745,"Acharekar Bag",37.2,,,कणकवली,मालवण,54.6,08:40,10:30,NON,DAILY,,"आचरा,राणेवाडी",
46868,"Kankavli To Malvan",Kankavli,Malvan,,MO,6861,"Kalawal X Rd.",40.8,,,कणकवली,मालवण,54.6,08:40,10:30,NON,DAILY,,"आचरा,राणेवाडी",
46868,"Kankavli To Malvan",Kankavli,Malvan,,MO,6921,Margeshwar,42.6,,,कणकवली,मालवण,54.6,08:40,10:30,NON,DAILY,,"आचरा,राणेवाडी",
46868,"Kankavli To Malvan",Kankavli,Malvan,,MO,6817,"Gadgil Stop",45.5,,,कणकवली,मालवण,54.6,08:40,10:30,NON,DAILY,,"आचरा,राणेवाडी",
46868,"Kankavli To Malvan",Kankavli,Malvan,,MO,7015,Varanda,48.2,,,कणकवली,मालवण,54.6,08:40,10:30,NON,DAILY,,"आचरा,राणेवाडी",
46868,"Kankavli To Malvan",Kankavli,Malvan,,MO,6889,Kolamb,51.2,,,कणकवली,मालवण,54.6,08:40,10:30,NON,DAILY,,"आचरा,राणेवाडी",
46868,"Kankavli To Malvan",Kankavli,Malvan,,MO,6915,Malvan,54.6,,,कणकवली,मालवण,54.6,08:40,10:30,NON,DAILY,,"आचरा,राणेवाडी",
46874,"Kankavli To Malvan Via Shravan",Kankavli,Malvan,SHRAVAN,MO,2786,Kankavli,,,,कणकवली,मालवण,56.9,06:00,07:45,OTHER,DAILY,"10.35 ते 12.15 विश्रांती",आचरा,
46874,"Kankavli To Malvan Via Shravan",Kankavli,Malvan,SHRAVAN,MO,88092,"Kalmath Phanaswadi",3,,,कणकवली,मालवण,56.9,06:00,07:45,OTHER,DAILY,"10.35 ते 12.15 विश्रांती",आचरा,
46874,"Kankavli To Malvan Via Shravan",Kankavli,Malvan,SHRAVAN,MO,2902,"Phalsewadi School",6,,,कणकवली,मालवण,56.9,06:00,07:45,OTHER,DAILY,"10.35 ते 12.15 विश्रांती",आचरा,
46874,"Kankavli To Malvan Via Shravan",Kankavli,Malvan,SHRAVAN,MO,6835,"Gothane Wad",9,,,कणकवली,मालवण,56.9,06:00,07:45,OTHER,DAILY,"10.35 ते 12.15 विश्रांती",आचरा,
46874,"Kankavli To Malvan Via Shravan",Kankavli,Malvan,SHRAVAN,MO,6970,Ramgad,12,,,कणकवली,मालवण,56.9,06:00,07:45,OTHER,DAILY,"10.35 ते 12.15 विश्रांती",आचरा,
46874,"Kankavli To Malvan Via Shravan",Kankavli,Malvan,SHRAVAN,MO,2655,Belane,15,,,कणकवली,मालवण,56.9,06:00,07:45,OTHER,DAILY,"10.35 ते 12.15 विश्रांती",आचरा,
46874,"Kankavli To Malvan Via Shravan",Kankavli,Malvan,SHRAVAN,MO,6997,Shravan,17,,,कणकवली,मालवण,56.9,06:00,07:45,OTHER,DAILY,"10.35 ते 12.15 विश्रांती",आचरा,
46874,"Kankavli To Malvan Via Shravan",Kankavli,Malvan,SHRAVAN,MO,6747,"Adavali Gaon",20,,,कणकवली,मालवण,56.9,06:00,07:45,OTHER,DAILY,"10.35 ते 12.15 विश्रांती",आचरा,
46874,"Kankavli To Malvan Via Shravan",Kankavli,Malvan,SHRAVAN,MO,6858,"Kaju Stop",21,,,कणकवली,मालवण,56.9,06:00,07:45,OTHER,DAILY,"10.35 ते 12.15 विश्रांती",आचरा,
46874,"Kankavli To Malvan Via Shravan",Kankavli,Malvan,SHRAVAN,MO,6953,"Palsamb School",24,,,कणकवली,मालवण,56.9,06:00,07:45,OTHER,DAILY,"10.35 ते 12.15 विश्रांती",आचरा,
46874,"Kankavli To Malvan Via Shravan",Kankavli,Malvan,SHRAVAN,MO,6990,Sapala,27,,,कणकवली,मालवण,56.9,06:00,07:45,OTHER,DAILY,"10.35 ते 12.15 विश्रांती",आचरा,
46874,"Kankavli To Malvan Via Shravan",Kankavli,Malvan,SHRAVAN,MO,6798,"Chindar Wad",30,,,कणकवली,मालवण,56.9,06:00,07:45,OTHER,DAILY,"10.35 ते 12.15 विश्रांती",आचरा,
46874,"Kankavli To Malvan Via Shravan",Kankavli,Malvan,SHRAVAN,MO,6740,Achara,33,,,कणकवली,मालवण,56.9,06:00,07:45,OTHER,DAILY,"10.35 ते 12.15 विश्रांती",आचरा,
46874,"Kankavli To Malvan Via Shravan",Kankavli,Malvan,SHRAVAN,MO,6983,Sadewadi,36,,,कणकवली,मालवण,56.9,06:00,07:45,OTHER,DAILY,"10.35 ते 12.15 विश्रांती",आचरा,
46874,"Kankavli To Malvan Via Shravan",Kankavli,Malvan,SHRAVAN,MO,6763,"Asolkar Dukan",37,,,कणकवली,मालवण,56.9,06:00,07:45,OTHER,DAILY,"10.35 ते 12.15 विश्रांती",आचरा,
46874,"Kankavli To Malvan Via Shravan",Kankavli,Malvan,SHRAVAN,MO,6859,Kalawal,39,,,कणकवली,मालवण,56.9,06:00,07:45,OTHER,DAILY,"10.35 ते 12.15 विश्रांती",आचरा,
46874,"Kankavli To Malvan Via Shravan",Kankavli,Malvan,SHRAVAN,MO,6921,Margeshwar,42,,,कणकवली,मालवण,56.9,06:00,07:45,OTHER,DAILY,"10.35 ते 12.15 विश्रांती",आचरा,
46874,"Kankavli To Malvan Via Shravan",Kankavli,Malvan,SHRAVAN,MO,6816,Gadgil,45,,,कणकवली,मालवण,56.9,06:00,07:45,OTHER,DAILY,"10.35 ते 12.15 विश्रांती",आचरा,
46874,"Kankavli To Malvan Via Shravan",Kankavli,Malvan,SHRAVAN,MO,7015,Varanda,48,,,कणकवली,मालवण,56.9,06:00,07:45,OTHER,DAILY,"10.35 ते 12.15 विश्रांती",आचरा,
46874,"Kankavli To Malvan Via Shravan",Kankavli,Malvan,SHRAVAN,MO,6889,Kolamb,54,,,कणकवली,मालवण,56.9,06:00,07:45,OTHER,DAILY,"10.35 ते 12.15 विश्रांती",आचरा,
46874,"Kankavli To Malvan Via Shravan",Kankavli,Malvan,SHRAVAN,MO,6915,Malvan,56.9,,,कणकवली,मालवण,56.9,06:00,07:45,OTHER,DAILY,"10.35 ते 12.15 विश्रांती",आचरा,
49209,"Pombhurle To Kharepatan",Pombhurle,Kharepatan,,MO,1936,Pombhurle,,,,पोंभुर्ले,खारेपाटण,15,12:30,13:05,SC,SUN,,,
49209,"Pombhurle To Kharepatan",Pombhurle,Kharepatan,,MO,1693,"Dhalawali Hariyalwadi",2.9,,,पोंभुर्ले,खारेपाटण,15,12:30,13:05,SC,SUN,,,
49209,"Pombhurle To Kharepatan",Pombhurle,Kharepatan,,MO,1877,Musalmanwadi,4.8,,,पोंभुर्ले,खारेपाटण,15,12:30,13:05,SC,SUN,,,
49209,"Pombhurle To Kharepatan",Pombhurle,Kharepatan,,MO,1779,"Kunkavan Poy",8.3,,,पोंभुर्ले,खारेपाटण,15,12:30,13:05,SC,SUN,,,
49209,"Pombhurle To Kharepatan",Pombhurle,Kharepatan,,MO,2056,"Waingani Stop",11.3,,,पोंभुर्ले,खारेपाटण,15,12:30,13:05,SC,SUN,,,
49209,"Pombhurle To Kharepatan",Pombhurle,Kharepatan,,MO,2812,Kharepatan,15,,,पोंभुर्ले,खारेपाटण,15,12:30,13:05,SC,SUN,,,
59608,"Kankavli To Tarla Via Phonda",Kankavli,Tarla,PHONDA,MO,2786,Kankavli,,,,कणकवली,तरळे,34.1,13:00,"14 10",OPRN,DAILY,"15.40 ते 16.10 विश्रांती","फोंडा पियाळी",
59608,"Kankavli To Tarla Via Phonda",Kankavli,Tarla,PHONDA,MO,2766,Janavali,3,,,कणकवली,तरळे,34.1,13:00,"14 10",OPRN,DAILY,"15.40 ते 16.10 विश्रांती","फोंडा पियाळी",
59608,"Kankavli To Tarla Via Phonda",Kankavli,Tarla,PHONDA,MO,2756,"Humrat Titha",6,,,कणकवली,तरळे,34.1,13:00,"14 10",OPRN,DAILY,"15.40 ते 16.10 विश्रांती","फोंडा पियाळी",
59608,"Kankavli To Tarla Via Phonda",Kankavli,Tarla,PHONDA,MO,2757,"Humrath Mal Ghorpiwadi",9,,,कणकवली,तरळे,34.1,13:00,"14 10",OPRN,DAILY,"15.40 ते 16.10 विश्रांती","फोंडा पियाळी",
59608,"Kankavli To Tarla Via Phonda",Kankavli,Tarla,PHONDA,MO,2790,Karul,10.2,,,कणकवली,तरळे,34.1,13:00,"14 10",OPRN,DAILY,"15.40 ते 16.10 विश्रांती","फोंडा पियाळी",
59608,"Kankavli To Tarla Via Phonda",Kankavli,Tarla,PHONDA,MO,2781,Kanadewadi,12,,,कणकवली,तरळे,34.1,13:00,"14 10",OPRN,DAILY,"15.40 ते 16.10 विश्रांती","फोंडा पियाळी",
59608,"Kankavli To Tarla Via Phonda",Kankavli,Tarla,PHONDA,MO,2787,"Kankavli Nandgaon Fata",15,,,कणकवली,तरळे,34.1,13:00,"14 10",OPRN,DAILY,"15.40 ते 16.10 विश्रांती","फोंडा पियाळी",
59608,"Kankavli To Tarla Via Phonda",Kankavli,Tarla,PHONDA,MO,2904,Phonda,18,,,कणकवली,तरळे,34.1,13:00,"14 10",OPRN,DAILY,"15.40 ते 16.10 विश्रांती","फोंडा पियाळी",
59608,"Kankavli To Tarla Via Phonda",Kankavli,Tarla,PHONDA,MO,2809,"Khadaye Mangar",20,,,कणकवली,तरळे,34.1,13:00,"14 10",OPRN,DAILY,"15.40 ते 16.10 विश्रांती","फोंडा पियाळी",
59608,"Kankavli To Tarla Via Phonda",Kankavli,Tarla,PHONDA,MO,3004,Wagheri,24,,,कणकवली,तरळे,34.1,13:00,"14 10",OPRN,DAILY,"15.40 ते 16.10 विश्रांती","फोंडा पियाळी",
59608,"Kankavli To Tarla Via Phonda",Kankavli,Tarla,PHONDA,MO,2914,"Piyali Gaothan",26,,,कणकवली,तरळे,34.1,13:00,"14 10",OPRN,DAILY,"15.40 ते 16.10 विश्रांती","फोंडा पियाळी",
59608,"Kankavli To Tarla Via Phonda",Kankavli,Tarla,PHONDA,MO,2915,"Piyali School",27,,,कणकवली,तरळे,34.1,13:00,"14 10",OPRN,DAILY,"15.40 ते 16.10 विश्रांती","फोंडा पियाळी",
59608,"Kankavli To Tarla Via Phonda",Kankavli,Tarla,PHONDA,MO,2763,"Jain Dukan",28.2,,,कणकवली,तरळे,34.1,13:00,"14 10",OPRN,DAILY,"15.40 ते 16.10 विश्रांती","फोंडा पियाळी",
59608,"Kankavli To Tarla Via Phonda",Kankavli,Tarla,PHONDA,MO,2800,"Kasarde Sawantwadi",30,,,कणकवली,तरळे,34.1,13:00,"14 10",OPRN,DAILY,"15.40 ते 16.10 विश्रांती","फोंडा पियाळी",
59608,"Kankavli To Tarla Via Phonda",Kankavli,Tarla,PHONDA,MO,2916,Pokharbav,33,,,कणकवली,तरळे,34.1,13:00,"14 10",OPRN,DAILY,"15.40 ते 16.10 विश्रांती","फोंडा पियाळी",
59608,"Kankavli To Tarla Via Phonda",Kankavli,Tarla,PHONDA,MO,2982,Tarla,34.1,,,कणकवली,तरळे,34.1,13:00,"14 10",OPRN,DAILY,"15.40 ते 16.10 विश्रांती","फोंडा पियाळी",
59689,"Gangowadi To Phonda",Gangowadi,Phonda,,MO,2722,Gangowadi,,,,गांगोसेवाडी,फोंडा,2.5,09:45,09:50,SC,SUN,,,
59689,"Gangowadi To Phonda",Gangowadi,Phonda,,MO,2908,Pimpalwadi,0.5,,,गांगोसेवाडी,फोंडा,2.5,09:45,09:50,SC,SUN,,,
59689,"Gangowadi To Phonda",Gangowadi,Phonda,,MO,2904,Phonda,2.5,,,गांगोसेवाडी,फोंडा,2.5,09:45,09:50,SC,SUN,,,
67592,"Karul High School To Vaibhavwadi Via Kumbhari","Karul High School",Vaibhavwadi,KUMBHARI,MO,9212,"Karul High School",,,,करूळ,वैभववाडी,9,05:45,06:00,SC,SUN,,,
67592,"Karul High School To Vaibhavwadi Via Kumbhari","Karul High School",Vaibhavwadi,KUMBHARI,MO,9229,"Mail Dagad",3,,,करूळ,वैभववाडी,9,05:45,06:00,SC,SUN,,,
67592,"Karul High School To Vaibhavwadi Via Kumbhari","Karul High School",Vaibhavwadi,KUMBHARI,MO,9223,Kumbhari,5.9,,,करूळ,वैभववाडी,9,05:45,06:00,SC,SUN,,,
67592,"Karul High School To Vaibhavwadi Via Kumbhari","Karul High School",Vaibhavwadi,KUMBHARI,MO,9201,Grampanchayat,7.8,,,करूळ,वैभववाडी,9,05:45,06:00,SC,SUN,,,
67592,"Karul High School To Vaibhavwadi Via Kumbhari","Karul High School",Vaibhavwadi,KUMBHARI,MO,9274,Sonali,9,,,करूळ,वैभववाडी,9,05:45,06:00,SC,SUN,,,
67592,"Karul High School To Vaibhavwadi Via Kumbhari","Karul High School",Vaibhavwadi,KUMBHARI,MO,9291,Vaibhavwadi,12,,,करूळ,वैभववाडी,9,05:45,06:00,SC,SUN,,,
90330,"Umbarde To Kharepatan",Umbarde,Kharepatan,,MO,9285,Umbarde,,,,उंबर्डे,खारेपाटण,18,11:30,12:05,SC,SUN,,,
90330,"Umbarde To Kharepatan",Umbarde,Kharepatan,,MO,9220,"Kolpe Dukan",3,,,उंबर्डे,खारेपाटण,18,11:30,12:05,SC,SUN,,,
90330,"Umbarde To Kharepatan",Umbarde,Kharepatan,,MO,9243,"Nanivade Fata",4,,,उंबर्डे,खारेपाटण,18,11:30,12:05,SC,SUN,,,
90330,"Umbarde To Kharepatan",Umbarde,Kharepatan,,MO,9284,Tithavali,6,,,उंबर्डे,खारेपाटण,18,11:30,12:05,SC,SUN,,,
90330,"Umbarde To Kharepatan",Umbarde,Kharepatan,,MO,9209,"Jamade Bridge",9,,,उंबर्डे,खारेपाटण,18,11:30,12:05,SC,SUN,,,
90330,"Umbarde To Kharepatan",Umbarde,Kharepatan,,MO,14805,"Mosam Bridge",12,,,उंबर्डे,खारेपाटण,18,11:30,12:05,SC,SUN,,,
90330,"Umbarde To Kharepatan",Umbarde,Kharepatan,,MO,9238,"Mosam Hotel",15,,,उंबर्डे,खारेपाटण,18,11:30,12:05,SC,SUN,,,
90330,"Umbarde To Kharepatan",Umbarde,Kharepatan,,MO,2812,Kharepatan,18,,,उंबर्डे,खारेपाटण,18,11:30,12:05,SC,SUN,,,
109455,"Kankavli To Masure Via Bandivade Bundar",Kankavli,Masure,"BANDIVADE BUNDAR",MO,2786,Kankavli,,,,कणकवली,मसुरे,35.8,13:15,14:30,NON,DAILY,"सहा तासात कर्त्यव्य संपते","बंदिवाडे कोइल",
109455,"Kankavli To Masure Via Bandivade Bundar",Kankavli,Masure,"BANDIVADE BUNDAR",MO,88092,"Kalmath Phanaswadi",3,,,कणकवली,मसुरे,35.8,13:15,14:30,NON,DAILY,"सहा तासात कर्त्यव्य संपते","बंदिवाडे कोइल",
109455,"Kankavli To Masure Via Bandivade Bundar",Kankavli,Masure,"BANDIVADE BUNDAR",MO,2902,"Phalsewadi School",6,,,कणकवली,मसुरे,35.8,13:15,14:30,NON,DAILY,"सहा तासात कर्त्यव्य संपते","बंदिवाडे कोइल",
109455,"Kankavli To Masure Via Bandivade Bundar",Kankavli,Masure,"BANDIVADE BUNDAR",MO,2737,"Gothane Wad",9,,,कणकवली,मसुरे,35.8,13:15,14:30,NON,DAILY,"सहा तासात कर्त्यव्य संपते","बंदिवाडे कोइल",
109455,"Kankavli To Masure Via Bandivade Bundar",Kankavli,Masure,"BANDIVADE BUNDAR",MO,6971,"Ramgad Bazar",12,,,कणकवली,मसुरे,35.8,13:15,14:30,NON,DAILY,"सहा तासात कर्त्यव्य संपते","बंदिवाडे कोइल",
109455,"Kankavli To Masure Via Bandivade Bundar",Kankavli,Masure,"BANDIVADE BUNDAR",MO,6775,"Belane Fata",15,,,कणकवली,मसुरे,35.8,13:15,14:30,NON,DAILY,"सहा तासात कर्त्यव्य संपते","बंदिवाडे कोइल",
109455,"Kankavli To Masure Via Bandivade Bundar",Kankavli,Masure,"BANDIVADE BUNDAR",MO,6997,Shravan,16,,,कणकवली,मसुरे,35.8,13:15,14:30,NON,DAILY,"सहा तासात कर्त्यव्य संपते","बंदिवाडे कोइल",
109455,"Kankavli To Masure Via Bandivade Bundar",Kankavli,Masure,"BANDIVADE BUNDAR",MO,6910,"Mail Dagad",18,,,कणकवली,मसुरे,35.8,13:15,14:30,NON,DAILY,"सहा तासात कर्त्यव्य संपते","बंदिवाडे कोइल",
109455,"Kankavli To Masure Via Bandivade Bundar",Kankavli,Masure,"BANDIVADE BUNDAR",MO,6739,"Aadwali Fata",19,,,कणकवली,मसुरे,35.8,13:15,14:30,NON,DAILY,"सहा तासात कर्त्यव्य संपते","बंदिवाडे कोइल",
109455,"Kankavli To Masure Via Bandivade Bundar",Kankavli,Masure,"BANDIVADE BUNDAR",MO,6910,"Mail Dagad",21,,,कणकवली,मसुरे,35.8,13:15,14:30,NON,DAILY,"सहा तासात कर्त्यव्य संपते","बंदिवाडे कोइल",
109455,"Kankavli To Masure Via Bandivade Bundar",Kankavli,Masure,"BANDIVADE BUNDAR",MO,6888,"Koil Kap",24,,,कणकवली,मसुरे,35.8,13:15,14:30,NON,DAILY,"सहा तासात कर्त्यव्य संपते","बंदिवाडे कोइल",
109455,"Kankavli To Masure Via Bandivade Bundar",Kankavli,Masure,"BANDIVADE BUNDAR",MO,6954,Palyewadi,27,,,कणकवली,मसुरे,35.8,13:15,14:30,NON,DAILY,"सहा तासात कर्त्यव्य संपते","बंदिवाडे कोइल",
109455,"Kankavli To Masure Via Bandivade Bundar",Kankavli,Masure,"BANDIVADE BUNDAR",MO,6771,"Bandivade Bundar",30,,,कणकवली,मसुरे,35.8,13:15,14:30,NON,DAILY,"सहा तासात कर्त्यव्य संपते","बंदिवाडे कोइल",
109455,"Kankavli To Masure Via Bandivade Bundar",Kankavli,Masure,"BANDIVADE BUNDAR",MO,6927,Masure,35.8,,,कणकवली,मसुरे,35.8,13:15,14:30,NON,DAILY,"सहा तासात कर्त्यव्य संपते","बंदिवाडे कोइल",
121033,"Solapur To Kankavli Via Miraj",Solapur,Kankavli,MIRAJ,MO,48932,Solapur,,,,सोलापूर,कणकवली,367.6,07:45,17:00,,,"मिरज विश्रांती",,
121033,"Solapur To Kankavli Via Miraj",Solapur,Kankavli,MIRAJ,MO,49177,Bale,4,,,सोलापूर,कणकवली,367.6,07:45,17:00,,,"मिरज विश्रांती",,
121033,"Solapur To Kankavli Via Miraj",Solapur,Kankavli,MIRAJ,MO,49229,Kegaon,11.8,,,सोलापूर,कणकवली,367.6,07:45,17:00,,,"मिरज विश्रांती",,
121033,"Solapur To Kankavli Via Miraj",Solapur,Kankavli,MIRAJ,MO,49258,"Pakani / Chincholi",17.4,,,सोलापूर,कणकवली,367.6,07:45,17:00,,,"मिरज विश्रांती",,
121033,"Solapur To Kankavli Via Miraj",Solapur,Kankavli,MIRAJ,MO,43460,Mohol,35,,,सोलापूर,कणकवली,367.6,07:45,17:00,,,"मिरज विश्रांती",,
121033,"Solapur To Kankavli Via Miraj",Solapur,Kankavli,MIRAJ,MO,43490,Pokharpur,38.2,,,सोलापूर,कणकवली,367.6,07:45,17:00,,,"मिरज विश्रांती",,
121033,"Solapur To Kankavli Via Miraj",Solapur,Kankavli,MIRAJ,MO,43449,"Khavani Fata",41.1,,,सोलापूर,कणकवली,367.6,07:45,17:00,,,"मिरज विश्रांती",,
121033,"Solapur To Kankavli Via Miraj",Solapur,Kankavli,MIRAJ,MO,43514,"Sarole Fata",44.2,,,सोलापूर,कणकवली,367.6,07:45,17:00,,,"मिरज विश्रांती",,
121033,"Solapur To Kankavli Via Miraj",Solapur,Kankavli,MIRAJ,MO,43487,"Penur Shed",50.2,,,सोलापूर,कणकवली,367.6,07:45,17:00,,,"मिरज विश्रांती",,
121033,"Solapur To Kankavli Via Miraj",Solapur,Kankavli,MIRAJ,MO,43775,"Ishwar Wathar",62.5,,,सोलापूर,कणकवली,367.6,07:45,17:00,,,"मिरज विश्रांती",,
121033,"Solapur To Kankavli Via Miraj",Solapur,Kankavli,MIRAJ,MO,43875,"Narayan Chincheli",65.4,,,सोलापूर,कणकवली,367.6,07:45,17:00,,,"मिरज विश्रांती",,
121033,"Solapur To Kankavli Via Miraj",Solapur,Kankavli,MIRAJ,MO,43899,Pandharpur,71.9,,,सोलापूर,कणकवली,367.6,07:45,17:00,,,"मिरज विश्रांती",,
121033,"Solapur To Kankavli Via Miraj",Solapur,Kankavli,MIRAJ,MO,43827,"Kasegaon Fata",78.8,,,सोलापूर,कणकवली,367.6,07:45,17:00,,,"मिरज विश्रांती",,
121033,"Solapur To Kankavli Via Miraj",Solapur,Kankavli,MIRAJ,MO,43806,Khardi,86.9,,,सोलापूर,कणकवली,367.6,07:45,17:00,,,"मिरज विश्रांती",,
121033,"Solapur To Kankavli Via Miraj",Solapur,Kankavli,MIRAJ,MO,47639,Sangewadi,90.8,,,सोलापूर,कणकवली,367.6,07:45,17:00,,,"मिरज विश्रांती",,
121033,"Solapur To Kankavli Via Miraj",Solapur,Kankavli,MIRAJ,MO,47652,Sangola,106.5,,,सोलापूर,कणकवली,367.6,07:45,17:00,,,"मिरज विश्रांती",,
121033,"Solapur To Kankavli Via Miraj",Solapur,Kankavli,MIRAJ,MO,47552,Kamalapur,112.1,,,सोलापूर,कणकवली,367.6,07:45,17:00,,,"मिरज विश्रांती",,
121033,"Solapur To Kankavli Via Miraj",Solapur,Kankavli,MIRAJ,MO,47679,Vatamare,120.3,,,सोलापूर,कणकवली,367.6,07:45,17:00,,,"मिरज विश्रांती",,
121033,"Solapur To Kankavli Via Miraj",Solapur,Kankavli,MIRAJ,MO,47617,"Nazare Math",123,,,सोलापूर,कणकवली,367.6,07:45,17:00,,,"मिरज विश्रांती",,
121033,"Solapur To Kankavli Via Miraj",Solapur,Kankavli,MIRAJ,MO,47534,Hatit,129.7,,,सोलापूर,कणकवली,367.6,07:45,17:00,,,"मिरज विश्रांती",,
121033,"Solapur To Kankavli Via Miraj",Solapur,Kankavli,MIRAJ,MO,47548,Junoni,139.2,,,सोलापूर,कणकवली,367.6,07:45,17:00,,,"मिरज विश्रांती",,
121033,"Solapur To Kankavli Via Miraj",Solapur,Kankavli,MIRAJ,MO,32930,"Nagaj Fata",146.9,,,सोलापूर,कणकवली,367.6,07:45,17:00,,,"मिरज विश्रांती",,
121033,"Solapur To Kankavli Via Miraj",Solapur,Kankavli,MIRAJ,MO,32873,Kuchi,161.3,,,सोलापूर,कणकवली,367.6,07:45,17:00,,,"मिरज विश्रांती",,
121033,"Solapur To Kankavli Via Miraj",Solapur,Kankavli,MIRAJ,MO,32950,Shirdhon,169.8,,,सोलापूर,कणकवली,367.6,07:45,17:00,,,"मिरज विश्रांती",,
121033,"Solapur To Kankavli Via Miraj",Solapur,Kankavli,MIRAJ,MO,33967,Miraj,201,,,सोलापूर,कणकवली,367.6,07:45,17:00,,,"मिरज विश्रांती",,
121033,"Solapur To Kankavli Via Miraj",Solapur,Kankavli,MIRAJ,MO,33745,"Dhamani Fata",202.9,,,सोलापूर,कणकवली,367.6,07:45,17:00,,,"मिरज विश्रांती",,
121033,"Solapur To Kankavli Via Miraj",Solapur,Kankavli,MIRAJ,MO,33636,Akali,209.8,,,सोलापूर,कणकवली,367.6,07:45,17:00,,,"मिरज विश्रांती",,
121033,"Solapur To Kankavli Via Miraj",Solapur,Kankavli,MIRAJ,MO,34182,Udgaon,211.9,,,सोलापूर,कणकवली,367.6,07:45,17:00,,,"मिरज विश्रांती",,
121033,"Solapur To Kankavli Via Miraj",Solapur,Kankavli,MIRAJ,MO,24135,Jaisingpur,213.8,,,सोलापूर,कणकवली,367.6,07:45,17:00,,,"मिरज विश्रांती",,
121033,"Solapur To Kankavli Via Miraj",Solapur,Kankavli,MIRAJ,MO,24013,Hatkanangale,229.1,,,सोलापूर,कणकवली,367.6,07:45,17:00,,,"मिरज विश्रांती",,
121033,"Solapur To Kankavli Via Miraj",Solapur,Kankavli,MIRAJ,MO,25373,"Ramling Fata",230.4,,,सोलापूर,कणकवली,367.6,07:45,17:00,,,"मिरज विश्रांती",,
121033,"Solapur To Kankavli Via Miraj",Solapur,Kankavli,MIRAJ,MO,23093,Atigre,235.5,,,सोलापूर,कणकवली,367.6,07:45,17:00,,,"मिरज विश्रांती",,
121033,"Solapur To Kankavli Via Miraj",Solapur,Kankavli,MIRAJ,MO,23993,Herle,240.4,,,सोलापूर,कणकवली,367.6,07:45,17:00,,,"मिरज विश्रांती",,
121033,"Solapur To Kankavli Via Miraj",Solapur,Kankavli,MIRAJ,MO,24946,"Mouje Vadgaon Fata",241.9,,,सोलापूर,कणकवली,367.6,07:45,17:00,,,"मिरज विश्रांती",,
121033,"Solapur To Kankavli Via Miraj",Solapur,Kankavli,MIRAJ,MO,25589,"Siroli Fata",244.9,,,सोलापूर,कणकवली,367.6,07:45,17:00,,,"मिरज विश्रांती",,
121033,"Solapur To Kankavli Via Miraj",Solapur,Kankavli,MIRAJ,MO,25536,"Shahu Market Yard",249,,,सोलापूर,कणकवली,367.6,07:45,17:00,,,"मिरज विश्रांती",,
121033,"Solapur To Kankavli Via Miraj",Solapur,Kankavli,MIRAJ,MO,24359,Kolhapur,251.6,,,सोलापूर,कणकवली,367.6,07:45,17:00,,,"मिरज विश्रांती",,
121033,"Solapur To Kankavli Via Miraj",Solapur,Kankavli,MIRAJ,MO,23625,"Dasara Chwok",254.4,,,सोलापूर,कणकवली,367.6,07:45,17:00,,,"मिरज विश्रांती",,
121033,"Solapur To Kankavli Via Miraj",Solapur,Kankavli,MIRAJ,MO,25400,Rankala,255,,,सोलापूर,कणकवली,367.6,07:45,17:00,,,"मिरज विश्रांती",,
121033,"Solapur To Kankavli Via Miraj",Solapur,Kankavli,MIRAJ,MO,25083,"New Washi Naka",260.8,,,सोलापूर,कणकवली,367.6,07:45,17:00,,,"मिरज विश्रांती",,
121033,"Solapur To Kankavli Via Miraj",Solapur,Kankavli,MIRAJ,MO,26066,Washi,263.8,,,सोलापूर,कणकवली,367.6,07:45,17:00,,,"मिरज विश्रांती",,
121033,"Solapur To Kankavli Via Miraj",Solapur,Kankavli,MIRAJ,MO,24388,Kandgaon,267.4,,,सोलापूर,कणकवली,367.6,07:45,17:00,,,"मिरज विश्रांती",,
121033,"Solapur To Kankavli Via Miraj",Solapur,Kankavli,MIRAJ,MO,23669,Devale,270.2,,,सोलापूर,कणकवली,367.6,07:45,17:00,,,"मिरज विश्रांती",,
121033,"Solapur To Kankavli Via Miraj",Solapur,Kankavli,MIRAJ,MO,23945,Haldi,271.2,,,सोलापूर,कणकवली,367.6,07:45,17:00,,,"मिरज विश्रांती",,
121033,"Solapur To Kankavli Via Miraj",Solapur,Kankavli,MIRAJ,MO,24444,Kothali,271.4,,,सोलापूर,कणकवली,367.6,07:45,17:00,,,"मिरज विश्रांती",,
121033,"Solapur To Kankavli Via Miraj",Solapur,Kankavli,MIRAJ,MO,24502,Kurukali,274.1,,,सोलापूर,कणकवली,367.6,07:45,17:00,,,"मिरज विश्रांती",,
121033,"Solapur To Kankavli Via Miraj",Solapur,Kankavli,MIRAJ,MO,24501,"Kurukali College",274.9,,,सोलापूर,कणकवली,367.6,07:45,17:00,,,"मिरज विश्रांती",,
121033,"Solapur To Kankavli Via Miraj",Solapur,Kankavli,MIRAJ,MO,25256,Parite,275.4,,,सोलापूर,कणकवली,367.6,07:45,17:00,,,"मिरज विश्रांती",,
121033,"Solapur To Kankavli Via Miraj",Solapur,Kankavli,MIRAJ,MO,23216,"Bhogavati Sugar Factory",279.3,,,सोलापूर,कणकवली,367.6,07:45,17:00,,,"मिरज विश्रांती",,
121033,"Solapur To Kankavli Via Miraj",Solapur,Kankavli,MIRAJ,MO,23768,Ghotavade,281.4,,,सोलापूर,कणकवली,367.6,07:45,17:00,,,"मिरज विश्रांती",,
121033,"Solapur To Kankavli Via Miraj",Solapur,Kankavli,MIRAJ,MO,25521,Shirase,285.1,,,सोलापूर,कणकवली,367.6,07:45,17:00,,,"मिरज विश्रांती",,
121033,"Solapur To Kankavli Via Miraj",Solapur,Kankavli,MIRAJ,MO,30597,"Awali Budruk",288.1,,,सोलापूर,कणकवली,367.6,07:45,17:00,,,"मिरज विश्रांती",,
121033,"Solapur To Kankavli Via Miraj",Solapur,Kankavli,MIRAJ,MO,23049,Anaje,293.4,,,सोलापूर,कणकवली,367.6,07:45,17:00,,,"मिरज विश्रांती",,
121033,"Solapur To Kankavli Via Miraj",Solapur,Kankavli,MIRAJ,MO,24322,"Khindi Vharavade",296.3,,,सोलापूर,कणकवली,367.6,07:45,17:00,,,"मिरज विश्रांती",,
121033,"Solapur To Kankavli Via Miraj",Solapur,Kankavli,MIRAJ,MO,23720,Gaibi,299.2,,,सोलापूर,कणकवली,367.6,07:45,17:00,,,"मिरज विश्रांती",,
121033,"Solapur To Kankavli Via Miraj",Solapur,Kankavli,MIRAJ,MO,25336,Radhanagari,304,,,सोलापूर,कणकवली,367.6,07:45,17:00,,,"मिरज विश्रांती",,
121033,"Solapur To Kankavli Via Miraj",Solapur,Kankavli,MIRAJ,MO,24014,Hatimahal,305.8,,,सोलापूर,कणकवली,367.6,07:45,17:00,,,"मिरज विश्रांती",,
121033,"Solapur To Kankavli Via Miraj",Solapur,Kankavli,MIRAJ,MO,25393,"Radhanagri Dam",309.2,,,सोलापूर,कणकवली,367.6,07:45,17:00,,,"मिरज विश्रांती",,
121033,"Solapur To Kankavli Via Miraj",Solapur,Kankavli,MIRAJ,MO,23601,Daoudwadi,311.8,,,सोलापूर,कणकवली,367.6,07:45,17:00,,,"मिरज विश्रांती",,
121033,"Solapur To Kankavli Via Miraj",Solapur,Kankavli,MIRAJ,MO,30607,Ajiwade,314.4,,,सोलापूर,कणकवली,367.6,07:45,17:00,,,"मिरज विश्रांती",,
121033,"Solapur To Kankavli Via Miraj",Solapur,Kankavli,MIRAJ,MO,25530,Shelap,317.8,,,सोलापूर,कणकवली,367.6,07:45,17:00,,,"मिरज विश्रांती",,
121033,"Solapur To Kankavli Via Miraj",Solapur,Kankavli,MIRAJ,MO,23137,Bambar,320.8,,,सोलापूर,कणकवली,367.6,07:45,17:00,,,"मिरज विश्रांती",,
121033,"Solapur To Kankavli Via Miraj",Solapur,Kankavli,MIRAJ,MO,25038,Naniwade,323.4,,,सोलापूर,कणकवली,367.6,07:45,17:00,,,"मिरज विश्रांती",,
121033,"Solapur To Kankavli Via Miraj",Solapur,Kankavli,MIRAJ,MO,24004,Hasane,326.8,,,सोलापूर,कणकवली,367.6,07:45,17:00,,,"मिरज विश्रांती",,
121033,"Solapur To Kankavli Via Miraj",Solapur,Kankavli,MIRAJ,MO,23566,Dajipur,333.3,,,सोलापूर,कणकवली,367.6,07:45,17:00,,,"मिरज विश्रांती",,
121033,"Solapur To Kankavli Via Miraj",Solapur,Kankavli,MIRAJ,MO,2723,"Ganguchi Wadi",345.2,,,सोलापूर,कणकवली,367.6,07:45,17:00,,,"मिरज विश्रांती",,
121033,"Solapur To Kankavli Via Miraj",Solapur,Kankavli,MIRAJ,MO,2904,Phonda,349.5,,,सोलापूर,कणकवली,367.6,07:45,17:00,,,"मिरज विश्रांती",,
121033,"Solapur To Kankavli Via Miraj",Solapur,Kankavli,MIRAJ,MO,2906,"Phonda Iti",352.1,,,सोलापूर,कणकवली,367.6,07:45,17:00,,,"मिरज विश्रांती",,
121033,"Solapur To Kankavli Via Miraj",Solapur,Kankavli,MIRAJ,MO,2871,"Nandgaon Fata",352.8,,,सोलापूर,कणकवली,367.6,07:45,17:00,,,"मिरज विश्रांती",,
121033,"Solapur To Kankavli Via Miraj",Solapur,Kankavli,MIRAJ,MO,2895,Pachoba,353.3,,,सोलापूर,कणकवली,367.6,07:45,17:00,,,"मिरज विश्रांती",,
121033,"Solapur To Kankavli Via Miraj",Solapur,Kankavli,MIRAJ,MO,2690,"Damare Titha",353.8,,,सोलापूर,कणकवली,367.6,07:45,17:00,,,"मिरज विश्रांती",,
121033,"Solapur To Kankavli Via Miraj",Solapur,Kankavli,MIRAJ,MO,2781,Kanadewadi,355.2,,,सोलापूर,कणकवली,367.6,07:45,17:00,,,"मिरज विश्रांती",,
121033,"Solapur To Kankavli Via Miraj",Solapur,Kankavli,MIRAJ,MO,2771,"Kach Karakhana",356.1,,,सोलापूर,कणकवली,367.6,07:45,17:00,,,"मिरज विश्रांती",,
121033,"Solapur To Kankavli Via Miraj",Solapur,Kankavli,MIRAJ,MO,2928,Ranastambh,358,,,सोलापूर,कणकवली,367.6,07:45,17:00,,,"मिरज विश्रांती",,
121033,"Solapur To Kankavli Via Miraj",Solapur,Kankavli,MIRAJ,MO,2757,"Humrath Mal Ghorpiwadi",359,,,सोलापूर,कणकवली,367.6,07:45,17:00,,,"मिरज विश्रांती",,
121033,"Solapur To Kankavli Via Miraj",Solapur,Kankavli,MIRAJ,MO,2758,"Humrath School",360.1,,,सोलापूर,कणकवली,367.6,07:45,17:00,,,"मिरज विश्रांती",,
121033,"Solapur To Kankavli Via Miraj",Solapur,Kankavli,MIRAJ,MO,2756,"Humrat Titha",360.5,,,सोलापूर,कणकवली,367.6,07:45,17:00,,,"मिरज विश्रांती",,
121033,"Solapur To Kankavli Via Miraj",Solapur,Kankavli,MIRAJ,MO,2766,Janavali,363.6,,,सोलापूर,कणकवली,367.6,07:45,17:00,,,"मिरज विश्रांती",,
121033,"Solapur To Kankavli Via Miraj",Solapur,Kankavli,MIRAJ,MO,2786,Kankavli,367.4,,,सोलापूर,कणकवली,367.6,07:45,17:00,,,"मिरज विश्रांती",,
125507,"Phonda To Kankavli Via Humrat Titha",Phonda,Kankavli,"HUMRAT TITHA",MO,2904,Phonda,,,,फोंडा,कणकवली,17.9,13:15,13:45,MV,DAILY,,"saral (सरळ)",
125507,"Phonda To Kankavli Via Humrat Titha",Phonda,Kankavli,"HUMRAT TITHA",MO,2906,"Phonda Iti",1.81,,,फोंडा,कणकवली,17.9,13:15,13:45,MV,DAILY,,"saral (सरळ)",
125507,"Phonda To Kankavli Via Humrat Titha",Phonda,Kankavli,"HUMRAT TITHA",MO,2787,"Kankavli Nandgaon Fata",3,,,फोंडा,कणकवली,17.9,13:15,13:45,MV,DAILY,,"saral (सरळ)",
125507,"Phonda To Kankavli Via Humrat Titha",Phonda,Kankavli,"HUMRAT TITHA",MO,2781,Kanadewadi,5.8,,,फोंडा,कणकवली,17.9,13:15,13:45,MV,DAILY,,"saral (सरळ)",
125507,"Phonda To Kankavli Via Humrat Titha",Phonda,Kankavli,"HUMRAT TITHA",MO,2790,Karul,7.2,,,फोंडा,कणकवली,17.9,13:15,13:45,MV,DAILY,,"saral (सरळ)",
125507,"Phonda To Kankavli Via Humrat Titha",Phonda,Kankavli,"HUMRAT TITHA",MO,2757,"Humrath Mal Ghorpiwadi",9.6,,,फोंडा,कणकवली,17.9,13:15,13:45,MV,DAILY,,"saral (सरळ)",
125507,"Phonda To Kankavli Via Humrat Titha",Phonda,Kankavli,"HUMRAT TITHA",MO,2758,"Humrath School",10.5,,,फोंडा,कणकवली,17.9,13:15,13:45,MV,DAILY,,"saral (सरळ)",
125507,"Phonda To Kankavli Via Humrat Titha",Phonda,Kankavli,"HUMRAT TITHA",MO,2756,"Humrat Titha",11.1,,,फोंडा,कणकवली,17.9,13:15,13:45,MV,DAILY,,"saral (सरळ)",
125507,"Phonda To Kankavli Via Humrat Titha",Phonda,Kankavli,"HUMRAT TITHA",MO,2768,"Janavali Gavthanwadi",14.2,,,फोंडा,कणकवली,17.9,13:15,13:45,MV,DAILY,,"saral (सरळ)",
125507,"Phonda To Kankavli Via Humrat Titha",Phonda,Kankavli,"HUMRAT TITHA",MO,2786,Kankavli,17.9,,,फोंडा,कणकवली,17.9,13:15,13:45,MV,DAILY,,"saral (सरळ)",
125623,"Tarla To Ozaram Mahadevachiwadi Via Ozaram School",Tarla,"Ozaram Mahadevachiwadi","OZARAM SCHOOL",MO,2982,Tarla,,,,तरळे,ओझरम,8.5,16:10,16:25,SC,DAILY,,,
125623,"Tarla To Ozaram Mahadevachiwadi Via Ozaram School",Tarla,"Ozaram Mahadevachiwadi","OZARAM SCHOOL",MO,2844,"Mail Stone",3,,,तरळे,ओझरम,8.5,16:10,16:25,SC,DAILY,,,
125623,"Tarla To Ozaram Mahadevachiwadi Via Ozaram School",Tarla,"Ozaram Mahadevachiwadi","OZARAM SCHOOL",MO,1910,"Ozaram School",6,,,तरळे,ओझरम,8.5,16:10,16:25,SC,DAILY,,,
125623,"Tarla To Ozaram Mahadevachiwadi Via Ozaram School",Tarla,"Ozaram Mahadevachiwadi","OZARAM SCHOOL",MO,1909,"Ozaram Mahadevachiwadi",8.5,,,तरळे,ओझरम,8.5,16:10,16:25,SC,DAILY,,,
125727,"Vaibhavwadi To Shirale Via Sadure End",Vaibhavwadi,Shirale,"SADURE END",MO,9291,Vaibhavwadi,,,,वैभववाडी,शिराळे,15,13:00,13:30,MV,DAILY,,,
125727,"Vaibhavwadi To Shirale Via Sadure End",Vaibhavwadi,Shirale,"SADURE END",MO,9249,"Nawale Fata",3,,,वैभववाडी,शिराळे,15,13:00,13:30,MV,DAILY,,,
125727,"Vaibhavwadi To Shirale Via Sadure End",Vaibhavwadi,Shirale,"SADURE END",MO,9252,"Nim Arule Vinanti",6,,,वैभववाडी,शिराळे,15,13:00,13:30,MV,DAILY,,,
125727,"Vaibhavwadi To Shirale Via Sadure End",Vaibhavwadi,Shirale,"SADURE END",MO,9265,"Sadure Boudhawadi",9,,,वैभववाडी,शिराळे,15,13:00,13:30,MV,DAILY,,,
125727,"Vaibhavwadi To Shirale Via Sadure End",Vaibhavwadi,Shirale,"SADURE END",MO,9266,"Sadure End",12,,,वैभववाडी,शिराळे,15,13:00,13:30,MV,DAILY,,,
125727,"Vaibhavwadi To Shirale Via Sadure End",Vaibhavwadi,Shirale,"SADURE END",MO,9273,Shirale,15,,,वैभववाडी,शिराळे,15,13:00,13:30,MV,DAILY,,,
125870,"Kankavli To Kharepatan Via Tarla",Kankavli,Kharepatan,TARLA,MO,2786,Kankavli,,,,कणकवली,खारेपाटण,37.5,10:15,11:15,NON,DAILY,"15.20 ते 16.30विश्रांती","नांदगाव,तरळे",
125870,"Kankavli To Kharepatan Via Tarla",Kankavli,Kharepatan,TARLA,MO,2756,"Humrat Titha",7.9,,,कणकवली,खारेपाटण,37.5,10:15,11:15,NON,DAILY,"15.20 ते 16.30विश्रांती","नांदगाव,तरळे",
125870,"Kankavli To Kharepatan Via Tarla",Kankavli,Kharepatan,TARLA,MO,2655,Belane,9,,,कणकवली,खारेपाटण,37.5,10:15,11:15,NON,DAILY,"15.20 ते 16.30विश्रांती","नांदगाव,तरळे",
125870,"Kankavli To Kharepatan Via Tarla",Kankavli,Kharepatan,TARLA,MO,2870,"Nandgaon Datta Mandir",12,,,कणकवली,खारेपाटण,37.5,10:15,11:15,NON,DAILY,"15.20 ते 16.30विश्रांती","नांदगाव,तरळे",
125870,"Kankavli To Kharepatan Via Tarla",Kankavli,Kharepatan,TARLA,MO,2871,"Nandgaon Fata",14,,,कणकवली,खारेपाटण,37.5,10:15,11:15,NON,DAILY,"15.20 ते 16.30विश्रांती","नांदगाव,तरळे",
125870,"Kankavli To Kharepatan Via Tarla",Kankavli,Kharepatan,TARLA,MO,2872,"Nandgaon Nursary",15.8,,,कणकवली,खारेपाटण,37.5,10:15,11:15,NON,DAILY,"15.20 ते 16.30विश्रांती","नांदगाव,तरळे",
125870,"Kankavli To Kharepatan Via Tarla",Kankavli,Kharepatan,TARLA,MO,2673,"Bramhan Wadi",16,,,कणकवली,खारेपाटण,37.5,10:15,11:15,NON,DAILY,"15.20 ते 16.30विश्रांती","नांदगाव,तरळे",
125870,"Kankavli To Kharepatan Via Tarla",Kankavli,Kharepatan,TARLA,MO,2982,Tarla,22.5,,,कणकवली,खारेपाटण,37.5,10:15,11:15,NON,DAILY,"15.20 ते 16.30विश्रांती","नांदगाव,तरळे",
125870,"Kankavli To Kharepatan Via Tarla",Kankavli,Kharepatan,TARLA,MO,2844,"Mail Stone",24.7,,,कणकवली,खारेपाटण,37.5,10:15,11:15,NON,DAILY,"15.20 ते 16.30विश्रांती","नांदगाव,तरळे",
125870,"Kankavli To Kharepatan Via Tarla",Kankavli,Kharepatan,TARLA,MO,2941,Saliste,27.6,,,कणकवली,खारेपाटण,37.5,10:15,11:15,NON,DAILY,"15.20 ते 16.30विश्रांती","नांदगाव,तरळे",
125870,"Kankavli To Kharepatan Via Tarla",Kankavli,Kharepatan,TARLA,MO,2844,"Mail Stone",28.1,,,कणकवली,खारेपाटण,37.5,10:15,11:15,NON,DAILY,"15.20 ते 16.30विश्रांती","नांदगाव,तरळे",
125870,"Kankavli To Kharepatan Via Tarla",Kankavli,Kharepatan,TARLA,MO,3010,Wargaon,29.6,,,कणकवली,खारेपाटण,37.5,10:15,11:15,NON,DAILY,"15.20 ते 16.30विश्रांती","नांदगाव,तरळे",
125870,"Kankavli To Kharepatan Via Tarla",Kankavli,Kharepatan,TARLA,MO,2844,"Mail Stone",30.8,,,कणकवली,खारेपाटण,37.5,10:15,11:15,NON,DAILY,"15.20 ते 16.30विश्रांती","नांदगाव,तरळे",
125870,"Kankavli To Kharepatan Via Tarla",Kankavli,Kharepatan,TARLA,MO,2863,Nadgive,33,,,कणकवली,खारेपाटण,37.5,10:15,11:15,NON,DAILY,"15.20 ते 16.30विश्रांती","नांदगाव,तरळे",
125870,"Kankavli To Kharepatan Via Tarla",Kankavli,Kharepatan,TARLA,MO,2812,Kharepatan,37.5,,,कणकवली,खारेपाटण,37.5,10:15,11:15,NON,DAILY,"15.20 ते 16.30विश्रांती","नांदगाव,तरळे",
126300,"Sawantwadi To Kankavli Via Kasal",Sawantwadi,Kankavli,KASAL,MO,8663,Sawantwadi,,,,सावंतवाडी,कणकवली,56.1,13:30,15:10,OTHER,DAILY,,,
126300,"Sawantwadi To Kankavli Via Kasal",Sawantwadi,Kankavli,KASAL,MO,8551,"Kolgaon Thita",3.5,,,सावंतवाडी,कणकवली,56.1,13:30,15:10,OTHER,DAILY,,,
126300,"Sawantwadi To Kankavli Via Kasal",Sawantwadi,Kankavli,KASAL,MO,6101,Akeri,6.2,,,सावंतवाडी,कणकवली,56.1,13:30,15:10,OTHER,DAILY,,,
126300,"Sawantwadi To Kankavli Via Kasal",Sawantwadi,Kankavli,KASAL,MO,6231,"Khan Mohalla",8.8,,,सावंतवाडी,कणकवली,56.1,13:30,15:10,OTHER,DAILY,,,
126300,"Sawantwadi To Kankavli Via Kasal",Sawantwadi,Kankavli,KASAL,MO,6474,"Zharap Titha",11.1,,,सावंतवाडी,कणकवली,56.1,13:30,15:10,OTHER,DAILY,,,
126300,"Sawantwadi To Kankavli Via Kasal",Sawantwadi,Kankavli,KASAL,MO,6441,"Terse Bambarde Fata",14,,,सावंतवाडी,कणकवली,56.1,13:30,15:10,OTHER,DAILY,,,
126300,"Sawantwadi To Kankavli Via Kasal",Sawantwadi,Kankavli,KASAL,MO,6322,"Mandkuli Fata",15.3,,,सावंतवाडी,कणकवली,56.1,13:30,15:10,OTHER,DAILY,,,
126300,"Sawantwadi To Kankavli Via Kasal",Sawantwadi,Kankavli,KASAL,MO,6126,Bibavane,16,,,सावंतवाडी,कणकवली,56.1,13:30,15:10,OTHER,DAILY,,,
126300,"Sawantwadi To Kankavli Via Kasal",Sawantwadi,Kankavli,KASAL,MO,6302,"Modka Wad Pinguli",17.6,,,सावंतवाडी,कणकवली,56.1,13:30,15:10,OTHER,DAILY,,,
126300,"Sawantwadi To Kankavli Via Kasal",Sawantwadi,Kankavli,KASAL,MO,6237,"Kudal St Depot",20.7,,,सावंतवाडी,कणकवली,56.1,13:30,15:10,OTHER,DAILY,,,
126300,"Sawantwadi To Kankavli Via Kasal",Sawantwadi,Kankavli,KASAL,MO,6240,"Kudal St Depot",22.7,,,सावंतवाडी,कणकवली,56.1,13:30,15:10,OTHER,DAILY,,,
126300,"Sawantwadi To Kankavli Via Kasal",Sawantwadi,Kankavli,KASAL,MO,6380,"Pawashi Panchayat",24.9,,,सावंतवाडी,कणकवली,56.1,13:30,15:10,OTHER,DAILY,,,
126300,"Sawantwadi To Kankavli Via Kasal",Sawantwadi,Kankavli,KASAL,MO,88100,Vetalbambarde,27,,,सावंतवाडी,कणकवली,56.1,13:30,15:10,OTHER,DAILY,,,
126300,"Sawantwadi To Kankavli Via Kasal",Sawantwadi,Kankavli,KASAL,MO,6378,"Pandur Titha",30,,,सावंतवाडी,कणकवली,56.1,13:30,15:10,OTHER,DAILY,,,
126300,"Sawantwadi To Kankavli Via Kasal",Sawantwadi,Kankavli,KASAL,MO,6204,"Humarmala Kasale Dukan",31.9,,,सावंतवाडी,कणकवली,56.1,13:30,15:10,OTHER,DAILY,,,
126300,"Sawantwadi To Kankavli Via Kasal",Sawantwadi,Kankavli,KASAL,MO,6224,"Jijamata Hospital",34.1,,,सावंतवाडी,कणकवली,56.1,13:30,15:10,OTHER,DAILY,,,
126300,"Sawantwadi To Kankavli Via Kasal",Sawantwadi,Kankavli,KASAL,MO,6362,"Oros Bus Stnad",36.1,,,सावंतवाडी,कणकवली,56.1,13:30,15:10,OTHER,DAILY,,,
126300,"Sawantwadi To Kankavli Via Kasal",Sawantwadi,Kankavli,KASAL,MO,6116,Awali,38,,,सावंतवाडी,कणकवली,56.1,13:30,15:10,OTHER,DAILY,,,
126300,"Sawantwadi To Kankavli Via Kasal",Sawantwadi,Kankavli,KASAL,MO,6281,Kasal,41.8,,,सावंतवाडी,कणकवली,56.1,13:30,15:10,OTHER,DAILY,,,
126300,"Sawantwadi To Kankavli Via Kasal",Sawantwadi,Kankavli,KASAL,MO,2698,Dewoolwadi,44,,,सावंतवाडी,कणकवली,56.1,13:30,15:10,OTHER,DAILY,,,
126300,"Sawantwadi To Kankavli Via Kasal",Sawantwadi,Kankavli,KASAL,MO,2890,"Osargaon Post",45.9,,,सावंतवाडी,कणकवली,56.1,13:30,15:10,OTHER,DAILY,,,
126300,"Sawantwadi To Kankavli Via Kasal",Sawantwadi,Kankavli,KASAL,MO,2891,"Osargaon Talav",48,,,सावंतवाडी,कणकवली,56.1,13:30,15:10,OTHER,DAILY,,,
126300,"Sawantwadi To Kankavli Via Kasal",Sawantwadi,Kankavli,KASAL,MO,2692,Dangalwadi,51.2,,,सावंतवाडी,कणकवली,56.1,13:30,15:10,OTHER,DAILY,,,
126300,"Sawantwadi To Kankavli Via Kasal",Sawantwadi,Kankavli,KASAL,MO,3002,Wagde,53.1,,,सावंतवाडी,कणकवली,56.1,13:30,15:10,OTHER,DAILY,,,
126300,"Sawantwadi To Kankavli Via Kasal",Sawantwadi,Kankavli,KASAL,MO,2786,Kankavli,56.1,,,सावंतवाडी,कणकवली,56.1,13:30,15:10,OTHER,DAILY,,,
126330,"Kankavli To Naradave Via Bhat Dukan",Kankavli,Naradave,"BHAT DUKAN",MO,2786,Kankavli,,,,कणकवली,नरडवे,26.7,19:10,20:20,OBL,DAILY,,"नरडवे वस्ती",
126330,"Kankavli To Naradave Via Bhat Dukan",Kankavli,Naradave,"BHAT DUKAN",MO,2859,Mudeshwar,3.1,,,कणकवली,नरडवे,26.7,19:10,20:20,OBL,DAILY,,"नरडवे वस्ती",
126330,"Kankavli To Naradave Via Bhat Dukan",Kankavli,Naradave,"BHAT DUKAN",MO,2660,"Bhat Dukan",6.2,,,कणकवली,नरडवे,26.7,19:10,20:20,OBL,DAILY,,"नरडवे वस्ती",
126330,"Kankavli To Naradave Via Bhat Dukan",Kankavli,Naradave,"BHAT DUKAN",MO,2945,"Sangave Mandir",9.2,,,कणकवली,नरडवे,26.7,19:10,20:20,OBL,DAILY,,"नरडवे वस्ती",
126330,"Kankavli To Naradave Via Bhat Dukan",Kankavli,Naradave,"BHAT DUKAN",MO,2782,Kanedi,12.2,,,कणकवली,नरडवे,26.7,19:10,20:20,OBL,DAILY,,"नरडवे वस्ती",
126330,"Kankavli To Naradave Via Bhat Dukan",Kankavli,Naradave,"BHAT DUKAN",MO,2852,"Maruti Mandir",15.5,,,कणकवली,नरडवे,26.7,19:10,20:20,OBL,DAILY,,"नरडवे वस्ती",
126330,"Kankavli To Naradave Via Bhat Dukan",Kankavli,Naradave,"BHAT DUKAN",MO,2925,"Rajwadi Fata",17.5,,,कणकवली,नरडवे,26.7,19:10,20:20,OBL,DAILY,,"नरडवे वस्ती",
126330,"Kankavli To Naradave Via Bhat Dukan",Kankavli,Naradave,"BHAT DUKAN",MO,2715,"Forest Nursary",18,,,कणकवली,नरडवे,26.7,19:10,20:20,OBL,DAILY,,"नरडवे वस्ती",
126330,"Kankavli To Naradave Via Bhat Dukan",Kankavli,Naradave,"BHAT DUKAN",MO,2838,"Londha Pool",18.9,,,कणकवली,नरडवे,26.7,19:10,20:20,OBL,DAILY,,"नरडवे वस्ती",
126330,"Kankavli To Naradave Via Bhat Dukan",Kankavli,Naradave,"BHAT DUKAN",MO,2830,"Kupawade Fata",21.4,,,कणकवली,नरडवे,26.7,19:10,20:20,OBL,DAILY,,"नरडवे वस्ती",
126330,"Kankavli To Naradave Via Bhat Dukan",Kankavli,Naradave,"BHAT DUKAN",MO,2879,"Nardave Old",25.3,,,कणकवली,नरडवे,26.7,19:10,20:20,OBL,DAILY,,"नरडवे वस्ती",
126330,"Kankavli To Naradave Via Bhat Dukan",Kankavli,Naradave,"BHAT DUKAN",MO,2877,Naradave,26.7,,,कणकवली,नरडवे,26.7,19:10,20:20,OBL,DAILY,,"नरडवे वस्ती",
126338,"Harkulkhurd To Kankavli Via Phonda",Harkulkhurd,Kankavli,PHONDA,MO,2750,Harkulkhurd,,,,हुंबरणे,कणकवली,25.8,06:10,07:10,OBL,DAILY,"सहा तासात कर्त्यव्य संपते","phonda ६.३०",
126338,"Harkulkhurd To Kankavli Via Phonda",Harkulkhurd,Kankavli,PHONDA,MO,2745,"Harkul Chinch",3,,,हुंबरणे,कणकवली,25.8,06:10,07:10,OBL,DAILY,"सहा तासात कर्त्यव्य संपते","phonda ६.३०",
126338,"Harkulkhurd To Kankavli Via Phonda",Harkulkhurd,Kankavli,PHONDA,MO,2899,Pawanadevi,6,,,हुंबरणे,कणकवली,25.8,06:10,07:10,OBL,DAILY,"सहा तासात कर्त्यव्य संपते","phonda ६.३०",
126338,"Harkulkhurd To Kankavli Via Phonda",Harkulkhurd,Kankavli,PHONDA,MO,2904,Phonda,7.8,,,हुंबरणे,कणकवली,25.8,06:10,07:10,OBL,DAILY,"सहा तासात कर्त्यव्य संपते","phonda ६.३०",
126338,"Harkulkhurd To Kankavli Via Phonda",Harkulkhurd,Kankavli,PHONDA,MO,2787,"Kankavli Nandgaon Fata",10.8,,,हुंबरणे,कणकवली,25.8,06:10,07:10,OBL,DAILY,"सहा तासात कर्त्यव्य संपते","phonda ६.३०",
126338,"Harkulkhurd To Kankavli Via Phonda",Harkulkhurd,Kankavli,PHONDA,MO,2781,Kanadewadi,13.8,,,हुंबरणे,कणकवली,25.8,06:10,07:10,OBL,DAILY,"सहा तासात कर्त्यव्य संपते","phonda ६.३०",
126338,"Harkulkhurd To Kankavli Via Phonda",Harkulkhurd,Kankavli,PHONDA,MO,2757,"Humrath Mal Ghorpiwadi",16.8,,,हुंबरणे,कणकवली,25.8,06:10,07:10,OBL,DAILY,"सहा तासात कर्त्यव्य संपते","phonda ६.३०",
126338,"Harkulkhurd To Kankavli Via Phonda",Harkulkhurd,Kankavli,PHONDA,MO,2790,Karul,18.1,,,हुंबरणे,कणकवली,25.8,06:10,07:10,OBL,DAILY,"सहा तासात कर्त्यव्य संपते","phonda ६.३०",
126338,"Harkulkhurd To Kankavli Via Phonda",Harkulkhurd,Kankavli,PHONDA,MO,2756,"Humrat Titha",19.8,,,हुंबरणे,कणकवली,25.8,06:10,07:10,OBL,DAILY,"सहा तासात कर्त्यव्य संपते","phonda ६.३०",
126338,"Harkulkhurd To Kankavli Via Phonda",Harkulkhurd,Kankavli,PHONDA,MO,2768,"Janavali Gavthanwadi",22.8,,,हुंबरणे,कणकवली,25.8,06:10,07:10,OBL,DAILY,"सहा तासात कर्त्यव्य संपते","phonda ६.३०",
126338,"Harkulkhurd To Kankavli Via Phonda",Harkulkhurd,Kankavli,PHONDA,MO,2786,Kankavli,25.8,,,हुंबरणे,कणकवली,25.8,06:10,07:10,OBL,DAILY,"सहा तासात कर्त्यव्य संपते","phonda ६.३०",
126354,"Kankavli To Pisekamate Via Varawade Mandir",Kankavli,Pisekamate,"VARAWADE MANDIR",MO,2786,Kankavli,,,,कणकवली,पिसेकामते,11.6,10:00,10:25,SC,SUN,"16.00 ते 16.30 विश्रांती",,
126354,"Kankavli To Pisekamate Via Varawade Mandir",Kankavli,Pisekamate,"VARAWADE MANDIR",MO,2993,"Ursula High School",4.1,,,कणकवली,पिसेकामते,11.6,10:00,10:25,SC,SUN,"16.00 ते 16.30 विश्रांती",,
126354,"Kankavli To Pisekamate Via Varawade Mandir",Kankavli,Pisekamate,"VARAWADE MANDIR",MO,2995,"Varawade Mandir",6.1,,,कणकवली,पिसेकामते,11.6,10:00,10:25,SC,SUN,"16.00 ते 16.30 विश्रांती",,
126354,"Kankavli To Pisekamate Via Varawade Mandir",Kankavli,Pisekamate,"VARAWADE MANDIR",MO,2836,"Kuweskar Dukan",9,,,कणकवली,पिसेकामते,11.6,10:00,10:25,SC,SUN,"16.00 ते 16.30 विश्रांती",,
126354,"Kankavli To Pisekamate Via Varawade Mandir",Kankavli,Pisekamate,"VARAWADE MANDIR",MO,2912,Pisekamate,11.6,,,कणकवली,पिसेकामते,11.6,10:00,10:25,SC,SUN,"16.00 ते 16.30 विश्रांती",,
126556,"Kankavli To Sawantwadi Via Kasal",Kankavli,Sawantwadi,KASAL,MO,2786,Kankavli,,,,कणकवली,सावंतवाडी,56.1,11:00,12:40,NON,DAILY,"14.40 ते 15.45 विश्रांती",सरळ,
126556,"Kankavli To Sawantwadi Via Kasal",Kankavli,Sawantwadi,KASAL,MO,3002,Wagde,3,,,कणकवली,सावंतवाडी,56.1,11:00,12:40,NON,DAILY,"14.40 ते 15.45 विश्रांती",सरळ,
126556,"Kankavli To Sawantwadi Via Kasal",Kankavli,Sawantwadi,KASAL,MO,2692,Dangalwadi,4.9,,,कणकवली,सावंतवाडी,56.1,11:00,12:40,NON,DAILY,"14.40 ते 15.45 विश्रांती",सरळ,
126556,"Kankavli To Sawantwadi Via Kasal",Kankavli,Sawantwadi,KASAL,MO,2891,"Osargaon Talav",8.1,,,कणकवली,सावंतवाडी,56.1,11:00,12:40,NON,DAILY,"14.40 ते 15.45 विश्रांती",सरळ,
126556,"Kankavli To Sawantwadi Via Kasal",Kankavli,Sawantwadi,KASAL,MO,2890,"Osargaon Post",10.2,,,कणकवली,सावंतवाडी,56.1,11:00,12:40,NON,DAILY,"14.40 ते 15.45 विश्रांती",सरळ,
126556,"Kankavli To Sawantwadi Via Kasal",Kankavli,Sawantwadi,KASAL,MO,2698,Dewoolwadi,12.1,,,कणकवली,सावंतवाडी,56.1,11:00,12:40,NON,DAILY,"14.40 ते 15.45 विश्रांती",सरळ,
126556,"Kankavli To Sawantwadi Via Kasal",Kankavli,Sawantwadi,KASAL,MO,6281,Kasal,14.3,,,कणकवली,सावंतवाडी,56.1,11:00,12:40,NON,DAILY,"14.40 ते 15.45 विश्रांती",सरळ,
126556,"Kankavli To Sawantwadi Via Kasal",Kankavli,Sawantwadi,KASAL,MO,6116,Awali,18.1,,,कणकवली,सावंतवाडी,56.1,11:00,12:40,NON,DAILY,"14.40 ते 15.45 विश्रांती",सरळ,
126556,"Kankavli To Sawantwadi Via Kasal",Kankavli,Sawantwadi,KASAL,MO,6362,"Oros Bus Stnad",19.6,,,कणकवली,सावंतवाडी,56.1,11:00,12:40,NON,DAILY,"14.40 ते 15.45 विश्रांती",सरळ,
126556,"Kankavli To Sawantwadi Via Kasal",Kankavli,Sawantwadi,KASAL,MO,6224,"Jijamata Hospital",22,,,कणकवली,सावंतवाडी,56.1,11:00,12:40,NON,DAILY,"14.40 ते 15.45 विश्रांती",सरळ,
126556,"Kankavli To Sawantwadi Via Kasal",Kankavli,Sawantwadi,KASAL,MO,6204,"Humarmala Kasale Dukan",24.2,,,कणकवली,सावंतवाडी,56.1,11:00,12:40,NON,DAILY,"14.40 ते 15.45 विश्रांती",सरळ,
126556,"Kankavli To Sawantwadi Via Kasal",Kankavli,Sawantwadi,KASAL,MO,6378,"Pandur Titha",26.1,,,कणकवली,सावंतवाडी,56.1,11:00,12:40,NON,DAILY,"14.40 ते 15.45 विश्रांती",सरळ,
126556,"Kankavli To Sawantwadi Via Kasal",Kankavli,Sawantwadi,KASAL,MO,88100,Vetalbambarde,29.1,,,कणकवली,सावंतवाडी,56.1,11:00,12:40,NON,DAILY,"14.40 ते 15.45 विश्रांती",सरळ,
126556,"Kankavli To Sawantwadi Via Kasal",Kankavli,Sawantwadi,KASAL,MO,6380,"Pawashi Panchayat",31.2,,,कणकवली,सावंतवाडी,56.1,11:00,12:40,NON,DAILY,"14.40 ते 15.45 विश्रांती",सरळ,
126556,"Kankavli To Sawantwadi Via Kasal",Kankavli,Sawantwadi,KASAL,MO,6240,"Kudal St Depot",33.4,,,कणकवली,सावंतवाडी,56.1,11:00,12:40,NON,DAILY,"14.40 ते 15.45 विश्रांती",सरळ,
126556,"Kankavli To Sawantwadi Via Kasal",Kankavli,Sawantwadi,KASAL,MO,6237,"Kudal St Depot",33.4,,,कणकवली,सावंतवाडी,56.1,11:00,12:40,NON,DAILY,"14.40 ते 15.45 विश्रांती",सरळ,
126556,"Kankavli To Sawantwadi Via Kasal",Kankavli,Sawantwadi,KASAL,MO,6302,"Modka Wad Pinguli",38.5,,,कणकवली,सावंतवाडी,56.1,11:00,12:40,NON,DAILY,"14.40 ते 15.45 विश्रांती",सरळ,
126556,"Kankavli To Sawantwadi Via Kasal",Kankavli,Sawantwadi,KASAL,MO,6126,Bibavane,39,,,कणकवली,सावंतवाडी,56.1,11:00,12:40,NON,DAILY,"14.40 ते 15.45 विश्रांती",सरळ,
126556,"Kankavli To Sawantwadi Via Kasal",Kankavli,Sawantwadi,KASAL,MO,6322,"Mandkuli Fata",40.8,,,कणकवली,सावंतवाडी,56.1,11:00,12:40,NON,DAILY,"14.40 ते 15.45 विश्रांती",सरळ,
126556,"Kankavli To Sawantwadi Via Kasal",Kankavli,Sawantwadi,KASAL,MO,6441,"Terse Bambarde Fata",44,,,कणकवली,सावंतवाडी,56.1,11:00,12:40,NON,DAILY,"14.40 ते 15.45 विश्रांती",सरळ,
126556,"Kankavli To Sawantwadi Via Kasal",Kankavli,Sawantwadi,KASAL,MO,6474,"Zharap Titha",45,,,कणकवली,सावंतवाडी,56.1,11:00,12:40,NON,DAILY,"14.40 ते 15.45 विश्रांती",सरळ,
126556,"Kankavli To Sawantwadi Via Kasal",Kankavli,Sawantwadi,KASAL,MO,6231,"Khan Mohalla",47.3,,,कणकवली,सावंतवाडी,56.1,11:00,12:40,NON,DAILY,"14.40 ते 15.45 विश्रांती",सरळ,
126556,"Kankavli To Sawantwadi Via Kasal",Kankavli,Sawantwadi,KASAL,MO,6101,Akeri,49.9,,,कणकवली,सावंतवाडी,56.1,11:00,12:40,NON,DAILY,"14.40 ते 15.45 विश्रांती",सरळ,
126556,"Kankavli To Sawantwadi Via Kasal",Kankavli,Sawantwadi,KASAL,MO,8551,"Kolgaon Thita",52.6,,,कणकवली,सावंतवाडी,56.1,11:00,12:40,NON,DAILY,"14.40 ते 15.45 विश्रांती",सरळ,
126556,"Kankavli To Sawantwadi Via Kasal",Kankavli,Sawantwadi,KASAL,MO,8663,Sawantwadi,56.1,,,कणकवली,सावंतवाडी,56.1,11:00,12:40,NON,DAILY,"14.40 ते 15.45 विश्रांती",सरळ,
127402,"Vaibhavwadi To Tithavali Via Kusur Bazarwadi",Vaibhavwadi,Tithavali,"KUSUR BAZARWADI",MO,9291,Vaibhavwadi,,,,वैभववाडी,तिथवली,14.2,11:45,12:15,MV,SUNDAY,,"कुसुर  दिक्षी",
127402,"Vaibhavwadi To Tithavali Via Kusur Bazarwadi",Vaibhavwadi,Tithavali,"KUSUR BAZARWADI",MO,9247,"Narkar Dukan",3,,,वैभववाडी,तिथवली,14.2,11:45,12:15,MV,SUNDAY,,"कुसुर  दिक्षी",
127402,"Vaibhavwadi To Tithavali Via Kusur Bazarwadi",Vaibhavwadi,Tithavali,"KUSUR BAZARWADI",MO,9226,"Kusur Bazarwadi",6,,,वैभववाडी,तिथवली,14.2,11:45,12:15,MV,SUNDAY,,"कुसुर  दिक्षी",
127402,"Vaibhavwadi To Tithavali Via Kusur Bazarwadi",Vaibhavwadi,Tithavali,"KUSUR BAZARWADI",MO,9230,Maildagad,9,,,वैभववाडी,तिथवली,14.2,11:45,12:15,MV,SUNDAY,,"कुसुर  दिक्षी",
127402,"Vaibhavwadi To Tithavali Via Kusur Bazarwadi",Vaibhavwadi,Tithavali,"KUSUR BAZARWADI",MO,9192,Dikshi,10.8,,,वैभववाडी,तिथवली,14.2,11:45,12:15,MV,SUNDAY,,"कुसुर  दिक्षी",
127402,"Vaibhavwadi To Tithavali Via Kusur Bazarwadi",Vaibhavwadi,Tithavali,"KUSUR BAZARWADI",MO,9279,Tawadewadi,12,,,वैभववाडी,तिथवली,14.2,11:45,12:15,MV,SUNDAY,,"कुसुर  दिक्षी",
127402,"Vaibhavwadi To Tithavali Via Kusur Bazarwadi",Vaibhavwadi,Tithavali,"KUSUR BAZARWADI",MO,9284,Tithavali,14.2,,,वैभववाडी,तिथवली,14.2,11:45,12:15,MV,SUNDAY,,"कुसुर  दिक्षी",
135734,"Kankavli To Moude Via Akhavane Dharan",Kankavli,Moude,"AKHAVANE DHARAN",MO,2786,Kankavli,,,,कणकवली,मौदे,71,07:20,09:40,NON,DAILY,,वेंगसर,
135734,"Kankavli To Moude Via Akhavane Dharan",Kankavli,Moude,"AKHAVANE DHARAN",MO,2768,"Janavali Gavthanwadi",3.8,,,कणकवली,मौदे,71,07:20,09:40,NON,DAILY,,वेंगसर,
135734,"Kankavli To Moude Via Akhavane Dharan",Kankavli,Moude,"AKHAVANE DHARAN",MO,2756,"Humrat Titha",6.9,,,कणकवली,मौदे,71,07:20,09:40,NON,DAILY,,वेंगसर,
135734,"Kankavli To Moude Via Akhavane Dharan",Kankavli,Moude,"AKHAVANE DHARAN",MO,2757,"Humrath Mal Ghorpiwadi",8.4,,,कणकवली,मौदे,71,07:20,09:40,NON,DAILY,,वेंगसर,
135734,"Kankavli To Moude Via Akhavane Dharan",Kankavli,Moude,"AKHAVANE DHARAN",MO,2790,Karul,10.8,,,कणकवली,मौदे,71,07:20,09:40,NON,DAILY,,वेंगसर,
135734,"Kankavli To Moude Via Akhavane Dharan",Kankavli,Moude,"AKHAVANE DHARAN",MO,2781,Kanadewadi,12.2,,,कणकवली,मौदे,71,07:20,09:40,NON,DAILY,,वेंगसर,
135734,"Kankavli To Moude Via Akhavane Dharan",Kankavli,Moude,"AKHAVANE DHARAN",MO,2895,Pachoba,14.1,,,कणकवली,मौदे,71,07:20,09:40,NON,DAILY,,वेंगसर,
135734,"Kankavli To Moude Via Akhavane Dharan",Kankavli,Moude,"AKHAVANE DHARAN",MO,2787,"Kankavli Nandgaon Fata",15,,,कणकवली,मौदे,71,07:20,09:40,NON,DAILY,,वेंगसर,
135734,"Kankavli To Moude Via Akhavane Dharan",Kankavli,Moude,"AKHAVANE DHARAN",MO,2904,Phonda,17.9,,,कणकवली,मौदे,71,07:20,09:40,NON,DAILY,,वेंगसर,
135734,"Kankavli To Moude Via Akhavane Dharan",Kankavli,Moude,"AKHAVANE DHARAN",MO,2858,"Mona Wahal",20.9,,,कणकवली,मौदे,71,07:20,09:40,NON,DAILY,,वेंगसर,
135734,"Kankavli To Moude Via Akhavane Dharan",Kankavli,Moude,"AKHAVANE DHARAN",MO,2839,"Lore Bangala",24.2,,,कणकवली,मौदे,71,07:20,09:40,NON,DAILY,,वेंगसर,
135734,"Kankavli To Moude Via Akhavane Dharan",Kankavli,Moude,"AKHAVANE DHARAN",MO,9171,"Achirne Wad",25.8,,,कणकवली,मौदे,71,07:20,09:40,NON,DAILY,,वेंगसर,
135734,"Kankavli To Moude Via Akhavane Dharan",Kankavli,Moude,"AKHAVANE DHARAN",MO,9169,Achirne,27.2,,,कणकवली,मौदे,71,07:20,09:40,NON,DAILY,,वेंगसर,
135734,"Kankavli To Moude Via Akhavane Dharan",Kankavli,Moude,"AKHAVANE DHARAN",MO,9215,Khambale,30.6,,,कणकवली,मौदे,71,07:20,09:40,NON,DAILY,,वेंगसर,
135734,"Kankavli To Moude Via Akhavane Dharan",Kankavli,Moude,"AKHAVANE DHARAN",MO,9189,Dand,33.2,,,कणकवली,मौदे,71,07:20,09:40,NON,DAILY,,वेंगसर,
135734,"Kankavli To Moude Via Akhavane Dharan",Kankavli,Moude,"AKHAVANE DHARAN",MO,9291,Vaibhavwadi,34.4,,,कणकवली,मौदे,71,07:20,09:40,NON,DAILY,,वेंगसर,
135734,"Kankavli To Moude Via Akhavane Dharan",Kankavli,Moude,"AKHAVANE DHARAN",MO,9274,Sonali,37.8,,,कणकवली,मौदे,71,07:20,09:40,NON,DAILY,,वेंगसर,
135734,"Kankavli To Moude Via Akhavane Dharan",Kankavli,Moude,"AKHAVANE DHARAN",MO,9226,"Kusur Bazarwadi",42.2,,,कणकवली,मौदे,71,07:20,09:40,NON,DAILY,,वेंगसर,
135734,"Kankavli To Moude Via Akhavane Dharan",Kankavli,Moude,"AKHAVANE DHARAN",MO,9285,Umbarde,45.5,,,कणकवली,मौदे,71,07:20,09:40,NON,DAILY,,वेंगसर,
135734,"Kankavli To Moude Via Akhavane Dharan",Kankavli,Moude,"AKHAVANE DHARAN",MO,9220,"Kolpe Dukan",48.2,,,कणकवली,मौदे,71,07:20,09:40,NON,DAILY,,वेंगसर,
135734,"Kankavli To Moude Via Akhavane Dharan",Kankavli,Moude,"AKHAVANE DHARAN",MO,9294,"Vengsar Fata",49,,,कणकवली,मौदे,71,07:20,09:40,NON,DAILY,,वेंगसर,
135734,"Kankavli To Moude Via Akhavane Dharan",Kankavli,Moude,"AKHAVANE DHARAN",MO,9296,Waniwadi,51.2,,,कणकवली,मौदे,71,07:20,09:40,NON,DAILY,,वेंगसर,
135734,"Kankavli To Moude Via Akhavane Dharan",Kankavli,Moude,"AKHAVANE DHARAN",MO,9232,"Mangawali Bridge",54,,,कणकवली,मौदे,71,07:20,09:40,NON,DAILY,,वेंगसर,
135734,"Kankavli To Moude Via Akhavane Dharan",Kankavli,Moude,"AKHAVANE DHARAN",MO,9234,"Mangawali High School",55.3,,,कणकवली,मौदे,71,07:20,09:40,NON,DAILY,,वेंगसर,
135734,"Kankavli To Moude Via Akhavane Dharan",Kankavli,Moude,"AKHAVANE DHARAN",MO,9269,Sansarewadi,56.2,,,कणकवली,मौदे,71,07:20,09:40,NON,DAILY,,वेंगसर,
135734,"Kankavli To Moude Via Akhavane Dharan",Kankavli,Moude,"AKHAVANE DHARAN",MO,9206,"Het Fata",57,,,कणकवली,मौदे,71,07:20,09:40,NON,DAILY,,वेंगसर,
135734,"Kankavli To Moude Via Akhavane Dharan",Kankavli,Moude,"AKHAVANE DHARAN",MO,9176,"Akhavane Dharan",59,,,कणकवली,मौदे,71,07:20,09:40,NON,DAILY,,वेंगसर,
135734,"Kankavli To Moude Via Akhavane Dharan",Kankavli,Moude,"AKHAVANE DHARAN",MO,9185,"Bhom Navin Vasahat",60,,,कणकवली,मौदे,71,07:20,09:40,NON,DAILY,,वेंगसर,
135734,"Kankavli To Moude Via Akhavane Dharan",Kankavli,Moude,"AKHAVANE DHARAN",MO,9184,"Bhom Jadhvwadi",62,,,कणकवली,मौदे,71,07:20,09:40,NON,DAILY,,वेंगसर,
135734,"Kankavli To Moude Via Akhavane Dharan",Kankavli,Moude,"AKHAVANE DHARAN",MO,9204,"Gurvwadi Fata",65,,,कणकवली,मौदे,71,07:20,09:40,NON,DAILY,,वेंगसर,
135734,"Kankavli To Moude Via Akhavane Dharan",Kankavli,Moude,"AKHAVANE DHARAN",MO,9203,Gurvwadi,66,,,कणकवली,मौदे,71,07:20,09:40,NON,DAILY,,वेंगसर,
135734,"Kankavli To Moude Via Akhavane Dharan",Kankavli,Moude,"AKHAVANE DHARAN",MO,9204,"Gurvwadi Fata",67,,,कणकवली,मौदे,71,07:20,09:40,NON,DAILY,,वेंगसर,
135734,"Kankavli To Moude Via Akhavane Dharan",Kankavli,Moude,"AKHAVANE DHARAN",MO,9239,Moude,71,,,कणकवली,मौदे,71,07:20,09:40,NON,DAILY,,वेंगसर,
138822,"Dsouza House To Dariste Via Rajwadi","Dsouza House",Dariste,RAJWADI,MO,2710,"Dsouza House",,,,"डिसोझा हाऊस",दारीस्ते,16.7,15:25,16:10,SC,"SAT,SUN",,"१५.५० ते १६.३० राजवाड़ी येथील विद्यार्थी घेवुन दारिस्ते येथे जाणे.",
138822,"Dsouza House To Dariste Via Rajwadi","Dsouza House",Dariste,RAJWADI,MO,2826,"Kumbhawade Fata",3,,,"डिसोझा हाऊस",दारीस्ते,16.7,15:25,16:10,SC,"SAT,SUN",,"१५.५० ते १६.३० राजवाड़ी येथील विद्यार्थी घेवुन दारिस्ते येथे जाणे.",
138822,"Dsouza House To Dariste Via Rajwadi","Dsouza House",Dariste,RAJWADI,MO,2852,"Maruti Mandir",6,,,"डिसोझा हाऊस",दारीस्ते,16.7,15:25,16:10,SC,"SAT,SUN",,"१५.५० ते १६.३० राजवाड़ी येथील विद्यार्थी घेवुन दारिस्ते येथे जाणे.",
138822,"Dsouza House To Dariste Via Rajwadi","Dsouza House",Dariste,RAJWADI,MO,2924,Rajwadi,9,,,"डिसोझा हाऊस",दारीस्ते,16.7,15:25,16:10,SC,"SAT,SUN",,"१५.५० ते १६.३० राजवाड़ी येथील विद्यार्थी घेवुन दारिस्ते येथे जाणे.",
138822,"Dsouza House To Dariste Via Rajwadi","Dsouza House",Dariste,RAJWADI,MO,2740,Guravwadi,12.4,,,"डिसोझा हाऊस",दारीस्ते,16.7,15:25,16:10,SC,"SAT,SUN",,"१५.५० ते १६.३० राजवाड़ी येथील विद्यार्थी घेवुन दारिस्ते येथे जाणे.",
138822,"Dsouza House To Dariste Via Rajwadi","Dsouza House",Dariste,RAJWADI,MO,2693,Dariste,16.7,,,"डिसोझा हाऊस",दारीस्ते,16.7,15:25,16:10,SC,"SAT,SUN",,"१५.५० ते १६.३० राजवाड़ी येथील विद्यार्थी घेवुन दारिस्ते येथे जाणे.",
19511,"Gadhi Tamhane To Tarla","Gadhi Tamhane",Tarla,,MO,1716,"Gadhi Tamhane",,,,गडीतांहणे,तरळे,32.4,08:20,09:30,SC,DAILY,,,
19511,"Gadhi Tamhane To Tarla","Gadhi Tamhane",Tarla,,MO,1838,Madhaliwadi,2.4,,,गडीतांहणे,तरळे,32.4,08:20,09:30,SC,DAILY,,,
19511,"Gadhi Tamhane To Tarla","Gadhi Tamhane",Tarla,,MO,1631,Amrai,4.1,,,गडीतांहणे,तरळे,32.4,08:20,09:30,SC,DAILY,,,
19511,"Gadhi Tamhane To Tarla","Gadhi Tamhane",Tarla,,MO,1725,"Ganesh Mandir",5.4,,,गडीतांहणे,तरळे,32.4,08:20,09:30,SC,DAILY,,,
19511,"Gadhi Tamhane To Tarla","Gadhi Tamhane",Tarla,,MO,1855,"Mail Dagad",8.4,,,गडीतांहणे,तरळे,32.4,08:20,09:30,SC,DAILY,,,
19511,"Gadhi Tamhane To Tarla","Gadhi Tamhane",Tarla,,MO,1834,Mal,11.4,,,गडीतांहणे,तरळे,32.4,08:20,09:30,SC,DAILY,,,
19511,"Gadhi Tamhane To Tarla","Gadhi Tamhane",Tarla,,MO,2009,Tambewadi,16.2,,,गडीतांहणे,तरळे,32.4,08:20,09:30,SC,DAILY,,,
19511,"Gadhi Tamhane To Tarla","Gadhi Tamhane",Tarla,,MO,1706,Fanasgaon,17.3,,,गडीतांहणे,तरळे,32.4,08:20,09:30,SC,DAILY,,,
19511,"Gadhi Tamhane To Tarla","Gadhi Tamhane",Tarla,,MO,2024,"Undil Titha",20.3,,,गडीतांहणे,तरळे,32.4,08:20,09:30,SC,DAILY,,,
19511,"Gadhi Tamhane To Tarla","Gadhi Tamhane",Tarla,,MO,1970,"Rameshwar Temple",22.1,,,गडीतांहणे,तरळे,32.4,08:20,09:30,SC,DAILY,,,
19511,"Gadhi Tamhane To Tarla","Gadhi Tamhane",Tarla,,MO,1736,"Gavane Fata",23.4,,,गडीतांहणे,तरळे,32.4,08:20,09:30,SC,DAILY,,,
19511,"Gadhi Tamhane To Tarla","Gadhi Tamhane",Tarla,,MO,1737,"Gavane High School",26.9,,,गडीतांहणे,तरळे,32.4,08:20,09:30,SC,DAILY,,,
19511,"Gadhi Tamhane To Tarla","Gadhi Tamhane",Tarla,,MO,2696,Darom,29.2,,,गडीतांहणे,तरळे,32.4,08:20,09:30,SC,DAILY,,,
19511,"Gadhi Tamhane To Tarla","Gadhi Tamhane",Tarla,,MO,2982,Tarla,32.4,,,गडीतांहणे,तरळे,32.4,08:20,09:30,SC,DAILY,,,
58298,"Nipani To Kankavli",Nipani,Kankavli,,MO,73937,Nipani,,,,निपाणी,कणकवली,114.4,07:30,11:20,OBL,DAILY,"11.20 ते 12.10 विश्रांती",,
58298,"Nipani To Kankavli",Nipani,Kankavli,,MO,73390,"Devchand College",1.8,,,निपाणी,कणकवली,114.4,07:30,11:20,OBL,DAILY,"11.20 ते 12.10 विश्रांती",,
58298,"Nipani To Kankavli",Nipani,Kankavli,,MO,73402,"Gaikan Wadi",2.1,,,निपाणी,कणकवली,114.4,07:30,11:20,OBL,DAILY,"11.20 ते 12.10 विश्रांती",,
58298,"Nipani To Kankavli",Nipani,Kankavli,,MO,73957,"Petrol Pump",4.7,,,निपाणी,कणकवली,114.4,07:30,11:20,OBL,DAILY,"11.20 ते 12.10 विश्रांती",,
58298,"Nipani To Kankavli",Nipani,Kankavli,,MO,73735,"Karnataka Border",6.2,,,निपाणी,कणकवली,114.4,07:30,11:20,OBL,DAILY,"11.20 ते 12.10 विश्रांती",,
58298,"Nipani To Kankavli",Nipani,Kankavli,,MO,25718,"State Border",6.3,,,निपाणी,कणकवली,114.4,07:30,11:20,OBL,DAILY,"11.20 ते 12.10 विश्रांती",,
58298,"Nipani To Kankavli",Nipani,Kankavli,,MO,24607,Lingnoor,6.4,,,निपाणी,कणकवली,114.4,07:30,11:20,OBL,DAILY,"11.20 ते 12.10 विश्रांती",,
58298,"Nipani To Kankavli",Nipani,Kankavli,,MO,23753,"Gagale Fata",6.9,,,निपाणी,कणकवली,114.4,07:30,11:20,OBL,DAILY,"11.20 ते 12.10 विश्रांती",,
58298,"Nipani To Kankavli",Nipani,Kankavli,,MO,24232,Khadkewada,10.9,,,निपाणी,कणकवली,114.4,07:30,11:20,OBL,DAILY,"11.20 ते 12.10 विश्रांती",,
58298,"Nipani To Kankavli",Nipani,Kankavli,,MO,23961,"Hamid Wada Factory",12.4,,,निपाणी,कणकवली,114.4,07:30,11:20,OBL,DAILY,"11.20 ते 12.10 विश्रांती",,
58298,"Nipani To Kankavli",Nipani,Kankavli,,MO,23649,"Dudh Dairy",13.5,,,निपाणी,कणकवली,114.4,07:30,11:20,OBL,DAILY,"11.20 ते 12.10 विश्रांती",,
58298,"Nipani To Kankavli",Nipani,Kankavli,,MO,23903,Hamidwada,13.9,,,निपाणी,कणकवली,114.4,07:30,11:20,OBL,DAILY,"11.20 ते 12.10 विश्रांती",,
58298,"Nipani To Kankavli",Nipani,Kankavli,,MO,23149,"Bastawade Fata",14.9,,,निपाणी,कणकवली,114.4,07:30,11:20,OBL,DAILY,"11.20 ते 12.10 विश्रांती",,
58298,"Nipani To Kankavli",Nipani,Kankavli,,MO,25504,"Sonage Gpo",15.6,,,निपाणी,कणकवली,114.4,07:30,11:20,OBL,DAILY,"11.20 ते 12.10 विश्रांती",,
58298,"Nipani To Kankavli",Nipani,Kankavli,,MO,23286,"Bange Fata",16.2,,,निपाणी,कणकवली,114.4,07:30,11:20,OBL,DAILY,"11.20 ते 12.10 विश्रांती",,
58298,"Nipani To Kankavli",Nipani,Kankavli,,MO,23960,"Hambirrao Nagar",17.6,,,निपाणी,कणकवली,114.4,07:30,11:20,OBL,DAILY,"11.20 ते 12.10 विश्रांती",,
58298,"Nipani To Kankavli",Nipani,Kankavli,,MO,24503,Kurukali,18.7,,,निपाणी,कणकवली,114.4,07:30,11:20,OBL,DAILY,"11.20 ते 12.10 विश्रांती",,
58298,"Nipani To Kankavli",Nipani,Kankavli,,MO,25708,Surupali,19.8,,,निपाणी,कणकवली,114.4,07:30,11:20,OBL,DAILY,"11.20 ते 12.10 विश्रांती",,
58298,"Nipani To Kankavli",Nipani,Kankavli,,MO,24784,"Mile Stone",22,,,निपाणी,कणकवली,114.4,07:30,11:20,OBL,DAILY,"11.20 ते 12.10 विश्रांती",,
58298,"Nipani To Kankavli",Nipani,Kankavli,,MO,26092,Yamage,23.4,,,निपाणी,कणकवली,114.4,07:30,11:20,OBL,DAILY,"11.20 ते 12.10 विश्रांती",,
58298,"Nipani To Kankavli",Nipani,Kankavli,,MO,25571,Shindewadi,24.5,,,निपाणी,कणकवली,114.4,07:30,11:20,OBL,DAILY,"11.20 ते 12.10 विश्रांती",,
58298,"Nipani To Kankavli",Nipani,Kankavli,,MO,24892,Murgud,26.5,,,निपाणी,कणकवली,114.4,07:30,11:20,OBL,DAILY,"11.20 ते 12.10 विश्रांती",,
58298,"Nipani To Kankavli",Nipani,Kankavli,,MO,24970,Nidori,31.2,,,निपाणी,कणकवली,114.4,07:30,11:20,OBL,DAILY,"11.20 ते 12.10 विश्रांती",,
58298,"Nipani To Kankavli",Nipani,Kankavli,,MO,26042,Waghapur,32,,,निपाणी,कणकवली,114.4,07:30,11:20,OBL,DAILY,"11.20 ते 12.10 विश्रांती",,
58298,"Nipani To Kankavli",Nipani,Kankavli,,MO,23040,Admapur,32.4,,,निपाणी,कणकवली,114.4,07:30,11:20,OBL,DAILY,"11.20 ते 12.10 विश्रांती",,
58298,"Nipani To Kankavli",Nipani,Kankavli,,MO,24933,"Mudhal Tita",35.2,,,निपाणी,कणकवली,114.4,07:30,11:20,OBL,DAILY,"11.20 ते 12.10 विश्रांती",,
58298,"Nipani To Kankavli",Nipani,Kankavli,,MO,25919,Undarwadi,38.6,,,निपाणी,कणकवली,114.4,07:30,11:20,OBL,DAILY,"11.20 ते 12.10 विश्रांती",,
58298,"Nipani To Kankavli",Nipani,Kankavli,,MO,25453,Saravade,41.1,,,निपाणी,कणकवली,114.4,07:30,11:20,OBL,DAILY,"11.20 ते 12.10 विश्रांती",,
58298,"Nipani To Kankavli",Nipani,Kankavli,,MO,24842,Mangewadi,42.6,,,निपाणी,कणकवली,114.4,07:30,11:20,OBL,DAILY,"11.20 ते 12.10 विश्रांती",,
58298,"Nipani To Kankavli",Nipani,Kankavli,,MO,24960,Nartavade,43.2,,,निपाणी,कणकवली,114.4,07:30,11:20,OBL,DAILY,"11.20 ते 12.10 विश्रांती",,
58298,"Nipani To Kankavli",Nipani,Kankavli,,MO,25740,Sulambi,44.2,,,निपाणी,कणकवली,114.4,07:30,11:20,OBL,DAILY,"11.20 ते 12.10 विश्रांती",,
58298,"Nipani To Kankavli",Nipani,Kankavli,,MO,25622,Solankur,47.9,,,निपाणी,कणकवली,114.4,07:30,11:20,OBL,DAILY,"11.20 ते 12.10 विश्रांती",,
58298,"Nipani To Kankavli",Nipani,Kankavli,,MO,23779,Gaiby,50.9,,,निपाणी,कणकवली,114.4,07:30,11:20,OBL,DAILY,"11.20 ते 12.10 विश्रांती",,
58298,"Nipani To Kankavli",Nipani,Kankavli,,MO,24862,"Manjar Khind",53.6,,,निपाणी,कणकवली,114.4,07:30,11:20,OBL,DAILY,"11.20 ते 12.10 विश्रांती",,
58298,"Nipani To Kankavli",Nipani,Kankavli,,MO,25336,Radhanagari,57,,,निपाणी,कणकवली,114.4,07:30,11:20,OBL,DAILY,"11.20 ते 12.10 विश्रांती",,
58298,"Nipani To Kankavli",Nipani,Kankavli,,MO,24014,Hatimahal,60,,,निपाणी,कणकवली,114.4,07:30,11:20,OBL,DAILY,"11.20 ते 12.10 विश्रांती",,
58298,"Nipani To Kankavli",Nipani,Kankavli,,MO,23695,Fejiwade,61.3,,,निपाणी,कणकवली,114.4,07:30,11:20,OBL,DAILY,"11.20 ते 12.10 विश्रांती",,
58298,"Nipani To Kankavli",Nipani,Kankavli,,MO,25393,"Radhanagri Dam",63,,,निपाणी,कणकवली,114.4,07:30,11:20,OBL,DAILY,"11.20 ते 12.10 विश्रांती",,
58298,"Nipani To Kankavli",Nipani,Kankavli,,MO,23601,Daoudwadi,66,,,निपाणी,कणकवली,114.4,07:30,11:20,OBL,DAILY,"11.20 ते 12.10 विश्रांती",,
58298,"Nipani To Kankavli",Nipani,Kankavli,,MO,25080,"New Karanje",66.6,,,निपाणी,कणकवली,114.4,07:30,11:20,OBL,DAILY,"11.20 ते 12.10 विश्रांती",,
58298,"Nipani To Kankavli",Nipani,Kankavli,,MO,30607,Ajiwade,67.6,,,निपाणी,कणकवली,114.4,07:30,11:20,OBL,DAILY,"11.20 ते 12.10 विश्रांती",,
58298,"Nipani To Kankavli",Nipani,Kankavli,,MO,24847,Mandharwadi,69.6,,,निपाणी,कणकवली,114.4,07:30,11:20,OBL,DAILY,"11.20 ते 12.10 विश्रांती",,
58298,"Nipani To Kankavli",Nipani,Kankavli,,MO,25530,Shelap,72,,,निपाणी,कणकवली,114.4,07:30,11:20,OBL,DAILY,"11.20 ते 12.10 विश्रांती",,
58298,"Nipani To Kankavli",Nipani,Kankavli,,MO,24258,Kadamwadi,75.2,,,निपाणी,कणकवली,114.4,07:30,11:20,OBL,DAILY,"11.20 ते 12.10 विश्रांती",,
58298,"Nipani To Kankavli",Nipani,Kankavli,,MO,23137,Bambar,76.6,,,निपाणी,कणकवली,114.4,07:30,11:20,OBL,DAILY,"11.20 ते 12.10 विश्रांती",,
58298,"Nipani To Kankavli",Nipani,Kankavli,,MO,25038,Naniwade,78,,,निपाणी,कणकवली,114.4,07:30,11:20,OBL,DAILY,"11.20 ते 12.10 विश्रांती",,
58298,"Nipani To Kankavli",Nipani,Kankavli,,MO,25474,"Saticha Mal",79.6,,,निपाणी,कणकवली,114.4,07:30,11:20,OBL,DAILY,"11.20 ते 12.10 विश्रांती",,
58298,"Nipani To Kankavli",Nipani,Kankavli,,MO,24004,Hasane,80.6,,,निपाणी,कणकवली,114.4,07:30,11:20,OBL,DAILY,"11.20 ते 12.10 विश्रांती",,
58298,"Nipani To Kankavli",Nipani,Kankavli,,MO,23566,Dajipur,86.6,,,निपाणी,कणकवली,114.4,07:30,11:20,OBL,DAILY,"11.20 ते 12.10 विश्रांती",,
58298,"Nipani To Kankavli",Nipani,Kankavli,,MO,2844,"Mail Stone",96.6,,,निपाणी,कणकवली,114.4,07:30,11:20,OBL,DAILY,"11.20 ते 12.10 विश्रांती",,
58298,"Nipani To Kankavli",Nipani,Kankavli,,MO,2904,Phonda,99.6,,,निपाणी,कणकवली,114.4,07:30,11:20,OBL,DAILY,"11.20 ते 12.10 विश्रांती",,
58298,"Nipani To Kankavli",Nipani,Kankavli,,MO,2787,"Kankavli Nandgaon Fata",102.6,,,निपाणी,कणकवली,114.4,07:30,11:20,OBL,DAILY,"11.20 ते 12.10 विश्रांती",,
58298,"Nipani To Kankavli",Nipani,Kankavli,,MO,2781,Kanadewadi,104.4,,,निपाणी,कणकवली,114.4,07:30,11:20,OBL,DAILY,"11.20 ते 12.10 विश्रांती",,
58298,"Nipani To Kankavli",Nipani,Kankavli,,MO,2790,Karul,104.8,,,निपाणी,कणकवली,114.4,07:30,11:20,OBL,DAILY,"11.20 ते 12.10 विश्रांती",,
58298,"Nipani To Kankavli",Nipani,Kankavli,,MO,2757,"Humrath Mal Ghorpiwadi",105.6,,,निपाणी,कणकवली,114.4,07:30,11:20,OBL,DAILY,"11.20 ते 12.10 विश्रांती",,
58298,"Nipani To Kankavli",Nipani,Kankavli,,MO,2756,"Humrat Titha",106.2,,,निपाणी,कणकवली,114.4,07:30,11:20,OBL,DAILY,"11.20 ते 12.10 विश्रांती",,
58298,"Nipani To Kankavli",Nipani,Kankavli,,MO,2768,"Janavali Gavthanwadi",111.4,,,निपाणी,कणकवली,114.4,07:30,11:20,OBL,DAILY,"11.20 ते 12.10 विश्रांती",,
58298,"Nipani To Kankavli",Nipani,Kankavli,,MO,2786,Kankavli,114.4,,,निपाणी,कणकवली,114.4,07:30,11:20,OBL,DAILY,"11.20 ते 12.10 विश्रांती",,
145115,"Kankavli To Latur Via Tarla Miraj",Kankavli,Latur,MIRAJ,MO,2786,Kankavli,,,,कणकवली,सांगोला,257.6,05:45,12:20,,,"मिरज विश्रांती",,
145115,"Kankavli To Latur Via Tarla Miraj",Kankavli,Latur,MIRAJ,MO,2768,"Janavali Gavthanwadi",3.8,,,कणकवली,सांगोला,257.6,05:45,12:20,,,"मिरज विश्रांती",,
145115,"Kankavli To Latur Via Tarla Miraj",Kankavli,Latur,MIRAJ,MO,2756,"Humrat Titha",8.1,,,कणकवली,सांगोला,257.6,05:45,12:20,,,"मिरज विश्रांती",,
145115,"Kankavli To Latur Via Tarla Miraj",Kankavli,Latur,MIRAJ,MO,2655,Belane,10.3,,,कणकवली,सांगोला,257.6,05:45,12:20,,,"मिरज विश्रांती",,
145115,"Kankavli To Latur Via Tarla Miraj",Kankavli,Latur,MIRAJ,MO,2870,"Nandgaon Datta Mandir",12.7,,,कणकवली,सांगोला,257.6,05:45,12:20,,,"मिरज विश्रांती",,
145115,"Kankavli To Latur Via Tarla Miraj",Kankavli,Latur,MIRAJ,MO,2871,"Nandgaon Fata",14.9,,,कणकवली,सांगोला,257.6,05:45,12:20,,,"मिरज विश्रांती",,
145115,"Kankavli To Latur Via Tarla Miraj",Kankavli,Latur,MIRAJ,MO,2872,"Nandgaon Nursary",16.2,,,कणकवली,सांगोला,257.6,05:45,12:20,,,"मिरज विश्रांती",,
145115,"Kankavli To Latur Via Tarla Miraj",Kankavli,Latur,MIRAJ,MO,2673,"Bramhan Wadi",20,,,कणकवली,सांगोला,257.6,05:45,12:20,,,"मिरज विश्रांती",,
145115,"Kankavli To Latur Via Tarla Miraj",Kankavli,Latur,MIRAJ,MO,2982,Tarla,23,,,कणकवली,सांगोला,257.6,05:45,12:20,,,"मिरज विश्रांती",,
145115,"Kankavli To Latur Via Tarla Miraj",Kankavli,Latur,MIRAJ,MO,2796,"Kasarde Buddhawadi",26.2,,,कणकवली,सांगोला,257.6,05:45,12:20,,,"मिरज विश्रांती",,
145115,"Kankavli To Latur Via Tarla Miraj",Kankavli,Latur,MIRAJ,MO,9241,Nadhawade,30.9,,,कणकवली,सांगोला,257.6,05:45,12:20,,,"मिरज विश्रांती",,
145115,"Kankavli To Latur Via Tarla Miraj",Kankavli,Latur,MIRAJ,MO,9213,"Kasale Wadi",32.2,,,कणकवली,सांगोला,257.6,05:45,12:20,,,"मिरज विश्रांती",,
145115,"Kankavli To Latur Via Tarla Miraj",Kankavli,Latur,MIRAJ,MO,9181,Bandhwadi,34.2,,,कणकवली,सांगोला,257.6,05:45,12:20,,,"मिरज विश्रांती",,
145115,"Kankavli To Latur Via Tarla Miraj",Kankavli,Latur,MIRAJ,MO,9291,Vaibhavwadi,37.2,,,कणकवली,सांगोला,257.6,05:45,12:20,,,"मिरज विश्रांती",,
145115,"Kankavli To Latur Via Tarla Miraj",Kankavli,Latur,MIRAJ,MO,9297,"Water Tank",40.2,,,कणकवली,सांगोला,257.6,05:45,12:20,,,"मिरज विश्रांती",,
145115,"Kankavli To Latur Via Tarla Miraj",Kankavli,Latur,MIRAJ,MO,9208,Jamadarwadi,43.2,,,कणकवली,सांगोला,257.6,05:45,12:20,,,"मिरज विश्रांती",,
145115,"Kankavli To Latur Via Tarla Miraj",Kankavli,Latur,MIRAJ,MO,9212,"Karul High School",44.7,,,कणकवली,सांगोला,257.6,05:45,12:20,,,"मिरज विश्रांती",,
145115,"Kankavli To Latur Via Tarla Miraj",Kankavli,Latur,MIRAJ,MO,9182,Bhattiwadi,46.2,,,कणकवली,सांगोला,257.6,05:45,12:20,,,"मिरज विश्रांती",,
145115,"Kankavli To Latur Via Tarla Miraj",Kankavli,Latur,MIRAJ,MO,23733,Gaganbawda,55.2,,,कणकवली,सांगोला,257.6,05:45,12:20,,,"मिरज विश्रांती",,
145115,"Kankavli To Latur Via Tarla Miraj",Kankavli,Latur,MIRAJ,MO,24105,Jambulnewadi,58.1,,,कणकवली,सांगोला,257.6,05:45,12:20,,,"मिरज विश्रांती",,
145115,"Kankavli To Latur Via Tarla Miraj",Kankavli,Latur,MIRAJ,MO,25662,"Sangshi Fata",59.3,,,कणकवली,सांगोला,257.6,05:45,12:20,,,"मिरज विश्रांती",,
145115,"Kankavli To Latur Via Tarla Miraj",Kankavli,Latur,MIRAJ,MO,25139,Pargavkarwadi,62.4,,,कणकवली,सांगोला,257.6,05:45,12:20,,,"मिरज विश्रांती",,
145115,"Kankavli To Latur Via Tarla Miraj",Kankavli,Latur,MIRAJ,MO,23085,Aslaj,65.1,,,कणकवली,सांगोला,257.6,05:45,12:20,,,"मिरज विश्रांती",,
145115,"Kankavli To Latur Via Tarla Miraj",Kankavli,Latur,MIRAJ,MO,25155,"Padalwadi Fata",68.1,,,कणकवली,सांगोला,257.6,05:45,12:20,,,"मिरज विश्रांती",,
145115,"Kankavli To Latur Via Tarla Miraj",Kankavli,Latur,MIRAJ,MO,30326,"Andur Fata",71.4,,,कणकवली,सांगोला,257.6,05:45,12:20,,,"मिरज विश्रांती",,
145115,"Kankavli To Latur Via Tarla Miraj",Kankavli,Latur,MIRAJ,MO,24454,Khopadewadi,74.5,,,कणकवली,सांगोला,257.6,05:45,12:20,,,"मिरज विश्रांती",,
145115,"Kankavli To Latur Via Tarla Miraj",Kankavli,Latur,MIRAJ,MO,24894,Margaiwadi,77,,,कणकवली,सांगोला,257.6,05:45,12:20,,,"मिरज विश्रांती",,
145115,"Kankavli To Latur Via Tarla Miraj",Kankavli,Latur,MIRAJ,MO,25627,Salvan,79.8,,,कणकवली,सांगोला,257.6,05:45,12:20,,,"मिरज विश्रांती",,
145115,"Kankavli To Latur Via Tarla Miraj",Kankavli,Latur,MIRAJ,MO,26015,"Vetwade Fata",80.6,,,कणकवली,सांगोला,257.6,05:45,12:20,,,"मिरज विश्रांती",,
145115,"Kankavli To Latur Via Tarla Miraj",Kankavli,Latur,MIRAJ,MO,24332,Kirve,83.1,,,कणकवली,सांगोला,257.6,05:45,12:20,,,"मिरज विश्रांती",,
145115,"Kankavli To Latur Via Tarla Miraj",Kankavli,Latur,MIRAJ,MO,24941,Mutkeshwar,86,,,कणकवली,सांगोला,257.6,05:45,12:20,,,"मिरज विश्रांती",,
145115,"Kankavli To Latur Via Tarla Miraj",Kankavli,Latur,MIRAJ,MO,24361,"Kale Canteen",90.4,,,कणकवली,सांगोला,257.6,05:45,12:20,,,"मिरज विश्रांती",,
145115,"Kankavli To Latur Via Tarla Miraj",Kankavli,Latur,MIRAJ,MO,23390,Chinchvade,92.6,,,कणकवली,सांगोला,257.6,05:45,12:20,,,"मिरज विश्रांती",,
145115,"Kankavli To Latur Via Tarla Miraj",Kankavli,Latur,MIRAJ,MO,30585,Aadoor,95.3,,,कणकवली,सांगोला,257.6,05:45,12:20,,,"मिरज विश्रांती",,
145115,"Kankavli To Latur Via Tarla Miraj",Kankavli,Latur,MIRAJ,MO,25156,"Padal Fata",101.3,,,कणकवली,सांगोला,257.6,05:45,12:20,,,"मिरज विश्रांती",,
145115,"Kankavli To Latur Via Tarla Miraj",Kankavli,Latur,MIRAJ,MO,23698,"Fulewadi Old Naka",102.7,,,कणकवली,सांगोला,257.6,05:45,12:20,,,"मिरज विश्रांती",,
145115,"Kankavli To Latur Via Tarla Miraj",Kankavli,Latur,MIRAJ,MO,25400,Rankala,106.9,,,कणकवली,सांगोला,257.6,05:45,12:20,,,"मिरज विश्रांती",,
145115,"Kankavli To Latur Via Tarla Miraj",Kankavli,Latur,MIRAJ,MO,23625,"Dasara Chwok",109.5,,,कणकवली,सांगोला,257.6,05:45,12:20,,,"मिरज विश्रांती",,
145115,"Kankavli To Latur Via Tarla Miraj",Kankavli,Latur,MIRAJ,MO,24359,Kolhapur,111.6,,,कणकवली,सांगोला,257.6,05:45,12:20,,,"मिरज विश्रांती",,
145115,"Kankavli To Latur Via Tarla Miraj",Kankavli,Latur,MIRAJ,MO,25536,"Shahu Market Yard",114.2,,,कणकवली,सांगोला,257.6,05:45,12:20,,,"मिरज विश्रांती",,
145115,"Kankavli To Latur Via Tarla Miraj",Kankavli,Latur,MIRAJ,MO,25642,"Sangali Fata",118.3,,,कणकवली,सांगोला,257.6,05:45,12:20,,,"मिरज विश्रांती",,
145115,"Kankavli To Latur Via Tarla Miraj",Kankavli,Latur,MIRAJ,MO,24946,"Mouje Vadgaon Fata",121.1,,,कणकवली,सांगोला,257.6,05:45,12:20,,,"मिरज विश्रांती",,
145115,"Kankavli To Latur Via Tarla Miraj",Kankavli,Latur,MIRAJ,MO,23093,Atigre,127.1,,,कणकवली,सांगोला,257.6,05:45,12:20,,,"मिरज विश्रांती",,
145115,"Kankavli To Latur Via Tarla Miraj",Kankavli,Latur,MIRAJ,MO,23822,"Ghodawat Knowledge City",133.1,,,कणकवली,सांगोला,257.6,05:45,12:20,,,"मिरज विश्रांती",,
145115,"Kankavli To Latur Via Tarla Miraj",Kankavli,Latur,MIRAJ,MO,24013,Hatkanangale,134.1,,,कणकवली,सांगोला,257.6,05:45,12:20,,,"मिरज विश्रांती",,
145115,"Kankavli To Latur Via Tarla Miraj",Kankavli,Latur,MIRAJ,MO,24134,Jaisingpur,149.4,,,कणकवली,सांगोला,257.6,05:45,12:20,,,"मिरज विश्रांती",,
145115,"Kankavli To Latur Via Tarla Miraj",Kankavli,Latur,MIRAJ,MO,33636,Akali,152.1,,,कणकवली,सांगोला,257.6,05:45,12:20,,,"मिरज विश्रांती",,
145115,"Kankavli To Latur Via Tarla Miraj",Kankavli,Latur,MIRAJ,MO,33967,Miraj,170.2,,,कणकवली,सांगोला,257.6,05:45,12:20,,,"मिरज विश्रांती",,
145115,"Kankavli To Latur Via Tarla Miraj",Kankavli,Latur,MIRAJ,MO,32950,Shirdhon,201.4,,,कणकवली,सांगोला,257.6,05:45,12:20,,,"मिरज विश्रांती",,
145115,"Kankavli To Latur Via Tarla Miraj",Kankavli,Latur,MIRAJ,MO,32873,Kuchi,209.9,,,कणकवली,सांगोला,257.6,05:45,12:20,,,"मिरज विश्रांती",,
145115,"Kankavli To Latur Via Tarla Miraj",Kankavli,Latur,MIRAJ,MO,32930,"Nagaj Fata",224.3,,,कणकवली,सांगोला,257.6,05:45,12:20,,,"मिरज विश्रांती",,
145115,"Kankavli To Latur Via Tarla Miraj",Kankavli,Latur,MIRAJ,MO,47548,Junoni,232.1,,,कणकवली,सांगोला,257.6,05:45,12:20,,,"मिरज विश्रांती",,
145115,"Kankavli To Latur Via Tarla Miraj",Kankavli,Latur,MIRAJ,MO,47534,Hatit,241.5,,,कणकवली,सांगोला,257.6,05:45,12:20,,,"मिरज विश्रांती",,
145115,"Kankavli To Latur Via Tarla Miraj",Kankavli,Latur,MIRAJ,MO,47617,"Nazare Math",248.2,,,कणकवली,सांगोला,257.6,05:45,12:20,,,"मिरज विश्रांती",,
145115,"Kankavli To Latur Via Tarla Miraj",Kankavli,Latur,MIRAJ,MO,47679,Vatamare,250.9,,,कणकवली,सांगोला,257.6,05:45,12:20,,,"मिरज विश्रांती",,
145115,"Kankavli To Latur Via Tarla Miraj",Kankavli,Latur,MIRAJ,MO,47552,Kamalapur,259.1,,,कणकवली,सांगोला,257.6,05:45,12:20,,,"मिरज विश्रांती",,
145115,"Kankavli To Latur Via Tarla Miraj",Kankavli,Latur,MIRAJ,MO,47652,Sangola,264.7,,,कणकवली,सांगोला,257.6,05:45,12:20,,,"मिरज विश्रांती",,
145115,"Kankavli To Latur Via Tarla Miraj",Kankavli,Latur,MIRAJ,MO,47449,Bamani,275.4,,,कणकवली,सांगोला,257.6,05:45,12:20,,,"मिरज विश्रांती",,
145115,"Kankavli To Latur Via Tarla Miraj",Kankavli,Latur,MIRAJ,MO,47639,Sangewadi,280.4,,,कणकवली,सांगोला,257.6,05:45,12:20,,,"मिरज विश्रांती",,
145115,"Kankavli To Latur Via Tarla Miraj",Kankavli,Latur,MIRAJ,MO,43806,Khardi,284.3,,,कणकवली,सांगोला,257.6,05:45,12:20,,,"मिरज विश्रांती",,
145115,"Kankavli To Latur Via Tarla Miraj",Kankavli,Latur,MIRAJ,MO,43827,"Kasegaon Fata",292.4,,,कणकवली,सांगोला,257.6,05:45,12:20,,,"मिरज विश्रांती",,
145115,"Kankavli To Latur Via Tarla Miraj",Kankavli,Latur,MIRAJ,MO,43899,Pandharpur,299.3,,,कणकवली,सांगोला,257.6,05:45,12:20,,,"मिरज विश्रांती",,
145115,"Kankavli To Latur Via Tarla Miraj",Kankavli,Latur,MIRAJ,MO,43875,"Narayan Chincheli",305.8,,,कणकवली,सांगोला,257.6,05:45,12:20,,,"मिरज विश्रांती",,
145115,"Kankavli To Latur Via Tarla Miraj",Kankavli,Latur,MIRAJ,MO,43775,"Ishwar Wathar",308.7,,,कणकवली,सांगोला,257.6,05:45,12:20,,,"मिरज विश्रांती",,
145115,"Kankavli To Latur Via Tarla Miraj",Kankavli,Latur,MIRAJ,MO,43988,"Tungat X Rd.",312,,,कणकवली,सांगोला,257.6,05:45,12:20,,,"मिरज विश्रांती",,
145115,"Kankavli To Latur Via Tarla Miraj",Kankavli,Latur,MIRAJ,MO,43487,"Penur Shed",315,,,कणकवली,सांगोला,257.6,05:45,12:20,,,"मिरज विश्रांती",,
145115,"Kankavli To Latur Via Tarla Miraj",Kankavli,Latur,MIRAJ,MO,43514,"Sarole Fata",327,,,कणकवली,सांगोला,257.6,05:45,12:20,,,"मिरज विश्रांती",,
145115,"Kankavli To Latur Via Tarla Miraj",Kankavli,Latur,MIRAJ,MO,43449,"Khavani Fata",330.1,,,कणकवली,सांगोला,257.6,05:45,12:20,,,"मिरज विश्रांती",,
145115,"Kankavli To Latur Via Tarla Miraj",Kankavli,Latur,MIRAJ,MO,43490,Pokharpur,333,,,कणकवली,सांगोला,257.6,05:45,12:20,,,"मिरज विश्रांती",,
145115,"Kankavli To Latur Via Tarla Miraj",Kankavli,Latur,MIRAJ,MO,43460,Mohol,336.2,,,कणकवली,सांगोला,257.6,05:45,12:20,,,"मिरज विश्रांती",,
145115,"Kankavli To Latur Via Tarla Miraj",Kankavli,Latur,MIRAJ,MO,43568,Lamboti,345.2,,,कणकवली,सांगोला,257.6,05:45,12:20,,,"मिरज विश्रांती",,
145115,"Kankavli To Latur Via Tarla Miraj",Kankavli,Latur,MIRAJ,MO,43501,Savaleshwar,348.9,,,कणकवली,सांगोला,257.6,05:45,12:20,,,"मिरज विश्रांती",,
145115,"Kankavli To Latur Via Tarla Miraj",Kankavli,Latur,MIRAJ,MO,49258,"Pakani / Chincholi",353.8,,,कणकवली,सांगोला,257.6,05:45,12:20,,,"मिरज विश्रांती",,
145115,"Kankavli To Latur Via Tarla Miraj",Kankavli,Latur,MIRAJ,MO,49229,Kegaon,359.4,,,कणकवली,सांगोला,257.6,05:45,12:20,,,"मिरज विश्रांती",,
145115,"Kankavli To Latur Via Tarla Miraj",Kankavli,Latur,MIRAJ,MO,49177,Bale,367.2,,,कणकवली,सांगोला,257.6,05:45,12:20,,,"मिरज विश्रांती",,
145115,"Kankavli To Latur Via Tarla Miraj",Kankavli,Latur,MIRAJ,MO,48932,Solapur,371.2,,,कणकवली,सांगोला,257.6,05:45,12:20,,,"मिरज विश्रांती",,
145115,"Kankavli To Latur Via Tarla Miraj",Kankavli,Latur,MIRAJ,MO,49216,"Hipparga Fata",377,,,कणकवली,सांगोला,257.6,05:45,12:20,,,"मिरज विश्रांती",,
145115,"Kankavli To Latur Via Tarla Miraj",Kankavli,Latur,MIRAJ,MO,49217,Hagalur,379.2,,,कणकवली,सांगोला,257.6,05:45,12:20,,,"मिरज विश्रांती",,
145115,"Kankavli To Latur Via Tarla Miraj",Kankavli,Latur,MIRAJ,MO,49234,Karvandwadi,382.7,,,कणकवली,सांगोला,257.6,05:45,12:20,,,"मिरज विश्रांती",,
145115,"Kankavli To Latur Via Tarla Miraj",Kankavli,Latur,MIRAJ,MO,49719,Ule,384.5,,,कणकवली,सांगोला,257.6,05:45,12:20,,,"मिरज विश्रांती",,
145115,"Kankavli To Latur Via Tarla Miraj",Kankavli,Latur,MIRAJ,MO,87659,"Taml Wadi",393.1,,,कणकवली,सांगोला,257.6,05:45,12:20,,,"मिरज विश्रांती",,
145115,"Kankavli To Latur Via Tarla Miraj",Kankavli,Latur,MIRAJ,MO,87641,Suratgaon,398.6,,,कणकवली,सांगोला,257.6,05:45,12:20,,,"मिरज विश्रांती",,
145115,"Kankavli To Latur Via Tarla Miraj",Kankavli,Latur,MIRAJ,MO,87326,Muktinagar,401.4,,,कणकवली,सांगोला,257.6,05:45,12:20,,,"मिरज विश्रांती",,
145115,"Kankavli To Latur Via Tarla Miraj",Kankavli,Latur,MIRAJ,MO,87273,"Malumbra X Rd.",402.6,,,कणकवली,सांगोला,257.6,05:45,12:20,,,"मिरज विश्रांती",,
145115,"Kankavli To Latur Via Tarla Miraj",Kankavli,Latur,MIRAJ,MO,87539,"Sangavi Mardi",410,,,कणकवली,सांगोला,257.6,05:45,12:20,,,"मिरज विश्रांती",,
145115,"Kankavli To Latur Via Tarla Miraj",Kankavli,Latur,MIRAJ,MO,86564,"Barshi Cross Rd",415.1,,,कणकवली,सांगोला,257.6,05:45,12:20,,,"मिरज विश्रांती",,
145115,"Kankavli To Latur Via Tarla Miraj",Kankavli,Latur,MIRAJ,MO,76023,Tuljapur,440.2,,,कणकवली,सांगोला,257.6,05:45,12:20,,,"मिरज विश्रांती",,
145115,"Kankavli To Latur Via Tarla Miraj",Kankavli,Latur,MIRAJ,MO,87438,Patoda,464.1,,,कणकवली,सांगोला,257.6,05:45,12:20,,,"मिरज विश्रांती",,
145115,"Kankavli To Latur Via Tarla Miraj",Kankavli,Latur,MIRAJ,MO,39791,"Ujani X Rd.",473.2,,,कणकवली,सांगोला,257.6,05:45,12:20,,,"मिरज विश्रांती",,
145115,"Kankavli To Latur Via Tarla Miraj",Kankavli,Latur,MIRAJ,MO,39590,Ausa,480,,,कणकवली,सांगोला,257.6,05:45,12:20,,,"मिरज विश्रांती",,
145115,"Kankavli To Latur Via Tarla Miraj",Kankavli,Latur,MIRAJ,MO,40264,Latur,493.3,,,कणकवली,सांगोला,257.6,05:45,12:20,,,"मिरज विश्रांती",,
147516,"Latur To Kankavli Via Radhanagari",Latur,Kankavli,RADHANAGARI,MO,40264,Latur,,,,लातूर,सांगोला,235.7,16:00,22:00,,,"सहा तासात कर्त्यव्य संपते","तुळजापूर,सोलापूर",
147516,"Latur To Kankavli Via Radhanagari",Latur,Kankavli,RADHANAGARI,MO,39590,Ausa,21,,,लातूर,सांगोला,235.7,16:00,22:00,,,"सहा तासात कर्त्यव्य संपते","तुळजापूर,सोलापूर",
147516,"Latur To Kankavli Via Radhanagari",Latur,Kankavli,RADHANAGARI,MO,39791,"Ujani X Rd.",29.2,,,लातूर,सांगोला,235.7,16:00,22:00,,,"सहा तासात कर्त्यव्य संपते","तुळजापूर,सोलापूर",
147516,"Latur To Kankavli Via Radhanagari",Latur,Kankavli,RADHANAGARI,MO,87438,Patoda,38.4,,,लातूर,सांगोला,235.7,16:00,22:00,,,"सहा तासात कर्त्यव्य संपते","तुळजापूर,सोलापूर",
147516,"Latur To Kankavli Via Radhanagari",Latur,Kankavli,RADHANAGARI,MO,76023,Tuljapur,60.8,,,लातूर,सांगोला,235.7,16:00,22:00,,,"सहा तासात कर्त्यव्य संपते","तुळजापूर,सोलापूर",
147516,"Latur To Kankavli Via Radhanagari",Latur,Kankavli,RADHANAGARI,MO,49719,Ule,116.5,,,लातूर,सांगोला,235.7,16:00,22:00,,,"सहा तासात कर्त्यव्य संपते","तुळजापूर,सोलापूर",
147516,"Latur To Kankavli Via Radhanagari",Latur,Kankavli,RADHANAGARI,MO,49234,Karvandwadi,118.3,,,लातूर,सांगोला,235.7,16:00,22:00,,,"सहा तासात कर्त्यव्य संपते","तुळजापूर,सोलापूर",
147516,"Latur To Kankavli Via Radhanagari",Latur,Kankavli,RADHANAGARI,MO,49217,Hagalur,121.8,,,लातूर,सांगोला,235.7,16:00,22:00,,,"सहा तासात कर्त्यव्य संपते","तुळजापूर,सोलापूर",
147516,"Latur To Kankavli Via Radhanagari",Latur,Kankavli,RADHANAGARI,MO,49216,"Hipparga Fata",124,,,लातूर,सांगोला,235.7,16:00,22:00,,,"सहा तासात कर्त्यव्य संपते","तुळजापूर,सोलापूर",
147516,"Latur To Kankavli Via Radhanagari",Latur,Kankavli,RADHANAGARI,MO,48932,Solapur,129.8,,,लातूर,सांगोला,235.7,16:00,22:00,,,"सहा तासात कर्त्यव्य संपते","तुळजापूर,सोलापूर",
147516,"Latur To Kankavli Via Radhanagari",Latur,Kankavli,RADHANAGARI,MO,49177,Bale,133.8,,,लातूर,सांगोला,235.7,16:00,22:00,,,"सहा तासात कर्त्यव्य संपते","तुळजापूर,सोलापूर",
147516,"Latur To Kankavli Via Radhanagari",Latur,Kankavli,RADHANAGARI,MO,49229,Kegaon,141.6,,,लातूर,सांगोला,235.7,16:00,22:00,,,"सहा तासात कर्त्यव्य संपते","तुळजापूर,सोलापूर",
147516,"Latur To Kankavli Via Radhanagari",Latur,Kankavli,RADHANAGARI,MO,49258,"Pakani / Chincholi",147.2,,,लातूर,सांगोला,235.7,16:00,22:00,,,"सहा तासात कर्त्यव्य संपते","तुळजापूर,सोलापूर",
147516,"Latur To Kankavli Via Radhanagari",Latur,Kankavli,RADHANAGARI,MO,43460,Mohol,164.8,,,लातूर,सांगोला,235.7,16:00,22:00,,,"सहा तासात कर्त्यव्य संपते","तुळजापूर,सोलापूर",
147516,"Latur To Kankavli Via Radhanagari",Latur,Kankavli,RADHANAGARI,MO,43490,Pokharpur,168,,,लातूर,सांगोला,235.7,16:00,22:00,,,"सहा तासात कर्त्यव्य संपते","तुळजापूर,सोलापूर",
147516,"Latur To Kankavli Via Radhanagari",Latur,Kankavli,RADHANAGARI,MO,43449,"Khavani Fata",170.9,,,लातूर,सांगोला,235.7,16:00,22:00,,,"सहा तासात कर्त्यव्य संपते","तुळजापूर,सोलापूर",
147516,"Latur To Kankavli Via Radhanagari",Latur,Kankavli,RADHANAGARI,MO,43514,"Sarole Fata",174,,,लातूर,सांगोला,235.7,16:00,22:00,,,"सहा तासात कर्त्यव्य संपते","तुळजापूर,सोलापूर",
147516,"Latur To Kankavli Via Radhanagari",Latur,Kankavli,RADHANAGARI,MO,43487,"Penur Shed",186,,,लातूर,सांगोला,235.7,16:00,22:00,,,"सहा तासात कर्त्यव्य संपते","तुळजापूर,सोलापूर",
147516,"Latur To Kankavli Via Radhanagari",Latur,Kankavli,RADHANAGARI,MO,43775,"Ishwar Wathar",192.3,,,लातूर,सांगोला,235.7,16:00,22:00,,,"सहा तासात कर्त्यव्य संपते","तुळजापूर,सोलापूर",
147516,"Latur To Kankavli Via Radhanagari",Latur,Kankavli,RADHANAGARI,MO,43875,"Narayan Chincheli",195.2,,,लातूर,सांगोला,235.7,16:00,22:00,,,"सहा तासात कर्त्यव्य संपते","तुळजापूर,सोलापूर",
147516,"Latur To Kankavli Via Radhanagari",Latur,Kankavli,RADHANAGARI,MO,43899,Pandharpur,201.7,,,लातूर,सांगोला,235.7,16:00,22:00,,,"सहा तासात कर्त्यव्य संपते","तुळजापूर,सोलापूर",
147516,"Latur To Kankavli Via Radhanagari",Latur,Kankavli,RADHANAGARI,MO,43827,"Kasegaon Fata",208.6,,,लातूर,सांगोला,235.7,16:00,22:00,,,"सहा तासात कर्त्यव्य संपते","तुळजापूर,सोलापूर",
147516,"Latur To Kankavli Via Radhanagari",Latur,Kankavli,RADHANAGARI,MO,43806,Khardi,216.7,,,लातूर,सांगोला,235.7,16:00,22:00,,,"सहा तासात कर्त्यव्य संपते","तुळजापूर,सोलापूर",
147516,"Latur To Kankavli Via Radhanagari",Latur,Kankavli,RADHANAGARI,MO,47639,Sangewadi,220.6,,,लातूर,सांगोला,235.7,16:00,22:00,,,"सहा तासात कर्त्यव्य संपते","तुळजापूर,सोलापूर",
147516,"Latur To Kankavli Via Radhanagari",Latur,Kankavli,RADHANAGARI,MO,47652,Sangola,236.3,,,लातूर,सांगोला,235.7,16:00,22:00,,,"सहा तासात कर्त्यव्य संपते","तुळजापूर,सोलापूर",
147516,"Latur To Kankavli Via Radhanagari",Latur,Kankavli,RADHANAGARI,MO,47552,Kamalapur,241.9,,,लातूर,सांगोला,235.7,16:00,22:00,,,"सहा तासात कर्त्यव्य संपते","तुळजापूर,सोलापूर",
147516,"Latur To Kankavli Via Radhanagari",Latur,Kankavli,RADHANAGARI,MO,47679,Vatamare,250.1,,,लातूर,सांगोला,235.7,16:00,22:00,,,"सहा तासात कर्त्यव्य संपते","तुळजापूर,सोलापूर",
147516,"Latur To Kankavli Via Radhanagari",Latur,Kankavli,RADHANAGARI,MO,47617,"Nazare Math",252.8,,,लातूर,सांगोला,235.7,16:00,22:00,,,"सहा तासात कर्त्यव्य संपते","तुळजापूर,सोलापूर",
147516,"Latur To Kankavli Via Radhanagari",Latur,Kankavli,RADHANAGARI,MO,47534,Hatit,259.5,,,लातूर,सांगोला,235.7,16:00,22:00,,,"सहा तासात कर्त्यव्य संपते","तुळजापूर,सोलापूर",
147516,"Latur To Kankavli Via Radhanagari",Latur,Kankavli,RADHANAGARI,MO,32930,"Nagaj Fata",276.7,,,लातूर,सांगोला,235.7,16:00,22:00,,,"सहा तासात कर्त्यव्य संपते","तुळजापूर,सोलापूर",
147516,"Latur To Kankavli Via Radhanagari",Latur,Kankavli,RADHANAGARI,MO,32873,Kuchi,291.1,,,लातूर,सांगोला,235.7,16:00,22:00,,,"सहा तासात कर्त्यव्य संपते","तुळजापूर,सोलापूर",
147516,"Latur To Kankavli Via Radhanagari",Latur,Kankavli,RADHANAGARI,MO,32950,Shirdhon,299.6,,,लातूर,सांगोला,235.7,16:00,22:00,,,"सहा तासात कर्त्यव्य संपते","तुळजापूर,सोलापूर",
147516,"Latur To Kankavli Via Radhanagari",Latur,Kankavli,RADHANAGARI,MO,33967,Miraj,330.8,,,लातूर,सांगोला,235.7,16:00,22:00,,,"सहा तासात कर्त्यव्य संपते","तुळजापूर,सोलापूर",
147516,"Latur To Kankavli Via Radhanagari",Latur,Kankavli,RADHANAGARI,MO,33636,Akali,348.9,,,लातूर,सांगोला,235.7,16:00,22:00,,,"सहा तासात कर्त्यव्य संपते","तुळजापूर,सोलापूर",
147516,"Latur To Kankavli Via Radhanagari",Latur,Kankavli,RADHANAGARI,MO,24134,Jaisingpur,351.6,,,लातूर,सांगोला,235.7,16:00,22:00,,,"सहा तासात कर्त्यव्य संपते","तुळजापूर,सोलापूर",
147516,"Latur To Kankavli Via Radhanagari",Latur,Kankavli,RADHANAGARI,MO,24013,Hatkanangale,366.9,,,लातूर,सांगोला,235.7,16:00,22:00,,,"सहा तासात कर्त्यव्य संपते","तुळजापूर,सोलापूर",
147516,"Latur To Kankavli Via Radhanagari",Latur,Kankavli,RADHANAGARI,MO,23822,"Ghodawat Knowledge City",367.9,,,लातूर,सांगोला,235.7,16:00,22:00,,,"सहा तासात कर्त्यव्य संपते","तुळजापूर,सोलापूर",
147516,"Latur To Kankavli Via Radhanagari",Latur,Kankavli,RADHANAGARI,MO,23093,Atigre,373.9,,,लातूर,सांगोला,235.7,16:00,22:00,,,"सहा तासात कर्त्यव्य संपते","तुळजापूर,सोलापूर",
147516,"Latur To Kankavli Via Radhanagari",Latur,Kankavli,RADHANAGARI,MO,24946,"Mouje Vadgaon Fata",379.9,,,लातूर,सांगोला,235.7,16:00,22:00,,,"सहा तासात कर्त्यव्य संपते","तुळजापूर,सोलापूर",
147516,"Latur To Kankavli Via Radhanagari",Latur,Kankavli,RADHANAGARI,MO,25642,"Sangali Fata",382.7,,,लातूर,सांगोला,235.7,16:00,22:00,,,"सहा तासात कर्त्यव्य संपते","तुळजापूर,सोलापूर",
147516,"Latur To Kankavli Via Radhanagari",Latur,Kankavli,RADHANAGARI,MO,25536,"Shahu Market Yard",386.8,,,लातूर,सांगोला,235.7,16:00,22:00,,,"सहा तासात कर्त्यव्य संपते","तुळजापूर,सोलापूर",
147516,"Latur To Kankavli Via Radhanagari",Latur,Kankavli,RADHANAGARI,MO,24359,Kolhapur,389.4,,,लातूर,सांगोला,235.7,16:00,22:00,,,"सहा तासात कर्त्यव्य संपते","तुळजापूर,सोलापूर",
147516,"Latur To Kankavli Via Radhanagari",Latur,Kankavli,RADHANAGARI,MO,23625,"Dasara Chwok",390.2,,,लातूर,सांगोला,235.7,16:00,22:00,,,"सहा तासात कर्त्यव्य संपते","तुळजापूर,सोलापूर",
147516,"Latur To Kankavli Via Radhanagari",Latur,Kankavli,RADHANAGARI,MO,25400,Rankala,393.2,,,लातूर,सांगोला,235.7,16:00,22:00,,,"सहा तासात कर्त्यव्य संपते","तुळजापूर,सोलापूर",
147516,"Latur To Kankavli Via Radhanagari",Latur,Kankavli,RADHANAGARI,MO,25083,"New Washi Naka",400.2,,,लातूर,सांगोला,235.7,16:00,22:00,,,"सहा तासात कर्त्यव्य संपते","तुळजापूर,सोलापूर",
147516,"Latur To Kankavli Via Radhanagari",Latur,Kankavli,RADHANAGARI,MO,26066,Washi,403.2,,,लातूर,सांगोला,235.7,16:00,22:00,,,"सहा तासात कर्त्यव्य संपते","तुळजापूर,सोलापूर",
147516,"Latur To Kankavli Via Radhanagari",Latur,Kankavli,RADHANAGARI,MO,24388,Kandgaon,406.2,,,लातूर,सांगोला,235.7,16:00,22:00,,,"सहा तासात कर्त्यव्य संपते","तुळजापूर,सोलापूर",
147516,"Latur To Kankavli Via Radhanagari",Latur,Kankavli,RADHANAGARI,MO,23669,Devale,407.2,,,लातूर,सांगोला,235.7,16:00,22:00,,,"सहा तासात कर्त्यव्य संपते","तुळजापूर,सोलापूर",
147516,"Latur To Kankavli Via Radhanagari",Latur,Kankavli,RADHANAGARI,MO,23945,Haldi,408.2,,,लातूर,सांगोला,235.7,16:00,22:00,,,"सहा तासात कर्त्यव्य संपते","तुळजापूर,सोलापूर",
147516,"Latur To Kankavli Via Radhanagari",Latur,Kankavli,RADHANAGARI,MO,24444,Kothali,410.2,,,लातूर,सांगोला,235.7,16:00,22:00,,,"सहा तासात कर्त्यव्य संपते","तुळजापूर,सोलापूर",
147516,"Latur To Kankavli Via Radhanagari",Latur,Kankavli,RADHANAGARI,MO,24502,Kurukali,412.2,,,लातूर,सांगोला,235.7,16:00,22:00,,,"सहा तासात कर्त्यव्य संपते","तुळजापूर,सोलापूर",
147516,"Latur To Kankavli Via Radhanagari",Latur,Kankavli,RADHANAGARI,MO,24501,"Kurukali College",412.9,,,लातूर,सांगोला,235.7,16:00,22:00,,,"सहा तासात कर्त्यव्य संपते","तुळजापूर,सोलापूर",
147516,"Latur To Kankavli Via Radhanagari",Latur,Kankavli,RADHANAGARI,MO,25256,Parite,413,,,लातूर,सांगोला,235.7,16:00,22:00,,,"सहा तासात कर्त्यव्य संपते","तुळजापूर,सोलापूर",
147516,"Latur To Kankavli Via Radhanagari",Latur,Kankavli,RADHANAGARI,MO,23216,"Bhogavati Sugar Factory",417.2,,,लातूर,सांगोला,235.7,16:00,22:00,,,"सहा तासात कर्त्यव्य संपते","तुळजापूर,सोलापूर",
147516,"Latur To Kankavli Via Radhanagari",Latur,Kankavli,RADHANAGARI,MO,23768,Ghotavade,418.2,,,लातूर,सांगोला,235.7,16:00,22:00,,,"सहा तासात कर्त्यव्य संपते","तुळजापूर,सोलापूर",
147516,"Latur To Kankavli Via Radhanagari",Latur,Kankavli,RADHANAGARI,MO,24207,Kaulav,419.1,,,लातूर,सांगोला,235.7,16:00,22:00,,,"सहा तासात कर्त्यव्य संपते","तुळजापूर,सोलापूर",
147516,"Latur To Kankavli Via Radhanagari",Latur,Kankavli,RADHANAGARI,MO,23301,Bhopalwadi,419.2,,,लातूर,सांगोला,235.7,16:00,22:00,,,"सहा तासात कर्त्यव्य संपते","तुळजापूर,सोलापूर",
147516,"Latur To Kankavli Via Radhanagari",Latur,Kankavli,RADHANAGARI,MO,25521,Shirase,420.2,,,लातूर,सांगोला,235.7,16:00,22:00,,,"सहा तासात कर्त्यव्य संपते","तुळजापूर,सोलापूर",
147516,"Latur To Kankavli Via Radhanagari",Latur,Kankavli,RADHANAGARI,MO,23014,"Amjai Varavade",422.2,,,लातूर,सांगोला,235.7,16:00,22:00,,,"सहा तासात कर्त्यव्य संपते","तुळजापूर,सोलापूर",
147516,"Latur To Kankavli Via Radhanagari",Latur,Kankavli,RADHANAGARI,MO,25306,"Powar House",423.2,,,लातूर,सांगोला,235.7,16:00,22:00,,,"सहा तासात कर्त्यव्य संपते","तुळजापूर,सोलापूर",
147516,"Latur To Kankavli Via Radhanagari",Latur,Kankavli,RADHANAGARI,MO,30597,"Awali Budruk",425.2,,,लातूर,सांगोला,235.7,16:00,22:00,,,"सहा तासात कर्त्यव्य संपते","तुळजापूर,सोलापूर",
147516,"Latur To Kankavli Via Radhanagari",Latur,Kankavli,RADHANAGARI,MO,23049,Anaje,428.2,,,लातूर,सांगोला,235.7,16:00,22:00,,,"सहा तासात कर्त्यव्य संपते","तुळजापूर,सोलापूर",
147516,"Latur To Kankavli Via Radhanagari",Latur,Kankavli,RADHANAGARI,MO,24322,"Khindi Vharavade",433.1,,,लातूर,सांगोला,235.7,16:00,22:00,,,"सहा तासात कर्त्यव्य संपते","तुळजापूर,सोलापूर",
147516,"Latur To Kankavli Via Radhanagari",Latur,Kankavli,RADHANAGARI,MO,23720,Gaibi,436.2,,,लातूर,सांगोला,235.7,16:00,22:00,,,"सहा तासात कर्त्यव्य संपते","तुळजापूर,सोलापूर",
147516,"Latur To Kankavli Via Radhanagari",Latur,Kankavli,RADHANAGARI,MO,25336,Radhanagari,441.2,,,लातूर,सांगोला,235.7,16:00,22:00,,,"सहा तासात कर्त्यव्य संपते","तुळजापूर,सोलापूर",
147516,"Latur To Kankavli Via Radhanagari",Latur,Kankavli,RADHANAGARI,MO,24014,Hatimahal,444.2,,,लातूर,सांगोला,235.7,16:00,22:00,,,"सहा तासात कर्त्यव्य संपते","तुळजापूर,सोलापूर",
147516,"Latur To Kankavli Via Radhanagari",Latur,Kankavli,RADHANAGARI,MO,25393,"Radhanagri Dam",446.2,,,लातूर,सांगोला,235.7,16:00,22:00,,,"सहा तासात कर्त्यव्य संपते","तुळजापूर,सोलापूर",
147516,"Latur To Kankavli Via Radhanagari",Latur,Kankavli,RADHANAGARI,MO,23601,Daoudwadi,448.2,,,लातूर,सांगोला,235.7,16:00,22:00,,,"सहा तासात कर्त्यव्य संपते","तुळजापूर,सोलापूर",
147516,"Latur To Kankavli Via Radhanagari",Latur,Kankavli,RADHANAGARI,MO,30607,Ajiwade,451.2,,,लातूर,सांगोला,235.7,16:00,22:00,,,"सहा तासात कर्त्यव्य संपते","तुळजापूर,सोलापूर",
147516,"Latur To Kankavli Via Radhanagari",Latur,Kankavli,RADHANAGARI,MO,25530,Shelap,455.2,,,लातूर,सांगोला,235.7,16:00,22:00,,,"सहा तासात कर्त्यव्य संपते","तुळजापूर,सोलापूर",
147516,"Latur To Kankavli Via Radhanagari",Latur,Kankavli,RADHANAGARI,MO,23137,Bambar,459.2,,,लातूर,सांगोला,235.7,16:00,22:00,,,"सहा तासात कर्त्यव्य संपते","तुळजापूर,सोलापूर",
147516,"Latur To Kankavli Via Radhanagari",Latur,Kankavli,RADHANAGARI,MO,25038,Naniwade,462,,,लातूर,सांगोला,235.7,16:00,22:00,,,"सहा तासात कर्त्यव्य संपते","तुळजापूर,सोलापूर",
147516,"Latur To Kankavli Via Radhanagari",Latur,Kankavli,RADHANAGARI,MO,24004,Hasane,464.2,,,लातूर,सांगोला,235.7,16:00,22:00,,,"सहा तासात कर्त्यव्य संपते","तुळजापूर,सोलापूर",
147516,"Latur To Kankavli Via Radhanagari",Latur,Kankavli,RADHANAGARI,MO,23566,Dajipur,470.2,,,लातूर,सांगोला,235.7,16:00,22:00,,,"सहा तासात कर्त्यव्य संपते","तुळजापूर,सोलापूर",
147516,"Latur To Kankavli Via Radhanagari",Latur,Kankavli,RADHANAGARI,MO,2723,"Ganguchi Wadi",475.9,,,लातूर,सांगोला,235.7,16:00,22:00,,,"सहा तासात कर्त्यव्य संपते","तुळजापूर,सोलापूर",
147516,"Latur To Kankavli Via Radhanagari",Latur,Kankavli,RADHANAGARI,MO,2904,Phonda,478.9,,,लातूर,सांगोला,235.7,16:00,22:00,,,"सहा तासात कर्त्यव्य संपते","तुळजापूर,सोलापूर",
147516,"Latur To Kankavli Via Radhanagari",Latur,Kankavli,RADHANAGARI,MO,2906,"Phonda Iti",480.9,,,लातूर,सांगोला,235.7,16:00,22:00,,,"सहा तासात कर्त्यव्य संपते","तुळजापूर,सोलापूर",
147516,"Latur To Kankavli Via Radhanagari",Latur,Kankavli,RADHANAGARI,MO,2871,"Nandgaon Fata",483.6,,,लातूर,सांगोला,235.7,16:00,22:00,,,"सहा तासात कर्त्यव्य संपते","तुळजापूर,सोलापूर",
147516,"Latur To Kankavli Via Radhanagari",Latur,Kankavli,RADHANAGARI,MO,2895,Pachoba,484.9,,,लातूर,सांगोला,235.7,16:00,22:00,,,"सहा तासात कर्त्यव्य संपते","तुळजापूर,सोलापूर",
147516,"Latur To Kankavli Via Radhanagari",Latur,Kankavli,RADHANAGARI,MO,2781,Kanadewadi,486.9,,,लातूर,सांगोला,235.7,16:00,22:00,,,"सहा तासात कर्त्यव्य संपते","तुळजापूर,सोलापूर",
147516,"Latur To Kankavli Via Radhanagari",Latur,Kankavli,RADHANAGARI,MO,2771,"Kach Karakhana",487.9,,,लातूर,सांगोला,235.7,16:00,22:00,,,"सहा तासात कर्त्यव्य संपते","तुळजापूर,सोलापूर",
147516,"Latur To Kankavli Via Radhanagari",Latur,Kankavli,RADHANAGARI,MO,2790,Karul,488.9,,,लातूर,सांगोला,235.7,16:00,22:00,,,"सहा तासात कर्त्यव्य संपते","तुळजापूर,सोलापूर",
147516,"Latur To Kankavli Via Radhanagari",Latur,Kankavli,RADHANAGARI,MO,2757,"Humrath Mal Ghorpiwadi",489.9,,,लातूर,सांगोला,235.7,16:00,22:00,,,"सहा तासात कर्त्यव्य संपते","तुळजापूर,सोलापूर",
147516,"Latur To Kankavli Via Radhanagari",Latur,Kankavli,RADHANAGARI,MO,2756,"Humrat Titha",491.9,,,लातूर,सांगोला,235.7,16:00,22:00,,,"सहा तासात कर्त्यव्य संपते","तुळजापूर,सोलापूर",
147516,"Latur To Kankavli Via Radhanagari",Latur,Kankavli,RADHANAGARI,MO,2768,"Janavali Gavthanwadi",494.9,,,लातूर,सांगोला,235.7,16:00,22:00,,,"सहा तासात कर्त्यव्य संपते","तुळजापूर,सोलापूर",
147516,"Latur To Kankavli Via Radhanagari",Latur,Kankavli,RADHANAGARI,MO,2786,Kankavli,497.9,,,लातूर,सांगोला,235.7,16:00,22:00,,,"सहा तासात कर्त्यव्य संपते","तुळजापूर,सोलापूर",
58297,"Kankavli To Nipani",Kankavli,Nipani,,MO,2786,Kankavli,,,,कणकवली,निपाणी,114.4,14:40,18:30,OBL,DAILY,,"निपाणी वस्ती",
58297,"Kankavli To Nipani",Kankavli,Nipani,,MO,2768,"Janavali Gavthanwadi",3.8,,,कणकवली,निपाणी,114.4,14:40,18:30,OBL,DAILY,,"निपाणी वस्ती",
58297,"Kankavli To Nipani",Kankavli,Nipani,,MO,2756,"Humrat Titha",6.9,,,कणकवली,निपाणी,114.4,14:40,18:30,OBL,DAILY,,"निपाणी वस्ती",
58297,"Kankavli To Nipani",Kankavli,Nipani,,MO,2757,"Humrath Mal Ghorpiwadi",9.4,,,कणकवली,निपाणी,114.4,14:40,18:30,OBL,DAILY,,"निपाणी वस्ती",
58297,"Kankavli To Nipani",Kankavli,Nipani,,MO,2790,Karul,11,,,कणकवली,निपाणी,114.4,14:40,18:30,OBL,DAILY,,"निपाणी वस्ती",
58297,"Kankavli To Nipani",Kankavli,Nipani,,MO,2781,Kanadewadi,12.2,,,कणकवली,निपाणी,114.4,14:40,18:30,OBL,DAILY,,"निपाणी वस्ती",
58297,"Kankavli To Nipani",Kankavli,Nipani,,MO,2787,"Kankavli Nandgaon Fata",15,,,कणकवली,निपाणी,114.4,14:40,18:30,OBL,DAILY,,"निपाणी वस्ती",
58297,"Kankavli To Nipani",Kankavli,Nipani,,MO,2904,Phonda,17.9,,,कणकवली,निपाणी,114.4,14:40,18:30,OBL,DAILY,,"निपाणी वस्ती",
58297,"Kankavli To Nipani",Kankavli,Nipani,,MO,2723,"Ganguchi Wadi",21,,,कणकवली,निपाणी,114.4,14:40,18:30,OBL,DAILY,,"निपाणी वस्ती",
58297,"Kankavli To Nipani",Kankavli,Nipani,,MO,23566,Dajipur,32.5,,,कणकवली,निपाणी,114.4,14:40,18:30,OBL,DAILY,,"निपाणी वस्ती",
58297,"Kankavli To Nipani",Kankavli,Nipani,,MO,24004,Hasane,38.5,,,कणकवली,निपाणी,114.4,14:40,18:30,OBL,DAILY,,"निपाणी वस्ती",
58297,"Kankavli To Nipani",Kankavli,Nipani,,MO,25474,"Saticha Mal",42.4,,,कणकवली,निपाणी,114.4,14:40,18:30,OBL,DAILY,,"निपाणी वस्ती",
58297,"Kankavli To Nipani",Kankavli,Nipani,,MO,25038,Naniwade,43.4,,,कणकवली,निपाणी,114.4,14:40,18:30,OBL,DAILY,,"निपाणी वस्ती",
58297,"Kankavli To Nipani",Kankavli,Nipani,,MO,23137,Bambar,44.4,,,कणकवली,निपाणी,114.4,14:40,18:30,OBL,DAILY,,"निपाणी वस्ती",
58297,"Kankavli To Nipani",Kankavli,Nipani,,MO,24258,Kadamwadi,44.8,,,कणकवली,निपाणी,114.4,14:40,18:30,OBL,DAILY,,"निपाणी वस्ती",
58297,"Kankavli To Nipani",Kankavli,Nipani,,MO,25530,Shelap,47.9,,,कणकवली,निपाणी,114.4,14:40,18:30,OBL,DAILY,,"निपाणी वस्ती",
58297,"Kankavli To Nipani",Kankavli,Nipani,,MO,24847,Mandharwadi,49,,,कणकवली,निपाणी,114.4,14:40,18:30,OBL,DAILY,,"निपाणी वस्ती",
58297,"Kankavli To Nipani",Kankavli,Nipani,,MO,30607,Ajiwade,51.6,,,कणकवली,निपाणी,114.4,14:40,18:30,OBL,DAILY,,"निपाणी वस्ती",
58297,"Kankavli To Nipani",Kankavli,Nipani,,MO,25080,"New Karanje",55.6,,,कणकवली,निपाणी,114.4,14:40,18:30,OBL,DAILY,,"निपाणी वस्ती",
58297,"Kankavli To Nipani",Kankavli,Nipani,,MO,23601,Daoudwadi,56.6,,,कणकवली,निपाणी,114.4,14:40,18:30,OBL,DAILY,,"निपाणी वस्ती",
58297,"Kankavli To Nipani",Kankavli,Nipani,,MO,25393,"Radhanagri Dam",57.4,,,कणकवली,निपाणी,114.4,14:40,18:30,OBL,DAILY,,"निपाणी वस्ती",
58297,"Kankavli To Nipani",Kankavli,Nipani,,MO,23695,Fejiwade,58.4,,,कणकवली,निपाणी,114.4,14:40,18:30,OBL,DAILY,,"निपाणी वस्ती",
58297,"Kankavli To Nipani",Kankavli,Nipani,,MO,24014,Hatimahal,59,,,कणकवली,निपाणी,114.4,14:40,18:30,OBL,DAILY,,"निपाणी वस्ती",
58297,"Kankavli To Nipani",Kankavli,Nipani,,MO,25336,Radhanagari,62,,,कणकवली,निपाणी,114.4,14:40,18:30,OBL,DAILY,,"निपाणी वस्ती",
58297,"Kankavli To Nipani",Kankavli,Nipani,,MO,24681,Manjarkhind,65,,,कणकवली,निपाणी,114.4,14:40,18:30,OBL,DAILY,,"निपाणी वस्ती",
58297,"Kankavli To Nipani",Kankavli,Nipani,,MO,23779,Gaiby,66.6,,,कणकवली,निपाणी,114.4,14:40,18:30,OBL,DAILY,,"निपाणी वस्ती",
58297,"Kankavli To Nipani",Kankavli,Nipani,,MO,25622,Solankur,70.1,,,कणकवली,निपाणी,114.4,14:40,18:30,OBL,DAILY,,"निपाणी वस्ती",
58297,"Kankavli To Nipani",Kankavli,Nipani,,MO,25740,Sulambi,72.1,,,कणकवली,निपाणी,114.4,14:40,18:30,OBL,DAILY,,"निपाणी वस्ती",
58297,"Kankavli To Nipani",Kankavli,Nipani,,MO,24960,Nartavade,73,,,कणकवली,निपाणी,114.4,14:40,18:30,OBL,DAILY,,"निपाणी वस्ती",
58297,"Kankavli To Nipani",Kankavli,Nipani,,MO,24842,Mangewadi,74,,,कणकवली,निपाणी,114.4,14:40,18:30,OBL,DAILY,,"निपाणी वस्ती",
58297,"Kankavli To Nipani",Kankavli,Nipani,,MO,25453,Saravade,75,,,कणकवली,निपाणी,114.4,14:40,18:30,OBL,DAILY,,"निपाणी वस्ती",
58297,"Kankavli To Nipani",Kankavli,Nipani,,MO,25919,Undarwadi,77.5,,,कणकवली,निपाणी,114.4,14:40,18:30,OBL,DAILY,,"निपाणी वस्ती",
58297,"Kankavli To Nipani",Kankavli,Nipani,,MO,24699,Mudal,80.1,,,कणकवली,निपाणी,114.4,14:40,18:30,OBL,DAILY,,"निपाणी वस्ती",
58297,"Kankavli To Nipani",Kankavli,Nipani,,MO,23040,Admapur,82.5,,,कणकवली,निपाणी,114.4,14:40,18:30,OBL,DAILY,,"निपाणी वस्ती",
58297,"Kankavli To Nipani",Kankavli,Nipani,,MO,26042,Waghapur,83.5,,,कणकवली,निपाणी,114.4,14:40,18:30,OBL,DAILY,,"निपाणी वस्ती",
58297,"Kankavli To Nipani",Kankavli,Nipani,,MO,24970,Nidori,85.4,,,कणकवली,निपाणी,114.4,14:40,18:30,OBL,DAILY,,"निपाणी वस्ती",
58297,"Kankavli To Nipani",Kankavli,Nipani,,MO,24892,Murgud,87.9,,,कणकवली,निपाणी,114.4,14:40,18:30,OBL,DAILY,,"निपाणी वस्ती",
58297,"Kankavli To Nipani",Kankavli,Nipani,,MO,25571,Shindewadi,89.9,,,कणकवली,निपाणी,114.4,14:40,18:30,OBL,DAILY,,"निपाणी वस्ती",
58297,"Kankavli To Nipani",Kankavli,Nipani,,MO,26092,Yamage,91,,,कणकवली,निपाणी,114.4,14:40,18:30,OBL,DAILY,,"निपाणी वस्ती",
58297,"Kankavli To Nipani",Kankavli,Nipani,,MO,25708,Surupali,94.6,,,कणकवली,निपाणी,114.4,14:40,18:30,OBL,DAILY,,"निपाणी वस्ती",
58297,"Kankavli To Nipani",Kankavli,Nipani,,MO,24503,Kurukali,95.7,,,कणकवली,निपाणी,114.4,14:40,18:30,OBL,DAILY,,"निपाणी वस्ती",
58297,"Kankavli To Nipani",Kankavli,Nipani,,MO,23960,"Hambirrao Nagar",96.8,,,कणकवली,निपाणी,114.4,14:40,18:30,OBL,DAILY,,"निपाणी वस्ती",
58297,"Kankavli To Nipani",Kankavli,Nipani,,MO,23286,"Bange Fata",98.2,,,कणकवली,निपाणी,114.4,14:40,18:30,OBL,DAILY,,"निपाणी वस्ती",
58297,"Kankavli To Nipani",Kankavli,Nipani,,MO,25504,"Sonage Gpo",98.8,,,कणकवली,निपाणी,114.4,14:40,18:30,OBL,DAILY,,"निपाणी वस्ती",
58297,"Kankavli To Nipani",Kankavli,Nipani,,MO,23149,"Bastawade Fata",99.5,,,कणकवली,निपाणी,114.4,14:40,18:30,OBL,DAILY,,"निपाणी वस्ती",
58297,"Kankavli To Nipani",Kankavli,Nipani,,MO,23903,Hamidwada,100.5,,,कणकवली,निपाणी,114.4,14:40,18:30,OBL,DAILY,,"निपाणी वस्ती",
58297,"Kankavli To Nipani",Kankavli,Nipani,,MO,23649,"Dudh Dairy",100.9,,,कणकवली,निपाणी,114.4,14:40,18:30,OBL,DAILY,,"निपाणी वस्ती",
58297,"Kankavli To Nipani",Kankavli,Nipani,,MO,23961,"Hamid Wada Factory",102,,,कणकवली,निपाणी,114.4,14:40,18:30,OBL,DAILY,,"निपाणी वस्ती",
58297,"Kankavli To Nipani",Kankavli,Nipani,,MO,24232,Khadkewada,103.5,,,कणकवली,निपाणी,114.4,14:40,18:30,OBL,DAILY,,"निपाणी वस्ती",
58297,"Kankavli To Nipani",Kankavli,Nipani,,MO,23753,"Gagale Fata",107.5,,,कणकवली,निपाणी,114.4,14:40,18:30,OBL,DAILY,,"निपाणी वस्ती",
58297,"Kankavli To Nipani",Kankavli,Nipani,,MO,24608,Lingnur,108,,,कणकवली,निपाणी,114.4,14:40,18:30,OBL,DAILY,,"निपाणी वस्ती",
58297,"Kankavli To Nipani",Kankavli,Nipani,,MO,25718,"State Border",108.1,,,कणकवली,निपाणी,114.4,14:40,18:30,OBL,DAILY,,"निपाणी वस्ती",
58297,"Kankavli To Nipani",Kankavli,Nipani,,MO,73735,"Karnataka Border",108.2,,,कणकवली,निपाणी,114.4,14:40,18:30,OBL,DAILY,,"निपाणी वस्ती",
58297,"Kankavli To Nipani",Kankavli,Nipani,,MO,73957,"Petrol Pump",109.7,,,कणकवली,निपाणी,114.4,14:40,18:30,OBL,DAILY,,"निपाणी वस्ती",
58297,"Kankavli To Nipani",Kankavli,Nipani,,MO,73402,"Gaikan Wadi",112.3,,,कणकवली,निपाणी,114.4,14:40,18:30,OBL,DAILY,,"निपाणी वस्ती",
58297,"Kankavli To Nipani",Kankavli,Nipani,,MO,73390,"Devchand College",112.8,,,कणकवली,निपाणी,114.4,14:40,18:30,OBL,DAILY,,"निपाणी वस्ती",
58297,"Kankavli To Nipani",Kankavli,Nipani,,MO,73937,Nipani,114.4,,,कणकवली,निपाणी,114.4,14:40,18:30,OBL,DAILY,,"निपाणी वस्ती",
10682,"Kankavli To Belgaum Via Amboli",Kankavli,Belgaum,AMBOLI,MO,2786,Kankavli,,,,कणकवली,बेळगाव,159.1,07:15,12:00,,,,,
10682,"Kankavli To Belgaum Via Amboli",Kankavli,Belgaum,AMBOLI,MO,3002,Wagde,3,,,कणकवली,बेळगाव,159.1,07:15,12:00,,,,,
10682,"Kankavli To Belgaum Via Amboli",Kankavli,Belgaum,AMBOLI,MO,2692,Dangalwadi,4.9,,,कणकवली,बेळगाव,159.1,07:15,12:00,,,,,
10682,"Kankavli To Belgaum Via Amboli",Kankavli,Belgaum,AMBOLI,MO,2891,"Osargaon Talav",8.8,,,कणकवली,बेळगाव,159.1,07:15,12:00,,,,,
10682,"Kankavli To Belgaum Via Amboli",Kankavli,Belgaum,AMBOLI,MO,2890,"Osargaon Post",10.2,,,कणकवली,बेळगाव,159.1,07:15,12:00,,,,,
10682,"Kankavli To Belgaum Via Amboli",Kankavli,Belgaum,AMBOLI,MO,6281,Kasal,14.3,,,कणकवली,बेळगाव,159.1,07:15,12:00,,,,,
10682,"Kankavli To Belgaum Via Amboli",Kankavli,Belgaum,AMBOLI,MO,6116,Awali,16.3,,,कणकवली,बेळगाव,159.1,07:15,12:00,,,,,
10682,"Kankavli To Belgaum Via Amboli",Kankavli,Belgaum,AMBOLI,MO,6362,"Oros Bus Stnad",20,,,कणकवली,बेळगाव,159.1,07:15,12:00,,,,,
10682,"Kankavli To Belgaum Via Amboli",Kankavli,Belgaum,AMBOLI,MO,6224,"Jijamata Hospital",21,,,कणकवली,बेळगाव,159.1,07:15,12:00,,,,,
10682,"Kankavli To Belgaum Via Amboli",Kankavli,Belgaum,AMBOLI,MO,6204,"Humarmala Kasale Dukan",23.8,,,कणकवली,बेळगाव,159.1,07:15,12:00,,,,,
10682,"Kankavli To Belgaum Via Amboli",Kankavli,Belgaum,AMBOLI,MO,6365,Pandur,25.7,,,कणकवली,बेळगाव,159.1,07:15,12:00,,,,,
10682,"Kankavli To Belgaum Via Amboli",Kankavli,Belgaum,AMBOLI,MO,88100,Vetalbambarde,28.7,,,कणकवली,बेळगाव,159.1,07:15,12:00,,,,,
10682,"Kankavli To Belgaum Via Amboli",Kankavli,Belgaum,AMBOLI,MO,6380,"Pawashi Panchayat",30.8,,,कणकवली,बेळगाव,159.1,07:15,12:00,,,,,
10682,"Kankavli To Belgaum Via Amboli",Kankavli,Belgaum,AMBOLI,MO,6240,"Kudal St Depot",33.2,,,कणकवली,बेळगाव,159.1,07:15,12:00,,,,,
10682,"Kankavli To Belgaum Via Amboli",Kankavli,Belgaum,AMBOLI,MO,6237,"Kudal St Depot",34.7,,,कणकवली,बेळगाव,159.1,07:15,12:00,,,,,
10682,"Kankavli To Belgaum Via Amboli",Kankavli,Belgaum,AMBOLI,MO,6302,"Modka Wad Pinguli",35.3,,,कणकवली,बेळगाव,159.1,07:15,12:00,,,,,
10682,"Kankavli To Belgaum Via Amboli",Kankavli,Belgaum,AMBOLI,MO,6126,Bibavane,39.9,,,कणकवली,बेळगाव,159.1,07:15,12:00,,,,,
10682,"Kankavli To Belgaum Via Amboli",Kankavli,Belgaum,AMBOLI,MO,6322,"Mandkuli Fata",40.4,,,कणकवली,बेळगाव,159.1,07:15,12:00,,,,,
10682,"Kankavli To Belgaum Via Amboli",Kankavli,Belgaum,AMBOLI,MO,6441,"Terse Bambarde Fata",41.6,,,कणकवली,बेळगाव,159.1,07:15,12:00,,,,,
10682,"Kankavli To Belgaum Via Amboli",Kankavli,Belgaum,AMBOLI,MO,6474,"Zharap Titha",44.6,,,कणकवली,बेळगाव,159.1,07:15,12:00,,,,,
10682,"Kankavli To Belgaum Via Amboli",Kankavli,Belgaum,AMBOLI,MO,6231,"Khan Mohalla",46.9,,,कणकवली,बेळगाव,159.1,07:15,12:00,,,,,
10682,"Kankavli To Belgaum Via Amboli",Kankavli,Belgaum,AMBOLI,MO,6101,Akeri,49.5,,,कणकवली,बेळगाव,159.1,07:15,12:00,,,,,
10682,"Kankavli To Belgaum Via Amboli",Kankavli,Belgaum,AMBOLI,MO,8551,"Kolgaon Thita",52.3,,,कणकवली,बेळगाव,159.1,07:15,12:00,,,,,
10682,"Kankavli To Belgaum Via Amboli",Kankavli,Belgaum,AMBOLI,MO,8663,Sawantwadi,55.7,,,कणकवली,बेळगाव,159.1,07:15,12:00,,,,,
10682,"Kankavli To Belgaum Via Amboli",Kankavli,Belgaum,AMBOLI,MO,8488,"Burdi Pul",59.1,,,कणकवली,बेळगाव,159.1,07:15,12:00,,,,,
10682,"Kankavli To Belgaum Via Amboli",Kankavli,Belgaum,AMBOLI,MO,8653,"Sapale Stop",61.3,,,कणकवली,बेळगाव,159.1,07:15,12:00,,,,,
10682,"Kankavli To Belgaum Via Amboli",Kankavli,Belgaum,AMBOLI,MO,8569,"Madkhol Met",64.4,,,कणकवली,बेळगाव,159.1,07:15,12:00,,,,,
10682,"Kankavli To Belgaum Via Amboli",Kankavli,Belgaum,AMBOLI,MO,8510,Danoli,68.8,,,कणकवली,बेळगाव,159.1,07:15,12:00,,,,,
10682,"Kankavli To Belgaum Via Amboli",Kankavli,Belgaum,AMBOLI,MO,8564,Kumbheshwar,70.4,,,कणकवली,बेळगाव,159.1,07:15,12:00,,,,,
10682,"Kankavli To Belgaum Via Amboli",Kankavli,Belgaum,AMBOLI,MO,8607,Nanapani,76.4,,,कणकवली,बेळगाव,159.1,07:15,12:00,,,,,
10682,"Kankavli To Belgaum Via Amboli",Kankavli,Belgaum,AMBOLI,MO,8679,"Water Fall",80,,,कणकवली,बेळगाव,159.1,07:15,12:00,,,,,
10682,"Kankavli To Belgaum Via Amboli",Kankavli,Belgaum,AMBOLI,MO,8470,Amboli,85.2,,,कणकवली,बेळगाव,159.1,07:15,12:00,,,,,
10682,"Kankavli To Belgaum Via Amboli",Kankavli,Belgaum,AMBOLI,MO,8582,Mulvanwadi,88.4,,,कणकवली,बेळगाव,159.1,07:15,12:00,,,,,
10682,"Kankavli To Belgaum Via Amboli",Kankavli,Belgaum,AMBOLI,MO,8473,"Ajra Fata",91.7,,,कणकवली,बेळगाव,159.1,07:15,12:00,,,,,
10682,"Kankavli To Belgaum Via Amboli",Kankavli,Belgaum,AMBOLI,MO,8597,Nagartaskari,93.3,,,कणकवली,बेळगाव,159.1,07:15,12:00,,,,,
10682,"Kankavli To Belgaum Via Amboli",Kankavli,Belgaum,AMBOLI,MO,25219,Punarvasan,96.3,,,कणकवली,बेळगाव,159.1,07:15,12:00,,,,,
10682,"Kankavli To Belgaum Via Amboli",Kankavli,Belgaum,AMBOLI,MO,25484,Sadegudavade,100,,,कणकवली,बेळगाव,159.1,07:15,12:00,,,,,
10682,"Kankavli To Belgaum Via Amboli",Kankavli,Belgaum,AMBOLI,MO,23361,"Bazar Kanur",102.6,,,कणकवली,बेळगाव,159.1,07:15,12:00,,,,,
10682,"Kankavli To Belgaum Via Amboli",Kankavli,Belgaum,AMBOLI,MO,23326,"Birdi Kanur",104.9,,,कणकवली,बेळगाव,159.1,07:15,12:00,,,,,
10682,"Kankavli To Belgaum Via Amboli",Kankavli,Belgaum,AMBOLI,MO,24762,Mhalunge,108.8,,,कणकवली,बेळगाव,159.1,07:15,12:00,,,,,
10682,"Kankavli To Belgaum Via Amboli",Kankavli,Belgaum,AMBOLI,MO,23971,Hindgaon,111,,,कणकवली,बेळगाव,159.1,07:15,12:00,,,,,
10682,"Kankavli To Belgaum Via Amboli",Kankavli,Belgaum,AMBOLI,MO,23443,"Chandgad Fata",115,,,कणकवली,बेळगाव,159.1,07:15,12:00,,,,,
10682,"Kankavli To Belgaum Via Amboli",Kankavli,Belgaum,AMBOLI,MO,24986,Naganwadi,117.8,,,कणकवली,बेळगाव,159.1,07:15,12:00,,,,,
10682,"Kankavli To Belgaum Via Amboli",Kankavli,Belgaum,AMBOLI,MO,24495,Koraj,117.9,,,कणकवली,बेळगाव,159.1,07:15,12:00,,,,,
10682,"Kankavli To Belgaum Via Amboli",Kankavli,Belgaum,AMBOLI,MO,23259,Belebhat,119.9,,,कणकवली,बेळगाव,159.1,07:15,12:00,,,,,
10682,"Kankavli To Belgaum Via Amboli",Kankavli,Belgaum,AMBOLI,MO,23500,Date,122.7,,,कणकवली,बेळगाव,159.1,07:15,12:00,,,,,
10682,"Kankavli To Belgaum Via Amboli",Kankavli,Belgaum,AMBOLI,MO,23937,"Halkarni Fata",127.2,,,कणकवली,बेळगाव,159.1,07:15,12:00,,,,,
10682,"Kankavli To Belgaum Via Amboli",Kankavli,Belgaum,AMBOLI,MO,25133,"Patane Fata",128.8,,,कणकवली,बेळगाव,159.1,07:15,12:00,,,,,
10682,"Kankavli To Belgaum Via Amboli",Kankavli,Belgaum,AMBOLI,MO,24515,Karve,129.8,,,कणकवली,बेळगाव,159.1,07:15,12:00,,,,,
10682,"Kankavli To Belgaum Via Amboli",Kankavli,Belgaum,AMBOLI,MO,25884,Turkewadi,131.7,,,कणकवली,बेळगाव,159.1,07:15,12:00,,,,,
10682,"Kankavli To Belgaum Via Amboli",Kankavli,Belgaum,AMBOLI,MO,24562,Kudremani,134.7,,,कणकवली,बेळगाव,159.1,07:15,12:00,,,,,
10682,"Kankavli To Belgaum Via Amboli",Kankavli,Belgaum,AMBOLI,MO,25678,Shinoli,139.2,,,कणकवली,बेळगाव,159.1,07:15,12:00,,,,,
10682,"Kankavli To Belgaum Via Amboli",Kankavli,Belgaum,AMBOLI,MO,73192,"Bachi Krt Border",141,,,कणकवली,बेळगाव,159.1,07:15,12:00,,,,,
10682,"Kankavli To Belgaum Via Amboli",Kankavli,Belgaum,AMBOLI,MO,73513,Hindalga,149.8,,,कणकवली,बेळगाव,159.1,07:15,12:00,,,,,
10682,"Kankavli To Belgaum Via Amboli",Kankavli,Belgaum,AMBOLI,MO,73212,Bogarves,154.8,,,कणकवली,बेळगाव,159.1,07:15,12:00,,,,,
10682,"Kankavli To Belgaum Via Amboli",Kankavli,Belgaum,AMBOLI,MO,73207,"Belgaum Rly. Stn.",156.8,,,कणकवली,बेळगाव,159.1,07:15,12:00,,,,,
10682,"Kankavli To Belgaum Via Amboli",Kankavli,Belgaum,AMBOLI,MO,73214,Belgaum,159.8,,,कणकवली,बेळगाव,159.1,07:15,12:00,,,,,
104557,"Tarla To Tale Bazar Via Waniwade",Tarla,"Tale Bazar",WANIWADE,MO,2982,Tarla,,,,तरळे,तळेबाजार,41.4,13:00,14:35,NON,DAILY,"17.10 ते 17.40 विश्रांती",,
104557,"Tarla To Tale Bazar Via Waniwade",Tarla,"Tale Bazar",WANIWADE,MO,2050,Waghachiwadi,3,,,तरळे,तळेबाजार,41.4,13:00,14:35,NON,DAILY,"17.10 ते 17.40 विश्रांती",,
104557,"Tarla To Tale Bazar Via Waniwade",Tarla,"Tale Bazar",WANIWADE,MO,1659,"Burambawade Fata",6,,,तरळे,तळेबाजार,41.4,13:00,14:35,NON,DAILY,"17.10 ते 17.40 विश्रांती",,
104557,"Tarla To Tale Bazar Via Waniwade",Tarla,"Tale Bazar",WANIWADE,MO,1752,Hasnadi,8,,,तरळे,तळेबाजार,41.4,13:00,14:35,NON,DAILY,"17.10 ते 17.40 विश्रांती",,
104557,"Tarla To Tale Bazar Via Waniwade",Tarla,"Tale Bazar",WANIWADE,MO,2024,"Undil Titha",9,,,तरळे,तळेबाजार,41.4,13:00,14:35,NON,DAILY,"17.10 ते 17.40 विश्रांती",,
104557,"Tarla To Tale Bazar Via Waniwade",Tarla,"Tale Bazar",WANIWADE,MO,1706,Fanasgaon,11,,,तरळे,तळेबाजार,41.4,13:00,14:35,NON,DAILY,"17.10 ते 17.40 विश्रांती",,
104557,"Tarla To Tale Bazar Via Waniwade",Tarla,"Tale Bazar",WANIWADE,MO,1738,"Gowal Fata",12,,,तरळे,तळेबाजार,41.4,13:00,14:35,NON,DAILY,"17.10 ते 17.40 विश्रांती",,
104557,"Tarla To Tale Bazar Via Waniwade",Tarla,"Tale Bazar",WANIWADE,MO,1739,Gowal,15,,,तरळे,तळेबाजार,41.4,13:00,14:35,NON,DAILY,"17.10 ते 17.40 विश्रांती",,
104557,"Tarla To Tale Bazar Via Waniwade",Tarla,"Tale Bazar",WANIWADE,MO,1948,Patgaon,17,,,तरळे,तळेबाजार,41.4,13:00,14:35,NON,DAILY,"17.10 ते 17.40 विश्रांती",,
104557,"Tarla To Tale Bazar Via Waniwade",Tarla,"Tale Bazar",WANIWADE,MO,1985,Somalewadi,20,,,तरळे,तळेबाजार,41.4,13:00,14:35,NON,DAILY,"17.10 ते 17.40 विश्रांती",,
104557,"Tarla To Tale Bazar Via Waniwade",Tarla,"Tale Bazar",WANIWADE,MO,88108,Pendhari,22.1,,,तरळे,तळेबाजार,41.4,13:00,14:35,NON,DAILY,"17.10 ते 17.40 विश्रांती",,
104557,"Tarla To Tale Bazar Via Waniwade",Tarla,"Tale Bazar",WANIWADE,MO,1762,Kaleshwar,24,,,तरळे,तळेबाजार,41.4,13:00,14:35,NON,DAILY,"17.10 ते 17.40 विश्रांती",,
104557,"Tarla To Tale Bazar Via Waniwade",Tarla,"Tale Bazar",WANIWADE,MO,1855,"Mail Dagad",28,,,तरळे,तळेबाजार,41.4,13:00,14:35,NON,DAILY,"17.10 ते 17.40 विश्रांती",,
104557,"Tarla To Tale Bazar Via Waniwade",Tarla,"Tale Bazar",WANIWADE,MO,1962,"Rameshwar Mandir",29,,,तरळे,तळेबाजार,41.4,13:00,14:35,NON,DAILY,"17.10 ते 17.40 विश्रांती",,
104557,"Tarla To Tale Bazar Via Waniwade",Tarla,"Tale Bazar",WANIWADE,MO,1652,"Baparde School",29.5,,,तरळे,तळेबाजार,41.4,13:00,14:35,NON,DAILY,"17.10 ते 17.40 विश्रांती",,
104557,"Tarla To Tale Bazar Via Waniwade",Tarla,"Tale Bazar",WANIWADE,MO,1638,Bhatwadi,30,,,तरळे,तळेबाजार,41.4,13:00,14:35,NON,DAILY,"17.10 ते 17.40 विश्रांती",,
104557,"Tarla To Tale Bazar Via Waniwade",Tarla,"Tale Bazar",WANIWADE,MO,2059,Waniwade,32,,,तरळे,तळेबाजार,41.4,13:00,14:35,NON,DAILY,"17.10 ते 17.40 विश्रांती",,
104557,"Tarla To Tale Bazar Via Waniwade",Tarla,"Tale Bazar",WANIWADE,MO,1787,Kalvi,36,,,तरळे,तळेबाजार,41.4,13:00,14:35,NON,DAILY,"17.10 ते 17.40 विश्रांती",,
104557,"Tarla To Tale Bazar Via Waniwade",Tarla,"Tale Bazar",WANIWADE,MO,2008,"Tamhane Tar",39,,,तरळे,तळेबाजार,41.4,13:00,14:35,NON,DAILY,"17.10 ते 17.40 विश्रांती",,
104557,"Tarla To Tale Bazar Via Waniwade",Tarla,"Tale Bazar",WANIWADE,MO,1997,"Tale Bazar",41.4,,,तरळे,तळेबाजार,41.4,13:00,14:35,NON,DAILY,"17.10 ते 17.40 विश्रांती",,
144304,"Kankavli To Latur Via Radhanagari",Kankavli,Latur,RADHANAGARI,MO,2786,Kankavli,,,,कणकवली,सांगोला,262.2,13:00,19:35,,,"मिरज विश्रांती",,
144304,"Kankavli To Latur Via Radhanagari",Kankavli,Latur,RADHANAGARI,MO,2768,"Janavali Gavthanwadi",3,,,कणकवली,सांगोला,262.2,13:00,19:35,,,"मिरज विश्रांती",,
144304,"Kankavli To Latur Via Radhanagari",Kankavli,Latur,RADHANAGARI,MO,2756,"Humrat Titha",6,,,कणकवली,सांगोला,262.2,13:00,19:35,,,"मिरज विश्रांती",,
144304,"Kankavli To Latur Via Radhanagari",Kankavli,Latur,RADHANAGARI,MO,2757,"Humrath Mal Ghorpiwadi",8,,,कणकवली,सांगोला,262.2,13:00,19:35,,,"मिरज विश्रांती",,
144304,"Kankavli To Latur Via Radhanagari",Kankavli,Latur,RADHANAGARI,MO,2790,Karul,9,,,कणकवली,सांगोला,262.2,13:00,19:35,,,"मिरज विश्रांती",,
144304,"Kankavli To Latur Via Radhanagari",Kankavli,Latur,RADHANAGARI,MO,2771,"Kach Karakhana",10,,,कणकवली,सांगोला,262.2,13:00,19:35,,,"मिरज विश्रांती",,
144304,"Kankavli To Latur Via Radhanagari",Kankavli,Latur,RADHANAGARI,MO,2781,Kanadewadi,11,,,कणकवली,सांगोला,262.2,13:00,19:35,,,"मिरज विश्रांती",,
144304,"Kankavli To Latur Via Radhanagari",Kankavli,Latur,RADHANAGARI,MO,2895,Pachoba,13,,,कणकवली,सांगोला,262.2,13:00,19:35,,,"मिरज विश्रांती",,
144304,"Kankavli To Latur Via Radhanagari",Kankavli,Latur,RADHANAGARI,MO,2787,"Kankavli Nandgaon Fata",14.3,,,कणकवली,सांगोला,262.2,13:00,19:35,,,"मिरज विश्रांती",,
144304,"Kankavli To Latur Via Radhanagari",Kankavli,Latur,RADHANAGARI,MO,2906,"Phonda Iti",17,,,कणकवली,सांगोला,262.2,13:00,19:35,,,"मिरज विश्रांती",,
144304,"Kankavli To Latur Via Radhanagari",Kankavli,Latur,RADHANAGARI,MO,2904,Phonda,19,,,कणकवली,सांगोला,262.2,13:00,19:35,,,"मिरज विश्रांती",,
144304,"Kankavli To Latur Via Radhanagari",Kankavli,Latur,RADHANAGARI,MO,2723,"Ganguchi Wadi",22,,,कणकवली,सांगोला,262.2,13:00,19:35,,,"मिरज विश्रांती",,
144304,"Kankavli To Latur Via Radhanagari",Kankavli,Latur,RADHANAGARI,MO,23566,Dajipur,27.7,,,कणकवली,सांगोला,262.2,13:00,19:35,,,"मिरज विश्रांती",,
144304,"Kankavli To Latur Via Radhanagari",Kankavli,Latur,RADHANAGARI,MO,24004,Hasane,33.7,,,कणकवली,सांगोला,262.2,13:00,19:35,,,"मिरज विश्रांती",,
144304,"Kankavli To Latur Via Radhanagari",Kankavli,Latur,RADHANAGARI,MO,25038,Naniwade,35.9,,,कणकवली,सांगोला,262.2,13:00,19:35,,,"मिरज विश्रांती",,
144304,"Kankavli To Latur Via Radhanagari",Kankavli,Latur,RADHANAGARI,MO,23137,Bambar,38.7,,,कणकवली,सांगोला,262.2,13:00,19:35,,,"मिरज विश्रांती",,
144304,"Kankavli To Latur Via Radhanagari",Kankavli,Latur,RADHANAGARI,MO,25530,Shelap,42.7,,,कणकवली,सांगोला,262.2,13:00,19:35,,,"मिरज विश्रांती",,
144304,"Kankavli To Latur Via Radhanagari",Kankavli,Latur,RADHANAGARI,MO,30607,Ajiwade,46.7,,,कणकवली,सांगोला,262.2,13:00,19:35,,,"मिरज विश्रांती",,
144304,"Kankavli To Latur Via Radhanagari",Kankavli,Latur,RADHANAGARI,MO,23601,Daoudwadi,49.7,,,कणकवली,सांगोला,262.2,13:00,19:35,,,"मिरज विश्रांती",,
144304,"Kankavli To Latur Via Radhanagari",Kankavli,Latur,RADHANAGARI,MO,25393,"Radhanagri Dam",51.7,,,कणकवली,सांगोला,262.2,13:00,19:35,,,"मिरज विश्रांती",,
144304,"Kankavli To Latur Via Radhanagari",Kankavli,Latur,RADHANAGARI,MO,24014,Hatimahal,53.7,,,कणकवली,सांगोला,262.2,13:00,19:35,,,"मिरज विश्रांती",,
144304,"Kankavli To Latur Via Radhanagari",Kankavli,Latur,RADHANAGARI,MO,25336,Radhanagari,56.7,,,कणकवली,सांगोला,262.2,13:00,19:35,,,"मिरज विश्रांती",,
144304,"Kankavli To Latur Via Radhanagari",Kankavli,Latur,RADHANAGARI,MO,23720,Gaibi,61.7,,,कणकवली,सांगोला,262.2,13:00,19:35,,,"मिरज विश्रांती",,
144304,"Kankavli To Latur Via Radhanagari",Kankavli,Latur,RADHANAGARI,MO,24322,"Khindi Vharavade",64.8,,,कणकवली,सांगोला,262.2,13:00,19:35,,,"मिरज विश्रांती",,
144304,"Kankavli To Latur Via Radhanagari",Kankavli,Latur,RADHANAGARI,MO,23049,Anaje,69.7,,,कणकवली,सांगोला,262.2,13:00,19:35,,,"मिरज विश्रांती",,
144304,"Kankavli To Latur Via Radhanagari",Kankavli,Latur,RADHANAGARI,MO,30597,"Awali Budruk",72.7,,,कणकवली,सांगोला,262.2,13:00,19:35,,,"मिरज विश्रांती",,
144304,"Kankavli To Latur Via Radhanagari",Kankavli,Latur,RADHANAGARI,MO,25306,"Powar House",74.7,,,कणकवली,सांगोला,262.2,13:00,19:35,,,"मिरज विश्रांती",,
144304,"Kankavli To Latur Via Radhanagari",Kankavli,Latur,RADHANAGARI,MO,23014,"Amjai Varavade",75.7,,,कणकवली,सांगोला,262.2,13:00,19:35,,,"मिरज विश्रांती",,
144304,"Kankavli To Latur Via Radhanagari",Kankavli,Latur,RADHANAGARI,MO,25521,Shirase,77.7,,,कणकवली,सांगोला,262.2,13:00,19:35,,,"मिरज विश्रांती",,
144304,"Kankavli To Latur Via Radhanagari",Kankavli,Latur,RADHANAGARI,MO,23301,Bhopalwadi,78.7,,,कणकवली,सांगोला,262.2,13:00,19:35,,,"मिरज विश्रांती",,
144304,"Kankavli To Latur Via Radhanagari",Kankavli,Latur,RADHANAGARI,MO,24207,Kaulav,78.8,,,कणकवली,सांगोला,262.2,13:00,19:35,,,"मिरज विश्रांती",,
144304,"Kankavli To Latur Via Radhanagari",Kankavli,Latur,RADHANAGARI,MO,23768,Ghotavade,79.7,,,कणकवली,सांगोला,262.2,13:00,19:35,,,"मिरज विश्रांती",,
144304,"Kankavli To Latur Via Radhanagari",Kankavli,Latur,RADHANAGARI,MO,23216,"Bhogavati Sugar Factory",80.7,,,कणकवली,सांगोला,262.2,13:00,19:35,,,"मिरज विश्रांती",,
144304,"Kankavli To Latur Via Radhanagari",Kankavli,Latur,RADHANAGARI,MO,25256,Parite,84.9,,,कणकवली,सांगोला,262.2,13:00,19:35,,,"मिरज विश्रांती",,
144304,"Kankavli To Latur Via Radhanagari",Kankavli,Latur,RADHANAGARI,MO,24501,"Kurukali College",85,,,कणकवली,सांगोला,262.2,13:00,19:35,,,"मिरज विश्रांती",,
144304,"Kankavli To Latur Via Radhanagari",Kankavli,Latur,RADHANAGARI,MO,24502,Kurukali,85.7,,,कणकवली,सांगोला,262.2,13:00,19:35,,,"मिरज विश्रांती",,
144304,"Kankavli To Latur Via Radhanagari",Kankavli,Latur,RADHANAGARI,MO,24444,Kothali,87.7,,,कणकवली,सांगोला,262.2,13:00,19:35,,,"मिरज विश्रांती",,
144304,"Kankavli To Latur Via Radhanagari",Kankavli,Latur,RADHANAGARI,MO,23945,Haldi,89.7,,,कणकवली,सांगोला,262.2,13:00,19:35,,,"मिरज विश्रांती",,
144304,"Kankavli To Latur Via Radhanagari",Kankavli,Latur,RADHANAGARI,MO,23669,Devale,90.7,,,कणकवली,सांगोला,262.2,13:00,19:35,,,"मिरज विश्रांती",,
144304,"Kankavli To Latur Via Radhanagari",Kankavli,Latur,RADHANAGARI,MO,24388,Kandgaon,91.7,,,कणकवली,सांगोला,262.2,13:00,19:35,,,"मिरज विश्रांती",,
144304,"Kankavli To Latur Via Radhanagari",Kankavli,Latur,RADHANAGARI,MO,26066,Washi,94.7,,,कणकवली,सांगोला,262.2,13:00,19:35,,,"मिरज विश्रांती",,
144304,"Kankavli To Latur Via Radhanagari",Kankavli,Latur,RADHANAGARI,MO,25083,"New Washi Naka",97.7,,,कणकवली,सांगोला,262.2,13:00,19:35,,,"मिरज विश्रांती",,
144304,"Kankavli To Latur Via Radhanagari",Kankavli,Latur,RADHANAGARI,MO,25400,Rankala,104.7,,,कणकवली,सांगोला,262.2,13:00,19:35,,,"मिरज विश्रांती",,
144304,"Kankavli To Latur Via Radhanagari",Kankavli,Latur,RADHANAGARI,MO,23625,"Dasara Chwok",107.7,,,कणकवली,सांगोला,262.2,13:00,19:35,,,"मिरज विश्रांती",,
144304,"Kankavli To Latur Via Radhanagari",Kankavli,Latur,RADHANAGARI,MO,24359,Kolhapur,108.5,,,कणकवली,सांगोला,262.2,13:00,19:35,,,"मिरज विश्रांती",,
144304,"Kankavli To Latur Via Radhanagari",Kankavli,Latur,RADHANAGARI,MO,25536,"Shahu Market Yard",111.1,,,कणकवली,सांगोला,262.2,13:00,19:35,,,"मिरज विश्रांती",,
144304,"Kankavli To Latur Via Radhanagari",Kankavli,Latur,RADHANAGARI,MO,25642,"Sangali Fata",115.2,,,कणकवली,सांगोला,262.2,13:00,19:35,,,"मिरज विश्रांती",,
144304,"Kankavli To Latur Via Radhanagari",Kankavli,Latur,RADHANAGARI,MO,24946,"Mouje Vadgaon Fata",118,,,कणकवली,सांगोला,262.2,13:00,19:35,,,"मिरज विश्रांती",,
144304,"Kankavli To Latur Via Radhanagari",Kankavli,Latur,RADHANAGARI,MO,23093,Atigre,124,,,कणकवली,सांगोला,262.2,13:00,19:35,,,"मिरज विश्रांती",,
144304,"Kankavli To Latur Via Radhanagari",Kankavli,Latur,RADHANAGARI,MO,23822,"Ghodawat Knowledge City",130,,,कणकवली,सांगोला,262.2,13:00,19:35,,,"मिरज विश्रांती",,
144304,"Kankavli To Latur Via Radhanagari",Kankavli,Latur,RADHANAGARI,MO,24013,Hatkanangale,131,,,कणकवली,सांगोला,262.2,13:00,19:35,,,"मिरज विश्रांती",,
144304,"Kankavli To Latur Via Radhanagari",Kankavli,Latur,RADHANAGARI,MO,24134,Jaisingpur,146.3,,,कणकवली,सांगोला,262.2,13:00,19:35,,,"मिरज विश्रांती",,
144304,"Kankavli To Latur Via Radhanagari",Kankavli,Latur,RADHANAGARI,MO,33636,Akali,149,,,कणकवली,सांगोला,262.2,13:00,19:35,,,"मिरज विश्रांती",,
144304,"Kankavli To Latur Via Radhanagari",Kankavli,Latur,RADHANAGARI,MO,33967,Miraj,167.1,,,कणकवली,सांगोला,262.2,13:00,19:35,,,"मिरज विश्रांती",,
144304,"Kankavli To Latur Via Radhanagari",Kankavli,Latur,RADHANAGARI,MO,32950,Shirdhon,198.3,,,कणकवली,सांगोला,262.2,13:00,19:35,,,"मिरज विश्रांती",,
144304,"Kankavli To Latur Via Radhanagari",Kankavli,Latur,RADHANAGARI,MO,32873,Kuchi,206.8,,,कणकवली,सांगोला,262.2,13:00,19:35,,,"मिरज विश्रांती",,
144304,"Kankavli To Latur Via Radhanagari",Kankavli,Latur,RADHANAGARI,MO,32930,"Nagaj Fata",221.2,,,कणकवली,सांगोला,262.2,13:00,19:35,,,"मिरज विश्रांती",,
144304,"Kankavli To Latur Via Radhanagari",Kankavli,Latur,RADHANAGARI,MO,47548,Junoni,229,,,कणकवली,सांगोला,262.2,13:00,19:35,,,"मिरज विश्रांती",,
144304,"Kankavli To Latur Via Radhanagari",Kankavli,Latur,RADHANAGARI,MO,47534,Hatit,238.4,,,कणकवली,सांगोला,262.2,13:00,19:35,,,"मिरज विश्रांती",,
144304,"Kankavli To Latur Via Radhanagari",Kankavli,Latur,RADHANAGARI,MO,47617,"Nazare Math",245.1,,,कणकवली,सांगोला,262.2,13:00,19:35,,,"मिरज विश्रांती",,
144304,"Kankavli To Latur Via Radhanagari",Kankavli,Latur,RADHANAGARI,MO,47679,Vatamare,247.8,,,कणकवली,सांगोला,262.2,13:00,19:35,,,"मिरज विश्रांती",,
144304,"Kankavli To Latur Via Radhanagari",Kankavli,Latur,RADHANAGARI,MO,47552,Kamalapur,256,,,कणकवली,सांगोला,262.2,13:00,19:35,,,"मिरज विश्रांती",,
144304,"Kankavli To Latur Via Radhanagari",Kankavli,Latur,RADHANAGARI,MO,47652,Sangola,261.6,,,कणकवली,सांगोला,262.2,13:00,19:35,,,"मिरज विश्रांती",,
144304,"Kankavli To Latur Via Radhanagari",Kankavli,Latur,RADHANAGARI,MO,47449,Bamani,272.3,,,कणकवली,सांगोला,262.2,13:00,19:35,,,"मिरज विश्रांती",,
144304,"Kankavli To Latur Via Radhanagari",Kankavli,Latur,RADHANAGARI,MO,47639,Sangewadi,277.3,,,कणकवली,सांगोला,262.2,13:00,19:35,,,"मिरज विश्रांती",,
144304,"Kankavli To Latur Via Radhanagari",Kankavli,Latur,RADHANAGARI,MO,43806,Khardi,281.2,,,कणकवली,सांगोला,262.2,13:00,19:35,,,"मिरज विश्रांती",,
144304,"Kankavli To Latur Via Radhanagari",Kankavli,Latur,RADHANAGARI,MO,43827,"Kasegaon Fata",289.3,,,कणकवली,सांगोला,262.2,13:00,19:35,,,"मिरज विश्रांती",,
144304,"Kankavli To Latur Via Radhanagari",Kankavli,Latur,RADHANAGARI,MO,43899,Pandharpur,296.2,,,कणकवली,सांगोला,262.2,13:00,19:35,,,"मिरज विश्रांती",,
144304,"Kankavli To Latur Via Radhanagari",Kankavli,Latur,RADHANAGARI,MO,43875,"Narayan Chincheli",302.7,,,कणकवली,सांगोला,262.2,13:00,19:35,,,"मिरज विश्रांती",,
144304,"Kankavli To Latur Via Radhanagari",Kankavli,Latur,RADHANAGARI,MO,43775,"Ishwar Wathar",305.6,,,कणकवली,सांगोला,262.2,13:00,19:35,,,"मिरज विश्रांती",,
144304,"Kankavli To Latur Via Radhanagari",Kankavli,Latur,RADHANAGARI,MO,43988,"Tungat X Rd.",308.9,,,कणकवली,सांगोला,262.2,13:00,19:35,,,"मिरज विश्रांती",,
144304,"Kankavli To Latur Via Radhanagari",Kankavli,Latur,RADHANAGARI,MO,43487,"Penur Shed",311.9,,,कणकवली,सांगोला,262.2,13:00,19:35,,,"मिरज विश्रांती",,
144304,"Kankavli To Latur Via Radhanagari",Kankavli,Latur,RADHANAGARI,MO,43514,"Sarole Fata",323.9,,,कणकवली,सांगोला,262.2,13:00,19:35,,,"मिरज विश्रांती",,
144304,"Kankavli To Latur Via Radhanagari",Kankavli,Latur,RADHANAGARI,MO,43449,"Khavani Fata",327,,,कणकवली,सांगोला,262.2,13:00,19:35,,,"मिरज विश्रांती",,
144304,"Kankavli To Latur Via Radhanagari",Kankavli,Latur,RADHANAGARI,MO,43490,Pokharpur,329.9,,,कणकवली,सांगोला,262.2,13:00,19:35,,,"मिरज विश्रांती",,
144304,"Kankavli To Latur Via Radhanagari",Kankavli,Latur,RADHANAGARI,MO,43460,Mohol,333.1,,,कणकवली,सांगोला,262.2,13:00,19:35,,,"मिरज विश्रांती",,
144304,"Kankavli To Latur Via Radhanagari",Kankavli,Latur,RADHANAGARI,MO,49258,"Pakani / Chincholi",350.7,,,कणकवली,सांगोला,262.2,13:00,19:35,,,"मिरज विश्रांती",,
144304,"Kankavli To Latur Via Radhanagari",Kankavli,Latur,RADHANAGARI,MO,49229,Kegaon,356.3,,,कणकवली,सांगोला,262.2,13:00,19:35,,,"मिरज विश्रांती",,
144304,"Kankavli To Latur Via Radhanagari",Kankavli,Latur,RADHANAGARI,MO,49177,Bale,364.1,,,कणकवली,सांगोला,262.2,13:00,19:35,,,"मिरज विश्रांती",,
144304,"Kankavli To Latur Via Radhanagari",Kankavli,Latur,RADHANAGARI,MO,48932,Solapur,368.1,,,कणकवली,सांगोला,262.2,13:00,19:35,,,"मिरज विश्रांती",,
144304,"Kankavli To Latur Via Radhanagari",Kankavli,Latur,RADHANAGARI,MO,49216,"Hipparga Fata",373.9,,,कणकवली,सांगोला,262.2,13:00,19:35,,,"मिरज विश्रांती",,
144304,"Kankavli To Latur Via Radhanagari",Kankavli,Latur,RADHANAGARI,MO,49217,Hagalur,376.1,,,कणकवली,सांगोला,262.2,13:00,19:35,,,"मिरज विश्रांती",,
144304,"Kankavli To Latur Via Radhanagari",Kankavli,Latur,RADHANAGARI,MO,49234,Karvandwadi,379.6,,,कणकवली,सांगोला,262.2,13:00,19:35,,,"मिरज विश्रांती",,
144304,"Kankavli To Latur Via Radhanagari",Kankavli,Latur,RADHANAGARI,MO,49719,Ule,381.4,,,कणकवली,सांगोला,262.2,13:00,19:35,,,"मिरज विश्रांती",,
144304,"Kankavli To Latur Via Radhanagari",Kankavli,Latur,RADHANAGARI,MO,76023,Tuljapur,437.1,,,कणकवली,सांगोला,262.2,13:00,19:35,,,"मिरज विश्रांती",,
144304,"Kankavli To Latur Via Radhanagari",Kankavli,Latur,RADHANAGARI,MO,87438,Patoda,460.2,,,कणकवली,सांगोला,262.2,13:00,19:35,,,"मिरज विश्रांती",,
144304,"Kankavli To Latur Via Radhanagari",Kankavli,Latur,RADHANAGARI,MO,39791,"Ujani X Rd.",468.8,,,कणकवली,सांगोला,262.2,13:00,19:35,,,"मिरज विश्रांती",,
144304,"Kankavli To Latur Via Radhanagari",Kankavli,Latur,RADHANAGARI,MO,39590,Ausa,478.8,,,कणकवली,सांगोला,262.2,13:00,19:35,,,"मिरज विश्रांती",,
144304,"Kankavli To Latur Via Radhanagari",Kankavli,Latur,RADHANAGARI,MO,40264,Latur,497.9,,,कणकवली,सांगोला,262.2,13:00,19:35,,,"मिरज विश्रांती",,
145116,"Latur To Kankavli Via Miraj Tarala",Latur,Kankavli,MIRAJ,MO,40264,Latur,,,,लातूर,सांगोला,235.7,07:30,13:35,,,"सहा तासात कर्त्यव्य संपते","तुळजापूर,सोलापूर",
145116,"Latur To Kankavli Via Miraj Tarala",Latur,Kankavli,MIRAJ,MO,39590,Ausa,21,,,लातूर,सांगोला,235.7,07:30,13:35,,,"सहा तासात कर्त्यव्य संपते","तुळजापूर,सोलापूर",
145116,"Latur To Kankavli Via Miraj Tarala",Latur,Kankavli,MIRAJ,MO,39791,"Ujani X Rd.",27.8,,,लातूर,सांगोला,235.7,07:30,13:35,,,"सहा तासात कर्त्यव्य संपते","तुळजापूर,सोलापूर",
145116,"Latur To Kankavli Via Miraj Tarala",Latur,Kankavli,MIRAJ,MO,87438,Patoda,36.2,,,लातूर,सांगोला,235.7,07:30,13:35,,,"सहा तासात कर्त्यव्य संपते","तुळजापूर,सोलापूर",
145116,"Latur To Kankavli Via Miraj Tarala",Latur,Kankavli,MIRAJ,MO,76023,Tuljapur,60.8,,,लातूर,सांगोला,235.7,07:30,13:35,,,"सहा तासात कर्त्यव्य संपते","तुळजापूर,सोलापूर",
145116,"Latur To Kankavli Via Miraj Tarala",Latur,Kankavli,MIRAJ,MO,86564,"Barshi Cross Rd",85.9,,,लातूर,सांगोला,235.7,07:30,13:35,,,"सहा तासात कर्त्यव्य संपते","तुळजापूर,सोलापूर",
145116,"Latur To Kankavli Via Miraj Tarala",Latur,Kankavli,MIRAJ,MO,87539,"Sangavi Mardi",91,,,लातूर,सांगोला,235.7,07:30,13:35,,,"सहा तासात कर्त्यव्य संपते","तुळजापूर,सोलापूर",
145116,"Latur To Kankavli Via Miraj Tarala",Latur,Kankavli,MIRAJ,MO,87273,"Malumbra X Rd.",98.4,,,लातूर,सांगोला,235.7,07:30,13:35,,,"सहा तासात कर्त्यव्य संपते","तुळजापूर,सोलापूर",
145116,"Latur To Kankavli Via Miraj Tarala",Latur,Kankavli,MIRAJ,MO,87326,Muktinagar,99.6,,,लातूर,सांगोला,235.7,07:30,13:35,,,"सहा तासात कर्त्यव्य संपते","तुळजापूर,सोलापूर",
145116,"Latur To Kankavli Via Miraj Tarala",Latur,Kankavli,MIRAJ,MO,87641,Suratgaon,102.4,,,लातूर,सांगोला,235.7,07:30,13:35,,,"सहा तासात कर्त्यव्य संपते","तुळजापूर,सोलापूर",
145116,"Latur To Kankavli Via Miraj Tarala",Latur,Kankavli,MIRAJ,MO,87659,"Taml Wadi",107.9,,,लातूर,सांगोला,235.7,07:30,13:35,,,"सहा तासात कर्त्यव्य संपते","तुळजापूर,सोलापूर",
145116,"Latur To Kankavli Via Miraj Tarala",Latur,Kankavli,MIRAJ,MO,49719,Ule,116.5,,,लातूर,सांगोला,235.7,07:30,13:35,,,"सहा तासात कर्त्यव्य संपते","तुळजापूर,सोलापूर",
145116,"Latur To Kankavli Via Miraj Tarala",Latur,Kankavli,MIRAJ,MO,49234,Karvandwadi,118.3,,,लातूर,सांगोला,235.7,07:30,13:35,,,"सहा तासात कर्त्यव्य संपते","तुळजापूर,सोलापूर",
145116,"Latur To Kankavli Via Miraj Tarala",Latur,Kankavli,MIRAJ,MO,49217,Hagalur,121.8,,,लातूर,सांगोला,235.7,07:30,13:35,,,"सहा तासात कर्त्यव्य संपते","तुळजापूर,सोलापूर",
145116,"Latur To Kankavli Via Miraj Tarala",Latur,Kankavli,MIRAJ,MO,49216,"Hipparga Fata",124,,,लातूर,सांगोला,235.7,07:30,13:35,,,"सहा तासात कर्त्यव्य संपते","तुळजापूर,सोलापूर",
145116,"Latur To Kankavli Via Miraj Tarala",Latur,Kankavli,MIRAJ,MO,48932,Solapur,129.8,,,लातूर,सांगोला,235.7,07:30,13:35,,,"सहा तासात कर्त्यव्य संपते","तुळजापूर,सोलापूर",
145116,"Latur To Kankavli Via Miraj Tarala",Latur,Kankavli,MIRAJ,MO,49177,Bale,133.8,,,लातूर,सांगोला,235.7,07:30,13:35,,,"सहा तासात कर्त्यव्य संपते","तुळजापूर,सोलापूर",
145116,"Latur To Kankavli Via Miraj Tarala",Latur,Kankavli,MIRAJ,MO,49229,Kegaon,141.6,,,लातूर,सांगोला,235.7,07:30,13:35,,,"सहा तासात कर्त्यव्य संपते","तुळजापूर,सोलापूर",
145116,"Latur To Kankavli Via Miraj Tarala",Latur,Kankavli,MIRAJ,MO,49258,"Pakani / Chincholi",147.2,,,लातूर,सांगोला,235.7,07:30,13:35,,,"सहा तासात कर्त्यव्य संपते","तुळजापूर,सोलापूर",
145116,"Latur To Kankavli Via Miraj Tarala",Latur,Kankavli,MIRAJ,MO,48938,"Sawali Shiwar",152.1,,,लातूर,सांगोला,235.7,07:30,13:35,,,"सहा तासात कर्त्यव्य संपते","तुळजापूर,सोलापूर",
145116,"Latur To Kankavli Via Miraj Tarala",Latur,Kankavli,MIRAJ,MO,43568,Lamboti,155.8,,,लातूर,सांगोला,235.7,07:30,13:35,,,"सहा तासात कर्त्यव्य संपते","तुळजापूर,सोलापूर",
145116,"Latur To Kankavli Via Miraj Tarala",Latur,Kankavli,MIRAJ,MO,43460,Mohol,164.8,,,लातूर,सांगोला,235.7,07:30,13:35,,,"सहा तासात कर्त्यव्य संपते","तुळजापूर,सोलापूर",
145116,"Latur To Kankavli Via Miraj Tarala",Latur,Kankavli,MIRAJ,MO,43490,Pokharpur,168,,,लातूर,सांगोला,235.7,07:30,13:35,,,"सहा तासात कर्त्यव्य संपते","तुळजापूर,सोलापूर",
145116,"Latur To Kankavli Via Miraj Tarala",Latur,Kankavli,MIRAJ,MO,43449,"Khavani Fata",170.9,,,लातूर,सांगोला,235.7,07:30,13:35,,,"सहा तासात कर्त्यव्य संपते","तुळजापूर,सोलापूर",
145116,"Latur To Kankavli Via Miraj Tarala",Latur,Kankavli,MIRAJ,MO,43514,"Sarole Fata",174,,,लातूर,सांगोला,235.7,07:30,13:35,,,"सहा तासात कर्त्यव्य संपते","तुळजापूर,सोलापूर",
145116,"Latur To Kankavli Via Miraj Tarala",Latur,Kankavli,MIRAJ,MO,43487,"Penur Shed",186,,,लातूर,सांगोला,235.7,07:30,13:35,,,"सहा तासात कर्त्यव्य संपते","तुळजापूर,सोलापूर",
145116,"Latur To Kankavli Via Miraj Tarala",Latur,Kankavli,MIRAJ,MO,43988,"Tungat X Rd.",189,,,लातूर,सांगोला,235.7,07:30,13:35,,,"सहा तासात कर्त्यव्य संपते","तुळजापूर,सोलापूर",
145116,"Latur To Kankavli Via Miraj Tarala",Latur,Kankavli,MIRAJ,MO,43775,"Ishwar Wathar",192.3,,,लातूर,सांगोला,235.7,07:30,13:35,,,"सहा तासात कर्त्यव्य संपते","तुळजापूर,सोलापूर",
145116,"Latur To Kankavli Via Miraj Tarala",Latur,Kankavli,MIRAJ,MO,43875,"Narayan Chincheli",195.2,,,लातूर,सांगोला,235.7,07:30,13:35,,,"सहा तासात कर्त्यव्य संपते","तुळजापूर,सोलापूर",
145116,"Latur To Kankavli Via Miraj Tarala",Latur,Kankavli,MIRAJ,MO,43899,Pandharpur,201.7,,,लातूर,सांगोला,235.7,07:30,13:35,,,"सहा तासात कर्त्यव्य संपते","तुळजापूर,सोलापूर",
145116,"Latur To Kankavli Via Miraj Tarala",Latur,Kankavli,MIRAJ,MO,43827,"Kasegaon Fata",208.6,,,लातूर,सांगोला,235.7,07:30,13:35,,,"सहा तासात कर्त्यव्य संपते","तुळजापूर,सोलापूर",
145116,"Latur To Kankavli Via Miraj Tarala",Latur,Kankavli,MIRAJ,MO,43806,Khardi,216.7,,,लातूर,सांगोला,235.7,07:30,13:35,,,"सहा तासात कर्त्यव्य संपते","तुळजापूर,सोलापूर",
145116,"Latur To Kankavli Via Miraj Tarala",Latur,Kankavli,MIRAJ,MO,47639,Sangewadi,220.6,,,लातूर,सांगोला,235.7,07:30,13:35,,,"सहा तासात कर्त्यव्य संपते","तुळजापूर,सोलापूर",
145116,"Latur To Kankavli Via Miraj Tarala",Latur,Kankavli,MIRAJ,MO,43692,Bamni,225.6,,,लातूर,सांगोला,235.7,07:30,13:35,,,"सहा तासात कर्त्यव्य संपते","तुळजापूर,सोलापूर",
145116,"Latur To Kankavli Via Miraj Tarala",Latur,Kankavli,MIRAJ,MO,47652,Sangola,236.3,,,लातूर,सांगोला,235.7,07:30,13:35,,,"सहा तासात कर्त्यव्य संपते","तुळजापूर,सोलापूर",
145116,"Latur To Kankavli Via Miraj Tarala",Latur,Kankavli,MIRAJ,MO,47552,Kamalapur,241.9,,,लातूर,सांगोला,235.7,07:30,13:35,,,"सहा तासात कर्त्यव्य संपते","तुळजापूर,सोलापूर",
145116,"Latur To Kankavli Via Miraj Tarala",Latur,Kankavli,MIRAJ,MO,47679,Vatamare,250.1,,,लातूर,सांगोला,235.7,07:30,13:35,,,"सहा तासात कर्त्यव्य संपते","तुळजापूर,सोलापूर",
145116,"Latur To Kankavli Via Miraj Tarala",Latur,Kankavli,MIRAJ,MO,47617,"Nazare Math",252.8,,,लातूर,सांगोला,235.7,07:30,13:35,,,"सहा तासात कर्त्यव्य संपते","तुळजापूर,सोलापूर",
145116,"Latur To Kankavli Via Miraj Tarala",Latur,Kankavli,MIRAJ,MO,47534,Hatit,259.5,,,लातूर,सांगोला,235.7,07:30,13:35,,,"सहा तासात कर्त्यव्य संपते","तुळजापूर,सोलापूर",
145116,"Latur To Kankavli Via Miraj Tarala",Latur,Kankavli,MIRAJ,MO,47548,Junoni,268.9,,,लातूर,सांगोला,235.7,07:30,13:35,,,"सहा तासात कर्त्यव्य संपते","तुळजापूर,सोलापूर",
145116,"Latur To Kankavli Via Miraj Tarala",Latur,Kankavli,MIRAJ,MO,32930,"Nagaj Fata",276.7,,,लातूर,सांगोला,235.7,07:30,13:35,,,"सहा तासात कर्त्यव्य संपते","तुळजापूर,सोलापूर",
145116,"Latur To Kankavli Via Miraj Tarala",Latur,Kankavli,MIRAJ,MO,32873,Kuchi,291.1,,,लातूर,सांगोला,235.7,07:30,13:35,,,"सहा तासात कर्त्यव्य संपते","तुळजापूर,सोलापूर",
145116,"Latur To Kankavli Via Miraj Tarala",Latur,Kankavli,MIRAJ,MO,32950,Shirdhon,299.6,,,लातूर,सांगोला,235.7,07:30,13:35,,,"सहा तासात कर्त्यव्य संपते","तुळजापूर,सोलापूर",
145116,"Latur To Kankavli Via Miraj Tarala",Latur,Kankavli,MIRAJ,MO,33967,Miraj,330.8,,,लातूर,सांगोला,235.7,07:30,13:35,,,"सहा तासात कर्त्यव्य संपते","तुळजापूर,सोलापूर",
145116,"Latur To Kankavli Via Miraj Tarala",Latur,Kankavli,MIRAJ,MO,33636,Akali,348.9,,,लातूर,सांगोला,235.7,07:30,13:35,,,"सहा तासात कर्त्यव्य संपते","तुळजापूर,सोलापूर",
145116,"Latur To Kankavli Via Miraj Tarala",Latur,Kankavli,MIRAJ,MO,24134,Jaisingpur,351.6,,,लातूर,सांगोला,235.7,07:30,13:35,,,"सहा तासात कर्त्यव्य संपते","तुळजापूर,सोलापूर",
145116,"Latur To Kankavli Via Miraj Tarala",Latur,Kankavli,MIRAJ,MO,24013,Hatkanangale,366.9,,,लातूर,सांगोला,235.7,07:30,13:35,,,"सहा तासात कर्त्यव्य संपते","तुळजापूर,सोलापूर",
145116,"Latur To Kankavli Via Miraj Tarala",Latur,Kankavli,MIRAJ,MO,23822,"Ghodawat Knowledge City",367.9,,,लातूर,सांगोला,235.7,07:30,13:35,,,"सहा तासात कर्त्यव्य संपते","तुळजापूर,सोलापूर",
145116,"Latur To Kankavli Via Miraj Tarala",Latur,Kankavli,MIRAJ,MO,23093,Atigre,373.9,,,लातूर,सांगोला,235.7,07:30,13:35,,,"सहा तासात कर्त्यव्य संपते","तुळजापूर,सोलापूर",
145116,"Latur To Kankavli Via Miraj Tarala",Latur,Kankavli,MIRAJ,MO,24946,"Mouje Vadgaon Fata",379.9,,,लातूर,सांगोला,235.7,07:30,13:35,,,"सहा तासात कर्त्यव्य संपते","तुळजापूर,सोलापूर",
145116,"Latur To Kankavli Via Miraj Tarala",Latur,Kankavli,MIRAJ,MO,25642,"Sangali Fata",382.7,,,लातूर,सांगोला,235.7,07:30,13:35,,,"सहा तासात कर्त्यव्य संपते","तुळजापूर,सोलापूर",
145116,"Latur To Kankavli Via Miraj Tarala",Latur,Kankavli,MIRAJ,MO,25536,"Shahu Market Yard",386.8,,,लातूर,सांगोला,235.7,07:30,13:35,,,"सहा तासात कर्त्यव्य संपते","तुळजापूर,सोलापूर",
145116,"Latur To Kankavli Via Miraj Tarala",Latur,Kankavli,MIRAJ,MO,24359,Kolhapur,389.4,,,लातूर,सांगोला,235.7,07:30,13:35,,,"सहा तासात कर्त्यव्य संपते","तुळजापूर,सोलापूर",
145116,"Latur To Kankavli Via Miraj Tarala",Latur,Kankavli,MIRAJ,MO,23625,"Dasara Chwok",391.5,,,लातूर,सांगोला,235.7,07:30,13:35,,,"सहा तासात कर्त्यव्य संपते","तुळजापूर,सोलापूर",
145116,"Latur To Kankavli Via Miraj Tarala",Latur,Kankavli,MIRAJ,MO,25400,Rankala,394.1,,,लातूर,सांगोला,235.7,07:30,13:35,,,"सहा तासात कर्त्यव्य संपते","तुळजापूर,सोलापूर",
145116,"Latur To Kankavli Via Miraj Tarala",Latur,Kankavli,MIRAJ,MO,23698,"Fulewadi Old Naka",398.3,,,लातूर,सांगोला,235.7,07:30,13:35,,,"सहा तासात कर्त्यव्य संपते","तुळजापूर,सोलापूर",
145116,"Latur To Kankavli Via Miraj Tarala",Latur,Kankavli,MIRAJ,MO,25156,"Padal Fata",399.7,,,लातूर,सांगोला,235.7,07:30,13:35,,,"सहा तासात कर्त्यव्य संपते","तुळजापूर,सोलापूर",
145116,"Latur To Kankavli Via Miraj Tarala",Latur,Kankavli,MIRAJ,MO,30585,Aadoor,405.7,,,लातूर,सांगोला,235.7,07:30,13:35,,,"सहा तासात कर्त्यव्य संपते","तुळजापूर,सोलापूर",
145116,"Latur To Kankavli Via Miraj Tarala",Latur,Kankavli,MIRAJ,MO,23390,Chinchvade,408.4,,,लातूर,सांगोला,235.7,07:30,13:35,,,"सहा तासात कर्त्यव्य संपते","तुळजापूर,सोलापूर",
145116,"Latur To Kankavli Via Miraj Tarala",Latur,Kankavli,MIRAJ,MO,24361,"Kale Canteen",410.6,,,लातूर,सांगोला,235.7,07:30,13:35,,,"सहा तासात कर्त्यव्य संपते","तुळजापूर,सोलापूर",
145116,"Latur To Kankavli Via Miraj Tarala",Latur,Kankavli,MIRAJ,MO,24941,Mutkeshwar,415,,,लातूर,सांगोला,235.7,07:30,13:35,,,"सहा तासात कर्त्यव्य संपते","तुळजापूर,सोलापूर",
145116,"Latur To Kankavli Via Miraj Tarala",Latur,Kankavli,MIRAJ,MO,24332,Kirve,417.9,,,लातूर,सांगोला,235.7,07:30,13:35,,,"सहा तासात कर्त्यव्य संपते","तुळजापूर,सोलापूर",
145116,"Latur To Kankavli Via Miraj Tarala",Latur,Kankavli,MIRAJ,MO,26015,"Vetwade Fata",420.4,,,लातूर,सांगोला,235.7,07:30,13:35,,,"सहा तासात कर्त्यव्य संपते","तुळजापूर,सोलापूर",
145116,"Latur To Kankavli Via Miraj Tarala",Latur,Kankavli,MIRAJ,MO,25627,Salvan,421.2,,,लातूर,सांगोला,235.7,07:30,13:35,,,"सहा तासात कर्त्यव्य संपते","तुळजापूर,सोलापूर",
145116,"Latur To Kankavli Via Miraj Tarala",Latur,Kankavli,MIRAJ,MO,24894,Margaiwadi,424,,,लातूर,सांगोला,235.7,07:30,13:35,,,"सहा तासात कर्त्यव्य संपते","तुळजापूर,सोलापूर",
145116,"Latur To Kankavli Via Miraj Tarala",Latur,Kankavli,MIRAJ,MO,24454,Khopadewadi,426.5,,,लातूर,सांगोला,235.7,07:30,13:35,,,"सहा तासात कर्त्यव्य संपते","तुळजापूर,सोलापूर",
145116,"Latur To Kankavli Via Miraj Tarala",Latur,Kankavli,MIRAJ,MO,30326,"Andur Fata",429.6,,,लातूर,सांगोला,235.7,07:30,13:35,,,"सहा तासात कर्त्यव्य संपते","तुळजापूर,सोलापूर",
145116,"Latur To Kankavli Via Miraj Tarala",Latur,Kankavli,MIRAJ,MO,25155,"Padalwadi Fata",432.9,,,लातूर,सांगोला,235.7,07:30,13:35,,,"सहा तासात कर्त्यव्य संपते","तुळजापूर,सोलापूर",
145116,"Latur To Kankavli Via Miraj Tarala",Latur,Kankavli,MIRAJ,MO,23085,Aslaj,435.9,,,लातूर,सांगोला,235.7,07:30,13:35,,,"सहा तासात कर्त्यव्य संपते","तुळजापूर,सोलापूर",
145116,"Latur To Kankavli Via Miraj Tarala",Latur,Kankavli,MIRAJ,MO,25139,Pargavkarwadi,438.6,,,लातूर,सांगोला,235.7,07:30,13:35,,,"सहा तासात कर्त्यव्य संपते","तुळजापूर,सोलापूर",
145116,"Latur To Kankavli Via Miraj Tarala",Latur,Kankavli,MIRAJ,MO,25662,"Sangshi Fata",441.7,,,लातूर,सांगोला,235.7,07:30,13:35,,,"सहा तासात कर्त्यव्य संपते","तुळजापूर,सोलापूर",
145116,"Latur To Kankavli Via Miraj Tarala",Latur,Kankavli,MIRAJ,MO,24105,Jambulnewadi,442.9,,,लातूर,सांगोला,235.7,07:30,13:35,,,"सहा तासात कर्त्यव्य संपते","तुळजापूर,सोलापूर",
145116,"Latur To Kankavli Via Miraj Tarala",Latur,Kankavli,MIRAJ,MO,23733,Gaganbawda,445.8,,,लातूर,सांगोला,235.7,07:30,13:35,,,"सहा तासात कर्त्यव्य संपते","तुळजापूर,सोलापूर",
145116,"Latur To Kankavli Via Miraj Tarala",Latur,Kankavli,MIRAJ,MO,9182,Bhattiwadi,454.8,,,लातूर,सांगोला,235.7,07:30,13:35,,,"सहा तासात कर्त्यव्य संपते","तुळजापूर,सोलापूर",
145116,"Latur To Kankavli Via Miraj Tarala",Latur,Kankavli,MIRAJ,MO,9212,"Karul High School",456.3,,,लातूर,सांगोला,235.7,07:30,13:35,,,"सहा तासात कर्त्यव्य संपते","तुळजापूर,सोलापूर",
145116,"Latur To Kankavli Via Miraj Tarala",Latur,Kankavli,MIRAJ,MO,9208,Jamadarwadi,457.8,,,लातूर,सांगोला,235.7,07:30,13:35,,,"सहा तासात कर्त्यव्य संपते","तुळजापूर,सोलापूर",
145116,"Latur To Kankavli Via Miraj Tarala",Latur,Kankavli,MIRAJ,MO,9297,"Water Tank",460.8,,,लातूर,सांगोला,235.7,07:30,13:35,,,"सहा तासात कर्त्यव्य संपते","तुळजापूर,सोलापूर",
145116,"Latur To Kankavli Via Miraj Tarala",Latur,Kankavli,MIRAJ,MO,9241,Nadhawade,462.4,,,लातूर,सांगोला,235.7,07:30,13:35,,,"सहा तासात कर्त्यव्य संपते","तुळजापूर,सोलापूर",
145116,"Latur To Kankavli Via Miraj Tarala",Latur,Kankavli,MIRAJ,MO,9291,Vaibhavwadi,463.8,,,लातूर,सांगोला,235.7,07:30,13:35,,,"सहा तासात कर्त्यव्य संपते","तुळजापूर,सोलापूर",
145116,"Latur To Kankavli Via Miraj Tarala",Latur,Kankavli,MIRAJ,MO,9181,Bandhwadi,466.8,,,लातूर,सांगोला,235.7,07:30,13:35,,,"सहा तासात कर्त्यव्य संपते","तुळजापूर,सोलापूर",
145116,"Latur To Kankavli Via Miraj Tarala",Latur,Kankavli,MIRAJ,MO,2796,"Kasarde Buddhawadi",467.1,,,लातूर,सांगोला,235.7,07:30,13:35,,,"सहा तासात कर्त्यव्य संपते","तुळजापूर,सोलापूर",
145116,"Latur To Kankavli Via Miraj Tarala",Latur,Kankavli,MIRAJ,MO,9213,"Kasale Wadi",468.8,,,लातूर,सांगोला,235.7,07:30,13:35,,,"सहा तासात कर्त्यव्य संपते","तुळजापूर,सोलापूर",
145116,"Latur To Kankavli Via Miraj Tarala",Latur,Kankavli,MIRAJ,MO,2982,Tarla,470.3,,,लातूर,सांगोला,235.7,07:30,13:35,,,"सहा तासात कर्त्यव्य संपते","तुळजापूर,सोलापूर",
145116,"Latur To Kankavli Via Miraj Tarala",Latur,Kankavli,MIRAJ,MO,2673,"Bramhan Wadi",473.3,,,लातूर,सांगोला,235.7,07:30,13:35,,,"सहा तासात कर्त्यव्य संपते","तुळजापूर,सोलापूर",
145116,"Latur To Kankavli Via Miraj Tarala",Latur,Kankavli,MIRAJ,MO,2872,"Nandgaon Nursary",479,,,लातूर,सांगोला,235.7,07:30,13:35,,,"सहा तासात कर्त्यव्य संपते","तुळजापूर,सोलापूर",
145116,"Latur To Kankavli Via Miraj Tarala",Latur,Kankavli,MIRAJ,MO,2870,"Nandgaon Datta Mandir",480.6,,,लातूर,सांगोला,235.7,07:30,13:35,,,"सहा तासात कर्त्यव्य संपते","तुळजापूर,सोलापूर",
145116,"Latur To Kankavli Via Miraj Tarala",Latur,Kankavli,MIRAJ,MO,2655,Belane,483,,,लातूर,सांगोला,235.7,07:30,13:35,,,"सहा तासात कर्त्यव्य संपते","तुळजापूर,सोलापूर",
145116,"Latur To Kankavli Via Miraj Tarala",Latur,Kankavli,MIRAJ,MO,2756,"Humrat Titha",485.2,,,लातूर,सांगोला,235.7,07:30,13:35,,,"सहा तासात कर्त्यव्य संपते","तुळजापूर,सोलापूर",
145116,"Latur To Kankavli Via Miraj Tarala",Latur,Kankavli,MIRAJ,MO,2871,"Nandgaon Fata",486.1,,,लातूर,सांगोला,235.7,07:30,13:35,,,"सहा तासात कर्त्यव्य संपते","तुळजापूर,सोलापूर",
145116,"Latur To Kankavli Via Miraj Tarala",Latur,Kankavli,MIRAJ,MO,2768,"Janavali Gavthanwadi",489,,,लातूर,सांगोला,235.7,07:30,13:35,,,"सहा तासात कर्त्यव्य संपते","तुळजापूर,सोलापूर",
145116,"Latur To Kankavli Via Miraj Tarala",Latur,Kankavli,MIRAJ,MO,2786,Kankavli,493.3,,,लातूर,सांगोला,235.7,07:30,13:35,,,"सहा तासात कर्त्यव्य संपते","तुळजापूर,सोलापूर",
11095,"Ratnagiri To Sawantwadi Via Phonda",Ratnagiri,Sawantwadi,PHONDA,MO,16599,Ratnagiri,,,,फोंडा,कुळये,15,20:00,20:40,OBL,DAILY,,वस्ती,
11095,"Ratnagiri To Sawantwadi Via Phonda",Ratnagiri,Sawantwadi,PHONDA,MO,16663,Shivajinagar,3,,,फोंडा,कुळये,15,20:00,20:40,OBL,DAILY,,वस्ती,
11095,"Ratnagiri To Sawantwadi Via Phonda",Ratnagiri,Sawantwadi,PHONDA,MO,16108,Kuravbao,6.6,,,फोंडा,कुळये,15,20:00,20:40,OBL,DAILY,,वस्ती,
11095,"Ratnagiri To Sawantwadi Via Phonda",Ratnagiri,Sawantwadi,PHONDA,MO,15979,"Khedshi Fata",9.6,,,फोंडा,कुळये,15,20:00,20:40,OBL,DAILY,,वस्ती,
11095,"Ratnagiri To Sawantwadi Via Phonda",Ratnagiri,Sawantwadi,PHONDA,MO,16466,"Panval Fata",11.6,,,फोंडा,कुळये,15,20:00,20:40,OBL,DAILY,,वस्ती,
11095,"Ratnagiri To Sawantwadi Via Phonda",Ratnagiri,Sawantwadi,PHONDA,MO,15851,Hatkhamba,13,,,फोंडा,कुळये,15,20:00,20:40,OBL,DAILY,,वस्ती,
11095,"Ratnagiri To Sawantwadi Via Phonda",Ratnagiri,Sawantwadi,PHONDA,MO,15833,"Hatakhamba Gaon",14.6,,,फोंडा,कुळये,15,20:00,20:40,OBL,DAILY,,वस्ती,
11095,"Ratnagiri To Sawantwadi Via Phonda",Ratnagiri,Sawantwadi,PHONDA,MO,16628,Shetifarm,17.2,,,फोंडा,कुळये,15,20:00,20:40,OBL,DAILY,,वस्ती,
11095,"Ratnagiri To Sawantwadi Via Phonda",Ratnagiri,Sawantwadi,PHONDA,MO,15559,Charveli,18,,,फोंडा,कुळये,15,20:00,20:40,OBL,DAILY,,वस्ती,
11095,"Ratnagiri To Sawantwadi Via Phonda",Ratnagiri,Sawantwadi,PHONDA,MO,15946,Kapadagaon,19.1,,,फोंडा,कुळये,15,20:00,20:40,OBL,DAILY,,वस्ती,
11095,"Ratnagiri To Sawantwadi Via Phonda",Ratnagiri,Sawantwadi,PHONDA,MO,16416,Pali,24.2,,,फोंडा,कुळये,15,20:00,20:40,OBL,DAILY,,वस्ती,
11095,"Ratnagiri To Sawantwadi Via Phonda",Ratnagiri,Sawantwadi,PHONDA,MO,13157,Khanu,26,,,फोंडा,कुळये,15,20:00,20:40,OBL,DAILY,,वस्ती,
11095,"Ratnagiri To Sawantwadi Via Phonda",Ratnagiri,Sawantwadi,PHONDA,MO,13297,Math,28.4,,,फोंडा,कुळये,15,20:00,20:40,OBL,DAILY,,वस्ती,
11095,"Ratnagiri To Sawantwadi Via Phonda",Ratnagiri,Sawantwadi,PHONDA,MO,12889,"Anjanari Bridge",31.9,,,फोंडा,कुळये,15,20:00,20:40,OBL,DAILY,,वस्ती,
11095,"Ratnagiri To Sawantwadi Via Phonda",Ratnagiri,Sawantwadi,PHONDA,MO,13573,Veral,34.4,,,फोंडा,कुळये,15,20:00,20:40,OBL,DAILY,,वस्ती,
11095,"Ratnagiri To Sawantwadi Via Phonda",Ratnagiri,Sawantwadi,PHONDA,MO,12998,Devdhe,36.8,,,फोंडा,कुळये,15,20:00,20:40,OBL,DAILY,,वस्ती,
11095,"Ratnagiri To Sawantwadi Via Phonda",Ratnagiri,Sawantwadi,PHONDA,MO,13277,"Lanja Agri. Farm",38.5,,,फोंडा,कुळये,15,20:00,20:40,OBL,DAILY,,वस्ती,
11095,"Ratnagiri To Sawantwadi Via Phonda",Ratnagiri,Sawantwadi,PHONDA,MO,13276,"Lanja Poultry Farm",40.5,,,फोंडा,कुळये,15,20:00,20:40,OBL,DAILY,,वस्ती,
11095,"Ratnagiri To Sawantwadi Via Phonda",Ratnagiri,Sawantwadi,PHONDA,MO,13286,Lanja,42.3,,,फोंडा,कुळये,15,20:00,20:40,OBL,DAILY,,वस्ती,
11095,"Ratnagiri To Sawantwadi Via Phonda",Ratnagiri,Sawantwadi,PHONDA,MO,14720,Kuwa,46.9,,,फोंडा,कुळये,15,20:00,20:40,OBL,DAILY,,वस्ती,
11095,"Ratnagiri To Sawantwadi Via Phonda",Ratnagiri,Sawantwadi,PHONDA,MO,12379,"Ganapati Mandir",48,,,फोंडा,कुळये,15,20:00,20:40,OBL,DAILY,,वस्ती,
11095,"Ratnagiri To Sawantwadi Via Phonda",Ratnagiri,Sawantwadi,PHONDA,MO,15295,"Waked Laxmi Garden",52.4,,,फोंडा,कुळये,15,20:00,20:40,OBL,DAILY,,वस्ती,
11095,"Ratnagiri To Sawantwadi Via Phonda",Ratnagiri,Sawantwadi,PHONDA,MO,15316,"Watul Titha",55.4,,,फोंडा,कुळये,15,20:00,20:40,OBL,DAILY,,वस्ती,
11095,"Ratnagiri To Sawantwadi Via Phonda",Ratnagiri,Sawantwadi,PHONDA,MO,15325,"Yerdav Fata",59,,,फोंडा,कुळये,15,20:00,20:40,OBL,DAILY,,वस्ती,
11095,"Ratnagiri To Sawantwadi Via Phonda",Ratnagiri,Sawantwadi,PHONDA,MO,14719,"Kharavate Fata",64.5,,,फोंडा,कुळये,15,20:00,20:40,OBL,DAILY,,वस्ती,
11095,"Ratnagiri To Sawantwadi Via Phonda",Ratnagiri,Sawantwadi,PHONDA,MO,14574,"Kharavate Village/Sorap Shop",65.4,,,फोंडा,कुळये,15,20:00,20:40,OBL,DAILY,,वस्ती,
11095,"Ratnagiri To Sawantwadi Via Phonda",Ratnagiri,Sawantwadi,PHONDA,MO,14831,Nerke,66.2,,,फोंडा,कुळये,15,20:00,20:40,OBL,DAILY,,वस्ती,
11095,"Ratnagiri To Sawantwadi Via Phonda",Ratnagiri,Sawantwadi,PHONDA,MO,14615,"Kodavali School",67.8,,,फोंडा,कुळये,15,20:00,20:40,OBL,DAILY,,वस्ती,
11095,"Ratnagiri To Sawantwadi Via Phonda",Ratnagiri,Sawantwadi,PHONDA,MO,15006,Rajapur,71.5,,,फोंडा,कुळये,15,20:00,20:40,OBL,DAILY,,वस्ती,
11095,"Ratnagiri To Sawantwadi Via Phonda",Ratnagiri,Sawantwadi,PHONDA,MO,14568,"Javahar Chowk",73.8,,,फोंडा,कुळये,15,20:00,20:40,OBL,DAILY,,वस्ती,
11095,"Ratnagiri To Sawantwadi Via Phonda",Ratnagiri,Sawantwadi,PHONDA,MO,14473,"Ganga Tirtha Fata",79,,,फोंडा,कुळये,15,20:00,20:40,OBL,DAILY,,वस्ती,
11095,"Ratnagiri To Sawantwadi Via Phonda",Ratnagiri,Sawantwadi,PHONDA,MO,15395,Agrewadi,79.1,,,फोंडा,कुळये,15,20:00,20:40,OBL,DAILY,,वस्ती,
11095,"Ratnagiri To Sawantwadi Via Phonda",Ratnagiri,Sawantwadi,PHONDA,MO,14521,"Hativale Jaitapur Fata",79.9,,,फोंडा,कुळये,15,20:00,20:40,OBL,DAILY,,वस्ती,
11095,"Ratnagiri To Sawantwadi Via Phonda",Ratnagiri,Sawantwadi,PHONDA,MO,14609,Kodiye,83.4,,,फोंडा,कुळये,15,20:00,20:40,OBL,DAILY,,वस्ती,
11095,"Ratnagiri To Sawantwadi Via Phonda",Ratnagiri,Sawantwadi,PHONDA,MO,14879,Panhale,86.4,,,फोंडा,कुळये,15,20:00,20:40,OBL,DAILY,,वस्ती,
11095,"Ratnagiri To Sawantwadi Via Phonda",Ratnagiri,Sawantwadi,PHONDA,MO,15236,"Takewadi School",88.8,,,फोंडा,कुळये,15,20:00,20:40,OBL,DAILY,,वस्ती,
11095,"Ratnagiri To Sawantwadi Via Phonda",Ratnagiri,Sawantwadi,PHONDA,MO,2812,Kharepatan,91.9,,,फोंडा,कुळये,15,20:00,20:40,OBL,DAILY,,वस्ती,
11095,"Ratnagiri To Sawantwadi Via Phonda",Ratnagiri,Sawantwadi,PHONDA,MO,2863,Nadgive,95.2,,,फोंडा,कुळये,15,20:00,20:40,OBL,DAILY,,वस्ती,
11095,"Ratnagiri To Sawantwadi Via Phonda",Ratnagiri,Sawantwadi,PHONDA,MO,2648,Bambarwadi,96,,,फोंडा,कुळये,15,20:00,20:40,OBL,DAILY,,वस्ती,
11095,"Ratnagiri To Sawantwadi Via Phonda",Ratnagiri,Sawantwadi,PHONDA,MO,3010,Wargaon,98.4,,,फोंडा,कुळये,15,20:00,20:40,OBL,DAILY,,वस्ती,
11095,"Ratnagiri To Sawantwadi Via Phonda",Ratnagiri,Sawantwadi,PHONDA,MO,2941,Saliste,101.1,,,फोंडा,कुळये,15,20:00,20:40,OBL,DAILY,,वस्ती,
11095,"Ratnagiri To Sawantwadi Via Phonda",Ratnagiri,Sawantwadi,PHONDA,MO,2982,Tarla,106,,,फोंडा,कुळये,15,20:00,20:40,OBL,DAILY,,वस्ती,
11095,"Ratnagiri To Sawantwadi Via Phonda",Ratnagiri,Sawantwadi,PHONDA,MO,2673,"Bramhan Wadi",112.7,,,फोंडा,कुळये,15,20:00,20:40,OBL,DAILY,,वस्ती,
11095,"Ratnagiri To Sawantwadi Via Phonda",Ratnagiri,Sawantwadi,PHONDA,MO,2872,"Nandgaon Nursary",116.5,,,फोंडा,कुळये,15,20:00,20:40,OBL,DAILY,,वस्ती,
11095,"Ratnagiri To Sawantwadi Via Phonda",Ratnagiri,Sawantwadi,PHONDA,MO,2668,Bobhatewadi,119.2,,,फोंडा,कुळये,15,20:00,20:40,OBL,DAILY,,वस्ती,
11095,"Ratnagiri To Sawantwadi Via Phonda",Ratnagiri,Sawantwadi,PHONDA,MO,2989,"Tondavali Fata",121.6,,,फोंडा,कुळये,15,20:00,20:40,OBL,DAILY,,वस्ती,
11095,"Ratnagiri To Sawantwadi Via Phonda",Ratnagiri,Sawantwadi,PHONDA,MO,2874,"Nandgaon Rly. Stn.",122.3,,,फोंडा,कुळये,15,20:00,20:40,OBL,DAILY,,वस्ती,
11095,"Ratnagiri To Sawantwadi Via Phonda",Ratnagiri,Sawantwadi,PHONDA,MO,3004,Wagheri,124,,,फोंडा,कुळये,15,20:00,20:40,OBL,DAILY,,वस्ती,
11095,"Ratnagiri To Sawantwadi Via Phonda",Ratnagiri,Sawantwadi,PHONDA,MO,2907,"Phonda Kankavli Titha",126.9,,,फोंडा,कुळये,15,20:00,20:40,OBL,DAILY,,वस्ती,
11095,"Ratnagiri To Sawantwadi Via Phonda",Ratnagiri,Sawantwadi,PHONDA,MO,2904,Phonda,129.8,,,फोंडा,कुळये,15,20:00,20:40,OBL,DAILY,,वस्ती,
11095,"Ratnagiri To Sawantwadi Via Phonda",Ratnagiri,Sawantwadi,PHONDA,MO,2871,"Nandgaon Fata",132.7,,,फोंडा,कुळये,15,20:00,20:40,OBL,DAILY,,वस्ती,
11095,"Ratnagiri To Sawantwadi Via Phonda",Ratnagiri,Sawantwadi,PHONDA,MO,2781,Kanadewadi,135.5,,,फोंडा,कुळये,15,20:00,20:40,OBL,DAILY,,वस्ती,
11095,"Ratnagiri To Sawantwadi Via Phonda",Ratnagiri,Sawantwadi,PHONDA,MO,2790,Karul,136.5,,,फोंडा,कुळये,15,20:00,20:40,OBL,DAILY,,वस्ती,
11095,"Ratnagiri To Sawantwadi Via Phonda",Ratnagiri,Sawantwadi,PHONDA,MO,2757,"Humrath Mal Ghorpiwadi",139.3,,,फोंडा,कुळये,15,20:00,20:40,OBL,DAILY,,वस्ती,
11095,"Ratnagiri To Sawantwadi Via Phonda",Ratnagiri,Sawantwadi,PHONDA,MO,2756,"Humrat Titha",140.8,,,फोंडा,कुळये,15,20:00,20:40,OBL,DAILY,,वस्ती,
11095,"Ratnagiri To Sawantwadi Via Phonda",Ratnagiri,Sawantwadi,PHONDA,MO,2766,Janavali,143.9,,,फोंडा,कुळये,15,20:00,20:40,OBL,DAILY,,वस्ती,
11095,"Ratnagiri To Sawantwadi Via Phonda",Ratnagiri,Sawantwadi,PHONDA,MO,2786,Kankavli,147.7,,,फोंडा,कुळये,15,20:00,20:40,OBL,DAILY,,वस्ती,
11095,"Ratnagiri To Sawantwadi Via Phonda",Ratnagiri,Sawantwadi,PHONDA,MO,3001,"Wagade Gpo",152.8,,,फोंडा,कुळये,15,20:00,20:40,OBL,DAILY,,वस्ती,
11095,"Ratnagiri To Sawantwadi Via Phonda",Ratnagiri,Sawantwadi,PHONDA,MO,2692,Dangalwadi,153.7,,,फोंडा,कुळये,15,20:00,20:40,OBL,DAILY,,वस्ती,
11095,"Ratnagiri To Sawantwadi Via Phonda",Ratnagiri,Sawantwadi,PHONDA,MO,2891,"Osargaon Talav",154.8,,,फोंडा,कुळये,15,20:00,20:40,OBL,DAILY,,वस्ती,
11095,"Ratnagiri To Sawantwadi Via Phonda",Ratnagiri,Sawantwadi,PHONDA,MO,2890,"Osargaon Post",157.7,,,फोंडा,कुळये,15,20:00,20:40,OBL,DAILY,,वस्ती,
11095,"Ratnagiri To Sawantwadi Via Phonda",Ratnagiri,Sawantwadi,PHONDA,MO,24756,Ms,159,,,फोंडा,कुळये,15,20:00,20:40,OBL,DAILY,,वस्ती,
11095,"Ratnagiri To Sawantwadi Via Phonda",Ratnagiri,Sawantwadi,PHONDA,MO,6281,Kasal,162,,,फोंडा,कुळये,15,20:00,20:40,OBL,DAILY,,वस्ती,
11095,"Ratnagiri To Sawantwadi Via Phonda",Ratnagiri,Sawantwadi,PHONDA,MO,6116,Awali,164,,,फोंडा,कुळये,15,20:00,20:40,OBL,DAILY,,वस्ती,
11095,"Ratnagiri To Sawantwadi Via Phonda",Ratnagiri,Sawantwadi,PHONDA,MO,6204,"Humarmala Kasale Dukan",171,,,फोंडा,कुळये,15,20:00,20:40,OBL,DAILY,,वस्ती,
11095,"Ratnagiri To Sawantwadi Via Phonda",Ratnagiri,Sawantwadi,PHONDA,MO,6365,Pandur,173.7,,,फोंडा,कुळये,15,20:00,20:40,OBL,DAILY,,वस्ती,
11095,"Ratnagiri To Sawantwadi Via Phonda",Ratnagiri,Sawantwadi,PHONDA,MO,6237,"Kudal St Depot",182.8,,,फोंडा,कुळये,15,20:00,20:40,OBL,DAILY,,वस्ती,
11095,"Ratnagiri To Sawantwadi Via Phonda",Ratnagiri,Sawantwadi,PHONDA,MO,1840,"Modka Vad",184.7,,,फोंडा,कुळये,15,20:00,20:40,OBL,DAILY,,वस्ती,
11095,"Ratnagiri To Sawantwadi Via Phonda",Ratnagiri,Sawantwadi,PHONDA,MO,6126,Bibavane,187.9,,,फोंडा,कुळये,15,20:00,20:40,OBL,DAILY,,वस्ती,
11095,"Ratnagiri To Sawantwadi Via Phonda",Ratnagiri,Sawantwadi,PHONDA,MO,6322,"Mandkuli Fata",188.4,,,फोंडा,कुळये,15,20:00,20:40,OBL,DAILY,,वस्ती,
11095,"Ratnagiri To Sawantwadi Via Phonda",Ratnagiri,Sawantwadi,PHONDA,MO,6231,"Khan Mohalla",194.9,,,फोंडा,कुळये,15,20:00,20:40,OBL,DAILY,,वस्ती,
11095,"Ratnagiri To Sawantwadi Via Phonda",Ratnagiri,Sawantwadi,PHONDA,MO,6101,Akeri,197.5,,,फोंडा,कुळये,15,20:00,20:40,OBL,DAILY,,वस्ती,
11095,"Ratnagiri To Sawantwadi Via Phonda",Ratnagiri,Sawantwadi,PHONDA,MO,8551,"Kolgaon Thita",200,,,फोंडा,कुळये,15,20:00,20:40,OBL,DAILY,,वस्ती,
11095,"Ratnagiri To Sawantwadi Via Phonda",Ratnagiri,Sawantwadi,PHONDA,MO,8663,Sawantwadi,203.4,,,फोंडा,कुळये,15,20:00,20:40,OBL,DAILY,,वस्ती,
11226,"Tarla To Gadhi Tamhane",Tarla,"Gadhi Tamhane",,MO,2982,Tarla,,,,तरळे,गडीतांहणे,32.4,07:00,08:10,SC,DAILY,,,
11226,"Tarla To Gadhi Tamhane",Tarla,"Gadhi Tamhane",,MO,2696,Darom,3.2,,,तरळे,गडीतांहणे,32.4,07:00,08:10,SC,DAILY,,,
11226,"Tarla To Gadhi Tamhane",Tarla,"Gadhi Tamhane",,MO,1737,"Gavane High School",5.5,,,तरळे,गडीतांहणे,32.4,07:00,08:10,SC,DAILY,,,
11226,"Tarla To Gadhi Tamhane",Tarla,"Gadhi Tamhane",,MO,1736,"Gavane Fata",9,,,तरळे,गडीतांहणे,32.4,07:00,08:10,SC,DAILY,,,
11226,"Tarla To Gadhi Tamhane",Tarla,"Gadhi Tamhane",,MO,1970,"Rameshwar Temple",10.3,,,तरळे,गडीतांहणे,32.4,07:00,08:10,SC,DAILY,,,
11226,"Tarla To Gadhi Tamhane",Tarla,"Gadhi Tamhane",,MO,2024,"Undil Titha",12.1,,,तरळे,गडीतांहणे,32.4,07:00,08:10,SC,DAILY,,,
11226,"Tarla To Gadhi Tamhane",Tarla,"Gadhi Tamhane",,MO,1706,Fanasgaon,15.1,,,तरळे,गडीतांहणे,32.4,07:00,08:10,SC,DAILY,,,
11226,"Tarla To Gadhi Tamhane",Tarla,"Gadhi Tamhane",,MO,2009,Tambewadi,16.2,,,तरळे,गडीतांहणे,32.4,07:00,08:10,SC,DAILY,,,
11226,"Tarla To Gadhi Tamhane",Tarla,"Gadhi Tamhane",,MO,1834,Mal,21,,,तरळे,गडीतांहणे,32.4,07:00,08:10,SC,DAILY,,,
11226,"Tarla To Gadhi Tamhane",Tarla,"Gadhi Tamhane",,MO,1855,"Mail Dagad",24,,,तरळे,गडीतांहणे,32.4,07:00,08:10,SC,DAILY,,,
11226,"Tarla To Gadhi Tamhane",Tarla,"Gadhi Tamhane",,MO,1725,"Ganesh Mandir",27,,,तरळे,गडीतांहणे,32.4,07:00,08:10,SC,DAILY,,,
11226,"Tarla To Gadhi Tamhane",Tarla,"Gadhi Tamhane",,MO,1631,Amrai,28.3,,,तरळे,गडीतांहणे,32.4,07:00,08:10,SC,DAILY,,,
11226,"Tarla To Gadhi Tamhane",Tarla,"Gadhi Tamhane",,MO,1838,Madhaliwadi,30,,,तरळे,गडीतांहणे,32.4,07:00,08:10,SC,DAILY,,,
11226,"Tarla To Gadhi Tamhane",Tarla,"Gadhi Tamhane",,MO,1716,"Gadhi Tamhane",32.4,,,तरळे,गडीतांहणे,32.4,07:00,08:10,SC,DAILY,,,
39199,"Belgaum To Kankavli Via Amboli",Belgaum,Kankavli,AMBOLI,MO,73214,Belgaum,,,,बेळगाव,कणकवली,159.1,12:30,17:15,,,,,
39199,"Belgaum To Kankavli Via Amboli",Belgaum,Kankavli,AMBOLI,MO,73207,"Belgaum Rly. Stn.",3,,,बेळगाव,कणकवली,159.1,12:30,17:15,,,,,
39199,"Belgaum To Kankavli Via Amboli",Belgaum,Kankavli,AMBOLI,MO,73212,Bogarves,5,,,बेळगाव,कणकवली,159.1,12:30,17:15,,,,,
39199,"Belgaum To Kankavli Via Amboli",Belgaum,Kankavli,AMBOLI,MO,73513,Hindalga,10,,,बेळगाव,कणकवली,159.1,12:30,17:15,,,,,
39199,"Belgaum To Kankavli Via Amboli",Belgaum,Kankavli,AMBOLI,MO,73192,"Bachi Krt Border",19,,,बेळगाव,कणकवली,159.1,12:30,17:15,,,,,
39199,"Belgaum To Kankavli Via Amboli",Belgaum,Kankavli,AMBOLI,MO,25678,Shinoli,19.5,,,बेळगाव,कणकवली,159.1,12:30,17:15,,,,,
39199,"Belgaum To Kankavli Via Amboli",Belgaum,Kankavli,AMBOLI,MO,24562,Kudremani,26.6,,,बेळगाव,कणकवली,159.1,12:30,17:15,,,,,
39199,"Belgaum To Kankavli Via Amboli",Belgaum,Kankavli,AMBOLI,MO,25884,Turkewadi,27,,,बेळगाव,कणकवली,159.1,12:30,17:15,,,,,
39199,"Belgaum To Kankavli Via Amboli",Belgaum,Kankavli,AMBOLI,MO,24515,Karve,27.9,,,बेळगाव,कणकवली,159.1,12:30,17:15,,,,,
39199,"Belgaum To Kankavli Via Amboli",Belgaum,Kankavli,AMBOLI,MO,25133,"Patane Fata",29.6,,,बेळगाव,कणकवली,159.1,12:30,17:15,,,,,
39199,"Belgaum To Kankavli Via Amboli",Belgaum,Kankavli,AMBOLI,MO,23937,"Halkarni Fata",31.5,,,बेळगाव,कणकवली,159.1,12:30,17:15,,,,,
39199,"Belgaum To Kankavli Via Amboli",Belgaum,Kankavli,AMBOLI,MO,23500,Date,35.7,,,बेळगाव,कणकवली,159.1,12:30,17:15,,,,,
39199,"Belgaum To Kankavli Via Amboli",Belgaum,Kankavli,AMBOLI,MO,23259,Belebhat,36.5,,,बेळगाव,कणकवली,159.1,12:30,17:15,,,,,
39199,"Belgaum To Kankavli Via Amboli",Belgaum,Kankavli,AMBOLI,MO,24495,Koraj,39,,,बेळगाव,कणकवली,159.1,12:30,17:15,,,,,
39199,"Belgaum To Kankavli Via Amboli",Belgaum,Kankavli,AMBOLI,MO,24986,Naganwadi,40.6,,,बेळगाव,कणकवली,159.1,12:30,17:15,,,,,
39199,"Belgaum To Kankavli Via Amboli",Belgaum,Kankavli,AMBOLI,MO,23443,"Chandgad Fata",43.7,,,बेळगाव,कणकवली,159.1,12:30,17:15,,,,,
39199,"Belgaum To Kankavli Via Amboli",Belgaum,Kankavli,AMBOLI,MO,23971,Hindgaon,47.4,,,बेळगाव,कणकवली,159.1,12:30,17:15,,,,,
39199,"Belgaum To Kankavli Via Amboli",Belgaum,Kankavli,AMBOLI,MO,24762,Mhalunge,49.6,,,बेळगाव,कणकवली,159.1,12:30,17:15,,,,,
39199,"Belgaum To Kankavli Via Amboli",Belgaum,Kankavli,AMBOLI,MO,23326,"Birdi Kanur",53.5,,,बेळगाव,कणकवली,159.1,12:30,17:15,,,,,
39199,"Belgaum To Kankavli Via Amboli",Belgaum,Kankavli,AMBOLI,MO,23361,"Bazar Kanur",56.1,,,बेळगाव,कणकवली,159.1,12:30,17:15,,,,,
39199,"Belgaum To Kankavli Via Amboli",Belgaum,Kankavli,AMBOLI,MO,25484,Sadegudavade,58.4,,,बेळगाव,कणकवली,159.1,12:30,17:15,,,,,
39199,"Belgaum To Kankavli Via Amboli",Belgaum,Kankavli,AMBOLI,MO,25219,Punarvasan,62.1,,,बेळगाव,कणकवली,159.1,12:30,17:15,,,,,
39199,"Belgaum To Kankavli Via Amboli",Belgaum,Kankavli,AMBOLI,MO,8597,Nagartaskari,65.1,,,बेळगाव,कणकवली,159.1,12:30,17:15,,,,,
39199,"Belgaum To Kankavli Via Amboli",Belgaum,Kankavli,AMBOLI,MO,8473,"Ajra Fata",67,,,बेळगाव,कणकवली,159.1,12:30,17:15,,,,,
39199,"Belgaum To Kankavli Via Amboli",Belgaum,Kankavli,AMBOLI,MO,8582,Mulvanwadi,70,,,बेळगाव,कणकवली,159.1,12:30,17:15,,,,,
39199,"Belgaum To Kankavli Via Amboli",Belgaum,Kankavli,AMBOLI,MO,8470,Amboli,73.5,,,बेळगाव,कणकवली,159.1,12:30,17:15,,,,,
39199,"Belgaum To Kankavli Via Amboli",Belgaum,Kankavli,AMBOLI,MO,8607,Nanapani,82,,,बेळगाव,कणकवली,159.1,12:30,17:15,,,,,
39199,"Belgaum To Kankavli Via Amboli",Belgaum,Kankavli,AMBOLI,MO,8564,Kumbheshwar,88,,,बेळगाव,कणकवली,159.1,12:30,17:15,,,,,
39199,"Belgaum To Kankavli Via Amboli",Belgaum,Kankavli,AMBOLI,MO,8510,Danoli,89.9,,,बेळगाव,कणकवली,159.1,12:30,17:15,,,,,
39199,"Belgaum To Kankavli Via Amboli",Belgaum,Kankavli,AMBOLI,MO,8569,"Madkhol Met",94,,,बेळगाव,कणकवली,159.1,12:30,17:15,,,,,
39199,"Belgaum To Kankavli Via Amboli",Belgaum,Kankavli,AMBOLI,MO,8653,"Sapale Stop",97.1,,,बेळगाव,कणकवली,159.1,12:30,17:15,,,,,
39199,"Belgaum To Kankavli Via Amboli",Belgaum,Kankavli,AMBOLI,MO,8488,"Burdi Pul",99.6,,,बेळगाव,कणकवली,159.1,12:30,17:15,,,,,
39199,"Belgaum To Kankavli Via Amboli",Belgaum,Kankavli,AMBOLI,MO,8663,Sawantwadi,103,,,बेळगाव,कणकवली,159.1,12:30,17:15,,,,,
39199,"Belgaum To Kankavli Via Amboli",Belgaum,Kankavli,AMBOLI,MO,8551,"Kolgaon Thita",106.2,,,बेळगाव,कणकवली,159.1,12:30,17:15,,,,,
39199,"Belgaum To Kankavli Via Amboli",Belgaum,Kankavli,AMBOLI,MO,6101,Akeri,108.9,,,बेळगाव,कणकवली,159.1,12:30,17:15,,,,,
39199,"Belgaum To Kankavli Via Amboli",Belgaum,Kankavli,AMBOLI,MO,6231,"Khan Mohalla",111.5,,,बेळगाव,कणकवली,159.1,12:30,17:15,,,,,
39199,"Belgaum To Kankavli Via Amboli",Belgaum,Kankavli,AMBOLI,MO,6474,"Zharap Titha",113.8,,,बेळगाव,कणकवली,159.1,12:30,17:15,,,,,
39199,"Belgaum To Kankavli Via Amboli",Belgaum,Kankavli,AMBOLI,MO,6441,"Terse Bambarde Fata",114.5,,,बेळगाव,कणकवली,159.1,12:30,17:15,,,,,
39199,"Belgaum To Kankavli Via Amboli",Belgaum,Kankavli,AMBOLI,MO,6322,"Mandkuli Fata",116,,,बेळगाव,कणकवली,159.1,12:30,17:15,,,,,
39199,"Belgaum To Kankavli Via Amboli",Belgaum,Kankavli,AMBOLI,MO,6302,"Modka Wad Pinguli",119.1,,,बेळगाव,कणकवली,159.1,12:30,17:15,,,,,
39199,"Belgaum To Kankavli Via Amboli",Belgaum,Kankavli,AMBOLI,MO,6237,"Kudal St Depot",123.7,,,बेळगाव,कणकवली,159.1,12:30,17:15,,,,,
39199,"Belgaum To Kankavli Via Amboli",Belgaum,Kankavli,AMBOLI,MO,6240,"Kudal St Depot",125.2,,,बेळगाव,कणकवली,159.1,12:30,17:15,,,,,
39199,"Belgaum To Kankavli Via Amboli",Belgaum,Kankavli,AMBOLI,MO,6380,"Pawashi Panchayat",127.6,,,बेळगाव,कणकवली,159.1,12:30,17:15,,,,,
39199,"Belgaum To Kankavli Via Amboli",Belgaum,Kankavli,AMBOLI,MO,88100,Vetalbambarde,129.7,,,बेळगाव,कणकवली,159.1,12:30,17:15,,,,,
39199,"Belgaum To Kankavli Via Amboli",Belgaum,Kankavli,AMBOLI,MO,6378,"Pandur Titha",132.7,,,बेळगाव,कणकवली,159.1,12:30,17:15,,,,,
39199,"Belgaum To Kankavli Via Amboli",Belgaum,Kankavli,AMBOLI,MO,6204,"Humarmala Kasale Dukan",134.6,,,बेळगाव,कणकवली,159.1,12:30,17:15,,,,,
39199,"Belgaum To Kankavli Via Amboli",Belgaum,Kankavli,AMBOLI,MO,6224,"Jijamata Hospital",135.2,,,बेळगाव,कणकवली,159.1,12:30,17:15,,,,,
39199,"Belgaum To Kankavli Via Amboli",Belgaum,Kankavli,AMBOLI,MO,6362,"Oros Bus Stnad",139.2,,,बेळगाव,कणकवली,159.1,12:30,17:15,,,,,
39199,"Belgaum To Kankavli Via Amboli",Belgaum,Kankavli,AMBOLI,MO,6116,Awali,140.7,,,बेळगाव,कणकवली,159.1,12:30,17:15,,,,,
39199,"Belgaum To Kankavli Via Amboli",Belgaum,Kankavli,AMBOLI,MO,6281,Kasal,144.5,,,बेळगाव,कणकवली,159.1,12:30,17:15,,,,,
39199,"Belgaum To Kankavli Via Amboli",Belgaum,Kankavli,AMBOLI,MO,2698,Dewoolwadi,145.6,,,बेळगाव,कणकवली,159.1,12:30,17:15,,,,,
39199,"Belgaum To Kankavli Via Amboli",Belgaum,Kankavli,AMBOLI,MO,2890,"Osargaon Post",147.6,,,बेळगाव,कणकवली,159.1,12:30,17:15,,,,,
39199,"Belgaum To Kankavli Via Amboli",Belgaum,Kankavli,AMBOLI,MO,2891,"Osargaon Talav",150.9,,,बेळगाव,कणकवली,159.1,12:30,17:15,,,,,
39199,"Belgaum To Kankavli Via Amboli",Belgaum,Kankavli,AMBOLI,MO,2692,Dangalwadi,154.2,,,बेळगाव,कणकवली,159.1,12:30,17:15,,,,,
39199,"Belgaum To Kankavli Via Amboli",Belgaum,Kankavli,AMBOLI,MO,3002,Wagde,156,,,बेळगाव,कणकवली,159.1,12:30,17:15,,,,,
39199,"Belgaum To Kankavli Via Amboli",Belgaum,Kankavli,AMBOLI,MO,2786,Kankavli,159.8,,,बेळगाव,कणकवली,159.1,12:30,17:15,,,,,
104558,"Tale Bazar To Tarla Via Waniwade","Tale Bazar",Tarla,WANIWADE,MO,1997,"Tale Bazar",,,,तळेबाजार,तरळे,41.4,14:45,16:25,NON,DAILY,,,
104558,"Tale Bazar To Tarla Via Waniwade","Tale Bazar",Tarla,WANIWADE,MO,2008,"Tamhane Tar",2.4,,,तळेबाजार,तरळे,41.4,14:45,16:25,NON,DAILY,,,
104558,"Tale Bazar To Tarla Via Waniwade","Tale Bazar",Tarla,WANIWADE,MO,1787,Kalvi,5.4,,,तळेबाजार,तरळे,41.4,14:45,16:25,NON,DAILY,,,
104558,"Tale Bazar To Tarla Via Waniwade","Tale Bazar",Tarla,WANIWADE,MO,1855,"Mail Dagad",8.4,,,तळेबाजार,तरळे,41.4,14:45,16:25,NON,DAILY,,,
104558,"Tale Bazar To Tarla Via Waniwade","Tale Bazar",Tarla,WANIWADE,MO,2059,Waniwade,9.4,,,तळेबाजार,तरळे,41.4,14:45,16:25,NON,DAILY,,,
104558,"Tale Bazar To Tarla Via Waniwade","Tale Bazar",Tarla,WANIWADE,MO,1638,Bhatwadi,11.4,,,तळेबाजार,तरळे,41.4,14:45,16:25,NON,DAILY,,,
104558,"Tale Bazar To Tarla Via Waniwade","Tale Bazar",Tarla,WANIWADE,MO,1652,"Baparde School",11.9,,,तळेबाजार,तरळे,41.4,14:45,16:25,NON,DAILY,,,
104558,"Tale Bazar To Tarla Via Waniwade","Tale Bazar",Tarla,WANIWADE,MO,1962,"Rameshwar Mandir",12.4,,,तळेबाजार,तरळे,41.4,14:45,16:25,NON,DAILY,,,
104558,"Tale Bazar To Tarla Via Waniwade","Tale Bazar",Tarla,WANIWADE,MO,1855,"Mail Dagad",13.4,,,तळेबाजार,तरळे,41.4,14:45,16:25,NON,DAILY,,,
104558,"Tale Bazar To Tarla Via Waniwade","Tale Bazar",Tarla,WANIWADE,MO,1762,Kaleshwar,17.4,,,तळेबाजार,तरळे,41.4,14:45,16:25,NON,DAILY,,,
104558,"Tale Bazar To Tarla Via Waniwade","Tale Bazar",Tarla,WANIWADE,MO,88108,Pendhari,20.4,,,तळेबाजार,तरळे,41.4,14:45,16:25,NON,DAILY,,,
104558,"Tale Bazar To Tarla Via Waniwade","Tale Bazar",Tarla,WANIWADE,MO,1985,Somalewadi,21.4,,,तळेबाजार,तरळे,41.4,14:45,16:25,NON,DAILY,,,
104558,"Tale Bazar To Tarla Via Waniwade","Tale Bazar",Tarla,WANIWADE,MO,1855,"Mail Dagad",23.4,,,तळेबाजार,तरळे,41.4,14:45,16:25,NON,DAILY,,,
104558,"Tale Bazar To Tarla Via Waniwade","Tale Bazar",Tarla,WANIWADE,MO,1948,Patgaon,24.4,,,तळेबाजार,तरळे,41.4,14:45,16:25,NON,DAILY,,,
104558,"Tale Bazar To Tarla Via Waniwade","Tale Bazar",Tarla,WANIWADE,MO,1739,Gowal,26.4,,,तळेबाजार,तरळे,41.4,14:45,16:25,NON,DAILY,,,
104558,"Tale Bazar To Tarla Via Waniwade","Tale Bazar",Tarla,WANIWADE,MO,1738,"Gowal Fata",29.4,,,तळेबाजार,तरळे,41.4,14:45,16:25,NON,DAILY,,,
104558,"Tale Bazar To Tarla Via Waniwade","Tale Bazar",Tarla,WANIWADE,MO,1706,Fanasgaon,30.4,,,तळेबाजार,तरळे,41.4,14:45,16:25,NON,DAILY,,,
104558,"Tale Bazar To Tarla Via Waniwade","Tale Bazar",Tarla,WANIWADE,MO,2024,"Undil Titha",32.4,,,तळेबाजार,तरळे,41.4,14:45,16:25,NON,DAILY,,,
104558,"Tale Bazar To Tarla Via Waniwade","Tale Bazar",Tarla,WANIWADE,MO,1752,Hasnadi,33.4,,,तळेबाजार,तरळे,41.4,14:45,16:25,NON,DAILY,,,
104558,"Tale Bazar To Tarla Via Waniwade","Tale Bazar",Tarla,WANIWADE,MO,1659,"Burambawade Fata",35.4,,,तळेबाजार,तरळे,41.4,14:45,16:25,NON,DAILY,,,
104558,"Tale Bazar To Tarla Via Waniwade","Tale Bazar",Tarla,WANIWADE,MO,2696,Darom,38.4,,,तळेबाजार,तरळे,41.4,14:45,16:25,NON,DAILY,,,
104558,"Tale Bazar To Tarla Via Waniwade","Tale Bazar",Tarla,WANIWADE,MO,2982,Tarla,41.4,,,तळेबाजार,तरळे,41.4,14:45,16:25,NON,DAILY,,,
127407,"Dsouza House To Ursula High School Via Kanedi","Dsouza House","Ursula High School",KANEDI,MO,2710,"Dsouza House",,,,कनेडी,उत्सुर्ला,21.2,07:25,08:05,SC,SUN,,आईडियल,
127407,"Dsouza House To Ursula High School Via Kanedi","Dsouza House","Ursula High School",KANEDI,MO,2782,Kanedi,3.2,,,कनेडी,उत्सुर्ला,21.2,07:25,08:05,SC,SUN,,आईडियल,
127407,"Dsouza House To Ursula High School Via Kanedi","Dsouza House","Ursula High School",KANEDI,MO,2926,"Rameshwar Mandir",6,,,कनेडी,उत्सुर्ला,21.2,07:25,08:05,SC,SUN,,आईडियल,
127407,"Dsouza House To Ursula High School Via Kanedi","Dsouza House","Ursula High School",KANEDI,MO,2660,"Bhat Dukan",9,,,कनेडी,उत्सुर्ला,21.2,07:25,08:05,SC,SUN,,आईडियल,
127407,"Dsouza House To Ursula High School Via Kanedi","Dsouza House","Ursula High School",KANEDI,MO,2859,Mudeshwar,12,,,कनेडी,उत्सुर्ला,21.2,07:25,08:05,SC,SUN,,आईडियल,
127407,"Dsouza House To Ursula High School Via Kanedi","Dsouza House","Ursula High School",KANEDI,MO,2786,Kankavli,15,,,कनेडी,उत्सुर्ला,21.2,07:25,08:05,SC,SUN,,आईडियल,
127407,"Dsouza House To Ursula High School Via Kanedi","Dsouza House","Ursula High School",KANEDI,MO,88092,"Kalmath Phanaswadi",18,,,कनेडी,उत्सुर्ला,21.2,07:25,08:05,SC,SUN,,आईडियल,
127407,"Dsouza House To Ursula High School Via Kanedi","Dsouza House","Ursula High School",KANEDI,MO,2993,"Ursula High School",21.2,,,कनेडी,उत्सुर्ला,21.2,07:25,08:05,SC,SUN,,आईडियल,
59410,"Kankavli To Aare Via Nirom",Kankavli,Aare,NIROM,MO,2786,Kankavli,,,,कणकवली,आरे,25.7,19:00,20:10,OBL,DAILY,,"बिडवाडी सांड्वे निरोम वस्ती",
59410,"Kankavli To Aare Via Nirom",Kankavli,Aare,NIROM,MO,88092,"Kalmath Phanaswadi",3,,,कणकवली,आरे,25.7,19:00,20:10,OBL,DAILY,,"बिडवाडी सांड्वे निरोम वस्ती",
59410,"Kankavli To Aare Via Nirom",Kankavli,Aare,NIROM,MO,2902,"Phalsewadi School",6,,,कणकवली,आरे,25.7,19:00,20:10,OBL,DAILY,,"बिडवाडी सांड्वे निरोम वस्ती",
59410,"Kankavli To Aare Via Nirom",Kankavli,Aare,NIROM,MO,2666,"Bidwadi Gpo",9,,,कणकवली,आरे,25.7,19:00,20:10,OBL,DAILY,,"बिडवाडी सांड्वे निरोम वस्ती",
59410,"Kankavli To Aare Via Nirom",Kankavli,Aare,NIROM,MO,6933,Masurkarwadi,12,,,कणकवली,आरे,25.7,19:00,20:10,OBL,DAILY,,"बिडवाडी सांड्वे निरोम वस्ती",
59410,"Kankavli To Aare Via Nirom",Kankavli,Aare,NIROM,MO,6988,"Sandave High School",13.2,,,कणकवली,आरे,25.7,19:00,20:10,OBL,DAILY,,"बिडवाडी सांड्वे निरोम वस्ती",
59410,"Kankavli To Aare Via Nirom",Kankavli,Aare,NIROM,MO,6967,"Pophal Ghati",15,,,कणकवली,आरे,25.7,19:00,20:10,OBL,DAILY,,"बिडवाडी सांड्वे निरोम वस्ती",
59410,"Kankavli To Aare Via Nirom",Kankavli,Aare,NIROM,MO,88069,Nirom,18,,,कणकवली,आरे,25.7,19:00,20:10,OBL,DAILY,,"बिडवाडी सांड्वे निरोम वस्ती",
59410,"Kankavli To Aare Via Nirom",Kankavli,Aare,NIROM,MO,1613,"Are Dhangarwadi",21,,,कणकवली,आरे,25.7,19:00,20:10,OBL,DAILY,,"बिडवाडी सांड्वे निरोम वस्ती",
59410,"Kankavli To Aare Via Nirom",Kankavli,Aare,NIROM,MO,1619,"Are School",24,,,कणकवली,आरे,25.7,19:00,20:10,OBL,DAILY,,"बिडवाडी सांड्वे निरोम वस्ती",
59410,"Kankavli To Aare Via Nirom",Kankavli,Aare,NIROM,MO,88068,Aare,25.7,,,कणकवली,आरे,25.7,19:00,20:10,OBL,DAILY,,"बिडवाडी सांड्वे निरोम वस्ती",
59435,"Tambalwadi Sherpe To Tarla","Tambalwadi Sherpe",Tarla,,MO,88090,"Tambalwadi Sherpe",,,,तांबळवाडी,तरळे,29.5,05:45,06:45,OBL,DAILY,"10.25 ते 11.00 विश्रांती","शेवडे खारेपाटण",
59435,"Tambalwadi Sherpe To Tarla","Tambalwadi Sherpe",Tarla,,MO,2960,"Sherpe Ranewadi",2.8,,,तांबळवाडी,तरळे,29.5,05:45,06:45,OBL,DAILY,"10.25 ते 11.00 विश्रांती","शेवडे खारेपाटण",
59435,"Tambalwadi Sherpe To Tarla","Tambalwadi Sherpe",Tarla,,MO,2959,"Sherpe Bazar",6,,,तांबळवाडी,तरळे,29.5,05:45,06:45,OBL,DAILY,"10.25 ते 11.00 विश्रांती","शेवडे खारेपाटण",
59435,"Tambalwadi Sherpe To Tarla","Tambalwadi Sherpe",Tarla,,MO,2831,"Kurangawane Gadewadi",6.8,,,तांबळवाडी,तरळे,29.5,05:45,06:45,OBL,DAILY,"10.25 ते 11.00 विश्रांती","शेवडे खारेपाटण",
59435,"Tambalwadi Sherpe To Tarla","Tambalwadi Sherpe",Tarla,,MO,2844,"Mail Stone",6.9,,,तांबळवाडी,तरळे,29.5,05:45,06:45,OBL,DAILY,"10.25 ते 11.00 विश्रांती","शेवडे खारेपाटण",
59435,"Tambalwadi Sherpe To Tarla","Tambalwadi Sherpe",Tarla,,MO,2865,"Nadgive Sherpe Fata",9.6,,,तांबळवाडी,तरळे,29.5,05:45,06:45,OBL,DAILY,"10.25 ते 11.00 विश्रांती","शेवडे खारेपाटण",
59435,"Tambalwadi Sherpe To Tarla","Tambalwadi Sherpe",Tarla,,MO,2812,Kharepatan,13.2,,,तांबळवाडी,तरळे,29.5,05:45,06:45,OBL,DAILY,"10.25 ते 11.00 विश्रांती","शेवडे खारेपाटण",
59435,"Tambalwadi Sherpe To Tarla","Tambalwadi Sherpe",Tarla,,MO,2863,Nadgive,16.5,,,तांबळवाडी,तरळे,29.5,05:45,06:45,OBL,DAILY,"10.25 ते 11.00 विश्रांती","शेवडे खारेपाटण",
59435,"Tambalwadi Sherpe To Tarla","Tambalwadi Sherpe",Tarla,,MO,2844,"Mail Stone",18.3,,,तांबळवाडी,तरळे,29.5,05:45,06:45,OBL,DAILY,"10.25 ते 11.00 विश्रांती","शेवडे खारेपाटण",
59435,"Tambalwadi Sherpe To Tarla","Tambalwadi Sherpe",Tarla,,MO,3010,Wargaon,19.7,,,तांबळवाडी,तरळे,29.5,05:45,06:45,OBL,DAILY,"10.25 ते 11.00 विश्रांती","शेवडे खारेपाटण",
59435,"Tambalwadi Sherpe To Tarla","Tambalwadi Sherpe",Tarla,,MO,2844,"Mail Stone",21.3,,,तांबळवाडी,तरळे,29.5,05:45,06:45,OBL,DAILY,"10.25 ते 11.00 विश्रांती","शेवडे खारेपाटण",
59435,"Tambalwadi Sherpe To Tarla","Tambalwadi Sherpe",Tarla,,MO,2941,Saliste,22.4,,,तांबळवाडी,तरळे,29.5,05:45,06:45,OBL,DAILY,"10.25 ते 11.00 विश्रांती","शेवडे खारेपाटण",
59435,"Tambalwadi Sherpe To Tarla","Tambalwadi Sherpe",Tarla,,MO,2844,"Mail Stone",25.2,,,तांबळवाडी,तरळे,29.5,05:45,06:45,OBL,DAILY,"10.25 ते 11.00 विश्रांती","शेवडे खारेपाटण",
59435,"Tambalwadi Sherpe To Tarla","Tambalwadi Sherpe",Tarla,,MO,2982,Tarla,29.5,,,तांबळवाडी,तरळे,29.5,05:45,06:45,OBL,DAILY,"10.25 ते 11.00 विश्रांती","शेवडे खारेपाटण",
11382,"Vaibhavwadi To Nadvive",Vaibhavwadi,Nadvive,,MO,9291,Vaibhavwadi,,,,वैभववाडी,नाणीवडे,21.4,19:00,19:40,MV,DAILY,,"उम्बर्दे कोलपे तिथवलि वस्ती",
11382,"Vaibhavwadi To Nadvive",Vaibhavwadi,Nadvive,,MO,9275,"Sonali Rop Watik",2.9,,,वैभववाडी,नाणीवडे,21.4,19:00,19:40,MV,DAILY,,"उम्बर्दे कोलपे तिथवलि वस्ती",
11382,"Vaibhavwadi To Nadvive",Vaibhavwadi,Nadvive,,MO,9226,"Kusur Bazarwadi",5.9,,,वैभववाडी,नाणीवडे,21.4,19:00,19:40,MV,DAILY,,"उम्बर्दे कोलपे तिथवलि वस्ती",
11382,"Vaibhavwadi To Nadvive",Vaibhavwadi,Nadvive,,MO,9287,"Umbarde Fata",9.1,,,वैभववाडी,नाणीवडे,21.4,19:00,19:40,MV,DAILY,,"उम्बर्दे कोलपे तिथवलि वस्ती",
11382,"Vaibhavwadi To Nadvive",Vaibhavwadi,Nadvive,,MO,9219,Kolape,12,,,वैभववाडी,नाणीवडे,21.4,19:00,19:40,MV,DAILY,,"उम्बर्दे कोलपे तिथवलि वस्ती",
11382,"Vaibhavwadi To Nadvive",Vaibhavwadi,Nadvive,,MO,9243,"Nanivade Fata",14.7,,,वैभववाडी,नाणीवडे,21.4,19:00,19:40,MV,DAILY,,"उम्बर्दे कोलपे तिथवलि वस्ती",
11382,"Vaibhavwadi To Nadvive",Vaibhavwadi,Nadvive,,MO,9236,"Math Budruk",16.5,,,वैभववाडी,नाणीवडे,21.4,19:00,19:40,MV,DAILY,,"उम्बर्दे कोलपे तिथवलि वस्ती",
11382,"Vaibhavwadi To Nadvive",Vaibhavwadi,Nadvive,,MO,9290,Uranwadi,17.9,,,वैभववाडी,नाणीवडे,21.4,19:00,19:40,MV,DAILY,,"उम्बर्दे कोलपे तिथवलि वस्ती",
11382,"Vaibhavwadi To Nadvive",Vaibhavwadi,Nadvive,,MO,9242,Nanivade,21.4,,,वैभववाडी,नाणीवडे,21.4,19:00,19:40,MV,DAILY,,"उम्बर्दे कोलपे तिथवलि वस्ती",
19854,"Nadvive To Vaibhavwadi",Nadvive,Vaibhavwadi,,MO,88083,Nadvive,,,,नाणीवडे,वैभववाडी,21.4,06:10,06:55,MV,DAILY,"10.30 ते 11.00 विश्रांती","तिथवलि कोलपे उम्बर्डे",
19854,"Nadvive To Vaibhavwadi",Nadvive,Vaibhavwadi,,MO,9290,Uranwadi,3.5,,,नाणीवडे,वैभववाडी,21.4,06:10,06:55,MV,DAILY,"10.30 ते 11.00 विश्रांती","तिथवलि कोलपे उम्बर्डे",
19854,"Nadvive To Vaibhavwadi",Nadvive,Vaibhavwadi,,MO,9236,"Math Budruk",4.9,,,नाणीवडे,वैभववाडी,21.4,06:10,06:55,MV,DAILY,"10.30 ते 11.00 विश्रांती","तिथवलि कोलपे उम्बर्डे",
19854,"Nadvive To Vaibhavwadi",Nadvive,Vaibhavwadi,,MO,9243,"Nanivade Fata",6.7,,,नाणीवडे,वैभववाडी,21.4,06:10,06:55,MV,DAILY,"10.30 ते 11.00 विश्रांती","तिथवलि कोलपे उम्बर्डे",
19854,"Nadvive To Vaibhavwadi",Nadvive,Vaibhavwadi,,MO,9219,Kolape,9.4,,,नाणीवडे,वैभववाडी,21.4,06:10,06:55,MV,DAILY,"10.30 ते 11.00 विश्रांती","तिथवलि कोलपे उम्बर्डे",
19854,"Nadvive To Vaibhavwadi",Nadvive,Vaibhavwadi,,MO,9287,"Umbarde Fata",12.3,,,नाणीवडे,वैभववाडी,21.4,06:10,06:55,MV,DAILY,"10.30 ते 11.00 विश्रांती","तिथवलि कोलपे उम्बर्डे",
19854,"Nadvive To Vaibhavwadi",Nadvive,Vaibhavwadi,,MO,9226,"Kusur Bazarwadi",15.5,,,नाणीवडे,वैभववाडी,21.4,06:10,06:55,MV,DAILY,"10.30 ते 11.00 विश्रांती","तिथवलि कोलपे उम्बर्डे",
19854,"Nadvive To Vaibhavwadi",Nadvive,Vaibhavwadi,,MO,9275,"Sonali Rop Watik",18.5,,,नाणीवडे,वैभववाडी,21.4,06:10,06:55,MV,DAILY,"10.30 ते 11.00 विश्रांती","तिथवलि कोलपे उम्बर्डे",
19854,"Nadvive To Vaibhavwadi",Nadvive,Vaibhavwadi,,MO,9291,Vaibhavwadi,21.4,,,नाणीवडे,वैभववाडी,21.4,06:10,06:55,MV,DAILY,"10.30 ते 11.00 विश्रांती","तिथवलि कोलपे उम्बर्डे",
67590,"Ursula High School To Kankavli","Ursula High School",Kankavli,,MO,2993,"Ursula High School",,,,उत्सुर्ला,कणकवली,4,08:15,08:25,SC,SUN,,,
67590,"Ursula High School To Kankavli","Ursula High School",Kankavli,,MO,2299,Phanaswadi,3,,,उत्सुर्ला,कणकवली,4,08:15,08:25,SC,SUN,,,
67590,"Ursula High School To Kankavli","Ursula High School",Kankavli,,MO,2786,Kankavli,4,,,उत्सुर्ला,कणकवली,4,08:15,08:25,SC,SUN,,,
50239,"Kankavli To Nirom",Kankavli,Nirom,,MO,2786,Kankavli,,,,कणकवली,निरोम,17.9,07:00,07:40,SC,DAILY,,"बिडवाडी,सांडवे",
50239,"Kankavli To Nirom",Kankavli,Nirom,,MO,2299,Phanaswadi,3,,,कणकवली,निरोम,17.9,07:00,07:40,SC,DAILY,,"बिडवाडी,सांडवे",
50239,"Kankavli To Nirom",Kankavli,Nirom,,MO,2901,Phalsewadi,6,,,कणकवली,निरोम,17.9,07:00,07:40,SC,DAILY,,"बिडवाडी,सांडवे",
50239,"Kankavli To Nirom",Kankavli,Nirom,,MO,2666,"Bidwadi Gpo",9,,,कणकवली,निरोम,17.9,07:00,07:40,SC,DAILY,,"बिडवाडी,सांडवे",
50239,"Kankavli To Nirom",Kankavli,Nirom,,MO,6933,Masurkarwadi,12,,,कणकवली,निरोम,17.9,07:00,07:40,SC,DAILY,,"बिडवाडी,सांडवे",
50239,"Kankavli To Nirom",Kankavli,Nirom,,MO,6967,"Pophal Ghati",15,,,कणकवली,निरोम,17.9,07:00,07:40,SC,DAILY,,"बिडवाडी,सांडवे",
50239,"Kankavli To Nirom",Kankavli,Nirom,,MO,88069,Nirom,17.9,,,कणकवली,निरोम,17.9,07:00,07:40,SC,DAILY,,"बिडवाडी,सांडवे",
10911,"Kharepatan To Ringewadi Via Naniwade",Kharepatan,Ringewadi,NANIVADE,MO,2812,Kharepatan,,,,खारेपाटण,रिंगेवाडी,45.4,12:35,14:20,SC,SUN,"16.45 ते 17.15 विश्रांती","क्रू 90 च्या पुढील फेऱ्या व्हाया नानिवडे तिथवली उंबर्डे",
10911,"Kharepatan To Ringewadi Via Naniwade",Kharepatan,Ringewadi,NANIVADE,MO,9238,"Mosam Hotel",4.1,,,खारेपाटण,रिंगेवाडी,45.4,12:35,14:20,SC,SUN,"16.45 ते 17.15 विश्रांती","क्रू 90 च्या पुढील फेऱ्या व्हाया नानिवडे तिथवली उंबर्डे",
10911,"Kharepatan To Ringewadi Via Naniwade",Kharepatan,Ringewadi,NANIVADE,MO,9240,"Mousam Bridge",6.2,,,खारेपाटण,रिंगेवाडी,45.4,12:35,14:20,SC,SUN,"16.45 ते 17.15 विश्रांती","क्रू 90 च्या पुढील फेऱ्या व्हाया नानिवडे तिथवली उंबर्डे",
10911,"Kharepatan To Ringewadi Via Naniwade",Kharepatan,Ringewadi,NANIVADE,MO,9209,"Jamade Bridge",8.4,,,खारेपाटण,रिंगेवाडी,45.4,12:35,14:20,SC,SUN,"16.45 ते 17.15 विश्रांती","क्रू 90 च्या पुढील फेऱ्या व्हाया नानिवडे तिथवली उंबर्डे",
10911,"Kharepatan To Ringewadi Via Naniwade",Kharepatan,Ringewadi,NANIVADE,MO,9284,Tithavali,11.7,,,खारेपाटण,रिंगेवाडी,45.4,12:35,14:20,SC,SUN,"16.45 ते 17.15 विश्रांती","क्रू 90 च्या पुढील फेऱ्या व्हाया नानिवडे तिथवली उंबर्डे",
10911,"Kharepatan To Ringewadi Via Naniwade",Kharepatan,Ringewadi,NANIVADE,MO,9243,"Nanivade Fata",13,,,खारेपाटण,रिंगेवाडी,45.4,12:35,14:20,SC,SUN,"16.45 ते 17.15 विश्रांती","क्रू 90 च्या पुढील फेऱ्या व्हाया नानिवडे तिथवली उंबर्डे",
10911,"Kharepatan To Ringewadi Via Naniwade",Kharepatan,Ringewadi,NANIVADE,MO,9237,"Math Khurd",15,,,खारेपाटण,रिंगेवाडी,45.4,12:35,14:20,SC,SUN,"16.45 ते 17.15 विश्रांती","क्रू 90 च्या पुढील फेऱ्या व्हाया नानिवडे तिथवली उंबर्डे",
10911,"Kharepatan To Ringewadi Via Naniwade",Kharepatan,Ringewadi,NANIVADE,MO,9230,Maildagad,18,,,खारेपाटण,रिंगेवाडी,45.4,12:35,14:20,SC,SUN,"16.45 ते 17.15 विश्रांती","क्रू 90 च्या पुढील फेऱ्या व्हाया नानिवडे तिथवली उंबर्डे",
10911,"Kharepatan To Ringewadi Via Naniwade",Kharepatan,Ringewadi,NANIVADE,MO,9242,Nanivade,21,,,खारेपाटण,रिंगेवाडी,45.4,12:35,14:20,SC,SUN,"16.45 ते 17.15 विश्रांती","क्रू 90 च्या पुढील फेऱ्या व्हाया नानिवडे तिथवली उंबर्डे",
10911,"Kharepatan To Ringewadi Via Naniwade",Kharepatan,Ringewadi,NANIVADE,MO,9230,Maildagad,24,,,खारेपाटण,रिंगेवाडी,45.4,12:35,14:20,SC,SUN,"16.45 ते 17.15 विश्रांती","क्रू 90 च्या पुढील फेऱ्या व्हाया नानिवडे तिथवली उंबर्डे",
10911,"Kharepatan To Ringewadi Via Naniwade",Kharepatan,Ringewadi,NANIVADE,MO,9237,"Math Khurd",27,,,खारेपाटण,रिंगेवाडी,45.4,12:35,14:20,SC,SUN,"16.45 ते 17.15 विश्रांती","क्रू 90 च्या पुढील फेऱ्या व्हाया नानिवडे तिथवली उंबर्डे",
10911,"Kharepatan To Ringewadi Via Naniwade",Kharepatan,Ringewadi,NANIVADE,MO,9243,"Nanivade Fata",28.4,,,खारेपाटण,रिंगेवाडी,45.4,12:35,14:20,SC,SUN,"16.45 ते 17.15 विश्रांती","क्रू 90 च्या पुढील फेऱ्या व्हाया नानिवडे तिथवली उंबर्डे",
10911,"Kharepatan To Ringewadi Via Naniwade",Kharepatan,Ringewadi,NANIVADE,MO,9220,"Kolpe Dukan",33,,,खारेपाटण,रिंगेवाडी,45.4,12:35,14:20,SC,SUN,"16.45 ते 17.15 विश्रांती","क्रू 90 च्या पुढील फेऱ्या व्हाया नानिवडे तिथवली उंबर्डे",
10911,"Kharepatan To Ringewadi Via Naniwade",Kharepatan,Ringewadi,NANIVADE,MO,9296,Waniwadi,36,,,खारेपाटण,रिंगेवाडी,45.4,12:35,14:20,SC,SUN,"16.45 ते 17.15 विश्रांती","क्रू 90 च्या पुढील फेऱ्या व्हाया नानिवडे तिथवली उंबर्डे",
10911,"Kharepatan To Ringewadi Via Naniwade",Kharepatan,Ringewadi,NANIVADE,MO,9233,"Mangawali Dispensary",39,,,खारेपाटण,रिंगेवाडी,45.4,12:35,14:20,SC,SUN,"16.45 ते 17.15 विश्रांती","क्रू 90 च्या पुढील फेऱ्या व्हाया नानिवडे तिथवली उंबर्डे",
10911,"Kharepatan To Ringewadi Via Naniwade",Kharepatan,Ringewadi,NANIVADE,MO,9186,Bhuibavada,42,,,खारेपाटण,रिंगेवाडी,45.4,12:35,14:20,SC,SUN,"16.45 ते 17.15 विश्रांती","क्रू 90 च्या पुढील फेऱ्या व्हाया नानिवडे तिथवली उंबर्डे",
10911,"Kharepatan To Ringewadi Via Naniwade",Kharepatan,Ringewadi,NANIVADE,MO,9264,Ringewadi,45.4,,,खारेपाटण,रिंगेवाडी,45.4,12:35,14:20,SC,SUN,"16.45 ते 17.15 विश्रांती","क्रू 90 च्या पुढील फेऱ्या व्हाया नानिवडे तिथवली उंबर्डे",
127406,"Ursula High School To Dsouza House Via Kanedi","Ursula High School","Dsouza House",KANEDI,MO,2993,"Ursula High School",,,,उत्सुर्ला,कनेडी,21.2,14:30,15:15,SC,"SAT,SUN",,,
127406,"Ursula High School To Dsouza House Via Kanedi","Ursula High School","Dsouza House",KANEDI,MO,88092,"Kalmath Phanaswadi",3.2,,,उत्सुर्ला,कनेडी,21.2,14:30,15:15,SC,"SAT,SUN",,,
127406,"Ursula High School To Dsouza House Via Kanedi","Ursula High School","Dsouza House",KANEDI,MO,2786,Kankavli,6.2,,,उत्सुर्ला,कनेडी,21.2,14:30,15:15,SC,"SAT,SUN",,,
127406,"Ursula High School To Dsouza House Via Kanedi","Ursula High School","Dsouza House",KANEDI,MO,2859,Mudeshwar,9.2,,,उत्सुर्ला,कनेडी,21.2,14:30,15:15,SC,"SAT,SUN",,,
127406,"Ursula High School To Dsouza House Via Kanedi","Ursula High School","Dsouza House",KANEDI,MO,2660,"Bhat Dukan",12.2,,,उत्सुर्ला,कनेडी,21.2,14:30,15:15,SC,"SAT,SUN",,,
127406,"Ursula High School To Dsouza House Via Kanedi","Ursula High School","Dsouza House",KANEDI,MO,2926,"Rameshwar Mandir",15.2,,,उत्सुर्ला,कनेडी,21.2,14:30,15:15,SC,"SAT,SUN",,,
127406,"Ursula High School To Dsouza House Via Kanedi","Ursula High School","Dsouza House",KANEDI,MO,2782,Kanedi,18,,,उत्सुर्ला,कनेडी,21.2,14:30,15:15,SC,"SAT,SUN",,,
127406,"Ursula High School To Dsouza House Via Kanedi","Ursula High School","Dsouza House",KANEDI,MO,2710,"Dsouza House",21.2,,,उत्सुर्ला,कनेडी,21.2,14:30,15:15,SC,"SAT,SUN",,,
59642,"Kankavli To Phonda Via Ursula High School",Kankavli,Phonda,"URSULA HIGH SCHOOL",MO,2786,Kankavli,,,,कणकवली,"उत्सुर्ला फोंडा",25.9,14:15,15:10,SC,SUN,,,
59642,"Kankavli To Phonda Via Ursula High School",Kankavli,Phonda,"URSULA HIGH SCHOOL",MO,88092,"Kalmath Phanaswadi",3,,,कणकवली,"उत्सुर्ला फोंडा",25.9,14:15,15:10,SC,SUN,,,
59642,"Kankavli To Phonda Via Ursula High School",Kankavli,Phonda,"URSULA HIGH SCHOOL",MO,2993,"Ursula High School",4.4,,,कणकवली,"उत्सुर्ला फोंडा",25.9,14:15,15:10,SC,SUN,,,
59642,"Kankavli To Phonda Via Ursula High School",Kankavli,Phonda,"URSULA HIGH SCHOOL",MO,88092,"Kalmath Phanaswadi",7.2,,,कणकवली,"उत्सुर्ला फोंडा",25.9,14:15,15:10,SC,SUN,,,
59642,"Kankavli To Phonda Via Ursula High School",Kankavli,Phonda,"URSULA HIGH SCHOOL",MO,2786,Kankavli,8.8,,,कणकवली,"उत्सुर्ला फोंडा",25.9,14:15,15:10,SC,SUN,,,
59642,"Kankavli To Phonda Via Ursula High School",Kankavli,Phonda,"URSULA HIGH SCHOOL",MO,2766,Janavali,12.6,,,कणकवली,"उत्सुर्ला फोंडा",25.9,14:15,15:10,SC,SUN,,,
59642,"Kankavli To Phonda Via Ursula High School",Kankavli,Phonda,"URSULA HIGH SCHOOL",MO,2756,"Humrat Titha",15.7,,,कणकवली,"उत्सुर्ला फोंडा",25.9,14:15,15:10,SC,SUN,,,
59642,"Kankavli To Phonda Via Ursula High School",Kankavli,Phonda,"URSULA HIGH SCHOOL",MO,2790,Karul,19.2,,,कणकवली,"उत्सुर्ला फोंडा",25.9,14:15,15:10,SC,SUN,,,
59642,"Kankavli To Phonda Via Ursula High School",Kankavli,Phonda,"URSULA HIGH SCHOOL",MO,2781,Kanadewadi,21,,,कणकवली,"उत्सुर्ला फोंडा",25.9,14:15,15:10,SC,SUN,,,
59642,"Kankavli To Phonda Via Ursula High School",Kankavli,Phonda,"URSULA HIGH SCHOOL",MO,2787,"Kankavli Nandgaon Fata",23.8,,,कणकवली,"उत्सुर्ला फोंडा",25.9,14:15,15:10,SC,SUN,,,
59642,"Kankavli To Phonda Via Ursula High School",Kankavli,Phonda,"URSULA HIGH SCHOOL",MO,2904,Phonda,25.9,,,कणकवली,"उत्सुर्ला फोंडा",25.9,14:15,15:10,SC,SUN,,,
10866,"Kankavli To Phonda Via Walwewadi",Kankavli,Phonda,WALWEWADI,MO,2786,Kankavli,,,,कणकवली,फोंडा,20.3,15:00,15:45,NON,DAILY,,तिवरे,
10866,"Kankavli To Phonda Via Walwewadi",Kankavli,Phonda,WALWEWADI,MO,2766,Janavali,2.3,,,कणकवली,फोंडा,20.3,15:00,15:45,NON,DAILY,,तिवरे,
10866,"Kankavli To Phonda Via Walwewadi",Kankavli,Phonda,WALWEWADI,MO,2756,"Humrat Titha",3.5,,,कणकवली,फोंडा,20.3,15:00,15:45,NON,DAILY,,तिवरे,
10866,"Kankavli To Phonda Via Walwewadi",Kankavli,Phonda,WALWEWADI,MO,2655,Belane,8.3,,,कणकवली,फोंडा,20.3,15:00,15:45,NON,DAILY,,तिवरे,
10866,"Kankavli To Phonda Via Walwewadi",Kankavli,Phonda,WALWEWADI,MO,88118,Walwewadi,9,,,कणकवली,फोंडा,20.3,15:00,15:45,NON,DAILY,,तिवरे,
10866,"Kankavli To Phonda Via Walwewadi",Kankavli,Phonda,WALWEWADI,MO,2988,"Tiware Gpo",11.3,,,कणकवली,फोंडा,20.3,15:00,15:45,NON,DAILY,,तिवरे,
10866,"Kankavli To Phonda Via Walwewadi",Kankavli,Phonda,WALWEWADI,MO,2999,"Vitthal Mandir",11.7,,,कणकवली,फोंडा,20.3,15:00,15:45,NON,DAILY,,तिवरे,
10866,"Kankavli To Phonda Via Walwewadi",Kankavli,Phonda,WALWEWADI,MO,2724,Gaothan,14.7,,,कणकवली,फोंडा,20.3,15:00,15:45,NON,DAILY,,तिवरे,
10866,"Kankavli To Phonda Via Walwewadi",Kankavli,Phonda,WALWEWADI,MO,2948,Satamwadi,15.3,,,कणकवली,फोंडा,20.3,15:00,15:45,NON,DAILY,,तिवरे,
10866,"Kankavli To Phonda Via Walwewadi",Kankavli,Phonda,WALWEWADI,MO,2787,"Kankavli Nandgaon Fata",17.5,,,कणकवली,फोंडा,20.3,15:00,15:45,NON,DAILY,,तिवरे,
10866,"Kankavli To Phonda Via Walwewadi",Kankavli,Phonda,WALWEWADI,MO,2904,Phonda,20.3,,,कणकवली,फोंडा,20.3,15:00,15:45,NON,DAILY,,तिवरे,
126400,"Main To Kankavli Via Nandgaon Fata",Main,Kankavli,"NANDGAON FATA",MO,2845,Main,,,,माईण,कणकवली,21.2,10:20,11:00,SC,DAILY,,"ओटव फ़ाटा नंदगाव",
126400,"Main To Kankavli Via Nandgaon Fata",Main,Kankavli,"NANDGAON FATA",MO,2991,Ubadewadi,1,,,माईण,कणकवली,21.2,10:20,11:00,SC,DAILY,,"ओटव फ़ाटा नंदगाव",
126400,"Main To Kankavli Via Nandgaon Fata",Main,Kankavli,"NANDGAON FATA",MO,2847,"Main Panchayat",2,,,माईण,कणकवली,21.2,10:20,11:00,SC,DAILY,,"ओटव फ़ाटा नंदगाव",
126400,"Main To Kankavli Via Nandgaon Fata",Main,Kankavli,"NANDGAON FATA",MO,2894,"Otav Temple",3,,,माईण,कणकवली,21.2,10:20,11:00,SC,DAILY,,"ओटव फ़ाटा नंदगाव",
126400,"Main To Kankavli Via Nandgaon Fata",Main,Kankavli,"NANDGAON FATA",MO,2844,"Mail Stone",6,,,माईण,कणकवली,21.2,10:20,11:00,SC,DAILY,,"ओटव फ़ाटा नंदगाव",
126400,"Main To Kankavli Via Nandgaon Fata",Main,Kankavli,"NANDGAON FATA",MO,2871,"Nandgaon Fata",7.1,,,माईण,कणकवली,21.2,10:20,11:00,SC,DAILY,,"ओटव फ़ाटा नंदगाव",
126400,"Main To Kankavli Via Nandgaon Fata",Main,Kankavli,"NANDGAON FATA",MO,2870,"Nandgaon Datta Mandir",9,,,माईण,कणकवली,21.2,10:20,11:00,SC,DAILY,,"ओटव फ़ाटा नंदगाव",
126400,"Main To Kankavli Via Nandgaon Fata",Main,Kankavli,"NANDGAON FATA",MO,2655,Belane,12,,,माईण,कणकवली,21.2,10:20,11:00,SC,DAILY,,"ओटव फ़ाटा नंदगाव",
126400,"Main To Kankavli Via Nandgaon Fata",Main,Kankavli,"NANDGAON FATA",MO,2756,"Humrat Titha",15,,,माईण,कणकवली,21.2,10:20,11:00,SC,DAILY,,"ओटव फ़ाटा नंदगाव",
126400,"Main To Kankavli Via Nandgaon Fata",Main,Kankavli,"NANDGAON FATA",MO,2766,Janavali,18,,,माईण,कणकवली,21.2,10:20,11:00,SC,DAILY,,"ओटव फ़ाटा नंदगाव",
126400,"Main To Kankavli Via Nandgaon Fata",Main,Kankavli,"NANDGAON FATA",MO,2786,Kankavli,21.2,,,माईण,कणकवली,21.2,10:20,11:00,SC,DAILY,,"ओटव फ़ाटा नंदगाव",
50240,"Nirom To Kankavli",Nirom,Kankavli,,MO,88069,Nirom,,,,निरोम,कणकवली,21,07:50,08:35,SC,DAILY,,"सांडवे,रामगड",
50240,"Nirom To Kankavli",Nirom,Kankavli,,MO,6967,"Pophal Ghati",3,,,निरोम,कणकवली,21,07:50,08:35,SC,DAILY,,"सांडवे,रामगड",
50240,"Nirom To Kankavli",Nirom,Kankavli,,MO,6988,"Sandave High School",4.5,,,निरोम,कणकवली,21,07:50,08:35,SC,DAILY,,"सांडवे,रामगड",
50240,"Nirom To Kankavli",Nirom,Kankavli,,MO,6983,Sadewadi,6,,,निरोम,कणकवली,21,07:50,08:35,SC,DAILY,,"सांडवे,रामगड",
50240,"Nirom To Kankavli",Nirom,Kankavli,,MO,6971,"Ramgad Bazar",9,,,निरोम,कणकवली,21,07:50,08:35,SC,DAILY,,"सांडवे,रामगड",
50240,"Nirom To Kankavli",Nirom,Kankavli,,MO,6835,"Gothane Wad",12,,,निरोम,कणकवली,21,07:50,08:35,SC,DAILY,,"सांडवे,रामगड",
50240,"Nirom To Kankavli",Nirom,Kankavli,,MO,2902,"Phalsewadi School",15,,,निरोम,कणकवली,21,07:50,08:35,SC,DAILY,,"सांडवे,रामगड",
50240,"Nirom To Kankavli",Nirom,Kankavli,,MO,88092,"Kalmath Phanaswadi",18,,,निरोम,कणकवली,21,07:50,08:35,SC,DAILY,,"सांडवे,रामगड",
50240,"Nirom To Kankavli",Nirom,Kankavli,,MO,2786,Kankavli,21,,,निरोम,कणकवली,21,07:50,08:35,SC,DAILY,,"सांडवे,रामगड",
10914,"Kharepatan To Tambalwadi Sherpe",Kharepatan,"Tambalwadi Sherpe",,MO,2812,Kharepatan,,,,खारेपाटण,तांबळवाडी,15,09:00,09:30,NON,DAILY,,शेवडे,
10914,"Kharepatan To Tambalwadi Sherpe",Kharepatan,"Tambalwadi Sherpe",,MO,2865,"Nadgive Sherpe Fata",3,,,खारेपाटण,तांबळवाडी,15,09:00,09:30,NON,DAILY,,शेवडे,
10914,"Kharepatan To Tambalwadi Sherpe",Kharepatan,"Tambalwadi Sherpe",,MO,2844,"Mail Stone",6,,,खारेपाटण,तांबळवाडी,15,09:00,09:30,NON,DAILY,,शेवडे,
10914,"Kharepatan To Tambalwadi Sherpe",Kharepatan,"Tambalwadi Sherpe",,MO,2831,"Kurangawane Gadewadi",6.3,,,खारेपाटण,तांबळवाडी,15,09:00,09:30,NON,DAILY,,शेवडे,
10914,"Kharepatan To Tambalwadi Sherpe",Kharepatan,"Tambalwadi Sherpe",,MO,2959,"Sherpe Bazar",9,,,खारेपाटण,तांबळवाडी,15,09:00,09:30,NON,DAILY,,शेवडे,
10914,"Kharepatan To Tambalwadi Sherpe",Kharepatan,"Tambalwadi Sherpe",,MO,2960,"Sherpe Ranewadi",12,,,खारेपाटण,तांबळवाडी,15,09:00,09:30,NON,DAILY,,शेवडे,
10914,"Kharepatan To Tambalwadi Sherpe",Kharepatan,"Tambalwadi Sherpe",,MO,88090,"Tambalwadi Sherpe",15,,,खारेपाटण,तांबळवाडी,15,09:00,09:30,NON,DAILY,,शेवडे,
59411,"Aare To Kankavli Via Nirom Sandave",Aare,Kankavli,"SANDAVE HIGH SCHOOL",MO,88068,Aare,,,,आरे,कणकवली,25.7,05:30,07:00,OBL,DAILY,"सहा तासात कर्त्यव्य संपते","बुधवळे सांड्वे बिडवाडी",
59411,"Aare To Kankavli Via Nirom Sandave",Aare,Kankavli,"SANDAVE HIGH SCHOOL",MO,1619,"Are School",3,,,आरे,कणकवली,25.7,05:30,07:00,OBL,DAILY,"सहा तासात कर्त्यव्य संपते","बुधवळे सांड्वे बिडवाडी",
59411,"Aare To Kankavli Via Nirom Sandave",Aare,Kankavli,"SANDAVE HIGH SCHOOL",MO,1613,"Are Dhangarwadi",6,,,आरे,कणकवली,25.7,05:30,07:00,OBL,DAILY,"सहा तासात कर्त्यव्य संपते","बुधवळे सांड्वे बिडवाडी",
59411,"Aare To Kankavli Via Nirom Sandave",Aare,Kankavli,"SANDAVE HIGH SCHOOL",MO,88069,Nirom,9,,,आरे,कणकवली,25.7,05:30,07:00,OBL,DAILY,"सहा तासात कर्त्यव्य संपते","बुधवळे सांड्वे बिडवाडी",
59411,"Aare To Kankavli Via Nirom Sandave",Aare,Kankavli,"SANDAVE HIGH SCHOOL",MO,6967,"Pophal Ghati",12,,,आरे,कणकवली,25.7,05:30,07:00,OBL,DAILY,"सहा तासात कर्त्यव्य संपते","बुधवळे सांड्वे बिडवाडी",
59411,"Aare To Kankavli Via Nirom Sandave",Aare,Kankavli,"SANDAVE HIGH SCHOOL",MO,6988,"Sandave High School",13.8,,,आरे,कणकवली,25.7,05:30,07:00,OBL,DAILY,"सहा तासात कर्त्यव्य संपते","बुधवळे सांड्वे बिडवाडी",
59411,"Aare To Kankavli Via Nirom Sandave",Aare,Kankavli,"SANDAVE HIGH SCHOOL",MO,6933,Masurkarwadi,15,,,आरे,कणकवली,25.7,05:30,07:00,OBL,DAILY,"सहा तासात कर्त्यव्य संपते","बुधवळे सांड्वे बिडवाडी",
59411,"Aare To Kankavli Via Nirom Sandave",Aare,Kankavli,"SANDAVE HIGH SCHOOL",MO,2666,"Bidwadi Gpo",18,,,आरे,कणकवली,25.7,05:30,07:00,OBL,DAILY,"सहा तासात कर्त्यव्य संपते","बुधवळे सांड्वे बिडवाडी",
59411,"Aare To Kankavli Via Nirom Sandave",Aare,Kankavli,"SANDAVE HIGH SCHOOL",MO,2902,"Phalsewadi School",21,,,आरे,कणकवली,25.7,05:30,07:00,OBL,DAILY,"सहा तासात कर्त्यव्य संपते","बुधवळे सांड्वे बिडवाडी",
59411,"Aare To Kankavli Via Nirom Sandave",Aare,Kankavli,"SANDAVE HIGH SCHOOL",MO,2901,Phalsewadi,24,,,आरे,कणकवली,25.7,05:30,07:00,OBL,DAILY,"सहा तासात कर्त्यव्य संपते","बुधवळे सांड्वे बिडवाडी",
59411,"Aare To Kankavli Via Nirom Sandave",Aare,Kankavli,"SANDAVE HIGH SCHOOL",MO,2786,Kankavli,25.7,,,आरे,कणकवली,25.7,05:30,07:00,OBL,DAILY,"सहा तासात कर्त्यव्य संपते","बुधवळे सांड्वे बिडवाडी",
10884,"Kankavli To Ursula High School",Kankavli,"Ursula High School",,MO,2786,Kankavli,,,,कणकवली,उत्सुर्ला,4,14:15,14:25,SC,"SAT,SUN",,,
10884,"Kankavli To Ursula High School",Kankavli,"Ursula High School",,MO,88092,"Kalmath Phanaswadi",1,,,कणकवली,उत्सुर्ला,4,14:15,14:25,SC,"SAT,SUN",,,
10884,"Kankavli To Ursula High School",Kankavli,"Ursula High School",,MO,2993,"Ursula High School",4,,,कणकवली,उत्सुर्ला,4,14:15,14:25,SC,"SAT,SUN",,,
95055,"Jambhawade Guravwadi To Dikshi Via Kusur Bazarwadi","Jambhawade Guravwadi",Dikshi,"KUSUR BAZARWADI",MO,9210,"Jambhawade Guravwadi",,,,जांभवडे,दिक्षी,39,18:00,19:15,MV,SUNDAY,,"नेर्ले हेत भुइबावडा उम्बर्दे वस्ती",
95055,"Jambhawade Guravwadi To Dikshi Via Kusur Bazarwadi","Jambhawade Guravwadi",Dikshi,"KUSUR BAZARWADI",MO,9256,"Pawar Ghar",3,,,जांभवडे,दिक्षी,39,18:00,19:15,MV,SUNDAY,,"नेर्ले हेत भुइबावडा उम्बर्दे वस्ती",
95055,"Jambhawade Guravwadi To Dikshi Via Kusur Bazarwadi","Jambhawade Guravwadi",Dikshi,"KUSUR BAZARWADI",MO,9261,Rahatkondwadi,6,,,जांभवडे,दिक्षी,39,18:00,19:15,MV,SUNDAY,,"नेर्ले हेत भुइबावडा उम्बर्दे वस्ती",
95055,"Jambhawade Guravwadi To Dikshi Via Kusur Bazarwadi","Jambhawade Guravwadi",Dikshi,"KUSUR BAZARWADI",MO,9253,"Pachal Fata",7,,,जांभवडे,दिक्षी,39,18:00,19:15,MV,SUNDAY,,"नेर्ले हेत भुइबावडा उम्बर्दे वस्ती",
95055,"Jambhawade Guravwadi To Dikshi Via Kusur Bazarwadi","Jambhawade Guravwadi",Dikshi,"KUSUR BAZARWADI",MO,9283,Tirvade,8,,,जांभवडे,दिक्षी,39,18:00,19:15,MV,SUNDAY,,"नेर्ले हेत भुइबावडा उम्बर्दे वस्ती",
95055,"Jambhawade Guravwadi To Dikshi Via Kusur Bazarwadi","Jambhawade Guravwadi",Dikshi,"KUSUR BAZARWADI",MO,9251,"Nerle High School",9,,,जांभवडे,दिक्षी,39,18:00,19:15,MV,SUNDAY,,"नेर्ले हेत भुइबावडा उम्बर्दे वस्ती",
95055,"Jambhawade Guravwadi To Dikshi Via Kusur Bazarwadi","Jambhawade Guravwadi",Dikshi,"KUSUR BAZARWADI",MO,9200,Ghati,12,,,जांभवडे,दिक्षी,39,18:00,19:15,MV,SUNDAY,,"नेर्ले हेत भुइबावडा उम्बर्दे वस्ती",
95055,"Jambhawade Guravwadi To Dikshi Via Kusur Bazarwadi","Jambhawade Guravwadi",Dikshi,"KUSUR BAZARWADI",MO,9288,Upale,15,,,जांभवडे,दिक्षी,39,18:00,19:15,MV,SUNDAY,,"नेर्ले हेत भुइबावडा उम्बर्दे वस्ती",
95055,"Jambhawade Guravwadi To Dikshi Via Kusur Bazarwadi","Jambhawade Guravwadi",Dikshi,"KUSUR BAZARWADI",MO,9271,"Shevari Fata",16.8,,,जांभवडे,दिक्षी,39,18:00,19:15,MV,SUNDAY,,"नेर्ले हेत भुइबावडा उम्बर्दे वस्ती",
95055,"Jambhawade Guravwadi To Dikshi Via Kusur Bazarwadi","Jambhawade Guravwadi",Dikshi,"KUSUR BAZARWADI",MO,9207,"Het School",18,,,जांभवडे,दिक्षी,39,18:00,19:15,MV,SUNDAY,,"नेर्ले हेत भुइबावडा उम्बर्दे वस्ती",
95055,"Jambhawade Guravwadi To Dikshi Via Kusur Bazarwadi","Jambhawade Guravwadi",Dikshi,"KUSUR BAZARWADI",MO,9190,Dhangarwadi,21,,,जांभवडे,दिक्षी,39,18:00,19:15,MV,SUNDAY,,"नेर्ले हेत भुइबावडा उम्बर्दे वस्ती",
95055,"Jambhawade Guravwadi To Dikshi Via Kusur Bazarwadi","Jambhawade Guravwadi",Dikshi,"KUSUR BAZARWADI",MO,9186,Bhuibavada,24,,,जांभवडे,दिक्षी,39,18:00,19:15,MV,SUNDAY,,"नेर्ले हेत भुइबावडा उम्बर्दे वस्ती",
95055,"Jambhawade Guravwadi To Dikshi Via Kusur Bazarwadi","Jambhawade Guravwadi",Dikshi,"KUSUR BAZARWADI",MO,9282,Tirawade,25.8,,,जांभवडे,दिक्षी,39,18:00,19:15,MV,SUNDAY,,"नेर्ले हेत भुइबावडा उम्बर्दे वस्ती",
95055,"Jambhawade Guravwadi To Dikshi Via Kusur Bazarwadi","Jambhawade Guravwadi",Dikshi,"KUSUR BAZARWADI",MO,2920,"Radhakrishna Mandir",27,,,जांभवडे,दिक्षी,39,18:00,19:15,MV,SUNDAY,,"नेर्ले हेत भुइबावडा उम्बर्दे वस्ती",
95055,"Jambhawade Guravwadi To Dikshi Via Kusur Bazarwadi","Jambhawade Guravwadi",Dikshi,"KUSUR BAZARWADI",MO,47880,"Gawal Wadi",28.7,,,जांभवडे,दिक्षी,39,18:00,19:15,MV,SUNDAY,,"नेर्ले हेत भुइबावडा उम्बर्दे वस्ती",
95055,"Jambhawade Guravwadi To Dikshi Via Kusur Bazarwadi","Jambhawade Guravwadi",Dikshi,"KUSUR BAZARWADI",MO,31625,"Sutar Vadi",30,,,जांभवडे,दिक्षी,39,18:00,19:15,MV,SUNDAY,,"नेर्ले हेत भुइबावडा उम्बर्दे वस्ती",
95055,"Jambhawade Guravwadi To Dikshi Via Kusur Bazarwadi","Jambhawade Guravwadi",Dikshi,"KUSUR BAZARWADI",MO,9226,"Kusur Bazarwadi",33,,,जांभवडे,दिक्षी,39,18:00,19:15,MV,SUNDAY,,"नेर्ले हेत भुइबावडा उम्बर्दे वस्ती",
95055,"Jambhawade Guravwadi To Dikshi Via Kusur Bazarwadi","Jambhawade Guravwadi",Dikshi,"KUSUR BAZARWADI",MO,14631,"Katkar Wadi",36,,,जांभवडे,दिक्षी,39,18:00,19:15,MV,SUNDAY,,"नेर्ले हेत भुइबावडा उम्बर्दे वस्ती",
95055,"Jambhawade Guravwadi To Dikshi Via Kusur Bazarwadi","Jambhawade Guravwadi",Dikshi,"KUSUR BAZARWADI",MO,9192,Dikshi,39,,,जांभवडे,दिक्षी,39,18:00,19:15,MV,SUNDAY,,"नेर्ले हेत भुइबावडा उम्बर्दे वस्ती",
95067,"Vaibhavwadi To Kankavli Via Karul",Vaibhavwadi,Kankavli,KARUL,MO,9291,Vaibhavwadi,,,,वैभववाडी,कणकवली,56.9,11:45,13:45,MV,SUNDAY,,"सडुरे शिराळे;कुळये;फोंडा.",
95067,"Vaibhavwadi To Kankavli Via Karul",Vaibhavwadi,Kankavli,KARUL,MO,9249,"Nawale Fata",3.1,,,वैभववाडी,कणकवली,56.9,11:45,13:45,MV,SUNDAY,,"सडुरे शिराळे;कुळये;फोंडा.",
95067,"Vaibhavwadi To Kankavli Via Karul",Vaibhavwadi,Kankavli,KARUL,MO,9179,"Arule Giran",5.7,,,वैभववाडी,कणकवली,56.9,11:45,13:45,MV,SUNDAY,,"सडुरे शिराळे;कुळये;फोंडा.",
95067,"Vaibhavwadi To Kankavli Via Karul",Vaibhavwadi,Kankavli,KARUL,MO,9265,"Sadure Boudhawadi",8.7,,,वैभववाडी,कणकवली,56.9,11:45,13:45,MV,SUNDAY,,"सडुरे शिराळे;कुळये;फोंडा.",
95067,"Vaibhavwadi To Kankavli Via Karul",Vaibhavwadi,Kankavli,KARUL,MO,9266,"Sadure End",11.7,,,वैभववाडी,कणकवली,56.9,11:45,13:45,MV,SUNDAY,,"सडुरे शिराळे;कुळये;फोंडा.",
95067,"Vaibhavwadi To Kankavli Via Karul",Vaibhavwadi,Kankavli,KARUL,MO,9273,Shirale,14.8,,,वैभववाडी,कणकवली,56.9,11:45,13:45,MV,SUNDAY,,"सडुरे शिराळे;कुळये;फोंडा.",
95067,"Vaibhavwadi To Kankavli Via Karul",Vaibhavwadi,Kankavli,KARUL,MO,9266,"Sadure End",17.8,,,वैभववाडी,कणकवली,56.9,11:45,13:45,MV,SUNDAY,,"सडुरे शिराळे;कुळये;फोंडा.",
95067,"Vaibhavwadi To Kankavli Via Karul",Vaibhavwadi,Kankavli,KARUL,MO,9198,"Ghat Matha",20.8,,,वैभववाडी,कणकवली,56.9,11:45,13:45,MV,SUNDAY,,"सडुरे शिराळे;कुळये;फोंडा.",
95067,"Vaibhavwadi To Kankavli Via Karul",Vaibhavwadi,Kankavli,KARUL,MO,2808,Khadakdhara,23.8,,,वैभववाडी,कणकवली,56.9,11:45,13:45,MV,SUNDAY,,"सडुरे शिराळे;कुळये;फोंडा.",
95067,"Vaibhavwadi To Kankavli Via Karul",Vaibhavwadi,Kankavli,KARUL,MO,2834,"Kurli Gothan",26.8,,,वैभववाडी,कणकवली,56.9,11:45,13:45,MV,SUNDAY,,"सडुरे शिराळे;कुळये;फोंडा.",
95067,"Vaibhavwadi To Kankavli Via Karul",Vaibhavwadi,Kankavli,KARUL,MO,2946,Sapatwadi,29.8,,,वैभववाडी,कणकवली,56.9,11:45,13:45,MV,SUNDAY,,"सडुरे शिराळे;कुळये;फोंडा.",
95067,"Vaibhavwadi To Kankavli Via Karul",Vaibhavwadi,Kankavli,KARUL,MO,2731,Ghonsari,32.8,,,वैभववाडी,कणकवली,56.9,11:45,13:45,MV,SUNDAY,,"सडुरे शिराळे;कुळये;फोंडा.",
95067,"Vaibhavwadi To Kankavli Via Karul",Vaibhavwadi,Kankavli,KARUL,MO,2652,"Baviche Bhatle-1",35.6,,,वैभववाडी,कणकवली,56.9,11:45,13:45,MV,SUNDAY,,"सडुरे शिराळे;कुळये;फोंडा.",
95067,"Vaibhavwadi To Kankavli Via Karul",Vaibhavwadi,Kankavli,KARUL,MO,2904,Phonda,38.7,,,वैभववाडी,कणकवली,56.9,11:45,13:45,MV,SUNDAY,,"सडुरे शिराळे;कुळये;फोंडा.",
95067,"Vaibhavwadi To Kankavli Via Karul",Vaibhavwadi,Kankavli,KARUL,MO,2787,"Kankavli Nandgaon Fata",41.8,,,वैभववाडी,कणकवली,56.9,11:45,13:45,MV,SUNDAY,,"सडुरे शिराळे;कुळये;फोंडा.",
95067,"Vaibhavwadi To Kankavli Via Karul",Vaibhavwadi,Kankavli,KARUL,MO,2781,Kanadewadi,44.8,,,वैभववाडी,कणकवली,56.9,11:45,13:45,MV,SUNDAY,,"सडुरे शिराळे;कुळये;फोंडा.",
95067,"Vaibhavwadi To Kankavli Via Karul",Vaibhavwadi,Kankavli,KARUL,MO,2790,Karul,46.1,,,वैभववाडी,कणकवली,56.9,11:45,13:45,MV,SUNDAY,,"सडुरे शिराळे;कुळये;फोंडा.",
95067,"Vaibhavwadi To Kankavli Via Karul",Vaibhavwadi,Kankavli,KARUL,MO,2757,"Humrath Mal Ghorpiwadi",47.6,,,वैभववाडी,कणकवली,56.9,11:45,13:45,MV,SUNDAY,,"सडुरे शिराळे;कुळये;फोंडा.",
95067,"Vaibhavwadi To Kankavli Via Karul",Vaibhavwadi,Kankavli,KARUL,MO,2756,"Humrat Titha",50.2,,,वैभववाडी,कणकवली,56.9,11:45,13:45,MV,SUNDAY,,"सडुरे शिराळे;कुळये;फोंडा.",
95067,"Vaibhavwadi To Kankavli Via Karul",Vaibhavwadi,Kankavli,KARUL,MO,2768,"Janavali Gavthanwadi",53.9,,,वैभववाडी,कणकवली,56.9,11:45,13:45,MV,SUNDAY,,"सडुरे शिराळे;कुळये;फोंडा.",
95067,"Vaibhavwadi To Kankavli Via Karul",Vaibhavwadi,Kankavli,KARUL,MO,2786,Kankavli,56.9,,,वैभववाडी,कणकवली,56.9,11:45,13:45,MV,SUNDAY,,"सडुरे शिराळे;कुळये;फोंडा.",
18854,"Durgnagr To Kankavli Via Ghotage",Duragnagar,Kankavli,GHOTAGE,MO,6165,Duragnagar,,,,दुर्गनगर,कणकवली,32.6,16:55,18:10,SC,DAILY,,hardi,
18854,"Durgnagr To Kankavli Via Ghotage",Duragnagar,Kankavli,GHOTAGE,MO,6393,Ranewadi,2.1,,,दुर्गनगर,कणकवली,32.6,16:55,18:10,SC,DAILY,,hardi,
18854,"Durgnagr To Kankavli Via Ghotage",Duragnagar,Kankavli,GHOTAGE,MO,6173,"Ghadigaonkar Stop",3.6,,,दुर्गनगर,कणकवली,32.6,16:55,18:10,SC,DAILY,,hardi,
18854,"Durgnagr To Kankavli Via Ghotage",Duragnagar,Kankavli,GHOTAGE,MO,6416,"Sonawade Lingeshwar Mandir",3.8,,,दुर्गनगर,कणकवली,32.6,16:55,18:10,SC,DAILY,,hardi,
18854,"Durgnagr To Kankavli Via Ghotage",Duragnagar,Kankavli,GHOTAGE,MO,6179,Ghotage,6.4,,,दुर्गनगर,कणकवली,32.6,16:55,18:10,SC,DAILY,,hardi,
18854,"Durgnagr To Kankavli Via Ghotage",Duragnagar,Kankavli,GHOTAGE,MO,6225,"Jambhavade Bhagwati Mandir",9.4,,,दुर्गनगर,कणकवली,32.6,16:55,18:10,SC,DAILY,,hardi,
18854,"Durgnagr To Kankavli Via Ghotage",Duragnagar,Kankavli,GHOTAGE,MO,6234,"Kupawade Vinanti",12.4,,,दुर्गनगर,कणकवली,32.6,16:55,18:10,SC,DAILY,,hardi,
18854,"Durgnagr To Kankavli Via Ghotage",Duragnagar,Kankavli,GHOTAGE,MO,6211,"Hardi Titha",15.4,,,दुर्गनगर,कणकवली,32.6,16:55,18:10,SC,DAILY,,hardi,
18854,"Durgnagr To Kankavli Via Ghotage",Duragnagar,Kankavli,GHOTAGE,MO,2752,"Hed Shivdav Fata",18.4,,,दुर्गनगर,कणकवली,32.6,16:55,18:10,SC,DAILY,,hardi,
18854,"Durgnagr To Kankavli Via Ghotage",Duragnagar,Kankavli,GHOTAGE,MO,2709,Dongari,20.2,,,दुर्गनगर,कणकवली,32.6,16:55,18:10,SC,DAILY,,hardi,
18854,"Durgnagr To Kankavli Via Ghotage",Duragnagar,Kankavli,GHOTAGE,MO,2969,"Shirval Phanas",21.4,,,दुर्गनगर,कणकवली,32.6,16:55,18:10,SC,DAILY,,hardi,
18854,"Durgnagr To Kankavli Via Ghotage",Duragnagar,Kankavli,GHOTAGE,MO,2971,"Shivdav Fata",24.4,,,दुर्गनगर,कणकवली,32.6,16:55,18:10,SC,DAILY,,hardi,
18854,"Durgnagr To Kankavli Via Ghotage",Duragnagar,Kankavli,GHOTAGE,MO,2968,"Shirval Fata",26.1,,,दुर्गनगर,कणकवली,32.6,16:55,18:10,SC,DAILY,,hardi,
18854,"Durgnagr To Kankavli Via Ghotage",Duragnagar,Kankavli,GHOTAGE,MO,2742,"Halwal Giran",27.4,,,दुर्गनगर,कणकवली,32.6,16:55,18:10,SC,DAILY,,hardi,
18854,"Durgnagr To Kankavli Via Ghotage",Duragnagar,Kankavli,GHOTAGE,MO,2786,Kankavli,32.6,,,दुर्गनगर,कणकवली,32.6,16:55,18:10,SC,DAILY,,hardi,
19815,"Tarla To Kankavli Via Wagheri",Tarla,Kankavli,PHONDA,MO,2982,Tarla,,,,तरळे,कणकवली,47.5,18:00,19:40,NON,DAILY,,"पियाळी,फोंडा,नांदगाव",
19815,"Tarla To Kankavli Via Wagheri",Tarla,Kankavli,PHONDA,MO,2916,Pokharbav,3,,,तरळे,कणकवली,47.5,18:00,19:40,NON,DAILY,,"पियाळी,फोंडा,नांदगाव",
19815,"Tarla To Kankavli Via Wagheri",Tarla,Kankavli,PHONDA,MO,2800,"Kasarde Sawantwadi",6,,,तरळे,कणकवली,47.5,18:00,19:40,NON,DAILY,,"पियाळी,फोंडा,नांदगाव",
19815,"Tarla To Kankavli Via Wagheri",Tarla,Kankavli,PHONDA,MO,2811,Khandsari,7.2,,,तरळे,कणकवली,47.5,18:00,19:40,NON,DAILY,,"पियाळी,फोंडा,नांदगाव",
19815,"Tarla To Kankavli Via Wagheri",Tarla,Kankavli,PHONDA,MO,2763,"Jain Dukan",8,,,तरळे,कणकवली,47.5,18:00,19:40,NON,DAILY,,"पियाळी,फोंडा,नांदगाव",
19815,"Tarla To Kankavli Via Wagheri",Tarla,Kankavli,PHONDA,MO,2915,"Piyali School",9,,,तरळे,कणकवली,47.5,18:00,19:40,NON,DAILY,,"पियाळी,फोंडा,नांदगाव",
19815,"Tarla To Kankavli Via Wagheri",Tarla,Kankavli,PHONDA,MO,2914,"Piyali Gaothan",10.2,,,तरळे,कणकवली,47.5,18:00,19:40,NON,DAILY,,"पियाळी,फोंडा,नांदगाव",
19815,"Tarla To Kankavli Via Wagheri",Tarla,Kankavli,PHONDA,MO,3004,Wagheri,12,,,तरळे,कणकवली,47.5,18:00,19:40,NON,DAILY,,"पियाळी,फोंडा,नांदगाव",
19815,"Tarla To Kankavli Via Wagheri",Tarla,Kankavli,PHONDA,MO,2809,"Khadaye Mangar",15,,,तरळे,कणकवली,47.5,18:00,19:40,NON,DAILY,,"पियाळी,फोंडा,नांदगाव",
19815,"Tarla To Kankavli Via Wagheri",Tarla,Kankavli,PHONDA,MO,2904,Phonda,18,,,तरळे,कणकवली,47.5,18:00,19:40,NON,DAILY,,"पियाळी,फोंडा,नांदगाव",
19815,"Tarla To Kankavli Via Wagheri",Tarla,Kankavli,PHONDA,MO,2809,"Khadaye Mangar",21,,,तरळे,कणकवली,47.5,18:00,19:40,NON,DAILY,,"पियाळी,फोंडा,नांदगाव",
19815,"Tarla To Kankavli Via Wagheri",Tarla,Kankavli,PHONDA,MO,3004,Wagheri,24,,,तरळे,कणकवली,47.5,18:00,19:40,NON,DAILY,,"पियाळी,फोंडा,नांदगाव",
19815,"Tarla To Kankavli Via Wagheri",Tarla,Kankavli,PHONDA,MO,2874,"Nandgaon Rly. Stn.",25,,,तरळे,कणकवली,47.5,18:00,19:40,NON,DAILY,,"पियाळी,फोंडा,नांदगाव",
19815,"Tarla To Kankavli Via Wagheri",Tarla,Kankavli,PHONDA,MO,2989,"Tondavali Fata",27,,,तरळे,कणकवली,47.5,18:00,19:40,NON,DAILY,,"पियाळी,फोंडा,नांदगाव",
19815,"Tarla To Kankavli Via Wagheri",Tarla,Kankavli,PHONDA,MO,2668,Bobhatewadi,30,,,तरळे,कणकवली,47.5,18:00,19:40,NON,DAILY,,"पियाळी,फोंडा,नांदगाव",
19815,"Tarla To Kankavli Via Wagheri",Tarla,Kankavli,PHONDA,MO,2871,"Nandgaon Fata",31,,,तरळे,कणकवली,47.5,18:00,19:40,NON,DAILY,,"पियाळी,फोंडा,नांदगाव",
19815,"Tarla To Kankavli Via Wagheri",Tarla,Kankavli,PHONDA,MO,2870,"Nandgaon Datta Mandir",33,,,तरळे,कणकवली,47.5,18:00,19:40,NON,DAILY,,"पियाळी,फोंडा,नांदगाव",
19815,"Tarla To Kankavli Via Wagheri",Tarla,Kankavli,PHONDA,MO,2655,Belane,36,,,तरळे,कणकवली,47.5,18:00,19:40,NON,DAILY,,"पियाळी,फोंडा,नांदगाव",
19815,"Tarla To Kankavli Via Wagheri",Tarla,Kankavli,PHONDA,MO,2756,"Humrat Titha",39,,,तरळे,कणकवली,47.5,18:00,19:40,NON,DAILY,,"पियाळी,फोंडा,नांदगाव",
19815,"Tarla To Kankavli Via Wagheri",Tarla,Kankavli,PHONDA,MO,2766,Janavali,43,,,तरळे,कणकवली,47.5,18:00,19:40,NON,DAILY,,"पियाळी,फोंडा,नांदगाव",
19815,"Tarla To Kankavli Via Wagheri",Tarla,Kankavli,PHONDA,MO,2786,Kankavli,47.5,,,तरळे,कणकवली,47.5,18:00,19:40,NON,DAILY,,"पियाळी,फोंडा,नांदगाव",
125872,"Tarla To Kharepatn Via Mhavlunge",Tarla,Kharepatan,,MO,2982,Tarla,,,,तरळे,खारेपाटण,60.8,17:00,19:15,NON,DAILY,,"पाटगाव म्हावळुंगे वारगांव",
125872,"Tarla To Kharepatn Via Mhavlunge",Tarla,Kharepatan,,MO,1700,Darom,3,,,तरळे,खारेपाटण,60.8,17:00,19:15,NON,DAILY,,"पाटगाव म्हावळुंगे वारगांव",
125872,"Tarla To Kharepatn Via Mhavlunge",Tarla,Kharepatan,,MO,1665,Burumbewade,6.3,,,तरळे,खारेपाटण,60.8,17:00,19:15,NON,DAILY,,"पाटगाव म्हावळुंगे वारगांव",
125872,"Tarla To Kharepatn Via Mhavlunge",Tarla,Kharepatan,,MO,2024,"Undil Titha",9.2,,,तरळे,खारेपाटण,60.8,17:00,19:15,NON,DAILY,,"पाटगाव म्हावळुंगे वारगांव",
125872,"Tarla To Kharepatn Via Mhavlunge",Tarla,Kharepatan,,MO,2009,Tambewadi,12,,,तरळे,खारेपाटण,60.8,17:00,19:15,NON,DAILY,,"पाटगाव म्हावळुंगे वारगांव",
125872,"Tarla To Kharepatn Via Mhavlunge",Tarla,Kharepatan,,MO,1855,"Mail Dagad",15,,,तरळे,खारेपाटण,60.8,17:00,19:15,NON,DAILY,,"पाटगाव म्हावळुंगे वारगांव",
125872,"Tarla To Kharepatn Via Mhavlunge",Tarla,Kharepatan,,MO,1649,Boudhawadi,17.4,,,तरळे,खारेपाटण,60.8,17:00,19:15,NON,DAILY,,"पाटगाव म्हावळुंगे वारगांव",
125872,"Tarla To Kharepatn Via Mhavlunge",Tarla,Kharepatan,,MO,1995,"Thaneshwar Mandir",18,,,तरळे,खारेपाटण,60.8,17:00,19:15,NON,DAILY,,"पाटगाव म्हावळुंगे वारगांव",
125872,"Tarla To Kharepatn Via Mhavlunge",Tarla,Kharepatan,,MO,1889,"Mahalunge School",21,,,तरळे,खारेपाटण,60.8,17:00,19:15,NON,DAILY,,"पाटगाव म्हावळुंगे वारगांव",
125872,"Tarla To Kharepatn Via Mhavlunge",Tarla,Kharepatan,,MO,1705,Dewoolwadi,24,,,तरळे,खारेपाटण,60.8,17:00,19:15,NON,DAILY,,"पाटगाव म्हावळुंगे वारगांव",
125872,"Tarla To Kharepatn Via Mhavlunge",Tarla,Kharepatan,,MO,1889,"Mahalunge School",27,,,तरळे,खारेपाटण,60.8,17:00,19:15,NON,DAILY,,"पाटगाव म्हावळुंगे वारगांव",
125872,"Tarla To Kharepatn Via Mhavlunge",Tarla,Kharepatan,,MO,1995,"Thaneshwar Mandir",30,,,तरळे,खारेपाटण,60.8,17:00,19:15,NON,DAILY,,"पाटगाव म्हावळुंगे वारगांव",
125872,"Tarla To Kharepatn Via Mhavlunge",Tarla,Kharepatan,,MO,1649,Boudhawadi,31.1,,,तरळे,खारेपाटण,60.8,17:00,19:15,NON,DAILY,,"पाटगाव म्हावळुंगे वारगांव",
125872,"Tarla To Kharepatn Via Mhavlunge",Tarla,Kharepatan,,MO,1844,"Mahalunge Gpo",32.1,,,तरळे,खारेपाटण,60.8,17:00,19:15,NON,DAILY,,"पाटगाव म्हावळुंगे वारगांव",
125872,"Tarla To Kharepatn Via Mhavlunge",Tarla,Kharepatan,,MO,1855,"Mail Dagad",33,,,तरळे,खारेपाटण,60.8,17:00,19:15,NON,DAILY,,"पाटगाव म्हावळुंगे वारगांव",
125872,"Tarla To Kharepatn Via Mhavlunge",Tarla,Kharepatan,,MO,2009,Tambewadi,36,,,तरळे,खारेपाटण,60.8,17:00,19:15,NON,DAILY,,"पाटगाव म्हावळुंगे वारगांव",
125872,"Tarla To Kharepatn Via Mhavlunge",Tarla,Kharepatan,,MO,1706,Fanasgaon,37.5,,,तरळे,खारेपाटण,60.8,17:00,19:15,NON,DAILY,,"पाटगाव म्हावळुंगे वारगांव",
125872,"Tarla To Kharepatn Via Mhavlunge",Tarla,Kharepatan,,MO,2024,"Undil Titha",39,,,तरळे,खारेपाटण,60.8,17:00,19:15,NON,DAILY,,"पाटगाव म्हावळुंगे वारगांव",
125872,"Tarla To Kharepatn Via Mhavlunge",Tarla,Kharepatan,,MO,88113,Phatakwadi,42,,,तरळे,खारेपाटण,60.8,17:00,19:15,NON,DAILY,,"पाटगाव म्हावळुंगे वारगांव",
125872,"Tarla To Kharepatn Via Mhavlunge",Tarla,Kharepatan,,MO,2025,"Undil Wad",45,,,तरळे,खारेपाटण,60.8,17:00,19:15,NON,DAILY,,"पाटगाव म्हावळुंगे वारगांव",
125872,"Tarla To Kharepatn Via Mhavlunge",Tarla,Kharepatan,,MO,1855,"Mail Dagad",48,,,तरळे,खारेपाटण,60.8,17:00,19:15,NON,DAILY,,"पाटगाव म्हावळुंगे वारगांव",
125872,"Tarla To Kharepatn Via Mhavlunge",Tarla,Kharepatan,,MO,3010,Wargaon,49.4,,,तरळे,खारेपाटण,60.8,17:00,19:15,NON,DAILY,,"पाटगाव म्हावळुंगे वारगांव",
125872,"Tarla To Kharepatn Via Mhavlunge",Tarla,Kharepatan,,MO,2844,"Mail Stone",51,,,तरळे,खारेपाटण,60.8,17:00,19:15,NON,DAILY,,"पाटगाव म्हावळुंगे वारगांव",
125872,"Tarla To Kharepatn Via Mhavlunge",Tarla,Kharepatan,,MO,2863,Nadgive,54,,,तरळे,खारेपाटण,60.8,17:00,19:15,NON,DAILY,,"पाटगाव म्हावळुंगे वारगांव",
125872,"Tarla To Kharepatn Via Mhavlunge",Tarla,Kharepatan,,MO,2812,Kharepatan,60.8,,,तरळे,खारेपाटण,60.8,17:00,19:15,NON,DAILY,,"पाटगाव म्हावळुंगे वारगांव",
153502,"Kankavli To Latur Via Rdhn Mrj Brs",Kankavli,Latur,RADHANAGARI,MO,2786,Kankavli,,,,कणकवली,सांगोला,261.6,07:00,13:15,,,"मिरज ११.३०ते १२.००विश्रांती",फोंडा,
153502,"Kankavli To Latur Via Rdhn Mrj Brs",Kankavli,Latur,RADHANAGARI,MO,2768,"Janavali Gavthanwadi",3,,,कणकवली,सांगोला,261.6,07:00,13:15,,,"मिरज ११.३०ते १२.००विश्रांती",फोंडा,
153502,"Kankavli To Latur Via Rdhn Mrj Brs",Kankavli,Latur,RADHANAGARI,MO,2756,"Humrat Titha",6,,,कणकवली,सांगोला,261.6,07:00,13:15,,,"मिरज ११.३०ते १२.००विश्रांती",फोंडा,
153502,"Kankavli To Latur Via Rdhn Mrj Brs",Kankavli,Latur,RADHANAGARI,MO,2757,"Humrath Mal Ghorpiwadi",8,,,कणकवली,सांगोला,261.6,07:00,13:15,,,"मिरज ११.३०ते १२.००विश्रांती",फोंडा,
153502,"Kankavli To Latur Via Rdhn Mrj Brs",Kankavli,Latur,RADHANAGARI,MO,2790,Karul,9,,,कणकवली,सांगोला,261.6,07:00,13:15,,,"मिरज ११.३०ते १२.००विश्रांती",फोंडा,
153502,"Kankavli To Latur Via Rdhn Mrj Brs",Kankavli,Latur,RADHANAGARI,MO,2771,"Kach Karakhana",10,,,कणकवली,सांगोला,261.6,07:00,13:15,,,"मिरज ११.३०ते १२.००विश्रांती",फोंडा,
153502,"Kankavli To Latur Via Rdhn Mrj Brs",Kankavli,Latur,RADHANAGARI,MO,2781,Kanadewadi,11,,,कणकवली,सांगोला,261.6,07:00,13:15,,,"मिरज ११.३०ते १२.००विश्रांती",फोंडा,
153502,"Kankavli To Latur Via Rdhn Mrj Brs",Kankavli,Latur,RADHANAGARI,MO,2895,Pachoba,13,,,कणकवली,सांगोला,261.6,07:00,13:15,,,"मिरज ११.३०ते १२.००विश्रांती",फोंडा,
153502,"Kankavli To Latur Via Rdhn Mrj Brs",Kankavli,Latur,RADHANAGARI,MO,2787,"Kankavli Nandgaon Fata",14.3,,,कणकवली,सांगोला,261.6,07:00,13:15,,,"मिरज ११.३०ते १२.००विश्रांती",फोंडा,
153502,"Kankavli To Latur Via Rdhn Mrj Brs",Kankavli,Latur,RADHANAGARI,MO,2906,"Phonda Iti",17,,,कणकवली,सांगोला,261.6,07:00,13:15,,,"मिरज ११.३०ते १२.००विश्रांती",फोंडा,
153502,"Kankavli To Latur Via Rdhn Mrj Brs",Kankavli,Latur,RADHANAGARI,MO,2904,Phonda,19,,,कणकवली,सांगोला,261.6,07:00,13:15,,,"मिरज ११.३०ते १२.००विश्रांती",फोंडा,
153502,"Kankavli To Latur Via Rdhn Mrj Brs",Kankavli,Latur,RADHANAGARI,MO,2723,"Ganguchi Wadi",22,,,कणकवली,सांगोला,261.6,07:00,13:15,,,"मिरज ११.३०ते १२.००विश्रांती",फोंडा,
153502,"Kankavli To Latur Via Rdhn Mrj Brs",Kankavli,Latur,RADHANAGARI,MO,23566,Dajipur,27.7,,,कणकवली,सांगोला,261.6,07:00,13:15,,,"मिरज ११.३०ते १२.००विश्रांती",फोंडा,
153502,"Kankavli To Latur Via Rdhn Mrj Brs",Kankavli,Latur,RADHANAGARI,MO,24004,Hasane,33.7,,,कणकवली,सांगोला,261.6,07:00,13:15,,,"मिरज ११.३०ते १२.००विश्रांती",फोंडा,
153502,"Kankavli To Latur Via Rdhn Mrj Brs",Kankavli,Latur,RADHANAGARI,MO,25038,Naniwade,35.9,,,कणकवली,सांगोला,261.6,07:00,13:15,,,"मिरज ११.३०ते १२.००विश्रांती",फोंडा,
153502,"Kankavli To Latur Via Rdhn Mrj Brs",Kankavli,Latur,RADHANAGARI,MO,23137,Bambar,38.7,,,कणकवली,सांगोला,261.6,07:00,13:15,,,"मिरज ११.३०ते १२.००विश्रांती",फोंडा,
153502,"Kankavli To Latur Via Rdhn Mrj Brs",Kankavli,Latur,RADHANAGARI,MO,25530,Shelap,42.7,,,कणकवली,सांगोला,261.6,07:00,13:15,,,"मिरज ११.३०ते १२.००विश्रांती",फोंडा,
153502,"Kankavli To Latur Via Rdhn Mrj Brs",Kankavli,Latur,RADHANAGARI,MO,30607,Ajiwade,46.7,,,कणकवली,सांगोला,261.6,07:00,13:15,,,"मिरज ११.३०ते १२.००विश्रांती",फोंडा,
153502,"Kankavli To Latur Via Rdhn Mrj Brs",Kankavli,Latur,RADHANAGARI,MO,23601,Daoudwadi,49.7,,,कणकवली,सांगोला,261.6,07:00,13:15,,,"मिरज ११.३०ते १२.००विश्रांती",फोंडा,
153502,"Kankavli To Latur Via Rdhn Mrj Brs",Kankavli,Latur,RADHANAGARI,MO,25393,"Radhanagri Dam",51.7,,,कणकवली,सांगोला,261.6,07:00,13:15,,,"मिरज ११.३०ते १२.००विश्रांती",फोंडा,
153502,"Kankavli To Latur Via Rdhn Mrj Brs",Kankavli,Latur,RADHANAGARI,MO,24014,Hatimahal,53.7,,,कणकवली,सांगोला,261.6,07:00,13:15,,,"मिरज ११.३०ते १२.००विश्रांती",फोंडा,
153502,"Kankavli To Latur Via Rdhn Mrj Brs",Kankavli,Latur,RADHANAGARI,MO,25336,Radhanagari,56.7,,,कणकवली,सांगोला,261.6,07:00,13:15,,,"मिरज ११.३०ते १२.००विश्रांती",फोंडा,
153502,"Kankavli To Latur Via Rdhn Mrj Brs",Kankavli,Latur,RADHANAGARI,MO,23720,Gaibi,61.7,,,कणकवली,सांगोला,261.6,07:00,13:15,,,"मिरज ११.३०ते १२.००विश्रांती",फोंडा,
153502,"Kankavli To Latur Via Rdhn Mrj Brs",Kankavli,Latur,RADHANAGARI,MO,24322,"Khindi Vharavade",64.8,,,कणकवली,सांगोला,261.6,07:00,13:15,,,"मिरज ११.३०ते १२.००विश्रांती",फोंडा,
153502,"Kankavli To Latur Via Rdhn Mrj Brs",Kankavli,Latur,RADHANAGARI,MO,23049,Anaje,69.7,,,कणकवली,सांगोला,261.6,07:00,13:15,,,"मिरज ११.३०ते १२.००विश्रांती",फोंडा,
153502,"Kankavli To Latur Via Rdhn Mrj Brs",Kankavli,Latur,RADHANAGARI,MO,30597,"Awali Budruk",72.7,,,कणकवली,सांगोला,261.6,07:00,13:15,,,"मिरज ११.३०ते १२.००विश्रांती",फोंडा,
153502,"Kankavli To Latur Via Rdhn Mrj Brs",Kankavli,Latur,RADHANAGARI,MO,25306,"Powar House",74.7,,,कणकवली,सांगोला,261.6,07:00,13:15,,,"मिरज ११.३०ते १२.००विश्रांती",फोंडा,
153502,"Kankavli To Latur Via Rdhn Mrj Brs",Kankavli,Latur,RADHANAGARI,MO,23014,"Amjai Varavade",75.7,,,कणकवली,सांगोला,261.6,07:00,13:15,,,"मिरज ११.३०ते १२.००विश्रांती",फोंडा,
153502,"Kankavli To Latur Via Rdhn Mrj Brs",Kankavli,Latur,RADHANAGARI,MO,25521,Shirase,77.7,,,कणकवली,सांगोला,261.6,07:00,13:15,,,"मिरज ११.३०ते १२.००विश्रांती",फोंडा,
153502,"Kankavli To Latur Via Rdhn Mrj Brs",Kankavli,Latur,RADHANAGARI,MO,23301,Bhopalwadi,78.7,,,कणकवली,सांगोला,261.6,07:00,13:15,,,"मिरज ११.३०ते १२.००विश्रांती",फोंडा,
153502,"Kankavli To Latur Via Rdhn Mrj Brs",Kankavli,Latur,RADHANAGARI,MO,24207,Kaulav,78.8,,,कणकवली,सांगोला,261.6,07:00,13:15,,,"मिरज ११.३०ते १२.००विश्रांती",फोंडा,
153502,"Kankavli To Latur Via Rdhn Mrj Brs",Kankavli,Latur,RADHANAGARI,MO,23768,Ghotavade,79.7,,,कणकवली,सांगोला,261.6,07:00,13:15,,,"मिरज ११.३०ते १२.००विश्रांती",फोंडा,
153502,"Kankavli To Latur Via Rdhn Mrj Brs",Kankavli,Latur,RADHANAGARI,MO,23216,"Bhogavati Sugar Factory",80.7,,,कणकवली,सांगोला,261.6,07:00,13:15,,,"मिरज ११.३०ते १२.००विश्रांती",फोंडा,
153502,"Kankavli To Latur Via Rdhn Mrj Brs",Kankavli,Latur,RADHANAGARI,MO,25256,Parite,84.9,,,कणकवली,सांगोला,261.6,07:00,13:15,,,"मिरज ११.३०ते १२.००विश्रांती",फोंडा,
153502,"Kankavli To Latur Via Rdhn Mrj Brs",Kankavli,Latur,RADHANAGARI,MO,24501,"Kurukali College",85,,,कणकवली,सांगोला,261.6,07:00,13:15,,,"मिरज ११.३०ते १२.००विश्रांती",फोंडा,
153502,"Kankavli To Latur Via Rdhn Mrj Brs",Kankavli,Latur,RADHANAGARI,MO,24502,Kurukali,85.7,,,कणकवली,सांगोला,261.6,07:00,13:15,,,"मिरज ११.३०ते १२.००विश्रांती",फोंडा,
153502,"Kankavli To Latur Via Rdhn Mrj Brs",Kankavli,Latur,RADHANAGARI,MO,24444,Kothali,87.7,,,कणकवली,सांगोला,261.6,07:00,13:15,,,"मिरज ११.३०ते १२.००विश्रांती",फोंडा,
153502,"Kankavli To Latur Via Rdhn Mrj Brs",Kankavli,Latur,RADHANAGARI,MO,23945,Haldi,89.7,,,कणकवली,सांगोला,261.6,07:00,13:15,,,"मिरज ११.३०ते १२.००विश्रांती",फोंडा,
153502,"Kankavli To Latur Via Rdhn Mrj Brs",Kankavli,Latur,RADHANAGARI,MO,23669,Devale,90.7,,,कणकवली,सांगोला,261.6,07:00,13:15,,,"मिरज ११.३०ते १२.००विश्रांती",फोंडा,
153502,"Kankavli To Latur Via Rdhn Mrj Brs",Kankavli,Latur,RADHANAGARI,MO,24388,Kandgaon,91.7,,,कणकवली,सांगोला,261.6,07:00,13:15,,,"मिरज ११.३०ते १२.००विश्रांती",फोंडा,
153502,"Kankavli To Latur Via Rdhn Mrj Brs",Kankavli,Latur,RADHANAGARI,MO,26066,Washi,94.7,,,कणकवली,सांगोला,261.6,07:00,13:15,,,"मिरज ११.३०ते १२.००विश्रांती",फोंडा,
153502,"Kankavli To Latur Via Rdhn Mrj Brs",Kankavli,Latur,RADHANAGARI,MO,25083,"New Washi Naka",97.7,,,कणकवली,सांगोला,261.6,07:00,13:15,,,"मिरज ११.३०ते १२.००विश्रांती",फोंडा,
153502,"Kankavli To Latur Via Rdhn Mrj Brs",Kankavli,Latur,RADHANAGARI,MO,25400,Rankala,104.7,,,कणकवली,सांगोला,261.6,07:00,13:15,,,"मिरज ११.३०ते १२.००विश्रांती",फोंडा,
153502,"Kankavli To Latur Via Rdhn Mrj Brs",Kankavli,Latur,RADHANAGARI,MO,23625,"Dasara Chwok",107.7,,,कणकवली,सांगोला,261.6,07:00,13:15,,,"मिरज ११.३०ते १२.००विश्रांती",फोंडा,
153502,"Kankavli To Latur Via Rdhn Mrj Brs",Kankavli,Latur,RADHANAGARI,MO,24359,Kolhapur,108.5,,,कणकवली,सांगोला,261.6,07:00,13:15,,,"मिरज ११.३०ते १२.००विश्रांती",फोंडा,
153502,"Kankavli To Latur Via Rdhn Mrj Brs",Kankavli,Latur,RADHANAGARI,MO,25536,"Shahu Market Yard",111.1,,,कणकवली,सांगोला,261.6,07:00,13:15,,,"मिरज ११.३०ते १२.००विश्रांती",फोंडा,
153502,"Kankavli To Latur Via Rdhn Mrj Brs",Kankavli,Latur,RADHANAGARI,MO,25642,"Sangali Fata",115.2,,,कणकवली,सांगोला,261.6,07:00,13:15,,,"मिरज ११.३०ते १२.००विश्रांती",फोंडा,
153502,"Kankavli To Latur Via Rdhn Mrj Brs",Kankavli,Latur,RADHANAGARI,MO,24946,"Mouje Vadgaon Fata",118,,,कणकवली,सांगोला,261.6,07:00,13:15,,,"मिरज ११.३०ते १२.००विश्रांती",फोंडा,
153502,"Kankavli To Latur Via Rdhn Mrj Brs",Kankavli,Latur,RADHANAGARI,MO,23093,Atigre,124,,,कणकवली,सांगोला,261.6,07:00,13:15,,,"मिरज ११.३०ते १२.००विश्रांती",फोंडा,
153502,"Kankavli To Latur Via Rdhn Mrj Brs",Kankavli,Latur,RADHANAGARI,MO,23822,"Ghodawat Knowledge City",130,,,कणकवली,सांगोला,261.6,07:00,13:15,,,"मिरज ११.३०ते १२.००विश्रांती",फोंडा,
153502,"Kankavli To Latur Via Rdhn Mrj Brs",Kankavli,Latur,RADHANAGARI,MO,24013,Hatkanangale,131,,,कणकवली,सांगोला,261.6,07:00,13:15,,,"मिरज ११.३०ते १२.००विश्रांती",फोंडा,
153502,"Kankavli To Latur Via Rdhn Mrj Brs",Kankavli,Latur,RADHANAGARI,MO,24134,Jaisingpur,146.3,,,कणकवली,सांगोला,261.6,07:00,13:15,,,"मिरज ११.३०ते १२.००विश्रांती",फोंडा,
153502,"Kankavli To Latur Via Rdhn Mrj Brs",Kankavli,Latur,RADHANAGARI,MO,33636,Akali,149,,,कणकवली,सांगोला,261.6,07:00,13:15,,,"मिरज ११.३०ते १२.००विश्रांती",फोंडा,
153502,"Kankavli To Latur Via Rdhn Mrj Brs",Kankavli,Latur,RADHANAGARI,MO,33967,Miraj,167.1,,,कणकवली,सांगोला,261.6,07:00,13:15,,,"मिरज ११.३०ते १२.००विश्रांती",फोंडा,
153502,"Kankavli To Latur Via Rdhn Mrj Brs",Kankavli,Latur,RADHANAGARI,MO,32950,Shirdhon,198.3,,,कणकवली,सांगोला,261.6,07:00,13:15,,,"मिरज ११.३०ते १२.००विश्रांती",फोंडा,
153502,"Kankavli To Latur Via Rdhn Mrj Brs",Kankavli,Latur,RADHANAGARI,MO,32873,Kuchi,206.8,,,कणकवली,सांगोला,261.6,07:00,13:15,,,"मिरज ११.३०ते १२.००विश्रांती",फोंडा,
153502,"Kankavli To Latur Via Rdhn Mrj Brs",Kankavli,Latur,RADHANAGARI,MO,32930,"Nagaj Fata",221.2,,,कणकवली,सांगोला,261.6,07:00,13:15,,,"मिरज ११.३०ते १२.००विश्रांती",फोंडा,
153502,"Kankavli To Latur Via Rdhn Mrj Brs",Kankavli,Latur,RADHANAGARI,MO,47548,Junoni,229,,,कणकवली,सांगोला,261.6,07:00,13:15,,,"मिरज ११.३०ते १२.००विश्रांती",फोंडा,
153502,"Kankavli To Latur Via Rdhn Mrj Brs",Kankavli,Latur,RADHANAGARI,MO,47534,Hatit,238.4,,,कणकवली,सांगोला,261.6,07:00,13:15,,,"मिरज ११.३०ते १२.००विश्रांती",फोंडा,
153502,"Kankavli To Latur Via Rdhn Mrj Brs",Kankavli,Latur,RADHANAGARI,MO,47617,"Nazare Math",245.1,,,कणकवली,सांगोला,261.6,07:00,13:15,,,"मिरज ११.३०ते १२.००विश्रांती",फोंडा,
153502,"Kankavli To Latur Via Rdhn Mrj Brs",Kankavli,Latur,RADHANAGARI,MO,47679,Vatamare,247.8,,,कणकवली,सांगोला,261.6,07:00,13:15,,,"मिरज ११.३०ते १२.००विश्रांती",फोंडा,
153502,"Kankavli To Latur Via Rdhn Mrj Brs",Kankavli,Latur,RADHANAGARI,MO,47552,Kamalapur,256,,,कणकवली,सांगोला,261.6,07:00,13:15,,,"मिरज ११.३०ते १२.००विश्रांती",फोंडा,
153502,"Kankavli To Latur Via Rdhn Mrj Brs",Kankavli,Latur,RADHANAGARI,MO,47652,Sangola,261.6,,,कणकवली,सांगोला,261.6,07:00,13:15,,,"मिरज ११.३०ते १२.००विश्रांती",फोंडा,
153502,"Kankavli To Latur Via Rdhn Mrj Brs",Kankavli,Latur,RADHANAGARI,MO,47449,Bamani,272.3,,,कणकवली,सांगोला,261.6,07:00,13:15,,,"मिरज ११.३०ते १२.००विश्रांती",फोंडा,
153502,"Kankavli To Latur Via Rdhn Mrj Brs",Kankavli,Latur,RADHANAGARI,MO,47639,Sangewadi,277.3,,,कणकवली,सांगोला,261.6,07:00,13:15,,,"मिरज ११.३०ते १२.००विश्रांती",फोंडा,
153502,"Kankavli To Latur Via Rdhn Mrj Brs",Kankavli,Latur,RADHANAGARI,MO,43806,Khardi,281.2,,,कणकवली,सांगोला,261.6,07:00,13:15,,,"मिरज ११.३०ते १२.००विश्रांती",फोंडा,
153502,"Kankavli To Latur Via Rdhn Mrj Brs",Kankavli,Latur,RADHANAGARI,MO,43827,"Kasegaon Fata",289.3,,,कणकवली,सांगोला,261.6,07:00,13:15,,,"मिरज ११.३०ते १२.००विश्रांती",फोंडा,
153502,"Kankavli To Latur Via Rdhn Mrj Brs",Kankavli,Latur,RADHANAGARI,MO,43899,Pandharpur,296.2,,,कणकवली,सांगोला,261.6,07:00,13:15,,,"मिरज ११.३०ते १२.००विश्रांती",फोंडा,
153502,"Kankavli To Latur Via Rdhn Mrj Brs",Kankavli,Latur,RADHANAGARI,MO,43348,Ashti,319.4,,,कणकवली,सांगोला,261.6,07:00,13:15,,,"मिरज ११.३०ते १२.००विश्रांती",फोंडा,
153502,"Kankavli To Latur Via Rdhn Mrj Brs",Kankavli,Latur,RADHANAGARI,MO,40926,"Shetphal X Rd.",335.7,,,कणकवली,सांगोला,261.6,07:00,13:15,,,"मिरज ११.३०ते १२.००विश्रांती",फोंडा,
153502,"Kankavli To Latur Via Rdhn Mrj Brs",Kankavli,Latur,RADHANAGARI,MO,40805,Kurduwadi,350.2,,,कणकवली,सांगोला,261.6,07:00,13:15,,,"मिरज ११.३०ते १२.००विश्रांती",फोंडा,
153502,"Kankavli To Latur Via Rdhn Mrj Brs",Kankavli,Latur,RADHANAGARI,MO,20185,Barshi,380.2,,,कणकवली,सांगोला,261.6,07:00,13:15,,,"मिरज ११.३०ते १२.००विश्रांती",फोंडा,
153502,"Kankavli To Latur Via Rdhn Mrj Brs",Kankavli,Latur,RADHANAGARI,MO,20351,Pangari,401.2,,,कणकवली,सांगोला,261.6,07:00,13:15,,,"मिरज ११.३०ते १२.००विश्रांती",फोंडा,
153502,"Kankavli To Latur Via Rdhn Mrj Brs",Kankavli,Latur,RADHANAGARI,MO,87824,Yedshi,411,,,कणकवली,सांगोला,261.6,07:00,13:15,,,"मिरज ११.३०ते १२.००विश्रांती",फोंडा,
153502,"Kankavli To Latur Via Rdhn Mrj Brs",Kankavli,Latur,RADHANAGARI,MO,87652,Tadwal,422.7,,,कणकवली,सांगोला,261.6,07:00,13:15,,,"मिरज ११.३०ते १२.००विश्रांती",फोंडा,
153502,"Kankavli To Latur Via Rdhn Mrj Brs",Kankavli,Latur,RADHANAGARI,MO,86786,Dhoki,429.1,,,कणकवली,सांगोला,261.6,07:00,13:15,,,"मिरज ११.३०ते १२.००विश्रांती",फोंडा,
153502,"Kankavli To Latur Via Rdhn Mrj Brs",Kankavli,Latur,RADHANAGARI,MO,90147,"Dhoki Petrol Pump",434,,,कणकवली,सांगोला,261.6,07:00,13:15,,,"मिरज ११.३०ते १२.००विश्रांती",फोंडा,
153502,"Kankavli To Latur Via Rdhn Mrj Brs",Kankavli,Latur,RADHANAGARI,MO,40288,Murud,445.5,,,कणकवली,सांगोला,261.6,07:00,13:15,,,"मिरज ११.३०ते १२.००विश्रांती",फोंडा,
153502,"Kankavli To Latur Via Rdhn Mrj Brs",Kankavli,Latur,RADHANAGARI,MO,40171,Borgaon,452.1,,,कणकवली,सांगोला,261.6,07:00,13:15,,,"मिरज ११.३०ते १२.००विश्रांती",फोंडा,
153502,"Kankavli To Latur Via Rdhn Mrj Brs",Kankavli,Latur,RADHANAGARI,MO,40264,Latur,493,,,कणकवली,सांगोला,261.6,07:00,13:15,,,"मिरज ११.३०ते १२.००विश्रांती",फोंडा,
11333,"Kankavli To Phonda Via Tiware",Kankavli,"Karul Vidyalaya","TIWARE GPO",MO,2786,Kankavli,,,,कणकवली,करूळ,20.3,09:25,10:00,SC,SUN,,"तिवरे  डामरे मार्गे",
11333,"Kankavli To Phonda Via Tiware",Kankavli,"Karul Vidyalaya","TIWARE GPO",MO,2766,Janavali,2.3,,,कणकवली,करूळ,20.3,09:25,10:00,SC,SUN,,"तिवरे  डामरे मार्गे",
11333,"Kankavli To Phonda Via Tiware",Kankavli,"Karul Vidyalaya","TIWARE GPO",MO,2756,"Humrat Titha",3.5,,,कणकवली,करूळ,20.3,09:25,10:00,SC,SUN,,"तिवरे  डामरे मार्गे",
11333,"Kankavli To Phonda Via Tiware",Kankavli,"Karul Vidyalaya","TIWARE GPO",MO,2655,Belane,8.3,,,कणकवली,करूळ,20.3,09:25,10:00,SC,SUN,,"तिवरे  डामरे मार्गे",
11333,"Kankavli To Phonda Via Tiware",Kankavli,"Karul Vidyalaya","TIWARE GPO",MO,88118,Walwewadi,9,,,कणकवली,करूळ,20.3,09:25,10:00,SC,SUN,,"तिवरे  डामरे मार्गे",
11333,"Kankavli To Phonda Via Tiware",Kankavli,"Karul Vidyalaya","TIWARE GPO",MO,2988,"Tiware Gpo",11.3,,,कणकवली,करूळ,20.3,09:25,10:00,SC,SUN,,"तिवरे  डामरे मार्गे",
11333,"Kankavli To Phonda Via Tiware",Kankavli,"Karul Vidyalaya","TIWARE GPO",MO,2999,"Vitthal Mandir",11.7,,,कणकवली,करूळ,20.3,09:25,10:00,SC,SUN,,"तिवरे  डामरे मार्गे",
11333,"Kankavli To Phonda Via Tiware",Kankavli,"Karul Vidyalaya","TIWARE GPO",MO,2724,Gaothan,14.7,,,कणकवली,करूळ,20.3,09:25,10:00,SC,SUN,,"तिवरे  डामरे मार्गे",
11333,"Kankavli To Phonda Via Tiware",Kankavli,"Karul Vidyalaya","TIWARE GPO",MO,2948,Satamwadi,15.3,,,कणकवली,करूळ,20.3,09:25,10:00,SC,SUN,,"तिवरे  डामरे मार्गे",
11333,"Kankavli To Phonda Via Tiware",Kankavli,"Karul Vidyalaya","TIWARE GPO",MO,2781,Kanadewadi,17.7,,,कणकवली,करूळ,20.3,09:25,10:00,SC,SUN,,"तिवरे  डामरे मार्गे",
11333,"Kankavli To Phonda Via Tiware",Kankavli,"Karul Vidyalaya","TIWARE GPO",MO,2792,"Karul Vidyalaya",20.3,,,कणकवली,करूळ,20.3,09:25,10:00,SC,SUN,,"तिवरे  डामरे मार्गे",
77684,"Phonda To Kankavli Via Karul","Karul Vidyalaya",Kankavli,,MO,2792,"Karul Vidyalaya",,,,करूळ,कणकवली,10.7,10:10,10:30,SC,SUN,,सरळ,
77684,"Phonda To Kankavli Via Karul","Karul Vidyalaya",Kankavli,,MO,2757,"Humrath Mal Ghorpiwadi",2.5,,,करूळ,कणकवली,10.7,10:10,10:30,SC,SUN,,सरळ,
77684,"Phonda To Kankavli Via Karul","Karul Vidyalaya",Kankavli,,MO,2756,"Humrat Titha",4.1,,,करूळ,कणकवली,10.7,10:10,10:30,SC,SUN,,सरळ,
77684,"Phonda To Kankavli Via Karul","Karul Vidyalaya",Kankavli,,MO,2768,"Janavali Gavthanwadi",7,,,करूळ,कणकवली,10.7,10:10,10:30,SC,SUN,,सरळ,
77684,"Phonda To Kankavli Via Karul","Karul Vidyalaya",Kankavli,,MO,2786,Kankavli,10.7,,,करूळ,कणकवली,10.7,10:10,10:30,SC,SUN,,सरळ,
11139,"Kankavli To Kajarghati Via Bidwadi",Kankavli,Chinchawali,"BIDWADI GPO",MO,2786,Kankavli,,,,कणकवली,"सावडाव ओटव",20,05:30,06:00,SC,SUN,"११.५० 0 ते १२.३०  विश्रांती",बिडवाडी,
11139,"Kankavli To Kajarghati Via Bidwadi",Kankavli,Chinchawali,"BIDWADI GPO",MO,3008,"Warawade Bridge",3.1,,,कणकवली,"सावडाव ओटव",20,05:30,06:00,SC,SUN,"११.५० 0 ते १२.३०  विश्रांती",बिडवाडी,
11139,"Kankavli To Kajarghati Via Bidwadi",Kankavli,Chinchawali,"BIDWADI GPO",MO,2836,"Kuweskar Dukan",5.2,,,कणकवली,"सावडाव ओटव",20,05:30,06:00,SC,SUN,"११.५० 0 ते १२.३०  विश्रांती",बिडवाडी,
11139,"Kankavli To Kajarghati Via Bidwadi",Kankavli,Chinchawali,"BIDWADI GPO",MO,2844,"Mail Stone",6,,,कणकवली,"सावडाव ओटव",20,05:30,06:00,SC,SUN,"११.५० 0 ते १२.३०  विश्रांती",बिडवाडी,
11139,"Kankavli To Kajarghati Via Bidwadi",Kankavli,Chinchawali,"BIDWADI GPO",MO,2910,"Pise Kamte School",7.8,,,कणकवली,"सावडाव ओटव",20,05:30,06:00,SC,SUN,"११.५० 0 ते १२.३०  विश्रांती",बिडवाडी,
11139,"Kankavli To Kajarghati Via Bidwadi",Kankavli,Chinchawali,"BIDWADI GPO",MO,2666,"Bidwadi Gpo",9.2,,,कणकवली,"सावडाव ओटव",20,05:30,06:00,SC,SUN,"११.५० 0 ते १२.३०  विश्रांती",बिडवाडी,
11139,"Kankavli To Kajarghati Via Bidwadi",Kankavli,Chinchawali,"BIDWADI GPO",MO,2683,Chinchawali,10,,,कणकवली,"सावडाव ओटव",20,05:30,06:00,SC,SUN,"११.५० 0 ते १२.३०  विश्रांती",बिडवाडी,
18298,"Chinchwali  To Kankavli Via Bidwadi",Chinchawali,Kankavli,"BIDWADI GPO",MO,2683,Chinchawali,,,,ओटव-सावडाव,कणकवली,20,06:10,06:50,SC,SUN,,बिडवाडी,
18298,"Chinchwali  To Kankavli Via Bidwadi",Chinchawali,Kankavli,"BIDWADI GPO",MO,2666,"Bidwadi Gpo",1.2,,,ओटव-सावडाव,कणकवली,20,06:10,06:50,SC,SUN,,बिडवाडी,
18298,"Chinchwali  To Kankavli Via Bidwadi",Chinchawali,Kankavli,"BIDWADI GPO",MO,2910,"Pise Kamte School",2.2,,,ओटव-सावडाव,कणकवली,20,06:10,06:50,SC,SUN,,बिडवाडी,
18298,"Chinchwali  To Kankavli Via Bidwadi",Chinchawali,Kankavli,"BIDWADI GPO",MO,2844,"Mail Stone",4,,,ओटव-सावडाव,कणकवली,20,06:10,06:50,SC,SUN,,बिडवाडी,
18298,"Chinchwali  To Kankavli Via Bidwadi",Chinchawali,Kankavli,"BIDWADI GPO",MO,2836,"Kuweskar Dukan",4.8,,,ओटव-सावडाव,कणकवली,20,06:10,06:50,SC,SUN,,बिडवाडी,
18298,"Chinchwali  To Kankavli Via Bidwadi",Chinchawali,Kankavli,"BIDWADI GPO",MO,3008,"Warawade Bridge",6.9,,,ओटव-सावडाव,कणकवली,20,06:10,06:50,SC,SUN,,बिडवाडी,
18298,"Chinchwali  To Kankavli Via Bidwadi",Chinchawali,Kankavli,"BIDWADI GPO",MO,2786,Kankavli,10,,,ओटव-सावडाव,कणकवली,20,06:10,06:50,SC,SUN,,बिडवाडी,
10869,"Kharepatan To Umbarde",Kharepatan,"Umbarde Canteen",,MO,2812,Kharepatan,,,,खारेपाटण,उंबर्डे,18,10:45,11:20,SC,SUN,,,
10869,"Kharepatan To Umbarde",Kharepatan,"Umbarde Canteen",,MO,14731,"Mosam Hotel",3,,,खारेपाटण,उंबर्डे,18,10:45,11:20,SC,SUN,,,
10869,"Kharepatan To Umbarde",Kharepatan,"Umbarde Canteen",,MO,14805,"Mosam Bridge",6,,,खारेपाटण,उंबर्डे,18,10:45,11:20,SC,SUN,,,
10869,"Kharepatan To Umbarde",Kharepatan,"Umbarde Canteen",,MO,9209,"Jamade Bridge",9,,,खारेपाटण,उंबर्डे,18,10:45,11:20,SC,SUN,,,
10869,"Kharepatan To Umbarde",Kharepatan,"Umbarde Canteen",,MO,9284,Tithavali,12,,,खारेपाटण,उंबर्डे,18,10:45,11:20,SC,SUN,,,
10869,"Kharepatan To Umbarde",Kharepatan,"Umbarde Canteen",,MO,9243,"Nanivade Fata",13.2,,,खारेपाटण,उंबर्डे,18,10:45,11:20,SC,SUN,,,
10869,"Kharepatan To Umbarde",Kharepatan,"Umbarde Canteen",,MO,9219,Kolape,15,,,खारेपाटण,उंबर्डे,18,10:45,11:20,SC,SUN,,,
10869,"Kharepatan To Umbarde",Kharepatan,"Umbarde Canteen",,MO,9286,"Umbarde Canteen",18,,,खारेपाटण,उंबर्डे,18,10:45,11:20,SC,SUN,,,
10886,"Chafed To Kankavli",Chafed,Kankavli,,MO,1669,Chafed,,,,चाफेड,कणकवली,15,18:25,19:05,SC,SUN,,,
10886,"Chafed To Kankavli",Chafed,Kankavli,,MO,2659,"Bharni Nanewadi",3,,,चाफेड,कणकवली,15,18:25,19:05,SC,SUN,,,
10886,"Chafed To Kankavli",Chafed,Kankavli,,MO,2846,"Main Fata",6,,,चाफेड,कणकवली,15,18:25,19:05,SC,SUN,,,
10886,"Chafed To Kankavli",Chafed,Kankavli,,MO,2980,"Tarandale Mandir",9,,,चाफेड,कणकवली,15,18:25,19:05,SC,SUN,,,
10886,"Chafed To Kankavli",Chafed,Kankavli,,MO,2827,"Kundewadi Fata",12,,,चाफेड,कणकवली,15,18:25,19:05,SC,SUN,,,
10886,"Chafed To Kankavli",Chafed,Kankavli,,MO,2786,Kankavli,15,,,चाफेड,कणकवली,15,18:25,19:05,SC,SUN,,,
11330,"Ringewadi To Vaibhavwadi Via Umbarde Canteen",Ringewadi,Vaibhavwadi,"UMBARDE CANTEEN",MO,9264,Ringewadi,,,,रिंगेवाडी,वैभववाडी,21,14:30,15:05,SC,SUN,,उंबर्डे,
11330,"Ringewadi To Vaibhavwadi Via Umbarde Canteen",Ringewadi,Vaibhavwadi,"UMBARDE CANTEEN",MO,9186,Bhuibavada,3,,,रिंगेवाडी,वैभववाडी,21,14:30,15:05,SC,SUN,,उंबर्डे,
11330,"Ringewadi To Vaibhavwadi Via Umbarde Canteen",Ringewadi,Vaibhavwadi,"UMBARDE CANTEEN",MO,9233,"Mangawali Dispensary",6.1,,,रिंगेवाडी,वैभववाडी,21,14:30,15:05,SC,SUN,,उंबर्डे,
11330,"Ringewadi To Vaibhavwadi Via Umbarde Canteen",Ringewadi,Vaibhavwadi,"UMBARDE CANTEEN",MO,9296,Waniwadi,9.2,,,रिंगेवाडी,वैभववाडी,21,14:30,15:05,SC,SUN,,उंबर्डे,
11330,"Ringewadi To Vaibhavwadi Via Umbarde Canteen",Ringewadi,Vaibhavwadi,"UMBARDE CANTEEN",MO,9286,"Umbarde Canteen",11.8,,,रिंगेवाडी,वैभववाडी,21,14:30,15:05,SC,SUN,,उंबर्डे,
11330,"Ringewadi To Vaibhavwadi Via Umbarde Canteen",Ringewadi,Vaibhavwadi,"UMBARDE CANTEEN",MO,9226,"Kusur Bazarwadi",15,,,रिंगेवाडी,वैभववाडी,21,14:30,15:05,SC,SUN,,उंबर्डे,
11330,"Ringewadi To Vaibhavwadi Via Umbarde Canteen",Ringewadi,Vaibhavwadi,"UMBARDE CANTEEN",MO,9274,Sonali,19,,,रिंगेवाडी,वैभववाडी,21,14:30,15:05,SC,SUN,,उंबर्डे,
11330,"Ringewadi To Vaibhavwadi Via Umbarde Canteen",Ringewadi,Vaibhavwadi,"UMBARDE CANTEEN",MO,9291,Vaibhavwadi,21,,,रिंगेवाडी,वैभववाडी,21,14:30,15:05,SC,SUN,,उंबर्डे,
59508,"Bhuibavada To Vaibhavwadi",Vaibhavwadi,Bhuibavada,,MO,9291,Vaibhavwadi,,,,वैभववाडी,भुईबावडा,15,15:15,16:00,SC,SUN,,गवळीवाडी,
59508,"Bhuibavada To Vaibhavwadi",Vaibhavwadi,Bhuibavada,,MO,9247,"Narkar Dukan",3,,,वैभववाडी,भुईबावडा,15,15:15,16:00,SC,SUN,,गवळीवाडी,
59508,"Bhuibavada To Vaibhavwadi",Vaibhavwadi,Bhuibavada,,MO,9226,"Kusur Bazarwadi",6,,,वैभववाडी,भुईबावडा,15,15:15,16:00,SC,SUN,,गवळीवाडी,
59508,"Bhuibavada To Vaibhavwadi",Vaibhavwadi,Bhuibavada,,MO,9277,Sutarwadi,9,,,वैभववाडी,भुईबावडा,15,15:15,16:00,SC,SUN,,गवळीवाडी,
59508,"Bhuibavada To Vaibhavwadi",Vaibhavwadi,Bhuibavada,,MO,9197,"Gawalwadi Dattamandir",12,,,वैभववाडी,भुईबावडा,15,15:15,16:00,SC,SUN,,गवळीवाडी,
59508,"Bhuibavada To Vaibhavwadi",Vaibhavwadi,Bhuibavada,,MO,9282,Tirawade,13.2,,,वैभववाडी,भुईबावडा,15,15:15,16:00,SC,SUN,,गवळीवाडी,
59508,"Bhuibavada To Vaibhavwadi",Vaibhavwadi,Bhuibavada,,MO,9186,Bhuibavada,15,,,वैभववाडी,भुईबावडा,15,15:15,16:00,SC,SUN,,गवळीवाडी,
10875,"Kankavli To Guravwadi Via Shivdav High School",Kankavli,Guravwadi,"SHIVDAV HIGH SCHOOL",MO,2786,Kankavli,,,,कणकवली,"गुरववाडी (दारीस्ते)",18.2,14:30,15:10,NON,DAILY,,शिवडाव,
10875,"Kankavli To Guravwadi Via Shivdav High School",Kankavli,Guravwadi,"SHIVDAV HIGH SCHOOL",MO,2742,"Halwal Giran",3.2,,,कणकवली,"गुरववाडी (दारीस्ते)",18.2,14:30,15:10,NON,DAILY,,शिवडाव,
10875,"Kankavli To Guravwadi Via Shivdav High School",Kankavli,Guravwadi,"SHIVDAV HIGH SCHOOL",MO,2777,"Kalsuli Fata",6.5,,,कणकवली,"गुरववाडी (दारीस्ते)",18.2,14:30,15:10,NON,DAILY,,शिवडाव,
10875,"Kankavli To Guravwadi Via Shivdav High School",Kankavli,Guravwadi,"SHIVDAV HIGH SCHOOL",MO,2936,"Sai Mandir",9,,,कणकवली,"गुरववाडी (दारीस्ते)",18.2,14:30,15:10,NON,DAILY,,शिवडाव,
10875,"Kankavli To Guravwadi Via Shivdav High School",Kankavli,Guravwadi,"SHIVDAV HIGH SCHOOL",MO,2972,"Shivdav High School",11,,,कणकवली,"गुरववाडी (दारीस्ते)",18.2,14:30,15:10,NON,DAILY,,शिवडाव,
10875,"Kankavli To Guravwadi Via Shivdav High School",Kankavli,Guravwadi,"SHIVDAV HIGH SCHOOL",MO,2751,"Hattiche Bridge",12.7,,,कणकवली,"गुरववाडी (दारीस्ते)",18.2,14:30,15:10,NON,DAILY,,शिवडाव,
10875,"Kankavli To Guravwadi Via Shivdav High School",Kankavli,Guravwadi,"SHIVDAV HIGH SCHOOL",MO,2986,Thalkarwadi,13.2,,,कणकवली,"गुरववाडी (दारीस्ते)",18.2,14:30,15:10,NON,DAILY,,शिवडाव,
10875,"Kankavli To Guravwadi Via Shivdav High School",Kankavli,Guravwadi,"SHIVDAV HIGH SCHOOL",MO,2844,"Mail Stone",15,,,कणकवली,"गुरववाडी (दारीस्ते)",18.2,14:30,15:10,NON,DAILY,,शिवडाव,
10875,"Kankavli To Guravwadi Via Shivdav High School",Kankavli,Guravwadi,"SHIVDAV HIGH SCHOOL",MO,2694,"Dariste Gpo",17.3,,,कणकवली,"गुरववाडी (दारीस्ते)",18.2,14:30,15:10,NON,DAILY,,शिवडाव,
10875,"Kankavli To Guravwadi Via Shivdav High School",Kankavli,Guravwadi,"SHIVDAV HIGH SCHOOL",MO,2740,Guravwadi,18.2,,,कणकवली,"गुरववाडी (दारीस्ते)",18.2,14:30,15:10,NON,DAILY,,शिवडाव,
10864,"Guravwadi To Kankavli Via Shivdav",Guravwadi,Kankavli,"SHIVDAV HIGH SCHOOL",MO,2740,Guravwadi,,,,"गुरववाडी (दारीस्ते)",कणकवली,18.2,15:20,16:00,NON,DAILY,,शिवडाव,
10864,"Guravwadi To Kankavli Via Shivdav",Guravwadi,Kankavli,"SHIVDAV HIGH SCHOOL",MO,2694,"Dariste Gpo",0.9,,,"गुरववाडी (दारीस्ते)",कणकवली,18.2,15:20,16:00,NON,DAILY,,शिवडाव,
10864,"Guravwadi To Kankavli Via Shivdav",Guravwadi,Kankavli,"SHIVDAV HIGH SCHOOL",MO,2844,"Mail Stone",3.2,,,"गुरववाडी (दारीस्ते)",कणकवली,18.2,15:20,16:00,NON,DAILY,,शिवडाव,
10864,"Guravwadi To Kankavli Via Shivdav",Guravwadi,Kankavli,"SHIVDAV HIGH SCHOOL",MO,2986,Thalkarwadi,5,,,"गुरववाडी (दारीस्ते)",कणकवली,18.2,15:20,16:00,NON,DAILY,,शिवडाव,
10864,"Guravwadi To Kankavli Via Shivdav",Guravwadi,Kankavli,"SHIVDAV HIGH SCHOOL",MO,2751,"Hattiche Bridge",5.5,,,"गुरववाडी (दारीस्ते)",कणकवली,18.2,15:20,16:00,NON,DAILY,,शिवडाव,
10864,"Guravwadi To Kankavli Via Shivdav",Guravwadi,Kankavli,"SHIVDAV HIGH SCHOOL",MO,2972,"Shivdav High School",7.2,,,"गुरववाडी (दारीस्ते)",कणकवली,18.2,15:20,16:00,NON,DAILY,,शिवडाव,
10864,"Guravwadi To Kankavli Via Shivdav",Guravwadi,Kankavli,"SHIVDAV HIGH SCHOOL",MO,2936,"Sai Mandir",9.2,,,"गुरववाडी (दारीस्ते)",कणकवली,18.2,15:20,16:00,NON,DAILY,,शिवडाव,
10864,"Guravwadi To Kankavli Via Shivdav",Guravwadi,Kankavli,"SHIVDAV HIGH SCHOOL",MO,2777,"Kalsuli Fata",11.7,,,"गुरववाडी (दारीस्ते)",कणकवली,18.2,15:20,16:00,NON,DAILY,,शिवडाव,
10864,"Guravwadi To Kankavli Via Shivdav",Guravwadi,Kankavli,"SHIVDAV HIGH SCHOOL",MO,2742,"Halwal Giran",15,,,"गुरववाडी (दारीस्ते)",कणकवली,18.2,15:20,16:00,NON,DAILY,,शिवडाव,
10864,"Guravwadi To Kankavli Via Shivdav",Guravwadi,Kankavli,"SHIVDAV HIGH SCHOOL",MO,2786,Kankavli,18.2,,,"गुरववाडी (दारीस्ते)",कणकवली,18.2,15:20,16:00,NON,DAILY,,शिवडाव,
106009,"Phonda To Kharepatn  Via Gadmath Shala",Phonda,Kharepatan,"GADMATH SHALA",MO,2904,Phonda,,,,फोंडा,खारेपाटण,36,11:15,12:20,SC,SUN,,"गडमठ ,तरळा",
106009,"Phonda To Kharepatn  Via Gadmath Shala",Phonda,Kharepatan,"GADMATH SHALA",MO,2858,"Mona Wahal",3,,,फोंडा,खारेपाटण,36,11:15,12:20,SC,SUN,,"गडमठ ,तरळा",
106009,"Phonda To Kharepatn  Via Gadmath Shala",Phonda,Kharepatan,"GADMATH SHALA",MO,2839,"Lore Bangala",6.2,,,फोंडा,खारेपाटण,36,11:15,12:20,SC,SUN,,"गडमठ ,तरळा",
106009,"Phonda To Kharepatn  Via Gadmath Shala",Phonda,Kharepatan,"GADMATH SHALA",MO,2735,"Gosavi Hotel",8.2,,,फोंडा,खारेपाटण,36,11:15,12:20,SC,SUN,,"गडमठ ,तरळा",
106009,"Phonda To Kharepatn  Via Gadmath Shala",Phonda,Kharepatan,"GADMATH SHALA",MO,2922,"Railway Cross",9.3,,,फोंडा,खारेपाटण,36,11:15,12:20,SC,SUN,,"गडमठ ,तरळा",
106009,"Phonda To Kharepatn  Via Gadmath Shala",Phonda,Kharepatan,"GADMATH SHALA",MO,2719,"Gadmath Shala",10.3,,,फोंडा,खारेपाटण,36,11:15,12:20,SC,SUN,,"गडमठ ,तरळा",
106009,"Phonda To Kharepatn  Via Gadmath Shala",Phonda,Kharepatan,"GADMATH SHALA",MO,2948,Satamwadi,12,,,फोंडा,खारेपाटण,36,11:15,12:20,SC,SUN,,"गडमठ ,तरळा",
106009,"Phonda To Kharepatn  Via Gadmath Shala",Phonda,Kharepatan,"GADMATH SHALA",MO,2687,Dabwadi,15,,,फोंडा,खारेपाटण,36,11:15,12:20,SC,SUN,,"गडमठ ,तरळा",
106009,"Phonda To Kharepatn  Via Gadmath Shala",Phonda,Kharepatan,"GADMATH SHALA",MO,2799,"Kasarde Phc",18,,,फोंडा,खारेपाटण,36,11:15,12:20,SC,SUN,,"गडमठ ,तरळा",
106009,"Phonda To Kharepatn  Via Gadmath Shala",Phonda,Kharepatan,"GADMATH SHALA",MO,2982,Tarla,21,,,फोंडा,खारेपाटण,36,11:15,12:20,SC,SUN,,"गडमठ ,तरळा",
106009,"Phonda To Kharepatn  Via Gadmath Shala",Phonda,Kharepatan,"GADMATH SHALA",MO,9229,"Mail Dagad",24,,,फोंडा,खारेपाटण,36,11:15,12:20,SC,SUN,,"गडमठ ,तरळा",
106009,"Phonda To Kharepatn  Via Gadmath Shala",Phonda,Kharepatan,"GADMATH SHALA",MO,2941,Saliste,26.2,,,फोंडा,खारेपाटण,36,11:15,12:20,SC,SUN,,"गडमठ ,तरळा",
106009,"Phonda To Kharepatn  Via Gadmath Shala",Phonda,Kharepatan,"GADMATH SHALA",MO,9229,"Mail Dagad",27,,,फोंडा,खारेपाटण,36,11:15,12:20,SC,SUN,,"गडमठ ,तरळा",
106009,"Phonda To Kharepatn  Via Gadmath Shala",Phonda,Kharepatan,"GADMATH SHALA",MO,3010,Wargaon,29.2,,,फोंडा,खारेपाटण,36,11:15,12:20,SC,SUN,,"गडमठ ,तरळा",
106009,"Phonda To Kharepatn  Via Gadmath Shala",Phonda,Kharepatan,"GADMATH SHALA",MO,9229,"Mail Dagad",30,,,फोंडा,खारेपाटण,36,11:15,12:20,SC,SUN,,"गडमठ ,तरळा",
106009,"Phonda To Kharepatn  Via Gadmath Shala",Phonda,Kharepatan,"GADMATH SHALA",MO,2863,Nadgive,33,,,फोंडा,खारेपाटण,36,11:15,12:20,SC,SUN,,"गडमठ ,तरळा",
106009,"Phonda To Kharepatn  Via Gadmath Shala",Phonda,Kharepatan,"GADMATH SHALA",MO,2812,Kharepatan,36,,,फोंडा,खारेपाटण,36,11:15,12:20,SC,SUN,,"गडमठ ,तरळा",
108675,"Kankavli To Phonda Via Kanedi",Kankavli,Phonda,KANEDI,MO,2786,Kankavli,,,,कणकवली,फोंडा,27,12:00,13:00,SC,SUN,,,
108675,"Kankavli To Phonda Via Kanedi",Kankavli,Phonda,KANEDI,MO,2859,Mudeshwar,3,,,कणकवली,फोंडा,27,12:00,13:00,SC,SUN,,,
108675,"Kankavli To Phonda Via Kanedi",Kankavli,Phonda,KANEDI,MO,2660,"Bhat Dukan",6,,,कणकवली,फोंडा,27,12:00,13:00,SC,SUN,,,
108675,"Kankavli To Phonda Via Kanedi",Kankavli,Phonda,KANEDI,MO,2945,"Sangave Mandir",9,,,कणकवली,फोंडा,27,12:00,13:00,SC,SUN,,,
108675,"Kankavli To Phonda Via Kanedi",Kankavli,Phonda,KANEDI,MO,2782,Kanedi,12,,,कणकवली,फोंडा,27,12:00,13:00,SC,SUN,,,
108675,"Kankavli To Phonda Via Kanedi",Kankavli,Phonda,KANEDI,MO,2649,Bandh,15,,,कणकवली,फोंडा,27,12:00,13:00,SC,SUN,,,
108675,"Kankavli To Phonda Via Kanedi",Kankavli,Phonda,KANEDI,MO,2788,"Karanje Khind",18,,,कणकवली,फोंडा,27,12:00,13:00,SC,SUN,,,
108675,"Kankavli To Phonda Via Kanedi",Kankavli,Phonda,KANEDI,MO,2745,"Harkul Chinch",21,,,कणकवली,फोंडा,27,12:00,13:00,SC,SUN,,,
108675,"Kankavli To Phonda Via Kanedi",Kankavli,Phonda,KANEDI,MO,2749,"Harkul Thade",22.4,,,कणकवली,फोंडा,27,12:00,13:00,SC,SUN,,,
108675,"Kankavli To Phonda Via Kanedi",Kankavli,Phonda,KANEDI,MO,2899,Pawanadevi,24,,,कणकवली,फोंडा,27,12:00,13:00,SC,SUN,,,
108675,"Kankavli To Phonda Via Kanedi",Kankavli,Phonda,KANEDI,MO,2904,Phonda,27,,,कणकवली,फोंडा,27,12:00,13:00,SC,SUN,,,
95066,"Umbarde To Kankavli",Umbarde,Kankavli,,MO,9285,Umbarde,,,,उंबर्डे,कणकवली,55,18:10,19:45,SC,SUN,,"मोसम खारेपाटण तरळे",
95066,"Umbarde To Kankavli",Umbarde,Kankavli,,MO,9220,"Kolpe Dukan",3,,,उंबर्डे,कणकवली,55,18:10,19:45,SC,SUN,,"मोसम खारेपाटण तरळे",
95066,"Umbarde To Kankavli",Umbarde,Kankavli,,MO,9284,Tithavali,6,,,उंबर्डे,कणकवली,55,18:10,19:45,SC,SUN,,"मोसम खारेपाटण तरळे",
95066,"Umbarde To Kankavli",Umbarde,Kankavli,,MO,9209,"Jamade Bridge",9,,,उंबर्डे,कणकवली,55,18:10,19:45,SC,SUN,,"मोसम खारेपाटण तरळे",
95066,"Umbarde To Kankavli",Umbarde,Kankavli,,MO,9240,"Mousam Bridge",12,,,उंबर्डे,कणकवली,55,18:10,19:45,SC,SUN,,"मोसम खारेपाटण तरळे",
95066,"Umbarde To Kankavli",Umbarde,Kankavli,,MO,9238,"Mosam Hotel",15,,,उंबर्डे,कणकवली,55,18:10,19:45,SC,SUN,,"मोसम खारेपाटण तरळे",
95066,"Umbarde To Kankavli",Umbarde,Kankavli,,MO,2812,Kharepatan,18,,,उंबर्डे,कणकवली,55,18:10,19:45,SC,SUN,,"मोसम खारेपाटण तरळे",
95066,"Umbarde To Kankavli",Umbarde,Kankavli,,MO,2863,Nadgive,21,,,उंबर्डे,कणकवली,55,18:10,19:45,SC,SUN,,"मोसम खारेपाटण तरळे",
95066,"Umbarde To Kankavli",Umbarde,Kankavli,,MO,2648,Bambarwadi,24,,,उंबर्डे,कणकवली,55,18:10,19:45,SC,SUN,,"मोसम खारेपाटण तरळे",
95066,"Umbarde To Kankavli",Umbarde,Kankavli,,MO,3010,Wargaon,25,,,उंबर्डे,कणकवली,55,18:10,19:45,SC,SUN,,"मोसम खारेपाटण तरळे",
95066,"Umbarde To Kankavli",Umbarde,Kankavli,,MO,2844,"Mail Stone",27,,,उंबर्डे,कणकवली,55,18:10,19:45,SC,SUN,,"मोसम खारेपाटण तरळे",
95066,"Umbarde To Kankavli",Umbarde,Kankavli,,MO,2941,Saliste,28.9,,,उंबर्डे,कणकवली,55,18:10,19:45,SC,SUN,,"मोसम खारेपाटण तरळे",
95066,"Umbarde To Kankavli",Umbarde,Kankavli,,MO,2844,"Mail Stone",30,,,उंबर्डे,कणकवली,55,18:10,19:45,SC,SUN,,"मोसम खारेपाटण तरळे",
95066,"Umbarde To Kankavli",Umbarde,Kankavli,,MO,2982,Tarla,33,,,उंबर्डे,कणकवली,55,18:10,19:45,SC,SUN,,"मोसम खारेपाटण तरळे",
95066,"Umbarde To Kankavli",Umbarde,Kankavli,,MO,2673,"Bramhan Wadi",36,,,उंबर्डे,कणकवली,55,18:10,19:45,SC,SUN,,"मोसम खारेपाटण तरळे",
95066,"Umbarde To Kankavli",Umbarde,Kankavli,,MO,2872,"Nandgaon Nursary",39,,,उंबर्डे,कणकवली,55,18:10,19:45,SC,SUN,,"मोसम खारेपाटण तरळे",
95066,"Umbarde To Kankavli",Umbarde,Kankavli,,MO,2871,"Nandgaon Fata",40,,,उंबर्डे,कणकवली,55,18:10,19:45,SC,SUN,,"मोसम खारेपाटण तरळे",
95066,"Umbarde To Kankavli",Umbarde,Kankavli,,MO,2870,"Nandgaon Datta Mandir",42,,,उंबर्डे,कणकवली,55,18:10,19:45,SC,SUN,,"मोसम खारेपाटण तरळे",
95066,"Umbarde To Kankavli",Umbarde,Kankavli,,MO,2655,Belane,45,,,उंबर्डे,कणकवली,55,18:10,19:45,SC,SUN,,"मोसम खारेपाटण तरळे",
95066,"Umbarde To Kankavli",Umbarde,Kankavli,,MO,2756,"Humrat Titha",48,,,उंबर्डे,कणकवली,55,18:10,19:45,SC,SUN,,"मोसम खारेपाटण तरळे",
95066,"Umbarde To Kankavli",Umbarde,Kankavli,,MO,2766,Janavali,51,,,उंबर्डे,कणकवली,55,18:10,19:45,SC,SUN,,"मोसम खारेपाटण तरळे",
95066,"Umbarde To Kankavli",Umbarde,Kankavli,,MO,2786,Kankavli,54,,,उंबर्डे,कणकवली,55,18:10,19:45,SC,SUN,,"मोसम खारेपाटण तरळे",
83971,"Madhu Dukan To Kankavli Via Osargaon","Madhu Dukan",Kankavli,,MO,2840,"Madhu Dukan",,,,कळसुली,कणकवली,20.3,06:15,07:00,OBL,DAILY,"17.40 ते 19.00 विश्रांती","osargav bordave amrad",
83971,"Madhu Dukan To Kankavli Via Osargaon","Madhu Dukan",Kankavli,,MO,2718,Gadgewadi,1.8,,,कळसुली,कणकवली,20.3,06:15,07:00,OBL,DAILY,"17.40 ते 19.00 विश्रांती","osargav bordave amrad",
83971,"Madhu Dukan To Kankavli Via Osargaon","Madhu Dukan",Kankavli,,MO,2733,Giran,5.6,,,कळसुली,कणकवली,20.3,06:15,07:00,OBL,DAILY,"17.40 ते 19.00 विश्रांती","osargav bordave amrad",
83971,"Madhu Dukan To Kankavli Via Osargaon","Madhu Dukan",Kankavli,,MO,2764,"Jain Mandir",9,,,कळसुली,कणकवली,20.3,06:15,07:00,OBL,DAILY,"17.40 ते 19.00 विश्रांती","osargav bordave amrad",
83971,"Madhu Dukan To Kankavli Via Osargaon","Madhu Dukan",Kankavli,,MO,2891,"Osargaon Talav",12.4,,,कळसुली,कणकवली,20.3,06:15,07:00,OBL,DAILY,"17.40 ते 19.00 विश्रांती","osargav bordave amrad",
83971,"Madhu Dukan To Kankavli Via Osargaon","Madhu Dukan",Kankavli,,MO,3003,"Waghada Dangalwadi",15.4,,,कळसुली,कणकवली,20.3,06:15,07:00,OBL,DAILY,"17.40 ते 19.00 विश्रांती","osargav bordave amrad",
83971,"Madhu Dukan To Kankavli Via Osargaon","Madhu Dukan",Kankavli,,MO,3001,"Wagade Gpo",17.3,,,कळसुली,कणकवली,20.3,06:15,07:00,OBL,DAILY,"17.40 ते 19.00 विश्रांती","osargav bordave amrad",
83971,"Madhu Dukan To Kankavli Via Osargaon","Madhu Dukan",Kankavli,,MO,2786,Kankavli,20.3,,,कळसुली,कणकवली,20.3,06:15,07:00,OBL,DAILY,"17.40 ते 19.00 विश्रांती","osargav bordave amrad",
RA11234,"Umbarde To   Vaibhavwadi Via Katkarwadi",Umbarde,Vaibhavwadi,KATKARWADI,MO,9285,Umbarde,,,,उंबर्डे,वैभववाडी,15,16:45,17:25,SC,SUN,,,
RA11234,"Umbarde To   Vaibhavwadi Via Katkarwadi",Umbarde,Vaibhavwadi,KATKARWADI,MO,9226,"Kusur Bazarwadi",3,,,उंबर्डे,वैभववाडी,15,16:45,17:25,SC,SUN,,,
RA11234,"Umbarde To   Vaibhavwadi Via Katkarwadi",Umbarde,Vaibhavwadi,KATKARWADI,MO,9214,Katkarwadi,5.1,,,उंबर्डे,वैभववाडी,15,16:45,17:25,SC,SUN,,,
RA11234,"Umbarde To   Vaibhavwadi Via Katkarwadi",Umbarde,Vaibhavwadi,KATKARWADI,MO,9226,"Kusur Bazarwadi",7.2,,,उंबर्डे,वैभववाडी,15,16:45,17:25,SC,SUN,,,
RA11234,"Umbarde To   Vaibhavwadi Via Katkarwadi",Umbarde,Vaibhavwadi,KATKARWADI,MO,9258,Pimpalwadi,11,,,उंबर्डे,वैभववाडी,15,16:45,17:25,SC,SUN,,,
RA11234,"Umbarde To   Vaibhavwadi Via Katkarwadi",Umbarde,Vaibhavwadi,KATKARWADI,MO,9274,Sonali,12,,,उंबर्डे,वैभववाडी,15,16:45,17:25,SC,SUN,,,
RA11234,"Umbarde To   Vaibhavwadi Via Katkarwadi",Umbarde,Vaibhavwadi,KATKARWADI,MO,9291,Vaibhavwadi,15,,,उंबर्डे,वैभववाडी,15,16:45,17:25,SC,SUN,,,
R83972,"Kankavli To Vaibhavwadi Via Tarla",Kankavli,Vaibhavwadi,TARLA,MO,2786,Kankavli,,,,कणकवली,वैभववाडी,37,10:00,11:00,NON,SUN,,,
R83972,"Kankavli To Vaibhavwadi Via Tarla",Kankavli,Vaibhavwadi,TARLA,MO,2766,Janavali,3,,,कणकवली,वैभववाडी,37,10:00,11:00,NON,SUN,,,
R83972,"Kankavli To Vaibhavwadi Via Tarla",Kankavli,Vaibhavwadi,TARLA,MO,2756,"Humrat Titha",6,,,कणकवली,वैभववाडी,37,10:00,11:00,NON,SUN,,,
R83972,"Kankavli To Vaibhavwadi Via Tarla",Kankavli,Vaibhavwadi,TARLA,MO,2655,Belane,9,,,कणकवली,वैभववाडी,37,10:00,11:00,NON,SUN,,,
R83972,"Kankavli To Vaibhavwadi Via Tarla",Kankavli,Vaibhavwadi,TARLA,MO,2870,"Nandgaon Datta Mandir",12,,,कणकवली,वैभववाडी,37,10:00,11:00,NON,SUN,,,
R83972,"Kankavli To Vaibhavwadi Via Tarla",Kankavli,Vaibhavwadi,TARLA,MO,2872,"Nandgaon Nursary",15,,,कणकवली,वैभववाडी,37,10:00,11:00,NON,SUN,,,
R83972,"Kankavli To Vaibhavwadi Via Tarla",Kankavli,Vaibhavwadi,TARLA,MO,2673,"Bramhan Wadi",18,,,कणकवली,वैभववाडी,37,10:00,11:00,NON,SUN,,,
R83972,"Kankavli To Vaibhavwadi Via Tarla",Kankavli,Vaibhavwadi,TARLA,MO,2982,Tarla,21,,,कणकवली,वैभववाडी,37,10:00,11:00,NON,SUN,,,
R83972,"Kankavli To Vaibhavwadi Via Tarla",Kankavli,Vaibhavwadi,TARLA,MO,2796,"Kasarde Buddhawadi",24,,,कणकवली,वैभववाडी,37,10:00,11:00,NON,SUN,,,
R83972,"Kankavli To Vaibhavwadi Via Tarla",Kankavli,Vaibhavwadi,TARLA,MO,2780,"Kambale Hotel",25.1,,,कणकवली,वैभववाडी,37,10:00,11:00,NON,SUN,,,
R83972,"Kankavli To Vaibhavwadi Via Tarla",Kankavli,Vaibhavwadi,TARLA,MO,2841,Mahadevwadi,27,,,कणकवली,वैभववाडी,37,10:00,11:00,NON,SUN,,,
R83972,"Kankavli To Vaibhavwadi Via Tarla",Kankavli,Vaibhavwadi,TARLA,MO,9241,Nadhawade,28.1,,,कणकवली,वैभववाडी,37,10:00,11:00,NON,SUN,,,
R83972,"Kankavli To Vaibhavwadi Via Tarla",Kankavli,Vaibhavwadi,TARLA,MO,9245,Napane,31.1,,,कणकवली,वैभववाडी,37,10:00,11:00,NON,SUN,,,
R83972,"Kankavli To Vaibhavwadi Via Tarla",Kankavli,Vaibhavwadi,TARLA,MO,9181,Bandhwadi,33,,,कणकवली,वैभववाडी,37,10:00,11:00,NON,SUN,,,
R83972,"Kankavli To Vaibhavwadi Via Tarla",Kankavli,Vaibhavwadi,TARLA,MO,9291,Vaibhavwadi,37,,,कणकवली,वैभववाडी,37,10:00,11:00,NON,SUN,,,
1405567,"Vaibhavwadi To Bhattiwadi",Vaibhavwadi,Bhattiwadi,,MO,9291,Vaibhavwadi,,,,वैभववाडी,"करुळ भट्टीवाडी",9,12:30,12:50,SC,SUN,,बिडवाडी,
1405567,"Vaibhavwadi To Bhattiwadi",Vaibhavwadi,Bhattiwadi,,MO,9194,Edgaon,3,,,वैभववाडी,"करुळ भट्टीवाडी",9,12:30,12:50,SC,SUN,,बिडवाडी,
1405567,"Vaibhavwadi To Bhattiwadi",Vaibhavwadi,Bhattiwadi,,MO,9208,Jamadarwadi,6,,,वैभववाडी,"करुळ भट्टीवाडी",9,12:30,12:50,SC,SUN,,बिडवाडी,
1405567,"Vaibhavwadi To Bhattiwadi",Vaibhavwadi,Bhattiwadi,,MO,9212,"Karul High School",7,,,वैभववाडी,"करुळ भट्टीवाडी",9,12:30,12:50,SC,SUN,,बिडवाडी,
1405567,"Vaibhavwadi To Bhattiwadi",Vaibhavwadi,Bhattiwadi,,MO,9182,Bhattiwadi,9,,,वैभववाडी,"करुळ भट्टीवाडी",9,12:30,12:50,SC,SUN,,बिडवाडी,
R1405567,"Karul Bhattiwadi To Vaibhavwadi",Bhattiwadi,Vaibhavwadi,,MO,9182,Bhattiwadi,,,,"करुळ भट्टीवाडी",वैभववाडी,9,13:00,13:20,SC,SUN,,सरळ,
R1405567,"Karul Bhattiwadi To Vaibhavwadi",Bhattiwadi,Vaibhavwadi,,MO,9212,"Karul High School",2,,,"करुळ भट्टीवाडी",वैभववाडी,9,13:00,13:20,SC,SUN,,सरळ,
R1405567,"Karul Bhattiwadi To Vaibhavwadi",Bhattiwadi,Vaibhavwadi,,MO,9208,Jamadarwadi,3,,,"करुळ भट्टीवाडी",वैभववाडी,9,13:00,13:20,SC,SUN,,सरळ,
R1405567,"Karul Bhattiwadi To Vaibhavwadi",Bhattiwadi,Vaibhavwadi,,MO,9194,Edgaon,6,,,"करुळ भट्टीवाडी",वैभववाडी,9,13:00,13:20,SC,SUN,,सरळ,
R1405567,"Karul Bhattiwadi To Vaibhavwadi",Bhattiwadi,Vaibhavwadi,,MO,9291,Vaibhavwadi,9,,,"करुळ भट्टीवाडी",वैभववाडी,9,13:00,13:20,SC,SUN,,सरळ,
