"Route No","Route Name","From Stop Name","Till Stop Name","Via Stop Name","Route Type","Bstop ID","Bstop Name","DIST KM","IN ACTIVE","DTL IN ACTIVE",Source_Marathi,Destination_Marathi,Distance_KM,Departure_Time,Arrival_Time,Trip_Type,Frequency,Rest_Remark,Remark,School_Trip
10982,"Kudal To Rangana Tulsuli Via Hateri","Kudal St Depot","Rangana Tulsuli",HATERI,MO,6240,"Kudal St Depot",,,,"कुडाळ आगार",रांगणातुळसुली,25.1,12:30,13:20,,,,,
10982,"Kudal To Rangana Tulsuli Via Hateri","Kudal St Depot","Rangana Tulsuli",HATERI,MO,6237,"Kudal St Depot",1.5,,,"कुडाळ आगार",रांगणातुळसुली,25.1,12:30,13:20,,,,,
10982,"Kudal To Rangana Tulsuli Via Hateri","Kudal St Depot","Rangana Tulsuli",HATERI,MO,6380,"Pawashi Panchayat",3.5,,,"कुडाळ आगार",रांगणातुळसुली,25.1,12:30,13:20,,,,,
10982,"Kudal To Rangana Tulsuli Via Hateri","Kudal St Depot","Rangana Tulsuli",HATERI,MO,88100,Vetalbambarde,6.2,,,"कुडाळ आगार",रांगणातुळसुली,25.1,12:30,13:20,,,,,
10982,"Kudal To Rangana Tulsuli Via Hateri","Kudal St Depot","Rangana Tulsuli",HATERI,MO,6109,"Ainmala Fata",9.2,,,"कुडाळ आगार",रांगणातुळसुली,25.1,12:30,13:20,,,,,
10982,"Kudal To Rangana Tulsuli Via Hateri","Kudal St Depot","Rangana Tulsuli",HATERI,MO,6183,"Gadkariwadi Marathi School",9.4,,,"कुडाळ आगार",रांगणातुळसुली,25.1,12:30,13:20,,,,,
10982,"Kudal To Rangana Tulsuli Via Hateri","Kudal St Depot","Rangana Tulsuli",HATERI,MO,6106,Ainmala,12,,,"कुडाळ आगार",रांगणातुळसुली,25.1,12:30,13:20,,,,,
10982,"Kudal To Rangana Tulsuli Via Hateri","Kudal St Depot","Rangana Tulsuli",HATERI,MO,6183,"Gadkariwadi Marathi School",12.4,,,"कुडाळ आगार",रांगणातुळसुली,25.1,12:30,13:20,,,,,
10982,"Kudal To Rangana Tulsuli Via Hateri","Kudal St Depot","Rangana Tulsuli",HATERI,MO,6325,"Maruti Mandir",16.4,,,"कुडाळ आगार",रांगणातुळसुली,25.1,12:30,13:20,,,,,
10982,"Kudal To Rangana Tulsuli Via Hateri","Kudal St Depot","Rangana Tulsuli",HATERI,MO,6141,Bhogalewadi,17.8,,,"कुडाळ आगार",रांगणातुळसुली,25.1,12:30,13:20,,,,,
10982,"Kudal To Rangana Tulsuli Via Hateri","Kudal St Depot","Rangana Tulsuli",HATERI,MO,6452,"Vinanti Stop",19.1,,,"कुडाळ आगार",रांगणातुळसुली,25.1,12:30,13:20,,,,,
10982,"Kudal To Rangana Tulsuli Via Hateri","Kudal St Depot","Rangana Tulsuli",HATERI,MO,6214,Hateri,20,,,"कुडाळ आगार",रांगणातुळसुली,25.1,12:30,13:20,,,,,
10982,"Kudal To Rangana Tulsuli Via Hateri","Kudal St Depot","Rangana Tulsuli",HATERI,MO,6394,"Rangana Tulsuli Fata",21.6,,,"कुडाळ आगार",रांगणातुळसुली,25.1,12:30,13:20,,,,,
10982,"Kudal To Rangana Tulsuli Via Hateri","Kudal St Depot","Rangana Tulsuli",HATERI,MO,6168,Dewoolwadi,22.1,,,"कुडाळ आगार",रांगणातुळसुली,25.1,12:30,13:20,,,,,
10982,"Kudal To Rangana Tulsuli Via Hateri","Kudal St Depot","Rangana Tulsuli",HATERI,MO,6389,"Rangana Tulsuli",25.1,,,"कुडाळ आगार",रांगणातुळसुली,25.1,12:30,13:20,,,,,
19934,"Niwati Bandar To Kudal  Via Post Office","Niwati Bandar","Kudal St Depot","POST OFFICE",MO,9741,"Niwati Bandar",,,,निवती,कुडाळ,24,15:30,16:20,,,,,
19934,"Niwati Bandar To Kudal  Via Post Office","Niwati Bandar","Kudal St Depot","POST OFFICE",MO,9777,Sati,3.2,,,निवती,कुडाळ,24,15:30,16:20,,,,,
19934,"Niwati Bandar To Kudal  Via Post Office","Niwati Bandar","Kudal St Depot","POST OFFICE",MO,9761,"Post Office",4.4,,,निवती,कुडाळ,24,15:30,16:20,,,,,
19934,"Niwati Bandar To Kudal  Via Post Office","Niwati Bandar","Kudal St Depot","POST OFFICE",MO,9717,"Mhapan Datta Mandir",5,,,निवती,कुडाळ,24,15:30,16:20,,,,,
19934,"Niwati Bandar To Kudal  Via Post Office","Niwati Bandar","Kudal St Depot","POST OFFICE",MO,9720,"Mhapan Sateri Mandir",5.9,,,निवती,कुडाळ,24,15:30,16:20,,,,,
19934,"Niwati Bandar To Kudal  Via Post Office","Niwati Bandar","Kudal St Depot","POST OFFICE",MO,9714,Mhapan,7,,,निवती,कुडाळ,24,15:30,16:20,,,,,
19934,"Niwati Bandar To Kudal  Via Post Office","Niwati Bandar","Kudal St Depot","POST OFFICE",MO,6384,"Pat Titha",8.1,,,निवती,कुडाळ,24,15:30,16:20,,,,,
19934,"Niwati Bandar To Kudal  Via Post Office","Niwati Bandar","Kudal St Depot","POST OFFICE",MO,6377,"Pendurkar Dukan",9.9,,,निवती,कुडाळ,24,15:30,16:20,,,,,
19934,"Niwati Bandar To Kudal  Via Post Office","Niwati Bandar","Kudal St Depot","POST OFFICE",MO,6094,"Andurle Khind",11.1,,,निवती,कुडाळ,24,15:30,16:20,,,,,
19934,"Niwati Bandar To Kudal  Via Post Office","Niwati Bandar","Kudal St Depot","POST OFFICE",MO,6215,Humarmala,11.8,,,निवती,कुडाळ,24,15:30,16:20,,,,,
19934,"Niwati Bandar To Kudal  Via Post Office","Niwati Bandar","Kudal St Depot","POST OFFICE",MO,6305,"Madyachiwadi Phanas",14.4,,,निवती,कुडाळ,24,15:30,16:20,,,,,
19934,"Niwati Bandar To Kudal  Via Post Office","Niwati Bandar","Kudal St Depot","POST OFFICE",MO,6298,Madyachiwadi,15.8,,,निवती,कुडाळ,24,15:30,16:20,,,,,
19934,"Niwati Bandar To Kudal  Via Post Office","Niwati Bandar","Kudal St Depot","POST OFFICE",MO,6251,"Karmal Galu",17.9,,,निवती,कुडाळ,24,15:30,16:20,,,,,
19934,"Niwati Bandar To Kudal  Via Post Office","Niwati Bandar","Kudal St Depot","POST OFFICE",MO,6376,"Pinguli Titha",21.2,,,निवती,कुडाळ,24,15:30,16:20,,,,,
19934,"Niwati Bandar To Kudal  Via Post Office","Niwati Bandar","Kudal St Depot","POST OFFICE",MO,6237,"Kudal St Depot",24,,,निवती,कुडाळ,24,15:30,16:20,,,,,
75182,"Kudal To Mhapan Vittal Mandir Via Pinguli Titha","Kudal St Depot","Mhapan Vittal Mandir","PINGULI TITHA",MO,6237,"Kudal St Depot",,,,कुडाळ,म्हापण,19.5,07:30,08:05,sc,SUN,,,
75182,"Kudal To Mhapan Vittal Mandir Via Pinguli Titha","Kudal St Depot","Mhapan Vittal Mandir","PINGULI TITHA",MO,6376,"Pinguli Titha",2.8,,,कुडाळ,म्हापण,19.5,07:30,08:05,sc,SUN,,,
75182,"Kudal To Mhapan Vittal Mandir Via Pinguli Titha","Kudal St Depot","Mhapan Vittal Mandir","PINGULI TITHA",MO,6251,"Karmal Galu",6.1,,,कुडाळ,म्हापण,19.5,07:30,08:05,sc,SUN,,,
75182,"Kudal To Mhapan Vittal Mandir Via Pinguli Titha","Kudal St Depot","Mhapan Vittal Mandir","PINGULI TITHA",MO,6298,Madyachiwadi,8.2,,,कुडाळ,म्हापण,19.5,07:30,08:05,sc,SUN,,,
75182,"Kudal To Mhapan Vittal Mandir Via Pinguli Titha","Kudal St Depot","Mhapan Vittal Mandir","PINGULI TITHA",MO,6305,"Madyachiwadi Phanas",9.6,,,कुडाळ,म्हापण,19.5,07:30,08:05,sc,SUN,,,
75182,"Kudal To Mhapan Vittal Mandir Via Pinguli Titha","Kudal St Depot","Mhapan Vittal Mandir","PINGULI TITHA",MO,6215,Humarmala,12.2,,,कुडाळ,म्हापण,19.5,07:30,08:05,sc,SUN,,,
75182,"Kudal To Mhapan Vittal Mandir Via Pinguli Titha","Kudal St Depot","Mhapan Vittal Mandir","PINGULI TITHA",MO,6094,"Andurle Khind",12.9,,,कुडाळ,म्हापण,19.5,07:30,08:05,sc,SUN,,,
75182,"Kudal To Mhapan Vittal Mandir Via Pinguli Titha","Kudal St Depot","Mhapan Vittal Mandir","PINGULI TITHA",MO,6377,"Pendurkar Dukan",14.8,,,कुडाळ,म्हापण,19.5,07:30,08:05,sc,SUN,,,
75182,"Kudal To Mhapan Vittal Mandir Via Pinguli Titha","Kudal St Depot","Mhapan Vittal Mandir","PINGULI TITHA",MO,6384,"Pat Titha",16.1,,,कुडाळ,म्हापण,19.5,07:30,08:05,sc,SUN,,,
75182,"Kudal To Mhapan Vittal Mandir Via Pinguli Titha","Kudal St Depot","Mhapan Vittal Mandir","PINGULI TITHA",MO,9714,Mhapan,17.6,,,कुडाळ,म्हापण,19.5,07:30,08:05,sc,SUN,,,
75182,"Kudal To Mhapan Vittal Mandir Via Pinguli Titha","Kudal St Depot","Mhapan Vittal Mandir","PINGULI TITHA",MO,9720,"Mhapan Sateri Mandir",18.3,,,कुडाळ,म्हापण,19.5,07:30,08:05,sc,SUN,,,
75182,"Kudal To Mhapan Vittal Mandir Via Pinguli Titha","Kudal St Depot","Mhapan Vittal Mandir","PINGULI TITHA",MO,9721,"Mhapan Vittal Mandir",19.5,,,कुडाळ,म्हापण,19.5,07:30,08:05,sc,SUN,,,
107839,"Bav To Kudal St Depot",Bav,"Kudal St Depot",,MO,6125,Bav,,,,बाव,"कुडाळ आगार",7.9,12:00,12:20,,,"विश्रांती 14.15-16.45",,
107839,"Bav To Kudal St Depot",Bav,"Kudal St Depot",,MO,6118,Bambuli,4.4,,,बाव,"कुडाळ आगार",7.9,12:00,12:20,,,"विश्रांती 14.15-16.45",,
107839,"Bav To Kudal St Depot",Bav,"Kudal St Depot",,MO,6237,"Kudal St Depot",6.4,,,बाव,"कुडाळ आगार",7.9,12:00,12:20,,,"विश्रांती 14.15-16.45",,
107839,"Bav To Kudal St Depot",Bav,"Kudal St Depot",,MO,6240,"Kudal St Depot",7.9,,,बाव,"कुडाळ आगार",7.9,12:00,12:20,,,"विश्रांती 14.15-16.45",,
107881,"Kudal  To Kumbhyachiwadi","Kudal St Depot",Kumbhyachiwadi,,MO,6237,"Kudal St Depot",,,,कुडाळ,पांग्रड,27.8,19:20,20:20,,,"विश्रांती 15.10-16.40",,
107881,"Kudal  To Kumbhyachiwadi","Kudal St Depot",Kumbhyachiwadi,,MO,6380,"Pawashi Panchayat",2.8,,,कुडाळ,पांग्रड,27.8,19:20,20:20,,,"विश्रांती 15.10-16.40",,
107881,"Kudal  To Kumbhyachiwadi","Kudal St Depot",Kumbhyachiwadi,,MO,88100,Vetalbambarde,7,,,कुडाळ,पांग्रड,27.8,19:20,20:20,,,"विश्रांती 15.10-16.40",,
107881,"Kudal  To Kumbhyachiwadi","Kudal St Depot",Kumbhyachiwadi,,MO,6365,Pandur,10.5,,,कुडाळ,पांग्रड,27.8,19:20,20:20,,,"विश्रांती 15.10-16.40",,
107881,"Kudal  To Kumbhyachiwadi","Kudal St Depot",Kumbhyachiwadi,,MO,6373,"Pandur Phc",11.1,,,कुडाळ,पांग्रड,27.8,19:20,20:20,,,"विश्रांती 15.10-16.40",,
107881,"Kudal  To Kumbhyachiwadi","Kudal St Depot",Kumbhyachiwadi,,MO,6227,"Khadichegalu Pulaskar",13.4,,,कुडाळ,पांग्रड,27.8,19:20,20:20,,,"विश्रांती 15.10-16.40",,
107881,"Kudal  To Kumbhyachiwadi","Kudal St Depot",Kumbhyachiwadi,,MO,6157,"Digas Kalika Mandir",14.9,,,कुडाळ,पांग्रड,27.8,19:20,20:20,,,"विश्रांती 15.10-16.40",,
107881,"Kudal  To Kumbhyachiwadi","Kudal St Depot",Kumbhyachiwadi,,MO,14973,"Patkar Ghar",16.2,,,कुडाळ,पांग्रड,27.8,19:20,20:20,,,"विश्रांती 15.10-16.40",,
107881,"Kudal  To Kumbhyachiwadi","Kudal St Depot",Kumbhyachiwadi,,MO,6087,"Awalegaon Dispensary",18.7,,,कुडाळ,पांग्रड,27.8,19:20,20:20,,,"विश्रांती 15.10-16.40",,
107881,"Kudal  To Kumbhyachiwadi","Kudal St Depot",Kumbhyachiwadi,,MO,6244,Kadawal,20.1,,,कुडाळ,पांग्रड,27.8,19:20,20:20,,,"विश्रांती 15.10-16.40",,
107881,"Kudal  To Kumbhyachiwadi","Kudal St Depot",Kumbhyachiwadi,,MO,6243,"Kadawal Post",20.5,,,कुडाळ,पांग्रड,27.8,19:20,20:20,,,"विश्रांती 15.10-16.40",,
107881,"Kudal  To Kumbhyachiwadi","Kudal St Depot",Kumbhyachiwadi,,MO,6375,"Pangrad Fata",21.7,,,कुडाळ,पांग्रड,27.8,19:20,20:20,,,"विश्रांती 15.10-16.40",,
107881,"Kudal  To Kumbhyachiwadi","Kudal St Depot",Kumbhyachiwadi,,MO,6151,Crusher,22.5,,,कुडाळ,पांग्रड,27.8,19:20,20:20,,,"विश्रांती 15.10-16.40",,
107881,"Kudal  To Kumbhyachiwadi","Kudal St Depot",Kumbhyachiwadi,,MO,6340,"Nirukhe Terse Shop",25.3,,,कुडाळ,पांग्रड,27.8,19:20,20:20,,,"विश्रांती 15.10-16.40",,
107881,"Kudal  To Kumbhyachiwadi","Kudal St Depot",Kumbhyachiwadi,,MO,6374,Pangrad,26.7,,,कुडाळ,पांग्रड,27.8,19:20,20:20,,,"विश्रांती 15.10-16.40",,
107881,"Kudal  To Kumbhyachiwadi","Kudal St Depot",Kumbhyachiwadi,,MO,6285,Kumbhyachiwadi,27.8,,,कुडाळ,पांग्रड,27.8,19:20,20:20,,,"विश्रांती 15.10-16.40",,
122638,"Nivaje To Kusgaon",Nivaje,Kusgaon,,MO,6357,Nivaje,,,,निवजे,कुसगाव,10.8,16:45,17:10,SC,"SAT & SUN",,,
122638,"Nivaje To Kusgaon",Nivaje,Kusgaon,,MO,6356,"Nivaje Chavata",2.1,,,निवजे,कुसगाव,10.8,16:45,17:10,SC,"SAT & SUN",,,
122638,"Nivaje To Kusgaon",Nivaje,Kusgaon,,MO,6354,"Nivaje Mandir",4,,,निवजे,कुसगाव,10.8,16:45,17:10,SC,"SAT & SUN",,,
122638,"Nivaje To Kusgaon",Nivaje,Kusgaon,,MO,6452,"Vinanti Stop",5.5,,,निवजे,कुसगाव,10.8,16:45,17:10,SC,"SAT & SUN",,,
122638,"Nivaje To Kusgaon",Nivaje,Kusgaon,,MO,6213,Hirlok,7,,,निवजे,कुसगाव,10.8,16:45,17:10,SC,"SAT & SUN",,,
122638,"Nivaje To Kusgaon",Nivaje,Kusgaon,,MO,6316,"Malawewadi Godown",9,,,निवजे,कुसगाव,10.8,16:45,17:10,SC,"SAT & SUN",,,
122638,"Nivaje To Kusgaon",Nivaje,Kusgaon,,MO,6246,Kusgaon,10.8,,,निवजे,कुसगाव,10.8,16:45,17:10,SC,"SAT & SUN",,,
125594,"Katta To Kasal Via Khotale School",Katta,Kasal,"KHOTALE SCHOOL",MO,6870,Katta,,,,कटृटा,कसाल,21.2,07:40,08:30,,,,,
125594,"Katta To Kasal Via Khotale School",Katta,Kasal,"KHOTALE SCHOOL",MO,6895,Kumame,3.9,,,कटृटा,कसाल,21.2,07:40,08:30,,,,,
125594,"Katta To Kasal Via Khotale School",Katta,Kasal,"KHOTALE SCHOOL",MO,6814,"Dikwal Fata",6.7,,,कटृटा,कसाल,21.2,07:40,08:30,,,,,
125594,"Katta To Kasal Via Khotale School",Katta,Kasal,"KHOTALE SCHOOL",MO,7033,"Waingawade Teli Dukan",8.6,,,कटृटा,कसाल,21.2,07:40,08:30,,,,,
125594,"Katta To Kasal Via Khotale School",Katta,Kasal,"KHOTALE SCHOOL",MO,7029,"Waingawade Amba",12.4,,,कटृटा,कसाल,21.2,07:40,08:30,,,,,
125594,"Katta To Kasal Via Khotale School",Katta,Kasal,"KHOTALE SCHOOL",MO,6883,"Khotale School",14,,,कटृटा,कसाल,21.2,07:40,08:30,,,,,
125594,"Katta To Kasal Via Khotale School",Katta,Kasal,"KHOTALE SCHOOL",MO,6844,"Hedul Vinanti",15.4,,,कटृटा,कसाल,21.2,07:40,08:30,,,,,
125594,"Katta To Kasal Via Khotale School",Katta,Kasal,"KHOTALE SCHOOL",MO,6843,"Hedul Loharwadi",18,,,कटृटा,कसाल,21.2,07:40,08:30,,,,,
125594,"Katta To Kasal Via Khotale School",Katta,Kasal,"KHOTALE SCHOOL",MO,6281,Kasal,21.2,,,कटृटा,कसाल,21.2,07:40,08:30,,,,,
125904,"Sonawade Lingeshwar Mandir To Kudal Via Awalegaon Patkar Temb","Sonawade Lingeshwar Mandir","Kudal St Depot","AWALEGAON PATKAR TEMB",MO,6416,"Sonawade Lingeshwar Mandir",,,,घोडगे,कुडाळ,41.7,16:00,17:30,,,,,
125904,"Sonawade Lingeshwar Mandir To Kudal Via Awalegaon Patkar Temb","Sonawade Lingeshwar Mandir","Kudal St Depot","AWALEGAON PATKAR TEMB",MO,6179,Ghotage,3.3,,,घोडगे,कुडाळ,41.7,16:00,17:30,,,,,
125904,"Sonawade Lingeshwar Mandir To Kudal Via Awalegaon Patkar Temb","Sonawade Lingeshwar Mandir","Kudal St Depot","AWALEGAON PATKAR TEMB",MO,6223,"Jambhavade Shetye Wadi",5,,,घोडगे,कुडाळ,41.7,16:00,17:30,,,,,
125904,"Sonawade Lingeshwar Mandir To Kudal Via Awalegaon Patkar Temb","Sonawade Lingeshwar Mandir","Kudal St Depot","AWALEGAON PATKAR TEMB",MO,6218,"Jambhavade River",5.9,,,घोडगे,कुडाळ,41.7,16:00,17:30,,,,,
125904,"Sonawade Lingeshwar Mandir To Kudal Via Awalegaon Patkar Temb","Sonawade Lingeshwar Mandir","Kudal St Depot","AWALEGAON PATKAR TEMB",MO,6225,"Jambhavade Bhagwati Mandir",6.4,,,घोडगे,कुडाळ,41.7,16:00,17:30,,,,,
125904,"Sonawade Lingeshwar Mandir To Kudal Via Awalegaon Patkar Temb","Sonawade Lingeshwar Mandir","Kudal St Depot","AWALEGAON PATKAR TEMB",MO,6217,"Jambhavade Pimpal Par",7.7,,,घोडगे,कुडाळ,41.7,16:00,17:30,,,,,
125904,"Sonawade Lingeshwar Mandir To Kudal Via Awalegaon Patkar Temb","Sonawade Lingeshwar Mandir","Kudal St Depot","AWALEGAON PATKAR TEMB",MO,6234,"Kupawade Vinanti",8.2,,,घोडगे,कुडाळ,41.7,16:00,17:30,,,,,
125904,"Sonawade Lingeshwar Mandir To Kudal Via Awalegaon Patkar Temb","Sonawade Lingeshwar Mandir","Kudal St Depot","AWALEGAON PATKAR TEMB",MO,6262,"Kanedi Phc Phonda Titha",9,,,घोडगे,कुडाळ,41.7,16:00,17:30,,,,,
125904,"Sonawade Lingeshwar Mandir To Kudal Via Awalegaon Patkar Temb","Sonawade Lingeshwar Mandir","Kudal St Depot","AWALEGAON PATKAR TEMB",MO,6211,"Hardi Titha",12,,,घोडगे,कुडाळ,41.7,16:00,17:30,,,,,
125904,"Sonawade Lingeshwar Mandir To Kudal Via Awalegaon Patkar Temb","Sonawade Lingeshwar Mandir","Kudal St Depot","AWALEGAON PATKAR TEMB",MO,6324,"Murkar Dukan Humarne Thita",13.4,,,घोडगे,कुडाळ,41.7,16:00,17:30,,,,,
125904,"Sonawade Lingeshwar Mandir To Kudal Via Awalegaon Patkar Temb","Sonawade Lingeshwar Mandir","Kudal St Depot","AWALEGAON PATKAR TEMB",MO,6119,"Bhadgaon Matha",15,,,घोडगे,कुडाळ,41.7,16:00,17:30,,,,,
125904,"Sonawade Lingeshwar Mandir To Kudal Via Awalegaon Patkar Temb","Sonawade Lingeshwar Mandir","Kudal St Depot","AWALEGAON PATKAR TEMB",MO,6130,"Bhadgaon School",16.7,,,घोडगे,कुडाळ,41.7,16:00,17:30,,,,,
125904,"Sonawade Lingeshwar Mandir To Kudal Via Awalegaon Patkar Temb","Sonawade Lingeshwar Mandir","Kudal St Depot","AWALEGAON PATKAR TEMB",MO,6121,"Bhadgaon Fatkurewadi",17.9,,,घोडगे,कुडाळ,41.7,16:00,17:30,,,,,
125904,"Sonawade Lingeshwar Mandir To Kudal Via Awalegaon Patkar Temb","Sonawade Lingeshwar Mandir","Kudal St Depot","AWALEGAON PATKAR TEMB",MO,6128,"Bhadgaon Phanas",19.4,,,घोडगे,कुडाळ,41.7,16:00,17:30,,,,,
125904,"Sonawade Lingeshwar Mandir To Kudal Via Awalegaon Patkar Temb","Sonawade Lingeshwar Mandir","Kudal St Depot","AWALEGAON PATKAR TEMB",MO,6375,"Pangrad Fata",21.6,,,घोडगे,कुडाळ,41.7,16:00,17:30,,,,,
125904,"Sonawade Lingeshwar Mandir To Kudal Via Awalegaon Patkar Temb","Sonawade Lingeshwar Mandir","Kudal St Depot","AWALEGAON PATKAR TEMB",MO,6243,"Kadawal Post",22.8,,,घोडगे,कुडाळ,41.7,16:00,17:30,,,,,
125904,"Sonawade Lingeshwar Mandir To Kudal Via Awalegaon Patkar Temb","Sonawade Lingeshwar Mandir","Kudal St Depot","AWALEGAON PATKAR TEMB",MO,6244,Kadawal,23.2,,,घोडगे,कुडाळ,41.7,16:00,17:30,,,,,
125904,"Sonawade Lingeshwar Mandir To Kudal Via Awalegaon Patkar Temb","Sonawade Lingeshwar Mandir","Kudal St Depot","AWALEGAON PATKAR TEMB",MO,6087,"Awalegaon Dispensary",24.6,,,घोडगे,कुडाळ,41.7,16:00,17:30,,,,,
125904,"Sonawade Lingeshwar Mandir To Kudal Via Awalegaon Patkar Temb","Sonawade Lingeshwar Mandir","Kudal St Depot","AWALEGAON PATKAR TEMB",MO,6088,"Awalegaon Chinch",25.2,,,घोडगे,कुडाळ,41.7,16:00,17:30,,,,,
125904,"Sonawade Lingeshwar Mandir To Kudal Via Awalegaon Patkar Temb","Sonawade Lingeshwar Mandir","Kudal St Depot","AWALEGAON PATKAR TEMB",MO,6167,"Datta Mandir",26.1,,,घोडगे,कुडाळ,41.7,16:00,17:30,,,,,
125904,"Sonawade Lingeshwar Mandir To Kudal Via Awalegaon Patkar Temb","Sonawade Lingeshwar Mandir","Kudal St Depot","AWALEGAON PATKAR TEMB",MO,6115,"Awalegaon Patkar Temb",27.1,,,घोडगे,कुडाळ,41.7,16:00,17:30,,,,,
125904,"Sonawade Lingeshwar Mandir To Kudal Via Awalegaon Patkar Temb","Sonawade Lingeshwar Mandir","Kudal St Depot","AWALEGAON PATKAR TEMB",MO,6157,"Digas Kalika Mandir",28.4,,,घोडगे,कुडाळ,41.7,16:00,17:30,,,,,
125904,"Sonawade Lingeshwar Mandir To Kudal Via Awalegaon Patkar Temb","Sonawade Lingeshwar Mandir","Kudal St Depot","AWALEGAON PATKAR TEMB",MO,6227,"Khadichegalu Pulaskar",29.9,,,घोडगे,कुडाळ,41.7,16:00,17:30,,,,,
125904,"Sonawade Lingeshwar Mandir To Kudal Via Awalegaon Patkar Temb","Sonawade Lingeshwar Mandir","Kudal St Depot","AWALEGAON PATKAR TEMB",MO,6373,"Pandur Phc",32.2,,,घोडगे,कुडाळ,41.7,16:00,17:30,,,,,
125904,"Sonawade Lingeshwar Mandir To Kudal Via Awalegaon Patkar Temb","Sonawade Lingeshwar Mandir","Kudal St Depot","AWALEGAON PATKAR TEMB",MO,6365,Pandur,32.8,,,घोडगे,कुडाळ,41.7,16:00,17:30,,,,,
125904,"Sonawade Lingeshwar Mandir To Kudal Via Awalegaon Patkar Temb","Sonawade Lingeshwar Mandir","Kudal St Depot","AWALEGAON PATKAR TEMB",MO,88100,Vetalbambarde,35,,,घोडगे,कुडाळ,41.7,16:00,17:30,,,,,
125904,"Sonawade Lingeshwar Mandir To Kudal Via Awalegaon Patkar Temb","Sonawade Lingeshwar Mandir","Kudal St Depot","AWALEGAON PATKAR TEMB",MO,6380,"Pawashi Panchayat",38,,,घोडगे,कुडाळ,41.7,16:00,17:30,,,,,
125904,"Sonawade Lingeshwar Mandir To Kudal Via Awalegaon Patkar Temb","Sonawade Lingeshwar Mandir","Kudal St Depot","AWALEGAON PATKAR TEMB",MO,6237,"Kudal St Depot",41.7,,,घोडगे,कुडाळ,41.7,16:00,17:30,,,,,
128431,"Kudal To Parule","Kudal St Depot",Parule,"KAWATHI GHODAKEWADI",MO,6237,"Kudal St Depot",,,,कुडाळ,परळे,29,09:50,10:50,Non,Daily,,,
128431,"Kudal To Parule","Kudal St Depot",Parule,"KAWATHI GHODAKEWADI",MO,6351,"Nerur Jakat",3.7,,,कुडाळ,परळे,29,09:50,10:50,Non,Daily,,,
128431,"Kudal To Parule","Kudal St Depot",Parule,"KAWATHI GHODAKEWADI",MO,6348,"Nerur Post",5.4,,,कुडाळ,परळे,29,09:50,10:50,Non,Daily,,,
128431,"Kudal To Parule","Kudal St Depot",Parule,"KAWATHI GHODAKEWADI",MO,6333,"Nerur Chavhata",6,,,कुडाळ,परळे,29,09:50,10:50,Non,Daily,,,
128431,"Kudal To Parule","Kudal St Depot",Parule,"KAWATHI GHODAKEWADI",MO,6100,"Arkarcha Bridge",9,,,कुडाळ,परळे,29,09:50,10:50,Non,Daily,,,
128431,"Kudal To Parule","Kudal St Depot",Parule,"KAWATHI GHODAKEWADI",MO,6166,"Desai Bungalow",9.7,,,कुडाळ,परळे,29,09:50,10:50,Non,Daily,,,
128431,"Kudal To Parule","Kudal St Depot",Parule,"KAWATHI GHODAKEWADI",MO,6470,Walawal,10.9,,,कुडाळ,परळे,29,09:50,10:50,Non,Daily,,,
128431,"Kudal To Parule","Kudal St Depot",Parule,"KAWATHI GHODAKEWADI",MO,6328,Mathkarwadi,12,,,कुडाळ,परळे,29,09:50,10:50,Non,Daily,,,
128431,"Kudal To Parule","Kudal St Depot",Parule,"KAWATHI GHODAKEWADI",MO,6145,"Chendawan High School",14.2,,,कुडाळ,परळे,29,09:50,10:50,Non,Daily,,,
128431,"Kudal To Parule","Kudal St Depot",Parule,"KAWATHI GHODAKEWADI",MO,6146,"Chendawan Thumarewadi",14.6,,,कुडाळ,परळे,29,09:50,10:50,Non,Daily,,,
128431,"Kudal To Parule","Kudal St Depot",Parule,"KAWATHI GHODAKEWADI",MO,6120,"Bhandarwadi Kawathi",15.2,,,कुडाळ,परळे,29,09:50,10:50,Non,Daily,,,
128431,"Kudal To Parule","Kudal St Depot",Parule,"KAWATHI GHODAKEWADI",MO,6293,"Kawathi Ghodakewadi",16.6,,,कुडाळ,परळे,29,09:50,10:50,Non,Daily,,,
128431,"Kudal To Parule","Kudal St Depot",Parule,"KAWATHI GHODAKEWADI",MO,6184,"Gonkarwadi School",19,,,कुडाळ,परळे,29,09:50,10:50,Non,Daily,,,
128431,"Kudal To Parule","Kudal St Depot",Parule,"KAWATHI GHODAKEWADI",MO,9839,"Chipi Brahmin Mandir",19.5,,,कुडाळ,परळे,29,09:50,10:50,Non,Daily,,,
128431,"Kudal To Parule","Kudal St Depot",Parule,"KAWATHI GHODAKEWADI",MO,9624,"Chipi School",20.5,,,कुडाळ,परळे,29,09:50,10:50,Non,Daily,,,
128431,"Kudal To Parule","Kudal St Depot",Parule,"KAWATHI GHODAKEWADI",MO,9699,"Mail Dagad",26,,,कुडाळ,परळे,29,09:50,10:50,Non,Daily,,,
128431,"Kudal To Parule","Kudal St Depot",Parule,"KAWATHI GHODAKEWADI",MO,6274,"Korjai Titha",27,,,कुडाळ,परळे,29,09:50,10:50,Non,Daily,,,
128431,"Kudal To Parule","Kudal St Depot",Parule,"KAWATHI GHODAKEWADI",MO,9667,"Karli Titha Amba",28.3,,,कुडाळ,परळे,29,09:50,10:50,Non,Daily,,,
128431,"Kudal To Parule","Kudal St Depot",Parule,"KAWATHI GHODAKEWADI",MO,9750,Parule,29,,,कुडाळ,परळे,29,09:50,10:50,Non,Daily,,,
10958,"Kudal St Depot To Karli Via Pat Titha","Kudal St Depot",Karli,"PAT TITHA",MO,6240,"Kudal St Depot",,,,"कुडाळ आगार",कर्ली,28,13:45,14:45,,,,,
10958,"Kudal St Depot To Karli Via Pat Titha","Kudal St Depot",Karli,"PAT TITHA",MO,6237,"Kudal St Depot",1.5,,,"कुडाळ आगार",कर्ली,28,13:45,14:45,,,,,
10958,"Kudal St Depot To Karli Via Pat Titha","Kudal St Depot",Karli,"PAT TITHA",MO,6376,"Pinguli Titha",4.3,,,"कुडाळ आगार",कर्ली,28,13:45,14:45,,,,,
10958,"Kudal St Depot To Karli Via Pat Titha","Kudal St Depot",Karli,"PAT TITHA",MO,6251,"Karmal Galu",7.6,,,"कुडाळ आगार",कर्ली,28,13:45,14:45,,,,,
10958,"Kudal St Depot To Karli Via Pat Titha","Kudal St Depot",Karli,"PAT TITHA",MO,6298,Madyachiwadi,9.7,,,"कुडाळ आगार",कर्ली,28,13:45,14:45,,,,,
10958,"Kudal St Depot To Karli Via Pat Titha","Kudal St Depot",Karli,"PAT TITHA",MO,6305,"Madyachiwadi Phanas",11.1,,,"कुडाळ आगार",कर्ली,28,13:45,14:45,,,,,
10958,"Kudal St Depot To Karli Via Pat Titha","Kudal St Depot",Karli,"PAT TITHA",MO,6215,Humarmala,13.7,,,"कुडाळ आगार",कर्ली,28,13:45,14:45,,,,,
10958,"Kudal St Depot To Karli Via Pat Titha","Kudal St Depot",Karli,"PAT TITHA",MO,6094,"Andurle Khind",14.4,,,"कुडाळ आगार",कर्ली,28,13:45,14:45,,,,,
10958,"Kudal St Depot To Karli Via Pat Titha","Kudal St Depot",Karli,"PAT TITHA",MO,6377,"Pendurkar Dukan",15.6,,,"कुडाळ आगार",कर्ली,28,13:45,14:45,,,,,
10958,"Kudal St Depot To Karli Via Pat Titha","Kudal St Depot",Karli,"PAT TITHA",MO,6384,"Pat Titha",17.4,,,"कुडाळ आगार",कर्ली,28,13:45,14:45,,,,,
10958,"Kudal St Depot To Karli Via Pat Titha","Kudal St Depot",Karli,"PAT TITHA",MO,6382,"Pat Bandh Teli Dukan",18.2,,,"कुडाळ आगार",कर्ली,28,13:45,14:45,,,,,
10958,"Kudal St Depot To Karli Via Pat Titha","Kudal St Depot",Karli,"PAT TITHA",MO,9590,"Ajarwadi P.H.C.",19.7,,,"कुडाळ आगार",कर्ली,28,13:45,14:45,,,,,
10958,"Kudal St Depot To Karli Via Pat Titha","Kudal St Depot",Karli,"PAT TITHA",MO,9826,"Vetoba Mandir",21.2,,,"कुडाळ आगार",कर्ली,28,13:45,14:45,,,,,
10958,"Kudal St Depot To Karli Via Pat Titha","Kudal St Depot",Karli,"PAT TITHA",MO,9612,"Bhagatwadi Mandir",21.9,,,"कुडाळ आगार",कर्ली,28,13:45,14:45,,,,,
10958,"Kudal St Depot To Karli Via Pat Titha","Kudal St Depot",Karli,"PAT TITHA",MO,9587,"Adinarayan Mandir",23,,,"कुडाळ आगार",कर्ली,28,13:45,14:45,,,,,
10958,"Kudal St Depot To Karli Via Pat Titha","Kudal St Depot",Karli,"PAT TITHA",MO,9750,Parule,23.6,,,"कुडाळ आगार",कर्ली,28,13:45,14:45,,,,,
10958,"Kudal St Depot To Karli Via Pat Titha","Kudal St Depot",Karli,"PAT TITHA",MO,9667,"Karli Titha Amba",24.8,,,"कुडाळ आगार",कर्ली,28,13:45,14:45,,,,,
10958,"Kudal St Depot To Karli Via Pat Titha","Kudal St Depot",Karli,"PAT TITHA",MO,9666,Karli,28,,,"कुडाळ आगार",कर्ली,28,13:45,14:45,,,,,
10974,"Kudal  To Narur Mahalaxmi Mandir Via Hirlok","Kudal St Depot","Narur Mahalaxmi Mandir",HIRLOK,MO,6237,"Kudal St Depot",,,,कुडाळ,नारर,23.5,08:00,09:00,,,,,
10974,"Kudal  To Narur Mahalaxmi Mandir Via Hirlok","Kudal St Depot","Narur Mahalaxmi Mandir",HIRLOK,MO,6380,"Pawashi Panchayat",5.4,,,कुडाळ,नारर,23.5,08:00,09:00,,,,,
10974,"Kudal  To Narur Mahalaxmi Mandir Via Hirlok","Kudal St Depot","Narur Mahalaxmi Mandir",HIRLOK,MO,88100,Vetalbambarde,6.4,,,कुडाळ,नारर,23.5,08:00,09:00,,,,,
10974,"Kudal  To Narur Mahalaxmi Mandir Via Hirlok","Kudal St Depot","Narur Mahalaxmi Mandir",HIRLOK,MO,6109,"Ainmala Fata",9.2,,,कुडाळ,नारर,23.5,08:00,09:00,,,,,
10974,"Kudal  To Narur Mahalaxmi Mandir Via Hirlok","Kudal St Depot","Narur Mahalaxmi Mandir",HIRLOK,MO,6325,"Maruti Mandir",10.6,,,कुडाळ,नारर,23.5,08:00,09:00,,,,,
10974,"Kudal  To Narur Mahalaxmi Mandir Via Hirlok","Kudal St Depot","Narur Mahalaxmi Mandir",HIRLOK,MO,6255,"Kadamwadi School",11.9,,,कुडाळ,नारर,23.5,08:00,09:00,,,,,
10974,"Kudal  To Narur Mahalaxmi Mandir Via Hirlok","Kudal St Depot","Narur Mahalaxmi Mandir",HIRLOK,MO,6379,Parabwadi,12.9,,,कुडाळ,नारर,23.5,08:00,09:00,,,,,
10974,"Kudal  To Narur Mahalaxmi Mandir Via Hirlok","Kudal St Depot","Narur Mahalaxmi Mandir",HIRLOK,MO,6394,"Rangana Tulsuli Fata",15.8,,,कुडाळ,नारर,23.5,08:00,09:00,,,,,
10974,"Kudal  To Narur Mahalaxmi Mandir Via Hirlok","Kudal St Depot","Narur Mahalaxmi Mandir",HIRLOK,MO,6214,Hateri,17,,,कुडाळ,नारर,23.5,08:00,09:00,,,,,
10974,"Kudal  To Narur Mahalaxmi Mandir Via Hirlok","Kudal St Depot","Narur Mahalaxmi Mandir",HIRLOK,MO,6213,Hirlok,18.5,,,कुडाळ,नारर,23.5,08:00,09:00,,,,,
10974,"Kudal  To Narur Mahalaxmi Mandir Via Hirlok","Kudal St Depot","Narur Mahalaxmi Mandir",HIRLOK,MO,6316,"Malawewadi Godown",21,,,कुडाळ,नारर,23.5,08:00,09:00,,,,,
10974,"Kudal  To Narur Mahalaxmi Mandir Via Hirlok","Kudal St Depot","Narur Mahalaxmi Mandir",HIRLOK,MO,6346,"Narur Mahalaxmi Mandir",23.5,,,कुडाळ,नारर,23.5,08:00,09:00,,,,,
19866,"Bav To Kudal",Bav,"Kudal St Depot",,MO,6125,Bav,,,,बाव,कुडाळ,6.4,18:40,19:00,,,,,
19866,"Bav To Kudal",Bav,"Kudal St Depot",,MO,6118,Bambuli,3.4,,,बाव,कुडाळ,6.4,18:40,19:00,,,,,
19866,"Bav To Kudal",Bav,"Kudal St Depot",,MO,6237,"Kudal St Depot",6.4,,,बाव,कुडाळ,6.4,18:40,19:00,,,,,
19868,"Bhogave To Kudal",Bhogave,"Kudal St Depot","MAULI MANDIR",MO,9617,Bhogave,,,,भोगवे,कुडाळ,30.8,09:20,10:40,,,,,
19868,"Bhogave To Kudal",Bhogave,"Kudal St Depot","MAULI MANDIR",MO,9623,"Chindar Amba",2.8,,,भोगवे,कुडाळ,30.8,09:20,10:40,,,,,
19868,"Bhogave To Kudal",Bhogave,"Kudal St Depot","MAULI MANDIR",MO,9784,"Shelpi Bhogave Fata",4,,,भोगवे,कुडाळ,30.8,09:20,10:40,,,,,
19868,"Bhogave To Kudal",Bhogave,"Kudal St Depot","MAULI MANDIR",MO,9638,"Dutondwadi Fata",4.6,,,भोगवे,कुडाळ,30.8,09:20,10:40,,,,,
19868,"Bhogave To Kudal",Bhogave,"Kudal St Depot","MAULI MANDIR",MO,9735,Nevalkarwadi,6,,,भोगवे,कुडाळ,30.8,09:20,10:40,,,,,
19868,"Bhogave To Kudal",Bhogave,"Kudal St Depot","MAULI MANDIR",MO,9637,Dutondwadi,6.6,,,भोगवे,कुडाळ,30.8,09:20,10:40,,,,,
19868,"Bhogave To Kudal",Bhogave,"Kudal St Depot","MAULI MANDIR",MO,9751,"Parule Phanas",9.8,,,भोगवे,कुडाळ,30.8,09:20,10:40,,,,,
19868,"Bhogave To Kudal",Bhogave,"Kudal St Depot","MAULI MANDIR",MO,9752,"Parule Pickup Shed",10.3,,,भोगवे,कुडाळ,30.8,09:20,10:40,,,,,
19868,"Bhogave To Kudal",Bhogave,"Kudal St Depot","MAULI MANDIR",MO,9750,Parule,10.9,,,भोगवे,कुडाळ,30.8,09:20,10:40,,,,,
19868,"Bhogave To Kudal",Bhogave,"Kudal St Depot","MAULI MANDIR",MO,9587,"Adinarayan Mandir",11.4,,,भोगवे,कुडाळ,30.8,09:20,10:40,,,,,
19868,"Bhogave To Kudal",Bhogave,"Kudal St Depot","MAULI MANDIR",MO,9826,"Vetoba Mandir",13.2,,,भोगवे,कुडाळ,30.8,09:20,10:40,,,,,
19868,"Bhogave To Kudal",Bhogave,"Kudal St Depot","MAULI MANDIR",MO,6248,Kushewada,14.6,,,भोगवे,कुडाळ,30.8,09:20,10:40,,,,,
19868,"Bhogave To Kudal",Bhogave,"Kudal St Depot","MAULI MANDIR",MO,6091,"Ambegali School",15.4,,,भोगवे,कुडाळ,30.8,09:20,10:40,,,,,
19868,"Bhogave To Kudal",Bhogave,"Kudal St Depot","MAULI MANDIR",MO,6330,"Mauli Mandir",18.5,,,भोगवे,कुडाळ,30.8,09:20,10:40,,,,,
19868,"Bhogave To Kudal",Bhogave,"Kudal St Depot","MAULI MANDIR",MO,6470,Walawal,19.9,,,भोगवे,कुडाळ,30.8,09:20,10:40,,,,,
19868,"Bhogave To Kudal",Bhogave,"Kudal St Depot","MAULI MANDIR",MO,6166,"Desai Bungalow",21.1,,,भोगवे,कुडाळ,30.8,09:20,10:40,,,,,
19868,"Bhogave To Kudal",Bhogave,"Kudal St Depot","MAULI MANDIR",MO,6100,"Arkarcha Bridge",21.8,,,भोगवे,कुडाळ,30.8,09:20,10:40,,,,,
19868,"Bhogave To Kudal",Bhogave,"Kudal St Depot","MAULI MANDIR",MO,6333,"Nerur Chavhata",24.8,,,भोगवे,कुडाळ,30.8,09:20,10:40,,,,,
19868,"Bhogave To Kudal",Bhogave,"Kudal St Depot","MAULI MANDIR",MO,6353,"Nerur Choupati",26.2,,,भोगवे,कुडाळ,30.8,09:20,10:40,,,,,
19868,"Bhogave To Kudal",Bhogave,"Kudal St Depot","MAULI MANDIR",MO,6351,"Nerur Jakat",30.4,,,भोगवे,कुडाळ,30.8,09:20,10:40,,,,,
19868,"Bhogave To Kudal",Bhogave,"Kudal St Depot","MAULI MANDIR",MO,6237,"Kudal St Depot",30.8,,,भोगवे,कुडाळ,30.8,09:20,10:40,,,,,
19901,"Kelus Kalvi Bander To Kudal","Kelus Kalvi Bander","Kudal St Depot","TENDOLI VETAL MANDIR",MO,9671,"Kelus Kalvi Bander",,,,"केळुस का.बंदर",कुडाळ,23.8,10:30,11:20,,,,,
19901,"Kelus Kalvi Bander To Kudal","Kelus Kalvi Bander","Kudal St Depot","TENDOLI VETAL MANDIR",MO,9620,"Bowalekar Wadi",1,,,"केळुस का.बंदर",कुडाळ,23.8,10:30,11:20,,,,,
19901,"Kelus Kalvi Bander To Kudal","Kelus Kalvi Bander","Kudal St Depot","TENDOLI VETAL MANDIR",MO,9662,"Kalvi Titha",2.3,,,"केळुस का.बंदर",कुडाळ,23.8,10:30,11:20,,,,,
19901,"Kelus Kalvi Bander To Kudal","Kelus Kalvi Bander","Kudal St Depot","TENDOLI VETAL MANDIR",MO,9674,"Kelus Titha",3.2,,,"केळुस का.बंदर",कुडाळ,23.8,10:30,11:20,,,,,
19901,"Kelus Kalvi Bander To Kudal","Kelus Kalvi Bander","Kudal St Depot","TENDOLI VETAL MANDIR",MO,9594,"Andurle Pimpal",9.7,,,"केळुस का.बंदर",कुडाळ,23.8,10:30,11:20,,,,,
19901,"Kelus Kalvi Bander To Kudal","Kelus Kalvi Bander","Kudal St Depot","TENDOLI VETAL MANDIR",MO,9830,Visapur,11.4,,,"केळुस का.बंदर",कुडाळ,23.8,10:30,11:20,,,,,
19901,"Kelus Kalvi Bander To Kudal","Kelus Kalvi Bander","Kudal St Depot","TENDOLI VETAL MANDIR",MO,6431,"Tendoli Vetal Mandir",11.6,,,"केळुस का.बंदर",कुडाळ,23.8,10:30,11:20,,,,,
19901,"Kelus Kalvi Bander To Kudal","Kelus Kalvi Bander","Kudal St Depot","TENDOLI VETAL MANDIR",MO,6430,"Tendoli Ravalnath Mandir",13.3,,,"केळुस का.बंदर",कुडाळ,23.8,10:30,11:20,,,,,
19901,"Kelus Kalvi Bander To Kudal","Kelus Kalvi Bander","Kudal St Depot","TENDOLI VETAL MANDIR",MO,6258,Kumnos,13.8,,,"केळुस का.बंदर",कुडाळ,23.8,10:30,11:20,,,,,
19901,"Kelus Kalvi Bander To Kudal","Kelus Kalvi Bander","Kudal St Depot","TENDOLI VETAL MANDIR",MO,6137,"Bhom Bagayat",15.6,,,"केळुस का.बंदर",कुडाळ,23.8,10:30,11:20,,,,,
19901,"Kelus Kalvi Bander To Kudal","Kelus Kalvi Bander","Kudal St Depot","TENDOLI VETAL MANDIR",MO,6304,"Madyachiwadi Chinch",18.1,,,"केळुस का.बंदर",कुडाळ,23.8,10:30,11:20,,,,,
19901,"Kelus Kalvi Bander To Kudal","Kelus Kalvi Bander","Kudal St Depot","TENDOLI VETAL MANDIR",MO,6251,"Karmal Galu",20.2,,,"केळुस का.बंदर",कुडाळ,23.8,10:30,11:20,,,,,
19901,"Kelus Kalvi Bander To Kudal","Kelus Kalvi Bander","Kudal St Depot","TENDOLI VETAL MANDIR",MO,6376,"Pinguli Titha",21.5,,,"केळुस का.बंदर",कुडाळ,23.8,10:30,11:20,,,,,
19901,"Kelus Kalvi Bander To Kudal","Kelus Kalvi Bander","Kudal St Depot","TENDOLI VETAL MANDIR",MO,6237,"Kudal St Depot",22,,,"केळुस का.बंदर",कुडाळ,23.8,10:30,11:20,,,,,
19901,"Kelus Kalvi Bander To Kudal","Kelus Kalvi Bander","Kudal St Depot","TENDOLI VETAL MANDIR",MO,6240,"Kudal St Depot",23.8,,,"केळुस का.बंदर",कुडाळ,23.8,10:30,11:20,,,,,
19902,"Karli To Kudal Via Pat Titha",Karli,"Kudal St Depot","PAT TITHA",MO,9666,Karli,,,,कर्ली,कुडाळ,26.5,10:15,11:15,non,daily,,,
19902,"Karli To Kudal Via Pat Titha",Karli,"Kudal St Depot","PAT TITHA",MO,9667,"Karli Titha Amba",3.2,,,कर्ली,कुडाळ,26.5,10:15,11:15,non,daily,,,
19902,"Karli To Kudal Via Pat Titha",Karli,"Kudal St Depot","PAT TITHA",MO,9750,Parule,4.4,,,कर्ली,कुडाळ,26.5,10:15,11:15,non,daily,,,
19902,"Karli To Kudal Via Pat Titha",Karli,"Kudal St Depot","PAT TITHA",MO,9587,"Adinarayan Mandir",5,,,कर्ली,कुडाळ,26.5,10:15,11:15,non,daily,,,
19902,"Karli To Kudal Via Pat Titha",Karli,"Kudal St Depot","PAT TITHA",MO,9612,"Bhagatwadi Mandir",6.1,,,कर्ली,कुडाळ,26.5,10:15,11:15,non,daily,,,
19902,"Karli To Kudal Via Pat Titha",Karli,"Kudal St Depot","PAT TITHA",MO,9826,"Vetoba Mandir",6.8,,,कर्ली,कुडाळ,26.5,10:15,11:15,non,daily,,,
19902,"Karli To Kudal Via Pat Titha",Karli,"Kudal St Depot","PAT TITHA",MO,9590,"Ajarwadi P.H.C.",8.3,,,कर्ली,कुडाळ,26.5,10:15,11:15,non,daily,,,
19902,"Karli To Kudal Via Pat Titha",Karli,"Kudal St Depot","PAT TITHA",MO,6382,"Pat Bandh Teli Dukan",9.8,,,कर्ली,कुडाळ,26.5,10:15,11:15,non,daily,,,
19902,"Karli To Kudal Via Pat Titha",Karli,"Kudal St Depot","PAT TITHA",MO,6384,"Pat Titha",10.6,,,कर्ली,कुडाळ,26.5,10:15,11:15,non,daily,,,
19902,"Karli To Kudal Via Pat Titha",Karli,"Kudal St Depot","PAT TITHA",MO,6377,"Pendurkar Dukan",12.4,,,कर्ली,कुडाळ,26.5,10:15,11:15,non,daily,,,
19902,"Karli To Kudal Via Pat Titha",Karli,"Kudal St Depot","PAT TITHA",MO,6094,"Andurle Khind",13.6,,,कर्ली,कुडाळ,26.5,10:15,11:15,non,daily,,,
19902,"Karli To Kudal Via Pat Titha",Karli,"Kudal St Depot","PAT TITHA",MO,6215,Humarmala,14.3,,,कर्ली,कुडाळ,26.5,10:15,11:15,non,daily,,,
19902,"Karli To Kudal Via Pat Titha",Karli,"Kudal St Depot","PAT TITHA",MO,6305,"Madyachiwadi Phanas",16.9,,,कर्ली,कुडाळ,26.5,10:15,11:15,non,daily,,,
19902,"Karli To Kudal Via Pat Titha",Karli,"Kudal St Depot","PAT TITHA",MO,6298,Madyachiwadi,18.3,,,कर्ली,कुडाळ,26.5,10:15,11:15,non,daily,,,
19902,"Karli To Kudal Via Pat Titha",Karli,"Kudal St Depot","PAT TITHA",MO,6251,"Karmal Galu",20.4,,,कर्ली,कुडाळ,26.5,10:15,11:15,non,daily,,,
19902,"Karli To Kudal Via Pat Titha",Karli,"Kudal St Depot","PAT TITHA",MO,6376,"Pinguli Titha",23.7,,,कर्ली,कुडाळ,26.5,10:15,11:15,non,daily,,,
19902,"Karli To Kudal Via Pat Titha",Karli,"Kudal St Depot","PAT TITHA",MO,6237,"Kudal St Depot",26.5,,,कर्ली,कुडाळ,26.5,10:15,11:15,non,daily,,,
19920,"Kille Nivati To Kudal","Kille Nivati","Kudal St Depot",,MO,9685,"Kille Nivati",,,,किल्लेनिवती,कुडाळ,30.8,09:40,10:55,,,,,
19920,"Kille Nivati To Kudal","Kille Nivati","Kudal St Depot",,MO,9783,Shelpi,2.3,,,किल्लेनिवती,कुडाळ,30.8,09:40,10:55,,,,,
19920,"Kille Nivati To Kudal","Kille Nivati","Kudal St Depot",,MO,9619,"Bidye House",2.5,,,किल्लेनिवती,कुडाळ,30.8,09:40,10:55,,,,,
19920,"Kille Nivati To Kudal","Kille Nivati","Kudal St Depot",,MO,9657,"Jarimari Mandir",3.5,,,किल्लेनिवती,कुडाळ,30.8,09:40,10:55,,,,,
19920,"Kille Nivati To Kudal","Kille Nivati","Kudal St Depot",,MO,9786,"Shelpi Fata",5.2,,,किल्लेनिवती,कुडाळ,30.8,09:40,10:55,,,,,
19920,"Kille Nivati To Kudal","Kille Nivati","Kudal St Depot",,MO,9785,"Shelpi Dutond Fata",6.6,,,किल्लेनिवती,कुडाळ,30.8,09:40,10:55,,,,,
19920,"Kille Nivati To Kudal","Kille Nivati","Kudal St Depot",,MO,9750,Parule,8.7,,,किल्लेनिवती,कुडाळ,30.8,09:40,10:55,,,,,
19920,"Kille Nivati To Kudal","Kille Nivati","Kudal St Depot",,MO,9587,"Adinarayan Mandir",9.3,,,किल्लेनिवती,कुडाळ,30.8,09:40,10:55,,,,,
19920,"Kille Nivati To Kudal","Kille Nivati","Kudal St Depot",,MO,9826,"Vetoba Mandir",11.1,,,किल्लेनिवती,कुडाळ,30.8,09:40,10:55,,,,,
19920,"Kille Nivati To Kudal","Kille Nivati","Kudal St Depot",,MO,9590,"Ajarwadi P.H.C.",12.6,,,किल्लेनिवती,कुडाळ,30.8,09:40,10:55,,,,,
19920,"Kille Nivati To Kudal","Kille Nivati","Kudal St Depot",,MO,6382,"Pat Bandh Teli Dukan",14.1,,,किल्लेनिवती,कुडाळ,30.8,09:40,10:55,,,,,
19920,"Kille Nivati To Kudal","Kille Nivati","Kudal St Depot",,MO,6384,"Pat Titha",14.9,,,किल्लेनिवती,कुडाळ,30.8,09:40,10:55,,,,,
19920,"Kille Nivati To Kudal","Kille Nivati","Kudal St Depot",,MO,6377,"Pendurkar Dukan",16.7,,,किल्लेनिवती,कुडाळ,30.8,09:40,10:55,,,,,
19920,"Kille Nivati To Kudal","Kille Nivati","Kudal St Depot",,MO,6094,"Andurle Khind",17.9,,,किल्लेनिवती,कुडाळ,30.8,09:40,10:55,,,,,
19920,"Kille Nivati To Kudal","Kille Nivati","Kudal St Depot",,MO,6215,Humarmala,18.6,,,किल्लेनिवती,कुडाळ,30.8,09:40,10:55,,,,,
19920,"Kille Nivati To Kudal","Kille Nivati","Kudal St Depot",,MO,6305,"Madyachiwadi Phanas",21.2,,,किल्लेनिवती,कुडाळ,30.8,09:40,10:55,,,,,
19920,"Kille Nivati To Kudal","Kille Nivati","Kudal St Depot",,MO,6298,Madyachiwadi,22.6,,,किल्लेनिवती,कुडाळ,30.8,09:40,10:55,,,,,
19920,"Kille Nivati To Kudal","Kille Nivati","Kudal St Depot",,MO,6251,"Karmal Galu",24.7,,,किल्लेनिवती,कुडाळ,30.8,09:40,10:55,,,,,
19920,"Kille Nivati To Kudal","Kille Nivati","Kudal St Depot",,MO,6376,"Pinguli Titha",28,,,किल्लेनिवती,कुडाळ,30.8,09:40,10:55,,,,,
19920,"Kille Nivati To Kudal","Kille Nivati","Kudal St Depot",,MO,6237,"Kudal St Depot",30.8,,,किल्लेनिवती,कुडाळ,30.8,09:40,10:55,,,,,
60929,"Bhogave To Kudal Via Pinguli Titha",Bhogave,"Kudal St Depot","PINGULI TITHA",MO,9617,Bhogave,,,,भोगवे,कुडाळ,28.7,13:05,14:15,,,,,
60929,"Bhogave To Kudal Via Pinguli Titha",Bhogave,"Kudal St Depot","PINGULI TITHA",MO,9623,"Chindar Amba",1.7,,,भोगवे,कुडाळ,28.7,13:05,14:15,,,,,
60929,"Bhogave To Kudal Via Pinguli Titha",Bhogave,"Kudal St Depot","PINGULI TITHA",MO,9786,"Shelpi Fata",2.9,,,भोगवे,कुडाळ,28.7,13:05,14:15,,,,,
60929,"Bhogave To Kudal Via Pinguli Titha",Bhogave,"Kudal St Depot","PINGULI TITHA",MO,9750,Parule,5.9,,,भोगवे,कुडाळ,28.7,13:05,14:15,,,,,
60929,"Bhogave To Kudal Via Pinguli Titha",Bhogave,"Kudal St Depot","PINGULI TITHA",MO,9587,"Adinarayan Mandir",7.5,,,भोगवे,कुडाळ,28.7,13:05,14:15,,,,,
60929,"Bhogave To Kudal Via Pinguli Titha",Bhogave,"Kudal St Depot","PINGULI TITHA",MO,6455,"Vetoba Mandir",9.4,,,भोगवे,कुडाळ,28.7,13:05,14:15,,,,,
60929,"Bhogave To Kudal Via Pinguli Titha",Bhogave,"Kudal St Depot","PINGULI TITHA",MO,6089,"Ajarwadi P.H.C.",10.3,,,भोगवे,कुडाळ,28.7,13:05,14:15,,,,,
60929,"Bhogave To Kudal Via Pinguli Titha",Bhogave,"Kudal St Depot","PINGULI TITHA",MO,6382,"Pat Bandh Teli Dukan",11.8,,,भोगवे,कुडाळ,28.7,13:05,14:15,,,,,
60929,"Bhogave To Kudal Via Pinguli Titha",Bhogave,"Kudal St Depot","PINGULI TITHA",MO,6384,"Pat Titha",12.6,,,भोगवे,कुडाळ,28.7,13:05,14:15,,,,,
60929,"Bhogave To Kudal Via Pinguli Titha",Bhogave,"Kudal St Depot","PINGULI TITHA",MO,6377,"Pendurkar Dukan",13.9,,,भोगवे,कुडाळ,28.7,13:05,14:15,,,,,
60929,"Bhogave To Kudal Via Pinguli Titha",Bhogave,"Kudal St Depot","PINGULI TITHA",MO,6094,"Andurle Khind",15.8,,,भोगवे,कुडाळ,28.7,13:05,14:15,,,,,
60929,"Bhogave To Kudal Via Pinguli Titha",Bhogave,"Kudal St Depot","PINGULI TITHA",MO,6215,Humarmala,16.5,,,भोगवे,कुडाळ,28.7,13:05,14:15,,,,,
60929,"Bhogave To Kudal Via Pinguli Titha",Bhogave,"Kudal St Depot","PINGULI TITHA",MO,6305,"Madyachiwadi Phanas",19.1,,,भोगवे,कुडाळ,28.7,13:05,14:15,,,,,
60929,"Bhogave To Kudal Via Pinguli Titha",Bhogave,"Kudal St Depot","PINGULI TITHA",MO,6298,Madyachiwadi,20.5,,,भोगवे,कुडाळ,28.7,13:05,14:15,,,,,
60929,"Bhogave To Kudal Via Pinguli Titha",Bhogave,"Kudal St Depot","PINGULI TITHA",MO,6251,"Karmal Galu",22.6,,,भोगवे,कुडाळ,28.7,13:05,14:15,,,,,
60929,"Bhogave To Kudal Via Pinguli Titha",Bhogave,"Kudal St Depot","PINGULI TITHA",MO,6376,"Pinguli Titha",25.9,,,भोगवे,कुडाळ,28.7,13:05,14:15,,,,,
60929,"Bhogave To Kudal Via Pinguli Titha",Bhogave,"Kudal St Depot","PINGULI TITHA",MO,6237,"Kudal St Depot",28.7,,,भोगवे,कुडाळ,28.7,13:05,14:15,,,,,
98717,"Kudal To Talgaon","Kudal St Depot",Talgaon,,MO,6237,"Kudal St Depot",,,,कुडाळ,तळगाव,22.5,17:00,17:50,sc,"SAT  sun","विश्रांती 10.30 - 12.30",,
98717,"Kudal To Talgaon","Kudal St Depot",Talgaon,,MO,6380,"Pawashi Panchayat",2.8,,,कुडाळ,तळगाव,22.5,17:00,17:50,sc,"SAT  sun","विश्रांती 10.30 - 12.30",,
98717,"Kudal To Talgaon","Kudal St Depot",Talgaon,,MO,88100,Vetalbambarde,7,,,कुडाळ,तळगाव,22.5,17:00,17:50,sc,"SAT  sun","विश्रांती 10.30 - 12.30",,
98717,"Kudal To Talgaon","Kudal St Depot",Talgaon,,MO,6378,"Pandur Titha",10.5,,,कुडाळ,तळगाव,22.5,17:00,17:50,sc,"SAT  sun","विश्रांती 10.30 - 12.30",,
98717,"Kudal To Talgaon","Kudal St Depot",Talgaon,,MO,6391,"Rameshwar Mandir",11.6,,,कुडाळ,तळगाव,22.5,17:00,17:50,sc,"SAT  sun","विश्रांती 10.30 - 12.30",,
98717,"Kudal To Talgaon","Kudal St Depot",Talgaon,,MO,6134,Bhimnagar,13.7,,,कुडाळ,तळगाव,22.5,17:00,17:50,sc,"SAT  sun","विश्रांती 10.30 - 12.30",,
98717,"Kudal To Talgaon","Kudal St Depot",Talgaon,,MO,6910,"Mail Dagad",15,,,कुडाळ,तळगाव,22.5,17:00,17:50,sc,"SAT  sun","विश्रांती 10.30 - 12.30",,
98717,"Kudal To Talgaon","Kudal St Depot",Talgaon,,MO,6155,"Dabachi Wadi",16.3,,,कुडाळ,तळगाव,22.5,17:00,17:50,sc,"SAT  sun","विश्रांती 10.30 - 12.30",,
98717,"Kudal To Talgaon","Kudal St Depot",Talgaon,,MO,6424,Sukalwad,19.5,,,कुडाळ,तळगाव,22.5,17:00,17:50,sc,"SAT  sun","विश्रांती 10.30 - 12.30",,
98717,"Kudal To Talgaon","Kudal St Depot",Talgaon,,MO,6935,Mhalunge,20.5,,,कुडाळ,तळगाव,22.5,17:00,17:50,sc,"SAT  sun","विश्रांती 10.30 - 12.30",,
98717,"Kudal To Talgaon","Kudal St Depot",Talgaon,,MO,7002,Talgaon,22.5,,,कुडाळ,तळगाव,22.5,17:00,17:50,sc,"SAT  sun","विश्रांती 10.30 - 12.30",,
107834,"Kudal St Depot To Vengurle Via Dabholi Waingani Titha","Kudal St Depot",Vengurle,"DABHOLI WAINGANI TITHA",MO,6240,"Kudal St Depot",,,,"कुडाळ डेपो",वोंगुर्ले,26.5,06:40,07:40,"Non Obl",Daily,,,
107834,"Kudal St Depot To Vengurle Via Dabholi Waingani Titha","Kudal St Depot",Vengurle,"DABHOLI WAINGANI TITHA",MO,6237,"Kudal St Depot",1.5,,,"कुडाळ डेपो",वोंगुर्ले,26.5,06:40,07:40,"Non Obl",Daily,,,
107834,"Kudal St Depot To Vengurle Via Dabholi Waingani Titha","Kudal St Depot",Vengurle,"DABHOLI WAINGANI TITHA",MO,6376,"Pinguli Titha",4.3,,,"कुडाळ डेपो",वोंगुर्ले,26.5,06:40,07:40,"Non Obl",Daily,,,
107834,"Kudal St Depot To Vengurle Via Dabholi Waingani Titha","Kudal St Depot",Vengurle,"DABHOLI WAINGANI TITHA",MO,6423,Sativan,7.7,,,"कुडाळ डेपो",वोंगुर्ले,26.5,06:40,07:40,"Non Obl",Daily,,,
107834,"Kudal St Depot To Vengurle Via Dabholi Waingani Titha","Kudal St Depot",Vengurle,"DABHOLI WAINGANI TITHA",MO,6459,"Vetore Sub Stage",10.5,,,"कुडाळ डेपो",वोंगुर्ले,26.5,06:40,07:40,"Non Obl",Daily,,,
107834,"Kudal St Depot To Vengurle Via Dabholi Waingani Titha","Kudal St Depot",Vengurle,"DABHOLI WAINGANI TITHA",MO,6458,"Vetore Titha",12.4,,,"कुडाळ डेपो",वोंगुर्ले,26.5,06:40,07:40,"Non Obl",Daily,,,
107834,"Kudal St Depot To Vengurle Via Dabholi Waingani Titha","Kudal St Depot",Vengurle,"DABHOLI WAINGANI TITHA",MO,9829,"Vetore Sateri Mandir",13.4,,,"कुडाळ डेपो",वोंगुर्ले,26.5,06:40,07:40,"Non Obl",Daily,,,
107834,"Kudal St Depot To Vengurle Via Dabholi Waingani Titha","Kudal St Depot",Vengurle,"DABHOLI WAINGANI TITHA",MO,9678,"Khanoli Rawalnath Mandir",16.7,,,"कुडाळ डेपो",वोंगुर्ले,26.5,06:40,07:40,"Non Obl",Daily,,,
107834,"Kudal St Depot To Vengurle Via Dabholi Waingani Titha","Kudal St Depot",Vengurle,"DABHOLI WAINGANI TITHA",MO,9620,"Bowalekar Wadi",19.9,,,"कुडाळ डेपो",वोंगुर्ले,26.5,06:40,07:40,"Non Obl",Daily,,,
107834,"Kudal St Depot To Vengurle Via Dabholi Waingani Titha","Kudal St Depot",Vengurle,"DABHOLI WAINGANI TITHA",MO,9627,"Dabholi Waingani Titha",21.4,,,"कुडाळ डेपो",वोंगुर्ले,26.5,06:40,07:40,"Non Obl",Daily,,,
107834,"Kudal St Depot To Vengurle Via Dabholi Waingani Titha","Kudal St Depot",Vengurle,"DABHOLI WAINGANI TITHA",MO,9697,"Lokhandewadi Titha",22.5,,,"कुडाळ डेपो",वोंगुर्ले,26.5,06:40,07:40,"Non Obl",Daily,,,
107834,"Kudal St Depot To Vengurle Via Dabholi Waingani Titha","Kudal St Depot",Vengurle,"DABHOLI WAINGANI TITHA",MO,9740,Nimusga,23.7,,,"कुडाळ डेपो",वोंगुर्ले,26.5,06:40,07:40,"Non Obl",Daily,,,
107834,"Kudal St Depot To Vengurle Via Dabholi Waingani Titha","Kudal St Depot",Vengurle,"DABHOLI WAINGANI TITHA",MO,9824,Vengurle,26.5,,,"कुडाळ डेपो",वोंगुर्ले,26.5,06:40,07:40,"Non Obl",Daily,,,
107838,"Kudal  To Bav","Kudal St Depot",Bav,,MO,6237,"Kudal St Depot",,,,कुडाळ,बाव,6.4,18:10,18:30,,,,,
107838,"Kudal  To Bav","Kudal St Depot",Bav,,MO,6118,Bambuli,3,,,कुडाळ,बाव,6.4,18:10,18:30,,,,,
107838,"Kudal  To Bav","Kudal St Depot",Bav,,MO,6125,Bav,6.4,,,कुडाळ,बाव,6.4,18:10,18:30,,,,,
107856,"Kudal To Kawathi Ghodakewadi","Kudal St Depot","Kawathi Ghodakewadi",,MO,6237,"Kudal St Depot",,,,कुडाळ,कवठी,16.6,09:00,09:40,"Non Obl",Daily,,,
107856,"Kudal To Kawathi Ghodakewadi","Kudal St Depot","Kawathi Ghodakewadi",,MO,6351,"Nerur Jakat",5.5,,,कुडाळ,कवठी,16.6,09:00,09:40,"Non Obl",Daily,,,
107856,"Kudal To Kawathi Ghodakewadi","Kudal St Depot","Kawathi Ghodakewadi",,MO,6333,"Nerur Chavhata",7.5,,,कुडाळ,कवठी,16.6,09:00,09:40,"Non Obl",Daily,,,
107856,"Kudal To Kawathi Ghodakewadi","Kudal St Depot","Kawathi Ghodakewadi",,MO,6100,"Arkarcha Bridge",10.5,,,कुडाळ,कवठी,16.6,09:00,09:40,"Non Obl",Daily,,,
107856,"Kudal To Kawathi Ghodakewadi","Kudal St Depot","Kawathi Ghodakewadi",,MO,6166,"Desai Bungalow",11.2,,,कुडाळ,कवठी,16.6,09:00,09:40,"Non Obl",Daily,,,
107856,"Kudal To Kawathi Ghodakewadi","Kudal St Depot","Kawathi Ghodakewadi",,MO,6470,Walawal,12.4,,,कुडाळ,कवठी,16.6,09:00,09:40,"Non Obl",Daily,,,
107856,"Kudal To Kawathi Ghodakewadi","Kudal St Depot","Kawathi Ghodakewadi",,MO,6328,Mathkarwadi,13.5,,,कुडाळ,कवठी,16.6,09:00,09:40,"Non Obl",Daily,,,
107856,"Kudal To Kawathi Ghodakewadi","Kudal St Depot","Kawathi Ghodakewadi",,MO,6145,"Chendawan High School",15.7,,,कुडाळ,कवठी,16.6,09:00,09:40,"Non Obl",Daily,,,
107856,"Kudal To Kawathi Ghodakewadi","Kudal St Depot","Kawathi Ghodakewadi",,MO,6146,"Chendawan Thumarewadi",16.1,,,कुडाळ,कवठी,16.6,09:00,09:40,"Non Obl",Daily,,,
107856,"Kudal To Kawathi Ghodakewadi","Kudal St Depot","Kawathi Ghodakewadi",,MO,6120,"Bhandarwadi Kawathi",16.5,,,कुडाळ,कवठी,16.6,09:00,09:40,"Non Obl",Daily,,,
107856,"Kudal To Kawathi Ghodakewadi","Kudal St Depot","Kawathi Ghodakewadi",,MO,6293,"Kawathi Ghodakewadi",16.6,,,कुडाळ,कवठी,16.6,09:00,09:40,"Non Obl",Daily,,,
125527,"Kelus Taradevi Mandir To Kudal Via Tendoli Ravalnath Mandir","Kelus Taradevi Mandir","Kudal St Depot","TENDOLI RAVALNATH MANDIR",MO,9673,"Kelus Taradevi Mandir",,,,"केळुस तारादेवी",कुडाळ,18.7,07:20,08:00,,,,,
125527,"Kelus Taradevi Mandir To Kudal Via Tendoli Ravalnath Mandir","Kelus Taradevi Mandir","Kudal St Depot","TENDOLI RAVALNATH MANDIR",MO,9594,"Andurle Pimpal",2.1,,,"केळुस तारादेवी",कुडाळ,18.7,07:20,08:00,,,,,
125527,"Kelus Taradevi Mandir To Kudal Via Tendoli Ravalnath Mandir","Kelus Taradevi Mandir","Kudal St Depot","TENDOLI RAVALNATH MANDIR",MO,9830,Visapur,3.8,,,"केळुस तारादेवी",कुडाळ,18.7,07:20,08:00,,,,,
125527,"Kelus Taradevi Mandir To Kudal Via Tendoli Ravalnath Mandir","Kelus Taradevi Mandir","Kudal St Depot","TENDOLI RAVALNATH MANDIR",MO,6430,"Tendoli Ravalnath Mandir",5.7,,,"केळुस तारादेवी",कुडाळ,18.7,07:20,08:00,,,,,
125527,"Kelus Taradevi Mandir To Kudal Via Tendoli Ravalnath Mandir","Kelus Taradevi Mandir","Kudal St Depot","TENDOLI RAVALNATH MANDIR",MO,6258,Kumnos,6.2,,,"केळुस तारादेवी",कुडाळ,18.7,07:20,08:00,,,,,
125527,"Kelus Taradevi Mandir To Kudal Via Tendoli Ravalnath Mandir","Kelus Taradevi Mandir","Kudal St Depot","TENDOLI RAVALNATH MANDIR",MO,6304,"Madyachiwadi Chinch",9.3,,,"केळुस तारादेवी",कुडाळ,18.7,07:20,08:00,,,,,
125527,"Kelus Taradevi Mandir To Kudal Via Tendoli Ravalnath Mandir","Kelus Taradevi Mandir","Kudal St Depot","TENDOLI RAVALNATH MANDIR",MO,6251,"Karmal Galu",12.6,,,"केळुस तारादेवी",कुडाळ,18.7,07:20,08:00,,,,,
125527,"Kelus Taradevi Mandir To Kudal Via Tendoli Ravalnath Mandir","Kelus Taradevi Mandir","Kudal St Depot","TENDOLI RAVALNATH MANDIR",MO,6376,"Pinguli Titha",15.9,,,"केळुस तारादेवी",कुडाळ,18.7,07:20,08:00,,,,,
125527,"Kelus Taradevi Mandir To Kudal Via Tendoli Ravalnath Mandir","Kelus Taradevi Mandir","Kudal St Depot","TENDOLI RAVALNATH MANDIR",MO,6237,"Kudal St Depot",18.7,,,"केळुस तारादेवी",कुडाळ,18.7,07:20,08:00,,,,,
125921,"Kudal To Malewad Via Kadawal","Kudal St Depot",Malewad,KADAWAL,MO,6237,"Kudal St Depot",,,,कुडाळ,"घोडगे मळेवाड",41.7,10:00,11:30,,,,,
125921,"Kudal To Malewad Via Kadawal","Kudal St Depot",Malewad,KADAWAL,MO,6380,"Pawashi Panchayat",3.9,,,कुडाळ,"घोडगे मळेवाड",41.7,10:00,11:30,,,,,
125921,"Kudal To Malewad Via Kadawal","Kudal St Depot",Malewad,KADAWAL,MO,88100,Vetalbambarde,6,,,कुडाळ,"घोडगे मळेवाड",41.7,10:00,11:30,,,,,
125921,"Kudal To Malewad Via Kadawal","Kudal St Depot",Malewad,KADAWAL,MO,6365,Pandur,10.5,,,कुडाळ,"घोडगे मळेवाड",41.7,10:00,11:30,,,,,
125921,"Kudal To Malewad Via Kadawal","Kudal St Depot",Malewad,KADAWAL,MO,6373,"Pandur Phc",11.1,,,कुडाळ,"घोडगे मळेवाड",41.7,10:00,11:30,,,,,
125921,"Kudal To Malewad Via Kadawal","Kudal St Depot",Malewad,KADAWAL,MO,6227,"Khadichegalu Pulaskar",13.4,,,कुडाळ,"घोडगे मळेवाड",41.7,10:00,11:30,,,,,
125921,"Kudal To Malewad Via Kadawal","Kudal St Depot",Malewad,KADAWAL,MO,6157,"Digas Kalika Mandir",14.9,,,कुडाळ,"घोडगे मळेवाड",41.7,10:00,11:30,,,,,
125921,"Kudal To Malewad Via Kadawal","Kudal St Depot",Malewad,KADAWAL,MO,6115,"Awalegaon Patkar Temb",16.2,,,कुडाळ,"घोडगे मळेवाड",41.7,10:00,11:30,,,,,
125921,"Kudal To Malewad Via Kadawal","Kudal St Depot",Malewad,KADAWAL,MO,6088,"Awalegaon Chinch",17.2,,,कुडाळ,"घोडगे मळेवाड",41.7,10:00,11:30,,,,,
125921,"Kudal To Malewad Via Kadawal","Kudal St Depot",Malewad,KADAWAL,MO,6087,"Awalegaon Dispensary",18.7,,,कुडाळ,"घोडगे मळेवाड",41.7,10:00,11:30,,,,,
125921,"Kudal To Malewad Via Kadawal","Kudal St Depot",Malewad,KADAWAL,MO,6244,Kadawal,20.1,,,कुडाळ,"घोडगे मळेवाड",41.7,10:00,11:30,,,,,
125921,"Kudal To Malewad Via Kadawal","Kudal St Depot",Malewad,KADAWAL,MO,6243,"Kadawal Post",20.5,,,कुडाळ,"घोडगे मळेवाड",41.7,10:00,11:30,,,,,
125921,"Kudal To Malewad Via Kadawal","Kudal St Depot",Malewad,KADAWAL,MO,6128,"Bhadgaon Phanas",24.6,,,कुडाळ,"घोडगे मळेवाड",41.7,10:00,11:30,,,,,
125921,"Kudal To Malewad Via Kadawal","Kudal St Depot",Malewad,KADAWAL,MO,6121,"Bhadgaon Fatkurewadi",25.4,,,कुडाळ,"घोडगे मळेवाड",41.7,10:00,11:30,,,,,
125921,"Kudal To Malewad Via Kadawal","Kudal St Depot",Malewad,KADAWAL,MO,6130,"Bhadgaon School",26.1,,,कुडाळ,"घोडगे मळेवाड",41.7,10:00,11:30,,,,,
125921,"Kudal To Malewad Via Kadawal","Kudal St Depot",Malewad,KADAWAL,MO,6119,"Bhadgaon Matha",28.3,,,कुडाळ,"घोडगे मळेवाड",41.7,10:00,11:30,,,,,
125921,"Kudal To Malewad Via Kadawal","Kudal St Depot",Malewad,KADAWAL,MO,6324,"Murkar Dukan Humarne Thita",29.9,,,कुडाळ,"घोडगे मळेवाड",41.7,10:00,11:30,,,,,
125921,"Kudal To Malewad Via Kadawal","Kudal St Depot",Malewad,KADAWAL,MO,6211,"Hardi Titha",31.3,,,कुडाळ,"घोडगे मळेवाड",41.7,10:00,11:30,,,,,
125921,"Kudal To Malewad Via Kadawal","Kudal St Depot",Malewad,KADAWAL,MO,2830,"Kupawade Fata",33.5,,,कुडाळ,"घोडगे मळेवाड",41.7,10:00,11:30,,,,,
125921,"Kudal To Malewad Via Kadawal","Kudal St Depot",Malewad,KADAWAL,MO,6217,"Jambhavade Pimpal Par",35,,,कुडाळ,"घोडगे मळेवाड",41.7,10:00,11:30,,,,,
125921,"Kudal To Malewad Via Kadawal","Kudal St Depot",Malewad,KADAWAL,MO,6225,"Jambhavade Bhagwati Mandir",36.9,,,कुडाळ,"घोडगे मळेवाड",41.7,10:00,11:30,,,,,
125921,"Kudal To Malewad Via Kadawal","Kudal St Depot",Malewad,KADAWAL,MO,6218,"Jambhavade River",37.4,,,कुडाळ,"घोडगे मळेवाड",41.7,10:00,11:30,,,,,
125921,"Kudal To Malewad Via Kadawal","Kudal St Depot",Malewad,KADAWAL,MO,6223,"Jambhavade Shetye Wadi",38.2,,,कुडाळ,"घोडगे मळेवाड",41.7,10:00,11:30,,,,,
125921,"Kudal To Malewad Via Kadawal","Kudal St Depot",Malewad,KADAWAL,MO,6179,Ghotage,40,,,कुडाळ,"घोडगे मळेवाड",41.7,10:00,11:30,,,,,
125921,"Kudal To Malewad Via Kadawal","Kudal St Depot",Malewad,KADAWAL,MO,6306,Malewad,41.7,,,कुडाळ,"घोडगे मळेवाड",41.7,10:00,11:30,,,,,
126117,"Kudal St Depot To Waingawade Fata Via Kasal","Kudal St Depot","Waingawade Fata",KASAL,MO,6237,"Kudal St Depot",,,,कुडाळ,वायंगवडे,34.4,18:20,19:40,,,"विश्रांती 15.30-16.00",,
126117,"Kudal St Depot To Waingawade Fata Via Kasal","Kudal St Depot","Waingawade Fata",KASAL,MO,6380,"Pawashi Panchayat",5.4,,,कुडाळ,वायंगवडे,34.4,18:20,19:40,,,"विश्रांती 15.30-16.00",,
126117,"Kudal St Depot To Waingawade Fata Via Kasal","Kudal St Depot","Waingawade Fata",KASAL,MO,88100,Vetalbambarde,7.5,,,कुडाळ,वायंगवडे,34.4,18:20,19:40,,,"विश्रांती 15.30-16.00",,
126117,"Kudal St Depot To Waingawade Fata Via Kasal","Kudal St Depot","Waingawade Fata",KASAL,MO,6378,"Pandur Titha",10.5,,,कुडाळ,वायंगवडे,34.4,18:20,19:40,,,"विश्रांती 15.30-16.00",,
126117,"Kudal St Depot To Waingawade Fata Via Kasal","Kudal St Depot","Waingawade Fata",KASAL,MO,6204,"Humarmala Kasale Dukan",12.4,,,कुडाळ,वायंगवडे,34.4,18:20,19:40,,,"विश्रांती 15.30-16.00",,
126117,"Kudal St Depot To Waingawade Fata Via Kasal","Kudal St Depot","Waingawade Fata",KASAL,MO,6206,"Humarmala Rane Dukan",13.8,,,कुडाळ,वायंगवडे,34.4,18:20,19:40,,,"विश्रांती 15.30-16.00",,
126117,"Kudal St Depot To Waingawade Fata Via Kasal","Kudal St Depot","Waingawade Fata",KASAL,MO,6224,"Jijamata Hospital",15.2,,,कुडाळ,वायंगवडे,34.4,18:20,19:40,,,"विश्रांती 15.30-16.00",,
126117,"Kudal St Depot To Waingawade Fata Via Kasal","Kudal St Depot","Waingawade Fata",KASAL,MO,6362,"Oros Bus Stnad",16.6,,,कुडाळ,वायंगवडे,34.4,18:20,19:40,,,"विश्रांती 15.30-16.00",,
126117,"Kudal St Depot To Waingawade Fata Via Kasal","Kudal St Depot","Waingawade Fata",KASAL,MO,6116,Awali,19.5,,,कुडाळ,वायंगवडे,34.4,18:20,19:40,,,"विश्रांती 15.30-16.00",,
126117,"Kudal St Depot To Waingawade Fata Via Kasal","Kudal St Depot","Waingawade Fata",KASAL,MO,6282,"Kasal Balamwadi",20.5,,,कुडाळ,वायंगवडे,34.4,18:20,19:40,,,"विश्रांती 15.30-16.00",,
126117,"Kudal St Depot To Waingawade Fata Via Kasal","Kudal St Depot","Waingawade Fata",KASAL,MO,6281,Kasal,21.9,,,कुडाळ,वायंगवडे,34.4,18:20,19:40,,,"विश्रांती 15.30-16.00",,
126117,"Kudal St Depot To Waingawade Fata Via Kasal","Kudal St Depot","Waingawade Fata",KASAL,MO,6842,"Hedul Khotale Fata",23,,,कुडाळ,वायंगवडे,34.4,18:20,19:40,,,"विश्रांती 15.30-16.00",,
126117,"Kudal St Depot To Waingawade Fata Via Kasal","Kudal St Depot","Waingawade Fata",KASAL,MO,6843,"Hedul Loharwadi",25.1,,,कुडाळ,वायंगवडे,34.4,18:20,19:40,,,"विश्रांती 15.30-16.00",,
126117,"Kudal St Depot To Waingawade Fata Via Kasal","Kudal St Depot","Waingawade Fata",KASAL,MO,6910,"Mail Dagad",27.7,,,कुडाळ,वायंगवडे,34.4,18:20,19:40,,,"विश्रांती 15.30-16.00",,
126117,"Kudal St Depot To Waingawade Fata Via Kasal","Kudal St Depot","Waingawade Fata",KASAL,MO,6883,"Khotale School",28.7,,,कुडाळ,वायंगवडे,34.4,18:20,19:40,,,"विश्रांती 15.30-16.00",,
126117,"Kudal St Depot To Waingawade Fata Via Kasal","Kudal St Depot","Waingawade Fata",KASAL,MO,6882,"Khotale Ravalnath Mandir",28.9,,,कुडाळ,वायंगवडे,34.4,18:20,19:40,,,"विश्रांती 15.30-16.00",,
126117,"Kudal St Depot To Waingawade Fata Via Kasal","Kudal St Depot","Waingawade Fata",KASAL,MO,7029,"Waingawade Amba",30.7,,,कुडाळ,वायंगवडे,34.4,18:20,19:40,,,"विश्रांती 15.30-16.00",,
126117,"Kudal St Depot To Waingawade Fata Via Kasal","Kudal St Depot","Waingawade Fata",KASAL,MO,7031,"Waingawade Padoswadi",31.4,,,कुडाळ,वायंगवडे,34.4,18:20,19:40,,,"विश्रांती 15.30-16.00",,
126117,"Kudal St Depot To Waingawade Fata Via Kasal","Kudal St Depot","Waingawade Fata",KASAL,MO,7032,"Waingawade Ranewadi",32.2,,,कुडाळ,वायंगवडे,34.4,18:20,19:40,,,"विश्रांती 15.30-16.00",,
126117,"Kudal St Depot To Waingawade Fata Via Kasal","Kudal St Depot","Waingawade Fata",KASAL,MO,7030,"Waingawade Fata",33.7,,,कुडाळ,वायंगवडे,34.4,18:20,19:40,,,"विश्रांती 15.30-16.00",,
126117,"Kudal St Depot To Waingawade Fata Via Kasal","Kudal St Depot","Waingawade Fata",KASAL,MO,7033,"Waingawade Teli Dukan",34.4,,,कुडाळ,वायंगवडे,34.4,18:20,19:40,,,"विश्रांती 15.30-16.00",,
10935,"Kudal To Bhogave Via Desai Bungalow","Kudal St Depot",Bhogave,DUTONDWADI,MO,6237,"Kudal St Depot",,,,कुडाळ,भोगवे,27.9,18:20,19:20,,,"विश्रांती 17.55-18.20",,
10935,"Kudal To Bhogave Via Desai Bungalow","Kudal St Depot",Bhogave,DUTONDWADI,MO,6351,"Nerur Jakat",3.4,,,कुडाळ,भोगवे,27.9,18:20,19:20,,,"विश्रांती 17.55-18.20",,
10935,"Kudal To Bhogave Via Desai Bungalow","Kudal St Depot",Bhogave,DUTONDWADI,MO,6333,"Nerur Chavhata",6,,,कुडाळ,भोगवे,27.9,18:20,19:20,,,"विश्रांती 17.55-18.20",,
10935,"Kudal To Bhogave Via Desai Bungalow","Kudal St Depot",Bhogave,DUTONDWADI,MO,6353,"Nerur Choupati",6.6,,,कुडाळ,भोगवे,27.9,18:20,19:20,,,"विश्रांती 17.55-18.20",,
10935,"Kudal To Bhogave Via Desai Bungalow","Kudal St Depot",Bhogave,DUTONDWADI,MO,6100,"Arkarcha Bridge",9,,,कुडाळ,भोगवे,27.9,18:20,19:20,,,"विश्रांती 17.55-18.20",,
10935,"Kudal To Bhogave Via Desai Bungalow","Kudal St Depot",Bhogave,DUTONDWADI,MO,6166,"Desai Bungalow",9.7,,,कुडाळ,भोगवे,27.9,18:20,19:20,,,"विश्रांती 17.55-18.20",,
10935,"Kudal To Bhogave Via Desai Bungalow","Kudal St Depot",Bhogave,DUTONDWADI,MO,6470,Walawal,10.9,,,कुडाळ,भोगवे,27.9,18:20,19:20,,,"विश्रांती 17.55-18.20",,
10935,"Kudal To Bhogave Via Desai Bungalow","Kudal St Depot",Bhogave,DUTONDWADI,MO,6330,"Mauli Mandir",12.3,,,कुडाळ,भोगवे,27.9,18:20,19:20,,,"विश्रांती 17.55-18.20",,
10935,"Kudal To Bhogave Via Desai Bungalow","Kudal St Depot",Bhogave,DUTONDWADI,MO,6091,"Ambegali School",15.4,,,कुडाळ,भोगवे,27.9,18:20,19:20,,,"विश्रांती 17.55-18.20",,
10935,"Kudal To Bhogave Via Desai Bungalow","Kudal St Depot",Bhogave,DUTONDWADI,MO,6248,Kushewada,16.2,,,कुडाळ,भोगवे,27.9,18:20,19:20,,,"विश्रांती 17.55-18.20",,
10935,"Kudal To Bhogave Via Desai Bungalow","Kudal St Depot",Bhogave,DUTONDWADI,MO,6455,"Vetoba Mandir",17.6,,,कुडाळ,भोगवे,27.9,18:20,19:20,,,"विश्रांती 17.55-18.20",,
10935,"Kudal To Bhogave Via Desai Bungalow","Kudal St Depot",Bhogave,DUTONDWADI,MO,6097,"Adinarayan Mandir",19.4,,,कुडाळ,भोगवे,27.9,18:20,19:20,,,"विश्रांती 17.55-18.20",,
10935,"Kudal To Bhogave Via Desai Bungalow","Kudal St Depot",Bhogave,DUTONDWADI,MO,6366,Parule,19.9,,,कुडाळ,भोगवे,27.9,18:20,19:20,,,"विश्रांती 17.55-18.20",,
10935,"Kudal To Bhogave Via Desai Bungalow","Kudal St Depot",Bhogave,DUTONDWADI,MO,9752,"Parule Pickup Shed",20.5,,,कुडाळ,भोगवे,27.9,18:20,19:20,,,"विश्रांती 17.55-18.20",,
10935,"Kudal To Bhogave Via Desai Bungalow","Kudal St Depot",Bhogave,DUTONDWADI,MO,9785,"Shelpi Dutond Fata",23.6,,,कुडाळ,भोगवे,27.9,18:20,19:20,,,"विश्रांती 17.55-18.20",,
10935,"Kudal To Bhogave Via Desai Bungalow","Kudal St Depot",Bhogave,DUTONDWADI,MO,9623,"Chindar Amba",25.3,,,कुडाळ,भोगवे,27.9,18:20,19:20,,,"विश्रांती 17.55-18.20",,
10935,"Kudal To Bhogave Via Desai Bungalow","Kudal St Depot",Bhogave,DUTONDWADI,MO,9617,Bhogave,27.9,,,कुडाळ,भोगवे,27.9,18:20,19:20,,,"विश्रांती 17.55-18.20",,
10956,"Kudal To Kelus Kalvi Bander","Kudal St Depot","Kelus Kalvi Bander",,MO,6237,"Kudal St Depot",,,,कुडाळ,"केळुस का.बंदर",28.1,09:10,10:20,,,"विश्रांती 11.20 -12.0",,
10956,"Kudal To Kelus Kalvi Bander","Kudal St Depot","Kelus Kalvi Bander",,MO,6253,"Kudal Old Bus Stand",1.5,,,कुडाळ,"केळुस का.बंदर",28.1,09:10,10:20,,,"विश्रांती 11.20 -12.0",,
10956,"Kudal To Kelus Kalvi Bander","Kudal St Depot","Kelus Kalvi Bander",,MO,6376,"Pinguli Titha",4.3,,,कुडाळ,"केळुस का.बंदर",28.1,09:10,10:20,,,"विश्रांती 11.20 -12.0",,
10956,"Kudal To Kelus Kalvi Bander","Kudal St Depot","Kelus Kalvi Bander",,MO,6251,"Karmal Galu",7.6,,,कुडाळ,"केळुस का.बंदर",28.1,09:10,10:20,,,"विश्रांती 11.20 -12.0",,
10956,"Kudal To Kelus Kalvi Bander","Kudal St Depot","Kelus Kalvi Bander",,MO,6304,"Madyachiwadi Chinch",9.7,,,कुडाळ,"केळुस का.बंदर",28.1,09:10,10:20,,,"विश्रांती 11.20 -12.0",,
10956,"Kudal To Kelus Kalvi Bander","Kudal St Depot","Kelus Kalvi Bander",,MO,6137,"Bhom Bagayat",12.2,,,कुडाळ,"केळुस का.बंदर",28.1,09:10,10:20,,,"विश्रांती 11.20 -12.0",,
10956,"Kudal To Kelus Kalvi Bander","Kudal St Depot","Kelus Kalvi Bander",,MO,6258,Kumnos,14,,,कुडाळ,"केळुस का.बंदर",28.1,09:10,10:20,,,"विश्रांती 11.20 -12.0",,
10956,"Kudal To Kelus Kalvi Bander","Kudal St Depot","Kelus Kalvi Bander",,MO,6430,"Tendoli Ravalnath Mandir",14.5,,,कुडाळ,"केळुस का.बंदर",28.1,09:10,10:20,,,"विश्रांती 11.20 -12.0",,
10956,"Kudal To Kelus Kalvi Bander","Kudal St Depot","Kelus Kalvi Bander",,MO,6431,"Tendoli Vetal Mandir",16.2,,,कुडाळ,"केळुस का.बंदर",28.1,09:10,10:20,,,"विश्रांती 11.20 -12.0",,
10956,"Kudal To Kelus Kalvi Bander","Kudal St Depot","Kelus Kalvi Bander",,MO,9830,Visapur,16.4,,,कुडाळ,"केळुस का.बंदर",28.1,09:10,10:20,,,"विश्रांती 11.20 -12.0",,
10956,"Kudal To Kelus Kalvi Bander","Kudal St Depot","Kelus Kalvi Bander",,MO,9594,"Andurle Pimpal",18.1,,,कुडाळ,"केळुस का.बंदर",28.1,09:10,10:20,,,"विश्रांती 11.20 -12.0",,
10956,"Kudal To Kelus Kalvi Bander","Kudal St Depot","Kelus Kalvi Bander",,MO,9674,"Kelus Titha",18.5,,,कुडाळ,"केळुस का.बंदर",28.1,09:10,10:20,,,"विश्रांती 11.20 -12.0",,
10956,"Kudal To Kelus Kalvi Bander","Kudal St Depot","Kelus Kalvi Bander",,MO,9673,"Kelus Taradevi Mandir",19.5,,,कुडाळ,"केळुस का.बंदर",28.1,09:10,10:20,,,"विश्रांती 11.20 -12.0",,
10956,"Kudal To Kelus Kalvi Bander","Kudal St Depot","Kelus Kalvi Bander",,MO,9672,"Kelus Mobarwadi",22.5,,,कुडाळ,"केळुस का.बंदर",28.1,09:10,10:20,,,"विश्रांती 11.20 -12.0",,
10956,"Kudal To Kelus Kalvi Bander","Kudal St Depot","Kelus Kalvi Bander",,MO,9673,"Kelus Taradevi Mandir",25.5,,,कुडाळ,"केळुस का.बंदर",28.1,09:10,10:20,,,"विश्रांती 11.20 -12.0",,
10956,"Kudal To Kelus Kalvi Bander","Kudal St Depot","Kelus Kalvi Bander",,MO,9674,"Kelus Titha",26,,,कुडाळ,"केळुस का.बंदर",28.1,09:10,10:20,,,"विश्रांती 11.20 -12.0",,
10956,"Kudal To Kelus Kalvi Bander","Kudal St Depot","Kelus Kalvi Bander",,MO,9662,"Kalvi Titha",26.5,,,कुडाळ,"केळुस का.बंदर",28.1,09:10,10:20,,,"विश्रांती 11.20 -12.0",,
10956,"Kudal To Kelus Kalvi Bander","Kudal St Depot","Kelus Kalvi Bander",,MO,9620,"Bowalekar Wadi",28.8,,,कुडाळ,"केळुस का.बंदर",28.1,09:10,10:20,,,"विश्रांती 11.20 -12.0",,
10956,"Kudal To Kelus Kalvi Bander","Kudal St Depot","Kelus Kalvi Bander",,MO,9671,"Kelus Kalvi Bander",29.6,,,कुडाळ,"केळुस का.बंदर",28.1,09:10,10:20,,,"विश्रांती 11.20 -12.0",,
10959,"Kudal Railway Station To Karli","Kudal Rly. Stn.",Karli,,MO,6235,"Kudal Rly. Stn.",,,,"कुडाळ रेल्वे",कर्ली,28,09:05,10:05,non,daily,,,
10959,"Kudal Railway Station To Karli","Kudal Rly. Stn.",Karli,,MO,6237,"Kudal St Depot",1.5,,,"कुडाळ रेल्वे",कर्ली,28,09:05,10:05,non,daily,,,
10959,"Kudal Railway Station To Karli","Kudal Rly. Stn.",Karli,,MO,6376,"Pinguli Titha",4.3,,,"कुडाळ रेल्वे",कर्ली,28,09:05,10:05,non,daily,,,
10959,"Kudal Railway Station To Karli","Kudal Rly. Stn.",Karli,,MO,6251,"Karmal Galu",7.6,,,"कुडाळ रेल्वे",कर्ली,28,09:05,10:05,non,daily,,,
10959,"Kudal Railway Station To Karli","Kudal Rly. Stn.",Karli,,MO,6298,Madyachiwadi,9.7,,,"कुडाळ रेल्वे",कर्ली,28,09:05,10:05,non,daily,,,
10959,"Kudal Railway Station To Karli","Kudal Rly. Stn.",Karli,,MO,6305,"Madyachiwadi Phanas",11.1,,,"कुडाळ रेल्वे",कर्ली,28,09:05,10:05,non,daily,,,
10959,"Kudal Railway Station To Karli","Kudal Rly. Stn.",Karli,,MO,6215,Humarmala,13.7,,,"कुडाळ रेल्वे",कर्ली,28,09:05,10:05,non,daily,,,
10959,"Kudal Railway Station To Karli","Kudal Rly. Stn.",Karli,,MO,6094,"Andurle Khind",14.4,,,"कुडाळ रेल्वे",कर्ली,28,09:05,10:05,non,daily,,,
10959,"Kudal Railway Station To Karli","Kudal Rly. Stn.",Karli,,MO,6377,"Pendurkar Dukan",15.6,,,"कुडाळ रेल्वे",कर्ली,28,09:05,10:05,non,daily,,,
10959,"Kudal Railway Station To Karli","Kudal Rly. Stn.",Karli,,MO,6384,"Pat Titha",17.4,,,"कुडाळ रेल्वे",कर्ली,28,09:05,10:05,non,daily,,,
10959,"Kudal Railway Station To Karli","Kudal Rly. Stn.",Karli,,MO,6382,"Pat Bandh Teli Dukan",18.2,,,"कुडाळ रेल्वे",कर्ली,28,09:05,10:05,non,daily,,,
10959,"Kudal Railway Station To Karli","Kudal Rly. Stn.",Karli,,MO,9590,"Ajarwadi P.H.C.",19.7,,,"कुडाळ रेल्वे",कर्ली,28,09:05,10:05,non,daily,,,
10959,"Kudal Railway Station To Karli","Kudal Rly. Stn.",Karli,,MO,9826,"Vetoba Mandir",21.2,,,"कुडाळ रेल्वे",कर्ली,28,09:05,10:05,non,daily,,,
10959,"Kudal Railway Station To Karli","Kudal Rly. Stn.",Karli,,MO,9587,"Adinarayan Mandir",23,,,"कुडाळ रेल्वे",कर्ली,28,09:05,10:05,non,daily,,,
10959,"Kudal Railway Station To Karli","Kudal Rly. Stn.",Karli,,MO,9750,Parule,23.6,,,"कुडाळ रेल्वे",कर्ली,28,09:05,10:05,non,daily,,,
10959,"Kudal Railway Station To Karli","Kudal Rly. Stn.",Karli,,MO,9667,"Karli Titha Amba",25,,,"कुडाळ रेल्वे",कर्ली,28,09:05,10:05,non,daily,,,
10959,"Kudal Railway Station To Karli","Kudal Rly. Stn.",Karli,,MO,9666,Karli,28,,,"कुडाळ रेल्वे",कर्ली,28,09:05,10:05,non,daily,,,
10985,"Kudal To Sarambal Kadamwadi","Kudal St Depot","Sarambal Kadamwadi",,MO,6237,"Kudal St Depot",,,,कुडाळ,सरंबळ,11.5,18:50,19:20,,,,,
10985,"Kudal To Sarambal Kadamwadi","Kudal St Depot","Sarambal Kadamwadi",,MO,6235,"Kudal Rly. Stn.",2.9,,,कुडाळ,सरंबळ,11.5,18:50,19:20,,,,,
10985,"Kudal To Sarambal Kadamwadi","Kudal St Depot","Sarambal Kadamwadi",,MO,6164,"Durgawad Fata",6.1,,,कुडाळ,सरंबळ,11.5,18:50,19:20,,,,,
10985,"Kudal To Sarambal Kadamwadi","Kudal St Depot","Sarambal Kadamwadi",,MO,6427,Talekarwadi,6.6,,,कुडाळ,सरंबळ,11.5,18:50,19:20,,,,,
10985,"Kudal To Sarambal Kadamwadi","Kudal St Depot","Sarambal Kadamwadi",,MO,6379,Parabwadi,8.6,,,कुडाळ,सरंबळ,11.5,18:50,19:20,,,,,
10985,"Kudal To Sarambal Kadamwadi","Kudal St Depot","Sarambal Kadamwadi",,MO,6385,Pujarewadi,8.8,,,कुडाळ,सरंबळ,11.5,18:50,19:20,,,,,
10985,"Kudal To Sarambal Kadamwadi","Kudal St Depot","Sarambal Kadamwadi",,MO,6421,"Sarambal Bandh",9.2,,,कुडाळ,सरंबळ,11.5,18:50,19:20,,,,,
10985,"Kudal To Sarambal Kadamwadi","Kudal St Depot","Sarambal Kadamwadi",,MO,6134,Bhimnagar,9.6,,,कुडाळ,सरंबळ,11.5,18:50,19:20,,,,,
10985,"Kudal To Sarambal Kadamwadi","Kudal St Depot","Sarambal Kadamwadi",,MO,6401,"Sarambal Kadamwadi",11.5,,,कुडाळ,सरंबळ,11.5,18:50,19:20,,,,,
10995,"Kudal St Depot To Mauli Mandir","Kudal St Depot","Mauli Mandir",,MO,6240,"Kudal St Depot",,,,"कुडाळ आगार",मा.मंदिर,15.3,06:00,06:25,sc,SUN,,,
10995,"Kudal St Depot To Mauli Mandir","Kudal St Depot","Mauli Mandir",,MO,6237,"Kudal St Depot",1.5,,,"कुडाळ आगार",मा.मंदिर,15.3,06:00,06:25,sc,SUN,,,
10995,"Kudal St Depot To Mauli Mandir","Kudal St Depot","Mauli Mandir",,MO,6351,"Nerur Jakat",4.5,,,"कुडाळ आगार",मा.मंदिर,15.3,06:00,06:25,sc,SUN,,,
10995,"Kudal St Depot To Mauli Mandir","Kudal St Depot","Mauli Mandir",,MO,6333,"Nerur Chavhata",7.5,,,"कुडाळ आगार",मा.मंदिर,15.3,06:00,06:25,sc,SUN,,,
10995,"Kudal St Depot To Mauli Mandir","Kudal St Depot","Mauli Mandir",,MO,6353,"Nerur Choupati",10.4,,,"कुडाळ आगार",मा.मंदिर,15.3,06:00,06:25,sc,SUN,,,
10995,"Kudal St Depot To Mauli Mandir","Kudal St Depot","Mauli Mandir",,MO,6166,"Desai Bungalow",11.5,,,"कुडाळ आगार",मा.मंदिर,15.3,06:00,06:25,sc,SUN,,,
10995,"Kudal St Depot To Mauli Mandir","Kudal St Depot","Mauli Mandir",,MO,6470,Walawal,12.7,,,"कुडाळ आगार",मा.मंदिर,15.3,06:00,06:25,sc,SUN,,,
10995,"Kudal St Depot To Mauli Mandir","Kudal St Depot","Mauli Mandir",,MO,6330,"Mauli Mandir",15.3,,,"कुडाळ आगार",मा.मंदिर,15.3,06:00,06:25,sc,SUN,,,
11276,"Vengurle To Kudal  Via Dabholi Waingani Titha",Vengurle,"Kudal St Depot","DABHOLI WAINGANI TITHA",MO,9824,Vengurle,,,,वोंगुर्ले,कुडाळ,25,07:50,08:50,"Non Obl",Daily,,,
11276,"Vengurle To Kudal  Via Dabholi Waingani Titha",Vengurle,"Kudal St Depot","DABHOLI WAINGANI TITHA",MO,9740,Nimusga,2.8,,,वोंगुर्ले,कुडाळ,25,07:50,08:50,"Non Obl",Daily,,,
11276,"Vengurle To Kudal  Via Dabholi Waingani Titha",Vengurle,"Kudal St Depot","DABHOLI WAINGANI TITHA",MO,9697,"Lokhandewadi Titha",4,,,वोंगुर्ले,कुडाळ,25,07:50,08:50,"Non Obl",Daily,,,
11276,"Vengurle To Kudal  Via Dabholi Waingani Titha",Vengurle,"Kudal St Depot","DABHOLI WAINGANI TITHA",MO,9627,"Dabholi Waingani Titha",5.1,,,वोंगुर्ले,कुडाळ,25,07:50,08:50,"Non Obl",Daily,,,
11276,"Vengurle To Kudal  Via Dabholi Waingani Titha",Vengurle,"Kudal St Depot","DABHOLI WAINGANI TITHA",MO,9620,"Bowalekar Wadi",6.6,,,वोंगुर्ले,कुडाळ,25,07:50,08:50,"Non Obl",Daily,,,
11276,"Vengurle To Kudal  Via Dabholi Waingani Titha",Vengurle,"Kudal St Depot","DABHOLI WAINGANI TITHA",MO,9678,"Khanoli Rawalnath Mandir",9.8,,,वोंगुर्ले,कुडाळ,25,07:50,08:50,"Non Obl",Daily,,,
11276,"Vengurle To Kudal  Via Dabholi Waingani Titha",Vengurle,"Kudal St Depot","DABHOLI WAINGANI TITHA",MO,9829,"Vetore Sateri Mandir",12.8,,,वोंगुर्ले,कुडाळ,25,07:50,08:50,"Non Obl",Daily,,,
11276,"Vengurle To Kudal  Via Dabholi Waingani Titha",Vengurle,"Kudal St Depot","DABHOLI WAINGANI TITHA",MO,6458,"Vetore Titha",14.2,,,वोंगुर्ले,कुडाळ,25,07:50,08:50,"Non Obl",Daily,,,
11276,"Vengurle To Kudal  Via Dabholi Waingani Titha",Vengurle,"Kudal St Depot","DABHOLI WAINGANI TITHA",MO,6459,"Vetore Sub Stage",16,,,वोंगुर्ले,कुडाळ,25,07:50,08:50,"Non Obl",Daily,,,
11276,"Vengurle To Kudal  Via Dabholi Waingani Titha",Vengurle,"Kudal St Depot","DABHOLI WAINGANI TITHA",MO,6423,Sativan,18.8,,,वोंगुर्ले,कुडाळ,25,07:50,08:50,"Non Obl",Daily,,,
11276,"Vengurle To Kudal  Via Dabholi Waingani Titha",Vengurle,"Kudal St Depot","DABHOLI WAINGANI TITHA",MO,6376,"Pinguli Titha",22.2,,,वोंगुर्ले,कुडाळ,25,07:50,08:50,"Non Obl",Daily,,,
11276,"Vengurle To Kudal  Via Dabholi Waingani Titha",Vengurle,"Kudal St Depot","DABHOLI WAINGANI TITHA",MO,6237,"Kudal St Depot",25,,,वोंगुर्ले,कुडाळ,25,07:50,08:50,"Non Obl",Daily,,,
19899,"Humarmala To Kudal Stdepot",Humarmala,"Kudal St Depot",,MO,6215,Humarmala,,,,हुमरमळा,"कुडाळ आगार",17.5,13:20,14:00,obl,SUN,,,
19899,"Humarmala To Kudal Stdepot",Humarmala,"Kudal St Depot",,MO,6138,"Bankon School",1.2,,,हुमरमळा,"कुडाळ आगार",17.5,13:20,14:00,obl,SUN,,,
19899,"Humarmala To Kudal Stdepot",Humarmala,"Kudal St Depot",,MO,6330,"Mauli Mandir",3.6,,,हुमरमळा,"कुडाळ आगार",17.5,13:20,14:00,obl,SUN,,,
19899,"Humarmala To Kudal Stdepot",Humarmala,"Kudal St Depot",,MO,6470,Walawal,5,,,हुमरमळा,"कुडाळ आगार",17.5,13:20,14:00,obl,SUN,,,
19899,"Humarmala To Kudal Stdepot",Humarmala,"Kudal St Depot",,MO,6166,"Desai Bungalow",6.2,,,हुमरमळा,"कुडाळ आगार",17.5,13:20,14:00,obl,SUN,,,
19899,"Humarmala To Kudal Stdepot",Humarmala,"Kudal St Depot",,MO,6100,"Arkarcha Bridge",6.9,,,हुमरमळा,"कुडाळ आगार",17.5,13:20,14:00,obl,SUN,,,
19899,"Humarmala To Kudal Stdepot",Humarmala,"Kudal St Depot",,MO,6353,"Nerur Choupati",7.3,,,हुमरमळा,"कुडाळ आगार",17.5,13:20,14:00,obl,SUN,,,
19899,"Humarmala To Kudal Stdepot",Humarmala,"Kudal St Depot",,MO,6333,"Nerur Chavhata",10.2,,,हुमरमळा,"कुडाळ आगार",17.5,13:20,14:00,obl,SUN,,,
19899,"Humarmala To Kudal Stdepot",Humarmala,"Kudal St Depot",,MO,6348,"Nerur Post",10.8,,,हुमरमळा,"कुडाळ आगार",17.5,13:20,14:00,obl,SUN,,,
19899,"Humarmala To Kudal Stdepot",Humarmala,"Kudal St Depot",,MO,6351,"Nerur Jakat",15.8,,,हुमरमळा,"कुडाळ आगार",17.5,13:20,14:00,obl,SUN,,,
19899,"Humarmala To Kudal Stdepot",Humarmala,"Kudal St Depot",,MO,6237,"Kudal St Depot",16.2,,,हुमरमळा,"कुडाळ आगार",17.5,13:20,14:00,obl,SUN,,,
19899,"Humarmala To Kudal Stdepot",Humarmala,"Kudal St Depot",,MO,6240,"Kudal St Depot",17.5,,,हुमरमळा,"कुडाळ आगार",17.5,13:20,14:00,obl,SUN,,,
19917,"Khavane To Kudal Via Pat Titha",Khavane,"Kudal St Depot","PAT TITHA",MO,9681,Khavane,,,,खवणे,कुडाळ,22.1,14:10,15:10,,,,,
19917,"Khavane To Kudal Via Pat Titha",Khavane,"Kudal St Depot","PAT TITHA",MO,9701,"Malai Fata",2.7,,,खवणे,कुडाळ,22.1,14:10,15:10,,,,,
19917,"Khavane To Kudal Via Pat Titha",Khavane,"Kudal St Depot","PAT TITHA",MO,9718,"Mhapan Khavane Titha",4.4,,,खवणे,कुडाळ,22.1,14:10,15:10,,,,,
19917,"Khavane To Kudal Via Pat Titha",Khavane,"Kudal St Depot","PAT TITHA",MO,9719,"Mhapan Kochara Titha",5.1,,,खवणे,कुडाळ,22.1,14:10,15:10,,,,,
19917,"Khavane To Kudal Via Pat Titha",Khavane,"Kudal St Depot","PAT TITHA",MO,6384,"Pat Titha",6.2,,,खवणे,कुडाळ,22.1,14:10,15:10,,,,,
19917,"Khavane To Kudal Via Pat Titha",Khavane,"Kudal St Depot","PAT TITHA",MO,6377,"Pendurkar Dukan",8,,,खवणे,कुडाळ,22.1,14:10,15:10,,,,,
19917,"Khavane To Kudal Via Pat Titha",Khavane,"Kudal St Depot","PAT TITHA",MO,6094,"Andurle Khind",9.2,,,खवणे,कुडाळ,22.1,14:10,15:10,,,,,
19917,"Khavane To Kudal Via Pat Titha",Khavane,"Kudal St Depot","PAT TITHA",MO,6215,Humarmala,9.9,,,खवणे,कुडाळ,22.1,14:10,15:10,,,,,
19917,"Khavane To Kudal Via Pat Titha",Khavane,"Kudal St Depot","PAT TITHA",MO,6305,"Madyachiwadi Phanas",12.5,,,खवणे,कुडाळ,22.1,14:10,15:10,,,,,
19917,"Khavane To Kudal Via Pat Titha",Khavane,"Kudal St Depot","PAT TITHA",MO,6298,Madyachiwadi,13.9,,,खवणे,कुडाळ,22.1,14:10,15:10,,,,,
19917,"Khavane To Kudal Via Pat Titha",Khavane,"Kudal St Depot","PAT TITHA",MO,6251,"Karmal Galu",16,,,खवणे,कुडाळ,22.1,14:10,15:10,,,,,
19917,"Khavane To Kudal Via Pat Titha",Khavane,"Kudal St Depot","PAT TITHA",MO,6376,"Pinguli Titha",19.3,,,खवणे,कुडाळ,22.1,14:10,15:10,,,,,
19917,"Khavane To Kudal Via Pat Titha",Khavane,"Kudal St Depot","PAT TITHA",MO,6237,"Kudal St Depot",22.1,,,खवणे,कुडाळ,22.1,14:10,15:10,,,,,
19945,"Sonawade Lingeshwar Mandir To Kudal St Depot","Sonawade Lingeshwar Mandir","Kudal St Depot",,MO,6416,"Sonawade Lingeshwar Mandir",,,,सोनवडेपार,"कुडाळ आगार",12.6,19:10,19:40,OBL,Daily,"विश्रांती 18.00-18.30",,
19945,"Sonawade Lingeshwar Mandir To Kudal St Depot","Sonawade Lingeshwar Mandir","Kudal St Depot",,MO,6402,"Sonawade Math",2.8,,,सोनवडेपार,"कुडाळ आगार",12.6,19:10,19:40,OBL,Daily,"विश्रांती 18.00-18.30",,
19945,"Sonawade Lingeshwar Mandir To Kudal St Depot","Sonawade Lingeshwar Mandir","Kudal St Depot",,MO,6399,"Sonawade School",3.5,,,सोनवडेपार,"कुडाळ आगार",12.6,19:10,19:40,OBL,Daily,"विश्रांती 18.00-18.30",,
19945,"Sonawade Lingeshwar Mandir To Kudal St Depot","Sonawade Lingeshwar Mandir","Kudal St Depot",,MO,6164,"Durgawad Fata",5,,,सोनवडेपार,"कुडाळ आगार",12.6,19:10,19:40,OBL,Daily,"विश्रांती 18.00-18.30",,
19945,"Sonawade Lingeshwar Mandir To Kudal St Depot","Sonawade Lingeshwar Mandir","Kudal St Depot",,MO,6235,"Kudal Rly. Stn.",8.2,,,सोनवडेपार,"कुडाळ आगार",12.6,19:10,19:40,OBL,Daily,"विश्रांती 18.00-18.30",,
19945,"Sonawade Lingeshwar Mandir To Kudal St Depot","Sonawade Lingeshwar Mandir","Kudal St Depot",,MO,6237,"Kudal St Depot",11.1,,,सोनवडेपार,"कुडाळ आगार",12.6,19:10,19:40,OBL,Daily,"विश्रांती 18.00-18.30",,
19945,"Sonawade Lingeshwar Mandir To Kudal St Depot","Sonawade Lingeshwar Mandir","Kudal St Depot",,MO,6240,"Kudal St Depot",12.6,,,सोनवडेपार,"कुडाळ आगार",12.6,19:10,19:40,OBL,Daily,"विश्रांती 18.00-18.30",,
19963,"Kudal To Vengurle Via Dabholi Waingani Titha","Kudal St Depot",Vengurle,"DABHOLI WAINGANI TITHA",MO,6237,"Kudal St Depot",,,,कुडाळ,वोंगुर्ले,25,17:40,18:40,,,,,
19963,"Kudal To Vengurle Via Dabholi Waingani Titha","Kudal St Depot",Vengurle,"DABHOLI WAINGANI TITHA",MO,6376,"Pinguli Titha",2.8,,,कुडाळ,वोंगुर्ले,25,17:40,18:40,,,,,
19963,"Kudal To Vengurle Via Dabholi Waingani Titha","Kudal St Depot",Vengurle,"DABHOLI WAINGANI TITHA",MO,6423,Sativan,6.2,,,कुडाळ,वोंगुर्ले,25,17:40,18:40,,,,,
19963,"Kudal To Vengurle Via Dabholi Waingani Titha","Kudal St Depot",Vengurle,"DABHOLI WAINGANI TITHA",MO,6459,"Vetore Sub Stage",9.4,,,कुडाळ,वोंगुर्ले,25,17:40,18:40,,,,,
19963,"Kudal To Vengurle Via Dabholi Waingani Titha","Kudal St Depot",Vengurle,"DABHOLI WAINGANI TITHA",MO,6458,"Vetore Titha",10.8,,,कुडाळ,वोंगुर्ले,25,17:40,18:40,,,,,
19963,"Kudal To Vengurle Via Dabholi Waingani Titha","Kudal St Depot",Vengurle,"DABHOLI WAINGANI TITHA",MO,9829,"Vetore Sateri Mandir",12.2,,,कुडाळ,वोंगुर्ले,25,17:40,18:40,,,,,
19963,"Kudal To Vengurle Via Dabholi Waingani Titha","Kudal St Depot",Vengurle,"DABHOLI WAINGANI TITHA",MO,9678,"Khanoli Rawalnath Mandir",15.2,,,कुडाळ,वोंगुर्ले,25,17:40,18:40,,,,,
19963,"Kudal To Vengurle Via Dabholi Waingani Titha","Kudal St Depot",Vengurle,"DABHOLI WAINGANI TITHA",MO,9620,"Bowalekar Wadi",18.4,,,कुडाळ,वोंगुर्ले,25,17:40,18:40,,,,,
19963,"Kudal To Vengurle Via Dabholi Waingani Titha","Kudal St Depot",Vengurle,"DABHOLI WAINGANI TITHA",MO,9627,"Dabholi Waingani Titha",19.9,,,कुडाळ,वोंगुर्ले,25,17:40,18:40,,,,,
19963,"Kudal To Vengurle Via Dabholi Waingani Titha","Kudal St Depot",Vengurle,"DABHOLI WAINGANI TITHA",MO,9697,"Lokhandewadi Titha",21,,,कुडाळ,वोंगुर्ले,25,17:40,18:40,,,,,
19963,"Kudal To Vengurle Via Dabholi Waingani Titha","Kudal St Depot",Vengurle,"DABHOLI WAINGANI TITHA",MO,9740,Nimusga,22.2,,,कुडाळ,वोंगुर्ले,25,17:40,18:40,,,,,
19963,"Kudal To Vengurle Via Dabholi Waingani Titha","Kudal St Depot",Vengurle,"DABHOLI WAINGANI TITHA",MO,9824,Vengurle,25,,,कुडाळ,वोंगुर्ले,25,17:40,18:40,,,,,
59714,"Kudal St Depot To Kudal Via Bamanadevi","Kudal St Depot","Kudal St Depot",BAMANADEVI,MO,6240,"Kudal St Depot",,,,"कुडाळ आगार","बामणादेवी कुडाळ",37.3,16:45,18:00,sc,SUN,,,
59714,"Kudal St Depot To Kudal Via Bamanadevi","Kudal St Depot","Kudal St Depot",BAMANADEVI,MO,6237,"Kudal St Depot",1.5,,,"कुडाळ आगार","बामणादेवी कुडाळ",37.3,16:45,18:00,sc,SUN,,,
59714,"Kudal St Depot To Kudal Via Bamanadevi","Kudal St Depot","Kudal St Depot",BAMANADEVI,MO,6107,"Ambadpal G.P.O.",3,,,"कुडाळ आगार","बामणादेवी कुडाळ",37.3,16:45,18:00,sc,SUN,,,
59714,"Kudal St Depot To Kudal Via Bamanadevi","Kudal St Depot","Kudal St Depot",BAMANADEVI,MO,6310,"Mulade Post",6,,,"कुडाळ आगार","बामणादेवी कुडाळ",37.3,16:45,18:00,sc,SUN,,,
59714,"Kudal St Depot To Kudal Via Bamanadevi","Kudal St Depot","Kudal St Depot",BAMANADEVI,MO,6313,"Mulade Mandir",6.1,,,"कुडाळ आगार","बामणादेवी कुडाळ",37.3,16:45,18:00,sc,SUN,,,
59714,"Kudal St Depot To Kudal Via Bamanadevi","Kudal St Depot","Kudal St Depot",BAMANADEVI,MO,6437,Tulsuli,7,,,"कुडाळ आगार","बामणादेवी कुडाळ",37.3,16:45,18:00,sc,SUN,,,
59714,"Kudal St Depot To Kudal Via Bamanadevi","Kudal St Depot","Kudal St Depot",BAMANADEVI,MO,6443,"Tulsuli Bhimnagar",9,,,"कुडाळ आगार","बामणादेवी कुडाळ",37.3,16:45,18:00,sc,SUN,,,
59714,"Kudal St Depot To Kudal Via Bamanadevi","Kudal St Depot","Kudal St Depot",BAMANADEVI,MO,6171,"Ghavanale Gpo",12,,,"कुडाळ आगार","बामणादेवी कुडाळ",37.3,16:45,18:00,sc,SUN,,,
59714,"Kudal St Depot To Kudal Via Bamanadevi","Kudal St Depot","Kudal St Depot",BAMANADEVI,MO,6269,Khocharewadi,15,,,"कुडाळ आगार","बामणादेवी कुडाळ",37.3,16:45,18:00,sc,SUN,,,
59714,"Kudal St Depot To Kudal Via Bamanadevi","Kudal St Depot","Kudal St Depot",BAMANADEVI,MO,6132,Bamanadevi,18,,,"कुडाळ आगार","बामणादेवी कुडाळ",37.3,16:45,18:00,sc,SUN,,,
59714,"Kudal St Depot To Kudal Via Bamanadevi","Kudal St Depot","Kudal St Depot",BAMANADEVI,MO,6295,Mhatargalu,21,,,"कुडाळ आगार","बामणादेवी कुडाळ",37.3,16:45,18:00,sc,SUN,,,
59714,"Kudal St Depot To Kudal Via Bamanadevi","Kudal St Depot","Kudal St Depot",BAMANADEVI,MO,6297,Mashachiwadi,22,,,"कुडाळ आगार","बामणादेवी कुडाळ",37.3,16:45,18:00,sc,SUN,,,
59714,"Kudal St Depot To Kudal Via Bamanadevi","Kudal St Depot","Kudal St Depot",BAMANADEVI,MO,6287,"Khutwalwadi School",24,,,"कुडाळ आगार","बामणादेवी कुडाळ",37.3,16:45,18:00,sc,SUN,,,
59714,"Kudal St Depot To Kudal Via Bamanadevi","Kudal St Depot","Kudal St Depot",BAMANADEVI,MO,6355,"Navnath Mandir",27,,,"कुडाळ आगार","बामणादेवी कुडाळ",37.3,16:45,18:00,sc,SUN,,,
59714,"Kudal St Depot To Kudal Via Bamanadevi","Kudal St Depot","Kudal St Depot",BAMANADEVI,MO,6107,"Ambadpal G.P.O.",28,,,"कुडाळ आगार","बामणादेवी कुडाळ",37.3,16:45,18:00,sc,SUN,,,
59714,"Kudal St Depot To Kudal Via Bamanadevi","Kudal St Depot","Kudal St Depot",BAMANADEVI,MO,6237,"Kudal St Depot",37.3,,,"कुडाळ आगार","बामणादेवी कुडाळ",37.3,16:45,18:00,sc,SUN,,,
65636,"Kudal To Hirlok Via Awalegaon Talav","Kudal St Depot",Hirlok,"AWALEGAON TALAV",MO,6240,"Kudal St Depot",,,,"कुडाळ आगार","हिन्देवाडी हिर्लाेक",21.5,12:10,12:55,,,,,
65636,"Kudal To Hirlok Via Awalegaon Talav","Kudal St Depot",Hirlok,"AWALEGAON TALAV",MO,6237,"Kudal St Depot",1.5,,,"कुडाळ आगार","हिन्देवाडी हिर्लाेक",21.5,12:10,12:55,,,,,
65636,"Kudal To Hirlok Via Awalegaon Talav","Kudal St Depot",Hirlok,"AWALEGAON TALAV",MO,6380,"Pawashi Panchayat",5.4,,,"कुडाळ आगार","हिन्देवाडी हिर्लाेक",21.5,12:10,12:55,,,,,
65636,"Kudal To Hirlok Via Awalegaon Talav","Kudal St Depot",Hirlok,"AWALEGAON TALAV",MO,88100,Vetalbambarde,7,,,"कुडाळ आगार","हिन्देवाडी हिर्लाेक",21.5,12:10,12:55,,,,,
65636,"Kudal To Hirlok Via Awalegaon Talav","Kudal St Depot",Hirlok,"AWALEGAON TALAV",MO,6365,Pandur,9,,,"कुडाळ आगार","हिन्देवाडी हिर्लाेक",21.5,12:10,12:55,,,,,
65636,"Kudal To Hirlok Via Awalegaon Talav","Kudal St Depot",Hirlok,"AWALEGAON TALAV",MO,6105,"Awalegaon Talav",10.7,,,"कुडाळ आगार","हिन्देवाडी हिर्लाेक",21.5,12:10,12:55,,,,,
65636,"Kudal To Hirlok Via Awalegaon Talav","Kudal St Depot",Hirlok,"AWALEGAON TALAV",MO,6150,"Chorgewadi Fata",13.2,,,"कुडाळ आगार","हिन्देवाडी हिर्लाेक",21.5,12:10,12:55,,,,,
65636,"Kudal To Hirlok Via Awalegaon Talav","Kudal St Depot",Hirlok,"AWALEGAON TALAV",MO,6383,"Patadewadi Vinanti",14,,,"कुडाळ आगार","हिन्देवाडी हिर्लाेक",21.5,12:10,12:55,,,,,
65636,"Kudal To Hirlok Via Awalegaon Talav","Kudal St Depot",Hirlok,"AWALEGAON TALAV",MO,6315,"Mile Stone",14.7,,,"कुडाळ आगार","हिन्देवाडी हिर्लाेक",21.5,12:10,12:55,,,,,
65636,"Kudal To Hirlok Via Awalegaon Talav","Kudal St Depot",Hirlok,"AWALEGAON TALAV",MO,6220,Jadhavwadi,14.8,,,"कुडाळ आगार","हिन्देवाडी हिर्लाेक",21.5,12:10,12:55,,,,,
65636,"Kudal To Hirlok Via Awalegaon Talav","Kudal St Depot",Hirlok,"AWALEGAON TALAV",MO,6201,"Hindewadi School",15.4,,,"कुडाळ आगार","हिन्देवाडी हिर्लाेक",21.5,12:10,12:55,,,,,
65636,"Kudal To Hirlok Via Awalegaon Talav","Kudal St Depot",Hirlok,"AWALEGAON TALAV",MO,6208,Hindewadi,16,,,"कुडाळ आगार","हिन्देवाडी हिर्लाेक",21.5,12:10,12:55,,,,,
65636,"Kudal To Hirlok Via Awalegaon Talav","Kudal St Depot",Hirlok,"AWALEGAON TALAV",MO,6209,"Hindewadi Fata",19,,,"कुडाळ आगार","हिन्देवाडी हिर्लाेक",21.5,12:10,12:55,,,,,
65636,"Kudal To Hirlok Via Awalegaon Talav","Kudal St Depot",Hirlok,"AWALEGAON TALAV",MO,6213,Hirlok,21.5,,,"कुडाळ आगार","हिन्देवाडी हिर्लाेक",21.5,12:10,12:55,,,,,
107826,"Sonawade Lingeshwar Mandir To Kudal","Sonawade Lingeshwar Mandir","Kudal St Depot",,MO,6416,"Sonawade Lingeshwar Mandir",,,,सोनवडेपार,कुडाळ,11.1,15:55,16:20,obl,daily,,,
107826,"Sonawade Lingeshwar Mandir To Kudal","Sonawade Lingeshwar Mandir","Kudal St Depot",,MO,6402,"Sonawade Math",2.8,,,सोनवडेपार,कुडाळ,11.1,15:55,16:20,obl,daily,,,
107826,"Sonawade Lingeshwar Mandir To Kudal","Sonawade Lingeshwar Mandir","Kudal St Depot",,MO,6399,"Sonawade School",3.5,,,सोनवडेपार,कुडाळ,11.1,15:55,16:20,obl,daily,,,
107826,"Sonawade Lingeshwar Mandir To Kudal","Sonawade Lingeshwar Mandir","Kudal St Depot",,MO,6164,"Durgawad Fata",5,,,सोनवडेपार,कुडाळ,11.1,15:55,16:20,obl,daily,,,
107826,"Sonawade Lingeshwar Mandir To Kudal","Sonawade Lingeshwar Mandir","Kudal St Depot",,MO,6235,"Kudal Rly. Stn.",8.2,,,सोनवडेपार,कुडाळ,11.1,15:55,16:20,obl,daily,,,
107826,"Sonawade Lingeshwar Mandir To Kudal","Sonawade Lingeshwar Mandir","Kudal St Depot",,MO,6237,"Kudal St Depot",11.1,,,सोनवडेपार,कुडाळ,11.1,15:55,16:20,obl,daily,,,
125480,"Kudal To Rangana Tulsuli Via Kadamwadi School","Kudal St Depot","Rangana Tulsuli","KADAMWADI SCHOOL",MO,6237,"Kudal St Depot",,,,कुडाळ,रांगणातुळसुली,17.8,07:30,08:10,,,,,
125480,"Kudal To Rangana Tulsuli Via Kadamwadi School","Kudal St Depot","Rangana Tulsuli","KADAMWADI SCHOOL",MO,6380,"Pawashi Panchayat",2.5,,,कुडाळ,रांगणातुळसुली,17.8,07:30,08:10,,,,,
125480,"Kudal To Rangana Tulsuli Via Kadamwadi School","Kudal St Depot","Rangana Tulsuli","KADAMWADI SCHOOL",MO,88100,Vetalbambarde,6,,,कुडाळ,रांगणातुळसुली,17.8,07:30,08:10,,,,,
125480,"Kudal To Rangana Tulsuli Via Kadamwadi School","Kudal St Depot","Rangana Tulsuli","KADAMWADI SCHOOL",MO,6109,"Ainmala Fata",8.5,,,कुडाळ,रांगणातुळसुली,17.8,07:30,08:10,,,,,
125480,"Kudal To Rangana Tulsuli Via Kadamwadi School","Kudal St Depot","Rangana Tulsuli","KADAMWADI SCHOOL",MO,6325,"Maruti Mandir",9,,,कुडाळ,रांगणातुळसुली,17.8,07:30,08:10,,,,,
125480,"Kudal To Rangana Tulsuli Via Kadamwadi School","Kudal St Depot","Rangana Tulsuli","KADAMWADI SCHOOL",MO,6141,Bhogalewadi,10.5,,,कुडाळ,रांगणातुळसुली,17.8,07:30,08:10,,,,,
125480,"Kudal To Rangana Tulsuli Via Kadamwadi School","Kudal St Depot","Rangana Tulsuli","KADAMWADI SCHOOL",MO,6255,"Kadamwadi School",11,,,कुडाळ,रांगणातुळसुली,17.8,07:30,08:10,,,,,
125480,"Kudal To Rangana Tulsuli Via Kadamwadi School","Kudal St Depot","Rangana Tulsuli","KADAMWADI SCHOOL",MO,6379,Parabwadi,12,,,कुडाळ,रांगणातुळसुली,17.8,07:30,08:10,,,,,
125480,"Kudal To Rangana Tulsuli Via Kadamwadi School","Kudal St Depot","Rangana Tulsuli","KADAMWADI SCHOOL",MO,6214,Hateri,13.5,,,कुडाळ,रांगणातुळसुली,17.8,07:30,08:10,,,,,
125480,"Kudal To Rangana Tulsuli Via Kadamwadi School","Kudal St Depot","Rangana Tulsuli","KADAMWADI SCHOOL",MO,6394,"Rangana Tulsuli Fata",16,,,कुडाळ,रांगणातुळसुली,17.8,07:30,08:10,,,,,
125480,"Kudal To Rangana Tulsuli Via Kadamwadi School","Kudal St Depot","Rangana Tulsuli","KADAMWADI SCHOOL",MO,6168,Dewoolwadi,18.5,,,कुडाळ,रांगणातुळसुली,17.8,07:30,08:10,,,,,
125480,"Kudal To Rangana Tulsuli Via Kadamwadi School","Kudal St Depot","Rangana Tulsuli","KADAMWADI SCHOOL",MO,6389,"Rangana Tulsuli",20.6,,,कुडाळ,रांगणातुळसुली,17.8,07:30,08:10,,,,,
125526,"Kudal St Depot To Kelus Taradevi Mandir Via Tendoli Ravalnath Mandir","Kudal St Depot","Kelus Taradevi Mandir","TENDOLI RAVALNATH MANDIR",MO,6240,"Kudal St Depot",,,,"कुडाळ आगार","केळुस तारादेवी",20.2,06:30,07:10,,,,,
125526,"Kudal St Depot To Kelus Taradevi Mandir Via Tendoli Ravalnath Mandir","Kudal St Depot","Kelus Taradevi Mandir","TENDOLI RAVALNATH MANDIR",MO,6237,"Kudal St Depot",1.5,,,"कुडाळ आगार","केळुस तारादेवी",20.2,06:30,07:10,,,,,
125526,"Kudal St Depot To Kelus Taradevi Mandir Via Tendoli Ravalnath Mandir","Kudal St Depot","Kelus Taradevi Mandir","TENDOLI RAVALNATH MANDIR",MO,6376,"Pinguli Titha",4.3,,,"कुडाळ आगार","केळुस तारादेवी",20.2,06:30,07:10,,,,,
125526,"Kudal St Depot To Kelus Taradevi Mandir Via Tendoli Ravalnath Mandir","Kudal St Depot","Kelus Taradevi Mandir","TENDOLI RAVALNATH MANDIR",MO,6251,"Karmal Galu",7.6,,,"कुडाळ आगार","केळुस तारादेवी",20.2,06:30,07:10,,,,,
125526,"Kudal St Depot To Kelus Taradevi Mandir Via Tendoli Ravalnath Mandir","Kudal St Depot","Kelus Taradevi Mandir","TENDOLI RAVALNATH MANDIR",MO,6304,"Madyachiwadi Chinch",10.9,,,"कुडाळ आगार","केळुस तारादेवी",20.2,06:30,07:10,,,,,
125526,"Kudal St Depot To Kelus Taradevi Mandir Via Tendoli Ravalnath Mandir","Kudal St Depot","Kelus Taradevi Mandir","TENDOLI RAVALNATH MANDIR",MO,6258,Kumnos,14,,,"कुडाळ आगार","केळुस तारादेवी",20.2,06:30,07:10,,,,,
125526,"Kudal St Depot To Kelus Taradevi Mandir Via Tendoli Ravalnath Mandir","Kudal St Depot","Kelus Taradevi Mandir","TENDOLI RAVALNATH MANDIR",MO,6430,"Tendoli Ravalnath Mandir",14.5,,,"कुडाळ आगार","केळुस तारादेवी",20.2,06:30,07:10,,,,,
125526,"Kudal St Depot To Kelus Taradevi Mandir Via Tendoli Ravalnath Mandir","Kudal St Depot","Kelus Taradevi Mandir","TENDOLI RAVALNATH MANDIR",MO,9830,Visapur,16.4,,,"कुडाळ आगार","केळुस तारादेवी",20.2,06:30,07:10,,,,,
125526,"Kudal St Depot To Kelus Taradevi Mandir Via Tendoli Ravalnath Mandir","Kudal St Depot","Kelus Taradevi Mandir","TENDOLI RAVALNATH MANDIR",MO,9594,"Andurle Pimpal",18.1,,,"कुडाळ आगार","केळुस तारादेवी",20.2,06:30,07:10,,,,,
125526,"Kudal St Depot To Kelus Taradevi Mandir Via Tendoli Ravalnath Mandir","Kudal St Depot","Kelus Taradevi Mandir","TENDOLI RAVALNATH MANDIR",MO,9673,"Kelus Taradevi Mandir",20.2,,,"कुडाळ आगार","केळुस तारादेवी",20.2,06:30,07:10,,,,,
125732,"Kasal To Katta Via Khotale School",Kasal,Katta,"KHOTALE SCHOOL",MO,6281,Kasal,,,,कसाल,कटृटा,21.2,06:40,07:30,,,,,
125732,"Kasal To Katta Via Khotale School",Kasal,Katta,"KHOTALE SCHOOL",MO,6843,"Hedul Loharwadi",3.2,,,कसाल,कटृटा,21.2,06:40,07:30,,,,,
125732,"Kasal To Katta Via Khotale School",Kasal,Katta,"KHOTALE SCHOOL",MO,6844,"Hedul Vinanti",5.8,,,कसाल,कटृटा,21.2,06:40,07:30,,,,,
125732,"Kasal To Katta Via Khotale School",Kasal,Katta,"KHOTALE SCHOOL",MO,6883,"Khotale School",7.2,,,कसाल,कटृटा,21.2,06:40,07:30,,,,,
125732,"Kasal To Katta Via Khotale School",Kasal,Katta,"KHOTALE SCHOOL",MO,7029,"Waingawade Amba",8.8,,,कसाल,कटृटा,21.2,06:40,07:30,,,,,
125732,"Kasal To Katta Via Khotale School",Kasal,Katta,"KHOTALE SCHOOL",MO,7033,"Waingawade Teli Dukan",12.6,,,कसाल,कटृटा,21.2,06:40,07:30,,,,,
125732,"Kasal To Katta Via Khotale School",Kasal,Katta,"KHOTALE SCHOOL",MO,6814,"Dikwal Fata",14.5,,,कसाल,कटृटा,21.2,06:40,07:30,,,,,
125732,"Kasal To Katta Via Khotale School",Kasal,Katta,"KHOTALE SCHOOL",MO,6895,Kumame,17.3,,,कसाल,कटृटा,21.2,06:40,07:30,,,,,
125732,"Kasal To Katta Via Khotale School",Kasal,Katta,"KHOTALE SCHOOL",MO,6870,Katta,21.2,,,कसाल,कटृटा,21.2,06:40,07:30,,,,,
125901,"Kudal St Depot  To Sonawade Lingeshwar Mandir Via Awalegaon Patkar Temb","Kudal St Depot","Sonawade Lingeshwar Mandir","AWALEGAON PATKAR TEMB",MO,6240,"Kudal St Depot",,,,"कुडाळ आगार","घोडगे (सोनवडे )",43.3,06:20,07:50,SC,Daily,,,
125901,"Kudal St Depot  To Sonawade Lingeshwar Mandir Via Awalegaon Patkar Temb","Kudal St Depot","Sonawade Lingeshwar Mandir","AWALEGAON PATKAR TEMB",MO,6237,"Kudal St Depot",1.5,,,"कुडाळ आगार","घोडगे (सोनवडे )",43.3,06:20,07:50,SC,Daily,,,
125901,"Kudal St Depot  To Sonawade Lingeshwar Mandir Via Awalegaon Patkar Temb","Kudal St Depot","Sonawade Lingeshwar Mandir","AWALEGAON PATKAR TEMB",MO,6380,"Pawashi Panchayat",5.4,,,"कुडाळ आगार","घोडगे (सोनवडे )",43.3,06:20,07:50,SC,Daily,,,
125901,"Kudal St Depot  To Sonawade Lingeshwar Mandir Via Awalegaon Patkar Temb","Kudal St Depot","Sonawade Lingeshwar Mandir","AWALEGAON PATKAR TEMB",MO,88100,Vetalbambarde,7.5,,,"कुडाळ आगार","घोडगे (सोनवडे )",43.3,06:20,07:50,SC,Daily,,,
125901,"Kudal St Depot  To Sonawade Lingeshwar Mandir Via Awalegaon Patkar Temb","Kudal St Depot","Sonawade Lingeshwar Mandir","AWALEGAON PATKAR TEMB",MO,6365,Pandur,10.5,,,"कुडाळ आगार","घोडगे (सोनवडे )",43.3,06:20,07:50,SC,Daily,,,
125901,"Kudal St Depot  To Sonawade Lingeshwar Mandir Via Awalegaon Patkar Temb","Kudal St Depot","Sonawade Lingeshwar Mandir","AWALEGAON PATKAR TEMB",MO,6373,"Pandur Phc",11.1,,,"कुडाळ आगार","घोडगे (सोनवडे )",43.3,06:20,07:50,SC,Daily,,,
125901,"Kudal St Depot  To Sonawade Lingeshwar Mandir Via Awalegaon Patkar Temb","Kudal St Depot","Sonawade Lingeshwar Mandir","AWALEGAON PATKAR TEMB",MO,6227,"Khadichegalu Pulaskar",13.4,,,"कुडाळ आगार","घोडगे (सोनवडे )",43.3,06:20,07:50,SC,Daily,,,
125901,"Kudal St Depot  To Sonawade Lingeshwar Mandir Via Awalegaon Patkar Temb","Kudal St Depot","Sonawade Lingeshwar Mandir","AWALEGAON PATKAR TEMB",MO,6157,"Digas Kalika Mandir",14.9,,,"कुडाळ आगार","घोडगे (सोनवडे )",43.3,06:20,07:50,SC,Daily,,,
125901,"Kudal St Depot  To Sonawade Lingeshwar Mandir Via Awalegaon Patkar Temb","Kudal St Depot","Sonawade Lingeshwar Mandir","AWALEGAON PATKAR TEMB",MO,6115,"Awalegaon Patkar Temb",16.2,,,"कुडाळ आगार","घोडगे (सोनवडे )",43.3,06:20,07:50,SC,Daily,,,
125901,"Kudal St Depot  To Sonawade Lingeshwar Mandir Via Awalegaon Patkar Temb","Kudal St Depot","Sonawade Lingeshwar Mandir","AWALEGAON PATKAR TEMB",MO,6167,"Datta Mandir",17.2,,,"कुडाळ आगार","घोडगे (सोनवडे )",43.3,06:20,07:50,SC,Daily,,,
125901,"Kudal St Depot  To Sonawade Lingeshwar Mandir Via Awalegaon Patkar Temb","Kudal St Depot","Sonawade Lingeshwar Mandir","AWALEGAON PATKAR TEMB",MO,6088,"Awalegaon Chinch",18.1,,,"कुडाळ आगार","घोडगे (सोनवडे )",43.3,06:20,07:50,SC,Daily,,,
125901,"Kudal St Depot  To Sonawade Lingeshwar Mandir Via Awalegaon Patkar Temb","Kudal St Depot","Sonawade Lingeshwar Mandir","AWALEGAON PATKAR TEMB",MO,6087,"Awalegaon Dispensary",18.7,,,"कुडाळ आगार","घोडगे (सोनवडे )",43.3,06:20,07:50,SC,Daily,,,
125901,"Kudal St Depot  To Sonawade Lingeshwar Mandir Via Awalegaon Patkar Temb","Kudal St Depot","Sonawade Lingeshwar Mandir","AWALEGAON PATKAR TEMB",MO,6244,Kadawal,20.1,,,"कुडाळ आगार","घोडगे (सोनवडे )",43.3,06:20,07:50,SC,Daily,,,
125901,"Kudal St Depot  To Sonawade Lingeshwar Mandir Via Awalegaon Patkar Temb","Kudal St Depot","Sonawade Lingeshwar Mandir","AWALEGAON PATKAR TEMB",MO,6243,"Kadawal Post",20.5,,,"कुडाळ आगार","घोडगे (सोनवडे )",43.3,06:20,07:50,SC,Daily,,,
125901,"Kudal St Depot  To Sonawade Lingeshwar Mandir Via Awalegaon Patkar Temb","Kudal St Depot","Sonawade Lingeshwar Mandir","AWALEGAON PATKAR TEMB",MO,6375,"Pangrad Fata",21.7,,,"कुडाळ आगार","घोडगे (सोनवडे )",43.3,06:20,07:50,SC,Daily,,,
125901,"Kudal St Depot  To Sonawade Lingeshwar Mandir Via Awalegaon Patkar Temb","Kudal St Depot","Sonawade Lingeshwar Mandir","AWALEGAON PATKAR TEMB",MO,6128,"Bhadgaon Phanas",23.9,,,"कुडाळ आगार","घोडगे (सोनवडे )",43.3,06:20,07:50,SC,Daily,,,
125901,"Kudal St Depot  To Sonawade Lingeshwar Mandir Via Awalegaon Patkar Temb","Kudal St Depot","Sonawade Lingeshwar Mandir","AWALEGAON PATKAR TEMB",MO,6121,"Bhadgaon Fatkurewadi",25.4,,,"कुडाळ आगार","घोडगे (सोनवडे )",43.3,06:20,07:50,SC,Daily,,,
125901,"Kudal St Depot  To Sonawade Lingeshwar Mandir Via Awalegaon Patkar Temb","Kudal St Depot","Sonawade Lingeshwar Mandir","AWALEGAON PATKAR TEMB",MO,6130,"Bhadgaon School",26.6,,,"कुडाळ आगार","घोडगे (सोनवडे )",43.3,06:20,07:50,SC,Daily,,,
125901,"Kudal St Depot  To Sonawade Lingeshwar Mandir Via Awalegaon Patkar Temb","Kudal St Depot","Sonawade Lingeshwar Mandir","AWALEGAON PATKAR TEMB",MO,6119,"Bhadgaon Matha",28.3,,,"कुडाळ आगार","घोडगे (सोनवडे )",43.3,06:20,07:50,SC,Daily,,,
125901,"Kudal St Depot  To Sonawade Lingeshwar Mandir Via Awalegaon Patkar Temb","Kudal St Depot","Sonawade Lingeshwar Mandir","AWALEGAON PATKAR TEMB",MO,6324,"Murkar Dukan Humarne Thita",29.9,,,"कुडाळ आगार","घोडगे (सोनवडे )",43.3,06:20,07:50,SC,Daily,,,
125901,"Kudal St Depot  To Sonawade Lingeshwar Mandir Via Awalegaon Patkar Temb","Kudal St Depot","Sonawade Lingeshwar Mandir","AWALEGAON PATKAR TEMB",MO,6211,"Hardi Titha",31.3,,,"कुडाळ आगार","घोडगे (सोनवडे )",43.3,06:20,07:50,SC,Daily,,,
125901,"Kudal St Depot  To Sonawade Lingeshwar Mandir Via Awalegaon Patkar Temb","Kudal St Depot","Sonawade Lingeshwar Mandir","AWALEGAON PATKAR TEMB",MO,6262,"Kanedi Phc Phonda Titha",34.3,,,"कुडाळ आगार","घोडगे (सोनवडे )",43.3,06:20,07:50,SC,Daily,,,
125901,"Kudal St Depot  To Sonawade Lingeshwar Mandir Via Awalegaon Patkar Temb","Kudal St Depot","Sonawade Lingeshwar Mandir","AWALEGAON PATKAR TEMB",MO,6234,"Kupawade Vinanti",35.1,,,"कुडाळ आगार","घोडगे (सोनवडे )",43.3,06:20,07:50,SC,Daily,,,
125901,"Kudal St Depot  To Sonawade Lingeshwar Mandir Via Awalegaon Patkar Temb","Kudal St Depot","Sonawade Lingeshwar Mandir","AWALEGAON PATKAR TEMB",MO,6217,"Jambhavade Pimpal Par",35.6,,,"कुडाळ आगार","घोडगे (सोनवडे )",43.3,06:20,07:50,SC,Daily,,,
125901,"Kudal St Depot  To Sonawade Lingeshwar Mandir Via Awalegaon Patkar Temb","Kudal St Depot","Sonawade Lingeshwar Mandir","AWALEGAON PATKAR TEMB",MO,6225,"Jambhavade Bhagwati Mandir",36.9,,,"कुडाळ आगार","घोडगे (सोनवडे )",43.3,06:20,07:50,SC,Daily,,,
125901,"Kudal St Depot  To Sonawade Lingeshwar Mandir Via Awalegaon Patkar Temb","Kudal St Depot","Sonawade Lingeshwar Mandir","AWALEGAON PATKAR TEMB",MO,6218,"Jambhavade River",37.4,,,"कुडाळ आगार","घोडगे (सोनवडे )",43.3,06:20,07:50,SC,Daily,,,
125901,"Kudal St Depot  To Sonawade Lingeshwar Mandir Via Awalegaon Patkar Temb","Kudal St Depot","Sonawade Lingeshwar Mandir","AWALEGAON PATKAR TEMB",MO,6223,"Jambhavade Shetye Wadi",38.3,,,"कुडाळ आगार","घोडगे (सोनवडे )",43.3,06:20,07:50,SC,Daily,,,
125901,"Kudal St Depot  To Sonawade Lingeshwar Mandir Via Awalegaon Patkar Temb","Kudal St Depot","Sonawade Lingeshwar Mandir","AWALEGAON PATKAR TEMB",MO,6179,Ghotage,40,,,"कुडाळ आगार","घोडगे (सोनवडे )",43.3,06:20,07:50,SC,Daily,,,
125901,"Kudal St Depot  To Sonawade Lingeshwar Mandir Via Awalegaon Patkar Temb","Kudal St Depot","Sonawade Lingeshwar Mandir","AWALEGAON PATKAR TEMB",MO,6416,"Sonawade Lingeshwar Mandir",43.3,,,"कुडाळ आगार","घोडगे (सोनवडे )",43.3,06:20,07:50,SC,Daily,,,
125932,"Narur Mahalaxmi Mandir To Kudal","Narur Mahalaxmi Mandir","Kudal St Depot",,MO,6346,"Narur Mahalaxmi Mandir",,,,नारर,"कुडाळ रेल्वेस्टे",25,09:10,10:15,,,,,
125932,"Narur Mahalaxmi Mandir To Kudal","Narur Mahalaxmi Mandir","Kudal St Depot",,MO,6316,"Malawewadi Godown",2.1,,,नारर,"कुडाळ रेल्वेस्टे",25,09:10,10:15,,,,,
125932,"Narur Mahalaxmi Mandir To Kudal","Narur Mahalaxmi Mandir","Kudal St Depot",,MO,6213,Hirlok,6.3,,,नारर,"कुडाळ रेल्वेस्टे",25,09:10,10:15,,,,,
125932,"Narur Mahalaxmi Mandir To Kudal","Narur Mahalaxmi Mandir","Kudal St Depot",,MO,6214,Hateri,8,,,नारर,"कुडाळ रेल्वेस्टे",25,09:10,10:15,,,,,
125932,"Narur Mahalaxmi Mandir To Kudal","Narur Mahalaxmi Mandir","Kudal St Depot",,MO,6394,"Rangana Tulsuli Fata",9,,,नारर,"कुडाळ रेल्वेस्टे",25,09:10,10:15,,,,,
125932,"Narur Mahalaxmi Mandir To Kudal","Narur Mahalaxmi Mandir","Kudal St Depot",,MO,6379,Parabwadi,11.9,,,नारर,"कुडाळ रेल्वेस्टे",25,09:10,10:15,,,,,
125932,"Narur Mahalaxmi Mandir To Kudal","Narur Mahalaxmi Mandir","Kudal St Depot",,MO,6255,"Kadamwadi School",12.9,,,नारर,"कुडाळ रेल्वेस्टे",25,09:10,10:15,,,,,
125932,"Narur Mahalaxmi Mandir To Kudal","Narur Mahalaxmi Mandir","Kudal St Depot",,MO,6141,Bhogalewadi,13,,,नारर,"कुडाळ रेल्वेस्टे",25,09:10,10:15,,,,,
125932,"Narur Mahalaxmi Mandir To Kudal","Narur Mahalaxmi Mandir","Kudal St Depot",,MO,6325,"Maruti Mandir",14.2,,,नारर,"कुडाळ रेल्वेस्टे",25,09:10,10:15,,,,,
125932,"Narur Mahalaxmi Mandir To Kudal","Narur Mahalaxmi Mandir","Kudal St Depot",,MO,6109,"Ainmala Fata",15.6,,,नारर,"कुडाळ रेल्वेस्टे",25,09:10,10:15,,,,,
125932,"Narur Mahalaxmi Mandir To Kudal","Narur Mahalaxmi Mandir","Kudal St Depot",,MO,88100,Vetalbambarde,16.1,,,नारर,"कुडाळ रेल्वेस्टे",25,09:10,10:15,,,,,
125932,"Narur Mahalaxmi Mandir To Kudal","Narur Mahalaxmi Mandir","Kudal St Depot",,MO,6380,"Pawashi Panchayat",19,,,नारर,"कुडाळ रेल्वेस्टे",25,09:10,10:15,,,,,
125932,"Narur Mahalaxmi Mandir To Kudal","Narur Mahalaxmi Mandir","Kudal St Depot",,MO,6237,"Kudal St Depot",23.3,,,नारर,"कुडाळ रेल्वेस्टे",25,09:10,10:15,,,,,
125932,"Narur Mahalaxmi Mandir To Kudal","Narur Mahalaxmi Mandir","Kudal St Depot",,MO,6235,"Kudal Rly. Stn.",25,,,नारर,"कुडाळ रेल्वेस्टे",25,09:10,10:15,,,,,
125956,"Amberi To Kudal Via Ghavanale Namas Wadi Giran",Amberi,"Kudal St Depot","GHAVANALE NAMAS WADI GIRAN",MO,6092,Amberi,,,,घावनळे,कुडाळ,17.8,18:10,18:50,18.3,,,,
125956,"Amberi To Kudal Via Ghavanale Namas Wadi Giran",Amberi,"Kudal St Depot","GHAVANALE NAMAS WADI GIRAN",MO,6468,Waingankarwadi,1.8,,,घावनळे,कुडाळ,17.8,18:10,18:50,18.3,,,,
125956,"Amberi To Kudal Via Ghavanale Namas Wadi Giran",Amberi,"Kudal St Depot","GHAVANALE NAMAS WADI GIRAN",MO,6134,Bhimnagar,4.7,,,घावनळे,कुडाळ,17.8,18:10,18:50,18.3,,,,
125956,"Amberi To Kudal Via Ghavanale Namas Wadi Giran",Amberi,"Kudal St Depot","GHAVANALE NAMAS WADI GIRAN",MO,6176,"Ghavanale Gaothan Wadi",5.6,,,घावनळे,कुडाळ,17.8,18:10,18:50,18.3,,,,
125956,"Amberi To Kudal Via Ghavanale Namas Wadi Giran",Amberi,"Kudal St Depot","GHAVANALE NAMAS WADI GIRAN",MO,6180,"Ghavanale Namas Wadi Giran",6.5,,,घावनळे,कुडाळ,17.8,18:10,18:50,18.3,,,,
125956,"Amberi To Kudal Via Ghavanale Namas Wadi Giran",Amberi,"Kudal St Depot","GHAVANALE NAMAS WADI GIRAN",MO,6171,"Ghavanale Gpo",7.3,,,घावनळे,कुडाळ,17.8,18:10,18:50,18.3,,,,
125956,"Amberi To Kudal Via Ghavanale Namas Wadi Giran",Amberi,"Kudal St Depot","GHAVANALE NAMAS WADI GIRAN",MO,6278,"Kerawade Fata",9.7,,,घावनळे,कुडाळ,17.8,18:10,18:50,18.3,,,,
125956,"Amberi To Kudal Via Ghavanale Namas Wadi Giran",Amberi,"Kudal St Depot","GHAVANALE NAMAS WADI GIRAN",MO,6443,"Tulsuli Bhimnagar",10.6,,,घावनळे,कुडाळ,17.8,18:10,18:50,18.3,,,,
125956,"Amberi To Kudal Via Ghavanale Namas Wadi Giran",Amberi,"Kudal St Depot","GHAVANALE NAMAS WADI GIRAN",MO,6444,"Tulsuli High School",10.9,,,घावनळे,कुडाळ,17.8,18:10,18:50,18.3,,,,
125956,"Amberi To Kudal Via Ghavanale Namas Wadi Giran",Amberi,"Kudal St Depot","GHAVANALE NAMAS WADI GIRAN",MO,6438,"Tulsuli Mandkuli Fata",12.4,,,घावनळे,कुडाळ,17.8,18:10,18:50,18.3,,,,
125956,"Amberi To Kudal Via Ghavanale Namas Wadi Giran",Amberi,"Kudal St Depot","GHAVANALE NAMAS WADI GIRAN",MO,6313,"Mulade Mandir",13.2,,,घावनळे,कुडाळ,17.8,18:10,18:50,18.3,,,,
125956,"Amberi To Kudal Via Ghavanale Namas Wadi Giran",Amberi,"Kudal St Depot","GHAVANALE NAMAS WADI GIRAN",MO,6296,"Mulade Gpo",13.8,,,घावनळे,कुडाळ,17.8,18:10,18:50,18.3,,,,
125956,"Amberi To Kudal Via Ghavanale Namas Wadi Giran",Amberi,"Kudal St Depot","GHAVANALE NAMAS WADI GIRAN",MO,6107,"Ambadpal G.P.O.",15.4,,,घावनळे,कुडाळ,17.8,18:10,18:50,18.3,,,,
125956,"Amberi To Kudal Via Ghavanale Namas Wadi Giran",Amberi,"Kudal St Depot","GHAVANALE NAMAS WADI GIRAN",MO,6237,"Kudal St Depot",17.8,,,घावनळे,कुडाळ,17.8,18:10,18:50,18.3,,,,
126074,"Kochara Shriramwadi To Kudal St Depot Via Mhapan","Kochara Shriramwadi","Kudal St Depot",MHAPAN,MO,9691,"Kochara Shriramwadi",,,,कोचरा,"कुडाळ आगार",25,12:35,13:30,,,"विश्रांती 11.05-11.30",,
126074,"Kochara Shriramwadi To Kudal St Depot Via Mhapan","Kochara Shriramwadi","Kudal St Depot",MHAPAN,MO,9786,"Shelpi Fata",2.2,,,कोचरा,"कुडाळ आगार",25,12:35,13:30,,,"विश्रांती 11.05-11.30",,
126074,"Kochara Shriramwadi To Kudal St Depot Via Mhapan","Kochara Shriramwadi","Kudal St Depot",MHAPAN,MO,9616,"Bhavai Mandir",3.2,,,कोचरा,"कुडाळ आगार",25,12:35,13:30,,,"विश्रांती 11.05-11.30",,
126074,"Kochara Shriramwadi To Kudal St Depot Via Mhapan","Kochara Shriramwadi","Kudal St Depot",MHAPAN,MO,9689,"Kochara Chavata",3.9,,,कोचरा,"कुडाळ आगार",25,12:35,13:30,,,"विश्रांती 11.05-11.30",,
126074,"Kochara Shriramwadi To Kudal St Depot Via Mhapan","Kochara Shriramwadi","Kudal St Depot",MHAPAN,MO,9716,"Mhapan Chapha",5.4,,,कोचरा,"कुडाळ आगार",25,12:35,13:30,,,"विश्रांती 11.05-11.30",,
126074,"Kochara Shriramwadi To Kudal St Depot Via Mhapan","Kochara Shriramwadi","Kudal St Depot",MHAPAN,MO,9714,Mhapan,7.5,,,कोचरा,"कुडाळ आगार",25,12:35,13:30,,,"विश्रांती 11.05-11.30",,
126074,"Kochara Shriramwadi To Kudal St Depot Via Mhapan","Kochara Shriramwadi","Kudal St Depot",MHAPAN,MO,6384,"Pat Titha",7.6,,,कोचरा,"कुडाळ आगार",25,12:35,13:30,,,"विश्रांती 11.05-11.30",,
126074,"Kochara Shriramwadi To Kudal St Depot Via Mhapan","Kochara Shriramwadi","Kudal St Depot",MHAPAN,MO,6377,"Pendurkar Dukan",9.4,,,कोचरा,"कुडाळ आगार",25,12:35,13:30,,,"विश्रांती 11.05-11.30",,
126074,"Kochara Shriramwadi To Kudal St Depot Via Mhapan","Kochara Shriramwadi","Kudal St Depot",MHAPAN,MO,6094,"Andurle Khind",10.6,,,कोचरा,"कुडाळ आगार",25,12:35,13:30,,,"विश्रांती 11.05-11.30",,
126074,"Kochara Shriramwadi To Kudal St Depot Via Mhapan","Kochara Shriramwadi","Kudal St Depot",MHAPAN,MO,6215,Humarmala,11.3,,,कोचरा,"कुडाळ आगार",25,12:35,13:30,,,"विश्रांती 11.05-11.30",,
126074,"Kochara Shriramwadi To Kudal St Depot Via Mhapan","Kochara Shriramwadi","Kudal St Depot",MHAPAN,MO,6305,"Madyachiwadi Phanas",13.9,,,कोचरा,"कुडाळ आगार",25,12:35,13:30,,,"विश्रांती 11.05-11.30",,
126074,"Kochara Shriramwadi To Kudal St Depot Via Mhapan","Kochara Shriramwadi","Kudal St Depot",MHAPAN,MO,6298,Madyachiwadi,15.3,,,कोचरा,"कुडाळ आगार",25,12:35,13:30,,,"विश्रांती 11.05-11.30",,
126074,"Kochara Shriramwadi To Kudal St Depot Via Mhapan","Kochara Shriramwadi","Kudal St Depot",MHAPAN,MO,6251,"Karmal Galu",17.4,,,कोचरा,"कुडाळ आगार",25,12:35,13:30,,,"विश्रांती 11.05-11.30",,
126074,"Kochara Shriramwadi To Kudal St Depot Via Mhapan","Kochara Shriramwadi","Kudal St Depot",MHAPAN,MO,6376,"Pinguli Titha",20.7,,,कोचरा,"कुडाळ आगार",25,12:35,13:30,,,"विश्रांती 11.05-11.30",,
126074,"Kochara Shriramwadi To Kudal St Depot Via Mhapan","Kochara Shriramwadi","Kudal St Depot",MHAPAN,MO,6237,"Kudal St Depot",23.5,,,कोचरा,"कुडाळ आगार",25,12:35,13:30,,,"विश्रांती 11.05-11.30",,
126074,"Kochara Shriramwadi To Kudal St Depot Via Mhapan","Kochara Shriramwadi","Kudal St Depot",MHAPAN,MO,6240,"Kudal St Depot",25,,,कोचरा,"कुडाळ आगार",25,12:35,13:30,,,"विश्रांती 11.05-11.30",,
126078,"Talgaon To Kudal St Depot Via Sukalwad",Talgaon,"Kudal St Depot",SUKALWAD,MO,7002,Talgaon,,,,तळगाव,कुडाळ,35.5,06:00,07:20,sc,"sat & SUN",,,
126078,"Talgaon To Kudal St Depot Via Sukalwad",Talgaon,"Kudal St Depot",SUKALWAD,MO,6308,Mhalunge,4,,,तळगाव,कुडाळ,35.5,06:00,07:20,sc,"sat & SUN",,,
126078,"Talgaon To Kudal St Depot Via Sukalwad",Talgaon,"Kudal St Depot",SUKALWAD,MO,6424,Sukalwad,7.5,,,तळगाव,कुडाळ,35.5,06:00,07:20,sc,"sat & SUN",,,
126078,"Talgaon To Kudal St Depot Via Sukalwad",Talgaon,"Kudal St Depot",SUKALWAD,MO,6392,"Ranbambuli Fata",10.5,,,तळगाव,कुडाळ,35.5,06:00,07:20,sc,"sat & SUN",,,
126078,"Talgaon To Kudal St Depot Via Sukalwad",Talgaon,"Kudal St Depot",SUKALWAD,MO,6368,Padve,11.5,,,तळगाव,कुडाळ,35.5,06:00,07:20,sc,"sat & SUN",,,
126078,"Talgaon To Kudal St Depot Via Sukalwad",Talgaon,"Kudal St Depot",SUKALWAD,MO,6268,"Khotale Fata",13.5,,,तळगाव,कुडाळ,35.5,06:00,07:20,sc,"sat & SUN",,,
126078,"Talgaon To Kudal St Depot Via Sukalwad",Talgaon,"Kudal St Depot",SUKALWAD,MO,6281,Kasal,14.5,,,तळगाव,कुडाळ,35.5,06:00,07:20,sc,"sat & SUN",,,
126078,"Talgaon To Kudal St Depot Via Sukalwad",Talgaon,"Kudal St Depot",SUKALWAD,MO,6282,"Kasal Balamwadi",16.5,,,तळगाव,कुडाळ,35.5,06:00,07:20,sc,"sat & SUN",,,
126078,"Talgaon To Kudal St Depot Via Sukalwad",Talgaon,"Kudal St Depot",SUKALWAD,MO,6116,Awali,17.5,,,तळगाव,कुडाळ,35.5,06:00,07:20,sc,"sat & SUN",,,
126078,"Talgaon To Kudal St Depot Via Sukalwad",Talgaon,"Kudal St Depot",SUKALWAD,MO,6226,"Jaitapkar Colany",19,,,तळगाव,कुडाळ,35.5,06:00,07:20,sc,"sat & SUN",,,
126078,"Talgaon To Kudal St Depot Via Sukalwad",Talgaon,"Kudal St Depot",SUKALWAD,MO,6362,"Oros Bus Stnad",21,,,तळगाव,कुडाळ,35.5,06:00,07:20,sc,"sat & SUN",,,
126078,"Talgaon To Kudal St Depot Via Sukalwad",Talgaon,"Kudal St Depot",SUKALWAD,MO,6224,"Jijamata Hospital",22.5,,,तळगाव,कुडाळ,35.5,06:00,07:20,sc,"sat & SUN",,,
126078,"Talgaon To Kudal St Depot Via Sukalwad",Talgaon,"Kudal St Depot",SUKALWAD,MO,6206,"Humarmala Rane Dukan",23.5,,,तळगाव,कुडाळ,35.5,06:00,07:20,sc,"sat & SUN",,,
126078,"Talgaon To Kudal St Depot Via Sukalwad",Talgaon,"Kudal St Depot",SUKALWAD,MO,6204,"Humarmala Kasale Dukan",25.5,,,तळगाव,कुडाळ,35.5,06:00,07:20,sc,"sat & SUN",,,
126078,"Talgaon To Kudal St Depot Via Sukalwad",Talgaon,"Kudal St Depot",SUKALWAD,MO,6365,Pandur,26.5,,,तळगाव,कुडाळ,35.5,06:00,07:20,sc,"sat & SUN",,,
126078,"Talgaon To Kudal St Depot Via Sukalwad",Talgaon,"Kudal St Depot",SUKALWAD,MO,88100,Vetalbambarde,29,,,तळगाव,कुडाळ,35.5,06:00,07:20,sc,"sat & SUN",,,
126078,"Talgaon To Kudal St Depot Via Sukalwad",Talgaon,"Kudal St Depot",SUKALWAD,MO,6380,"Pawashi Panchayat",32.5,,,तळगाव,कुडाळ,35.5,06:00,07:20,sc,"sat & SUN",,,
126078,"Talgaon To Kudal St Depot Via Sukalwad",Talgaon,"Kudal St Depot",SUKALWAD,MO,6237,"Kudal St Depot",35.5,,,तळगाव,कुडाळ,35.5,06:00,07:20,sc,"sat & SUN",,,
126082,"Malewad To Kasar Khind Via Ghotage",Malewad,"Kasar Khind",GHOTAGE,MO,6306,Malewad,,,,"घोडगे मळेवाड",कासारखिंड,9.1,17:45,18:05,,,"6 तासात ड्यूटि संपते",,
126082,"Malewad To Kasar Khind Via Ghotage",Malewad,"Kasar Khind",GHOTAGE,MO,6179,Ghotage,3,,,"घोडगे मळेवाड",कासारखिंड,9.1,17:45,18:05,,,"6 तासात ड्यूटि संपते",,
126082,"Malewad To Kasar Khind Via Ghotage",Malewad,"Kasar Khind",GHOTAGE,MO,6223,"Jambhavade Shetye Wadi",4,,,"घोडगे मळेवाड",कासारखिंड,9.1,17:45,18:05,,,"6 तासात ड्यूटि संपते",,
126082,"Malewad To Kasar Khind Via Ghotage",Malewad,"Kasar Khind",GHOTAGE,MO,6283,"Kasarkhind Fata",5,,,"घोडगे मळेवाड",कासारखिंड,9.1,17:45,18:05,,,"6 तासात ड्यूटि संपते",,
126082,"Malewad To Kasar Khind Via Ghotage",Malewad,"Kasar Khind",GHOTAGE,MO,6426,"Sawant Wadi",6,,,"घोडगे मळेवाड",कासारखिंड,9.1,17:45,18:05,,,"6 तासात ड्यूटि संपते",,
126082,"Malewad To Kasar Khind Via Ghotage",Malewad,"Kasar Khind",GHOTAGE,MO,6338,Naikwadi,7.1,,,"घोडगे मळेवाड",कासारखिंड,9.1,17:45,18:05,,,"6 तासात ड्यूटि संपते",,
126082,"Malewad To Kasar Khind Via Ghotage",Malewad,"Kasar Khind",GHOTAGE,MO,6154,Dhangarwadi,8,,,"घोडगे मळेवाड",कासारखिंड,9.1,17:45,18:05,,,"6 तासात ड्यूटि संपते",,
126082,"Malewad To Kasar Khind Via Ghotage",Malewad,"Kasar Khind",GHOTAGE,MO,6284,"Kasar Khind",9.1,,,"घोडगे मळेवाड",कासारखिंड,9.1,17:45,18:05,,,"6 तासात ड्यूटि संपते",,
126118,"Waingawade Fata To Kudal Via Kasal","Waingawade Fata","Kudal St Depot",KASAL,MO,7030,"Waingawade Fata",,,,वायंगवडे,"कुडाळ आगार",35.6,12:10,13:20,,,"विश्रांती 10.00 - 11.30",,
126118,"Waingawade Fata To Kudal Via Kasal","Waingawade Fata","Kudal St Depot",KASAL,MO,7033,"Waingawade Teli Dukan",0.8,,,वायंगवडे,"कुडाळ आगार",35.6,12:10,13:20,,,"विश्रांती 10.00 - 11.30",,
126118,"Waingawade Fata To Kudal Via Kasal","Waingawade Fata","Kudal St Depot",KASAL,MO,7032,"Waingawade Ranewadi",3,,,वायंगवडे,"कुडाळ आगार",35.6,12:10,13:20,,,"विश्रांती 10.00 - 11.30",,
126118,"Waingawade Fata To Kudal Via Kasal","Waingawade Fata","Kudal St Depot",KASAL,MO,7031,"Waingawade Padoswadi",3.8,,,वायंगवडे,"कुडाळ आगार",35.6,12:10,13:20,,,"विश्रांती 10.00 - 11.30",,
126118,"Waingawade Fata To Kudal Via Kasal","Waingawade Fata","Kudal St Depot",KASAL,MO,7029,"Waingawade Amba",4.5,,,वायंगवडे,"कुडाळ आगार",35.6,12:10,13:20,,,"विश्रांती 10.00 - 11.30",,
126118,"Waingawade Fata To Kudal Via Kasal","Waingawade Fata","Kudal St Depot",KASAL,MO,6882,"Khotale Ravalnath Mandir",6.3,,,वायंगवडे,"कुडाळ आगार",35.6,12:10,13:20,,,"विश्रांती 10.00 - 11.30",,
126118,"Waingawade Fata To Kudal Via Kasal","Waingawade Fata","Kudal St Depot",KASAL,MO,6883,"Khotale School",6.5,,,वायंगवडे,"कुडाळ आगार",35.6,12:10,13:20,,,"विश्रांती 10.00 - 11.30",,
126118,"Waingawade Fata To Kudal Via Kasal","Waingawade Fata","Kudal St Depot",KASAL,MO,6910,"Mail Dagad",7.5,,,वायंगवडे,"कुडाळ आगार",35.6,12:10,13:20,,,"विश्रांती 10.00 - 11.30",,
126118,"Waingawade Fata To Kudal Via Kasal","Waingawade Fata","Kudal St Depot",KASAL,MO,6843,"Hedul Loharwadi",10.1,,,वायंगवडे,"कुडाळ आगार",35.6,12:10,13:20,,,"विश्रांती 10.00 - 11.30",,
126118,"Waingawade Fata To Kudal Via Kasal","Waingawade Fata","Kudal St Depot",KASAL,MO,6842,"Hedul Khotale Fata",12.2,,,वायंगवडे,"कुडाळ आगार",35.6,12:10,13:20,,,"विश्रांती 10.00 - 11.30",,
126118,"Waingawade Fata To Kudal Via Kasal","Waingawade Fata","Kudal St Depot",KASAL,MO,6281,Kasal,13.3,,,वायंगवडे,"कुडाळ आगार",35.6,12:10,13:20,,,"विश्रांती 10.00 - 11.30",,
126118,"Waingawade Fata To Kudal Via Kasal","Waingawade Fata","Kudal St Depot",KASAL,MO,6282,"Kasal Balamwadi",14.7,,,वायंगवडे,"कुडाळ आगार",35.6,12:10,13:20,,,"विश्रांती 10.00 - 11.30",,
126118,"Waingawade Fata To Kudal Via Kasal","Waingawade Fata","Kudal St Depot",KASAL,MO,6116,Awali,15.7,,,वायंगवडे,"कुडाळ आगार",35.6,12:10,13:20,,,"विश्रांती 10.00 - 11.30",,
126118,"Waingawade Fata To Kudal Via Kasal","Waingawade Fata","Kudal St Depot",KASAL,MO,6362,"Oros Bus Stnad",18.6,,,वायंगवडे,"कुडाळ आगार",35.6,12:10,13:20,,,"विश्रांती 10.00 - 11.30",,
126118,"Waingawade Fata To Kudal Via Kasal","Waingawade Fata","Kudal St Depot",KASAL,MO,6224,"Jijamata Hospital",20,,,वायंगवडे,"कुडाळ आगार",35.6,12:10,13:20,,,"विश्रांती 10.00 - 11.30",,
126118,"Waingawade Fata To Kudal Via Kasal","Waingawade Fata","Kudal St Depot",KASAL,MO,6206,"Humarmala Rane Dukan",21.4,,,वायंगवडे,"कुडाळ आगार",35.6,12:10,13:20,,,"विश्रांती 10.00 - 11.30",,
126118,"Waingawade Fata To Kudal Via Kasal","Waingawade Fata","Kudal St Depot",KASAL,MO,6204,"Humarmala Kasale Dukan",22.8,,,वायंगवडे,"कुडाळ आगार",35.6,12:10,13:20,,,"विश्रांती 10.00 - 11.30",,
126118,"Waingawade Fata To Kudal Via Kasal","Waingawade Fata","Kudal St Depot",KASAL,MO,6365,Pandur,24.7,,,वायंगवडे,"कुडाळ आगार",35.6,12:10,13:20,,,"विश्रांती 10.00 - 11.30",,
126118,"Waingawade Fata To Kudal Via Kasal","Waingawade Fata","Kudal St Depot",KASAL,MO,88100,Vetalbambarde,25.1,,,वायंगवडे,"कुडाळ आगार",35.6,12:10,13:20,,,"विश्रांती 10.00 - 11.30",,
126118,"Waingawade Fata To Kudal Via Kasal","Waingawade Fata","Kudal St Depot",KASAL,MO,6380,"Pawashi Panchayat",29.1,,,वायंगवडे,"कुडाळ आगार",35.6,12:10,13:20,,,"विश्रांती 10.00 - 11.30",,
126118,"Waingawade Fata To Kudal Via Kasal","Waingawade Fata","Kudal St Depot",KASAL,MO,6253,"Kudal Old Bus Stand",33.7,,,वायंगवडे,"कुडाळ आगार",35.6,12:10,13:20,,,"विश्रांती 10.00 - 11.30",,
126118,"Waingawade Fata To Kudal Via Kasal","Waingawade Fata","Kudal St Depot",KASAL,MO,6237,"Kudal St Depot",35.6,,,वायंगवडे,"कुडाळ आगार",35.6,12:10,13:20,,,"विश्रांती 10.00 - 11.30",,
126166,"Kankavli To Kudal Via Awali",Kankavli,"Kudal St Depot",,MO,2786,Kankavli,,,,कणकवली,"कुडाळ आगार",36.9,14:30,15:30,NoN,Daily,"विश्रांती 9.40-11.00",,
126166,"Kankavli To Kudal Via Awali",Kankavli,"Kudal St Depot",,MO,3002,Wagde,5.2,,,कणकवली,"कुडाळ आगार",36.9,14:30,15:30,NoN,Daily,"विश्रांती 9.40-11.00",,
126166,"Kankavli To Kudal Via Awali",Kankavli,"Kudal St Depot",,MO,2692,Dangalwadi,7.1,,,कणकवली,"कुडाळ आगार",36.9,14:30,15:30,NoN,Daily,"विश्रांती 9.40-11.00",,
126166,"Kankavli To Kudal Via Awali",Kankavli,"Kudal St Depot",,MO,2891,"Osargaon Talav",9,,,कणकवली,"कुडाळ आगार",36.9,14:30,15:30,NoN,Daily,"विश्रांती 9.40-11.00",,
126166,"Kankavli To Kudal Via Awali",Kankavli,"Kudal St Depot",,MO,2890,"Osargaon Post",9.3,,,कणकवली,"कुडाळ आगार",36.9,14:30,15:30,NoN,Daily,"विश्रांती 9.40-11.00",,
126166,"Kankavli To Kudal Via Awali",Kankavli,"Kudal St Depot",,MO,2698,Dewoolwadi,12.7,,,कणकवली,"कुडाळ आगार",36.9,14:30,15:30,NoN,Daily,"विश्रांती 9.40-11.00",,
126166,"Kankavli To Kudal Via Awali",Kankavli,"Kudal St Depot",,MO,2795,"Kasal Bridge Hiwale Fata",13.2,,,कणकवली,"कुडाळ आगार",36.9,14:30,15:30,NoN,Daily,"विश्रांती 9.40-11.00",,
126166,"Kankavli To Kudal Via Awali",Kankavli,"Kudal St Depot",,MO,6281,Kasal,16.5,,,कणकवली,"कुडाळ आगार",36.9,14:30,15:30,NoN,Daily,"विश्रांती 9.40-11.00",,
126166,"Kankavli To Kudal Via Awali",Kankavli,"Kudal St Depot",,MO,6282,"Kasal Balamwadi",17.9,,,कणकवली,"कुडाळ आगार",36.9,14:30,15:30,NoN,Daily,"विश्रांती 9.40-11.00",,
126166,"Kankavli To Kudal Via Awali",Kankavli,"Kudal St Depot",,MO,6116,Awali,18.3,,,कणकवली,"कुडाळ आगार",36.9,14:30,15:30,NoN,Daily,"विश्रांती 9.40-11.00",,
126166,"Kankavli To Kudal Via Awali",Kankavli,"Kudal St Depot",,MO,6362,"Oros Bus Stnad",21.8,,,कणकवली,"कुडाळ आगार",36.9,14:30,15:30,NoN,Daily,"विश्रांती 9.40-11.00",,
126166,"Kankavli To Kudal Via Awali",Kankavli,"Kudal St Depot",,MO,6224,"Jijamata Hospital",23.2,,,कणकवली,"कुडाळ आगार",36.9,14:30,15:30,NoN,Daily,"विश्रांती 9.40-11.00",,
126166,"Kankavli To Kudal Via Awali",Kankavli,"Kudal St Depot",,MO,6206,"Humarmala Rane Dukan",24.6,,,कणकवली,"कुडाळ आगार",36.9,14:30,15:30,NoN,Daily,"विश्रांती 9.40-11.00",,
126166,"Kankavli To Kudal Via Awali",Kankavli,"Kudal St Depot",,MO,6204,"Humarmala Kasale Dukan",26,,,कणकवली,"कुडाळ आगार",36.9,14:30,15:30,NoN,Daily,"विश्रांती 9.40-11.00",,
126166,"Kankavli To Kudal Via Awali",Kankavli,"Kudal St Depot",,MO,6365,Pandur,27.9,,,कणकवली,"कुडाळ आगार",36.9,14:30,15:30,NoN,Daily,"विश्रांती 9.40-11.00",,
126166,"Kankavli To Kudal Via Awali",Kankavli,"Kudal St Depot",,MO,88100,Vetalbambarde,30,,,कणकवली,"कुडाळ आगार",36.9,14:30,15:30,NoN,Daily,"विश्रांती 9.40-11.00",,
126166,"Kankavli To Kudal Via Awali",Kankavli,"Kudal St Depot",,MO,6380,"Pawashi Panchayat",32.3,,,कणकवली,"कुडाळ आगार",36.9,14:30,15:30,NoN,Daily,"विश्रांती 9.40-11.00",,
126166,"Kankavli To Kudal Via Awali",Kankavli,"Kudal St Depot",,MO,6237,"Kudal St Depot",35.4,,,कणकवली,"कुडाळ आगार",36.9,14:30,15:30,NoN,Daily,"विश्रांती 9.40-11.00",,
126166,"Kankavli To Kudal Via Awali",Kankavli,"Kudal St Depot",,MO,6240,"Kudal St Depot",36.9,,,कणकवली,"कुडाळ आगार",36.9,14:30,15:30,NoN,Daily,"विश्रांती 9.40-11.00",,
10933,"Kudal St Depot To Bamanadevi School","Kudal St Depot","Bamanadevi School",,MO,6240,"Kudal St Depot",,,,"कुडाळ आगार",बामणादेवी,18,13:00,13:35,,,,,
10933,"Kudal St Depot To Bamanadevi School","Kudal St Depot","Bamanadevi School",,MO,6237,"Kudal St Depot",1.5,,,"कुडाळ आगार",बामणादेवी,18,13:00,13:35,,,,,
10933,"Kudal St Depot To Bamanadevi School","Kudal St Depot","Bamanadevi School",,MO,6107,"Ambadpal G.P.O.",5.4,,,"कुडाळ आगार",बामणादेवी,18,13:00,13:35,,,,,
10933,"Kudal St Depot To Bamanadevi School","Kudal St Depot","Bamanadevi School",,MO,6355,"Navnath Mandir",7.5,,,"कुडाळ आगार",बामणादेवी,18,13:00,13:35,,,,,
10933,"Kudal St Depot To Bamanadevi School","Kudal St Depot","Bamanadevi School",,MO,6144,Budkewadi,8.5,,,"कुडाळ आगार",बामणादेवी,18,13:00,13:35,,,,,
10933,"Kudal St Depot To Bamanadevi School","Kudal St Depot","Bamanadevi School",,MO,6287,"Khutwalwadi School",11,,,"कुडाळ आगार",बामणादेवी,18,13:00,13:35,,,,,
10933,"Kudal St Depot To Bamanadevi School","Kudal St Depot","Bamanadevi School",,MO,6297,Mashachiwadi,12.2,,,"कुडाळ आगार",बामणादेवी,18,13:00,13:35,,,,,
10933,"Kudal St Depot To Bamanadevi School","Kudal St Depot","Bamanadevi School",,MO,6295,Mhatargalu,13.5,,,"कुडाळ आगार",बामणादेवी,18,13:00,13:35,,,,,
10933,"Kudal St Depot To Bamanadevi School","Kudal St Depot","Bamanadevi School",,MO,6132,Bamanadevi,14,,,"कुडाळ आगार",बामणादेवी,18,13:00,13:35,,,,,
10933,"Kudal St Depot To Bamanadevi School","Kudal St Depot","Bamanadevi School",,MO,6139,"Bamanadevi School",18,,,"कुडाळ आगार",बामणादेवी,18,13:00,13:35,,,,,
10936,"Kudal To Bhogave Via Dutond","Kudal St Depot",Bhogave,,MO,6237,"Kudal St Depot",,,,कुडाळ,भोगवे,30.8,15:50,16:50,,,,,
10936,"Kudal To Bhogave Via Dutond","Kudal St Depot",Bhogave,,MO,6351,"Nerur Jakat",4.9,,,कुडाळ,भोगवे,30.8,15:50,16:50,,,,,
10936,"Kudal To Bhogave Via Dutond","Kudal St Depot",Bhogave,,MO,6333,"Nerur Chavhata",7.5,,,कुडाळ,भोगवे,30.8,15:50,16:50,,,,,
10936,"Kudal To Bhogave Via Dutond","Kudal St Depot",Bhogave,,MO,6353,"Nerur Choupati",8.1,,,कुडाळ,भोगवे,30.8,15:50,16:50,,,,,
10936,"Kudal To Bhogave Via Dutond","Kudal St Depot",Bhogave,,MO,6100,"Arkarcha Bridge",10.5,,,कुडाळ,भोगवे,30.8,15:50,16:50,,,,,
10936,"Kudal To Bhogave Via Dutond","Kudal St Depot",Bhogave,,MO,6166,"Desai Bungalow",11.2,,,कुडाळ,भोगवे,30.8,15:50,16:50,,,,,
10936,"Kudal To Bhogave Via Dutond","Kudal St Depot",Bhogave,,MO,6470,Walawal,12.4,,,कुडाळ,भोगवे,30.8,15:50,16:50,,,,,
10936,"Kudal To Bhogave Via Dutond","Kudal St Depot",Bhogave,,MO,6330,"Mauli Mandir",13.8,,,कुडाळ,भोगवे,30.8,15:50,16:50,,,,,
10936,"Kudal To Bhogave Via Dutond","Kudal St Depot",Bhogave,,MO,6203,Hela,14.4,,,कुडाळ,भोगवे,30.8,15:50,16:50,,,,,
10936,"Kudal To Bhogave Via Dutond","Kudal St Depot",Bhogave,,MO,6091,"Ambegali School",16.9,,,कुडाळ,भोगवे,30.8,15:50,16:50,,,,,
10936,"Kudal To Bhogave Via Dutond","Kudal St Depot",Bhogave,,MO,6248,Kushewada,17.7,,,कुडाळ,भोगवे,30.8,15:50,16:50,,,,,
10936,"Kudal To Bhogave Via Dutond","Kudal St Depot",Bhogave,,MO,9826,"Vetoba Mandir",19.1,,,कुडाळ,भोगवे,30.8,15:50,16:50,,,,,
10936,"Kudal To Bhogave Via Dutond","Kudal St Depot",Bhogave,,MO,9587,"Adinarayan Mandir",20.9,,,कुडाळ,भोगवे,30.8,15:50,16:50,,,,,
10936,"Kudal To Bhogave Via Dutond","Kudal St Depot",Bhogave,,MO,9750,Parule,21.4,,,कुडाळ,भोगवे,30.8,15:50,16:50,,,,,
10936,"Kudal To Bhogave Via Dutond","Kudal St Depot",Bhogave,,MO,9752,"Parule Pickup Shed",22,,,कुडाळ,भोगवे,30.8,15:50,16:50,,,,,
10936,"Kudal To Bhogave Via Dutond","Kudal St Depot",Bhogave,,MO,9751,"Parule Phanas",22.5,,,कुडाळ,भोगवे,30.8,15:50,16:50,,,,,
10936,"Kudal To Bhogave Via Dutond","Kudal St Depot",Bhogave,,MO,9638,"Dutondwadi Fata",22.7,,,कुडाळ,भोगवे,30.8,15:50,16:50,,,,,
10936,"Kudal To Bhogave Via Dutond","Kudal St Depot",Bhogave,,MO,9637,Dutondwadi,25.7,,,कुडाळ,भोगवे,30.8,15:50,16:50,,,,,
10936,"Kudal To Bhogave Via Dutond","Kudal St Depot",Bhogave,,MO,9735,Nevalkarwadi,26.3,,,कुडाळ,भोगवे,30.8,15:50,16:50,,,,,
10936,"Kudal To Bhogave Via Dutond","Kudal St Depot",Bhogave,,MO,9638,"Dutondwadi Fata",27.7,,,कुडाळ,भोगवे,30.8,15:50,16:50,,,,,
10936,"Kudal To Bhogave Via Dutond","Kudal St Depot",Bhogave,,MO,9784,"Shelpi Bhogave Fata",28.3,,,कुडाळ,भोगवे,30.8,15:50,16:50,,,,,
10936,"Kudal To Bhogave Via Dutond","Kudal St Depot",Bhogave,,MO,9623,"Chindar Amba",29.5,,,कुडाळ,भोगवे,30.8,15:50,16:50,,,,,
10936,"Kudal To Bhogave Via Dutond","Kudal St Depot",Bhogave,,MO,9617,Bhogave,30.8,,,कुडाळ,भोगवे,30.8,15:50,16:50,,,,,
10946,"Kudal St Depot To Gothos Titha","Kudal St Depot","Gothos Titha",,MO,6240,"Kudal St Depot",,,,"कुडाळ आगार","नारर वाडोस",32.3,14:40,15:50,SC,"SAT & SUN",,,
10946,"Kudal St Depot To Gothos Titha","Kudal St Depot","Gothos Titha",,MO,6237,"Kudal St Depot",1.5,,,"कुडाळ आगार","नारर वाडोस",32.3,14:40,15:50,SC,"SAT & SUN",,,
10946,"Kudal St Depot To Gothos Titha","Kudal St Depot","Gothos Titha",,MO,6380,"Pawashi Panchayat",5.4,,,"कुडाळ आगार","नारर वाडोस",32.3,14:40,15:50,SC,"SAT & SUN",,,
10946,"Kudal St Depot To Gothos Titha","Kudal St Depot","Gothos Titha",,MO,88100,Vetalbambarde,7.5,,,"कुडाळ आगार","नारर वाडोस",32.3,14:40,15:50,SC,"SAT & SUN",,,
10946,"Kudal St Depot To Gothos Titha","Kudal St Depot","Gothos Titha",,MO,6109,"Ainmala Fata",9.2,,,"कुडाळ आगार","नारर वाडोस",32.3,14:40,15:50,SC,"SAT & SUN",,,
10946,"Kudal St Depot To Gothos Titha","Kudal St Depot","Gothos Titha",,MO,6325,"Maruti Mandir",10.6,,,"कुडाळ आगार","नारर वाडोस",32.3,14:40,15:50,SC,"SAT & SUN",,,
10946,"Kudal St Depot To Gothos Titha","Kudal St Depot","Gothos Titha",,MO,6141,Bhogalewadi,12,,,"कुडाळ आगार","नारर वाडोस",32.3,14:40,15:50,SC,"SAT & SUN",,,
10946,"Kudal St Depot To Gothos Titha","Kudal St Depot","Gothos Titha",,MO,6212,"Hateri Kadamwadi",12.1,,,"कुडाळ आगार","नारर वाडोस",32.3,14:40,15:50,SC,"SAT & SUN",,,
10946,"Kudal St Depot To Gothos Titha","Kudal St Depot","Gothos Titha",,MO,6379,Parabwadi,13.5,,,"कुडाळ आगार","नारर वाडोस",32.3,14:40,15:50,SC,"SAT & SUN",,,
10946,"Kudal St Depot To Gothos Titha","Kudal St Depot","Gothos Titha",,MO,6394,"Rangana Tulsuli Fata",15.8,,,"कुडाळ आगार","नारर वाडोस",32.3,14:40,15:50,SC,"SAT & SUN",,,
10946,"Kudal St Depot To Gothos Titha","Kudal St Depot","Gothos Titha",,MO,6214,Hateri,16.8,,,"कुडाळ आगार","नारर वाडोस",32.3,14:40,15:50,SC,"SAT & SUN",,,
10946,"Kudal St Depot To Gothos Titha","Kudal St Depot","Gothos Titha",,MO,6213,Hirlok,18.5,,,"कुडाळ आगार","नारर वाडोस",32.3,14:40,15:50,SC,"SAT & SUN",,,
10946,"Kudal St Depot To Gothos Titha","Kudal St Depot","Gothos Titha",,MO,6316,"Malawewadi Godown",22.7,,,"कुडाळ आगार","नारर वाडोस",32.3,14:40,15:50,SC,"SAT & SUN",,,
10946,"Kudal St Depot To Gothos Titha","Kudal St Depot","Gothos Titha",,MO,6346,"Narur Mahalaxmi Mandir",24.8,,,"कुडाळ आगार","नारर वाडोस",32.3,14:40,15:50,SC,"SAT & SUN",,,
10946,"Kudal St Depot To Gothos Titha","Kudal St Depot","Gothos Titha",,MO,6178,"Gothos School No.1",28.6,,,"कुडाळ आगार","नारर वाडोस",32.3,14:40,15:50,SC,"SAT & SUN",,,
10946,"Kudal St Depot To Gothos Titha","Kudal St Depot","Gothos Titha",,MO,6117,"Bhavai Mandir",31.3,,,"कुडाळ आगार","नारर वाडोस",32.3,14:40,15:50,SC,"SAT & SUN",,,
10946,"Kudal St Depot To Gothos Titha","Kudal St Depot","Gothos Titha",,MO,6190,"Gothos Titha",32.3,,,"कुडाळ आगार","नारर वाडोस",32.3,14:40,15:50,SC,"SAT & SUN",,,
10963,"Kudal To Khavane Via Pat Titha","Kudal St Depot",Khavane,"PAT TITHA",MO,6240,"Kudal St Depot",,,,"कुडाळ आगार",खवणे,23.6,13:00,14:00,,,,,
10963,"Kudal To Khavane Via Pat Titha","Kudal St Depot",Khavane,"PAT TITHA",MO,6237,"Kudal St Depot",1.5,,,"कुडाळ आगार",खवणे,23.6,13:00,14:00,,,,,
10963,"Kudal To Khavane Via Pat Titha","Kudal St Depot",Khavane,"PAT TITHA",MO,6376,"Pinguli Titha",4.3,,,"कुडाळ आगार",खवणे,23.6,13:00,14:00,,,,,
10963,"Kudal To Khavane Via Pat Titha","Kudal St Depot",Khavane,"PAT TITHA",MO,6251,"Karmal Galu",7.6,,,"कुडाळ आगार",खवणे,23.6,13:00,14:00,,,,,
10963,"Kudal To Khavane Via Pat Titha","Kudal St Depot",Khavane,"PAT TITHA",MO,6298,Madyachiwadi,9.7,,,"कुडाळ आगार",खवणे,23.6,13:00,14:00,,,,,
10963,"Kudal To Khavane Via Pat Titha","Kudal St Depot",Khavane,"PAT TITHA",MO,6305,"Madyachiwadi Phanas",11.1,,,"कुडाळ आगार",खवणे,23.6,13:00,14:00,,,,,
10963,"Kudal To Khavane Via Pat Titha","Kudal St Depot",Khavane,"PAT TITHA",MO,6215,Humarmala,13.7,,,"कुडाळ आगार",खवणे,23.6,13:00,14:00,,,,,
10963,"Kudal To Khavane Via Pat Titha","Kudal St Depot",Khavane,"PAT TITHA",MO,6094,"Andurle Khind",14.4,,,"कुडाळ आगार",खवणे,23.6,13:00,14:00,,,,,
10963,"Kudal To Khavane Via Pat Titha","Kudal St Depot",Khavane,"PAT TITHA",MO,6377,"Pendurkar Dukan",15.6,,,"कुडाळ आगार",खवणे,23.6,13:00,14:00,,,,,
10963,"Kudal To Khavane Via Pat Titha","Kudal St Depot",Khavane,"PAT TITHA",MO,6384,"Pat Titha",17.4,,,"कुडाळ आगार",खवणे,23.6,13:00,14:00,,,,,
10963,"Kudal To Khavane Via Pat Titha","Kudal St Depot",Khavane,"PAT TITHA",MO,9719,"Mhapan Kochara Titha",18.5,,,"कुडाळ आगार",खवणे,23.6,13:00,14:00,,,,,
10963,"Kudal To Khavane Via Pat Titha","Kudal St Depot",Khavane,"PAT TITHA",MO,9718,"Mhapan Khavane Titha",19.2,,,"कुडाळ आगार",खवणे,23.6,13:00,14:00,,,,,
10963,"Kudal To Khavane Via Pat Titha","Kudal St Depot",Khavane,"PAT TITHA",MO,9701,"Malai Fata",20.9,,,"कुडाळ आगार",खवणे,23.6,13:00,14:00,,,,,
10963,"Kudal To Khavane Via Pat Titha","Kudal St Depot",Khavane,"PAT TITHA",MO,9681,Khavane,23.6,,,"कुडाळ आगार",खवणे,23.6,13:00,14:00,,,,,
10969,"Kudal To Kusgaon","Kudal St Depot",Kusgaon,,MO,6240,"Kudal St Depot",,,,"कुडाळ आगार",कुसगाव,23.7,13:00,14:00,SC,DAILY,,,
10969,"Kudal To Kusgaon","Kudal St Depot",Kusgaon,,MO,6237,"Kudal St Depot",1.5,,,"कुडाळ आगार",कुसगाव,23.7,13:00,14:00,SC,DAILY,,,
10969,"Kudal To Kusgaon","Kudal St Depot",Kusgaon,,MO,6380,"Pawashi Panchayat",5.4,,,"कुडाळ आगार",कुसगाव,23.7,13:00,14:00,SC,DAILY,,,
10969,"Kudal To Kusgaon","Kudal St Depot",Kusgaon,,MO,88100,Vetalbambarde,7.5,,,"कुडाळ आगार",कुसगाव,23.7,13:00,14:00,SC,DAILY,,,
10969,"Kudal To Kusgaon","Kudal St Depot",Kusgaon,,MO,6109,"Ainmala Fata",9.2,,,"कुडाळ आगार",कुसगाव,23.7,13:00,14:00,SC,DAILY,,,
10969,"Kudal To Kusgaon","Kudal St Depot",Kusgaon,,MO,6325,"Maruti Mandir",10.6,,,"कुडाळ आगार",कुसगाव,23.7,13:00,14:00,SC,DAILY,,,
10969,"Kudal To Kusgaon","Kudal St Depot",Kusgaon,,MO,6141,Bhogalewadi,12,,,"कुडाळ आगार",कुसगाव,23.7,13:00,14:00,SC,DAILY,,,
10969,"Kudal To Kusgaon","Kudal St Depot",Kusgaon,,MO,6315,"Mile Stone",13.5,,,"कुडाळ आगार",कुसगाव,23.7,13:00,14:00,SC,DAILY,,,
10969,"Kudal To Kusgaon","Kudal St Depot",Kusgaon,,MO,6394,"Rangana Tulsuli Fata",15.8,,,"कुडाळ आगार",कुसगाव,23.7,13:00,14:00,SC,DAILY,,,
10969,"Kudal To Kusgaon","Kudal St Depot",Kusgaon,,MO,6214,Hateri,16.8,,,"कुडाळ आगार",कुसगाव,23.7,13:00,14:00,SC,DAILY,,,
10969,"Kudal To Kusgaon","Kudal St Depot",Kusgaon,,MO,6213,Hirlok,18.5,,,"कुडाळ आगार",कुसगाव,23.7,13:00,14:00,SC,DAILY,,,
10969,"Kudal To Kusgaon","Kudal St Depot",Kusgaon,,MO,6186,"Girgaon Ghadi Dukan",21.5,,,"कुडाळ आगार",कुसगाव,23.7,13:00,14:00,SC,DAILY,,,
10969,"Kudal To Kusgaon","Kudal St Depot",Kusgaon,,MO,6246,Kusgaon,23.7,,,"कुडाळ आगार",कुसगाव,23.7,13:00,14:00,SC,DAILY,,,
61551,"Kelus Mobarwadi To Kudal","Kelus Mobarwadi","Kudal St Depot","TENDOLI RAVALNATH MANDIR",MO,9672,"Kelus Mobarwadi",,,,केळुस,कुडाळ,21.9,13:30,14:20,,,,,
61551,"Kelus Mobarwadi To Kudal","Kelus Mobarwadi","Kudal St Depot","TENDOLI RAVALNATH MANDIR",MO,9673,"Kelus Taradevi Mandir",3.2,,,केळुस,कुडाळ,21.9,13:30,14:20,,,,,
61551,"Kelus Mobarwadi To Kudal","Kelus Mobarwadi","Kudal St Depot","TENDOLI RAVALNATH MANDIR",MO,9594,"Andurle Pimpal",5.3,,,केळुस,कुडाळ,21.9,13:30,14:20,,,,,
61551,"Kelus Mobarwadi To Kudal","Kelus Mobarwadi","Kudal St Depot","TENDOLI RAVALNATH MANDIR",MO,9830,Visapur,7,,,केळुस,कुडाळ,21.9,13:30,14:20,,,,,
61551,"Kelus Mobarwadi To Kudal","Kelus Mobarwadi","Kudal St Depot","TENDOLI RAVALNATH MANDIR",MO,6430,"Tendoli Ravalnath Mandir",8.9,,,केळुस,कुडाळ,21.9,13:30,14:20,,,,,
61551,"Kelus Mobarwadi To Kudal","Kelus Mobarwadi","Kudal St Depot","TENDOLI RAVALNATH MANDIR",MO,6258,Kumnos,9.4,,,केळुस,कुडाळ,21.9,13:30,14:20,,,,,
61551,"Kelus Mobarwadi To Kudal","Kelus Mobarwadi","Kudal St Depot","TENDOLI RAVALNATH MANDIR",MO,6304,"Madyachiwadi Chinch",12.5,,,केळुस,कुडाळ,21.9,13:30,14:20,,,,,
61551,"Kelus Mobarwadi To Kudal","Kelus Mobarwadi","Kudal St Depot","TENDOLI RAVALNATH MANDIR",MO,6251,"Karmal Galu",15.8,,,केळुस,कुडाळ,21.9,13:30,14:20,,,,,
61551,"Kelus Mobarwadi To Kudal","Kelus Mobarwadi","Kudal St Depot","TENDOLI RAVALNATH MANDIR",MO,6376,"Pinguli Titha",19.1,,,केळुस,कुडाळ,21.9,13:30,14:20,,,,,
61551,"Kelus Mobarwadi To Kudal","Kelus Mobarwadi","Kudal St Depot","TENDOLI RAVALNATH MANDIR",MO,6237,"Kudal St Depot",21.9,,,केळुस,कुडाळ,21.9,13:30,14:20,,,,,
107825,"Kudal  To Sonawade Lingeshwar Mandir","Kudal St Depot","Sonawade Lingeshwar Mandir",,MO,6237,"Kudal St Depot",,,,कुडाळ,सोनवडेपार,11.1,18:30,19:00,SC,Daily,,,
107825,"Kudal  To Sonawade Lingeshwar Mandir","Kudal St Depot","Sonawade Lingeshwar Mandir",,MO,6235,"Kudal Rly. Stn.",2.9,,,कुडाळ,सोनवडेपार,11.1,18:30,19:00,SC,Daily,,,
107825,"Kudal  To Sonawade Lingeshwar Mandir","Kudal St Depot","Sonawade Lingeshwar Mandir",,MO,6164,"Durgawad Fata",6.1,,,कुडाळ,सोनवडेपार,11.1,18:30,19:00,SC,Daily,,,
107825,"Kudal  To Sonawade Lingeshwar Mandir","Kudal St Depot","Sonawade Lingeshwar Mandir",,MO,6399,"Sonawade School",7.6,,,कुडाळ,सोनवडेपार,11.1,18:30,19:00,SC,Daily,,,
107825,"Kudal  To Sonawade Lingeshwar Mandir","Kudal St Depot","Sonawade Lingeshwar Mandir",,MO,6402,"Sonawade Math",8.3,,,कुडाळ,सोनवडेपार,11.1,18:30,19:00,SC,Daily,,,
107825,"Kudal  To Sonawade Lingeshwar Mandir","Kudal St Depot","Sonawade Lingeshwar Mandir",,MO,6416,"Sonawade Lingeshwar Mandir",11.1,,,कुडाळ,सोनवडेपार,11.1,18:30,19:00,SC,Daily,,,
107873,"Kudal To Kelus Mobarwadi","Kudal St Depot","Kelus Mobarwadi","TENDOLI RAVALNATH MANDIR",MO,6237,"Kudal St Depot",,,,कुडाळ,केळुस,21.9,18:45,19:45,,,"6 तासात ड्यूटि संपते",,
107873,"Kudal To Kelus Mobarwadi","Kudal St Depot","Kelus Mobarwadi","TENDOLI RAVALNATH MANDIR",MO,6376,"Pinguli Titha",2.8,,,कुडाळ,केळुस,21.9,18:45,19:45,,,"6 तासात ड्यूटि संपते",,
107873,"Kudal To Kelus Mobarwadi","Kudal St Depot","Kelus Mobarwadi","TENDOLI RAVALNATH MANDIR",MO,6251,"Karmal Galu",6.3,,,कुडाळ,केळुस,21.9,18:45,19:45,,,"6 तासात ड्यूटि संपते",,
107873,"Kudal To Kelus Mobarwadi","Kudal St Depot","Kelus Mobarwadi","TENDOLI RAVALNATH MANDIR",MO,6304,"Madyachiwadi Chinch",9.4,,,कुडाळ,केळुस,21.9,18:45,19:45,,,"6 तासात ड्यूटि संपते",,
107873,"Kudal To Kelus Mobarwadi","Kudal St Depot","Kelus Mobarwadi","TENDOLI RAVALNATH MANDIR",MO,6258,Kumnos,12.5,,,कुडाळ,केळुस,21.9,18:45,19:45,,,"6 तासात ड्यूटि संपते",,
107873,"Kudal To Kelus Mobarwadi","Kudal St Depot","Kelus Mobarwadi","TENDOLI RAVALNATH MANDIR",MO,6430,"Tendoli Ravalnath Mandir",13,,,कुडाळ,केळुस,21.9,18:45,19:45,,,"6 तासात ड्यूटि संपते",,
107873,"Kudal To Kelus Mobarwadi","Kudal St Depot","Kelus Mobarwadi","TENDOLI RAVALNATH MANDIR",MO,9830,Visapur,14.9,,,कुडाळ,केळुस,21.9,18:45,19:45,,,"6 तासात ड्यूटि संपते",,
107873,"Kudal To Kelus Mobarwadi","Kudal St Depot","Kelus Mobarwadi","TENDOLI RAVALNATH MANDIR",MO,9594,"Andurle Pimpal",16.6,,,कुडाळ,केळुस,21.9,18:45,19:45,,,"6 तासात ड्यूटि संपते",,
107873,"Kudal To Kelus Mobarwadi","Kudal St Depot","Kelus Mobarwadi","TENDOLI RAVALNATH MANDIR",MO,9673,"Kelus Taradevi Mandir",18.7,,,कुडाळ,केळुस,21.9,18:45,19:45,,,"6 तासात ड्यूटि संपते",,
107873,"Kudal To Kelus Mobarwadi","Kudal St Depot","Kelus Mobarwadi","TENDOLI RAVALNATH MANDIR",MO,9672,"Kelus Mobarwadi",21.9,,,कुडाळ,केळुस,21.9,18:45,19:45,,,"6 तासात ड्यूटि संपते",,
107879,"Kudal St Depot To Niwati Bandar","Kudal St Depot","Niwati Bandar",,MO,6240,"Kudal St Depot",,,,"कुडाळ आगार",निवती,25.5,12:00,13:00,,,,,
107879,"Kudal St Depot To Niwati Bandar","Kudal St Depot","Niwati Bandar",,MO,6237,"Kudal St Depot",1.5,,,"कुडाळ आगार",निवती,25.5,12:00,13:00,,,,,
107879,"Kudal St Depot To Niwati Bandar","Kudal St Depot","Niwati Bandar",,MO,6376,"Pinguli Titha",4.3,,,"कुडाळ आगार",निवती,25.5,12:00,13:00,,,,,
107879,"Kudal St Depot To Niwati Bandar","Kudal St Depot","Niwati Bandar",,MO,6251,"Karmal Galu",7.6,,,"कुडाळ आगार",निवती,25.5,12:00,13:00,,,,,
107879,"Kudal St Depot To Niwati Bandar","Kudal St Depot","Niwati Bandar",,MO,6298,Madyachiwadi,9.7,,,"कुडाळ आगार",निवती,25.5,12:00,13:00,,,,,
107879,"Kudal St Depot To Niwati Bandar","Kudal St Depot","Niwati Bandar",,MO,6305,"Madyachiwadi Phanas",11.1,,,"कुडाळ आगार",निवती,25.5,12:00,13:00,,,,,
107879,"Kudal St Depot To Niwati Bandar","Kudal St Depot","Niwati Bandar",,MO,6215,Humarmala,13.7,,,"कुडाळ आगार",निवती,25.5,12:00,13:00,,,,,
107879,"Kudal St Depot To Niwati Bandar","Kudal St Depot","Niwati Bandar",,MO,6094,"Andurle Khind",14.4,,,"कुडाळ आगार",निवती,25.5,12:00,13:00,,,,,
107879,"Kudal St Depot To Niwati Bandar","Kudal St Depot","Niwati Bandar",,MO,6377,"Pendurkar Dukan",15.6,,,"कुडाळ आगार",निवती,25.5,12:00,13:00,,,,,
107879,"Kudal St Depot To Niwati Bandar","Kudal St Depot","Niwati Bandar",,MO,6384,"Pat Titha",17.4,,,"कुडाळ आगार",निवती,25.5,12:00,13:00,,,,,
107879,"Kudal St Depot To Niwati Bandar","Kudal St Depot","Niwati Bandar",,MO,9714,Mhapan,18.5,,,"कुडाळ आगार",निवती,25.5,12:00,13:00,,,,,
107879,"Kudal St Depot To Niwati Bandar","Kudal St Depot","Niwati Bandar",,MO,9720,"Mhapan Sateri Mandir",19.6,,,"कुडाळ आगार",निवती,25.5,12:00,13:00,,,,,
107879,"Kudal St Depot To Niwati Bandar","Kudal St Depot","Niwati Bandar",,MO,9761,"Post Office",21.1,,,"कुडाळ आगार",निवती,25.5,12:00,13:00,,,,,
107879,"Kudal St Depot To Niwati Bandar","Kudal St Depot","Niwati Bandar",,MO,9777,Sati,22.3,,,"कुडाळ आगार",निवती,25.5,12:00,13:00,,,,,
107879,"Kudal St Depot To Niwati Bandar","Kudal St Depot","Niwati Bandar",,MO,9741,"Niwati Bandar",25.5,,,"कुडाळ आगार",निवती,25.5,12:00,13:00,,,,,
108067,"Talgaon To Kudal St Depot Via Dabachi Wadi",Talgaon,"Kudal St Depot","DABACHI WADI",MO,7002,Talgaon,,,,तळगाव,"कुडाळ आगार",24,10:20,11:10,sc,SUN,,,
108067,"Talgaon To Kudal St Depot Via Dabachi Wadi",Talgaon,"Kudal St Depot","DABACHI WADI",MO,6935,Mhalunge,3,,,तळगाव,"कुडाळ आगार",24,10:20,11:10,sc,SUN,,,
108067,"Talgaon To Kudal St Depot Via Dabachi Wadi",Talgaon,"Kudal St Depot","DABACHI WADI",MO,6424,Sukalwad,4.8,,,तळगाव,"कुडाळ आगार",24,10:20,11:10,sc,SUN,,,
108067,"Talgaon To Kudal St Depot Via Dabachi Wadi",Talgaon,"Kudal St Depot","DABACHI WADI",MO,6155,"Dabachi Wadi",5.2,,,तळगाव,"कुडाळ आगार",24,10:20,11:10,sc,SUN,,,
108067,"Talgaon To Kudal St Depot Via Dabachi Wadi",Talgaon,"Kudal St Depot","DABACHI WADI",MO,6134,Bhimnagar,7.8,,,तळगाव,"कुडाळ आगार",24,10:20,11:10,sc,SUN,,,
108067,"Talgaon To Kudal St Depot Via Dabachi Wadi",Talgaon,"Kudal St Depot","DABACHI WADI",MO,6315,"Mile Stone",8.2,,,तळगाव,"कुडाळ आगार",24,10:20,11:10,sc,SUN,,,
108067,"Talgaon To Kudal St Depot Via Dabachi Wadi",Talgaon,"Kudal St Depot","DABACHI WADI",MO,6391,"Rameshwar Mandir",9.9,,,तळगाव,"कुडाळ आगार",24,10:20,11:10,sc,SUN,,,
108067,"Talgaon To Kudal St Depot Via Dabachi Wadi",Talgaon,"Kudal St Depot","DABACHI WADI",MO,6365,Pandur,11,,,तळगाव,"कुडाळ आगार",24,10:20,11:10,sc,SUN,,,
108067,"Talgaon To Kudal St Depot Via Dabachi Wadi",Talgaon,"Kudal St Depot","DABACHI WADI",MO,88100,Vetalbambarde,14,,,तळगाव,"कुडाळ आगार",24,10:20,11:10,sc,SUN,,,
108067,"Talgaon To Kudal St Depot Via Dabachi Wadi",Talgaon,"Kudal St Depot","DABACHI WADI",MO,6380,"Pawashi Panchayat",19.5,,,तळगाव,"कुडाळ आगार",24,10:20,11:10,sc,SUN,,,
108067,"Talgaon To Kudal St Depot Via Dabachi Wadi",Talgaon,"Kudal St Depot","DABACHI WADI",MO,6237,"Kudal St Depot",22.5,,,तळगाव,"कुडाळ आगार",24,10:20,11:10,sc,SUN,,,
108067,"Talgaon To Kudal St Depot Via Dabachi Wadi",Talgaon,"Kudal St Depot","DABACHI WADI",MO,6240,"Kudal St Depot",24,,,तळगाव,"कुडाळ आगार",24,10:20,11:10,sc,SUN,,,
108324,"Kille Nivati To Kudal St Depot","Kille Nivati","Kudal St Depot",,MO,9685,"Kille Nivati",,,,किल्लेनिवती,"कुडाळ आगार",32.3,12:40,13:50,,,,,
108324,"Kille Nivati To Kudal St Depot","Kille Nivati","Kudal St Depot",,MO,9783,Shelpi,2.1,,,किल्लेनिवती,"कुडाळ आगार",32.3,12:40,13:50,,,,,
108324,"Kille Nivati To Kudal St Depot","Kille Nivati","Kudal St Depot",,MO,9619,"Bidye House",2.3,,,किल्लेनिवती,"कुडाळ आगार",32.3,12:40,13:50,,,,,
108324,"Kille Nivati To Kudal St Depot","Kille Nivati","Kudal St Depot",,MO,9657,"Jarimari Mandir",3.3,,,किल्लेनिवती,"कुडाळ आगार",32.3,12:40,13:50,,,,,
108324,"Kille Nivati To Kudal St Depot","Kille Nivati","Kudal St Depot",,MO,9786,"Shelpi Fata",5,,,किल्लेनिवती,"कुडाळ आगार",32.3,12:40,13:50,,,,,
108324,"Kille Nivati To Kudal St Depot","Kille Nivati","Kudal St Depot",,MO,6403,"Shelpi Dutond Fata",6.4,,,किल्लेनिवती,"कुडाळ आगार",32.3,12:40,13:50,,,,,
108324,"Kille Nivati To Kudal St Depot","Kille Nivati","Kudal St Depot",,MO,6366,Parule,8.5,,,किल्लेनिवती,"कुडाळ आगार",32.3,12:40,13:50,,,,,
108324,"Kille Nivati To Kudal St Depot","Kille Nivati","Kudal St Depot",,MO,6097,"Adinarayan Mandir",9.1,,,किल्लेनिवती,"कुडाळ आगार",32.3,12:40,13:50,,,,,
108324,"Kille Nivati To Kudal St Depot","Kille Nivati","Kudal St Depot",,MO,6455,"Vetoba Mandir",10.9,,,किल्लेनिवती,"कुडाळ आगार",32.3,12:40,13:50,,,,,
108324,"Kille Nivati To Kudal St Depot","Kille Nivati","Kudal St Depot",,MO,6089,"Ajarwadi P.H.C.",12.4,,,किल्लेनिवती,"कुडाळ आगार",32.3,12:40,13:50,,,,,
108324,"Kille Nivati To Kudal St Depot","Kille Nivati","Kudal St Depot",,MO,6382,"Pat Bandh Teli Dukan",13.9,,,किल्लेनिवती,"कुडाळ आगार",32.3,12:40,13:50,,,,,
108324,"Kille Nivati To Kudal St Depot","Kille Nivati","Kudal St Depot",,MO,6384,"Pat Titha",14.7,,,किल्लेनिवती,"कुडाळ आगार",32.3,12:40,13:50,,,,,
108324,"Kille Nivati To Kudal St Depot","Kille Nivati","Kudal St Depot",,MO,6377,"Pendurkar Dukan",16.5,,,किल्लेनिवती,"कुडाळ आगार",32.3,12:40,13:50,,,,,
108324,"Kille Nivati To Kudal St Depot","Kille Nivati","Kudal St Depot",,MO,6094,"Andurle Khind",17.7,,,किल्लेनिवती,"कुडाळ आगार",32.3,12:40,13:50,,,,,
108324,"Kille Nivati To Kudal St Depot","Kille Nivati","Kudal St Depot",,MO,6215,Humarmala,18.4,,,किल्लेनिवती,"कुडाळ आगार",32.3,12:40,13:50,,,,,
108324,"Kille Nivati To Kudal St Depot","Kille Nivati","Kudal St Depot",,MO,6305,"Madyachiwadi Phanas",21,,,किल्लेनिवती,"कुडाळ आगार",32.3,12:40,13:50,,,,,
108324,"Kille Nivati To Kudal St Depot","Kille Nivati","Kudal St Depot",,MO,6298,Madyachiwadi,22.4,,,किल्लेनिवती,"कुडाळ आगार",32.3,12:40,13:50,,,,,
108324,"Kille Nivati To Kudal St Depot","Kille Nivati","Kudal St Depot",,MO,6251,"Karmal Galu",24.5,,,किल्लेनिवती,"कुडाळ आगार",32.3,12:40,13:50,,,,,
108324,"Kille Nivati To Kudal St Depot","Kille Nivati","Kudal St Depot",,MO,6376,"Pinguli Titha",27.8,,,किल्लेनिवती,"कुडाळ आगार",32.3,12:40,13:50,,,,,
108324,"Kille Nivati To Kudal St Depot","Kille Nivati","Kudal St Depot",,MO,6237,"Kudal St Depot",30.8,,,किल्लेनिवती,"कुडाळ आगार",32.3,12:40,13:50,,,,,
108324,"Kille Nivati To Kudal St Depot","Kille Nivati","Kudal St Depot",,MO,6240,"Kudal St Depot",32.3,,,किल्लेनिवती,"कुडाळ आगार",32.3,12:40,13:50,,,,,
125421,"Waingawade Fata To Kasal Via Khotale School","Waingawade Fata",Kasal,"KHOTALE SCHOOL",MO,7030,"Waingawade Fata",,,,वायंगवडे,कसाल,12.6,06:00,06:30,,,,,
125421,"Waingawade Fata To Kasal Via Khotale School","Waingawade Fata",Kasal,"KHOTALE SCHOOL",MO,7029,"Waingawade Amba",3,,,वायंगवडे,कसाल,12.6,06:00,06:30,,,,,
125421,"Waingawade Fata To Kasal Via Khotale School","Waingawade Fata",Kasal,"KHOTALE SCHOOL",MO,6883,"Khotale School",5.8,,,वायंगवडे,कसाल,12.6,06:00,06:30,,,,,
125421,"Waingawade Fata To Kasal Via Khotale School","Waingawade Fata",Kasal,"KHOTALE SCHOOL",MO,6841,"Hedul Chinch",6.8,,,वायंगवडे,कसाल,12.6,06:00,06:30,,,,,
125421,"Waingawade Fata To Kasal Via Khotale School","Waingawade Fata",Kasal,"KHOTALE SCHOOL",MO,6843,"Hedul Loharwadi",9.4,,,वायंगवडे,कसाल,12.6,06:00,06:30,,,,,
125421,"Waingawade Fata To Kasal Via Khotale School","Waingawade Fata",Kasal,"KHOTALE SCHOOL",MO,6281,Kasal,12.6,,,वायंगवडे,कसाल,12.6,06:00,06:30,,,,,
125924,"Kudal St Depot To Duragnagar Via Kadawal","Kudal St Depot",Duragnagar,KADAWAL,MO,6240,"Kudal St Depot",,,,"कुडाळ आगार","घोटगे दुर्गनगर",51.4,12:00,13:55,,,,,
125924,"Kudal St Depot To Duragnagar Via Kadawal","Kudal St Depot",Duragnagar,KADAWAL,MO,6237,"Kudal St Depot",1.5,,,"कुडाळ आगार","घोटगे दुर्गनगर",51.4,12:00,13:55,,,,,
125924,"Kudal St Depot To Duragnagar Via Kadawal","Kudal St Depot",Duragnagar,KADAWAL,MO,6380,"Pawashi Panchayat",5.4,,,"कुडाळ आगार","घोटगे दुर्गनगर",51.4,12:00,13:55,,,,,
125924,"Kudal St Depot To Duragnagar Via Kadawal","Kudal St Depot",Duragnagar,KADAWAL,MO,88100,Vetalbambarde,7,,,"कुडाळ आगार","घोटगे दुर्गनगर",51.4,12:00,13:55,,,,,
125924,"Kudal St Depot To Duragnagar Via Kadawal","Kudal St Depot",Duragnagar,KADAWAL,MO,6365,Pandur,10.5,,,"कुडाळ आगार","घोटगे दुर्गनगर",51.4,12:00,13:55,,,,,
125924,"Kudal St Depot To Duragnagar Via Kadawal","Kudal St Depot",Duragnagar,KADAWAL,MO,6373,"Pandur Phc",11.1,,,"कुडाळ आगार","घोटगे दुर्गनगर",51.4,12:00,13:55,,,,,
125924,"Kudal St Depot To Duragnagar Via Kadawal","Kudal St Depot",Duragnagar,KADAWAL,MO,6227,"Khadichegalu Pulaskar",13.4,,,"कुडाळ आगार","घोटगे दुर्गनगर",51.4,12:00,13:55,,,,,
125924,"Kudal St Depot To Duragnagar Via Kadawal","Kudal St Depot",Duragnagar,KADAWAL,MO,6157,"Digas Kalika Mandir",14.9,,,"कुडाळ आगार","घोटगे दुर्गनगर",51.4,12:00,13:55,,,,,
125924,"Kudal St Depot To Duragnagar Via Kadawal","Kudal St Depot",Duragnagar,KADAWAL,MO,6115,"Awalegaon Patkar Temb",16.2,,,"कुडाळ आगार","घोटगे दुर्गनगर",51.4,12:00,13:55,,,,,
125924,"Kudal St Depot To Duragnagar Via Kadawal","Kudal St Depot",Duragnagar,KADAWAL,MO,6088,"Awalegaon Chinch",17,,,"कुडाळ आगार","घोटगे दुर्गनगर",51.4,12:00,13:55,,,,,
125924,"Kudal St Depot To Duragnagar Via Kadawal","Kudal St Depot",Duragnagar,KADAWAL,MO,6167,"Datta Mandir",18,,,"कुडाळ आगार","घोटगे दुर्गनगर",51.4,12:00,13:55,,,,,
125924,"Kudal St Depot To Duragnagar Via Kadawal","Kudal St Depot",Duragnagar,KADAWAL,MO,6087,"Awalegaon Dispensary",19,,,"कुडाळ आगार","घोटगे दुर्गनगर",51.4,12:00,13:55,,,,,
125924,"Kudal St Depot To Duragnagar Via Kadawal","Kudal St Depot",Duragnagar,KADAWAL,MO,6244,Kadawal,20.1,,,"कुडाळ आगार","घोटगे दुर्गनगर",51.4,12:00,13:55,,,,,
125924,"Kudal St Depot To Duragnagar Via Kadawal","Kudal St Depot",Duragnagar,KADAWAL,MO,6243,"Kadawal Post",20.5,,,"कुडाळ आगार","घोटगे दुर्गनगर",51.4,12:00,13:55,,,,,
125924,"Kudal St Depot To Duragnagar Via Kadawal","Kudal St Depot",Duragnagar,KADAWAL,MO,6375,"Pangrad Fata",21.7,,,"कुडाळ आगार","घोटगे दुर्गनगर",51.4,12:00,13:55,,,,,
125924,"Kudal St Depot To Duragnagar Via Kadawal","Kudal St Depot",Duragnagar,KADAWAL,MO,6128,"Bhadgaon Phanas",23.2,,,"कुडाळ आगार","घोटगे दुर्गनगर",51.4,12:00,13:55,,,,,
125924,"Kudal St Depot To Duragnagar Via Kadawal","Kudal St Depot",Duragnagar,KADAWAL,MO,6121,"Bhadgaon Fatkurewadi",25.4,,,"कुडाळ आगार","घोटगे दुर्गनगर",51.4,12:00,13:55,,,,,
125924,"Kudal St Depot To Duragnagar Via Kadawal","Kudal St Depot",Duragnagar,KADAWAL,MO,6130,"Bhadgaon School",26.4,,,"कुडाळ आगार","घोटगे दुर्गनगर",51.4,12:00,13:55,,,,,
125924,"Kudal St Depot To Duragnagar Via Kadawal","Kudal St Depot",Duragnagar,KADAWAL,MO,6119,"Bhadgaon Matha",28,,,"कुडाळ आगार","घोटगे दुर्गनगर",51.4,12:00,13:55,,,,,
125924,"Kudal St Depot To Duragnagar Via Kadawal","Kudal St Depot",Duragnagar,KADAWAL,MO,6324,"Murkar Dukan Humarne Thita",29.9,,,"कुडाळ आगार","घोटगे दुर्गनगर",51.4,12:00,13:55,,,,,
125924,"Kudal St Depot To Duragnagar Via Kadawal","Kudal St Depot",Duragnagar,KADAWAL,MO,6211,"Hardi Titha",31.3,,,"कुडाळ आगार","घोटगे दुर्गनगर",51.4,12:00,13:55,,,,,
125924,"Kudal St Depot To Duragnagar Via Kadawal","Kudal St Depot",Duragnagar,KADAWAL,MO,6262,"Kanedi Phc Phonda Titha",34.3,,,"कुडाळ आगार","घोटगे दुर्गनगर",51.4,12:00,13:55,,,,,
125924,"Kudal St Depot To Duragnagar Via Kadawal","Kudal St Depot",Duragnagar,KADAWAL,MO,6234,"Kupawade Vinanti",35.5,,,"कुडाळ आगार","घोटगे दुर्गनगर",51.4,12:00,13:55,,,,,
125924,"Kudal St Depot To Duragnagar Via Kadawal","Kudal St Depot",Duragnagar,KADAWAL,MO,6217,"Jambhavade Pimpal Par",35.6,,,"कुडाळ आगार","घोटगे दुर्गनगर",51.4,12:00,13:55,,,,,
125924,"Kudal St Depot To Duragnagar Via Kadawal","Kudal St Depot",Duragnagar,KADAWAL,MO,6225,"Jambhavade Bhagwati Mandir",36.9,,,"कुडाळ आगार","घोटगे दुर्गनगर",51.4,12:00,13:55,,,,,
125924,"Kudal St Depot To Duragnagar Via Kadawal","Kudal St Depot",Duragnagar,KADAWAL,MO,6218,"Jambhavade River",37.4,,,"कुडाळ आगार","घोटगे दुर्गनगर",51.4,12:00,13:55,,,,,
125924,"Kudal St Depot To Duragnagar Via Kadawal","Kudal St Depot",Duragnagar,KADAWAL,MO,6179,Ghotage,40,,,"कुडाळ आगार","घोटगे दुर्गनगर",51.4,12:00,13:55,,,,,
125924,"Kudal St Depot To Duragnagar Via Kadawal","Kudal St Depot",Duragnagar,KADAWAL,MO,6416,"Sonawade Lingeshwar Mandir",41.9,,,"कुडाळ आगार","घोटगे दुर्गनगर",51.4,12:00,13:55,,,,,
125924,"Kudal St Depot To Duragnagar Via Kadawal","Kudal St Depot",Duragnagar,KADAWAL,MO,6173,"Ghadigaonkar Stop",42.1,,,"कुडाळ आगार","घोटगे दुर्गनगर",51.4,12:00,13:55,,,,,
125924,"Kudal St Depot To Duragnagar Via Kadawal","Kudal St Depot",Duragnagar,KADAWAL,MO,6393,Ranewadi,43.9,,,"कुडाळ आगार","घोटगे दुर्गनगर",51.4,12:00,13:55,,,,,
125924,"Kudal St Depot To Duragnagar Via Kadawal","Kudal St Depot",Duragnagar,KADAWAL,MO,6387,Pawarwadi,48.6,,,"कुडाळ आगार","घोटगे दुर्गनगर",51.4,12:00,13:55,,,,,
125924,"Kudal St Depot To Duragnagar Via Kadawal","Kudal St Depot",Duragnagar,KADAWAL,MO,6165,Duragnagar,51.4,,,"कुडाळ आगार","घोटगे दुर्गनगर",51.4,12:00,13:55,,,,,
125929,"Hirlok To Kudal Via Mangaon",Hirlok,"Kudal St Depot",MANGAON,MO,6213,Hirlok,,,,हिर्लाेक,कुडाळ,42.4,06:00,07:40,,,,,
125929,"Hirlok To Kudal Via Mangaon",Hirlok,"Kudal St Depot",MANGAON,MO,6316,"Malawewadi Godown",3.8,,,हिर्लाेक,कुडाळ,42.4,06:00,07:40,,,,,
125929,"Hirlok To Kudal Via Mangaon",Hirlok,"Kudal St Depot",MANGAON,MO,6346,"Narur Mahalaxmi Mandir",6.8,,,हिर्लाेक,कुडाळ,42.4,06:00,07:40,,,,,
125929,"Hirlok To Kudal Via Mangaon",Hirlok,"Kudal St Depot",MANGAON,MO,6178,"Gothos School No.1",15.6,,,हिर्लाेक,कुडाळ,42.4,06:00,07:40,,,,,
125929,"Hirlok To Kudal Via Mangaon",Hirlok,"Kudal St Depot",MANGAON,MO,6117,"Bhavai Mandir",18.3,,,हिर्लाेक,कुडाळ,42.4,06:00,07:40,,,,,
125929,"Hirlok To Kudal Via Mangaon",Hirlok,"Kudal St Depot",MANGAON,MO,6190,"Gothos Titha",19.3,,,हिर्लाेक,कुडाळ,42.4,06:00,07:40,,,,,
125929,"Hirlok To Kudal Via Mangaon",Hirlok,"Kudal St Depot",MANGAON,MO,6464,"Wados Bazar",20.2,,,हिर्लाेक,कुडाळ,42.4,06:00,07:40,,,,,
125929,"Hirlok To Kudal Via Mangaon",Hirlok,"Kudal St Depot",MANGAON,MO,6092,Amberi,24.3,,,हिर्लाेक,कुडाळ,42.4,06:00,07:40,,,,,
125929,"Hirlok To Kudal Via Mangaon",Hirlok,"Kudal St Depot",MANGAON,MO,6319,"Mangaon Phc",25,,,हिर्लाेक,कुडाळ,42.4,06:00,07:40,,,,,
125929,"Hirlok To Kudal Via Mangaon",Hirlok,"Kudal St Depot",MANGAON,MO,6317,Mangaon,26.7,,,हिर्लाेक,कुडाळ,42.4,06:00,07:40,,,,,
125929,"Hirlok To Kudal Via Mangaon",Hirlok,"Kudal St Depot",MANGAON,MO,6323,"Mangaon Titha",28.6,,,हिर्लाेक,कुडाळ,42.4,06:00,07:40,,,,,
125929,"Hirlok To Kudal Via Mangaon",Hirlok,"Kudal St Depot",MANGAON,MO,6386,"Power House",28.9,,,हिर्लाेक,कुडाळ,42.4,06:00,07:40,,,,,
125929,"Hirlok To Kudal Via Mangaon",Hirlok,"Kudal St Depot",MANGAON,MO,6412,"Salgaon Harijanwadi",31.9,,,हिर्लाेक,कुडाळ,42.4,06:00,07:40,,,,,
125929,"Hirlok To Kudal Via Mangaon",Hirlok,"Kudal St Depot",MANGAON,MO,6474,"Zharap Titha",32,,,हिर्लाेक,कुडाळ,42.4,06:00,07:40,,,,,
125929,"Hirlok To Kudal Via Mangaon",Hirlok,"Kudal St Depot",MANGAON,MO,6322,"Mandkuli Fata",36,,,हिर्लाेक,कुडाळ,42.4,06:00,07:40,,,,,
125929,"Hirlok To Kudal Via Mangaon",Hirlok,"Kudal St Depot",MANGAON,MO,6315,"Mile Stone",37.9,,,हिर्लाेक,कुडाळ,42.4,06:00,07:40,,,,,
125929,"Hirlok To Kudal Via Mangaon",Hirlok,"Kudal St Depot",MANGAON,MO,6126,Bibavane,38.7,,,हिर्लाेक,कुडाळ,42.4,06:00,07:40,,,,,
125929,"Hirlok To Kudal Via Mangaon",Hirlok,"Kudal St Depot",MANGAON,MO,6376,"Pinguli Titha",39.3,,,हिर्लाेक,कुडाळ,42.4,06:00,07:40,,,,,
125929,"Hirlok To Kudal Via Mangaon",Hirlok,"Kudal St Depot",MANGAON,MO,6397,"Rawoor Maharaj Math",41.7,,,हिर्लाेक,कुडाळ,42.4,06:00,07:40,,,,,
125929,"Hirlok To Kudal Via Mangaon",Hirlok,"Kudal St Depot",MANGAON,MO,6237,"Kudal St Depot",42.4,,,हिर्लाेक,कुडाळ,42.4,06:00,07:40,,,,,
148235,"Adose Khalchi Wadi To Kudal Via Bhagatwadi","Adose Khalchi Wadi","Kudal St Depot",BHAGATWADI,MO,6111,"Adose Khalchi Wadi",,,,आदोसेवाडी,कुडाळ,18.3,16:35,17:10,SC,SUN,,,
148235,"Adose Khalchi Wadi To Kudal Via Bhagatwadi","Adose Khalchi Wadi","Kudal St Depot",BHAGATWADI,MO,6095,"Ados Sada",2,,,आदोसेवाडी,कुडाळ,18.3,16:35,17:10,SC,SUN,,,
148235,"Adose Khalchi Wadi To Kudal Via Bhagatwadi","Adose Khalchi Wadi","Kudal St Depot",BHAGATWADI,MO,6459,"Vetore Sub Stage",3.9,,,आदोसेवाडी,कुडाळ,18.3,16:35,17:10,SC,SUN,,,
148235,"Adose Khalchi Wadi To Kudal Via Bhagatwadi","Adose Khalchi Wadi","Kudal St Depot",BHAGATWADI,MO,6457,"Vetore High School",4.2,,,आदोसेवाडी,कुडाळ,18.3,16:35,17:10,SC,SUN,,,
148235,"Adose Khalchi Wadi To Kudal Via Bhagatwadi","Adose Khalchi Wadi","Kudal St Depot",BHAGATWADI,MO,6459,"Vetore Sub Stage",4.4,,,आदोसेवाडी,कुडाळ,18.3,16:35,17:10,SC,SUN,,,
148235,"Adose Khalchi Wadi To Kudal Via Bhagatwadi","Adose Khalchi Wadi","Kudal St Depot",BHAGATWADI,MO,6334,"Namswadi Vetore",5,,,आदोसेवाडी,कुडाळ,18.3,16:35,17:10,SC,SUN,,,
148235,"Adose Khalchi Wadi To Kudal Via Bhagatwadi","Adose Khalchi Wadi","Kudal St Depot",BHAGATWADI,MO,6902,Madhavwadi,5.2,,,आदोसेवाडी,कुडाळ,18.3,16:35,17:10,SC,SUN,,,
148235,"Adose Khalchi Wadi To Kudal Via Bhagatwadi","Adose Khalchi Wadi","Kudal St Depot",BHAGATWADI,MO,6194,"Goveri Tendoli Fata",7,,,आदोसेवाडी,कुडाळ,18.3,16:35,17:10,SC,SUN,,,
148235,"Adose Khalchi Wadi To Kudal Via Bhagatwadi","Adose Khalchi Wadi","Kudal St Depot",BHAGATWADI,MO,6193,"Goveri Mandir",7.1,,,आदोसेवाडी,कुडाळ,18.3,16:35,17:10,SC,SUN,,,
148235,"Adose Khalchi Wadi To Kudal Via Bhagatwadi","Adose Khalchi Wadi","Kudal St Depot",BHAGATWADI,MO,6364,Palkarwadi,9.9,,,आदोसेवाडी,कुडाळ,18.3,16:35,17:10,SC,SUN,,,
148235,"Adose Khalchi Wadi To Kudal Via Bhagatwadi","Adose Khalchi Wadi","Kudal St Depot",BHAGATWADI,MO,6326,Musalmanwadi,10.6,,,आदोसेवाडी,कुडाळ,18.3,16:35,17:10,SC,SUN,,,
148235,"Adose Khalchi Wadi To Kudal Via Bhagatwadi","Adose Khalchi Wadi","Kudal St Depot",BHAGATWADI,MO,6133,Bhagatwadi,12.3,,,आदोसेवाडी,कुडाळ,18.3,16:35,17:10,SC,SUN,,,
148235,"Adose Khalchi Wadi To Kudal Via Bhagatwadi","Adose Khalchi Wadi","Kudal St Depot",BHAGATWADI,MO,6122,"Bhagatwadi Titha",12.7,,,आदोसेवाडी,कुडाळ,18.3,16:35,17:10,SC,SUN,,,
148235,"Adose Khalchi Wadi To Kudal Via Bhagatwadi","Adose Khalchi Wadi","Kudal St Depot",BHAGATWADI,MO,6376,"Pinguli Titha",13.2,,,आदोसेवाडी,कुडाळ,18.3,16:35,17:10,SC,SUN,,,
148235,"Adose Khalchi Wadi To Kudal Via Bhagatwadi","Adose Khalchi Wadi","Kudal St Depot",BHAGATWADI,MO,6237,"Kudal St Depot",18.3,,,आदोसेवाडी,कुडाळ,18.3,16:35,17:10,SC,SUN,,,
10965,"Kudal To Kille Nivati","Kudal St Depot","Kille Nivati",,MO,6237,"Kudal St Depot",,,,कुडाळ,किल्लेनिवती,30.8,11:20,12:30,,,,,
10965,"Kudal To Kille Nivati","Kudal St Depot","Kille Nivati",,MO,6376,"Pinguli Titha",4.3,,,कुडाळ,किल्लेनिवती,30.8,11:20,12:30,,,,,
10965,"Kudal To Kille Nivati","Kudal St Depot","Kille Nivati",,MO,6251,"Karmal Galu",7.6,,,कुडाळ,किल्लेनिवती,30.8,11:20,12:30,,,,,
10965,"Kudal To Kille Nivati","Kudal St Depot","Kille Nivati",,MO,6298,Madyachiwadi,9.7,,,कुडाळ,किल्लेनिवती,30.8,11:20,12:30,,,,,
10965,"Kudal To Kille Nivati","Kudal St Depot","Kille Nivati",,MO,6305,"Madyachiwadi Phanas",11.1,,,कुडाळ,किल्लेनिवती,30.8,11:20,12:30,,,,,
10965,"Kudal To Kille Nivati","Kudal St Depot","Kille Nivati",,MO,6215,Humarmala,13.7,,,कुडाळ,किल्लेनिवती,30.8,11:20,12:30,,,,,
10965,"Kudal To Kille Nivati","Kudal St Depot","Kille Nivati",,MO,6094,"Andurle Khind",14.4,,,कुडाळ,किल्लेनिवती,30.8,11:20,12:30,,,,,
10965,"Kudal To Kille Nivati","Kudal St Depot","Kille Nivati",,MO,6377,"Pendurkar Dukan",15.6,,,कुडाळ,किल्लेनिवती,30.8,11:20,12:30,,,,,
10965,"Kudal To Kille Nivati","Kudal St Depot","Kille Nivati",,MO,6384,"Pat Titha",17.4,,,कुडाळ,किल्लेनिवती,30.8,11:20,12:30,,,,,
10965,"Kudal To Kille Nivati","Kudal St Depot","Kille Nivati",,MO,6382,"Pat Bandh Teli Dukan",18.2,,,कुडाळ,किल्लेनिवती,30.8,11:20,12:30,,,,,
10965,"Kudal To Kille Nivati","Kudal St Depot","Kille Nivati",,MO,9590,"Ajarwadi P.H.C.",19.7,,,कुडाळ,किल्लेनिवती,30.8,11:20,12:30,,,,,
10965,"Kudal To Kille Nivati","Kudal St Depot","Kille Nivati",,MO,9826,"Vetoba Mandir",21.2,,,कुडाळ,किल्लेनिवती,30.8,11:20,12:30,,,,,
10965,"Kudal To Kille Nivati","Kudal St Depot","Kille Nivati",,MO,9587,"Adinarayan Mandir",23,,,कुडाळ,किल्लेनिवती,30.8,11:20,12:30,,,,,
10965,"Kudal To Kille Nivati","Kudal St Depot","Kille Nivati",,MO,9750,Parule,23.6,,,कुडाळ,किल्लेनिवती,30.8,11:20,12:30,,,,,
10965,"Kudal To Kille Nivati","Kudal St Depot","Kille Nivati",,MO,9785,"Shelpi Dutond Fata",25.7,,,कुडाळ,किल्लेनिवती,30.8,11:20,12:30,,,,,
10965,"Kudal To Kille Nivati","Kudal St Depot","Kille Nivati",,MO,9786,"Shelpi Fata",27.1,,,कुडाळ,किल्लेनिवती,30.8,11:20,12:30,,,,,
10965,"Kudal To Kille Nivati","Kudal St Depot","Kille Nivati",,MO,9657,"Jarimari Mandir",28.8,,,कुडाळ,किल्लेनिवती,30.8,11:20,12:30,,,,,
10965,"Kudal To Kille Nivati","Kudal St Depot","Kille Nivati",,MO,9619,"Bidye House",29.8,,,कुडाळ,किल्लेनिवती,30.8,11:20,12:30,,,,,
10965,"Kudal To Kille Nivati","Kudal St Depot","Kille Nivati",,MO,9783,Shelpi,30,,,कुडाळ,किल्लेनिवती,30.8,11:20,12:30,,,,,
10965,"Kudal To Kille Nivati","Kudal St Depot","Kille Nivati",,MO,9685,"Kille Nivati",30.8,,,कुडाळ,किल्लेनिवती,30.8,11:20,12:30,,,,,
10966,"Kudal St Depot To Kochara Shriramwadi","Kudal St Depot","Kochara Shriramwadi",,MO,6240,"Kudal St Depot",,,,"कुडाळ आगार",कोचरा,25,06:00,07:00,OBL,Daily,,,SCHOOL
10966,"Kudal St Depot To Kochara Shriramwadi","Kudal St Depot","Kochara Shriramwadi",,MO,6237,"Kudal St Depot",1.5,,,"कुडाळ आगार",कोचरा,25,06:00,07:00,OBL,Daily,,,SCHOOL
10966,"Kudal St Depot To Kochara Shriramwadi","Kudal St Depot","Kochara Shriramwadi",,MO,6376,"Pinguli Titha",4.3,,,"कुडाळ आगार",कोचरा,25,06:00,07:00,OBL,Daily,,,SCHOOL
10966,"Kudal St Depot To Kochara Shriramwadi","Kudal St Depot","Kochara Shriramwadi",,MO,6251,"Karmal Galu",7.6,,,"कुडाळ आगार",कोचरा,25,06:00,07:00,OBL,Daily,,,SCHOOL
10966,"Kudal St Depot To Kochara Shriramwadi","Kudal St Depot","Kochara Shriramwadi",,MO,6298,Madyachiwadi,9.7,,,"कुडाळ आगार",कोचरा,25,06:00,07:00,OBL,Daily,,,SCHOOL
10966,"Kudal St Depot To Kochara Shriramwadi","Kudal St Depot","Kochara Shriramwadi",,MO,6305,"Madyachiwadi Phanas",11.1,,,"कुडाळ आगार",कोचरा,25,06:00,07:00,OBL,Daily,,,SCHOOL
10966,"Kudal St Depot To Kochara Shriramwadi","Kudal St Depot","Kochara Shriramwadi",,MO,6215,Humarmala,13.7,,,"कुडाळ आगार",कोचरा,25,06:00,07:00,OBL,Daily,,,SCHOOL
10966,"Kudal St Depot To Kochara Shriramwadi","Kudal St Depot","Kochara Shriramwadi",,MO,6094,"Andurle Khind",14.4,,,"कुडाळ आगार",कोचरा,25,06:00,07:00,OBL,Daily,,,SCHOOL
10966,"Kudal St Depot To Kochara Shriramwadi","Kudal St Depot","Kochara Shriramwadi",,MO,6377,"Pendurkar Dukan",15.6,,,"कुडाळ आगार",कोचरा,25,06:00,07:00,OBL,Daily,,,SCHOOL
10966,"Kudal St Depot To Kochara Shriramwadi","Kudal St Depot","Kochara Shriramwadi",,MO,6384,"Pat Titha",17.4,,,"कुडाळ आगार",कोचरा,25,06:00,07:00,OBL,Daily,,,SCHOOL
10966,"Kudal St Depot To Kochara Shriramwadi","Kudal St Depot","Kochara Shriramwadi",,MO,9714,Mhapan,17.5,,,"कुडाळ आगार",कोचरा,25,06:00,07:00,OBL,Daily,,,SCHOOL
10966,"Kudal St Depot To Kochara Shriramwadi","Kudal St Depot","Kochara Shriramwadi",,MO,9716,"Mhapan Chapha",19.6,,,"कुडाळ आगार",कोचरा,25,06:00,07:00,OBL,Daily,,,SCHOOL
10966,"Kudal St Depot To Kochara Shriramwadi","Kudal St Depot","Kochara Shriramwadi",,MO,9689,"Kochara Chavata",21.1,,,"कुडाळ आगार",कोचरा,25,06:00,07:00,OBL,Daily,,,SCHOOL
10966,"Kudal St Depot To Kochara Shriramwadi","Kudal St Depot","Kochara Shriramwadi",,MO,9616,"Bhavai Mandir",21.8,,,"कुडाळ आगार",कोचरा,25,06:00,07:00,OBL,Daily,,,SCHOOL
10966,"Kudal St Depot To Kochara Shriramwadi","Kudal St Depot","Kochara Shriramwadi",,MO,9786,"Shelpi Fata",22.8,,,"कुडाळ आगार",कोचरा,25,06:00,07:00,OBL,Daily,,,SCHOOL
10966,"Kudal St Depot To Kochara Shriramwadi","Kudal St Depot","Kochara Shriramwadi",,MO,9691,"Kochara Shriramwadi",25,,,"कुडाळ आगार",कोचरा,25,06:00,07:00,OBL,Daily,,,SCHOOL
10979,"Kudal To Kumbhyachiwadi","Kudal St Depot",Kumbhyachiwadi,,MO,6240,"Kudal St Depot",,,,"कुडाळ आगार",पांग्रड,29.3,13:00,14:00,,,,,
10979,"Kudal To Kumbhyachiwadi","Kudal St Depot",Kumbhyachiwadi,,MO,6237,"Kudal St Depot",1.5,,,"कुडाळ आगार",पांग्रड,29.3,13:00,14:00,,,,,
10979,"Kudal To Kumbhyachiwadi","Kudal St Depot",Kumbhyachiwadi,,MO,6380,"Pawashi Panchayat",2.8,,,"कुडाळ आगार",पांग्रड,29.3,13:00,14:00,,,,,
10979,"Kudal To Kumbhyachiwadi","Kudal St Depot",Kumbhyachiwadi,,MO,88100,Vetalbambarde,7,,,"कुडाळ आगार",पांग्रड,29.3,13:00,14:00,,,,,
10979,"Kudal To Kumbhyachiwadi","Kudal St Depot",Kumbhyachiwadi,,MO,6378,"Pandur Titha",10.5,,,"कुडाळ आगार",पांग्रड,29.3,13:00,14:00,,,,,
10979,"Kudal To Kumbhyachiwadi","Kudal St Depot",Kumbhyachiwadi,,MO,6373,"Pandur Phc",11.1,,,"कुडाळ आगार",पांग्रड,29.3,13:00,14:00,,,,,
10979,"Kudal To Kumbhyachiwadi","Kudal St Depot",Kumbhyachiwadi,,MO,6227,"Khadichegalu Pulaskar",13.4,,,"कुडाळ आगार",पांग्रड,29.3,13:00,14:00,,,,,
10979,"Kudal To Kumbhyachiwadi","Kudal St Depot",Kumbhyachiwadi,,MO,6157,"Digas Kalika Mandir",14.9,,,"कुडाळ आगार",पांग्रड,29.3,13:00,14:00,,,,,
10979,"Kudal To Kumbhyachiwadi","Kudal St Depot",Kumbhyachiwadi,,MO,6115,"Awalegaon Patkar Temb",16.2,,,"कुडाळ आगार",पांग्रड,29.3,13:00,14:00,,,,,
10979,"Kudal To Kumbhyachiwadi","Kudal St Depot",Kumbhyachiwadi,,MO,6087,"Awalegaon Dispensary",18.7,,,"कुडाळ आगार",पांग्रड,29.3,13:00,14:00,,,,,
10979,"Kudal To Kumbhyachiwadi","Kudal St Depot",Kumbhyachiwadi,,MO,6244,Kadawal,20.1,,,"कुडाळ आगार",पांग्रड,29.3,13:00,14:00,,,,,
10979,"Kudal To Kumbhyachiwadi","Kudal St Depot",Kumbhyachiwadi,,MO,6243,"Kadawal Post",20.5,,,"कुडाळ आगार",पांग्रड,29.3,13:00,14:00,,,,,
10979,"Kudal To Kumbhyachiwadi","Kudal St Depot",Kumbhyachiwadi,,MO,6375,"Pangrad Fata",21.7,,,"कुडाळ आगार",पांग्रड,29.3,13:00,14:00,,,,,
10979,"Kudal To Kumbhyachiwadi","Kudal St Depot",Kumbhyachiwadi,,MO,6151,Crusher,22.5,,,"कुडाळ आगार",पांग्रड,29.3,13:00,14:00,,,,,
10979,"Kudal To Kumbhyachiwadi","Kudal St Depot",Kumbhyachiwadi,,MO,6340,"Nirukhe Terse Shop",25.3,,,"कुडाळ आगार",पांग्रड,29.3,13:00,14:00,,,,,
10979,"Kudal To Kumbhyachiwadi","Kudal St Depot",Kumbhyachiwadi,,MO,6374,Pangrad,26.7,,,"कुडाळ आगार",पांग्रड,29.3,13:00,14:00,,,,,
10979,"Kudal To Kumbhyachiwadi","Kudal St Depot",Kumbhyachiwadi,,MO,6285,Kumbhyachiwadi,29.3,,,"कुडाळ आगार",पांग्रड,29.3,13:00,14:00,,,,,
19914,"Kerawade To Kudal",Kerawade,"Kudal St Depot",,MO,6273,Kerawade,,,,केरवडे,"कुडाळ आगार",13.5,13:00,13:30,,,,,
19914,"Kerawade To Kudal",Kerawade,"Kudal St Depot",,MO,6278,"Kerawade Fata",2.4,,,केरवडे,"कुडाळ आगार",13.5,13:00,13:30,,,,,
19914,"Kerawade To Kudal",Kerawade,"Kudal St Depot",,MO,6443,"Tulsuli Bhimnagar",2.7,,,केरवडे,"कुडाळ आगार",13.5,13:00,13:30,,,,,
19914,"Kerawade To Kudal",Kerawade,"Kudal St Depot",,MO,6444,"Tulsuli High School",3.6,,,केरवडे,"कुडाळ आगार",13.5,13:00,13:30,,,,,
19914,"Kerawade To Kudal",Kerawade,"Kudal St Depot",,MO,6438,"Tulsuli Mandkuli Fata",5.1,,,केरवडे,"कुडाळ आगार",13.5,13:00,13:30,,,,,
19914,"Kerawade To Kudal",Kerawade,"Kudal St Depot",,MO,6313,"Mulade Mandir",5.9,,,केरवडे,"कुडाळ आगार",13.5,13:00,13:30,,,,,
19914,"Kerawade To Kudal",Kerawade,"Kudal St Depot",,MO,6296,"Mulade Gpo",6.5,,,केरवडे,"कुडाळ आगार",13.5,13:00,13:30,,,,,
19914,"Kerawade To Kudal",Kerawade,"Kudal St Depot",,MO,6107,"Ambadpal G.P.O.",8.1,,,केरवडे,"कुडाळ आगार",13.5,13:00,13:30,,,,,
19914,"Kerawade To Kudal",Kerawade,"Kudal St Depot",,MO,6253,"Kudal Old Bus Stand",12,,,केरवडे,"कुडाळ आगार",13.5,13:00,13:30,,,,,
19914,"Kerawade To Kudal",Kerawade,"Kudal St Depot",,MO,6237,"Kudal St Depot",13.5,,,केरवडे,"कुडाळ आगार",13.5,13:00,13:30,,,,,
19964,"Kudal To Vengurle Via Math High School","Kudal St Depot",Vengurle,"MATH HIGH SCHOOL",MO,6237,"Kudal St Depot",,,,कुडाळ,वोंगुर्ले,23.7,08:30,09:30,,,,,
19964,"Kudal To Vengurle Via Math High School","Kudal St Depot",Vengurle,"MATH HIGH SCHOOL",MO,6376,"Pinguli Titha",2.8,,,कुडाळ,वोंगुर्ले,23.7,08:30,09:30,,,,,
19964,"Kudal To Vengurle Via Math High School","Kudal St Depot",Vengurle,"MATH HIGH SCHOOL",MO,6191,"Goveri Bhagatwadi Fata",3.8,,,कुडाळ,वोंगुर्ले,23.7,08:30,09:30,,,,,
19964,"Kudal To Vengurle Via Math High School","Kudal St Depot",Vengurle,"MATH HIGH SCHOOL",MO,6245,"Kalepani Fata",4.8,,,कुडाळ,वोंगुर्ले,23.7,08:30,09:30,,,,,
19964,"Kudal To Vengurle Via Math High School","Kudal St Depot",Vengurle,"MATH HIGH SCHOOL",MO,6423,Sativan,6.2,,,कुडाळ,वोंगुर्ले,23.7,08:30,09:30,,,,,
19964,"Kudal To Vengurle Via Math High School","Kudal St Depot",Vengurle,"MATH HIGH SCHOOL",MO,6461,Wadiwarawade,7.1,,,कुडाळ,वोंगुर्ले,23.7,08:30,09:30,,,,,
19964,"Kudal To Vengurle Via Math High School","Kudal St Depot",Vengurle,"MATH HIGH SCHOOL",MO,6459,"Vetore Sub Stage",9.4,,,कुडाळ,वोंगुर्ले,23.7,08:30,09:30,,,,,
19964,"Kudal To Vengurle Via Math High School","Kudal St Depot",Vengurle,"MATH HIGH SCHOOL",MO,6457,"Vetore High School",10,,,कुडाळ,वोंगुर्ले,23.7,08:30,09:30,,,,,
19964,"Kudal To Vengurle Via Math High School","Kudal St Depot",Vengurle,"MATH HIGH SCHOOL",MO,6458,"Vetore Titha",10.8,,,कुडाळ,वोंगुर्ले,23.7,08:30,09:30,,,,,
19964,"Kudal To Vengurle Via Math High School","Kudal St Depot",Vengurle,"MATH HIGH SCHOOL",MO,6398,"Shambhu Bhavani",11.6,,,कुडाळ,वोंगुर्ले,23.7,08:30,09:30,,,,,
19964,"Kudal To Vengurle Via Math High School","Kudal St Depot",Vengurle,"MATH HIGH SCHOOL",MO,9620,"Bowalekar Wadi",14.9,,,कुडाळ,वोंगुर्ले,23.7,08:30,09:30,,,,,
19964,"Kudal To Vengurle Via Math High School","Kudal St Depot",Vengurle,"MATH HIGH SCHOOL",MO,9709,"Math High School",15.9,,,कुडाळ,वोंगुर्ले,23.7,08:30,09:30,,,,,
19964,"Kudal To Vengurle Via Math High School","Kudal St Depot",Vengurle,"MATH HIGH SCHOOL",MO,9665,Kankewadi,17.7,,,कुडाळ,वोंगुर्ले,23.7,08:30,09:30,,,,,
19964,"Kudal To Vengurle Via Math High School","Kudal St Depot",Vengurle,"MATH HIGH SCHOOL",MO,9708,"Maruti Mandir",20.6,,,कुडाळ,वोंगुर्ले,23.7,08:30,09:30,,,,,
19964,"Kudal To Vengurle Via Math High School","Kudal St Depot",Vengurle,"MATH HIGH SCHOOL",MO,9765,"Rameshwar Mandir",22.8,,,कुडाळ,वोंगुर्ले,23.7,08:30,09:30,,,,,
19964,"Kudal To Vengurle Via Math High School","Kudal St Depot",Vengurle,"MATH HIGH SCHOOL",MO,9824,Vengurle,23.7,,,कुडाळ,वोंगुर्ले,23.7,08:30,09:30,,,,,
40460,"Kudal  To Ratnagiri Rahataghar","Kudal St Depot",Rahataghar,,MO,6237,"Kudal St Depot",,,,कुडाळ,रत्नागिरी,167,09:30,14:30,"Non Obl",Daily,"विश्रांती 8.50-9.30",,
40460,"Kudal  To Ratnagiri Rahataghar","Kudal St Depot",Rahataghar,,MO,6380,"Pawashi Panchayat",2.6,,,कुडाळ,रत्नागिरी,167,09:30,14:30,"Non Obl",Daily,"विश्रांती 8.50-9.30",,
40460,"Kudal  To Ratnagiri Rahataghar","Kudal St Depot",Rahataghar,,MO,88100,Vetalbambarde,6,,,कुडाळ,रत्नागिरी,167,09:30,14:30,"Non Obl",Daily,"विश्रांती 8.50-9.30",,
40460,"Kudal  To Ratnagiri Rahataghar","Kudal St Depot",Rahataghar,,MO,6378,"Pandur Titha",9.1,,,कुडाळ,रत्नागिरी,167,09:30,14:30,"Non Obl",Daily,"विश्रांती 8.50-9.30",,
40460,"Kudal  To Ratnagiri Rahataghar","Kudal St Depot",Rahataghar,,MO,6204,"Humarmala Kasale Dukan",11.8,,,कुडाळ,रत्नागिरी,167,09:30,14:30,"Non Obl",Daily,"विश्रांती 8.50-9.30",,
40460,"Kudal  To Ratnagiri Rahataghar","Kudal St Depot",Rahataghar,,MO,6206,"Humarmala Rane Dukan",12.4,,,कुडाळ,रत्नागिरी,167,09:30,14:30,"Non Obl",Daily,"विश्रांती 8.50-9.30",,
40460,"Kudal  To Ratnagiri Rahataghar","Kudal St Depot",Rahataghar,,MO,6224,"Jijamata Hospital",12.8,,,कुडाळ,रत्नागिरी,167,09:30,14:30,"Non Obl",Daily,"विश्रांती 8.50-9.30",,
40460,"Kudal  To Ratnagiri Rahataghar","Kudal St Depot",Rahataghar,,MO,6362,"Oros Bus Stnad",15.4,,,कुडाळ,रत्नागिरी,167,09:30,14:30,"Non Obl",Daily,"विश्रांती 8.50-9.30",,
40460,"Kudal  To Ratnagiri Rahataghar","Kudal St Depot",Rahataghar,,MO,6226,"Jaitapkar Colany",17,,,कुडाळ,रत्नागिरी,167,09:30,14:30,"Non Obl",Daily,"विश्रांती 8.50-9.30",,
40460,"Kudal  To Ratnagiri Rahataghar","Kudal St Depot",Rahataghar,,MO,6116,Awali,18.5,,,कुडाळ,रत्नागिरी,167,09:30,14:30,"Non Obl",Daily,"विश्रांती 8.50-9.30",,
40460,"Kudal  To Ratnagiri Rahataghar","Kudal St Depot",Rahataghar,,MO,6281,Kasal,20.8,,,कुडाळ,रत्नागिरी,167,09:30,14:30,"Non Obl",Daily,"विश्रांती 8.50-9.30",,
40460,"Kudal  To Ratnagiri Rahataghar","Kudal St Depot",Rahataghar,,MO,2889,"Osargaon Godaoon",22,,,कुडाळ,रत्नागिरी,167,09:30,14:30,"Non Obl",Daily,"विश्रांती 8.50-9.30",,
40460,"Kudal  To Ratnagiri Rahataghar","Kudal St Depot",Rahataghar,,MO,2890,"Osargaon Post",25.1,,,कुडाळ,रत्नागिरी,167,09:30,14:30,"Non Obl",Daily,"विश्रांती 8.50-9.30",,
40460,"Kudal  To Ratnagiri Rahataghar","Kudal St Depot",Rahataghar,,MO,2891,"Osargaon Talav",28,,,कुडाळ,रत्नागिरी,167,09:30,14:30,"Non Obl",Daily,"विश्रांती 8.50-9.30",,
40460,"Kudal  To Ratnagiri Rahataghar","Kudal St Depot",Rahataghar,,MO,2692,Dangalwadi,29.1,,,कुडाळ,रत्नागिरी,167,09:30,14:30,"Non Obl",Daily,"विश्रांती 8.50-9.30",,
40460,"Kudal  To Ratnagiri Rahataghar","Kudal St Depot",Rahataghar,,MO,3001,"Wagade Gpo",30,,,कुडाळ,रत्नागिरी,167,09:30,14:30,"Non Obl",Daily,"विश्रांती 8.50-9.30",,
40460,"Kudal  To Ratnagiri Rahataghar","Kudal St Depot",Rahataghar,,MO,2786,Kankavli,35.2,,,कुडाळ,रत्नागिरी,167,09:30,14:30,"Non Obl",Daily,"विश्रांती 8.50-9.30",,
40460,"Kudal  To Ratnagiri Rahataghar","Kudal St Depot",Rahataghar,,MO,2768,"Janavali Gavthanwadi",39,,,कुडाळ,रत्नागिरी,167,09:30,14:30,"Non Obl",Daily,"विश्रांती 8.50-9.30",,
40460,"Kudal  To Ratnagiri Rahataghar","Kudal St Depot",Rahataghar,,MO,2756,"Humrat Titha",43.3,,,कुडाळ,रत्नागिरी,167,09:30,14:30,"Non Obl",Daily,"विश्रांती 8.50-9.30",,
40460,"Kudal  To Ratnagiri Rahataghar","Kudal St Depot",Rahataghar,,MO,2655,Belane,45.5,,,कुडाळ,रत्नागिरी,167,09:30,14:30,"Non Obl",Daily,"विश्रांती 8.50-9.30",,
40460,"Kudal  To Ratnagiri Rahataghar","Kudal St Depot",Rahataghar,,MO,2870,"Nandgaon Datta Mandir",47.9,,,कुडाळ,रत्नागिरी,167,09:30,14:30,"Non Obl",Daily,"विश्रांती 8.50-9.30",,
40460,"Kudal  To Ratnagiri Rahataghar","Kudal St Depot",Rahataghar,,MO,2871,"Nandgaon Fata",48.1,,,कुडाळ,रत्नागिरी,167,09:30,14:30,"Non Obl",Daily,"विश्रांती 8.50-9.30",,
40460,"Kudal  To Ratnagiri Rahataghar","Kudal St Depot",Rahataghar,,MO,2872,"Nandgaon Nursary",51.4,,,कुडाळ,रत्नागिरी,167,09:30,14:30,"Non Obl",Daily,"विश्रांती 8.50-9.30",,
40460,"Kudal  To Ratnagiri Rahataghar","Kudal St Depot",Rahataghar,,MO,2673,"Bramhan Wadi",55.2,,,कुडाळ,रत्नागिरी,167,09:30,14:30,"Non Obl",Daily,"विश्रांती 8.50-9.30",,
40460,"Kudal  To Ratnagiri Rahataghar","Kudal St Depot",Rahataghar,,MO,2997,"Vijaydurg Fata",57.4,,,कुडाळ,रत्नागिरी,167,09:30,14:30,"Non Obl",Daily,"विश्रांती 8.50-9.30",,
40460,"Kudal  To Ratnagiri Rahataghar","Kudal St Depot",Rahataghar,,MO,2982,Tarla,58.2,,,कुडाळ,रत्नागिरी,167,09:30,14:30,"Non Obl",Daily,"विश्रांती 8.50-9.30",,
40460,"Kudal  To Ratnagiri Rahataghar","Kudal St Depot",Rahataghar,,MO,2844,"Mail Stone",60,,,कुडाळ,रत्नागिरी,167,09:30,14:30,"Non Obl",Daily,"विश्रांती 8.50-9.30",,
40460,"Kudal  To Ratnagiri Rahataghar","Kudal St Depot",Rahataghar,,MO,2941,Saliste,63.1,,,कुडाळ,रत्नागिरी,167,09:30,14:30,"Non Obl",Daily,"विश्रांती 8.50-9.30",,
40460,"Kudal  To Ratnagiri Rahataghar","Kudal St Depot",Rahataghar,,MO,2942,"Saliste Boudhawadi",64,,,कुडाळ,रत्नागिरी,167,09:30,14:30,"Non Obl",Daily,"विश्रांती 8.50-9.30",,
40460,"Kudal  To Ratnagiri Rahataghar","Kudal St Depot",Rahataghar,,MO,3010,Wargaon,65.8,,,कुडाळ,रत्नागिरी,167,09:30,14:30,"Non Obl",Daily,"विश्रांती 8.50-9.30",,
40460,"Kudal  To Ratnagiri Rahataghar","Kudal St Depot",Rahataghar,,MO,2844,"Mail Stone",66.9,,,कुडाळ,रत्नागिरी,167,09:30,14:30,"Non Obl",Daily,"विश्रांती 8.50-9.30",,
40460,"Kudal  To Ratnagiri Rahataghar","Kudal St Depot",Rahataghar,,MO,2648,Bambarwadi,67,,,कुडाळ,रत्नागिरी,167,09:30,14:30,"Non Obl",Daily,"विश्रांती 8.50-9.30",,
40460,"Kudal  To Ratnagiri Rahataghar","Kudal St Depot",Rahataghar,,MO,2863,Nadgive,69,,,कुडाळ,रत्नागिरी,167,09:30,14:30,"Non Obl",Daily,"विश्रांती 8.50-9.30",,
40460,"Kudal  To Ratnagiri Rahataghar","Kudal St Depot",Rahataghar,,MO,2861,"Mutat Fata",71.3,,,कुडाळ,रत्नागिरी,167,09:30,14:30,"Non Obl",Daily,"विश्रांती 8.50-9.30",,
40460,"Kudal  To Ratnagiri Rahataghar","Kudal St Depot",Rahataghar,,MO,2812,Kharepatan,72.3,,,कुडाळ,रत्नागिरी,167,09:30,14:30,"Non Obl",Daily,"विश्रांती 8.50-9.30",,
40460,"Kudal  To Ratnagiri Rahataghar","Kudal St Depot",Rahataghar,,MO,15236,"Takewadi School",75.4,,,कुडाळ,रत्नागिरी,167,09:30,14:30,"Non Obl",Daily,"विश्रांती 8.50-9.30",,
40460,"Kudal  To Ratnagiri Rahataghar","Kudal St Depot",Rahataghar,,MO,14879,Panhale,77.8,,,कुडाळ,रत्नागिरी,167,09:30,14:30,"Non Obl",Daily,"विश्रांती 8.50-9.30",,
40460,"Kudal  To Ratnagiri Rahataghar","Kudal St Depot",Rahataghar,,MO,14609,Kodiye,80.8,,,कुडाळ,रत्नागिरी,167,09:30,14:30,"Non Obl",Daily,"विश्रांती 8.50-9.30",,
40460,"Kudal  To Ratnagiri Rahataghar","Kudal St Depot",Rahataghar,,MO,14521,"Hativale Jaitapur Fata",84.3,,,कुडाळ,रत्नागिरी,167,09:30,14:30,"Non Obl",Daily,"विश्रांती 8.50-9.30",,
40460,"Kudal  To Ratnagiri Rahataghar","Kudal St Depot",Rahataghar,,MO,14473,"Ganga Tirtha Fata",88.9,,,कुडाळ,रत्नागिरी,167,09:30,14:30,"Non Obl",Daily,"विश्रांती 8.50-9.30",,
40460,"Kudal  To Ratnagiri Rahataghar","Kudal St Depot",Rahataghar,,MO,15006,Rajapur,92.7,,,कुडाळ,रत्नागिरी,167,09:30,14:30,"Non Obl",Daily,"विश्रांती 8.50-9.30",,
40460,"Kudal  To Ratnagiri Rahataghar","Kudal St Depot",Rahataghar,,MO,14735,"Musakazi Fata",93.3,,,कुडाळ,रत्नागिरी,167,09:30,14:30,"Non Obl",Daily,"विश्रांती 8.50-9.30",,
40460,"Kudal  To Ratnagiri Rahataghar","Kudal St Depot",Rahataghar,,MO,14615,"Kodavali School",96.4,,,कुडाळ,रत्नागिरी,167,09:30,14:30,"Non Obl",Daily,"विश्रांती 8.50-9.30",,
40460,"Kudal  To Ratnagiri Rahataghar","Kudal St Depot",Rahataghar,,MO,14831,Nerke,98,,,कुडाळ,रत्नागिरी,167,09:30,14:30,"Non Obl",Daily,"विश्रांती 8.50-9.30",,
40460,"Kudal  To Ratnagiri Rahataghar","Kudal St Depot",Rahataghar,,MO,14846,"Nerke Pickup Shed",98.8,,,कुडाळ,रत्नागिरी,167,09:30,14:30,"Non Obl",Daily,"विश्रांती 8.50-9.30",,
40460,"Kudal  To Ratnagiri Rahataghar","Kudal St Depot",Rahataghar,,MO,14719,"Kharavate Fata",99.7,,,कुडाळ,रत्नागिरी,167,09:30,14:30,"Non Obl",Daily,"विश्रांती 8.50-9.30",,
40460,"Kudal  To Ratnagiri Rahataghar","Kudal St Depot",Rahataghar,,MO,89331,Oni,100,,,कुडाळ,रत्नागिरी,167,09:30,14:30,"Non Obl",Daily,"विश्रांती 8.50-9.30",,
40460,"Kudal  To Ratnagiri Rahataghar","Kudal St Depot",Rahataghar,,MO,15159,"Shivane Fata",103.7,,,कुडाळ,रत्नागिरी,167,09:30,14:30,"Non Obl",Daily,"विश्रांती 8.50-9.30",,
40460,"Kudal  To Ratnagiri Rahataghar","Kudal St Depot",Rahataghar,,MO,15325,"Yerdav Fata",105.2,,,कुडाळ,रत्नागिरी,167,09:30,14:30,"Non Obl",Daily,"विश्रांती 8.50-9.30",,
40460,"Kudal  To Ratnagiri Rahataghar","Kudal St Depot",Rahataghar,,MO,15286,"Vatul Titha",108.8,,,कुडाळ,रत्नागिरी,167,09:30,14:30,"Non Obl",Daily,"विश्रांती 8.50-9.30",,
40460,"Kudal  To Ratnagiri Rahataghar","Kudal St Depot",Rahataghar,,MO,13279,"Laxmi Bag Waked",111.8,,,कुडाळ,रत्नागिरी,167,09:30,14:30,"Non Obl",Daily,"विश्रांती 8.50-9.30",,
40460,"Kudal  To Ratnagiri Rahataghar","Kudal St Depot",Rahataghar,,MO,13274,"Kuwa Village",117.3,,,कुडाळ,रत्नागिरी,167,09:30,14:30,"Non Obl",Daily,"विश्रांती 8.50-9.30",,
40460,"Kudal  To Ratnagiri Rahataghar","Kudal St Depot",Rahataghar,,MO,13286,Lanja,121.9,,,कुडाळ,रत्नागिरी,167,09:30,14:30,"Non Obl",Daily,"विश्रांती 8.50-9.30",,
40460,"Kudal  To Ratnagiri Rahataghar","Kudal St Depot",Rahataghar,,MO,13276,"Lanja Poultry Farm",123.7,,,कुडाळ,रत्नागिरी,167,09:30,14:30,"Non Obl",Daily,"विश्रांती 8.50-9.30",,
40460,"Kudal  To Ratnagiri Rahataghar","Kudal St Depot",Rahataghar,,MO,13277,"Lanja Agri. Farm",125.7,,,कुडाळ,रत्नागिरी,167,09:30,14:30,"Non Obl",Daily,"विश्रांती 8.50-9.30",,
40460,"Kudal  To Ratnagiri Rahataghar","Kudal St Depot",Rahataghar,,MO,13011,"Devle Hed Pavas Fata",127.4,,,कुडाळ,रत्नागिरी,167,09:30,14:30,"Non Obl",Daily,"विश्रांती 8.50-9.30",,
40460,"Kudal  To Ratnagiri Rahataghar","Kudal St Depot",Rahataghar,,MO,13573,Veral,129.8,,,कुडाळ,रत्नागिरी,167,09:30,14:30,"Non Obl",Daily,"विश्रांती 8.50-9.30",,
40460,"Kudal  To Ratnagiri Rahataghar","Kudal St Depot",Rahataghar,,MO,12889,"Anjanari Bridge",132.3,,,कुडाळ,रत्नागिरी,167,09:30,14:30,"Non Obl",Daily,"विश्रांती 8.50-9.30",,
40460,"Kudal  To Ratnagiri Rahataghar","Kudal St Depot",Rahataghar,,MO,13297,Math,135.8,,,कुडाळ,रत्नागिरी,167,09:30,14:30,"Non Obl",Daily,"विश्रांती 8.50-9.30",,
40460,"Kudal  To Ratnagiri Rahataghar","Kudal St Depot",Rahataghar,,MO,15998,Khanu,138.2,,,कुडाळ,रत्नागिरी,167,09:30,14:30,"Non Obl",Daily,"विश्रांती 8.50-9.30",,
40460,"Kudal  To Ratnagiri Rahataghar","Kudal St Depot",Rahataghar,,MO,16416,Pali,140,,,कुडाळ,रत्नागिरी,167,09:30,14:30,"Non Obl",Daily,"विश्रांती 8.50-9.30",,
40460,"Kudal  To Ratnagiri Rahataghar","Kudal St Depot",Rahataghar,,MO,15946,Kapadagaon,145.1,,,कुडाळ,रत्नागिरी,167,09:30,14:30,"Non Obl",Daily,"विश्रांती 8.50-9.30",,
40460,"Kudal  To Ratnagiri Rahataghar","Kudal St Depot",Rahataghar,,MO,15559,Charveli,145.2,,,कुडाळ,रत्नागिरी,167,09:30,14:30,"Non Obl",Daily,"विश्रांती 8.50-9.30",,
40460,"Kudal  To Ratnagiri Rahataghar","Kudal St Depot",Rahataghar,,MO,15482,"Bsnl Tower",145.8,,,कुडाळ,रत्नागिरी,167,09:30,14:30,"Non Obl",Daily,"विश्रांती 8.50-9.30",,
40460,"Kudal  To Ratnagiri Rahataghar","Kudal St Depot",Rahataghar,,MO,16631,"Sheti Farm",146,,,कुडाळ,रत्नागिरी,167,09:30,14:30,"Non Obl",Daily,"विश्रांती 8.50-9.30",,
40460,"Kudal  To Ratnagiri Rahataghar","Kudal St Depot",Rahataghar,,MO,15833,"Hatakhamba Gaon",149.6,,,कुडाळ,रत्नागिरी,167,09:30,14:30,"Non Obl",Daily,"विश्रांती 8.50-9.30",,
40460,"Kudal  To Ratnagiri Rahataghar","Kudal St Depot",Rahataghar,,MO,15851,Hatkhamba,151.2,,,कुडाळ,रत्नागिरी,167,09:30,14:30,"Non Obl",Daily,"विश्रांती 8.50-9.30",,
40460,"Kudal  To Ratnagiri Rahataghar","Kudal St Depot",Rahataghar,,MO,16466,"Panval Fata",152.6,,,कुडाळ,रत्नागिरी,167,09:30,14:30,"Non Obl",Daily,"विश्रांती 8.50-9.30",,
40460,"Kudal  To Ratnagiri Rahataghar","Kudal St Depot",Rahataghar,,MO,15979,"Khedshi Fata",154.6,,,कुडाळ,रत्नागिरी,167,09:30,14:30,"Non Obl",Daily,"विश्रांती 8.50-9.30",,
40460,"Kudal  To Ratnagiri Rahataghar","Kudal St Depot",Rahataghar,,MO,16108,Kuravbao,157.6,,,कुडाळ,रत्नागिरी,167,09:30,14:30,"Non Obl",Daily,"विश्रांती 8.50-9.30",,
40460,"Kudal  To Ratnagiri Rahataghar","Kudal St Depot",Rahataghar,,MO,16663,Shivajinagar,161.2,,,कुडाळ,रत्नागिरी,167,09:30,14:30,"Non Obl",Daily,"विश्रांती 8.50-9.30",,
40460,"Kudal  To Ratnagiri Rahataghar","Kudal St Depot",Rahataghar,,MO,16599,Ratnagiri,166.4,,,कुडाळ,रत्नागिरी,167,09:30,14:30,"Non Obl",Daily,"विश्रांती 8.50-9.30",,
40460,"Kudal  To Ratnagiri Rahataghar","Kudal St Depot",Rahataghar,,MO,16548,Rahataghar,167,,,कुडाळ,रत्नागिरी,167,09:30,14:30,"Non Obl",Daily,"विश्रांती 8.50-9.30",,
49607,"Kudal St Depot To Nivaje","Kudal St Depot",Nivaje,,MO,6240,"Kudal St Depot",,,,"कुडाळ आगार",निवजे,30.3,13:00,14:10,,,,,
49607,"Kudal St Depot To Nivaje","Kudal St Depot",Nivaje,,MO,6237,"Kudal St Depot",1.5,,,"कुडाळ आगार",निवजे,30.3,13:00,14:10,,,,,
49607,"Kudal St Depot To Nivaje","Kudal St Depot",Nivaje,,MO,6107,"Ambadpal G.P.O.",5.4,,,"कुडाळ आगार",निवजे,30.3,13:00,14:10,,,,,
49607,"Kudal St Depot To Nivaje","Kudal St Depot",Nivaje,,MO,6313,"Mulade Mandir",7.6,,,"कुडाळ आगार",निवजे,30.3,13:00,14:10,,,,,
49607,"Kudal St Depot To Nivaje","Kudal St Depot",Nivaje,,MO,6444,"Tulsuli High School",8.5,,,"कुडाळ आगार",निवजे,30.3,13:00,14:10,,,,,
49607,"Kudal St Depot To Nivaje","Kudal St Depot",Nivaje,,MO,6443,"Tulsuli Bhimnagar",9,,,"कुडाळ आगार",निवजे,30.3,13:00,14:10,,,,,
49607,"Kudal St Depot To Nivaje","Kudal St Depot",Nivaje,,MO,6171,"Ghavanale Gpo",12,,,"कुडाळ आगार",निवजे,30.3,13:00,14:10,,,,,
49607,"Kudal St Depot To Nivaje","Kudal St Depot",Nivaje,,MO,6180,"Ghavanale Namas Wadi Giran",13.5,,,"कुडाळ आगार",निवजे,30.3,13:00,14:10,,,,,
49607,"Kudal St Depot To Nivaje","Kudal St Depot",Nivaje,,MO,6176,"Ghavanale Gaothan Wadi",14,,,"कुडाळ आगार",निवजे,30.3,13:00,14:10,,,,,
49607,"Kudal St Depot To Nivaje","Kudal St Depot",Nivaje,,MO,6134,Bhimnagar,15,,,"कुडाळ आगार",निवजे,30.3,13:00,14:10,,,,,
49607,"Kudal St Depot To Nivaje","Kudal St Depot",Nivaje,,MO,6468,Waingankarwadi,17,,,"कुडाळ आगार",निवजे,30.3,13:00,14:10,,,,,
49607,"Kudal St Depot To Nivaje","Kudal St Depot",Nivaje,,MO,6092,Amberi,18,,,"कुडाळ आगार",निवजे,30.3,13:00,14:10,,,,,
49607,"Kudal St Depot To Nivaje","Kudal St Depot",Nivaje,,MO,6175,Gadavane,21,,,"कुडाळ आगार",निवजे,30.3,13:00,14:10,,,,,
49607,"Kudal St Depot To Nivaje","Kudal St Depot",Nivaje,,MO,6356,"Nivaje Chavata",26.3,,,"कुडाळ आगार",निवजे,30.3,13:00,14:10,,,,,
49607,"Kudal St Depot To Nivaje","Kudal St Depot",Nivaje,,MO,6357,Nivaje,30.3,,,"कुडाळ आगार",निवजे,30.3,13:00,14:10,,,,,
59718,"Kudal To Kudal Via Tulsuli Bhimnagar","Kudal St Depot","Kudal St Depot","TULSULI BHIMNAGAR",MO,6240,"Kudal St Depot",,,,"कुडाळ आगार","बामणादेवी कुडाळ आगार",38.8,09:50,11:00,SC,"SAT & SUN",,,
59718,"Kudal To Kudal Via Tulsuli Bhimnagar","Kudal St Depot","Kudal St Depot","TULSULI BHIMNAGAR",MO,6237,"Kudal St Depot",1.5,,,"कुडाळ आगार","बामणादेवी कुडाळ आगार",38.8,09:50,11:00,SC,"SAT & SUN",,,
59718,"Kudal To Kudal Via Tulsuli Bhimnagar","Kudal St Depot","Kudal St Depot","TULSULI BHIMNAGAR",MO,6388,"Pawashi Kesarkarwadi",3,,,"कुडाळ आगार","बामणादेवी कुडाळ आगार",38.8,09:50,11:00,SC,"SAT & SUN",,,
59718,"Kudal To Kudal Via Tulsuli Bhimnagar","Kudal St Depot","Kudal St Depot","TULSULI BHIMNAGAR",MO,6107,"Ambadpal G.P.O.",4,,,"कुडाळ आगार","बामणादेवी कुडाळ आगार",38.8,09:50,11:00,SC,"SAT & SUN",,,
59718,"Kudal To Kudal Via Tulsuli Bhimnagar","Kudal St Depot","Kudal St Depot","TULSULI BHIMNAGAR",MO,6355,"Navnath Mandir",6,,,"कुडाळ आगार","बामणादेवी कुडाळ आगार",38.8,09:50,11:00,SC,"SAT & SUN",,,
59718,"Kudal To Kudal Via Tulsuli Bhimnagar","Kudal St Depot","Kudal St Depot","TULSULI BHIMNAGAR",MO,6287,"Khutwalwadi School",9,,,"कुडाळ आगार","बामणादेवी कुडाळ आगार",38.8,09:50,11:00,SC,"SAT & SUN",,,
59718,"Kudal To Kudal Via Tulsuli Bhimnagar","Kudal St Depot","Kudal St Depot","TULSULI BHIMNAGAR",MO,6297,Mashachiwadi,10,,,"कुडाळ आगार","बामणादेवी कुडाळ आगार",38.8,09:50,11:00,SC,"SAT & SUN",,,
59718,"Kudal To Kudal Via Tulsuli Bhimnagar","Kudal St Depot","Kudal St Depot","TULSULI BHIMNAGAR",MO,6295,Mhatargalu,12,,,"कुडाळ आगार","बामणादेवी कुडाळ आगार",38.8,09:50,11:00,SC,"SAT & SUN",,,
59718,"Kudal To Kudal Via Tulsuli Bhimnagar","Kudal St Depot","Kudal St Depot","TULSULI BHIMNAGAR",MO,6132,Bamanadevi,15,,,"कुडाळ आगार","बामणादेवी कुडाळ आगार",38.8,09:50,11:00,SC,"SAT & SUN",,,
59718,"Kudal To Kudal Via Tulsuli Bhimnagar","Kudal St Depot","Kudal St Depot","TULSULI BHIMNAGAR",MO,6269,Khocharewadi,18,,,"कुडाळ आगार","बामणादेवी कुडाळ आगार",38.8,09:50,11:00,SC,"SAT & SUN",,,
59718,"Kudal To Kudal Via Tulsuli Bhimnagar","Kudal St Depot","Kudal St Depot","TULSULI BHIMNAGAR",MO,6171,"Ghavanale Gpo",21,,,"कुडाळ आगार","बामणादेवी कुडाळ आगार",38.8,09:50,11:00,SC,"SAT & SUN",,,
59718,"Kudal To Kudal Via Tulsuli Bhimnagar","Kudal St Depot","Kudal St Depot","TULSULI BHIMNAGAR",MO,6443,"Tulsuli Bhimnagar",24,,,"कुडाळ आगार","बामणादेवी कुडाळ आगार",38.8,09:50,11:00,SC,"SAT & SUN",,,
59718,"Kudal To Kudal Via Tulsuli Bhimnagar","Kudal St Depot","Kudal St Depot","TULSULI BHIMNAGAR",MO,6444,"Tulsuli High School",27,,,"कुडाळ आगार","बामणादेवी कुडाळ आगार",38.8,09:50,11:00,SC,"SAT & SUN",,,
59718,"Kudal To Kudal Via Tulsuli Bhimnagar","Kudal St Depot","Kudal St Depot","TULSULI BHIMNAGAR",MO,6313,"Mulade Mandir",30,,,"कुडाळ आगार","बामणादेवी कुडाळ आगार",38.8,09:50,11:00,SC,"SAT & SUN",,,
59718,"Kudal To Kudal Via Tulsuli Bhimnagar","Kudal St Depot","Kudal St Depot","TULSULI BHIMNAGAR",MO,6107,"Ambadpal G.P.O.",31,,,"कुडाळ आगार","बामणादेवी कुडाळ आगार",38.8,09:50,11:00,SC,"SAT & SUN",,,
59718,"Kudal To Kudal Via Tulsuli Bhimnagar","Kudal St Depot","Kudal St Depot","TULSULI BHIMNAGAR",MO,6237,"Kudal St Depot",34,,,"कुडाळ आगार","बामणादेवी कुडाळ आगार",38.8,09:50,11:00,SC,"SAT & SUN",,,
59718,"Kudal To Kudal Via Tulsuli Bhimnagar","Kudal St Depot","Kudal St Depot","TULSULI BHIMNAGAR",MO,6240,"Kudal St Depot",38.8,,,"कुडाळ आगार","बामणादेवी कुडाळ आगार",38.8,09:50,11:00,SC,"SAT & SUN",,,
60502,"Nivaje To Kudal",Nivaje,"Kudal St Depot",,MO,6357,Nivaje,,,,निवजे,कुडाळ,28.8,14:20,15:30,,,,,
60502,"Nivaje To Kudal",Nivaje,"Kudal St Depot",,MO,6356,"Nivaje Chavata",4,,,निवजे,कुडाळ,28.8,14:20,15:30,,,,,
60502,"Nivaje To Kudal",Nivaje,"Kudal St Depot",,MO,6175,Gadavane,9.3,,,निवजे,कुडाळ,28.8,14:20,15:30,,,,,
60502,"Nivaje To Kudal",Nivaje,"Kudal St Depot",,MO,6092,Amberi,12.3,,,निवजे,कुडाळ,28.8,14:20,15:30,,,,,
60502,"Nivaje To Kudal",Nivaje,"Kudal St Depot",,MO,6468,Waingankarwadi,13.3,,,निवजे,कुडाळ,28.8,14:20,15:30,,,,,
60502,"Nivaje To Kudal",Nivaje,"Kudal St Depot",,MO,6134,Bhimnagar,15.3,,,निवजे,कुडाळ,28.8,14:20,15:30,,,,,
60502,"Nivaje To Kudal",Nivaje,"Kudal St Depot",,MO,6176,"Ghavanale Gaothan Wadi",16.3,,,निवजे,कुडाळ,28.8,14:20,15:30,,,,,
60502,"Nivaje To Kudal",Nivaje,"Kudal St Depot",,MO,6180,"Ghavanale Namas Wadi Giran",16.8,,,निवजे,कुडाळ,28.8,14:20,15:30,,,,,
60502,"Nivaje To Kudal",Nivaje,"Kudal St Depot",,MO,6171,"Ghavanale Gpo",18.3,,,निवजे,कुडाळ,28.8,14:20,15:30,,,,,
60502,"Nivaje To Kudal",Nivaje,"Kudal St Depot",,MO,6443,"Tulsuli Bhimnagar",21.3,,,निवजे,कुडाळ,28.8,14:20,15:30,,,,,
60502,"Nivaje To Kudal",Nivaje,"Kudal St Depot",,MO,6444,"Tulsuli High School",21.8,,,निवजे,कुडाळ,28.8,14:20,15:30,,,,,
60502,"Nivaje To Kudal",Nivaje,"Kudal St Depot",,MO,6313,"Mulade Mandir",22.7,,,निवजे,कुडाळ,28.8,14:20,15:30,,,,,
60502,"Nivaje To Kudal",Nivaje,"Kudal St Depot",,MO,6107,"Ambadpal G.P.O.",24.9,,,निवजे,कुडाळ,28.8,14:20,15:30,,,,,
60502,"Nivaje To Kudal",Nivaje,"Kudal St Depot",,MO,6237,"Kudal St Depot",28.8,,,निवजे,कुडाळ,28.8,14:20,15:30,,,,,
62929,"Bhogalewadi To Kudal",Bhogalewadi,"Kudal St Depot",,MO,6141,Bhogalewadi,,,,भोगलेवाडी,कुडाळ,11.8,17:30,17:55,sc,"sat & SUN",,,
62929,"Bhogalewadi To Kudal",Bhogalewadi,"Kudal St Depot",,MO,6325,"Maruti Mandir",3,,,भोगलेवाडी,कुडाळ,11.8,17:30,17:55,sc,"sat & SUN",,,
62929,"Bhogalewadi To Kudal",Bhogalewadi,"Kudal St Depot",,MO,88100,Vetalbambarde,5.8,,,भोगलेवाडी,कुडाळ,11.8,17:30,17:55,sc,"sat & SUN",,,
62929,"Bhogalewadi To Kudal",Bhogalewadi,"Kudal St Depot",,MO,6380,"Pawashi Panchayat",9,,,भोगलेवाडी,कुडाळ,11.8,17:30,17:55,sc,"sat & SUN",,,
62929,"Bhogalewadi To Kudal",Bhogalewadi,"Kudal St Depot",,MO,6237,"Kudal St Depot",11.8,,,भोगलेवाडी,कुडाळ,11.8,17:30,17:55,sc,"sat & SUN",,,
76657,"Kudal To Oras Via Dabachi Wadi","Kudal St Depot",Oras,"DABACHI WADI",MO,6237,"Kudal St Depot",,,,कुडाळ,सिंधदुर्गनगरी,21.4,11:30,12:15,SC,SUN,,,
76657,"Kudal To Oras Via Dabachi Wadi","Kudal St Depot",Oras,"DABACHI WADI",MO,6380,"Pawashi Panchayat",2.5,,,कुडाळ,सिंधदुर्गनगरी,21.4,11:30,12:15,SC,SUN,,,
76657,"Kudal To Oras Via Dabachi Wadi","Kudal St Depot",Oras,"DABACHI WADI",MO,88100,Vetalbambarde,6,,,कुडाळ,सिंधदुर्गनगरी,21.4,11:30,12:15,SC,SUN,,,
76657,"Kudal To Oras Via Dabachi Wadi","Kudal St Depot",Oras,"DABACHI WADI",MO,6365,Pandur,9,,,कुडाळ,सिंधदुर्गनगरी,21.4,11:30,12:15,SC,SUN,,,
76657,"Kudal To Oras Via Dabachi Wadi","Kudal St Depot",Oras,"DABACHI WADI",MO,6391,"Rameshwar Mandir",10.1,,,कुडाळ,सिंधदुर्गनगरी,21.4,11:30,12:15,SC,SUN,,,
76657,"Kudal To Oras Via Dabachi Wadi","Kudal St Depot",Oras,"DABACHI WADI",MO,6134,Bhimnagar,14,,,कुडाळ,सिंधदुर्गनगरी,21.4,11:30,12:15,SC,SUN,,,
76657,"Kudal To Oras Via Dabachi Wadi","Kudal St Depot",Oras,"DABACHI WADI",MO,6910,"Mail Dagad",15,,,कुडाळ,सिंधदुर्गनगरी,21.4,11:30,12:15,SC,SUN,,,
76657,"Kudal To Oras Via Dabachi Wadi","Kudal St Depot",Oras,"DABACHI WADI",MO,6155,"Dabachi Wadi",16,,,कुडाळ,सिंधदुर्गनगरी,21.4,11:30,12:15,SC,SUN,,,
76657,"Kudal To Oras Via Dabachi Wadi","Kudal St Depot",Oras,"DABACHI WADI",MO,6424,Sukalwad,18,,,कुडाळ,सिंधदुर्गनगरी,21.4,11:30,12:15,SC,SUN,,,
76657,"Kudal To Oras Via Dabachi Wadi","Kudal St Depot",Oras,"DABACHI WADI",MO,6152,"Civil Hospital Sindhudurgnagari",20,,,कुडाळ,सिंधदुर्गनगरी,21.4,11:30,12:15,SC,SUN,,,
76657,"Kudal To Oras Via Dabachi Wadi","Kudal St Depot",Oras,"DABACHI WADI",MO,6361,Oras,21.4,,,कुडाळ,सिंधदुर्गनगरी,21.4,11:30,12:15,SC,SUN,,,
76658,"Oras To Kudal Via Pandur",Oras,"Kudal St Depot",PANDUR,MO,6361,Oras,,,,सिंधदुर्गनगरी,कुडाळ,18.6,08:25,08:55,sc,SUN,,,
76658,"Oras To Kudal Via Pandur",Oras,"Kudal St Depot",PANDUR,MO,6362,"Oros Bus Stnad",2.1,,,सिंधदुर्गनगरी,कुडाळ,18.6,08:25,08:55,sc,SUN,,,
76658,"Oras To Kudal Via Pandur",Oras,"Kudal St Depot",PANDUR,MO,6206,"Humarmala Rane Dukan",6.2,,,सिंधदुर्गनगरी,कुडाळ,18.6,08:25,08:55,sc,SUN,,,
76658,"Oras To Kudal Via Pandur",Oras,"Kudal St Depot",PANDUR,MO,6204,"Humarmala Kasale Dukan",9,,,सिंधदुर्गनगरी,कुडाळ,18.6,08:25,08:55,sc,SUN,,,
76658,"Oras To Kudal Via Pandur",Oras,"Kudal St Depot",PANDUR,MO,6365,Pandur,12,,,सिंधदुर्गनगरी,कुडाळ,18.6,08:25,08:55,sc,SUN,,,
76658,"Oras To Kudal Via Pandur",Oras,"Kudal St Depot",PANDUR,MO,88100,Vetalbambarde,13.5,,,सिंधदुर्गनगरी,कुडाळ,18.6,08:25,08:55,sc,SUN,,,
76658,"Oras To Kudal Via Pandur",Oras,"Kudal St Depot",PANDUR,MO,6380,"Pawashi Panchayat",16.2,,,सिंधदुर्गनगरी,कुडाळ,18.6,08:25,08:55,sc,SUN,,,
76658,"Oras To Kudal Via Pandur",Oras,"Kudal St Depot",PANDUR,MO,6237,"Kudal St Depot",18.6,,,सिंधदुर्गनगरी,कुडाळ,18.6,08:25,08:55,sc,SUN,,,
107882,"Kumbhyachiwadi To Kudal St Depot",Kumbhyachiwadi,"Kudal St Depot",,MO,6285,Kumbhyachiwadi,,,,पांग्रड,"कुडाळ आगार",29.3,12:40,13:40,,,"विश्रांती 10.35-11.30",,
107882,"Kumbhyachiwadi To Kudal St Depot",Kumbhyachiwadi,"Kudal St Depot",,MO,6374,Pangrad,2.6,,,पांग्रड,"कुडाळ आगार",29.3,12:40,13:40,,,"विश्रांती 10.35-11.30",,
107882,"Kumbhyachiwadi To Kudal St Depot",Kumbhyachiwadi,"Kudal St Depot",,MO,6340,"Nirukhe Terse Shop",4,,,पांग्रड,"कुडाळ आगार",29.3,12:40,13:40,,,"विश्रांती 10.35-11.30",,
107882,"Kumbhyachiwadi To Kudal St Depot",Kumbhyachiwadi,"Kudal St Depot",,MO,6151,Crusher,6.8,,,पांग्रड,"कुडाळ आगार",29.3,12:40,13:40,,,"विश्रांती 10.35-11.30",,
107882,"Kumbhyachiwadi To Kudal St Depot",Kumbhyachiwadi,"Kudal St Depot",,MO,6375,"Pangrad Fata",7.6,,,पांग्रड,"कुडाळ आगार",29.3,12:40,13:40,,,"विश्रांती 10.35-11.30",,
107882,"Kumbhyachiwadi To Kudal St Depot",Kumbhyachiwadi,"Kudal St Depot",,MO,6243,"Kadawal Post",8.8,,,पांग्रड,"कुडाळ आगार",29.3,12:40,13:40,,,"विश्रांती 10.35-11.30",,
107882,"Kumbhyachiwadi To Kudal St Depot",Kumbhyachiwadi,"Kudal St Depot",,MO,6244,Kadawal,9.2,,,पांग्रड,"कुडाळ आगार",29.3,12:40,13:40,,,"विश्रांती 10.35-11.30",,
107882,"Kumbhyachiwadi To Kudal St Depot",Kumbhyachiwadi,"Kudal St Depot",,MO,6087,"Awalegaon Dispensary",10.6,,,पांग्रड,"कुडाळ आगार",29.3,12:40,13:40,,,"विश्रांती 10.35-11.30",,
107882,"Kumbhyachiwadi To Kudal St Depot",Kumbhyachiwadi,"Kudal St Depot",,MO,14973,"Patkar Ghar",13.1,,,पांग्रड,"कुडाळ आगार",29.3,12:40,13:40,,,"विश्रांती 10.35-11.30",,
107882,"Kumbhyachiwadi To Kudal St Depot",Kumbhyachiwadi,"Kudal St Depot",,MO,6157,"Digas Kalika Mandir",14.4,,,पांग्रड,"कुडाळ आगार",29.3,12:40,13:40,,,"विश्रांती 10.35-11.30",,
107882,"Kumbhyachiwadi To Kudal St Depot",Kumbhyachiwadi,"Kudal St Depot",,MO,6227,"Khadichegalu Pulaskar",15.9,,,पांग्रड,"कुडाळ आगार",29.3,12:40,13:40,,,"विश्रांती 10.35-11.30",,
107882,"Kumbhyachiwadi To Kudal St Depot",Kumbhyachiwadi,"Kudal St Depot",,MO,6373,"Pandur Phc",18.2,,,पांग्रड,"कुडाळ आगार",29.3,12:40,13:40,,,"विश्रांती 10.35-11.30",,
107882,"Kumbhyachiwadi To Kudal St Depot",Kumbhyachiwadi,"Kudal St Depot",,MO,6365,Pandur,18.8,,,पांग्रड,"कुडाळ आगार",29.3,12:40,13:40,,,"विश्रांती 10.35-11.30",,
107882,"Kumbhyachiwadi To Kudal St Depot",Kumbhyachiwadi,"Kudal St Depot",,MO,88100,Vetalbambarde,21,,,पांग्रड,"कुडाळ आगार",29.3,12:40,13:40,,,"विश्रांती 10.35-11.30",,
107882,"Kumbhyachiwadi To Kudal St Depot",Kumbhyachiwadi,"Kudal St Depot",,MO,6380,"Pawashi Panchayat",24,,,पांग्रड,"कुडाळ आगार",29.3,12:40,13:40,,,"विश्रांती 10.35-11.30",,
107882,"Kumbhyachiwadi To Kudal St Depot",Kumbhyachiwadi,"Kudal St Depot",,MO,6237,"Kudal St Depot",27.8,,,पांग्रड,"कुडाळ आगार",29.3,12:40,13:40,,,"विश्रांती 10.35-11.30",,
107882,"Kumbhyachiwadi To Kudal St Depot",Kumbhyachiwadi,"Kudal St Depot",,MO,6240,"Kudal St Depot",29.3,,,पांग्रड,"कुडाळ आगार",29.3,12:40,13:40,,,"विश्रांती 10.35-11.30",,
107917,"Kudal To Khavane","Kudal St Depot",Khavane,"PAT TITHA",MO,6237,"Kudal St Depot",,,,कुडाळ,खवणे,22.1,17:30,18:30,,,"विश्रांती 11.30-12.00",,
107917,"Kudal To Khavane","Kudal St Depot",Khavane,"PAT TITHA",MO,6376,"Pinguli Titha",2.8,,,कुडाळ,खवणे,22.1,17:30,18:30,,,"विश्रांती 11.30-12.00",,
107917,"Kudal To Khavane","Kudal St Depot",Khavane,"PAT TITHA",MO,6251,"Karmal Galu",6.1,,,कुडाळ,खवणे,22.1,17:30,18:30,,,"विश्रांती 11.30-12.00",,
107917,"Kudal To Khavane","Kudal St Depot",Khavane,"PAT TITHA",MO,6298,Madyachiwadi,8.2,,,कुडाळ,खवणे,22.1,17:30,18:30,,,"विश्रांती 11.30-12.00",,
107917,"Kudal To Khavane","Kudal St Depot",Khavane,"PAT TITHA",MO,6305,"Madyachiwadi Phanas",9.6,,,कुडाळ,खवणे,22.1,17:30,18:30,,,"विश्रांती 11.30-12.00",,
107917,"Kudal To Khavane","Kudal St Depot",Khavane,"PAT TITHA",MO,6215,Humarmala,12.2,,,कुडाळ,खवणे,22.1,17:30,18:30,,,"विश्रांती 11.30-12.00",,
107917,"Kudal To Khavane","Kudal St Depot",Khavane,"PAT TITHA",MO,6094,"Andurle Khind",12.9,,,कुडाळ,खवणे,22.1,17:30,18:30,,,"विश्रांती 11.30-12.00",,
107917,"Kudal To Khavane","Kudal St Depot",Khavane,"PAT TITHA",MO,6377,"Pendurkar Dukan",14.8,,,कुडाळ,खवणे,22.1,17:30,18:30,,,"विश्रांती 11.30-12.00",,
107917,"Kudal To Khavane","Kudal St Depot",Khavane,"PAT TITHA",MO,6384,"Pat Titha",16.1,,,कुडाळ,खवणे,22.1,17:30,18:30,,,"विश्रांती 11.30-12.00",,
107917,"Kudal To Khavane","Kudal St Depot",Khavane,"PAT TITHA",MO,9719,"Mhapan Kochara Titha",17.2,,,कुडाळ,खवणे,22.1,17:30,18:30,,,"विश्रांती 11.30-12.00",,
107917,"Kudal To Khavane","Kudal St Depot",Khavane,"PAT TITHA",MO,9718,"Mhapan Khavane Titha",18.5,,,कुडाळ,खवणे,22.1,17:30,18:30,,,"विश्रांती 11.30-12.00",,
107917,"Kudal To Khavane","Kudal St Depot",Khavane,"PAT TITHA",MO,9701,"Malai Fata",19.2,,,कुडाळ,खवणे,22.1,17:30,18:30,,,"विश्रांती 11.30-12.00",,
107917,"Kudal To Khavane","Kudal St Depot",Khavane,"PAT TITHA",MO,9681,Khavane,22.1,,,कुडाळ,खवणे,22.1,17:30,18:30,,,"विश्रांती 11.30-12.00",,
108311,"Bamanadevi School To Kudal St Depot","Bamanadevi School","Kudal St Depot",,MO,6139,"Bamanadevi School",,,,बामणादेवी,"कुडाळ आगार",18,12:05,12:40,,,"विश्रांती 15.10-15.45",,
108311,"Bamanadevi School To Kudal St Depot","Bamanadevi School","Kudal St Depot",,MO,6132,Bamanadevi,0.5,,,बामणादेवी,"कुडाळ आगार",18,12:05,12:40,,,"विश्रांती 15.10-15.45",,
108311,"Bamanadevi School To Kudal St Depot","Bamanadevi School","Kudal St Depot",,MO,6295,Mhatargalu,1,,,बामणादेवी,"कुडाळ आगार",18,12:05,12:40,,,"विश्रांती 15.10-15.45",,
108311,"Bamanadevi School To Kudal St Depot","Bamanadevi School","Kudal St Depot",,MO,6297,Mashachiwadi,2.3,,,बामणादेवी,"कुडाळ आगार",18,12:05,12:40,,,"विश्रांती 15.10-15.45",,
108311,"Bamanadevi School To Kudal St Depot","Bamanadevi School","Kudal St Depot",,MO,6287,"Khutwalwadi School",3.5,,,बामणादेवी,"कुडाळ आगार",18,12:05,12:40,,,"विश्रांती 15.10-15.45",,
108311,"Bamanadevi School To Kudal St Depot","Bamanadevi School","Kudal St Depot",,MO,6144,Budkewadi,6,,,बामणादेवी,"कुडाळ आगार",18,12:05,12:40,,,"विश्रांती 15.10-15.45",,
108311,"Bamanadevi School To Kudal St Depot","Bamanadevi School","Kudal St Depot",,MO,6355,"Navnath Mandir",7,,,बामणादेवी,"कुडाळ आगार",18,12:05,12:40,,,"विश्रांती 15.10-15.45",,
108311,"Bamanadevi School To Kudal St Depot","Bamanadevi School","Kudal St Depot",,MO,6107,"Ambadpal G.P.O.",9.1,,,बामणादेवी,"कुडाळ आगार",18,12:05,12:40,,,"विश्रांती 15.10-15.45",,
108311,"Bamanadevi School To Kudal St Depot","Bamanadevi School","Kudal St Depot",,MO,6237,"Kudal St Depot",13,,,बामणादेवी,"कुडाळ आगार",18,12:05,12:40,,,"विश्रांती 15.10-15.45",,
108311,"Bamanadevi School To Kudal St Depot","Bamanadevi School","Kudal St Depot",,MO,6240,"Kudal St Depot",18,,,बामणादेवी,"कुडाळ आगार",18,12:05,12:40,,,"विश्रांती 15.10-15.45",,
108315,"Bhogave To Kudal St Depot Via Pinguli Titha",Bhogave,"Kudal St Depot","PINGULI TITHA",MO,9617,Bhogave,,,,भोगवे,"कुडाळ आगार",30.2,11:10,12:10,,,"6 तासात ड्यूटि संपते",,
108315,"Bhogave To Kudal St Depot Via Pinguli Titha",Bhogave,"Kudal St Depot","PINGULI TITHA",MO,9623,"Chindar Amba",1.7,,,भोगवे,"कुडाळ आगार",30.2,11:10,12:10,,,"6 तासात ड्यूटि संपते",,
108315,"Bhogave To Kudal St Depot Via Pinguli Titha",Bhogave,"Kudal St Depot","PINGULI TITHA",MO,9786,"Shelpi Fata",2.9,,,भोगवे,"कुडाळ आगार",30.2,11:10,12:10,,,"6 तासात ड्यूटि संपते",,
108315,"Bhogave To Kudal St Depot Via Pinguli Titha",Bhogave,"Kudal St Depot","PINGULI TITHA",MO,9750,Parule,5.9,,,भोगवे,"कुडाळ आगार",30.2,11:10,12:10,,,"6 तासात ड्यूटि संपते",,
108315,"Bhogave To Kudal St Depot Via Pinguli Titha",Bhogave,"Kudal St Depot","PINGULI TITHA",MO,9587,"Adinarayan Mandir",7.5,,,भोगवे,"कुडाळ आगार",30.2,11:10,12:10,,,"6 तासात ड्यूटि संपते",,
108315,"Bhogave To Kudal St Depot Via Pinguli Titha",Bhogave,"Kudal St Depot","PINGULI TITHA",MO,6455,"Vetoba Mandir",9.4,,,भोगवे,"कुडाळ आगार",30.2,11:10,12:10,,,"6 तासात ड्यूटि संपते",,
108315,"Bhogave To Kudal St Depot Via Pinguli Titha",Bhogave,"Kudal St Depot","PINGULI TITHA",MO,6089,"Ajarwadi P.H.C.",10.3,,,भोगवे,"कुडाळ आगार",30.2,11:10,12:10,,,"6 तासात ड्यूटि संपते",,
108315,"Bhogave To Kudal St Depot Via Pinguli Titha",Bhogave,"Kudal St Depot","PINGULI TITHA",MO,6382,"Pat Bandh Teli Dukan",11.8,,,भोगवे,"कुडाळ आगार",30.2,11:10,12:10,,,"6 तासात ड्यूटि संपते",,
108315,"Bhogave To Kudal St Depot Via Pinguli Titha",Bhogave,"Kudal St Depot","PINGULI TITHA",MO,6384,"Pat Titha",12.6,,,भोगवे,"कुडाळ आगार",30.2,11:10,12:10,,,"6 तासात ड्यूटि संपते",,
108315,"Bhogave To Kudal St Depot Via Pinguli Titha",Bhogave,"Kudal St Depot","PINGULI TITHA",MO,6377,"Pendurkar Dukan",13.9,,,भोगवे,"कुडाळ आगार",30.2,11:10,12:10,,,"6 तासात ड्यूटि संपते",,
108315,"Bhogave To Kudal St Depot Via Pinguli Titha",Bhogave,"Kudal St Depot","PINGULI TITHA",MO,6094,"Andurle Khind",15.8,,,भोगवे,"कुडाळ आगार",30.2,11:10,12:10,,,"6 तासात ड्यूटि संपते",,
108315,"Bhogave To Kudal St Depot Via Pinguli Titha",Bhogave,"Kudal St Depot","PINGULI TITHA",MO,6215,Humarmala,16.5,,,भोगवे,"कुडाळ आगार",30.2,11:10,12:10,,,"6 तासात ड्यूटि संपते",,
108315,"Bhogave To Kudal St Depot Via Pinguli Titha",Bhogave,"Kudal St Depot","PINGULI TITHA",MO,6305,"Madyachiwadi Phanas",19.1,,,भोगवे,"कुडाळ आगार",30.2,11:10,12:10,,,"6 तासात ड्यूटि संपते",,
108315,"Bhogave To Kudal St Depot Via Pinguli Titha",Bhogave,"Kudal St Depot","PINGULI TITHA",MO,6298,Madyachiwadi,20.5,,,भोगवे,"कुडाळ आगार",30.2,11:10,12:10,,,"6 तासात ड्यूटि संपते",,
108315,"Bhogave To Kudal St Depot Via Pinguli Titha",Bhogave,"Kudal St Depot","PINGULI TITHA",MO,6251,"Karmal Galu",22.6,,,भोगवे,"कुडाळ आगार",30.2,11:10,12:10,,,"6 तासात ड्यूटि संपते",,
108315,"Bhogave To Kudal St Depot Via Pinguli Titha",Bhogave,"Kudal St Depot","PINGULI TITHA",MO,6376,"Pinguli Titha",25.9,,,भोगवे,"कुडाळ आगार",30.2,11:10,12:10,,,"6 तासात ड्यूटि संपते",,
108315,"Bhogave To Kudal St Depot Via Pinguli Titha",Bhogave,"Kudal St Depot","PINGULI TITHA",MO,6237,"Kudal St Depot",28.7,,,भोगवे,"कुडाळ आगार",30.2,11:10,12:10,,,"6 तासात ड्यूटि संपते",,
108315,"Bhogave To Kudal St Depot Via Pinguli Titha",Bhogave,"Kudal St Depot","PINGULI TITHA",MO,6240,"Kudal St Depot",30.2,,,भोगवे,"कुडाळ आगार",30.2,11:10,12:10,,,"6 तासात ड्यूटि संपते",,
122637,"Gothos Titha To Nivaje","Gothos Titha",Nivaje,,MO,6190,"Gothos Titha",,,,वाडोस,निवजे,17.8,16:00,16:35,SC,"SAT & SUN",,,
122637,"Gothos Titha To Nivaje","Gothos Titha",Nivaje,,MO,6117,"Bhavai Mandir",2.5,,,वाडोस,निवजे,17.8,16:00,16:35,SC,"SAT & SUN",,,
122637,"Gothos Titha To Nivaje","Gothos Titha",Nivaje,,MO,6178,"Gothos School No.1",5,,,वाडोस,निवजे,17.8,16:00,16:35,SC,"SAT & SUN",,,
122637,"Gothos Titha To Nivaje","Gothos Titha",Nivaje,,MO,6346,"Narur Mahalaxmi Mandir",7.5,,,वाडोस,निवजे,17.8,16:00,16:35,SC,"SAT & SUN",,,
122637,"Gothos Titha To Nivaje","Gothos Titha",Nivaje,,MO,6316,"Malawewadi Godown",10,,,वाडोस,निवजे,17.8,16:00,16:35,SC,"SAT & SUN",,,
122637,"Gothos Titha To Nivaje","Gothos Titha",Nivaje,,MO,6213,Hirlok,12.1,,,वाडोस,निवजे,17.8,16:00,16:35,SC,"SAT & SUN",,,
122637,"Gothos Titha To Nivaje","Gothos Titha",Nivaje,,MO,6452,"Vinanti Stop",13.5,,,वाडोस,निवजे,17.8,16:00,16:35,SC,"SAT & SUN",,,
122637,"Gothos Titha To Nivaje","Gothos Titha",Nivaje,,MO,6354,"Nivaje Mandir",14.6,,,वाडोस,निवजे,17.8,16:00,16:35,SC,"SAT & SUN",,,
122637,"Gothos Titha To Nivaje","Gothos Titha",Nivaje,,MO,6356,"Nivaje Chavata",16.1,,,वाडोस,निवजे,17.8,16:00,16:35,SC,"SAT & SUN",,,
122637,"Gothos Titha To Nivaje","Gothos Titha",Nivaje,,MO,6357,Nivaje,17.8,,,वाडोस,निवजे,17.8,16:00,16:35,SC,"SAT & SUN",,,
125902,"Sonawade Lingeshwar Mandir To Kudal St Depot Via Kadawal","Sonawade Lingeshwar Mandir","Kudal St Depot",KADAWAL,MO,6416,"Sonawade Lingeshwar Mandir",,,,"घोडगे (सोनवडे )","कुडाळ आगार",47.2,08:00,09:40,SC,Daily,,,
125902,"Sonawade Lingeshwar Mandir To Kudal St Depot Via Kadawal","Sonawade Lingeshwar Mandir","Kudal St Depot",KADAWAL,MO,6179,Ghotage,3,,,"घोडगे (सोनवडे )","कुडाळ आगार",47.2,08:00,09:40,SC,Daily,,,
125902,"Sonawade Lingeshwar Mandir To Kudal St Depot Via Kadawal","Sonawade Lingeshwar Mandir","Kudal St Depot",KADAWAL,MO,6223,"Jambhavade Shetye Wadi",5.9,,,"घोडगे (सोनवडे )","कुडाळ आगार",47.2,08:00,09:40,SC,Daily,,,
125902,"Sonawade Lingeshwar Mandir To Kudal St Depot Via Kadawal","Sonawade Lingeshwar Mandir","Kudal St Depot",KADAWAL,MO,6218,"Jambhavade River",6.8,,,"घोडगे (सोनवडे )","कुडाळ आगार",47.2,08:00,09:40,SC,Daily,,,
125902,"Sonawade Lingeshwar Mandir To Kudal St Depot Via Kadawal","Sonawade Lingeshwar Mandir","Kudal St Depot",KADAWAL,MO,6225,"Jambhavade Bhagwati Mandir",7.3,,,"घोडगे (सोनवडे )","कुडाळ आगार",47.2,08:00,09:40,SC,Daily,,,
125902,"Sonawade Lingeshwar Mandir To Kudal St Depot Via Kadawal","Sonawade Lingeshwar Mandir","Kudal St Depot",KADAWAL,MO,6217,"Jambhavade Pimpal Par",8.6,,,"घोडगे (सोनवडे )","कुडाळ आगार",47.2,08:00,09:40,SC,Daily,,,
125902,"Sonawade Lingeshwar Mandir To Kudal St Depot Via Kadawal","Sonawade Lingeshwar Mandir","Kudal St Depot",KADAWAL,MO,6234,"Kupawade Vinanti",9.7,,,"घोडगे (सोनवडे )","कुडाळ आगार",47.2,08:00,09:40,SC,Daily,,,
125902,"Sonawade Lingeshwar Mandir To Kudal St Depot Via Kadawal","Sonawade Lingeshwar Mandir","Kudal St Depot",KADAWAL,MO,6262,"Kanedi Phc Phonda Titha",9.9,,,"घोडगे (सोनवडे )","कुडाळ आगार",47.2,08:00,09:40,SC,Daily,,,
125902,"Sonawade Lingeshwar Mandir To Kudal St Depot Via Kadawal","Sonawade Lingeshwar Mandir","Kudal St Depot",KADAWAL,MO,6271,"Kupawade Fouzdarwadi",11.4,,,"घोडगे (सोनवडे )","कुडाळ आगार",47.2,08:00,09:40,SC,Daily,,,
125902,"Sonawade Lingeshwar Mandir To Kudal St Depot Via Kadawal","Sonawade Lingeshwar Mandir","Kudal St Depot",KADAWAL,MO,6262,"Kanedi Phc Phonda Titha",12.9,,,"घोडगे (सोनवडे )","कुडाळ आगार",47.2,08:00,09:40,SC,Daily,,,
125902,"Sonawade Lingeshwar Mandir To Kudal St Depot Via Kadawal","Sonawade Lingeshwar Mandir","Kudal St Depot",KADAWAL,MO,6211,"Hardi Titha",15.9,,,"घोडगे (सोनवडे )","कुडाळ आगार",47.2,08:00,09:40,SC,Daily,,,
125902,"Sonawade Lingeshwar Mandir To Kudal St Depot Via Kadawal","Sonawade Lingeshwar Mandir","Kudal St Depot",KADAWAL,MO,6324,"Murkar Dukan Humarne Thita",17.3,,,"घोडगे (सोनवडे )","कुडाळ आगार",47.2,08:00,09:40,SC,Daily,,,
125902,"Sonawade Lingeshwar Mandir To Kudal St Depot Via Kadawal","Sonawade Lingeshwar Mandir","Kudal St Depot",KADAWAL,MO,6119,"Bhadgaon Matha",18.9,,,"घोडगे (सोनवडे )","कुडाळ आगार",47.2,08:00,09:40,SC,Daily,,,
125902,"Sonawade Lingeshwar Mandir To Kudal St Depot Via Kadawal","Sonawade Lingeshwar Mandir","Kudal St Depot",KADAWAL,MO,6130,"Bhadgaon School",20.6,,,"घोडगे (सोनवडे )","कुडाळ आगार",47.2,08:00,09:40,SC,Daily,,,
125902,"Sonawade Lingeshwar Mandir To Kudal St Depot Via Kadawal","Sonawade Lingeshwar Mandir","Kudal St Depot",KADAWAL,MO,6121,"Bhadgaon Fatkurewadi",21.8,,,"घोडगे (सोनवडे )","कुडाळ आगार",47.2,08:00,09:40,SC,Daily,,,
125902,"Sonawade Lingeshwar Mandir To Kudal St Depot Via Kadawal","Sonawade Lingeshwar Mandir","Kudal St Depot",KADAWAL,MO,6128,"Bhadgaon Phanas",22.6,,,"घोडगे (सोनवडे )","कुडाळ आगार",47.2,08:00,09:40,SC,Daily,,,
125902,"Sonawade Lingeshwar Mandir To Kudal St Depot Via Kadawal","Sonawade Lingeshwar Mandir","Kudal St Depot",KADAWAL,MO,6375,"Pangrad Fata",25.5,,,"घोडगे (सोनवडे )","कुडाळ आगार",47.2,08:00,09:40,SC,Daily,,,
125902,"Sonawade Lingeshwar Mandir To Kudal St Depot Via Kadawal","Sonawade Lingeshwar Mandir","Kudal St Depot",KADAWAL,MO,6243,"Kadawal Post",26.7,,,"घोडगे (सोनवडे )","कुडाळ आगार",47.2,08:00,09:40,SC,Daily,,,
125902,"Sonawade Lingeshwar Mandir To Kudal St Depot Via Kadawal","Sonawade Lingeshwar Mandir","Kudal St Depot",KADAWAL,MO,6244,Kadawal,27.1,,,"घोडगे (सोनवडे )","कुडाळ आगार",47.2,08:00,09:40,SC,Daily,,,
125902,"Sonawade Lingeshwar Mandir To Kudal St Depot Via Kadawal","Sonawade Lingeshwar Mandir","Kudal St Depot",KADAWAL,MO,6087,"Awalegaon Dispensary",28.5,,,"घोडगे (सोनवडे )","कुडाळ आगार",47.2,08:00,09:40,SC,Daily,,,
125902,"Sonawade Lingeshwar Mandir To Kudal St Depot Via Kadawal","Sonawade Lingeshwar Mandir","Kudal St Depot",KADAWAL,MO,6088,"Awalegaon Chinch",30.1,,,"घोडगे (सोनवडे )","कुडाळ आगार",47.2,08:00,09:40,SC,Daily,,,
125902,"Sonawade Lingeshwar Mandir To Kudal St Depot Via Kadawal","Sonawade Lingeshwar Mandir","Kudal St Depot",KADAWAL,MO,6115,"Awalegaon Patkar Temb",31,,,"घोडगे (सोनवडे )","कुडाळ आगार",47.2,08:00,09:40,SC,Daily,,,
125902,"Sonawade Lingeshwar Mandir To Kudal St Depot Via Kadawal","Sonawade Lingeshwar Mandir","Kudal St Depot",KADAWAL,MO,6157,"Digas Kalika Mandir",32.3,,,"घोडगे (सोनवडे )","कुडाळ आगार",47.2,08:00,09:40,SC,Daily,,,
125902,"Sonawade Lingeshwar Mandir To Kudal St Depot Via Kadawal","Sonawade Lingeshwar Mandir","Kudal St Depot",KADAWAL,MO,6158,"Digas Mill",32.7,,,"घोडगे (सोनवडे )","कुडाळ आगार",47.2,08:00,09:40,SC,Daily,,,
125902,"Sonawade Lingeshwar Mandir To Kudal St Depot Via Kadawal","Sonawade Lingeshwar Mandir","Kudal St Depot",KADAWAL,MO,6227,"Khadichegalu Pulaskar",33.8,,,"घोडगे (सोनवडे )","कुडाळ आगार",47.2,08:00,09:40,SC,Daily,,,
125902,"Sonawade Lingeshwar Mandir To Kudal St Depot Via Kadawal","Sonawade Lingeshwar Mandir","Kudal St Depot",KADAWAL,MO,6373,"Pandur Phc",36.1,,,"घोडगे (सोनवडे )","कुडाळ आगार",47.2,08:00,09:40,SC,Daily,,,
125902,"Sonawade Lingeshwar Mandir To Kudal St Depot Via Kadawal","Sonawade Lingeshwar Mandir","Kudal St Depot",KADAWAL,MO,6365,Pandur,36.7,,,"घोडगे (सोनवडे )","कुडाळ आगार",47.2,08:00,09:40,SC,Daily,,,
125902,"Sonawade Lingeshwar Mandir To Kudal St Depot Via Kadawal","Sonawade Lingeshwar Mandir","Kudal St Depot",KADAWAL,MO,88100,Vetalbambarde,39.7,,,"घोडगे (सोनवडे )","कुडाळ आगार",47.2,08:00,09:40,SC,Daily,,,
125902,"Sonawade Lingeshwar Mandir To Kudal St Depot Via Kadawal","Sonawade Lingeshwar Mandir","Kudal St Depot",KADAWAL,MO,6380,"Pawashi Panchayat",45.7,,,"घोडगे (सोनवडे )","कुडाळ आगार",47.2,08:00,09:40,SC,Daily,,,
125902,"Sonawade Lingeshwar Mandir To Kudal St Depot Via Kadawal","Sonawade Lingeshwar Mandir","Kudal St Depot",KADAWAL,MO,6237,"Kudal St Depot",46,,,"घोडगे (सोनवडे )","कुडाळ आगार",47.2,08:00,09:40,SC,Daily,,,
125902,"Sonawade Lingeshwar Mandir To Kudal St Depot Via Kadawal","Sonawade Lingeshwar Mandir","Kudal St Depot",KADAWAL,MO,6240,"Kudal St Depot",47.2,,,"घोडगे (सोनवडे )","कुडाळ आगार",47.2,08:00,09:40,SC,Daily,,,
125925,"Kudal To Duragnagar Via Pandur","Kudal St Depot",Duragnagar,PANDUR,MO,6237,"Kudal St Depot",,,,कुडाळ,"घोडगे दुर्गनगर",53.6,18:40,20:35,,,"विश्रांती 18.10-18.40",,
125925,"Kudal To Duragnagar Via Pandur","Kudal St Depot",Duragnagar,PANDUR,MO,6380,"Pawashi Panchayat",3.4,,,कुडाळ,"घोडगे दुर्गनगर",53.6,18:40,20:35,,,"विश्रांती 18.10-18.40",,
125925,"Kudal To Duragnagar Via Pandur","Kudal St Depot",Duragnagar,PANDUR,MO,88100,Vetalbambarde,7,,,कुडाळ,"घोडगे दुर्गनगर",53.6,18:40,20:35,,,"विश्रांती 18.10-18.40",,
125925,"Kudal To Duragnagar Via Pandur","Kudal St Depot",Duragnagar,PANDUR,MO,6365,Pandur,10.5,,,कुडाळ,"घोडगे दुर्गनगर",53.6,18:40,20:35,,,"विश्रांती 18.10-18.40",,
125925,"Kudal To Duragnagar Via Pandur","Kudal St Depot",Duragnagar,PANDUR,MO,6373,"Pandur Phc",11.1,,,कुडाळ,"घोडगे दुर्गनगर",53.6,18:40,20:35,,,"विश्रांती 18.10-18.40",,
125925,"Kudal To Duragnagar Via Pandur","Kudal St Depot",Duragnagar,PANDUR,MO,6227,"Khadichegalu Pulaskar",13.1,,,कुडाळ,"घोडगे दुर्गनगर",53.6,18:40,20:35,,,"विश्रांती 18.10-18.40",,
125925,"Kudal To Duragnagar Via Pandur","Kudal St Depot",Duragnagar,PANDUR,MO,6157,"Digas Kalika Mandir",14.9,,,कुडाळ,"घोडगे दुर्गनगर",53.6,18:40,20:35,,,"विश्रांती 18.10-18.40",,
125925,"Kudal To Duragnagar Via Pandur","Kudal St Depot",Duragnagar,PANDUR,MO,6115,"Awalegaon Patkar Temb",16.2,,,कुडाळ,"घोडगे दुर्गनगर",53.6,18:40,20:35,,,"विश्रांती 18.10-18.40",,
125925,"Kudal To Duragnagar Via Pandur","Kudal St Depot",Duragnagar,PANDUR,MO,6167,"Datta Mandir",18,,,कुडाळ,"घोडगे दुर्गनगर",53.6,18:40,20:35,,,"विश्रांती 18.10-18.40",,
125925,"Kudal To Duragnagar Via Pandur","Kudal St Depot",Duragnagar,PANDUR,MO,6244,Kadawal,20.1,,,कुडाळ,"घोडगे दुर्गनगर",53.6,18:40,20:35,,,"विश्रांती 18.10-18.40",,
125925,"Kudal To Duragnagar Via Pandur","Kudal St Depot",Duragnagar,PANDUR,MO,6243,"Kadawal Post",20.5,,,कुडाळ,"घोडगे दुर्गनगर",53.6,18:40,20:35,,,"विश्रांती 18.10-18.40",,
125925,"Kudal To Duragnagar Via Pandur","Kudal St Depot",Duragnagar,PANDUR,MO,6375,"Pangrad Fata",21.7,,,कुडाळ,"घोडगे दुर्गनगर",53.6,18:40,20:35,,,"विश्रांती 18.10-18.40",,
125925,"Kudal To Duragnagar Via Pandur","Kudal St Depot",Duragnagar,PANDUR,MO,6128,"Bhadgaon Phanas",23.2,,,कुडाळ,"घोडगे दुर्गनगर",53.6,18:40,20:35,,,"विश्रांती 18.10-18.40",,
125925,"Kudal To Duragnagar Via Pandur","Kudal St Depot",Duragnagar,PANDUR,MO,6121,"Bhadgaon Fatkurewadi",25.4,,,कुडाळ,"घोडगे दुर्गनगर",53.6,18:40,20:35,,,"विश्रांती 18.10-18.40",,
125925,"Kudal To Duragnagar Via Pandur","Kudal St Depot",Duragnagar,PANDUR,MO,6119,"Bhadgaon Matha",28.3,,,कुडाळ,"घोडगे दुर्गनगर",53.6,18:40,20:35,,,"विश्रांती 18.10-18.40",,
125925,"Kudal To Duragnagar Via Pandur","Kudal St Depot",Duragnagar,PANDUR,MO,6324,"Murkar Dukan Humarne Thita",29.9,,,कुडाळ,"घोडगे दुर्गनगर",53.6,18:40,20:35,,,"विश्रांती 18.10-18.40",,
125925,"Kudal To Duragnagar Via Pandur","Kudal St Depot",Duragnagar,PANDUR,MO,6211,"Hardi Titha",31.3,,,कुडाळ,"घोडगे दुर्गनगर",53.6,18:40,20:35,,,"विश्रांती 18.10-18.40",,
125925,"Kudal To Duragnagar Via Pandur","Kudal St Depot",Duragnagar,PANDUR,MO,6262,"Kanedi Phc Phonda Titha",34.3,,,कुडाळ,"घोडगे दुर्गनगर",53.6,18:40,20:35,,,"विश्रांती 18.10-18.40",,
125925,"Kudal To Duragnagar Via Pandur","Kudal St Depot",Duragnagar,PANDUR,MO,6271,"Kupawade Fouzdarwadi",35.1,,,कुडाळ,"घोडगे दुर्गनगर",53.6,18:40,20:35,,,"विश्रांती 18.10-18.40",,
125925,"Kudal To Duragnagar Via Pandur","Kudal St Depot",Duragnagar,PANDUR,MO,6217,"Jambhavade Pimpal Par",35.6,,,कुडाळ,"घोडगे दुर्गनगर",53.6,18:40,20:35,,,"विश्रांती 18.10-18.40",,
125925,"Kudal To Duragnagar Via Pandur","Kudal St Depot",Duragnagar,PANDUR,MO,6225,"Jambhavade Bhagwati Mandir",36.9,,,कुडाळ,"घोडगे दुर्गनगर",53.6,18:40,20:35,,,"विश्रांती 18.10-18.40",,
125925,"Kudal To Duragnagar Via Pandur","Kudal St Depot",Duragnagar,PANDUR,MO,6218,"Jambhavade River",37.4,,,कुडाळ,"घोडगे दुर्गनगर",53.6,18:40,20:35,,,"विश्रांती 18.10-18.40",,
125925,"Kudal To Duragnagar Via Pandur","Kudal St Depot",Duragnagar,PANDUR,MO,6179,Ghotage,40,,,कुडाळ,"घोडगे दुर्गनगर",53.6,18:40,20:35,,,"विश्रांती 18.10-18.40",,
125925,"Kudal To Duragnagar Via Pandur","Kudal St Depot",Duragnagar,PANDUR,MO,6416,"Sonawade Lingeshwar Mandir",41.9,,,कुडाळ,"घोडगे दुर्गनगर",53.6,18:40,20:35,,,"विश्रांती 18.10-18.40",,
125925,"Kudal To Duragnagar Via Pandur","Kudal St Depot",Duragnagar,PANDUR,MO,6173,"Ghadigaonkar Stop",43,,,कुडाळ,"घोडगे दुर्गनगर",53.6,18:40,20:35,,,"विश्रांती 18.10-18.40",,
125925,"Kudal To Duragnagar Via Pandur","Kudal St Depot",Duragnagar,PANDUR,MO,6432,Tembwadi,43.5,,,कुडाळ,"घोडगे दुर्गनगर",53.6,18:40,20:35,,,"विश्रांती 18.10-18.40",,
125925,"Kudal To Duragnagar Via Pandur","Kudal St Depot",Duragnagar,PANDUR,MO,6393,Ranewadi,45.5,,,कुडाळ,"घोडगे दुर्गनगर",53.6,18:40,20:35,,,"विश्रांती 18.10-18.40",,
125925,"Kudal To Duragnagar Via Pandur","Kudal St Depot",Duragnagar,PANDUR,MO,6387,Pawarwadi,48.5,,,कुडाळ,"घोडगे दुर्गनगर",53.6,18:40,20:35,,,"विश्रांती 18.10-18.40",,
125925,"Kudal To Duragnagar Via Pandur","Kudal St Depot",Duragnagar,PANDUR,MO,88080,"Duragnagar Ladwadi",50.9,,,कुडाळ,"घोडगे दुर्गनगर",53.6,18:40,20:35,,,"विश्रांती 18.10-18.40",,
125925,"Kudal To Duragnagar Via Pandur","Kudal St Depot",Duragnagar,PANDUR,MO,6165,Duragnagar,53.6,,,कुडाळ,"घोडगे दुर्गनगर",53.6,18:40,20:35,,,"विश्रांती 18.10-18.40",,
125926,"Duragnagar To Kudal St Depot Via Kadawal",Duragnagar,"Kudal St Depot",KADAWAL,MO,6165,Duragnagar,,,,"दुर्गनगर लाडवाडी","कुडाळ आगार",51.4,10:05,12:10,,,,,
125926,"Duragnagar To Kudal St Depot Via Kadawal",Duragnagar,"Kudal St Depot",KADAWAL,MO,6387,Pawarwadi,2.8,,,"दुर्गनगर लाडवाडी","कुडाळ आगार",51.4,10:05,12:10,,,,,
125926,"Duragnagar To Kudal St Depot Via Kadawal",Duragnagar,"Kudal St Depot",KADAWAL,MO,6393,Ranewadi,7.5,,,"दुर्गनगर लाडवाडी","कुडाळ आगार",51.4,10:05,12:10,,,,,
125926,"Duragnagar To Kudal St Depot Via Kadawal",Duragnagar,"Kudal St Depot",KADAWAL,MO,6173,"Ghadigaonkar Stop",9.3,,,"दुर्गनगर लाडवाडी","कुडाळ आगार",51.4,10:05,12:10,,,,,
125926,"Duragnagar To Kudal St Depot Via Kadawal",Duragnagar,"Kudal St Depot",KADAWAL,MO,6416,"Sonawade Lingeshwar Mandir",9.5,,,"दुर्गनगर लाडवाडी","कुडाळ आगार",51.4,10:05,12:10,,,,,
125926,"Duragnagar To Kudal St Depot Via Kadawal",Duragnagar,"Kudal St Depot",KADAWAL,MO,6179,Ghotage,11.4,,,"दुर्गनगर लाडवाडी","कुडाळ आगार",51.4,10:05,12:10,,,,,
125926,"Duragnagar To Kudal St Depot Via Kadawal",Duragnagar,"Kudal St Depot",KADAWAL,MO,6218,"Jambhavade River",14,,,"दुर्गनगर लाडवाडी","कुडाळ आगार",51.4,10:05,12:10,,,,,
125926,"Duragnagar To Kudal St Depot Via Kadawal",Duragnagar,"Kudal St Depot",KADAWAL,MO,6225,"Jambhavade Bhagwati Mandir",14.5,,,"दुर्गनगर लाडवाडी","कुडाळ आगार",51.4,10:05,12:10,,,,,
125926,"Duragnagar To Kudal St Depot Via Kadawal",Duragnagar,"Kudal St Depot",KADAWAL,MO,6217,"Jambhavade Pimpal Par",15.8,,,"दुर्गनगर लाडवाडी","कुडाळ आगार",51.4,10:05,12:10,,,,,
125926,"Duragnagar To Kudal St Depot Via Kadawal",Duragnagar,"Kudal St Depot",KADAWAL,MO,6234,"Kupawade Vinanti",15.9,,,"दुर्गनगर लाडवाडी","कुडाळ आगार",51.4,10:05,12:10,,,,,
125926,"Duragnagar To Kudal St Depot Via Kadawal",Duragnagar,"Kudal St Depot",KADAWAL,MO,6262,"Kanedi Phc Phonda Titha",17.1,,,"दुर्गनगर लाडवाडी","कुडाळ आगार",51.4,10:05,12:10,,,,,
125926,"Duragnagar To Kudal St Depot Via Kadawal",Duragnagar,"Kudal St Depot",KADAWAL,MO,6211,"Hardi Titha",20.1,,,"दुर्गनगर लाडवाडी","कुडाळ आगार",51.4,10:05,12:10,,,,,
125926,"Duragnagar To Kudal St Depot Via Kadawal",Duragnagar,"Kudal St Depot",KADAWAL,MO,6324,"Murkar Dukan Humarne Thita",21.5,,,"दुर्गनगर लाडवाडी","कुडाळ आगार",51.4,10:05,12:10,,,,,
125926,"Duragnagar To Kudal St Depot Via Kadawal",Duragnagar,"Kudal St Depot",KADAWAL,MO,6119,"Bhadgaon Matha",23.4,,,"दुर्गनगर लाडवाडी","कुडाळ आगार",51.4,10:05,12:10,,,,,
125926,"Duragnagar To Kudal St Depot Via Kadawal",Duragnagar,"Kudal St Depot",KADAWAL,MO,6130,"Bhadgaon School",25,,,"दुर्गनगर लाडवाडी","कुडाळ आगार",51.4,10:05,12:10,,,,,
125926,"Duragnagar To Kudal St Depot Via Kadawal",Duragnagar,"Kudal St Depot",KADAWAL,MO,6121,"Bhadgaon Fatkurewadi",26,,,"दुर्गनगर लाडवाडी","कुडाळ आगार",51.4,10:05,12:10,,,,,
125926,"Duragnagar To Kudal St Depot Via Kadawal",Duragnagar,"Kudal St Depot",KADAWAL,MO,6128,"Bhadgaon Phanas",28.2,,,"दुर्गनगर लाडवाडी","कुडाळ आगार",51.4,10:05,12:10,,,,,
125926,"Duragnagar To Kudal St Depot Via Kadawal",Duragnagar,"Kudal St Depot",KADAWAL,MO,6375,"Pangrad Fata",29.7,,,"दुर्गनगर लाडवाडी","कुडाळ आगार",51.4,10:05,12:10,,,,,
125926,"Duragnagar To Kudal St Depot Via Kadawal",Duragnagar,"Kudal St Depot",KADAWAL,MO,6243,"Kadawal Post",30.9,,,"दुर्गनगर लाडवाडी","कुडाळ आगार",51.4,10:05,12:10,,,,,
125926,"Duragnagar To Kudal St Depot Via Kadawal",Duragnagar,"Kudal St Depot",KADAWAL,MO,6244,Kadawal,31.3,,,"दुर्गनगर लाडवाडी","कुडाळ आगार",51.4,10:05,12:10,,,,,
125926,"Duragnagar To Kudal St Depot Via Kadawal",Duragnagar,"Kudal St Depot",KADAWAL,MO,6087,"Awalegaon Dispensary",32.4,,,"दुर्गनगर लाडवाडी","कुडाळ आगार",51.4,10:05,12:10,,,,,
125926,"Duragnagar To Kudal St Depot Via Kadawal",Duragnagar,"Kudal St Depot",KADAWAL,MO,6167,"Datta Mandir",33.4,,,"दुर्गनगर लाडवाडी","कुडाळ आगार",51.4,10:05,12:10,,,,,
125926,"Duragnagar To Kudal St Depot Via Kadawal",Duragnagar,"Kudal St Depot",KADAWAL,MO,6088,"Awalegaon Chinch",34.4,,,"दुर्गनगर लाडवाडी","कुडाळ आगार",51.4,10:05,12:10,,,,,
125926,"Duragnagar To Kudal St Depot Via Kadawal",Duragnagar,"Kudal St Depot",KADAWAL,MO,6115,"Awalegaon Patkar Temb",35.2,,,"दुर्गनगर लाडवाडी","कुडाळ आगार",51.4,10:05,12:10,,,,,
125926,"Duragnagar To Kudal St Depot Via Kadawal",Duragnagar,"Kudal St Depot",KADAWAL,MO,6157,"Digas Kalika Mandir",36.5,,,"दुर्गनगर लाडवाडी","कुडाळ आगार",51.4,10:05,12:10,,,,,
125926,"Duragnagar To Kudal St Depot Via Kadawal",Duragnagar,"Kudal St Depot",KADAWAL,MO,6227,"Khadichegalu Pulaskar",38,,,"दुर्गनगर लाडवाडी","कुडाळ आगार",51.4,10:05,12:10,,,,,
125926,"Duragnagar To Kudal St Depot Via Kadawal",Duragnagar,"Kudal St Depot",KADAWAL,MO,6373,"Pandur Phc",40.3,,,"दुर्गनगर लाडवाडी","कुडाळ आगार",51.4,10:05,12:10,,,,,
125926,"Duragnagar To Kudal St Depot Via Kadawal",Duragnagar,"Kudal St Depot",KADAWAL,MO,6365,Pandur,40.9,,,"दुर्गनगर लाडवाडी","कुडाळ आगार",51.4,10:05,12:10,,,,,
125926,"Duragnagar To Kudal St Depot Via Kadawal",Duragnagar,"Kudal St Depot",KADAWAL,MO,88100,Vetalbambarde,43,,,"दुर्गनगर लाडवाडी","कुडाळ आगार",51.4,10:05,12:10,,,,,
125926,"Duragnagar To Kudal St Depot Via Kadawal",Duragnagar,"Kudal St Depot",KADAWAL,MO,6380,"Pawashi Panchayat",45,,,"दुर्गनगर लाडवाडी","कुडाळ आगार",51.4,10:05,12:10,,,,,
125926,"Duragnagar To Kudal St Depot Via Kadawal",Duragnagar,"Kudal St Depot",KADAWAL,MO,6237,"Kudal St Depot",49.9,,,"दुर्गनगर लाडवाडी","कुडाळ आगार",51.4,10:05,12:10,,,,,
125926,"Duragnagar To Kudal St Depot Via Kadawal",Duragnagar,"Kudal St Depot",KADAWAL,MO,6240,"Kudal St Depot",51.4,,,"दुर्गनगर लाडवाडी","कुडाळ आगार",51.4,10:05,12:10,,,,,
125955,"Kudal To Amberi Via Ghavanale Namas Wadi Giran","Kudal St Depot",Amberi,"GHAVANALE NAMAS WADI GIRAN",MO,6237,"Kudal St Depot",,,,कुडाळ,घावनळे,17.8,17:20,18:00,,,,,
125955,"Kudal To Amberi Via Ghavanale Namas Wadi Giran","Kudal St Depot",Amberi,"GHAVANALE NAMAS WADI GIRAN",MO,6107,"Ambadpal G.P.O.",3.9,,,कुडाळ,घावनळे,17.8,17:20,18:00,,,,,
125955,"Kudal To Amberi Via Ghavanale Namas Wadi Giran","Kudal St Depot",Amberi,"GHAVANALE NAMAS WADI GIRAN",MO,6296,"Mulade Gpo",5.5,,,कुडाळ,घावनळे,17.8,17:20,18:00,,,,,
125955,"Kudal To Amberi Via Ghavanale Namas Wadi Giran","Kudal St Depot",Amberi,"GHAVANALE NAMAS WADI GIRAN",MO,6313,"Mulade Mandir",6.1,,,कुडाळ,घावनळे,17.8,17:20,18:00,,,,,
125955,"Kudal To Amberi Via Ghavanale Namas Wadi Giran","Kudal St Depot",Amberi,"GHAVANALE NAMAS WADI GIRAN",MO,6438,"Tulsuli Mandkuli Fata",6.9,,,कुडाळ,घावनळे,17.8,17:20,18:00,,,,,
125955,"Kudal To Amberi Via Ghavanale Namas Wadi Giran","Kudal St Depot",Amberi,"GHAVANALE NAMAS WADI GIRAN",MO,6444,"Tulsuli High School",8.4,,,कुडाळ,घावनळे,17.8,17:20,18:00,,,,,
125955,"Kudal To Amberi Via Ghavanale Namas Wadi Giran","Kudal St Depot",Amberi,"GHAVANALE NAMAS WADI GIRAN",MO,6443,"Tulsuli Bhimnagar",8.7,,,कुडाळ,घावनळे,17.8,17:20,18:00,,,,,
125955,"Kudal To Amberi Via Ghavanale Namas Wadi Giran","Kudal St Depot",Amberi,"GHAVANALE NAMAS WADI GIRAN",MO,6278,"Kerawade Fata",9.6,,,कुडाळ,घावनळे,17.8,17:20,18:00,,,,,
125955,"Kudal To Amberi Via Ghavanale Namas Wadi Giran","Kudal St Depot",Amberi,"GHAVANALE NAMAS WADI GIRAN",MO,6171,"Ghavanale Gpo",12,,,कुडाळ,घावनळे,17.8,17:20,18:00,,,,,
125955,"Kudal To Amberi Via Ghavanale Namas Wadi Giran","Kudal St Depot",Amberi,"GHAVANALE NAMAS WADI GIRAN",MO,6180,"Ghavanale Namas Wadi Giran",12.8,,,कुडाळ,घावनळे,17.8,17:20,18:00,,,,,
125955,"Kudal To Amberi Via Ghavanale Namas Wadi Giran","Kudal St Depot",Amberi,"GHAVANALE NAMAS WADI GIRAN",MO,6176,"Ghavanale Gaothan Wadi",13.7,,,कुडाळ,घावनळे,17.8,17:20,18:00,,,,,
125955,"Kudal To Amberi Via Ghavanale Namas Wadi Giran","Kudal St Depot",Amberi,"GHAVANALE NAMAS WADI GIRAN",MO,6134,Bhimnagar,14.6,,,कुडाळ,घावनळे,17.8,17:20,18:00,,,,,
125955,"Kudal To Amberi Via Ghavanale Namas Wadi Giran","Kudal St Depot",Amberi,"GHAVANALE NAMAS WADI GIRAN",MO,6468,Waingankarwadi,17.5,,,कुडाळ,घावनळे,17.8,17:20,18:00,,,,,
125955,"Kudal To Amberi Via Ghavanale Namas Wadi Giran","Kudal St Depot",Amberi,"GHAVANALE NAMAS WADI GIRAN",MO,6092,Amberi,17.8,,,कुडाळ,घावनळे,17.8,17:20,18:00,,,,,
148234,"Kudal To Adose Khalchi Wadi Via Bhagatwadi","Kudal St Depot","Adose Khalchi Wadi",BHAGATWADI,MO,6237,"Kudal St Depot",,,,कुडाळ,आदोसेवाडी,18.3,15:45,16:25,SC,SUN,,,
148234,"Kudal To Adose Khalchi Wadi Via Bhagatwadi","Kudal St Depot","Adose Khalchi Wadi",BHAGATWADI,MO,6376,"Pinguli Titha",4.3,,,कुडाळ,आदोसेवाडी,18.3,15:45,16:25,SC,SUN,,,
148234,"Kudal To Adose Khalchi Wadi Via Bhagatwadi","Kudal St Depot","Adose Khalchi Wadi",BHAGATWADI,MO,6122,"Bhagatwadi Titha",4.8,,,कुडाळ,आदोसेवाडी,18.3,15:45,16:25,SC,SUN,,,
148234,"Kudal To Adose Khalchi Wadi Via Bhagatwadi","Kudal St Depot","Adose Khalchi Wadi",BHAGATWADI,MO,6133,Bhagatwadi,5.2,,,कुडाळ,आदोसेवाडी,18.3,15:45,16:25,SC,SUN,,,
148234,"Kudal To Adose Khalchi Wadi Via Bhagatwadi","Kudal St Depot","Adose Khalchi Wadi",BHAGATWADI,MO,6326,Musalmanwadi,6.9,,,कुडाळ,आदोसेवाडी,18.3,15:45,16:25,SC,SUN,,,
148234,"Kudal To Adose Khalchi Wadi Via Bhagatwadi","Kudal St Depot","Adose Khalchi Wadi",BHAGATWADI,MO,6364,Palkarwadi,7.6,,,कुडाळ,आदोसेवाडी,18.3,15:45,16:25,SC,SUN,,,
148234,"Kudal To Adose Khalchi Wadi Via Bhagatwadi","Kudal St Depot","Adose Khalchi Wadi",BHAGATWADI,MO,6193,"Goveri Mandir",10.4,,,कुडाळ,आदोसेवाडी,18.3,15:45,16:25,SC,SUN,,,
148234,"Kudal To Adose Khalchi Wadi Via Bhagatwadi","Kudal St Depot","Adose Khalchi Wadi",BHAGATWADI,MO,6194,"Goveri Tendoli Fata",10.5,,,कुडाळ,आदोसेवाडी,18.3,15:45,16:25,SC,SUN,,,
148234,"Kudal To Adose Khalchi Wadi Via Bhagatwadi","Kudal St Depot","Adose Khalchi Wadi",BHAGATWADI,MO,6902,Madhavwadi,12.3,,,कुडाळ,आदोसेवाडी,18.3,15:45,16:25,SC,SUN,,,
148234,"Kudal To Adose Khalchi Wadi Via Bhagatwadi","Kudal St Depot","Adose Khalchi Wadi",BHAGATWADI,MO,6334,"Namswadi Vetore",12.5,,,कुडाळ,आदोसेवाडी,18.3,15:45,16:25,SC,SUN,,,
148234,"Kudal To Adose Khalchi Wadi Via Bhagatwadi","Kudal St Depot","Adose Khalchi Wadi",BHAGATWADI,MO,6459,"Vetore Sub Stage",13.1,,,कुडाळ,आदोसेवाडी,18.3,15:45,16:25,SC,SUN,,,
148234,"Kudal To Adose Khalchi Wadi Via Bhagatwadi","Kudal St Depot","Adose Khalchi Wadi",BHAGATWADI,MO,6457,"Vetore High School",13.3,,,कुडाळ,आदोसेवाडी,18.3,15:45,16:25,SC,SUN,,,
148234,"Kudal To Adose Khalchi Wadi Via Bhagatwadi","Kudal St Depot","Adose Khalchi Wadi",BHAGATWADI,MO,6459,"Vetore Sub Stage",13.6,,,कुडाळ,आदोसेवाडी,18.3,15:45,16:25,SC,SUN,,,
148234,"Kudal To Adose Khalchi Wadi Via Bhagatwadi","Kudal St Depot","Adose Khalchi Wadi",BHAGATWADI,MO,6095,"Ados Sada",15.5,,,कुडाळ,आदोसेवाडी,18.3,15:45,16:25,SC,SUN,,,
148234,"Kudal To Adose Khalchi Wadi Via Bhagatwadi","Kudal St Depot","Adose Khalchi Wadi",BHAGATWADI,MO,6111,"Adose Khalchi Wadi",18.3,,,कुडाळ,आदोसेवाडी,18.3,15:45,16:25,SC,SUN,,,
61550,"Kudal St Depot  To Kelus Mobarwadi","Kudal St Depot","Kelus Mobarwadi","TENDOLI RAVALNATH MANDIR",MO,6240,"Kudal St Depot",,,,"कुडाळ आगार",केळुस,23.4,12:30,13:20,,,,,
61550,"Kudal St Depot  To Kelus Mobarwadi","Kudal St Depot","Kelus Mobarwadi","TENDOLI RAVALNATH MANDIR",MO,6237,"Kudal St Depot",1.5,,,"कुडाळ आगार",केळुस,23.4,12:30,13:20,,,,,
61550,"Kudal St Depot  To Kelus Mobarwadi","Kudal St Depot","Kelus Mobarwadi","TENDOLI RAVALNATH MANDIR",MO,6376,"Pinguli Titha",4.3,,,"कुडाळ आगार",केळुस,23.4,12:30,13:20,,,,,
61550,"Kudal St Depot  To Kelus Mobarwadi","Kudal St Depot","Kelus Mobarwadi","TENDOLI RAVALNATH MANDIR",MO,6251,"Karmal Galu",7.6,,,"कुडाळ आगार",केळुस,23.4,12:30,13:20,,,,,
61550,"Kudal St Depot  To Kelus Mobarwadi","Kudal St Depot","Kelus Mobarwadi","TENDOLI RAVALNATH MANDIR",MO,6304,"Madyachiwadi Chinch",10.9,,,"कुडाळ आगार",केळुस,23.4,12:30,13:20,,,,,
61550,"Kudal St Depot  To Kelus Mobarwadi","Kudal St Depot","Kelus Mobarwadi","TENDOLI RAVALNATH MANDIR",MO,6258,Kumnos,14,,,"कुडाळ आगार",केळुस,23.4,12:30,13:20,,,,,
61550,"Kudal St Depot  To Kelus Mobarwadi","Kudal St Depot","Kelus Mobarwadi","TENDOLI RAVALNATH MANDIR",MO,6430,"Tendoli Ravalnath Mandir",14.5,,,"कुडाळ आगार",केळुस,23.4,12:30,13:20,,,,,
61550,"Kudal St Depot  To Kelus Mobarwadi","Kudal St Depot","Kelus Mobarwadi","TENDOLI RAVALNATH MANDIR",MO,9830,Visapur,16.4,,,"कुडाळ आगार",केळुस,23.4,12:30,13:20,,,,,
61550,"Kudal St Depot  To Kelus Mobarwadi","Kudal St Depot","Kelus Mobarwadi","TENDOLI RAVALNATH MANDIR",MO,9594,"Andurle Pimpal",18.1,,,"कुडाळ आगार",केळुस,23.4,12:30,13:20,,,,,
61550,"Kudal St Depot  To Kelus Mobarwadi","Kudal St Depot","Kelus Mobarwadi","TENDOLI RAVALNATH MANDIR",MO,9673,"Kelus Taradevi Mandir",20.2,,,"कुडाळ आगार",केळुस,23.4,12:30,13:20,,,,,
61550,"Kudal St Depot  To Kelus Mobarwadi","Kudal St Depot","Kelus Mobarwadi","TENDOLI RAVALNATH MANDIR",MO,9672,"Kelus Mobarwadi",23.4,,,"कुडाळ आगार",केळुस,23.4,12:30,13:20,,,,,
60839,"Kudal St Depot To Bhogave Via Pinguli Titha","Kudal St Depot",Bhogave,"PAT TITHA",MO,6240,"Kudal St Depot",,,,"कुडाळ आगार",भोगवे,30.2,11:45,12:55,,,,,
60839,"Kudal St Depot To Bhogave Via Pinguli Titha","Kudal St Depot",Bhogave,"PAT TITHA",MO,6237,"Kudal St Depot",1.5,,,"कुडाळ आगार",भोगवे,30.2,11:45,12:55,,,,,
60839,"Kudal St Depot To Bhogave Via Pinguli Titha","Kudal St Depot",Bhogave,"PAT TITHA",MO,6376,"Pinguli Titha",4.3,,,"कुडाळ आगार",भोगवे,30.2,11:45,12:55,,,,,
60839,"Kudal St Depot To Bhogave Via Pinguli Titha","Kudal St Depot",Bhogave,"PAT TITHA",MO,6251,"Karmal Galu",7.6,,,"कुडाळ आगार",भोगवे,30.2,11:45,12:55,,,,,
60839,"Kudal St Depot To Bhogave Via Pinguli Titha","Kudal St Depot",Bhogave,"PAT TITHA",MO,6298,Madyachiwadi,9.7,,,"कुडाळ आगार",भोगवे,30.2,11:45,12:55,,,,,
60839,"Kudal St Depot To Bhogave Via Pinguli Titha","Kudal St Depot",Bhogave,"PAT TITHA",MO,6305,"Madyachiwadi Phanas",11.1,,,"कुडाळ आगार",भोगवे,30.2,11:45,12:55,,,,,
60839,"Kudal St Depot To Bhogave Via Pinguli Titha","Kudal St Depot",Bhogave,"PAT TITHA",MO,6215,Humarmala,13.7,,,"कुडाळ आगार",भोगवे,30.2,11:45,12:55,,,,,
60839,"Kudal St Depot To Bhogave Via Pinguli Titha","Kudal St Depot",Bhogave,"PAT TITHA",MO,6094,"Andurle Khind",14.4,,,"कुडाळ आगार",भोगवे,30.2,11:45,12:55,,,,,
60839,"Kudal St Depot To Bhogave Via Pinguli Titha","Kudal St Depot",Bhogave,"PAT TITHA",MO,6377,"Pendurkar Dukan",16.3,,,"कुडाळ आगार",भोगवे,30.2,11:45,12:55,,,,,
60839,"Kudal St Depot To Bhogave Via Pinguli Titha","Kudal St Depot",Bhogave,"PAT TITHA",MO,6384,"Pat Titha",17.6,,,"कुडाळ आगार",भोगवे,30.2,11:45,12:55,,,,,
60839,"Kudal St Depot To Bhogave Via Pinguli Titha","Kudal St Depot",Bhogave,"PAT TITHA",MO,6382,"Pat Bandh Teli Dukan",18.4,,,"कुडाळ आगार",भोगवे,30.2,11:45,12:55,,,,,
60839,"Kudal St Depot To Bhogave Via Pinguli Titha","Kudal St Depot",Bhogave,"PAT TITHA",MO,9590,"Ajarwadi P.H.C.",19.9,,,"कुडाळ आगार",भोगवे,30.2,11:45,12:55,,,,,
60839,"Kudal St Depot To Bhogave Via Pinguli Titha","Kudal St Depot",Bhogave,"PAT TITHA",MO,9826,"Vetoba Mandir",20.8,,,"कुडाळ आगार",भोगवे,30.2,11:45,12:55,,,,,
60839,"Kudal St Depot To Bhogave Via Pinguli Titha","Kudal St Depot",Bhogave,"PAT TITHA",MO,9587,"Adinarayan Mandir",22.7,,,"कुडाळ आगार",भोगवे,30.2,11:45,12:55,,,,,
60839,"Kudal St Depot To Bhogave Via Pinguli Titha","Kudal St Depot",Bhogave,"PAT TITHA",MO,9750,Parule,24.3,,,"कुडाळ आगार",भोगवे,30.2,11:45,12:55,,,,,
60839,"Kudal St Depot To Bhogave Via Pinguli Titha","Kudal St Depot",Bhogave,"PAT TITHA",MO,9786,"Shelpi Fata",25.9,,,"कुडाळ आगार",भोगवे,30.2,11:45,12:55,,,,,
60839,"Kudal St Depot To Bhogave Via Pinguli Titha","Kudal St Depot",Bhogave,"PAT TITHA",MO,9623,"Chindar Amba",28.5,,,"कुडाळ आगार",भोगवे,30.2,11:45,12:55,,,,,
60839,"Kudal St Depot To Bhogave Via Pinguli Titha","Kudal St Depot",Bhogave,"PAT TITHA",MO,9617,Bhogave,30.2,,,"कुडाळ आगार",भोगवे,30.2,11:45,12:55,,,,,
10962,"Kudal To Kerawade","Kudal St Depot",Kerawade,,MO,6237,"Kudal St Depot",,,,कुडाळ,केरवडे,12,12:20,12:50,,,,,
10962,"Kudal To Kerawade","Kudal St Depot",Kerawade,,MO,6107,"Ambadpal G.P.O.",5.4,,,कुडाळ,केरवडे,12,12:20,12:50,,,,,
10962,"Kudal To Kerawade","Kudal St Depot",Kerawade,,MO,6296,"Mulade Gpo",7,,,कुडाळ,केरवडे,12,12:20,12:50,,,,,
10962,"Kudal To Kerawade","Kudal St Depot",Kerawade,,MO,6313,"Mulade Mandir",7.6,,,कुडाळ,केरवडे,12,12:20,12:50,,,,,
10962,"Kudal To Kerawade","Kudal St Depot",Kerawade,,MO,6438,"Tulsuli Mandkuli Fata",8.4,,,कुडाळ,केरवडे,12,12:20,12:50,,,,,
10962,"Kudal To Kerawade","Kudal St Depot",Kerawade,,MO,6444,"Tulsuli High School",9.9,,,कुडाळ,केरवडे,12,12:20,12:50,,,,,
10962,"Kudal To Kerawade","Kudal St Depot",Kerawade,,MO,6443,"Tulsuli Bhimnagar",10.8,,,कुडाळ,केरवडे,12,12:20,12:50,,,,,
10962,"Kudal To Kerawade","Kudal St Depot",Kerawade,,MO,6278,"Kerawade Fata",11.1,,,कुडाळ,केरवडे,12,12:20,12:50,,,,,
10962,"Kudal To Kerawade","Kudal St Depot",Kerawade,,MO,6273,Kerawade,12,,,कुडाळ,केरवडे,12,12:20,12:50,,,,,
11278,"Vengurle To Kudal Via Math High School",Vengurle,"Kudal St Depot","MATH HIGH SCHOOL",MO,9824,Vengurle,,,,वोंगुर्ले,कुडाळ,23.7,15:40,16:40,,,,,
11278,"Vengurle To Kudal Via Math High School",Vengurle,"Kudal St Depot","MATH HIGH SCHOOL",MO,9708,"Maruti Mandir",2.2,,,वोंगुर्ले,कुडाळ,23.7,15:40,16:40,,,,,
11278,"Vengurle To Kudal Via Math High School",Vengurle,"Kudal St Depot","MATH HIGH SCHOOL",MO,9665,Kankewadi,5.8,,,वोंगुर्ले,कुडाळ,23.7,15:40,16:40,,,,,
11278,"Vengurle To Kudal Via Math High School",Vengurle,"Kudal St Depot","MATH HIGH SCHOOL",MO,9709,"Math High School",7,,,वोंगुर्ले,कुडाळ,23.7,15:40,16:40,,,,,
11278,"Vengurle To Kudal Via Math High School",Vengurle,"Kudal St Depot","MATH HIGH SCHOOL",MO,9620,"Bowalekar Wadi",8.6,,,वोंगुर्ले,कुडाळ,23.7,15:40,16:40,,,,,
11278,"Vengurle To Kudal Via Math High School",Vengurle,"Kudal St Depot","MATH HIGH SCHOOL",MO,6398,"Shambhu Bhavani",12.1,,,वोंगुर्ले,कुडाळ,23.7,15:40,16:40,,,,,
11278,"Vengurle To Kudal Via Math High School",Vengurle,"Kudal St Depot","MATH HIGH SCHOOL",MO,6458,"Vetore Titha",12.7,,,वोंगुर्ले,कुडाळ,23.7,15:40,16:40,,,,,
11278,"Vengurle To Kudal Via Math High School",Vengurle,"Kudal St Depot","MATH HIGH SCHOOL",MO,6457,"Vetore High School",13.6,,,वोंगुर्ले,कुडाळ,23.7,15:40,16:40,,,,,
11278,"Vengurle To Kudal Via Math High School",Vengurle,"Kudal St Depot","MATH HIGH SCHOOL",MO,6459,"Vetore Sub Stage",14.1,,,वोंगुर्ले,कुडाळ,23.7,15:40,16:40,,,,,
11278,"Vengurle To Kudal Via Math High School",Vengurle,"Kudal St Depot","MATH HIGH SCHOOL",MO,6461,Wadiwarawade,16.6,,,वोंगुर्ले,कुडाळ,23.7,15:40,16:40,,,,,
11278,"Vengurle To Kudal Via Math High School",Vengurle,"Kudal St Depot","MATH HIGH SCHOOL",MO,6423,Sativan,17.5,,,वोंगुर्ले,कुडाळ,23.7,15:40,16:40,,,,,
11278,"Vengurle To Kudal Via Math High School",Vengurle,"Kudal St Depot","MATH HIGH SCHOOL",MO,6376,"Pinguli Titha",20.7,,,वोंगुर्ले,कुडाळ,23.7,15:40,16:40,,,,,
11278,"Vengurle To Kudal Via Math High School",Vengurle,"Kudal St Depot","MATH HIGH SCHOOL",MO,6237,"Kudal St Depot",23.7,,,वोंगुर्ले,कुडाळ,23.7,15:40,16:40,,,,,
11347,"Kasal To Belachiwadi",Kasal,Belachiwadi,,MO,6281,Kasal,,,,कसाल,बेलाचीवाडी,18.3,08:40,09:15,,,,,
11347,"Kasal To Belachiwadi",Kasal,Belachiwadi,,MO,6959,"Parbhatle Magam Dukan",3.5,,,कसाल,बेलाचीवाडी,18.3,08:40,09:15,,,,,
11347,"Kasal To Belachiwadi",Kasal,Belachiwadi,,MO,6946,"Owaliye Rameshwar",4,,,कसाल,बेलाचीवाडी,18.3,08:40,09:15,,,,,
11347,"Kasal To Belachiwadi",Kasal,Belachiwadi,,MO,6853,"Hiwale Ratambi",5.6,,,कसाल,बेलाचीवाडी,18.3,08:40,09:15,,,,,
11347,"Kasal To Belachiwadi",Kasal,Belachiwadi,,MO,6890,Koleri,6.7,,,कसाल,बेलाचीवाडी,18.3,08:40,09:15,,,,,
11347,"Kasal To Belachiwadi",Kasal,Belachiwadi,,MO,6854,"Hiwale School No.2",7,,,कसाल,बेलाचीवाडी,18.3,08:40,09:15,,,,,
11347,"Kasal To Belachiwadi",Kasal,Belachiwadi,,MO,6852,"Hiwale Gawadewadi",7.1,,,कसाल,बेलाचीवाडी,18.3,08:40,09:15,,,,,
11347,"Kasal To Belachiwadi",Kasal,Belachiwadi,,MO,6851,"Hiwale Gangeshwar",8.7,,,कसाल,बेलाचीवाडी,18.3,08:40,09:15,,,,,
11347,"Kasal To Belachiwadi",Kasal,Belachiwadi,,MO,6944,Navamboli,12.1,,,कसाल,बेलाचीवाडी,18.3,08:40,09:15,,,,,
11347,"Kasal To Belachiwadi",Kasal,Belachiwadi,,MO,6976,"Rathiwade Gunjichiwadi",12.7,,,कसाल,बेलाचीवाडी,18.3,08:40,09:15,,,,,
11347,"Kasal To Belachiwadi",Kasal,Belachiwadi,,MO,6965,"Poip Katta Titha",15.4,,,कसाल,बेलाचीवाडी,18.3,08:40,09:15,,,,,
11347,"Kasal To Belachiwadi",Kasal,Belachiwadi,,MO,7021,"Viran Maladi Fata",15.9,,,कसाल,बेलाचीवाडी,18.3,08:40,09:15,,,,,
11347,"Kasal To Belachiwadi",Kasal,Belachiwadi,,MO,6774,"Belachiwadi Fata",16.1,,,कसाल,बेलाचीवाडी,18.3,08:40,09:15,,,,,
11347,"Kasal To Belachiwadi",Kasal,Belachiwadi,,MO,7018,Vinanti,17,,,कसाल,बेलाचीवाडी,18.3,08:40,09:15,,,,,
11347,"Kasal To Belachiwadi",Kasal,Belachiwadi,,MO,6773,Belachiwadi,18.3,,,कसाल,बेलाचीवाडी,18.3,08:40,09:15,,,,,
19867,"Bhogave To Kudal Via Desai Bungalow",Bhogave,"Kudal St Depot","MAULI MANDIR",MO,9617,Bhogave,,,,भोगवे,कुडाळ,26.4,06:40,07:40,,,,,
19867,"Bhogave To Kudal Via Desai Bungalow",Bhogave,"Kudal St Depot","MAULI MANDIR",MO,9623,"Chindar Amba",2.6,,,भोगवे,कुडाळ,26.4,06:40,07:40,,,,,
19867,"Bhogave To Kudal Via Desai Bungalow",Bhogave,"Kudal St Depot","MAULI MANDIR",MO,9785,"Shelpi Dutond Fata",4.3,,,भोगवे,कुडाळ,26.4,06:40,07:40,,,,,
19867,"Bhogave To Kudal Via Desai Bungalow",Bhogave,"Kudal St Depot","MAULI MANDIR",MO,9757,"Pickup Shed",5.4,,,भोगवे,कुडाळ,26.4,06:40,07:40,,,,,
19867,"Bhogave To Kudal Via Desai Bungalow",Bhogave,"Kudal St Depot","MAULI MANDIR",MO,9750,Parule,6.4,,,भोगवे,कुडाळ,26.4,06:40,07:40,,,,,
19867,"Bhogave To Kudal Via Desai Bungalow",Bhogave,"Kudal St Depot","MAULI MANDIR",MO,9587,"Adinarayan Mandir",7,,,भोगवे,कुडाळ,26.4,06:40,07:40,,,,,
19867,"Bhogave To Kudal Via Desai Bungalow",Bhogave,"Kudal St Depot","MAULI MANDIR",MO,9826,"Vetoba Mandir",8.8,,,भोगवे,कुडाळ,26.4,06:40,07:40,,,,,
19867,"Bhogave To Kudal Via Desai Bungalow",Bhogave,"Kudal St Depot","MAULI MANDIR",MO,6248,Kushewada,10.2,,,भोगवे,कुडाळ,26.4,06:40,07:40,,,,,
19867,"Bhogave To Kudal Via Desai Bungalow",Bhogave,"Kudal St Depot","MAULI MANDIR",MO,6091,"Ambegali School",11,,,भोगवे,कुडाळ,26.4,06:40,07:40,,,,,
19867,"Bhogave To Kudal Via Desai Bungalow",Bhogave,"Kudal St Depot","MAULI MANDIR",MO,6096,"Adelkar Stop",13.7,,,भोगवे,कुडाळ,26.4,06:40,07:40,,,,,
19867,"Bhogave To Kudal Via Desai Bungalow",Bhogave,"Kudal St Depot","MAULI MANDIR",MO,6330,"Mauli Mandir",14.1,,,भोगवे,कुडाळ,26.4,06:40,07:40,,,,,
19867,"Bhogave To Kudal Via Desai Bungalow",Bhogave,"Kudal St Depot","MAULI MANDIR",MO,6470,Walawal,15.5,,,भोगवे,कुडाळ,26.4,06:40,07:40,,,,,
19867,"Bhogave To Kudal Via Desai Bungalow",Bhogave,"Kudal St Depot","MAULI MANDIR",MO,6166,"Desai Bungalow",16.7,,,भोगवे,कुडाळ,26.4,06:40,07:40,,,,,
19867,"Bhogave To Kudal Via Desai Bungalow",Bhogave,"Kudal St Depot","MAULI MANDIR",MO,6100,"Arkarcha Bridge",17.4,,,भोगवे,कुडाळ,26.4,06:40,07:40,,,,,
19867,"Bhogave To Kudal Via Desai Bungalow",Bhogave,"Kudal St Depot","MAULI MANDIR",MO,6353,"Nerur Choupati",19.8,,,भोगवे,कुडाळ,26.4,06:40,07:40,,,,,
19867,"Bhogave To Kudal Via Desai Bungalow",Bhogave,"Kudal St Depot","MAULI MANDIR",MO,6333,"Nerur Chavhata",20.4,,,भोगवे,कुडाळ,26.4,06:40,07:40,,,,,
19867,"Bhogave To Kudal Via Desai Bungalow",Bhogave,"Kudal St Depot","MAULI MANDIR",MO,6351,"Nerur Jakat",26,,,भोगवे,कुडाळ,26.4,06:40,07:40,,,,,
19867,"Bhogave To Kudal Via Desai Bungalow",Bhogave,"Kudal St Depot","MAULI MANDIR",MO,6237,"Kudal St Depot",26.4,,,भोगवे,कुडाळ,26.4,06:40,07:40,,,,,
19940,"Rangana Tulsuli To Kudal Via Hateri","Rangana Tulsuli","Kudal St Depot",HATERI,MO,6389,"Rangana Tulsuli",,,,रांगणातुळसुली,कुडाळ,20.5,13:30,14:10,,,,,
19940,"Rangana Tulsuli To Kudal Via Hateri","Rangana Tulsuli","Kudal St Depot",HATERI,MO,6168,Dewoolwadi,1.2,,,रांगणातुळसुली,कुडाळ,20.5,13:30,14:10,,,,,
19940,"Rangana Tulsuli To Kudal Via Hateri","Rangana Tulsuli","Kudal St Depot",HATERI,MO,6394,"Rangana Tulsuli Fata",1.7,,,रांगणातुळसुली,कुडाळ,20.5,13:30,14:10,,,,,
19940,"Rangana Tulsuli To Kudal Via Hateri","Rangana Tulsuli","Kudal St Depot",HATERI,MO,6214,Hateri,3.3,,,रांगणातुळसुली,कुडाळ,20.5,13:30,14:10,,,,,
19940,"Rangana Tulsuli To Kudal Via Hateri","Rangana Tulsuli","Kudal St Depot",HATERI,MO,6452,"Vinanti Stop",4.2,,,रांगणातुळसुली,कुडाळ,20.5,13:30,14:10,,,,,
19940,"Rangana Tulsuli To Kudal Via Hateri","Rangana Tulsuli","Kudal St Depot",HATERI,MO,6141,Bhogalewadi,5.5,,,रांगणातुळसुली,कुडाळ,20.5,13:30,14:10,,,,,
19940,"Rangana Tulsuli To Kudal Via Hateri","Rangana Tulsuli","Kudal St Depot",HATERI,MO,6325,"Maruti Mandir",6.9,,,रांगणातुळसुली,कुडाळ,20.5,13:30,14:10,,,,,
19940,"Rangana Tulsuli To Kudal Via Hateri","Rangana Tulsuli","Kudal St Depot",HATERI,MO,6109,"Ainmala Fata",14.1,,,रांगणातुळसुली,कुडाळ,20.5,13:30,14:10,,,,,
19940,"Rangana Tulsuli To Kudal Via Hateri","Rangana Tulsuli","Kudal St Depot",HATERI,MO,88100,Vetalbambarde,15,,,रांगणातुळसुली,कुडाळ,20.5,13:30,14:10,,,,,
19940,"Rangana Tulsuli To Kudal Via Hateri","Rangana Tulsuli","Kudal St Depot",HATERI,MO,6380,"Pawashi Panchayat",17.3,,,रांगणातुळसुली,कुडाळ,20.5,13:30,14:10,,,,,
19940,"Rangana Tulsuli To Kudal Via Hateri","Rangana Tulsuli","Kudal St Depot",HATERI,MO,6237,"Kudal St Depot",20.5,,,रांगणातुळसुली,कुडाळ,20.5,13:30,14:10,,,,,
98718,"Talgaon To Kudal",Talgaon,"Kudal St Depot",,MO,7002,Talgaon,,,,तळगाव,कुडाळ,22.5,13:40,14:20,SC,SUN,,,
98718,"Talgaon To Kudal",Talgaon,"Kudal St Depot",,MO,6935,Mhalunge,4,,,तळगाव,कुडाळ,22.5,13:40,14:20,SC,SUN,,,
98718,"Talgaon To Kudal",Talgaon,"Kudal St Depot",,MO,6424,Sukalwad,5,,,तळगाव,कुडाळ,22.5,13:40,14:20,SC,SUN,,,
98718,"Talgaon To Kudal",Talgaon,"Kudal St Depot",,MO,6155,"Dabachi Wadi",8.2,,,तळगाव,कुडाळ,22.5,13:40,14:20,SC,SUN,,,
98718,"Talgaon To Kudal",Talgaon,"Kudal St Depot",,MO,6910,"Mail Dagad",9.5,,,तळगाव,कुडाळ,22.5,13:40,14:20,SC,SUN,,,
98718,"Talgaon To Kudal",Talgaon,"Kudal St Depot",,MO,6134,Bhimnagar,10.8,,,तळगाव,कुडाळ,22.5,13:40,14:20,SC,SUN,,,
98718,"Talgaon To Kudal",Talgaon,"Kudal St Depot",,MO,6391,"Rameshwar Mandir",12.9,,,तळगाव,कुडाळ,22.5,13:40,14:20,SC,SUN,,,
98718,"Talgaon To Kudal",Talgaon,"Kudal St Depot",,MO,6365,Pandur,14,,,तळगाव,कुडाळ,22.5,13:40,14:20,SC,SUN,,,
98718,"Talgaon To Kudal",Talgaon,"Kudal St Depot",,MO,88100,Vetalbambarde,17,,,तळगाव,कुडाळ,22.5,13:40,14:20,SC,SUN,,,
98718,"Talgaon To Kudal",Talgaon,"Kudal St Depot",,MO,6380,"Pawashi Panchayat",20,,,तळगाव,कुडाळ,22.5,13:40,14:20,SC,SUN,,,
98718,"Talgaon To Kudal",Talgaon,"Kudal St Depot",,MO,6237,"Kudal St Depot",22.5,,,तळगाव,कुडाळ,22.5,13:40,14:20,SC,SUN,,,
108314,"Kudal To Bhogave Via Pinguli Titha","Kudal St Depot",Bhogave,"PINGULI TITHA",MO,6237,"Kudal St Depot",,,,कुडाळ,भोगवे,28.7,10:00,11:00,,,,,
108314,"Kudal To Bhogave Via Pinguli Titha","Kudal St Depot",Bhogave,"PINGULI TITHA",MO,6376,"Pinguli Titha",2.8,,,कुडाळ,भोगवे,28.7,10:00,11:00,,,,,
108314,"Kudal To Bhogave Via Pinguli Titha","Kudal St Depot",Bhogave,"PINGULI TITHA",MO,6251,"Karmal Galu",6.1,,,कुडाळ,भोगवे,28.7,10:00,11:00,,,,,
108314,"Kudal To Bhogave Via Pinguli Titha","Kudal St Depot",Bhogave,"PINGULI TITHA",MO,6298,Madyachiwadi,8.2,,,कुडाळ,भोगवे,28.7,10:00,11:00,,,,,
108314,"Kudal To Bhogave Via Pinguli Titha","Kudal St Depot",Bhogave,"PINGULI TITHA",MO,6305,"Madyachiwadi Phanas",9.6,,,कुडाळ,भोगवे,28.7,10:00,11:00,,,,,
108314,"Kudal To Bhogave Via Pinguli Titha","Kudal St Depot",Bhogave,"PINGULI TITHA",MO,6215,Humarmala,12.2,,,कुडाळ,भोगवे,28.7,10:00,11:00,,,,,
108314,"Kudal To Bhogave Via Pinguli Titha","Kudal St Depot",Bhogave,"PINGULI TITHA",MO,6094,"Andurle Khind",12.9,,,कुडाळ,भोगवे,28.7,10:00,11:00,,,,,
108314,"Kudal To Bhogave Via Pinguli Titha","Kudal St Depot",Bhogave,"PINGULI TITHA",MO,6377,"Pendurkar Dukan",14.8,,,कुडाळ,भोगवे,28.7,10:00,11:00,,,,,
108314,"Kudal To Bhogave Via Pinguli Titha","Kudal St Depot",Bhogave,"PINGULI TITHA",MO,6384,"Pat Titha",16.1,,,कुडाळ,भोगवे,28.7,10:00,11:00,,,,,
108314,"Kudal To Bhogave Via Pinguli Titha","Kudal St Depot",Bhogave,"PINGULI TITHA",MO,6382,"Pat Bandh Teli Dukan",16.9,,,कुडाळ,भोगवे,28.7,10:00,11:00,,,,,
108314,"Kudal To Bhogave Via Pinguli Titha","Kudal St Depot",Bhogave,"PINGULI TITHA",MO,6089,"Ajarwadi P.H.C.",18.4,,,कुडाळ,भोगवे,28.7,10:00,11:00,,,,,
108314,"Kudal To Bhogave Via Pinguli Titha","Kudal St Depot",Bhogave,"PINGULI TITHA",MO,6455,"Vetoba Mandir",19.3,,,कुडाळ,भोगवे,28.7,10:00,11:00,,,,,
108314,"Kudal To Bhogave Via Pinguli Titha","Kudal St Depot",Bhogave,"PINGULI TITHA",MO,6097,"Adinarayan Mandir",21.2,,,कुडाळ,भोगवे,28.7,10:00,11:00,,,,,
108314,"Kudal To Bhogave Via Pinguli Titha","Kudal St Depot",Bhogave,"PINGULI TITHA",MO,6366,Parule,22.8,,,कुडाळ,भोगवे,28.7,10:00,11:00,,,,,
108314,"Kudal To Bhogave Via Pinguli Titha","Kudal St Depot",Bhogave,"PINGULI TITHA",MO,9786,"Shelpi Fata",24.4,,,कुडाळ,भोगवे,28.7,10:00,11:00,,,,,
108314,"Kudal To Bhogave Via Pinguli Titha","Kudal St Depot",Bhogave,"PINGULI TITHA",MO,9623,"Chindar Amba",27,,,कुडाळ,भोगवे,28.7,10:00,11:00,,,,,
108314,"Kudal To Bhogave Via Pinguli Titha","Kudal St Depot",Bhogave,"PINGULI TITHA",MO,9617,Bhogave,28.7,,,कुडाळ,भोगवे,28.7,10:00,11:00,,,,,
125922,"Malewad To Kudal Via Kadawal",Malewad,"Kudal St Depot",KADAWAL,MO,6306,Malewad,,,,"घोडगे मळेवाड","कुडाळ आगार",43.2,12:00,13:30,,,"विश्रांती 11.30-12.00",,
125922,"Malewad To Kudal Via Kadawal",Malewad,"Kudal St Depot",KADAWAL,MO,6179,Ghotage,3.2,,,"घोडगे मळेवाड","कुडाळ आगार",43.2,12:00,13:30,,,"विश्रांती 11.30-12.00",,
125922,"Malewad To Kudal Via Kadawal",Malewad,"Kudal St Depot",KADAWAL,MO,6223,"Jambhavade Shetye Wadi",5,,,"घोडगे मळेवाड","कुडाळ आगार",43.2,12:00,13:30,,,"विश्रांती 11.30-12.00",,
125922,"Malewad To Kudal Via Kadawal",Malewad,"Kudal St Depot",KADAWAL,MO,6218,"Jambhavade River",5.8,,,"घोडगे मळेवाड","कुडाळ आगार",43.2,12:00,13:30,,,"विश्रांती 11.30-12.00",,
125922,"Malewad To Kudal Via Kadawal",Malewad,"Kudal St Depot",KADAWAL,MO,6225,"Jambhavade Bhagwati Mandir",6.3,,,"घोडगे मळेवाड","कुडाळ आगार",43.2,12:00,13:30,,,"विश्रांती 11.30-12.00",,
125922,"Malewad To Kudal Via Kadawal",Malewad,"Kudal St Depot",KADAWAL,MO,2830,"Kupawade Fata",9.7,,,"घोडगे मळेवाड","कुडाळ आगार",43.2,12:00,13:30,,,"विश्रांती 11.30-12.00",,
125922,"Malewad To Kudal Via Kadawal",Malewad,"Kudal St Depot",KADAWAL,MO,6211,"Hardi Titha",11.9,,,"घोडगे मळेवाड","कुडाळ आगार",43.2,12:00,13:30,,,"विश्रांती 11.30-12.00",,
125922,"Malewad To Kudal Via Kadawal",Malewad,"Kudal St Depot",KADAWAL,MO,6324,"Murkar Dukan Humarne Thita",13.3,,,"घोडगे मळेवाड","कुडाळ आगार",43.2,12:00,13:30,,,"विश्रांती 11.30-12.00",,
125922,"Malewad To Kudal Via Kadawal",Malewad,"Kudal St Depot",KADAWAL,MO,6119,"Bhadgaon Matha",14.9,,,"घोडगे मळेवाड","कुडाळ आगार",43.2,12:00,13:30,,,"विश्रांती 11.30-12.00",,
125922,"Malewad To Kudal Via Kadawal",Malewad,"Kudal St Depot",KADAWAL,MO,6130,"Bhadgaon School",17.1,,,"घोडगे मळेवाड","कुडाळ आगार",43.2,12:00,13:30,,,"विश्रांती 11.30-12.00",,
125922,"Malewad To Kudal Via Kadawal",Malewad,"Kudal St Depot",KADAWAL,MO,6121,"Bhadgaon Fatkurewadi",17.8,,,"घोडगे मळेवाड","कुडाळ आगार",43.2,12:00,13:30,,,"विश्रांती 11.30-12.00",,
125922,"Malewad To Kudal Via Kadawal",Malewad,"Kudal St Depot",KADAWAL,MO,6128,"Bhadgaon Phanas",18.6,,,"घोडगे मळेवाड","कुडाळ आगार",43.2,12:00,13:30,,,"विश्रांती 11.30-12.00",,
125922,"Malewad To Kudal Via Kadawal",Malewad,"Kudal St Depot",KADAWAL,MO,6243,"Kadawal Post",22.7,,,"घोडगे मळेवाड","कुडाळ आगार",43.2,12:00,13:30,,,"विश्रांती 11.30-12.00",,
125922,"Malewad To Kudal Via Kadawal",Malewad,"Kudal St Depot",KADAWAL,MO,6244,Kadawal,23.1,,,"घोडगे मळेवाड","कुडाळ आगार",43.2,12:00,13:30,,,"विश्रांती 11.30-12.00",,
125922,"Malewad To Kudal Via Kadawal",Malewad,"Kudal St Depot",KADAWAL,MO,6087,"Awalegaon Dispensary",24.5,,,"घोडगे मळेवाड","कुडाळ आगार",43.2,12:00,13:30,,,"विश्रांती 11.30-12.00",,
125922,"Malewad To Kudal Via Kadawal",Malewad,"Kudal St Depot",KADAWAL,MO,6088,"Awalegaon Chinch",26,,,"घोडगे मळेवाड","कुडाळ आगार",43.2,12:00,13:30,,,"विश्रांती 11.30-12.00",,
125922,"Malewad To Kudal Via Kadawal",Malewad,"Kudal St Depot",KADAWAL,MO,6115,"Awalegaon Patkar Temb",27,,,"घोडगे मळेवाड","कुडाळ आगार",43.2,12:00,13:30,,,"विश्रांती 11.30-12.00",,
125922,"Malewad To Kudal Via Kadawal",Malewad,"Kudal St Depot",KADAWAL,MO,6157,"Digas Kalika Mandir",28.3,,,"घोडगे मळेवाड","कुडाळ आगार",43.2,12:00,13:30,,,"विश्रांती 11.30-12.00",,
125922,"Malewad To Kudal Via Kadawal",Malewad,"Kudal St Depot",KADAWAL,MO,6227,"Khadichegalu Pulaskar",29.8,,,"घोडगे मळेवाड","कुडाळ आगार",43.2,12:00,13:30,,,"विश्रांती 11.30-12.00",,
125922,"Malewad To Kudal Via Kadawal",Malewad,"Kudal St Depot",KADAWAL,MO,6373,"Pandur Phc",32.1,,,"घोडगे मळेवाड","कुडाळ आगार",43.2,12:00,13:30,,,"विश्रांती 11.30-12.00",,
125922,"Malewad To Kudal Via Kadawal",Malewad,"Kudal St Depot",KADAWAL,MO,6365,Pandur,32.7,,,"घोडगे मळेवाड","कुडाळ आगार",43.2,12:00,13:30,,,"विश्रांती 11.30-12.00",,
125922,"Malewad To Kudal Via Kadawal",Malewad,"Kudal St Depot",KADAWAL,MO,88100,Vetalbambarde,33,,,"घोडगे मळेवाड","कुडाळ आगार",43.2,12:00,13:30,,,"विश्रांती 11.30-12.00",,
125922,"Malewad To Kudal Via Kadawal",Malewad,"Kudal St Depot",KADAWAL,MO,6380,"Pawashi Panchayat",40,,,"घोडगे मळेवाड","कुडाळ आगार",43.2,12:00,13:30,,,"विश्रांती 11.30-12.00",,
125922,"Malewad To Kudal Via Kadawal",Malewad,"Kudal St Depot",KADAWAL,MO,6253,"Kudal Old Bus Stand",41.7,,,"घोडगे मळेवाड","कुडाळ आगार",43.2,12:00,13:30,,,"विश्रांती 11.30-12.00",,
125922,"Malewad To Kudal Via Kadawal",Malewad,"Kudal St Depot",KADAWAL,MO,6237,"Kudal St Depot",43.2,,,"घोडगे मळेवाड","कुडाळ आगार",43.2,12:00,13:30,,,"विश्रांती 11.30-12.00",,
125928,"Kudal To Hirlok Via Mangaon","Kudal St Depot",Hirlok,MANGAON,MO,6237,"Kudal St Depot",1.5,,,कुडाळ,हिर्लाेक,42.4,17:20,18:50,,,"विश्रांती 13.50-15.00",,
125928,"Kudal To Hirlok Via Mangaon","Kudal St Depot",Hirlok,MANGAON,MO,6302,"Modka Wad Pinguli",2.2,,,कुडाळ,हिर्लाेक,42.4,17:20,18:50,,,"विश्रांती 13.50-15.00",,
125928,"Kudal To Hirlok Via Mangaon","Kudal St Depot",Hirlok,MANGAON,MO,6376,"Pinguli Titha",4.6,,,कुडाळ,हिर्लाेक,42.4,17:20,18:50,,,"विश्रांती 13.50-15.00",,
125928,"Kudal To Hirlok Via Mangaon","Kudal St Depot",Hirlok,MANGAON,MO,6126,Bibavane,5.2,,,कुडाळ,हिर्लाेक,42.4,17:20,18:50,,,"विश्रांती 13.50-15.00",,
125928,"Kudal To Hirlok Via Mangaon","Kudal St Depot",Hirlok,MANGAON,MO,6315,"Mile Stone",6,,,कुडाळ,हिर्लाेक,42.4,17:20,18:50,,,"विश्रांती 13.50-15.00",,
125928,"Kudal To Hirlok Via Mangaon","Kudal St Depot",Hirlok,MANGAON,MO,6322,"Mandkuli Fata",6.1,,,कुडाळ,हिर्लाेक,42.4,17:20,18:50,,,"विश्रांती 13.50-15.00",,
125928,"Kudal To Hirlok Via Mangaon","Kudal St Depot",Hirlok,MANGAON,MO,6441,"Terse Bambarde Fata",6.2,,,कुडाळ,हिर्लाेक,42.4,17:20,18:50,,,"विश्रांती 13.50-15.00",,
125928,"Kudal To Hirlok Via Mangaon","Kudal St Depot",Hirlok,MANGAON,MO,6474,"Zharap Titha",7,,,कुडाळ,हिर्लाेक,42.4,17:20,18:50,,,"विश्रांती 13.50-15.00",,
125928,"Kudal To Hirlok Via Mangaon","Kudal St Depot",Hirlok,MANGAON,MO,6412,"Salgaon Harijanwadi",12,,,कुडाळ,हिर्लाेक,42.4,17:20,18:50,,,"विश्रांती 13.50-15.00",,
125928,"Kudal To Hirlok Via Mangaon","Kudal St Depot",Hirlok,MANGAON,MO,6386,"Power House",15,,,कुडाळ,हिर्लाेक,42.4,17:20,18:50,,,"विश्रांती 13.50-15.00",,
125928,"Kudal To Hirlok Via Mangaon","Kudal St Depot",Hirlok,MANGAON,MO,6323,"Mangaon Titha",15.3,,,कुडाळ,हिर्लाेक,42.4,17:20,18:50,,,"विश्रांती 13.50-15.00",,
125928,"Kudal To Hirlok Via Mangaon","Kudal St Depot",Hirlok,MANGAON,MO,6317,Mangaon,17.2,,,कुडाळ,हिर्लाेक,42.4,17:20,18:50,,,"विश्रांती 13.50-15.00",,
125928,"Kudal To Hirlok Via Mangaon","Kudal St Depot",Hirlok,MANGAON,MO,6319,"Mangaon Phc",18.9,,,कुडाळ,हिर्लाेक,42.4,17:20,18:50,,,"विश्रांती 13.50-15.00",,
125928,"Kudal To Hirlok Via Mangaon","Kudal St Depot",Hirlok,MANGAON,MO,6092,Amberi,19.6,,,कुडाळ,हिर्लाेक,42.4,17:20,18:50,,,"विश्रांती 13.50-15.00",,
125928,"Kudal To Hirlok Via Mangaon","Kudal St Depot",Hirlok,MANGAON,MO,6464,"Wados Bazar",23.7,,,कुडाळ,हिर्लाेक,42.4,17:20,18:50,,,"विश्रांती 13.50-15.00",,
125928,"Kudal To Hirlok Via Mangaon","Kudal St Depot",Hirlok,MANGAON,MO,6190,"Gothos Titha",24.6,,,कुडाळ,हिर्लाेक,42.4,17:20,18:50,,,"विश्रांती 13.50-15.00",,
125928,"Kudal To Hirlok Via Mangaon","Kudal St Depot",Hirlok,MANGAON,MO,6117,"Bhavai Mandir",25.6,,,कुडाळ,हिर्लाेक,42.4,17:20,18:50,,,"विश्रांती 13.50-15.00",,
125928,"Kudal To Hirlok Via Mangaon","Kudal St Depot",Hirlok,MANGAON,MO,6178,"Gothos School No.1",28.3,,,कुडाळ,हिर्लाेक,42.4,17:20,18:50,,,"विश्रांती 13.50-15.00",,
125928,"Kudal To Hirlok Via Mangaon","Kudal St Depot",Hirlok,MANGAON,MO,6346,"Narur Mahalaxmi Mandir",37.1,,,कुडाळ,हिर्लाेक,42.4,17:20,18:50,,,"विश्रांती 13.50-15.00",,
125928,"Kudal To Hirlok Via Mangaon","Kudal St Depot",Hirlok,MANGAON,MO,6316,"Malawewadi Godown",40.1,,,कुडाळ,हिर्लाेक,42.4,17:20,18:50,,,"विश्रांती 13.50-15.00",,
125928,"Kudal To Hirlok Via Mangaon","Kudal St Depot",Hirlok,MANGAON,MO,6213,Hirlok,43.9,,,कुडाळ,हिर्लाेक,42.4,17:20,18:50,,,"विश्रांती 13.50-15.00",,
125952,"Kudal To Kusgaon Via Awalegaon Patkar Temb","Kudal St Depot",Kusgaon,"AWALEGAON PATKAR TEMB",MO,6237,"Kudal St Depot",,,,कुडाळ,कुसगाव,29.7,11:20,12:30,,,,,
125952,"Kudal To Kusgaon Via Awalegaon Patkar Temb","Kudal St Depot",Kusgaon,"AWALEGAON PATKAR TEMB",MO,6380,"Pawashi Panchayat",3,,,कुडाळ,कुसगाव,29.7,11:20,12:30,,,,,
125952,"Kudal To Kusgaon Via Awalegaon Patkar Temb","Kudal St Depot",Kusgaon,"AWALEGAON PATKAR TEMB",MO,88100,Vetalbambarde,7,,,कुडाळ,कुसगाव,29.7,11:20,12:30,,,,,
125952,"Kudal To Kusgaon Via Awalegaon Patkar Temb","Kudal St Depot",Kusgaon,"AWALEGAON PATKAR TEMB",MO,6365,Pandur,10.5,,,कुडाळ,कुसगाव,29.7,11:20,12:30,,,,,
125952,"Kudal To Kusgaon Via Awalegaon Patkar Temb","Kudal St Depot",Kusgaon,"AWALEGAON PATKAR TEMB",MO,6373,"Pandur Phc",11,,,कुडाळ,कुसगाव,29.7,11:20,12:30,,,,,
125952,"Kudal To Kusgaon Via Awalegaon Patkar Temb","Kudal St Depot",Kusgaon,"AWALEGAON PATKAR TEMB",MO,6150,"Chorgewadi Fata",11.5,,,कुडाळ,कुसगाव,29.7,11:20,12:30,,,,,
125952,"Kudal To Kusgaon Via Awalegaon Patkar Temb","Kudal St Depot",Kusgaon,"AWALEGAON PATKAR TEMB",MO,6227,"Khadichegalu Pulaskar",13.4,,,कुडाळ,कुसगाव,29.7,11:20,12:30,,,,,
125952,"Kudal To Kusgaon Via Awalegaon Patkar Temb","Kudal St Depot",Kusgaon,"AWALEGAON PATKAR TEMB",MO,6157,"Digas Kalika Mandir",14.9,,,कुडाळ,कुसगाव,29.7,11:20,12:30,,,,,
125952,"Kudal To Kusgaon Via Awalegaon Patkar Temb","Kudal St Depot",Kusgaon,"AWALEGAON PATKAR TEMB",MO,6115,"Awalegaon Patkar Temb",16.2,,,कुडाळ,कुसगाव,29.7,11:20,12:30,,,,,
125952,"Kudal To Kusgaon Via Awalegaon Patkar Temb","Kudal St Depot",Kusgaon,"AWALEGAON PATKAR TEMB",MO,6088,"Awalegaon Chinch",17,,,कुडाळ,कुसगाव,29.7,11:20,12:30,,,,,
125952,"Kudal To Kusgaon Via Awalegaon Patkar Temb","Kudal St Depot",Kusgaon,"AWALEGAON PATKAR TEMB",MO,6087,"Awalegaon Dispensary",18,,,कुडाळ,कुसगाव,29.7,11:20,12:30,,,,,
125952,"Kudal To Kusgaon Via Awalegaon Patkar Temb","Kudal St Depot",Kusgaon,"AWALEGAON PATKAR TEMB",MO,6359,"Narayan Mandir",19.5,,,कुडाळ,कुसगाव,29.7,11:20,12:30,,,,,
125952,"Kudal To Kusgaon Via Awalegaon Patkar Temb","Kudal St Depot",Kusgaon,"AWALEGAON PATKAR TEMB",MO,6267,"Kinlos School",22.5,,,कुडाळ,कुसगाव,29.7,11:20,12:30,,,,,
125952,"Kudal To Kusgaon Via Awalegaon Patkar Temb","Kudal St Depot",Kusgaon,"AWALEGAON PATKAR TEMB",MO,6265,"Kinlos Ranewadi",23.5,,,कुडाळ,कुसगाव,29.7,11:20,12:30,,,,,
125952,"Kudal To Kusgaon Via Awalegaon Patkar Temb","Kudal St Depot",Kusgaon,"AWALEGAON PATKAR TEMB",MO,6407,Shirkewadi,24.5,,,कुडाळ,कुसगाव,29.7,11:20,12:30,,,,,
125952,"Kudal To Kusgaon Via Awalegaon Patkar Temb","Kudal St Depot",Kusgaon,"AWALEGAON PATKAR TEMB",MO,6213,Hirlok,25.5,,,कुडाळ,कुसगाव,29.7,11:20,12:30,,,,,
125952,"Kudal To Kusgaon Via Awalegaon Patkar Temb","Kudal St Depot",Kusgaon,"AWALEGAON PATKAR TEMB",MO,6186,"Girgaon Ghadi Dukan",28.5,,,कुडाळ,कुसगाव,29.7,11:20,12:30,,,,,
125952,"Kudal To Kusgaon Via Awalegaon Patkar Temb","Kudal St Depot",Kusgaon,"AWALEGAON PATKAR TEMB",MO,6246,Kusgaon,29.7,,,कुडाळ,कुसगाव,29.7,11:20,12:30,,,,,
126010,"Kudal St Depot To Malvan Via Nerurpar","Kudal St Depot",Malvan,NERURPAR,MO,6240,"Kudal St Depot",,,,"कुडाळ डेपो",मालवण,32.5,14:00,15:15,,,,,
126010,"Kudal St Depot To Malvan Via Nerurpar","Kudal St Depot",Malvan,NERURPAR,MO,6235,"Kudal Rly. Stn.",1.5,,,"कुडाळ डेपो",मालवण,32.5,14:00,15:15,,,,,
126010,"Kudal St Depot To Malvan Via Nerurpar","Kudal St Depot",Malvan,NERURPAR,MO,6237,"Kudal St Depot",2.05,,,"कुडाळ डेपो",मालवण,32.5,14:00,15:15,,,,,
126010,"Kudal St Depot To Malvan Via Nerurpar","Kudal St Depot",Malvan,NERURPAR,MO,6351,"Nerur Jakat",5.05,,,"कुडाळ डेपो",मालवण,32.5,14:00,15:15,,,,,
126010,"Kudal St Depot To Malvan Via Nerurpar","Kudal St Depot",Malvan,NERURPAR,MO,6435,"Thakur Temb",8.05,,,"कुडाळ डेपो",मालवण,32.5,14:00,15:15,,,,,
126010,"Kudal St Depot To Malvan Via Nerurpar","Kudal St Depot",Malvan,NERURPAR,MO,6335,Nerurpar,11.05,,,"कुडाळ डेपो",मालवण,32.5,14:00,15:15,,,,,
126010,"Kudal St Depot To Malvan Via Nerurpar","Kudal St Depot",Malvan,NERURPAR,MO,6979,"Ravalnath Mandir",14.05,,,"कुडाळ डेपो",मालवण,32.5,14:00,15:15,,,,,
126010,"Kudal St Depot To Malvan Via Nerurpar","Kudal St Depot",Malvan,NERURPAR,MO,6821,"Gavaldeo Amba",17.05,,,"कुडाळ डेपो",मालवण,32.5,14:00,15:15,,,,,
126010,"Kudal St Depot To Malvan Via Nerurpar","Kudal St Depot",Malvan,NERURPAR,MO,6829,Godyachiwadi,20.05,,,"कुडाळ डेपो",मालवण,32.5,14:00,15:15,,,,,
126010,"Kudal St Depot To Malvan Via Nerurpar","Kudal St Depot",Malvan,NERURPAR,MO,6799,Chouke,23.05,,,"कुडाळ डेपो",मालवण,32.5,14:00,15:15,,,,,
126010,"Kudal St Depot To Malvan Via Nerurpar","Kudal St Depot",Malvan,NERURPAR,MO,6750,"Ajagaonkar Bangala",26.05,,,"कुडाळ डेपो",मालवण,32.5,14:00,15:15,,,,,
126010,"Kudal St Depot To Malvan Via Nerurpar","Kudal St Depot",Malvan,NERURPAR,MO,6897,"Kumbharmath Govekar Dukan",28,,,"कुडाळ डेपो",मालवण,32.5,14:00,15:15,,,,,
126010,"Kudal St Depot To Malvan Via Nerurpar","Kudal St Depot",Malvan,NERURPAR,MO,6915,Malvan,32.5,,,"कुडाळ डेपो",मालवण,32.5,14:00,15:15,,,,,
126077,"Kudal To Talgaon Via Sukalwad","Kudal St Depot",Talgaon,SUKALWAD,MO,6240,"Kudal St Depot",,,,"कुडाळ आगार",तळगाव,37.3,12:20,13:30,SC,SUN,,,
126077,"Kudal To Talgaon Via Sukalwad","Kudal St Depot",Talgaon,SUKALWAD,MO,6237,"Kudal St Depot",1.5,,,"कुडाळ आगार",तळगाव,37.3,12:20,13:30,SC,SUN,,,
126077,"Kudal To Talgaon Via Sukalwad","Kudal St Depot",Talgaon,SUKALWAD,MO,6380,"Pawashi Panchayat",3.4,,,"कुडाळ आगार",तळगाव,37.3,12:20,13:30,SC,SUN,,,
126077,"Kudal To Talgaon Via Sukalwad","Kudal St Depot",Talgaon,SUKALWAD,MO,88100,Vetalbambarde,8.8,,,"कुडाळ आगार",तळगाव,37.3,12:20,13:30,SC,SUN,,,
126077,"Kudal To Talgaon Via Sukalwad","Kudal St Depot",Talgaon,SUKALWAD,MO,6365,Pandur,10.5,,,"कुडाळ आगार",तळगाव,37.3,12:20,13:30,SC,SUN,,,
126077,"Kudal To Talgaon Via Sukalwad","Kudal St Depot",Talgaon,SUKALWAD,MO,6204,"Humarmala Kasale Dukan",11.5,,,"कुडाळ आगार",तळगाव,37.3,12:20,13:30,SC,SUN,,,
126077,"Kudal To Talgaon Via Sukalwad","Kudal St Depot",Talgaon,SUKALWAD,MO,6206,"Humarmala Rane Dukan",13.5,,,"कुडाळ आगार",तळगाव,37.3,12:20,13:30,SC,SUN,,,
126077,"Kudal To Talgaon Via Sukalwad","Kudal St Depot",Talgaon,SUKALWAD,MO,6224,"Jijamata Hospital",14.5,,,"कुडाळ आगार",तळगाव,37.3,12:20,13:30,SC,SUN,,,
126077,"Kudal To Talgaon Via Sukalwad","Kudal St Depot",Talgaon,SUKALWAD,MO,6362,"Oros Bus Stnad",16,,,"कुडाळ आगार",तळगाव,37.3,12:20,13:30,SC,SUN,,,
126077,"Kudal To Talgaon Via Sukalwad","Kudal St Depot",Talgaon,SUKALWAD,MO,6226,"Jaitapkar Colany",18,,,"कुडाळ आगार",तळगाव,37.3,12:20,13:30,SC,SUN,,,
126077,"Kudal To Talgaon Via Sukalwad","Kudal St Depot",Talgaon,SUKALWAD,MO,6116,Awali,19.5,,,"कुडाळ आगार",तळगाव,37.3,12:20,13:30,SC,SUN,,,
126077,"Kudal To Talgaon Via Sukalwad","Kudal St Depot",Talgaon,SUKALWAD,MO,6282,"Kasal Balamwadi",20.5,,,"कुडाळ आगार",तळगाव,37.3,12:20,13:30,SC,SUN,,,
126077,"Kudal To Talgaon Via Sukalwad","Kudal St Depot",Talgaon,SUKALWAD,MO,6281,Kasal,22.5,,,"कुडाळ आगार",तळगाव,37.3,12:20,13:30,SC,SUN,,,
126077,"Kudal To Talgaon Via Sukalwad","Kudal St Depot",Talgaon,SUKALWAD,MO,6268,"Khotale Fata",23.5,,,"कुडाळ आगार",तळगाव,37.3,12:20,13:30,SC,SUN,,,
126077,"Kudal To Talgaon Via Sukalwad","Kudal St Depot",Talgaon,SUKALWAD,MO,6368,Padve,25.5,,,"कुडाळ आगार",तळगाव,37.3,12:20,13:30,SC,SUN,,,
126077,"Kudal To Talgaon Via Sukalwad","Kudal St Depot",Talgaon,SUKALWAD,MO,6392,"Ranbambuli Fata",26.5,,,"कुडाळ आगार",तळगाव,37.3,12:20,13:30,SC,SUN,,,
126077,"Kudal To Talgaon Via Sukalwad","Kudal St Depot",Talgaon,SUKALWAD,MO,6424,Sukalwad,29.5,,,"कुडाळ आगार",तळगाव,37.3,12:20,13:30,SC,SUN,,,
126077,"Kudal To Talgaon Via Sukalwad","Kudal St Depot",Talgaon,SUKALWAD,MO,6308,Mhalunge,33,,,"कुडाळ आगार",तळगाव,37.3,12:20,13:30,SC,SUN,,,
126077,"Kudal To Talgaon Via Sukalwad","Kudal St Depot",Talgaon,SUKALWAD,MO,7002,Talgaon,37.3,,,"कुडाळ आगार",तळगाव,37.3,12:20,13:30,SC,SUN,,,
148233,"Kudal To Talgaon Via Sindhuduragnagari Water Tank","Kudal St Depot",Talgaon,"SINDHUDURAGNAGARI WATER TANK",MO,6237,"Kudal St Depot",,,,कुडाळ,तळगाव,26.5,09:10,10:10,sc,SUN,,,
148233,"Kudal To Talgaon Via Sindhuduragnagari Water Tank","Kudal St Depot",Talgaon,"SINDHUDURAGNAGARI WATER TANK",MO,6380,"Pawashi Panchayat",2.8,,,कुडाळ,तळगाव,26.5,09:10,10:10,sc,SUN,,,
148233,"Kudal To Talgaon Via Sindhuduragnagari Water Tank","Kudal St Depot",Talgaon,"SINDHUDURAGNAGARI WATER TANK",MO,88100,Vetalbambarde,7,,,कुडाळ,तळगाव,26.5,09:10,10:10,sc,SUN,,,
148233,"Kudal To Talgaon Via Sindhuduragnagari Water Tank","Kudal St Depot",Talgaon,"SINDHUDURAGNAGARI WATER TANK",MO,6365,Pandur,9,,,कुडाळ,तळगाव,26.5,09:10,10:10,sc,SUN,,,
148233,"Kudal To Talgaon Via Sindhuduragnagari Water Tank","Kudal St Depot",Talgaon,"SINDHUDURAGNAGARI WATER TANK",MO,6204,"Humarmala Kasale Dukan",12,,,कुडाळ,तळगाव,26.5,09:10,10:10,sc,SUN,,,
148233,"Kudal To Talgaon Via Sindhuduragnagari Water Tank","Kudal St Depot",Talgaon,"SINDHUDURAGNAGARI WATER TANK",MO,6224,"Jijamata Hospital",15.3,,,कुडाळ,तळगाव,26.5,09:10,10:10,sc,SUN,,,
148233,"Kudal To Talgaon Via Sindhuduragnagari Water Tank","Kudal St Depot",Talgaon,"SINDHUDURAGNAGARI WATER TANK",MO,6422,"Sindhuduragnagari Water Tank",17.3,,,कुडाळ,तळगाव,26.5,09:10,10:10,sc,SUN,,,
148233,"Kudal To Talgaon Via Sindhuduragnagari Water Tank","Kudal St Depot",Talgaon,"SINDHUDURAGNAGARI WATER TANK",MO,6216,Iti,17.7,,,कुडाळ,तळगाव,26.5,09:10,10:10,sc,SUN,,,
148233,"Kudal To Talgaon Via Sindhuduragnagari Water Tank","Kudal St Depot",Talgaon,"SINDHUDURAGNAGARI WATER TANK",MO,6392,"Ranbambuli Fata",19.5,,,कुडाळ,तळगाव,26.5,09:10,10:10,sc,SUN,,,
148233,"Kudal To Talgaon Via Sindhuduragnagari Water Tank","Kudal St Depot",Talgaon,"SINDHUDURAGNAGARI WATER TANK",MO,6424,Sukalwad,21,,,कुडाळ,तळगाव,26.5,09:10,10:10,sc,SUN,,,
148233,"Kudal To Talgaon Via Sindhuduragnagari Water Tank","Kudal St Depot",Talgaon,"SINDHUDURAGNAGARI WATER TANK",MO,6935,Mhalunge,24,,,कुडाळ,तळगाव,26.5,09:10,10:10,sc,SUN,,,
148233,"Kudal To Talgaon Via Sindhuduragnagari Water Tank","Kudal St Depot",Talgaon,"SINDHUDURAGNAGARI WATER TANK",MO,7002,Talgaon,26.5,,,कुडाळ,तळगाव,26.5,09:10,10:10,sc,SUN,,,
10960,"Kudal St Depot To Kawathi Ghodakewadi","Kudal St Depot","Kawathi Ghodakewadi",,MO,6240,"Kudal St Depot",,,,"कुडाळ आगार",कवठी,18.1,17:00,17:40,OBL,Daily,,,
10960,"Kudal St Depot To Kawathi Ghodakewadi","Kudal St Depot","Kawathi Ghodakewadi",,MO,6237,"Kudal St Depot",1.5,,,"कुडाळ आगार",कवठी,18.1,17:00,17:40,OBL,Daily,,,
10960,"Kudal St Depot To Kawathi Ghodakewadi","Kudal St Depot","Kawathi Ghodakewadi",,MO,6351,"Nerur Jakat",4,,,"कुडाळ आगार",कवठी,18.1,17:00,17:40,OBL,Daily,,,
10960,"Kudal St Depot To Kawathi Ghodakewadi","Kudal St Depot","Kawathi Ghodakewadi",,MO,6333,"Nerur Chavhata",6,,,"कुडाळ आगार",कवठी,18.1,17:00,17:40,OBL,Daily,,,
10960,"Kudal St Depot To Kawathi Ghodakewadi","Kudal St Depot","Kawathi Ghodakewadi",,MO,6100,"Arkarcha Bridge",9,,,"कुडाळ आगार",कवठी,18.1,17:00,17:40,OBL,Daily,,,
10960,"Kudal St Depot To Kawathi Ghodakewadi","Kudal St Depot","Kawathi Ghodakewadi",,MO,6166,"Desai Bungalow",9.7,,,"कुडाळ आगार",कवठी,18.1,17:00,17:40,OBL,Daily,,,
10960,"Kudal St Depot To Kawathi Ghodakewadi","Kudal St Depot","Kawathi Ghodakewadi",,MO,6470,Walawal,10.9,,,"कुडाळ आगार",कवठी,18.1,17:00,17:40,OBL,Daily,,,
10960,"Kudal St Depot To Kawathi Ghodakewadi","Kudal St Depot","Kawathi Ghodakewadi",,MO,6328,Mathkarwadi,12,,,"कुडाळ आगार",कवठी,18.1,17:00,17:40,OBL,Daily,,,
10960,"Kudal St Depot To Kawathi Ghodakewadi","Kudal St Depot","Kawathi Ghodakewadi",,MO,6145,"Chendawan High School",14.2,,,"कुडाळ आगार",कवठी,18.1,17:00,17:40,OBL,Daily,,,
10960,"Kudal St Depot To Kawathi Ghodakewadi","Kudal St Depot","Kawathi Ghodakewadi",,MO,6146,"Chendawan Thumarewadi",14.6,,,"कुडाळ आगार",कवठी,18.1,17:00,17:40,OBL,Daily,,,
10960,"Kudal St Depot To Kawathi Ghodakewadi","Kudal St Depot","Kawathi Ghodakewadi",,MO,6120,"Bhandarwadi Kawathi",15.2,,,"कुडाळ आगार",कवठी,18.1,17:00,17:40,OBL,Daily,,,
10960,"Kudal St Depot To Kawathi Ghodakewadi","Kudal St Depot","Kawathi Ghodakewadi",,MO,6293,"Kawathi Ghodakewadi",18.1,,,"कुडाळ आगार",कवठी,18.1,17:00,17:40,OBL,Daily,,,
10993,"Kudal St Depot To Humarmala","Kudal St Depot",Humarmala,,MO,6240,"Kudal St Depot",,,,"कुडाळ आगार",हुमरमळा,17.5,12:30,13:10,sc,SUN,,,
10993,"Kudal St Depot To Humarmala","Kudal St Depot",Humarmala,,MO,6237,"Kudal St Depot",1.5,,,"कुडाळ आगार",हुमरमळा,17.5,12:30,13:10,sc,SUN,,,
10993,"Kudal St Depot To Humarmala","Kudal St Depot",Humarmala,,MO,6351,"Nerur Jakat",4,,,"कुडाळ आगार",हुमरमळा,17.5,12:30,13:10,sc,SUN,,,
10993,"Kudal St Depot To Humarmala","Kudal St Depot",Humarmala,,MO,6348,"Nerur Post",5.4,,,"कुडाळ आगार",हुमरमळा,17.5,12:30,13:10,sc,SUN,,,
10993,"Kudal St Depot To Humarmala","Kudal St Depot",Humarmala,,MO,6333,"Nerur Chavhata",6,,,"कुडाळ आगार",हुमरमळा,17.5,12:30,13:10,sc,SUN,,,
10993,"Kudal St Depot To Humarmala","Kudal St Depot",Humarmala,,MO,6353,"Nerur Choupati",8.9,,,"कुडाळ आगार",हुमरमळा,17.5,12:30,13:10,sc,SUN,,,
10993,"Kudal St Depot To Humarmala","Kudal St Depot",Humarmala,,MO,6100,"Arkarcha Bridge",9.3,,,"कुडाळ आगार",हुमरमळा,17.5,12:30,13:10,sc,SUN,,,
10993,"Kudal St Depot To Humarmala","Kudal St Depot",Humarmala,,MO,6166,"Desai Bungalow",10,,,"कुडाळ आगार",हुमरमळा,17.5,12:30,13:10,sc,SUN,,,
10993,"Kudal St Depot To Humarmala","Kudal St Depot",Humarmala,,MO,6470,Walawal,11.2,,,"कुडाळ आगार",हुमरमळा,17.5,12:30,13:10,sc,SUN,,,
10993,"Kudal St Depot To Humarmala","Kudal St Depot",Humarmala,,MO,6330,"Mauli Mandir",12.6,,,"कुडाळ आगार",हुमरमळा,17.5,12:30,13:10,sc,SUN,,,
10993,"Kudal St Depot To Humarmala","Kudal St Depot",Humarmala,,MO,6138,"Bankon School",15,,,"कुडाळ आगार",हुमरमळा,17.5,12:30,13:10,sc,SUN,,,
10993,"Kudal St Depot To Humarmala","Kudal St Depot",Humarmala,,MO,6215,Humarmala,17.5,,,"कुडाळ आगार",हुमरमळा,17.5,12:30,13:10,sc,SUN,,,
19935,"Kumbhyachiwadi To Kudal",Kumbhyachiwadi,"Kudal St Depot",,MO,6285,Kumbhyachiwadi,,,,पांग्रड,कुडाळ,29.3,14:10,15:10,,,,,
19935,"Kumbhyachiwadi To Kudal",Kumbhyachiwadi,"Kudal St Depot",,MO,6374,Pangrad,2.6,,,पांग्रड,कुडाळ,29.3,14:10,15:10,,,,,
19935,"Kumbhyachiwadi To Kudal",Kumbhyachiwadi,"Kudal St Depot",,MO,6340,"Nirukhe Terse Shop",4,,,पांग्रड,कुडाळ,29.3,14:10,15:10,,,,,
19935,"Kumbhyachiwadi To Kudal",Kumbhyachiwadi,"Kudal St Depot",,MO,6151,Crusher,6.8,,,पांग्रड,कुडाळ,29.3,14:10,15:10,,,,,
19935,"Kumbhyachiwadi To Kudal",Kumbhyachiwadi,"Kudal St Depot",,MO,6375,"Pangrad Fata",7.6,,,पांग्रड,कुडाळ,29.3,14:10,15:10,,,,,
19935,"Kumbhyachiwadi To Kudal",Kumbhyachiwadi,"Kudal St Depot",,MO,6243,"Kadawal Post",8.8,,,पांग्रड,कुडाळ,29.3,14:10,15:10,,,,,
19935,"Kumbhyachiwadi To Kudal",Kumbhyachiwadi,"Kudal St Depot",,MO,6244,Kadawal,9.2,,,पांग्रड,कुडाळ,29.3,14:10,15:10,,,,,
19935,"Kumbhyachiwadi To Kudal",Kumbhyachiwadi,"Kudal St Depot",,MO,6087,"Awalegaon Dispensary",10.6,,,पांग्रड,कुडाळ,29.3,14:10,15:10,,,,,
19935,"Kumbhyachiwadi To Kudal",Kumbhyachiwadi,"Kudal St Depot",,MO,6115,"Awalegaon Patkar Temb",13.1,,,पांग्रड,कुडाळ,29.3,14:10,15:10,,,,,
19935,"Kumbhyachiwadi To Kudal",Kumbhyachiwadi,"Kudal St Depot",,MO,6157,"Digas Kalika Mandir",14.4,,,पांग्रड,कुडाळ,29.3,14:10,15:10,,,,,
19935,"Kumbhyachiwadi To Kudal",Kumbhyachiwadi,"Kudal St Depot",,MO,6227,"Khadichegalu Pulaskar",15.9,,,पांग्रड,कुडाळ,29.3,14:10,15:10,,,,,
19935,"Kumbhyachiwadi To Kudal",Kumbhyachiwadi,"Kudal St Depot",,MO,6373,"Pandur Phc",18.2,,,पांग्रड,कुडाळ,29.3,14:10,15:10,,,,,
19935,"Kumbhyachiwadi To Kudal",Kumbhyachiwadi,"Kudal St Depot",,MO,6365,Pandur,18.8,,,पांग्रड,कुडाळ,29.3,14:10,15:10,,,,,
19935,"Kumbhyachiwadi To Kudal",Kumbhyachiwadi,"Kudal St Depot",,MO,88100,Vetalbambarde,21,,,पांग्रड,कुडाळ,29.3,14:10,15:10,,,,,
19935,"Kumbhyachiwadi To Kudal",Kumbhyachiwadi,"Kudal St Depot",,MO,6380,"Pawashi Panchayat",24,,,पांग्रड,कुडाळ,29.3,14:10,15:10,,,,,
19935,"Kumbhyachiwadi To Kudal",Kumbhyachiwadi,"Kudal St Depot",,MO,6237,"Kudal St Depot",27.8,,,पांग्रड,कुडाळ,29.3,14:10,15:10,,,,,
19941,"Sarambal Kadamwadi To Kudal","Sarambal Kadamwadi","Kudal St Depot",,MO,6401,"Sarambal Kadamwadi",,,,सरंबळ,कुडाळ,11.5,06:40,07:10,SC,Daily,,,
19941,"Sarambal Kadamwadi To Kudal","Sarambal Kadamwadi","Kudal St Depot",,MO,6134,Bhimnagar,1.9,,,सरंबळ,कुडाळ,11.5,06:40,07:10,SC,Daily,,,
19941,"Sarambal Kadamwadi To Kudal","Sarambal Kadamwadi","Kudal St Depot",,MO,6421,"Sarambal Bandh",2.3,,,सरंबळ,कुडाळ,11.5,06:40,07:10,SC,Daily,,,
19941,"Sarambal Kadamwadi To Kudal","Sarambal Kadamwadi","Kudal St Depot",,MO,6385,Pujarewadi,2.7,,,सरंबळ,कुडाळ,11.5,06:40,07:10,SC,Daily,,,
19941,"Sarambal Kadamwadi To Kudal","Sarambal Kadamwadi","Kudal St Depot",,MO,6379,Parabwadi,2.9,,,सरंबळ,कुडाळ,11.5,06:40,07:10,SC,Daily,,,
19941,"Sarambal Kadamwadi To Kudal","Sarambal Kadamwadi","Kudal St Depot",,MO,6427,Talekarwadi,4.9,,,सरंबळ,कुडाळ,11.5,06:40,07:10,SC,Daily,,,
19941,"Sarambal Kadamwadi To Kudal","Sarambal Kadamwadi","Kudal St Depot",,MO,6164,"Durgawad Fata",5.4,,,सरंबळ,कुडाळ,11.5,06:40,07:10,SC,Daily,,,
19941,"Sarambal Kadamwadi To Kudal","Sarambal Kadamwadi","Kudal St Depot",,MO,6235,"Kudal Rly. Stn.",8.6,,,सरंबळ,कुडाळ,11.5,06:40,07:10,SC,Daily,,,
19941,"Sarambal Kadamwadi To Kudal","Sarambal Kadamwadi","Kudal St Depot",,MO,6237,"Kudal St Depot",11.5,,,सरंबळ,कुडाळ,11.5,06:40,07:10,SC,Daily,,,
19970,"Belachiwadi To Kasal",Belachiwadi,Kasal,,MO,6773,Belachiwadi,,,,बेलाचीवाडी,कसाल,18.3,09:25,10:00,,,,,
19970,"Belachiwadi To Kasal",Belachiwadi,Kasal,,MO,7018,Vinanti,1.3,,,बेलाचीवाडी,कसाल,18.3,09:25,10:00,,,,,
19970,"Belachiwadi To Kasal",Belachiwadi,Kasal,,MO,6774,"Belachiwadi Fata",2.2,,,बेलाचीवाडी,कसाल,18.3,09:25,10:00,,,,,
19970,"Belachiwadi To Kasal",Belachiwadi,Kasal,,MO,7021,"Viran Maladi Fata",2.4,,,बेलाचीवाडी,कसाल,18.3,09:25,10:00,,,,,
19970,"Belachiwadi To Kasal",Belachiwadi,Kasal,,MO,6965,"Poip Katta Titha",2.9,,,बेलाचीवाडी,कसाल,18.3,09:25,10:00,,,,,
19970,"Belachiwadi To Kasal",Belachiwadi,Kasal,,MO,6976,"Rathiwade Gunjichiwadi",5.6,,,बेलाचीवाडी,कसाल,18.3,09:25,10:00,,,,,
19970,"Belachiwadi To Kasal",Belachiwadi,Kasal,,MO,6944,Navamboli,6.2,,,बेलाचीवाडी,कसाल,18.3,09:25,10:00,,,,,
19970,"Belachiwadi To Kasal",Belachiwadi,Kasal,,MO,6851,"Hiwale Gangeshwar",9.6,,,बेलाचीवाडी,कसाल,18.3,09:25,10:00,,,,,
19970,"Belachiwadi To Kasal",Belachiwadi,Kasal,,MO,6852,"Hiwale Gawadewadi",11.2,,,बेलाचीवाडी,कसाल,18.3,09:25,10:00,,,,,
19970,"Belachiwadi To Kasal",Belachiwadi,Kasal,,MO,6854,"Hiwale School No.2",11.3,,,बेलाचीवाडी,कसाल,18.3,09:25,10:00,,,,,
19970,"Belachiwadi To Kasal",Belachiwadi,Kasal,,MO,6890,Koleri,11.6,,,बेलाचीवाडी,कसाल,18.3,09:25,10:00,,,,,
19970,"Belachiwadi To Kasal",Belachiwadi,Kasal,,MO,6853,"Hiwale Ratambi",12.7,,,बेलाचीवाडी,कसाल,18.3,09:25,10:00,,,,,
19970,"Belachiwadi To Kasal",Belachiwadi,Kasal,,MO,6946,"Owaliye Rameshwar",14.3,,,बेलाचीवाडी,कसाल,18.3,09:25,10:00,,,,,
19970,"Belachiwadi To Kasal",Belachiwadi,Kasal,,MO,6959,"Parbhatle Magam Dukan",14.8,,,बेलाचीवाडी,कसाल,18.3,09:25,10:00,,,,,
19970,"Belachiwadi To Kasal",Belachiwadi,Kasal,,MO,6281,Kasal,18.3,,,बेलाचीवाडी,कसाल,18.3,09:25,10:00,,,,,
107824,"Parule To Kudal St Depot",Parule,"Kudal St Depot",,MO,9750,Parule,,,,परळे,"कुडाळ आगार",29,11:00,12:00,Non,Daily,,,
107824,"Parule To Kudal St Depot",Parule,"Kudal St Depot",,MO,9667,"Karli Titha Amba",1.7,,,परळे,"कुडाळ आगार",29,11:00,12:00,Non,Daily,,,
107824,"Parule To Kudal St Depot",Parule,"Kudal St Depot",,MO,6274,"Korjai Titha",5.3,,,परळे,"कुडाळ आगार",29,11:00,12:00,Non,Daily,,,
107824,"Parule To Kudal St Depot",Parule,"Kudal St Depot",,MO,9699,"Mail Dagad",7,,,परळे,"कुडाळ आगार",29,11:00,12:00,Non,Daily,,,
107824,"Parule To Kudal St Depot",Parule,"Kudal St Depot",,MO,9624,"Chipi School",8.7,,,परळे,"कुडाळ आगार",29,11:00,12:00,Non,Daily,,,
107824,"Parule To Kudal St Depot",Parule,"Kudal St Depot",,MO,9839,"Chipi Brahmin Mandir",9.2,,,परळे,"कुडाळ आगार",29,11:00,12:00,Non,Daily,,,
107824,"Parule To Kudal St Depot",Parule,"Kudal St Depot",,MO,6184,"Gonkarwadi School",10.8,,,परळे,"कुडाळ आगार",29,11:00,12:00,Non,Daily,,,
107824,"Parule To Kudal St Depot",Parule,"Kudal St Depot",,MO,6293,"Kawathi Ghodakewadi",13.2,,,परळे,"कुडाळ आगार",29,11:00,12:00,Non,Daily,,,
107824,"Parule To Kudal St Depot",Parule,"Kudal St Depot",,MO,6120,"Bhandarwadi Kawathi",13.5,,,परळे,"कुडाळ आगार",29,11:00,12:00,Non,Daily,,,
107824,"Parule To Kudal St Depot",Parule,"Kudal St Depot",,MO,6146,"Chendawan Thumarewadi",14.1,,,परळे,"कुडाळ आगार",29,11:00,12:00,Non,Daily,,,
107824,"Parule To Kudal St Depot",Parule,"Kudal St Depot",,MO,6145,"Chendawan High School",14.5,,,परळे,"कुडाळ आगार",29,11:00,12:00,Non,Daily,,,
107824,"Parule To Kudal St Depot",Parule,"Kudal St Depot",,MO,6328,Mathkarwadi,16.7,,,परळे,"कुडाळ आगार",29,11:00,12:00,Non,Daily,,,
107824,"Parule To Kudal St Depot",Parule,"Kudal St Depot",,MO,6470,Walawal,17.8,,,परळे,"कुडाळ आगार",29,11:00,12:00,Non,Daily,,,
107824,"Parule To Kudal St Depot",Parule,"Kudal St Depot",,MO,6166,"Desai Bungalow",19,,,परळे,"कुडाळ आगार",29,11:00,12:00,Non,Daily,,,
107824,"Parule To Kudal St Depot",Parule,"Kudal St Depot",,MO,6100,"Arkarcha Bridge",19.7,,,परळे,"कुडाळ आगार",29,11:00,12:00,Non,Daily,,,
107824,"Parule To Kudal St Depot",Parule,"Kudal St Depot",,MO,6333,"Nerur Chavhata",22.7,,,परळे,"कुडाळ आगार",29,11:00,12:00,Non,Daily,,,
107824,"Parule To Kudal St Depot",Parule,"Kudal St Depot",,MO,6348,"Nerur Post",23.3,,,परळे,"कुडाळ आगार",29,11:00,12:00,Non,Daily,,,
107824,"Parule To Kudal St Depot",Parule,"Kudal St Depot",,MO,6351,"Nerur Jakat",25.7,,,परळे,"कुडाळ आगार",29,11:00,12:00,Non,Daily,,,
107824,"Parule To Kudal St Depot",Parule,"Kudal St Depot",,MO,6237,"Kudal St Depot",29,,,परळे,"कुडाळ आगार",29,11:00,12:00,Non,Daily,,,
107824,"Parule To Kudal St Depot",Parule,"Kudal St Depot",,MO,6240,"Kudal St Depot",30.5,,,परळे,"कुडाळ आगार",29,11:00,12:00,Non,Daily,,,
107833,"Vengurle To Kudal St Depot Via Dabholi Waingani Titha",Vengurle,"Kudal St Depot","DABHOLI WAINGANI TITHA",MO,9824,Vengurle,,,,वोंगुर्ले,"कुडाळ आगार",26.5,18:50,19:50,,,,,
107833,"Vengurle To Kudal St Depot Via Dabholi Waingani Titha",Vengurle,"Kudal St Depot","DABHOLI WAINGANI TITHA",MO,9740,Nimusga,2.8,,,वोंगुर्ले,"कुडाळ आगार",26.5,18:50,19:50,,,,,
107833,"Vengurle To Kudal St Depot Via Dabholi Waingani Titha",Vengurle,"Kudal St Depot","DABHOLI WAINGANI TITHA",MO,9697,"Lokhandewadi Titha",4,,,वोंगुर्ले,"कुडाळ आगार",26.5,18:50,19:50,,,,,
107833,"Vengurle To Kudal St Depot Via Dabholi Waingani Titha",Vengurle,"Kudal St Depot","DABHOLI WAINGANI TITHA",MO,9627,"Dabholi Waingani Titha",5.1,,,वोंगुर्ले,"कुडाळ आगार",26.5,18:50,19:50,,,,,
107833,"Vengurle To Kudal St Depot Via Dabholi Waingani Titha",Vengurle,"Kudal St Depot","DABHOLI WAINGANI TITHA",MO,9620,"Bowalekar Wadi",6.6,,,वोंगुर्ले,"कुडाळ आगार",26.5,18:50,19:50,,,,,
107833,"Vengurle To Kudal St Depot Via Dabholi Waingani Titha",Vengurle,"Kudal St Depot","DABHOLI WAINGANI TITHA",MO,9678,"Khanoli Rawalnath Mandir",9.8,,,वोंगुर्ले,"कुडाळ आगार",26.5,18:50,19:50,,,,,
107833,"Vengurle To Kudal St Depot Via Dabholi Waingani Titha",Vengurle,"Kudal St Depot","DABHOLI WAINGANI TITHA",MO,9829,"Vetore Sateri Mandir",12.8,,,वोंगुर्ले,"कुडाळ आगार",26.5,18:50,19:50,,,,,
107833,"Vengurle To Kudal St Depot Via Dabholi Waingani Titha",Vengurle,"Kudal St Depot","DABHOLI WAINGANI TITHA",MO,6458,"Vetore Titha",14.2,,,वोंगुर्ले,"कुडाळ आगार",26.5,18:50,19:50,,,,,
107833,"Vengurle To Kudal St Depot Via Dabholi Waingani Titha",Vengurle,"Kudal St Depot","DABHOLI WAINGANI TITHA",MO,6459,"Vetore Sub Stage",16,,,वोंगुर्ले,"कुडाळ आगार",26.5,18:50,19:50,,,,,
107833,"Vengurle To Kudal St Depot Via Dabholi Waingani Titha",Vengurle,"Kudal St Depot","DABHOLI WAINGANI TITHA",MO,6423,Sativan,18.8,,,वोंगुर्ले,"कुडाळ आगार",26.5,18:50,19:50,,,,,
107833,"Vengurle To Kudal St Depot Via Dabholi Waingani Titha",Vengurle,"Kudal St Depot","DABHOLI WAINGANI TITHA",MO,6376,"Pinguli Titha",22.2,,,वोंगुर्ले,"कुडाळ आगार",26.5,18:50,19:50,,,,,
107833,"Vengurle To Kudal St Depot Via Dabholi Waingani Titha",Vengurle,"Kudal St Depot","DABHOLI WAINGANI TITHA",MO,6237,"Kudal St Depot",25,,,वोंगुर्ले,"कुडाळ आगार",26.5,18:50,19:50,,,,,
107833,"Vengurle To Kudal St Depot Via Dabholi Waingani Titha",Vengurle,"Kudal St Depot","DABHOLI WAINGANI TITHA",MO,6240,"Kudal St Depot",26.5,,,वोंगुर्ले,"कुडाळ आगार",26.5,18:50,19:50,,,,,
107876,"Kudal St Depot To Sarambal Kadamwadi","Kudal St Depot","Sarambal Kadamwadi",,MO,6240,"Kudal St Depot",,,,"कुडाळ आगार",सरंबळ,12.6,06:00,06:30,Obl,Daily,,,SCHOOL
107876,"Kudal St Depot To Sarambal Kadamwadi","Kudal St Depot","Sarambal Kadamwadi",,MO,6237,"Kudal St Depot",1.5,,,"कुडाळ आगार",सरंबळ,12.6,06:00,06:30,Obl,Daily,,,SCHOOL
107876,"Kudal St Depot To Sarambal Kadamwadi","Kudal St Depot","Sarambal Kadamwadi",,MO,6235,"Kudal Rly. Stn.",4.4,,,"कुडाळ आगार",सरंबळ,12.6,06:00,06:30,Obl,Daily,,,SCHOOL
107876,"Kudal St Depot To Sarambal Kadamwadi","Kudal St Depot","Sarambal Kadamwadi",,MO,6164,"Durgawad Fata",7.6,,,"कुडाळ आगार",सरंबळ,12.6,06:00,06:30,Obl,Daily,,,SCHOOL
107876,"Kudal St Depot To Sarambal Kadamwadi","Kudal St Depot","Sarambal Kadamwadi",,MO,6427,Talekarwadi,8.1,,,"कुडाळ आगार",सरंबळ,12.6,06:00,06:30,Obl,Daily,,,SCHOOL
107876,"Kudal St Depot To Sarambal Kadamwadi","Kudal St Depot","Sarambal Kadamwadi",,MO,6379,Parabwadi,10.1,,,"कुडाळ आगार",सरंबळ,12.6,06:00,06:30,Obl,Daily,,,SCHOOL
107876,"Kudal St Depot To Sarambal Kadamwadi","Kudal St Depot","Sarambal Kadamwadi",,MO,6385,Pujarewadi,10.3,,,"कुडाळ आगार",सरंबळ,12.6,06:00,06:30,Obl,Daily,,,SCHOOL
107876,"Kudal St Depot To Sarambal Kadamwadi","Kudal St Depot","Sarambal Kadamwadi",,MO,6421,"Sarambal Bandh",10.7,,,"कुडाळ आगार",सरंबळ,12.6,06:00,06:30,Obl,Daily,,,SCHOOL
107876,"Kudal St Depot To Sarambal Kadamwadi","Kudal St Depot","Sarambal Kadamwadi",,MO,6134,Bhimnagar,11.1,,,"कुडाळ आगार",सरंबळ,12.6,06:00,06:30,Obl,Daily,,,SCHOOL
107876,"Kudal St Depot To Sarambal Kadamwadi","Kudal St Depot","Sarambal Kadamwadi",,MO,6401,"Sarambal Kadamwadi",12.6,,,"कुडाळ आगार",सरंबळ,12.6,06:00,06:30,Obl,Daily,,,SCHOOL
108326,"Amberi To Kudal St Depot",Amberi,"Kudal St Depot",,MO,6092,Amberi,,,,घावनळे,"कुडाळ आगार",19.3,12:10,12:50,,,"6 तासात ड्यूटि संपते",,
108326,"Amberi To Kudal St Depot",Amberi,"Kudal St Depot",,MO,6192,"Ghavanale Harijanwadi",3.2,,,घावनळे,"कुडाळ आगार",19.3,12:10,12:50,,,"6 तासात ड्यूटि संपते",,
108326,"Amberi To Kudal St Depot",Amberi,"Kudal St Depot",,MO,6176,"Ghavanale Gaothan Wadi",4.1,,,घावनळे,"कुडाळ आगार",19.3,12:10,12:50,,,"6 तासात ड्यूटि संपते",,
108326,"Amberi To Kudal St Depot",Amberi,"Kudal St Depot",,MO,6180,"Ghavanale Namas Wadi Giran",5,,,घावनळे,"कुडाळ आगार",19.3,12:10,12:50,,,"6 तासात ड्यूटि संपते",,
108326,"Amberi To Kudal St Depot",Amberi,"Kudal St Depot",,MO,6171,"Ghavanale Gpo",5.8,,,घावनळे,"कुडाळ आगार",19.3,12:10,12:50,,,"6 तासात ड्यूटि संपते",,
108326,"Amberi To Kudal St Depot",Amberi,"Kudal St Depot",,MO,6278,"Kerawade Fata",8.2,,,घावनळे,"कुडाळ आगार",19.3,12:10,12:50,,,"6 तासात ड्यूटि संपते",,
108326,"Amberi To Kudal St Depot",Amberi,"Kudal St Depot",,MO,6443,"Tulsuli Bhimnagar",9.1,,,घावनळे,"कुडाळ आगार",19.3,12:10,12:50,,,"6 तासात ड्यूटि संपते",,
108326,"Amberi To Kudal St Depot",Amberi,"Kudal St Depot",,MO,6444,"Tulsuli High School",9.4,,,घावनळे,"कुडाळ आगार",19.3,12:10,12:50,,,"6 तासात ड्यूटि संपते",,
108326,"Amberi To Kudal St Depot",Amberi,"Kudal St Depot",,MO,6438,"Tulsuli Mandkuli Fata",10.9,,,घावनळे,"कुडाळ आगार",19.3,12:10,12:50,,,"6 तासात ड्यूटि संपते",,
108326,"Amberi To Kudal St Depot",Amberi,"Kudal St Depot",,MO,6313,"Mulade Mandir",11.7,,,घावनळे,"कुडाळ आगार",19.3,12:10,12:50,,,"6 तासात ड्यूटि संपते",,
108326,"Amberi To Kudal St Depot",Amberi,"Kudal St Depot",,MO,6296,"Mulade Gpo",12.3,,,घावनळे,"कुडाळ आगार",19.3,12:10,12:50,,,"6 तासात ड्यूटि संपते",,
108326,"Amberi To Kudal St Depot",Amberi,"Kudal St Depot",,MO,6107,"Ambadpal G.P.O.",13.9,,,घावनळे,"कुडाळ आगार",19.3,12:10,12:50,,,"6 तासात ड्यूटि संपते",,
108326,"Amberi To Kudal St Depot",Amberi,"Kudal St Depot",,MO,6237,"Kudal St Depot",17.8,,,घावनळे,"कुडाळ आगार",19.3,12:10,12:50,,,"6 तासात ड्यूटि संपते",,
108326,"Amberi To Kudal St Depot",Amberi,"Kudal St Depot",,MO,6240,"Kudal St Depot",19.3,,,घावनळे,"कुडाळ आगार",19.3,12:10,12:50,,,"6 तासात ड्यूटि संपते",,
114276,"Kasar Khind To Kudal","Kasar Khind","Kudal St Depot",,MO,6284,"Kasar Khind",,,,कासारखिंड,कुडाळ,43.9,06:20,07:50,,,,,
114276,"Kasar Khind To Kudal","Kasar Khind","Kudal St Depot",,MO,6154,Dhangarwadi,1.8,,,कासारखिंड,कुडाळ,43.9,06:20,07:50,,,,,
114276,"Kasar Khind To Kudal","Kasar Khind","Kudal St Depot",,MO,6426,"Sawant Wadi",3,,,कासारखिंड,कुडाळ,43.9,06:20,07:50,,,,,
114276,"Kasar Khind To Kudal","Kasar Khind","Kudal St Depot",,MO,6283,"Kasarkhind Fata",3.5,,,कासारखिंड,कुडाळ,43.9,06:20,07:50,,,,,
114276,"Kasar Khind To Kudal","Kasar Khind","Kudal St Depot",,MO,6143,Boudhwadi,4.2,,,कासारखिंड,कुडाळ,43.9,06:20,07:50,,,,,
114276,"Kasar Khind To Kudal","Kasar Khind","Kudal St Depot",,MO,6221,"Jambhvade Kasarkhind Fata",4.7,,,कासारखिंड,कुडाळ,43.9,06:20,07:50,,,,,
114276,"Kasar Khind To Kudal","Kasar Khind","Kudal St Depot",,MO,6218,"Jambhavade River",6.5,,,कासारखिंड,कुडाळ,43.9,06:20,07:50,,,,,
114276,"Kasar Khind To Kudal","Kasar Khind","Kudal St Depot",,MO,6225,"Jambhavade Bhagwati Mandir",7,,,कासारखिंड,कुडाळ,43.9,06:20,07:50,,,,,
114276,"Kasar Khind To Kudal","Kasar Khind","Kudal St Depot",,MO,6217,"Jambhavade Pimpal Par",8.3,,,कासारखिंड,कुडाळ,43.9,06:20,07:50,,,,,
114276,"Kasar Khind To Kudal","Kasar Khind","Kudal St Depot",,MO,6234,"Kupawade Vinanti",8.5,,,कासारखिंड,कुडाळ,43.9,06:20,07:50,,,,,
114276,"Kasar Khind To Kudal","Kasar Khind","Kudal St Depot",,MO,6271,"Kupawade Fouzdarwadi",8.8,,,कासारखिंड,कुडाळ,43.9,06:20,07:50,,,,,
114276,"Kasar Khind To Kudal","Kasar Khind","Kudal St Depot",,MO,6262,"Kanedi Phc Phonda Titha",9.6,,,कासारखिंड,कुडाळ,43.9,06:20,07:50,,,,,
114276,"Kasar Khind To Kudal","Kasar Khind","Kudal St Depot",,MO,6211,"Hardi Titha",12.6,,,कासारखिंड,कुडाळ,43.9,06:20,07:50,,,,,
114276,"Kasar Khind To Kudal","Kasar Khind","Kudal St Depot",,MO,6324,"Murkar Dukan Humarne Thita",14,,,कासारखिंड,कुडाळ,43.9,06:20,07:50,,,,,
114276,"Kasar Khind To Kudal","Kasar Khind","Kudal St Depot",,MO,6119,"Bhadgaon Matha",15.6,,,कासारखिंड,कुडाळ,43.9,06:20,07:50,,,,,
114276,"Kasar Khind To Kudal","Kasar Khind","Kudal St Depot",,MO,6130,"Bhadgaon School",17.2,,,कासारखिंड,कुडाळ,43.9,06:20,07:50,,,,,
114276,"Kasar Khind To Kudal","Kasar Khind","Kudal St Depot",,MO,6121,"Bhadgaon Fatkurewadi",18.5,,,कासारखिंड,कुडाळ,43.9,06:20,07:50,,,,,
114276,"Kasar Khind To Kudal","Kasar Khind","Kudal St Depot",,MO,6128,"Bhadgaon Phanas",20.7,,,कासारखिंड,कुडाळ,43.9,06:20,07:50,,,,,
114276,"Kasar Khind To Kudal","Kasar Khind","Kudal St Depot",,MO,6375,"Pangrad Fata",22.2,,,कासारखिंड,कुडाळ,43.9,06:20,07:50,,,,,
114276,"Kasar Khind To Kudal","Kasar Khind","Kudal St Depot",,MO,6243,"Kadawal Post",23.4,,,कासारखिंड,कुडाळ,43.9,06:20,07:50,,,,,
114276,"Kasar Khind To Kudal","Kasar Khind","Kudal St Depot",,MO,6244,Kadawal,23.8,,,कासारखिंड,कुडाळ,43.9,06:20,07:50,,,,,
114276,"Kasar Khind To Kudal","Kasar Khind","Kudal St Depot",,MO,6087,"Awalegaon Dispensary",24.5,,,कासारखिंड,कुडाळ,43.9,06:20,07:50,,,,,
114276,"Kasar Khind To Kudal","Kasar Khind","Kudal St Depot",,MO,6167,"Datta Mandir",25.9,,,कासारखिंड,कुडाळ,43.9,06:20,07:50,,,,,
114276,"Kasar Khind To Kudal","Kasar Khind","Kudal St Depot",,MO,6088,"Awalegaon Chinch",26.5,,,कासारखिंड,कुडाळ,43.9,06:20,07:50,,,,,
114276,"Kasar Khind To Kudal","Kasar Khind","Kudal St Depot",,MO,6115,"Awalegaon Patkar Temb",27.7,,,कासारखिंड,कुडाळ,43.9,06:20,07:50,,,,,
114276,"Kasar Khind To Kudal","Kasar Khind","Kudal St Depot",,MO,6157,"Digas Kalika Mandir",29,,,कासारखिंड,कुडाळ,43.9,06:20,07:50,,,,,
114276,"Kasar Khind To Kudal","Kasar Khind","Kudal St Depot",,MO,6227,"Khadichegalu Pulaskar",30.8,,,कासारखिंड,कुडाळ,43.9,06:20,07:50,,,,,
114276,"Kasar Khind To Kudal","Kasar Khind","Kudal St Depot",,MO,6373,"Pandur Phc",34.8,,,कासारखिंड,कुडाळ,43.9,06:20,07:50,,,,,
114276,"Kasar Khind To Kudal","Kasar Khind","Kudal St Depot",,MO,6365,Pandur,36.4,,,कासारखिंड,कुडाळ,43.9,06:20,07:50,,,,,
114276,"Kasar Khind To Kudal","Kasar Khind","Kudal St Depot",,MO,88100,Vetalbambarde,38,,,कासारखिंड,कुडाळ,43.9,06:20,07:50,,,,,
114276,"Kasar Khind To Kudal","Kasar Khind","Kudal St Depot",,MO,6380,"Pawashi Panchayat",40,,,कासारखिंड,कुडाळ,43.9,06:20,07:50,,,,,
114276,"Kasar Khind To Kudal","Kasar Khind","Kudal St Depot",,MO,6240,"Kudal St Depot",41.9,,,कासारखिंड,कुडाळ,43.9,06:20,07:50,,,,,
114276,"Kasar Khind To Kudal","Kasar Khind","Kudal St Depot",,MO,6237,"Kudal St Depot",43.9,,,कासारखिंड,कुडाळ,43.9,06:20,07:50,,,,,
125422,"Kasal To Waingawade Fata Via Khotale School",Kasal,"Waingawade Fata","KHOTALE SCHOOL",MO,6281,Kasal,,,,कसाल,वायंगवडे,12.6,11:30,12:00,,,,,
125422,"Kasal To Waingawade Fata Via Khotale School",Kasal,"Waingawade Fata","KHOTALE SCHOOL",MO,6843,"Hedul Loharwadi",3.2,,,कसाल,वायंगवडे,12.6,11:30,12:00,,,,,
125422,"Kasal To Waingawade Fata Via Khotale School",Kasal,"Waingawade Fata","KHOTALE SCHOOL",MO,6844,"Hedul Vinanti",5.8,,,कसाल,वायंगवडे,12.6,11:30,12:00,,,,,
125422,"Kasal To Waingawade Fata Via Khotale School",Kasal,"Waingawade Fata","KHOTALE SCHOOL",MO,6883,"Khotale School",6.8,,,कसाल,वायंगवडे,12.6,11:30,12:00,,,,,
125422,"Kasal To Waingawade Fata Via Khotale School",Kasal,"Waingawade Fata","KHOTALE SCHOOL",MO,7029,"Waingawade Amba",9.6,,,कसाल,वायंगवडे,12.6,11:30,12:00,,,,,
125422,"Kasal To Waingawade Fata Via Khotale School",Kasal,"Waingawade Fata","KHOTALE SCHOOL",MO,7030,"Waingawade Fata",12.6,,,कसाल,वायंगवडे,12.6,11:30,12:00,,,,,
125425,"Kudal To Dutond Via Kawathi Ghodakewadi","Kudal St Depot",Dutond,"KAWATHI GHODAKEWADI",MO,6237,"Kudal St Depot",,,,कुडाळ,दुतोंड,34.6,18:40,19:50,SC,"SAT  & sun",,,
125425,"Kudal To Dutond Via Kawathi Ghodakewadi","Kudal St Depot",Dutond,"KAWATHI GHODAKEWADI",MO,6351,"Nerur Jakat",1.9,,,कुडाळ,दुतोंड,34.6,18:40,19:50,SC,"SAT  & sun",,,
125425,"Kudal To Dutond Via Kawathi Ghodakewadi","Kudal St Depot",Dutond,"KAWATHI GHODAKEWADI",MO,6333,"Nerur Chavhata",7.5,,,कुडाळ,दुतोंड,34.6,18:40,19:50,SC,"SAT  & sun",,,
125425,"Kudal To Dutond Via Kawathi Ghodakewadi","Kudal St Depot",Dutond,"KAWATHI GHODAKEWADI",MO,6100,"Arkarcha Bridge",10.5,,,कुडाळ,दुतोंड,34.6,18:40,19:50,SC,"SAT  & sun",,,
125425,"Kudal To Dutond Via Kawathi Ghodakewadi","Kudal St Depot",Dutond,"KAWATHI GHODAKEWADI",MO,6166,"Desai Bungalow",11.2,,,कुडाळ,दुतोंड,34.6,18:40,19:50,SC,"SAT  & sun",,,
125425,"Kudal To Dutond Via Kawathi Ghodakewadi","Kudal St Depot",Dutond,"KAWATHI GHODAKEWADI",MO,6470,Walawal,12.4,,,कुडाळ,दुतोंड,34.6,18:40,19:50,SC,"SAT  & sun",,,
125425,"Kudal To Dutond Via Kawathi Ghodakewadi","Kudal St Depot",Dutond,"KAWATHI GHODAKEWADI",MO,6328,Mathkarwadi,13.5,,,कुडाळ,दुतोंड,34.6,18:40,19:50,SC,"SAT  & sun",,,
125425,"Kudal To Dutond Via Kawathi Ghodakewadi","Kudal St Depot",Dutond,"KAWATHI GHODAKEWADI",MO,6145,"Chendawan High School",15.7,,,कुडाळ,दुतोंड,34.6,18:40,19:50,SC,"SAT  & sun",,,
125425,"Kudal To Dutond Via Kawathi Ghodakewadi","Kudal St Depot",Dutond,"KAWATHI GHODAKEWADI",MO,6146,"Chendawan Thumarewadi",16.1,,,कुडाळ,दुतोंड,34.6,18:40,19:50,SC,"SAT  & sun",,,
125425,"Kudal To Dutond Via Kawathi Ghodakewadi","Kudal St Depot",Dutond,"KAWATHI GHODAKEWADI",MO,6120,"Bhandarwadi Kawathi",16.7,,,कुडाळ,दुतोंड,34.6,18:40,19:50,SC,"SAT  & sun",,,
125425,"Kudal To Dutond Via Kawathi Ghodakewadi","Kudal St Depot",Dutond,"KAWATHI GHODAKEWADI",MO,6293,"Kawathi Ghodakewadi",17,,,कुडाळ,दुतोंड,34.6,18:40,19:50,SC,"SAT  & sun",,,
125425,"Kudal To Dutond Via Kawathi Ghodakewadi","Kudal St Depot",Dutond,"KAWATHI GHODAKEWADI",MO,6184,"Gonkarwadi School",19.4,,,कुडाळ,दुतोंड,34.6,18:40,19:50,SC,"SAT  & sun",,,
125425,"Kudal To Dutond Via Kawathi Ghodakewadi","Kudal St Depot",Dutond,"KAWATHI GHODAKEWADI",MO,9624,"Chipi School",21.5,,,कुडाळ,दुतोंड,34.6,18:40,19:50,SC,"SAT  & sun",,,
125425,"Kudal To Dutond Via Kawathi Ghodakewadi","Kudal St Depot",Dutond,"KAWATHI GHODAKEWADI",MO,6452,"Vinanti Stop",24.5,,,कुडाळ,दुतोंड,34.6,18:40,19:50,SC,"SAT  & sun",,,
125425,"Kudal To Dutond Via Kawathi Ghodakewadi","Kudal St Depot",Dutond,"KAWATHI GHODAKEWADI",MO,6274,"Korjai Titha",24.9,,,कुडाळ,दुतोंड,34.6,18:40,19:50,SC,"SAT  & sun",,,
125425,"Kudal To Dutond Via Kawathi Ghodakewadi","Kudal St Depot",Dutond,"KAWATHI GHODAKEWADI",MO,9667,"Karli Titha Amba",27.5,,,कुडाळ,दुतोंड,34.6,18:40,19:50,SC,"SAT  & sun",,,
125425,"Kudal To Dutond Via Kawathi Ghodakewadi","Kudal St Depot",Dutond,"KAWATHI GHODAKEWADI",MO,9750,Parule,30.2,,,कुडाळ,दुतोंड,34.6,18:40,19:50,SC,"SAT  & sun",,,
125425,"Kudal To Dutond Via Kawathi Ghodakewadi","Kudal St Depot",Dutond,"KAWATHI GHODAKEWADI",MO,9752,"Parule Pickup Shed",30.7,,,कुडाळ,दुतोंड,34.6,18:40,19:50,SC,"SAT  & sun",,,
125425,"Kudal To Dutond Via Kawathi Ghodakewadi","Kudal St Depot",Dutond,"KAWATHI GHODAKEWADI",MO,9635,Dutond,34.6,,,कुडाळ,दुतोंड,34.6,18:40,19:50,SC,"SAT  & sun",,,
125915,"Kudal St Depot To Devgad Via Achara","Kudal St Depot",Devgad,ACHARA,MO,6240,"Kudal St Depot",,,,कुडाळ,देवगड,115.6,17:15,21:15,obl,daily,"विश्रांती 14.10 ते 15.20",,
125915,"Kudal St Depot To Devgad Via Achara","Kudal St Depot",Devgad,ACHARA,MO,6237,"Kudal St Depot",1.5,,,कुडाळ,देवगड,115.6,17:15,21:15,obl,daily,"विश्रांती 14.10 ते 15.20",,
125915,"Kudal St Depot To Devgad Via Achara","Kudal St Depot",Devgad,ACHARA,MO,6380,"Pawashi Panchayat",4.7,,,कुडाळ,देवगड,115.6,17:15,21:15,obl,daily,"विश्रांती 14.10 ते 15.20",,
125915,"Kudal St Depot To Devgad Via Achara","Kudal St Depot",Devgad,ACHARA,MO,88100,Vetalbambarde,7.5,,,कुडाळ,देवगड,115.6,17:15,21:15,obl,daily,"विश्रांती 14.10 ते 15.20",,
125915,"Kudal St Depot To Devgad Via Achara","Kudal St Depot",Devgad,ACHARA,MO,6378,"Pandur Titha",10.9,,,कुडाळ,देवगड,115.6,17:15,21:15,obl,daily,"विश्रांती 14.10 ते 15.20",,
125915,"Kudal St Depot To Devgad Via Achara","Kudal St Depot",Devgad,ACHARA,MO,6204,"Humarmala Kasale Dukan",13.8,,,कुडाळ,देवगड,115.6,17:15,21:15,obl,daily,"विश्रांती 14.10 ते 15.20",,
125915,"Kudal St Depot To Devgad Via Achara","Kudal St Depot",Devgad,ACHARA,MO,6206,"Humarmala Rane Dukan",15,,,कुडाळ,देवगड,115.6,17:15,21:15,obl,daily,"विश्रांती 14.10 ते 15.20",,
125915,"Kudal St Depot To Devgad Via Achara","Kudal St Depot",Devgad,ACHARA,MO,6224,"Jijamata Hospital",16,,,कुडाळ,देवगड,115.6,17:15,21:15,obl,daily,"विश्रांती 14.10 ते 15.20",,
125915,"Kudal St Depot To Devgad Via Achara","Kudal St Depot",Devgad,ACHARA,MO,6362,"Oros Bus Stnad",17.2,,,कुडाळ,देवगड,115.6,17:15,21:15,obl,daily,"विश्रांती 14.10 ते 15.20",,
125915,"Kudal St Depot To Devgad Via Achara","Kudal St Depot",Devgad,ACHARA,MO,6116,Awali,18,,,कुडाळ,देवगड,115.6,17:15,21:15,obl,daily,"विश्रांती 14.10 ते 15.20",,
125915,"Kudal St Depot To Devgad Via Achara","Kudal St Depot",Devgad,ACHARA,MO,6281,Kasal,20.4,,,कुडाळ,देवगड,115.6,17:15,21:15,obl,daily,"विश्रांती 14.10 ते 15.20",,
125915,"Kudal St Depot To Devgad Via Achara","Kudal St Depot",Devgad,ACHARA,MO,6168,Dewoolwadi,22,,,कुडाळ,देवगड,115.6,17:15,21:15,obl,daily,"विश्रांती 14.10 ते 15.20",,
125915,"Kudal St Depot To Devgad Via Achara","Kudal St Depot",Devgad,ACHARA,MO,2890,"Osargaon Post",24.5,,,कुडाळ,देवगड,115.6,17:15,21:15,obl,daily,"विश्रांती 14.10 ते 15.20",,
125915,"Kudal St Depot To Devgad Via Achara","Kudal St Depot",Devgad,ACHARA,MO,2891,"Osargaon Talav",27,,,कुडाळ,देवगड,115.6,17:15,21:15,obl,daily,"विश्रांती 14.10 ते 15.20",,
125915,"Kudal St Depot To Devgad Via Achara","Kudal St Depot",Devgad,ACHARA,MO,2888,"Osargaon Asrondi Fata",28.1,,,कुडाळ,देवगड,115.6,17:15,21:15,obl,daily,"विश्रांती 14.10 ते 15.20",,
125915,"Kudal St Depot To Devgad Via Achara","Kudal St Depot",Devgad,ACHARA,MO,2692,Dangalwadi,29.8,,,कुडाळ,देवगड,115.6,17:15,21:15,obl,daily,"विश्रांती 14.10 ते 15.20",,
125915,"Kudal St Depot To Devgad Via Achara","Kudal St Depot",Devgad,ACHARA,MO,3001,"Wagade Gpo",31,,,कुडाळ,देवगड,115.6,17:15,21:15,obl,daily,"विश्रांती 14.10 ते 15.20",,
125915,"Kudal St Depot To Devgad Via Achara","Kudal St Depot",Devgad,ACHARA,MO,2786,Kankavli,34.7,,,कुडाळ,देवगड,115.6,17:15,21:15,obl,daily,"विश्रांती 14.10 ते 15.20",,
125915,"Kudal St Depot To Devgad Via Achara","Kudal St Depot",Devgad,ACHARA,MO,2903,"Phanaswadi School",40.2,,,कुडाळ,देवगड,115.6,17:15,21:15,obl,daily,"विश्रांती 14.10 ते 15.20",,
125915,"Kudal St Depot To Devgad Via Achara","Kudal St Depot",Devgad,ACHARA,MO,2902,"Phalsewadi School",43.5,,,कुडाळ,देवगड,115.6,17:15,21:15,obl,daily,"विश्रांती 14.10 ते 15.20",,
125915,"Kudal St Depot To Devgad Via Achara","Kudal St Depot",Devgad,ACHARA,MO,2737,"Gothane Wad",46.4,,,कुडाळ,देवगड,115.6,17:15,21:15,obl,daily,"विश्रांती 14.10 ते 15.20",,
125915,"Kudal St Depot To Devgad Via Achara","Kudal St Depot",Devgad,ACHARA,MO,6971,"Ramgad Bazar",49.2,,,कुडाळ,देवगड,115.6,17:15,21:15,obl,daily,"विश्रांती 14.10 ते 15.20",,
125915,"Kudal St Depot To Devgad Via Achara","Kudal St Depot",Devgad,ACHARA,MO,6777,"Belne Fata",52.2,,,कुडाळ,देवगड,115.6,17:15,21:15,obl,daily,"विश्रांती 14.10 ते 15.20",,
125915,"Kudal St Depot To Devgad Via Achara","Kudal St Depot",Devgad,ACHARA,MO,6997,Shravan,54.1,,,कुडाळ,देवगड,115.6,17:15,21:15,obl,daily,"विश्रांती 14.10 ते 15.20",,
125915,"Kudal St Depot To Devgad Via Achara","Kudal St Depot",Devgad,ACHARA,MO,6747,"Adavali Gaon",54.9,,,कुडाळ,देवगड,115.6,17:15,21:15,obl,daily,"विश्रांती 14.10 ते 15.20",,
125915,"Kudal St Depot To Devgad Via Achara","Kudal St Depot",Devgad,ACHARA,MO,6749,"Adawali Titha",56.9,,,कुडाळ,देवगड,115.6,17:15,21:15,obl,daily,"विश्रांती 14.10 ते 15.20",,
125915,"Kudal St Depot To Devgad Via Achara","Kudal St Depot",Devgad,ACHARA,MO,6748,Adawali,60,,,कुडाळ,देवगड,115.6,17:15,21:15,obl,daily,"विश्रांती 14.10 ते 15.20",,
125915,"Kudal St Depot To Devgad Via Achara","Kudal St Depot",Devgad,ACHARA,MO,7018,Vinanti,60.9,,,कुडाळ,देवगड,115.6,17:15,21:15,obl,daily,"विश्रांती 14.10 ते 15.20",,
125915,"Kudal St Depot To Devgad Via Achara","Kudal St Depot",Devgad,ACHARA,MO,6953,"Palsamb School",61,,,कुडाळ,देवगड,115.6,17:15,21:15,obl,daily,"विश्रांती 14.10 ते 15.20",,
125915,"Kudal St Depot To Devgad Via Achara","Kudal St Depot",Devgad,ACHARA,MO,7011,"Trimbak Sapala",61.1,,,कुडाळ,देवगड,115.6,17:15,21:15,obl,daily,"विश्रांती 14.10 ते 15.20",,
125915,"Kudal St Depot To Devgad Via Achara","Kudal St Depot",Devgad,ACHARA,MO,7008,Trimbak,62,,,कुडाळ,देवगड,115.6,17:15,21:15,obl,daily,"विश्रांती 14.10 ते 15.20",,
125915,"Kudal St Depot To Devgad Via Achara","Kudal St Depot",Devgad,ACHARA,MO,6798,"Chindar Wad",64.8,,,कुडाळ,देवगड,115.6,17:15,21:15,obl,daily,"विश्रांती 14.10 ते 15.20",,
125915,"Kudal St Depot To Devgad Via Achara","Kudal St Depot",Devgad,ACHARA,MO,6740,Achara,67.4,,,कुडाळ,देवगड,115.6,17:15,21:15,obl,daily,"विश्रांती 14.10 ते 15.20",,
125915,"Kudal St Depot To Devgad Via Achara","Kudal St Depot",Devgad,ACHARA,MO,6743,"Achara Par",68.8,,,कुडाळ,देवगड,115.6,17:15,21:15,obl,daily,"विश्रांती 14.10 ते 15.20",,
125915,"Kudal St Depot To Devgad Via Achara","Kudal St Depot",Devgad,ACHARA,MO,1958,"Poyare Datta Mandir",71.2,,,कुडाळ,देवगड,115.6,17:15,21:15,obl,daily,"विश्रांती 14.10 ते 15.20",,
125915,"Kudal St Depot To Devgad Via Achara","Kudal St Depot",Devgad,ACHARA,MO,1848,Mashavi,75,,,कुडाळ,देवगड,115.6,17:15,21:15,obl,daily,"विश्रांती 14.10 ते 15.20",,
125915,"Kudal St Depot To Devgad Via Achara","Kudal St Depot",Devgad,ACHARA,MO,1840,"Modka Vad",75.1,,,कुडाळ,देवगड,115.6,17:15,21:15,obl,daily,"विश्रांती 14.10 ते 15.20",,
125915,"Kudal St Depot To Devgad Via Achara","Kudal St Depot",Devgad,ACHARA,MO,1866,"Munage High School",75.2,,,कुडाळ,देवगड,115.6,17:15,21:15,obl,daily,"विश्रांती 14.10 ते 15.20",,
125915,"Kudal St Depot To Devgad Via Achara","Kudal St Depot",Devgad,ACHARA,MO,1843,"Munage Bhagvati Mandir",78,,,कुडाळ,देवगड,115.6,17:15,21:15,obl,daily,"विश्रांती 14.10 ते 15.20",,
125915,"Kudal St Depot To Devgad Via Achara","Kudal St Depot",Devgad,ACHARA,MO,1745,"Hindale Teen Pimpal",81.9,,,कुडाळ,देवगड,115.6,17:15,21:15,obl,daily,"विश्रांती 14.10 ते 15.20",,
125915,"Kudal St Depot To Devgad Via Achara","Kudal St Depot",Devgad,ACHARA,MO,1740,"Hindale Aga Dukan",82.9,,,कुडाळ,देवगड,115.6,17:15,21:15,obl,daily,"विश्रांती 14.10 ते 15.20",,
125915,"Kudal St Depot To Devgad Via Achara","Kudal St Depot",Devgad,ACHARA,MO,1748,"Hindale Bhandarwadi",83.2,,,कुडाळ,देवगड,115.6,17:15,21:15,obl,daily,"विश्रांती 14.10 ते 15.20",,
125915,"Kudal St Depot To Devgad Via Achara","Kudal St Depot",Devgad,ACHARA,MO,1747,"Hindale Mithbav Titha",83.5,,,कुडाळ,देवगड,115.6,17:15,21:15,obl,daily,"विश्रांती 14.10 ते 15.20",,
125915,"Kudal St Depot To Devgad Via Achara","Kudal St Depot",Devgad,ACHARA,MO,1734,"Giraval Parabwadi",86.1,,,कुडाळ,देवगड,115.6,17:15,21:15,obl,daily,"विश्रांती 14.10 ते 15.20",,
125915,"Kudal St Depot To Devgad Via Achara","Kudal St Depot",Devgad,ACHARA,MO,1906,Naringre,88,,,कुडाळ,देवगड,115.6,17:15,21:15,obl,daily,"विश्रांती 14.10 ते 15.20",,
125915,"Kudal St Depot To Devgad Via Achara","Kudal St Depot",Devgad,ACHARA,MO,1692,"Dahibav Jambhuliche Sane",89,,,कुडाळ,देवगड,115.6,17:15,21:15,obl,daily,"विश्रांती 14.10 ते 15.20",,
125915,"Kudal St Depot To Devgad Via Achara","Kudal St Depot",Devgad,ACHARA,MO,1744,Hela,100,,,कुडाळ,देवगड,115.6,17:15,21:15,obl,daily,"विश्रांती 14.10 ते 15.20",,
125915,"Kudal St Depot To Devgad Via Achara","Kudal St Depot",Devgad,ACHARA,MO,1942,Penkule,103.5,,,कुडाळ,देवगड,115.6,17:15,21:15,obl,daily,"विश्रांती 14.10 ते 15.20",,
125915,"Kudal St Depot To Devgad Via Achara","Kudal St Depot",Devgad,ACHARA,MO,1682,"Dabhole Boudhawadi",107.3,,,कुडाळ,देवगड,115.6,17:15,21:15,obl,daily,"विश्रांती 14.10 ते 15.20",,
125915,"Kudal St Depot To Devgad Via Achara","Kudal St Depot",Devgad,ACHARA,MO,1689,"Dabhole Bridge",109.1,,,कुडाळ,देवगड,115.6,17:15,21:15,obl,daily,"विश्रांती 14.10 ते 15.20",,
125915,"Kudal St Depot To Devgad Via Achara","Kudal St Depot",Devgad,ACHARA,MO,1774,"Khakshi Titha",111.4,,,कुडाळ,देवगड,115.6,17:15,21:15,obl,daily,"विश्रांती 14.10 ते 15.20",,
125915,"Kudal St Depot To Devgad Via Achara","Kudal St Depot",Devgad,ACHARA,MO,1759,Jamsande,112.9,,,कुडाळ,देवगड,115.6,17:15,21:15,obl,daily,"विश्रांती 14.10 ते 15.20",,
125915,"Kudal St Depot To Devgad Via Achara","Kudal St Depot",Devgad,ACHARA,MO,1685,Devgad,115.6,,,कुडाळ,देवगड,115.6,17:15,21:15,obl,daily,"विश्रांती 14.10 ते 15.20",,
126072,"Kudal To Karli Via Dewaiwada Saw Mill","Kudal St Depot",Karli,"DESAIWADA SAW MILL",MO,6237,"Kudal St Depot",,,,कुडाळ,कर्ली,26.5,18:20,19:20,,,"विश्रांती 14.20-16.10",,
126072,"Kudal To Karli Via Dewaiwada Saw Mill","Kudal St Depot",Karli,"DESAIWADA SAW MILL",MO,6376,"Pinguli Titha",4.3,,,कुडाळ,कर्ली,26.5,18:20,19:20,,,"विश्रांती 14.20-16.10",,
126072,"Kudal To Karli Via Dewaiwada Saw Mill","Kudal St Depot",Karli,"DESAIWADA SAW MILL",MO,6251,"Karmal Galu",7.6,,,कुडाळ,कर्ली,26.5,18:20,19:20,,,"विश्रांती 14.20-16.10",,
126072,"Kudal To Karli Via Dewaiwada Saw Mill","Kudal St Depot",Karli,"DESAIWADA SAW MILL",MO,6298,Madyachiwadi,8.2,,,कुडाळ,कर्ली,26.5,18:20,19:20,,,"विश्रांती 14.20-16.10",,
126072,"Kudal To Karli Via Dewaiwada Saw Mill","Kudal St Depot",Karli,"DESAIWADA SAW MILL",MO,6305,"Madyachiwadi Phanas",9.6,,,कुडाळ,कर्ली,26.5,18:20,19:20,,,"विश्रांती 14.20-16.10",,
126072,"Kudal To Karli Via Dewaiwada Saw Mill","Kudal St Depot",Karli,"DESAIWADA SAW MILL",MO,6215,Humarmala,12.2,,,कुडाळ,कर्ली,26.5,18:20,19:20,,,"विश्रांती 14.20-16.10",,
126072,"Kudal To Karli Via Dewaiwada Saw Mill","Kudal St Depot",Karli,"DESAIWADA SAW MILL",MO,6094,"Andurle Khind",12.9,,,कुडाळ,कर्ली,26.5,18:20,19:20,,,"विश्रांती 14.20-16.10",,
126072,"Kudal To Karli Via Dewaiwada Saw Mill","Kudal St Depot",Karli,"DESAIWADA SAW MILL",MO,6156,"Desaiwada Saw Mill",15.5,,,कुडाळ,कर्ली,26.5,18:20,19:20,,,"विश्रांती 14.20-16.10",,
126072,"Kudal To Karli Via Dewaiwada Saw Mill","Kudal St Depot",Karli,"DESAIWADA SAW MILL",MO,6382,"Pat Bandh Teli Dukan",17.6,,,कुडाळ,कर्ली,26.5,18:20,19:20,,,"विश्रांती 14.20-16.10",,
126072,"Kudal To Karli Via Dewaiwada Saw Mill","Kudal St Depot",Karli,"DESAIWADA SAW MILL",MO,9590,"Ajarwadi P.H.C.",18.2,,,कुडाळ,कर्ली,26.5,18:20,19:20,,,"विश्रांती 14.20-16.10",,
126072,"Kudal To Karli Via Dewaiwada Saw Mill","Kudal St Depot",Karli,"DESAIWADA SAW MILL",MO,9826,"Vetoba Mandir",19.7,,,कुडाळ,कर्ली,26.5,18:20,19:20,,,"विश्रांती 14.20-16.10",,
126072,"Kudal To Karli Via Dewaiwada Saw Mill","Kudal St Depot",Karli,"DESAIWADA SAW MILL",MO,9612,"Bhagatwadi Mandir",20.4,,,कुडाळ,कर्ली,26.5,18:20,19:20,,,"विश्रांती 14.20-16.10",,
126072,"Kudal To Karli Via Dewaiwada Saw Mill","Kudal St Depot",Karli,"DESAIWADA SAW MILL",MO,9587,"Adinarayan Mandir",21.5,,,कुडाळ,कर्ली,26.5,18:20,19:20,,,"विश्रांती 14.20-16.10",,
126072,"Kudal To Karli Via Dewaiwada Saw Mill","Kudal St Depot",Karli,"DESAIWADA SAW MILL",MO,9750,Parule,22.1,,,कुडाळ,कर्ली,26.5,18:20,19:20,,,"विश्रांती 14.20-16.10",,
126072,"Kudal To Karli Via Dewaiwada Saw Mill","Kudal St Depot",Karli,"DESAIWADA SAW MILL",MO,9667,"Karli Titha Amba",23.3,,,कुडाळ,कर्ली,26.5,18:20,19:20,,,"विश्रांती 14.20-16.10",,
126072,"Kudal To Karli Via Dewaiwada Saw Mill","Kudal St Depot",Karli,"DESAIWADA SAW MILL",MO,9666,Karli,26.5,,,कुडाळ,कर्ली,26.5,18:20,19:20,,,"विश्रांती 14.20-16.10",,
126169,"Karli To Kudal Via Desaiwada Saw Mill",Karli,"Kudal St Depot","DESAIWADA SAW MILL",MO,9666,Karli,,,,कर्ली,कुडाळ,25,06:20,07:20,,,,,
126169,"Karli To Kudal Via Desaiwada Saw Mill",Karli,"Kudal St Depot","DESAIWADA SAW MILL",MO,9667,"Karli Titha Amba",3.2,,,कर्ली,कुडाळ,25,06:20,07:20,,,,,
126169,"Karli To Kudal Via Desaiwada Saw Mill",Karli,"Kudal St Depot","DESAIWADA SAW MILL",MO,9750,Parule,4.4,,,कर्ली,कुडाळ,25,06:20,07:20,,,,,
126169,"Karli To Kudal Via Desaiwada Saw Mill",Karli,"Kudal St Depot","DESAIWADA SAW MILL",MO,9587,"Adinarayan Mandir",5,,,कर्ली,कुडाळ,25,06:20,07:20,,,,,
126169,"Karli To Kudal Via Desaiwada Saw Mill",Karli,"Kudal St Depot","DESAIWADA SAW MILL",MO,9612,"Bhagatwadi Mandir",6.1,,,कर्ली,कुडाळ,25,06:20,07:20,,,,,
126169,"Karli To Kudal Via Desaiwada Saw Mill",Karli,"Kudal St Depot","DESAIWADA SAW MILL",MO,9826,"Vetoba Mandir",6.8,,,कर्ली,कुडाळ,25,06:20,07:20,,,,,
126169,"Karli To Kudal Via Desaiwada Saw Mill",Karli,"Kudal St Depot","DESAIWADA SAW MILL",MO,9590,"Ajarwadi P.H.C.",8.3,,,कर्ली,कुडाळ,25,06:20,07:20,,,,,
126169,"Karli To Kudal Via Desaiwada Saw Mill",Karli,"Kudal St Depot","DESAIWADA SAW MILL",MO,6382,"Pat Bandh Teli Dukan",8.9,,,कर्ली,कुडाळ,25,06:20,07:20,,,,,
126169,"Karli To Kudal Via Desaiwada Saw Mill",Karli,"Kudal St Depot","DESAIWADA SAW MILL",MO,6156,"Desaiwada Saw Mill",9.5,,,कर्ली,कुडाळ,25,06:20,07:20,,,,,
126169,"Karli To Kudal Via Desaiwada Saw Mill",Karli,"Kudal St Depot","DESAIWADA SAW MILL",MO,6094,"Andurle Khind",12.1,,,कर्ली,कुडाळ,25,06:20,07:20,,,,,
126169,"Karli To Kudal Via Desaiwada Saw Mill",Karli,"Kudal St Depot","DESAIWADA SAW MILL",MO,6215,Humarmala,12.8,,,कर्ली,कुडाळ,25,06:20,07:20,,,,,
126169,"Karli To Kudal Via Desaiwada Saw Mill",Karli,"Kudal St Depot","DESAIWADA SAW MILL",MO,6305,"Madyachiwadi Phanas",15.4,,,कर्ली,कुडाळ,25,06:20,07:20,,,,,
126169,"Karli To Kudal Via Desaiwada Saw Mill",Karli,"Kudal St Depot","DESAIWADA SAW MILL",MO,6298,Madyachiwadi,16.8,,,कर्ली,कुडाळ,25,06:20,07:20,,,,,
126169,"Karli To Kudal Via Desaiwada Saw Mill",Karli,"Kudal St Depot","DESAIWADA SAW MILL",MO,6251,"Karmal Galu",18.9,,,कर्ली,कुडाळ,25,06:20,07:20,,,,,
126169,"Karli To Kudal Via Desaiwada Saw Mill",Karli,"Kudal St Depot","DESAIWADA SAW MILL",MO,6376,"Pinguli Titha",22.2,,,कर्ली,कुडाळ,25,06:20,07:20,,,,,
126169,"Karli To Kudal Via Desaiwada Saw Mill",Karli,"Kudal St Depot","DESAIWADA SAW MILL",MO,6237,"Kudal St Depot",25,,,कर्ली,कुडाळ,25,06:20,07:20,,,,,
128432,"Parule To Kudal",Parule,"Kudal St Depot",,MO,9750,Parule,,,,परळे,कुडाळ,29,09:05,10:15,,,,,
128432,"Parule To Kudal",Parule,"Kudal St Depot",,MO,9667,"Karli Titha Amba",1.2,,,परळे,कुडाळ,29,09:05,10:15,,,,,
128432,"Parule To Kudal",Parule,"Kudal St Depot",,MO,6274,"Korjai Titha",2.5,,,परळे,कुडाळ,29,09:05,10:15,,,,,
128432,"Parule To Kudal",Parule,"Kudal St Depot",,MO,9699,"Mail Dagad",3.5,,,परळे,कुडाळ,29,09:05,10:15,,,,,
128432,"Parule To Kudal",Parule,"Kudal St Depot",,MO,9624,"Chipi School",9,,,परळे,कुडाळ,29,09:05,10:15,,,,,
128432,"Parule To Kudal",Parule,"Kudal St Depot",,MO,9839,"Chipi Brahmin Mandir",10,,,परळे,कुडाळ,29,09:05,10:15,,,,,
128432,"Parule To Kudal",Parule,"Kudal St Depot",,MO,6184,"Gonkarwadi School",10.5,,,परळे,कुडाळ,29,09:05,10:15,,,,,
128432,"Parule To Kudal",Parule,"Kudal St Depot",,MO,6293,"Kawathi Ghodakewadi",12.9,,,परळे,कुडाळ,29,09:05,10:15,,,,,
128432,"Parule To Kudal",Parule,"Kudal St Depot",,MO,6120,"Bhandarwadi Kawathi",14.3,,,परळे,कुडाळ,29,09:05,10:15,,,,,
128432,"Parule To Kudal",Parule,"Kudal St Depot",,MO,6146,"Chendawan Thumarewadi",14.9,,,परळे,कुडाळ,29,09:05,10:15,,,,,
128432,"Parule To Kudal",Parule,"Kudal St Depot",,MO,6145,"Chendawan High School",15.3,,,परळे,कुडाळ,29,09:05,10:15,,,,,
128432,"Parule To Kudal",Parule,"Kudal St Depot",,MO,6328,Mathkarwadi,17.5,,,परळे,कुडाळ,29,09:05,10:15,,,,,
128432,"Parule To Kudal",Parule,"Kudal St Depot",,MO,6470,Walawal,18.6,,,परळे,कुडाळ,29,09:05,10:15,,,,,
128432,"Parule To Kudal",Parule,"Kudal St Depot",,MO,6166,"Desai Bungalow",19.8,,,परळे,कुडाळ,29,09:05,10:15,,,,,
128432,"Parule To Kudal",Parule,"Kudal St Depot",,MO,6100,"Arkarcha Bridge",20.5,,,परळे,कुडाळ,29,09:05,10:15,,,,,
128432,"Parule To Kudal",Parule,"Kudal St Depot",,MO,6333,"Nerur Chavhata",23.5,,,परळे,कुडाळ,29,09:05,10:15,,,,,
128432,"Parule To Kudal",Parule,"Kudal St Depot",,MO,6351,"Nerur Jakat",25.8,,,परळे,कुडाळ,29,09:05,10:15,,,,,
128432,"Parule To Kudal",Parule,"Kudal St Depot",,MO,6348,"Nerur Post",26,,,परळे,कुडाळ,29,09:05,10:15,,,,,
128432,"Parule To Kudal",Parule,"Kudal St Depot",,MO,6237,"Kudal St Depot",29,,,परळे,कुडाळ,29,09:05,10:15,,,,,
129192,"Korjai To Kudal Via Pat Titha",Korjai,"Kudal St Depot","PAT TITHA",MO,6270,Korjai,,,,कोरजाइर्,कुडाळ,27.2,08:00,09:00,SC,SAT,,,
129192,"Korjai To Kudal Via Pat Titha",Korjai,"Kudal St Depot","PAT TITHA",MO,9667,"Karli Titha Amba",1.3,,,कोरजाइर्,कुडाळ,27.2,08:00,09:00,SC,SAT,,,
129192,"Korjai To Kudal Via Pat Titha",Korjai,"Kudal St Depot","PAT TITHA",MO,9750,Parule,2.9,,,कोरजाइर्,कुडाळ,27.2,08:00,09:00,SC,SAT,,,
129192,"Korjai To Kudal Via Pat Titha",Korjai,"Kudal St Depot","PAT TITHA",MO,9587,"Adinarayan Mandir",4.5,,,कोरजाइर्,कुडाळ,27.2,08:00,09:00,SC,SAT,,,
129192,"Korjai To Kudal Via Pat Titha",Korjai,"Kudal St Depot","PAT TITHA",MO,9612,"Bhagatwadi Mandir",5.1,,,कोरजाइर्,कुडाळ,27.2,08:00,09:00,SC,SAT,,,
129192,"Korjai To Kudal Via Pat Titha",Korjai,"Kudal St Depot","PAT TITHA",MO,9826,"Vetoba Mandir",6.4,,,कोरजाइर्,कुडाळ,27.2,08:00,09:00,SC,SAT,,,
129192,"Korjai To Kudal Via Pat Titha",Korjai,"Kudal St Depot","PAT TITHA",MO,9590,"Ajarwadi P.H.C.",7.3,,,कोरजाइर्,कुडाळ,27.2,08:00,09:00,SC,SAT,,,
129192,"Korjai To Kudal Via Pat Titha",Korjai,"Kudal St Depot","PAT TITHA",MO,6382,"Pat Bandh Teli Dukan",8.8,,,कोरजाइर्,कुडाळ,27.2,08:00,09:00,SC,SAT,,,
129192,"Korjai To Kudal Via Pat Titha",Korjai,"Kudal St Depot","PAT TITHA",MO,6384,"Pat Titha",9.6,,,कोरजाइर्,कुडाळ,27.2,08:00,09:00,SC,SAT,,,
129192,"Korjai To Kudal Via Pat Titha",Korjai,"Kudal St Depot","PAT TITHA",MO,6377,"Pendurkar Dukan",10.9,,,कोरजाइर्,कुडाळ,27.2,08:00,09:00,SC,SAT,,,
129192,"Korjai To Kudal Via Pat Titha",Korjai,"Kudal St Depot","PAT TITHA",MO,6094,"Andurle Khind",12.8,,,कोरजाइर्,कुडाळ,27.2,08:00,09:00,SC,SAT,,,
129192,"Korjai To Kudal Via Pat Titha",Korjai,"Kudal St Depot","PAT TITHA",MO,6215,Humarmala,13.5,,,कोरजाइर्,कुडाळ,27.2,08:00,09:00,SC,SAT,,,
129192,"Korjai To Kudal Via Pat Titha",Korjai,"Kudal St Depot","PAT TITHA",MO,6305,"Madyachiwadi Phanas",16.1,,,कोरजाइर्,कुडाळ,27.2,08:00,09:00,SC,SAT,,,
129192,"Korjai To Kudal Via Pat Titha",Korjai,"Kudal St Depot","PAT TITHA",MO,6298,Madyachiwadi,17.5,,,कोरजाइर्,कुडाळ,27.2,08:00,09:00,SC,SAT,,,
129192,"Korjai To Kudal Via Pat Titha",Korjai,"Kudal St Depot","PAT TITHA",MO,6251,"Karmal Galu",19.6,,,कोरजाइर्,कुडाळ,27.2,08:00,09:00,SC,SAT,,,
129192,"Korjai To Kudal Via Pat Titha",Korjai,"Kudal St Depot","PAT TITHA",MO,6376,"Pinguli Titha",22.9,,,कोरजाइर्,कुडाळ,27.2,08:00,09:00,SC,SAT,,,
129192,"Korjai To Kudal Via Pat Titha",Korjai,"Kudal St Depot","PAT TITHA",MO,6237,"Kudal St Depot",27.2,,,कोरजाइर्,कुडाळ,27.2,08:00,09:00,SC,SAT,,,
141701,"Panjim To Akkalkot Via Radhanagari",Panjim,Akkalkot,RADHANAGARI,MO,71935,Panjim,,,,पणजी,"कुडाळ (अक्कलकोट)",82.1,16:00,18:00,"Non Obl",Daily,,,
141701,"Panjim To Akkalkot Via Radhanagari",Panjim,Akkalkot,RADHANAGARI,MO,71915,Mapusa,12,,,पणजी,"कुडाळ (अक्कलकोट)",82.1,16:00,18:00,"Non Obl",Daily,,,
141701,"Panjim To Akkalkot Via Radhanagari",Panjim,Akkalkot,RADHANAGARI,MO,71894,Karaswada,15,,,पणजी,"कुडाळ (अक्कलकोट)",82.1,16:00,18:00,"Non Obl",Daily,,,
141701,"Panjim To Akkalkot Via Radhanagari",Panjim,Akkalkot,RADHANAGARI,MO,71890,Kolwal,20,,,पणजी,"कुडाळ (अक्कलकोट)",82.1,16:00,18:00,"Non Obl",Daily,,,
141701,"Panjim To Akkalkot Via Radhanagari",Panjim,Akkalkot,RADHANAGARI,MO,71873,Dhargal,22,,,पणजी,"कुडाळ (अक्कलकोट)",82.1,16:00,18:00,"Non Obl",Daily,,,
141701,"Panjim To Akkalkot Via Radhanagari",Panjim,Akkalkot,RADHANAGARI,MO,71901,Malpe,27,,,पणजी,"कुडाळ (अक्कलकोट)",82.1,16:00,18:00,"Non Obl",Daily,,,
141701,"Panjim To Akkalkot Via Radhanagari",Panjim,Akkalkot,RADHANAGARI,MO,71937,Pernem,30,,,पणजी,"कुडाळ (अक्कलकोट)",82.1,16:00,18:00,"Non Obl",Daily,,,
141701,"Panjim To Akkalkot Via Radhanagari",Panjim,Akkalkot,RADHANAGARI,MO,71925,"Naibag Satarda Titha",33,,,पणजी,"कुडाळ (अक्कलकोट)",82.1,16:00,18:00,"Non Obl",Daily,,,
141701,"Panjim To Akkalkot Via Radhanagari",Panjim,Akkalkot,RADHANAGARI,MO,71936,Poraskadem,35,,,पणजी,"कुडाळ (अक्कलकोट)",82.1,16:00,18:00,"Non Obl",Daily,,,
141701,"Panjim To Akkalkot Via Radhanagari",Panjim,Akkalkot,RADHANAGARI,MO,71958,Ugavem,38,,,पणजी,"कुडाळ (अक्कलकोट)",82.1,16:00,18:00,"Non Obl",Daily,,,
141701,"Panjim To Akkalkot Via Radhanagari",Panjim,Akkalkot,RADHANAGARI,MO,71956,Torsem,40,,,पणजी,"कुडाळ (अक्कलकोट)",82.1,16:00,18:00,"Non Obl",Daily,,,
141701,"Panjim To Akkalkot Via Radhanagari",Panjim,Akkalkot,RADHANAGARI,MO,71876,Galel,43,,,पणजी,"कुडाळ (अक्कलकोट)",82.1,16:00,18:00,"Non Obl",Daily,,,
141701,"Panjim To Akkalkot Via Radhanagari",Panjim,Akkalkot,RADHANAGARI,MO,71926,Patradevi,44,,,पणजी,"कुडाळ (अक्कलकोट)",82.1,16:00,18:00,"Non Obl",Daily,,,
141701,"Panjim To Akkalkot Via Radhanagari",Panjim,Akkalkot,RADHANAGARI,MO,8635,"Patradevi Goa Border",44.1,,,पणजी,"कुडाळ (अक्कलकोट)",82.1,16:00,18:00,"Non Obl",Daily,,,
141701,"Panjim To Akkalkot Via Radhanagari",Panjim,Akkalkot,RADHANAGARI,MO,8486,Banda,46.7,,,पणजी,"कुडाळ (अक्कलकोट)",82.1,16:00,18:00,"Non Obl",Daily,,,
141701,"Panjim To Akkalkot Via Radhanagari",Panjim,Akkalkot,RADHANAGARI,MO,8663,Sawantwadi,59.7,,,पणजी,"कुडाळ (अक्कलकोट)",82.1,16:00,18:00,"Non Obl",Daily,,,
141701,"Panjim To Akkalkot Via Radhanagari",Panjim,Akkalkot,RADHANAGARI,MO,8551,"Kolgaon Thita",62.2,,,पणजी,"कुडाळ (अक्कलकोट)",82.1,16:00,18:00,"Non Obl",Daily,,,
141701,"Panjim To Akkalkot Via Radhanagari",Panjim,Akkalkot,RADHANAGARI,MO,6479,"Akeri Tita",65.2,,,पणजी,"कुडाळ (अक्कलकोट)",82.1,16:00,18:00,"Non Obl",Daily,,,
141701,"Panjim To Akkalkot Via Radhanagari",Panjim,Akkalkot,RADHANAGARI,MO,6231,"Khan Mohalla",67.8,,,पणजी,"कुडाळ (अक्कलकोट)",82.1,16:00,18:00,"Non Obl",Daily,,,
141701,"Panjim To Akkalkot Via Radhanagari",Panjim,Akkalkot,RADHANAGARI,MO,6474,"Zharap Titha",71.8,,,पणजी,"कुडाळ (अक्कलकोट)",82.1,16:00,18:00,"Non Obl",Daily,,,
141701,"Panjim To Akkalkot Via Radhanagari",Panjim,Akkalkot,RADHANAGARI,MO,6441,"Terse Bambarde Fata",73.4,,,पणजी,"कुडाळ (अक्कलकोट)",82.1,16:00,18:00,"Non Obl",Daily,,,
141701,"Panjim To Akkalkot Via Radhanagari",Panjim,Akkalkot,RADHANAGARI,MO,6322,"Mandkuli Fata",74.3,,,पणजी,"कुडाळ (अक्कलकोट)",82.1,16:00,18:00,"Non Obl",Daily,,,
141701,"Panjim To Akkalkot Via Radhanagari",Panjim,Akkalkot,RADHANAGARI,MO,6126,Bibavane,75.4,,,पणजी,"कुडाळ (अक्कलकोट)",82.1,16:00,18:00,"Non Obl",Daily,,,
141701,"Panjim To Akkalkot Via Radhanagari",Panjim,Akkalkot,RADHANAGARI,MO,6302,"Modka Wad Pinguli",76.9,,,पणजी,"कुडाळ (अक्कलकोट)",82.1,16:00,18:00,"Non Obl",Daily,,,
141701,"Panjim To Akkalkot Via Radhanagari",Panjim,Akkalkot,RADHANAGARI,MO,6237,"Kudal St Depot",82.1,,,पणजी,"कुडाळ (अक्कलकोट)",82.1,16:00,18:00,"Non Obl",Daily,,,
141701,"Panjim To Akkalkot Via Radhanagari",Panjim,Akkalkot,RADHANAGARI,MO,6240,"Kudal St Depot",83.5,,,पणजी,"कुडाळ (अक्कलकोट)",82.1,16:00,18:00,"Non Obl",Daily,,,
141701,"Panjim To Akkalkot Via Radhanagari",Panjim,Akkalkot,RADHANAGARI,MO,6380,"Pawashi Panchayat",83.9,,,पणजी,"कुडाळ (अक्कलकोट)",82.1,16:00,18:00,"Non Obl",Daily,,,
141701,"Panjim To Akkalkot Via Radhanagari",Panjim,Akkalkot,RADHANAGARI,MO,88100,Vetalbambarde,87,,,पणजी,"कुडाळ (अक्कलकोट)",82.1,16:00,18:00,"Non Obl",Daily,,,
141701,"Panjim To Akkalkot Via Radhanagari",Panjim,Akkalkot,RADHANAGARI,MO,6365,Pandur,89,,,पणजी,"कुडाळ (अक्कलकोट)",82.1,16:00,18:00,"Non Obl",Daily,,,
141701,"Panjim To Akkalkot Via Radhanagari",Panjim,Akkalkot,RADHANAGARI,MO,6204,"Humarmala Kasale Dukan",90.8,,,पणजी,"कुडाळ (अक्कलकोट)",82.1,16:00,18:00,"Non Obl",Daily,,,
141701,"Panjim To Akkalkot Via Radhanagari",Panjim,Akkalkot,RADHANAGARI,MO,6206,"Humarmala Rane Dukan",92.3,,,पणजी,"कुडाळ (अक्कलकोट)",82.1,16:00,18:00,"Non Obl",Daily,,,
141701,"Panjim To Akkalkot Via Radhanagari",Panjim,Akkalkot,RADHANAGARI,MO,6224,"Jijamata Hospital",93.3,,,पणजी,"कुडाळ (अक्कलकोट)",82.1,16:00,18:00,"Non Obl",Daily,,,
141701,"Panjim To Akkalkot Via Radhanagari",Panjim,Akkalkot,RADHANAGARI,MO,6362,"Oros Bus Stnad",96.4,,,पणजी,"कुडाळ (अक्कलकोट)",82.1,16:00,18:00,"Non Obl",Daily,,,
141701,"Panjim To Akkalkot Via Radhanagari",Panjim,Akkalkot,RADHANAGARI,MO,6226,"Jaitapkar Colany",97,,,पणजी,"कुडाळ (अक्कलकोट)",82.1,16:00,18:00,"Non Obl",Daily,,,
141701,"Panjim To Akkalkot Via Radhanagari",Panjim,Akkalkot,RADHANAGARI,MO,6116,Awali,97.7,,,पणजी,"कुडाळ (अक्कलकोट)",82.1,16:00,18:00,"Non Obl",Daily,,,
141701,"Panjim To Akkalkot Via Radhanagari",Panjim,Akkalkot,RADHANAGARI,MO,6282,"Kasal Balamwadi",99.3,,,पणजी,"कुडाळ (अक्कलकोट)",82.1,16:00,18:00,"Non Obl",Daily,,,
141701,"Panjim To Akkalkot Via Radhanagari",Panjim,Akkalkot,RADHANAGARI,MO,6281,Kasal,102.6,,,पणजी,"कुडाळ (अक्कलकोट)",82.1,16:00,18:00,"Non Obl",Daily,,,
141701,"Panjim To Akkalkot Via Radhanagari",Panjim,Akkalkot,RADHANAGARI,MO,2889,"Osargaon Godaoon",104.4,,,पणजी,"कुडाळ (अक्कलकोट)",82.1,16:00,18:00,"Non Obl",Daily,,,
141701,"Panjim To Akkalkot Via Radhanagari",Panjim,Akkalkot,RADHANAGARI,MO,2890,"Osargaon Post",105,,,पणजी,"कुडाळ (अक्कलकोट)",82.1,16:00,18:00,"Non Obl",Daily,,,
141701,"Panjim To Akkalkot Via Radhanagari",Panjim,Akkalkot,RADHANAGARI,MO,2891,"Osargaon Talav",107.9,,,पणजी,"कुडाळ (अक्कलकोट)",82.1,16:00,18:00,"Non Obl",Daily,,,
141701,"Panjim To Akkalkot Via Radhanagari",Panjim,Akkalkot,RADHANAGARI,MO,2692,Dangalwadi,111,,,पणजी,"कुडाळ (अक्कलकोट)",82.1,16:00,18:00,"Non Obl",Daily,,,
141701,"Panjim To Akkalkot Via Radhanagari",Panjim,Akkalkot,RADHANAGARI,MO,3001,"Wagade Gpo",113,,,पणजी,"कुडाळ (अक्कलकोट)",82.1,16:00,18:00,"Non Obl",Daily,,,
141701,"Panjim To Akkalkot Via Radhanagari",Panjim,Akkalkot,RADHANAGARI,MO,2786,Kankavli,115,,,पणजी,"कुडाळ (अक्कलकोट)",82.1,16:00,18:00,"Non Obl",Daily,,,
141701,"Panjim To Akkalkot Via Radhanagari",Panjim,Akkalkot,RADHANAGARI,MO,2768,"Janavali Gavthanwadi",118.8,,,पणजी,"कुडाळ (अक्कलकोट)",82.1,16:00,18:00,"Non Obl",Daily,,,
141701,"Panjim To Akkalkot Via Radhanagari",Panjim,Akkalkot,RADHANAGARI,MO,2756,"Humrat Titha",121.9,,,पणजी,"कुडाळ (अक्कलकोट)",82.1,16:00,18:00,"Non Obl",Daily,,,
141701,"Panjim To Akkalkot Via Radhanagari",Panjim,Akkalkot,RADHANAGARI,MO,2757,"Humrath Mal Ghorpiwadi",123.4,,,पणजी,"कुडाळ (अक्कलकोट)",82.1,16:00,18:00,"Non Obl",Daily,,,
141701,"Panjim To Akkalkot Via Radhanagari",Panjim,Akkalkot,RADHANAGARI,MO,2790,Karul,125.8,,,पणजी,"कुडाळ (अक्कलकोट)",82.1,16:00,18:00,"Non Obl",Daily,,,
141701,"Panjim To Akkalkot Via Radhanagari",Panjim,Akkalkot,RADHANAGARI,MO,2771,"Kach Karakhana",126.3,,,पणजी,"कुडाळ (अक्कलकोट)",82.1,16:00,18:00,"Non Obl",Daily,,,
141701,"Panjim To Akkalkot Via Radhanagari",Panjim,Akkalkot,RADHANAGARI,MO,2781,Kanadewadi,127.2,,,पणजी,"कुडाळ (अक्कलकोट)",82.1,16:00,18:00,"Non Obl",Daily,,,
141701,"Panjim To Akkalkot Via Radhanagari",Panjim,Akkalkot,RADHANAGARI,MO,2895,Pachoba,129.1,,,पणजी,"कुडाळ (अक्कलकोट)",82.1,16:00,18:00,"Non Obl",Daily,,,
141701,"Panjim To Akkalkot Via Radhanagari",Panjim,Akkalkot,RADHANAGARI,MO,2871,"Nandgaon Fata",130,,,पणजी,"कुडाळ (अक्कलकोट)",82.1,16:00,18:00,"Non Obl",Daily,,,
141701,"Panjim To Akkalkot Via Radhanagari",Panjim,Akkalkot,RADHANAGARI,MO,2906,"Phonda Iti",130.3,,,पणजी,"कुडाळ (अक्कलकोट)",82.1,16:00,18:00,"Non Obl",Daily,,,
141701,"Panjim To Akkalkot Via Radhanagari",Panjim,Akkalkot,RADHANAGARI,MO,2904,Phonda,132.9,,,पणजी,"कुडाळ (अक्कलकोट)",82.1,16:00,18:00,"Non Obl",Daily,,,
141701,"Panjim To Akkalkot Via Radhanagari",Panjim,Akkalkot,RADHANAGARI,MO,2723,"Ganguchi Wadi",137.2,,,पणजी,"कुडाळ (अक्कलकोट)",82.1,16:00,18:00,"Non Obl",Daily,,,
141701,"Panjim To Akkalkot Via Radhanagari",Panjim,Akkalkot,RADHANAGARI,MO,23566,Dajipur,149.1,,,पणजी,"कुडाळ (अक्कलकोट)",82.1,16:00,18:00,"Non Obl",Daily,,,
141701,"Panjim To Akkalkot Via Radhanagari",Panjim,Akkalkot,RADHANAGARI,MO,24004,Hasane,155.6,,,पणजी,"कुडाळ (अक्कलकोट)",82.1,16:00,18:00,"Non Obl",Daily,,,
141701,"Panjim To Akkalkot Via Radhanagari",Panjim,Akkalkot,RADHANAGARI,MO,25038,Naniwade,159,,,पणजी,"कुडाळ (अक्कलकोट)",82.1,16:00,18:00,"Non Obl",Daily,,,
141701,"Panjim To Akkalkot Via Radhanagari",Panjim,Akkalkot,RADHANAGARI,MO,23137,Bambar,161.6,,,पणजी,"कुडाळ (अक्कलकोट)",82.1,16:00,18:00,"Non Obl",Daily,,,
141701,"Panjim To Akkalkot Via Radhanagari",Panjim,Akkalkot,RADHANAGARI,MO,25530,Shelap,164.6,,,पणजी,"कुडाळ (अक्कलकोट)",82.1,16:00,18:00,"Non Obl",Daily,,,
141701,"Panjim To Akkalkot Via Radhanagari",Panjim,Akkalkot,RADHANAGARI,MO,30607,Ajiwade,168,,,पणजी,"कुडाळ (अक्कलकोट)",82.1,16:00,18:00,"Non Obl",Daily,,,
141701,"Panjim To Akkalkot Via Radhanagari",Panjim,Akkalkot,RADHANAGARI,MO,23601,Daoudwadi,170.6,,,पणजी,"कुडाळ (अक्कलकोट)",82.1,16:00,18:00,"Non Obl",Daily,,,
141701,"Panjim To Akkalkot Via Radhanagari",Panjim,Akkalkot,RADHANAGARI,MO,25393,"Radhanagri Dam",173.2,,,पणजी,"कुडाळ (अक्कलकोट)",82.1,16:00,18:00,"Non Obl",Daily,,,
141701,"Panjim To Akkalkot Via Radhanagari",Panjim,Akkalkot,RADHANAGARI,MO,24014,Hatimahal,176.6,,,पणजी,"कुडाळ (अक्कलकोट)",82.1,16:00,18:00,"Non Obl",Daily,,,
141701,"Panjim To Akkalkot Via Radhanagari",Panjim,Akkalkot,RADHANAGARI,MO,25336,Radhanagari,178.4,,,पणजी,"कुडाळ (अक्कलकोट)",82.1,16:00,18:00,"Non Obl",Daily,,,
141701,"Panjim To Akkalkot Via Radhanagari",Panjim,Akkalkot,RADHANAGARI,MO,23720,Gaibi,183.2,,,पणजी,"कुडाळ (अक्कलकोट)",82.1,16:00,18:00,"Non Obl",Daily,,,
141701,"Panjim To Akkalkot Via Radhanagari",Panjim,Akkalkot,RADHANAGARI,MO,24322,"Khindi Vharavade",190.3,,,पणजी,"कुडाळ (अक्कलकोट)",82.1,16:00,18:00,"Non Obl",Daily,,,
141701,"Panjim To Akkalkot Via Radhanagari",Panjim,Akkalkot,RADHANAGARI,MO,23049,Anaje,191.7,,,पणजी,"कुडाळ (अक्कलकोट)",82.1,16:00,18:00,"Non Obl",Daily,,,
141701,"Panjim To Akkalkot Via Radhanagari",Panjim,Akkalkot,RADHANAGARI,MO,30597,"Awali Budruk",194.3,,,पणजी,"कुडाळ (अक्कलकोट)",82.1,16:00,18:00,"Non Obl",Daily,,,
141701,"Panjim To Akkalkot Via Radhanagari",Panjim,Akkalkot,RADHANAGARI,MO,25306,"Powar House",195.7,,,पणजी,"कुडाळ (अक्कलकोट)",82.1,16:00,18:00,"Non Obl",Daily,,,
141701,"Panjim To Akkalkot Via Radhanagari",Panjim,Akkalkot,RADHANAGARI,MO,23014,"Amjai Varavade",196.7,,,पणजी,"कुडाळ (अक्कलकोट)",82.1,16:00,18:00,"Non Obl",Daily,,,
141701,"Panjim To Akkalkot Via Radhanagari",Panjim,Akkalkot,RADHANAGARI,MO,25521,Shirase,197.3,,,पणजी,"कुडाळ (अक्कलकोट)",82.1,16:00,18:00,"Non Obl",Daily,,,
141701,"Panjim To Akkalkot Via Radhanagari",Panjim,Akkalkot,RADHANAGARI,MO,24207,Kaulav,201.7,,,पणजी,"कुडाळ (अक्कलकोट)",82.1,16:00,18:00,"Non Obl",Daily,,,
141701,"Panjim To Akkalkot Via Radhanagari",Panjim,Akkalkot,RADHANAGARI,MO,23768,Ghotavade,202.1,,,पणजी,"कुडाळ (अक्कलकोट)",82.1,16:00,18:00,"Non Obl",Daily,,,
141701,"Panjim To Akkalkot Via Radhanagari",Panjim,Akkalkot,RADHANAGARI,MO,23357,Bhogavati,203.8,,,पणजी,"कुडाळ (अक्कलकोट)",82.1,16:00,18:00,"Non Obl",Daily,,,
141701,"Panjim To Akkalkot Via Radhanagari",Panjim,Akkalkot,RADHANAGARI,MO,24501,"Kurukali College",206.5,,,पणजी,"कुडाळ (अक्कलकोट)",82.1,16:00,18:00,"Non Obl",Daily,,,
141701,"Panjim To Akkalkot Via Radhanagari",Panjim,Akkalkot,RADHANAGARI,MO,24502,Kurukali,207.5,,,पणजी,"कुडाळ (अक्कलकोट)",82.1,16:00,18:00,"Non Obl",Daily,,,
141701,"Panjim To Akkalkot Via Radhanagari",Panjim,Akkalkot,RADHANAGARI,MO,24444,Kothali,208.8,,,पणजी,"कुडाळ (अक्कलकोट)",82.1,16:00,18:00,"Non Obl",Daily,,,
141701,"Panjim To Akkalkot Via Radhanagari",Panjim,Akkalkot,RADHANAGARI,MO,23945,Haldi,211.2,,,पणजी,"कुडाळ (अक्कलकोट)",82.1,16:00,18:00,"Non Obl",Daily,,,
141701,"Panjim To Akkalkot Via Radhanagari",Panjim,Akkalkot,RADHANAGARI,MO,23669,Devale,211.3,,,पणजी,"कुडाळ (अक्कलकोट)",82.1,16:00,18:00,"Non Obl",Daily,,,
141701,"Panjim To Akkalkot Via Radhanagari",Panjim,Akkalkot,RADHANAGARI,MO,24388,Kandgaon,211.6,,,पणजी,"कुडाळ (अक्कलकोट)",82.1,16:00,18:00,"Non Obl",Daily,,,
141701,"Panjim To Akkalkot Via Radhanagari",Panjim,Akkalkot,RADHANAGARI,MO,26066,Washi,215.4,,,पणजी,"कुडाळ (अक्कलकोट)",82.1,16:00,18:00,"Non Obl",Daily,,,
141701,"Panjim To Akkalkot Via Radhanagari",Panjim,Akkalkot,RADHANAGARI,MO,25083,"New Washi Naka",221.4,,,पणजी,"कुडाळ (अक्कलकोट)",82.1,16:00,18:00,"Non Obl",Daily,,,
141701,"Panjim To Akkalkot Via Radhanagari",Panjim,Akkalkot,RADHANAGARI,MO,25400,Rankala,226.1,,,पणजी,"कुडाळ (अक्कलकोट)",82.1,16:00,18:00,"Non Obl",Daily,,,
141701,"Panjim To Akkalkot Via Radhanagari",Panjim,Akkalkot,RADHANAGARI,MO,23625,"Dasara Chwok",228.7,,,पणजी,"कुडाळ (अक्कलकोट)",82.1,16:00,18:00,"Non Obl",Daily,,,
141701,"Panjim To Akkalkot Via Radhanagari",Panjim,Akkalkot,RADHANAGARI,MO,24359,Kolhapur,230.8,,,पणजी,"कुडाळ (अक्कलकोट)",82.1,16:00,18:00,"Non Obl",Daily,,,
141701,"Panjim To Akkalkot Via Radhanagari",Panjim,Akkalkot,RADHANAGARI,MO,25536,"Shahu Market Yard",233.4,,,पणजी,"कुडाळ (अक्कलकोट)",82.1,16:00,18:00,"Non Obl",Daily,,,
141701,"Panjim To Akkalkot Via Radhanagari",Panjim,Akkalkot,RADHANAGARI,MO,25589,"Siroli Fata",237.5,,,पणजी,"कुडाळ (अक्कलकोट)",82.1,16:00,18:00,"Non Obl",Daily,,,
141701,"Panjim To Akkalkot Via Radhanagari",Panjim,Akkalkot,RADHANAGARI,MO,24946,"Mouje Vadgaon Fata",240.3,,,पणजी,"कुडाळ (अक्कलकोट)",82.1,16:00,18:00,"Non Obl",Daily,,,
141701,"Panjim To Akkalkot Via Radhanagari",Panjim,Akkalkot,RADHANAGARI,MO,23093,Atigre,245.5,,,पणजी,"कुडाळ (अक्कलकोट)",82.1,16:00,18:00,"Non Obl",Daily,,,
141701,"Panjim To Akkalkot Via Radhanagari",Panjim,Akkalkot,RADHANAGARI,MO,25373,"Ramling Fata",250.6,,,पणजी,"कुडाळ (अक्कलकोट)",82.1,16:00,18:00,"Non Obl",Daily,,,
141701,"Panjim To Akkalkot Via Radhanagari",Panjim,Akkalkot,RADHANAGARI,MO,24013,Hatkanangale,251.9,,,पणजी,"कुडाळ (अक्कलकोट)",82.1,16:00,18:00,"Non Obl",Daily,,,
141701,"Panjim To Akkalkot Via Radhanagari",Panjim,Akkalkot,RADHANAGARI,MO,25000,Nimshirgaon,260.3,,,पणजी,"कुडाळ (अक्कलकोट)",82.1,16:00,18:00,"Non Obl",Daily,,,
141701,"Panjim To Akkalkot Via Radhanagari",Panjim,Akkalkot,RADHANAGARI,MO,24279,"Kondigre Chouki",262.5,,,पणजी,"कुडाळ (अक्कलकोट)",82.1,16:00,18:00,"Non Obl",Daily,,,
141701,"Panjim To Akkalkot Via Radhanagari",Panjim,Akkalkot,RADHANAGARI,MO,24134,Jaisingpur,268.6,,,पणजी,"कुडाळ (अक्कलकोट)",82.1,16:00,18:00,"Non Obl",Daily,,,
141701,"Panjim To Akkalkot Via Radhanagari",Panjim,Akkalkot,RADHANAGARI,MO,33649,Ankali,272.6,,,पणजी,"कुडाळ (अक्कलकोट)",82.1,16:00,18:00,"Non Obl",Daily,,,
141701,"Panjim To Akkalkot Via Radhanagari",Panjim,Akkalkot,RADHANAGARI,MO,34093,Sangli,277.5,,,पणजी,"कुडाळ (अक्कलकोट)",82.1,16:00,18:00,"Non Obl",Daily,,,
141701,"Panjim To Akkalkot Via Radhanagari",Panjim,Akkalkot,RADHANAGARI,MO,33967,Miraj,289.4,,,पणजी,"कुडाळ (अक्कलकोट)",82.1,16:00,18:00,"Non Obl",Daily,,,
141701,"Panjim To Akkalkot Via Radhanagari",Panjim,Akkalkot,RADHANAGARI,MO,34161,"Tasgoan Fata",296.2,,,पणजी,"कुडाळ (अक्कलकोट)",82.1,16:00,18:00,"Non Obl",Daily,,,
141701,"Panjim To Akkalkot Via Radhanagari",Panjim,Akkalkot,RADHANAGARI,MO,33679,Bhose,307.2,,,पणजी,"कुडाळ (अक्कलकोट)",82.1,16:00,18:00,"Non Obl",Daily,,,
141701,"Panjim To Akkalkot Via Radhanagari",Panjim,Akkalkot,RADHANAGARI,MO,33808,Halkud,313.5,,,पणजी,"कुडाळ (अक्कलकोट)",82.1,16:00,18:00,"Non Obl",Daily,,,
141701,"Panjim To Akkalkot Via Radhanagari",Panjim,Akkalkot,RADHANAGARI,MO,32950,Shirdhon,320.6,,,पणजी,"कुडाळ (अक्कलकोट)",82.1,16:00,18:00,"Non Obl",Daily,,,
141701,"Panjim To Akkalkot Via Radhanagari",Panjim,Akkalkot,RADHANAGARI,MO,32896,Kuchi,329.1,,,पणजी,"कुडाळ (अक्कलकोट)",82.1,16:00,18:00,"Non Obl",Daily,,,
141701,"Panjim To Akkalkot Via Radhanagari",Panjim,Akkalkot,RADHANAGARI,MO,32930,"Nagaj Fata",343.5,,,पणजी,"कुडाळ (अक्कलकोट)",82.1,16:00,18:00,"Non Obl",Daily,,,
141701,"Panjim To Akkalkot Via Radhanagari",Panjim,Akkalkot,RADHANAGARI,MO,47522,"Ghorpadi Fata.",348,,,पणजी,"कुडाळ (अक्कलकोट)",82.1,16:00,18:00,"Non Obl",Daily,,,
141701,"Panjim To Akkalkot Via Radhanagari",Panjim,Akkalkot,RADHANAGARI,MO,47694,Junoni,351.3,,,पणजी,"कुडाळ (अक्कलकोट)",82.1,16:00,18:00,"Non Obl",Daily,,,
141701,"Panjim To Akkalkot Via Radhanagari",Panjim,Akkalkot,RADHANAGARI,MO,47534,Hatit,360.7,,,पणजी,"कुडाळ (अक्कलकोट)",82.1,16:00,18:00,"Non Obl",Daily,,,
141701,"Panjim To Akkalkot Via Radhanagari",Panjim,Akkalkot,RADHANAGARI,MO,47617,"Nazare Math",367.4,,,पणजी,"कुडाळ (अक्कलकोट)",82.1,16:00,18:00,"Non Obl",Daily,,,
141701,"Panjim To Akkalkot Via Radhanagari",Panjim,Akkalkot,RADHANAGARI,MO,47679,Vatamare,370.1,,,पणजी,"कुडाळ (अक्कलकोट)",82.1,16:00,18:00,"Non Obl",Daily,,,
141701,"Panjim To Akkalkot Via Radhanagari",Panjim,Akkalkot,RADHANAGARI,MO,47552,Kamalapur,378.3,,,पणजी,"कुडाळ (अक्कलकोट)",82.1,16:00,18:00,"Non Obl",Daily,,,
141701,"Panjim To Akkalkot Via Radhanagari",Panjim,Akkalkot,RADHANAGARI,MO,47652,Sangola,383.9,,,पणजी,"कुडाळ (अक्कलकोट)",82.1,16:00,18:00,"Non Obl",Daily,,,
141701,"Panjim To Akkalkot Via Radhanagari",Panjim,Akkalkot,RADHANAGARI,MO,47446,"Bamani X Rd.",394.6,,,पणजी,"कुडाळ (अक्कलकोट)",82.1,16:00,18:00,"Non Obl",Daily,,,
141701,"Panjim To Akkalkot Via Radhanagari",Panjim,Akkalkot,RADHANAGARI,MO,47639,Sangewadi,399.6,,,पणजी,"कुडाळ (अक्कलकोट)",82.1,16:00,18:00,"Non Obl",Daily,,,
141701,"Panjim To Akkalkot Via Radhanagari",Panjim,Akkalkot,RADHANAGARI,MO,43806,Khardi,403.5,,,पणजी,"कुडाळ (अक्कलकोट)",82.1,16:00,18:00,"Non Obl",Daily,,,
141701,"Panjim To Akkalkot Via Radhanagari",Panjim,Akkalkot,RADHANAGARI,MO,43827,"Kasegaon Fata",411.6,,Y,पणजी,"कुडाळ (अक्कलकोट)",82.1,16:00,18:00,"Non Obl",Daily,,,
141701,"Panjim To Akkalkot Via Radhanagari",Panjim,Akkalkot,RADHANAGARI,MO,43899,Pandharpur,418.8,,,पणजी,"कुडाळ (अक्कलकोट)",82.1,16:00,18:00,"Non Obl",Daily,,,
141701,"Panjim To Akkalkot Via Radhanagari",Panjim,Akkalkot,RADHANAGARI,MO,44014,Visava,422.4,,Y,पणजी,"कुडाळ (अक्कलकोट)",82.1,16:00,18:00,"Non Obl",Daily,,,
141701,"Panjim To Akkalkot Via Radhanagari",Panjim,Akkalkot,RADHANAGARI,MO,43722,"Degaon X Rd.",424.9,,Y,पणजी,"कुडाळ (अक्कलकोट)",82.1,16:00,18:00,"Non Obl",Daily,,,
141701,"Panjim To Akkalkot Via Radhanagari",Panjim,Akkalkot,RADHANAGARI,MO,43875,"Narayan Chincheli",425,,Y,पणजी,"कुडाळ (अक्कलकोट)",82.1,16:00,18:00,"Non Obl",Daily,,,
141701,"Panjim To Akkalkot Via Radhanagari",Panjim,Akkalkot,RADHANAGARI,MO,43775,"Ishwar Wathar",425.2,,,पणजी,"कुडाळ (अक्कलकोट)",82.1,16:00,18:00,"Non Obl",Daily,,,
141701,"Panjim To Akkalkot Via Radhanagari",Panjim,Akkalkot,RADHANAGARI,MO,43555,"Ashti Canal",437.7,,Y,पणजी,"कुडाळ (अक्कलकोट)",82.1,16:00,18:00,"Non Obl",Daily,,,
141701,"Panjim To Akkalkot Via Radhanagari",Panjim,Akkalkot,RADHANAGARI,MO,43514,"Sarole Fata",449.6,,Y,पणजी,"कुडाळ (अक्कलकोट)",82.1,16:00,18:00,"Non Obl",Daily,,,
141701,"Panjim To Akkalkot Via Radhanagari",Panjim,Akkalkot,RADHANAGARI,MO,43449,"Khavani Fata",453.3,,Y,पणजी,"कुडाळ (अक्कलकोट)",82.1,16:00,18:00,"Non Obl",Daily,,,
141701,"Panjim To Akkalkot Via Radhanagari",Panjim,Akkalkot,RADHANAGARI,MO,43490,Pokharpur,454.4,,Y,पणजी,"कुडाळ (अक्कलकोट)",82.1,16:00,18:00,"Non Obl",Daily,,,
141701,"Panjim To Akkalkot Via Radhanagari",Panjim,Akkalkot,RADHANAGARI,MO,43460,Mohol,455.4,,,पणजी,"कुडाळ (अक्कलकोट)",82.1,16:00,18:00,"Non Obl",Daily,,,
141701,"Panjim To Akkalkot Via Radhanagari",Panjim,Akkalkot,RADHANAGARI,MO,43543,"Wadval Fata",457.4,,,पणजी,"कुडाळ (अक्कलकोट)",82.1,16:00,18:00,"Non Obl",Daily,,,
141701,"Panjim To Akkalkot Via Radhanagari",Panjim,Akkalkot,RADHANAGARI,MO,43430,"Kolegaon Fata",458.4,,,पणजी,"कुडाळ (अक्कलकोट)",82.1,16:00,18:00,"Non Obl",Daily,,,
141701,"Panjim To Akkalkot Via Radhanagari",Panjim,Akkalkot,RADHANAGARI,MO,43501,Savaleshwar,473,,,पणजी,"कुडाळ (अक्कलकोट)",82.1,16:00,18:00,"Non Obl",Daily,,,
141701,"Panjim To Akkalkot Via Radhanagari",Panjim,Akkalkot,RADHANAGARI,MO,49232,Kondhi,475.7,,Y,पणजी,"कुडाळ (अक्कलकोट)",82.1,16:00,18:00,"Non Obl",Daily,,,
141701,"Panjim To Akkalkot Via Radhanagari",Panjim,Akkalkot,RADHANAGARI,MO,49229,Kegaon,478.6,,Y,पणजी,"कुडाळ (अक्कलकोट)",82.1,16:00,18:00,"Non Obl",Daily,,,
141701,"Panjim To Akkalkot Via Radhanagari",Panjim,Akkalkot,RADHANAGARI,MO,49177,Bale,486.4,,,पणजी,"कुडाळ (अक्कलकोट)",82.1,16:00,18:00,"Non Obl",Daily,,,
141701,"Panjim To Akkalkot Via Radhanagari",Panjim,Akkalkot,RADHANAGARI,MO,48932,Solapur,486.6,,,पणजी,"कुडाळ (अक्कलकोट)",82.1,16:00,18:00,"Non Obl",Daily,,,
141701,"Panjim To Akkalkot Via Radhanagari",Panjim,Akkalkot,RADHANAGARI,MO,49285,"Super Market",488.5,,,पणजी,"कुडाळ (अक्कलकोट)",82.1,16:00,18:00,"Non Obl",Daily,,,
141701,"Panjim To Akkalkot Via Radhanagari",Panjim,Akkalkot,RADHANAGARI,MO,49268,"Ranga Bhavan",492.8,,,पणजी,"कुडाळ (अक्कलकोट)",82.1,16:00,18:00,"Non Obl",Daily,,,
141701,"Panjim To Akkalkot Via Radhanagari",Panjim,Akkalkot,RADHANAGARI,MO,49260,"Polytechnic Chowk",494.8,,,पणजी,"कुडाळ (अक्कलकोट)",82.1,16:00,18:00,"Non Obl",Daily,,,
141701,"Panjim To Akkalkot Via Radhanagari",Panjim,Akkalkot,RADHANAGARI,MO,49647,Kumbhari,502.3,,,पणजी,"कुडाळ (अक्कलकोट)",82.1,16:00,18:00,"Non Obl",Daily,,,
141701,"Panjim To Akkalkot Via Radhanagari",Panjim,Akkalkot,RADHANAGARI,MO,49294,Tograli,507.2,,,पणजी,"कुडाळ (अक्कलकोट)",82.1,16:00,18:00,"Non Obl",Daily,,,
141701,"Panjim To Akkalkot Via Radhanagari",Panjim,Akkalkot,RADHANAGARI,MO,49611,Chincholi,512.2,,,पणजी,"कुडाळ (अक्कलकोट)",82.1,16:00,18:00,"Non Obl",Daily,,,
141701,"Panjim To Akkalkot Via Radhanagari",Panjim,Akkalkot,RADHANAGARI,MO,48946,Valsang,515.1,,,पणजी,"कुडाळ (अक्कलकोट)",82.1,16:00,18:00,"Non Obl",Daily,,,
141701,"Panjim To Akkalkot Via Radhanagari",Panjim,Akkalkot,RADHANAGARI,MO,20005,Karjal,518.5,,,पणजी,"कुडाळ (अक्कलकोट)",82.1,16:00,18:00,"Non Obl",Daily,,,
141701,"Panjim To Akkalkot Via Radhanagari",Panjim,Akkalkot,RADHANAGARI,MO,20011,Kohhali,521.9,,,पणजी,"कुडाळ (अक्कलकोट)",82.1,16:00,18:00,"Non Obl",Daily,,,
141701,"Panjim To Akkalkot Via Radhanagari",Panjim,Akkalkot,RADHANAGARI,MO,19978,"Gajanan Maharaj Goshala",523.9,,,पणजी,"कुडाळ (अक्कलकोट)",82.1,16:00,18:00,"Non Obl",Daily,,,
141701,"Panjim To Akkalkot Via Radhanagari",Panjim,Akkalkot,RADHANAGARI,MO,19910,Akkalkot,529.3,,,पणजी,"कुडाळ (अक्कलकोट)",82.1,16:00,18:00,"Non Obl",Daily,,,
141701,"Panjim To Akkalkot Via Radhanagari",Panjim,Akkalkot,RADHANAGARI,MO,19911,"Akkalkot Mandir",546.3,,,पणजी,"कुडाळ (अक्कलकोट)",82.1,16:00,18:00,"Non Obl",Daily,,,
144136,"Bijapur To Kudal",Bijapur,"Kudal St Depot",,MO,73235,Bijapur,,,,विजापुर,कोल्हापुर,185.7,18:00,22:45,"Non Obl",Daily,"6 तासांत डयुटी संपते",,
144136,"Bijapur To Kudal",Bijapur,"Kudal St Depot",,MO,74168,Tikota,22.6,,,विजापुर,कोल्हापुर,185.7,18:00,22:45,"Non Obl",Daily,"6 तासांत डयुटी संपते",,
144136,"Bijapur To Kudal",Bijapur,"Kudal St Depot",,MO,74222,Vahanwad,43.6,,,विजापुर,कोल्हापुर,185.7,18:00,22:45,"Non Obl",Daily,"6 तासांत डयुटी संपते",,
144136,"Bijapur To Kudal",Bijapur,"Kudal St Depot",,MO,74173,"Telsang Cross",49.6,,,विजापुर,कोल्हापुर,185.7,18:00,22:45,"Non Obl",Daily,"6 तासांत डयुटी संपते",,
144136,"Bijapur To Kudal",Bijapur,"Kudal St Depot",,MO,73126,"Aligali Cross",54.6,,,विजापुर,कोल्हापुर,185.7,18:00,22:45,"Non Obl",Daily,"6 तासांत डयुटी संपते",,
144136,"Bijapur To Kudal",Bijapur,"Kudal St Depot",,MO,73165,Athani,75.2,,,विजापुर,कोल्हापुर,185.7,18:00,22:45,"Non Obl",Daily,"6 तासांत डयुटी संपते",,
144136,"Bijapur To Kudal",Bijapur,"Kudal St Depot",,MO,73804,Mangsuli,93.7,,,विजापुर,कोल्हापुर,185.7,18:00,22:45,"Non Obl",Daily,"6 तासांत डयुटी संपते",,
144136,"Bijapur To Kudal",Bijapur,"Kudal St Depot",,MO,74047,"Shedbal Rly. Stn.",115,,,विजापुर,कोल्हापुर,185.7,18:00,22:45,"Non Obl",Daily,"6 तासांत डयुटी संपते",,
144136,"Bijapur To Kudal",Bijapur,"Kudal St Depot",,MO,73609,Kagwad,115.9,,,विजापुर,कोल्हापुर,185.7,18:00,22:45,"Non Obl",Daily,"6 तासांत डयुटी संपते",,
144136,"Bijapur To Kudal",Bijapur,"Kudal St Depot",,MO,73735,"Karnataka Border",117.9,,,विजापुर,कोल्हापुर,185.7,18:00,22:45,"Non Obl",Daily,"6 तासांत डयुटी संपते",,
144136,"Bijapur To Kudal",Bijapur,"Kudal St Depot",,MO,33924,"Mah Kar Border",118.1,,,विजापुर,कोल्हापुर,185.7,18:00,22:45,"Non Obl",Daily,"6 तासांत डयुटी संपते",,
144136,"Bijapur To Kudal",Bijapur,"Kudal St Depot",,MO,33942,Mhaishal,121.1,,,विजापुर,कोल्हापुर,185.7,18:00,22:45,"Non Obl",Daily,"6 तासांत डयुटी संपते",,
144136,"Bijapur To Kudal",Bijapur,"Kudal St Depot",,MO,33967,Miraj,132.6,,,विजापुर,कोल्हापुर,185.7,18:00,22:45,"Non Obl",Daily,"6 तासांत डयुटी संपते",,
144136,"Bijapur To Kudal",Bijapur,"Kudal St Depot",,MO,33745,"Dhamani Fata",139.5,,,विजापुर,कोल्हापुर,185.7,18:00,22:45,"Non Obl",Daily,"6 तासांत डयुटी संपते",,
144136,"Bijapur To Kudal",Bijapur,"Kudal St Depot",,MO,33636,Akali,142.2,,,विजापुर,कोल्हापुर,185.7,18:00,22:45,"Non Obl",Daily,"6 तासांत डयुटी संपते",,
144136,"Bijapur To Kudal",Bijapur,"Kudal St Depot",,MO,34182,Udgaon,144.3,,,विजापुर,कोल्हापुर,185.7,18:00,22:45,"Non Obl",Daily,"6 तासांत डयुटी संपते",,
144136,"Bijapur To Kudal",Bijapur,"Kudal St Depot",,MO,24134,Jaisingpur,146.2,,,विजापुर,कोल्हापुर,185.7,18:00,22:45,"Non Obl",Daily,"6 तासांत डयुटी संपते",,
144136,"Bijapur To Kudal",Bijapur,"Kudal St Depot",,MO,23465,"Chipari Fata",151.7,,,विजापुर,कोल्हापुर,185.7,18:00,22:45,"Non Obl",Daily,"6 तासांत डयुटी संपते",,
144136,"Bijapur To Kudal",Bijapur,"Kudal St Depot",,MO,24421,"Kondigre Nivara",152.3,,,विजापुर,कोल्हापुर,185.7,18:00,22:45,"Non Obl",Daily,"6 तासांत डयुटी संपते",,
144136,"Bijapur To Kudal",Bijapur,"Kudal St Depot",,MO,25000,Nimshirgaon,154.3,,,विजापुर,कोल्हापुर,185.7,18:00,22:45,"Non Obl",Daily,"6 तासांत डयुटी संपते",,
144136,"Bijapur To Kudal",Bijapur,"Kudal St Depot",,MO,25781,Tambadelge,156.6,,,विजापुर,कोल्हापुर,185.7,18:00,22:45,"Non Obl",Daily,"6 तासांत डयुटी संपते",,
144136,"Bijapur To Kudal",Bijapur,"Kudal St Depot",,MO,24013,Hatkanangale,161.9,,,विजापुर,कोल्हापुर,185.7,18:00,22:45,"Non Obl",Daily,"6 तासांत डयुटी संपते",,
144136,"Bijapur To Kudal",Bijapur,"Kudal St Depot",,MO,25373,"Ramling Fata",163.2,,,विजापुर,कोल्हापुर,185.7,18:00,22:45,"Non Obl",Daily,"6 तासांत डयुटी संपते",,
144136,"Bijapur To Kudal",Bijapur,"Kudal St Depot",,MO,23093,Atigre,168.3,,,विजापुर,कोल्हापुर,185.7,18:00,22:45,"Non Obl",Daily,"6 तासांत डयुटी संपते",,
144136,"Bijapur To Kudal",Bijapur,"Kudal St Depot",,MO,23993,Herle,173.4,,,विजापुर,कोल्हापुर,185.7,18:00,22:45,"Non Obl",Daily,"6 तासांत डयुटी संपते",,
144136,"Bijapur To Kudal",Bijapur,"Kudal St Depot",,MO,23235,"Bhikar Kadgaon Fata",177.8,,,विजापुर,कोल्हापुर,185.7,18:00,22:45,"Non Obl",Daily,"6 तासांत डयुटी संपते",,
144136,"Bijapur To Kudal",Bijapur,"Kudal St Depot",,MO,25642,"Sangali Fata",178.5,,,विजापुर,कोल्हापुर,185.7,18:00,22:45,"Non Obl",Daily,"6 तासांत डयुटी संपते",,
144136,"Bijapur To Kudal",Bijapur,"Kudal St Depot",,MO,24904,"Market Yard",181.4,,,विजापुर,कोल्हापुर,185.7,18:00,22:45,"Non Obl",Daily,"6 तासांत डयुटी संपते",,
144136,"Bijapur To Kudal",Bijapur,"Kudal St Depot",,MO,24359,Kolhapur,184,,,विजापुर,कोल्हापुर,185.7,18:00,22:45,"Non Obl",Daily,"6 तासांत डयुटी संपते",,
144136,"Bijapur To Kudal",Bijapur,"Kudal St Depot",,MO,23625,"Dasara Chwok",187,,,विजापुर,कोल्हापुर,185.7,18:00,22:45,"Non Obl",Daily,"6 तासांत डयुटी संपते",,
144136,"Bijapur To Kudal",Bijapur,"Kudal St Depot",,MO,25400,Rankala,189.6,,,विजापुर,कोल्हापुर,185.7,18:00,22:45,"Non Obl",Daily,"6 तासांत डयुटी संपते",,
144136,"Bijapur To Kudal",Bijapur,"Kudal St Depot",,MO,23694,"Fulewadi Naka",192.8,,,विजापुर,कोल्हापुर,185.7,18:00,22:45,"Non Obl",Daily,"6 तासांत डयुटी संपते",,
144136,"Bijapur To Kudal",Bijapur,"Kudal St Depot",,MO,24309,Khandsari,193.7,,,विजापुर,कोल्हापुर,185.7,18:00,22:45,"Non Obl",Daily,"6 तासांत डयुटी संपते",,
144136,"Bijapur To Kudal",Bijapur,"Kudal St Depot",,MO,23133,Balinga,194.5,,,विजापुर,कोल्हापुर,185.7,18:00,22:45,"Non Obl",Daily,"6 तासांत डयुटी संपते",,
144136,"Bijapur To Kudal",Bijapur,"Kudal St Depot",,MO,23598,Donawade,197.5,,,विजापुर,कोल्हापुर,185.7,18:00,22:45,"Non Obl",Daily,"6 तासांत डयुटी संपते",,
144136,"Bijapur To Kudal",Bijapur,"Kudal St Depot",,MO,24253,"Kuditre Factory",201.3,,,विजापुर,कोल्हापुर,185.7,18:00,22:45,"Non Obl",Daily,"6 तासांत डयुटी संपते",,
144136,"Bijapur To Kudal",Bijapur,"Kudal St Depot",,MO,30585,Aadoor,201.4,,,विजापुर,कोल्हापुर,185.7,18:00,22:45,"Non Obl",Daily,"6 तासांत डयुटी संपते",,
144136,"Bijapur To Kudal",Bijapur,"Kudal St Depot",,MO,23390,Chinchvade,201.8,,,विजापुर,कोल्हापुर,185.7,18:00,22:45,"Non Obl",Daily,"6 तासांत डयुटी संपते",,
144136,"Bijapur To Kudal",Bijapur,"Kudal St Depot",,MO,24361,"Kale Canteen",208.2,,,विजापुर,कोल्हापुर,185.7,18:00,22:45,"Non Obl",Daily,"6 तासांत डयुटी संपते",,
144136,"Bijapur To Kudal",Bijapur,"Kudal St Depot",,MO,24941,Mutkeshwar,213.3,,,विजापुर,कोल्हापुर,185.7,18:00,22:45,"Non Obl",Daily,"6 तासांत डयुटी संपते",,
144136,"Bijapur To Kudal",Bijapur,"Kudal St Depot",,MO,24616,Longhe,214.5,,,विजापुर,कोल्हापुर,185.7,18:00,22:45,"Non Obl",Daily,"6 तासांत डयुटी संपते",,
144136,"Bijapur To Kudal",Bijapur,"Kudal St Depot",,MO,24332,Kirve,215.5,,,विजापुर,कोल्हापुर,185.7,18:00,22:45,"Non Obl",Daily,"6 तासांत डयुटी संपते",,
144136,"Bijapur To Kudal",Bijapur,"Kudal St Depot",,MO,25612,Sakhari,216.2,,,विजापुर,कोल्हापुर,185.7,18:00,22:45,"Non Obl",Daily,"6 तासांत डयुटी संपते",,
144136,"Bijapur To Kudal",Bijapur,"Kudal St Depot",,MO,26015,"Vetwade Fata",217.8,,,विजापुर,कोल्हापुर,185.7,18:00,22:45,"Non Obl",Daily,"6 तासांत डयुटी संपते",,
144136,"Bijapur To Kudal",Bijapur,"Kudal St Depot",,MO,25627,Salvan,218.8,,,विजापुर,कोल्हापुर,185.7,18:00,22:45,"Non Obl",Daily,"6 तासांत डयुटी संपते",,
144136,"Bijapur To Kudal",Bijapur,"Kudal St Depot",,MO,24894,Margaiwadi,221.6,,,विजापुर,कोल्हापुर,185.7,18:00,22:45,"Non Obl",Daily,"6 तासांत डयुटी संपते",,
144136,"Bijapur To Kudal",Bijapur,"Kudal St Depot",,MO,24454,Khopadewadi,224.1,,,विजापुर,कोल्हापुर,185.7,18:00,22:45,"Non Obl",Daily,"6 तासांत डयुटी संपते",,
144136,"Bijapur To Kudal",Bijapur,"Kudal St Depot",,MO,30326,"Andur Fata",227.2,,,विजापुर,कोल्हापुर,185.7,18:00,22:45,"Non Obl",Daily,"6 तासांत डयुटी संपते",,
144136,"Bijapur To Kudal",Bijapur,"Kudal St Depot",,MO,25155,"Padalwadi Fata",227.8,,,विजापुर,कोल्हापुर,185.7,18:00,22:45,"Non Obl",Daily,"6 तासांत डयुटी संपते",,
144136,"Bijapur To Kudal",Bijapur,"Kudal St Depot",,MO,23085,Aslaj,230.5,,,विजापुर,कोल्हापुर,185.7,18:00,22:45,"Non Obl",Daily,"6 तासांत डयुटी संपते",,
144136,"Bijapur To Kudal",Bijapur,"Kudal St Depot",,MO,30324,"Asalaj Canteen",230.8,,,विजापुर,कोल्हापुर,185.7,18:00,22:45,"Non Obl",Daily,"6 तासांत डयुटी संपते",,
144136,"Bijapur To Kudal",Bijapur,"Kudal St Depot",,MO,25139,Pargavkarwadi,233.8,,,विजापुर,कोल्हापुर,185.7,18:00,22:45,"Non Obl",Daily,"6 तासांत डयुटी संपते",,
144136,"Bijapur To Kudal",Bijapur,"Kudal St Depot",,MO,25648,"Sangshi Canteen",235.8,,,विजापुर,कोल्हापुर,185.7,18:00,22:45,"Non Obl",Daily,"6 तासांत डयुटी संपते",,
144136,"Bijapur To Kudal",Bijapur,"Kudal St Depot",,MO,25662,"Sangshi Fata",236.8,,,विजापुर,कोल्हापुर,185.7,18:00,22:45,"Non Obl",Daily,"6 तासांत डयुटी संपते",,
144136,"Bijapur To Kudal",Bijapur,"Kudal St Depot",,MO,24105,Jambulnewadi,239.8,,,विजापुर,कोल्हापुर,185.7,18:00,22:45,"Non Obl",Daily,"6 तासांत डयुटी संपते",,
144136,"Bijapur To Kudal",Bijapur,"Kudal St Depot",,MO,23733,Gaganbawda,243.4,,,विजापुर,कोल्हापुर,185.7,18:00,22:45,"Non Obl",Daily,"6 तासांत डयुटी संपते",,
144136,"Bijapur To Kudal",Bijapur,"Kudal St Depot",,MO,9182,Bhattiwadi,252.4,,,विजापुर,कोल्हापुर,185.7,18:00,22:45,"Non Obl",Daily,"6 तासांत डयुटी संपते",,
144136,"Bijapur To Kudal",Bijapur,"Kudal St Depot",,MO,9212,"Karul High School",253.9,,,विजापुर,कोल्हापुर,185.7,18:00,22:45,"Non Obl",Daily,"6 तासांत डयुटी संपते",,
144136,"Bijapur To Kudal",Bijapur,"Kudal St Depot",,MO,9208,Jamadarwadi,255.4,,,विजापुर,कोल्हापुर,185.7,18:00,22:45,"Non Obl",Daily,"6 तासांत डयुटी संपते",,
144136,"Bijapur To Kudal",Bijapur,"Kudal St Depot",,MO,9297,"Water Tank",258.4,,,विजापुर,कोल्हापुर,185.7,18:00,22:45,"Non Obl",Daily,"6 तासांत डयुटी संपते",,
144136,"Bijapur To Kudal",Bijapur,"Kudal St Depot",,MO,9194,Edgaon,259.5,,,विजापुर,कोल्हापुर,185.7,18:00,22:45,"Non Obl",Daily,"6 तासांत डयुटी संपते",,
144136,"Bijapur To Kudal",Bijapur,"Kudal St Depot",,MO,9291,Vaibhavwadi,261.4,,,विजापुर,कोल्हापुर,185.7,18:00,22:45,"Non Obl",Daily,"6 तासांत डयुटी संपते",,
144136,"Bijapur To Kudal",Bijapur,"Kudal St Depot",,MO,9181,Bandhwadi,264.4,,,विजापुर,कोल्हापुर,185.7,18:00,22:45,"Non Obl",Daily,"6 तासांत डयुटी संपते",,
144136,"Bijapur To Kudal",Bijapur,"Kudal St Depot",,MO,9213,"Kasale Wadi",266.4,,,विजापुर,कोल्हापुर,185.7,18:00,22:45,"Non Obl",Daily,"6 तासांत डयुटी संपते",,
144136,"Bijapur To Kudal",Bijapur,"Kudal St Depot",,MO,9241,Nadhawade,267.7,,,विजापुर,कोल्हापुर,185.7,18:00,22:45,"Non Obl",Daily,"6 तासांत डयुटी संपते",,
144136,"Bijapur To Kudal",Bijapur,"Kudal St Depot",,MO,2841,Mahadevwadi,267.8,,,विजापुर,कोल्हापुर,185.7,18:00,22:45,"Non Obl",Daily,"6 तासांत डयुटी संपते",,
144136,"Bijapur To Kudal",Bijapur,"Kudal St Depot",,MO,2780,"Kambale Hotel",270.4,,,विजापुर,कोल्हापुर,185.7,18:00,22:45,"Non Obl",Daily,"6 तासांत डयुटी संपते",,
144136,"Bijapur To Kudal",Bijapur,"Kudal St Depot",,MO,2796,"Kasarde Buddhawadi",272.4,,,विजापुर,कोल्हापुर,185.7,18:00,22:45,"Non Obl",Daily,"6 तासांत डयुटी संपते",,
144136,"Bijapur To Kudal",Bijapur,"Kudal St Depot",,MO,2982,Tarla,275.6,,,विजापुर,कोल्हापुर,185.7,18:00,22:45,"Non Obl",Daily,"6 तासांत डयुटी संपते",,
144136,"Bijapur To Kudal",Bijapur,"Kudal St Depot",,MO,2997,"Vijaydurg Fata",276.4,,,विजापुर,कोल्हापुर,185.7,18:00,22:45,"Non Obl",Daily,"6 तासांत डयुटी संपते",,
144136,"Bijapur To Kudal",Bijapur,"Kudal St Depot",,MO,2673,"Bramhan Wadi",278.6,,,विजापुर,कोल्हापुर,185.7,18:00,22:45,"Non Obl",Daily,"6 तासांत डयुटी संपते",,
144136,"Bijapur To Kudal",Bijapur,"Kudal St Depot",,MO,2872,"Nandgaon Nursary",282.4,,,विजापुर,कोल्हापुर,185.7,18:00,22:45,"Non Obl",Daily,"6 तासांत डयुटी संपते",,
144136,"Bijapur To Kudal",Bijapur,"Kudal St Depot",,MO,2871,"Nandgaon Fata",284,,,विजापुर,कोल्हापुर,185.7,18:00,22:45,"Non Obl",Daily,"6 तासांत डयुटी संपते",,
144136,"Bijapur To Kudal",Bijapur,"Kudal St Depot",,MO,2870,"Nandgaon Datta Mandir",285.9,,,विजापुर,कोल्हापुर,185.7,18:00,22:45,"Non Obl",Daily,"6 तासांत डयुटी संपते",,
144136,"Bijapur To Kudal",Bijapur,"Kudal St Depot",,MO,2655,Belane,288.3,,,विजापुर,कोल्हापुर,185.7,18:00,22:45,"Non Obl",Daily,"6 तासांत डयुटी संपते",,
144136,"Bijapur To Kudal",Bijapur,"Kudal St Depot",,MO,2756,"Humrat Titha",290.5,,,विजापुर,कोल्हापुर,185.7,18:00,22:45,"Non Obl",Daily,"6 तासांत डयुटी संपते",,
144136,"Bijapur To Kudal",Bijapur,"Kudal St Depot",,MO,2768,"Janavali Gavthanwadi",294.8,,,विजापुर,कोल्हापुर,185.7,18:00,22:45,"Non Obl",Daily,"6 तासांत डयुटी संपते",,
144136,"Bijapur To Kudal",Bijapur,"Kudal St Depot",,MO,2786,Kankavli,298.6,,,विजापुर,कोल्हापुर,185.7,18:00,22:45,"Non Obl",Daily,"6 तासांत डयुटी संपते",,
144136,"Bijapur To Kudal",Bijapur,"Kudal St Depot",,MO,3001,"Wagade Gpo",303.8,,,विजापुर,कोल्हापुर,185.7,18:00,22:45,"Non Obl",Daily,"6 तासांत डयुटी संपते",,
144136,"Bijapur To Kudal",Bijapur,"Kudal St Depot",,MO,2692,Dangalwadi,304.7,,,विजापुर,कोल्हापुर,185.7,18:00,22:45,"Non Obl",Daily,"6 तासांत डयुटी संपते",,
144136,"Bijapur To Kudal",Bijapur,"Kudal St Depot",,MO,2891,"Osargaon Talav",305.8,,,विजापुर,कोल्हापुर,185.7,18:00,22:45,"Non Obl",Daily,"6 तासांत डयुटी संपते",,
144136,"Bijapur To Kudal",Bijapur,"Kudal St Depot",,MO,2890,"Osargaon Post",308.7,,,विजापुर,कोल्हापुर,185.7,18:00,22:45,"Non Obl",Daily,"6 तासांत डयुटी संपते",,
144136,"Bijapur To Kudal",Bijapur,"Kudal St Depot",,MO,2889,"Osargaon Godaoon",308.8,,,विजापुर,कोल्हापुर,185.7,18:00,22:45,"Non Obl",Daily,"6 तासांत डयुटी संपते",,
144136,"Bijapur To Kudal",Bijapur,"Kudal St Depot",,MO,6281,Kasal,313,,,विजापुर,कोल्हापुर,185.7,18:00,22:45,"Non Obl",Daily,"6 तासांत डयुटी संपते",,
144136,"Bijapur To Kudal",Bijapur,"Kudal St Depot",,MO,6116,Awali,316.3,,,विजापुर,कोल्हापुर,185.7,18:00,22:45,"Non Obl",Daily,"6 तासांत डयुटी संपते",,
144136,"Bijapur To Kudal",Bijapur,"Kudal St Depot",,MO,6226,"Jaitapkar Colany",316.8,,,विजापुर,कोल्हापुर,185.7,18:00,22:45,"Non Obl",Daily,"6 तासांत डयुटी संपते",,
144136,"Bijapur To Kudal",Bijapur,"Kudal St Depot",,MO,6362,"Oros Bus Stnad",318.4,,,विजापुर,कोल्हापुर,185.7,18:00,22:45,"Non Obl",Daily,"6 तासांत डयुटी संपते",,
144136,"Bijapur To Kudal",Bijapur,"Kudal St Depot",,MO,6204,"Humarmala Kasale Dukan",321.4,,,विजापुर,कोल्हापुर,185.7,18:00,22:45,"Non Obl",Daily,"6 तासांत डयुटी संपते",,
144136,"Bijapur To Kudal",Bijapur,"Kudal St Depot",,MO,6365,Pandur,323.9,,,विजापुर,कोल्हापुर,185.7,18:00,22:45,"Non Obl",Daily,"6 तासांत डयुटी संपते",,
144136,"Bijapur To Kudal",Bijapur,"Kudal St Depot",,MO,88100,Vetalbambarde,324.7,,,विजापुर,कोल्हापुर,185.7,18:00,22:45,"Non Obl",Daily,"6 तासांत डयुटी संपते",,
144136,"Bijapur To Kudal",Bijapur,"Kudal St Depot",,MO,6380,"Pawashi Panchayat",327.3,,,विजापुर,कोल्हापुर,185.7,18:00,22:45,"Non Obl",Daily,"6 तासांत डयुटी संपते",,
144136,"Bijapur To Kudal",Bijapur,"Kudal St Depot",,MO,6237,"Kudal St Depot",329.9,,,विजापुर,कोल्हापुर,185.7,18:00,22:45,"Non Obl",Daily,"6 तासांत डयुटी संपते",,
144136,"Bijapur To Kudal",Bijapur,"Kudal St Depot",,MO,6240,"Kudal St Depot",333.1,,,विजापुर,कोल्हापुर,185.7,18:00,22:45,"Non Obl",Daily,"6 तासांत डयुटी संपते",,
10949,"Kudal To Hindewadi","Kudal St Depot",Hindewadi,,MO,6237,"Kudal St Depot",,,,कुडाळ,हिंदेवाडी,16,07:20,07:55,"Chorgewadi stop / MS stop Reqired",,,,
10949,"Kudal To Hindewadi","Kudal St Depot",Hindewadi,,MO,6380,"Pawashi Panchayat",2.8,,,कुडाळ,हिंदेवाडी,16,07:20,07:55,"Chorgewadi stop / MS stop Reqired",,,,
10949,"Kudal To Hindewadi","Kudal St Depot",Hindewadi,,MO,88100,Vetalbambarde,7,,,कुडाळ,हिंदेवाडी,16,07:20,07:55,"Chorgewadi stop / MS stop Reqired",,,,
10949,"Kudal To Hindewadi","Kudal St Depot",Hindewadi,,MO,6378,"Pandur Titha",10.5,,,कुडाळ,हिंदेवाडी,16,07:20,07:55,"Chorgewadi stop / MS stop Reqired",,,,
10949,"Kudal To Hindewadi","Kudal St Depot",Hindewadi,,MO,6150,"Chorgewadi Fata",13.2,,,कुडाळ,हिंदेवाडी,16,07:20,07:55,"Chorgewadi stop / MS stop Reqired",,,,
10949,"Kudal To Hindewadi","Kudal St Depot",Hindewadi,,MO,6383,"Patadewadi Vinanti",14.2,,,कुडाळ,हिंदेवाडी,16,07:20,07:55,"Chorgewadi stop / MS stop Reqired",,,,
10949,"Kudal To Hindewadi","Kudal St Depot",Hindewadi,,MO,6220,Jadhavwadi,15.3,,,कुडाळ,हिंदेवाडी,16,07:20,07:55,"Chorgewadi stop / MS stop Reqired",,,,
10949,"Kudal To Hindewadi","Kudal St Depot",Hindewadi,,MO,6201,"Hindewadi School",15.9,,,कुडाळ,हिंदेवाडी,16,07:20,07:55,"Chorgewadi stop / MS stop Reqired",,,,
10949,"Kudal To Hindewadi","Kudal St Depot",Hindewadi,,MO,6315,"Mile Stone",16,,,कुडाळ,हिंदेवाडी,16,07:20,07:55,"Chorgewadi stop / MS stop Reqired",,,,
10949,"Kudal To Hindewadi","Kudal St Depot",Hindewadi,,MO,6208,Hindewadi,16,,,कुडाळ,हिंदेवाडी,16,07:20,07:55,"Chorgewadi stop / MS stop Reqired",,,,
10977,"Kudal To Niwati Bandar Via Post Office","Kudal St Depot","Niwati Bandar","POST OFFICE",MO,6237,"Kudal St Depot",,,,कुडाळ,निवती,24,14:30,15:20,,,,,
10977,"Kudal To Niwati Bandar Via Post Office","Kudal St Depot","Niwati Bandar","POST OFFICE",MO,6376,"Pinguli Titha",4.3,,,कुडाळ,निवती,24,14:30,15:20,,,,,
10977,"Kudal To Niwati Bandar Via Post Office","Kudal St Depot","Niwati Bandar","POST OFFICE",MO,6251,"Karmal Galu",7.6,,,कुडाळ,निवती,24,14:30,15:20,,,,,
10977,"Kudal To Niwati Bandar Via Post Office","Kudal St Depot","Niwati Bandar","POST OFFICE",MO,6298,Madyachiwadi,9.7,,,कुडाळ,निवती,24,14:30,15:20,,,,,
10977,"Kudal To Niwati Bandar Via Post Office","Kudal St Depot","Niwati Bandar","POST OFFICE",MO,6305,"Madyachiwadi Phanas",11.1,,,कुडाळ,निवती,24,14:30,15:20,,,,,
10977,"Kudal To Niwati Bandar Via Post Office","Kudal St Depot","Niwati Bandar","POST OFFICE",MO,6215,Humarmala,13.7,,,कुडाळ,निवती,24,14:30,15:20,,,,,
10977,"Kudal To Niwati Bandar Via Post Office","Kudal St Depot","Niwati Bandar","POST OFFICE",MO,6094,"Andurle Khind",14.4,,,कुडाळ,निवती,24,14:30,15:20,,,,,
10977,"Kudal To Niwati Bandar Via Post Office","Kudal St Depot","Niwati Bandar","POST OFFICE",MO,6377,"Pendurkar Dukan",15.6,,,कुडाळ,निवती,24,14:30,15:20,,,,,
10977,"Kudal To Niwati Bandar Via Post Office","Kudal St Depot","Niwati Bandar","POST OFFICE",MO,6384,"Pat Titha",17.4,,,कुडाळ,निवती,24,14:30,15:20,,,,,
10977,"Kudal To Niwati Bandar Via Post Office","Kudal St Depot","Niwati Bandar","POST OFFICE",MO,9714,Mhapan,18.5,,,कुडाळ,निवती,24,14:30,15:20,,,,,
10977,"Kudal To Niwati Bandar Via Post Office","Kudal St Depot","Niwati Bandar","POST OFFICE",MO,9720,"Mhapan Sateri Mandir",19.6,,,कुडाळ,निवती,24,14:30,15:20,,,,,
10977,"Kudal To Niwati Bandar Via Post Office","Kudal St Depot","Niwati Bandar","POST OFFICE",MO,9761,"Post Office",21.1,,,कुडाळ,निवती,24,14:30,15:20,,,,,
10977,"Kudal To Niwati Bandar Via Post Office","Kudal St Depot","Niwati Bandar","POST OFFICE",MO,9777,Sati,22.3,,,कुडाळ,निवती,24,14:30,15:20,,,,,
10977,"Kudal To Niwati Bandar Via Post Office","Kudal St Depot","Niwati Bandar","POST OFFICE",MO,9741,"Niwati Bandar",24,,,कुडाळ,निवती,24,14:30,15:20,,,,,
19865,"Bamanadevi School To Kudal","Bamanadevi School","Kudal St Depot",,MO,6139,"Bamanadevi School",,,,बामणादेवी,कुडाळ,16.5,13:45,14:20,,,,,
19865,"Bamanadevi School To Kudal","Bamanadevi School","Kudal St Depot",,MO,6132,Bamanadevi,2.5,,,बामणादेवी,कुडाळ,16.5,13:45,14:20,,,,,
19865,"Bamanadevi School To Kudal","Bamanadevi School","Kudal St Depot",,MO,6295,Mhatargalu,3,,,बामणादेवी,कुडाळ,16.5,13:45,14:20,,,,,
19865,"Bamanadevi School To Kudal","Bamanadevi School","Kudal St Depot",,MO,6297,Mashachiwadi,4.3,,,बामणादेवी,कुडाळ,16.5,13:45,14:20,,,,,
19865,"Bamanadevi School To Kudal","Bamanadevi School","Kudal St Depot",,MO,6287,"Khutwalwadi School",5.5,,,बामणादेवी,कुडाळ,16.5,13:45,14:20,,,,,
19865,"Bamanadevi School To Kudal","Bamanadevi School","Kudal St Depot",,MO,6144,Budkewadi,8,,,बामणादेवी,कुडाळ,16.5,13:45,14:20,,,,,
19865,"Bamanadevi School To Kudal","Bamanadevi School","Kudal St Depot",,MO,6355,"Navnath Mandir",9,,,बामणादेवी,कुडाळ,16.5,13:45,14:20,,,,,
19865,"Bamanadevi School To Kudal","Bamanadevi School","Kudal St Depot",,MO,6107,"Ambadpal G.P.O.",11.1,,,बामणादेवी,कुडाळ,16.5,13:45,14:20,,,,,
19865,"Bamanadevi School To Kudal","Bamanadevi School","Kudal St Depot",,MO,6237,"Kudal St Depot",16.5,,,बामणादेवी,कुडाळ,16.5,13:45,14:20,,,,,
49253,"Kudal St Depot  To Kolhapur Via Radhangri","Kudal St Depot",Kolhapur,RADHANAGARI,MO,6240,"Kudal St Depot",,,,"कुडाळ आगार",कोल्हापुर,151.8,08:00,13:00,"Non Obl",Daily,"विश्रांती 7.30-8.00",,
49253,"Kudal St Depot  To Kolhapur Via Radhangri","Kudal St Depot",Kolhapur,RADHANAGARI,MO,6237,"Kudal St Depot",1.5,,,"कुडाळ आगार",कोल्हापुर,151.8,08:00,13:00,"Non Obl",Daily,"विश्रांती 7.30-8.00",,
49253,"Kudal St Depot  To Kolhapur Via Radhangri","Kudal St Depot",Kolhapur,RADHANAGARI,MO,6380,"Pawashi Panchayat",5.4,,,"कुडाळ आगार",कोल्हापुर,151.8,08:00,13:00,"Non Obl",Daily,"विश्रांती 7.30-8.00",,
49253,"Kudal St Depot  To Kolhapur Via Radhangri","Kudal St Depot",Kolhapur,RADHANAGARI,MO,88100,Vetalbambarde,7.5,,,"कुडाळ आगार",कोल्हापुर,151.8,08:00,13:00,"Non Obl",Daily,"विश्रांती 7.30-8.00",,
49253,"Kudal St Depot  To Kolhapur Via Radhangri","Kudal St Depot",Kolhapur,RADHANAGARI,MO,6378,"Pandur Titha",10.5,,,"कुडाळ आगार",कोल्हापुर,151.8,08:00,13:00,"Non Obl",Daily,"विश्रांती 7.30-8.00",,
49253,"Kudal St Depot  To Kolhapur Via Radhangri","Kudal St Depot",Kolhapur,RADHANAGARI,MO,6204,"Humarmala Kasale Dukan",12.4,,,"कुडाळ आगार",कोल्हापुर,151.8,08:00,13:00,"Non Obl",Daily,"विश्रांती 7.30-8.00",,
49253,"Kudal St Depot  To Kolhapur Via Radhangri","Kudal St Depot",Kolhapur,RADHANAGARI,MO,6206,"Humarmala Rane Dukan",13.8,,,"कुडाळ आगार",कोल्हापुर,151.8,08:00,13:00,"Non Obl",Daily,"विश्रांती 7.30-8.00",,
49253,"Kudal St Depot  To Kolhapur Via Radhangri","Kudal St Depot",Kolhapur,RADHANAGARI,MO,6224,"Jijamata Hospital",15.2,,,"कुडाळ आगार",कोल्हापुर,151.8,08:00,13:00,"Non Obl",Daily,"विश्रांती 7.30-8.00",,
49253,"Kudal St Depot  To Kolhapur Via Radhangri","Kudal St Depot",Kolhapur,RADHANAGARI,MO,6362,"Oros Bus Stnad",16.9,,,"कुडाळ आगार",कोल्हापुर,151.8,08:00,13:00,"Non Obl",Daily,"विश्रांती 7.30-8.00",,
49253,"Kudal St Depot  To Kolhapur Via Radhangri","Kudal St Depot",Kolhapur,RADHANAGARI,MO,6226,"Jaitapkar Colany",18,,,"कुडाळ आगार",कोल्हापुर,151.8,08:00,13:00,"Non Obl",Daily,"विश्रांती 7.30-8.00",,
49253,"Kudal St Depot  To Kolhapur Via Radhangri","Kudal St Depot",Kolhapur,RADHANAGARI,MO,6116,Awali,20,,,"कुडाळ आगार",कोल्हापुर,151.8,08:00,13:00,"Non Obl",Daily,"विश्रांती 7.30-8.00",,
49253,"Kudal St Depot  To Kolhapur Via Radhangri","Kudal St Depot",Kolhapur,RADHANAGARI,MO,6281,Kasal,22.2,,,"कुडाळ आगार",कोल्हापुर,151.8,08:00,13:00,"Non Obl",Daily,"विश्रांती 7.30-8.00",,
49253,"Kudal St Depot  To Kolhapur Via Radhangri","Kudal St Depot",Kolhapur,RADHANAGARI,MO,2889,"Osargaon Godaoon",24,,,"कुडाळ आगार",कोल्हापुर,151.8,08:00,13:00,"Non Obl",Daily,"विश्रांती 7.30-8.00",,
49253,"Kudal St Depot  To Kolhapur Via Radhangri","Kudal St Depot",Kolhapur,RADHANAGARI,MO,2890,"Osargaon Post",26.3,,,"कुडाळ आगार",कोल्हापुर,151.8,08:00,13:00,"Non Obl",Daily,"विश्रांती 7.30-8.00",,
49253,"Kudal St Depot  To Kolhapur Via Radhangri","Kudal St Depot",Kolhapur,RADHANAGARI,MO,2891,"Osargaon Talav",29.4,,,"कुडाळ आगार",कोल्हापुर,151.8,08:00,13:00,"Non Obl",Daily,"विश्रांती 7.30-8.00",,
49253,"Kudal St Depot  To Kolhapur Via Radhangri","Kudal St Depot",Kolhapur,RADHANAGARI,MO,2692,Dangalwadi,31.6,,,"कुडाळ आगार",कोल्हापुर,151.8,08:00,13:00,"Non Obl",Daily,"विश्रांती 7.30-8.00",,
49253,"Kudal St Depot  To Kolhapur Via Radhangri","Kudal St Depot",Kolhapur,RADHANAGARI,MO,3001,"Wagade Gpo",33.5,,,"कुडाळ आगार",कोल्हापुर,151.8,08:00,13:00,"Non Obl",Daily,"विश्रांती 7.30-8.00",,
49253,"Kudal St Depot  To Kolhapur Via Radhangri","Kudal St Depot",Kolhapur,RADHANAGARI,MO,2786,Kankavli,36.5,,,"कुडाळ आगार",कोल्हापुर,151.8,08:00,13:00,"Non Obl",Daily,"विश्रांती 7.30-8.00",,
49253,"Kudal St Depot  To Kolhapur Via Radhangri","Kudal St Depot",Kolhapur,RADHANAGARI,MO,2768,"Janavali Gavthanwadi",40.8,,,"कुडाळ आगार",कोल्हापुर,151.8,08:00,13:00,"Non Obl",Daily,"विश्रांती 7.30-8.00",,
49253,"Kudal St Depot  To Kolhapur Via Radhangri","Kudal St Depot",Kolhapur,RADHANAGARI,MO,2756,"Humrat Titha",43.8,,,"कुडाळ आगार",कोल्हापुर,151.8,08:00,13:00,"Non Obl",Daily,"विश्रांती 7.30-8.00",,
49253,"Kudal St Depot  To Kolhapur Via Radhangri","Kudal St Depot",Kolhapur,RADHANAGARI,MO,2757,"Humrath Mal Ghorpiwadi",46.3,,,"कुडाळ आगार",कोल्हापुर,151.8,08:00,13:00,"Non Obl",Daily,"विश्रांती 7.30-8.00",,
49253,"Kudal St Depot  To Kolhapur Via Radhangri","Kudal St Depot",Kolhapur,RADHANAGARI,MO,2790,Karul,48,,,"कुडाळ आगार",कोल्हापुर,151.8,08:00,13:00,"Non Obl",Daily,"विश्रांती 7.30-8.00",,
49253,"Kudal St Depot  To Kolhapur Via Radhangri","Kudal St Depot",Kolhapur,RADHANAGARI,MO,2771,"Kach Karakhana",49,,,"कुडाळ आगार",कोल्हापुर,151.8,08:00,13:00,"Non Obl",Daily,"विश्रांती 7.30-8.00",,
49253,"Kudal St Depot  To Kolhapur Via Radhangri","Kudal St Depot",Kolhapur,RADHANAGARI,MO,2781,Kanadewadi,49.1,,,"कुडाळ आगार",कोल्हापुर,151.8,08:00,13:00,"Non Obl",Daily,"विश्रांती 7.30-8.00",,
49253,"Kudal St Depot  To Kolhapur Via Radhangri","Kudal St Depot",Kolhapur,RADHANAGARI,MO,2895,Pachoba,51,,,"कुडाळ आगार",कोल्हापुर,151.8,08:00,13:00,"Non Obl",Daily,"विश्रांती 7.30-8.00",,
49253,"Kudal St Depot  To Kolhapur Via Radhangri","Kudal St Depot",Kolhapur,RADHANAGARI,MO,2787,"Kankavli Nandgaon Fata",51.9,,,"कुडाळ आगार",कोल्हापुर,151.8,08:00,13:00,"Non Obl",Daily,"विश्रांती 7.30-8.00",,
49253,"Kudal St Depot  To Kolhapur Via Radhangri","Kudal St Depot",Kolhapur,RADHANAGARI,MO,2906,"Phonda Iti",53,,,"कुडाळ आगार",कोल्हापुर,151.8,08:00,13:00,"Non Obl",Daily,"विश्रांती 7.30-8.00",,
49253,"Kudal St Depot  To Kolhapur Via Radhangri","Kudal St Depot",Kolhapur,RADHANAGARI,MO,2904,Phonda,54.8,,,"कुडाळ आगार",कोल्हापुर,151.8,08:00,13:00,"Non Obl",Daily,"विश्रांती 7.30-8.00",,
49253,"Kudal St Depot  To Kolhapur Via Radhangri","Kudal St Depot",Kolhapur,RADHANAGARI,MO,2723,"Ganguchi Wadi",57.9,,,"कुडाळ आगार",कोल्हापुर,151.8,08:00,13:00,"Non Obl",Daily,"विश्रांती 7.30-8.00",,
49253,"Kudal St Depot  To Kolhapur Via Radhangri","Kudal St Depot",Kolhapur,RADHANAGARI,MO,23566,Dajipur,69.4,,,"कुडाळ आगार",कोल्हापुर,151.8,08:00,13:00,"Non Obl",Daily,"विश्रांती 7.30-8.00",,
49253,"Kudal St Depot  To Kolhapur Via Radhangri","Kudal St Depot",Kolhapur,RADHANAGARI,MO,24004,Hasane,75.4,,,"कुडाळ आगार",कोल्हापुर,151.8,08:00,13:00,"Non Obl",Daily,"विश्रांती 7.30-8.00",,
49253,"Kudal St Depot  To Kolhapur Via Radhangri","Kudal St Depot",Kolhapur,RADHANAGARI,MO,25038,Naniwade,78.7,,,"कुडाळ आगार",कोल्हापुर,151.8,08:00,13:00,"Non Obl",Daily,"विश्रांती 7.30-8.00",,
49253,"Kudal St Depot  To Kolhapur Via Radhangri","Kudal St Depot",Kolhapur,RADHANAGARI,MO,23137,Bambar,81.3,,,"कुडाळ आगार",कोल्हापुर,151.8,08:00,13:00,"Non Obl",Daily,"विश्रांती 7.30-8.00",,
49253,"Kudal St Depot  To Kolhapur Via Radhangri","Kudal St Depot",Kolhapur,RADHANAGARI,MO,25530,Shelap,84.8,,,"कुडाळ आगार",कोल्हापुर,151.8,08:00,13:00,"Non Obl",Daily,"विश्रांती 7.30-8.00",,
49253,"Kudal St Depot  To Kolhapur Via Radhangri","Kudal St Depot",Kolhapur,RADHANAGARI,MO,30607,Ajiwade,88.5,,,"कुडाळ आगार",कोल्हापुर,151.8,08:00,13:00,"Non Obl",Daily,"विश्रांती 7.30-8.00",,
49253,"Kudal St Depot  To Kolhapur Via Radhangri","Kudal St Depot",Kolhapur,RADHANAGARI,MO,23601,Daoudwadi,91.8,,,"कुडाळ आगार",कोल्हापुर,151.8,08:00,13:00,"Non Obl",Daily,"विश्रांती 7.30-8.00",,
49253,"Kudal St Depot  To Kolhapur Via Radhangri","Kudal St Depot",Kolhapur,RADHANAGARI,MO,25393,"Radhanagri Dam",94.3,,,"कुडाळ आगार",कोल्हापुर,151.8,08:00,13:00,"Non Obl",Daily,"विश्रांती 7.30-8.00",,
49253,"Kudal St Depot  To Kolhapur Via Radhangri","Kudal St Depot",Kolhapur,RADHANAGARI,MO,24014,Hatimahal,96.1,,,"कुडाळ आगार",कोल्हापुर,151.8,08:00,13:00,"Non Obl",Daily,"विश्रांती 7.30-8.00",,
49253,"Kudal St Depot  To Kolhapur Via Radhangri","Kudal St Depot",Kolhapur,RADHANAGARI,MO,25336,Radhanagari,98.9,,,"कुडाळ आगार",कोल्हापुर,151.8,08:00,13:00,"Non Obl",Daily,"विश्रांती 7.30-8.00",,
49253,"Kudal St Depot  To Kolhapur Via Radhangri","Kudal St Depot",Kolhapur,RADHANAGARI,MO,23720,Gaibi,103.5,,,"कुडाळ आगार",कोल्हापुर,151.8,08:00,13:00,"Non Obl",Daily,"विश्रांती 7.30-8.00",,
49253,"Kudal St Depot  To Kolhapur Via Radhangri","Kudal St Depot",Kolhapur,RADHANAGARI,MO,24322,"Khindi Vharavade",106.9,,,"कुडाळ आगार",कोल्हापुर,151.8,08:00,13:00,"Non Obl",Daily,"विश्रांती 7.30-8.00",,
49253,"Kudal St Depot  To Kolhapur Via Radhangri","Kudal St Depot",Kolhapur,RADHANAGARI,MO,23049,Anaje,111.6,,,"कुडाळ आगार",कोल्हापुर,151.8,08:00,13:00,"Non Obl",Daily,"विश्रांती 7.30-8.00",,
49253,"Kudal St Depot  To Kolhapur Via Radhangri","Kudal St Depot",Kolhapur,RADHANAGARI,MO,30597,"Awali Budruk",114,,,"कुडाळ आगार",कोल्हापुर,151.8,08:00,13:00,"Non Obl",Daily,"विश्रांती 7.30-8.00",,
49253,"Kudal St Depot  To Kolhapur Via Radhangri","Kudal St Depot",Kolhapur,RADHANAGARI,MO,25306,"Powar House",114.6,,,"कुडाळ आगार",कोल्हापुर,151.8,08:00,13:00,"Non Obl",Daily,"विश्रांती 7.30-8.00",,
49253,"Kudal St Depot  To Kolhapur Via Radhangri","Kudal St Depot",Kolhapur,RADHANAGARI,MO,23014,"Amjai Varavade",116,,,"कुडाळ आगार",कोल्हापुर,151.8,08:00,13:00,"Non Obl",Daily,"विश्रांती 7.30-8.00",,
49253,"Kudal St Depot  To Kolhapur Via Radhangri","Kudal St Depot",Kolhapur,RADHANAGARI,MO,25521,Shirase,117.4,,,"कुडाळ आगार",कोल्हापुर,151.8,08:00,13:00,"Non Obl",Daily,"विश्रांती 7.30-8.00",,
49253,"Kudal St Depot  To Kolhapur Via Radhangri","Kudal St Depot",Kolhapur,RADHANAGARI,MO,23301,Bhopalwadi,119,,,"कुडाळ आगार",कोल्हापुर,151.8,08:00,13:00,"Non Obl",Daily,"विश्रांती 7.30-8.00",,
49253,"Kudal St Depot  To Kolhapur Via Radhangri","Kudal St Depot",Kolhapur,RADHANAGARI,MO,24207,Kaulav,120.4,,,"कुडाळ आगार",कोल्हापुर,151.8,08:00,13:00,"Non Obl",Daily,"विश्रांती 7.30-8.00",,
49253,"Kudal St Depot  To Kolhapur Via Radhangri","Kudal St Depot",Kolhapur,RADHANAGARI,MO,23768,Ghotavade,123,,,"कुडाळ आगार",कोल्हापुर,151.8,08:00,13:00,"Non Obl",Daily,"विश्रांती 7.30-8.00",,
49253,"Kudal St Depot  To Kolhapur Via Radhangri","Kudal St Depot",Kolhapur,RADHANAGARI,MO,23216,"Bhogavati Sugar Factory",123.2,,,"कुडाळ आगार",कोल्हापुर,151.8,08:00,13:00,"Non Obl",Daily,"विश्रांती 7.30-8.00",,
49253,"Kudal St Depot  To Kolhapur Via Radhangri","Kudal St Depot",Kolhapur,RADHANAGARI,MO,25256,Parite,128.2,,,"कुडाळ आगार",कोल्हापुर,151.8,08:00,13:00,"Non Obl",Daily,"विश्रांती 7.30-8.00",,
49253,"Kudal St Depot  To Kolhapur Via Radhangri","Kudal St Depot",Kolhapur,RADHANAGARI,MO,24501,"Kurukali College",128.3,,,"कुडाळ आगार",कोल्हापुर,151.8,08:00,13:00,"Non Obl",Daily,"विश्रांती 7.30-8.00",,
49253,"Kudal St Depot  To Kolhapur Via Radhangri","Kudal St Depot",Kolhapur,RADHANAGARI,MO,24502,Kurukali,129,,,"कुडाळ आगार",कोल्हापुर,151.8,08:00,13:00,"Non Obl",Daily,"विश्रांती 7.30-8.00",,
49253,"Kudal St Depot  To Kolhapur Via Radhangri","Kudal St Depot",Kolhapur,RADHANAGARI,MO,24444,Kothali,129.7,,,"कुडाळ आगार",कोल्हापुर,151.8,08:00,13:00,"Non Obl",Daily,"विश्रांती 7.30-8.00",,
49253,"Kudal St Depot  To Kolhapur Via Radhangri","Kudal St Depot",Kolhapur,RADHANAGARI,MO,23945,Haldi,132.6,,,"कुडाळ आगार",कोल्हापुर,151.8,08:00,13:00,"Non Obl",Daily,"विश्रांती 7.30-8.00",,
49253,"Kudal St Depot  To Kolhapur Via Radhangri","Kudal St Depot",Kolhapur,RADHANAGARI,MO,24388,Kandgaon,133.9,,,"कुडाळ आगार",कोल्हापुर,151.8,08:00,13:00,"Non Obl",Daily,"विश्रांती 7.30-8.00",,
49253,"Kudal St Depot  To Kolhapur Via Radhangri","Kudal St Depot",Kolhapur,RADHANAGARI,MO,23669,Devale,134,,,"कुडाळ आगार",कोल्हापुर,151.8,08:00,13:00,"Non Obl",Daily,"विश्रांती 7.30-8.00",,
49253,"Kudal St Depot  To Kolhapur Via Radhangri","Kudal St Depot",Kolhapur,RADHANAGARI,MO,26066,Washi,138.5,,,"कुडाळ आगार",कोल्हापुर,151.8,08:00,13:00,"Non Obl",Daily,"विश्रांती 7.30-8.00",,
49253,"Kudal St Depot  To Kolhapur Via Radhangri","Kudal St Depot",Kolhapur,RADHANAGARI,MO,25083,"New Washi Naka",142.9,,,"कुडाळ आगार",कोल्हापुर,151.8,08:00,13:00,"Non Obl",Daily,"विश्रांती 7.30-8.00",,
49253,"Kudal St Depot  To Kolhapur Via Radhangri","Kudal St Depot",Kolhapur,RADHANAGARI,MO,25400,Rankala,147.1,,,"कुडाळ आगार",कोल्हापुर,151.8,08:00,13:00,"Non Obl",Daily,"विश्रांती 7.30-8.00",,
49253,"Kudal St Depot  To Kolhapur Via Radhangri","Kudal St Depot",Kolhapur,RADHANAGARI,MO,23625,"Dasara Chwok",149.7,,,"कुडाळ आगार",कोल्हापुर,151.8,08:00,13:00,"Non Obl",Daily,"विश्रांती 7.30-8.00",,
49253,"Kudal St Depot  To Kolhapur Via Radhangri","Kudal St Depot",Kolhapur,RADHANAGARI,MO,24359,Kolhapur,151.8,,,"कुडाळ आगार",कोल्हापुर,151.8,08:00,13:00,"Non Obl",Daily,"विश्रांती 7.30-8.00",,
107820,"Mauli Mandir To Kudal St Depot","Mauli Mandir","Kudal St Depot",,MO,6330,"Mauli Mandir",,,,मा.मंदिर,कुडाळ,15.3,06:35,07:10,sc,SUN,,,
107820,"Mauli Mandir To Kudal St Depot","Mauli Mandir","Kudal St Depot",,MO,6470,Walawal,1.4,,,मा.मंदिर,कुडाळ,15.3,06:35,07:10,sc,SUN,,,
107820,"Mauli Mandir To Kudal St Depot","Mauli Mandir","Kudal St Depot",,MO,6166,"Desai Bungalow",2.6,,,मा.मंदिर,कुडाळ,15.3,06:35,07:10,sc,SUN,,,
107820,"Mauli Mandir To Kudal St Depot","Mauli Mandir","Kudal St Depot",,MO,6353,"Nerur Choupati",3.7,,,मा.मंदिर,कुडाळ,15.3,06:35,07:10,sc,SUN,,,
107820,"Mauli Mandir To Kudal St Depot","Mauli Mandir","Kudal St Depot",,MO,6333,"Nerur Chavhata",6.6,,,मा.मंदिर,कुडाळ,15.3,06:35,07:10,sc,SUN,,,
107820,"Mauli Mandir To Kudal St Depot","Mauli Mandir","Kudal St Depot",,MO,6351,"Nerur Jakat",9.6,,,मा.मंदिर,कुडाळ,15.3,06:35,07:10,sc,SUN,,,
107820,"Mauli Mandir To Kudal St Depot","Mauli Mandir","Kudal St Depot",,MO,6237,"Kudal St Depot",13.8,,,मा.मंदिर,कुडाळ,15.3,06:35,07:10,sc,SUN,,,
107820,"Mauli Mandir To Kudal St Depot","Mauli Mandir","Kudal St Depot",,MO,6240,"Kudal St Depot",15.3,,,मा.मंदिर,कुडाळ,15.3,06:35,07:10,sc,SUN,,,
107836,"Kerawade To Kudal St Depot",Kerawade,"Kudal St Depot",,MO,6273,Kerawade,,,,केरवडे,कुडाळ,12,17:10,17:40,,,,,
107836,"Kerawade To Kudal St Depot",Kerawade,"Kudal St Depot",,MO,6278,"Kerawade Fata",2.5,,,केरवडे,कुडाळ,12,17:10,17:40,,,,,
107836,"Kerawade To Kudal St Depot",Kerawade,"Kudal St Depot",,MO,6443,"Tulsuli Bhimnagar",2.8,,,केरवडे,कुडाळ,12,17:10,17:40,,,,,
107836,"Kerawade To Kudal St Depot",Kerawade,"Kudal St Depot",,MO,6444,"Tulsuli High School",3.7,,,केरवडे,कुडाळ,12,17:10,17:40,,,,,
107836,"Kerawade To Kudal St Depot",Kerawade,"Kudal St Depot",,MO,6438,"Tulsuli Mandkuli Fata",5.2,,,केरवडे,कुडाळ,12,17:10,17:40,,,,,
107836,"Kerawade To Kudal St Depot",Kerawade,"Kudal St Depot",,MO,6313,"Mulade Mandir",6,,,केरवडे,कुडाळ,12,17:10,17:40,,,,,
107836,"Kerawade To Kudal St Depot",Kerawade,"Kudal St Depot",,MO,6296,"Mulade Gpo",6.6,,,केरवडे,कुडाळ,12,17:10,17:40,,,,,
107836,"Kerawade To Kudal St Depot",Kerawade,"Kudal St Depot",,MO,6107,"Ambadpal G.P.O.",8.2,,,केरवडे,कुडाळ,12,17:10,17:40,,,,,
107836,"Kerawade To Kudal St Depot",Kerawade,"Kudal St Depot",,MO,6237,"Kudal St Depot",12,,,केरवडे,कुडाळ,12,17:10,17:40,,,,,
122649,"Kudal  To Chipi School Via Kawathi Ghodakewadi","Kudal St Depot","Chipi School","KAWATHI GHODAKEWADI",MO,6237,"Kudal St Depot",,,,कुडाळ,"चिपी शाळा",21.5,15:20,16:10,,,,,
122649,"Kudal  To Chipi School Via Kawathi Ghodakewadi","Kudal St Depot","Chipi School","KAWATHI GHODAKEWADI",MO,6351,"Nerur Jakat",5.5,,,कुडाळ,"चिपी शाळा",21.5,15:20,16:10,,,,,
122649,"Kudal  To Chipi School Via Kawathi Ghodakewadi","Kudal St Depot","Chipi School","KAWATHI GHODAKEWADI",MO,6348,"Nerur Post",6.9,,,कुडाळ,"चिपी शाळा",21.5,15:20,16:10,,,,,
122649,"Kudal  To Chipi School Via Kawathi Ghodakewadi","Kudal St Depot","Chipi School","KAWATHI GHODAKEWADI",MO,6333,"Nerur Chavhata",7.5,,,कुडाळ,"चिपी शाळा",21.5,15:20,16:10,,,,,
122649,"Kudal  To Chipi School Via Kawathi Ghodakewadi","Kudal St Depot","Chipi School","KAWATHI GHODAKEWADI",MO,6100,"Arkarcha Bridge",10.5,,,कुडाळ,"चिपी शाळा",21.5,15:20,16:10,,,,,
122649,"Kudal  To Chipi School Via Kawathi Ghodakewadi","Kudal St Depot","Chipi School","KAWATHI GHODAKEWADI",MO,6166,"Desai Bungalow",11.2,,,कुडाळ,"चिपी शाळा",21.5,15:20,16:10,,,,,
122649,"Kudal  To Chipi School Via Kawathi Ghodakewadi","Kudal St Depot","Chipi School","KAWATHI GHODAKEWADI",MO,6470,Walawal,12.4,,,कुडाळ,"चिपी शाळा",21.5,15:20,16:10,,,,,
122649,"Kudal  To Chipi School Via Kawathi Ghodakewadi","Kudal St Depot","Chipi School","KAWATHI GHODAKEWADI",MO,6328,Mathkarwadi,13.5,,,कुडाळ,"चिपी शाळा",21.5,15:20,16:10,,,,,
122649,"Kudal  To Chipi School Via Kawathi Ghodakewadi","Kudal St Depot","Chipi School","KAWATHI GHODAKEWADI",MO,6145,"Chendawan High School",15.7,,,कुडाळ,"चिपी शाळा",21.5,15:20,16:10,,,,,
122649,"Kudal  To Chipi School Via Kawathi Ghodakewadi","Kudal St Depot","Chipi School","KAWATHI GHODAKEWADI",MO,6146,"Chendawan Thumarewadi",16.1,,,कुडाळ,"चिपी शाळा",21.5,15:20,16:10,,,,,
122649,"Kudal  To Chipi School Via Kawathi Ghodakewadi","Kudal St Depot","Chipi School","KAWATHI GHODAKEWADI",MO,6120,"Bhandarwadi Kawathi",16.7,,,कुडाळ,"चिपी शाळा",21.5,15:20,16:10,,,,,
122649,"Kudal  To Chipi School Via Kawathi Ghodakewadi","Kudal St Depot","Chipi School","KAWATHI GHODAKEWADI",MO,6293,"Kawathi Ghodakewadi",17,,,कुडाळ,"चिपी शाळा",21.5,15:20,16:10,,,,,
122649,"Kudal  To Chipi School Via Kawathi Ghodakewadi","Kudal St Depot","Chipi School","KAWATHI GHODAKEWADI",MO,6184,"Gonkarwadi School",19.4,,,कुडाळ,"चिपी शाळा",21.5,15:20,16:10,,,,,
122649,"Kudal  To Chipi School Via Kawathi Ghodakewadi","Kudal St Depot","Chipi School","KAWATHI GHODAKEWADI",MO,9839,"Chipi Brahmin Mandir",21,,,कुडाळ,"चिपी शाळा",21.5,15:20,16:10,,,,,
122649,"Kudal  To Chipi School Via Kawathi Ghodakewadi","Kudal St Depot","Chipi School","KAWATHI GHODAKEWADI",MO,9624,"Chipi School",21.5,,,कुडाळ,"चिपी शाळा",21.5,15:20,16:10,,,,,
126123,"Kudal To Tiwarwadi","Kudal St Depot",Tiwarwadi,,MO,6237,"Kudal St Depot",,,,कुडाळ,"हिर्लाेक तिवरवाडी",25.8,18:00,18:55,,,"विश्रांती 14.00-15.20",,SCHOOL
126123,"Kudal To Tiwarwadi","Kudal St Depot",Tiwarwadi,,MO,6380,"Pawashi Panchayat",2.5,,,कुडाळ,"हिर्लाेक तिवरवाडी",25.8,18:00,18:55,,,"विश्रांती 14.00-15.20",,SCHOOL
126123,"Kudal To Tiwarwadi","Kudal St Depot",Tiwarwadi,,MO,88100,Vetalbambarde,6.4,,,कुडाळ,"हिर्लाेक तिवरवाडी",25.8,18:00,18:55,,,"विश्रांती 14.00-15.20",,SCHOOL
126123,"Kudal To Tiwarwadi","Kudal St Depot",Tiwarwadi,,MO,6365,Pandur,9,,,कुडाळ,"हिर्लाेक तिवरवाडी",25.8,18:00,18:55,,,"विश्रांती 14.00-15.20",,SCHOOL
126123,"Kudal To Tiwarwadi","Kudal St Depot",Tiwarwadi,,MO,6373,"Pandur Phc",10,,,कुडाळ,"हिर्लाेक तिवरवाडी",25.8,18:00,18:55,,,"विश्रांती 14.00-15.20",,SCHOOL
126123,"Kudal To Tiwarwadi","Kudal St Depot",Tiwarwadi,,MO,6150,"Chorgewadi Fata",11.5,,,कुडाळ,"हिर्लाेक तिवरवाडी",25.8,18:00,18:55,,,"विश्रांती 14.00-15.20",,SCHOOL
126123,"Kudal To Tiwarwadi","Kudal St Depot",Tiwarwadi,,MO,6315,"Mile Stone",12.2,,,कुडाळ,"हिर्लाेक तिवरवाडी",25.8,18:00,18:55,,,"विश्रांती 14.00-15.20",,SCHOOL
126123,"Kudal To Tiwarwadi","Kudal St Depot",Tiwarwadi,,MO,6383,"Patadewadi Vinanti",12.7,,,कुडाळ,"हिर्लाेक तिवरवाडी",25.8,18:00,18:55,,,"विश्रांती 14.00-15.20",,SCHOOL
126123,"Kudal To Tiwarwadi","Kudal St Depot",Tiwarwadi,,MO,6315,"Mile Stone",14.7,,,कुडाळ,"हिर्लाेक तिवरवाडी",25.8,18:00,18:55,,,"विश्रांती 14.00-15.20",,SCHOOL
126123,"Kudal To Tiwarwadi","Kudal St Depot",Tiwarwadi,,MO,6220,Jadhavwadi,14.8,,,कुडाळ,"हिर्लाेक तिवरवाडी",25.8,18:00,18:55,,,"विश्रांती 14.00-15.20",,SCHOOL
126123,"Kudal To Tiwarwadi","Kudal St Depot",Tiwarwadi,,MO,6201,"Hindewadi School",15.4,,,कुडाळ,"हिर्लाेक तिवरवाडी",25.8,18:00,18:55,,,"विश्रांती 14.00-15.20",,SCHOOL
126123,"Kudal To Tiwarwadi","Kudal St Depot",Tiwarwadi,,MO,6208,Hindewadi,16,,,कुडाळ,"हिर्लाेक तिवरवाडी",25.8,18:00,18:55,,,"विश्रांती 14.00-15.20",,SCHOOL
126123,"Kudal To Tiwarwadi","Kudal St Depot",Tiwarwadi,,MO,6209,"Hindewadi Fata",19,,,कुडाळ,"हिर्लाेक तिवरवाडी",25.8,18:00,18:55,,,"विश्रांती 14.00-15.20",,SCHOOL
126123,"Kudal To Tiwarwadi","Kudal St Depot",Tiwarwadi,,MO,6213,Hirlok,21.6,,,कुडाळ,"हिर्लाेक तिवरवाडी",25.8,18:00,18:55,,,"विश्रांती 14.00-15.20",,SCHOOL
126123,"Kudal To Tiwarwadi","Kudal St Depot",Tiwarwadi,,MO,6186,"Girgaon Ghadi Dukan",25.6,,,कुडाळ,"हिर्लाेक तिवरवाडी",25.8,18:00,18:55,,,"विश्रांती 14.00-15.20",,SCHOOL
126123,"Kudal To Tiwarwadi","Kudal St Depot",Tiwarwadi,,MO,6445,Tiwarwadi,25.8,,,कुडाळ,"हिर्लाेक तिवरवाडी",25.8,18:00,18:55,,,"विश्रांती 14.00-15.20",,SCHOOL
126165,"Kudal To Kankavli Via Awali","Kudal St Depot",Kankavli,AWALI,MO,6240,"Kudal St Depot",,,,"कुडाळ आगार",कणकवली,36.9,11:00,12:00,NoN,Daily,,,
126165,"Kudal To Kankavli Via Awali","Kudal St Depot",Kankavli,AWALI,MO,6237,"Kudal St Depot",1.5,,,"कुडाळ आगार",कणकवली,36.9,11:00,12:00,NoN,Daily,,,
126165,"Kudal To Kankavli Via Awali","Kudal St Depot",Kankavli,AWALI,MO,6380,"Pawashi Panchayat",4.2,,,"कुडाळ आगार",कणकवली,36.9,11:00,12:00,NoN,Daily,,,
126165,"Kudal To Kankavli Via Awali","Kudal St Depot",Kankavli,AWALI,MO,88100,Vetalbambarde,8,,,"कुडाळ आगार",कणकवली,36.9,11:00,12:00,NoN,Daily,,,
126165,"Kudal To Kankavli Via Awali","Kudal St Depot",Kankavli,AWALI,MO,6365,Pandur,9,,,"कुडाळ आगार",कणकवली,36.9,11:00,12:00,NoN,Daily,,,
126165,"Kudal To Kankavli Via Awali","Kudal St Depot",Kankavli,AWALI,MO,6204,"Humarmala Kasale Dukan",10.9,,,"कुडाळ आगार",कणकवली,36.9,11:00,12:00,NoN,Daily,,,
126165,"Kudal To Kankavli Via Awali","Kudal St Depot",Kankavli,AWALI,MO,6206,"Humarmala Rane Dukan",12.3,,,"कुडाळ आगार",कणकवली,36.9,11:00,12:00,NoN,Daily,,,
126165,"Kudal To Kankavli Via Awali","Kudal St Depot",Kankavli,AWALI,MO,6224,"Jijamata Hospital",13.7,,,"कुडाळ आगार",कणकवली,36.9,11:00,12:00,NoN,Daily,,,
126165,"Kudal To Kankavli Via Awali","Kudal St Depot",Kankavli,AWALI,MO,6362,"Oros Bus Stnad",15.1,,,"कुडाळ आगार",कणकवली,36.9,11:00,12:00,NoN,Daily,,,
126165,"Kudal To Kankavli Via Awali","Kudal St Depot",Kankavli,AWALI,MO,6116,Awali,18.6,,,"कुडाळ आगार",कणकवली,36.9,11:00,12:00,NoN,Daily,,,
126165,"Kudal To Kankavli Via Awali","Kudal St Depot",Kankavli,AWALI,MO,6282,"Kasal Balamwadi",19,,,"कुडाळ आगार",कणकवली,36.9,11:00,12:00,NoN,Daily,,,
126165,"Kudal To Kankavli Via Awali","Kudal St Depot",Kankavli,AWALI,MO,6281,Kasal,20.4,,,"कुडाळ आगार",कणकवली,36.9,11:00,12:00,NoN,Daily,,,
126165,"Kudal To Kankavli Via Awali","Kudal St Depot",Kankavli,AWALI,MO,2795,"Kasal Bridge Hiwale Fata",23.7,,,"कुडाळ आगार",कणकवली,36.9,11:00,12:00,NoN,Daily,,,
126165,"Kudal To Kankavli Via Awali","Kudal St Depot",Kankavli,AWALI,MO,2698,Dewoolwadi,24.2,,,"कुडाळ आगार",कणकवली,36.9,11:00,12:00,NoN,Daily,,,
126165,"Kudal To Kankavli Via Awali","Kudal St Depot",Kankavli,AWALI,MO,2890,"Osargaon Post",27.6,,,"कुडाळ आगार",कणकवली,36.9,11:00,12:00,NoN,Daily,,,
126165,"Kudal To Kankavli Via Awali","Kudal St Depot",Kankavli,AWALI,MO,2891,"Osargaon Talav",27.9,,,"कुडाळ आगार",कणकवली,36.9,11:00,12:00,NoN,Daily,,,
126165,"Kudal To Kankavli Via Awali","Kudal St Depot",Kankavli,AWALI,MO,2692,Dangalwadi,29.8,,,"कुडाळ आगार",कणकवली,36.9,11:00,12:00,NoN,Daily,,,
126165,"Kudal To Kankavli Via Awali","Kudal St Depot",Kankavli,AWALI,MO,3002,Wagde,31.7,,,"कुडाळ आगार",कणकवली,36.9,11:00,12:00,NoN,Daily,,,
126165,"Kudal To Kankavli Via Awali","Kudal St Depot",Kankavli,AWALI,MO,2786,Kankavli,36.9,,,"कुडाळ आगार",कणकवली,36.9,11:00,12:00,NoN,Daily,,,
129191,"Kudal  To Korjai Via Pat Titha","Kudal St Depot",Korjai,"PAT TITHA",MO,6237,"Kudal St Depot",,,,कुडाळ,कोरजाइर्,27.2,06:50,07:50,SC,SAT,,,
129191,"Kudal  To Korjai Via Pat Titha","Kudal St Depot",Korjai,"PAT TITHA",MO,6376,"Pinguli Titha",4.7,,,कुडाळ,कोरजाइर्,27.2,06:50,07:50,SC,SAT,,,
129191,"Kudal  To Korjai Via Pat Titha","Kudal St Depot",Korjai,"PAT TITHA",MO,6251,"Karmal Galu",7.6,,,कुडाळ,कोरजाइर्,27.2,06:50,07:50,SC,SAT,,,
129191,"Kudal  To Korjai Via Pat Titha","Kudal St Depot",Korjai,"PAT TITHA",MO,6298,Madyachiwadi,9.7,,,कुडाळ,कोरजाइर्,27.2,06:50,07:50,SC,SAT,,,
129191,"Kudal  To Korjai Via Pat Titha","Kudal St Depot",Korjai,"PAT TITHA",MO,6305,"Madyachiwadi Phanas",11.1,,,कुडाळ,कोरजाइर्,27.2,06:50,07:50,SC,SAT,,,
129191,"Kudal  To Korjai Via Pat Titha","Kudal St Depot",Korjai,"PAT TITHA",MO,6215,Humarmala,13.7,,,कुडाळ,कोरजाइर्,27.2,06:50,07:50,SC,SAT,,,
129191,"Kudal  To Korjai Via Pat Titha","Kudal St Depot",Korjai,"PAT TITHA",MO,6094,"Andurle Khind",14.4,,,कुडाळ,कोरजाइर्,27.2,06:50,07:50,SC,SAT,,,
129191,"Kudal  To Korjai Via Pat Titha","Kudal St Depot",Korjai,"PAT TITHA",MO,6377,"Pendurkar Dukan",16.3,,,कुडाळ,कोरजाइर्,27.2,06:50,07:50,SC,SAT,,,
129191,"Kudal  To Korjai Via Pat Titha","Kudal St Depot",Korjai,"PAT TITHA",MO,6384,"Pat Titha",17.6,,,कुडाळ,कोरजाइर्,27.2,06:50,07:50,SC,SAT,,,
129191,"Kudal  To Korjai Via Pat Titha","Kudal St Depot",Korjai,"PAT TITHA",MO,6382,"Pat Bandh Teli Dukan",18.4,,,कुडाळ,कोरजाइर्,27.2,06:50,07:50,SC,SAT,,,
129191,"Kudal  To Korjai Via Pat Titha","Kudal St Depot",Korjai,"PAT TITHA",MO,9590,"Ajarwadi P.H.C.",19.9,,,कुडाळ,कोरजाइर्,27.2,06:50,07:50,SC,SAT,,,
129191,"Kudal  To Korjai Via Pat Titha","Kudal St Depot",Korjai,"PAT TITHA",MO,9826,"Vetoba Mandir",20.8,,,कुडाळ,कोरजाइर्,27.2,06:50,07:50,SC,SAT,,,
129191,"Kudal  To Korjai Via Pat Titha","Kudal St Depot",Korjai,"PAT TITHA",MO,9612,"Bhagatwadi Mandir",22.1,,,कुडाळ,कोरजाइर्,27.2,06:50,07:50,SC,SAT,,,
129191,"Kudal  To Korjai Via Pat Titha","Kudal St Depot",Korjai,"PAT TITHA",MO,9587,"Adinarayan Mandir",22.7,,,कुडाळ,कोरजाइर्,27.2,06:50,07:50,SC,SAT,,,
129191,"Kudal  To Korjai Via Pat Titha","Kudal St Depot",Korjai,"PAT TITHA",MO,9750,Parule,23,,,कुडाळ,कोरजाइर्,27.2,06:50,07:50,SC,SAT,,,
129191,"Kudal  To Korjai Via Pat Titha","Kudal St Depot",Korjai,"PAT TITHA",MO,9667,"Karli Titha Amba",25.9,,,कुडाळ,कोरजाइर्,27.2,06:50,07:50,SC,SAT,,,
129191,"Kudal  To Korjai Via Pat Titha","Kudal St Depot",Korjai,"PAT TITHA",MO,6270,Korjai,27.2,,,कुडाळ,कोरजाइर्,27.2,06:50,07:50,SC,SAT,,,
129311,"Kudal To Korjai Via Karli","Kudal St Depot",Korjai,KARLI,MO,6237,"Kudal St Depot",,,,कुडाळ,कोरजाइर्,31.8,16:20,17:20,SC,"SAT  & sun",,,
129311,"Kudal To Korjai Via Karli","Kudal St Depot",Korjai,KARLI,MO,6376,"Pinguli Titha",3,,,कुडाळ,कोरजाइर्,31.8,16:20,17:20,SC,"SAT  & sun",,,
129311,"Kudal To Korjai Via Karli","Kudal St Depot",Korjai,KARLI,MO,6251,"Karmal Galu",6,,,कुडाळ,कोरजाइर्,31.8,16:20,17:20,SC,"SAT  & sun",,,
129311,"Kudal To Korjai Via Karli","Kudal St Depot",Korjai,KARLI,MO,6298,Madyachiwadi,8.1,,,कुडाळ,कोरजाइर्,31.8,16:20,17:20,SC,"SAT  & sun",,,
129311,"Kudal To Korjai Via Karli","Kudal St Depot",Korjai,KARLI,MO,6305,"Madyachiwadi Phanas",9,,,कुडाळ,कोरजाइर्,31.8,16:20,17:20,SC,"SAT  & sun",,,
129311,"Kudal To Korjai Via Karli","Kudal St Depot",Korjai,KARLI,MO,6215,Humarmala,12,,,कुडाळ,कोरजाइर्,31.8,16:20,17:20,SC,"SAT  & sun",,,
129311,"Kudal To Korjai Via Karli","Kudal St Depot",Korjai,KARLI,MO,6094,"Andurle Khind",13.5,,,कुडाळ,कोरजाइर्,31.8,16:20,17:20,SC,"SAT  & sun",,,
129311,"Kudal To Korjai Via Karli","Kudal St Depot",Korjai,KARLI,MO,6377,"Pendurkar Dukan",15,,,कुडाळ,कोरजाइर्,31.8,16:20,17:20,SC,"SAT  & sun",,,
129311,"Kudal To Korjai Via Karli","Kudal St Depot",Korjai,KARLI,MO,6384,"Pat Titha",16.5,,,कुडाळ,कोरजाइर्,31.8,16:20,17:20,SC,"SAT  & sun",,,
129311,"Kudal To Korjai Via Karli","Kudal St Depot",Korjai,KARLI,MO,6382,"Pat Bandh Teli Dukan",17.2,,,कुडाळ,कोरजाइर्,31.8,16:20,17:20,SC,"SAT  & sun",,,
129311,"Kudal To Korjai Via Karli","Kudal St Depot",Korjai,KARLI,MO,9590,"Ajarwadi P.H.C.",18,,,कुडाळ,कोरजाइर्,31.8,16:20,17:20,SC,"SAT  & sun",,,
129311,"Kudal To Korjai Via Karli","Kudal St Depot",Korjai,KARLI,MO,9826,"Vetoba Mandir",19,,,कुडाळ,कोरजाइर्,31.8,16:20,17:20,SC,"SAT  & sun",,,
129311,"Kudal To Korjai Via Karli","Kudal St Depot",Korjai,KARLI,MO,9612,"Bhagatwadi Mandir",21.1,,,कुडाळ,कोरजाइर्,31.8,16:20,17:20,SC,"SAT  & sun",,,
129311,"Kudal To Korjai Via Karli","Kudal St Depot",Korjai,KARLI,MO,9587,"Adinarayan Mandir",22,,,कुडाळ,कोरजाइर्,31.8,16:20,17:20,SC,"SAT  & sun",,,
129311,"Kudal To Korjai Via Karli","Kudal St Depot",Korjai,KARLI,MO,9750,Parule,23,,,कुडाळ,कोरजाइर्,31.8,16:20,17:20,SC,"SAT  & sun",,,
129311,"Kudal To Korjai Via Karli","Kudal St Depot",Korjai,KARLI,MO,9667,"Karli Titha Amba",24,,,कुडाळ,कोरजाइर्,31.8,16:20,17:20,SC,"SAT  & sun",,,
129311,"Kudal To Korjai Via Karli","Kudal St Depot",Korjai,KARLI,MO,9666,Karli,26.1,,,कुडाळ,कोरजाइर्,31.8,16:20,17:20,SC,"SAT  & sun",,,
129311,"Kudal To Korjai Via Karli","Kudal St Depot",Korjai,KARLI,MO,9667,"Karli Titha Amba",29.1,,,कुडाळ,कोरजाइर्,31.8,16:20,17:20,SC,"SAT  & sun",,,
129311,"Kudal To Korjai Via Karli","Kudal St Depot",Korjai,KARLI,MO,6270,Korjai,31.8,,,कुडाळ,कोरजाइर्,31.8,16:20,17:20,SC,"SAT  & sun",,,
107822,"Belgaum To Kudal St Depot",Belgaum,"Kudal St Depot",,MO,73214,Belgaum,,,,बेळगाव,"कुडाळ आगार",125,12:00,15:50,"Non Obl",Daily,,,
107822,"Belgaum To Kudal St Depot",Belgaum,"Kudal St Depot",,MO,73207,"Belgaum Rly. Stn.",6,,,बेळगाव,"कुडाळ आगार",125,12:00,15:50,"Non Obl",Daily,,,
107822,"Belgaum To Kudal St Depot",Belgaum,"Kudal St Depot",,MO,73212,Bogarves,9,,,बेळगाव,"कुडाळ आगार",125,12:00,15:50,"Non Obl",Daily,,,
107822,"Belgaum To Kudal St Depot",Belgaum,"Kudal St Depot",,MO,73513,Hindalga,17,,,बेळगाव,"कुडाळ आगार",125,12:00,15:50,"Non Obl",Daily,,,
107822,"Belgaum To Kudal St Depot",Belgaum,"Kudal St Depot",,MO,73192,"Bachi Krt Border",17.9,,,बेळगाव,"कुडाळ आगार",125,12:00,15:50,"Non Obl",Daily,,,
107822,"Belgaum To Kudal St Depot",Belgaum,"Kudal St Depot",,MO,24417,"Karnataka State Border",18,,,बेळगाव,"कुडाळ आगार",125,12:00,15:50,"Non Obl",Daily,,,
107822,"Belgaum To Kudal St Depot",Belgaum,"Kudal St Depot",,MO,25678,Shinoli,18.1,,,बेळगाव,"कुडाळ आगार",125,12:00,15:50,"Non Obl",Daily,,,
107822,"Belgaum To Kudal St Depot",Belgaum,"Kudal St Depot",,MO,24562,Kudremani,19.3,,,बेळगाव,"कुडाळ आगार",125,12:00,15:50,"Non Obl",Daily,,,
107822,"Belgaum To Kudal St Depot",Belgaum,"Kudal St Depot",,MO,25810,Tadshinhal,22.2,,,बेळगाव,"कुडाळ आगार",125,12:00,15:50,"Non Obl",Daily,,,
107822,"Belgaum To Kudal St Depot",Belgaum,"Kudal St Depot",,MO,25884,Turkewadi,22.6,,,बेळगाव,"कुडाळ आगार",125,12:00,15:50,"Non Obl",Daily,,,
107822,"Belgaum To Kudal St Depot",Belgaum,"Kudal St Depot",,MO,23605,Dholgarwadi,23,,,बेळगाव,"कुडाळ आगार",125,12:00,15:50,"Non Obl",Daily,,,
107822,"Belgaum To Kudal St Depot",Belgaum,"Kudal St Depot",,MO,26084,"Yashwant Nagar",24,,,बेळगाव,"कुडाळ आगार",125,12:00,15:50,"Non Obl",Daily,,,
107822,"Belgaum To Kudal St Depot",Belgaum,"Kudal St Depot",,MO,24515,Karve,24.2,,,बेळगाव,"कुडाळ आगार",125,12:00,15:50,"Non Obl",Daily,,,
107822,"Belgaum To Kudal St Depot",Belgaum,"Kudal St Depot",,MO,25133,"Patane Fata",25.2,,,बेळगाव,"कुडाळ आगार",125,12:00,15:50,"Non Obl",Daily,,,
107822,"Belgaum To Kudal St Depot",Belgaum,"Kudal St Depot",,MO,23937,"Halkarni Fata",27.1,,,बेळगाव,"कुडाळ आगार",125,12:00,15:50,"Non Obl",Daily,,,
107822,"Belgaum To Kudal St Depot",Belgaum,"Kudal St Depot",,MO,23500,Date,30.3,,,बेळगाव,"कुडाळ आगार",125,12:00,15:50,"Non Obl",Daily,,,
107822,"Belgaum To Kudal St Depot",Belgaum,"Kudal St Depot",,MO,23259,Belebhat,31.3,,,बेळगाव,"कुडाळ आगार",125,12:00,15:50,"Non Obl",Daily,,,
107822,"Belgaum To Kudal St Depot",Belgaum,"Kudal St Depot",,MO,24495,Koraj,36.1,,,बेळगाव,"कुडाळ आगार",125,12:00,15:50,"Non Obl",Daily,,,
107822,"Belgaum To Kudal St Depot",Belgaum,"Kudal St Depot",,MO,24951,Nagarwadi,36.2,,,बेळगाव,"कुडाळ आगार",125,12:00,15:50,"Non Obl",Daily,,,
107822,"Belgaum To Kudal St Depot",Belgaum,"Kudal St Depot",,MO,23443,"Chandgad Fata",40,,,बेळगाव,"कुडाळ आगार",125,12:00,15:50,"Non Obl",Daily,,,
107822,"Belgaum To Kudal St Depot",Belgaum,"Kudal St Depot",,MO,23971,Hindgaon,43,,,बेळगाव,"कुडाळ आगार",125,12:00,15:50,"Non Obl",Daily,,,
107822,"Belgaum To Kudal St Depot",Belgaum,"Kudal St Depot",,MO,24762,Mhalunge,45.2,,,बेळगाव,"कुडाळ आगार",125,12:00,15:50,"Non Obl",Daily,,,
107822,"Belgaum To Kudal St Depot",Belgaum,"Kudal St Depot",,MO,23326,"Birdi Kanur",49.1,,,बेळगाव,"कुडाळ आगार",125,12:00,15:50,"Non Obl",Daily,,,
107822,"Belgaum To Kudal St Depot",Belgaum,"Kudal St Depot",,MO,23361,"Bazar Kanur",51.7,,,बेळगाव,"कुडाळ आगार",125,12:00,15:50,"Non Obl",Daily,,,
107822,"Belgaum To Kudal St Depot",Belgaum,"Kudal St Depot",,MO,25484,Sadegudavade,54,,,बेळगाव,"कुडाळ आगार",125,12:00,15:50,"Non Obl",Daily,,,
107822,"Belgaum To Kudal St Depot",Belgaum,"Kudal St Depot",,MO,25219,Punarvasan,57.7,,,बेळगाव,"कुडाळ आगार",125,12:00,15:50,"Non Obl",Daily,,,
107822,"Belgaum To Kudal St Depot",Belgaum,"Kudal St Depot",,MO,8597,Nagartaskari,60.7,,,बेळगाव,"कुडाळ आगार",125,12:00,15:50,"Non Obl",Daily,,,
107822,"Belgaum To Kudal St Depot",Belgaum,"Kudal St Depot",,MO,8473,"Ajra Fata",62.6,,,बेळगाव,"कुडाळ आगार",125,12:00,15:50,"Non Obl",Daily,,,
107822,"Belgaum To Kudal St Depot",Belgaum,"Kudal St Depot",,MO,8582,Mulvanwadi,65.6,,,बेळगाव,"कुडाळ आगार",125,12:00,15:50,"Non Obl",Daily,,,
107822,"Belgaum To Kudal St Depot",Belgaum,"Kudal St Depot",,MO,8470,Amboli,69.1,,,बेळगाव,"कुडाळ आगार",125,12:00,15:50,"Non Obl",Daily,,,
107822,"Belgaum To Kudal St Depot",Belgaum,"Kudal St Depot",,MO,8493,"Choukul Fata",69.6,,,बेळगाव,"कुडाळ आगार",125,12:00,15:50,"Non Obl",Daily,,,
107822,"Belgaum To Kudal St Depot",Belgaum,"Kudal St Depot",,MO,8607,Nanapani,77.6,,,बेळगाव,"कुडाळ आगार",125,12:00,15:50,"Non Obl",Daily,,,
107822,"Belgaum To Kudal St Depot",Belgaum,"Kudal St Depot",,MO,8564,Kumbheshwar,83.6,,,बेळगाव,"कुडाळ आगार",125,12:00,15:50,"Non Obl",Daily,,,
107822,"Belgaum To Kudal St Depot",Belgaum,"Kudal St Depot",,MO,8510,Danoli,85.5,,,बेळगाव,"कुडाळ आगार",125,12:00,15:50,"Non Obl",Daily,,,
107822,"Belgaum To Kudal St Depot",Belgaum,"Kudal St Depot",,MO,8552,"Kalmbist Fata",87.2,,,बेळगाव,"कुडाळ आगार",125,12:00,15:50,"Non Obl",Daily,,,
107822,"Belgaum To Kudal St Depot",Belgaum,"Kudal St Depot",,MO,8496,"Dhawadaki Datta Mandir",88.1,,,बेळगाव,"कुडाळ आगार",125,12:00,15:50,"Non Obl",Daily,,,
107822,"Belgaum To Kudal St Depot",Belgaum,"Kudal St Depot",,MO,8569,"Madkhol Met",89.6,,,बेळगाव,"कुडाळ आगार",125,12:00,15:50,"Non Obl",Daily,,,
107822,"Belgaum To Kudal St Depot",Belgaum,"Kudal St Depot",,MO,8570,Madkhol,90.7,,,बेळगाव,"कुडाळ आगार",125,12:00,15:50,"Non Obl",Daily,,,
107822,"Belgaum To Kudal St Depot",Belgaum,"Kudal St Depot",,MO,8653,"Sapale Stop",92.7,,,बेळगाव,"कुडाळ आगार",125,12:00,15:50,"Non Obl",Daily,,,
107822,"Belgaum To Kudal St Depot",Belgaum,"Kudal St Depot",,MO,8488,"Burdi Pul",95.2,,,बेळगाव,"कुडाळ आगार",125,12:00,15:50,"Non Obl",Daily,,,
107822,"Belgaum To Kudal St Depot",Belgaum,"Kudal St Depot",,MO,8663,Sawantwadi,98.6,,,बेळगाव,"कुडाळ आगार",125,12:00,15:50,"Non Obl",Daily,,,
107822,"Belgaum To Kudal St Depot",Belgaum,"Kudal St Depot",,MO,8551,"Kolgaon Thita",102.3,,,बेळगाव,"कुडाळ आगार",125,12:00,15:50,"Non Obl",Daily,,,
107822,"Belgaum To Kudal St Depot",Belgaum,"Kudal St Depot",,MO,6101,Akeri,104.5,,,बेळगाव,"कुडाळ आगार",125,12:00,15:50,"Non Obl",Daily,,,
107822,"Belgaum To Kudal St Depot",Belgaum,"Kudal St Depot",,MO,6453,"Vengurle Fata",105.1,,,बेळगाव,"कुडाळ आगार",125,12:00,15:50,"Non Obl",Daily,,,
107822,"Belgaum To Kudal St Depot",Belgaum,"Kudal St Depot",,MO,6205,Humras,106.6,,,बेळगाव,"कुडाळ आगार",125,12:00,15:50,"Non Obl",Daily,,,
107822,"Belgaum To Kudal St Depot",Belgaum,"Kudal St Depot",,MO,6231,"Khan Mohalla",107.1,,,बेळगाव,"कुडाळ आगार",125,12:00,15:50,"Non Obl",Daily,,,
107822,"Belgaum To Kudal St Depot",Belgaum,"Kudal St Depot",,MO,6473,"Zarap Jambhal",108.6,,,बेळगाव,"कुडाळ आगार",125,12:00,15:50,"Non Obl",Daily,,,
107822,"Belgaum To Kudal St Depot",Belgaum,"Kudal St Depot",,MO,6474,"Zharap Titha",109.4,,,बेळगाव,"कुडाळ आगार",125,12:00,15:50,"Non Obl",Daily,,,
107822,"Belgaum To Kudal St Depot",Belgaum,"Kudal St Depot",,MO,6400,Salgaon,110.4,,,बेळगाव,"कुडाळ आगार",125,12:00,15:50,"Non Obl",Daily,,,
107822,"Belgaum To Kudal St Depot",Belgaum,"Kudal St Depot",,MO,6441,"Terse Bambarde Fata",112.4,,,बेळगाव,"कुडाळ आगार",125,12:00,15:50,"Non Obl",Daily,,,
107822,"Belgaum To Kudal St Depot",Belgaum,"Kudal St Depot",,MO,6322,"Mandkuli Fata",116.6,,,बेळगाव,"कुडाळ आगार",125,12:00,15:50,"Non Obl",Daily,,,
107822,"Belgaum To Kudal St Depot",Belgaum,"Kudal St Depot",,MO,6452,"Vinanti Stop",118.8,,,बेळगाव,"कुडाळ आगार",125,12:00,15:50,"Non Obl",Daily,,,
107822,"Belgaum To Kudal St Depot",Belgaum,"Kudal St Depot",,MO,6126,Bibavane,119.1,,,बेळगाव,"कुडाळ आगार",125,12:00,15:50,"Non Obl",Daily,,,
107822,"Belgaum To Kudal St Depot",Belgaum,"Kudal St Depot",,MO,6376,"Pinguli Titha",120.7,,,बेळगाव,"कुडाळ आगार",125,12:00,15:50,"Non Obl",Daily,,,
107822,"Belgaum To Kudal St Depot",Belgaum,"Kudal St Depot",,MO,6237,"Kudal St Depot",123.3,,,बेळगाव,"कुडाळ आगार",125,12:00,15:50,"Non Obl",Daily,,,
107822,"Belgaum To Kudal St Depot",Belgaum,"Kudal St Depot",,MO,6240,"Kudal St Depot",125,,,बेळगाव,"कुडाळ आगार",125,12:00,15:50,"Non Obl",Daily,,,
107832,"Vengurle To Kudal St Depot Via Math High School",Vengurle,"Kudal St Depot","MATH HIGH SCHOOL",MO,9824,Vengurle,,,,वोंगुर्ले,"कुडाळ आगार",25.2,09:30,10:30,SC,"SAT & SUN",,,
107832,"Vengurle To Kudal St Depot Via Math High School",Vengurle,"Kudal St Depot","MATH HIGH SCHOOL",MO,9765,"Rameshwar Mandir",0.8,,,वोंगुर्ले,"कुडाळ आगार",25.2,09:30,10:30,SC,"SAT & SUN",,,
107832,"Vengurle To Kudal St Depot Via Math High School",Vengurle,"Kudal St Depot","MATH HIGH SCHOOL",MO,9665,Kankewadi,6,,,वोंगुर्ले,"कुडाळ आगार",25.2,09:30,10:30,SC,"SAT & SUN",,,
107832,"Vengurle To Kudal St Depot Via Math High School",Vengurle,"Kudal St Depot","MATH HIGH SCHOOL",MO,9709,"Math High School",7,,,वोंगुर्ले,"कुडाळ आगार",25.2,09:30,10:30,SC,"SAT & SUN",,,
107832,"Vengurle To Kudal St Depot Via Math High School",Vengurle,"Kudal St Depot","MATH HIGH SCHOOL",MO,9620,"Bowalekar Wadi",8.8,,,वोंगुर्ले,"कुडाळ आगार",25.2,09:30,10:30,SC,"SAT & SUN",,,
107832,"Vengurle To Kudal St Depot Via Math High School",Vengurle,"Kudal St Depot","MATH HIGH SCHOOL",MO,6238,"Kudal Titha",10.2,,,वोंगुर्ले,"कुडाळ आगार",25.2,09:30,10:30,SC,"SAT & SUN",,,
107832,"Vengurle To Kudal St Depot Via Math High School",Vengurle,"Kudal St Depot","MATH HIGH SCHOOL",MO,6398,"Shambhu Bhavani",12.1,,,वोंगुर्ले,"कुडाळ आगार",25.2,09:30,10:30,SC,"SAT & SUN",,,
107832,"Vengurle To Kudal St Depot Via Math High School",Vengurle,"Kudal St Depot","MATH HIGH SCHOOL",MO,6458,"Vetore Titha",12.8,,,वोंगुर्ले,"कुडाळ आगार",25.2,09:30,10:30,SC,"SAT & SUN",,,
107832,"Vengurle To Kudal St Depot Via Math High School",Vengurle,"Kudal St Depot","MATH HIGH SCHOOL",MO,6457,"Vetore High School",13.6,,,वोंगुर्ले,"कुडाळ आगार",25.2,09:30,10:30,SC,"SAT & SUN",,,
107832,"Vengurle To Kudal St Depot Via Math High School",Vengurle,"Kudal St Depot","MATH HIGH SCHOOL",MO,6459,"Vetore Sub Stage",14.7,,,वोंगुर्ले,"कुडाळ आगार",25.2,09:30,10:30,SC,"SAT & SUN",,,
107832,"Vengurle To Kudal St Depot Via Math High School",Vengurle,"Kudal St Depot","MATH HIGH SCHOOL",MO,6461,Wadiwarawade,16.6,,,वोंगुर्ले,"कुडाळ आगार",25.2,09:30,10:30,SC,"SAT & SUN",,,
107832,"Vengurle To Kudal St Depot Via Math High School",Vengurle,"Kudal St Depot","MATH HIGH SCHOOL",MO,6423,Sativan,17.5,,,वोंगुर्ले,"कुडाळ आगार",25.2,09:30,10:30,SC,"SAT & SUN",,,
107832,"Vengurle To Kudal St Depot Via Math High School",Vengurle,"Kudal St Depot","MATH HIGH SCHOOL",MO,6376,"Pinguli Titha",20.9,,,वोंगुर्ले,"कुडाळ आगार",25.2,09:30,10:30,SC,"SAT & SUN",,,
107832,"Vengurle To Kudal St Depot Via Math High School",Vengurle,"Kudal St Depot","MATH HIGH SCHOOL",MO,6237,"Kudal St Depot",23.7,,,वोंगुर्ले,"कुडाळ आगार",25.2,09:30,10:30,SC,"SAT & SUN",,,
107832,"Vengurle To Kudal St Depot Via Math High School",Vengurle,"Kudal St Depot","MATH HIGH SCHOOL",MO,6240,"Kudal St Depot",25.2,,,वोंगुर्ले,"कुडाळ आगार",25.2,09:30,10:30,SC,"SAT & SUN",,,
126056,"Kudal St Depot To Anjiwade Via Mangaon","Kudal St Depot",Anjiwade,MANGAON,MO,6240,"Kudal St Depot",,,,"कुडाळ आगार",आंजिवडे,45,11:30,13:05,,,,,SCHOOL
126056,"Kudal St Depot To Anjiwade Via Mangaon","Kudal St Depot",Anjiwade,MANGAON,MO,6237,"Kudal St Depot",1.5,,,"कुडाळ आगार",आंजिवडे,45,11:30,13:05,,,,,SCHOOL
126056,"Kudal St Depot To Anjiwade Via Mangaon","Kudal St Depot",Anjiwade,MANGAON,MO,6302,"Modka Wad Pinguli",3,,,"कुडाळ आगार",आंजिवडे,45,11:30,13:05,,,,,SCHOOL
126056,"Kudal St Depot To Anjiwade Via Mangaon","Kudal St Depot",Anjiwade,MANGAON,MO,6376,"Pinguli Titha",4.6,,,"कुडाळ आगार",आंजिवडे,45,11:30,13:05,,,,,SCHOOL
126056,"Kudal St Depot To Anjiwade Via Mangaon","Kudal St Depot",Anjiwade,MANGAON,MO,6126,Bibavane,5.2,,,"कुडाळ आगार",आंजिवडे,45,11:30,13:05,,,,,SCHOOL
126056,"Kudal St Depot To Anjiwade Via Mangaon","Kudal St Depot",Anjiwade,MANGAON,MO,6315,"Mile Stone",5.4,,,"कुडाळ आगार",आंजिवडे,45,11:30,13:05,,,,,SCHOOL
126056,"Kudal St Depot To Anjiwade Via Mangaon","Kudal St Depot",Anjiwade,MANGAON,MO,6322,"Mandkuli Fata",5.7,,,"कुडाळ आगार",आंजिवडे,45,11:30,13:05,,,,,SCHOOL
126056,"Kudal St Depot To Anjiwade Via Mangaon","Kudal St Depot",Anjiwade,MANGAON,MO,6441,"Terse Bambarde Fata",6.9,,,"कुडाळ आगार",आंजिवडे,45,11:30,13:05,,,,,SCHOOL
126056,"Kudal St Depot To Anjiwade Via Mangaon","Kudal St Depot",Anjiwade,MANGAON,MO,6474,"Zharap Titha",9.9,,,"कुडाळ आगार",आंजिवडे,45,11:30,13:05,,,,,SCHOOL
126056,"Kudal St Depot To Anjiwade Via Mangaon","Kudal St Depot",Anjiwade,MANGAON,MO,6412,"Salgaon Harijanwadi",11.5,,,"कुडाळ आगार",आंजिवडे,45,11:30,13:05,,,,,SCHOOL
126056,"Kudal St Depot To Anjiwade Via Mangaon","Kudal St Depot",Anjiwade,MANGAON,MO,6386,"Power House",15,,,"कुडाळ आगार",आंजिवडे,45,11:30,13:05,,,,,SCHOOL
126056,"Kudal St Depot To Anjiwade Via Mangaon","Kudal St Depot",Anjiwade,MANGAON,MO,6323,"Mangaon Titha",15.3,,,"कुडाळ आगार",आंजिवडे,45,11:30,13:05,,,,,SCHOOL
126056,"Kudal St Depot To Anjiwade Via Mangaon","Kudal St Depot",Anjiwade,MANGAON,MO,6317,Mangaon,17.2,,,"कुडाळ आगार",आंजिवडे,45,11:30,13:05,,,,,SCHOOL
126056,"Kudal St Depot To Anjiwade Via Mangaon","Kudal St Depot",Anjiwade,MANGAON,MO,6319,"Mangaon Phc",18.9,,,"कुडाळ आगार",आंजिवडे,45,11:30,13:05,,,,,SCHOOL
126056,"Kudal St Depot To Anjiwade Via Mangaon","Kudal St Depot",Anjiwade,MANGAON,MO,6092,Amberi,19.6,,,"कुडाळ आगार",आंजिवडे,45,11:30,13:05,,,,,SCHOOL
126056,"Kudal St Depot To Anjiwade Via Mangaon","Kudal St Depot",Anjiwade,MANGAON,MO,6464,"Wados Bazar",23.7,,,"कुडाळ आगार",आंजिवडे,45,11:30,13:05,,,,,SCHOOL
126056,"Kudal St Depot To Anjiwade Via Mangaon","Kudal St Depot",Anjiwade,MANGAON,MO,6190,"Gothos Titha",24.6,,,"कुडाळ आगार",आंजिवडे,45,11:30,13:05,,,,,SCHOOL
126056,"Kudal St Depot To Anjiwade Via Mangaon","Kudal St Depot",Anjiwade,MANGAON,MO,6341,"Nileli Dairy",25.4,,,"कुडाळ आगार",आंजिवडे,45,11:30,13:05,,,,,SCHOOL
126056,"Kudal St Depot To Anjiwade Via Mangaon","Kudal St Depot",Anjiwade,MANGAON,MO,6344,"Nileli Nursery",26,,,"कुडाळ आगार",आंजिवडे,45,11:30,13:05,,,,,SCHOOL
126056,"Kudal St Depot To Anjiwade Via Mangaon","Kudal St Depot",Anjiwade,MANGAON,MO,88081,"Mahadevache Kerawade",28,,,"कुडाळ आगार",आंजिवडे,45,11:30,13:05,,,,,SCHOOL
126056,"Kudal St Depot To Anjiwade Via Mangaon","Kudal St Depot",Anjiwade,MANGAON,MO,6148,"Chafeli Nursery",30.7,,,"कुडाळ आगार",आंजिवडे,45,11:30,13:05,,,,,SCHOOL
126056,"Kudal St Depot To Anjiwade Via Mangaon","Kudal St Depot",Anjiwade,MANGAON,MO,6202,"Haldiche Nerur",32.6,,,"कुडाळ आगार",आंजिवडे,45,11:30,13:05,,,,,SCHOOL
126056,"Kudal St Depot To Anjiwade Via Mangaon","Kudal St Depot",Anjiwade,MANGAON,MO,6161,Dukanwad,33.3,,,"कुडाळ आगार",आंजिवडे,45,11:30,13:05,,,,,SCHOOL
126056,"Kudal St Depot To Anjiwade Via Mangaon","Kudal St Depot",Anjiwade,MANGAON,MO,6098,"Anjiwade Fata",34.1,,,"कुडाळ आगार",आंजिवडे,45,11:30,13:05,,,,,SCHOOL
126056,"Kudal St Depot To Anjiwade Via Mangaon","Kudal St Depot",Anjiwade,MANGAON,MO,6263,Kundanwadi,35,,,"कुडाळ आगार",आंजिवडे,45,11:30,13:05,,,,,SCHOOL
126056,"Kudal St Depot To Anjiwade Via Mangaon","Kudal St Depot",Anjiwade,MANGAON,MO,6452,"Vinanti Stop",36,,,"कुडाळ आगार",आंजिवडे,45,11:30,13:05,,,,,SCHOOL
126056,"Kudal St Depot To Anjiwade Via Mangaon","Kudal St Depot",Anjiwade,MANGAON,MO,6451,"Vasoli Ranewadi",37.5,,,"कुडाळ आगार",आंजिवडे,45,11:30,13:05,,,,,SCHOOL
126056,"Kudal St Depot To Anjiwade Via Mangaon","Kudal St Depot",Anjiwade,MANGAON,MO,6135,Bhakarwadi,38,,,"कुडाळ आगार",आंजिवडे,45,11:30,13:05,,,,,SCHOOL
126056,"Kudal St Depot To Anjiwade Via Mangaon","Kudal St Depot",Anjiwade,MANGAON,MO,6099,Anjiwade,45,,,"कुडाळ आगार",आंजिवडे,45,11:30,13:05,,,,,SCHOOL
146971,"Panjim To Pune Rly. Stn. Via Gaganbawda",Panjim,"Pune Rly. Stn.",GAGANBAWDA,MO,71935,Panjim,,,,पणजी,"( पुणे ) कुडाळ",82.1,13:40,15:45,"Non Obl",Daily,"विश्रांती 8.10-8.50",,
146971,"Panjim To Pune Rly. Stn. Via Gaganbawda",Panjim,"Pune Rly. Stn.",GAGANBAWDA,MO,71915,Mapusa,12,,,पणजी,"( पुणे ) कुडाळ",82.1,13:40,15:45,"Non Obl",Daily,"विश्रांती 8.10-8.50",,
146971,"Panjim To Pune Rly. Stn. Via Gaganbawda",Panjim,"Pune Rly. Stn.",GAGANBAWDA,MO,71886,Kasarwada,15,,,पणजी,"( पुणे ) कुडाळ",82.1,13:40,15:45,"Non Obl",Daily,"विश्रांती 8.10-8.50",,
146971,"Panjim To Pune Rly. Stn. Via Gaganbawda",Panjim,"Pune Rly. Stn.",GAGANBAWDA,MO,71890,Kolwal,20,,,पणजी,"( पुणे ) कुडाळ",82.1,13:40,15:45,"Non Obl",Daily,"विश्रांती 8.10-8.50",,
146971,"Panjim To Pune Rly. Stn. Via Gaganbawda",Panjim,"Pune Rly. Stn.",GAGANBAWDA,MO,71873,Dhargal,22,,,पणजी,"( पुणे ) कुडाळ",82.1,13:40,15:45,"Non Obl",Daily,"विश्रांती 8.10-8.50",,
146971,"Panjim To Pune Rly. Stn. Via Gaganbawda",Panjim,"Pune Rly. Stn.",GAGANBAWDA,MO,71904,Malapem,27,,,पणजी,"( पुणे ) कुडाळ",82.1,13:40,15:45,"Non Obl",Daily,"विश्रांती 8.10-8.50",,
146971,"Panjim To Pune Rly. Stn. Via Gaganbawda",Panjim,"Pune Rly. Stn.",GAGANBAWDA,MO,71937,Pernem,30,,,पणजी,"( पुणे ) कुडाळ",82.1,13:40,15:45,"Non Obl",Daily,"विश्रांती 8.10-8.50",,
146971,"Panjim To Pune Rly. Stn. Via Gaganbawda",Panjim,"Pune Rly. Stn.",GAGANBAWDA,MO,71922,Naibag,33,,,पणजी,"( पुणे ) कुडाळ",82.1,13:40,15:45,"Non Obl",Daily,"विश्रांती 8.10-8.50",,
146971,"Panjim To Pune Rly. Stn. Via Gaganbawda",Panjim,"Pune Rly. Stn.",GAGANBAWDA,MO,71936,Poraskadem,35,,,पणजी,"( पुणे ) कुडाळ",82.1,13:40,15:45,"Non Obl",Daily,"विश्रांती 8.10-8.50",,
146971,"Panjim To Pune Rly. Stn. Via Gaganbawda",Panjim,"Pune Rly. Stn.",GAGANBAWDA,MO,71958,Ugavem,38,,,पणजी,"( पुणे ) कुडाळ",82.1,13:40,15:45,"Non Obl",Daily,"विश्रांती 8.10-8.50",,
146971,"Panjim To Pune Rly. Stn. Via Gaganbawda",Panjim,"Pune Rly. Stn.",GAGANBAWDA,MO,71956,Torsem,40,,,पणजी,"( पुणे ) कुडाळ",82.1,13:40,15:45,"Non Obl",Daily,"विश्रांती 8.10-8.50",,
146971,"Panjim To Pune Rly. Stn. Via Gaganbawda",Panjim,"Pune Rly. Stn.",GAGANBAWDA,MO,71876,Galel,43,,,पणजी,"( पुणे ) कुडाळ",82.1,13:40,15:45,"Non Obl",Daily,"विश्रांती 8.10-8.50",,
146971,"Panjim To Pune Rly. Stn. Via Gaganbawda",Panjim,"Pune Rly. Stn.",GAGANBAWDA,MO,71926,Patradevi,43.9,,,पणजी,"( पुणे ) कुडाळ",82.1,13:40,15:45,"Non Obl",Daily,"विश्रांती 8.10-8.50",,
146971,"Panjim To Pune Rly. Stn. Via Gaganbawda",Panjim,"Pune Rly. Stn.",GAGANBAWDA,MO,8635,"Patradevi Goa Border",44,,,पणजी,"( पुणे ) कुडाळ",82.1,13:40,15:45,"Non Obl",Daily,"विश्रांती 8.10-8.50",,
146971,"Panjim To Pune Rly. Stn. Via Gaganbawda",Panjim,"Pune Rly. Stn.",GAGANBAWDA,MO,8486,Banda,46.7,,,पणजी,"( पुणे ) कुडाळ",82.1,13:40,15:45,"Non Obl",Daily,"विश्रांती 8.10-8.50",,
146971,"Panjim To Pune Rly. Stn. Via Gaganbawda",Panjim,"Pune Rly. Stn.",GAGANBAWDA,MO,8499,"Doba Shel",54.9,,,पणजी,"( पुणे ) कुडाळ",82.1,13:40,15:45,"Non Obl",Daily,"विश्रांती 8.10-8.50",,
146971,"Panjim To Pune Rly. Stn. Via Gaganbawda",Panjim,"Pune Rly. Stn.",GAGANBAWDA,MO,8578,"Majgaon Nala",56.1,,,पणजी,"( पुणे ) कुडाळ",82.1,13:40,15:45,"Non Obl",Daily,"विश्रांती 8.10-8.50",,
146971,"Panjim To Pune Rly. Stn. Via Gaganbawda",Panjim,"Pune Rly. Stn.",GAGANBAWDA,MO,8663,Sawantwadi,59.3,,,पणजी,"( पुणे ) कुडाळ",82.1,13:40,15:45,"Non Obl",Daily,"विश्रांती 8.10-8.50",,
146971,"Panjim To Pune Rly. Stn. Via Gaganbawda",Panjim,"Pune Rly. Stn.",GAGANBAWDA,MO,8551,"Kolgaon Thita",63,,,पणजी,"( पुणे ) कुडाळ",82.1,13:40,15:45,"Non Obl",Daily,"विश्रांती 8.10-8.50",,
146971,"Panjim To Pune Rly. Stn. Via Gaganbawda",Panjim,"Pune Rly. Stn.",GAGANBAWDA,MO,6101,Akeri,65.2,,,पणजी,"( पुणे ) कुडाळ",82.1,13:40,15:45,"Non Obl",Daily,"विश्रांती 8.10-8.50",,
146971,"Panjim To Pune Rly. Stn. Via Gaganbawda",Panjim,"Pune Rly. Stn.",GAGANBAWDA,MO,6231,"Khan Mohalla",67.8,,,पणजी,"( पुणे ) कुडाळ",82.1,13:40,15:45,"Non Obl",Daily,"विश्रांती 8.10-8.50",,
146971,"Panjim To Pune Rly. Stn. Via Gaganbawda",Panjim,"Pune Rly. Stn.",GAGANBAWDA,MO,6474,"Zharap Titha",70.5,,,पणजी,"( पुणे ) कुडाळ",82.1,13:40,15:45,"Non Obl",Daily,"विश्रांती 8.10-8.50",,
146971,"Panjim To Pune Rly. Stn. Via Gaganbawda",Panjim,"Pune Rly. Stn.",GAGANBAWDA,MO,6322,"Mandkuli Fata",72.8,,,पणजी,"( पुणे ) कुडाळ",82.1,13:40,15:45,"Non Obl",Daily,"विश्रांती 8.10-8.50",,
146971,"Panjim To Pune Rly. Stn. Via Gaganbawda",Panjim,"Pune Rly. Stn.",GAGANBAWDA,MO,6126,Bibavane,73.9,,,पणजी,"( पुणे ) कुडाळ",82.1,13:40,15:45,"Non Obl",Daily,"विश्रांती 8.10-8.50",,
146971,"Panjim To Pune Rly. Stn. Via Gaganbawda",Panjim,"Pune Rly. Stn.",GAGANBAWDA,MO,6302,"Modka Wad Pinguli",74.8,,,पणजी,"( पुणे ) कुडाळ",82.1,13:40,15:45,"Non Obl",Daily,"विश्रांती 8.10-8.50",,
146971,"Panjim To Pune Rly. Stn. Via Gaganbawda",Panjim,"Pune Rly. Stn.",GAGANBAWDA,MO,6237,"Kudal St Depot",82.1,,,पणजी,"( पुणे ) कुडाळ",82.1,13:40,15:45,"Non Obl",Daily,"विश्रांती 8.10-8.50",,
146971,"Panjim To Pune Rly. Stn. Via Gaganbawda",Panjim,"Pune Rly. Stn.",GAGANBAWDA,MO,6240,"Kudal St Depot",83.6,,,पणजी,"( पुणे ) कुडाळ",82.1,13:40,15:45,"Non Obl",Daily,"विश्रांती 8.10-8.50",,
146971,"Panjim To Pune Rly. Stn. Via Gaganbawda",Panjim,"Pune Rly. Stn.",GAGANBAWDA,MO,6380,"Pawashi Panchayat",85,,,पणजी,"( पुणे ) कुडाळ",82.1,13:40,15:45,"Non Obl",Daily,"विश्रांती 8.10-8.50",,
146971,"Panjim To Pune Rly. Stn. Via Gaganbawda",Panjim,"Pune Rly. Stn.",GAGANBAWDA,MO,88100,Vetalbambarde,86,,,पणजी,"( पुणे ) कुडाळ",82.1,13:40,15:45,"Non Obl",Daily,"विश्रांती 8.10-8.50",,
146971,"Panjim To Pune Rly. Stn. Via Gaganbawda",Panjim,"Pune Rly. Stn.",GAGANBAWDA,MO,6378,"Pandur Titha",87.5,,,पणजी,"( पुणे ) कुडाळ",82.1,13:40,15:45,"Non Obl",Daily,"विश्रांती 8.10-8.50",,
146971,"Panjim To Pune Rly. Stn. Via Gaganbawda",Panjim,"Pune Rly. Stn.",GAGANBAWDA,MO,6204,"Humarmala Kasale Dukan",90.8,,,पणजी,"( पुणे ) कुडाळ",82.1,13:40,15:45,"Non Obl",Daily,"विश्रांती 8.10-8.50",,
146971,"Panjim To Pune Rly. Stn. Via Gaganbawda",Panjim,"Pune Rly. Stn.",GAGANBAWDA,MO,6224,"Jijamata Hospital",91.5,,,पणजी,"( पुणे ) कुडाळ",82.1,13:40,15:45,"Non Obl",Daily,"विश्रांती 8.10-8.50",,
146971,"Panjim To Pune Rly. Stn. Via Gaganbawda",Panjim,"Pune Rly. Stn.",GAGANBAWDA,MO,6362,"Oros Bus Stnad",93.8,,,पणजी,"( पुणे ) कुडाळ",82.1,13:40,15:45,"Non Obl",Daily,"विश्रांती 8.10-8.50",,
146971,"Panjim To Pune Rly. Stn. Via Gaganbawda",Panjim,"Pune Rly. Stn.",GAGANBAWDA,MO,6226,"Jaitapkar Colany",95.2,,,पणजी,"( पुणे ) कुडाळ",82.1,13:40,15:45,"Non Obl",Daily,"विश्रांती 8.10-8.50",,
146971,"Panjim To Pune Rly. Stn. Via Gaganbawda",Panjim,"Pune Rly. Stn.",GAGANBAWDA,MO,6116,Awali,95.9,,,पणजी,"( पुणे ) कुडाळ",82.1,13:40,15:45,"Non Obl",Daily,"विश्रांती 8.10-8.50",,
146971,"Panjim To Pune Rly. Stn. Via Gaganbawda",Panjim,"Pune Rly. Stn.",GAGANBAWDA,MO,6281,Kasal,99.2,,,पणजी,"( पुणे ) कुडाळ",82.1,13:40,15:45,"Non Obl",Daily,"विश्रांती 8.10-8.50",,
146971,"Panjim To Pune Rly. Stn. Via Gaganbawda",Panjim,"Pune Rly. Stn.",GAGANBAWDA,MO,2889,"Osargaon Godaoon",102.2,,,पणजी,"( पुणे ) कुडाळ",82.1,13:40,15:45,"Non Obl",Daily,"विश्रांती 8.10-8.50",,
146971,"Panjim To Pune Rly. Stn. Via Gaganbawda",Panjim,"Pune Rly. Stn.",GAGANBAWDA,MO,2890,"Osargaon Post",103.5,,,पणजी,"( पुणे ) कुडाळ",82.1,13:40,15:45,"Non Obl",Daily,"विश्रांती 8.10-8.50",,
146971,"Panjim To Pune Rly. Stn. Via Gaganbawda",Panjim,"Pune Rly. Stn.",GAGANBAWDA,MO,2891,"Osargaon Talav",104.9,,,पणजी,"( पुणे ) कुडाळ",82.1,13:40,15:45,"Non Obl",Daily,"विश्रांती 8.10-8.50",,
146971,"Panjim To Pune Rly. Stn. Via Gaganbawda",Panjim,"Pune Rly. Stn.",GAGANBAWDA,MO,2692,Dangalwadi,108.4,,,पणजी,"( पुणे ) कुडाळ",82.1,13:40,15:45,"Non Obl",Daily,"विश्रांती 8.10-8.50",,
146971,"Panjim To Pune Rly. Stn. Via Gaganbawda",Panjim,"Pune Rly. Stn.",GAGANBAWDA,MO,3002,Wagde,111.4,,,पणजी,"( पुणे ) कुडाळ",82.1,13:40,15:45,"Non Obl",Daily,"विश्रांती 8.10-8.50",,
146971,"Panjim To Pune Rly. Stn. Via Gaganbawda",Panjim,"Pune Rly. Stn.",GAGANBAWDA,MO,2786,Kankavli,113.6,,,पणजी,"( पुणे ) कुडाळ",82.1,13:40,15:45,"Non Obl",Daily,"विश्रांती 8.10-8.50",,
146971,"Panjim To Pune Rly. Stn. Via Gaganbawda",Panjim,"Pune Rly. Stn.",GAGANBAWDA,MO,2768,"Janavali Gavthanwadi",117.4,,,पणजी,"( पुणे ) कुडाळ",82.1,13:40,15:45,"Non Obl",Daily,"विश्रांती 8.10-8.50",,
146971,"Panjim To Pune Rly. Stn. Via Gaganbawda",Panjim,"Pune Rly. Stn.",GAGANBAWDA,MO,2756,"Humrat Titha",121.7,,,पणजी,"( पुणे ) कुडाळ",82.1,13:40,15:45,"Non Obl",Daily,"विश्रांती 8.10-8.50",,
146971,"Panjim To Pune Rly. Stn. Via Gaganbawda",Panjim,"Pune Rly. Stn.",GAGANBAWDA,MO,2655,Belane,123.9,,,पणजी,"( पुणे ) कुडाळ",82.1,13:40,15:45,"Non Obl",Daily,"विश्रांती 8.10-8.50",,
146971,"Panjim To Pune Rly. Stn. Via Gaganbawda",Panjim,"Pune Rly. Stn.",GAGANBAWDA,MO,2870,"Nandgaon Datta Mandir",126.3,,,पणजी,"( पुणे ) कुडाळ",82.1,13:40,15:45,"Non Obl",Daily,"विश्रांती 8.10-8.50",,
146971,"Panjim To Pune Rly. Stn. Via Gaganbawda",Panjim,"Pune Rly. Stn.",GAGANBAWDA,MO,2871,"Nandgaon Fata",128.5,,,पणजी,"( पुणे ) कुडाळ",82.1,13:40,15:45,"Non Obl",Daily,"विश्रांती 8.10-8.50",,
146971,"Panjim To Pune Rly. Stn. Via Gaganbawda",Panjim,"Pune Rly. Stn.",GAGANBAWDA,MO,2872,"Nandgaon Nursary",129.8,,,पणजी,"( पुणे ) कुडाळ",82.1,13:40,15:45,"Non Obl",Daily,"विश्रांती 8.10-8.50",,
146971,"Panjim To Pune Rly. Stn. Via Gaganbawda",Panjim,"Pune Rly. Stn.",GAGANBAWDA,MO,2673,"Bramhan Wadi",133.6,,,पणजी,"( पुणे ) कुडाळ",82.1,13:40,15:45,"Non Obl",Daily,"विश्रांती 8.10-8.50",,
146971,"Panjim To Pune Rly. Stn. Via Gaganbawda",Panjim,"Pune Rly. Stn.",GAGANBAWDA,MO,2997,"Vijaydurg Fata",135.8,,,पणजी,"( पुणे ) कुडाळ",82.1,13:40,15:45,"Non Obl",Daily,"विश्रांती 8.10-8.50",,
146971,"Panjim To Pune Rly. Stn. Via Gaganbawda",Panjim,"Pune Rly. Stn.",GAGANBAWDA,MO,2982,Tarla,136.6,,,पणजी,"( पुणे ) कुडाळ",82.1,13:40,15:45,"Non Obl",Daily,"विश्रांती 8.10-8.50",,
146971,"Panjim To Pune Rly. Stn. Via Gaganbawda",Panjim,"Pune Rly. Stn.",GAGANBAWDA,MO,2796,"Kasarde Buddhawadi",139.8,,,पणजी,"( पुणे ) कुडाळ",82.1,13:40,15:45,"Non Obl",Daily,"विश्रांती 8.10-8.50",,
146971,"Panjim To Pune Rly. Stn. Via Gaganbawda",Panjim,"Pune Rly. Stn.",GAGANBAWDA,MO,9278,Tamhanarwadi,141.8,,,पणजी,"( पुणे ) कुडाळ",82.1,13:40,15:45,"Non Obl",Daily,"विश्रांती 8.10-8.50",,
146971,"Panjim To Pune Rly. Stn. Via Gaganbawda",Panjim,"Pune Rly. Stn.",GAGANBAWDA,MO,9213,"Kasale Wadi",145.8,,,पणजी,"( पुणे ) कुडाळ",82.1,13:40,15:45,"Non Obl",Daily,"विश्रांती 8.10-8.50",,
146971,"Panjim To Pune Rly. Stn. Via Gaganbawda",Panjim,"Pune Rly. Stn.",GAGANBAWDA,MO,9181,Bandhwadi,147.8,,,पणजी,"( पुणे ) कुडाळ",82.1,13:40,15:45,"Non Obl",Daily,"विश्रांती 8.10-8.50",,
146971,"Panjim To Pune Rly. Stn. Via Gaganbawda",Panjim,"Pune Rly. Stn.",GAGANBAWDA,MO,9291,Vaibhavwadi,150.8,,,पणजी,"( पुणे ) कुडाळ",82.1,13:40,15:45,"Non Obl",Daily,"विश्रांती 8.10-8.50",,
146971,"Panjim To Pune Rly. Stn. Via Gaganbawda",Panjim,"Pune Rly. Stn.",GAGANBAWDA,MO,9297,"Water Tank",153.8,,,पणजी,"( पुणे ) कुडाळ",82.1,13:40,15:45,"Non Obl",Daily,"विश्रांती 8.10-8.50",,
146971,"Panjim To Pune Rly. Stn. Via Gaganbawda",Panjim,"Pune Rly. Stn.",GAGANBAWDA,MO,9208,Jamadarwadi,156.8,,,पणजी,"( पुणे ) कुडाळ",82.1,13:40,15:45,"Non Obl",Daily,"विश्रांती 8.10-8.50",,
146971,"Panjim To Pune Rly. Stn. Via Gaganbawda",Panjim,"Pune Rly. Stn.",GAGANBAWDA,MO,9212,"Karul High School",158.3,,,पणजी,"( पुणे ) कुडाळ",82.1,13:40,15:45,"Non Obl",Daily,"विश्रांती 8.10-8.50",,
146971,"Panjim To Pune Rly. Stn. Via Gaganbawda",Panjim,"Pune Rly. Stn.",GAGANBAWDA,MO,9182,Bhattiwadi,159.8,,,पणजी,"( पुणे ) कुडाळ",82.1,13:40,15:45,"Non Obl",Daily,"विश्रांती 8.10-8.50",,
146971,"Panjim To Pune Rly. Stn. Via Gaganbawda",Panjim,"Pune Rly. Stn.",GAGANBAWDA,MO,23733,Gaganbawda,168.8,,,पणजी,"( पुणे ) कुडाळ",82.1,13:40,15:45,"Non Obl",Daily,"विश्रांती 8.10-8.50",,
146971,"Panjim To Pune Rly. Stn. Via Gaganbawda",Panjim,"Pune Rly. Stn.",GAGANBAWDA,MO,24105,Jambulnewadi,171.2,,,पणजी,"( पुणे ) कुडाळ",82.1,13:40,15:45,"Non Obl",Daily,"विश्रांती 8.10-8.50",,
146971,"Panjim To Pune Rly. Stn. Via Gaganbawda",Panjim,"Pune Rly. Stn.",GAGANBAWDA,MO,25662,"Sangshi Fata",173.2,,,पणजी,"( पुणे ) कुडाळ",82.1,13:40,15:45,"Non Obl",Daily,"विश्रांती 8.10-8.50",,
146971,"Panjim To Pune Rly. Stn. Via Gaganbawda",Panjim,"Pune Rly. Stn.",GAGANBAWDA,MO,25648,"Sangshi Canteen",175.2,,,पणजी,"( पुणे ) कुडाळ",82.1,13:40,15:45,"Non Obl",Daily,"विश्रांती 8.10-8.50",,
146971,"Panjim To Pune Rly. Stn. Via Gaganbawda",Panjim,"Pune Rly. Stn.",GAGANBAWDA,MO,25139,Pargavkarwadi,176,,,पणजी,"( पुणे ) कुडाळ",82.1,13:40,15:45,"Non Obl",Daily,"विश्रांती 8.10-8.50",,
146971,"Panjim To Pune Rly. Stn. Via Gaganbawda",Panjim,"Pune Rly. Stn.",GAGANBAWDA,MO,30324,"Asalaj Canteen",178.2,,,पणजी,"( पुणे ) कुडाळ",82.1,13:40,15:45,"Non Obl",Daily,"विश्रांती 8.10-8.50",,
146971,"Panjim To Pune Rly. Stn. Via Gaganbawda",Panjim,"Pune Rly. Stn.",GAGANBAWDA,MO,25155,"Padalwadi Fata",181.7,,,पणजी,"( पुणे ) कुडाळ",82.1,13:40,15:45,"Non Obl",Daily,"विश्रांती 8.10-8.50",,
146971,"Panjim To Pune Rly. Stn. Via Gaganbawda",Panjim,"Pune Rly. Stn.",GAGANBAWDA,MO,30326,"Andur Fata",184.9,,,पणजी,"( पुणे ) कुडाळ",82.1,13:40,15:45,"Non Obl",Daily,"विश्रांती 8.10-8.50",,
146971,"Panjim To Pune Rly. Stn. Via Gaganbawda",Panjim,"Pune Rly. Stn.",GAGANBAWDA,MO,24454,Khopadewadi,188.1,,,पणजी,"( पुणे ) कुडाळ",82.1,13:40,15:45,"Non Obl",Daily,"विश्रांती 8.10-8.50",,
146971,"Panjim To Pune Rly. Stn. Via Gaganbawda",Panjim,"Pune Rly. Stn.",GAGANBAWDA,MO,24894,Margaiwadi,190.6,,,पणजी,"( पुणे ) कुडाळ",82.1,13:40,15:45,"Non Obl",Daily,"विश्रांती 8.10-8.50",,
146971,"Panjim To Pune Rly. Stn. Via Gaganbawda",Panjim,"Pune Rly. Stn.",GAGANBAWDA,MO,25627,Salvan,193.4,,,पणजी,"( पुणे ) कुडाळ",82.1,13:40,15:45,"Non Obl",Daily,"विश्रांती 8.10-8.50",,
146971,"Panjim To Pune Rly. Stn. Via Gaganbawda",Panjim,"Pune Rly. Stn.",GAGANBAWDA,MO,26015,"Vetwade Fata",194.4,,,पणजी,"( पुणे ) कुडाळ",82.1,13:40,15:45,"Non Obl",Daily,"विश्रांती 8.10-8.50",,
146971,"Panjim To Pune Rly. Stn. Via Gaganbawda",Panjim,"Pune Rly. Stn.",GAGANBAWDA,MO,24332,Kirve,196.7,,,पणजी,"( पुणे ) कुडाळ",82.1,13:40,15:45,"Non Obl",Daily,"विश्रांती 8.10-8.50",,
146971,"Panjim To Pune Rly. Stn. Via Gaganbawda",Panjim,"Pune Rly. Stn.",GAGANBAWDA,MO,24616,Longhe,197.7,,,पणजी,"( पुणे ) कुडाळ",82.1,13:40,15:45,"Non Obl",Daily,"विश्रांती 8.10-8.50",,
146971,"Panjim To Pune Rly. Stn. Via Gaganbawda",Panjim,"Pune Rly. Stn.",GAGANBAWDA,MO,24941,Mutkeshwar,198.9,,,पणजी,"( पुणे ) कुडाळ",82.1,13:40,15:45,"Non Obl",Daily,"विश्रांती 8.10-8.50",,
146971,"Panjim To Pune Rly. Stn. Via Gaganbawda",Panjim,"Pune Rly. Stn.",GAGANBAWDA,MO,24361,"Kale Canteen",204,,,पणजी,"( पुणे ) कुडाळ",82.1,13:40,15:45,"Non Obl",Daily,"विश्रांती 8.10-8.50",,
146971,"Panjim To Pune Rly. Stn. Via Gaganbawda",Panjim,"Pune Rly. Stn.",GAGANBAWDA,MO,23390,Chinchvade,208.3,,,पणजी,"( पुणे ) कुडाळ",82.1,13:40,15:45,"Non Obl",Daily,"विश्रांती 8.10-8.50",,
146971,"Panjim To Pune Rly. Stn. Via Gaganbawda",Panjim,"Pune Rly. Stn.",GAGANBAWDA,MO,30585,Aadoor,210.8,,,पणजी,"( पुणे ) कुडाळ",82.1,13:40,15:45,"Non Obl",Daily,"विश्रांती 8.10-8.50",,
146971,"Panjim To Pune Rly. Stn. Via Gaganbawda",Panjim,"Pune Rly. Stn.",GAGANBAWDA,MO,24253,"Kuditre Factory",210.9,,,पणजी,"( पुणे ) कुडाळ",82.1,13:40,15:45,"Non Obl",Daily,"विश्रांती 8.10-8.50",,
146971,"Panjim To Pune Rly. Stn. Via Gaganbawda",Panjim,"Pune Rly. Stn.",GAGANBAWDA,MO,23598,Donawade,214.7,,,पणजी,"( पुणे ) कुडाळ",82.1,13:40,15:45,"Non Obl",Daily,"विश्रांती 8.10-8.50",,
146971,"Panjim To Pune Rly. Stn. Via Gaganbawda",Panjim,"Pune Rly. Stn.",GAGANBAWDA,MO,23133,Balinga,217.2,,,पणजी,"( पुणे ) कुडाळ",82.1,13:40,15:45,"Non Obl",Daily,"विश्रांती 8.10-8.50",,
146971,"Panjim To Pune Rly. Stn. Via Gaganbawda",Panjim,"Pune Rly. Stn.",GAGANBAWDA,MO,24309,Khandsari,218.2,,,पणजी,"( पुणे ) कुडाळ",82.1,13:40,15:45,"Non Obl",Daily,"विश्रांती 8.10-8.50",,
146971,"Panjim To Pune Rly. Stn. Via Gaganbawda",Panjim,"Pune Rly. Stn.",GAGANBAWDA,MO,23694,"Fulewadi Naka",220.2,,,पणजी,"( पुणे ) कुडाळ",82.1,13:40,15:45,"Non Obl",Daily,"विश्रांती 8.10-8.50",,
146971,"Panjim To Pune Rly. Stn. Via Gaganbawda",Panjim,"Pune Rly. Stn.",GAGANBAWDA,MO,25400,Rankala,220.5,,,पणजी,"( पुणे ) कुडाळ",82.1,13:40,15:45,"Non Obl",Daily,"विश्रांती 8.10-8.50",,
146971,"Panjim To Pune Rly. Stn. Via Gaganbawda",Panjim,"Pune Rly. Stn.",GAGANBAWDA,MO,23625,"Dasara Chwok",223.1,,,पणजी,"( पुणे ) कुडाळ",82.1,13:40,15:45,"Non Obl",Daily,"विश्रांती 8.10-8.50",,
146971,"Panjim To Pune Rly. Stn. Via Gaganbawda",Panjim,"Pune Rly. Stn.",GAGANBAWDA,MO,24359,Kolhapur,225.2,,,पणजी,"( पुणे ) कुडाळ",82.1,13:40,15:45,"Non Obl",Daily,"विश्रांती 8.10-8.50",,
146971,"Panjim To Pune Rly. Stn. Via Gaganbawda",Panjim,"Pune Rly. Stn.",GAGANBAWDA,MO,24904,"Market Yard",228.2,,,पणजी,"( पुणे ) कुडाळ",82.1,13:40,15:45,"Non Obl",Daily,"विश्रांती 8.10-8.50",,
146971,"Panjim To Pune Rly. Stn. Via Gaganbawda",Panjim,"Pune Rly. Stn.",GAGANBAWDA,MO,25438,"Sangli Fata",230.9,,,पणजी,"( पुणे ) कुडाळ",82.1,13:40,15:45,"Non Obl",Daily,"विश्रांती 8.10-8.50",,
146971,"Panjim To Pune Rly. Stn. Via Gaganbawda",Panjim,"Pune Rly. Stn.",GAGANBAWDA,MO,25575,"Shiye Fata",237.2,,,पणजी,"( पुणे ) कुडाळ",82.1,13:40,15:45,"Non Obl",Daily,"विश्रांती 8.10-8.50",,
146971,"Panjim To Pune Rly. Stn. Via Gaganbawda",Panjim,"Pune Rly. Stn.",GAGANBAWDA,MO,26070,Wathar,251.2,,,पणजी,"( पुणे ) कुडाळ",82.1,13:40,15:45,"Non Obl",Daily,"विश्रांती 8.10-8.50",,
146971,"Panjim To Pune Rly. Stn. Via Gaganbawda",Panjim,"Pune Rly. Stn.",GAGANBAWDA,MO,24328,Kini,252.3,,,पणजी,"( पुणे ) कुडाळ",82.1,13:40,15:45,"Non Obl",Daily,"विश्रांती 8.10-8.50",,
146971,"Panjim To Pune Rly. Stn. Via Gaganbawda",Panjim,"Pune Rly. Stn.",GAGANBAWDA,MO,23852,"Ghunki Fata",256.2,,,पणजी,"( पुणे ) कुडाळ",82.1,13:40,15:45,"Non Obl",Daily,"विश्रांती 8.10-8.50",,
146971,"Panjim To Pune Rly. Stn. Via Gaganbawda",Panjim,"Pune Rly. Stn.",GAGANBAWDA,MO,35651,Tandalwadi,269.2,,,पणजी,"( पुणे ) कुडाळ",82.1,13:40,15:45,"Non Obl",Daily,"विश्रांती 8.10-8.50",,
146971,"Panjim To Pune Rly. Stn. Via Gaganbawda",Panjim,"Pune Rly. Stn.",GAGANBAWDA,MO,35490,Kameri,270.9,,,पणजी,"( पुणे ) कुडाळ",82.1,13:40,15:45,"Non Obl",Daily,"विश्रांती 8.10-8.50",,
146971,"Panjim To Pune Rly. Stn. Via Gaganbawda",Panjim,"Pune Rly. Stn.",GAGANBAWDA,MO,35595,Pehtnaka,276.2,,,पणजी,"( पुणे ) कुडाळ",82.1,13:40,15:45,"Non Obl",Daily,"विश्रांती 8.10-8.50",,
146971,"Panjim To Pune Rly. Stn. Via Gaganbawda",Panjim,"Pune Rly. Stn.",GAGANBAWDA,MO,35572,Narle,279.2,,,पणजी,"( पुणे ) कुडाळ",82.1,13:40,15:45,"Non Obl",Daily,"विश्रांती 8.10-8.50",,
146971,"Panjim To Pune Rly. Stn. Via Gaganbawda",Panjim,"Pune Rly. Stn.",GAGANBAWDA,MO,35496,Kasegaon,285.2,,,पणजी,"( पुणे ) कुडाळ",82.1,13:40,15:45,"Non Obl",Daily,"विश्रांती 8.10-8.50",,
146971,"Panjim To Pune Rly. Stn. Via Gaganbawda",Panjim,"Pune Rly. Stn.",GAGANBAWDA,MO,28216,Malkhed,288.2,,,पणजी,"( पुणे ) कुडाळ",82.1,13:40,15:45,"Non Obl",Daily,"विश्रांती 8.10-8.50",,
146971,"Panjim To Pune Rly. Stn. Via Gaganbawda",Panjim,"Pune Rly. Stn.",GAGANBAWDA,MO,28170,Kalawde,289.6,,,पणजी,"( पुणे ) कुडाळ",82.1,13:40,15:45,"Non Obl",Daily,"विश्रांती 8.10-8.50",,
146971,"Panjim To Pune Rly. Stn. Via Gaganbawda",Panjim,"Pune Rly. Stn.",GAGANBAWDA,MO,28234,Nandlapur,291.2,,,पणजी,"( पुणे ) कुडाळ",82.1,13:40,15:45,"Non Obl",Daily,"विश्रांती 8.10-8.50",,
146971,"Panjim To Pune Rly. Stn. Via Gaganbawda",Panjim,"Pune Rly. Stn.",GAGANBAWDA,MO,28197,"Krushna Hospital",294.2,,,पणजी,"( पुणे ) कुडाळ",82.1,13:40,15:45,"Non Obl",Daily,"विश्रांती 8.10-8.50",,
146971,"Panjim To Pune Rly. Stn. Via Gaganbawda",Panjim,"Pune Rly. Stn.",GAGANBAWDA,MO,28184,Karad,297.2,,,पणजी,"( पुणे ) कुडाळ",82.1,13:40,15:45,"Non Obl",Daily,"विश्रांती 8.10-8.50",,
146971,"Panjim To Pune Rly. Stn. Via Gaganbawda",Panjim,"Pune Rly. Stn.",GAGANBAWDA,MO,28347,Vanvasmachi,303.2,,,पणजी,"( पुणे ) कुडाळ",82.1,13:40,15:45,"Non Obl",Daily,"विश्रांती 8.10-8.50",,
146971,"Panjim To Pune Rly. Stn. Via Gaganbawda",Panjim,"Pune Rly. Stn.",GAGANBAWDA,MO,28343,Vahagaon,306.3,,,पणजी,"( पुणे ) कुडाळ",82.1,13:40,15:45,"Non Obl",Daily,"विश्रांती 8.10-8.50",,
146971,"Panjim To Pune Rly. Stn. Via Gaganbawda",Panjim,"Pune Rly. Stn.",GAGANBAWDA,MO,28337,Tasawade,310.3,,,पणजी,"( पुणे ) कुडाळ",82.1,13:40,15:45,"Non Obl",Daily,"विश्रांती 8.10-8.50",,
146971,"Panjim To Pune Rly. Stn. Via Gaganbawda",Panjim,"Pune Rly. Stn.",GAGANBAWDA,MO,28340,Umbraj,315.3,,,पणजी,"( पुणे ) कुडाळ",82.1,13:40,15:45,"Non Obl",Daily,"विश्रांती 8.10-8.50",,
146971,"Panjim To Pune Rly. Stn. Via Gaganbawda",Panjim,"Pune Rly. Stn.",GAGANBAWDA,MO,28256,"Perle Fata",321.3,,,पणजी,"( पुणे ) कुडाळ",82.1,13:40,15:45,"Non Obl",Daily,"विश्रांती 8.10-8.50",,
146971,"Panjim To Pune Rly. Stn. Via Gaganbawda",Panjim,"Pune Rly. Stn.",GAGANBAWDA,MO,31099,Kashil,323.9,,,पणजी,"( पुणे ) कुडाळ",82.1,13:40,15:45,"Non Obl",Daily,"विश्रांती 8.10-8.50",,
146971,"Panjim To Pune Rly. Stn. Via Gaganbawda",Panjim,"Pune Rly. Stn.",GAGANBAWDA,MO,30896,Atit,329.2,,,पणजी,"( पुणे ) कुडाळ",82.1,13:40,15:45,"Non Obl",Daily,"विश्रांती 8.10-8.50",,
146971,"Panjim To Pune Rly. Stn. Via Gaganbawda",Panjim,"Pune Rly. Stn.",GAGANBAWDA,MO,31174,Nagthane,334,,,पणजी,"( पुणे ) कुडाळ",82.1,13:40,15:45,"Non Obl",Daily,"विश्रांती 8.10-8.50",,
146971,"Panjim To Pune Rly. Stn. Via Gaganbawda",Panjim,"Pune Rly. Stn.",GAGANBAWDA,MO,30923,Borgaon,338.6,,,पणजी,"( पुणे ) कुडाळ",82.1,13:40,15:45,"Non Obl",Daily,"विश्रांती 8.10-8.50",,
146971,"Panjim To Pune Rly. Stn. Via Gaganbawda",Panjim,"Pune Rly. Stn.",GAGANBAWDA,MO,31269,Shendre,343.9,,,पणजी,"( पुणे ) कुडाळ",82.1,13:40,15:45,"Non Obl",Daily,"विश्रांती 8.10-8.50",,
146971,"Panjim To Pune Rly. Stn. Via Gaganbawda",Panjim,"Pune Rly. Stn.",GAGANBAWDA,MO,31066,Khindwadi,346.9,,,पणजी,"( पुणे ) कुडाळ",82.1,13:40,15:45,"Non Obl",Daily,"विश्रांती 8.10-8.50",,
146971,"Panjim To Pune Rly. Stn. Via Gaganbawda",Panjim,"Pune Rly. Stn.",GAGANBAWDA,MO,31298,Satara,352.9,,,पणजी,"( पुणे ) कुडाळ",82.1,13:40,15:45,"Non Obl",Daily,"विश्रांती 8.10-8.50",,
146971,"Panjim To Pune Rly. Stn. Via Gaganbawda",Panjim,"Pune Rly. Stn.",GAGANBAWDA,MO,31246,"Ramnagar Vasahat",358.9,,,पणजी,"( पुणे ) कुडाळ",82.1,13:40,15:45,"Non Obl",Daily,"विश्रांती 8.10-8.50",,
146971,"Panjim To Pune Rly. Stn. Via Gaganbawda",Panjim,"Pune Rly. Stn.",GAGANBAWDA,MO,34529,Raygaon,364.9,,,पणजी,"( पुणे ) कुडाळ",82.1,13:40,15:45,"Non Obl",Daily,"विश्रांती 8.10-8.50",,
146971,"Panjim To Pune Rly. Stn. Via Gaganbawda",Panjim,"Pune Rly. Stn.",GAGANBAWDA,MO,33460,Bhuinj,375.1,,,पणजी,"( पुणे ) कुडाळ",82.1,13:40,15:45,"Non Obl",Daily,"विश्रांती 8.10-8.50",,
146971,"Panjim To Pune Rly. Stn. Via Gaganbawda",Panjim,"Pune Rly. Stn.",GAGANBAWDA,MO,34386,Anewadi,378.6,,,पणजी,"( पुणे ) कुडाळ",82.1,13:40,15:45,"Non Obl",Daily,"विश्रांती 8.10-8.50",,
146971,"Panjim To Pune Rly. Stn. Via Gaganbawda",Panjim,"Pune Rly. Stn.",GAGANBAWDA,MO,33521,Kavathe,380.9,,,पणजी,"( पुणे ) कुडाळ",82.1,13:40,15:45,"Non Obl",Daily,"विश्रांती 8.10-8.50",,
146971,"Panjim To Pune Rly. Stn. Via Gaganbawda",Panjim,"Pune Rly. Stn.",GAGANBAWDA,MO,33588,"Surur Fata",385.1,,,पणजी,"( पुणे ) कुडाळ",82.1,13:40,15:45,"Non Obl",Daily,"विश्रांती 8.10-8.50",,
146971,"Panjim To Pune Rly. Stn. Via Gaganbawda",Panjim,"Pune Rly. Stn.",GAGANBAWDA,MO,29233,"Pargaon Khandala",398.5,,,पणजी,"( पुणे ) कुडाळ",82.1,13:40,15:45,"Non Obl",Daily,"विश्रांती 8.10-8.50",,
146971,"Panjim To Pune Rly. Stn. Via Gaganbawda",Panjim,"Pune Rly. Stn.",GAGANBAWDA,MO,29190,"Kesurdi Fata",403.9,,,पणजी,"( पुणे ) कुडाळ",82.1,13:40,15:45,"Non Obl",Daily,"विश्रांती 8.10-8.50",,
146971,"Panjim To Pune Rly. Stn. Via Gaganbawda",Panjim,"Pune Rly. Stn.",GAGANBAWDA,MO,29255,Shirwal,408.9,,,पणजी,"( पुणे ) कुडाळ",82.1,13:40,15:45,"Non Obl",Daily,"विश्रांती 8.10-8.50",,
146971,"Panjim To Pune Rly. Stn. Via Gaganbawda",Panjim,"Pune Rly. Stn.",GAGANBAWDA,MO,29254,"Shinde Wadi Fata",412.8,,,पणजी,"( पुणे ) कुडाळ",82.1,13:40,15:45,"Non Obl",Daily,"विश्रांती 8.10-8.50",,
146971,"Panjim To Pune Rly. Stn. Via Gaganbawda",Panjim,"Pune Rly. Stn.",GAGANBAWDA,MO,29196,Kikavi,417.2,,,पणजी,"( पुणे ) कुडाळ",82.1,13:40,15:45,"Non Obl",Daily,"विश्रांती 8.10-8.50",,
146971,"Panjim To Pune Rly. Stn. Via Gaganbawda",Panjim,"Pune Rly. Stn.",GAGANBAWDA,MO,29207,"Kalubai Temple",430.1,,,पणजी,"( पुणे ) कुडाळ",82.1,13:40,15:45,"Non Obl",Daily,"विश्रांती 8.10-8.50",,
146971,"Panjim To Pune Rly. Stn. Via Gaganbawda",Panjim,"Pune Rly. Stn.",GAGANBAWDA,MO,6696,Shivare,436.4,,,पणजी,"( पुणे ) कुडाळ",82.1,13:40,15:45,"Non Obl",Daily,"विश्रांती 8.10-8.50",,
146971,"Panjim To Pune Rly. Stn. Via Gaganbawda",Panjim,"Pune Rly. Stn.",GAGANBAWDA,MO,8794,Gogalwadi,441.3,,,पणजी,"( पुणे ) कुडाळ",82.1,13:40,15:45,"Non Obl",Daily,"विश्रांती 8.10-8.50",,
146971,"Panjim To Pune Rly. Stn. Via Gaganbawda",Panjim,"Pune Rly. Stn.",GAGANBAWDA,MO,8934,"Swargate, Pune",456,,,पणजी,"( पुणे ) कुडाळ",82.1,13:40,15:45,"Non Obl",Daily,"विश्रांती 8.10-8.50",,
146971,"Panjim To Pune Rly. Stn. Via Gaganbawda",Panjim,"Pune Rly. Stn.",GAGANBAWDA,MO,8888,"Pune Rly. Stn.",473.5,,,पणजी,"( पुणे ) कुडाळ",82.1,13:40,15:45,"Non Obl",Daily,"विश्रांती 8.10-8.50",,
10676,"Kudal To Belgaum","Kudal St Depot",Belgaum,,MO,6240,"Kudal St Depot",,,,"कुडाळ आगार",बेळगाव,125,07:30,11:20,"Non Obl",Daily,"विश्रांती 15.50-17.00",,
10676,"Kudal To Belgaum","Kudal St Depot",Belgaum,,MO,6237,"Kudal St Depot",1.5,,,"कुडाळ आगार",बेळगाव,125,07:30,11:20,"Non Obl",Daily,"विश्रांती 15.50-17.00",,
10676,"Kudal To Belgaum","Kudal St Depot",Belgaum,,MO,6302,"Modka Wad Pinguli",4.5,,,"कुडाळ आगार",बेळगाव,125,07:30,11:20,"Non Obl",Daily,"विश्रांती 15.50-17.00",,
10676,"Kudal To Belgaum","Kudal St Depot",Belgaum,,MO,6376,"Pinguli Titha",6.1,,,"कुडाळ आगार",बेळगाव,125,07:30,11:20,"Non Obl",Daily,"विश्रांती 15.50-17.00",,
10676,"Kudal To Belgaum","Kudal St Depot",Belgaum,,MO,6126,Bibavane,6.7,,,"कुडाळ आगार",बेळगाव,125,07:30,11:20,"Non Obl",Daily,"विश्रांती 15.50-17.00",,
10676,"Kudal To Belgaum","Kudal St Depot",Belgaum,,MO,6452,"Vinanti Stop",7,,,"कुडाळ आगार",बेळगाव,125,07:30,11:20,"Non Obl",Daily,"विश्रांती 15.50-17.00",,
10676,"Kudal To Belgaum","Kudal St Depot",Belgaum,,MO,6322,"Mandkuli Fata",7.2,,,"कुडाळ आगार",बेळगाव,125,07:30,11:20,"Non Obl",Daily,"विश्रांती 15.50-17.00",,
10676,"Kudal To Belgaum","Kudal St Depot",Belgaum,,MO,6441,"Terse Bambarde Fata",8.4,,,"कुडाळ आगार",बेळगाव,125,07:30,11:20,"Non Obl",Daily,"विश्रांती 15.50-17.00",,
10676,"Kudal To Belgaum","Kudal St Depot",Belgaum,,MO,6400,Salgaon,10.4,,,"कुडाळ आगार",बेळगाव,125,07:30,11:20,"Non Obl",Daily,"विश्रांती 15.50-17.00",,
10676,"Kudal To Belgaum","Kudal St Depot",Belgaum,,MO,6474,"Zharap Titha",11.4,,,"कुडाळ आगार",बेळगाव,125,07:30,11:20,"Non Obl",Daily,"विश्रांती 15.50-17.00",,
10676,"Kudal To Belgaum","Kudal St Depot",Belgaum,,MO,6473,"Zarap Jambhal",13,,,"कुडाळ आगार",बेळगाव,125,07:30,11:20,"Non Obl",Daily,"विश्रांती 15.50-17.00",,
10676,"Kudal To Belgaum","Kudal St Depot",Belgaum,,MO,6231,"Khan Mohalla",14,,,"कुडाळ आगार",बेळगाव,125,07:30,11:20,"Non Obl",Daily,"विश्रांती 15.50-17.00",,
10676,"Kudal To Belgaum","Kudal St Depot",Belgaum,,MO,6205,Humras,15.7,,,"कुडाळ आगार",बेळगाव,125,07:30,11:20,"Non Obl",Daily,"विश्रांती 15.50-17.00",,
10676,"Kudal To Belgaum","Kudal St Depot",Belgaum,,MO,6453,"Vengurle Fata",15.8,,,"कुडाळ आगार",बेळगाव,125,07:30,11:20,"Non Obl",Daily,"विश्रांती 15.50-17.00",,
10676,"Kudal To Belgaum","Kudal St Depot",Belgaum,,MO,6101,Akeri,16.3,,,"कुडाळ आगार",बेळगाव,125,07:30,11:20,"Non Obl",Daily,"विश्रांती 15.50-17.00",,
10676,"Kudal To Belgaum","Kudal St Depot",Belgaum,,MO,8551,"Kolgaon Thita",18.5,,,"कुडाळ आगार",बेळगाव,125,07:30,11:20,"Non Obl",Daily,"विश्रांती 15.50-17.00",,
10676,"Kudal To Belgaum","Kudal St Depot",Belgaum,,MO,8663,Sawantwadi,22.2,,,"कुडाळ आगार",बेळगाव,125,07:30,11:20,"Non Obl",Daily,"विश्रांती 15.50-17.00",,
10676,"Kudal To Belgaum","Kudal St Depot",Belgaum,,MO,8488,"Burdi Pul",25.6,,,"कुडाळ आगार",बेळगाव,125,07:30,11:20,"Non Obl",Daily,"विश्रांती 15.50-17.00",,
10676,"Kudal To Belgaum","Kudal St Depot",Belgaum,,MO,8653,"Sapale Stop",28.1,,,"कुडाळ आगार",बेळगाव,125,07:30,11:20,"Non Obl",Daily,"विश्रांती 15.50-17.00",,
10676,"Kudal To Belgaum","Kudal St Depot",Belgaum,,MO,8570,Madkhol,30.1,,,"कुडाळ आगार",बेळगाव,125,07:30,11:20,"Non Obl",Daily,"विश्रांती 15.50-17.00",,
10676,"Kudal To Belgaum","Kudal St Depot",Belgaum,,MO,8569,"Madkhol Met",31.2,,,"कुडाळ आगार",बेळगाव,125,07:30,11:20,"Non Obl",Daily,"विश्रांती 15.50-17.00",,
10676,"Kudal To Belgaum","Kudal St Depot",Belgaum,,MO,8496,"Dhawadaki Datta Mandir",32.8,,,"कुडाळ आगार",बेळगाव,125,07:30,11:20,"Non Obl",Daily,"विश्रांती 15.50-17.00",,
10676,"Kudal To Belgaum","Kudal St Depot",Belgaum,,MO,8552,"Kalmbist Fata",33.6,,,"कुडाळ आगार",बेळगाव,125,07:30,11:20,"Non Obl",Daily,"विश्रांती 15.50-17.00",,
10676,"Kudal To Belgaum","Kudal St Depot",Belgaum,,MO,8510,Danoli,35.3,,,"कुडाळ आगार",बेळगाव,125,07:30,11:20,"Non Obl",Daily,"विश्रांती 15.50-17.00",,
10676,"Kudal To Belgaum","Kudal St Depot",Belgaum,,MO,8564,Kumbheshwar,37.2,,,"कुडाळ आगार",बेळगाव,125,07:30,11:20,"Non Obl",Daily,"विश्रांती 15.50-17.00",,
10676,"Kudal To Belgaum","Kudal St Depot",Belgaum,,MO,8607,Nanapani,43.2,,,"कुडाळ आगार",बेळगाव,125,07:30,11:20,"Non Obl",Daily,"विश्रांती 15.50-17.00",,
10676,"Kudal To Belgaum","Kudal St Depot",Belgaum,,MO,8493,"Choukul Fata",51.2,,,"कुडाळ आगार",बेळगाव,125,07:30,11:20,"Non Obl",Daily,"विश्रांती 15.50-17.00",,
10676,"Kudal To Belgaum","Kudal St Depot",Belgaum,,MO,8470,Amboli,51.7,,,"कुडाळ आगार",बेळगाव,125,07:30,11:20,"Non Obl",Daily,"विश्रांती 15.50-17.00",,
10676,"Kudal To Belgaum","Kudal St Depot",Belgaum,,MO,8582,Mulvanwadi,55.2,,,"कुडाळ आगार",बेळगाव,125,07:30,11:20,"Non Obl",Daily,"विश्रांती 15.50-17.00",,
10676,"Kudal To Belgaum","Kudal St Depot",Belgaum,,MO,8473,"Ajra Fata",58.2,,,"कुडाळ आगार",बेळगाव,125,07:30,11:20,"Non Obl",Daily,"विश्रांती 15.50-17.00",,
10676,"Kudal To Belgaum","Kudal St Depot",Belgaum,,MO,8597,Nagartaskari,60.1,,,"कुडाळ आगार",बेळगाव,125,07:30,11:20,"Non Obl",Daily,"विश्रांती 15.50-17.00",,
10676,"Kudal To Belgaum","Kudal St Depot",Belgaum,,MO,25219,Punarvasan,63.1,,,"कुडाळ आगार",बेळगाव,125,07:30,11:20,"Non Obl",Daily,"विश्रांती 15.50-17.00",,
10676,"Kudal To Belgaum","Kudal St Depot",Belgaum,,MO,25484,Sadegudavade,66.8,,,"कुडाळ आगार",बेळगाव,125,07:30,11:20,"Non Obl",Daily,"विश्रांती 15.50-17.00",,
10676,"Kudal To Belgaum","Kudal St Depot",Belgaum,,MO,23361,"Bazar Kanur",69.1,,,"कुडाळ आगार",बेळगाव,125,07:30,11:20,"Non Obl",Daily,"विश्रांती 15.50-17.00",,
10676,"Kudal To Belgaum","Kudal St Depot",Belgaum,,MO,23326,"Birdi Kanur",71.7,,,"कुडाळ आगार",बेळगाव,125,07:30,11:20,"Non Obl",Daily,"विश्रांती 15.50-17.00",,
10676,"Kudal To Belgaum","Kudal St Depot",Belgaum,,MO,24762,Mhalunge,75.6,,,"कुडाळ आगार",बेळगाव,125,07:30,11:20,"Non Obl",Daily,"विश्रांती 15.50-17.00",,
10676,"Kudal To Belgaum","Kudal St Depot",Belgaum,,MO,23971,Hindgaon,77.8,,,"कुडाळ आगार",बेळगाव,125,07:30,11:20,"Non Obl",Daily,"विश्रांती 15.50-17.00",,
10676,"Kudal To Belgaum","Kudal St Depot",Belgaum,,MO,23443,"Chandgad Fata",81.5,,,"कुडाळ आगार",बेळगाव,125,07:30,11:20,"Non Obl",Daily,"विश्रांती 15.50-17.00",,
10676,"Kudal To Belgaum","Kudal St Depot",Belgaum,,MO,24951,Nagarwadi,84.6,,,"कुडाळ आगार",बेळगाव,125,07:30,11:20,"Non Obl",Daily,"विश्रांती 15.50-17.00",,
10676,"Kudal To Belgaum","Kudal St Depot",Belgaum,,MO,24495,Koraj,84.7,,,"कुडाळ आगार",बेळगाव,125,07:30,11:20,"Non Obl",Daily,"विश्रांती 15.50-17.00",,
10676,"Kudal To Belgaum","Kudal St Depot",Belgaum,,MO,23259,Belebhat,89.5,,,"कुडाळ आगार",बेळगाव,125,07:30,11:20,"Non Obl",Daily,"विश्रांती 15.50-17.00",,
10676,"Kudal To Belgaum","Kudal St Depot",Belgaum,,MO,23500,Date,92.5,,,"कुडाळ आगार",बेळगाव,125,07:30,11:20,"Non Obl",Daily,"विश्रांती 15.50-17.00",,
10676,"Kudal To Belgaum","Kudal St Depot",Belgaum,,MO,23937,"Halkarni Fata",95.5,,,"कुडाळ आगार",बेळगाव,125,07:30,11:20,"Non Obl",Daily,"विश्रांती 15.50-17.00",,
10676,"Kudal To Belgaum","Kudal St Depot",Belgaum,,MO,25133,"Patane Fata",98.5,,,"कुडाळ आगार",बेळगाव,125,07:30,11:20,"Non Obl",Daily,"विश्रांती 15.50-17.00",,
10676,"Kudal To Belgaum","Kudal St Depot",Belgaum,,MO,24515,Karve,100,,,"कुडाळ आगार",बेळगाव,125,07:30,11:20,"Non Obl",Daily,"विश्रांती 15.50-17.00",,
10676,"Kudal To Belgaum","Kudal St Depot",Belgaum,,MO,26084,"Yashwant Nagar",101,,,"कुडाळ आगार",बेळगाव,125,07:30,11:20,"Non Obl",Daily,"विश्रांती 15.50-17.00",,
10676,"Kudal To Belgaum","Kudal St Depot",Belgaum,,MO,23605,Dholgarwadi,101.2,,,"कुडाळ आगार",बेळगाव,125,07:30,11:20,"Non Obl",Daily,"विश्रांती 15.50-17.00",,
10676,"Kudal To Belgaum","Kudal St Depot",Belgaum,,MO,25884,Turkewadi,101.5,,,"कुडाळ आगार",बेळगाव,125,07:30,11:20,"Non Obl",Daily,"विश्रांती 15.50-17.00",,
10676,"Kudal To Belgaum","Kudal St Depot",Belgaum,,MO,25810,Tadshinhal,103,,,"कुडाळ आगार",बेळगाव,125,07:30,11:20,"Non Obl",Daily,"विश्रांती 15.50-17.00",,
10676,"Kudal To Belgaum","Kudal St Depot",Belgaum,,MO,24562,Kudremani,104.5,,,"कुडाळ आगार",बेळगाव,125,07:30,11:20,"Non Obl",Daily,"विश्रांती 15.50-17.00",,
10676,"Kudal To Belgaum","Kudal St Depot",Belgaum,,MO,25678,Shinoli,106,,,"कुडाळ आगार",बेळगाव,125,07:30,11:20,"Non Obl",Daily,"विश्रांती 15.50-17.00",,
10676,"Kudal To Belgaum","Kudal St Depot",Belgaum,,MO,73192,"Bachi Krt Border",107.5,,,"कुडाळ आगार",बेळगाव,125,07:30,11:20,"Non Obl",Daily,"विश्रांती 15.50-17.00",,
10676,"Kudal To Belgaum","Kudal St Depot",Belgaum,,MO,73513,Hindalga,116.5,,,"कुडाळ आगार",बेळगाव,125,07:30,11:20,"Non Obl",Daily,"विश्रांती 15.50-17.00",,
10676,"Kudal To Belgaum","Kudal St Depot",Belgaum,,MO,73212,Bogarves,118.5,,,"कुडाळ आगार",बेळगाव,125,07:30,11:20,"Non Obl",Daily,"विश्रांती 15.50-17.00",,
10676,"Kudal To Belgaum","Kudal St Depot",Belgaum,,MO,73207,"Belgaum Rly. Stn.",119.2,,,"कुडाळ आगार",बेळगाव,125,07:30,11:20,"Non Obl",Daily,"विश्रांती 15.50-17.00",,
10676,"Kudal To Belgaum","Kudal St Depot",Belgaum,,MO,73214,Belgaum,125,,,"कुडाळ आगार",बेळगाव,125,07:30,11:20,"Non Obl",Daily,"विश्रांती 15.50-17.00",,
126129,"Malaiwadi To Kudal St Depot Via Mangaon",Malaiwadi,"Kudal St Depot",MANGAON,MO,6311,Malaiwadi,,,,फुटब्रीज,"कुडाळ आगार",40.8,14:10,15:40,,,,,
126129,"Malaiwadi To Kudal St Depot Via Mangaon",Malaiwadi,"Kudal St Depot",MANGAON,MO,6299,Madhaliwadi,2.7,,,फुटब्रीज,"कुडाळ आगार",40.8,14:10,15:40,,,,,
126129,"Malaiwadi To Kudal St Depot Via Mangaon",Malaiwadi,"Kudal St Depot",MANGAON,MO,6170,Footbridge,3.7,,,फुटब्रीज,"कुडाळ आगार",40.8,14:10,15:40,,,,,
126129,"Malaiwadi To Kudal St Depot Via Mangaon",Malaiwadi,"Kudal St Depot",MANGAON,MO,6232,"Karyad Narur",5.9,,,फुटब्रीज,"कुडाळ आगार",40.8,14:10,15:40,,,,,
126129,"Malaiwadi To Kudal St Depot Via Mangaon",Malaiwadi,"Kudal St Depot",MANGAON,MO,6199,"Haldiche Nerur Titha",6.6,,,फुटब्रीज,"कुडाळ आगार",40.8,14:10,15:40,,,,,
126129,"Malaiwadi To Kudal St Depot Via Mangaon",Malaiwadi,"Kudal St Depot",MANGAON,MO,6148,"Chafeli Nursery",8.6,,,फुटब्रीज,"कुडाळ आगार",40.8,14:10,15:40,,,,,
126129,"Malaiwadi To Kudal St Depot Via Mangaon",Malaiwadi,"Kudal St Depot",MANGAON,MO,88081,"Mahadevache Kerawade",11,,,फुटब्रीज,"कुडाळ आगार",40.8,14:10,15:40,,,,,
126129,"Malaiwadi To Kudal St Depot Via Mangaon",Malaiwadi,"Kudal St Depot",MANGAON,MO,6344,"Nileli Nursery",13.3,,,फुटब्रीज,"कुडाळ आगार",40.8,14:10,15:40,,,,,
126129,"Malaiwadi To Kudal St Depot Via Mangaon",Malaiwadi,"Kudal St Depot",MANGAON,MO,6341,"Nileli Dairy",13.4,,,फुटब्रीज,"कुडाळ आगार",40.8,14:10,15:40,,,,,
126129,"Malaiwadi To Kudal St Depot Via Mangaon",Malaiwadi,"Kudal St Depot",MANGAON,MO,6190,"Gothos Titha",14.7,,,फुटब्रीज,"कुडाळ आगार",40.8,14:10,15:40,,,,,
126129,"Malaiwadi To Kudal St Depot Via Mangaon",Malaiwadi,"Kudal St Depot",MANGAON,MO,6464,"Wados Bazar",15.6,,,फुटब्रीज,"कुडाळ आगार",40.8,14:10,15:40,,,,,
126129,"Malaiwadi To Kudal St Depot Via Mangaon",Malaiwadi,"Kudal St Depot",MANGAON,MO,6092,Amberi,19.7,,,फुटब्रीज,"कुडाळ आगार",40.8,14:10,15:40,,,,,
126129,"Malaiwadi To Kudal St Depot Via Mangaon",Malaiwadi,"Kudal St Depot",MANGAON,MO,6319,"Mangaon Phc",20.4,,,फुटब्रीज,"कुडाळ आगार",40.8,14:10,15:40,,,,,
126129,"Malaiwadi To Kudal St Depot Via Mangaon",Malaiwadi,"Kudal St Depot",MANGAON,MO,6317,Mangaon,22.1,,,फुटब्रीज,"कुडाळ आगार",40.8,14:10,15:40,,,,,
126129,"Malaiwadi To Kudal St Depot Via Mangaon",Malaiwadi,"Kudal St Depot",MANGAON,MO,6323,"Mangaon Titha",24,,,फुटब्रीज,"कुडाळ आगार",40.8,14:10,15:40,,,,,
126129,"Malaiwadi To Kudal St Depot Via Mangaon",Malaiwadi,"Kudal St Depot",MANGAON,MO,6386,"Power House",24.3,,,फुटब्रीज,"कुडाळ आगार",40.8,14:10,15:40,,,,,
126129,"Malaiwadi To Kudal St Depot Via Mangaon",Malaiwadi,"Kudal St Depot",MANGAON,MO,6412,"Salgaon Harijanwadi",27.8,,,फुटब्रीज,"कुडाळ आगार",40.8,14:10,15:40,,,,,
126129,"Malaiwadi To Kudal St Depot Via Mangaon",Malaiwadi,"Kudal St Depot",MANGAON,MO,6474,"Zharap Titha",29,,,फुटब्रीज,"कुडाळ आगार",40.8,14:10,15:40,,,,,
126129,"Malaiwadi To Kudal St Depot Via Mangaon",Malaiwadi,"Kudal St Depot",MANGAON,MO,6400,Salgaon,30.4,,,फुटब्रीज,"कुडाळ आगार",40.8,14:10,15:40,,,,,
126129,"Malaiwadi To Kudal St Depot Via Mangaon",Malaiwadi,"Kudal St Depot",MANGAON,MO,6322,"Mandkuli Fata",33.6,,,फुटब्रीज,"कुडाळ आगार",40.8,14:10,15:40,,,,,
126129,"Malaiwadi To Kudal St Depot Via Mangaon",Malaiwadi,"Kudal St Depot",MANGAON,MO,6315,"Mile Stone",33.7,,,फुटब्रीज,"कुडाळ आगार",40.8,14:10,15:40,,,,,
126129,"Malaiwadi To Kudal St Depot Via Mangaon",Malaiwadi,"Kudal St Depot",MANGAON,MO,6126,Bibavane,34.1,,,फुटब्रीज,"कुडाळ आगार",40.8,14:10,15:40,,,,,
126129,"Malaiwadi To Kudal St Depot Via Mangaon",Malaiwadi,"Kudal St Depot",MANGAON,MO,6376,"Pinguli Titha",34.7,,,फुटब्रीज,"कुडाळ आगार",40.8,14:10,15:40,,,,,
126129,"Malaiwadi To Kudal St Depot Via Mangaon",Malaiwadi,"Kudal St Depot",MANGAON,MO,6302,"Modka Wad Pinguli",36.3,,,फुटब्रीज,"कुडाळ आगार",40.8,14:10,15:40,,,,,
126129,"Malaiwadi To Kudal St Depot Via Mangaon",Malaiwadi,"Kudal St Depot",MANGAON,MO,6237,"Kudal St Depot",39.3,,,फुटब्रीज,"कुडाळ आगार",40.8,14:10,15:40,,,,,
126129,"Malaiwadi To Kudal St Depot Via Mangaon",Malaiwadi,"Kudal St Depot",MANGAON,MO,6240,"Kudal St Depot",40.8,,,फुटब्रीज,"कुडाळ आगार",40.8,14:10,15:40,,,,,
10920,"Kolhapur To Sawantwadi",Kolhapur,Sawantwadi,,MO,24359,Kolhapur,,,,कोल्हापुर,सावंतवाडी,171.5,15:15,20:40,"Non Obl",Daily,"विश्रांती 20.45-21.15",,
10920,"Kolhapur To Sawantwadi",Kolhapur,Sawantwadi,,MO,23625,"Dasara Chwok",3,,,कोल्हापुर,सावंतवाडी,171.5,15:15,20:40,"Non Obl",Daily,"विश्रांती 20.45-21.15",,
10920,"Kolhapur To Sawantwadi",Kolhapur,Sawantwadi,,MO,25400,Rankala,5,,,कोल्हापुर,सावंतवाडी,171.5,15:15,20:40,"Non Obl",Daily,"विश्रांती 20.45-21.15",,
10920,"Kolhapur To Sawantwadi",Kolhapur,Sawantwadi,,MO,25083,"New Washi Naka",9.4,,,कोल्हापुर,सावंतवाडी,171.5,15:15,20:40,"Non Obl",Daily,"विश्रांती 20.45-21.15",,
10920,"Kolhapur To Sawantwadi",Kolhapur,Sawantwadi,,MO,26066,Washi,15.4,,,कोल्हापुर,सावंतवाडी,171.5,15:15,20:40,"Non Obl",Daily,"विश्रांती 20.45-21.15",,
10920,"Kolhapur To Sawantwadi",Kolhapur,Sawantwadi,,MO,24388,Kandgaon,19.2,,,कोल्हापुर,सावंतवाडी,171.5,15:15,20:40,"Non Obl",Daily,"विश्रांती 20.45-21.15",,
10920,"Kolhapur To Sawantwadi",Kolhapur,Sawantwadi,,MO,23669,Devale,19.5,,,कोल्हापुर,सावंतवाडी,171.5,15:15,20:40,"Non Obl",Daily,"विश्रांती 20.45-21.15",,
10920,"Kolhapur To Sawantwadi",Kolhapur,Sawantwadi,,MO,23945,Haldi,19.6,,,कोल्हापुर,सावंतवाडी,171.5,15:15,20:40,"Non Obl",Daily,"विश्रांती 20.45-21.15",,
10920,"Kolhapur To Sawantwadi",Kolhapur,Sawantwadi,,MO,24444,Kothali,22,,,कोल्हापुर,सावंतवाडी,171.5,15:15,20:40,"Non Obl",Daily,"विश्रांती 20.45-21.15",,
10920,"Kolhapur To Sawantwadi",Kolhapur,Sawantwadi,,MO,24502,Kurukali,23.3,,,कोल्हापुर,सावंतवाडी,171.5,15:15,20:40,"Non Obl",Daily,"विश्रांती 20.45-21.15",,
10920,"Kolhapur To Sawantwadi",Kolhapur,Sawantwadi,,MO,24501,"Kurukali College",24.3,,,कोल्हापुर,सावंतवाडी,171.5,15:15,20:40,"Non Obl",Daily,"विश्रांती 20.45-21.15",,
10920,"Kolhapur To Sawantwadi",Kolhapur,Sawantwadi,,MO,23357,Bhogavati,27,,,कोल्हापुर,सावंतवाडी,171.5,15:15,20:40,"Non Obl",Daily,"विश्रांती 20.45-21.15",,
10920,"Kolhapur To Sawantwadi",Kolhapur,Sawantwadi,,MO,23768,Ghotavade,28.7,,,कोल्हापुर,सावंतवाडी,171.5,15:15,20:40,"Non Obl",Daily,"विश्रांती 20.45-21.15",,
10920,"Kolhapur To Sawantwadi",Kolhapur,Sawantwadi,,MO,24207,Kaulav,29.1,,,कोल्हापुर,सावंतवाडी,171.5,15:15,20:40,"Non Obl",Daily,"विश्रांती 20.45-21.15",,
10920,"Kolhapur To Sawantwadi",Kolhapur,Sawantwadi,,MO,25709,Sirse,30.8,,,कोल्हापुर,सावंतवाडी,171.5,15:15,20:40,"Non Obl",Daily,"विश्रांती 20.45-21.15",,
10920,"Kolhapur To Sawantwadi",Kolhapur,Sawantwadi,,MO,23014,"Amjai Varavade",34.1,,,कोल्हापुर,सावंतवाडी,171.5,15:15,20:40,"Non Obl",Daily,"विश्रांती 20.45-21.15",,
10920,"Kolhapur To Sawantwadi",Kolhapur,Sawantwadi,,MO,25306,"Powar House",35.1,,,कोल्हापुर,सावंतवाडी,171.5,15:15,20:40,"Non Obl",Daily,"विश्रांती 20.45-21.15",,
10920,"Kolhapur To Sawantwadi",Kolhapur,Sawantwadi,,MO,30597,"Awali Budruk",35.8,,,कोल्हापुर,सावंतवाडी,171.5,15:15,20:40,"Non Obl",Daily,"विश्रांती 20.45-21.15",,
10920,"Kolhapur To Sawantwadi",Kolhapur,Sawantwadi,,MO,23049,Anaje,39.1,,,कोल्हापुर,सावंतवाडी,171.5,15:15,20:40,"Non Obl",Daily,"विश्रांती 20.45-21.15",,
10920,"Kolhapur To Sawantwadi",Kolhapur,Sawantwadi,,MO,24322,"Khindi Vharavade",40.5,,,कोल्हापुर,सावंतवाडी,171.5,15:15,20:40,"Non Obl",Daily,"विश्रांती 20.45-21.15",,
10920,"Kolhapur To Sawantwadi",Kolhapur,Sawantwadi,,MO,23779,Gaiby,47.6,,,कोल्हापुर,सावंतवाडी,171.5,15:15,20:40,"Non Obl",Daily,"विश्रांती 20.45-21.15",,
10920,"Kolhapur To Sawantwadi",Kolhapur,Sawantwadi,,MO,25336,Radhanagari,52.4,,,कोल्हापुर,सावंतवाडी,171.5,15:15,20:40,"Non Obl",Daily,"विश्रांती 20.45-21.15",,
10920,"Kolhapur To Sawantwadi",Kolhapur,Sawantwadi,,MO,24014,Hatimahal,54.2,,,कोल्हापुर,सावंतवाडी,171.5,15:15,20:40,"Non Obl",Daily,"विश्रांती 20.45-21.15",,
10920,"Kolhapur To Sawantwadi",Kolhapur,Sawantwadi,,MO,25393,"Radhanagri Dam",57.6,,,कोल्हापुर,सावंतवाडी,171.5,15:15,20:40,"Non Obl",Daily,"विश्रांती 20.45-21.15",,
10920,"Kolhapur To Sawantwadi",Kolhapur,Sawantwadi,,MO,23601,Daoudwadi,60.2,,,कोल्हापुर,सावंतवाडी,171.5,15:15,20:40,"Non Obl",Daily,"विश्रांती 20.45-21.15",,
10920,"Kolhapur To Sawantwadi",Kolhapur,Sawantwadi,,MO,30607,Ajiwade,62.8,,,कोल्हापुर,सावंतवाडी,171.5,15:15,20:40,"Non Obl",Daily,"विश्रांती 20.45-21.15",,
10920,"Kolhapur To Sawantwadi",Kolhapur,Sawantwadi,,MO,25530,Shelap,66.2,,,कोल्हापुर,सावंतवाडी,171.5,15:15,20:40,"Non Obl",Daily,"विश्रांती 20.45-21.15",,
10920,"Kolhapur To Sawantwadi",Kolhapur,Sawantwadi,,MO,23137,Bambar,69.2,,,कोल्हापुर,सावंतवाडी,171.5,15:15,20:40,"Non Obl",Daily,"विश्रांती 20.45-21.15",,
10920,"Kolhapur To Sawantwadi",Kolhapur,Sawantwadi,,MO,25038,Naniwade,71.8,,,कोल्हापुर,सावंतवाडी,171.5,15:15,20:40,"Non Obl",Daily,"विश्रांती 20.45-21.15",,
10920,"Kolhapur To Sawantwadi",Kolhapur,Sawantwadi,,MO,24004,Hasane,75.2,,,कोल्हापुर,सावंतवाडी,171.5,15:15,20:40,"Non Obl",Daily,"विश्रांती 20.45-21.15",,
10920,"Kolhapur To Sawantwadi",Kolhapur,Sawantwadi,,MO,23566,Dajipur,81.7,,,कोल्हापुर,सावंतवाडी,171.5,15:15,20:40,"Non Obl",Daily,"विश्रांती 20.45-21.15",,
10920,"Kolhapur To Sawantwadi",Kolhapur,Sawantwadi,,MO,2723,"Ganguchi Wadi",93.6,,,कोल्हापुर,सावंतवाडी,171.5,15:15,20:40,"Non Obl",Daily,"विश्रांती 20.45-21.15",,
10920,"Kolhapur To Sawantwadi",Kolhapur,Sawantwadi,,MO,2904,Phonda,97.9,,,कोल्हापुर,सावंतवाडी,171.5,15:15,20:40,"Non Obl",Daily,"विश्रांती 20.45-21.15",,
10920,"Kolhapur To Sawantwadi",Kolhapur,Sawantwadi,,MO,2906,"Phonda Iti",100.5,,,कोल्हापुर,सावंतवाडी,171.5,15:15,20:40,"Non Obl",Daily,"विश्रांती 20.45-21.15",,
10920,"Kolhapur To Sawantwadi",Kolhapur,Sawantwadi,,MO,2787,"Kankavli Nandgaon Fata",100.8,,,कोल्हापुर,सावंतवाडी,171.5,15:15,20:40,"Non Obl",Daily,"विश्रांती 20.45-21.15",,
10920,"Kolhapur To Sawantwadi",Kolhapur,Sawantwadi,,MO,2895,Pachoba,101.7,,,कोल्हापुर,सावंतवाडी,171.5,15:15,20:40,"Non Obl",Daily,"विश्रांती 20.45-21.15",,
10920,"Kolhapur To Sawantwadi",Kolhapur,Sawantwadi,,MO,2781,Kanadewadi,103.6,,,कोल्हापुर,सावंतवाडी,171.5,15:15,20:40,"Non Obl",Daily,"विश्रांती 20.45-21.15",,
10920,"Kolhapur To Sawantwadi",Kolhapur,Sawantwadi,,MO,2790,Karul,105,,,कोल्हापुर,सावंतवाडी,171.5,15:15,20:40,"Non Obl",Daily,"विश्रांती 20.45-21.15",,
10920,"Kolhapur To Sawantwadi",Kolhapur,Sawantwadi,,MO,2757,"Humrath Mal Ghorpiwadi",107.4,,,कोल्हापुर,सावंतवाडी,171.5,15:15,20:40,"Non Obl",Daily,"विश्रांती 20.45-21.15",,
10920,"Kolhapur To Sawantwadi",Kolhapur,Sawantwadi,,MO,2756,"Humrat Titha",108.9,,,कोल्हापुर,सावंतवाडी,171.5,15:15,20:40,"Non Obl",Daily,"विश्रांती 20.45-21.15",,
10920,"Kolhapur To Sawantwadi",Kolhapur,Sawantwadi,,MO,2768,"Janavali Gavthanwadi",112,,,कोल्हापुर,सावंतवाडी,171.5,15:15,20:40,"Non Obl",Daily,"विश्रांती 20.45-21.15",,
10920,"Kolhapur To Sawantwadi",Kolhapur,Sawantwadi,,MO,2786,Kankavli,115.8,,,कोल्हापुर,सावंतवाडी,171.5,15:15,20:40,"Non Obl",Daily,"विश्रांती 20.45-21.15",,
10920,"Kolhapur To Sawantwadi",Kolhapur,Sawantwadi,,MO,3001,"Wagade Gpo",120.9,,,कोल्हापुर,सावंतवाडी,171.5,15:15,20:40,"Non Obl",Daily,"विश्रांती 20.45-21.15",,
10920,"Kolhapur To Sawantwadi",Kolhapur,Sawantwadi,,MO,2692,Dangalwadi,121.8,,,कोल्हापुर,सावंतवाडी,171.5,15:15,20:40,"Non Obl",Daily,"विश्रांती 20.45-21.15",,
10920,"Kolhapur To Sawantwadi",Kolhapur,Sawantwadi,,MO,2891,"Osargaon Talav",122.9,,,कोल्हापुर,सावंतवाडी,171.5,15:15,20:40,"Non Obl",Daily,"विश्रांती 20.45-21.15",,
10920,"Kolhapur To Sawantwadi",Kolhapur,Sawantwadi,,MO,2890,"Osargaon Post",125.8,,,कोल्हापुर,सावंतवाडी,171.5,15:15,20:40,"Non Obl",Daily,"विश्रांती 20.45-21.15",,
10920,"Kolhapur To Sawantwadi",Kolhapur,Sawantwadi,,MO,6281,Kasal,130.1,,,कोल्हापुर,सावंतवाडी,171.5,15:15,20:40,"Non Obl",Daily,"विश्रांती 20.45-21.15",,
10920,"Kolhapur To Sawantwadi",Kolhapur,Sawantwadi,,MO,6282,"Kasal Balamwadi",131.5,,,कोल्हापुर,सावंतवाडी,171.5,15:15,20:40,"Non Obl",Daily,"विश्रांती 20.45-21.15",,
10920,"Kolhapur To Sawantwadi",Kolhapur,Sawantwadi,,MO,6226,"Jaitapkar Colany",132.8,,,कोल्हापुर,सावंतवाडी,171.5,15:15,20:40,"Non Obl",Daily,"विश्रांती 20.45-21.15",,
10920,"Kolhapur To Sawantwadi",Kolhapur,Sawantwadi,,MO,6116,Awali,133.1,,,कोल्हापुर,सावंतवाडी,171.5,15:15,20:40,"Non Obl",Daily,"विश्रांती 20.45-21.15",,
10920,"Kolhapur To Sawantwadi",Kolhapur,Sawantwadi,,MO,6362,"Oros Bus Stnad",133.8,,,कोल्हापुर,सावंतवाडी,171.5,15:15,20:40,"Non Obl",Daily,"विश्रांती 20.45-21.15",,
10920,"Kolhapur To Sawantwadi",Kolhapur,Sawantwadi,,MO,6206,"Humarmala Rane Dukan",138.5,,,कोल्हापुर,सावंतवाडी,171.5,15:15,20:40,"Non Obl",Daily,"विश्रांती 20.45-21.15",,
10920,"Kolhapur To Sawantwadi",Kolhapur,Sawantwadi,,MO,6204,"Humarmala Kasale Dukan",140,,,कोल्हापुर,सावंतवाडी,171.5,15:15,20:40,"Non Obl",Daily,"विश्रांती 20.45-21.15",,
10920,"Kolhapur To Sawantwadi",Kolhapur,Sawantwadi,,MO,6378,"Pandur Titha",141.8,,,कोल्हापुर,सावंतवाडी,171.5,15:15,20:40,"Non Obl",Daily,"विश्रांती 20.45-21.15",,
10920,"Kolhapur To Sawantwadi",Kolhapur,Sawantwadi,,MO,88100,Vetalbambarde,142.8,,,कोल्हापुर,सावंतवाडी,171.5,15:15,20:40,"Non Obl",Daily,"विश्रांती 20.45-21.15",,
10920,"Kolhapur To Sawantwadi",Kolhapur,Sawantwadi,,MO,6380,"Pawashi Panchayat",145.8,,,कोल्हापुर,सावंतवाडी,171.5,15:15,20:40,"Non Obl",Daily,"विश्रांती 20.45-21.15",,
10920,"Kolhapur To Sawantwadi",Kolhapur,Sawantwadi,,MO,6240,"Kudal St Depot",149.4,,,कोल्हापुर,सावंतवाडी,171.5,15:15,20:40,"Non Obl",Daily,"विश्रांती 20.45-21.15",,
10920,"Kolhapur To Sawantwadi",Kolhapur,Sawantwadi,,MO,6237,"Kudal St Depot",150.9,,,कोल्हापुर,सावंतवाडी,171.5,15:15,20:40,"Non Obl",Daily,"विश्रांती 20.45-21.15",,
10920,"Kolhapur To Sawantwadi",Kolhapur,Sawantwadi,,MO,6302,"Modka Wad Pinguli",152.8,,,कोल्हापुर,सावंतवाडी,171.5,15:15,20:40,"Non Obl",Daily,"विश्रांती 20.45-21.15",,
10920,"Kolhapur To Sawantwadi",Kolhapur,Sawantwadi,,MO,6126,Bibavane,156,,,कोल्हापुर,सावंतवाडी,171.5,15:15,20:40,"Non Obl",Daily,"विश्रांती 20.45-21.15",,
10920,"Kolhapur To Sawantwadi",Kolhapur,Sawantwadi,,MO,6322,"Mandkuli Fata",156.5,,,कोल्हापुर,सावंतवाडी,171.5,15:15,20:40,"Non Obl",Daily,"विश्रांती 20.45-21.15",,
10920,"Kolhapur To Sawantwadi",Kolhapur,Sawantwadi,,MO,6441,"Terse Bambarde Fata",160,,,कोल्हापुर,सावंतवाडी,171.5,15:15,20:40,"Non Obl",Daily,"विश्रांती 20.45-21.15",,
10920,"Kolhapur To Sawantwadi",Kolhapur,Sawantwadi,,MO,6474,"Zharap Titha",162,,,कोल्हापुर,सावंतवाडी,171.5,15:15,20:40,"Non Obl",Daily,"विश्रांती 20.45-21.15",,
10920,"Kolhapur To Sawantwadi",Kolhapur,Sawantwadi,,MO,6231,"Khan Mohalla",163,,,कोल्हापुर,सावंतवाडी,171.5,15:15,20:40,"Non Obl",Daily,"विश्रांती 20.45-21.15",,
10920,"Kolhapur To Sawantwadi",Kolhapur,Sawantwadi,,MO,6101,Akeri,165.6,,,कोल्हापुर,सावंतवाडी,171.5,15:15,20:40,"Non Obl",Daily,"विश्रांती 20.45-21.15",,
10920,"Kolhapur To Sawantwadi",Kolhapur,Sawantwadi,,MO,8551,"Kolgaon Thita",168.6,,,कोल्हापुर,सावंतवाडी,171.5,15:15,20:40,"Non Obl",Daily,"विश्रांती 20.45-21.15",,
10920,"Kolhapur To Sawantwadi",Kolhapur,Sawantwadi,,MO,8663,Sawantwadi,171.5,,,कोल्हापुर,सावंतवाडी,171.5,15:15,20:40,"Non Obl",Daily,"विश्रांती 20.45-21.15",,
11148,"Sawantwadi To Kudal St Depot",Sawantwadi,"Kudal St Depot",,MO,8663,Sawantwadi,,,,सावंतवाडी,"कुडाळ आगार",22.2,12:00,12:40,non,daily,,,
11148,"Sawantwadi To Kudal St Depot",Sawantwadi,"Kudal St Depot",,MO,8551,"Kolgaon Thita",3.7,,,सावंतवाडी,"कुडाळ आगार",22.2,12:00,12:40,non,daily,,,
11148,"Sawantwadi To Kudal St Depot",Sawantwadi,"Kudal St Depot",,MO,6101,Akeri,6.3,,,सावंतवाडी,"कुडाळ आगार",22.2,12:00,12:40,non,daily,,,
11148,"Sawantwadi To Kudal St Depot",Sawantwadi,"Kudal St Depot",,MO,6205,Humras,7.5,,,सावंतवाडी,"कुडाळ आगार",22.2,12:00,12:40,non,daily,,,
11148,"Sawantwadi To Kudal St Depot",Sawantwadi,"Kudal St Depot",,MO,6231,"Khan Mohalla",8.5,,,सावंतवाडी,"कुडाळ आगार",22.2,12:00,12:40,non,daily,,,
11148,"Sawantwadi To Kudal St Depot",Sawantwadi,"Kudal St Depot",,MO,6473,"Zarap Jambhal",10,,,सावंतवाडी,"कुडाळ आगार",22.2,12:00,12:40,non,daily,,,
11148,"Sawantwadi To Kudal St Depot",Sawantwadi,"Kudal St Depot",,MO,6474,"Zharap Titha",10.8,,,सावंतवाडी,"कुडाळ आगार",22.2,12:00,12:40,non,daily,,,
11148,"Sawantwadi To Kudal St Depot",Sawantwadi,"Kudal St Depot",,MO,6322,"Mandkuli Fata",15.5,,,सावंतवाडी,"कुडाळ आगार",22.2,12:00,12:40,non,daily,,,
11148,"Sawantwadi To Kudal St Depot",Sawantwadi,"Kudal St Depot",,MO,6315,"Mile Stone",16.2,,,सावंतवाडी,"कुडाळ आगार",22.2,12:00,12:40,non,daily,,,
11148,"Sawantwadi To Kudal St Depot",Sawantwadi,"Kudal St Depot",,MO,6126,Bibavane,17,,,सावंतवाडी,"कुडाळ आगार",22.2,12:00,12:40,non,daily,,,
11148,"Sawantwadi To Kudal St Depot",Sawantwadi,"Kudal St Depot",,MO,6376,"Pinguli Titha",17.6,,,सावंतवाडी,"कुडाळ आगार",22.2,12:00,12:40,non,daily,,,
11148,"Sawantwadi To Kudal St Depot",Sawantwadi,"Kudal St Depot",,MO,6302,"Modka Wad Pinguli",19.1,,,सावंतवाडी,"कुडाळ आगार",22.2,12:00,12:40,non,daily,,,
11148,"Sawantwadi To Kudal St Depot",Sawantwadi,"Kudal St Depot",,MO,6237,"Kudal St Depot",20.7,,,सावंतवाडी,"कुडाळ आगार",22.2,12:00,12:40,non,daily,,,
11148,"Sawantwadi To Kudal St Depot",Sawantwadi,"Kudal St Depot",,MO,6240,"Kudal St Depot",22.2,,,सावंतवाडी,"कुडाळ आगार",22.2,12:00,12:40,non,daily,,,
59753,"Kalvi Bandar Kelus To Kudal Via Andurle Khind","Kalvi Bandar","Kudal St Depot","ANDURLE KHIND",MO,9661,"Kalvi Bandar",,,,कालवीबंदर,कुडाळ,22.3,06:00,07:00,,,,,
59753,"Kalvi Bandar Kelus To Kudal Via Andurle Khind","Kalvi Bandar","Kudal St Depot","ANDURLE KHIND",MO,9620,"Bowalekar Wadi",0.4,,,कालवीबंदर,कुडाळ,22.3,06:00,07:00,,,,,
59753,"Kalvi Bandar Kelus To Kudal Via Andurle Khind","Kalvi Bandar","Kudal St Depot","ANDURLE KHIND",MO,9662,"Kalvi Titha",1.6,,,कालवीबंदर,कुडाळ,22.3,06:00,07:00,,,,,
59753,"Kalvi Bandar Kelus To Kudal Via Andurle Khind","Kalvi Bandar","Kudal St Depot","ANDURLE KHIND",MO,9674,"Kelus Titha",3,,,कालवीबंदर,कुडाळ,22.3,06:00,07:00,,,,,
59753,"Kalvi Bandar Kelus To Kudal Via Andurle Khind","Kalvi Bandar","Kudal St Depot","ANDURLE KHIND",MO,9673,"Kelus Taradevi Mandir",3.6,,,कालवीबंदर,कुडाळ,22.3,06:00,07:00,,,,,
59753,"Kalvi Bandar Kelus To Kudal Via Andurle Khind","Kalvi Bandar","Kudal St Depot","ANDURLE KHIND",MO,9674,"Kelus Titha",4.2,,,कालवीबंदर,कुडाळ,22.3,06:00,07:00,,,,,
59753,"Kalvi Bandar Kelus To Kudal Via Andurle Khind","Kalvi Bandar","Kudal St Depot","ANDURLE KHIND",MO,9594,"Andurle Pimpal",5.7,,,कालवीबंदर,कुडाळ,22.3,06:00,07:00,,,,,
59753,"Kalvi Bandar Kelus To Kudal Via Andurle Khind","Kalvi Bandar","Kudal St Depot","ANDURLE KHIND",MO,9595,"Andurle School",6.8,,,कालवीबंदर,कुडाळ,22.3,06:00,07:00,,,,,
59753,"Kalvi Bandar Kelus To Kudal Via Andurle Khind","Kalvi Bandar","Kudal St Depot","ANDURLE KHIND",MO,9736,"New Society",7.1,,,कालवीबंदर,कुडाळ,22.3,06:00,07:00,,,,,
59753,"Kalvi Bandar Kelus To Kudal Via Andurle Khind","Kalvi Bandar","Kudal St Depot","ANDURLE KHIND",MO,9780,"Savariche Bharad",8.9,,,कालवीबंदर,कुडाळ,22.3,06:00,07:00,,,,,
59753,"Kalvi Bandar Kelus To Kudal Via Andurle Khind","Kalvi Bandar","Kudal St Depot","ANDURLE KHIND",MO,6094,"Andurle Khind",9.4,,,कालवीबंदर,कुडाळ,22.3,06:00,07:00,,,,,
59753,"Kalvi Bandar Kelus To Kudal Via Andurle Khind","Kalvi Bandar","Kudal St Depot","ANDURLE KHIND",MO,6215,Humarmala,10.1,,,कालवीबंदर,कुडाळ,22.3,06:00,07:00,,,,,
59753,"Kalvi Bandar Kelus To Kudal Via Andurle Khind","Kalvi Bandar","Kudal St Depot","ANDURLE KHIND",MO,6305,"Madyachiwadi Phanas",13.2,,,कालवीबंदर,कुडाळ,22.3,06:00,07:00,,,,,
59753,"Kalvi Bandar Kelus To Kudal Via Andurle Khind","Kalvi Bandar","Kudal St Depot","ANDURLE KHIND",MO,6298,Madyachiwadi,14.2,,,कालवीबंदर,कुडाळ,22.3,06:00,07:00,,,,,
59753,"Kalvi Bandar Kelus To Kudal Via Andurle Khind","Kalvi Bandar","Kudal St Depot","ANDURLE KHIND",MO,6251,"Karmal Galu",16.1,,,कालवीबंदर,कुडाळ,22.3,06:00,07:00,,,,,
59753,"Kalvi Bandar Kelus To Kudal Via Andurle Khind","Kalvi Bandar","Kudal St Depot","ANDURLE KHIND",MO,6376,"Pinguli Titha",19.5,,,कालवीबंदर,कुडाळ,22.3,06:00,07:00,,,,,
59753,"Kalvi Bandar Kelus To Kudal Via Andurle Khind","Kalvi Bandar","Kudal St Depot","ANDURLE KHIND",MO,6237,"Kudal St Depot",22.3,,,कालवीबंदर,कुडाळ,22.3,06:00,07:00,,,,,
81145,"Kudal St Depot To Bijapur","Kudal St Depot",Bijapur,,MO,6240,"Kudal St Depot",,,,कुडाळ,कोल्हापुर,147.4,19:15,23:40,"Non Obl",Daily,"विश्रांती 18.50 ते 19.15",,
81145,"Kudal St Depot To Bijapur","Kudal St Depot",Bijapur,,MO,6237,"Kudal St Depot",1.5,,,कुडाळ,कोल्हापुर,147.4,19:15,23:40,"Non Obl",Daily,"विश्रांती 18.50 ते 19.15",,
81145,"Kudal St Depot To Bijapur","Kudal St Depot",Bijapur,,MO,6380,"Pawashi Panchayat",4.5,,,कुडाळ,कोल्हापुर,147.4,19:15,23:40,"Non Obl",Daily,"विश्रांती 18.50 ते 19.15",,
81145,"Kudal St Depot To Bijapur","Kudal St Depot",Bijapur,,MO,88100,Vetalbambarde,7.1,,,कुडाळ,कोल्हापुर,147.4,19:15,23:40,"Non Obl",Daily,"विश्रांती 18.50 ते 19.15",,
81145,"Kudal St Depot To Bijapur","Kudal St Depot",Bijapur,,MO,6378,"Pandur Titha",9.1,,,कुडाळ,कोल्हापुर,147.4,19:15,23:40,"Non Obl",Daily,"विश्रांती 18.50 ते 19.15",,
81145,"Kudal St Depot To Bijapur","Kudal St Depot",Bijapur,,MO,6204,"Humarmala Kasale Dukan",12.4,,,कुडाळ,कोल्हापुर,147.4,19:15,23:40,"Non Obl",Daily,"विश्रांती 18.50 ते 19.15",,
81145,"Kudal St Depot To Bijapur","Kudal St Depot",Bijapur,,MO,6224,"Jijamata Hospital",13.5,,,कुडाळ,कोल्हापुर,147.4,19:15,23:40,"Non Obl",Daily,"विश्रांती 18.50 ते 19.15",,
81145,"Kudal St Depot To Bijapur","Kudal St Depot",Bijapur,,MO,6362,"Oros Bus Stnad",15.4,,,कुडाळ,कोल्हापुर,147.4,19:15,23:40,"Non Obl",Daily,"विश्रांती 18.50 ते 19.15",,
81145,"Kudal St Depot To Bijapur","Kudal St Depot",Bijapur,,MO,6226,"Jaitapkar Colany",16.4,,,कुडाळ,कोल्हापुर,147.4,19:15,23:40,"Non Obl",Daily,"विश्रांती 18.50 ते 19.15",,
81145,"Kudal St Depot To Bijapur","Kudal St Depot",Bijapur,,MO,6116,Awali,17.9,,,कुडाळ,कोल्हापुर,147.4,19:15,23:40,"Non Obl",Daily,"विश्रांती 18.50 ते 19.15",,
81145,"Kudal St Depot To Bijapur","Kudal St Depot",Bijapur,,MO,6281,Kasal,21.2,,,कुडाळ,कोल्हापुर,147.4,19:15,23:40,"Non Obl",Daily,"विश्रांती 18.50 ते 19.15",,
81145,"Kudal St Depot To Bijapur","Kudal St Depot",Bijapur,,MO,2889,"Osargaon Godaoon",24.2,,,कुडाळ,कोल्हापुर,147.4,19:15,23:40,"Non Obl",Daily,"विश्रांती 18.50 ते 19.15",,
81145,"Kudal St Depot To Bijapur","Kudal St Depot",Bijapur,,MO,2890,"Osargaon Post",25.5,,,कुडाळ,कोल्हापुर,147.4,19:15,23:40,"Non Obl",Daily,"विश्रांती 18.50 ते 19.15",,
81145,"Kudal St Depot To Bijapur","Kudal St Depot",Bijapur,,MO,2891,"Osargaon Talav",28.4,,,कुडाळ,कोल्हापुर,147.4,19:15,23:40,"Non Obl",Daily,"विश्रांती 18.50 ते 19.15",,
81145,"Kudal St Depot To Bijapur","Kudal St Depot",Bijapur,,MO,2692,Dangalwadi,29.5,,,कुडाळ,कोल्हापुर,147.4,19:15,23:40,"Non Obl",Daily,"विश्रांती 18.50 ते 19.15",,
81145,"Kudal St Depot To Bijapur","Kudal St Depot",Bijapur,,MO,3001,"Wagade Gpo",30.4,,,कुडाळ,कोल्हापुर,147.4,19:15,23:40,"Non Obl",Daily,"विश्रांती 18.50 ते 19.15",,
81145,"Kudal St Depot To Bijapur","Kudal St Depot",Bijapur,,MO,2786,Kankavli,36.1,,,कुडाळ,कोल्हापुर,147.4,19:15,23:40,"Non Obl",Daily,"विश्रांती 18.50 ते 19.15",,
81145,"Kudal St Depot To Bijapur","Kudal St Depot",Bijapur,,MO,2768,"Janavali Gavthanwadi",39.4,,,कुडाळ,कोल्हापुर,147.4,19:15,23:40,"Non Obl",Daily,"विश्रांती 18.50 ते 19.15",,
81145,"Kudal St Depot To Bijapur","Kudal St Depot",Bijapur,,MO,2756,"Humrat Titha",43.7,,,कुडाळ,कोल्हापुर,147.4,19:15,23:40,"Non Obl",Daily,"विश्रांती 18.50 ते 19.15",,
81145,"Kudal St Depot To Bijapur","Kudal St Depot",Bijapur,,MO,2655,Belane,45.9,,,कुडाळ,कोल्हापुर,147.4,19:15,23:40,"Non Obl",Daily,"विश्रांती 18.50 ते 19.15",,
81145,"Kudal St Depot To Bijapur","Kudal St Depot",Bijapur,,MO,2870,"Nandgaon Datta Mandir",48.3,,,कुडाळ,कोल्हापुर,147.4,19:15,23:40,"Non Obl",Daily,"विश्रांती 18.50 ते 19.15",,
81145,"Kudal St Depot To Bijapur","Kudal St Depot",Bijapur,,MO,2871,"Nandgaon Fata",50.4,,,कुडाळ,कोल्हापुर,147.4,19:15,23:40,"Non Obl",Daily,"विश्रांती 18.50 ते 19.15",,
81145,"Kudal St Depot To Bijapur","Kudal St Depot",Bijapur,,MO,2872,"Nandgaon Nursary",51.4,,,कुडाळ,कोल्हापुर,147.4,19:15,23:40,"Non Obl",Daily,"विश्रांती 18.50 ते 19.15",,
81145,"Kudal St Depot To Bijapur","Kudal St Depot",Bijapur,,MO,2673,"Bramhan Wadi",55.2,,,कुडाळ,कोल्हापुर,147.4,19:15,23:40,"Non Obl",Daily,"विश्रांती 18.50 ते 19.15",,
81145,"Kudal St Depot To Bijapur","Kudal St Depot",Bijapur,,MO,2997,"Vijaydurg Fata",57.4,,,कुडाळ,कोल्हापुर,147.4,19:15,23:40,"Non Obl",Daily,"विश्रांती 18.50 ते 19.15",,
81145,"Kudal St Depot To Bijapur","Kudal St Depot",Bijapur,,MO,2982,Tarla,58.2,,,कुडाळ,कोल्हापुर,147.4,19:15,23:40,"Non Obl",Daily,"विश्रांती 18.50 ते 19.15",,
81145,"Kudal St Depot To Bijapur","Kudal St Depot",Bijapur,,MO,2796,"Kasarde Buddhawadi",61.4,,,कुडाळ,कोल्हापुर,147.4,19:15,23:40,"Non Obl",Daily,"विश्रांती 18.50 ते 19.15",,
81145,"Kudal St Depot To Bijapur","Kudal St Depot",Bijapur,,MO,2780,"Kambale Hotel",62,,,कुडाळ,कोल्हापुर,147.4,19:15,23:40,"Non Obl",Daily,"विश्रांती 18.50 ते 19.15",,
81145,"Kudal St Depot To Bijapur","Kudal St Depot",Bijapur,,MO,2841,Mahadevwadi,64,,,कुडाळ,कोल्हापुर,147.4,19:15,23:40,"Non Obl",Daily,"विश्रांती 18.50 ते 19.15",,
81145,"Kudal St Depot To Bijapur","Kudal St Depot",Bijapur,,MO,9241,Nadhawade,66.1,,,कुडाळ,कोल्हापुर,147.4,19:15,23:40,"Non Obl",Daily,"विश्रांती 18.50 ते 19.15",,
81145,"Kudal St Depot To Bijapur","Kudal St Depot",Bijapur,,MO,9213,"Kasale Wadi",67.4,,,कुडाळ,कोल्हापुर,147.4,19:15,23:40,"Non Obl",Daily,"विश्रांती 18.50 ते 19.15",,
81145,"Kudal St Depot To Bijapur","Kudal St Depot",Bijapur,,MO,9181,Bandhwadi,69.4,,,कुडाळ,कोल्हापुर,147.4,19:15,23:40,"Non Obl",Daily,"विश्रांती 18.50 ते 19.15",,
81145,"Kudal St Depot To Bijapur","Kudal St Depot",Bijapur,,MO,9291,Vaibhavwadi,72.4,,,कुडाळ,कोल्हापुर,147.4,19:15,23:40,"Non Obl",Daily,"विश्रांती 18.50 ते 19.15",,
81145,"Kudal St Depot To Bijapur","Kudal St Depot",Bijapur,,MO,9194,Edgaon,74.3,,,कुडाळ,कोल्हापुर,147.4,19:15,23:40,"Non Obl",Daily,"विश्रांती 18.50 ते 19.15",,
81145,"Kudal St Depot To Bijapur","Kudal St Depot",Bijapur,,MO,9297,"Water Tank",75.4,,,कुडाळ,कोल्हापुर,147.4,19:15,23:40,"Non Obl",Daily,"विश्रांती 18.50 ते 19.15",,
81145,"Kudal St Depot To Bijapur","Kudal St Depot",Bijapur,,MO,9208,Jamadarwadi,78.4,,,कुडाळ,कोल्हापुर,147.4,19:15,23:40,"Non Obl",Daily,"विश्रांती 18.50 ते 19.15",,
81145,"Kudal St Depot To Bijapur","Kudal St Depot",Bijapur,,MO,9212,"Karul High School",79.9,,,कुडाळ,कोल्हापुर,147.4,19:15,23:40,"Non Obl",Daily,"विश्रांती 18.50 ते 19.15",,
81145,"Kudal St Depot To Bijapur","Kudal St Depot",Bijapur,,MO,9182,Bhattiwadi,81.4,,,कुडाळ,कोल्हापुर,147.4,19:15,23:40,"Non Obl",Daily,"विश्रांती 18.50 ते 19.15",,
81145,"Kudal St Depot To Bijapur","Kudal St Depot",Bijapur,,MO,23733,Gaganbawda,90.4,,,कुडाळ,कोल्हापुर,147.4,19:15,23:40,"Non Obl",Daily,"विश्रांती 18.50 ते 19.15",,
81145,"Kudal St Depot To Bijapur","Kudal St Depot",Bijapur,,MO,24144,"Jambhulwadi Fata",93,,,कुडाळ,कोल्हापुर,147.4,19:15,23:40,"Non Obl",Daily,"विश्रांती 18.50 ते 19.15",,
81145,"Kudal St Depot To Bijapur","Kudal St Depot",Bijapur,,MO,25406,"Rest House",95.6,,,कुडाळ,कोल्हापुर,147.4,19:15,23:40,"Non Obl",Daily,"विश्रांती 18.50 ते 19.15",,
81145,"Kudal St Depot To Bijapur","Kudal St Depot",Bijapur,,MO,25662,"Sangshi Fata",96,,,कुडाळ,कोल्हापुर,147.4,19:15,23:40,"Non Obl",Daily,"विश्रांती 18.50 ते 19.15",,
81145,"Kudal St Depot To Bijapur","Kudal St Depot",Bijapur,,MO,25648,"Sangshi Canteen",97,,,कुडाळ,कोल्हापुर,147.4,19:15,23:40,"Non Obl",Daily,"विश्रांती 18.50 ते 19.15",,
81145,"Kudal St Depot To Bijapur","Kudal St Depot",Bijapur,,MO,25139,Pargavkarwadi,97.6,,,कुडाळ,कोल्हापुर,147.4,19:15,23:40,"Non Obl",Daily,"विश्रांती 18.50 ते 19.15",,
81145,"Kudal St Depot To Bijapur","Kudal St Depot",Bijapur,,MO,30324,"Asalaj Canteen",100.3,,,कुडाळ,कोल्हापुर,147.4,19:15,23:40,"Non Obl",Daily,"विश्रांती 18.50 ते 19.15",,
81145,"Kudal St Depot To Bijapur","Kudal St Depot",Bijapur,,MO,23085,Aslaj,101.3,,,कुडाळ,कोल्हापुर,147.4,19:15,23:40,"Non Obl",Daily,"विश्रांती 18.50 ते 19.15",,
81145,"Kudal St Depot To Bijapur","Kudal St Depot",Bijapur,,MO,25155,"Padalwadi Fata",103.3,,,कुडाळ,कोल्हापुर,147.4,19:15,23:40,"Non Obl",Daily,"विश्रांती 18.50 ते 19.15",,
81145,"Kudal St Depot To Bijapur","Kudal St Depot",Bijapur,,MO,30326,"Andur Fata",106.6,,,कुडाळ,कोल्हापुर,147.4,19:15,23:40,"Non Obl",Daily,"विश्रांती 18.50 ते 19.15",,
81145,"Kudal St Depot To Bijapur","Kudal St Depot",Bijapur,,MO,24452,"Khopadewadi Fata",109.7,,,कुडाळ,कोल्हापुर,147.4,19:15,23:40,"Non Obl",Daily,"विश्रांती 18.50 ते 19.15",,
81145,"Kudal St Depot To Bijapur","Kudal St Depot",Bijapur,,MO,24891,"Margewadi Gaon",112.2,,,कुडाळ,कोल्हापुर,147.4,19:15,23:40,"Non Obl",Daily,"विश्रांती 18.50 ते 19.15",,
81145,"Kudal St Depot To Bijapur","Kudal St Depot",Bijapur,,MO,25627,Salvan,115,,,कुडाळ,कोल्हापुर,147.4,19:15,23:40,"Non Obl",Daily,"विश्रांती 18.50 ते 19.15",,
81145,"Kudal St Depot To Bijapur","Kudal St Depot",Bijapur,,MO,26015,"Vetwade Fata",116,,,कुडाळ,कोल्हापुर,147.4,19:15,23:40,"Non Obl",Daily,"विश्रांती 18.50 ते 19.15",,
81145,"Kudal St Depot To Bijapur","Kudal St Depot",Bijapur,,MO,25612,Sakhari,117.6,,,कुडाळ,कोल्हापुर,147.4,19:15,23:40,"Non Obl",Daily,"विश्रांती 18.50 ते 19.15",,
81145,"Kudal St Depot To Bijapur","Kudal St Depot",Bijapur,,MO,24332,Kirve,118.3,,,कुडाळ,कोल्हापुर,147.4,19:15,23:40,"Non Obl",Daily,"विश्रांती 18.50 ते 19.15",,
81145,"Kudal St Depot To Bijapur","Kudal St Depot",Bijapur,,MO,24616,Longhe,119.3,,,कुडाळ,कोल्हापुर,147.4,19:15,23:40,"Non Obl",Daily,"विश्रांती 18.50 ते 19.15",,
81145,"Kudal St Depot To Bijapur","Kudal St Depot",Bijapur,,MO,24941,Mutkeshwar,120.5,,,कुडाळ,कोल्हापुर,147.4,19:15,23:40,"Non Obl",Daily,"विश्रांती 18.50 ते 19.15",,
81145,"Kudal St Depot To Bijapur","Kudal St Depot",Bijapur,,MO,24361,"Kale Canteen",125.6,,,कुडाळ,कोल्हापुर,147.4,19:15,23:40,"Non Obl",Daily,"विश्रांती 18.50 ते 19.15",,
81145,"Kudal St Depot To Bijapur","Kudal St Depot",Bijapur,,MO,23390,Chinchvade,132,,,कुडाळ,कोल्हापुर,147.4,19:15,23:40,"Non Obl",Daily,"विश्रांती 18.50 ते 19.15",,
81145,"Kudal St Depot To Bijapur","Kudal St Depot",Bijapur,,MO,30585,Aadoor,132.4,,,कुडाळ,कोल्हापुर,147.4,19:15,23:40,"Non Obl",Daily,"विश्रांती 18.50 ते 19.15",,
81145,"Kudal St Depot To Bijapur","Kudal St Depot",Bijapur,,MO,24253,"Kuditre Factory",136,,,कुडाळ,कोल्हापुर,147.4,19:15,23:40,"Non Obl",Daily,"विश्रांती 18.50 ते 19.15",,
81145,"Kudal St Depot To Bijapur","Kudal St Depot",Bijapur,,MO,23598,Donawade,136.3,,,कुडाळ,कोल्हापुर,147.4,19:15,23:40,"Non Obl",Daily,"विश्रांती 18.50 ते 19.15",,
81145,"Kudal St Depot To Bijapur","Kudal St Depot",Bijapur,,MO,23133,Balinga,138,,,कुडाळ,कोल्हापुर,147.4,19:15,23:40,"Non Obl",Daily,"विश्रांती 18.50 ते 19.15",,
81145,"Kudal St Depot To Bijapur","Kudal St Depot",Bijapur,,MO,24309,Khandsari,139,,,कुडाळ,कोल्हापुर,147.4,19:15,23:40,"Non Obl",Daily,"विश्रांती 18.50 ते 19.15",,
81145,"Kudal St Depot To Bijapur","Kudal St Depot",Bijapur,,MO,25156,"Padal Fata",140,,,कुडाळ,कोल्हापुर,147.4,19:15,23:40,"Non Obl",Daily,"विश्रांती 18.50 ते 19.15",,
81145,"Kudal St Depot To Bijapur","Kudal St Depot",Bijapur,,MO,23699,"Fulewadi Octroi Naka",140,,,कुडाळ,कोल्हापुर,147.4,19:15,23:40,"Non Obl",Daily,"विश्रांती 18.50 ते 19.15",,
81145,"Kudal St Depot To Bijapur","Kudal St Depot",Bijapur,,MO,25400,Rankala,142.1,,,कुडाळ,कोल्हापुर,147.4,19:15,23:40,"Non Obl",Daily,"विश्रांती 18.50 ते 19.15",,
81145,"Kudal St Depot To Bijapur","Kudal St Depot",Bijapur,,MO,23625,"Dasara Chwok",144.7,,,कुडाळ,कोल्हापुर,147.4,19:15,23:40,"Non Obl",Daily,"विश्रांती 18.50 ते 19.15",,
81145,"Kudal St Depot To Bijapur","Kudal St Depot",Bijapur,,MO,24359,Kolhapur,147.4,,,कुडाळ,कोल्हापुर,147.4,19:15,23:40,"Non Obl",Daily,"विश्रांती 18.50 ते 19.15",,
81145,"Kudal St Depot To Bijapur","Kudal St Depot",Bijapur,,MO,24904,"Market Yard",148.6,,,कुडाळ,कोल्हापुर,147.4,19:15,23:40,"Non Obl",Daily,"विश्रांती 18.50 ते 19.15",,
81145,"Kudal St Depot To Bijapur","Kudal St Depot",Bijapur,,MO,25652,"Sangli Fata",152.3,,,कुडाळ,कोल्हापुर,147.4,19:15,23:40,"Non Obl",Daily,"विश्रांती 18.50 ते 19.15",,
81145,"Kudal St Depot To Bijapur","Kudal St Depot",Bijapur,,MO,23235,"Bhikar Kadgaon Fata",155.3,,,कुडाळ,कोल्हापुर,147.4,19:15,23:40,"Non Obl",Daily,"विश्रांती 18.50 ते 19.15",,
81145,"Kudal St Depot To Bijapur","Kudal St Depot",Bijapur,,MO,23993,Herle,156.8,,,कुडाळ,कोल्हापुर,147.4,19:15,23:40,"Non Obl",Daily,"विश्रांती 18.50 ते 19.15",,
81145,"Kudal St Depot To Bijapur","Kudal St Depot",Bijapur,,MO,23093,Atigre,161.7,,,कुडाळ,कोल्हापुर,147.4,19:15,23:40,"Non Obl",Daily,"विश्रांती 18.50 ते 19.15",,
81145,"Kudal St Depot To Bijapur","Kudal St Depot",Bijapur,,MO,25373,"Ramling Fata",166.8,,,कुडाळ,कोल्हापुर,147.4,19:15,23:40,"Non Obl",Daily,"विश्रांती 18.50 ते 19.15",,
81145,"Kudal St Depot To Bijapur","Kudal St Depot",Bijapur,,MO,24013,Hatkanangale,168.1,,,कुडाळ,कोल्हापुर,147.4,19:15,23:40,"Non Obl",Daily,"विश्रांती 18.50 ते 19.15",,
81145,"Kudal St Depot To Bijapur","Kudal St Depot",Bijapur,,MO,25781,Tambadelge,173,,,कुडाळ,कोल्हापुर,147.4,19:15,23:40,"Non Obl",Daily,"विश्रांती 18.50 ते 19.15",,
81145,"Kudal St Depot To Bijapur","Kudal St Depot",Bijapur,,MO,25055,"Nim Shirgaon Fata",175.5,,,कुडाळ,कोल्हापुर,147.4,19:15,23:40,"Non Obl",Daily,"विश्रांती 18.50 ते 19.15",,
81145,"Kudal St Depot To Bijapur","Kudal St Depot",Bijapur,,MO,24421,"Kondigre Nivara",177.7,,,कुडाळ,कोल्हापुर,147.4,19:15,23:40,"Non Obl",Daily,"विश्रांती 18.50 ते 19.15",,
81145,"Kudal St Depot To Bijapur","Kudal St Depot",Bijapur,,MO,23465,"Chipari Fata",178.3,,,कुडाळ,कोल्हापुर,147.4,19:15,23:40,"Non Obl",Daily,"विश्रांती 18.50 ते 19.15",,
81145,"Kudal St Depot To Bijapur","Kudal St Depot",Bijapur,,MO,24134,Jaisingpur,183.8,,,कुडाळ,कोल्हापुर,147.4,19:15,23:40,"Non Obl",Daily,"विश्रांती 18.50 ते 19.15",,
81145,"Kudal St Depot To Bijapur","Kudal St Depot",Bijapur,,MO,34182,Udgaon,185.7,,,कुडाळ,कोल्हापुर,147.4,19:15,23:40,"Non Obl",Daily,"विश्रांती 18.50 ते 19.15",,
81145,"Kudal St Depot To Bijapur","Kudal St Depot",Bijapur,,MO,33636,Akali,187.8,,,कुडाळ,कोल्हापुर,147.4,19:15,23:40,"Non Obl",Daily,"विश्रांती 18.50 ते 19.15",,
81145,"Kudal St Depot To Bijapur","Kudal St Depot",Bijapur,,MO,33966,"Miraj Fata",190,,,कुडाळ,कोल्हापुर,147.4,19:15,23:40,"Non Obl",Daily,"विश्रांती 18.50 ते 19.15",,
81145,"Kudal St Depot To Bijapur","Kudal St Depot",Bijapur,,MO,33745,"Dhamani Fata",190.5,,,कुडाळ,कोल्हापुर,147.4,19:15,23:40,"Non Obl",Daily,"विश्रांती 18.50 ते 19.15",,
81145,"Kudal St Depot To Bijapur","Kudal St Depot",Bijapur,,MO,33967,Miraj,199.8,,,कुडाळ,कोल्हापुर,147.4,19:15,23:40,"Non Obl",Daily,"विश्रांती 18.50 ते 19.15",,
81145,"Kudal St Depot To Bijapur","Kudal St Depot",Bijapur,,MO,33942,Mhaishal,208.2,,,कुडाळ,कोल्हापुर,147.4,19:15,23:40,"Non Obl",Daily,"विश्रांती 18.50 ते 19.15",,
81145,"Kudal St Depot To Bijapur","Kudal St Depot",Bijapur,,MO,33924,"Mah Kar Border",212,,,कुडाळ,कोल्हापुर,147.4,19:15,23:40,"Non Obl",Daily,"विश्रांती 18.50 ते 19.15",,
81145,"Kudal St Depot To Bijapur","Kudal St Depot",Bijapur,,MO,73735,"Karnataka Border",212.1,,,कुडाळ,कोल्हापुर,147.4,19:15,23:40,"Non Obl",Daily,"विश्रांती 18.50 ते 19.15",,
81145,"Kudal St Depot To Bijapur","Kudal St Depot",Bijapur,,MO,73609,Kagwad,218.2,,,कुडाळ,कोल्हापुर,147.4,19:15,23:40,"Non Obl",Daily,"विश्रांती 18.50 ते 19.15",,
81145,"Kudal St Depot To Bijapur","Kudal St Depot",Bijapur,,MO,74034,Shedbal,221.2,,,कुडाळ,कोल्हापुर,147.4,19:15,23:40,"Non Obl",Daily,"विश्रांती 18.50 ते 19.15",,
81145,"Kudal St Depot To Bijapur","Kudal St Depot",Bijapur,,MO,73804,Mangsuli,233.2,,,कुडाळ,कोल्हापुर,147.4,19:15,23:40,"Non Obl",Daily,"विश्रांती 18.50 ते 19.15",,
81145,"Kudal St Depot To Bijapur","Kudal St Depot",Bijapur,,MO,73165,Athani,257.2,,,कुडाळ,कोल्हापुर,147.4,19:15,23:40,"Non Obl",Daily,"विश्रांती 18.50 ते 19.15",,
81145,"Kudal St Depot To Bijapur","Kudal St Depot",Bijapur,,MO,73121,Aigale,281.2,,,कुडाळ,कोल्हापुर,147.4,19:15,23:40,"Non Obl",Daily,"विश्रांती 18.50 ते 19.15",,
81145,"Kudal St Depot To Bijapur","Kudal St Depot",Bijapur,,MO,74156,Telsang,293.2,,,कुडाळ,कोल्हापुर,147.4,19:15,23:40,"Non Obl",Daily,"विश्रांती 18.50 ते 19.15",,
81145,"Kudal St Depot To Bijapur","Kudal St Depot",Bijapur,,MO,73525,Honwad,302.2,,,कुडाळ,कोल्हापुर,147.4,19:15,23:40,"Non Obl",Daily,"विश्रांती 18.50 ते 19.15",,
81145,"Kudal St Depot To Bijapur","Kudal St Depot",Bijapur,,MO,74168,Tikota,314.2,,,कुडाळ,कोल्हापुर,147.4,19:15,23:40,"Non Obl",Daily,"विश्रांती 18.50 ते 19.15",,
81145,"Kudal St Depot To Bijapur","Kudal St Depot",Bijapur,,MO,73235,Bijapur,333.1,,,कुडाळ,कोल्हापुर,147.4,19:15,23:40,"Non Obl",Daily,"विश्रांती 18.50 ते 19.15",,
125906,"Kudal Depot To Malaiwadi Via Mangaon","Kudal St Depot",Malaiwadi,MANGAON,MO,6240,"Kudal St Depot",,,,"कुडाळ आगार",फुटब्रीज,40.8,12:30,14:00,,,,,
125906,"Kudal Depot To Malaiwadi Via Mangaon","Kudal St Depot",Malaiwadi,MANGAON,MO,6237,"Kudal St Depot",1.5,,,"कुडाळ आगार",फुटब्रीज,40.8,12:30,14:00,,,,,
125906,"Kudal Depot To Malaiwadi Via Mangaon","Kudal St Depot",Malaiwadi,MANGAON,MO,6302,"Modka Wad Pinguli",4.5,,,"कुडाळ आगार",फुटब्रीज,40.8,12:30,14:00,,,,,
125906,"Kudal Depot To Malaiwadi Via Mangaon","Kudal St Depot",Malaiwadi,MANGAON,MO,6376,"Pinguli Titha",6.1,,,"कुडाळ आगार",फुटब्रीज,40.8,12:30,14:00,,,,,
125906,"Kudal Depot To Malaiwadi Via Mangaon","Kudal St Depot",Malaiwadi,MANGAON,MO,6126,Bibavane,6.7,,,"कुडाळ आगार",फुटब्रीज,40.8,12:30,14:00,,,,,
125906,"Kudal Depot To Malaiwadi Via Mangaon","Kudal St Depot",Malaiwadi,MANGAON,MO,6315,"Mile Stone",7.1,,,"कुडाळ आगार",फुटब्रीज,40.8,12:30,14:00,,,,,
125906,"Kudal Depot To Malaiwadi Via Mangaon","Kudal St Depot",Malaiwadi,MANGAON,MO,6322,"Mandkuli Fata",7.2,,,"कुडाळ आगार",फुटब्रीज,40.8,12:30,14:00,,,,,
125906,"Kudal Depot To Malaiwadi Via Mangaon","Kudal St Depot",Malaiwadi,MANGAON,MO,6400,Salgaon,10.4,,,"कुडाळ आगार",फुटब्रीज,40.8,12:30,14:00,,,,,
125906,"Kudal Depot To Malaiwadi Via Mangaon","Kudal St Depot",Malaiwadi,MANGAON,MO,6474,"Zharap Titha",11,,,"कुडाळ आगार",फुटब्रीज,40.8,12:30,14:00,,,,,
125906,"Kudal Depot To Malaiwadi Via Mangaon","Kudal St Depot",Malaiwadi,MANGAON,MO,6412,"Salgaon Harijanwadi",13,,,"कुडाळ आगार",फुटब्रीज,40.8,12:30,14:00,,,,,
125906,"Kudal Depot To Malaiwadi Via Mangaon","Kudal St Depot",Malaiwadi,MANGAON,MO,6386,"Power House",16.5,,,"कुडाळ आगार",फुटब्रीज,40.8,12:30,14:00,,,,,
125906,"Kudal Depot To Malaiwadi Via Mangaon","Kudal St Depot",Malaiwadi,MANGAON,MO,6323,"Mangaon Titha",16.8,,,"कुडाळ आगार",फुटब्रीज,40.8,12:30,14:00,,,,,
125906,"Kudal Depot To Malaiwadi Via Mangaon","Kudal St Depot",Malaiwadi,MANGAON,MO,6317,Mangaon,18.7,,,"कुडाळ आगार",फुटब्रीज,40.8,12:30,14:00,,,,,
125906,"Kudal Depot To Malaiwadi Via Mangaon","Kudal St Depot",Malaiwadi,MANGAON,MO,6319,"Mangaon Phc",20.4,,,"कुडाळ आगार",फुटब्रीज,40.8,12:30,14:00,,,,,
125906,"Kudal Depot To Malaiwadi Via Mangaon","Kudal St Depot",Malaiwadi,MANGAON,MO,6092,Amberi,21.1,,,"कुडाळ आगार",फुटब्रीज,40.8,12:30,14:00,,,,,
125906,"Kudal Depot To Malaiwadi Via Mangaon","Kudal St Depot",Malaiwadi,MANGAON,MO,6464,"Wados Bazar",25.2,,,"कुडाळ आगार",फुटब्रीज,40.8,12:30,14:00,,,,,
125906,"Kudal Depot To Malaiwadi Via Mangaon","Kudal St Depot",Malaiwadi,MANGAON,MO,6190,"Gothos Titha",26.1,,,"कुडाळ आगार",फुटब्रीज,40.8,12:30,14:00,,,,,
125906,"Kudal Depot To Malaiwadi Via Mangaon","Kudal St Depot",Malaiwadi,MANGAON,MO,6341,"Nileli Dairy",27.4,,,"कुडाळ आगार",फुटब्रीज,40.8,12:30,14:00,,,,,
125906,"Kudal Depot To Malaiwadi Via Mangaon","Kudal St Depot",Malaiwadi,MANGAON,MO,6344,"Nileli Nursery",27.5,,,"कुडाळ आगार",फुटब्रीज,40.8,12:30,14:00,,,,,
125906,"Kudal Depot To Malaiwadi Via Mangaon","Kudal St Depot",Malaiwadi,MANGAON,MO,88081,"Mahadevache Kerawade",28.5,,,"कुडाळ आगार",फुटब्रीज,40.8,12:30,14:00,,,,,
125906,"Kudal Depot To Malaiwadi Via Mangaon","Kudal St Depot",Malaiwadi,MANGAON,MO,6148,"Chafeli Nursery",32.2,,,"कुडाळ आगार",फुटब्रीज,40.8,12:30,14:00,,,,,
125906,"Kudal Depot To Malaiwadi Via Mangaon","Kudal St Depot",Malaiwadi,MANGAON,MO,6199,"Haldiche Nerur Titha",34.2,,,"कुडाळ आगार",फुटब्रीज,40.8,12:30,14:00,,,,,
125906,"Kudal Depot To Malaiwadi Via Mangaon","Kudal St Depot",Malaiwadi,MANGAON,MO,6232,"Karyad Narur",34.9,,,"कुडाळ आगार",फुटब्रीज,40.8,12:30,14:00,,,,,
125906,"Kudal Depot To Malaiwadi Via Mangaon","Kudal St Depot",Malaiwadi,MANGAON,MO,6170,Footbridge,37.1,,,"कुडाळ आगार",फुटब्रीज,40.8,12:30,14:00,,,,,
125906,"Kudal Depot To Malaiwadi Via Mangaon","Kudal St Depot",Malaiwadi,MANGAON,MO,6299,Madhaliwadi,38.1,,,"कुडाळ आगार",फुटब्रीज,40.8,12:30,14:00,,,,,
125906,"Kudal Depot To Malaiwadi Via Mangaon","Kudal St Depot",Malaiwadi,MANGAON,MO,6311,Malaiwadi,40.8,,,"कुडाळ आगार",फुटब्रीज,40.8,12:30,14:00,,,,,
11358,"Kudal To Wirwadi","Kudal St Depot",Wirwadi,,MO,6237,"Kudal St Depot",,,,कुडाळ,वसोली,36.8,19:00,20:30,,,"विश्रांती 14.20-15.45",,
11358,"Kudal To Wirwadi","Kudal St Depot",Wirwadi,,MO,6376,"Pinguli Titha",5.1,,,कुडाळ,वसोली,36.8,19:00,20:30,,,"विश्रांती 14.20-15.45",,
11358,"Kudal To Wirwadi","Kudal St Depot",Wirwadi,,MO,6126,Bibavane,5.7,,,कुडाळ,वसोली,36.8,19:00,20:30,,,"विश्रांती 14.20-15.45",,
11358,"Kudal To Wirwadi","Kudal St Depot",Wirwadi,,MO,6315,"Mile Stone",6,,,कुडाळ,वसोली,36.8,19:00,20:30,,,"विश्रांती 14.20-15.45",,
11358,"Kudal To Wirwadi","Kudal St Depot",Wirwadi,,MO,6322,"Mandkuli Fata",7.5,,,कुडाळ,वसोली,36.8,19:00,20:30,,,"विश्रांती 14.20-15.45",,
11358,"Kudal To Wirwadi","Kudal St Depot",Wirwadi,,MO,6441,"Terse Bambarde Fata",8.4,,,कुडाळ,वसोली,36.8,19:00,20:30,,,"विश्रांती 14.20-15.45",,
11358,"Kudal To Wirwadi","Kudal St Depot",Wirwadi,,MO,6474,"Zharap Titha",11.4,,,कुडाळ,वसोली,36.8,19:00,20:30,,,"विश्रांती 14.20-15.45",,
11358,"Kudal To Wirwadi","Kudal St Depot",Wirwadi,,MO,6412,"Salgaon Harijanwadi",12,,,कुडाळ,वसोली,36.8,19:00,20:30,,,"विश्रांती 14.20-15.45",,
11358,"Kudal To Wirwadi","Kudal St Depot",Wirwadi,,MO,2844,"Mail Stone",14.8,,,कुडाळ,वसोली,36.8,19:00,20:30,,,"विश्रांती 14.20-15.45",,
11358,"Kudal To Wirwadi","Kudal St Depot",Wirwadi,,MO,6386,"Power House",16.5,,,कुडाळ,वसोली,36.8,19:00,20:30,,,"विश्रांती 14.20-15.45",,
11358,"Kudal To Wirwadi","Kudal St Depot",Wirwadi,,MO,6323,"Mangaon Titha",16.8,,,कुडाळ,वसोली,36.8,19:00,20:30,,,"विश्रांती 14.20-15.45",,
11358,"Kudal To Wirwadi","Kudal St Depot",Wirwadi,,MO,6317,Mangaon,18.7,,,कुडाळ,वसोली,36.8,19:00,20:30,,,"विश्रांती 14.20-15.45",,
11358,"Kudal To Wirwadi","Kudal St Depot",Wirwadi,,MO,6319,"Mangaon Phc",20.4,,,कुडाळ,वसोली,36.8,19:00,20:30,,,"विश्रांती 14.20-15.45",,
11358,"Kudal To Wirwadi","Kudal St Depot",Wirwadi,,MO,6092,Amberi,21.1,,,कुडाळ,वसोली,36.8,19:00,20:30,,,"विश्रांती 14.20-15.45",,
11358,"Kudal To Wirwadi","Kudal St Depot",Wirwadi,,MO,6463,"Wados Gpo",25,,,कुडाळ,वसोली,36.8,19:00,20:30,,,"विश्रांती 14.20-15.45",,
11358,"Kudal To Wirwadi","Kudal St Depot",Wirwadi,,MO,6464,"Wados Bazar",25.2,,,कुडाळ,वसोली,36.8,19:00,20:30,,,"विश्रांती 14.20-15.45",,
11358,"Kudal To Wirwadi","Kudal St Depot",Wirwadi,,MO,6190,"Gothos Titha",26.1,,,कुडाळ,वसोली,36.8,19:00,20:30,,,"विश्रांती 14.20-15.45",,
11358,"Kudal To Wirwadi","Kudal St Depot",Wirwadi,,MO,6341,"Nileli Dairy",27.5,,,कुडाळ,वसोली,36.8,19:00,20:30,,,"विश्रांती 14.20-15.45",,
11358,"Kudal To Wirwadi","Kudal St Depot",Wirwadi,,MO,6344,"Nileli Nursery",28.5,,,कुडाळ,वसोली,36.8,19:00,20:30,,,"विश्रांती 14.20-15.45",,
11358,"Kudal To Wirwadi","Kudal St Depot",Wirwadi,,MO,88081,"Mahadevache Kerawade",30.8,,,कुडाळ,वसोली,36.8,19:00,20:30,,,"विश्रांती 14.20-15.45",,
11358,"Kudal To Wirwadi","Kudal St Depot",Wirwadi,,MO,6147,Chafeli,32.2,,,कुडाळ,वसोली,36.8,19:00,20:30,,,"विश्रांती 14.20-15.45",,
11358,"Kudal To Wirwadi","Kudal St Depot",Wirwadi,,MO,6161,Dukanwad,34.8,,,कुडाळ,वसोली,36.8,19:00,20:30,,,"विश्रांती 14.20-15.45",,
11358,"Kudal To Wirwadi","Kudal St Depot",Wirwadi,,MO,6462,Wasoli,36.1,,,कुडाळ,वसोली,36.8,19:00,20:30,,,"विश्रांती 14.20-15.45",,
11358,"Kudal To Wirwadi","Kudal St Depot",Wirwadi,,MO,6469,Wirwadi,36.8,,,कुडाळ,वसोली,36.8,19:00,20:30,,,"विश्रांती 14.20-15.45",,
19929,"Narur Mahalaxmi Mandir To Kudal St Depot","Narur Mahalaxmi Mandir","Kudal St Depot",,MO,6346,"Narur Mahalaxmi Mandir",,,,नारर,"कुडाळ आगार",25,12:40,13:40,,,"6 तासात ड्यूटि संपते",,
19929,"Narur Mahalaxmi Mandir To Kudal St Depot","Narur Mahalaxmi Mandir","Kudal St Depot",,MO,6316,"Malawewadi Godown",3.5,,,नारर,"कुडाळ आगार",25,12:40,13:40,,,"6 तासात ड्यूटि संपते",,
19929,"Narur Mahalaxmi Mandir To Kudal St Depot","Narur Mahalaxmi Mandir","Kudal St Depot",,MO,6213,Hirlok,6.3,,,नारर,"कुडाळ आगार",25,12:40,13:40,,,"6 तासात ड्यूटि संपते",,
19929,"Narur Mahalaxmi Mandir To Kudal St Depot","Narur Mahalaxmi Mandir","Kudal St Depot",,MO,6214,Hateri,8,,,नारर,"कुडाळ आगार",25,12:40,13:40,,,"6 तासात ड्यूटि संपते",,
19929,"Narur Mahalaxmi Mandir To Kudal St Depot","Narur Mahalaxmi Mandir","Kudal St Depot",,MO,6394,"Rangana Tulsuli Fata",9,,,नारर,"कुडाळ आगार",25,12:40,13:40,,,"6 तासात ड्यूटि संपते",,
19929,"Narur Mahalaxmi Mandir To Kudal St Depot","Narur Mahalaxmi Mandir","Kudal St Depot",,MO,6379,Parabwadi,11.5,,,नारर,"कुडाळ आगार",25,12:40,13:40,,,"6 तासात ड्यूटि संपते",,
19929,"Narur Mahalaxmi Mandir To Kudal St Depot","Narur Mahalaxmi Mandir","Kudal St Depot",,MO,6141,Bhogalewadi,12.2,,,नारर,"कुडाळ आगार",25,12:40,13:40,,,"6 तासात ड्यूटि संपते",,
19929,"Narur Mahalaxmi Mandir To Kudal St Depot","Narur Mahalaxmi Mandir","Kudal St Depot",,MO,6325,"Maruti Mandir",13.5,,,नारर,"कुडाळ आगार",25,12:40,13:40,,,"6 तासात ड्यूटि संपते",,
19929,"Narur Mahalaxmi Mandir To Kudal St Depot","Narur Mahalaxmi Mandir","Kudal St Depot",,MO,6109,"Ainmala Fata",14.3,,,नारर,"कुडाळ आगार",25,12:40,13:40,,,"6 तासात ड्यूटि संपते",,
19929,"Narur Mahalaxmi Mandir To Kudal St Depot","Narur Mahalaxmi Mandir","Kudal St Depot",,MO,88100,Vetalbambarde,16,,,नारर,"कुडाळ आगार",25,12:40,13:40,,,"6 तासात ड्यूटि संपते",,
19929,"Narur Mahalaxmi Mandir To Kudal St Depot","Narur Mahalaxmi Mandir","Kudal St Depot",,MO,6380,"Pawashi Panchayat",18,,,नारर,"कुडाळ आगार",25,12:40,13:40,,,"6 तासात ड्यूटि संपते",,
19929,"Narur Mahalaxmi Mandir To Kudal St Depot","Narur Mahalaxmi Mandir","Kudal St Depot",,MO,6237,"Kudal St Depot",23.5,,,नारर,"कुडाळ आगार",25,12:40,13:40,,,"6 तासात ड्यूटि संपते",,
19929,"Narur Mahalaxmi Mandir To Kudal St Depot","Narur Mahalaxmi Mandir","Kudal St Depot",,MO,6240,"Kudal St Depot",25,,,नारर,"कुडाळ आगार",25,12:40,13:40,,,"6 तासात ड्यूटि संपते",,
62925,"Kudal To Bhogalewadi Via Pandur Ainmala","Kudal St Depot",Bhogalewadi,"PANDUR TITHA",MO,6237,"Kudal St Depot",,,,कुडाळ,भोगलेवाडी,23.5,16:45,17:20,sc,"sat & SUN",,,
62925,"Kudal To Bhogalewadi Via Pandur Ainmala","Kudal St Depot",Bhogalewadi,"PANDUR TITHA",MO,6380,"Pawashi Panchayat",2.8,,,कुडाळ,भोगलेवाडी,23.5,16:45,17:20,sc,"sat & SUN",,,
62925,"Kudal To Bhogalewadi Via Pandur Ainmala","Kudal St Depot",Bhogalewadi,"PANDUR TITHA",MO,88100,Vetalbambarde,7,,,कुडाळ,भोगलेवाडी,23.5,16:45,17:20,sc,"sat & SUN",,,
62925,"Kudal To Bhogalewadi Via Pandur Ainmala","Kudal St Depot",Bhogalewadi,"PANDUR TITHA",MO,6378,"Pandur Titha",9.6,,,कुडाळ,भोगलेवाडी,23.5,16:45,17:20,sc,"sat & SUN",,,
62925,"Kudal To Bhogalewadi Via Pandur Ainmala","Kudal St Depot",Bhogalewadi,"PANDUR TITHA",MO,88100,Vetalbambarde,10,,,कुडाळ,भोगलेवाडी,23.5,16:45,17:20,sc,"sat & SUN",,,
62925,"Kudal To Bhogalewadi Via Pandur Ainmala","Kudal St Depot",Bhogalewadi,"PANDUR TITHA",MO,6109,"Ainmala Fata",13.7,,,कुडाळ,भोगलेवाडी,23.5,16:45,17:20,sc,"sat & SUN",,,
62925,"Kudal To Bhogalewadi Via Pandur Ainmala","Kudal St Depot",Bhogalewadi,"PANDUR TITHA",MO,6183,"Gadkariwadi Marathi School",15.2,,,कुडाळ,भोगलेवाडी,23.5,16:45,17:20,sc,"sat & SUN",,,
62925,"Kudal To Bhogalewadi Via Pandur Ainmala","Kudal St Depot",Bhogalewadi,"PANDUR TITHA",MO,6106,Ainmala,16.7,,,कुडाळ,भोगलेवाडी,23.5,16:45,17:20,sc,"sat & SUN",,,
62925,"Kudal To Bhogalewadi Via Pandur Ainmala","Kudal St Depot",Bhogalewadi,"PANDUR TITHA",MO,6183,"Gadkariwadi Marathi School",18.2,,,कुडाळ,भोगलेवाडी,23.5,16:45,17:20,sc,"sat & SUN",,,
62925,"Kudal To Bhogalewadi Via Pandur Ainmala","Kudal St Depot",Bhogalewadi,"PANDUR TITHA",MO,6325,"Maruti Mandir",21.6,,,कुडाळ,भोगलेवाडी,23.5,16:45,17:20,sc,"sat & SUN",,,
62925,"Kudal To Bhogalewadi Via Pandur Ainmala","Kudal St Depot",Bhogalewadi,"PANDUR TITHA",MO,6141,Bhogalewadi,23.5,,,कुडाळ,भोगलेवाडी,23.5,16:45,17:20,sc,"sat & SUN",,,
107818,"Panjim To Kudal",Panjim,"Kudal St Depot",,MO,71935,Panjim,,,,पणजी,कुडाळ,82.1,06:45,08:45,"Non Obl",Daily,,,
107818,"Panjim To Kudal",Panjim,"Kudal St Depot",,MO,71915,Mapusa,12,,,पणजी,कुडाळ,82.1,06:45,08:45,"Non Obl",Daily,,,
107818,"Panjim To Kudal",Panjim,"Kudal St Depot",,MO,71886,Kasarwada,15,,,पणजी,कुडाळ,82.1,06:45,08:45,"Non Obl",Daily,,,
107818,"Panjim To Kudal",Panjim,"Kudal St Depot",,MO,71890,Kolwal,20,,,पणजी,कुडाळ,82.1,06:45,08:45,"Non Obl",Daily,,,
107818,"Panjim To Kudal",Panjim,"Kudal St Depot",,MO,71873,Dhargal,22,,,पणजी,कुडाळ,82.1,06:45,08:45,"Non Obl",Daily,,,
107818,"Panjim To Kudal",Panjim,"Kudal St Depot",,MO,71904,Malapem,27,,,पणजी,कुडाळ,82.1,06:45,08:45,"Non Obl",Daily,,,
107818,"Panjim To Kudal",Panjim,"Kudal St Depot",,MO,71937,Pernem,30,,,पणजी,कुडाळ,82.1,06:45,08:45,"Non Obl",Daily,,,
107818,"Panjim To Kudal",Panjim,"Kudal St Depot",,MO,71922,Naibag,33,,,पणजी,कुडाळ,82.1,06:45,08:45,"Non Obl",Daily,,,
107818,"Panjim To Kudal",Panjim,"Kudal St Depot",,MO,71936,Poraskadem,35,,,पणजी,कुडाळ,82.1,06:45,08:45,"Non Obl",Daily,,,
107818,"Panjim To Kudal",Panjim,"Kudal St Depot",,MO,71958,Ugavem,38,,,पणजी,कुडाळ,82.1,06:45,08:45,"Non Obl",Daily,,,
107818,"Panjim To Kudal",Panjim,"Kudal St Depot",,MO,71956,Torsem,40,,,पणजी,कुडाळ,82.1,06:45,08:45,"Non Obl",Daily,,,
107818,"Panjim To Kudal",Panjim,"Kudal St Depot",,MO,71876,Galel,43,,,पणजी,कुडाळ,82.1,06:45,08:45,"Non Obl",Daily,,,
107818,"Panjim To Kudal",Panjim,"Kudal St Depot",,MO,71926,Patradevi,43.3,,,पणजी,कुडाळ,82.1,06:45,08:45,"Non Obl",Daily,,,
107818,"Panjim To Kudal",Panjim,"Kudal St Depot",,MO,8635,"Patradevi Goa Border",44,,,पणजी,कुडाळ,82.1,06:45,08:45,"Non Obl",Daily,,,
107818,"Panjim To Kudal",Panjim,"Kudal St Depot",,MO,8486,Banda,46.2,,,पणजी,कुडाळ,82.1,06:45,08:45,"Non Obl",Daily,,,
107818,"Panjim To Kudal",Panjim,"Kudal St Depot",,MO,89315,"Exicise Check Post",47,,,पणजी,कुडाळ,82.1,06:45,08:45,"Non Obl",Daily,,,
107818,"Panjim To Kudal",Panjim,"Kudal St Depot",,MO,8544,"Kudav Temb",48.9,,,पणजी,कुडाळ,82.1,06:45,08:45,"Non Obl",Daily,,,
107818,"Panjim To Kudal",Panjim,"Kudal St Depot",,MO,8560,Kondwada,50.8,,,पणजी,कुडाळ,82.1,06:45,08:45,"Non Obl",Daily,,,
107818,"Panjim To Kudal",Panjim,"Kudal St Depot",,MO,8499,"Doba Shel",52.8,,,पणजी,कुडाळ,82.1,06:45,08:45,"Non Obl",Daily,,,
107818,"Panjim To Kudal",Panjim,"Kudal St Depot",,MO,8578,"Majgaon Nala",55.6,,,पणजी,कुडाळ,82.1,06:45,08:45,"Non Obl",Daily,,,
107818,"Panjim To Kudal",Panjim,"Kudal St Depot",,MO,8529,Garad,57.2,,,पणजी,कुडाळ,82.1,06:45,08:45,"Non Obl",Daily,,,
107818,"Panjim To Kudal",Panjim,"Kudal St Depot",,MO,8663,Sawantwadi,58.8,,,पणजी,कुडाळ,82.1,06:45,08:45,"Non Obl",Daily,,,
107818,"Panjim To Kudal",Panjim,"Kudal St Depot",,MO,6249,"Kolgaon Titha",63,,,पणजी,कुडाळ,82.1,06:45,08:45,"Non Obl",Daily,,,
107818,"Panjim To Kudal",Panjim,"Kudal St Depot",,MO,6101,Akeri,64.7,,,पणजी,कुडाळ,82.1,06:45,08:45,"Non Obl",Daily,,,
107818,"Panjim To Kudal",Panjim,"Kudal St Depot",,MO,6231,"Khan Mohalla",67.3,,,पणजी,कुडाळ,82.1,06:45,08:45,"Non Obl",Daily,,,
107818,"Panjim To Kudal",Panjim,"Kudal St Depot",,MO,6474,"Zharap Titha",70.5,,,पणजी,कुडाळ,82.1,06:45,08:45,"Non Obl",Daily,,,
107818,"Panjim To Kudal",Panjim,"Kudal St Depot",,MO,6441,"Terse Bambarde Fata",72.8,,,पणजी,कुडाळ,82.1,06:45,08:45,"Non Obl",Daily,,,
107818,"Panjim To Kudal",Panjim,"Kudal St Depot",,MO,6322,"Mandkuli Fata",73.1,,,पणजी,कुडाळ,82.1,06:45,08:45,"Non Obl",Daily,,,
107818,"Panjim To Kudal",Panjim,"Kudal St Depot",,MO,6315,"Mile Stone",73.4,,,पणजी,कुडाळ,82.1,06:45,08:45,"Non Obl",Daily,,,
107818,"Panjim To Kudal",Panjim,"Kudal St Depot",,MO,6126,Bibavane,74.3,,,पणजी,कुडाळ,82.1,06:45,08:45,"Non Obl",Daily,,,
107818,"Panjim To Kudal",Panjim,"Kudal St Depot",,MO,6302,"Modka Wad Pinguli",76.4,,,पणजी,कुडाळ,82.1,06:45,08:45,"Non Obl",Daily,,,
107818,"Panjim To Kudal",Panjim,"Kudal St Depot",,MO,6237,"Kudal St Depot",82.1,,,पणजी,कुडाळ,82.1,06:45,08:45,"Non Obl",Daily,,,
126063,"Shivapur High School To Kudal Via Mangaon","Shivapur High School","Kudal St Depot",MANGAON,MO,6425,"Shivapur High School",,,,शिवापुर,कुडाळ,42.8,08:05,09:45,SC,Daily,,,
126063,"Shivapur High School To Kudal Via Mangaon","Shivapur High School","Kudal St Depot",MANGAON,MO,6420,"Shivapur Chaloba",1.3,,,शिवापुर,कुडाळ,42.8,08:05,09:45,SC,Daily,,,
126063,"Shivapur High School To Kudal Via Mangaon","Shivapur High School","Kudal St Depot",MANGAON,MO,6406,"Satichi Wadi",2.8,,,शिवापुर,कुडाळ,42.8,08:05,09:45,SC,Daily,,,
126063,"Shivapur High School To Kudal Via Mangaon","Shivapur High School","Kudal St Depot",MANGAON,MO,6469,Wirwadi,3.7,,,शिवापुर,कुडाळ,42.8,08:05,09:45,SC,Daily,,,
126063,"Shivapur High School To Kudal Via Mangaon","Shivapur High School","Kudal St Depot",MANGAON,MO,6471,"Wasoli Mandir",4.7,,,शिवापुर,कुडाळ,42.8,08:05,09:45,SC,Daily,,,
126063,"Shivapur High School To Kudal Via Mangaon","Shivapur High School","Kudal St Depot",MANGAON,MO,6472,"Wasoli Khochare Dukan",6,,,शिवापुर,कुडाळ,42.8,08:05,09:45,SC,Daily,,,
126063,"Shivapur High School To Kudal Via Mangaon","Shivapur High School","Kudal St Depot",MANGAON,MO,6161,Dukanwad,9.5,,,शिवापुर,कुडाळ,42.8,08:05,09:45,SC,Daily,,,
126063,"Shivapur High School To Kudal Via Mangaon","Shivapur High School","Kudal St Depot",MANGAON,MO,6202,"Haldiche Nerur",10.2,,,शिवापुर,कुडाळ,42.8,08:05,09:45,SC,Daily,,,
126063,"Shivapur High School To Kudal Via Mangaon","Shivapur High School","Kudal St Depot",MANGAON,MO,6148,"Chafeli Nursery",12.1,,,शिवापुर,कुडाळ,42.8,08:05,09:45,SC,Daily,,,
126063,"Shivapur High School To Kudal Via Mangaon","Shivapur High School","Kudal St Depot",MANGAON,MO,88081,"Mahadevache Kerawade",13.4,,,शिवापुर,कुडाळ,42.8,08:05,09:45,SC,Daily,,,
126063,"Shivapur High School To Kudal Via Mangaon","Shivapur High School","Kudal St Depot",MANGAON,MO,6344,"Nileli Nursery",16.8,,,शिवापुर,कुडाळ,42.8,08:05,09:45,SC,Daily,,,
126063,"Shivapur High School To Kudal Via Mangaon","Shivapur High School","Kudal St Depot",MANGAON,MO,6341,"Nileli Dairy",16.9,,,शिवापुर,कुडाळ,42.8,08:05,09:45,SC,Daily,,,
126063,"Shivapur High School To Kudal Via Mangaon","Shivapur High School","Kudal St Depot",MANGAON,MO,6190,"Gothos Titha",18.2,,,शिवापुर,कुडाळ,42.8,08:05,09:45,SC,Daily,,,
126063,"Shivapur High School To Kudal Via Mangaon","Shivapur High School","Kudal St Depot",MANGAON,MO,6464,"Wados Bazar",19.1,,,शिवापुर,कुडाळ,42.8,08:05,09:45,SC,Daily,,,
126063,"Shivapur High School To Kudal Via Mangaon","Shivapur High School","Kudal St Depot",MANGAON,MO,6092,Amberi,23.2,,,शिवापुर,कुडाळ,42.8,08:05,09:45,SC,Daily,,,
126063,"Shivapur High School To Kudal Via Mangaon","Shivapur High School","Kudal St Depot",MANGAON,MO,6319,"Mangaon Phc",23.9,,,शिवापुर,कुडाळ,42.8,08:05,09:45,SC,Daily,,,
126063,"Shivapur High School To Kudal Via Mangaon","Shivapur High School","Kudal St Depot",MANGAON,MO,6317,Mangaon,25.6,,,शिवापुर,कुडाळ,42.8,08:05,09:45,SC,Daily,,,
126063,"Shivapur High School To Kudal Via Mangaon","Shivapur High School","Kudal St Depot",MANGAON,MO,6323,"Mangaon Titha",27.5,,,शिवापुर,कुडाळ,42.8,08:05,09:45,SC,Daily,,,
126063,"Shivapur High School To Kudal Via Mangaon","Shivapur High School","Kudal St Depot",MANGAON,MO,6386,"Power House",27.8,,,शिवापुर,कुडाळ,42.8,08:05,09:45,SC,Daily,,,
126063,"Shivapur High School To Kudal Via Mangaon","Shivapur High School","Kudal St Depot",MANGAON,MO,6412,"Salgaon Harijanwadi",30.9,,,शिवापुर,कुडाळ,42.8,08:05,09:45,SC,Daily,,,
126063,"Shivapur High School To Kudal Via Mangaon","Shivapur High School","Kudal St Depot",MANGAON,MO,6474,"Zharap Titha",32.8,,,शिवापुर,कुडाळ,42.8,08:05,09:45,SC,Daily,,,
126063,"Shivapur High School To Kudal Via Mangaon","Shivapur High School","Kudal St Depot",MANGAON,MO,88091,"Terse Bambarde Gpo.",35.8,,,शिवापुर,कुडाळ,42.8,08:05,09:45,SC,Daily,,,
126063,"Shivapur High School To Kudal Via Mangaon","Shivapur High School","Kudal St Depot",MANGAON,MO,6322,"Mandkuli Fata",36.5,,,शिवापुर,कुडाळ,42.8,08:05,09:45,SC,Daily,,,
126063,"Shivapur High School To Kudal Via Mangaon","Shivapur High School","Kudal St Depot",MANGAON,MO,6315,"Mile Stone",37.1,,,शिवापुर,कुडाळ,42.8,08:05,09:45,SC,Daily,,,
126063,"Shivapur High School To Kudal Via Mangaon","Shivapur High School","Kudal St Depot",MANGAON,MO,6126,Bibavane,37.6,,,शिवापुर,कुडाळ,42.8,08:05,09:45,SC,Daily,,,
126063,"Shivapur High School To Kudal Via Mangaon","Shivapur High School","Kudal St Depot",MANGAON,MO,6376,"Pinguli Titha",38.2,,,शिवापुर,कुडाळ,42.8,08:05,09:45,SC,Daily,,,
126063,"Shivapur High School To Kudal Via Mangaon","Shivapur High School","Kudal St Depot",MANGAON,MO,6302,"Modka Wad Pinguli",39.8,,,शिवापुर,कुडाळ,42.8,08:05,09:45,SC,Daily,,,
126063,"Shivapur High School To Kudal Via Mangaon","Shivapur High School","Kudal St Depot",MANGAON,MO,6237,"Kudal St Depot",42.8,,,शिवापुर,कुडाळ,42.8,08:05,09:45,SC,Daily,,,
10970,"Kudal  To Malai Pangirewadi Via Tendoli","Kudal St Depot",Pangirewadi,"TENDOLI VETAL MANDIR",MO,6237,"Kudal St Depot",,,,कुडाळ,मळइर्,33.8,10:00,11:20,,,,,
10970,"Kudal  To Malai Pangirewadi Via Tendoli","Kudal St Depot",Pangirewadi,"TENDOLI VETAL MANDIR",MO,6376,"Pinguli Titha",4.3,,,कुडाळ,मळइर्,33.8,10:00,11:20,,,,,
10970,"Kudal  To Malai Pangirewadi Via Tendoli","Kudal St Depot",Pangirewadi,"TENDOLI VETAL MANDIR",MO,6251,"Karmal Galu",7.6,,,कुडाळ,मळइर्,33.8,10:00,11:20,,,,,
10970,"Kudal  To Malai Pangirewadi Via Tendoli","Kudal St Depot",Pangirewadi,"TENDOLI VETAL MANDIR",MO,6304,"Madyachiwadi Chinch",9.4,,,कुडाळ,मळइर्,33.8,10:00,11:20,,,,,
10970,"Kudal  To Malai Pangirewadi Via Tendoli","Kudal St Depot",Pangirewadi,"TENDOLI VETAL MANDIR",MO,6137,"Bhom Bagayat",12.2,,,कुडाळ,मळइर्,33.8,10:00,11:20,,,,,
10970,"Kudal  To Malai Pangirewadi Via Tendoli","Kudal St Depot",Pangirewadi,"TENDOLI VETAL MANDIR",MO,6258,Kumnos,14,,,कुडाळ,मळइर्,33.8,10:00,11:20,,,,,
10970,"Kudal  To Malai Pangirewadi Via Tendoli","Kudal St Depot",Pangirewadi,"TENDOLI VETAL MANDIR",MO,6430,"Tendoli Ravalnath Mandir",14.5,,,कुडाळ,मळइर्,33.8,10:00,11:20,,,,,
10970,"Kudal  To Malai Pangirewadi Via Tendoli","Kudal St Depot",Pangirewadi,"TENDOLI VETAL MANDIR",MO,6431,"Tendoli Vetal Mandir",16.2,,,कुडाळ,मळइर्,33.8,10:00,11:20,,,,,
10970,"Kudal  To Malai Pangirewadi Via Tendoli","Kudal St Depot",Pangirewadi,"TENDOLI VETAL MANDIR",MO,9830,Visapur,16.4,,,कुडाळ,मळइर्,33.8,10:00,11:20,,,,,
10970,"Kudal  To Malai Pangirewadi Via Tendoli","Kudal St Depot",Pangirewadi,"TENDOLI VETAL MANDIR",MO,9594,"Andurle Pimpal",18.1,,,कुडाळ,मळइर्,33.8,10:00,11:20,,,,,
10970,"Kudal  To Malai Pangirewadi Via Tendoli","Kudal St Depot",Pangirewadi,"TENDOLI VETAL MANDIR",MO,9595,"Andurle School",19.2,,,कुडाळ,मळइर्,33.8,10:00,11:20,,,,,
10970,"Kudal  To Malai Pangirewadi Via Tendoli","Kudal St Depot",Pangirewadi,"TENDOLI VETAL MANDIR",MO,9736,"New Society",19.5,,,कुडाळ,मळइर्,33.8,10:00,11:20,,,,,
10970,"Kudal  To Malai Pangirewadi Via Tendoli","Kudal St Depot",Pangirewadi,"TENDOLI VETAL MANDIR",MO,9780,"Savariche Bharad",21.3,,,कुडाळ,मळइर्,33.8,10:00,11:20,,,,,
10970,"Kudal  To Malai Pangirewadi Via Tendoli","Kudal St Depot",Pangirewadi,"TENDOLI VETAL MANDIR",MO,9755,"Pendurkar Dukan",23.5,,,कुडाळ,मळइर्,33.8,10:00,11:20,,,,,
10970,"Kudal  To Malai Pangirewadi Via Tendoli","Kudal St Depot",Pangirewadi,"TENDOLI VETAL MANDIR",MO,9754,"Pat Titha",25.3,,,कुडाळ,मळइर्,33.8,10:00,11:20,,,,,
10970,"Kudal  To Malai Pangirewadi Via Tendoli","Kudal St Depot",Pangirewadi,"TENDOLI VETAL MANDIR",MO,9714,Mhapan,26.8,,,कुडाळ,मळइर्,33.8,10:00,11:20,,,,,
10970,"Kudal  To Malai Pangirewadi Via Tendoli","Kudal St Depot",Pangirewadi,"TENDOLI VETAL MANDIR",MO,9682,"Khavane Fata",27.1,,,कुडाळ,मळइर्,33.8,10:00,11:20,,,,,
10970,"Kudal  To Malai Pangirewadi Via Tendoli","Kudal St Depot",Pangirewadi,"TENDOLI VETAL MANDIR",MO,9700,Malai,31.5,,,कुडाळ,मळइर्,33.8,10:00,11:20,,,,,
10970,"Kudal  To Malai Pangirewadi Via Tendoli","Kudal St Depot",Pangirewadi,"TENDOLI VETAL MANDIR",MO,9747,Pangirewadi,33.8,,,कुडाळ,मळइर्,33.8,10:00,11:20,,,,,
11081,"Panjim To Kudal St Depot",Panjim,"Kudal St Depot",,MO,71935,Panjim,,,,पणजी,"कुडाळ आगार",83.6,17:50,20:30,"Non Obl",Daily,"6 तासात ड्यूटि संपते",,
11081,"Panjim To Kudal St Depot",Panjim,"Kudal St Depot",,MO,71915,Mapusa,12,,,पणजी,"कुडाळ आगार",83.6,17:50,20:30,"Non Obl",Daily,"6 तासात ड्यूटि संपते",,
11081,"Panjim To Kudal St Depot",Panjim,"Kudal St Depot",,MO,71886,Kasarwada,15,,,पणजी,"कुडाळ आगार",83.6,17:50,20:30,"Non Obl",Daily,"6 तासात ड्यूटि संपते",,
11081,"Panjim To Kudal St Depot",Panjim,"Kudal St Depot",,MO,71890,Kolwal,20,,,पणजी,"कुडाळ आगार",83.6,17:50,20:30,"Non Obl",Daily,"6 तासात ड्यूटि संपते",,
11081,"Panjim To Kudal St Depot",Panjim,"Kudal St Depot",,MO,71873,Dhargal,22,,,पणजी,"कुडाळ आगार",83.6,17:50,20:30,"Non Obl",Daily,"6 तासात ड्यूटि संपते",,
11081,"Panjim To Kudal St Depot",Panjim,"Kudal St Depot",,MO,71901,Malpe,27,,,पणजी,"कुडाळ आगार",83.6,17:50,20:30,"Non Obl",Daily,"6 तासात ड्यूटि संपते",,
11081,"Panjim To Kudal St Depot",Panjim,"Kudal St Depot",,MO,71937,Pernem,30,,,पणजी,"कुडाळ आगार",83.6,17:50,20:30,"Non Obl",Daily,"6 तासात ड्यूटि संपते",,
11081,"Panjim To Kudal St Depot",Panjim,"Kudal St Depot",,MO,71922,Naibag,33,,,पणजी,"कुडाळ आगार",83.6,17:50,20:30,"Non Obl",Daily,"6 तासात ड्यूटि संपते",,
11081,"Panjim To Kudal St Depot",Panjim,"Kudal St Depot",,MO,71936,Poraskadem,35,,,पणजी,"कुडाळ आगार",83.6,17:50,20:30,"Non Obl",Daily,"6 तासात ड्यूटि संपते",,
11081,"Panjim To Kudal St Depot",Panjim,"Kudal St Depot",,MO,71958,Ugavem,38,,,पणजी,"कुडाळ आगार",83.6,17:50,20:30,"Non Obl",Daily,"6 तासात ड्यूटि संपते",,
11081,"Panjim To Kudal St Depot",Panjim,"Kudal St Depot",,MO,71956,Torsem,40,,,पणजी,"कुडाळ आगार",83.6,17:50,20:30,"Non Obl",Daily,"6 तासात ड्यूटि संपते",,
11081,"Panjim To Kudal St Depot",Panjim,"Kudal St Depot",,MO,71876,Galel,43,,,पणजी,"कुडाळ आगार",83.6,17:50,20:30,"Non Obl",Daily,"6 तासात ड्यूटि संपते",,
11081,"Panjim To Kudal St Depot",Panjim,"Kudal St Depot",,MO,71926,Patradevi,43.5,,,पणजी,"कुडाळ आगार",83.6,17:50,20:30,"Non Obl",Daily,"6 तासात ड्यूटि संपते",,
11081,"Panjim To Kudal St Depot",Panjim,"Kudal St Depot",,MO,8635,"Patradevi Goa Border",44,,,पणजी,"कुडाळ आगार",83.6,17:50,20:30,"Non Obl",Daily,"6 तासात ड्यूटि संपते",,
11081,"Panjim To Kudal St Depot",Panjim,"Kudal St Depot",,MO,8486,Banda,46.7,,,पणजी,"कुडाळ आगार",83.6,17:50,20:30,"Non Obl",Daily,"6 तासात ड्यूटि संपते",,
11081,"Panjim To Kudal St Depot",Panjim,"Kudal St Depot",,MO,8542,"Khamdev Naka",46.7,,,पणजी,"कुडाळ आगार",83.6,17:50,20:30,"Non Obl",Daily,"6 तासात ड्यूटि संपते",,
11081,"Panjim To Kudal St Depot",Panjim,"Kudal St Depot",,MO,89315,"Exicise Check Post",47,,,पणजी,"कुडाळ आगार",83.6,17:50,20:30,"Non Obl",Daily,"6 तासात ड्यूटि संपते",,
11081,"Panjim To Kudal St Depot",Panjim,"Kudal St Depot",,MO,8544,"Kudav Temb",49,,,पणजी,"कुडाळ आगार",83.6,17:50,20:30,"Non Obl",Daily,"6 तासात ड्यूटि संपते",,
11081,"Panjim To Kudal St Depot",Panjim,"Kudal St Depot",,MO,8560,Kondwada,50.7,,,पणजी,"कुडाळ आगार",83.6,17:50,20:30,"Non Obl",Daily,"6 तासात ड्यूटि संपते",,
11081,"Panjim To Kudal St Depot",Panjim,"Kudal St Depot",,MO,8499,"Doba Shel",52.8,,,पणजी,"कुडाळ आगार",83.6,17:50,20:30,"Non Obl",Daily,"6 तासात ड्यूटि संपते",,
11081,"Panjim To Kudal St Depot",Panjim,"Kudal St Depot",,MO,8658,"Sat Jambhali",54.2,,,पणजी,"कुडाळ आगार",83.6,17:50,20:30,"Non Obl",Daily,"6 तासात ड्यूटि संपते",,
11081,"Panjim To Kudal St Depot",Panjim,"Kudal St Depot",,MO,8578,"Majgaon Nala",56.1,,,पणजी,"कुडाळ आगार",83.6,17:50,20:30,"Non Obl",Daily,"6 तासात ड्यूटि संपते",,
11081,"Panjim To Kudal St Depot",Panjim,"Kudal St Depot",,MO,8529,Garad,57.2,,,पणजी,"कुडाळ आगार",83.6,17:50,20:30,"Non Obl",Daily,"6 तासात ड्यूटि संपते",,
11081,"Panjim To Kudal St Depot",Panjim,"Kudal St Depot",,MO,8663,Sawantwadi,59.3,,,पणजी,"कुडाळ आगार",83.6,17:50,20:30,"Non Obl",Daily,"6 तासात ड्यूटि संपते",,
11081,"Panjim To Kudal St Depot",Panjim,"Kudal St Depot",,MO,6249,"Kolgaon Titha",63,,,पणजी,"कुडाळ आगार",83.6,17:50,20:30,"Non Obl",Daily,"6 तासात ड्यूटि संपते",,
11081,"Panjim To Kudal St Depot",Panjim,"Kudal St Depot",,MO,6101,Akeri,65.2,,,पणजी,"कुडाळ आगार",83.6,17:50,20:30,"Non Obl",Daily,"6 तासात ड्यूटि संपते",,
11081,"Panjim To Kudal St Depot",Panjim,"Kudal St Depot",,MO,6231,"Khan Mohalla",67.8,,,पणजी,"कुडाळ आगार",83.6,17:50,20:30,"Non Obl",Daily,"6 तासात ड्यूटि संपते",,
11081,"Panjim To Kudal St Depot",Panjim,"Kudal St Depot",,MO,6474,"Zharap Titha",70.5,,,पणजी,"कुडाळ आगार",83.6,17:50,20:30,"Non Obl",Daily,"6 तासात ड्यूटि संपते",,
11081,"Panjim To Kudal St Depot",Panjim,"Kudal St Depot",,MO,6441,"Terse Bambarde Fata",72.8,,,पणजी,"कुडाळ आगार",83.6,17:50,20:30,"Non Obl",Daily,"6 तासात ड्यूटि संपते",,
11081,"Panjim To Kudal St Depot",Panjim,"Kudal St Depot",,MO,6322,"Mandkuli Fata",74.3,,,पणजी,"कुडाळ आगार",83.6,17:50,20:30,"Non Obl",Daily,"6 तासात ड्यूटि संपते",,
11081,"Panjim To Kudal St Depot",Panjim,"Kudal St Depot",,MO,6452,"Vinanti Stop",74.5,,,पणजी,"कुडाळ आगार",83.6,17:50,20:30,"Non Obl",Daily,"6 तासात ड्यूटि संपते",,
11081,"Panjim To Kudal St Depot",Panjim,"Kudal St Depot",,MO,6126,Bibavane,74.8,,,पणजी,"कुडाळ आगार",83.6,17:50,20:30,"Non Obl",Daily,"6 तासात ड्यूटि संपते",,
11081,"Panjim To Kudal St Depot",Panjim,"Kudal St Depot",,MO,6302,"Modka Wad Pinguli",78,,,पणजी,"कुडाळ आगार",83.6,17:50,20:30,"Non Obl",Daily,"6 तासात ड्यूटि संपते",,
11081,"Panjim To Kudal St Depot",Panjim,"Kudal St Depot",,MO,6237,"Kudal St Depot",79.9,,,पणजी,"कुडाळ आगार",83.6,17:50,20:30,"Non Obl",Daily,"6 तासात ड्यूटि संपते",,
11081,"Panjim To Kudal St Depot",Panjim,"Kudal St Depot",,MO,6240,"Kudal St Depot",83.6,,,पणजी,"कुडाळ आगार",83.6,17:50,20:30,"Non Obl",Daily,"6 तासात ड्यूटि संपते",,
19926,"Pangirewadi Malai To Kudal St Depot Via Tendoli",Pangirewadi,"Kudal St Depot","TENDOLI VETAL MANDIR",MO,9747,Pangirewadi,,,,मळइर्,"कुडाळ आगार",35.3,11:35,12:55,,,"विश्रांती 9.15-9.40",,
19926,"Pangirewadi Malai To Kudal St Depot Via Tendoli",Pangirewadi,"Kudal St Depot","TENDOLI VETAL MANDIR",MO,9700,Malai,3.8,,,मळइर्,"कुडाळ आगार",35.3,11:35,12:55,,,"विश्रांती 9.15-9.40",,
19926,"Pangirewadi Malai To Kudal St Depot Via Tendoli",Pangirewadi,"Kudal St Depot","TENDOLI VETAL MANDIR",MO,9682,"Khavane Fata",8.2,,,मळइर्,"कुडाळ आगार",35.3,11:35,12:55,,,"विश्रांती 9.15-9.40",,
19926,"Pangirewadi Malai To Kudal St Depot Via Tendoli",Pangirewadi,"Kudal St Depot","TENDOLI VETAL MANDIR",MO,9714,Mhapan,8.5,,,मळइर्,"कुडाळ आगार",35.3,11:35,12:55,,,"विश्रांती 9.15-9.40",,
19926,"Pangirewadi Malai To Kudal St Depot Via Tendoli",Pangirewadi,"Kudal St Depot","TENDOLI VETAL MANDIR",MO,9754,"Pat Titha",10,,,मळइर्,"कुडाळ आगार",35.3,11:35,12:55,,,"विश्रांती 9.15-9.40",,
19926,"Pangirewadi Malai To Kudal St Depot Via Tendoli",Pangirewadi,"Kudal St Depot","TENDOLI VETAL MANDIR",MO,9755,"Pendurkar Dukan",11.8,,,मळइर्,"कुडाळ आगार",35.3,11:35,12:55,,,"विश्रांती 9.15-9.40",,
19926,"Pangirewadi Malai To Kudal St Depot Via Tendoli",Pangirewadi,"Kudal St Depot","TENDOLI VETAL MANDIR",MO,9780,"Savariche Bharad",14,,,मळइर्,"कुडाळ आगार",35.3,11:35,12:55,,,"विश्रांती 9.15-9.40",,
19926,"Pangirewadi Malai To Kudal St Depot Via Tendoli",Pangirewadi,"Kudal St Depot","TENDOLI VETAL MANDIR",MO,9736,"New Society",15.8,,,मळइर्,"कुडाळ आगार",35.3,11:35,12:55,,,"विश्रांती 9.15-9.40",,
19926,"Pangirewadi Malai To Kudal St Depot Via Tendoli",Pangirewadi,"Kudal St Depot","TENDOLI VETAL MANDIR",MO,9595,"Andurle School",16.1,,,मळइर्,"कुडाळ आगार",35.3,11:35,12:55,,,"विश्रांती 9.15-9.40",,
19926,"Pangirewadi Malai To Kudal St Depot Via Tendoli",Pangirewadi,"Kudal St Depot","TENDOLI VETAL MANDIR",MO,9594,"Andurle Pimpal",17.2,,,मळइर्,"कुडाळ आगार",35.3,11:35,12:55,,,"विश्रांती 9.15-9.40",,
19926,"Pangirewadi Malai To Kudal St Depot Via Tendoli",Pangirewadi,"Kudal St Depot","TENDOLI VETAL MANDIR",MO,9830,Visapur,18.9,,,मळइर्,"कुडाळ आगार",35.3,11:35,12:55,,,"विश्रांती 9.15-9.40",,
19926,"Pangirewadi Malai To Kudal St Depot Via Tendoli",Pangirewadi,"Kudal St Depot","TENDOLI VETAL MANDIR",MO,6431,"Tendoli Vetal Mandir",19.1,,,मळइर्,"कुडाळ आगार",35.3,11:35,12:55,,,"विश्रांती 9.15-9.40",,
19926,"Pangirewadi Malai To Kudal St Depot Via Tendoli",Pangirewadi,"Kudal St Depot","TENDOLI VETAL MANDIR",MO,6430,"Tendoli Ravalnath Mandir",20.8,,,मळइर्,"कुडाळ आगार",35.3,11:35,12:55,,,"विश्रांती 9.15-9.40",,
19926,"Pangirewadi Malai To Kudal St Depot Via Tendoli",Pangirewadi,"Kudal St Depot","TENDOLI VETAL MANDIR",MO,6258,Kumnos,21.3,,,मळइर्,"कुडाळ आगार",35.3,11:35,12:55,,,"विश्रांती 9.15-9.40",,
19926,"Pangirewadi Malai To Kudal St Depot Via Tendoli",Pangirewadi,"Kudal St Depot","TENDOLI VETAL MANDIR",MO,6137,"Bhom Bagayat",23.1,,,मळइर्,"कुडाळ आगार",35.3,11:35,12:55,,,"विश्रांती 9.15-9.40",,
19926,"Pangirewadi Malai To Kudal St Depot Via Tendoli",Pangirewadi,"Kudal St Depot","TENDOLI VETAL MANDIR",MO,6304,"Madyachiwadi Chinch",25.9,,,मळइर्,"कुडाळ आगार",35.3,11:35,12:55,,,"विश्रांती 9.15-9.40",,
19926,"Pangirewadi Malai To Kudal St Depot Via Tendoli",Pangirewadi,"Kudal St Depot","TENDOLI VETAL MANDIR",MO,6251,"Karmal Galu",27.7,,,मळइर्,"कुडाळ आगार",35.3,11:35,12:55,,,"विश्रांती 9.15-9.40",,
19926,"Pangirewadi Malai To Kudal St Depot Via Tendoli",Pangirewadi,"Kudal St Depot","TENDOLI VETAL MANDIR",MO,6376,"Pinguli Titha",31,,,मळइर्,"कुडाळ आगार",35.3,11:35,12:55,,,"विश्रांती 9.15-9.40",,
19926,"Pangirewadi Malai To Kudal St Depot Via Tendoli",Pangirewadi,"Kudal St Depot","TENDOLI VETAL MANDIR",MO,6237,"Kudal St Depot",33.8,,,मळइर्,"कुडाळ आगार",35.3,11:35,12:55,,,"विश्रांती 9.15-9.40",,
19926,"Pangirewadi Malai To Kudal St Depot Via Tendoli",Pangirewadi,"Kudal St Depot","TENDOLI VETAL MANDIR",MO,6240,"Kudal St Depot",35.3,,,मळइर्,"कुडाळ आगार",35.3,11:35,12:55,,,"विश्रांती 9.15-9.40",,
45353,"Kudal St Depot To Panjim","Kudal St Depot",Panjim,,MO,6240,"Kudal St Depot",,,,"कुडाळ आगार",पणजी,83.6,12:00,14:40,"Non Obl",Daily,,,
45353,"Kudal St Depot To Panjim","Kudal St Depot",Panjim,,MO,6237,"Kudal St Depot",1.5,,,"कुडाळ आगार",पणजी,83.6,12:00,14:40,"Non Obl",Daily,,,
45353,"Kudal St Depot To Panjim","Kudal St Depot",Panjim,,MO,6302,"Modka Wad Pinguli",4.5,,,"कुडाळ आगार",पणजी,83.6,12:00,14:40,"Non Obl",Daily,,,
45353,"Kudal St Depot To Panjim","Kudal St Depot",Panjim,,MO,6126,Bibavane,6.6,,,"कुडाळ आगार",पणजी,83.6,12:00,14:40,"Non Obl",Daily,,,
45353,"Kudal St Depot To Panjim","Kudal St Depot",Panjim,,MO,6452,"Vinanti Stop",7.5,,,"कुडाळ आगार",पणजी,83.6,12:00,14:40,"Non Obl",Daily,,,
45353,"Kudal St Depot To Panjim","Kudal St Depot",Panjim,,MO,6322,"Mandkuli Fata",7.6,,,"कुडाळ आगार",पणजी,83.6,12:00,14:40,"Non Obl",Daily,,,
45353,"Kudal St Depot To Panjim","Kudal St Depot",Panjim,,MO,6441,"Terse Bambarde Fata",8.6,,,"कुडाळ आगार",पणजी,83.6,12:00,14:40,"Non Obl",Daily,,,
45353,"Kudal St Depot To Panjim","Kudal St Depot",Panjim,,MO,6474,"Zharap Titha",10.9,,,"कुडाळ आगार",पणजी,83.6,12:00,14:40,"Non Obl",Daily,,,
45353,"Kudal St Depot To Panjim","Kudal St Depot",Panjim,,MO,6473,"Zarap Jambhal",11,,,"कुडाळ आगार",पणजी,83.6,12:00,14:40,"Non Obl",Daily,,,
45353,"Kudal St Depot To Panjim","Kudal St Depot",Panjim,,MO,6231,"Khan Mohalla",13.6,,,"कुडाळ आगार",पणजी,83.6,12:00,14:40,"Non Obl",Daily,,,
45353,"Kudal St Depot To Panjim","Kudal St Depot",Panjim,,MO,6101,Akeri,16.2,,,"कुडाळ आगार",पणजी,83.6,12:00,14:40,"Non Obl",Daily,,,
45353,"Kudal St Depot To Panjim","Kudal St Depot",Panjim,,MO,8551,"Kolgaon Thita",18.4,,,"कुडाळ आगार",पणजी,83.6,12:00,14:40,"Non Obl",Daily,,,
45353,"Kudal St Depot To Panjim","Kudal St Depot",Panjim,,MO,8663,Sawantwadi,22.1,,,"कुडाळ आगार",पणजी,83.6,12:00,14:40,"Non Obl",Daily,,,
45353,"Kudal St Depot To Panjim","Kudal St Depot",Panjim,,MO,8578,"Majgaon Nala",25.3,,,"कुडाळ आगार",पणजी,83.6,12:00,14:40,"Non Obl",Daily,,,
45353,"Kudal St Depot To Panjim","Kudal St Depot",Panjim,,MO,8499,"Doba Shel",26.5,,,"कुडाळ आगार",पणजी,83.6,12:00,14:40,"Non Obl",Daily,,,
45353,"Kudal St Depot To Panjim","Kudal St Depot",Panjim,,MO,8560,Kondwada,30.1,,,"कुडाळ आगार",पणजी,83.6,12:00,14:40,"Non Obl",Daily,,,
45353,"Kudal St Depot To Panjim","Kudal St Depot",Panjim,,MO,8544,"Kudav Temb",32.4,,,"कुडाळ आगार",पणजी,83.6,12:00,14:40,"Non Obl",Daily,,,
45353,"Kudal St Depot To Panjim","Kudal St Depot",Panjim,,MO,89315,"Exicise Check Post",33,,,"कुडाळ आगार",पणजी,83.6,12:00,14:40,"Non Obl",Daily,,,
45353,"Kudal St Depot To Panjim","Kudal St Depot",Panjim,,MO,8486,Banda,34.7,,,"कुडाळ आगार",पणजी,83.6,12:00,14:40,"Non Obl",Daily,,,
45353,"Kudal St Depot To Panjim","Kudal St Depot",Panjim,,MO,8635,"Patradevi Goa Border",39.6,,,"कुडाळ आगार",पणजी,83.6,12:00,14:40,"Non Obl",Daily,,,
45353,"Kudal St Depot To Panjim","Kudal St Depot",Panjim,,MO,71926,Patradevi,40,,,"कुडाळ आगार",पणजी,83.6,12:00,14:40,"Non Obl",Daily,,,
45353,"Kudal St Depot To Panjim","Kudal St Depot",Panjim,,MO,71876,Galel,40.6,,,"कुडाळ आगार",पणजी,83.6,12:00,14:40,"Non Obl",Daily,,,
45353,"Kudal St Depot To Panjim","Kudal St Depot",Panjim,,MO,71956,Torsem,43.6,,,"कुडाळ आगार",पणजी,83.6,12:00,14:40,"Non Obl",Daily,,,
45353,"Kudal St Depot To Panjim","Kudal St Depot",Panjim,,MO,71958,Ugavem,45.6,,,"कुडाळ आगार",पणजी,83.6,12:00,14:40,"Non Obl",Daily,,,
45353,"Kudal St Depot To Panjim","Kudal St Depot",Panjim,,MO,71936,Poraskadem,48.6,,,"कुडाळ आगार",पणजी,83.6,12:00,14:40,"Non Obl",Daily,,,
45353,"Kudal St Depot To Panjim","Kudal St Depot",Panjim,,MO,71922,Naibag,50.6,,,"कुडाळ आगार",पणजी,83.6,12:00,14:40,"Non Obl",Daily,,,
45353,"Kudal St Depot To Panjim","Kudal St Depot",Panjim,,MO,71937,Pernem,53.6,,,"कुडाळ आगार",पणजी,83.6,12:00,14:40,"Non Obl",Daily,,,
45353,"Kudal St Depot To Panjim","Kudal St Depot",Panjim,,MO,71904,Malapem,56.6,,,"कुडाळ आगार",पणजी,83.6,12:00,14:40,"Non Obl",Daily,,,
45353,"Kudal St Depot To Panjim","Kudal St Depot",Panjim,,MO,71873,Dhargal,61.6,,,"कुडाळ आगार",पणजी,83.6,12:00,14:40,"Non Obl",Daily,,,
45353,"Kudal St Depot To Panjim","Kudal St Depot",Panjim,,MO,71890,Kolwal,63.6,,,"कुडाळ आगार",पणजी,83.6,12:00,14:40,"Non Obl",Daily,,,
45353,"Kudal St Depot To Panjim","Kudal St Depot",Panjim,,MO,71886,Kasarwada,68.6,,,"कुडाळ आगार",पणजी,83.6,12:00,14:40,"Non Obl",Daily,,,
45353,"Kudal St Depot To Panjim","Kudal St Depot",Panjim,,MO,71915,Mapusa,71.6,,,"कुडाळ आगार",पणजी,83.6,12:00,14:40,"Non Obl",Daily,,,
45353,"Kudal St Depot To Panjim","Kudal St Depot",Panjim,,MO,71935,Panjim,83.6,,,"कुडाळ आगार",पणजी,83.6,12:00,14:40,"Non Obl",Daily,,,
126057,"Anjiwade To Kudal  Via Mangaon",Anjiwade,"Kudal St Depot",MANGAON,MO,6099,Anjiwade,,,,आंजिवडे,कुडाळ,43.5,13:15,14:45,,,,,
126057,"Anjiwade To Kudal  Via Mangaon",Anjiwade,"Kudal St Depot",MANGAON,MO,6135,Bhakarwadi,5.5,,,आंजिवडे,कुडाळ,43.5,13:15,14:45,,,,,
126057,"Anjiwade To Kudal  Via Mangaon",Anjiwade,"Kudal St Depot",MANGAON,MO,6451,"Vasoli Ranewadi",6,,,आंजिवडे,कुडाळ,43.5,13:15,14:45,,,,,
126057,"Anjiwade To Kudal  Via Mangaon",Anjiwade,"Kudal St Depot",MANGAON,MO,6452,"Vinanti Stop",7.5,,,आंजिवडे,कुडाळ,43.5,13:15,14:45,,,,,
126057,"Anjiwade To Kudal  Via Mangaon",Anjiwade,"Kudal St Depot",MANGAON,MO,6263,Kundanwadi,8.5,,,आंजिवडे,कुडाळ,43.5,13:15,14:45,,,,,
126057,"Anjiwade To Kudal  Via Mangaon",Anjiwade,"Kudal St Depot",MANGAON,MO,6098,"Anjiwade Fata",9.4,,,आंजिवडे,कुडाळ,43.5,13:15,14:45,,,,,
126057,"Anjiwade To Kudal  Via Mangaon",Anjiwade,"Kudal St Depot",MANGAON,MO,6161,Dukanwad,10.2,,,आंजिवडे,कुडाळ,43.5,13:15,14:45,,,,,
126057,"Anjiwade To Kudal  Via Mangaon",Anjiwade,"Kudal St Depot",MANGAON,MO,6202,"Haldiche Nerur",10.9,,,आंजिवडे,कुडाळ,43.5,13:15,14:45,,,,,
126057,"Anjiwade To Kudal  Via Mangaon",Anjiwade,"Kudal St Depot",MANGAON,MO,6148,"Chafeli Nursery",12.8,,,आंजिवडे,कुडाळ,43.5,13:15,14:45,,,,,
126057,"Anjiwade To Kudal  Via Mangaon",Anjiwade,"Kudal St Depot",MANGAON,MO,88081,"Mahadevache Kerawade",15,,,आंजिवडे,कुडाळ,43.5,13:15,14:45,,,,,
126057,"Anjiwade To Kudal  Via Mangaon",Anjiwade,"Kudal St Depot",MANGAON,MO,6344,"Nileli Nursery",17.5,,,आंजिवडे,कुडाळ,43.5,13:15,14:45,,,,,
126057,"Anjiwade To Kudal  Via Mangaon",Anjiwade,"Kudal St Depot",MANGAON,MO,6341,"Nileli Dairy",18.1,,,आंजिवडे,कुडाळ,43.5,13:15,14:45,,,,,
126057,"Anjiwade To Kudal  Via Mangaon",Anjiwade,"Kudal St Depot",MANGAON,MO,6190,"Gothos Titha",18.9,,,आंजिवडे,कुडाळ,43.5,13:15,14:45,,,,,
126057,"Anjiwade To Kudal  Via Mangaon",Anjiwade,"Kudal St Depot",MANGAON,MO,6464,"Wados Bazar",19.8,,,आंजिवडे,कुडाळ,43.5,13:15,14:45,,,,,
126057,"Anjiwade To Kudal  Via Mangaon",Anjiwade,"Kudal St Depot",MANGAON,MO,6092,Amberi,23.9,,,आंजिवडे,कुडाळ,43.5,13:15,14:45,,,,,
126057,"Anjiwade To Kudal  Via Mangaon",Anjiwade,"Kudal St Depot",MANGAON,MO,6319,"Mangaon Phc",24.6,,,आंजिवडे,कुडाळ,43.5,13:15,14:45,,,,,
126057,"Anjiwade To Kudal  Via Mangaon",Anjiwade,"Kudal St Depot",MANGAON,MO,6317,Mangaon,26.3,,,आंजिवडे,कुडाळ,43.5,13:15,14:45,,,,,
126057,"Anjiwade To Kudal  Via Mangaon",Anjiwade,"Kudal St Depot",MANGAON,MO,6323,"Mangaon Titha",28.2,,,आंजिवडे,कुडाळ,43.5,13:15,14:45,,,,,
126057,"Anjiwade To Kudal  Via Mangaon",Anjiwade,"Kudal St Depot",MANGAON,MO,6386,"Power House",28.5,,,आंजिवडे,कुडाळ,43.5,13:15,14:45,,,,,
126057,"Anjiwade To Kudal  Via Mangaon",Anjiwade,"Kudal St Depot",MANGAON,MO,6412,"Salgaon Harijanwadi",32,,,आंजिवडे,कुडाळ,43.5,13:15,14:45,,,,,
126057,"Anjiwade To Kudal  Via Mangaon",Anjiwade,"Kudal St Depot",MANGAON,MO,6474,"Zharap Titha",33.6,,,आंजिवडे,कुडाळ,43.5,13:15,14:45,,,,,
126057,"Anjiwade To Kudal  Via Mangaon",Anjiwade,"Kudal St Depot",MANGAON,MO,6441,"Terse Bambarde Fata",36.6,,,आंजिवडे,कुडाळ,43.5,13:15,14:45,,,,,
126057,"Anjiwade To Kudal  Via Mangaon",Anjiwade,"Kudal St Depot",MANGAON,MO,6322,"Mandkuli Fata",37.8,,,आंजिवडे,कुडाळ,43.5,13:15,14:45,,,,,
126057,"Anjiwade To Kudal  Via Mangaon",Anjiwade,"Kudal St Depot",MANGAON,MO,6315,"Mile Stone",38.1,,,आंजिवडे,कुडाळ,43.5,13:15,14:45,,,,,
126057,"Anjiwade To Kudal  Via Mangaon",Anjiwade,"Kudal St Depot",MANGAON,MO,6126,Bibavane,38.3,,,आंजिवडे,कुडाळ,43.5,13:15,14:45,,,,,
126057,"Anjiwade To Kudal  Via Mangaon",Anjiwade,"Kudal St Depot",MANGAON,MO,6376,"Pinguli Titha",38.9,,,आंजिवडे,कुडाळ,43.5,13:15,14:45,,,,,
126057,"Anjiwade To Kudal  Via Mangaon",Anjiwade,"Kudal St Depot",MANGAON,MO,6302,"Modka Wad Pinguli",40.5,,,आंजिवडे,कुडाळ,43.5,13:15,14:45,,,,,
126057,"Anjiwade To Kudal  Via Mangaon",Anjiwade,"Kudal St Depot",MANGAON,MO,6237,"Kudal St Depot",43.5,,,आंजिवडे,कुडाळ,43.5,13:15,14:45,,,,,
126079,"Sawantwadi To Masure Bazar Via Kudal Old Bus Stand",Sawantwadi,"Masure Bazar","KUDAL OLD BUS STAND",MO,8663,Sawantwadi,,,,सावंतवाडी,मसुरे,62.7,16:15,18:30,Obl,DAILY,"6 तासांत संपते",,
126079,"Sawantwadi To Masure Bazar Via Kudal Old Bus Stand",Sawantwadi,"Masure Bazar","KUDAL OLD BUS STAND",MO,8551,"Kolgaon Thita",2.7,,,सावंतवाडी,मसुरे,62.7,16:15,18:30,Obl,DAILY,"6 तासांत संपते",,
126079,"Sawantwadi To Masure Bazar Via Kudal Old Bus Stand",Sawantwadi,"Masure Bazar","KUDAL OLD BUS STAND",MO,6101,Akeri,6,,,सावंतवाडी,मसुरे,62.7,16:15,18:30,Obl,DAILY,"6 तासांत संपते",,
126079,"Sawantwadi To Masure Bazar Via Kudal Old Bus Stand",Sawantwadi,"Masure Bazar","KUDAL OLD BUS STAND",MO,6231,"Khan Mohalla",9,,,सावंतवाडी,मसुरे,62.7,16:15,18:30,Obl,DAILY,"6 तासांत संपते",,
126079,"Sawantwadi To Masure Bazar Via Kudal Old Bus Stand",Sawantwadi,"Masure Bazar","KUDAL OLD BUS STAND",MO,6474,"Zharap Titha",12,,,सावंतवाडी,मसुरे,62.7,16:15,18:30,Obl,DAILY,"6 तासांत संपते",,
126079,"Sawantwadi To Masure Bazar Via Kudal Old Bus Stand",Sawantwadi,"Masure Bazar","KUDAL OLD BUS STAND",MO,6441,"Terse Bambarde Fata",15,,,सावंतवाडी,मसुरे,62.7,16:15,18:30,Obl,DAILY,"6 तासांत संपते",,
126079,"Sawantwadi To Masure Bazar Via Kudal Old Bus Stand",Sawantwadi,"Masure Bazar","KUDAL OLD BUS STAND",MO,6322,"Mandkuli Fata",18,,,सावंतवाडी,मसुरे,62.7,16:15,18:30,Obl,DAILY,"6 तासांत संपते",,
126079,"Sawantwadi To Masure Bazar Via Kudal Old Bus Stand",Sawantwadi,"Masure Bazar","KUDAL OLD BUS STAND",MO,6315,"Mile Stone",18.3,,,सावंतवाडी,मसुरे,62.7,16:15,18:30,Obl,DAILY,"6 तासांत संपते",,
126079,"Sawantwadi To Masure Bazar Via Kudal Old Bus Stand",Sawantwadi,"Masure Bazar","KUDAL OLD BUS STAND",MO,6126,Bibavane,18.5,,,सावंतवाडी,मसुरे,62.7,16:15,18:30,Obl,DAILY,"6 तासांत संपते",,
126079,"Sawantwadi To Masure Bazar Via Kudal Old Bus Stand",Sawantwadi,"Masure Bazar","KUDAL OLD BUS STAND",MO,6376,"Pinguli Titha",19,,,सावंतवाडी,मसुरे,62.7,16:15,18:30,Obl,DAILY,"6 तासांत संपते",,
126079,"Sawantwadi To Masure Bazar Via Kudal Old Bus Stand",Sawantwadi,"Masure Bazar","KUDAL OLD BUS STAND",MO,6302,"Modka Wad Pinguli",19.5,,,सावंतवाडी,मसुरे,62.7,16:15,18:30,Obl,DAILY,"6 तासांत संपते",,
126079,"Sawantwadi To Masure Bazar Via Kudal Old Bus Stand",Sawantwadi,"Masure Bazar","KUDAL OLD BUS STAND",MO,6253,"Kudal Old Bus Stand",20.7,,,सावंतवाडी,मसुरे,62.7,16:15,18:30,Obl,DAILY,"6 तासांत संपते",,
126079,"Sawantwadi To Masure Bazar Via Kudal Old Bus Stand",Sawantwadi,"Masure Bazar","KUDAL OLD BUS STAND",MO,6351,"Nerur Jakat",22.7,,,सावंतवाडी,मसुरे,62.7,16:15,18:30,Obl,DAILY,"6 तासांत संपते",,
126079,"Sawantwadi To Masure Bazar Via Kudal Old Bus Stand",Sawantwadi,"Masure Bazar","KUDAL OLD BUS STAND",MO,6428,Thakurwadi,23.2,,,सावंतवाडी,मसुरे,62.7,16:15,18:30,Obl,DAILY,"6 तासांत संपते",,
126079,"Sawantwadi To Masure Bazar Via Kudal Old Bus Stand",Sawantwadi,"Masure Bazar","KUDAL OLD BUS STAND",MO,6335,Nerurpar,24.8,,,सावंतवाडी,मसुरे,62.7,16:15,18:30,Obl,DAILY,"6 तासांत संपते",,
126079,"Sawantwadi To Masure Bazar Via Kudal Old Bus Stand",Sawantwadi,"Masure Bazar","KUDAL OLD BUS STAND",MO,6856,"Hubalicha Mal",27.1,,,सावंतवाडी,मसुरे,62.7,16:15,18:30,Obl,DAILY,"6 तासांत संपते",,
126079,"Sawantwadi To Masure Bazar Via Kudal Old Bus Stand",Sawantwadi,"Masure Bazar","KUDAL OLD BUS STAND",MO,6958,Parad,30.1,,,सावंतवाडी,मसुरे,62.7,16:15,18:30,Obl,DAILY,"6 तासांत संपते",,
126079,"Sawantwadi To Masure Bazar Via Kudal Old Bus Stand",Sawantwadi,"Masure Bazar","KUDAL OLD BUS STAND",MO,6963,"Pendur Sateri Mandir",32.5,,,सावंतवाडी,मसुरे,62.7,16:15,18:30,Obl,DAILY,"6 तासांत संपते",,
126079,"Sawantwadi To Masure Bazar Via Kudal Old Bus Stand",Sawantwadi,"Masure Bazar","KUDAL OLD BUS STAND",MO,6962,"Pendur Naka",34.5,,,सावंतवाडी,मसुरे,62.7,16:15,18:30,Obl,DAILY,"6 तासांत संपते",,
126079,"Sawantwadi To Masure Bazar Via Kudal Old Bus Stand",Sawantwadi,"Masure Bazar","KUDAL OLD BUS STAND",MO,6825,Ghotale,37.3,,,सावंतवाडी,मसुरे,62.7,16:15,18:30,Obl,DAILY,"6 तासांत संपते",,
126079,"Sawantwadi To Masure Bazar Via Kudal Old Bus Stand",Sawantwadi,"Masure Bazar","KUDAL OLD BUS STAND",MO,6855,Hospital,39.2,,,सावंतवाडी,मसुरे,62.7,16:15,18:30,Obl,DAILY,"6 तासांत संपते",,
126079,"Sawantwadi To Masure Bazar Via Kudal Old Bus Stand",Sawantwadi,"Masure Bazar","KUDAL OLD BUS STAND",MO,6871,"Katta Bazar",41.2,,,सावंतवाडी,मसुरे,62.7,16:15,18:30,Obl,DAILY,"6 तासांत संपते",,
126079,"Sawantwadi To Masure Bazar Via Kudal Old Bus Stand",Sawantwadi,"Masure Bazar","KUDAL OLD BUS STAND",MO,6870,Katta,43.2,,,सावंतवाडी,मसुरे,62.7,16:15,18:30,Obl,DAILY,"6 तासांत संपते",,
126079,"Sawantwadi To Masure Bazar Via Kudal Old Bus Stand",Sawantwadi,"Masure Bazar","KUDAL OLD BUS STAND",MO,6837,"Guramwad Fata",46.3,,,सावंतवाडी,मसुरे,62.7,16:15,18:30,Obl,DAILY,"6 तासांत संपते",,
126079,"Sawantwadi To Masure Bazar Via Kudal Old Bus Stand",Sawantwadi,"Masure Bazar","KUDAL OLD BUS STAND",MO,6895,Kumame,49,,,सावंतवाडी,मसुरे,62.7,16:15,18:30,Obl,DAILY,"6 तासांत संपते",,
126079,"Sawantwadi To Masure Bazar Via Kudal Old Bus Stand",Sawantwadi,"Masure Bazar","KUDAL OLD BUS STAND",MO,6814,"Dikwal Fata",50.3,,,सावंतवाडी,मसुरे,62.7,16:15,18:30,Obl,DAILY,"6 तासांत संपते",,
126079,"Sawantwadi To Masure Bazar Via Kudal Old Bus Stand",Sawantwadi,"Masure Bazar","KUDAL OLD BUS STAND",MO,6832,"Golvan School",51.7,,,सावंतवाडी,मसुरे,62.7,16:15,18:30,Obl,DAILY,"6 तासांत संपते",,
126079,"Sawantwadi To Masure Bazar Via Kudal Old Bus Stand",Sawantwadi,"Masure Bazar","KUDAL OLD BUS STAND",MO,6952,"Palav Mangar",52.3,,,सावंतवाडी,मसुरे,62.7,16:15,18:30,Obl,DAILY,"6 तासांत संपते",,
126079,"Sawantwadi To Masure Bazar Via Kudal Old Bus Stand",Sawantwadi,"Masure Bazar","KUDAL OLD BUS STAND",MO,6965,"Poip Katta Titha",53.3,,,सावंतवाडी,मसुरे,62.7,16:15,18:30,Obl,DAILY,"6 तासांत संपते",,
126079,"Sawantwadi To Masure Bazar Via Kudal Old Bus Stand",Sawantwadi,"Masure Bazar","KUDAL OLD BUS STAND",MO,7022,"Viran Malvan Titha",54.2,,,सावंतवाडी,मसुरे,62.7,16:15,18:30,Obl,DAILY,"6 तासांत संपते",,
126079,"Sawantwadi To Masure Bazar Via Kudal Old Bus Stand",Sawantwadi,"Masure Bazar","KUDAL OLD BUS STAND",MO,6924,"Masade School",55.5,,,सावंतवाडी,मसुरे,62.7,16:15,18:30,Obl,DAILY,"6 तासांत संपते",,
126079,"Sawantwadi To Masure Bazar Via Kudal Old Bus Stand",Sawantwadi,"Masure Bazar","KUDAL OLD BUS STAND",MO,6925,"Masade Titha",57.2,,,सावंतवाडी,मसुरे,62.7,16:15,18:30,Obl,DAILY,"6 तासांत संपते",,
126079,"Sawantwadi To Masure Bazar Via Kudal Old Bus Stand",Sawantwadi,"Masure Bazar","KUDAL OLD BUS STAND",MO,7016,"Verli Mapari Dukan",58.7,,,सावंतवाडी,मसुरे,62.7,16:15,18:30,Obl,DAILY,"6 तासांत संपते",,
126079,"Sawantwadi To Masure Bazar Via Kudal Old Bus Stand",Sawantwadi,"Masure Bazar","KUDAL OLD BUS STAND",MO,6795,"Chambhar Dunga",59.4,,,सावंतवाडी,मसुरे,62.7,16:15,18:30,Obl,DAILY,"6 तासांत संपते",,
126079,"Sawantwadi To Masure Bazar Via Kudal Old Bus Stand",Sawantwadi,"Masure Bazar","KUDAL OLD BUS STAND",MO,6920,"Margachi Tad",60,,,सावंतवाडी,मसुरे,62.7,16:15,18:30,Obl,DAILY,"6 तासांत संपते",,
126079,"Sawantwadi To Masure Bazar Via Kudal Old Bus Stand",Sawantwadi,"Masure Bazar","KUDAL OLD BUS STAND",MO,6928,"Masure Bazar",60.5,,,सावंतवाडी,मसुरे,62.7,16:15,18:30,Obl,DAILY,"6 तासांत संपते",,
126079,"Sawantwadi To Masure Bazar Via Kudal Old Bus Stand",Sawantwadi,"Masure Bazar","KUDAL OLD BUS STAND",MO,6931,"Masure Kawa",61,,,सावंतवाडी,मसुरे,62.7,16:15,18:30,Obl,DAILY,"6 तासांत संपते",,
126079,"Sawantwadi To Masure Bazar Via Kudal Old Bus Stand",Sawantwadi,"Masure Bazar","KUDAL OLD BUS STAND",MO,6928,"Masure Bazar",62.7,,,सावंतवाडी,मसुरे,62.7,16:15,18:30,Obl,DAILY,"6 तासांत संपते",,
126210,"Kudal To Sawantwadi Via Pinguli Titha","Kudal St Depot",Sawantwadi,"PINGULI TITHA",MO,6237,"Kudal St Depot",,,,कुडाळ,सावंतवाडी,20.7,15:20,16:00,"Non Obl",DAILY,,,
126210,"Kudal To Sawantwadi Via Pinguli Titha","Kudal St Depot",Sawantwadi,"PINGULI TITHA",MO,6302,"Modka Wad Pinguli",4,,,कुडाळ,सावंतवाडी,20.7,15:20,16:00,"Non Obl",DAILY,,,
126210,"Kudal To Sawantwadi Via Pinguli Titha","Kudal St Depot",Sawantwadi,"PINGULI TITHA",MO,6376,"Pinguli Titha",4.5,,,कुडाळ,सावंतवाडी,20.7,15:20,16:00,"Non Obl",DAILY,,,
126210,"Kudal To Sawantwadi Via Pinguli Titha","Kudal St Depot",Sawantwadi,"PINGULI TITHA",MO,6126,Bibavane,5.2,,,कुडाळ,सावंतवाडी,20.7,15:20,16:00,"Non Obl",DAILY,,,
126210,"Kudal To Sawantwadi Via Pinguli Titha","Kudal St Depot",Sawantwadi,"PINGULI TITHA",MO,6322,"Mandkuli Fata",7.2,,,कुडाळ,सावंतवाडी,20.7,15:20,16:00,"Non Obl",DAILY,,,
126210,"Kudal To Sawantwadi Via Pinguli Titha","Kudal St Depot",Sawantwadi,"PINGULI TITHA",MO,6441,"Terse Bambarde Fata",9,,,कुडाळ,सावंतवाडी,20.7,15:20,16:00,"Non Obl",DAILY,,,
126210,"Kudal To Sawantwadi Via Pinguli Titha","Kudal St Depot",Sawantwadi,"PINGULI TITHA",MO,6474,"Zharap Titha",10.6,,,कुडाळ,सावंतवाडी,20.7,15:20,16:00,"Non Obl",DAILY,,,
126210,"Kudal To Sawantwadi Via Pinguli Titha","Kudal St Depot",Sawantwadi,"PINGULI TITHA",MO,6473,"Zarap Jambhal",12.2,,,कुडाळ,सावंतवाडी,20.7,15:20,16:00,"Non Obl",DAILY,,,
126210,"Kudal To Sawantwadi Via Pinguli Titha","Kudal St Depot",Sawantwadi,"PINGULI TITHA",MO,6231,"Khan Mohalla",13.7,,,कुडाळ,सावंतवाडी,20.7,15:20,16:00,"Non Obl",DAILY,,,
126210,"Kudal To Sawantwadi Via Pinguli Titha","Kudal St Depot",Sawantwadi,"PINGULI TITHA",MO,6205,Humras,14.2,,,कुडाळ,सावंतवाडी,20.7,15:20,16:00,"Non Obl",DAILY,,,
126210,"Kudal To Sawantwadi Via Pinguli Titha","Kudal St Depot",Sawantwadi,"PINGULI TITHA",MO,6101,Akeri,14.8,,,कुडाळ,सावंतवाडी,20.7,15:20,16:00,"Non Obl",DAILY,,,
126210,"Kudal To Sawantwadi Via Pinguli Titha","Kudal St Depot",Sawantwadi,"PINGULI TITHA",MO,8551,"Kolgaon Thita",17,,,कुडाळ,सावंतवाडी,20.7,15:20,16:00,"Non Obl",DAILY,,,
126210,"Kudal To Sawantwadi Via Pinguli Titha","Kudal St Depot",Sawantwadi,"PINGULI TITHA",MO,8663,Sawantwadi,20.7,,,कुडाळ,सावंतवाडी,20.7,15:20,16:00,"Non Obl",DAILY,,,
19976,"Wirwadi To Kudal",Wirwadi,"Kudal St Depot",,MO,6469,Wirwadi,,,,वसोली,कुडाळ,36.8,06:40,08:10,,,,,
19976,"Wirwadi To Kudal",Wirwadi,"Kudal St Depot",,MO,6462,Wasoli,2.2,,,वसोली,कुडाळ,36.8,06:40,08:10,,,,,
19976,"Wirwadi To Kudal",Wirwadi,"Kudal St Depot",,MO,6161,Dukanwad,3.5,,,वसोली,कुडाळ,36.8,06:40,08:10,,,,,
19976,"Wirwadi To Kudal",Wirwadi,"Kudal St Depot",,MO,6147,Chafeli,6.1,,,वसोली,कुडाळ,36.8,06:40,08:10,,,,,
19976,"Wirwadi To Kudal",Wirwadi,"Kudal St Depot",,MO,88081,"Mahadevache Kerawade",7.5,,,वसोली,कुडाळ,36.8,06:40,08:10,,,,,
19976,"Wirwadi To Kudal",Wirwadi,"Kudal St Depot",,MO,6344,"Nileli Nursery",9.8,,,वसोली,कुडाळ,36.8,06:40,08:10,,,,,
19976,"Wirwadi To Kudal",Wirwadi,"Kudal St Depot",,MO,6341,"Nileli Dairy",10.8,,,वसोली,कुडाळ,36.8,06:40,08:10,,,,,
19976,"Wirwadi To Kudal",Wirwadi,"Kudal St Depot",,MO,6190,"Gothos Titha",12.2,,,वसोली,कुडाळ,36.8,06:40,08:10,,,,,
19976,"Wirwadi To Kudal",Wirwadi,"Kudal St Depot",,MO,6464,"Wados Bazar",13.1,,,वसोली,कुडाळ,36.8,06:40,08:10,,,,,
19976,"Wirwadi To Kudal",Wirwadi,"Kudal St Depot",,MO,6463,"Wados Gpo",13.3,,,वसोली,कुडाळ,36.8,06:40,08:10,,,,,
19976,"Wirwadi To Kudal",Wirwadi,"Kudal St Depot",,MO,6092,Amberi,17.2,,,वसोली,कुडाळ,36.8,06:40,08:10,,,,,
19976,"Wirwadi To Kudal",Wirwadi,"Kudal St Depot",,MO,6319,"Mangaon Phc",17.9,,,वसोली,कुडाळ,36.8,06:40,08:10,,,,,
19976,"Wirwadi To Kudal",Wirwadi,"Kudal St Depot",,MO,6317,Mangaon,19.6,,,वसोली,कुडाळ,36.8,06:40,08:10,,,,,
19976,"Wirwadi To Kudal",Wirwadi,"Kudal St Depot",,MO,6323,"Mangaon Titha",21.5,,,वसोली,कुडाळ,36.8,06:40,08:10,,,,,
19976,"Wirwadi To Kudal",Wirwadi,"Kudal St Depot",,MO,6386,"Power House",21.8,,,वसोली,कुडाळ,36.8,06:40,08:10,,,,,
19976,"Wirwadi To Kudal",Wirwadi,"Kudal St Depot",,MO,6412,"Salgaon Harijanwadi",26.3,,,वसोली,कुडाळ,36.8,06:40,08:10,,,,,
19976,"Wirwadi To Kudal",Wirwadi,"Kudal St Depot",,MO,6474,"Zharap Titha",26.9,,,वसोली,कुडाळ,36.8,06:40,08:10,,,,,
19976,"Wirwadi To Kudal",Wirwadi,"Kudal St Depot",,MO,6441,"Terse Bambarde Fata",29.9,,,वसोली,कुडाळ,36.8,06:40,08:10,,,,,
19976,"Wirwadi To Kudal",Wirwadi,"Kudal St Depot",,MO,6322,"Mandkuli Fata",30.8,,,वसोली,कुडाळ,36.8,06:40,08:10,,,,,
19976,"Wirwadi To Kudal",Wirwadi,"Kudal St Depot",,MO,6315,"Mile Stone",32.3,,,वसोली,कुडाळ,36.8,06:40,08:10,,,,,
19976,"Wirwadi To Kudal",Wirwadi,"Kudal St Depot",,MO,6126,Bibavane,32.6,,,वसोली,कुडाळ,36.8,06:40,08:10,,,,,
19976,"Wirwadi To Kudal",Wirwadi,"Kudal St Depot",,MO,6376,"Pinguli Titha",33.2,,,वसोली,कुडाळ,36.8,06:40,08:10,,,,,
19976,"Wirwadi To Kudal",Wirwadi,"Kudal St Depot",,MO,6302,"Modka Wad Pinguli",34.8,,,वसोली,कुडाळ,36.8,06:40,08:10,,,,,
19976,"Wirwadi To Kudal",Wirwadi,"Kudal St Depot",,MO,6237,"Kudal St Depot",36.8,,,वसोली,कुडाळ,36.8,06:40,08:10,,,,,
107817,"Kudal  To Panjim","Kudal St Depot",Panjim,,MO,6237,"Kudal St Depot",,,,कुडाळ,पणजी,82.1,08:50,11:35,"Non Obl",Daily,,,
107817,"Kudal  To Panjim","Kudal St Depot",Panjim,,MO,6302,"Modka Wad Pinguli",4.5,,,कुडाळ,पणजी,82.1,08:50,11:35,"Non Obl",Daily,,,
107817,"Kudal  To Panjim","Kudal St Depot",Panjim,,MO,6126,Bibavane,6.6,,,कुडाळ,पणजी,82.1,08:50,11:35,"Non Obl",Daily,,,
107817,"Kudal  To Panjim","Kudal St Depot",Panjim,,MO,6315,"Mile Stone",7.5,,,कुडाळ,पणजी,82.1,08:50,11:35,"Non Obl",Daily,,,
107817,"Kudal  To Panjim","Kudal St Depot",Panjim,,MO,6322,"Mandkuli Fata",7.8,,,कुडाळ,पणजी,82.1,08:50,11:35,"Non Obl",Daily,,,
107817,"Kudal  To Panjim","Kudal St Depot",Panjim,,MO,6474,"Zharap Titha",10,,,कुडाळ,पणजी,82.1,08:50,11:35,"Non Obl",Daily,,,
107817,"Kudal  To Panjim","Kudal St Depot",Panjim,,MO,6231,"Khan Mohalla",13.6,,,कुडाळ,पणजी,82.1,08:50,11:35,"Non Obl",Daily,,,
107817,"Kudal  To Panjim","Kudal St Depot",Panjim,,MO,6101,Akeri,16.2,,,कुडाळ,पणजी,82.1,08:50,11:35,"Non Obl",Daily,,,
107817,"Kudal  To Panjim","Kudal St Depot",Panjim,,MO,8551,"Kolgaon Thita",19,,,कुडाळ,पणजी,82.1,08:50,11:35,"Non Obl",Daily,,,
107817,"Kudal  To Panjim","Kudal St Depot",Panjim,,MO,8663,Sawantwadi,22.1,,,कुडाळ,पणजी,82.1,08:50,11:35,"Non Obl",Daily,,,
107817,"Kudal  To Panjim","Kudal St Depot",Panjim,,MO,8578,"Majgaon Nala",25.3,,,कुडाळ,पणजी,82.1,08:50,11:35,"Non Obl",Daily,,,
107817,"Kudal  To Panjim","Kudal St Depot",Panjim,,MO,8499,"Doba Shel",26.5,,,कुडाळ,पणजी,82.1,08:50,11:35,"Non Obl",Daily,,,
107817,"Kudal  To Panjim","Kudal St Depot",Panjim,,MO,8560,Kondwada,30.1,,,कुडाळ,पणजी,82.1,08:50,11:35,"Non Obl",Daily,,,
107817,"Kudal  To Panjim","Kudal St Depot",Panjim,,MO,8544,"Kudav Temb",31,,,कुडाळ,पणजी,82.1,08:50,11:35,"Non Obl",Daily,,,
107817,"Kudal  To Panjim","Kudal St Depot",Panjim,,MO,89315,"Exicise Check Post",32,,,कुडाळ,पणजी,82.1,08:50,11:35,"Non Obl",Daily,,,
107817,"Kudal  To Panjim","Kudal St Depot",Panjim,,MO,8486,Banda,34.7,,,कुडाळ,पणजी,82.1,08:50,11:35,"Non Obl",Daily,,,
107817,"Kudal  To Panjim","Kudal St Depot",Panjim,,MO,8635,"Patradevi Goa Border",37.4,,,कुडाळ,पणजी,82.1,08:50,11:35,"Non Obl",Daily,,,
107817,"Kudal  To Panjim","Kudal St Depot",Panjim,,MO,71926,Patradevi,38.1,,,कुडाळ,पणजी,82.1,08:50,11:35,"Non Obl",Daily,,,
107817,"Kudal  To Panjim","Kudal St Depot",Panjim,,MO,71876,Galel,39.1,,,कुडाळ,पणजी,82.1,08:50,11:35,"Non Obl",Daily,,,
107817,"Kudal  To Panjim","Kudal St Depot",Panjim,,MO,71956,Torsem,42.1,,,कुडाळ,पणजी,82.1,08:50,11:35,"Non Obl",Daily,,,
107817,"Kudal  To Panjim","Kudal St Depot",Panjim,,MO,71958,Ugavem,44.1,,,कुडाळ,पणजी,82.1,08:50,11:35,"Non Obl",Daily,,,
107817,"Kudal  To Panjim","Kudal St Depot",Panjim,,MO,71936,Poraskadem,47.1,,,कुडाळ,पणजी,82.1,08:50,11:35,"Non Obl",Daily,,,
107817,"Kudal  To Panjim","Kudal St Depot",Panjim,,MO,71922,Naibag,49.1,,,कुडाळ,पणजी,82.1,08:50,11:35,"Non Obl",Daily,,,
107817,"Kudal  To Panjim","Kudal St Depot",Panjim,,MO,71937,Pernem,52.1,,,कुडाळ,पणजी,82.1,08:50,11:35,"Non Obl",Daily,,,
107817,"Kudal  To Panjim","Kudal St Depot",Panjim,,MO,71904,Malapem,55.1,,,कुडाळ,पणजी,82.1,08:50,11:35,"Non Obl",Daily,,,
107817,"Kudal  To Panjim","Kudal St Depot",Panjim,,MO,71873,Dhargal,60.1,,,कुडाळ,पणजी,82.1,08:50,11:35,"Non Obl",Daily,,,
107817,"Kudal  To Panjim","Kudal St Depot",Panjim,,MO,71890,Kolwal,62.1,,,कुडाळ,पणजी,82.1,08:50,11:35,"Non Obl",Daily,,,
107817,"Kudal  To Panjim","Kudal St Depot",Panjim,,MO,71886,Kasarwada,67.1,,,कुडाळ,पणजी,82.1,08:50,11:35,"Non Obl",Daily,,,
107817,"Kudal  To Panjim","Kudal St Depot",Panjim,,MO,71915,Mapusa,70.1,,,कुडाळ,पणजी,82.1,08:50,11:35,"Non Obl",Daily,,,
107817,"Kudal  To Panjim","Kudal St Depot",Panjim,,MO,71935,Panjim,82.1,,,कुडाळ,पणजी,82.1,08:50,11:35,"Non Obl",Daily,,,
107831,"Kudal St Depot To Vengurle Via Math High School","Kudal St Depot",Vengurle,"MATH HIGH SCHOOL",MO,6240,"Kudal St Depot",,,,"कुडाळ आगार",वोंगुर्ले,25.2,11:50,12:50,,,,,
107831,"Kudal St Depot To Vengurle Via Math High School","Kudal St Depot",Vengurle,"MATH HIGH SCHOOL",MO,6237,"Kudal St Depot",1.5,,,"कुडाळ आगार",वोंगुर्ले,25.2,11:50,12:50,,,,,
107831,"Kudal St Depot To Vengurle Via Math High School","Kudal St Depot",Vengurle,"MATH HIGH SCHOOL",MO,6376,"Pinguli Titha",4.3,,,"कुडाळ आगार",वोंगुर्ले,25.2,11:50,12:50,,,,,
107831,"Kudal St Depot To Vengurle Via Math High School","Kudal St Depot",Vengurle,"MATH HIGH SCHOOL",MO,6423,Sativan,7.7,,,"कुडाळ आगार",वोंगुर्ले,25.2,11:50,12:50,,,,,
107831,"Kudal St Depot To Vengurle Via Math High School","Kudal St Depot",Vengurle,"MATH HIGH SCHOOL",MO,6461,Wadiwarawade,8.6,,,"कुडाळ आगार",वोंगुर्ले,25.2,11:50,12:50,,,,,
107831,"Kudal St Depot To Vengurle Via Math High School","Kudal St Depot",Vengurle,"MATH HIGH SCHOOL",MO,6459,"Vetore Sub Stage",10.9,,,"कुडाळ आगार",वोंगुर्ले,25.2,11:50,12:50,,,,,
107831,"Kudal St Depot To Vengurle Via Math High School","Kudal St Depot",Vengurle,"MATH HIGH SCHOOL",MO,6457,"Vetore High School",11.5,,,"कुडाळ आगार",वोंगुर्ले,25.2,11:50,12:50,,,,,
107831,"Kudal St Depot To Vengurle Via Math High School","Kudal St Depot",Vengurle,"MATH HIGH SCHOOL",MO,6458,"Vetore Titha",12.3,,,"कुडाळ आगार",वोंगुर्ले,25.2,11:50,12:50,,,,,
107831,"Kudal St Depot To Vengurle Via Math High School","Kudal St Depot",Vengurle,"MATH HIGH SCHOOL",MO,6398,"Shambhu Bhavani",13.1,,,"कुडाळ आगार",वोंगुर्ले,25.2,11:50,12:50,,,,,
107831,"Kudal St Depot To Vengurle Via Math High School","Kudal St Depot",Vengurle,"MATH HIGH SCHOOL",MO,6238,"Kudal Titha",15,,,"कुडाळ आगार",वोंगुर्ले,25.2,11:50,12:50,,,,,
107831,"Kudal St Depot To Vengurle Via Math High School","Kudal St Depot",Vengurle,"MATH HIGH SCHOOL",MO,9620,"Bowalekar Wadi",16.4,,,"कुडाळ आगार",वोंगुर्ले,25.2,11:50,12:50,,,,,
107831,"Kudal St Depot To Vengurle Via Math High School","Kudal St Depot",Vengurle,"MATH HIGH SCHOOL",MO,9709,"Math High School",17.4,,,"कुडाळ आगार",वोंगुर्ले,25.2,11:50,12:50,,,,,
107831,"Kudal St Depot To Vengurle Via Math High School","Kudal St Depot",Vengurle,"MATH HIGH SCHOOL",MO,9665,Kankewadi,19.2,,,"कुडाळ आगार",वोंगुर्ले,25.2,11:50,12:50,,,,,
107831,"Kudal St Depot To Vengurle Via Math High School","Kudal St Depot",Vengurle,"MATH HIGH SCHOOL",MO,9765,"Rameshwar Mandir",24.4,,,"कुडाळ आगार",वोंगुर्ले,25.2,11:50,12:50,,,,,
107831,"Kudal St Depot To Vengurle Via Math High School","Kudal St Depot",Vengurle,"MATH HIGH SCHOOL",MO,9824,Vengurle,25.2,,,"कुडाळ आगार",वोंगुर्ले,25.2,11:50,12:50,,,,,
147555,"Kudal St Depot To Pune Rly. Stn. Via Radhanagari","Kudal St Depot","Pune Rly. Stn.",RADHANAGARI,MO,6240,"Kudal St Depot",,,,"कुडाळ आगार","पुणे स्टेशन",393.9,06:45,16:30,"Non Obl",Daily,"विश्रांती 12.25 ते 12.55",,
147555,"Kudal St Depot To Pune Rly. Stn. Via Radhanagari","Kudal St Depot","Pune Rly. Stn.",RADHANAGARI,MO,6237,"Kudal St Depot",1.5,,,"कुडाळ आगार","पुणे स्टेशन",393.9,06:45,16:30,"Non Obl",Daily,"विश्रांती 12.25 ते 12.55",,
147555,"Kudal St Depot To Pune Rly. Stn. Via Radhanagari","Kudal St Depot","Pune Rly. Stn.",RADHANAGARI,MO,6380,"Pawashi Panchayat",5.4,,,"कुडाळ आगार","पुणे स्टेशन",393.9,06:45,16:30,"Non Obl",Daily,"विश्रांती 12.25 ते 12.55",,
147555,"Kudal St Depot To Pune Rly. Stn. Via Radhanagari","Kudal St Depot","Pune Rly. Stn.",RADHANAGARI,MO,88100,Vetalbambarde,7.5,,,"कुडाळ आगार","पुणे स्टेशन",393.9,06:45,16:30,"Non Obl",Daily,"विश्रांती 12.25 ते 12.55",,
147555,"Kudal St Depot To Pune Rly. Stn. Via Radhanagari","Kudal St Depot","Pune Rly. Stn.",RADHANAGARI,MO,6378,"Pandur Titha",10.5,,,"कुडाळ आगार","पुणे स्टेशन",393.9,06:45,16:30,"Non Obl",Daily,"विश्रांती 12.25 ते 12.55",,
147555,"Kudal St Depot To Pune Rly. Stn. Via Radhanagari","Kudal St Depot","Pune Rly. Stn.",RADHANAGARI,MO,6204,"Humarmala Kasale Dukan",14.3,,,"कुडाळ आगार","पुणे स्टेशन",393.9,06:45,16:30,"Non Obl",Daily,"विश्रांती 12.25 ते 12.55",,
147555,"Kudal St Depot To Pune Rly. Stn. Via Radhanagari","Kudal St Depot","Pune Rly. Stn.",RADHANAGARI,MO,6224,"Jijamata Hospital",15,,,"कुडाळ आगार","पुणे स्टेशन",393.9,06:45,16:30,"Non Obl",Daily,"विश्रांती 12.25 ते 12.55",,
147555,"Kudal St Depot To Pune Rly. Stn. Via Radhanagari","Kudal St Depot","Pune Rly. Stn.",RADHANAGARI,MO,6362,"Oros Bus Stnad",16,,,"कुडाळ आगार","पुणे स्टेशन",393.9,06:45,16:30,"Non Obl",Daily,"विश्रांती 12.25 ते 12.55",,
147555,"Kudal St Depot To Pune Rly. Stn. Via Radhanagari","Kudal St Depot","Pune Rly. Stn.",RADHANAGARI,MO,6226,"Jaitapkar Colany",17.2,,,"कुडाळ आगार","पुणे स्टेशन",393.9,06:45,16:30,"Non Obl",Daily,"विश्रांती 12.25 ते 12.55",,
147555,"Kudal St Depot To Pune Rly. Stn. Via Radhanagari","Kudal St Depot","Pune Rly. Stn.",RADHANAGARI,MO,6116,Awali,20.7,,,"कुडाळ आगार","पुणे स्टेशन",393.9,06:45,16:30,"Non Obl",Daily,"विश्रांती 12.25 ते 12.55",,
147555,"Kudal St Depot To Pune Rly. Stn. Via Radhanagari","Kudal St Depot","Pune Rly. Stn.",RADHANAGARI,MO,6281,Kasal,22.7,,,"कुडाळ आगार","पुणे स्टेशन",393.9,06:45,16:30,"Non Obl",Daily,"विश्रांती 12.25 ते 12.55",,
147555,"Kudal St Depot To Pune Rly. Stn. Via Radhanagari","Kudal St Depot","Pune Rly. Stn.",RADHANAGARI,MO,2889,"Osargaon Godaoon",27,,,"कुडाळ आगार","पुणे स्टेशन",393.9,06:45,16:30,"Non Obl",Daily,"विश्रांती 12.25 ते 12.55",,
147555,"Kudal St Depot To Pune Rly. Stn. Via Radhanagari","Kudal St Depot","Pune Rly. Stn.",RADHANAGARI,MO,2890,"Osargaon Post",28.9,,,"कुडाळ आगार","पुणे स्टेशन",393.9,06:45,16:30,"Non Obl",Daily,"विश्रांती 12.25 ते 12.55",,
147555,"Kudal St Depot To Pune Rly. Stn. Via Radhanagari","Kudal St Depot","Pune Rly. Stn.",RADHANAGARI,MO,2891,"Osargaon Talav",29.8,,,"कुडाळ आगार","पुणे स्टेशन",393.9,06:45,16:30,"Non Obl",Daily,"विश्रांती 12.25 ते 12.55",,
147555,"Kudal St Depot To Pune Rly. Stn. Via Radhanagari","Kudal St Depot","Pune Rly. Stn.",RADHANAGARI,MO,2692,Dangalwadi,32,,,"कुडाळ आगार","पुणे स्टेशन",393.9,06:45,16:30,"Non Obl",Daily,"विश्रांती 12.25 ते 12.55",,
147555,"Kudal St Depot To Pune Rly. Stn. Via Radhanagari","Kudal St Depot","Pune Rly. Stn.",RADHANAGARI,MO,3002,Wagde,34.9,,,"कुडाळ आगार","पुणे स्टेशन",393.9,06:45,16:30,"Non Obl",Daily,"विश्रांती 12.25 ते 12.55",,
147555,"Kudal St Depot To Pune Rly. Stn. Via Radhanagari","Kudal St Depot","Pune Rly. Stn.",RADHANAGARI,MO,2786,Kankavli,36.9,,,"कुडाळ आगार","पुणे स्टेशन",393.9,06:45,16:30,"Non Obl",Daily,"विश्रांती 12.25 ते 12.55",,
147555,"Kudal St Depot To Pune Rly. Stn. Via Radhanagari","Kudal St Depot","Pune Rly. Stn.",RADHANAGARI,MO,2768,"Janavali Gavthanwadi",40.7,,,"कुडाळ आगार","पुणे स्टेशन",393.9,06:45,16:30,"Non Obl",Daily,"विश्रांती 12.25 ते 12.55",,
147555,"Kudal St Depot To Pune Rly. Stn. Via Radhanagari","Kudal St Depot","Pune Rly. Stn.",RADHANAGARI,MO,2756,"Humrat Titha",43.8,,,"कुडाळ आगार","पुणे स्टेशन",393.9,06:45,16:30,"Non Obl",Daily,"विश्रांती 12.25 ते 12.55",,
147555,"Kudal St Depot To Pune Rly. Stn. Via Radhanagari","Kudal St Depot","Pune Rly. Stn.",RADHANAGARI,MO,2758,"Humrath School",46.3,,,"कुडाळ आगार","पुणे स्टेशन",393.9,06:45,16:30,"Non Obl",Daily,"विश्रांती 12.25 ते 12.55",,
147555,"Kudal St Depot To Pune Rly. Stn. Via Radhanagari","Kudal St Depot","Pune Rly. Stn.",RADHANAGARI,MO,2781,Kanadewadi,49.1,,,"कुडाळ आगार","पुणे स्टेशन",393.9,06:45,16:30,"Non Obl",Daily,"विश्रांती 12.25 ते 12.55",,
147555,"Kudal St Depot To Pune Rly. Stn. Via Radhanagari","Kudal St Depot","Pune Rly. Stn.",RADHANAGARI,MO,2787,"Kankavli Nandgaon Fata",51.9,,,"कुडाळ आगार","पुणे स्टेशन",393.9,06:45,16:30,"Non Obl",Daily,"विश्रांती 12.25 ते 12.55",,
147555,"Kudal St Depot To Pune Rly. Stn. Via Radhanagari","Kudal St Depot","Pune Rly. Stn.",RADHANAGARI,MO,2906,"Phonda Iti",53,,,"कुडाळ आगार","पुणे स्टेशन",393.9,06:45,16:30,"Non Obl",Daily,"विश्रांती 12.25 ते 12.55",,
147555,"Kudal St Depot To Pune Rly. Stn. Via Radhanagari","Kudal St Depot","Pune Rly. Stn.",RADHANAGARI,MO,2904,Phonda,54.8,,,"कुडाळ आगार","पुणे स्टेशन",393.9,06:45,16:30,"Non Obl",Daily,"विश्रांती 12.25 ते 12.55",,
147555,"Kudal St Depot To Pune Rly. Stn. Via Radhanagari","Kudal St Depot","Pune Rly. Stn.",RADHANAGARI,MO,2723,"Ganguchi Wadi",57.9,,,"कुडाळ आगार","पुणे स्टेशन",393.9,06:45,16:30,"Non Obl",Daily,"विश्रांती 12.25 ते 12.55",,
147555,"Kudal St Depot To Pune Rly. Stn. Via Radhanagari","Kudal St Depot","Pune Rly. Stn.",RADHANAGARI,MO,23566,Dajipur,69.4,,,"कुडाळ आगार","पुणे स्टेशन",393.9,06:45,16:30,"Non Obl",Daily,"विश्रांती 12.25 ते 12.55",,
147555,"Kudal St Depot To Pune Rly. Stn. Via Radhanagari","Kudal St Depot","Pune Rly. Stn.",RADHANAGARI,MO,24004,Hasane,75.4,,,"कुडाळ आगार","पुणे स्टेशन",393.9,06:45,16:30,"Non Obl",Daily,"विश्रांती 12.25 ते 12.55",,
147555,"Kudal St Depot To Pune Rly. Stn. Via Radhanagari","Kudal St Depot","Pune Rly. Stn.",RADHANAGARI,MO,23137,Bambar,81.3,,,"कुडाळ आगार","पुणे स्टेशन",393.9,06:45,16:30,"Non Obl",Daily,"विश्रांती 12.25 ते 12.55",,
147555,"Kudal St Depot To Pune Rly. Stn. Via Radhanagari","Kudal St Depot","Pune Rly. Stn.",RADHANAGARI,MO,25530,Shelap,84.8,,,"कुडाळ आगार","पुणे स्टेशन",393.9,06:45,16:30,"Non Obl",Daily,"विश्रांती 12.25 ते 12.55",,
147555,"Kudal St Depot To Pune Rly. Stn. Via Radhanagari","Kudal St Depot","Pune Rly. Stn.",RADHANAGARI,MO,30607,Ajiwade,88.5,,,"कुडाळ आगार","पुणे स्टेशन",393.9,06:45,16:30,"Non Obl",Daily,"विश्रांती 12.25 ते 12.55",,
147555,"Kudal St Depot To Pune Rly. Stn. Via Radhanagari","Kudal St Depot","Pune Rly. Stn.",RADHANAGARI,MO,23601,Daoudwadi,91.8,,,"कुडाळ आगार","पुणे स्टेशन",393.9,06:45,16:30,"Non Obl",Daily,"विश्रांती 12.25 ते 12.55",,
147555,"Kudal St Depot To Pune Rly. Stn. Via Radhanagari","Kudal St Depot","Pune Rly. Stn.",RADHANAGARI,MO,25393,"Radhanagri Dam",94.3,,,"कुडाळ आगार","पुणे स्टेशन",393.9,06:45,16:30,"Non Obl",Daily,"विश्रांती 12.25 ते 12.55",,
147555,"Kudal St Depot To Pune Rly. Stn. Via Radhanagari","Kudal St Depot","Pune Rly. Stn.",RADHANAGARI,MO,24014,Hatimahal,96.1,,,"कुडाळ आगार","पुणे स्टेशन",393.9,06:45,16:30,"Non Obl",Daily,"विश्रांती 12.25 ते 12.55",,
147555,"Kudal St Depot To Pune Rly. Stn. Via Radhanagari","Kudal St Depot","Pune Rly. Stn.",RADHANAGARI,MO,25336,Radhanagari,98.9,,,"कुडाळ आगार","पुणे स्टेशन",393.9,06:45,16:30,"Non Obl",Daily,"विश्रांती 12.25 ते 12.55",,
147555,"Kudal St Depot To Pune Rly. Stn. Via Radhanagari","Kudal St Depot","Pune Rly. Stn.",RADHANAGARI,MO,23720,Gaibi,101.6,,,"कुडाळ आगार","पुणे स्टेशन",393.9,06:45,16:30,"Non Obl",Daily,"विश्रांती 12.25 ते 12.55",,
147555,"Kudal St Depot To Pune Rly. Stn. Via Radhanagari","Kudal St Depot","Pune Rly. Stn.",RADHANAGARI,MO,24322,"Khindi Vharavade",106.6,,,"कुडाळ आगार","पुणे स्टेशन",393.9,06:45,16:30,"Non Obl",Daily,"विश्रांती 12.25 ते 12.55",,
147555,"Kudal St Depot To Pune Rly. Stn. Via Radhanagari","Kudal St Depot","Pune Rly. Stn.",RADHANAGARI,MO,23049,Anaje,107,,,"कुडाळ आगार","पुणे स्टेशन",393.9,06:45,16:30,"Non Obl",Daily,"विश्रांती 12.25 ते 12.55",,
147555,"Kudal St Depot To Pune Rly. Stn. Via Radhanagari","Kudal St Depot","Pune Rly. Stn.",RADHANAGARI,MO,25306,"Powar House",110,,,"कुडाळ आगार","पुणे स्टेशन",393.9,06:45,16:30,"Non Obl",Daily,"विश्रांती 12.25 ते 12.55",,
147555,"Kudal St Depot To Pune Rly. Stn. Via Radhanagari","Kudal St Depot","Pune Rly. Stn.",RADHANAGARI,MO,25521,Shirase,113,,,"कुडाळ आगार","पुणे स्टेशन",393.9,06:45,16:30,"Non Obl",Daily,"विश्रांती 12.25 ते 12.55",,
147555,"Kudal St Depot To Pune Rly. Stn. Via Radhanagari","Kudal St Depot","Pune Rly. Stn.",RADHANAGARI,MO,24207,Kaulav,116,,,"कुडाळ आगार","पुणे स्टेशन",393.9,06:45,16:30,"Non Obl",Daily,"विश्रांती 12.25 ते 12.55",,
147555,"Kudal St Depot To Pune Rly. Stn. Via Radhanagari","Kudal St Depot","Pune Rly. Stn.",RADHANAGARI,MO,23768,Ghotavade,117,,,"कुडाळ आगार","पुणे स्टेशन",393.9,06:45,16:30,"Non Obl",Daily,"विश्रांती 12.25 ते 12.55",,
147555,"Kudal St Depot To Pune Rly. Stn. Via Radhanagari","Kudal St Depot","Pune Rly. Stn.",RADHANAGARI,MO,23216,"Bhogavati Sugar Factory",120.6,,,"कुडाळ आगार","पुणे स्टेशन",393.9,06:45,16:30,"Non Obl",Daily,"विश्रांती 12.25 ते 12.55",,
147555,"Kudal St Depot To Pune Rly. Stn. Via Radhanagari","Kudal St Depot","Pune Rly. Stn.",RADHANAGARI,MO,24444,Kothali,126,,,"कुडाळ आगार","पुणे स्टेशन",393.9,06:45,16:30,"Non Obl",Daily,"विश्रांती 12.25 ते 12.55",,
147555,"Kudal St Depot To Pune Rly. Stn. Via Radhanagari","Kudal St Depot","Pune Rly. Stn.",RADHANAGARI,MO,23945,Haldi,136.6,,,"कुडाळ आगार","पुणे स्टेशन",393.9,06:45,16:30,"Non Obl",Daily,"विश्रांती 12.25 ते 12.55",,
147555,"Kudal St Depot To Pune Rly. Stn. Via Radhanagari","Kudal St Depot","Pune Rly. Stn.",RADHANAGARI,MO,24388,Kandgaon,139,,,"कुडाळ आगार","पुणे स्टेशन",393.9,06:45,16:30,"Non Obl",Daily,"विश्रांती 12.25 ते 12.55",,
147555,"Kudal St Depot To Pune Rly. Stn. Via Radhanagari","Kudal St Depot","Pune Rly. Stn.",RADHANAGARI,MO,26066,Washi,142,,,"कुडाळ आगार","पुणे स्टेशन",393.9,06:45,16:30,"Non Obl",Daily,"विश्रांती 12.25 ते 12.55",,
147555,"Kudal St Depot To Pune Rly. Stn. Via Radhanagari","Kudal St Depot","Pune Rly. Stn.",RADHANAGARI,MO,25083,"New Washi Naka",145,,,"कुडाळ आगार","पुणे स्टेशन",393.9,06:45,16:30,"Non Obl",Daily,"विश्रांती 12.25 ते 12.55",,
147555,"Kudal St Depot To Pune Rly. Stn. Via Radhanagari","Kudal St Depot","Pune Rly. Stn.",RADHANAGARI,MO,25400,Rankala,148,,,"कुडाळ आगार","पुणे स्टेशन",393.9,06:45,16:30,"Non Obl",Daily,"विश्रांती 12.25 ते 12.55",,
147555,"Kudal St Depot To Pune Rly. Stn. Via Radhanagari","Kudal St Depot","Pune Rly. Stn.",RADHANAGARI,MO,23625,"Dasara Chwok",149.6,,,"कुडाळ आगार","पुणे स्टेशन",393.9,06:45,16:30,"Non Obl",Daily,"विश्रांती 12.25 ते 12.55",,
147555,"Kudal St Depot To Pune Rly. Stn. Via Radhanagari","Kudal St Depot","Pune Rly. Stn.",RADHANAGARI,MO,24359,Kolhapur,151.8,,,"कुडाळ आगार","पुणे स्टेशन",393.9,06:45,16:30,"Non Obl",Daily,"विश्रांती 12.25 ते 12.55",,
147555,"Kudal St Depot To Pune Rly. Stn. Via Radhanagari","Kudal St Depot","Pune Rly. Stn.",RADHANAGARI,MO,24904,"Market Yard",154.8,,,"कुडाळ आगार","पुणे स्टेशन",393.9,06:45,16:30,"Non Obl",Daily,"विश्रांती 12.25 ते 12.55",,
147555,"Kudal St Depot To Pune Rly. Stn. Via Radhanagari","Kudal St Depot","Pune Rly. Stn.",RADHANAGARI,MO,25438,"Sangli Fata",157.5,,,"कुडाळ आगार","पुणे स्टेशन",393.9,06:45,16:30,"Non Obl",Daily,"विश्रांती 12.25 ते 12.55",,
147555,"Kudal St Depot To Pune Rly. Stn. Via Radhanagari","Kudal St Depot","Pune Rly. Stn.",RADHANAGARI,MO,25601,"Shiye Fata",163.8,,,"कुडाळ आगार","पुणे स्टेशन",393.9,06:45,16:30,"Non Obl",Daily,"विश्रांती 12.25 ते 12.55",,
147555,"Kudal St Depot To Pune Rly. Stn. Via Radhanagari","Kudal St Depot","Pune Rly. Stn.",RADHANAGARI,MO,26070,Wathar,177.8,,,"कुडाळ आगार","पुणे स्टेशन",393.9,06:45,16:30,"Non Obl",Daily,"विश्रांती 12.25 ते 12.55",,
147555,"Kudal St Depot To Pune Rly. Stn. Via Radhanagari","Kudal St Depot","Pune Rly. Stn.",RADHANAGARI,MO,24328,Kini,178.9,,,"कुडाळ आगार","पुणे स्टेशन",393.9,06:45,16:30,"Non Obl",Daily,"विश्रांती 12.25 ते 12.55",,
147555,"Kudal St Depot To Pune Rly. Stn. Via Radhanagari","Kudal St Depot","Pune Rly. Stn.",RADHANAGARI,MO,23852,"Ghunki Fata",182.8,,,"कुडाळ आगार","पुणे स्टेशन",393.9,06:45,16:30,"Non Obl",Daily,"विश्रांती 12.25 ते 12.55",,
147555,"Kudal St Depot To Pune Rly. Stn. Via Radhanagari","Kudal St Depot","Pune Rly. Stn.",RADHANAGARI,MO,35651,Tandalwadi,195.8,,,"कुडाळ आगार","पुणे स्टेशन",393.9,06:45,16:30,"Non Obl",Daily,"विश्रांती 12.25 ते 12.55",,
147555,"Kudal St Depot To Pune Rly. Stn. Via Radhanagari","Kudal St Depot","Pune Rly. Stn.",RADHANAGARI,MO,35490,Kameri,197.5,,,"कुडाळ आगार","पुणे स्टेशन",393.9,06:45,16:30,"Non Obl",Daily,"विश्रांती 12.25 ते 12.55",,
147555,"Kudal St Depot To Pune Rly. Stn. Via Radhanagari","Kudal St Depot","Pune Rly. Stn.",RADHANAGARI,MO,35595,Pehtnaka,202.8,,,"कुडाळ आगार","पुणे स्टेशन",393.9,06:45,16:30,"Non Obl",Daily,"विश्रांती 12.25 ते 12.55",,
147555,"Kudal St Depot To Pune Rly. Stn. Via Radhanagari","Kudal St Depot","Pune Rly. Stn.",RADHANAGARI,MO,35572,Narle,205.8,,,"कुडाळ आगार","पुणे स्टेशन",393.9,06:45,16:30,"Non Obl",Daily,"विश्रांती 12.25 ते 12.55",,
147555,"Kudal St Depot To Pune Rly. Stn. Via Radhanagari","Kudal St Depot","Pune Rly. Stn.",RADHANAGARI,MO,35496,Kasegaon,211.8,,,"कुडाळ आगार","पुणे स्टेशन",393.9,06:45,16:30,"Non Obl",Daily,"विश्रांती 12.25 ते 12.55",,
147555,"Kudal St Depot To Pune Rly. Stn. Via Radhanagari","Kudal St Depot","Pune Rly. Stn.",RADHANAGARI,MO,28216,Malkhed,214.8,,,"कुडाळ आगार","पुणे स्टेशन",393.9,06:45,16:30,"Non Obl",Daily,"विश्रांती 12.25 ते 12.55",,
147555,"Kudal St Depot To Pune Rly. Stn. Via Radhanagari","Kudal St Depot","Pune Rly. Stn.",RADHANAGARI,MO,28170,Kalawde,216.2,,,"कुडाळ आगार","पुणे स्टेशन",393.9,06:45,16:30,"Non Obl",Daily,"विश्रांती 12.25 ते 12.55",,
147555,"Kudal St Depot To Pune Rly. Stn. Via Radhanagari","Kudal St Depot","Pune Rly. Stn.",RADHANAGARI,MO,28234,Nandlapur,217.8,,,"कुडाळ आगार","पुणे स्टेशन",393.9,06:45,16:30,"Non Obl",Daily,"विश्रांती 12.25 ते 12.55",,
147555,"Kudal St Depot To Pune Rly. Stn. Via Radhanagari","Kudal St Depot","Pune Rly. Stn.",RADHANAGARI,MO,28197,"Krushna Hospital",220.8,,,"कुडाळ आगार","पुणे स्टेशन",393.9,06:45,16:30,"Non Obl",Daily,"विश्रांती 12.25 ते 12.55",,
147555,"Kudal St Depot To Pune Rly. Stn. Via Radhanagari","Kudal St Depot","Pune Rly. Stn.",RADHANAGARI,MO,28184,Karad,226.9,,,"कुडाळ आगार","पुणे स्टेशन",393.9,06:45,16:30,"Non Obl",Daily,"विश्रांती 12.25 ते 12.55",,
147555,"Kudal St Depot To Pune Rly. Stn. Via Radhanagari","Kudal St Depot","Pune Rly. Stn.",RADHANAGARI,MO,28347,Vanvasmachi,232.8,,,"कुडाळ आगार","पुणे स्टेशन",393.9,06:45,16:30,"Non Obl",Daily,"विश्रांती 12.25 ते 12.55",,
147555,"Kudal St Depot To Pune Rly. Stn. Via Radhanagari","Kudal St Depot","Pune Rly. Stn.",RADHANAGARI,MO,28343,Vahagaon,235.9,,,"कुडाळ आगार","पुणे स्टेशन",393.9,06:45,16:30,"Non Obl",Daily,"विश्रांती 12.25 ते 12.55",,
147555,"Kudal St Depot To Pune Rly. Stn. Via Radhanagari","Kudal St Depot","Pune Rly. Stn.",RADHANAGARI,MO,28337,Tasawade,239.9,,,"कुडाळ आगार","पुणे स्टेशन",393.9,06:45,16:30,"Non Obl",Daily,"विश्रांती 12.25 ते 12.55",,
147555,"Kudal St Depot To Pune Rly. Stn. Via Radhanagari","Kudal St Depot","Pune Rly. Stn.",RADHANAGARI,MO,28340,Umbraj,244.9,,,"कुडाळ आगार","पुणे स्टेशन",393.9,06:45,16:30,"Non Obl",Daily,"विश्रांती 12.25 ते 12.55",,
147555,"Kudal St Depot To Pune Rly. Stn. Via Radhanagari","Kudal St Depot","Pune Rly. Stn.",RADHANAGARI,MO,31099,Kashil,250.5,,,"कुडाळ आगार","पुणे स्टेशन",393.9,06:45,16:30,"Non Obl",Daily,"विश्रांती 12.25 ते 12.55",,
147555,"Kudal St Depot To Pune Rly. Stn. Via Radhanagari","Kudal St Depot","Pune Rly. Stn.",RADHANAGARI,MO,28256,"Perle Fata",250.9,,,"कुडाळ आगार","पुणे स्टेशन",393.9,06:45,16:30,"Non Obl",Daily,"विश्रांती 12.25 ते 12.55",,
147555,"Kudal St Depot To Pune Rly. Stn. Via Radhanagari","Kudal St Depot","Pune Rly. Stn.",RADHANAGARI,MO,30896,Atit,258.8,,,"कुडाळ आगार","पुणे स्टेशन",393.9,06:45,16:30,"Non Obl",Daily,"विश्रांती 12.25 ते 12.55",,
147555,"Kudal St Depot To Pune Rly. Stn. Via Radhanagari","Kudal St Depot","Pune Rly. Stn.",RADHANAGARI,MO,30923,Borgaon,268.2,,,"कुडाळ आगार","पुणे स्टेशन",393.9,06:45,16:30,"Non Obl",Daily,"विश्रांती 12.25 ते 12.55",,
147555,"Kudal St Depot To Pune Rly. Stn. Via Radhanagari","Kudal St Depot","Pune Rly. Stn.",RADHANAGARI,MO,31269,Shendre,273.5,,,"कुडाळ आगार","पुणे स्टेशन",393.9,06:45,16:30,"Non Obl",Daily,"विश्रांती 12.25 ते 12.55",,
147555,"Kudal St Depot To Pune Rly. Stn. Via Radhanagari","Kudal St Depot","Pune Rly. Stn.",RADHANAGARI,MO,31066,Khindwadi,278.5,,,"कुडाळ आगार","पुणे स्टेशन",393.9,06:45,16:30,"Non Obl",Daily,"विश्रांती 12.25 ते 12.55",,
147555,"Kudal St Depot To Pune Rly. Stn. Via Radhanagari","Kudal St Depot","Pune Rly. Stn.",RADHANAGARI,MO,31340,Varya,282.5,,,"कुडाळ आगार","पुणे स्टेशन",393.9,06:45,16:30,"Non Obl",Daily,"विश्रांती 12.25 ते 12.55",,
147555,"Kudal St Depot To Pune Rly. Stn. Via Radhanagari","Kudal St Depot","Pune Rly. Stn.",RADHANAGARI,MO,31298,Satara,283.5,,,"कुडाळ आगार","पुणे स्टेशन",393.9,06:45,16:30,"Non Obl",Daily,"विश्रांती 12.25 ते 12.55",,
147555,"Kudal St Depot To Pune Rly. Stn. Via Radhanagari","Kudal St Depot","Pune Rly. Stn.",RADHANAGARI,MO,31246,"Ramnagar Vasahat",289.5,,,"कुडाळ आगार","पुणे स्टेशन",393.9,06:45,16:30,"Non Obl",Daily,"विश्रांती 12.25 ते 12.55",,
147555,"Kudal St Depot To Pune Rly. Stn. Via Radhanagari","Kudal St Depot","Pune Rly. Stn.",RADHANAGARI,MO,31168,Nagewadi,292.5,,,"कुडाळ आगार","पुणे स्टेशन",393.9,06:45,16:30,"Non Obl",Daily,"विश्रांती 12.25 ते 12.55",,
147555,"Kudal St Depot To Pune Rly. Stn. Via Radhanagari","Kudal St Depot","Pune Rly. Stn.",RADHANAGARI,MO,34523,"Raigaon Fata",295.5,,,"कुडाळ आगार","पुणे स्टेशन",393.9,06:45,16:30,"Non Obl",Daily,"विश्रांती 12.25 ते 12.55",,
147555,"Kudal St Depot To Pune Rly. Stn. Via Radhanagari","Kudal St Depot","Pune Rly. Stn.",RADHANAGARI,MO,33460,Bhuinj,305.7,,,"कुडाळ आगार","पुणे स्टेशन",393.9,06:45,16:30,"Non Obl",Daily,"विश्रांती 12.25 ते 12.55",,
147555,"Kudal St Depot To Pune Rly. Stn. Via Radhanagari","Kudal St Depot","Pune Rly. Stn.",RADHANAGARI,MO,33516,"Joshi Vihir Wathar Fata",308,,,"कुडाळ आगार","पुणे स्टेशन",393.9,06:45,16:30,"Non Obl",Daily,"विश्रांती 12.25 ते 12.55",,
147555,"Kudal St Depot To Pune Rly. Stn. Via Radhanagari","Kudal St Depot","Pune Rly. Stn.",RADHANAGARI,MO,34386,Anewadi,309.2,,,"कुडाळ आगार","पुणे स्टेशन",393.9,06:45,16:30,"Non Obl",Daily,"विश्रांती 12.25 ते 12.55",,
147555,"Kudal St Depot To Pune Rly. Stn. Via Radhanagari","Kudal St Depot","Pune Rly. Stn.",RADHANAGARI,MO,33521,Kavathe,311.5,,,"कुडाळ आगार","पुणे स्टेशन",393.9,06:45,16:30,"Non Obl",Daily,"विश्रांती 12.25 ते 12.55",,
147555,"Kudal St Depot To Pune Rly. Stn. Via Radhanagari","Kudal St Depot","Pune Rly. Stn.",RADHANAGARI,MO,33588,"Surur Fata",315.7,,,"कुडाळ आगार","पुणे स्टेशन",393.9,06:45,16:30,"Non Obl",Daily,"विश्रांती 12.25 ते 12.55",,
147555,"Kudal St Depot To Pune Rly. Stn. Via Radhanagari","Kudal St Depot","Pune Rly. Stn.",RADHANAGARI,MO,29233,"Pargaon Khandala",329.1,,,"कुडाळ आगार","पुणे स्टेशन",393.9,06:45,16:30,"Non Obl",Daily,"विश्रांती 12.25 ते 12.55",,
147555,"Kudal St Depot To Pune Rly. Stn. Via Radhanagari","Kudal St Depot","Pune Rly. Stn.",RADHANAGARI,MO,29190,"Kesurdi Fata",330.5,,,"कुडाळ आगार","पुणे स्टेशन",393.9,06:45,16:30,"Non Obl",Daily,"विश्रांती 12.25 ते 12.55",,
147555,"Kudal St Depot To Pune Rly. Stn. Via Radhanagari","Kudal St Depot","Pune Rly. Stn.",RADHANAGARI,MO,29255,Shirwal,335.5,,,"कुडाळ आगार","पुणे स्टेशन",393.9,06:45,16:30,"Non Obl",Daily,"विश्रांती 12.25 ते 12.55",,
147555,"Kudal St Depot To Pune Rly. Stn. Via Radhanagari","Kudal St Depot","Pune Rly. Stn.",RADHANAGARI,MO,29254,"Shinde Wadi Fata",339.4,,,"कुडाळ आगार","पुणे स्टेशन",393.9,06:45,16:30,"Non Obl",Daily,"विश्रांती 12.25 ते 12.55",,
147555,"Kudal St Depot To Pune Rly. Stn. Via Radhanagari","Kudal St Depot","Pune Rly. Stn.",RADHANAGARI,MO,29196,Kikavi,347.8,,,"कुडाळ आगार","पुणे स्टेशन",393.9,06:45,16:30,"Non Obl",Daily,"विश्रांती 12.25 ते 12.55",,
147555,"Kudal St Depot To Pune Rly. Stn. Via Radhanagari","Kudal St Depot","Pune Rly. Stn.",RADHANAGARI,MO,6582,"Kalubai Mandir",360.7,,,"कुडाळ आगार","पुणे स्टेशन",393.9,06:45,16:30,"Non Obl",Daily,"विश्रांती 12.25 ते 12.55",,
147555,"Kudal St Depot To Pune Rly. Stn. Via Radhanagari","Kudal St Depot","Pune Rly. Stn.",RADHANAGARI,MO,6696,Shivare,370,,,"कुडाळ आगार","पुणे स्टेशन",393.9,06:45,16:30,"Non Obl",Daily,"विश्रांती 12.25 ते 12.55",,
147555,"Kudal St Depot To Pune Rly. Stn. Via Radhanagari","Kudal St Depot","Pune Rly. Stn.",RADHANAGARI,MO,8794,Gogalwadi,371.9,,,"कुडाळ आगार","पुणे स्टेशन",393.9,06:45,16:30,"Non Obl",Daily,"विश्रांती 12.25 ते 12.55",,
147555,"Kudal St Depot To Pune Rly. Stn. Via Radhanagari","Kudal St Depot","Pune Rly. Stn.",RADHANAGARI,MO,8934,"Swargate, Pune",386.6,,,"कुडाळ आगार","पुणे स्टेशन",393.9,06:45,16:30,"Non Obl",Daily,"विश्रांती 12.25 ते 12.55",,
147555,"Kudal St Depot To Pune Rly. Stn. Via Radhanagari","Kudal St Depot","Pune Rly. Stn.",RADHANAGARI,MO,8888,"Pune Rly. Stn.",393.1,,,"कुडाळ आगार","पुणे स्टेशन",393.9,06:45,16:30,"Non Obl",Daily,"विश्रांती 12.25 ते 12.55",,
10941,"Kudal To Malaiwadi","Kudal St Depot",Malaiwadi,,MO,6237,"Kudal St Depot",,,,कुडाळ,फुटब्रीज,40.1,18:10,19:30,,,"विश्रांती 17.40-18.10",,
10941,"Kudal To Malaiwadi","Kudal St Depot",Malaiwadi,,MO,6302,"Modka Wad Pinguli",4.5,,,कुडाळ,फुटब्रीज,40.1,18:10,19:30,,,"विश्रांती 17.40-18.10",,
10941,"Kudal To Malaiwadi","Kudal St Depot",Malaiwadi,,MO,6376,"Pinguli Titha",6.1,,,कुडाळ,फुटब्रीज,40.1,18:10,19:30,,,"विश्रांती 17.40-18.10",,
10941,"Kudal To Malaiwadi","Kudal St Depot",Malaiwadi,,MO,6126,Bibavane,6.7,,,कुडाळ,फुटब्रीज,40.1,18:10,19:30,,,"विश्रांती 17.40-18.10",,
10941,"Kudal To Malaiwadi","Kudal St Depot",Malaiwadi,,MO,6315,"Mile Stone",7.1,,,कुडाळ,फुटब्रीज,40.1,18:10,19:30,,,"विश्रांती 17.40-18.10",,
10941,"Kudal To Malaiwadi","Kudal St Depot",Malaiwadi,,MO,6322,"Mandkuli Fata",7.2,,,कुडाळ,फुटब्रीज,40.1,18:10,19:30,,,"विश्रांती 17.40-18.10",,
10941,"Kudal To Malaiwadi","Kudal St Depot",Malaiwadi,,MO,6474,"Zharap Titha",9,,,कुडाळ,फुटब्रीज,40.1,18:10,19:30,,,"विश्रांती 17.40-18.10",,
10941,"Kudal To Malaiwadi","Kudal St Depot",Malaiwadi,,MO,6134,Bhimnagar,13.4,,,कुडाळ,फुटब्रीज,40.1,18:10,19:30,,,"विश्रांती 17.40-18.10",,
10941,"Kudal To Malaiwadi","Kudal St Depot",Malaiwadi,,MO,6386,"Power House",16.5,,,कुडाळ,फुटब्रीज,40.1,18:10,19:30,,,"विश्रांती 17.40-18.10",,
10941,"Kudal To Malaiwadi","Kudal St Depot",Malaiwadi,,MO,6323,"Mangaon Titha",16.8,,,कुडाळ,फुटब्रीज,40.1,18:10,19:30,,,"विश्रांती 17.40-18.10",,
10941,"Kudal To Malaiwadi","Kudal St Depot",Malaiwadi,,MO,6317,Mangaon,18.7,,,कुडाळ,फुटब्रीज,40.1,18:10,19:30,,,"विश्रांती 17.40-18.10",,
10941,"Kudal To Malaiwadi","Kudal St Depot",Malaiwadi,,MO,6319,"Mangaon Phc",20.4,,,कुडाळ,फुटब्रीज,40.1,18:10,19:30,,,"विश्रांती 17.40-18.10",,
10941,"Kudal To Malaiwadi","Kudal St Depot",Malaiwadi,,MO,6092,Amberi,21.1,,,कुडाळ,फुटब्रीज,40.1,18:10,19:30,,,"विश्रांती 17.40-18.10",,
10941,"Kudal To Malaiwadi","Kudal St Depot",Malaiwadi,,MO,6464,"Wados Bazar",25.2,,,कुडाळ,फुटब्रीज,40.1,18:10,19:30,,,"विश्रांती 17.40-18.10",,
10941,"Kudal To Malaiwadi","Kudal St Depot",Malaiwadi,,MO,6190,"Gothos Titha",26.1,,,कुडाळ,फुटब्रीज,40.1,18:10,19:30,,,"विश्रांती 17.40-18.10",,
10941,"Kudal To Malaiwadi","Kudal St Depot",Malaiwadi,,MO,6341,"Nileli Dairy",27.4,,,कुडाळ,फुटब्रीज,40.1,18:10,19:30,,,"विश्रांती 17.40-18.10",,
10941,"Kudal To Malaiwadi","Kudal St Depot",Malaiwadi,,MO,6344,"Nileli Nursery",27.5,,,कुडाळ,फुटब्रीज,40.1,18:10,19:30,,,"विश्रांती 17.40-18.10",,
10941,"Kudal To Malaiwadi","Kudal St Depot",Malaiwadi,,MO,88081,"Mahadevache Kerawade",28.1,,,कुडाळ,फुटब्रीज,40.1,18:10,19:30,,,"विश्रांती 17.40-18.10",,
10941,"Kudal To Malaiwadi","Kudal St Depot",Malaiwadi,,MO,6148,"Chafeli Nursery",32.2,,,कुडाळ,फुटब्रीज,40.1,18:10,19:30,,,"विश्रांती 17.40-18.10",,
10941,"Kudal To Malaiwadi","Kudal St Depot",Malaiwadi,,MO,6199,"Haldiche Nerur Titha",34.2,,,कुडाळ,फुटब्रीज,40.1,18:10,19:30,,,"विश्रांती 17.40-18.10",,
10941,"Kudal To Malaiwadi","Kudal St Depot",Malaiwadi,,MO,6232,"Karyad Narur",34.9,,,कुडाळ,फुटब्रीज,40.1,18:10,19:30,,,"विश्रांती 17.40-18.10",,
10941,"Kudal To Malaiwadi","Kudal St Depot",Malaiwadi,,MO,6170,Footbridge,37.1,,,कुडाळ,फुटब्रीज,40.1,18:10,19:30,,,"विश्रांती 17.40-18.10",,
10941,"Kudal To Malaiwadi","Kudal St Depot",Malaiwadi,,MO,6299,Madhaliwadi,38.1,,,कुडाळ,फुटब्रीज,40.1,18:10,19:30,,,"विश्रांती 17.40-18.10",,
10941,"Kudal To Malaiwadi","Kudal St Depot",Malaiwadi,,MO,6311,Malaiwadi,40.1,,,कुडाळ,फुटब्रीज,40.1,18:10,19:30,,,"विश्रांती 17.40-18.10",,
10975,"Kudal To Narur Mahalaxmi Mandir","Kudal St Depot","Narur Mahalaxmi Mandir",,MO,6237,"Kudal St Depot",,,,कुडाळ,नारर,29.3,16:00,17:10,,,,,
10975,"Kudal To Narur Mahalaxmi Mandir","Kudal St Depot","Narur Mahalaxmi Mandir",,MO,6380,"Pawashi Panchayat",2.5,,,कुडाळ,नारर,29.3,16:00,17:10,,,,,
10975,"Kudal To Narur Mahalaxmi Mandir","Kudal St Depot","Narur Mahalaxmi Mandir",,MO,88100,Vetalbambarde,6.1,,,कुडाळ,नारर,29.3,16:00,17:10,,,,,
10975,"Kudal To Narur Mahalaxmi Mandir","Kudal St Depot","Narur Mahalaxmi Mandir",,MO,6109,"Ainmala Fata",9.2,,,कुडाळ,नारर,29.3,16:00,17:10,,,,,
10975,"Kudal To Narur Mahalaxmi Mandir","Kudal St Depot","Narur Mahalaxmi Mandir",,MO,6325,"Maruti Mandir",10.6,,,कुडाळ,नारर,29.3,16:00,17:10,,,,,
10975,"Kudal To Narur Mahalaxmi Mandir","Kudal St Depot","Narur Mahalaxmi Mandir",,MO,6141,Bhogalewadi,12,,,कुडाळ,नारर,29.3,16:00,17:10,,,,,
10975,"Kudal To Narur Mahalaxmi Mandir","Kudal St Depot","Narur Mahalaxmi Mandir",,MO,6255,"Kadamwadi School",12.6,,,कुडाळ,नारर,29.3,16:00,17:10,,,,,
10975,"Kudal To Narur Mahalaxmi Mandir","Kudal St Depot","Narur Mahalaxmi Mandir",,MO,6379,Parabwadi,13.5,,,कुडाळ,नारर,29.3,16:00,17:10,,,,,
10975,"Kudal To Narur Mahalaxmi Mandir","Kudal St Depot","Narur Mahalaxmi Mandir",,MO,6389,"Rangana Tulsuli",15,,,कुडाळ,नारर,29.3,16:00,17:10,,,,,
10975,"Kudal To Narur Mahalaxmi Mandir","Kudal St Depot","Narur Mahalaxmi Mandir",,MO,6214,Hateri,16.5,,,कुडाळ,नारर,29.3,16:00,17:10,,,,,
10975,"Kudal To Narur Mahalaxmi Mandir","Kudal St Depot","Narur Mahalaxmi Mandir",,MO,6213,Hirlok,21.9,,,कुडाळ,नारर,29.3,16:00,17:10,,,,,
10975,"Kudal To Narur Mahalaxmi Mandir","Kudal St Depot","Narur Mahalaxmi Mandir",,MO,6316,"Malawewadi Godown",24,,,कुडाळ,नारर,29.3,16:00,17:10,,,,,
10975,"Kudal To Narur Mahalaxmi Mandir","Kudal St Depot","Narur Mahalaxmi Mandir",,MO,6346,"Narur Mahalaxmi Mandir",28.2,,,कुडाळ,नारर,29.3,16:00,17:10,,,,,
10975,"Kudal To Narur Mahalaxmi Mandir","Kudal St Depot","Narur Mahalaxmi Mandir",,MO,6178,"Gothos School No.1",29,,,कुडाळ,नारर,29.3,16:00,17:10,,,,,
10975,"Kudal To Narur Mahalaxmi Mandir","Kudal St Depot","Narur Mahalaxmi Mandir",,MO,6315,"Mile Stone",29.3,,,कुडाळ,नारर,29.3,16:00,17:10,,,,,
10986,"Kudal St Depot To Shivapur High School","Kudal St Depot","Shivapur High School",,MO,6240,"Kudal St Depot",,,,"कुडाळ आगार",शिवापुर,44.2,06:15,07:55,SC,Daily,,,
10986,"Kudal St Depot To Shivapur High School","Kudal St Depot","Shivapur High School",,MO,6237,"Kudal St Depot",1.5,,,"कुडाळ आगार",शिवापुर,44.2,06:15,07:55,SC,Daily,,,
10986,"Kudal St Depot To Shivapur High School","Kudal St Depot","Shivapur High School",,MO,6302,"Modka Wad Pinguli",4,,,"कुडाळ आगार",शिवापुर,44.2,06:15,07:55,SC,Daily,,,
10986,"Kudal St Depot To Shivapur High School","Kudal St Depot","Shivapur High School",,MO,6376,"Pinguli Titha",5.1,,,"कुडाळ आगार",शिवापुर,44.2,06:15,07:55,SC,Daily,,,
10986,"Kudal St Depot To Shivapur High School","Kudal St Depot","Shivapur High School",,MO,6126,Bibavane,5.7,,,"कुडाळ आगार",शिवापुर,44.2,06:15,07:55,SC,Daily,,,
10986,"Kudal St Depot To Shivapur High School","Kudal St Depot","Shivapur High School",,MO,6315,"Mile Stone",6,,,"कुडाळ आगार",शिवापुर,44.2,06:15,07:55,SC,Daily,,,
10986,"Kudal St Depot To Shivapur High School","Kudal St Depot","Shivapur High School",,MO,6322,"Mandkuli Fata",7.2,,,"कुडाळ आगार",शिवापुर,44.2,06:15,07:55,SC,Daily,,,
10986,"Kudal St Depot To Shivapur High School","Kudal St Depot","Shivapur High School",,MO,6441,"Terse Bambarde Fata",8.4,,,"कुडाळ आगार",शिवापुर,44.2,06:15,07:55,SC,Daily,,,
10986,"Kudal St Depot To Shivapur High School","Kudal St Depot","Shivapur High School",,MO,6474,"Zharap Titha",11.4,,,"कुडाळ आगार",शिवापुर,44.2,06:15,07:55,SC,Daily,,,
10986,"Kudal St Depot To Shivapur High School","Kudal St Depot","Shivapur High School",,MO,6412,"Salgaon Harijanwadi",12,,,"कुडाळ आगार",शिवापुर,44.2,06:15,07:55,SC,Daily,,,
10986,"Kudal St Depot To Shivapur High School","Kudal St Depot","Shivapur High School",,MO,6386,"Power House",16.5,,,"कुडाळ आगार",शिवापुर,44.2,06:15,07:55,SC,Daily,,,
10986,"Kudal St Depot To Shivapur High School","Kudal St Depot","Shivapur High School",,MO,6323,"Mangaon Titha",16.8,,,"कुडाळ आगार",शिवापुर,44.2,06:15,07:55,SC,Daily,,,
10986,"Kudal St Depot To Shivapur High School","Kudal St Depot","Shivapur High School",,MO,6317,Mangaon,18.7,,,"कुडाळ आगार",शिवापुर,44.2,06:15,07:55,SC,Daily,,,
10986,"Kudal St Depot To Shivapur High School","Kudal St Depot","Shivapur High School",,MO,6319,"Mangaon Phc",20.4,,,"कुडाळ आगार",शिवापुर,44.2,06:15,07:55,SC,Daily,,,
10986,"Kudal St Depot To Shivapur High School","Kudal St Depot","Shivapur High School",,MO,6092,Amberi,21.1,,,"कुडाळ आगार",शिवापुर,44.2,06:15,07:55,SC,Daily,,,
10986,"Kudal St Depot To Shivapur High School","Kudal St Depot","Shivapur High School",,MO,6464,"Wados Bazar",25.2,,,"कुडाळ आगार",शिवापुर,44.2,06:15,07:55,SC,Daily,,,
10986,"Kudal St Depot To Shivapur High School","Kudal St Depot","Shivapur High School",,MO,6190,"Gothos Titha",26.1,,,"कुडाळ आगार",शिवापुर,44.2,06:15,07:55,SC,Daily,,,
10986,"Kudal St Depot To Shivapur High School","Kudal St Depot","Shivapur High School",,MO,6341,"Nileli Dairy",27.4,,,"कुडाळ आगार",शिवापुर,44.2,06:15,07:55,SC,Daily,,,
10986,"Kudal St Depot To Shivapur High School","Kudal St Depot","Shivapur High School",,MO,6344,"Nileli Nursery",27.5,,,"कुडाळ आगार",शिवापुर,44.2,06:15,07:55,SC,Daily,,,
10986,"Kudal St Depot To Shivapur High School","Kudal St Depot","Shivapur High School",,MO,88081,"Mahadevache Kerawade",30.8,,,"कुडाळ आगार",शिवापुर,44.2,06:15,07:55,SC,Daily,,,
10986,"Kudal St Depot To Shivapur High School","Kudal St Depot","Shivapur High School",,MO,6148,"Chafeli Nursery",32.2,,,"कुडाळ आगार",शिवापुर,44.2,06:15,07:55,SC,Daily,,,
10986,"Kudal St Depot To Shivapur High School","Kudal St Depot","Shivapur High School",,MO,6202,"Haldiche Nerur",34.1,,,"कुडाळ आगार",शिवापुर,44.2,06:15,07:55,SC,Daily,,,
10986,"Kudal St Depot To Shivapur High School","Kudal St Depot","Shivapur High School",,MO,6161,Dukanwad,34.8,,,"कुडाळ आगार",शिवापुर,44.2,06:15,07:55,SC,Daily,,,
10986,"Kudal St Depot To Shivapur High School","Kudal St Depot","Shivapur High School",,MO,6462,Wasoli,38.3,,,"कुडाळ आगार",शिवापुर,44.2,06:15,07:55,SC,Daily,,,
10986,"Kudal St Depot To Shivapur High School","Kudal St Depot","Shivapur High School",,MO,6471,"Wasoli Mandir",39,,,"कुडाळ आगार",शिवापुर,44.2,06:15,07:55,SC,Daily,,,
10986,"Kudal St Depot To Shivapur High School","Kudal St Depot","Shivapur High School",,MO,6469,Wirwadi,40.6,,,"कुडाळ आगार",शिवापुर,44.2,06:15,07:55,SC,Daily,,,
10986,"Kudal St Depot To Shivapur High School","Kudal St Depot","Shivapur High School",,MO,6406,"Satichi Wadi",41.5,,,"कुडाळ आगार",शिवापुर,44.2,06:15,07:55,SC,Daily,,,
10986,"Kudal St Depot To Shivapur High School","Kudal St Depot","Shivapur High School",,MO,6420,"Shivapur Chaloba",42.9,,,"कुडाळ आगार",शिवापुर,44.2,06:15,07:55,SC,Daily,,,
10986,"Kudal St Depot To Shivapur High School","Kudal St Depot","Shivapur High School",,MO,6425,"Shivapur High School",44.2,,,"कुडाळ आगार",शिवापुर,44.2,06:15,07:55,SC,Daily,,,
125491,"Malvan To Kudal Rly. Stn. Via Chouke",Malvan,"Kudal Rly. Stn.",CHOUKE,MO,6915,Malvan,,,,मालवण,"कुडाळ रेल्वेस्टे",29.5,15:30,16:30,,,,,
125491,"Malvan To Kudal Rly. Stn. Via Chouke",Malvan,"Kudal Rly. Stn.",CHOUKE,MO,6897,"Kumbharmath Govekar Dukan",2.5,,,मालवण,"कुडाळ रेल्वेस्टे",29.5,15:30,16:30,,,,,
125491,"Malvan To Kudal Rly. Stn. Via Chouke",Malvan,"Kudal Rly. Stn.",CHOUKE,MO,6750,"Ajagaonkar Bangala",3.3,,,मालवण,"कुडाळ रेल्वेस्टे",29.5,15:30,16:30,,,,,
125491,"Malvan To Kudal Rly. Stn. Via Chouke",Malvan,"Kudal Rly. Stn.",CHOUKE,MO,6799,Chouke,8.6,,,मालवण,"कुडाळ रेल्वेस्टे",29.5,15:30,16:30,,,,,
125491,"Malvan To Kudal Rly. Stn. Via Chouke",Malvan,"Kudal Rly. Stn.",CHOUKE,MO,6829,Godyachiwadi,11.4,,,मालवण,"कुडाळ रेल्वेस्टे",29.5,15:30,16:30,,,,,
125491,"Malvan To Kudal Rly. Stn. Via Chouke",Malvan,"Kudal Rly. Stn.",CHOUKE,MO,6821,"Gavaldeo Amba",15.1,,,मालवण,"कुडाळ रेल्वेस्टे",29.5,15:30,16:30,,,,,
125491,"Malvan To Kudal Rly. Stn. Via Chouke",Malvan,"Kudal Rly. Stn.",CHOUKE,MO,6979,"Ravalnath Mandir",18.1,,,मालवण,"कुडाळ रेल्वेस्टे",29.5,15:30,16:30,,,,,
125491,"Malvan To Kudal Rly. Stn. Via Chouke",Malvan,"Kudal Rly. Stn.",CHOUKE,MO,6856,"Hubalicha Mal",19.9,,,मालवण,"कुडाळ रेल्वेस्टे",29.5,15:30,16:30,,,,,
125491,"Malvan To Kudal Rly. Stn. Via Chouke",Malvan,"Kudal Rly. Stn.",CHOUKE,MO,6335,Nerurpar,20.7,,,मालवण,"कुडाळ रेल्वेस्टे",29.5,15:30,16:30,,,,,
125491,"Malvan To Kudal Rly. Stn. Via Chouke",Malvan,"Kudal Rly. Stn.",CHOUKE,MO,6435,"Thakur Temb",21.2,,,मालवण,"कुडाळ रेल्वेस्टे",29.5,15:30,16:30,,,,,
125491,"Malvan To Kudal Rly. Stn. Via Chouke",Malvan,"Kudal Rly. Stn.",CHOUKE,MO,6351,"Nerur Jakat",24.3,,,मालवण,"कुडाळ रेल्वेस्टे",29.5,15:30,16:30,,,,,
125491,"Malvan To Kudal Rly. Stn. Via Chouke",Malvan,"Kudal Rly. Stn.",CHOUKE,MO,6237,"Kudal St Depot",28.3,,,मालवण,"कुडाळ रेल्वेस्टे",29.5,15:30,16:30,,,,,
125491,"Malvan To Kudal Rly. Stn. Via Chouke",Malvan,"Kudal Rly. Stn.",CHOUKE,MO,6235,"Kudal Rly. Stn.",29.5,,,मालवण,"कुडाळ रेल्वेस्टे",29.5,15:30,16:30,,,,,
10955,"Kudal  To Kelus Kalvi Bandar Via Andurle Khind","Kudal St Depot","Kalvi Bandar","ANDURLE KHIND",MO,6237,"Kudal St Depot",,,,कुडाळ,कालवीबंदर,22.3,19:10,20:10,,,"विश्रांती 12.20-15.15",,
10955,"Kudal  To Kelus Kalvi Bandar Via Andurle Khind","Kudal St Depot","Kalvi Bandar","ANDURLE KHIND",MO,6376,"Pinguli Titha",4.3,,,कुडाळ,कालवीबंदर,22.3,19:10,20:10,,,"विश्रांती 12.20-15.15",,
10955,"Kudal  To Kelus Kalvi Bandar Via Andurle Khind","Kudal St Depot","Kalvi Bandar","ANDURLE KHIND",MO,6251,"Karmal Galu",7.6,,,कुडाळ,कालवीबंदर,22.3,19:10,20:10,,,"विश्रांती 12.20-15.15",,
10955,"Kudal  To Kelus Kalvi Bandar Via Andurle Khind","Kudal St Depot","Kalvi Bandar","ANDURLE KHIND",MO,6298,Madyachiwadi,9.7,,,कुडाळ,कालवीबंदर,22.3,19:10,20:10,,,"विश्रांती 12.20-15.15",,
10955,"Kudal  To Kelus Kalvi Bandar Via Andurle Khind","Kudal St Depot","Kalvi Bandar","ANDURLE KHIND",MO,6305,"Madyachiwadi Phanas",11.1,,,कुडाळ,कालवीबंदर,22.3,19:10,20:10,,,"विश्रांती 12.20-15.15",,
10955,"Kudal  To Kelus Kalvi Bandar Via Andurle Khind","Kudal St Depot","Kalvi Bandar","ANDURLE KHIND",MO,6215,Humarmala,13.7,,,कुडाळ,कालवीबंदर,22.3,19:10,20:10,,,"विश्रांती 12.20-15.15",,
10955,"Kudal  To Kelus Kalvi Bandar Via Andurle Khind","Kudal St Depot","Kalvi Bandar","ANDURLE KHIND",MO,6094,"Andurle Khind",14.4,,,कुडाळ,कालवीबंदर,22.3,19:10,20:10,,,"विश्रांती 12.20-15.15",,
10955,"Kudal  To Kelus Kalvi Bandar Via Andurle Khind","Kudal St Depot","Kalvi Bandar","ANDURLE KHIND",MO,9780,"Savariche Bharad",17,,,कुडाळ,कालवीबंदर,22.3,19:10,20:10,,,"विश्रांती 12.20-15.15",,
10955,"Kudal  To Kelus Kalvi Bandar Via Andurle Khind","Kudal St Depot","Kalvi Bandar","ANDURLE KHIND",MO,9736,"New Society",17.5,,,कुडाळ,कालवीबंदर,22.3,19:10,20:10,,,"विश्रांती 12.20-15.15",,
10955,"Kudal  To Kelus Kalvi Bandar Via Andurle Khind","Kudal St Depot","Kalvi Bandar","ANDURLE KHIND",MO,9595,"Andurle School",18.2,,,कुडाळ,कालवीबंदर,22.3,19:10,20:10,,,"विश्रांती 12.20-15.15",,
10955,"Kudal  To Kelus Kalvi Bandar Via Andurle Khind","Kudal St Depot","Kalvi Bandar","ANDURLE KHIND",MO,9594,"Andurle Pimpal",18.5,,,कुडाळ,कालवीबंदर,22.3,19:10,20:10,,,"विश्रांती 12.20-15.15",,
10955,"Kudal  To Kelus Kalvi Bandar Via Andurle Khind","Kudal St Depot","Kalvi Bandar","ANDURLE KHIND",MO,9674,"Kelus Titha",20,,,कुडाळ,कालवीबंदर,22.3,19:10,20:10,,,"विश्रांती 12.20-15.15",,
10955,"Kudal  To Kelus Kalvi Bandar Via Andurle Khind","Kudal St Depot","Kalvi Bandar","ANDURLE KHIND",MO,9673,"Kelus Taradevi Mandir",20.6,,,कुडाळ,कालवीबंदर,22.3,19:10,20:10,,,"विश्रांती 12.20-15.15",,
10955,"Kudal  To Kelus Kalvi Bandar Via Andurle Khind","Kudal St Depot","Kalvi Bandar","ANDURLE KHIND",MO,9674,"Kelus Titha",20.8,,,कुडाळ,कालवीबंदर,22.3,19:10,20:10,,,"विश्रांती 12.20-15.15",,
10955,"Kudal  To Kelus Kalvi Bandar Via Andurle Khind","Kudal St Depot","Kalvi Bandar","ANDURLE KHIND",MO,9662,"Kalvi Titha",21,,,कुडाळ,कालवीबंदर,22.3,19:10,20:10,,,"विश्रांती 12.20-15.15",,
10955,"Kudal  To Kelus Kalvi Bandar Via Andurle Khind","Kudal St Depot","Kalvi Bandar","ANDURLE KHIND",MO,9620,"Bowalekar Wadi",21.5,,,कुडाळ,कालवीबंदर,22.3,19:10,20:10,,,"विश्रांती 12.20-15.15",,
10955,"Kudal  To Kelus Kalvi Bandar Via Andurle Khind","Kudal St Depot","Kalvi Bandar","ANDURLE KHIND",MO,9661,"Kalvi Bandar",22.3,,,कुडाळ,कालवीबंदर,22.3,19:10,20:10,,,"विश्रांती 12.20-15.15",,
152233,"Bamanadevi Nileli To Kudal Via Mangaon","Bamanadevi Nileli","Kudal St Depot",MANGAON,MO,88072,"Bamanadevi Nileli",,,,"निळेली बामणादेवी","कुडाळ आगार",32,09:20,10:30,SC,SUN,,,
152233,"Bamanadevi Nileli To Kudal Via Mangaon","Bamanadevi Nileli","Kudal St Depot",MANGAON,MO,6447,"Undir Bhatala Fata Bamanadevi Nileli",1,,,"निळेली बामणादेवी","कुडाळ आगार",32,09:20,10:30,SC,SUN,,,
152233,"Bamanadevi Nileli To Kudal Via Mangaon","Bamanadevi Nileli","Kudal St Depot",MANGAON,MO,6169,"Edagewadi Bamanadevi Nileli",1.9,,,"निळेली बामणादेवी","कुडाळ आगार",32,09:20,10:30,SC,SUN,,,
152233,"Bamanadevi Nileli To Kudal Via Mangaon","Bamanadevi Nileli","Kudal St Depot",MANGAON,MO,6294,"Lingeshwar Mandir Bamanadevi Nileli",2.6,,,"निळेली बामणादेवी","कुडाळ आगार",32,09:20,10:30,SC,SUN,,,
152233,"Bamanadevi Nileli To Kudal Via Mangaon","Bamanadevi Nileli","Kudal St Depot",MANGAON,MO,6344,"Nileli Nursery",4.5,,,"निळेली बामणादेवी","कुडाळ आगार",32,09:20,10:30,SC,SUN,,,
152233,"Bamanadevi Nileli To Kudal Via Mangaon","Bamanadevi Nileli","Kudal St Depot",MANGAON,MO,6341,"Nileli Dairy",4.6,,,"निळेली बामणादेवी","कुडाळ आगार",32,09:20,10:30,SC,SUN,,,
152233,"Bamanadevi Nileli To Kudal Via Mangaon","Bamanadevi Nileli","Kudal St Depot",MANGAON,MO,6190,"Gothos Titha",5.9,,,"निळेली बामणादेवी","कुडाळ आगार",32,09:20,10:30,SC,SUN,,,
152233,"Bamanadevi Nileli To Kudal Via Mangaon","Bamanadevi Nileli","Kudal St Depot",MANGAON,MO,6464,"Wados Bazar",6.8,,,"निळेली बामणादेवी","कुडाळ आगार",32,09:20,10:30,SC,SUN,,,
152233,"Bamanadevi Nileli To Kudal Via Mangaon","Bamanadevi Nileli","Kudal St Depot",MANGAON,MO,6092,Amberi,10.9,,,"निळेली बामणादेवी","कुडाळ आगार",32,09:20,10:30,SC,SUN,,,
152233,"Bamanadevi Nileli To Kudal Via Mangaon","Bamanadevi Nileli","Kudal St Depot",MANGAON,MO,6319,"Mangaon Phc",11.6,,,"निळेली बामणादेवी","कुडाळ आगार",32,09:20,10:30,SC,SUN,,,
152233,"Bamanadevi Nileli To Kudal Via Mangaon","Bamanadevi Nileli","Kudal St Depot",MANGAON,MO,6317,Mangaon,13.3,,,"निळेली बामणादेवी","कुडाळ आगार",32,09:20,10:30,SC,SUN,,,
152233,"Bamanadevi Nileli To Kudal Via Mangaon","Bamanadevi Nileli","Kudal St Depot",MANGAON,MO,6323,"Mangaon Titha",15.2,,,"निळेली बामणादेवी","कुडाळ आगार",32,09:20,10:30,SC,SUN,,,
152233,"Bamanadevi Nileli To Kudal Via Mangaon","Bamanadevi Nileli","Kudal St Depot",MANGAON,MO,6386,"Power House",15.5,,,"निळेली बामणादेवी","कुडाळ आगार",32,09:20,10:30,SC,SUN,,,
152233,"Bamanadevi Nileli To Kudal Via Mangaon","Bamanadevi Nileli","Kudal St Depot",MANGAON,MO,6412,"Salgaon Harijanwadi",18.6,,,"निळेली बामणादेवी","कुडाळ आगार",32,09:20,10:30,SC,SUN,,,
152233,"Bamanadevi Nileli To Kudal Via Mangaon","Bamanadevi Nileli","Kudal St Depot",MANGAON,MO,6474,"Zharap Titha",20.6,,,"निळेली बामणादेवी","कुडाळ आगार",32,09:20,10:30,SC,SUN,,,
152233,"Bamanadevi Nileli To Kudal Via Mangaon","Bamanadevi Nileli","Kudal St Depot",MANGAON,MO,6322,"Mandkuli Fata",24.2,,,"निळेली बामणादेवी","कुडाळ आगार",32,09:20,10:30,SC,SUN,,,
152233,"Bamanadevi Nileli To Kudal Via Mangaon","Bamanadevi Nileli","Kudal St Depot",MANGAON,MO,6315,"Mile Stone",24.8,,,"निळेली बामणादेवी","कुडाळ आगार",32,09:20,10:30,SC,SUN,,,
152233,"Bamanadevi Nileli To Kudal Via Mangaon","Bamanadevi Nileli","Kudal St Depot",MANGAON,MO,6126,Bibavane,25.3,,,"निळेली बामणादेवी","कुडाळ आगार",32,09:20,10:30,SC,SUN,,,
152233,"Bamanadevi Nileli To Kudal Via Mangaon","Bamanadevi Nileli","Kudal St Depot",MANGAON,MO,6376,"Pinguli Titha",25.9,,,"निळेली बामणादेवी","कुडाळ आगार",32,09:20,10:30,SC,SUN,,,
152233,"Bamanadevi Nileli To Kudal Via Mangaon","Bamanadevi Nileli","Kudal St Depot",MANGAON,MO,6302,"Modka Wad Pinguli",27.5,,,"निळेली बामणादेवी","कुडाळ आगार",32,09:20,10:30,SC,SUN,,,
152233,"Bamanadevi Nileli To Kudal Via Mangaon","Bamanadevi Nileli","Kudal St Depot",MANGAON,MO,6237,"Kudal St Depot",30.5,,,"निळेली बामणादेवी","कुडाळ आगार",32,09:20,10:30,SC,SUN,,,
152233,"Bamanadevi Nileli To Kudal Via Mangaon","Bamanadevi Nileli","Kudal St Depot",MANGAON,MO,6240,"Kudal St Depot",32,,,"निळेली बामणादेवी","कुडाळ आगार",32,09:20,10:30,SC,SUN,,,
152343,"Kudal To Malachi Rai Via Zharap Titha","Kudal St Depot","Malachi Rai","ZHARAP TITHA",MO,6237,"Kudal St Depot",,,,कुडाळ,म.केरवडे,34.9,09:20,10:25,,,,,
152343,"Kudal To Malachi Rai Via Zharap Titha","Kudal St Depot","Malachi Rai","ZHARAP TITHA",MO,2069,"Modka Wad",4.5,,,कुडाळ,म.केरवडे,34.9,09:20,10:25,,,,,
152343,"Kudal To Malachi Rai Via Zharap Titha","Kudal St Depot","Malachi Rai","ZHARAP TITHA",MO,6126,Bibavane,6.7,,,कुडाळ,म.केरवडे,34.9,09:20,10:25,,,,,
152343,"Kudal To Malachi Rai Via Zharap Titha","Kudal St Depot","Malachi Rai","ZHARAP TITHA",MO,6315,"Mile Stone",7.1,,,कुडाळ,म.केरवडे,34.9,09:20,10:25,,,,,
152343,"Kudal To Malachi Rai Via Zharap Titha","Kudal St Depot","Malachi Rai","ZHARAP TITHA",MO,6322,"Mandkuli Fata",7.2,,,कुडाळ,म.केरवडे,34.9,09:20,10:25,,,,,
152343,"Kudal To Malachi Rai Via Zharap Titha","Kudal St Depot","Malachi Rai","ZHARAP TITHA",MO,6474,"Zharap Titha",12.1,,,कुडाळ,म.केरवडे,34.9,09:20,10:25,,,,,
152343,"Kudal To Malachi Rai Via Zharap Titha","Kudal St Depot","Malachi Rai","ZHARAP TITHA",MO,6134,Bhimnagar,13.4,,,कुडाळ,म.केरवडे,34.9,09:20,10:25,,,,,
152343,"Kudal To Malachi Rai Via Zharap Titha","Kudal St Depot","Malachi Rai","ZHARAP TITHA",MO,25306,"Powar House",16.5,,,कुडाळ,म.केरवडे,34.9,09:20,10:25,,,,,
152343,"Kudal To Malachi Rai Via Zharap Titha","Kudal St Depot","Malachi Rai","ZHARAP TITHA",MO,6323,"Mangaon Titha",16.8,,,कुडाळ,म.केरवडे,34.9,09:20,10:25,,,,,
152343,"Kudal To Malachi Rai Via Zharap Titha","Kudal St Depot","Malachi Rai","ZHARAP TITHA",MO,6317,Mangaon,18.5,,,कुडाळ,म.केरवडे,34.9,09:20,10:25,,,,,
152343,"Kudal To Malachi Rai Via Zharap Titha","Kudal St Depot","Malachi Rai","ZHARAP TITHA",MO,6319,"Mangaon Phc",20.4,,,कुडाळ,म.केरवडे,34.9,09:20,10:25,,,,,
152343,"Kudal To Malachi Rai Via Zharap Titha","Kudal St Depot","Malachi Rai","ZHARAP TITHA",MO,6092,Amberi,21.9,,,कुडाळ,म.केरवडे,34.9,09:20,10:25,,,,,
152343,"Kudal To Malachi Rai Via Zharap Titha","Kudal St Depot","Malachi Rai","ZHARAP TITHA",MO,6464,"Wados Bazar",26.3,,,कुडाळ,म.केरवडे,34.9,09:20,10:25,,,,,
152343,"Kudal To Malachi Rai Via Zharap Titha","Kudal St Depot","Malachi Rai","ZHARAP TITHA",MO,6190,"Gothos Titha",26.4,,,कुडाळ,म.केरवडे,34.9,09:20,10:25,,,,,
152343,"Kudal To Malachi Rai Via Zharap Titha","Kudal St Depot","Malachi Rai","ZHARAP TITHA",MO,6341,"Nileli Dairy",27.6,,,कुडाळ,म.केरवडे,34.9,09:20,10:25,,,,,
152343,"Kudal To Malachi Rai Via Zharap Titha","Kudal St Depot","Malachi Rai","ZHARAP TITHA",MO,6344,"Nileli Nursery",27.9,,,कुडाळ,म.केरवडे,34.9,09:20,10:25,,,,,
152343,"Kudal To Malachi Rai Via Zharap Titha","Kudal St Depot","Malachi Rai","ZHARAP TITHA",MO,88081,"Mahadevache Kerawade",31.4,,,कुडाळ,म.केरवडे,34.9,09:20,10:25,,,,,
152343,"Kudal To Malachi Rai Via Zharap Titha","Kudal St Depot","Malachi Rai","ZHARAP TITHA",MO,6312,"Malachi Rai",34.9,,,कुडाळ,म.केरवडे,34.9,09:20,10:25,,,,,
152541,"Malachi Rai To Kudal St Depot Via Zharap Titha","Malachi Rai","Kudal St Depot","ZHARAP TITHA",MO,6312,"Malachi Rai",,,,म.केरवडे,"कुडाळ आगार",36.4,10:35,11:45,,,,,
152541,"Malachi Rai To Kudal St Depot Via Zharap Titha","Malachi Rai","Kudal St Depot","ZHARAP TITHA",MO,88081,"Mahadevache Kerawade",3.5,,,म.केरवडे,"कुडाळ आगार",36.4,10:35,11:45,,,,,
152541,"Malachi Rai To Kudal St Depot Via Zharap Titha","Malachi Rai","Kudal St Depot","ZHARAP TITHA",MO,6344,"Nileli Nursery",7,,,म.केरवडे,"कुडाळ आगार",36.4,10:35,11:45,,,,,
152541,"Malachi Rai To Kudal St Depot Via Zharap Titha","Malachi Rai","Kudal St Depot","ZHARAP TITHA",MO,6341,"Nileli Dairy",7.3,,,म.केरवडे,"कुडाळ आगार",36.4,10:35,11:45,,,,,
152541,"Malachi Rai To Kudal St Depot Via Zharap Titha","Malachi Rai","Kudal St Depot","ZHARAP TITHA",MO,6190,"Gothos Titha",8.5,,,म.केरवडे,"कुडाळ आगार",36.4,10:35,11:45,,,,,
152541,"Malachi Rai To Kudal St Depot Via Zharap Titha","Malachi Rai","Kudal St Depot","ZHARAP TITHA",MO,6464,"Wados Bazar",8.6,,,म.केरवडे,"कुडाळ आगार",36.4,10:35,11:45,,,,,
152541,"Malachi Rai To Kudal St Depot Via Zharap Titha","Malachi Rai","Kudal St Depot","ZHARAP TITHA",MO,6092,Amberi,13,,,म.केरवडे,"कुडाळ आगार",36.4,10:35,11:45,,,,,
152541,"Malachi Rai To Kudal St Depot Via Zharap Titha","Malachi Rai","Kudal St Depot","ZHARAP TITHA",MO,6319,"Mangaon Phc",14.5,,,म.केरवडे,"कुडाळ आगार",36.4,10:35,11:45,,,,,
152541,"Malachi Rai To Kudal St Depot Via Zharap Titha","Malachi Rai","Kudal St Depot","ZHARAP TITHA",MO,6317,Mangaon,16.4,,,म.केरवडे,"कुडाळ आगार",36.4,10:35,11:45,,,,,
152541,"Malachi Rai To Kudal St Depot Via Zharap Titha","Malachi Rai","Kudal St Depot","ZHARAP TITHA",MO,6323,"Mangaon Titha",18.1,,,म.केरवडे,"कुडाळ आगार",36.4,10:35,11:45,,,,,
152541,"Malachi Rai To Kudal St Depot Via Zharap Titha","Malachi Rai","Kudal St Depot","ZHARAP TITHA",MO,6386,"Power House",18.4,,,म.केरवडे,"कुडाळ आगार",36.4,10:35,11:45,,,,,
152541,"Malachi Rai To Kudal St Depot Via Zharap Titha","Malachi Rai","Kudal St Depot","ZHARAP TITHA",MO,6134,Bhimnagar,21.5,,,म.केरवडे,"कुडाळ आगार",36.4,10:35,11:45,,,,,
152541,"Malachi Rai To Kudal St Depot Via Zharap Titha","Malachi Rai","Kudal St Depot","ZHARAP TITHA",MO,6474,"Zharap Titha",22.8,,,म.केरवडे,"कुडाळ आगार",36.4,10:35,11:45,,,,,
152541,"Malachi Rai To Kudal St Depot Via Zharap Titha","Malachi Rai","Kudal St Depot","ZHARAP TITHA",MO,6322,"Mandkuli Fata",27.7,,,म.केरवडे,"कुडाळ आगार",36.4,10:35,11:45,,,,,
152541,"Malachi Rai To Kudal St Depot Via Zharap Titha","Malachi Rai","Kudal St Depot","ZHARAP TITHA",MO,6315,"Mile Stone",27.8,,,म.केरवडे,"कुडाळ आगार",36.4,10:35,11:45,,,,,
152541,"Malachi Rai To Kudal St Depot Via Zharap Titha","Malachi Rai","Kudal St Depot","ZHARAP TITHA",MO,6126,Bibavane,28.2,,,म.केरवडे,"कुडाळ आगार",36.4,10:35,11:45,,,,,
152541,"Malachi Rai To Kudal St Depot Via Zharap Titha","Malachi Rai","Kudal St Depot","ZHARAP TITHA",MO,6302,"Modka Wad Pinguli",30.4,,,म.केरवडे,"कुडाळ आगार",36.4,10:35,11:45,,,,,
152541,"Malachi Rai To Kudal St Depot Via Zharap Titha","Malachi Rai","Kudal St Depot","ZHARAP TITHA",MO,6237,"Kudal St Depot",33.4,,,म.केरवडे,"कुडाळ आगार",36.4,10:35,11:45,,,,,
152541,"Malachi Rai To Kudal St Depot Via Zharap Titha","Malachi Rai","Kudal St Depot","ZHARAP TITHA",MO,6240,"Kudal St Depot",36.4,,,म.केरवडे,"कुडाळ आगार",36.4,10:35,11:45,,,,,
138927,"Kudal To Oros Via Pandur","Kudal St Depot",Oras,PANDUR,MO,6237,"Kudal St Depot",,,,कुडाळ,सिंधदुर्गनगरी,18.6,07:45,08:15,sc,SUN,,,
138927,"Kudal To Oros Via Pandur","Kudal St Depot",Oras,PANDUR,MO,6380,"Pawashi Panchayat",2,,,कुडाळ,सिंधदुर्गनगरी,18.6,07:45,08:15,sc,SUN,,,
138927,"Kudal To Oros Via Pandur","Kudal St Depot",Oras,PANDUR,MO,88100,Vetalbambarde,5,,,कुडाळ,सिंधदुर्गनगरी,18.6,07:45,08:15,sc,SUN,,,
138927,"Kudal To Oros Via Pandur","Kudal St Depot",Oras,PANDUR,MO,6365,Pandur,8,,,कुडाळ,सिंधदुर्गनगरी,18.6,07:45,08:15,sc,SUN,,,
138927,"Kudal To Oros Via Pandur","Kudal St Depot",Oras,PANDUR,MO,6204,"Humarmala Kasale Dukan",11,,,कुडाळ,सिंधदुर्गनगरी,18.6,07:45,08:15,sc,SUN,,,
138927,"Kudal To Oros Via Pandur","Kudal St Depot",Oras,PANDUR,MO,6224,"Jijamata Hospital",12,,,कुडाळ,सिंधदुर्गनगरी,18.6,07:45,08:15,sc,SUN,,,
138927,"Kudal To Oros Via Pandur","Kudal St Depot",Oras,PANDUR,MO,6362,"Oros Bus Stnad",16,,,कुडाळ,सिंधदुर्गनगरी,18.6,07:45,08:15,sc,SUN,,,
138927,"Kudal To Oros Via Pandur","Kudal St Depot",Oras,PANDUR,MO,6361,Oras,18.6,,,कुडाळ,सिंधदुर्गनगरी,18.6,07:45,08:15,sc,SUN,,,
125389,"Malvan To Kudal St Depot Via Kudal Rly. Stn.",Malvan,"Kudal St Depot","KUDAL RLY. STN.",MO,6915,Malvan,,,,मालवण,"कुडाळ आगार",32.5,12:00,13:10,,,"विश्रांती 11.30-12.00",,
125389,"Malvan To Kudal St Depot Via Kudal Rly. Stn.",Malvan,"Kudal St Depot","KUDAL RLY. STN.",MO,6896,Kumbharmath,2.5,,,मालवण,"कुडाळ आगार",32.5,12:00,13:10,,,"विश्रांती 11.30-12.00",,
125389,"Malvan To Kudal St Depot Via Kudal Rly. Stn.",Malvan,"Kudal St Depot","KUDAL RLY. STN.",MO,6897,"Kumbharmath Govekar Dukan",2.6,,,मालवण,"कुडाळ आगार",32.5,12:00,13:10,,,"विश्रांती 11.30-12.00",,
125389,"Malvan To Kudal St Depot Via Kudal Rly. Stn.",Malvan,"Kudal St Depot","KUDAL RLY. STN.",MO,6750,"Ajagaonkar Bangala",3.3,,,मालवण,"कुडाळ आगार",32.5,12:00,13:10,,,"विश्रांती 11.30-12.00",,
125389,"Malvan To Kudal St Depot Via Kudal Rly. Stn.",Malvan,"Kudal St Depot","KUDAL RLY. STN.",MO,6799,Chouke,8.6,,,मालवण,"कुडाळ आगार",32.5,12:00,13:10,,,"विश्रांती 11.30-12.00",,
125389,"Malvan To Kudal St Depot Via Kudal Rly. Stn.",Malvan,"Kudal St Depot","KUDAL RLY. STN.",MO,6829,Godyachiwadi,11.2,,,मालवण,"कुडाळ आगार",32.5,12:00,13:10,,,"विश्रांती 11.30-12.00",,
125389,"Malvan To Kudal St Depot Via Kudal Rly. Stn.",Malvan,"Kudal St Depot","KUDAL RLY. STN.",MO,6821,"Gavaldeo Amba",15.1,,,मालवण,"कुडाळ आगार",32.5,12:00,13:10,,,"विश्रांती 11.30-12.00",,
125389,"Malvan To Kudal St Depot Via Kudal Rly. Stn.",Malvan,"Kudal St Depot","KUDAL RLY. STN.",MO,6979,"Ravalnath Mandir",18.1,,,मालवण,"कुडाळ आगार",32.5,12:00,13:10,,,"विश्रांती 11.30-12.00",,
125389,"Malvan To Kudal St Depot Via Kudal Rly. Stn.",Malvan,"Kudal St Depot","KUDAL RLY. STN.",MO,6856,"Hubalicha Mal",19.9,,,मालवण,"कुडाळ आगार",32.5,12:00,13:10,,,"विश्रांती 11.30-12.00",,
125389,"Malvan To Kudal St Depot Via Kudal Rly. Stn.",Malvan,"Kudal St Depot","KUDAL RLY. STN.",MO,6335,Nerurpar,20.7,,,मालवण,"कुडाळ आगार",32.5,12:00,13:10,,,"विश्रांती 11.30-12.00",,
125389,"Malvan To Kudal St Depot Via Kudal Rly. Stn.",Malvan,"Kudal St Depot","KUDAL RLY. STN.",MO,6435,"Thakur Temb",21.2,,,मालवण,"कुडाळ आगार",32.5,12:00,13:10,,,"विश्रांती 11.30-12.00",,
125389,"Malvan To Kudal St Depot Via Kudal Rly. Stn.",Malvan,"Kudal St Depot","KUDAL RLY. STN.",MO,6351,"Nerur Jakat",24.3,,,मालवण,"कुडाळ आगार",32.5,12:00,13:10,,,"विश्रांती 11.30-12.00",,
125389,"Malvan To Kudal St Depot Via Kudal Rly. Stn.",Malvan,"Kudal St Depot","KUDAL RLY. STN.",MO,6237,"Kudal St Depot",28.3,,,मालवण,"कुडाळ आगार",32.5,12:00,13:10,,,"विश्रांती 11.30-12.00",,
125389,"Malvan To Kudal St Depot Via Kudal Rly. Stn.",Malvan,"Kudal St Depot","KUDAL RLY. STN.",MO,6235,"Kudal Rly. Stn.",29.5,,,मालवण,"कुडाळ आगार",32.5,12:00,13:10,,,"विश्रांती 11.30-12.00",,
125389,"Malvan To Kudal St Depot Via Kudal Rly. Stn.",Malvan,"Kudal St Depot","KUDAL RLY. STN.",MO,6240,"Kudal St Depot",32.5,,,मालवण,"कुडाळ आगार",32.5,12:00,13:10,,,"विश्रांती 11.30-12.00",,
19938,"Pat High School To Kudal St Depot","Pat High School","Kudal St Depot","TENDOLI RAVALNATH MANDIR",MO,88085,"Pat High School",,,,"पाट हायसकुल",कुडाळ,27,16:30,17:30,SC,SUN,,,
19938,"Pat High School To Kudal St Depot","Pat High School","Kudal St Depot","TENDOLI RAVALNATH MANDIR",MO,9719,"Mhapan Kochara Titha",3.6,,,"पाट हायसकुल",कुडाळ,27,16:30,17:30,SC,SUN,,,
19938,"Pat High School To Kudal St Depot","Pat High School","Kudal St Depot","TENDOLI RAVALNATH MANDIR",MO,9754,"Pat Titha",4.7,,,"पाट हायसकुल",कुडाळ,27,16:30,17:30,SC,SUN,,,
19938,"Pat High School To Kudal St Depot","Pat High School","Kudal St Depot","TENDOLI RAVALNATH MANDIR",MO,9755,"Pendurkar Dukan",6.5,,,"पाट हायसकुल",कुडाळ,27,16:30,17:30,SC,SUN,,,
19938,"Pat High School To Kudal St Depot","Pat High School","Kudal St Depot","TENDOLI RAVALNATH MANDIR",MO,6094,"Andurle Khind",7.7,,,"पाट हायसकुल",कुडाळ,27,16:30,17:30,SC,SUN,,,
19938,"Pat High School To Kudal St Depot","Pat High School","Kudal St Depot","TENDOLI RAVALNATH MANDIR",MO,9780,"Savariche Bharad",7.7,,,"पाट हायसकुल",कुडाळ,27,16:30,17:30,SC,SUN,,,
19938,"Pat High School To Kudal St Depot","Pat High School","Kudal St Depot","TENDOLI RAVALNATH MANDIR",MO,9736,"New Society",8,,,"पाट हायसकुल",कुडाळ,27,16:30,17:30,SC,SUN,,,
19938,"Pat High School To Kudal St Depot","Pat High School","Kudal St Depot","TENDOLI RAVALNATH MANDIR",MO,9595,"Andurle School",8.9,,,"पाट हायसकुल",कुडाळ,27,16:30,17:30,SC,SUN,,,
19938,"Pat High School To Kudal St Depot","Pat High School","Kudal St Depot","TENDOLI RAVALNATH MANDIR",MO,9594,"Andurle Pimpal",10.4,,,"पाट हायसकुल",कुडाळ,27,16:30,17:30,SC,SUN,,,
19938,"Pat High School To Kudal St Depot","Pat High School","Kudal St Depot","TENDOLI RAVALNATH MANDIR",MO,9830,Visapur,11.5,,,"पाट हायसकुल",कुडाळ,27,16:30,17:30,SC,SUN,,,
19938,"Pat High School To Kudal St Depot","Pat High School","Kudal St Depot","TENDOLI RAVALNATH MANDIR",MO,6431,"Tendoli Vetal Mandir",11.7,,,"पाट हायसकुल",कुडाळ,27,16:30,17:30,SC,SUN,,,
19938,"Pat High School To Kudal St Depot","Pat High School","Kudal St Depot","TENDOLI RAVALNATH MANDIR",MO,6430,"Tendoli Ravalnath Mandir",13.4,,,"पाट हायसकुल",कुडाळ,27,16:30,17:30,SC,SUN,,,
19938,"Pat High School To Kudal St Depot","Pat High School","Kudal St Depot","TENDOLI RAVALNATH MANDIR",MO,6258,Kumnos,13.9,,,"पाट हायसकुल",कुडाळ,27,16:30,17:30,SC,SUN,,,
19938,"Pat High School To Kudal St Depot","Pat High School","Kudal St Depot","TENDOLI RAVALNATH MANDIR",MO,6137,"Bhom Bagayat",15.7,,,"पाट हायसकुल",कुडाळ,27,16:30,17:30,SC,SUN,,,
19938,"Pat High School To Kudal St Depot","Pat High School","Kudal St Depot","TENDOLI RAVALNATH MANDIR",MO,6298,Madyachiwadi,18.2,,,"पाट हायसकुल",कुडाळ,27,16:30,17:30,SC,SUN,,,
19938,"Pat High School To Kudal St Depot","Pat High School","Kudal St Depot","TENDOLI RAVALNATH MANDIR",MO,6251,"Karmal Galu",20.3,,,"पाट हायसकुल",कुडाळ,27,16:30,17:30,SC,SUN,,,
19938,"Pat High School To Kudal St Depot","Pat High School","Kudal St Depot","TENDOLI RAVALNATH MANDIR",MO,6376,"Pinguli Titha",23.6,,,"पाट हायसकुल",कुडाळ,27,16:30,17:30,SC,SUN,,,
19938,"Pat High School To Kudal St Depot","Pat High School","Kudal St Depot","TENDOLI RAVALNATH MANDIR",MO,6237,"Kudal St Depot",27,,,"पाट हायसकुल",कुडाळ,27,16:30,17:30,SC,SUN,,,
19938,"Pat High School To Kudal St Depot","Pat High School","Kudal St Depot","TENDOLI RAVALNATH MANDIR",MO,6240,"Kudal St Depot",28.5,,,"पाट हायसकुल",कुडाळ,27,16:30,17:30,SC,SUN,,,
19952,"Kudal Rly. Stn. To Malvan Via Dhamapur","Kudal Rly. Stn.",Malvan,DHAMAPUR,MO,6235,"Kudal Rly. Stn.",,,,"कुडाळ रेल्वेस्टे",मालवण,29.5,10:30,11:30,,,,,
19952,"Kudal Rly. Stn. To Malvan Via Dhamapur","Kudal Rly. Stn.",Malvan,DHAMAPUR,MO,6237,"Kudal St Depot",1.2,,,"कुडाळ रेल्वेस्टे",मालवण,29.5,10:30,11:30,,,,,
19952,"Kudal Rly. Stn. To Malvan Via Dhamapur","Kudal Rly. Stn.",Malvan,DHAMAPUR,MO,6351,"Nerur Jakat",4.9,,,"कुडाळ रेल्वेस्टे",मालवण,29.5,10:30,11:30,,,,,
19952,"Kudal Rly. Stn. To Malvan Via Dhamapur","Kudal Rly. Stn.",Malvan,DHAMAPUR,MO,6428,Thakurwadi,6.6,,,"कुडाळ रेल्वेस्टे",मालवण,29.5,10:30,11:30,,,,,
19952,"Kudal Rly. Stn. To Malvan Via Dhamapur","Kudal Rly. Stn.",Malvan,DHAMAPUR,MO,6335,Nerurpar,8.3,,,"कुडाळ रेल्वेस्टे",मालवण,29.5,10:30,11:30,,,,,
19952,"Kudal Rly. Stn. To Malvan Via Dhamapur","Kudal Rly. Stn.",Malvan,DHAMAPUR,MO,6228,"Khadi Pool",8.8,,,"कुडाळ रेल्वेस्टे",मालवण,29.5,10:30,11:30,,,,,
19952,"Kudal Rly. Stn. To Malvan Via Dhamapur","Kudal Rly. Stn.",Malvan,DHAMAPUR,MO,6856,"Hubalicha Mal",9.6,,,"कुडाळ रेल्वेस्टे",मालवण,29.5,10:30,11:30,,,,,
19952,"Kudal Rly. Stn. To Malvan Via Dhamapur","Kudal Rly. Stn.",Malvan,DHAMAPUR,MO,6863,"Kalse Gpo",10.6,,,"कुडाळ रेल्वेस्टे",मालवण,29.5,10:30,11:30,,,,,
19952,"Kudal Rly. Stn. To Malvan Via Dhamapur","Kudal Rly. Stn.",Malvan,DHAMAPUR,MO,6979,"Ravalnath Mandir",11.4,,,"कुडाळ रेल्वेस्टे",मालवण,29.5,10:30,11:30,,,,,
19952,"Kudal Rly. Stn. To Malvan Via Dhamapur","Kudal Rly. Stn.",Malvan,DHAMAPUR,MO,6812,Dhamapur,12.1,,,"कुडाळ रेल्वेस्टे",मालवण,29.5,10:30,11:30,,,,,
19952,"Kudal Rly. Stn. To Malvan Via Dhamapur","Kudal Rly. Stn.",Malvan,DHAMAPUR,MO,6821,"Gavaldeo Amba",14.3,,,"कुडाळ रेल्वेस्टे",मालवण,29.5,10:30,11:30,,,,,
19952,"Kudal Rly. Stn. To Malvan Via Dhamapur","Kudal Rly. Stn.",Malvan,DHAMAPUR,MO,6869,Kasartakka,16.4,,,"कुडाळ रेल्वेस्टे",मालवण,29.5,10:30,11:30,,,,,
19952,"Kudal Rly. Stn. To Malvan Via Dhamapur","Kudal Rly. Stn.",Malvan,DHAMAPUR,MO,6829,Godyachiwadi,18.1,,,"कुडाळ रेल्वेस्टे",मालवण,29.5,10:30,11:30,,,,,
19952,"Kudal Rly. Stn. To Malvan Via Dhamapur","Kudal Rly. Stn.",Malvan,DHAMAPUR,MO,6799,Chouke,20.9,,,"कुडाळ रेल्वेस्टे",मालवण,29.5,10:30,11:30,,,,,
19952,"Kudal Rly. Stn. To Malvan Via Dhamapur","Kudal Rly. Stn.",Malvan,DHAMAPUR,MO,6750,"Ajagaonkar Bangala",23.7,,,"कुडाळ रेल्वेस्टे",मालवण,29.5,10:30,11:30,,,,,
19952,"Kudal Rly. Stn. To Malvan Via Dhamapur","Kudal Rly. Stn.",Malvan,DHAMAPUR,MO,6897,"Kumbharmath Govekar Dukan",24.1,,,"कुडाळ रेल्वेस्टे",मालवण,29.5,10:30,11:30,,,,,
19952,"Kudal Rly. Stn. To Malvan Via Dhamapur","Kudal Rly. Stn.",Malvan,DHAMAPUR,MO,6896,Kumbharmath,25.8,,,"कुडाळ रेल्वेस्टे",मालवण,29.5,10:30,11:30,,,,,
19952,"Kudal Rly. Stn. To Malvan Via Dhamapur","Kudal Rly. Stn.",Malvan,DHAMAPUR,MO,6898,"Kumbharmath Post",27,,,"कुडाळ रेल्वेस्टे",मालवण,29.5,10:30,11:30,,,,,
19952,"Kudal Rly. Stn. To Malvan Via Dhamapur","Kudal Rly. Stn.",Malvan,DHAMAPUR,MO,6915,Malvan,29.5,,,"कुडाळ रेल्वेस्टे",मालवण,29.5,10:30,11:30,,,,,
107869,"Masure Bazar To  Kudal Rly. Stn.","Masure Bazar","Kudal Rly. Stn.",,MO,6928,"Masure Bazar",,,,मसुरे,"कुडाळ रेल्वे",42.4,07:20,08:55,Obl,daily,,,
107869,"Masure Bazar To  Kudal Rly. Stn.","Masure Bazar","Kudal Rly. Stn.",,MO,6931,"Masure Kawa",1.5,,,मसुरे,"कुडाळ रेल्वे",42.4,07:20,08:55,Obl,daily,,,
107869,"Masure Bazar To  Kudal Rly. Stn.","Masure Bazar","Kudal Rly. Stn.",,MO,6928,"Masure Bazar",2.5,,,मसुरे,"कुडाळ रेल्वे",42.4,07:20,08:55,Obl,daily,,,
107869,"Masure Bazar To  Kudal Rly. Stn.","Masure Bazar","Kudal Rly. Stn.",,MO,6920,"Margachi Tad",3,,,मसुरे,"कुडाळ रेल्वे",42.4,07:20,08:55,Obl,daily,,,
107869,"Masure Bazar To  Kudal Rly. Stn.","Masure Bazar","Kudal Rly. Stn.",,MO,6795,"Chambhar Dunga",4.3,,,मसुरे,"कुडाळ रेल्वे",42.4,07:20,08:55,Obl,daily,,,
107869,"Masure Bazar To  Kudal Rly. Stn.","Masure Bazar","Kudal Rly. Stn.",,MO,7016,"Verli Mapari Dukan",4.8,,,मसुरे,"कुडाळ रेल्वे",42.4,07:20,08:55,Obl,daily,,,
107869,"Masure Bazar To  Kudal Rly. Stn.","Masure Bazar","Kudal Rly. Stn.",,MO,6925,"Masade Titha",7.4,,,मसुरे,"कुडाळ रेल्वे",42.4,07:20,08:55,Obl,daily,,,
107869,"Masure Bazar To  Kudal Rly. Stn.","Masure Bazar","Kudal Rly. Stn.",,MO,6924,"Masade School",8.4,,,मसुरे,"कुडाळ रेल्वे",42.4,07:20,08:55,Obl,daily,,,
107869,"Masure Bazar To  Kudal Rly. Stn.","Masure Bazar","Kudal Rly. Stn.",,MO,7022,"Viran Malvan Titha",10.7,,,मसुरे,"कुडाळ रेल्वे",42.4,07:20,08:55,Obl,daily,,,
107869,"Masure Bazar To  Kudal Rly. Stn.","Masure Bazar","Kudal Rly. Stn.",,MO,6965,"Poip Katta Titha",11.3,,,मसुरे,"कुडाळ रेल्वे",42.4,07:20,08:55,Obl,daily,,,
107869,"Masure Bazar To  Kudal Rly. Stn.","Masure Bazar","Kudal Rly. Stn.",,MO,6952,"Palav Mangar",14.4,,,मसुरे,"कुडाळ रेल्वे",42.4,07:20,08:55,Obl,daily,,,
107869,"Masure Bazar To  Kudal Rly. Stn.","Masure Bazar","Kudal Rly. Stn.",,MO,6832,"Golvan School",15.9,,,मसुरे,"कुडाळ रेल्वे",42.4,07:20,08:55,Obl,daily,,,
107869,"Masure Bazar To  Kudal Rly. Stn.","Masure Bazar","Kudal Rly. Stn.",,MO,6814,"Dikwal Fata",17.5,,,मसुरे,"कुडाळ रेल्वे",42.4,07:20,08:55,Obl,daily,,,
107869,"Masure Bazar To  Kudal Rly. Stn.","Masure Bazar","Kudal Rly. Stn.",,MO,6895,Kumame,19.8,,,मसुरे,"कुडाळ रेल्वे",42.4,07:20,08:55,Obl,daily,,,
107869,"Masure Bazar To  Kudal Rly. Stn.","Masure Bazar","Kudal Rly. Stn.",,MO,6837,"Guramwad Fata",22.3,,,मसुरे,"कुडाळ रेल्वे",42.4,07:20,08:55,Obl,daily,,,
107869,"Masure Bazar To  Kudal Rly. Stn.","Masure Bazar","Kudal Rly. Stn.",,MO,6870,Katta,25.9,,,मसुरे,"कुडाळ रेल्वे",42.4,07:20,08:55,Obl,daily,,,
107869,"Masure Bazar To  Kudal Rly. Stn.","Masure Bazar","Kudal Rly. Stn.",,MO,6871,"Katta Bazar",26.7,,,मसुरे,"कुडाळ रेल्वे",42.4,07:20,08:55,Obl,daily,,,
107869,"Masure Bazar To  Kudal Rly. Stn.","Masure Bazar","Kudal Rly. Stn.",,MO,6855,Hospital,27.5,,,मसुरे,"कुडाळ रेल्वे",42.4,07:20,08:55,Obl,daily,,,
107869,"Masure Bazar To  Kudal Rly. Stn.","Masure Bazar","Kudal Rly. Stn.",,MO,6825,Ghotale,27.6,,,मसुरे,"कुडाळ रेल्वे",42.4,07:20,08:55,Obl,daily,,,
107869,"Masure Bazar To  Kudal Rly. Stn.","Masure Bazar","Kudal Rly. Stn.",,MO,6962,"Pendur Naka",29.2,,,मसुरे,"कुडाळ रेल्वे",42.4,07:20,08:55,Obl,daily,,,
107869,"Masure Bazar To  Kudal Rly. Stn.","Masure Bazar","Kudal Rly. Stn.",,MO,6963,"Pendur Sateri Mandir",30.3,,,मसुरे,"कुडाळ रेल्वे",42.4,07:20,08:55,Obl,daily,,,
107869,"Masure Bazar To  Kudal Rly. Stn.","Masure Bazar","Kudal Rly. Stn.",,MO,6958,Parad,31.7,,,मसुरे,"कुडाळ रेल्वे",42.4,07:20,08:55,Obl,daily,,,
107869,"Masure Bazar To  Kudal Rly. Stn.","Masure Bazar","Kudal Rly. Stn.",,MO,6856,"Hubalicha Mal",34.5,,,मसुरे,"कुडाळ रेल्वे",42.4,07:20,08:55,Obl,daily,,,
107869,"Masure Bazar To  Kudal Rly. Stn.","Masure Bazar","Kudal Rly. Stn.",,MO,6335,Nerurpar,35.8,,,मसुरे,"कुडाळ रेल्वे",42.4,07:20,08:55,Obl,daily,,,
107869,"Masure Bazar To  Kudal Rly. Stn.","Masure Bazar","Kudal Rly. Stn.",,MO,6428,Thakurwadi,36.7,,,मसुरे,"कुडाळ रेल्वे",42.4,07:20,08:55,Obl,daily,,,
107869,"Masure Bazar To  Kudal Rly. Stn.","Masure Bazar","Kudal Rly. Stn.",,MO,6351,"Nerur Jakat",39,,,मसुरे,"कुडाळ रेल्वे",42.4,07:20,08:55,Obl,daily,,,
107869,"Masure Bazar To  Kudal Rly. Stn.","Masure Bazar","Kudal Rly. Stn.",,MO,6237,"Kudal St Depot",41.9,,,मसुरे,"कुडाळ रेल्वे",42.4,07:20,08:55,Obl,daily,,,
107869,"Masure Bazar To  Kudal Rly. Stn.","Masure Bazar","Kudal Rly. Stn.",,MO,6235,"Kudal Rly. Stn.",42.4,,,मसुरे,"कुडाळ रेल्वे",42.4,07:20,08:55,Obl,daily,,,
126250,"Kudal To Bhogalewadi","Kudal St Depot",Bhogalewadi,,MO,6237,"Kudal St Depot",,,,कुडाळ,भोगलेवाडी,11.8,10:00,10:25,SC,"SAT & SUN",,,
126250,"Kudal To Bhogalewadi","Kudal St Depot",Bhogalewadi,,MO,6380,"Pawashi Panchayat",5.4,,,कुडाळ,भोगलेवाडी,11.8,10:00,10:25,SC,"SAT & SUN",,,
126250,"Kudal To Bhogalewadi","Kudal St Depot",Bhogalewadi,,MO,88100,Vetalbambarde,7.5,,,कुडाळ,भोगलेवाडी,11.8,10:00,10:25,SC,"SAT & SUN",,,
126250,"Kudal To Bhogalewadi","Kudal St Depot",Bhogalewadi,,MO,6109,"Ainmala Fata",9.2,,,कुडाळ,भोगलेवाडी,11.8,10:00,10:25,SC,"SAT & SUN",,,
126250,"Kudal To Bhogalewadi","Kudal St Depot",Bhogalewadi,,MO,6325,"Maruti Mandir",10.6,,,कुडाळ,भोगलेवाडी,11.8,10:00,10:25,SC,"SAT & SUN",,,
126250,"Kudal To Bhogalewadi","Kudal St Depot",Bhogalewadi,,MO,13205,Kadamwadi,11,,,कुडाळ,भोगलेवाडी,11.8,10:00,10:25,SC,"SAT & SUN",,,
126250,"Kudal To Bhogalewadi","Kudal St Depot",Bhogalewadi,,MO,6141,Bhogalewadi,11.8,,,कुडाळ,भोगलेवाडी,11.8,10:00,10:25,SC,"SAT & SUN",,,
152177,"Kudal St Depot To Bamanadevi Nileli Via Mangaon","Kudal St Depot","Bamanadevi Nileli",MANGAON,MO,6240,"Kudal St Depot",,,,"कुडाळ आगार","निळेली बामणादेवी",32,08:00,09:10,SC,SUN,,,
152177,"Kudal St Depot To Bamanadevi Nileli Via Mangaon","Kudal St Depot","Bamanadevi Nileli",MANGAON,MO,6237,"Kudal St Depot",1.5,,,"कुडाळ आगार","निळेली बामणादेवी",32,08:00,09:10,SC,SUN,,,
152177,"Kudal St Depot To Bamanadevi Nileli Via Mangaon","Kudal St Depot","Bamanadevi Nileli",MANGAON,MO,6302,"Modka Wad Pinguli",4.5,,,"कुडाळ आगार","निळेली बामणादेवी",32,08:00,09:10,SC,SUN,,,
152177,"Kudal St Depot To Bamanadevi Nileli Via Mangaon","Kudal St Depot","Bamanadevi Nileli",MANGAON,MO,6376,"Pinguli Titha",6.1,,,"कुडाळ आगार","निळेली बामणादेवी",32,08:00,09:10,SC,SUN,,,
152177,"Kudal St Depot To Bamanadevi Nileli Via Mangaon","Kudal St Depot","Bamanadevi Nileli",MANGAON,MO,6126,Bibavane,6.7,,,"कुडाळ आगार","निळेली बामणादेवी",32,08:00,09:10,SC,SUN,,,
152177,"Kudal St Depot To Bamanadevi Nileli Via Mangaon","Kudal St Depot","Bamanadevi Nileli",MANGAON,MO,6315,"Mile Stone",7.2,,,"कुडाळ आगार","निळेली बामणादेवी",32,08:00,09:10,SC,SUN,,,
152177,"Kudal St Depot To Bamanadevi Nileli Via Mangaon","Kudal St Depot","Bamanadevi Nileli",MANGAON,MO,6322,"Mandkuli Fata",7.8,,,"कुडाळ आगार","निळेली बामणादेवी",32,08:00,09:10,SC,SUN,,,
152177,"Kudal St Depot To Bamanadevi Nileli Via Mangaon","Kudal St Depot","Bamanadevi Nileli",MANGAON,MO,6474,"Zharap Titha",11.4,,,"कुडाळ आगार","निळेली बामणादेवी",32,08:00,09:10,SC,SUN,,,
152177,"Kudal St Depot To Bamanadevi Nileli Via Mangaon","Kudal St Depot","Bamanadevi Nileli",MANGAON,MO,6412,"Salgaon Harijanwadi",13.4,,,"कुडाळ आगार","निळेली बामणादेवी",32,08:00,09:10,SC,SUN,,,
152177,"Kudal St Depot To Bamanadevi Nileli Via Mangaon","Kudal St Depot","Bamanadevi Nileli",MANGAON,MO,6386,"Power House",16.5,,,"कुडाळ आगार","निळेली बामणादेवी",32,08:00,09:10,SC,SUN,,,
152177,"Kudal St Depot To Bamanadevi Nileli Via Mangaon","Kudal St Depot","Bamanadevi Nileli",MANGAON,MO,6323,"Mangaon Titha",16.8,,,"कुडाळ आगार","निळेली बामणादेवी",32,08:00,09:10,SC,SUN,,,
152177,"Kudal St Depot To Bamanadevi Nileli Via Mangaon","Kudal St Depot","Bamanadevi Nileli",MANGAON,MO,6317,Mangaon,18.7,,,"कुडाळ आगार","निळेली बामणादेवी",32,08:00,09:10,SC,SUN,,,
152177,"Kudal St Depot To Bamanadevi Nileli Via Mangaon","Kudal St Depot","Bamanadevi Nileli",MANGAON,MO,6319,"Mangaon Phc",20.4,,,"कुडाळ आगार","निळेली बामणादेवी",32,08:00,09:10,SC,SUN,,,
152177,"Kudal St Depot To Bamanadevi Nileli Via Mangaon","Kudal St Depot","Bamanadevi Nileli",MANGAON,MO,6092,Amberi,21.1,,,"कुडाळ आगार","निळेली बामणादेवी",32,08:00,09:10,SC,SUN,,,
152177,"Kudal St Depot To Bamanadevi Nileli Via Mangaon","Kudal St Depot","Bamanadevi Nileli",MANGAON,MO,6464,"Wados Bazar",25.2,,,"कुडाळ आगार","निळेली बामणादेवी",32,08:00,09:10,SC,SUN,,,
152177,"Kudal St Depot To Bamanadevi Nileli Via Mangaon","Kudal St Depot","Bamanadevi Nileli",MANGAON,MO,6190,"Gothos Titha",26.1,,,"कुडाळ आगार","निळेली बामणादेवी",32,08:00,09:10,SC,SUN,,,
152177,"Kudal St Depot To Bamanadevi Nileli Via Mangaon","Kudal St Depot","Bamanadevi Nileli",MANGAON,MO,6341,"Nileli Dairy",27.4,,,"कुडाळ आगार","निळेली बामणादेवी",32,08:00,09:10,SC,SUN,,,
152177,"Kudal St Depot To Bamanadevi Nileli Via Mangaon","Kudal St Depot","Bamanadevi Nileli",MANGAON,MO,6344,"Nileli Nursery",27.5,,,"कुडाळ आगार","निळेली बामणादेवी",32,08:00,09:10,SC,SUN,,,
152177,"Kudal St Depot To Bamanadevi Nileli Via Mangaon","Kudal St Depot","Bamanadevi Nileli",MANGAON,MO,6294,"Lingeshwar Mandir Bamanadevi Nileli",29.4,,,"कुडाळ आगार","निळेली बामणादेवी",32,08:00,09:10,SC,SUN,,,
152177,"Kudal St Depot To Bamanadevi Nileli Via Mangaon","Kudal St Depot","Bamanadevi Nileli",MANGAON,MO,6169,"Edagewadi Bamanadevi Nileli",30.1,,,"कुडाळ आगार","निळेली बामणादेवी",32,08:00,09:10,SC,SUN,,,
152177,"Kudal St Depot To Bamanadevi Nileli Via Mangaon","Kudal St Depot","Bamanadevi Nileli",MANGAON,MO,6447,"Undir Bhatala Fata Bamanadevi Nileli",31,,,"कुडाळ आगार","निळेली बामणादेवी",32,08:00,09:10,SC,SUN,,,
152177,"Kudal St Depot To Bamanadevi Nileli Via Mangaon","Kudal St Depot","Bamanadevi Nileli",MANGAON,MO,88072,"Bamanadevi Nileli",32,,,"कुडाळ आगार","निळेली बामणादेवी",32,08:00,09:10,SC,SUN,,,
10981,"Kudal St Depot To Pat High School","Kudal St Depot","Pat High School","TENDOLI RAVALNATH MANDIR",MO,6240,"Kudal St Depot",,,,"कुडाळ आगार","पाट हायसकुल",28.5,15:20,16:20,Obl,SUN,,,
10981,"Kudal St Depot To Pat High School","Kudal St Depot","Pat High School","TENDOLI RAVALNATH MANDIR",MO,6237,"Kudal St Depot",1.5,,,"कुडाळ आगार","पाट हायसकुल",28.5,15:20,16:20,Obl,SUN,,,
10981,"Kudal St Depot To Pat High School","Kudal St Depot","Pat High School","TENDOLI RAVALNATH MANDIR",MO,6376,"Pinguli Titha",4.3,,,"कुडाळ आगार","पाट हायसकुल",28.5,15:20,16:20,Obl,SUN,,,
10981,"Kudal St Depot To Pat High School","Kudal St Depot","Pat High School","TENDOLI RAVALNATH MANDIR",MO,6251,"Karmal Galu",7.6,,,"कुडाळ आगार","पाट हायसकुल",28.5,15:20,16:20,Obl,SUN,,,
10981,"Kudal St Depot To Pat High School","Kudal St Depot","Pat High School","TENDOLI RAVALNATH MANDIR",MO,6298,Madyachiwadi,9.7,,,"कुडाळ आगार","पाट हायसकुल",28.5,15:20,16:20,Obl,SUN,,,
10981,"Kudal St Depot To Pat High School","Kudal St Depot","Pat High School","TENDOLI RAVALNATH MANDIR",MO,6137,"Bhom Bagayat",12.2,,,"कुडाळ आगार","पाट हायसकुल",28.5,15:20,16:20,Obl,SUN,,,
10981,"Kudal St Depot To Pat High School","Kudal St Depot","Pat High School","TENDOLI RAVALNATH MANDIR",MO,6258,Kumnos,14,,,"कुडाळ आगार","पाट हायसकुल",28.5,15:20,16:20,Obl,SUN,,,
10981,"Kudal St Depot To Pat High School","Kudal St Depot","Pat High School","TENDOLI RAVALNATH MANDIR",MO,6430,"Tendoli Ravalnath Mandir",14.5,,,"कुडाळ आगार","पाट हायसकुल",28.5,15:20,16:20,Obl,SUN,,,
10981,"Kudal St Depot To Pat High School","Kudal St Depot","Pat High School","TENDOLI RAVALNATH MANDIR",MO,6431,"Tendoli Vetal Mandir",16.2,,,"कुडाळ आगार","पाट हायसकुल",28.5,15:20,16:20,Obl,SUN,,,
10981,"Kudal St Depot To Pat High School","Kudal St Depot","Pat High School","TENDOLI RAVALNATH MANDIR",MO,9830,Visapur,16.4,,,"कुडाळ आगार","पाट हायसकुल",28.5,15:20,16:20,Obl,SUN,,,
10981,"Kudal St Depot To Pat High School","Kudal St Depot","Pat High School","TENDOLI RAVALNATH MANDIR",MO,9594,"Andurle Pimpal",18.5,,,"कुडाळ आगार","पाट हायसकुल",28.5,15:20,16:20,Obl,SUN,,,
10981,"Kudal St Depot To Pat High School","Kudal St Depot","Pat High School","TENDOLI RAVALNATH MANDIR",MO,9595,"Andurle School",19,,,"कुडाळ आगार","पाट हायसकुल",28.5,15:20,16:20,Obl,SUN,,,
10981,"Kudal St Depot To Pat High School","Kudal St Depot","Pat High School","TENDOLI RAVALNATH MANDIR",MO,9736,"New Society",19.8,,,"कुडाळ आगार","पाट हायसकुल",28.5,15:20,16:20,Obl,SUN,,,
10981,"Kudal St Depot To Pat High School","Kudal St Depot","Pat High School","TENDOLI RAVALNATH MANDIR",MO,9780,"Savariche Bharad",20.2,,,"कुडाळ आगार","पाट हायसकुल",28.5,15:20,16:20,Obl,SUN,,,
10981,"Kudal St Depot To Pat High School","Kudal St Depot","Pat High School","TENDOLI RAVALNATH MANDIR",MO,6094,"Andurle Khind",22.8,,,"कुडाळ आगार","पाट हायसकुल",28.5,15:20,16:20,Obl,SUN,,,
10981,"Kudal St Depot To Pat High School","Kudal St Depot","Pat High School","TENDOLI RAVALNATH MANDIR",MO,9755,"Pendurkar Dukan",25.7,,,"कुडाळ आगार","पाट हायसकुल",28.5,15:20,16:20,Obl,SUN,,,
10981,"Kudal St Depot To Pat High School","Kudal St Depot","Pat High School","TENDOLI RAVALNATH MANDIR",MO,9754,"Pat Titha",27,,,"कुडाळ आगार","पाट हायसकुल",28.5,15:20,16:20,Obl,SUN,,,
10981,"Kudal St Depot To Pat High School","Kudal St Depot","Pat High School","TENDOLI RAVALNATH MANDIR",MO,9719,"Mhapan Kochara Titha",27.1,,,"कुडाळ आगार","पाट हायसकुल",28.5,15:20,16:20,Obl,SUN,,,
10981,"Kudal St Depot To Pat High School","Kudal St Depot","Pat High School","TENDOLI RAVALNATH MANDIR",MO,88085,"Pat High School",28.5,,,"कुडाळ आगार","पाट हायसकुल",28.5,15:20,16:20,Obl,SUN,,,
19908,"Kawathi Ghodakewadi To Kudal St Depot","Kawathi Ghodakewadi","Kudal St Depot",,MO,6293,"Kawathi Ghodakewadi",,,,कवठी,"कुडाळ आगार",18.1,09:50,10:30,"Non Obl",,,,
19908,"Kawathi Ghodakewadi To Kudal St Depot","Kawathi Ghodakewadi","Kudal St Depot",,MO,6120,"Bhandarwadi Kawathi",2.9,,,कवठी,"कुडाळ आगार",18.1,09:50,10:30,"Non Obl",,,,
19908,"Kawathi Ghodakewadi To Kudal St Depot","Kawathi Ghodakewadi","Kudal St Depot",,MO,6146,"Chendawan Thumarewadi",3.5,,,कवठी,"कुडाळ आगार",18.1,09:50,10:30,"Non Obl",,,,
19908,"Kawathi Ghodakewadi To Kudal St Depot","Kawathi Ghodakewadi","Kudal St Depot",,MO,6145,"Chendawan High School",3.9,,,कवठी,"कुडाळ आगार",18.1,09:50,10:30,"Non Obl",,,,
19908,"Kawathi Ghodakewadi To Kudal St Depot","Kawathi Ghodakewadi","Kudal St Depot",,MO,6328,Mathkarwadi,6.1,,,कवठी,"कुडाळ आगार",18.1,09:50,10:30,"Non Obl",,,,
19908,"Kawathi Ghodakewadi To Kudal St Depot","Kawathi Ghodakewadi","Kudal St Depot",,MO,6470,Walawal,7.2,,,कवठी,"कुडाळ आगार",18.1,09:50,10:30,"Non Obl",,,,
19908,"Kawathi Ghodakewadi To Kudal St Depot","Kawathi Ghodakewadi","Kudal St Depot",,MO,6166,"Desai Bungalow",8.4,,,कवठी,"कुडाळ आगार",18.1,09:50,10:30,"Non Obl",,,,
19908,"Kawathi Ghodakewadi To Kudal St Depot","Kawathi Ghodakewadi","Kudal St Depot",,MO,6100,"Arkarcha Bridge",9.1,,,कवठी,"कुडाळ आगार",18.1,09:50,10:30,"Non Obl",,,,
19908,"Kawathi Ghodakewadi To Kudal St Depot","Kawathi Ghodakewadi","Kudal St Depot",,MO,6333,"Nerur Chavhata",12.1,,,कवठी,"कुडाळ आगार",18.1,09:50,10:30,"Non Obl",,,,
19908,"Kawathi Ghodakewadi To Kudal St Depot","Kawathi Ghodakewadi","Kudal St Depot",,MO,6351,"Nerur Jakat",14.1,,,कवठी,"कुडाळ आगार",18.1,09:50,10:30,"Non Obl",,,,
19908,"Kawathi Ghodakewadi To Kudal St Depot","Kawathi Ghodakewadi","Kudal St Depot",,MO,6237,"Kudal St Depot",16.6,,,कवठी,"कुडाळ आगार",18.1,09:50,10:30,"Non Obl",,,,
19908,"Kawathi Ghodakewadi To Kudal St Depot","Kawathi Ghodakewadi","Kudal St Depot",,MO,6240,"Kudal St Depot",18.1,,,कवठी,"कुडाळ आगार",18.1,09:50,10:30,"Non Obl",,,,
107857,"Kawathi Ghodakewadi To Kudal","Kawathi Ghodakewadi","Kudal St Depot",,MO,6293,"Kawathi Ghodakewadi",,,,कवठी,कुडाळ,16.6,14:15,15:05,,,,,
107857,"Kawathi Ghodakewadi To Kudal","Kawathi Ghodakewadi","Kudal St Depot",,MO,6120,"Bhandarwadi Kawathi",0.1,,,कवठी,कुडाळ,16.6,14:15,15:05,,,,,
107857,"Kawathi Ghodakewadi To Kudal","Kawathi Ghodakewadi","Kudal St Depot",,MO,6146,"Chendawan Thumarewadi",0.5,,,कवठी,कुडाळ,16.6,14:15,15:05,,,,,
107857,"Kawathi Ghodakewadi To Kudal","Kawathi Ghodakewadi","Kudal St Depot",,MO,6145,"Chendawan High School",0.9,,,कवठी,कुडाळ,16.6,14:15,15:05,,,,,
107857,"Kawathi Ghodakewadi To Kudal","Kawathi Ghodakewadi","Kudal St Depot",,MO,6328,Mathkarwadi,3.1,,,कवठी,कुडाळ,16.6,14:15,15:05,,,,,
107857,"Kawathi Ghodakewadi To Kudal","Kawathi Ghodakewadi","Kudal St Depot",,MO,6470,Walawal,4.2,,,कवठी,कुडाळ,16.6,14:15,15:05,,,,,
107857,"Kawathi Ghodakewadi To Kudal","Kawathi Ghodakewadi","Kudal St Depot",,MO,6166,"Desai Bungalow",5.4,,,कवठी,कुडाळ,16.6,14:15,15:05,,,,,
107857,"Kawathi Ghodakewadi To Kudal","Kawathi Ghodakewadi","Kudal St Depot",,MO,6100,"Arkarcha Bridge",6.1,,,कवठी,कुडाळ,16.6,14:15,15:05,,,,,
107857,"Kawathi Ghodakewadi To Kudal","Kawathi Ghodakewadi","Kudal St Depot",,MO,6333,"Nerur Chavhata",9.1,,,कवठी,कुडाळ,16.6,14:15,15:05,,,,,
107857,"Kawathi Ghodakewadi To Kudal","Kawathi Ghodakewadi","Kudal St Depot",,MO,6351,"Nerur Jakat",11.1,,,कवठी,कुडाळ,16.6,14:15,15:05,,,,,
107857,"Kawathi Ghodakewadi To Kudal","Kawathi Ghodakewadi","Kudal St Depot",,MO,6237,"Kudal St Depot",16.6,,,कवठी,कुडाळ,16.6,14:15,15:05,,,,,
122650,"Chipi To Kudal Via Kawathi Ghodakewadi","Chipi School","Kudal St Depot","KAWATHI GHODAKEWADI",MO,9624,"Chipi School",,,,"चिपी शाळा",कुडाळ,21.5,16:20,17:20,,,,,
122650,"Chipi To Kudal Via Kawathi Ghodakewadi","Chipi School","Kudal St Depot","KAWATHI GHODAKEWADI",MO,9839,"Chipi Brahmin Mandir",0.5,,,"चिपी शाळा",कुडाळ,21.5,16:20,17:20,,,,,
122650,"Chipi To Kudal Via Kawathi Ghodakewadi","Chipi School","Kudal St Depot","KAWATHI GHODAKEWADI",MO,6184,"Gonkarwadi School",2.1,,,"चिपी शाळा",कुडाळ,21.5,16:20,17:20,,,,,
122650,"Chipi To Kudal Via Kawathi Ghodakewadi","Chipi School","Kudal St Depot","KAWATHI GHODAKEWADI",MO,6293,"Kawathi Ghodakewadi",4.5,,,"चिपी शाळा",कुडाळ,21.5,16:20,17:20,,,,,
122650,"Chipi To Kudal Via Kawathi Ghodakewadi","Chipi School","Kudal St Depot","KAWATHI GHODAKEWADI",MO,6120,"Bhandarwadi Kawathi",4.8,,,"चिपी शाळा",कुडाळ,21.5,16:20,17:20,,,,,
122650,"Chipi To Kudal Via Kawathi Ghodakewadi","Chipi School","Kudal St Depot","KAWATHI GHODAKEWADI",MO,6146,"Chendawan Thumarewadi",5.4,,,"चिपी शाळा",कुडाळ,21.5,16:20,17:20,,,,,
122650,"Chipi To Kudal Via Kawathi Ghodakewadi","Chipi School","Kudal St Depot","KAWATHI GHODAKEWADI",MO,6145,"Chendawan High School",5.8,,,"चिपी शाळा",कुडाळ,21.5,16:20,17:20,,,,,
122650,"Chipi To Kudal Via Kawathi Ghodakewadi","Chipi School","Kudal St Depot","KAWATHI GHODAKEWADI",MO,6328,Mathkarwadi,8,,,"चिपी शाळा",कुडाळ,21.5,16:20,17:20,,,,,
122650,"Chipi To Kudal Via Kawathi Ghodakewadi","Chipi School","Kudal St Depot","KAWATHI GHODAKEWADI",MO,6470,Walawal,9.1,,,"चिपी शाळा",कुडाळ,21.5,16:20,17:20,,,,,
122650,"Chipi To Kudal Via Kawathi Ghodakewadi","Chipi School","Kudal St Depot","KAWATHI GHODAKEWADI",MO,6166,"Desai Bungalow",10.3,,,"चिपी शाळा",कुडाळ,21.5,16:20,17:20,,,,,
122650,"Chipi To Kudal Via Kawathi Ghodakewadi","Chipi School","Kudal St Depot","KAWATHI GHODAKEWADI",MO,6100,"Arkarcha Bridge",11,,,"चिपी शाळा",कुडाळ,21.5,16:20,17:20,,,,,
122650,"Chipi To Kudal Via Kawathi Ghodakewadi","Chipi School","Kudal St Depot","KAWATHI GHODAKEWADI",MO,6333,"Nerur Chavhata",14,,,"चिपी शाळा",कुडाळ,21.5,16:20,17:20,,,,,
122650,"Chipi To Kudal Via Kawathi Ghodakewadi","Chipi School","Kudal St Depot","KAWATHI GHODAKEWADI",MO,6348,"Nerur Post",14.6,,,"चिपी शाळा",कुडाळ,21.5,16:20,17:20,,,,,
122650,"Chipi To Kudal Via Kawathi Ghodakewadi","Chipi School","Kudal St Depot","KAWATHI GHODAKEWADI",MO,6351,"Nerur Jakat",16,,,"चिपी शाळा",कुडाळ,21.5,16:20,17:20,,,,,
122650,"Chipi To Kudal Via Kawathi Ghodakewadi","Chipi School","Kudal St Depot","KAWATHI GHODAKEWADI",MO,6237,"Kudal St Depot",21.5,,,"चिपी शाळा",कुडाळ,21.5,16:20,17:20,,,,,
126074A,"Kochara Shriramwadi To Kudal Via Mhapan","Kochara Shriramwadi","Kudal St Depot",MHAPAN,MO,9691,"Kochara Shriramwadi",,,,कोचरा,कुडाळ,23.5,07:10,08:10,sc,Daily,,,
126074A,"Kochara Shriramwadi To Kudal Via Mhapan","Kochara Shriramwadi","Kudal St Depot",MHAPAN,MO,9786,"Shelpi Fata",2.2,,,कोचरा,कुडाळ,23.5,07:10,08:10,sc,Daily,,,
126074A,"Kochara Shriramwadi To Kudal Via Mhapan","Kochara Shriramwadi","Kudal St Depot",MHAPAN,MO,9616,"Bhavai Mandir",3.2,,,कोचरा,कुडाळ,23.5,07:10,08:10,sc,Daily,,,
126074A,"Kochara Shriramwadi To Kudal Via Mhapan","Kochara Shriramwadi","Kudal St Depot",MHAPAN,MO,9689,"Kochara Chavata",3.9,,,कोचरा,कुडाळ,23.5,07:10,08:10,sc,Daily,,,
126074A,"Kochara Shriramwadi To Kudal Via Mhapan","Kochara Shriramwadi","Kudal St Depot",MHAPAN,MO,9716,"Mhapan Chapha",5.4,,,कोचरा,कुडाळ,23.5,07:10,08:10,sc,Daily,,,
126074A,"Kochara Shriramwadi To Kudal Via Mhapan","Kochara Shriramwadi","Kudal St Depot",MHAPAN,MO,9714,Mhapan,7.5,,,कोचरा,कुडाळ,23.5,07:10,08:10,sc,Daily,,,
126074A,"Kochara Shriramwadi To Kudal Via Mhapan","Kochara Shriramwadi","Kudal St Depot",MHAPAN,MO,6384,"Pat Titha",7.6,,,कोचरा,कुडाळ,23.5,07:10,08:10,sc,Daily,,,
126074A,"Kochara Shriramwadi To Kudal Via Mhapan","Kochara Shriramwadi","Kudal St Depot",MHAPAN,MO,6377,"Pendurkar Dukan",9.4,,,कोचरा,कुडाळ,23.5,07:10,08:10,sc,Daily,,,
126074A,"Kochara Shriramwadi To Kudal Via Mhapan","Kochara Shriramwadi","Kudal St Depot",MHAPAN,MO,6094,"Andurle Khind",10.6,,,कोचरा,कुडाळ,23.5,07:10,08:10,sc,Daily,,,
126074A,"Kochara Shriramwadi To Kudal Via Mhapan","Kochara Shriramwadi","Kudal St Depot",MHAPAN,MO,6215,Humarmala,11.3,,,कोचरा,कुडाळ,23.5,07:10,08:10,sc,Daily,,,
126074A,"Kochara Shriramwadi To Kudal Via Mhapan","Kochara Shriramwadi","Kudal St Depot",MHAPAN,MO,6305,"Madyachiwadi Phanas",13.9,,,कोचरा,कुडाळ,23.5,07:10,08:10,sc,Daily,,,
126074A,"Kochara Shriramwadi To Kudal Via Mhapan","Kochara Shriramwadi","Kudal St Depot",MHAPAN,MO,6298,Madyachiwadi,15.3,,,कोचरा,कुडाळ,23.5,07:10,08:10,sc,Daily,,,
126074A,"Kochara Shriramwadi To Kudal Via Mhapan","Kochara Shriramwadi","Kudal St Depot",MHAPAN,MO,6251,"Karmal Galu",17.4,,,कोचरा,कुडाळ,23.5,07:10,08:10,sc,Daily,,,
126074A,"Kochara Shriramwadi To Kudal Via Mhapan","Kochara Shriramwadi","Kudal St Depot",MHAPAN,MO,6376,"Pinguli Titha",20.7,,,कोचरा,कुडाळ,23.5,07:10,08:10,sc,Daily,,,
126074A,"Kochara Shriramwadi To Kudal Via Mhapan","Kochara Shriramwadi","Kudal St Depot",MHAPAN,MO,6237,"Kudal St Depot",23.5,,,कोचरा,कुडाळ,23.5,07:10,08:10,sc,Daily,,,
10966A,"Kudal St Depot To Kochara Shriramwadi","Kudal St Depot","Kochara Shriramwadi",,MO,6237,"Kudal St Depot",,,,कुडाळ,कोचरा,23.5,16:10,17:05,,,,,SCHOOL
10966A,"Kudal St Depot To Kochara Shriramwadi","Kudal St Depot","Kochara Shriramwadi",,MO,6376,"Pinguli Titha",4.3,,,कुडाळ,कोचरा,23.5,16:10,17:05,,,,,SCHOOL
10966A,"Kudal St Depot To Kochara Shriramwadi","Kudal St Depot","Kochara Shriramwadi",,MO,6251,"Karmal Galu",7.6,,,कुडाळ,कोचरा,23.5,16:10,17:05,,,,,SCHOOL
10966A,"Kudal St Depot To Kochara Shriramwadi","Kudal St Depot","Kochara Shriramwadi",,MO,6298,Madyachiwadi,9.7,,,कुडाळ,कोचरा,23.5,16:10,17:05,,,,,SCHOOL
10966A,"Kudal St Depot To Kochara Shriramwadi","Kudal St Depot","Kochara Shriramwadi",,MO,6305,"Madyachiwadi Phanas",11.1,,,कुडाळ,कोचरा,23.5,16:10,17:05,,,,,SCHOOL
10966A,"Kudal St Depot To Kochara Shriramwadi","Kudal St Depot","Kochara Shriramwadi",,MO,6215,Humarmala,13.7,,,कुडाळ,कोचरा,23.5,16:10,17:05,,,,,SCHOOL
10966A,"Kudal St Depot To Kochara Shriramwadi","Kudal St Depot","Kochara Shriramwadi",,MO,6094,"Andurle Khind",14.4,,,कुडाळ,कोचरा,23.5,16:10,17:05,,,,,SCHOOL
10966A,"Kudal St Depot To Kochara Shriramwadi","Kudal St Depot","Kochara Shriramwadi",,MO,6377,"Pendurkar Dukan",15.6,,,कुडाळ,कोचरा,23.5,16:10,17:05,,,,,SCHOOL
10966A,"Kudal St Depot To Kochara Shriramwadi","Kudal St Depot","Kochara Shriramwadi",,MO,6384,"Pat Titha",17.4,,,कुडाळ,कोचरा,23.5,16:10,17:05,,,,,SCHOOL
10966A,"Kudal St Depot To Kochara Shriramwadi","Kudal St Depot","Kochara Shriramwadi",,MO,9714,Mhapan,17.5,,,कुडाळ,कोचरा,23.5,16:10,17:05,,,,,SCHOOL
10966A,"Kudal St Depot To Kochara Shriramwadi","Kudal St Depot","Kochara Shriramwadi",,MO,9716,"Mhapan Chapha",19.6,,,कुडाळ,कोचरा,23.5,16:10,17:05,,,,,SCHOOL
10966A,"Kudal St Depot To Kochara Shriramwadi","Kudal St Depot","Kochara Shriramwadi",,MO,9689,"Kochara Chavata",21.1,,,कुडाळ,कोचरा,23.5,16:10,17:05,,,,,SCHOOL
10966A,"Kudal St Depot To Kochara Shriramwadi","Kudal St Depot","Kochara Shriramwadi",,MO,9616,"Bhavai Mandir",21.8,,,कुडाळ,कोचरा,23.5,16:10,17:05,,,,,SCHOOL
10966A,"Kudal St Depot To Kochara Shriramwadi","Kudal St Depot","Kochara Shriramwadi",,MO,9786,"Shelpi Fata",22.8,,,कुडाळ,कोचरा,23.5,16:10,17:05,,,,,SCHOOL
10966A,"Kudal St Depot To Kochara Shriramwadi","Kudal St Depot","Kochara Shriramwadi",,MO,9691,"Kochara Shriramwadi",23.5,,,कुडाळ,कोचरा,23.5,16:10,17:05,,,,,SCHOOL
155209A,"Kochara To Nivati Bandar","Kochara Shriramwadi","Niwati Bandar",,MO,9691,"Kochara Shriramwadi",,,,कोचरा,निवती,15.1,16:20,16:50,SC,"SAT & SuN",,,
155209A,"Kochara To Nivati Bandar","Kochara Shriramwadi","Niwati Bandar",,MO,9786,"Shelpi Fata",2.2,,,कोचरा,निवती,15.1,16:20,16:50,SC,"SAT & SuN",,,
155209A,"Kochara To Nivati Bandar","Kochara Shriramwadi","Niwati Bandar",,MO,9616,"Bhavai Mandir",3.3,,,कोचरा,निवती,15.1,16:20,16:50,SC,"SAT & SuN",,,
155209A,"Kochara To Nivati Bandar","Kochara Shriramwadi","Niwati Bandar",,MO,9689,"Kochara Chavata",4.1,,,कोचरा,निवती,15.1,16:20,16:50,SC,"SAT & SuN",,,
155209A,"Kochara To Nivati Bandar","Kochara Shriramwadi","Niwati Bandar",,MO,9716,"Mhapan Chapha",5.6,,,कोचरा,निवती,15.1,16:20,16:50,SC,"SAT & SuN",,,
155209A,"Kochara To Nivati Bandar","Kochara Shriramwadi","Niwati Bandar",,MO,88085,"Pat High School",6.6,,,कोचरा,निवती,15.1,16:20,16:50,SC,"SAT & SuN",,,
155209A,"Kochara To Nivati Bandar","Kochara Shriramwadi","Niwati Bandar",,MO,9714,Mhapan,7.7,,,कोचरा,निवती,15.1,16:20,16:50,SC,"SAT & SuN",,,
155209A,"Kochara To Nivati Bandar","Kochara Shriramwadi","Niwati Bandar",,MO,9720,"Mhapan Sateri Mandir",8.8,,,कोचरा,निवती,15.1,16:20,16:50,SC,"SAT & SuN",,,
155209A,"Kochara To Nivati Bandar","Kochara Shriramwadi","Niwati Bandar",,MO,9715,"Mhapan Ambedkar Nagar",9.7,,,कोचरा,निवती,15.1,16:20,16:50,SC,"SAT & SuN",,,
155209A,"Kochara To Nivati Bandar","Kochara Shriramwadi","Niwati Bandar",,MO,9777,Sati,11,,,कोचरा,निवती,15.1,16:20,16:50,SC,"SAT & SuN",,,
155209A,"Kochara To Nivati Bandar","Kochara Shriramwadi","Niwati Bandar",,MO,9741,"Niwati Bandar",15.1,,,कोचरा,निवती,15.1,16:20,16:50,SC,"SAT & SuN",,,
125924A,"Kudal  To Duragnagar Via Kadawal","Kudal St Depot",Duragnagar,KADAWAL,MO,6237,"Kudal St Depot",,,,कुडाळ,"दुर्गनगर लाडवाडी",49.9,08:00,09:55,,,,,
125924A,"Kudal  To Duragnagar Via Kadawal","Kudal St Depot",Duragnagar,KADAWAL,MO,6380,"Pawashi Panchayat",5.4,,,कुडाळ,"दुर्गनगर लाडवाडी",49.9,08:00,09:55,,,,,
125924A,"Kudal  To Duragnagar Via Kadawal","Kudal St Depot",Duragnagar,KADAWAL,MO,88100,Vetalbambarde,7,,,कुडाळ,"दुर्गनगर लाडवाडी",49.9,08:00,09:55,,,,,
125924A,"Kudal  To Duragnagar Via Kadawal","Kudal St Depot",Duragnagar,KADAWAL,MO,6365,Pandur,10.5,,,कुडाळ,"दुर्गनगर लाडवाडी",49.9,08:00,09:55,,,,,
125924A,"Kudal  To Duragnagar Via Kadawal","Kudal St Depot",Duragnagar,KADAWAL,MO,6373,"Pandur Phc",11.1,,,कुडाळ,"दुर्गनगर लाडवाडी",49.9,08:00,09:55,,,,,
125924A,"Kudal  To Duragnagar Via Kadawal","Kudal St Depot",Duragnagar,KADAWAL,MO,6227,"Khadichegalu Pulaskar",13.4,,,कुडाळ,"दुर्गनगर लाडवाडी",49.9,08:00,09:55,,,,,
125924A,"Kudal  To Duragnagar Via Kadawal","Kudal St Depot",Duragnagar,KADAWAL,MO,6157,"Digas Kalika Mandir",14.9,,,कुडाळ,"दुर्गनगर लाडवाडी",49.9,08:00,09:55,,,,,
125924A,"Kudal  To Duragnagar Via Kadawal","Kudal St Depot",Duragnagar,KADAWAL,MO,6115,"Awalegaon Patkar Temb",16.2,,,कुडाळ,"दुर्गनगर लाडवाडी",49.9,08:00,09:55,,,,,
125924A,"Kudal  To Duragnagar Via Kadawal","Kudal St Depot",Duragnagar,KADAWAL,MO,6088,"Awalegaon Chinch",17,,,कुडाळ,"दुर्गनगर लाडवाडी",49.9,08:00,09:55,,,,,
125924A,"Kudal  To Duragnagar Via Kadawal","Kudal St Depot",Duragnagar,KADAWAL,MO,6167,"Datta Mandir",18,,,कुडाळ,"दुर्गनगर लाडवाडी",49.9,08:00,09:55,,,,,
125924A,"Kudal  To Duragnagar Via Kadawal","Kudal St Depot",Duragnagar,KADAWAL,MO,6087,"Awalegaon Dispensary",19,,,कुडाळ,"दुर्गनगर लाडवाडी",49.9,08:00,09:55,,,,,
125924A,"Kudal  To Duragnagar Via Kadawal","Kudal St Depot",Duragnagar,KADAWAL,MO,6244,Kadawal,20.1,,,कुडाळ,"दुर्गनगर लाडवाडी",49.9,08:00,09:55,,,,,
125924A,"Kudal  To Duragnagar Via Kadawal","Kudal St Depot",Duragnagar,KADAWAL,MO,6243,"Kadawal Post",20.5,,,कुडाळ,"दुर्गनगर लाडवाडी",49.9,08:00,09:55,,,,,
125924A,"Kudal  To Duragnagar Via Kadawal","Kudal St Depot",Duragnagar,KADAWAL,MO,6375,"Pangrad Fata",21.7,,,कुडाळ,"दुर्गनगर लाडवाडी",49.9,08:00,09:55,,,,,
125924A,"Kudal  To Duragnagar Via Kadawal","Kudal St Depot",Duragnagar,KADAWAL,MO,6128,"Bhadgaon Phanas",23.2,,,कुडाळ,"दुर्गनगर लाडवाडी",49.9,08:00,09:55,,,,,
125924A,"Kudal  To Duragnagar Via Kadawal","Kudal St Depot",Duragnagar,KADAWAL,MO,6121,"Bhadgaon Fatkurewadi",25.4,,,कुडाळ,"दुर्गनगर लाडवाडी",49.9,08:00,09:55,,,,,
125924A,"Kudal  To Duragnagar Via Kadawal","Kudal St Depot",Duragnagar,KADAWAL,MO,6130,"Bhadgaon School",26.4,,,कुडाळ,"दुर्गनगर लाडवाडी",49.9,08:00,09:55,,,,,
125924A,"Kudal  To Duragnagar Via Kadawal","Kudal St Depot",Duragnagar,KADAWAL,MO,6119,"Bhadgaon Matha",28,,,कुडाळ,"दुर्गनगर लाडवाडी",49.9,08:00,09:55,,,,,
125924A,"Kudal  To Duragnagar Via Kadawal","Kudal St Depot",Duragnagar,KADAWAL,MO,6324,"Murkar Dukan Humarne Thita",29.9,,,कुडाळ,"दुर्गनगर लाडवाडी",49.9,08:00,09:55,,,,,
125924A,"Kudal  To Duragnagar Via Kadawal","Kudal St Depot",Duragnagar,KADAWAL,MO,6211,"Hardi Titha",31.3,,,कुडाळ,"दुर्गनगर लाडवाडी",49.9,08:00,09:55,,,,,
125924A,"Kudal  To Duragnagar Via Kadawal","Kudal St Depot",Duragnagar,KADAWAL,MO,6262,"Kanedi Phc Phonda Titha",34.3,,,कुडाळ,"दुर्गनगर लाडवाडी",49.9,08:00,09:55,,,,,
125924A,"Kudal  To Duragnagar Via Kadawal","Kudal St Depot",Duragnagar,KADAWAL,MO,6234,"Kupawade Vinanti",35.5,,,कुडाळ,"दुर्गनगर लाडवाडी",49.9,08:00,09:55,,,,,
125924A,"Kudal  To Duragnagar Via Kadawal","Kudal St Depot",Duragnagar,KADAWAL,MO,6217,"Jambhavade Pimpal Par",35.6,,,कुडाळ,"दुर्गनगर लाडवाडी",49.9,08:00,09:55,,,,,
125924A,"Kudal  To Duragnagar Via Kadawal","Kudal St Depot",Duragnagar,KADAWAL,MO,6225,"Jambhavade Bhagwati Mandir",36.9,,,कुडाळ,"दुर्गनगर लाडवाडी",49.9,08:00,09:55,,,,,
125924A,"Kudal  To Duragnagar Via Kadawal","Kudal St Depot",Duragnagar,KADAWAL,MO,6218,"Jambhavade River",37.4,,,कुडाळ,"दुर्गनगर लाडवाडी",49.9,08:00,09:55,,,,,
125924A,"Kudal  To Duragnagar Via Kadawal","Kudal St Depot",Duragnagar,KADAWAL,MO,6179,Ghotage,40,,,कुडाळ,"दुर्गनगर लाडवाडी",49.9,08:00,09:55,,,,,
125924A,"Kudal  To Duragnagar Via Kadawal","Kudal St Depot",Duragnagar,KADAWAL,MO,6416,"Sonawade Lingeshwar Mandir",41.9,,,कुडाळ,"दुर्गनगर लाडवाडी",49.9,08:00,09:55,,,,,
125924A,"Kudal  To Duragnagar Via Kadawal","Kudal St Depot",Duragnagar,KADAWAL,MO,6173,"Ghadigaonkar Stop",42.1,,,कुडाळ,"दुर्गनगर लाडवाडी",49.9,08:00,09:55,,,,,
125924A,"Kudal  To Duragnagar Via Kadawal","Kudal St Depot",Duragnagar,KADAWAL,MO,6393,Ranewadi,43.9,,,कुडाळ,"दुर्गनगर लाडवाडी",49.9,08:00,09:55,,,,,
125924A,"Kudal  To Duragnagar Via Kadawal","Kudal St Depot",Duragnagar,KADAWAL,MO,6387,Pawarwadi,48.6,,,कुडाळ,"दुर्गनगर लाडवाडी",49.9,08:00,09:55,,,,,
125924A,"Kudal  To Duragnagar Via Kadawal","Kudal St Depot",Duragnagar,KADAWAL,MO,88080,"Duragnagar Ladwadi",49,,,कुडाळ,"दुर्गनगर लाडवाडी",49.9,08:00,09:55,,,,,
125924A,"Kudal  To Duragnagar Via Kadawal","Kudal St Depot",Duragnagar,KADAWAL,MO,6165,Duragnagar,49.9,,,कुडाळ,"दुर्गनगर लाडवाडी",49.9,08:00,09:55,,,,,
125926A,"Duragnagar To Kudal Via Kadawal",Duragnagar,"Kudal St Depot",KADAWAL,MO,6165,Duragnagar,,,,"घोटगे दुर्गनगर",कुडाळ,49.9,14:05,16:00,,,,,
125926A,"Duragnagar To Kudal Via Kadawal",Duragnagar,"Kudal St Depot",KADAWAL,MO,6387,Pawarwadi,2.8,,,"घोटगे दुर्गनगर",कुडाळ,49.9,14:05,16:00,,,,,
125926A,"Duragnagar To Kudal Via Kadawal",Duragnagar,"Kudal St Depot",KADAWAL,MO,6393,Ranewadi,7.5,,,"घोटगे दुर्गनगर",कुडाळ,49.9,14:05,16:00,,,,,
125926A,"Duragnagar To Kudal Via Kadawal",Duragnagar,"Kudal St Depot",KADAWAL,MO,6173,"Ghadigaonkar Stop",9.3,,,"घोटगे दुर्गनगर",कुडाळ,49.9,14:05,16:00,,,,,
125926A,"Duragnagar To Kudal Via Kadawal",Duragnagar,"Kudal St Depot",KADAWAL,MO,6416,"Sonawade Lingeshwar Mandir",9.5,,,"घोटगे दुर्गनगर",कुडाळ,49.9,14:05,16:00,,,,,
125926A,"Duragnagar To Kudal Via Kadawal",Duragnagar,"Kudal St Depot",KADAWAL,MO,6179,Ghotage,11.4,,,"घोटगे दुर्गनगर",कुडाळ,49.9,14:05,16:00,,,,,
125926A,"Duragnagar To Kudal Via Kadawal",Duragnagar,"Kudal St Depot",KADAWAL,MO,6218,"Jambhavade River",14,,,"घोटगे दुर्गनगर",कुडाळ,49.9,14:05,16:00,,,,,
125926A,"Duragnagar To Kudal Via Kadawal",Duragnagar,"Kudal St Depot",KADAWAL,MO,6225,"Jambhavade Bhagwati Mandir",14.5,,,"घोटगे दुर्गनगर",कुडाळ,49.9,14:05,16:00,,,,,
125926A,"Duragnagar To Kudal Via Kadawal",Duragnagar,"Kudal St Depot",KADAWAL,MO,6217,"Jambhavade Pimpal Par",15.8,,,"घोटगे दुर्गनगर",कुडाळ,49.9,14:05,16:00,,,,,
125926A,"Duragnagar To Kudal Via Kadawal",Duragnagar,"Kudal St Depot",KADAWAL,MO,6234,"Kupawade Vinanti",15.9,,,"घोटगे दुर्गनगर",कुडाळ,49.9,14:05,16:00,,,,,
125926A,"Duragnagar To Kudal Via Kadawal",Duragnagar,"Kudal St Depot",KADAWAL,MO,6262,"Kanedi Phc Phonda Titha",17.1,,,"घोटगे दुर्गनगर",कुडाळ,49.9,14:05,16:00,,,,,
125926A,"Duragnagar To Kudal Via Kadawal",Duragnagar,"Kudal St Depot",KADAWAL,MO,6211,"Hardi Titha",20.1,,,"घोटगे दुर्गनगर",कुडाळ,49.9,14:05,16:00,,,,,
125926A,"Duragnagar To Kudal Via Kadawal",Duragnagar,"Kudal St Depot",KADAWAL,MO,6324,"Murkar Dukan Humarne Thita",21.5,,,"घोटगे दुर्गनगर",कुडाळ,49.9,14:05,16:00,,,,,
125926A,"Duragnagar To Kudal Via Kadawal",Duragnagar,"Kudal St Depot",KADAWAL,MO,6119,"Bhadgaon Matha",23.4,,,"घोटगे दुर्गनगर",कुडाळ,49.9,14:05,16:00,,,,,
125926A,"Duragnagar To Kudal Via Kadawal",Duragnagar,"Kudal St Depot",KADAWAL,MO,6130,"Bhadgaon School",25,,,"घोटगे दुर्गनगर",कुडाळ,49.9,14:05,16:00,,,,,
125926A,"Duragnagar To Kudal Via Kadawal",Duragnagar,"Kudal St Depot",KADAWAL,MO,6121,"Bhadgaon Fatkurewadi",26,,,"घोटगे दुर्गनगर",कुडाळ,49.9,14:05,16:00,,,,,
125926A,"Duragnagar To Kudal Via Kadawal",Duragnagar,"Kudal St Depot",KADAWAL,MO,6128,"Bhadgaon Phanas",28.2,,,"घोटगे दुर्गनगर",कुडाळ,49.9,14:05,16:00,,,,,
125926A,"Duragnagar To Kudal Via Kadawal",Duragnagar,"Kudal St Depot",KADAWAL,MO,6375,"Pangrad Fata",29.7,,,"घोटगे दुर्गनगर",कुडाळ,49.9,14:05,16:00,,,,,
125926A,"Duragnagar To Kudal Via Kadawal",Duragnagar,"Kudal St Depot",KADAWAL,MO,6243,"Kadawal Post",30.9,,,"घोटगे दुर्गनगर",कुडाळ,49.9,14:05,16:00,,,,,
125926A,"Duragnagar To Kudal Via Kadawal",Duragnagar,"Kudal St Depot",KADAWAL,MO,6244,Kadawal,31.3,,,"घोटगे दुर्गनगर",कुडाळ,49.9,14:05,16:00,,,,,
125926A,"Duragnagar To Kudal Via Kadawal",Duragnagar,"Kudal St Depot",KADAWAL,MO,6087,"Awalegaon Dispensary",32.4,,,"घोटगे दुर्गनगर",कुडाळ,49.9,14:05,16:00,,,,,
125926A,"Duragnagar To Kudal Via Kadawal",Duragnagar,"Kudal St Depot",KADAWAL,MO,6167,"Datta Mandir",33.4,,,"घोटगे दुर्गनगर",कुडाळ,49.9,14:05,16:00,,,,,
125926A,"Duragnagar To Kudal Via Kadawal",Duragnagar,"Kudal St Depot",KADAWAL,MO,6088,"Awalegaon Chinch",34.4,,,"घोटगे दुर्गनगर",कुडाळ,49.9,14:05,16:00,,,,,
125926A,"Duragnagar To Kudal Via Kadawal",Duragnagar,"Kudal St Depot",KADAWAL,MO,6115,"Awalegaon Patkar Temb",35.2,,,"घोटगे दुर्गनगर",कुडाळ,49.9,14:05,16:00,,,,,
125926A,"Duragnagar To Kudal Via Kadawal",Duragnagar,"Kudal St Depot",KADAWAL,MO,6157,"Digas Kalika Mandir",36.5,,,"घोटगे दुर्गनगर",कुडाळ,49.9,14:05,16:00,,,,,
125926A,"Duragnagar To Kudal Via Kadawal",Duragnagar,"Kudal St Depot",KADAWAL,MO,6227,"Khadichegalu Pulaskar",38,,,"घोटगे दुर्गनगर",कुडाळ,49.9,14:05,16:00,,,,,
125926A,"Duragnagar To Kudal Via Kadawal",Duragnagar,"Kudal St Depot",KADAWAL,MO,6373,"Pandur Phc",40.3,,,"घोटगे दुर्गनगर",कुडाळ,49.9,14:05,16:00,,,,,
125926A,"Duragnagar To Kudal Via Kadawal",Duragnagar,"Kudal St Depot",KADAWAL,MO,6365,Pandur,40.9,,,"घोटगे दुर्गनगर",कुडाळ,49.9,14:05,16:00,,,,,
125926A,"Duragnagar To Kudal Via Kadawal",Duragnagar,"Kudal St Depot",KADAWAL,MO,88100,Vetalbambarde,43,,,"घोटगे दुर्गनगर",कुडाळ,49.9,14:05,16:00,,,,,
125926A,"Duragnagar To Kudal Via Kadawal",Duragnagar,"Kudal St Depot",KADAWAL,MO,6380,"Pawashi Panchayat",45,,,"घोटगे दुर्गनगर",कुडाळ,49.9,14:05,16:00,,,,,
125926A,"Duragnagar To Kudal Via Kadawal",Duragnagar,"Kudal St Depot",KADAWAL,MO,6237,"Kudal St Depot",49.9,,,"घोटगे दुर्गनगर",कुडाळ,49.9,14:05,16:00,,,,,
155207A,"Kudal St Depot To Bamanadevi Nileli Via Tulsuli","Kudal St Depot","Bamanadevi Nileli",TULSULI,MO,6240,"Kudal St Depot",,,,"कुडाळ आगार","निळेली बामणादेवी",30.3,15:30,16:30,,,,,
155207A,"Kudal St Depot To Bamanadevi Nileli Via Tulsuli","Kudal St Depot","Bamanadevi Nileli",TULSULI,MO,6237,"Kudal St Depot",1.5,,,"कुडाळ आगार","निळेली बामणादेवी",30.3,15:30,16:30,,,,,
155207A,"Kudal St Depot To Bamanadevi Nileli Via Tulsuli","Kudal St Depot","Bamanadevi Nileli",TULSULI,MO,6107,"Ambadpal G.P.O.",5.4,,,"कुडाळ आगार","निळेली बामणादेवी",30.3,15:30,16:30,,,,,
155207A,"Kudal St Depot To Bamanadevi Nileli Via Tulsuli","Kudal St Depot","Bamanadevi Nileli",TULSULI,MO,6313,"Mulade Mandir",7.6,,,"कुडाळ आगार","निळेली बामणादेवी",30.3,15:30,16:30,,,,,
155207A,"Kudal St Depot To Bamanadevi Nileli Via Tulsuli","Kudal St Depot","Bamanadevi Nileli",TULSULI,MO,6437,Tulsuli,8.5,,,"कुडाळ आगार","निळेली बामणादेवी",30.3,15:30,16:30,,,,,
155207A,"Kudal St Depot To Bamanadevi Nileli Via Tulsuli","Kudal St Depot","Bamanadevi Nileli",TULSULI,MO,6443,"Tulsuli Bhimnagar",9,,,"कुडाळ आगार","निळेली बामणादेवी",30.3,15:30,16:30,,,,,
155207A,"Kudal St Depot To Bamanadevi Nileli Via Tulsuli","Kudal St Depot","Bamanadevi Nileli",TULSULI,MO,6171,"Ghavanale Gpo",12,,,"कुडाळ आगार","निळेली बामणादेवी",30.3,15:30,16:30,,,,,
155207A,"Kudal St Depot To Bamanadevi Nileli Via Tulsuli","Kudal St Depot","Bamanadevi Nileli",TULSULI,MO,6176,"Ghavanale Gaothan Wadi",14,,,"कुडाळ आगार","निळेली बामणादेवी",30.3,15:30,16:30,,,,,
155207A,"Kudal St Depot To Bamanadevi Nileli Via Tulsuli","Kudal St Depot","Bamanadevi Nileli",TULSULI,MO,6134,Bhimnagar,15,,,"कुडाळ आगार","निळेली बामणादेवी",30.3,15:30,16:30,,,,,
155207A,"Kudal St Depot To Bamanadevi Nileli Via Tulsuli","Kudal St Depot","Bamanadevi Nileli",TULSULI,MO,6468,Waingankarwadi,17,,,"कुडाळ आगार","निळेली बामणादेवी",30.3,15:30,16:30,,,,,
155207A,"Kudal St Depot To Bamanadevi Nileli Via Tulsuli","Kudal St Depot","Bamanadevi Nileli",TULSULI,MO,6092,Amberi,18,,,"कुडाळ आगार","निळेली बामणादेवी",30.3,15:30,16:30,,,,,
155207A,"Kudal St Depot To Bamanadevi Nileli Via Tulsuli","Kudal St Depot","Bamanadevi Nileli",TULSULI,MO,6464,"Wados Bazar",22.1,,,"कुडाळ आगार","निळेली बामणादेवी",30.3,15:30,16:30,,,,,
155207A,"Kudal St Depot To Bamanadevi Nileli Via Tulsuli","Kudal St Depot","Bamanadevi Nileli",TULSULI,MO,6190,"Gothos Titha",24,,,"कुडाळ आगार","निळेली बामणादेवी",30.3,15:30,16:30,,,,,
155207A,"Kudal St Depot To Bamanadevi Nileli Via Tulsuli","Kudal St Depot","Bamanadevi Nileli",TULSULI,MO,6341,"Nileli Dairy",25.3,,,"कुडाळ आगार","निळेली बामणादेवी",30.3,15:30,16:30,,,,,
155207A,"Kudal St Depot To Bamanadevi Nileli Via Tulsuli","Kudal St Depot","Bamanadevi Nileli",TULSULI,MO,6344,"Nileli Nursery",26,,,"कुडाळ आगार","निळेली बामणादेवी",30.3,15:30,16:30,,,,,
155207A,"Kudal St Depot To Bamanadevi Nileli Via Tulsuli","Kudal St Depot","Bamanadevi Nileli",TULSULI,MO,6169,"Edagewadi Bamanadevi Nileli",29,,,"कुडाळ आगार","निळेली बामणादेवी",30.3,15:30,16:30,,,,,
155207A,"Kudal St Depot To Bamanadevi Nileli Via Tulsuli","Kudal St Depot","Bamanadevi Nileli",TULSULI,MO,88072,"Bamanadevi Nileli",30.3,,,"कुडाळ आगार","निळेली बामणादेवी",30.3,15:30,16:30,,,,,
155208A,"Bamnadevi To Kudal  Via Tulsuli","Bamanadevi Nileli","Kudal St Depot",TULSULI,MO,88072,"Bamanadevi Nileli",,,,"निळेली बामणादेवी",कुडाळ,28.8,16:40,17:40,,,,,
155208A,"Bamnadevi To Kudal  Via Tulsuli","Bamanadevi Nileli","Kudal St Depot",TULSULI,MO,6169,"Edagewadi Bamanadevi Nileli",1.3,,,"निळेली बामणादेवी",कुडाळ,28.8,16:40,17:40,,,,,
155208A,"Bamnadevi To Kudal  Via Tulsuli","Bamanadevi Nileli","Kudal St Depot",TULSULI,MO,6344,"Nileli Nursery",4.3,,,"निळेली बामणादेवी",कुडाळ,28.8,16:40,17:40,,,,,
155208A,"Bamnadevi To Kudal  Via Tulsuli","Bamanadevi Nileli","Kudal St Depot",TULSULI,MO,6341,"Nileli Dairy",5,,,"निळेली बामणादेवी",कुडाळ,28.8,16:40,17:40,,,,,
155208A,"Bamnadevi To Kudal  Via Tulsuli","Bamanadevi Nileli","Kudal St Depot",TULSULI,MO,6190,"Gothos Titha",6.3,,,"निळेली बामणादेवी",कुडाळ,28.8,16:40,17:40,,,,,
155208A,"Bamnadevi To Kudal  Via Tulsuli","Bamanadevi Nileli","Kudal St Depot",TULSULI,MO,6464,"Wados Bazar",8.2,,,"निळेली बामणादेवी",कुडाळ,28.8,16:40,17:40,,,,,
155208A,"Bamnadevi To Kudal  Via Tulsuli","Bamanadevi Nileli","Kudal St Depot",TULSULI,MO,6092,Amberi,12.3,,,"निळेली बामणादेवी",कुडाळ,28.8,16:40,17:40,,,,,
155208A,"Bamnadevi To Kudal  Via Tulsuli","Bamanadevi Nileli","Kudal St Depot",TULSULI,MO,6468,Waingankarwadi,13.3,,,"निळेली बामणादेवी",कुडाळ,28.8,16:40,17:40,,,,,
155208A,"Bamnadevi To Kudal  Via Tulsuli","Bamanadevi Nileli","Kudal St Depot",TULSULI,MO,6134,Bhimnagar,15.3,,,"निळेली बामणादेवी",कुडाळ,28.8,16:40,17:40,,,,,
155208A,"Bamnadevi To Kudal  Via Tulsuli","Bamanadevi Nileli","Kudal St Depot",TULSULI,MO,6176,"Ghavanale Gaothan Wadi",16.3,,,"निळेली बामणादेवी",कुडाळ,28.8,16:40,17:40,,,,,
155208A,"Bamnadevi To Kudal  Via Tulsuli","Bamanadevi Nileli","Kudal St Depot",TULSULI,MO,6171,"Ghavanale Gpo",18.3,,,"निळेली बामणादेवी",कुडाळ,28.8,16:40,17:40,,,,,
155208A,"Bamnadevi To Kudal  Via Tulsuli","Bamanadevi Nileli","Kudal St Depot",TULSULI,MO,6443,"Tulsuli Bhimnagar",21.3,,,"निळेली बामणादेवी",कुडाळ,28.8,16:40,17:40,,,,,
155208A,"Bamnadevi To Kudal  Via Tulsuli","Bamanadevi Nileli","Kudal St Depot",TULSULI,MO,6437,Tulsuli,21.8,,,"निळेली बामणादेवी",कुडाळ,28.8,16:40,17:40,,,,,
155208A,"Bamnadevi To Kudal  Via Tulsuli","Bamanadevi Nileli","Kudal St Depot",TULSULI,MO,6313,"Mulade Mandir",22.7,,,"निळेली बामणादेवी",कुडाळ,28.8,16:40,17:40,,,,,
155208A,"Bamnadevi To Kudal  Via Tulsuli","Bamanadevi Nileli","Kudal St Depot",TULSULI,MO,6107,"Ambadpal G.P.O.",24.9,,,"निळेली बामणादेवी",कुडाळ,28.8,16:40,17:40,,,,,
155208A,"Bamnadevi To Kudal  Via Tulsuli","Bamanadevi Nileli","Kudal St Depot",TULSULI,MO,6237,"Kudal St Depot",28.8,,,"निळेली बामणादेवी",कुडाळ,28.8,16:40,17:40,,,,,
10933A,"Kudal To Bamanadevi School","Kudal St Depot","Bamanadevi School",,MO,6237,"Kudal St Depot",,,,कुडाळ,बामणादेवी,16.5,11:20,11:55,,,,,
10933A,"Kudal To Bamanadevi School","Kudal St Depot","Bamanadevi School",,MO,6107,"Ambadpal G.P.O.",5.4,,,कुडाळ,बामणादेवी,16.5,11:20,11:55,,,,,
10933A,"Kudal To Bamanadevi School","Kudal St Depot","Bamanadevi School",,MO,6355,"Navnath Mandir",7.5,,,कुडाळ,बामणादेवी,16.5,11:20,11:55,,,,,
10933A,"Kudal To Bamanadevi School","Kudal St Depot","Bamanadevi School",,MO,6144,Budkewadi,8.5,,,कुडाळ,बामणादेवी,16.5,11:20,11:55,,,,,
10933A,"Kudal To Bamanadevi School","Kudal St Depot","Bamanadevi School",,MO,6287,"Khutwalwadi School",11,,,कुडाळ,बामणादेवी,16.5,11:20,11:55,,,,,
10933A,"Kudal To Bamanadevi School","Kudal St Depot","Bamanadevi School",,MO,6297,Mashachiwadi,12.2,,,कुडाळ,बामणादेवी,16.5,11:20,11:55,,,,,
10933A,"Kudal To Bamanadevi School","Kudal St Depot","Bamanadevi School",,MO,6295,Mhatargalu,13.5,,,कुडाळ,बामणादेवी,16.5,11:20,11:55,,,,,
10933A,"Kudal To Bamanadevi School","Kudal St Depot","Bamanadevi School",,MO,6132,Bamanadevi,14,,,कुडाळ,बामणादेवी,16.5,11:20,11:55,,,,,
10933A,"Kudal To Bamanadevi School","Kudal St Depot","Bamanadevi School",,MO,6139,"Bamanadevi School",16.5,,,कुडाळ,बामणादेवी,16.5,11:20,11:55,,,,,
19925,"Kusgaon To Kudal Via Vetalbambrde",Kusgaon,"Kudal St Depot",,MO,6246,Kusgaon,,,,कुसगाव,कुडाळ,22.2,14:10,15:10,OBL,DAILY,,,
19925,"Kusgaon To Kudal Via Vetalbambrde",Kusgaon,"Kudal St Depot",,MO,6186,"Girgaon Ghadi Dukan",2.2,,,कुसगाव,कुडाळ,22.2,14:10,15:10,OBL,DAILY,,,
19925,"Kusgaon To Kudal Via Vetalbambrde",Kusgaon,"Kudal St Depot",,MO,6213,Hirlok,5.2,,,कुसगाव,कुडाळ,22.2,14:10,15:10,OBL,DAILY,,,
19925,"Kusgaon To Kudal Via Vetalbambrde",Kusgaon,"Kudal St Depot",,MO,6214,Hateri,6.9,,,कुसगाव,कुडाळ,22.2,14:10,15:10,OBL,DAILY,,,
19925,"Kusgaon To Kudal Via Vetalbambrde",Kusgaon,"Kudal St Depot",,MO,6394,"Rangana Tulsuli Fata",7.9,,,कुसगाव,कुडाळ,22.2,14:10,15:10,OBL,DAILY,,,
19925,"Kusgaon To Kudal Via Vetalbambrde",Kusgaon,"Kudal St Depot",,MO,6315,"Mile Stone",10.2,,,कुसगाव,कुडाळ,22.2,14:10,15:10,OBL,DAILY,,,
19925,"Kusgaon To Kudal Via Vetalbambrde",Kusgaon,"Kudal St Depot",,MO,6141,Bhogalewadi,11.7,,,कुसगाव,कुडाळ,22.2,14:10,15:10,OBL,DAILY,,,
19925,"Kusgaon To Kudal Via Vetalbambrde",Kusgaon,"Kudal St Depot",,MO,6325,"Maruti Mandir",13.1,,,कुसगाव,कुडाळ,22.2,14:10,15:10,OBL,DAILY,,,
19925,"Kusgaon To Kudal Via Vetalbambrde",Kusgaon,"Kudal St Depot",,MO,6109,"Ainmala Fata",14.5,,,कुसगाव,कुडाळ,22.2,14:10,15:10,OBL,DAILY,,,
19925,"Kusgaon To Kudal Via Vetalbambrde",Kusgaon,"Kudal St Depot",,MO,88100,Vetalbambarde,16.2,,,कुसगाव,कुडाळ,22.2,14:10,15:10,OBL,DAILY,,,
19925,"Kusgaon To Kudal Via Vetalbambrde",Kusgaon,"Kudal St Depot",,MO,6380,"Pawashi Panchayat",18.3,,,कुसगाव,कुडाळ,22.2,14:10,15:10,OBL,DAILY,,,
19925,"Kusgaon To Kudal Via Vetalbambrde",Kusgaon,"Kudal St Depot",,MO,6237,"Kudal St Depot",22.2,,,कुसगाव,कुडाळ,22.2,14:10,15:10,OBL,DAILY,,,
125953,"Kusgaon To Kudal Via Awalegaon Patkar Temb",Kusgaon,"Kudal St Depot","AWALEGAON PATKAR TEMB",MO,6246,Kusgaon,,,,कुसगाव,कुडाळ,29.7,09:55,11:05,,,,,
125953,"Kusgaon To Kudal Via Awalegaon Patkar Temb",Kusgaon,"Kudal St Depot","AWALEGAON PATKAR TEMB",MO,6186,"Girgaon Ghadi Dukan",1.2,,,कुसगाव,कुडाळ,29.7,09:55,11:05,,,,,
125953,"Kusgaon To Kudal Via Awalegaon Patkar Temb",Kusgaon,"Kudal St Depot","AWALEGAON PATKAR TEMB",MO,6213,Hirlok,4.2,,,कुसगाव,कुडाळ,29.7,09:55,11:05,,,,,
125953,"Kusgaon To Kudal Via Awalegaon Patkar Temb",Kusgaon,"Kudal St Depot","AWALEGAON PATKAR TEMB",MO,6407,Shirkewadi,5.2,,,कुसगाव,कुडाळ,29.7,09:55,11:05,,,,,
125953,"Kusgaon To Kudal Via Awalegaon Patkar Temb",Kusgaon,"Kudal St Depot","AWALEGAON PATKAR TEMB",MO,6265,"Kinlos Ranewadi",6.2,,,कुसगाव,कुडाळ,29.7,09:55,11:05,,,,,
125953,"Kusgaon To Kudal Via Awalegaon Patkar Temb",Kusgaon,"Kudal St Depot","AWALEGAON PATKAR TEMB",MO,6267,"Kinlos School",7.2,,,कुसगाव,कुडाळ,29.7,09:55,11:05,,,,,
125953,"Kusgaon To Kudal Via Awalegaon Patkar Temb",Kusgaon,"Kudal St Depot","AWALEGAON PATKAR TEMB",MO,6359,"Narayan Mandir",10.2,,,कुसगाव,कुडाळ,29.7,09:55,11:05,,,,,
125953,"Kusgaon To Kudal Via Awalegaon Patkar Temb",Kusgaon,"Kudal St Depot","AWALEGAON PATKAR TEMB",MO,6087,"Awalegaon Dispensary",11.7,,,कुसगाव,कुडाळ,29.7,09:55,11:05,,,,,
125953,"Kusgaon To Kudal Via Awalegaon Patkar Temb",Kusgaon,"Kudal St Depot","AWALEGAON PATKAR TEMB",MO,6088,"Awalegaon Chinch",12.7,,,कुसगाव,कुडाळ,29.7,09:55,11:05,,,,,
125953,"Kusgaon To Kudal Via Awalegaon Patkar Temb",Kusgaon,"Kudal St Depot","AWALEGAON PATKAR TEMB",MO,6115,"Awalegaon Patkar Temb",13.5,,,कुसगाव,कुडाळ,29.7,09:55,11:05,,,,,
125953,"Kusgaon To Kudal Via Awalegaon Patkar Temb",Kusgaon,"Kudal St Depot","AWALEGAON PATKAR TEMB",MO,6157,"Digas Kalika Mandir",14.8,,,कुसगाव,कुडाळ,29.7,09:55,11:05,,,,,
125953,"Kusgaon To Kudal Via Awalegaon Patkar Temb",Kusgaon,"Kudal St Depot","AWALEGAON PATKAR TEMB",MO,6227,"Khadichegalu Pulaskar",16.3,,,कुसगाव,कुडाळ,29.7,09:55,11:05,,,,,
125953,"Kusgaon To Kudal Via Awalegaon Patkar Temb",Kusgaon,"Kudal St Depot","AWALEGAON PATKAR TEMB",MO,6150,"Chorgewadi Fata",18.2,,,कुसगाव,कुडाळ,29.7,09:55,11:05,,,,,
125953,"Kusgaon To Kudal Via Awalegaon Patkar Temb",Kusgaon,"Kudal St Depot","AWALEGAON PATKAR TEMB",MO,6373,"Pandur Phc",18.7,,,कुसगाव,कुडाळ,29.7,09:55,11:05,,,,,
125953,"Kusgaon To Kudal Via Awalegaon Patkar Temb",Kusgaon,"Kudal St Depot","AWALEGAON PATKAR TEMB",MO,6365,Pandur,19.2,,,कुसगाव,कुडाळ,29.7,09:55,11:05,,,,,
125953,"Kusgaon To Kudal Via Awalegaon Patkar Temb",Kusgaon,"Kudal St Depot","AWALEGAON PATKAR TEMB",MO,88100,Vetalbambarde,22.7,,,कुसगाव,कुडाळ,29.7,09:55,11:05,,,,,
125953,"Kusgaon To Kudal Via Awalegaon Patkar Temb",Kusgaon,"Kudal St Depot","AWALEGAON PATKAR TEMB",MO,6380,"Pawashi Panchayat",26.7,,,कुसगाव,कुडाळ,29.7,09:55,11:05,,,,,
125953,"Kusgaon To Kudal Via Awalegaon Patkar Temb",Kusgaon,"Kudal St Depot","AWALEGAON PATKAR TEMB",MO,6237,"Kudal St Depot",29.7,,,कुसगाव,कुडाळ,29.7,09:55,11:05,,,,,
125953A,"Kusgaon To Kudal Via Awalegaon Patkar Temb",Kusgaon,"Kudal St Depot","AWALEGAON PATKAR TEMB",MO,6246,Kusgaon,,,,कुसगाव,"कुडाळ आगार",31.2,12:40,13:50,,,"विश्रांती 10.40-11.20",,
125953A,"Kusgaon To Kudal Via Awalegaon Patkar Temb",Kusgaon,"Kudal St Depot","AWALEGAON PATKAR TEMB",MO,6186,"Girgaon Ghadi Dukan",1.2,,,कुसगाव,"कुडाळ आगार",31.2,12:40,13:50,,,"विश्रांती 10.40-11.20",,
125953A,"Kusgaon To Kudal Via Awalegaon Patkar Temb",Kusgaon,"Kudal St Depot","AWALEGAON PATKAR TEMB",MO,6213,Hirlok,4.2,,,कुसगाव,"कुडाळ आगार",31.2,12:40,13:50,,,"विश्रांती 10.40-11.20",,
125953A,"Kusgaon To Kudal Via Awalegaon Patkar Temb",Kusgaon,"Kudal St Depot","AWALEGAON PATKAR TEMB",MO,6407,Shirkewadi,5.2,,,कुसगाव,"कुडाळ आगार",31.2,12:40,13:50,,,"विश्रांती 10.40-11.20",,
125953A,"Kusgaon To Kudal Via Awalegaon Patkar Temb",Kusgaon,"Kudal St Depot","AWALEGAON PATKAR TEMB",MO,6265,"Kinlos Ranewadi",6.2,,,कुसगाव,"कुडाळ आगार",31.2,12:40,13:50,,,"विश्रांती 10.40-11.20",,
125953A,"Kusgaon To Kudal Via Awalegaon Patkar Temb",Kusgaon,"Kudal St Depot","AWALEGAON PATKAR TEMB",MO,6267,"Kinlos School",7.2,,,कुसगाव,"कुडाळ आगार",31.2,12:40,13:50,,,"विश्रांती 10.40-11.20",,
125953A,"Kusgaon To Kudal Via Awalegaon Patkar Temb",Kusgaon,"Kudal St Depot","AWALEGAON PATKAR TEMB",MO,6359,"Narayan Mandir",10.2,,,कुसगाव,"कुडाळ आगार",31.2,12:40,13:50,,,"विश्रांती 10.40-11.20",,
125953A,"Kusgaon To Kudal Via Awalegaon Patkar Temb",Kusgaon,"Kudal St Depot","AWALEGAON PATKAR TEMB",MO,6087,"Awalegaon Dispensary",11.7,,,कुसगाव,"कुडाळ आगार",31.2,12:40,13:50,,,"विश्रांती 10.40-11.20",,
125953A,"Kusgaon To Kudal Via Awalegaon Patkar Temb",Kusgaon,"Kudal St Depot","AWALEGAON PATKAR TEMB",MO,6088,"Awalegaon Chinch",12.7,,,कुसगाव,"कुडाळ आगार",31.2,12:40,13:50,,,"विश्रांती 10.40-11.20",,
125953A,"Kusgaon To Kudal Via Awalegaon Patkar Temb",Kusgaon,"Kudal St Depot","AWALEGAON PATKAR TEMB",MO,6115,"Awalegaon Patkar Temb",13.5,,,कुसगाव,"कुडाळ आगार",31.2,12:40,13:50,,,"विश्रांती 10.40-11.20",,
125953A,"Kusgaon To Kudal Via Awalegaon Patkar Temb",Kusgaon,"Kudal St Depot","AWALEGAON PATKAR TEMB",MO,6157,"Digas Kalika Mandir",14.8,,,कुसगाव,"कुडाळ आगार",31.2,12:40,13:50,,,"विश्रांती 10.40-11.20",,
125953A,"Kusgaon To Kudal Via Awalegaon Patkar Temb",Kusgaon,"Kudal St Depot","AWALEGAON PATKAR TEMB",MO,6227,"Khadichegalu Pulaskar",16.3,,,कुसगाव,"कुडाळ आगार",31.2,12:40,13:50,,,"विश्रांती 10.40-11.20",,
125953A,"Kusgaon To Kudal Via Awalegaon Patkar Temb",Kusgaon,"Kudal St Depot","AWALEGAON PATKAR TEMB",MO,6150,"Chorgewadi Fata",18.2,,,कुसगाव,"कुडाळ आगार",31.2,12:40,13:50,,,"विश्रांती 10.40-11.20",,
125953A,"Kusgaon To Kudal Via Awalegaon Patkar Temb",Kusgaon,"Kudal St Depot","AWALEGAON PATKAR TEMB",MO,6373,"Pandur Phc",18.7,,,कुसगाव,"कुडाळ आगार",31.2,12:40,13:50,,,"विश्रांती 10.40-11.20",,
125953A,"Kusgaon To Kudal Via Awalegaon Patkar Temb",Kusgaon,"Kudal St Depot","AWALEGAON PATKAR TEMB",MO,6365,Pandur,19.2,,,कुसगाव,"कुडाळ आगार",31.2,12:40,13:50,,,"विश्रांती 10.40-11.20",,
125953A,"Kusgaon To Kudal Via Awalegaon Patkar Temb",Kusgaon,"Kudal St Depot","AWALEGAON PATKAR TEMB",MO,88100,Vetalbambarde,22.7,,,कुसगाव,"कुडाळ आगार",31.2,12:40,13:50,,,"विश्रांती 10.40-11.20",,
125953A,"Kusgaon To Kudal Via Awalegaon Patkar Temb",Kusgaon,"Kudal St Depot","AWALEGAON PATKAR TEMB",MO,6380,"Pawashi Panchayat",26.7,,,कुसगाव,"कुडाळ आगार",31.2,12:40,13:50,,,"विश्रांती 10.40-11.20",,
125953A,"Kusgaon To Kudal Via Awalegaon Patkar Temb",Kusgaon,"Kudal St Depot","AWALEGAON PATKAR TEMB",MO,6237,"Kudal St Depot",29.7,,,कुसगाव,"कुडाळ आगार",31.2,12:40,13:50,,,"विश्रांती 10.40-11.20",,
125953A,"Kusgaon To Kudal Via Awalegaon Patkar Temb",Kusgaon,"Kudal St Depot","AWALEGAON PATKAR TEMB",MO,6240,"Kudal St Depot",31.2,,,कुसगाव,"कुडाळ आगार",31.2,12:40,13:50,,,"विश्रांती 10.40-11.20",,
10958A,"Kudal To Karli Via Pat Titha","Kudal St Depot",Karli,"PAT TITHA",MO,6237,"Kudal St Depot",,,,कुडाळ,कर्ली,26.5,07:30,08:30,,,,,
10958A,"Kudal To Karli Via Pat Titha","Kudal St Depot",Karli,"PAT TITHA",MO,6376,"Pinguli Titha",4.3,,,कुडाळ,कर्ली,26.5,07:30,08:30,,,,,
10958A,"Kudal To Karli Via Pat Titha","Kudal St Depot",Karli,"PAT TITHA",MO,6251,"Karmal Galu",7.6,,,कुडाळ,कर्ली,26.5,07:30,08:30,,,,,
10958A,"Kudal To Karli Via Pat Titha","Kudal St Depot",Karli,"PAT TITHA",MO,6298,Madyachiwadi,9.7,,,कुडाळ,कर्ली,26.5,07:30,08:30,,,,,
10958A,"Kudal To Karli Via Pat Titha","Kudal St Depot",Karli,"PAT TITHA",MO,6305,"Madyachiwadi Phanas",11.1,,,कुडाळ,कर्ली,26.5,07:30,08:30,,,,,
10958A,"Kudal To Karli Via Pat Titha","Kudal St Depot",Karli,"PAT TITHA",MO,6215,Humarmala,13.7,,,कुडाळ,कर्ली,26.5,07:30,08:30,,,,,
10958A,"Kudal To Karli Via Pat Titha","Kudal St Depot",Karli,"PAT TITHA",MO,6094,"Andurle Khind",14.4,,,कुडाळ,कर्ली,26.5,07:30,08:30,,,,,
10958A,"Kudal To Karli Via Pat Titha","Kudal St Depot",Karli,"PAT TITHA",MO,6377,"Pendurkar Dukan",15.6,,,कुडाळ,कर्ली,26.5,07:30,08:30,,,,,
10958A,"Kudal To Karli Via Pat Titha","Kudal St Depot",Karli,"PAT TITHA",MO,6384,"Pat Titha",17.4,,,कुडाळ,कर्ली,26.5,07:30,08:30,,,,,
10958A,"Kudal To Karli Via Pat Titha","Kudal St Depot",Karli,"PAT TITHA",MO,6382,"Pat Bandh Teli Dukan",18.2,,,कुडाळ,कर्ली,26.5,07:30,08:30,,,,,
10958A,"Kudal To Karli Via Pat Titha","Kudal St Depot",Karli,"PAT TITHA",MO,9590,"Ajarwadi P.H.C.",19.7,,,कुडाळ,कर्ली,26.5,07:30,08:30,,,,,
10958A,"Kudal To Karli Via Pat Titha","Kudal St Depot",Karli,"PAT TITHA",MO,9826,"Vetoba Mandir",21.2,,,कुडाळ,कर्ली,26.5,07:30,08:30,,,,,
10958A,"Kudal To Karli Via Pat Titha","Kudal St Depot",Karli,"PAT TITHA",MO,9612,"Bhagatwadi Mandir",21.9,,,कुडाळ,कर्ली,26.5,07:30,08:30,,,,,
10958A,"Kudal To Karli Via Pat Titha","Kudal St Depot",Karli,"PAT TITHA",MO,9587,"Adinarayan Mandir",23,,,कुडाळ,कर्ली,26.5,07:30,08:30,,,,,
10958A,"Kudal To Karli Via Pat Titha","Kudal St Depot",Karli,"PAT TITHA",MO,9750,Parule,23.6,,,कुडाळ,कर्ली,26.5,07:30,08:30,,,,,
10958A,"Kudal To Karli Via Pat Titha","Kudal St Depot",Karli,"PAT TITHA",MO,9667,"Karli Titha Amba",24.8,,,कुडाळ,कर्ली,26.5,07:30,08:30,,,,,
10958A,"Kudal To Karli Via Pat Titha","Kudal St Depot",Karli,"PAT TITHA",MO,9666,Karli,26.5,,,कुडाळ,कर्ली,26.5,07:30,08:30,,,,,
141700,"Akkalkot To Panjim Via Radhanagari",Akkalkot,Panjim,RADHANAGARI,MO,19911,"Akkalkot Mandir",,,,"कुडाळ (अक्कलकोट)",पणजी,82.1,04:15,06:15,"Non Obl",Daily,"विश्रांती 6.15-6.45",,
141700,"Akkalkot To Panjim Via Radhanagari",Akkalkot,Panjim,RADHANAGARI,MO,19910,Akkalkot,17,,,"कुडाळ (अक्कलकोट)",पणजी,82.1,04:15,06:15,"Non Obl",Daily,"विश्रांती 6.15-6.45",,
141700,"Akkalkot To Panjim Via Radhanagari",Akkalkot,Panjim,RADHANAGARI,MO,19978,"Gajanan Maharaj Goshala",22.4,,,"कुडाळ (अक्कलकोट)",पणजी,82.1,04:15,06:15,"Non Obl",Daily,"विश्रांती 6.15-6.45",,
141700,"Akkalkot To Panjim Via Radhanagari",Akkalkot,Panjim,RADHANAGARI,MO,20011,Kohhali,24.4,,,"कुडाळ (अक्कलकोट)",पणजी,82.1,04:15,06:15,"Non Obl",Daily,"विश्रांती 6.15-6.45",,
141700,"Akkalkot To Panjim Via Radhanagari",Akkalkot,Panjim,RADHANAGARI,MO,20005,Karjal,27.8,,,"कुडाळ (अक्कलकोट)",पणजी,82.1,04:15,06:15,"Non Obl",Daily,"विश्रांती 6.15-6.45",,
141700,"Akkalkot To Panjim Via Radhanagari",Akkalkot,Panjim,RADHANAGARI,MO,48946,Valsang,31.2,,,"कुडाळ (अक्कलकोट)",पणजी,82.1,04:15,06:15,"Non Obl",Daily,"विश्रांती 6.15-6.45",,
141700,"Akkalkot To Panjim Via Radhanagari",Akkalkot,Panjim,RADHANAGARI,MO,49611,Chincholi,34.1,,,"कुडाळ (अक्कलकोट)",पणजी,82.1,04:15,06:15,"Non Obl",Daily,"विश्रांती 6.15-6.45",,
141700,"Akkalkot To Panjim Via Radhanagari",Akkalkot,Panjim,RADHANAGARI,MO,49294,Tograli,39.1,,,"कुडाळ (अक्कलकोट)",पणजी,82.1,04:15,06:15,"Non Obl",Daily,"विश्रांती 6.15-6.45",,
141700,"Akkalkot To Panjim Via Radhanagari",Akkalkot,Panjim,RADHANAGARI,MO,49647,Kumbhari,44,,,"कुडाळ (अक्कलकोट)",पणजी,82.1,04:15,06:15,"Non Obl",Daily,"विश्रांती 6.15-6.45",,
141700,"Akkalkot To Panjim Via Radhanagari",Akkalkot,Panjim,RADHANAGARI,MO,49260,"Polytechnic Chowk",51.5,,,"कुडाळ (अक्कलकोट)",पणजी,82.1,04:15,06:15,"Non Obl",Daily,"विश्रांती 6.15-6.45",,
141700,"Akkalkot To Panjim Via Radhanagari",Akkalkot,Panjim,RADHANAGARI,MO,49268,"Ranga Bhavan",53.5,,,"कुडाळ (अक्कलकोट)",पणजी,82.1,04:15,06:15,"Non Obl",Daily,"विश्रांती 6.15-6.45",,
141700,"Akkalkot To Panjim Via Radhanagari",Akkalkot,Panjim,RADHANAGARI,MO,49285,"Super Market",57.8,,,"कुडाळ (अक्कलकोट)",पणजी,82.1,04:15,06:15,"Non Obl",Daily,"विश्रांती 6.15-6.45",,
141700,"Akkalkot To Panjim Via Radhanagari",Akkalkot,Panjim,RADHANAGARI,MO,48932,Solapur,59.7,,,"कुडाळ (अक्कलकोट)",पणजी,82.1,04:15,06:15,"Non Obl",Daily,"विश्रांती 6.15-6.45",,
141700,"Akkalkot To Panjim Via Radhanagari",Akkalkot,Panjim,RADHANAGARI,MO,49177,Bale,59.9,,Y,"कुडाळ (अक्कलकोट)",पणजी,82.1,04:15,06:15,"Non Obl",Daily,"विश्रांती 6.15-6.45",,
141700,"Akkalkot To Panjim Via Radhanagari",Akkalkot,Panjim,RADHANAGARI,MO,49229,Kegaon,67.7,,Y,"कुडाळ (अक्कलकोट)",पणजी,82.1,04:15,06:15,"Non Obl",Daily,"विश्रांती 6.15-6.45",,
141700,"Akkalkot To Panjim Via Radhanagari",Akkalkot,Panjim,RADHANAGARI,MO,49232,Kondhi,70.6,,Y,"कुडाळ (अक्कलकोट)",पणजी,82.1,04:15,06:15,"Non Obl",Daily,"विश्रांती 6.15-6.45",,
141700,"Akkalkot To Panjim Via Radhanagari",Akkalkot,Panjim,RADHANAGARI,MO,43501,Savaleshwar,73.3,,,"कुडाळ (अक्कलकोट)",पणजी,82.1,04:15,06:15,"Non Obl",Daily,"विश्रांती 6.15-6.45",,
141700,"Akkalkot To Panjim Via Radhanagari",Akkalkot,Panjim,RADHANAGARI,MO,43430,"Kolegaon Fata",87.9,,,"कुडाळ (अक्कलकोट)",पणजी,82.1,04:15,06:15,"Non Obl",Daily,"विश्रांती 6.15-6.45",,
141700,"Akkalkot To Panjim Via Radhanagari",Akkalkot,Panjim,RADHANAGARI,MO,43543,"Wadval Fata",88.9,,,"कुडाळ (अक्कलकोट)",पणजी,82.1,04:15,06:15,"Non Obl",Daily,"विश्रांती 6.15-6.45",,
141700,"Akkalkot To Panjim Via Radhanagari",Akkalkot,Panjim,RADHANAGARI,MO,43460,Mohol,90.9,,,"कुडाळ (अक्कलकोट)",पणजी,82.1,04:15,06:15,"Non Obl",Daily,"विश्रांती 6.15-6.45",,
141700,"Akkalkot To Panjim Via Radhanagari",Akkalkot,Panjim,RADHANAGARI,MO,43490,Pokharpur,91.9,,Y,"कुडाळ (अक्कलकोट)",पणजी,82.1,04:15,06:15,"Non Obl",Daily,"विश्रांती 6.15-6.45",,
141700,"Akkalkot To Panjim Via Radhanagari",Akkalkot,Panjim,RADHANAGARI,MO,43449,"Khavani Fata",93,,Y,"कुडाळ (अक्कलकोट)",पणजी,82.1,04:15,06:15,"Non Obl",Daily,"विश्रांती 6.15-6.45",,
141700,"Akkalkot To Panjim Via Radhanagari",Akkalkot,Panjim,RADHANAGARI,MO,43514,"Sarole Fata",96.7,,Y,"कुडाळ (अक्कलकोट)",पणजी,82.1,04:15,06:15,"Non Obl",Daily,"विश्रांती 6.15-6.45",,
141700,"Akkalkot To Panjim Via Radhanagari",Akkalkot,Panjim,RADHANAGARI,MO,43555,"Ashti Canal",108.6,,Y,"कुडाळ (अक्कलकोट)",पणजी,82.1,04:15,06:15,"Non Obl",Daily,"विश्रांती 6.15-6.45",,
141700,"Akkalkot To Panjim Via Radhanagari",Akkalkot,Panjim,RADHANAGARI,MO,43775,"Ishwar Wathar",121.1,,,"कुडाळ (अक्कलकोट)",पणजी,82.1,04:15,06:15,"Non Obl",Daily,"विश्रांती 6.15-6.45",,
141700,"Akkalkot To Panjim Via Radhanagari",Akkalkot,Panjim,RADHANAGARI,MO,43875,"Narayan Chincheli",121.3,,Y,"कुडाळ (अक्कलकोट)",पणजी,82.1,04:15,06:15,"Non Obl",Daily,"विश्रांती 6.15-6.45",,
141700,"Akkalkot To Panjim Via Radhanagari",Akkalkot,Panjim,RADHANAGARI,MO,43722,"Degaon X Rd.",121.4,,Y,"कुडाळ (अक्कलकोट)",पणजी,82.1,04:15,06:15,"Non Obl",Daily,"विश्रांती 6.15-6.45",,
141700,"Akkalkot To Panjim Via Radhanagari",Akkalkot,Panjim,RADHANAGARI,MO,44014,Visava,123.9,,,"कुडाळ (अक्कलकोट)",पणजी,82.1,04:15,06:15,"Non Obl",Daily,"विश्रांती 6.15-6.45",,
141700,"Akkalkot To Panjim Via Radhanagari",Akkalkot,Panjim,RADHANAGARI,MO,43899,Pandharpur,127.5,,,"कुडाळ (अक्कलकोट)",पणजी,82.1,04:15,06:15,"Non Obl",Daily,"विश्रांती 6.15-6.45",,
141700,"Akkalkot To Panjim Via Radhanagari",Akkalkot,Panjim,RADHANAGARI,MO,43827,"Kasegaon Fata",134.7,,Y,"कुडाळ (अक्कलकोट)",पणजी,82.1,04:15,06:15,"Non Obl",Daily,"विश्रांती 6.15-6.45",,
141700,"Akkalkot To Panjim Via Radhanagari",Akkalkot,Panjim,RADHANAGARI,MO,43806,Khardi,142.8,,,"कुडाळ (अक्कलकोट)",पणजी,82.1,04:15,06:15,"Non Obl",Daily,"विश्रांती 6.15-6.45",,
141700,"Akkalkot To Panjim Via Radhanagari",Akkalkot,Panjim,RADHANAGARI,MO,47639,Sangewadi,146.7,,,"कुडाळ (अक्कलकोट)",पणजी,82.1,04:15,06:15,"Non Obl",Daily,"विश्रांती 6.15-6.45",,
141700,"Akkalkot To Panjim Via Radhanagari",Akkalkot,Panjim,RADHANAGARI,MO,47446,"Bamani X Rd.",151.7,,,"कुडाळ (अक्कलकोट)",पणजी,82.1,04:15,06:15,"Non Obl",Daily,"विश्रांती 6.15-6.45",,
141700,"Akkalkot To Panjim Via Radhanagari",Akkalkot,Panjim,RADHANAGARI,MO,47652,Sangola,162.4,,,"कुडाळ (अक्कलकोट)",पणजी,82.1,04:15,06:15,"Non Obl",Daily,"विश्रांती 6.15-6.45",,
141700,"Akkalkot To Panjim Via Radhanagari",Akkalkot,Panjim,RADHANAGARI,MO,47552,Kamalapur,168,,,"कुडाळ (अक्कलकोट)",पणजी,82.1,04:15,06:15,"Non Obl",Daily,"विश्रांती 6.15-6.45",,
141700,"Akkalkot To Panjim Via Radhanagari",Akkalkot,Panjim,RADHANAGARI,MO,47679,Vatamare,176.2,,,"कुडाळ (अक्कलकोट)",पणजी,82.1,04:15,06:15,"Non Obl",Daily,"विश्रांती 6.15-6.45",,
141700,"Akkalkot To Panjim Via Radhanagari",Akkalkot,Panjim,RADHANAGARI,MO,47617,"Nazare Math",178.9,,,"कुडाळ (अक्कलकोट)",पणजी,82.1,04:15,06:15,"Non Obl",Daily,"विश्रांती 6.15-6.45",,
141700,"Akkalkot To Panjim Via Radhanagari",Akkalkot,Panjim,RADHANAGARI,MO,47534,Hatit,185.6,,,"कुडाळ (अक्कलकोट)",पणजी,82.1,04:15,06:15,"Non Obl",Daily,"विश्रांती 6.15-6.45",,
141700,"Akkalkot To Panjim Via Radhanagari",Akkalkot,Panjim,RADHANAGARI,MO,47694,Junoni,195,,,"कुडाळ (अक्कलकोट)",पणजी,82.1,04:15,06:15,"Non Obl",Daily,"विश्रांती 6.15-6.45",,
141700,"Akkalkot To Panjim Via Radhanagari",Akkalkot,Panjim,RADHANAGARI,MO,47522,"Ghorpadi Fata.",198.3,,,"कुडाळ (अक्कलकोट)",पणजी,82.1,04:15,06:15,"Non Obl",Daily,"विश्रांती 6.15-6.45",,
141700,"Akkalkot To Panjim Via Radhanagari",Akkalkot,Panjim,RADHANAGARI,MO,32930,"Nagaj Fata",202.8,,,"कुडाळ (अक्कलकोट)",पणजी,82.1,04:15,06:15,"Non Obl",Daily,"विश्रांती 6.15-6.45",,
141700,"Akkalkot To Panjim Via Radhanagari",Akkalkot,Panjim,RADHANAGARI,MO,32896,Kuchi,217.2,,,"कुडाळ (अक्कलकोट)",पणजी,82.1,04:15,06:15,"Non Obl",Daily,"विश्रांती 6.15-6.45",,
141700,"Akkalkot To Panjim Via Radhanagari",Akkalkot,Panjim,RADHANAGARI,MO,32950,Shirdhon,225.7,,,"कुडाळ (अक्कलकोट)",पणजी,82.1,04:15,06:15,"Non Obl",Daily,"विश्रांती 6.15-6.45",,
141700,"Akkalkot To Panjim Via Radhanagari",Akkalkot,Panjim,RADHANAGARI,MO,33808,Halkud,232.8,,,"कुडाळ (अक्कलकोट)",पणजी,82.1,04:15,06:15,"Non Obl",Daily,"विश्रांती 6.15-6.45",,
141700,"Akkalkot To Panjim Via Radhanagari",Akkalkot,Panjim,RADHANAGARI,MO,33679,Bhose,239.1,,,"कुडाळ (अक्कलकोट)",पणजी,82.1,04:15,06:15,"Non Obl",Daily,"विश्रांती 6.15-6.45",,
141700,"Akkalkot To Panjim Via Radhanagari",Akkalkot,Panjim,RADHANAGARI,MO,34161,"Tasgoan Fata",250.1,,,"कुडाळ (अक्कलकोट)",पणजी,82.1,04:15,06:15,"Non Obl",Daily,"विश्रांती 6.15-6.45",,
141700,"Akkalkot To Panjim Via Radhanagari",Akkalkot,Panjim,RADHANAGARI,MO,33967,Miraj,256.9,,,"कुडाळ (अक्कलकोट)",पणजी,82.1,04:15,06:15,"Non Obl",Daily,"विश्रांती 6.15-6.45",,
141700,"Akkalkot To Panjim Via Radhanagari",Akkalkot,Panjim,RADHANAGARI,MO,34093,Sangli,268.8,,,"कुडाळ (अक्कलकोट)",पणजी,82.1,04:15,06:15,"Non Obl",Daily,"विश्रांती 6.15-6.45",,
141700,"Akkalkot To Panjim Via Radhanagari",Akkalkot,Panjim,RADHANAGARI,MO,33649,Ankali,273.7,,,"कुडाळ (अक्कलकोट)",पणजी,82.1,04:15,06:15,"Non Obl",Daily,"विश्रांती 6.15-6.45",,
141700,"Akkalkot To Panjim Via Radhanagari",Akkalkot,Panjim,RADHANAGARI,MO,24134,Jaisingpur,277.7,,,"कुडाळ (अक्कलकोट)",पणजी,82.1,04:15,06:15,"Non Obl",Daily,"विश्रांती 6.15-6.45",,
141700,"Akkalkot To Panjim Via Radhanagari",Akkalkot,Panjim,RADHANAGARI,MO,24279,"Kondigre Chouki",283.8,,,"कुडाळ (अक्कलकोट)",पणजी,82.1,04:15,06:15,"Non Obl",Daily,"विश्रांती 6.15-6.45",,
141700,"Akkalkot To Panjim Via Radhanagari",Akkalkot,Panjim,RADHANAGARI,MO,25000,Nimshirgaon,286,,,"कुडाळ (अक्कलकोट)",पणजी,82.1,04:15,06:15,"Non Obl",Daily,"विश्रांती 6.15-6.45",,
141700,"Akkalkot To Panjim Via Radhanagari",Akkalkot,Panjim,RADHANAGARI,MO,24013,Hatkanangale,294.4,,,"कुडाळ (अक्कलकोट)",पणजी,82.1,04:15,06:15,"Non Obl",Daily,"विश्रांती 6.15-6.45",,
141700,"Akkalkot To Panjim Via Radhanagari",Akkalkot,Panjim,RADHANAGARI,MO,25373,"Ramling Fata",295.7,,,"कुडाळ (अक्कलकोट)",पणजी,82.1,04:15,06:15,"Non Obl",Daily,"विश्रांती 6.15-6.45",,
141700,"Akkalkot To Panjim Via Radhanagari",Akkalkot,Panjim,RADHANAGARI,MO,23093,Atigre,300.8,,,"कुडाळ (अक्कलकोट)",पणजी,82.1,04:15,06:15,"Non Obl",Daily,"विश्रांती 6.15-6.45",,
141700,"Akkalkot To Panjim Via Radhanagari",Akkalkot,Panjim,RADHANAGARI,MO,24946,"Mouje Vadgaon Fata",306,,,"कुडाळ (अक्कलकोट)",पणजी,82.1,04:15,06:15,"Non Obl",Daily,"विश्रांती 6.15-6.45",,
141700,"Akkalkot To Panjim Via Radhanagari",Akkalkot,Panjim,RADHANAGARI,MO,25589,"Siroli Fata",308.8,,,"कुडाळ (अक्कलकोट)",पणजी,82.1,04:15,06:15,"Non Obl",Daily,"विश्रांती 6.15-6.45",,
141700,"Akkalkot To Panjim Via Radhanagari",Akkalkot,Panjim,RADHANAGARI,MO,25536,"Shahu Market Yard",312.9,,,"कुडाळ (अक्कलकोट)",पणजी,82.1,04:15,06:15,"Non Obl",Daily,"विश्रांती 6.15-6.45",,
141700,"Akkalkot To Panjim Via Radhanagari",Akkalkot,Panjim,RADHANAGARI,MO,24359,Kolhapur,315.5,,,"कुडाळ (अक्कलकोट)",पणजी,82.1,04:15,06:15,"Non Obl",Daily,"विश्रांती 6.15-6.45",,
141700,"Akkalkot To Panjim Via Radhanagari",Akkalkot,Panjim,RADHANAGARI,MO,23625,"Dasara Chwok",317.6,,,"कुडाळ (अक्कलकोट)",पणजी,82.1,04:15,06:15,"Non Obl",Daily,"विश्रांती 6.15-6.45",,
141700,"Akkalkot To Panjim Via Radhanagari",Akkalkot,Panjim,RADHANAGARI,MO,25400,Rankala,320.2,,,"कुडाळ (अक्कलकोट)",पणजी,82.1,04:15,06:15,"Non Obl",Daily,"विश्रांती 6.15-6.45",,
141700,"Akkalkot To Panjim Via Radhanagari",Akkalkot,Panjim,RADHANAGARI,MO,25083,"New Washi Naka",324.9,,,"कुडाळ (अक्कलकोट)",पणजी,82.1,04:15,06:15,"Non Obl",Daily,"विश्रांती 6.15-6.45",,
141700,"Akkalkot To Panjim Via Radhanagari",Akkalkot,Panjim,RADHANAGARI,MO,26066,Washi,330.9,,,"कुडाळ (अक्कलकोट)",पणजी,82.1,04:15,06:15,"Non Obl",Daily,"विश्रांती 6.15-6.45",,
141700,"Akkalkot To Panjim Via Radhanagari",Akkalkot,Panjim,RADHANAGARI,MO,24388,Kandgaon,334.7,,,"कुडाळ (अक्कलकोट)",पणजी,82.1,04:15,06:15,"Non Obl",Daily,"विश्रांती 6.15-6.45",,
141700,"Akkalkot To Panjim Via Radhanagari",Akkalkot,Panjim,RADHANAGARI,MO,23669,Devale,335,,,"कुडाळ (अक्कलकोट)",पणजी,82.1,04:15,06:15,"Non Obl",Daily,"विश्रांती 6.15-6.45",,
141700,"Akkalkot To Panjim Via Radhanagari",Akkalkot,Panjim,RADHANAGARI,MO,23945,Haldi,335.1,,,"कुडाळ (अक्कलकोट)",पणजी,82.1,04:15,06:15,"Non Obl",Daily,"विश्रांती 6.15-6.45",,
141700,"Akkalkot To Panjim Via Radhanagari",Akkalkot,Panjim,RADHANAGARI,MO,24444,Kothali,337.5,,,"कुडाळ (अक्कलकोट)",पणजी,82.1,04:15,06:15,"Non Obl",Daily,"विश्रांती 6.15-6.45",,
141700,"Akkalkot To Panjim Via Radhanagari",Akkalkot,Panjim,RADHANAGARI,MO,24502,Kurukali,338.8,,,"कुडाळ (अक्कलकोट)",पणजी,82.1,04:15,06:15,"Non Obl",Daily,"विश्रांती 6.15-6.45",,
141700,"Akkalkot To Panjim Via Radhanagari",Akkalkot,Panjim,RADHANAGARI,MO,24501,"Kurukali College",339.8,,,"कुडाळ (अक्कलकोट)",पणजी,82.1,04:15,06:15,"Non Obl",Daily,"विश्रांती 6.15-6.45",,
141700,"Akkalkot To Panjim Via Radhanagari",Akkalkot,Panjim,RADHANAGARI,MO,23357,Bhogavati,342.5,,,"कुडाळ (अक्कलकोट)",पणजी,82.1,04:15,06:15,"Non Obl",Daily,"विश्रांती 6.15-6.45",,
141700,"Akkalkot To Panjim Via Radhanagari",Akkalkot,Panjim,RADHANAGARI,MO,23768,Ghotavade,344.2,,,"कुडाळ (अक्कलकोट)",पणजी,82.1,04:15,06:15,"Non Obl",Daily,"विश्रांती 6.15-6.45",,
141700,"Akkalkot To Panjim Via Radhanagari",Akkalkot,Panjim,RADHANAGARI,MO,24207,Kaulav,344.6,,,"कुडाळ (अक्कलकोट)",पणजी,82.1,04:15,06:15,"Non Obl",Daily,"विश्रांती 6.15-6.45",,
141700,"Akkalkot To Panjim Via Radhanagari",Akkalkot,Panjim,RADHANAGARI,MO,25521,Shirase,349,,,"कुडाळ (अक्कलकोट)",पणजी,82.1,04:15,06:15,"Non Obl",Daily,"विश्रांती 6.15-6.45",,
141700,"Akkalkot To Panjim Via Radhanagari",Akkalkot,Panjim,RADHANAGARI,MO,23014,"Amjai Varavade",349.6,,,"कुडाळ (अक्कलकोट)",पणजी,82.1,04:15,06:15,"Non Obl",Daily,"विश्रांती 6.15-6.45",,
141700,"Akkalkot To Panjim Via Radhanagari",Akkalkot,Panjim,RADHANAGARI,MO,25306,"Powar House",350.6,,,"कुडाळ (अक्कलकोट)",पणजी,82.1,04:15,06:15,"Non Obl",Daily,"विश्रांती 6.15-6.45",,
141700,"Akkalkot To Panjim Via Radhanagari",Akkalkot,Panjim,RADHANAGARI,MO,30597,"Awali Budruk",352,,,"कुडाळ (अक्कलकोट)",पणजी,82.1,04:15,06:15,"Non Obl",Daily,"विश्रांती 6.15-6.45",,
141700,"Akkalkot To Panjim Via Radhanagari",Akkalkot,Panjim,RADHANAGARI,MO,23049,Anaje,354.6,,,"कुडाळ (अक्कलकोट)",पणजी,82.1,04:15,06:15,"Non Obl",Daily,"विश्रांती 6.15-6.45",,
141700,"Akkalkot To Panjim Via Radhanagari",Akkalkot,Panjim,RADHANAGARI,MO,24322,"Khindi Vharavade",356,,,"कुडाळ (अक्कलकोट)",पणजी,82.1,04:15,06:15,"Non Obl",Daily,"विश्रांती 6.15-6.45",,
141700,"Akkalkot To Panjim Via Radhanagari",Akkalkot,Panjim,RADHANAGARI,MO,23720,Gaibi,363.1,,,"कुडाळ (अक्कलकोट)",पणजी,82.1,04:15,06:15,"Non Obl",Daily,"विश्रांती 6.15-6.45",,
141700,"Akkalkot To Panjim Via Radhanagari",Akkalkot,Panjim,RADHANAGARI,MO,25336,Radhanagari,367.9,,,"कुडाळ (अक्कलकोट)",पणजी,82.1,04:15,06:15,"Non Obl",Daily,"विश्रांती 6.15-6.45",,
141700,"Akkalkot To Panjim Via Radhanagari",Akkalkot,Panjim,RADHANAGARI,MO,24014,Hatimahal,369.7,,,"कुडाळ (अक्कलकोट)",पणजी,82.1,04:15,06:15,"Non Obl",Daily,"विश्रांती 6.15-6.45",,
141700,"Akkalkot To Panjim Via Radhanagari",Akkalkot,Panjim,RADHANAGARI,MO,25393,"Radhanagri Dam",373.1,,,"कुडाळ (अक्कलकोट)",पणजी,82.1,04:15,06:15,"Non Obl",Daily,"विश्रांती 6.15-6.45",,
141700,"Akkalkot To Panjim Via Radhanagari",Akkalkot,Panjim,RADHANAGARI,MO,23601,Daoudwadi,375.7,,,"कुडाळ (अक्कलकोट)",पणजी,82.1,04:15,06:15,"Non Obl",Daily,"विश्रांती 6.15-6.45",,
141700,"Akkalkot To Panjim Via Radhanagari",Akkalkot,Panjim,RADHANAGARI,MO,30607,Ajiwade,378.3,,,"कुडाळ (अक्कलकोट)",पणजी,82.1,04:15,06:15,"Non Obl",Daily,"विश्रांती 6.15-6.45",,
141700,"Akkalkot To Panjim Via Radhanagari",Akkalkot,Panjim,RADHANAGARI,MO,25530,Shelap,381.7,,,"कुडाळ (अक्कलकोट)",पणजी,82.1,04:15,06:15,"Non Obl",Daily,"विश्रांती 6.15-6.45",,
141700,"Akkalkot To Panjim Via Radhanagari",Akkalkot,Panjim,RADHANAGARI,MO,23137,Bambar,384.7,,,"कुडाळ (अक्कलकोट)",पणजी,82.1,04:15,06:15,"Non Obl",Daily,"विश्रांती 6.15-6.45",,
141700,"Akkalkot To Panjim Via Radhanagari",Akkalkot,Panjim,RADHANAGARI,MO,25038,Naniwade,387.3,,,"कुडाळ (अक्कलकोट)",पणजी,82.1,04:15,06:15,"Non Obl",Daily,"विश्रांती 6.15-6.45",,
141700,"Akkalkot To Panjim Via Radhanagari",Akkalkot,Panjim,RADHANAGARI,MO,24004,Hasane,390.7,,,"कुडाळ (अक्कलकोट)",पणजी,82.1,04:15,06:15,"Non Obl",Daily,"विश्रांती 6.15-6.45",,
141700,"Akkalkot To Panjim Via Radhanagari",Akkalkot,Panjim,RADHANAGARI,MO,23566,Dajipur,397.2,,,"कुडाळ (अक्कलकोट)",पणजी,82.1,04:15,06:15,"Non Obl",Daily,"विश्रांती 6.15-6.45",,
141700,"Akkalkot To Panjim Via Radhanagari",Akkalkot,Panjim,RADHANAGARI,MO,2723,"Ganguchi Wadi",409.1,,,"कुडाळ (अक्कलकोट)",पणजी,82.1,04:15,06:15,"Non Obl",Daily,"विश्रांती 6.15-6.45",,
141700,"Akkalkot To Panjim Via Radhanagari",Akkalkot,Panjim,RADHANAGARI,MO,2904,Phonda,413.4,,,"कुडाळ (अक्कलकोट)",पणजी,82.1,04:15,06:15,"Non Obl",Daily,"विश्रांती 6.15-6.45",,
141700,"Akkalkot To Panjim Via Radhanagari",Akkalkot,Panjim,RADHANAGARI,MO,2906,"Phonda Iti",416,,,"कुडाळ (अक्कलकोट)",पणजी,82.1,04:15,06:15,"Non Obl",Daily,"विश्रांती 6.15-6.45",,
141700,"Akkalkot To Panjim Via Radhanagari",Akkalkot,Panjim,RADHANAGARI,MO,2871,"Nandgaon Fata",416.3,,,"कुडाळ (अक्कलकोट)",पणजी,82.1,04:15,06:15,"Non Obl",Daily,"विश्रांती 6.15-6.45",,
141700,"Akkalkot To Panjim Via Radhanagari",Akkalkot,Panjim,RADHANAGARI,MO,2895,Pachoba,417.2,,,"कुडाळ (अक्कलकोट)",पणजी,82.1,04:15,06:15,"Non Obl",Daily,"विश्रांती 6.15-6.45",,
141700,"Akkalkot To Panjim Via Radhanagari",Akkalkot,Panjim,RADHANAGARI,MO,2781,Kanadewadi,419.1,,,"कुडाळ (अक्कलकोट)",पणजी,82.1,04:15,06:15,"Non Obl",Daily,"विश्रांती 6.15-6.45",,
141700,"Akkalkot To Panjim Via Radhanagari",Akkalkot,Panjim,RADHANAGARI,MO,2771,"Kach Karakhana",420,,,"कुडाळ (अक्कलकोट)",पणजी,82.1,04:15,06:15,"Non Obl",Daily,"विश्रांती 6.15-6.45",,
141700,"Akkalkot To Panjim Via Radhanagari",Akkalkot,Panjim,RADHANAGARI,MO,2790,Karul,420.5,,,"कुडाळ (अक्कलकोट)",पणजी,82.1,04:15,06:15,"Non Obl",Daily,"विश्रांती 6.15-6.45",,
141700,"Akkalkot To Panjim Via Radhanagari",Akkalkot,Panjim,RADHANAGARI,MO,2757,"Humrath Mal Ghorpiwadi",422.9,,,"कुडाळ (अक्कलकोट)",पणजी,82.1,04:15,06:15,"Non Obl",Daily,"विश्रांती 6.15-6.45",,
141700,"Akkalkot To Panjim Via Radhanagari",Akkalkot,Panjim,RADHANAGARI,MO,2756,"Humrat Titha",424.4,,,"कुडाळ (अक्कलकोट)",पणजी,82.1,04:15,06:15,"Non Obl",Daily,"विश्रांती 6.15-6.45",,
141700,"Akkalkot To Panjim Via Radhanagari",Akkalkot,Panjim,RADHANAGARI,MO,2768,"Janavali Gavthanwadi",427.5,,,"कुडाळ (अक्कलकोट)",पणजी,82.1,04:15,06:15,"Non Obl",Daily,"विश्रांती 6.15-6.45",,
141700,"Akkalkot To Panjim Via Radhanagari",Akkalkot,Panjim,RADHANAGARI,MO,2786,Kankavli,431.3,,,"कुडाळ (अक्कलकोट)",पणजी,82.1,04:15,06:15,"Non Obl",Daily,"विश्रांती 6.15-6.45",,
141700,"Akkalkot To Panjim Via Radhanagari",Akkalkot,Panjim,RADHANAGARI,MO,3001,"Wagade Gpo",433.3,,,"कुडाळ (अक्कलकोट)",पणजी,82.1,04:15,06:15,"Non Obl",Daily,"विश्रांती 6.15-6.45",,
141700,"Akkalkot To Panjim Via Radhanagari",Akkalkot,Panjim,RADHANAGARI,MO,2692,Dangalwadi,435.3,,,"कुडाळ (अक्कलकोट)",पणजी,82.1,04:15,06:15,"Non Obl",Daily,"विश्रांती 6.15-6.45",,
141700,"Akkalkot To Panjim Via Radhanagari",Akkalkot,Panjim,RADHANAGARI,MO,2891,"Osargaon Talav",438.4,,,"कुडाळ (अक्कलकोट)",पणजी,82.1,04:15,06:15,"Non Obl",Daily,"विश्रांती 6.15-6.45",,
141700,"Akkalkot To Panjim Via Radhanagari",Akkalkot,Panjim,RADHANAGARI,MO,2890,"Osargaon Post",441.3,,,"कुडाळ (अक्कलकोट)",पणजी,82.1,04:15,06:15,"Non Obl",Daily,"विश्रांती 6.15-6.45",,
141700,"Akkalkot To Panjim Via Radhanagari",Akkalkot,Panjim,RADHANAGARI,MO,2889,"Osargaon Godaoon",441.9,,,"कुडाळ (अक्कलकोट)",पणजी,82.1,04:15,06:15,"Non Obl",Daily,"विश्रांती 6.15-6.45",,
141700,"Akkalkot To Panjim Via Radhanagari",Akkalkot,Panjim,RADHANAGARI,MO,6281,Kasal,443.7,,,"कुडाळ (अक्कलकोट)",पणजी,82.1,04:15,06:15,"Non Obl",Daily,"विश्रांती 6.15-6.45",,
141700,"Akkalkot To Panjim Via Radhanagari",Akkalkot,Panjim,RADHANAGARI,MO,6282,"Kasal Balamwadi",447,,,"कुडाळ (अक्कलकोट)",पणजी,82.1,04:15,06:15,"Non Obl",Daily,"विश्रांती 6.15-6.45",,
141700,"Akkalkot To Panjim Via Radhanagari",Akkalkot,Panjim,RADHANAGARI,MO,6116,Awali,448.6,,,"कुडाळ (अक्कलकोट)",पणजी,82.1,04:15,06:15,"Non Obl",Daily,"विश्रांती 6.15-6.45",,
141700,"Akkalkot To Panjim Via Radhanagari",Akkalkot,Panjim,RADHANAGARI,MO,6226,"Jaitapkar Colany",449.3,,,"कुडाळ (अक्कलकोट)",पणजी,82.1,04:15,06:15,"Non Obl",Daily,"विश्रांती 6.15-6.45",,
141700,"Akkalkot To Panjim Via Radhanagari",Akkalkot,Panjim,RADHANAGARI,MO,6362,"Oros Bus Stnad",449.9,,,"कुडाळ (अक्कलकोट)",पणजी,82.1,04:15,06:15,"Non Obl",Daily,"विश्रांती 6.15-6.45",,
141700,"Akkalkot To Panjim Via Radhanagari",Akkalkot,Panjim,RADHANAGARI,MO,6224,"Jijamata Hospital",453,,,"कुडाळ (अक्कलकोट)",पणजी,82.1,04:15,06:15,"Non Obl",Daily,"विश्रांती 6.15-6.45",,
141700,"Akkalkot To Panjim Via Radhanagari",Akkalkot,Panjim,RADHANAGARI,MO,6206,"Humarmala Rane Dukan",454,,,"कुडाळ (अक्कलकोट)",पणजी,82.1,04:15,06:15,"Non Obl",Daily,"विश्रांती 6.15-6.45",,
141700,"Akkalkot To Panjim Via Radhanagari",Akkalkot,Panjim,RADHANAGARI,MO,6204,"Humarmala Kasale Dukan",455.5,,,"कुडाळ (अक्कलकोट)",पणजी,82.1,04:15,06:15,"Non Obl",Daily,"विश्रांती 6.15-6.45",,
141700,"Akkalkot To Panjim Via Radhanagari",Akkalkot,Panjim,RADHANAGARI,MO,6365,Pandur,457.3,,,"कुडाळ (अक्कलकोट)",पणजी,82.1,04:15,06:15,"Non Obl",Daily,"विश्रांती 6.15-6.45",,
141700,"Akkalkot To Panjim Via Radhanagari",Akkalkot,Panjim,RADHANAGARI,MO,88100,Vetalbambarde,459.3,,,"कुडाळ (अक्कलकोट)",पणजी,82.1,04:15,06:15,"Non Obl",Daily,"विश्रांती 6.15-6.45",,
141700,"Akkalkot To Panjim Via Radhanagari",Akkalkot,Panjim,RADHANAGARI,MO,6380,"Pawashi Panchayat",462.4,,,"कुडाळ (अक्कलकोट)",पणजी,82.1,04:15,06:15,"Non Obl",Daily,"विश्रांती 6.15-6.45",,
141700,"Akkalkot To Panjim Via Radhanagari",Akkalkot,Panjim,RADHANAGARI,MO,6240,"Kudal St Depot",462.8,,,"कुडाळ (अक्कलकोट)",पणजी,82.1,04:15,06:15,"Non Obl",Daily,"विश्रांती 6.15-6.45",,
141700,"Akkalkot To Panjim Via Radhanagari",Akkalkot,Panjim,RADHANAGARI,MO,6237,"Kudal St Depot",464.2,,,"कुडाळ (अक्कलकोट)",पणजी,82.1,04:15,06:15,"Non Obl",Daily,"विश्रांती 6.15-6.45",,
141700,"Akkalkot To Panjim Via Radhanagari",Akkalkot,Panjim,RADHANAGARI,MO,6302,"Modka Wad Pinguli",469.4,,,"कुडाळ (अक्कलकोट)",पणजी,82.1,04:15,06:15,"Non Obl",Daily,"विश्रांती 6.15-6.45",,
141700,"Akkalkot To Panjim Via Radhanagari",Akkalkot,Panjim,RADHANAGARI,MO,6126,Bibavane,470.9,,,"कुडाळ (अक्कलकोट)",पणजी,82.1,04:15,06:15,"Non Obl",Daily,"विश्रांती 6.15-6.45",,
141700,"Akkalkot To Panjim Via Radhanagari",Akkalkot,Panjim,RADHANAGARI,MO,6322,"Mandkuli Fata",472,,,"कुडाळ (अक्कलकोट)",पणजी,82.1,04:15,06:15,"Non Obl",Daily,"विश्रांती 6.15-6.45",,
141700,"Akkalkot To Panjim Via Radhanagari",Akkalkot,Panjim,RADHANAGARI,MO,6441,"Terse Bambarde Fata",472.9,,,"कुडाळ (अक्कलकोट)",पणजी,82.1,04:15,06:15,"Non Obl",Daily,"विश्रांती 6.15-6.45",,
141700,"Akkalkot To Panjim Via Radhanagari",Akkalkot,Panjim,RADHANAGARI,MO,6474,"Zharap Titha",474.5,,,"कुडाळ (अक्कलकोट)",पणजी,82.1,04:15,06:15,"Non Obl",Daily,"विश्रांती 6.15-6.45",,
141700,"Akkalkot To Panjim Via Radhanagari",Akkalkot,Panjim,RADHANAGARI,MO,6231,"Khan Mohalla",478.5,,,"कुडाळ (अक्कलकोट)",पणजी,82.1,04:15,06:15,"Non Obl",Daily,"विश्रांती 6.15-6.45",,
141700,"Akkalkot To Panjim Via Radhanagari",Akkalkot,Panjim,RADHANAGARI,MO,6479,"Akeri Tita",481.1,,,"कुडाळ (अक्कलकोट)",पणजी,82.1,04:15,06:15,"Non Obl",Daily,"विश्रांती 6.15-6.45",,
141700,"Akkalkot To Panjim Via Radhanagari",Akkalkot,Panjim,RADHANAGARI,MO,8551,"Kolgaon Thita",484.1,,,"कुडाळ (अक्कलकोट)",पणजी,82.1,04:15,06:15,"Non Obl",Daily,"विश्रांती 6.15-6.45",,
141700,"Akkalkot To Panjim Via Radhanagari",Akkalkot,Panjim,RADHANAGARI,MO,8663,Sawantwadi,486.6,,,"कुडाळ (अक्कलकोट)",पणजी,82.1,04:15,06:15,"Non Obl",Daily,"विश्रांती 6.15-6.45",,
141700,"Akkalkot To Panjim Via Radhanagari",Akkalkot,Panjim,RADHANAGARI,MO,8486,Banda,499.6,,,"कुडाळ (अक्कलकोट)",पणजी,82.1,04:15,06:15,"Non Obl",Daily,"विश्रांती 6.15-6.45",,
141700,"Akkalkot To Panjim Via Radhanagari",Akkalkot,Panjim,RADHANAGARI,MO,8635,"Patradevi Goa Border",501.8,,,"कुडाळ (अक्कलकोट)",पणजी,82.1,04:15,06:15,"Non Obl",Daily,"विश्रांती 6.15-6.45",,
141700,"Akkalkot To Panjim Via Radhanagari",Akkalkot,Panjim,RADHANAGARI,MO,71926,Patradevi,501.9,,,"कुडाळ (अक्कलकोट)",पणजी,82.1,04:15,06:15,"Non Obl",Daily,"विश्रांती 6.15-6.45",,
141700,"Akkalkot To Panjim Via Radhanagari",Akkalkot,Panjim,RADHANAGARI,MO,71876,Galel,502.9,,,"कुडाळ (अक्कलकोट)",पणजी,82.1,04:15,06:15,"Non Obl",Daily,"विश्रांती 6.15-6.45",,
141700,"Akkalkot To Panjim Via Radhanagari",Akkalkot,Panjim,RADHANAGARI,MO,71956,Torsem,504.9,,,"कुडाळ (अक्कलकोट)",पणजी,82.1,04:15,06:15,"Non Obl",Daily,"विश्रांती 6.15-6.45",,
141700,"Akkalkot To Panjim Via Radhanagari",Akkalkot,Panjim,RADHANAGARI,MO,71958,Ugavem,506.9,,,"कुडाळ (अक्कलकोट)",पणजी,82.1,04:15,06:15,"Non Obl",Daily,"विश्रांती 6.15-6.45",,
141700,"Akkalkot To Panjim Via Radhanagari",Akkalkot,Panjim,RADHANAGARI,MO,71936,Poraskadem,511.2,,,"कुडाळ (अक्कलकोट)",पणजी,82.1,04:15,06:15,"Non Obl",Daily,"विश्रांती 6.15-6.45",,
141700,"Akkalkot To Panjim Via Radhanagari",Akkalkot,Panjim,RADHANAGARI,MO,71925,"Naibag Satarda Titha",511.9,,,"कुडाळ (अक्कलकोट)",पणजी,82.1,04:15,06:15,"Non Obl",Daily,"विश्रांती 6.15-6.45",,
141700,"Akkalkot To Panjim Via Radhanagari",Akkalkot,Panjim,RADHANAGARI,MO,71937,Pernem,515.9,,,"कुडाळ (अक्कलकोट)",पणजी,82.1,04:15,06:15,"Non Obl",Daily,"विश्रांती 6.15-6.45",,
141700,"Akkalkot To Panjim Via Radhanagari",Akkalkot,Panjim,RADHANAGARI,MO,71901,Malpe,517.9,,,"कुडाळ (अक्कलकोट)",पणजी,82.1,04:15,06:15,"Non Obl",Daily,"विश्रांती 6.15-6.45",,
141700,"Akkalkot To Panjim Via Radhanagari",Akkalkot,Panjim,RADHANAGARI,MO,71873,Dhargal,521.9,,,"कुडाळ (अक्कलकोट)",पणजी,82.1,04:15,06:15,"Non Obl",Daily,"विश्रांती 6.15-6.45",,
141700,"Akkalkot To Panjim Via Radhanagari",Akkalkot,Panjim,RADHANAGARI,MO,71890,Kolwal,527.5,,,"कुडाळ (अक्कलकोट)",पणजी,82.1,04:15,06:15,"Non Obl",Daily,"विश्रांती 6.15-6.45",,
141700,"Akkalkot To Panjim Via Radhanagari",Akkalkot,Panjim,RADHANAGARI,MO,71894,Karaswada,531.9,,,"कुडाळ (अक्कलकोट)",पणजी,82.1,04:15,06:15,"Non Obl",Daily,"विश्रांती 6.15-6.45",,
141700,"Akkalkot To Panjim Via Radhanagari",Akkalkot,Panjim,RADHANAGARI,MO,71915,Mapusa,534,,,"कुडाळ (अक्कलकोट)",पणजी,82.1,04:15,06:15,"Non Obl",Daily,"विश्रांती 6.15-6.45",,
141700,"Akkalkot To Panjim Via Radhanagari",Akkalkot,Panjim,RADHANAGARI,MO,71935,Panjim,546.3,,,"कुडाळ (अक्कलकोट)",पणजी,82.1,04:15,06:15,"Non Obl",Daily,"विश्रांती 6.15-6.45",,
154141,"Kudal St Depot To Devgad Via Achara",Devgad,"Kudal St Depot",ACHARA,MO,1685,Devgad,,,,देवगड,सावंतवाडी,136.3,07:00,11:50,obl,daily,"6 तासांत संपते",,
154141,"Kudal St Depot To Devgad Via Achara",Devgad,"Kudal St Depot",ACHARA,MO,1759,Jamsande,2.7,,,देवगड,सावंतवाडी,136.3,07:00,11:50,obl,daily,"6 तासांत संपते",,
154141,"Kudal St Depot To Devgad Via Achara",Devgad,"Kudal St Depot",ACHARA,MO,1774,"Khakshi Titha",4.2,,,देवगड,सावंतवाडी,136.3,07:00,11:50,obl,daily,"6 तासांत संपते",,
154141,"Kudal St Depot To Devgad Via Achara",Devgad,"Kudal St Depot",ACHARA,MO,1689,"Dabhole Bridge",6.5,,,देवगड,सावंतवाडी,136.3,07:00,11:50,obl,daily,"6 तासांत संपते",,
154141,"Kudal St Depot To Devgad Via Achara",Devgad,"Kudal St Depot",ACHARA,MO,1682,"Dabhole Boudhawadi",8.3,,,देवगड,सावंतवाडी,136.3,07:00,11:50,obl,daily,"6 तासांत संपते",,
154141,"Kudal St Depot To Devgad Via Achara",Devgad,"Kudal St Depot",ACHARA,MO,1942,Penkule,12.1,,,देवगड,सावंतवाडी,136.3,07:00,11:50,obl,daily,"6 तासांत संपते",,
154141,"Kudal St Depot To Devgad Via Achara",Devgad,"Kudal St Depot",ACHARA,MO,1744,Hela,15.6,,,देवगड,सावंतवाडी,136.3,07:00,11:50,obl,daily,"6 तासांत संपते",,
154141,"Kudal St Depot To Devgad Via Achara",Devgad,"Kudal St Depot",ACHARA,MO,1692,"Dahibav Jambhuliche Sane",26.6,,,देवगड,सावंतवाडी,136.3,07:00,11:50,obl,daily,"6 तासांत संपते",,
154141,"Kudal St Depot To Devgad Via Achara",Devgad,"Kudal St Depot",ACHARA,MO,1906,Naringre,27.6,,,देवगड,सावंतवाडी,136.3,07:00,11:50,obl,daily,"6 तासांत संपते",,
154141,"Kudal St Depot To Devgad Via Achara",Devgad,"Kudal St Depot",ACHARA,MO,1734,"Giraval Parabwadi",29.5,,,देवगड,सावंतवाडी,136.3,07:00,11:50,obl,daily,"6 तासांत संपते",,
154141,"Kudal St Depot To Devgad Via Achara",Devgad,"Kudal St Depot",ACHARA,MO,1747,"Hindale Mithbav Titha",32.1,,,देवगड,सावंतवाडी,136.3,07:00,11:50,obl,daily,"6 तासांत संपते",,
154141,"Kudal St Depot To Devgad Via Achara",Devgad,"Kudal St Depot",ACHARA,MO,1748,"Hindale Bhandarwadi",32.4,,,देवगड,सावंतवाडी,136.3,07:00,11:50,obl,daily,"6 तासांत संपते",,
154141,"Kudal St Depot To Devgad Via Achara",Devgad,"Kudal St Depot",ACHARA,MO,1740,"Hindale Aga Dukan",32.7,,,देवगड,सावंतवाडी,136.3,07:00,11:50,obl,daily,"6 तासांत संपते",,
154141,"Kudal St Depot To Devgad Via Achara",Devgad,"Kudal St Depot",ACHARA,MO,1745,"Hindale Teen Pimpal",33.7,,,देवगड,सावंतवाडी,136.3,07:00,11:50,obl,daily,"6 तासांत संपते",,
154141,"Kudal St Depot To Devgad Via Achara",Devgad,"Kudal St Depot",ACHARA,MO,1843,"Munage Bhagvati Mandir",37.6,,,देवगड,सावंतवाडी,136.3,07:00,11:50,obl,daily,"6 तासांत संपते",,
154141,"Kudal St Depot To Devgad Via Achara",Devgad,"Kudal St Depot",ACHARA,MO,1866,"Munage High School",40.4,,,देवगड,सावंतवाडी,136.3,07:00,11:50,obl,daily,"6 तासांत संपते",,
154141,"Kudal St Depot To Devgad Via Achara",Devgad,"Kudal St Depot",ACHARA,MO,1840,"Modka Vad",40.5,,,देवगड,सावंतवाडी,136.3,07:00,11:50,obl,daily,"6 तासांत संपते",,
154141,"Kudal St Depot To Devgad Via Achara",Devgad,"Kudal St Depot",ACHARA,MO,1848,Mashavi,40.6,,,देवगड,सावंतवाडी,136.3,07:00,11:50,obl,daily,"6 तासांत संपते",,
154141,"Kudal St Depot To Devgad Via Achara",Devgad,"Kudal St Depot",ACHARA,MO,1958,"Poyare Datta Mandir",44.4,,,देवगड,सावंतवाडी,136.3,07:00,11:50,obl,daily,"6 तासांत संपते",,
154141,"Kudal St Depot To Devgad Via Achara",Devgad,"Kudal St Depot",ACHARA,MO,6743,"Achara Par",46.8,,,देवगड,सावंतवाडी,136.3,07:00,11:50,obl,daily,"6 तासांत संपते",,
154141,"Kudal St Depot To Devgad Via Achara",Devgad,"Kudal St Depot",ACHARA,MO,6740,Achara,48.2,,,देवगड,सावंतवाडी,136.3,07:00,11:50,obl,daily,"6 तासांत संपते",,
154141,"Kudal St Depot To Devgad Via Achara",Devgad,"Kudal St Depot",ACHARA,MO,6798,"Chindar Wad",50.8,,,देवगड,सावंतवाडी,136.3,07:00,11:50,obl,daily,"6 तासांत संपते",,
154141,"Kudal St Depot To Devgad Via Achara",Devgad,"Kudal St Depot",ACHARA,MO,7008,Trimbak,53.6,,,देवगड,सावंतवाडी,136.3,07:00,11:50,obl,daily,"6 तासांत संपते",,
154141,"Kudal St Depot To Devgad Via Achara",Devgad,"Kudal St Depot",ACHARA,MO,7011,"Trimbak Sapala",54.5,,,देवगड,सावंतवाडी,136.3,07:00,11:50,obl,daily,"6 तासांत संपते",,
154141,"Kudal St Depot To Devgad Via Achara",Devgad,"Kudal St Depot",ACHARA,MO,6953,"Palsamb School",54.6,,,देवगड,सावंतवाडी,136.3,07:00,11:50,obl,daily,"6 तासांत संपते",,
154141,"Kudal St Depot To Devgad Via Achara",Devgad,"Kudal St Depot",ACHARA,MO,7018,Vinanti,54.7,,,देवगड,सावंतवाडी,136.3,07:00,11:50,obl,daily,"6 तासांत संपते",,
154141,"Kudal St Depot To Devgad Via Achara",Devgad,"Kudal St Depot",ACHARA,MO,6748,Adawali,55.6,,,देवगड,सावंतवाडी,136.3,07:00,11:50,obl,daily,"6 तासांत संपते",,
154141,"Kudal St Depot To Devgad Via Achara",Devgad,"Kudal St Depot",ACHARA,MO,6749,"Adawali Titha",58.7,,,देवगड,सावंतवाडी,136.3,07:00,11:50,obl,daily,"6 तासांत संपते",,
154141,"Kudal St Depot To Devgad Via Achara",Devgad,"Kudal St Depot",ACHARA,MO,6747,"Adavali Gaon",60.7,,,देवगड,सावंतवाडी,136.3,07:00,11:50,obl,daily,"6 तासांत संपते",,
154141,"Kudal St Depot To Devgad Via Achara",Devgad,"Kudal St Depot",ACHARA,MO,6997,Shravan,61.5,,,देवगड,सावंतवाडी,136.3,07:00,11:50,obl,daily,"6 तासांत संपते",,
154141,"Kudal St Depot To Devgad Via Achara",Devgad,"Kudal St Depot",ACHARA,MO,6777,"Belne Fata",63.4,,,देवगड,सावंतवाडी,136.3,07:00,11:50,obl,daily,"6 तासांत संपते",,
154141,"Kudal St Depot To Devgad Via Achara",Devgad,"Kudal St Depot",ACHARA,MO,6971,"Ramgad Bazar",66.4,,,देवगड,सावंतवाडी,136.3,07:00,11:50,obl,daily,"6 तासांत संपते",,
154141,"Kudal St Depot To Devgad Via Achara",Devgad,"Kudal St Depot",ACHARA,MO,2737,"Gothane Wad",69.2,,,देवगड,सावंतवाडी,136.3,07:00,11:50,obl,daily,"6 तासांत संपते",,
154141,"Kudal St Depot To Devgad Via Achara",Devgad,"Kudal St Depot",ACHARA,MO,2902,"Phalsewadi School",72.1,,,देवगड,सावंतवाडी,136.3,07:00,11:50,obl,daily,"6 तासांत संपते",,
154141,"Kudal St Depot To Devgad Via Achara",Devgad,"Kudal St Depot",ACHARA,MO,2903,"Phanaswadi School",75.4,,,देवगड,सावंतवाडी,136.3,07:00,11:50,obl,daily,"6 तासांत संपते",,
154141,"Kudal St Depot To Devgad Via Achara",Devgad,"Kudal St Depot",ACHARA,MO,2786,Kankavli,80.9,,,देवगड,सावंतवाडी,136.3,07:00,11:50,obl,daily,"6 तासांत संपते",,
154141,"Kudal St Depot To Devgad Via Achara",Devgad,"Kudal St Depot",ACHARA,MO,3001,"Wagade Gpo",84.6,,,देवगड,सावंतवाडी,136.3,07:00,11:50,obl,daily,"6 तासांत संपते",,
154141,"Kudal St Depot To Devgad Via Achara",Devgad,"Kudal St Depot",ACHARA,MO,2692,Dangalwadi,85.8,,,देवगड,सावंतवाडी,136.3,07:00,11:50,obl,daily,"6 तासांत संपते",,
154141,"Kudal St Depot To Devgad Via Achara",Devgad,"Kudal St Depot",ACHARA,MO,2888,"Osargaon Asrondi Fata",87.5,,,देवगड,सावंतवाडी,136.3,07:00,11:50,obl,daily,"6 तासांत संपते",,
154141,"Kudal St Depot To Devgad Via Achara",Devgad,"Kudal St Depot",ACHARA,MO,2891,"Osargaon Talav",88.6,,,देवगड,सावंतवाडी,136.3,07:00,11:50,obl,daily,"6 तासांत संपते",,
154141,"Kudal St Depot To Devgad Via Achara",Devgad,"Kudal St Depot",ACHARA,MO,2890,"Osargaon Post",91.1,,,देवगड,सावंतवाडी,136.3,07:00,11:50,obl,daily,"6 तासांत संपते",,
154141,"Kudal St Depot To Devgad Via Achara",Devgad,"Kudal St Depot",ACHARA,MO,6168,Dewoolwadi,93.6,,,देवगड,सावंतवाडी,136.3,07:00,11:50,obl,daily,"6 तासांत संपते",,
154141,"Kudal St Depot To Devgad Via Achara",Devgad,"Kudal St Depot",ACHARA,MO,6281,Kasal,95.2,,,देवगड,सावंतवाडी,136.3,07:00,11:50,obl,daily,"6 तासांत संपते",,
154141,"Kudal St Depot To Devgad Via Achara",Devgad,"Kudal St Depot",ACHARA,MO,6116,Awali,97.6,,,देवगड,सावंतवाडी,136.3,07:00,11:50,obl,daily,"6 तासांत संपते",,
154141,"Kudal St Depot To Devgad Via Achara",Devgad,"Kudal St Depot",ACHARA,MO,6362,"Oros Bus Stnad",98.4,,,देवगड,सावंतवाडी,136.3,07:00,11:50,obl,daily,"6 तासांत संपते",,
154141,"Kudal St Depot To Devgad Via Achara",Devgad,"Kudal St Depot",ACHARA,MO,6224,"Jijamata Hospital",99.6,,,देवगड,सावंतवाडी,136.3,07:00,11:50,obl,daily,"6 तासांत संपते",,
154141,"Kudal St Depot To Devgad Via Achara",Devgad,"Kudal St Depot",ACHARA,MO,6206,"Humarmala Rane Dukan",100.6,,,देवगड,सावंतवाडी,136.3,07:00,11:50,obl,daily,"6 तासांत संपते",,
154141,"Kudal St Depot To Devgad Via Achara",Devgad,"Kudal St Depot",ACHARA,MO,6204,"Humarmala Kasale Dukan",101.8,,,देवगड,सावंतवाडी,136.3,07:00,11:50,obl,daily,"6 तासांत संपते",,
154141,"Kudal St Depot To Devgad Via Achara",Devgad,"Kudal St Depot",ACHARA,MO,6378,"Pandur Titha",104.7,,,देवगड,सावंतवाडी,136.3,07:00,11:50,obl,daily,"6 तासांत संपते",,
154141,"Kudal St Depot To Devgad Via Achara",Devgad,"Kudal St Depot",ACHARA,MO,88100,Vetalbambarde,108.1,,,देवगड,सावंतवाडी,136.3,07:00,11:50,obl,daily,"6 तासांत संपते",,
154141,"Kudal St Depot To Devgad Via Achara",Devgad,"Kudal St Depot",ACHARA,MO,6380,"Pawashi Panchayat",110.9,,,देवगड,सावंतवाडी,136.3,07:00,11:50,obl,daily,"6 तासांत संपते",,
154141,"Kudal St Depot To Devgad Via Achara",Devgad,"Kudal St Depot",ACHARA,MO,6302,"Modka Wad Pinguli",119.7,,,देवगड,सावंतवाडी,136.3,07:00,11:50,obl,daily,"6 तासांत संपते",,
154141,"Kudal St Depot To Devgad Via Achara",Devgad,"Kudal St Depot",ACHARA,MO,6126,Bibavane,122.9,,,देवगड,सावंतवाडी,136.3,07:00,11:50,obl,daily,"6 तासांत संपते",,
154141,"Kudal St Depot To Devgad Via Achara",Devgad,"Kudal St Depot",ACHARA,MO,6322,"Mandkuli Fata",123.4,,,देवगड,सावंतवाडी,136.3,07:00,11:50,obl,daily,"6 तासांत संपते",,
154141,"Kudal St Depot To Devgad Via Achara",Devgad,"Kudal St Depot",ACHARA,MO,6474,"Zharap Titha",129.9,,,देवगड,सावंतवाडी,136.3,07:00,11:50,obl,daily,"6 तासांत संपते",,
154141,"Kudal St Depot To Devgad Via Achara",Devgad,"Kudal St Depot",ACHARA,MO,6231,"Khan Mohalla",129.9,,,देवगड,सावंतवाडी,136.3,07:00,11:50,obl,daily,"6 तासांत संपते",,
154141,"Kudal St Depot To Devgad Via Achara",Devgad,"Kudal St Depot",ACHARA,MO,6101,Akeri,132.1,,,देवगड,सावंतवाडी,136.3,07:00,11:50,obl,daily,"6 तासांत संपते",,
154141,"Kudal St Depot To Devgad Via Achara",Devgad,"Kudal St Depot",ACHARA,MO,8551,"Kolgaon Thita",134.7,,,देवगड,सावंतवाडी,136.3,07:00,11:50,obl,daily,"6 तासांत संपते",,
154141,"Kudal St Depot To Devgad Via Achara",Devgad,"Kudal St Depot",ACHARA,MO,8663,Sawantwadi,138.4,,,देवगड,सावंतवाडी,136.3,07:00,11:50,obl,daily,"6 तासांत संपते",,
94583,"Sherpe Ranewadi To Kudal Via Kharepatan","Sherpe Ranewadi","Kudal St Depot",KHAREPATAN,MO,2960,"Sherpe Ranewadi",,,,"कुरंगवणे खारेपाटण",कुडाळ,81.6,05:50,08:25,,,,,SCHOOL
94583,"Sherpe Ranewadi To Kudal Via Kharepatan","Sherpe Ranewadi","Kudal St Depot",KHAREPATAN,MO,1768,"Khairatwadi Stop",3.2,,,"कुरंगवणे खारेपाटण",कुडाळ,81.6,05:50,08:25,,,,,SCHOOL
94583,"Sherpe Ranewadi To Kudal Via Kharepatan","Sherpe Ranewadi","Kudal St Depot",KHAREPATAN,MO,9229,"Mail Dagad",3.4,,,"कुरंगवणे खारेपाटण",कुडाळ,81.6,05:50,08:25,,,,,SCHOOL
94583,"Sherpe Ranewadi To Kudal Via Kharepatan","Sherpe Ranewadi","Kudal St Depot",KHAREPATAN,MO,2865,"Nadgive Sherpe Fata",5.9,,,"कुरंगवणे खारेपाटण",कुडाळ,81.6,05:50,08:25,,,,,SCHOOL
94583,"Sherpe Ranewadi To Kudal Via Kharepatan","Sherpe Ranewadi","Kudal St Depot",KHAREPATAN,MO,2812,Kharepatan,9.5,,,"कुरंगवणे खारेपाटण",कुडाळ,81.6,05:50,08:25,,,,,SCHOOL
94583,"Sherpe Ranewadi To Kudal Via Kharepatan","Sherpe Ranewadi","Kudal St Depot",KHAREPATAN,MO,2863,Nadgive,12.7,,,"कुरंगवणे खारेपाटण",कुडाळ,81.6,05:50,08:25,,,,,SCHOOL
94583,"Sherpe Ranewadi To Kudal Via Kharepatan","Sherpe Ranewadi","Kudal St Depot",KHAREPATAN,MO,2648,Bambarwadi,15.1,,,"कुरंगवणे खारेपाटण",कुडाळ,81.6,05:50,08:25,,,,,SCHOOL
94583,"Sherpe Ranewadi To Kudal Via Kharepatan","Sherpe Ranewadi","Kudal St Depot",KHAREPATAN,MO,2844,"Mail Stone",15.4,,,"कुरंगवणे खारेपाटण",कुडाळ,81.6,05:50,08:25,,,,,SCHOOL
94583,"Sherpe Ranewadi To Kudal Via Kharepatan","Sherpe Ranewadi","Kudal St Depot",KHAREPATAN,MO,3010,Wargaon,15.9,,,"कुरंगवणे खारेपाटण",कुडाळ,81.6,05:50,08:25,,,,,SCHOOL
94583,"Sherpe Ranewadi To Kudal Via Kharepatan","Sherpe Ranewadi","Kudal St Depot",KHAREPATAN,MO,2942,"Saliste Boudhawadi",18.3,,,"कुरंगवणे खारेपाटण",कुडाळ,81.6,05:50,08:25,,,,,SCHOOL
94583,"Sherpe Ranewadi To Kudal Via Kharepatan","Sherpe Ranewadi","Kudal St Depot",KHAREPATAN,MO,2941,Saliste,18.6,,,"कुरंगवणे खारेपाटण",कुडाळ,81.6,05:50,08:25,,,,,SCHOOL
94583,"Sherpe Ranewadi To Kudal Via Kharepatan","Sherpe Ranewadi","Kudal St Depot",KHAREPATAN,MO,2844,"Mail Stone",22.3,,,"कुरंगवणे खारेपाटण",कुडाळ,81.6,05:50,08:25,,,,,SCHOOL
94583,"Sherpe Ranewadi To Kudal Via Kharepatan","Sherpe Ranewadi","Kudal St Depot",KHAREPATAN,MO,2982,Tarla,23.1,,,"कुरंगवणे खारेपाटण",कुडाळ,81.6,05:50,08:25,,,,,SCHOOL
94583,"Sherpe Ranewadi To Kudal Via Kharepatan","Sherpe Ranewadi","Kudal St Depot",KHAREPATAN,MO,2997,"Vijaydurg Fata",24.3,,,"कुरंगवणे खारेपाटण",कुडाळ,81.6,05:50,08:25,,,,,SCHOOL
94583,"Sherpe Ranewadi To Kudal Via Kharepatan","Sherpe Ranewadi","Kudal St Depot",KHAREPATAN,MO,2673,"Bramhan Wadi",26.5,,,"कुरंगवणे खारेपाटण",कुडाळ,81.6,05:50,08:25,,,,,SCHOOL
94583,"Sherpe Ranewadi To Kudal Via Kharepatan","Sherpe Ranewadi","Kudal St Depot",KHAREPATAN,MO,2872,"Nandgaon Nursary",30.9,,,"कुरंगवणे खारेपाटण",कुडाळ,81.6,05:50,08:25,,,,,SCHOOL
94583,"Sherpe Ranewadi To Kudal Via Kharepatan","Sherpe Ranewadi","Kudal St Depot",KHAREPATAN,MO,2870,"Nandgaon Datta Mandir",33.4,,,"कुरंगवणे खारेपाटण",कुडाळ,81.6,05:50,08:25,,,,,SCHOOL
94583,"Sherpe Ranewadi To Kudal Via Kharepatan","Sherpe Ranewadi","Kudal St Depot",KHAREPATAN,MO,2655,Belane,36.2,,,"कुरंगवणे खारेपाटण",कुडाळ,81.6,05:50,08:25,,,,,SCHOOL
94583,"Sherpe Ranewadi To Kudal Via Kharepatan","Sherpe Ranewadi","Kudal St Depot",KHAREPATAN,MO,2756,"Humrat Titha",39,,,"कुरंगवणे खारेपाटण",कुडाळ,81.6,05:50,08:25,,,,,SCHOOL
94583,"Sherpe Ranewadi To Kudal Via Kharepatan","Sherpe Ranewadi","Kudal St Depot",KHAREPATAN,MO,2766,Janavali,42.3,,,"कुरंगवणे खारेपाटण",कुडाळ,81.6,05:50,08:25,,,,,SCHOOL
94583,"Sherpe Ranewadi To Kudal Via Kharepatan","Sherpe Ranewadi","Kudal St Depot",KHAREPATAN,MO,2786,Kankavli,46.2,,,"कुरंगवणे खारेपाटण",कुडाळ,81.6,05:50,08:25,,,,,SCHOOL
94583,"Sherpe Ranewadi To Kudal Via Kharepatan","Sherpe Ranewadi","Kudal St Depot",KHAREPATAN,MO,3001,"Wagade Gpo",49.2,,,"कुरंगवणे खारेपाटण",कुडाळ,81.6,05:50,08:25,,,,,SCHOOL
94583,"Sherpe Ranewadi To Kudal Via Kharepatan","Sherpe Ranewadi","Kudal St Depot",KHAREPATAN,MO,2692,Dangalwadi,51.1,,,"कुरंगवणे खारेपाटण",कुडाळ,81.6,05:50,08:25,,,,,SCHOOL
94583,"Sherpe Ranewadi To Kudal Via Kharepatan","Sherpe Ranewadi","Kudal St Depot",KHAREPATAN,MO,2891,"Osargaon Talav",53.3,,,"कुरंगवणे खारेपाटण",कुडाळ,81.6,05:50,08:25,,,,,SCHOOL
94583,"Sherpe Ranewadi To Kudal Via Kharepatan","Sherpe Ranewadi","Kudal St Depot",KHAREPATAN,MO,2890,"Osargaon Post",56.2,,,"कुरंगवणे खारेपाटण",कुडाळ,81.6,05:50,08:25,,,,,SCHOOL
94583,"Sherpe Ranewadi To Kudal Via Kharepatan","Sherpe Ranewadi","Kudal St Depot",KHAREPATAN,MO,2698,Dewoolwadi,58.9,,,"कुरंगवणे खारेपाटण",कुडाळ,81.6,05:50,08:25,,,,,SCHOOL
94583,"Sherpe Ranewadi To Kudal Via Kharepatan","Sherpe Ranewadi","Kudal St Depot",KHAREPATAN,MO,6281,Kasal,60.5,,,"कुरंगवणे खारेपाटण",कुडाळ,81.6,05:50,08:25,,,,,SCHOOL
94583,"Sherpe Ranewadi To Kudal Via Kharepatan","Sherpe Ranewadi","Kudal St Depot",KHAREPATAN,MO,6282,"Kasal Balamwadi",61.9,,,"कुरंगवणे खारेपाटण",कुडाळ,81.6,05:50,08:25,,,,,SCHOOL
94583,"Sherpe Ranewadi To Kudal Via Kharepatan","Sherpe Ranewadi","Kudal St Depot",KHAREPATAN,MO,6116,Awali,64.3,,,"कुरंगवणे खारेपाटण",कुडाळ,81.6,05:50,08:25,,,,,SCHOOL
94583,"Sherpe Ranewadi To Kudal Via Kharepatan","Sherpe Ranewadi","Kudal St Depot",KHAREPATAN,MO,6226,"Jaitapkar Colany",65.3,,,"कुरंगवणे खारेपाटण",कुडाळ,81.6,05:50,08:25,,,,,SCHOOL
94583,"Sherpe Ranewadi To Kudal Via Kharepatan","Sherpe Ranewadi","Kudal St Depot",KHAREPATAN,MO,6362,"Oros Bus Stnad",65.8,,,"कुरंगवणे खारेपाटण",कुडाळ,81.6,05:50,08:25,,,,,SCHOOL
94583,"Sherpe Ranewadi To Kudal Via Kharepatan","Sherpe Ranewadi","Kudal St Depot",KHAREPATAN,MO,6206,"Humarmala Rane Dukan",67.3,,,"कुरंगवणे खारेपाटण",कुडाळ,81.6,05:50,08:25,,,,,SCHOOL
94583,"Sherpe Ranewadi To Kudal Via Kharepatan","Sherpe Ranewadi","Kudal St Depot",KHAREPATAN,MO,6224,"Jijamata Hospital",68.3,,,"कुरंगवणे खारेपाटण",कुडाळ,81.6,05:50,08:25,,,,,SCHOOL
94583,"Sherpe Ranewadi To Kudal Via Kharepatan","Sherpe Ranewadi","Kudal St Depot",KHAREPATAN,MO,6204,"Humarmala Kasale Dukan",69.3,,,"कुरंगवणे खारेपाटण",कुडाळ,81.6,05:50,08:25,,,,,SCHOOL
94583,"Sherpe Ranewadi To Kudal Via Kharepatan","Sherpe Ranewadi","Kudal St Depot",KHAREPATAN,MO,6365,Pandur,72.6,,,"कुरंगवणे खारेपाटण",कुडाळ,81.6,05:50,08:25,,,,,SCHOOL
94583,"Sherpe Ranewadi To Kudal Via Kharepatan","Sherpe Ranewadi","Kudal St Depot",KHAREPATAN,MO,88100,Vetalbambarde,75.6,,,"कुरंगवणे खारेपाटण",कुडाळ,81.6,05:50,08:25,,,,,SCHOOL
94583,"Sherpe Ranewadi To Kudal Via Kharepatan","Sherpe Ranewadi","Kudal St Depot",KHAREPATAN,MO,6380,"Pawashi Panchayat",77.8,,,"कुरंगवणे खारेपाटण",कुडाळ,81.6,05:50,08:25,,,,,SCHOOL
94583,"Sherpe Ranewadi To Kudal Via Kharepatan","Sherpe Ranewadi","Kudal St Depot",KHAREPATAN,MO,6237,"Kudal St Depot",81.6,,,"कुरंगवणे खारेपाटण",कुडाळ,81.6,05:50,08:25,,,,,SCHOOL
126346,"Kudal St Depot To Vengurle Via Lokhandewadi","Kudal St Depot",Vengurle,,MO,6240,"Kudal St Depot",,,,"कुडाळ डेपो",वोंगुर्ले,26.5,08:10,09:10,SC,"SAT & SUN",,,
126346,"Kudal St Depot To Vengurle Via Lokhandewadi","Kudal St Depot",Vengurle,,MO,6237,"Kudal St Depot",1.5,,,"कुडाळ डेपो",वोंगुर्ले,26.5,08:10,09:10,SC,"SAT & SUN",,,
126346,"Kudal St Depot To Vengurle Via Lokhandewadi","Kudal St Depot",Vengurle,,MO,6376,"Pinguli Titha",4.3,,,"कुडाळ डेपो",वोंगुर्ले,26.5,08:10,09:10,SC,"SAT & SUN",,,
126346,"Kudal St Depot To Vengurle Via Lokhandewadi","Kudal St Depot",Vengurle,,MO,6423,Sativan,7.7,,,"कुडाळ डेपो",वोंगुर्ले,26.5,08:10,09:10,SC,"SAT & SUN",,,
126346,"Kudal St Depot To Vengurle Via Lokhandewadi","Kudal St Depot",Vengurle,,MO,6459,"Vetore Sub Stage",10.5,,,"कुडाळ डेपो",वोंगुर्ले,26.5,08:10,09:10,SC,"SAT & SUN",,,
126346,"Kudal St Depot To Vengurle Via Lokhandewadi","Kudal St Depot",Vengurle,,MO,6458,"Vetore Titha",12.4,,,"कुडाळ डेपो",वोंगुर्ले,26.5,08:10,09:10,SC,"SAT & SUN",,,
126346,"Kudal St Depot To Vengurle Via Lokhandewadi","Kudal St Depot",Vengurle,,MO,9829,"Vetore Sateri Mandir",13.4,,,"कुडाळ डेपो",वोंगुर्ले,26.5,08:10,09:10,SC,"SAT & SUN",,,
126346,"Kudal St Depot To Vengurle Via Lokhandewadi","Kudal St Depot",Vengurle,,MO,9668,"Katarniche Bhatale",14,,,"कुडाळ डेपो",वोंगुर्ले,26.5,08:10,09:10,SC,"SAT & SUN",,,
126346,"Kudal St Depot To Vengurle Via Lokhandewadi","Kudal St Depot",Vengurle,,MO,9678,"Khanoli Rawalnath Mandir",15.2,,,"कुडाळ डेपो",वोंगुर्ले,26.5,08:10,09:10,SC,"SAT & SUN",,,
126346,"Kudal St Depot To Vengurle Via Lokhandewadi","Kudal St Depot",Vengurle,,MO,9696,Lokhandewadi,16.3,,,"कुडाळ डेपो",वोंगुर्ले,26.5,08:10,09:10,SC,"SAT & SUN",,,
126346,"Kudal St Depot To Vengurle Via Lokhandewadi","Kudal St Depot",Vengurle,,MO,9639,"Ganesh Mandir",18.5,,,"कुडाळ डेपो",वोंगुर्ले,26.5,08:10,09:10,SC,"SAT & SUN",,,
126346,"Kudal St Depot To Vengurle Via Lokhandewadi","Kudal St Depot",Vengurle,,MO,9627,"Dabholi Waingani Titha",21.3,,,"कुडाळ डेपो",वोंगुर्ले,26.5,08:10,09:10,SC,"SAT & SUN",,,
126346,"Kudal St Depot To Vengurle Via Lokhandewadi","Kudal St Depot",Vengurle,,MO,9740,Nimusga,23.7,,,"कुडाळ डेपो",वोंगुर्ले,26.5,08:10,09:10,SC,"SAT & SUN",,,
126346,"Kudal St Depot To Vengurle Via Lokhandewadi","Kudal St Depot",Vengurle,,MO,9824,Vengurle,26.5,,,"कुडाळ डेपो",वोंगुर्ले,26.5,08:10,09:10,SC,"SAT & SUN",,,
49607A,"Kudal To Nivaje","Kudal St Depot",Nivaje,,MO,6240,"Kudal St Depot",,,,कुडाळ,निवजे,32.3,19:00,20:10,,,"विश्रांती 15.10-15.45",,
49607A,"Kudal To Nivaje","Kudal St Depot",Nivaje,,MO,6237,"Kudal St Depot",1.5,,,कुडाळ,निवजे,32.3,19:00,20:10,,,"विश्रांती 15.10-15.45",,
49607A,"Kudal To Nivaje","Kudal St Depot",Nivaje,,MO,6107,"Ambadpal G.P.O.",5.4,,,कुडाळ,निवजे,32.3,19:00,20:10,,,"विश्रांती 15.10-15.45",,
49607A,"Kudal To Nivaje","Kudal St Depot",Nivaje,,MO,6313,"Mulade Mandir",7.6,,,कुडाळ,निवजे,32.3,19:00,20:10,,,"विश्रांती 15.10-15.45",,
49607A,"Kudal To Nivaje","Kudal St Depot",Nivaje,,MO,6444,"Tulsuli High School",8.5,,,कुडाळ,निवजे,32.3,19:00,20:10,,,"विश्रांती 15.10-15.45",,
49607A,"Kudal To Nivaje","Kudal St Depot",Nivaje,,MO,6443,"Tulsuli Bhimnagar",9,,,कुडाळ,निवजे,32.3,19:00,20:10,,,"विश्रांती 15.10-15.45",,
49607A,"Kudal To Nivaje","Kudal St Depot",Nivaje,,MO,6222,"Jaggnath Mandir Boyache Kerwade",10.5,,,कुडाळ,निवजे,32.3,19:00,20:10,,,"विश्रांती 15.10-15.45",,
49607A,"Kudal To Nivaje","Kudal St Depot",Nivaje,,MO,6171,"Ghavanale Gpo",14,,,कुडाळ,निवजे,32.3,19:00,20:10,,,"विश्रांती 15.10-15.45",,
49607A,"Kudal To Nivaje","Kudal St Depot",Nivaje,,MO,6180,"Ghavanale Namas Wadi Giran",15.5,,,कुडाळ,निवजे,32.3,19:00,20:10,,,"विश्रांती 15.10-15.45",,
49607A,"Kudal To Nivaje","Kudal St Depot",Nivaje,,MO,6176,"Ghavanale Gaothan Wadi",16,,,कुडाळ,निवजे,32.3,19:00,20:10,,,"विश्रांती 15.10-15.45",,
49607A,"Kudal To Nivaje","Kudal St Depot",Nivaje,,MO,6134,Bhimnagar,17,,,कुडाळ,निवजे,32.3,19:00,20:10,,,"विश्रांती 15.10-15.45",,
49607A,"Kudal To Nivaje","Kudal St Depot",Nivaje,,MO,6468,Waingankarwadi,19,,,कुडाळ,निवजे,32.3,19:00,20:10,,,"विश्रांती 15.10-15.45",,
49607A,"Kudal To Nivaje","Kudal St Depot",Nivaje,,MO,6092,Amberi,20,,,कुडाळ,निवजे,32.3,19:00,20:10,,,"विश्रांती 15.10-15.45",,
49607A,"Kudal To Nivaje","Kudal St Depot",Nivaje,,MO,6175,Gadavane,23,,,कुडाळ,निवजे,32.3,19:00,20:10,,,"विश्रांती 15.10-15.45",,
49607A,"Kudal To Nivaje","Kudal St Depot",Nivaje,,MO,6356,"Nivaje Chavata",29.3,,,कुडाळ,निवजे,32.3,19:00,20:10,,,"विश्रांती 15.10-15.45",,
49607A,"Kudal To Nivaje","Kudal St Depot",Nivaje,,MO,6357,Nivaje,32.3,,,कुडाळ,निवजे,32.3,19:00,20:10,,,"विश्रांती 15.10-15.45",,
147556,"Pune Rly. Stn. To Kudal St Depot Via Radhanagari","Pune Rly. Stn.","Kudal St Depot",RADHANAGARI,MO,8888,"Pune Rly. Stn.",,,,पुणेस्टेशन,"कुडाळ आगार",384.2,06:15,15:50,"Non Obl",Daily,"विश्रांती १२.४५-१३.१५",,
147556,"Pune Rly. Stn. To Kudal St Depot Via Radhanagari","Pune Rly. Stn.","Kudal St Depot",RADHANAGARI,MO,8934,"Swargate, Pune",6.5,,,पुणेस्टेशन,"कुडाळ आगार",384.2,06:15,15:50,"Non Obl",Daily,"विश्रांती १२.४५-१३.१५",,
147556,"Pune Rly. Stn. To Kudal St Depot Via Radhanagari","Pune Rly. Stn.","Kudal St Depot",RADHANAGARI,MO,8794,Gogalwadi,21.2,,,पुणेस्टेशन,"कुडाळ आगार",384.2,06:15,15:50,"Non Obl",Daily,"विश्रांती १२.४५-१३.१५",,
147556,"Pune Rly. Stn. To Kudal St Depot Via Radhanagari","Pune Rly. Stn.","Kudal St Depot",RADHANAGARI,MO,6696,Shivare,23.1,,,पुणेस्टेशन,"कुडाळ आगार",384.2,06:15,15:50,"Non Obl",Daily,"विश्रांती १२.४५-१३.१५",,
147556,"Pune Rly. Stn. To Kudal St Depot Via Radhanagari","Pune Rly. Stn.","Kudal St Depot",RADHANAGARI,MO,6582,"Kalubai Mandir",32.4,,,पुणेस्टेशन,"कुडाळ आगार",384.2,06:15,15:50,"Non Obl",Daily,"विश्रांती १२.४५-१३.१५",,
147556,"Pune Rly. Stn. To Kudal St Depot Via Radhanagari","Pune Rly. Stn.","Kudal St Depot",RADHANAGARI,MO,29196,Kikavi,45.3,,,पुणेस्टेशन,"कुडाळ आगार",384.2,06:15,15:50,"Non Obl",Daily,"विश्रांती १२.४५-१३.१५",,
147556,"Pune Rly. Stn. To Kudal St Depot Via Radhanagari","Pune Rly. Stn.","Kudal St Depot",RADHANAGARI,MO,29254,"Shinde Wadi Fata",53.7,,,पुणेस्टेशन,"कुडाळ आगार",384.2,06:15,15:50,"Non Obl",Daily,"विश्रांती १२.४५-१३.१५",,
147556,"Pune Rly. Stn. To Kudal St Depot Via Radhanagari","Pune Rly. Stn.","Kudal St Depot",RADHANAGARI,MO,29255,Shirwal,57.6,,,पुणेस्टेशन,"कुडाळ आगार",384.2,06:15,15:50,"Non Obl",Daily,"विश्रांती १२.४५-१३.१५",,
147556,"Pune Rly. Stn. To Kudal St Depot Via Radhanagari","Pune Rly. Stn.","Kudal St Depot",RADHANAGARI,MO,29190,"Kesurdi Fata",62.6,,,पुणेस्टेशन,"कुडाळ आगार",384.2,06:15,15:50,"Non Obl",Daily,"विश्रांती १२.४५-१३.१५",,
147556,"Pune Rly. Stn. To Kudal St Depot Via Radhanagari","Pune Rly. Stn.","Kudal St Depot",RADHANAGARI,MO,29233,"Pargaon Khandala",64,,,पुणेस्टेशन,"कुडाळ आगार",384.2,06:15,15:50,"Non Obl",Daily,"विश्रांती १२.४५-१३.१५",,
147556,"Pune Rly. Stn. To Kudal St Depot Via Radhanagari","Pune Rly. Stn.","Kudal St Depot",RADHANAGARI,MO,33588,"Surur Fata",77.4,,,पुणेस्टेशन,"कुडाळ आगार",384.2,06:15,15:50,"Non Obl",Daily,"विश्रांती १२.४५-१३.१५",,
147556,"Pune Rly. Stn. To Kudal St Depot Via Radhanagari","Pune Rly. Stn.","Kudal St Depot",RADHANAGARI,MO,33521,Kavathe,81.6,,,पुणेस्टेशन,"कुडाळ आगार",384.2,06:15,15:50,"Non Obl",Daily,"विश्रांती १२.४५-१३.१५",,
147556,"Pune Rly. Stn. To Kudal St Depot Via Radhanagari","Pune Rly. Stn.","Kudal St Depot",RADHANAGARI,MO,34386,Anewadi,83.9,,,पुणेस्टेशन,"कुडाळ आगार",384.2,06:15,15:50,"Non Obl",Daily,"विश्रांती १२.४५-१३.१५",,
147556,"Pune Rly. Stn. To Kudal St Depot Via Radhanagari","Pune Rly. Stn.","Kudal St Depot",RADHANAGARI,MO,33516,"Joshi Vihir Wathar Fata",85.1,,,पुणेस्टेशन,"कुडाळ आगार",384.2,06:15,15:50,"Non Obl",Daily,"विश्रांती १२.४५-१३.१५",,
147556,"Pune Rly. Stn. To Kudal St Depot Via Radhanagari","Pune Rly. Stn.","Kudal St Depot",RADHANAGARI,MO,33460,Bhuinj,87.4,,,पुणेस्टेशन,"कुडाळ आगार",384.2,06:15,15:50,"Non Obl",Daily,"विश्रांती १२.४५-१३.१५",,
147556,"Pune Rly. Stn. To Kudal St Depot Via Radhanagari","Pune Rly. Stn.","Kudal St Depot",RADHANAGARI,MO,34523,"Raigaon Fata",97.6,,,पुणेस्टेशन,"कुडाळ आगार",384.2,06:15,15:50,"Non Obl",Daily,"विश्रांती १२.४५-१३.१५",,
147556,"Pune Rly. Stn. To Kudal St Depot Via Radhanagari","Pune Rly. Stn.","Kudal St Depot",RADHANAGARI,MO,31168,Nagewadi,100.6,,,पुणेस्टेशन,"कुडाळ आगार",384.2,06:15,15:50,"Non Obl",Daily,"विश्रांती १२.४५-१३.१५",,
147556,"Pune Rly. Stn. To Kudal St Depot Via Radhanagari","Pune Rly. Stn.","Kudal St Depot",RADHANAGARI,MO,31246,"Ramnagar Vasahat",103.6,,,पुणेस्टेशन,"कुडाळ आगार",384.2,06:15,15:50,"Non Obl",Daily,"विश्रांती १२.४५-१३.१५",,
147556,"Pune Rly. Stn. To Kudal St Depot Via Radhanagari","Pune Rly. Stn.","Kudal St Depot",RADHANAGARI,MO,31298,Satara,109.6,,,पुणेस्टेशन,"कुडाळ आगार",384.2,06:15,15:50,"Non Obl",Daily,"विश्रांती १२.४५-१३.१५",,
147556,"Pune Rly. Stn. To Kudal St Depot Via Radhanagari","Pune Rly. Stn.","Kudal St Depot",RADHANAGARI,MO,31340,Varya,110.6,,,पुणेस्टेशन,"कुडाळ आगार",384.2,06:15,15:50,"Non Obl",Daily,"विश्रांती १२.४५-१३.१५",,
147556,"Pune Rly. Stn. To Kudal St Depot Via Radhanagari","Pune Rly. Stn.","Kudal St Depot",RADHANAGARI,MO,31066,Khindwadi,114.6,,,पुणेस्टेशन,"कुडाळ आगार",384.2,06:15,15:50,"Non Obl",Daily,"विश्रांती १२.४५-१३.१५",,
147556,"Pune Rly. Stn. To Kudal St Depot Via Radhanagari","Pune Rly. Stn.","Kudal St Depot",RADHANAGARI,MO,31269,Shendre,119.6,,,पुणेस्टेशन,"कुडाळ आगार",384.2,06:15,15:50,"Non Obl",Daily,"विश्रांती १२.४५-१३.१५",,
147556,"Pune Rly. Stn. To Kudal St Depot Via Radhanagari","Pune Rly. Stn.","Kudal St Depot",RADHANAGARI,MO,30923,Borgaon,124.9,,,पुणेस्टेशन,"कुडाळ आगार",384.2,06:15,15:50,"Non Obl",Daily,"विश्रांती १२.४५-१३.१५",,
147556,"Pune Rly. Stn. To Kudal St Depot Via Radhanagari","Pune Rly. Stn.","Kudal St Depot",RADHANAGARI,MO,30896,Atit,134.3,,,पुणेस्टेशन,"कुडाळ आगार",384.2,06:15,15:50,"Non Obl",Daily,"विश्रांती १२.४५-१३.१५",,
147556,"Pune Rly. Stn. To Kudal St Depot Via Radhanagari","Pune Rly. Stn.","Kudal St Depot",RADHANAGARI,MO,28256,"Perle Fata",142.2,,,पुणेस्टेशन,"कुडाळ आगार",384.2,06:15,15:50,"Non Obl",Daily,"विश्रांती १२.४५-१३.१५",,
147556,"Pune Rly. Stn. To Kudal St Depot Via Radhanagari","Pune Rly. Stn.","Kudal St Depot",RADHANAGARI,MO,31099,Kashil,142.6,,,पुणेस्टेशन,"कुडाळ आगार",384.2,06:15,15:50,"Non Obl",Daily,"विश्रांती १२.४५-१३.१५",,
147556,"Pune Rly. Stn. To Kudal St Depot Via Radhanagari","Pune Rly. Stn.","Kudal St Depot",RADHANAGARI,MO,28340,Umbraj,148.2,,,पुणेस्टेशन,"कुडाळ आगार",384.2,06:15,15:50,"Non Obl",Daily,"विश्रांती १२.४५-१३.१५",,
147556,"Pune Rly. Stn. To Kudal St Depot Via Radhanagari","Pune Rly. Stn.","Kudal St Depot",RADHANAGARI,MO,28337,Tasawade,153.2,,,पुणेस्टेशन,"कुडाळ आगार",384.2,06:15,15:50,"Non Obl",Daily,"विश्रांती १२.४५-१३.१५",,
147556,"Pune Rly. Stn. To Kudal St Depot Via Radhanagari","Pune Rly. Stn.","Kudal St Depot",RADHANAGARI,MO,28343,Vahagaon,157.2,,,पुणेस्टेशन,"कुडाळ आगार",384.2,06:15,15:50,"Non Obl",Daily,"विश्रांती १२.४५-१३.१५",,
147556,"Pune Rly. Stn. To Kudal St Depot Via Radhanagari","Pune Rly. Stn.","Kudal St Depot",RADHANAGARI,MO,28347,Vanvasmachi,160.3,,,पुणेस्टेशन,"कुडाळ आगार",384.2,06:15,15:50,"Non Obl",Daily,"विश्रांती १२.४५-१३.१५",,
147556,"Pune Rly. Stn. To Kudal St Depot Via Radhanagari","Pune Rly. Stn.","Kudal St Depot",RADHANAGARI,MO,28184,Karad,166.2,,,पुणेस्टेशन,"कुडाळ आगार",384.2,06:15,15:50,"Non Obl",Daily,"विश्रांती १२.४५-१३.१५",,
147556,"Pune Rly. Stn. To Kudal St Depot Via Radhanagari","Pune Rly. Stn.","Kudal St Depot",RADHANAGARI,MO,28197,"Krushna Hospital",172.3,,,पुणेस्टेशन,"कुडाळ आगार",384.2,06:15,15:50,"Non Obl",Daily,"विश्रांती १२.४५-१३.१५",,
147556,"Pune Rly. Stn. To Kudal St Depot Via Radhanagari","Pune Rly. Stn.","Kudal St Depot",RADHANAGARI,MO,28234,Nandlapur,175.3,,,पुणेस्टेशन,"कुडाळ आगार",384.2,06:15,15:50,"Non Obl",Daily,"विश्रांती १२.४५-१३.१५",,
147556,"Pune Rly. Stn. To Kudal St Depot Via Radhanagari","Pune Rly. Stn.","Kudal St Depot",RADHANAGARI,MO,28170,Kalawde,176.9,,,पुणेस्टेशन,"कुडाळ आगार",384.2,06:15,15:50,"Non Obl",Daily,"विश्रांती १२.४५-१३.१५",,
147556,"Pune Rly. Stn. To Kudal St Depot Via Radhanagari","Pune Rly. Stn.","Kudal St Depot",RADHANAGARI,MO,28216,Malkhed,178.3,,,पुणेस्टेशन,"कुडाळ आगार",384.2,06:15,15:50,"Non Obl",Daily,"विश्रांती १२.४५-१३.१५",,
147556,"Pune Rly. Stn. To Kudal St Depot Via Radhanagari","Pune Rly. Stn.","Kudal St Depot",RADHANAGARI,MO,35496,Kasegaon,181.3,,,पुणेस्टेशन,"कुडाळ आगार",384.2,06:15,15:50,"Non Obl",Daily,"विश्रांती १२.४५-१३.१५",,
147556,"Pune Rly. Stn. To Kudal St Depot Via Radhanagari","Pune Rly. Stn.","Kudal St Depot",RADHANAGARI,MO,35572,Narle,187.3,,,पुणेस्टेशन,"कुडाळ आगार",384.2,06:15,15:50,"Non Obl",Daily,"विश्रांती १२.४५-१३.१५",,
147556,"Pune Rly. Stn. To Kudal St Depot Via Radhanagari","Pune Rly. Stn.","Kudal St Depot",RADHANAGARI,MO,35595,Pehtnaka,190.3,,,पुणेस्टेशन,"कुडाळ आगार",384.2,06:15,15:50,"Non Obl",Daily,"विश्रांती १२.४५-१३.१५",,
147556,"Pune Rly. Stn. To Kudal St Depot Via Radhanagari","Pune Rly. Stn.","Kudal St Depot",RADHANAGARI,MO,35490,Kameri,195.6,,,पुणेस्टेशन,"कुडाळ आगार",384.2,06:15,15:50,"Non Obl",Daily,"विश्रांती १२.४५-१३.१५",,
147556,"Pune Rly. Stn. To Kudal St Depot Via Radhanagari","Pune Rly. Stn.","Kudal St Depot",RADHANAGARI,MO,35651,Tandalwadi,197.3,,,पुणेस्टेशन,"कुडाळ आगार",384.2,06:15,15:50,"Non Obl",Daily,"विश्रांती १२.४५-१३.१५",,
147556,"Pune Rly. Stn. To Kudal St Depot Via Radhanagari","Pune Rly. Stn.","Kudal St Depot",RADHANAGARI,MO,23852,"Ghunki Fata",210.3,,,पुणेस्टेशन,"कुडाळ आगार",384.2,06:15,15:50,"Non Obl",Daily,"विश्रांती १२.४५-१३.१५",,
147556,"Pune Rly. Stn. To Kudal St Depot Via Radhanagari","Pune Rly. Stn.","Kudal St Depot",RADHANAGARI,MO,24328,Kini,214.2,,,पुणेस्टेशन,"कुडाळ आगार",384.2,06:15,15:50,"Non Obl",Daily,"विश्रांती १२.४५-१३.१५",,
147556,"Pune Rly. Stn. To Kudal St Depot Via Radhanagari","Pune Rly. Stn.","Kudal St Depot",RADHANAGARI,MO,26070,Wathar,215.3,,,पुणेस्टेशन,"कुडाळ आगार",384.2,06:15,15:50,"Non Obl",Daily,"विश्रांती १२.४५-१३.१५",,
147556,"Pune Rly. Stn. To Kudal St Depot Via Radhanagari","Pune Rly. Stn.","Kudal St Depot",RADHANAGARI,MO,25601,"Shiye Fata",229.3,,,पुणेस्टेशन,"कुडाळ आगार",384.2,06:15,15:50,"Non Obl",Daily,"विश्रांती १२.४५-१३.१५",,
147556,"Pune Rly. Stn. To Kudal St Depot Via Radhanagari","Pune Rly. Stn.","Kudal St Depot",RADHANAGARI,MO,25438,"Sangli Fata",235.6,,,पुणेस्टेशन,"कुडाळ आगार",384.2,06:15,15:50,"Non Obl",Daily,"विश्रांती १२.४५-१३.१५",,
147556,"Pune Rly. Stn. To Kudal St Depot Via Radhanagari","Pune Rly. Stn.","Kudal St Depot",RADHANAGARI,MO,24904,"Market Yard",238.3,,,पुणेस्टेशन,"कुडाळ आगार",384.2,06:15,15:50,"Non Obl",Daily,"विश्रांती १२.४५-१३.१५",,
147556,"Pune Rly. Stn. To Kudal St Depot Via Radhanagari","Pune Rly. Stn.","Kudal St Depot",RADHANAGARI,MO,24359,Kolhapur,241.3,,,पुणेस्टेशन,"कुडाळ आगार",384.2,06:15,15:50,"Non Obl",Daily,"विश्रांती १२.४५-१३.१५",,
147556,"Pune Rly. Stn. To Kudal St Depot Via Radhanagari","Pune Rly. Stn.","Kudal St Depot",RADHANAGARI,MO,23625,"Dasara Chwok",243.5,,,पुणेस्टेशन,"कुडाळ आगार",384.2,06:15,15:50,"Non Obl",Daily,"विश्रांती १२.४५-१३.१५",,
147556,"Pune Rly. Stn. To Kudal St Depot Via Radhanagari","Pune Rly. Stn.","Kudal St Depot",RADHANAGARI,MO,25400,Rankala,245.1,,,पुणेस्टेशन,"कुडाळ आगार",384.2,06:15,15:50,"Non Obl",Daily,"विश्रांती १२.४५-१३.१५",,
147556,"Pune Rly. Stn. To Kudal St Depot Via Radhanagari","Pune Rly. Stn.","Kudal St Depot",RADHANAGARI,MO,25083,"New Washi Naka",248.1,,,पुणेस्टेशन,"कुडाळ आगार",384.2,06:15,15:50,"Non Obl",Daily,"विश्रांती १२.४५-१३.१५",,
147556,"Pune Rly. Stn. To Kudal St Depot Via Radhanagari","Pune Rly. Stn.","Kudal St Depot",RADHANAGARI,MO,26066,Washi,251.1,,,पुणेस्टेशन,"कुडाळ आगार",384.2,06:15,15:50,"Non Obl",Daily,"विश्रांती १२.४५-१३.१५",,
147556,"Pune Rly. Stn. To Kudal St Depot Via Radhanagari","Pune Rly. Stn.","Kudal St Depot",RADHANAGARI,MO,24388,Kandgaon,254.1,,,पुणेस्टेशन,"कुडाळ आगार",384.2,06:15,15:50,"Non Obl",Daily,"विश्रांती १२.४५-१३.१५",,
147556,"Pune Rly. Stn. To Kudal St Depot Via Radhanagari","Pune Rly. Stn.","Kudal St Depot",RADHANAGARI,MO,23945,Haldi,256.5,,,पुणेस्टेशन,"कुडाळ आगार",384.2,06:15,15:50,"Non Obl",Daily,"विश्रांती १२.४५-१३.१५",,
147556,"Pune Rly. Stn. To Kudal St Depot Via Radhanagari","Pune Rly. Stn.","Kudal St Depot",RADHANAGARI,MO,24444,Kothali,267.1,,,पुणेस्टेशन,"कुडाळ आगार",384.2,06:15,15:50,"Non Obl",Daily,"विश्रांती १२.४५-१३.१५",,
147556,"Pune Rly. Stn. To Kudal St Depot Via Radhanagari","Pune Rly. Stn.","Kudal St Depot",RADHANAGARI,MO,23216,"Bhogavati Sugar Factory",272.5,,,पुणेस्टेशन,"कुडाळ आगार",384.2,06:15,15:50,"Non Obl",Daily,"विश्रांती १२.४५-१३.१५",,
147556,"Pune Rly. Stn. To Kudal St Depot Via Radhanagari","Pune Rly. Stn.","Kudal St Depot",RADHANAGARI,MO,23768,Ghotavade,276.1,,,पुणेस्टेशन,"कुडाळ आगार",384.2,06:15,15:50,"Non Obl",Daily,"विश्रांती १२.४५-१३.१५",,
147556,"Pune Rly. Stn. To Kudal St Depot Via Radhanagari","Pune Rly. Stn.","Kudal St Depot",RADHANAGARI,MO,24207,Kaulav,277.1,,,पुणेस्टेशन,"कुडाळ आगार",384.2,06:15,15:50,"Non Obl",Daily,"विश्रांती १२.४५-१३.१५",,
147556,"Pune Rly. Stn. To Kudal St Depot Via Radhanagari","Pune Rly. Stn.","Kudal St Depot",RADHANAGARI,MO,25521,Shirase,280.1,,,पुणेस्टेशन,"कुडाळ आगार",384.2,06:15,15:50,"Non Obl",Daily,"विश्रांती १२.४५-१३.१५",,
147556,"Pune Rly. Stn. To Kudal St Depot Via Radhanagari","Pune Rly. Stn.","Kudal St Depot",RADHANAGARI,MO,25306,"Powar House",283.1,,,पुणेस्टेशन,"कुडाळ आगार",384.2,06:15,15:50,"Non Obl",Daily,"विश्रांती १२.४५-१३.१५",,
147556,"Pune Rly. Stn. To Kudal St Depot Via Radhanagari","Pune Rly. Stn.","Kudal St Depot",RADHANAGARI,MO,23049,Anaje,286.1,,,पुणेस्टेशन,"कुडाळ आगार",384.2,06:15,15:50,"Non Obl",Daily,"विश्रांती १२.४५-१३.१५",,
147556,"Pune Rly. Stn. To Kudal St Depot Via Radhanagari","Pune Rly. Stn.","Kudal St Depot",RADHANAGARI,MO,24322,"Khindi Vharavade",286.5,,,पुणेस्टेशन,"कुडाळ आगार",384.2,06:15,15:50,"Non Obl",Daily,"विश्रांती १२.४५-१३.१५",,
147556,"Pune Rly. Stn. To Kudal St Depot Via Radhanagari","Pune Rly. Stn.","Kudal St Depot",RADHANAGARI,MO,23720,Gaibi,291.5,,,पुणेस्टेशन,"कुडाळ आगार",384.2,06:15,15:50,"Non Obl",Daily,"विश्रांती १२.४५-१३.१५",,
147556,"Pune Rly. Stn. To Kudal St Depot Via Radhanagari","Pune Rly. Stn.","Kudal St Depot",RADHANAGARI,MO,25336,Radhanagari,294.2,,,पुणेस्टेशन,"कुडाळ आगार",384.2,06:15,15:50,"Non Obl",Daily,"विश्रांती १२.४५-१३.१५",,
147556,"Pune Rly. Stn. To Kudal St Depot Via Radhanagari","Pune Rly. Stn.","Kudal St Depot",RADHANAGARI,MO,24014,Hatimahal,297,,,पुणेस्टेशन,"कुडाळ आगार",384.2,06:15,15:50,"Non Obl",Daily,"विश्रांती १२.४५-१३.१५",,
147556,"Pune Rly. Stn. To Kudal St Depot Via Radhanagari","Pune Rly. Stn.","Kudal St Depot",RADHANAGARI,MO,25393,"Radhanagri Dam",298.8,,,पुणेस्टेशन,"कुडाळ आगार",384.2,06:15,15:50,"Non Obl",Daily,"विश्रांती १२.४५-१३.१५",,
147556,"Pune Rly. Stn. To Kudal St Depot Via Radhanagari","Pune Rly. Stn.","Kudal St Depot",RADHANAGARI,MO,23601,Daoudwadi,301.3,,,पुणेस्टेशन,"कुडाळ आगार",384.2,06:15,15:50,"Non Obl",Daily,"विश्रांती १२.४५-१३.१५",,
147556,"Pune Rly. Stn. To Kudal St Depot Via Radhanagari","Pune Rly. Stn.","Kudal St Depot",RADHANAGARI,MO,30607,Ajiwade,304.6,,,पुणेस्टेशन,"कुडाळ आगार",384.2,06:15,15:50,"Non Obl",Daily,"विश्रांती १२.४५-१३.१५",,
147556,"Pune Rly. Stn. To Kudal St Depot Via Radhanagari","Pune Rly. Stn.","Kudal St Depot",RADHANAGARI,MO,25530,Shelap,308.3,,,पुणेस्टेशन,"कुडाळ आगार",384.2,06:15,15:50,"Non Obl",Daily,"विश्रांती १२.४५-१३.१५",,
147556,"Pune Rly. Stn. To Kudal St Depot Via Radhanagari","Pune Rly. Stn.","Kudal St Depot",RADHANAGARI,MO,23137,Bambar,311.8,,,पुणेस्टेशन,"कुडाळ आगार",384.2,06:15,15:50,"Non Obl",Daily,"विश्रांती १२.४५-१३.१५",,
147556,"Pune Rly. Stn. To Kudal St Depot Via Radhanagari","Pune Rly. Stn.","Kudal St Depot",RADHANAGARI,MO,24004,Hasane,317.7,,,पुणेस्टेशन,"कुडाळ आगार",384.2,06:15,15:50,"Non Obl",Daily,"विश्रांती १२.४५-१३.१५",,
147556,"Pune Rly. Stn. To Kudal St Depot Via Radhanagari","Pune Rly. Stn.","Kudal St Depot",RADHANAGARI,MO,23566,Dajipur,323.7,,,पुणेस्टेशन,"कुडाळ आगार",384.2,06:15,15:50,"Non Obl",Daily,"विश्रांती १२.४५-१३.१५",,
147556,"Pune Rly. Stn. To Kudal St Depot Via Radhanagari","Pune Rly. Stn.","Kudal St Depot",RADHANAGARI,MO,2723,"Ganguchi Wadi",335.2,,,पुणेस्टेशन,"कुडाळ आगार",384.2,06:15,15:50,"Non Obl",Daily,"विश्रांती १२.४५-१३.१५",,
147556,"Pune Rly. Stn. To Kudal St Depot Via Radhanagari","Pune Rly. Stn.","Kudal St Depot",RADHANAGARI,MO,2904,Phonda,338.3,,,पुणेस्टेशन,"कुडाळ आगार",384.2,06:15,15:50,"Non Obl",Daily,"विश्रांती १२.४५-१३.१५",,
147556,"Pune Rly. Stn. To Kudal St Depot Via Radhanagari","Pune Rly. Stn.","Kudal St Depot",RADHANAGARI,MO,2906,"Phonda Iti",340.1,,,पुणेस्टेशन,"कुडाळ आगार",384.2,06:15,15:50,"Non Obl",Daily,"विश्रांती १२.४५-१३.१५",,
147556,"Pune Rly. Stn. To Kudal St Depot Via Radhanagari","Pune Rly. Stn.","Kudal St Depot",RADHANAGARI,MO,2787,"Kankavli Nandgaon Fata",341.2,,,पुणेस्टेशन,"कुडाळ आगार",384.2,06:15,15:50,"Non Obl",Daily,"विश्रांती १२.४५-१३.१५",,
147556,"Pune Rly. Stn. To Kudal St Depot Via Radhanagari","Pune Rly. Stn.","Kudal St Depot",RADHANAGARI,MO,2781,Kanadewadi,344,,,पुणेस्टेशन,"कुडाळ आगार",384.2,06:15,15:50,"Non Obl",Daily,"विश्रांती १२.४५-१३.१५",,
147556,"Pune Rly. Stn. To Kudal St Depot Via Radhanagari","Pune Rly. Stn.","Kudal St Depot",RADHANAGARI,MO,2758,"Humrath School",346.8,,,पुणेस्टेशन,"कुडाळ आगार",384.2,06:15,15:50,"Non Obl",Daily,"विश्रांती १२.४५-१३.१५",,
147556,"Pune Rly. Stn. To Kudal St Depot Via Radhanagari","Pune Rly. Stn.","Kudal St Depot",RADHANAGARI,MO,2756,"Humrat Titha",349.3,,,पुणेस्टेशन,"कुडाळ आगार",384.2,06:15,15:50,"Non Obl",Daily,"विश्रांती १२.४५-१३.१५",,
147556,"Pune Rly. Stn. To Kudal St Depot Via Radhanagari","Pune Rly. Stn.","Kudal St Depot",RADHANAGARI,MO,2768,"Janavali Gavthanwadi",352.4,,,पुणेस्टेशन,"कुडाळ आगार",384.2,06:15,15:50,"Non Obl",Daily,"विश्रांती १२.४५-१३.१५",,
147556,"Pune Rly. Stn. To Kudal St Depot Via Radhanagari","Pune Rly. Stn.","Kudal St Depot",RADHANAGARI,MO,2786,Kankavli,356.2,,,पुणेस्टेशन,"कुडाळ आगार",384.2,06:15,15:50,"Non Obl",Daily,"विश्रांती १२.४५-१३.१५",,
147556,"Pune Rly. Stn. To Kudal St Depot Via Radhanagari","Pune Rly. Stn.","Kudal St Depot",RADHANAGARI,MO,3002,Wagde,358.2,,,पुणेस्टेशन,"कुडाळ आगार",384.2,06:15,15:50,"Non Obl",Daily,"विश्रांती १२.४५-१३.१५",,
147556,"Pune Rly. Stn. To Kudal St Depot Via Radhanagari","Pune Rly. Stn.","Kudal St Depot",RADHANAGARI,MO,2692,Dangalwadi,361.1,,,पुणेस्टेशन,"कुडाळ आगार",384.2,06:15,15:50,"Non Obl",Daily,"विश्रांती १२.४५-१३.१५",,
147556,"Pune Rly. Stn. To Kudal St Depot Via Radhanagari","Pune Rly. Stn.","Kudal St Depot",RADHANAGARI,MO,2891,"Osargaon Talav",363.3,,,पुणेस्टेशन,"कुडाळ आगार",384.2,06:15,15:50,"Non Obl",Daily,"विश्रांती १२.४५-१३.१५",,
147556,"Pune Rly. Stn. To Kudal St Depot Via Radhanagari","Pune Rly. Stn.","Kudal St Depot",RADHANAGARI,MO,2890,"Osargaon Post",364.2,,,पुणेस्टेशन,"कुडाळ आगार",384.2,06:15,15:50,"Non Obl",Daily,"विश्रांती १२.४५-१३.१५",,
147556,"Pune Rly. Stn. To Kudal St Depot Via Radhanagari","Pune Rly. Stn.","Kudal St Depot",RADHANAGARI,MO,2889,"Osargaon Godaoon",366.1,,,पुणेस्टेशन,"कुडाळ आगार",384.2,06:15,15:50,"Non Obl",Daily,"विश्रांती १२.४५-१३.१५",,
147556,"Pune Rly. Stn. To Kudal St Depot Via Radhanagari","Pune Rly. Stn.","Kudal St Depot",RADHANAGARI,MO,6281,Kasal,370.4,,,पुणेस्टेशन,"कुडाळ आगार",384.2,06:15,15:50,"Non Obl",Daily,"विश्रांती १२.४५-१३.१५",,
147556,"Pune Rly. Stn. To Kudal St Depot Via Radhanagari","Pune Rly. Stn.","Kudal St Depot",RADHANAGARI,MO,6116,Awali,372.4,,,पुणेस्टेशन,"कुडाळ आगार",384.2,06:15,15:50,"Non Obl",Daily,"विश्रांती १२.४५-१३.१५",,
147556,"Pune Rly. Stn. To Kudal St Depot Via Radhanagari","Pune Rly. Stn.","Kudal St Depot",RADHANAGARI,MO,6226,"Jaitapkar Colany",375.9,,,पुणेस्टेशन,"कुडाळ आगार",384.2,06:15,15:50,"Non Obl",Daily,"विश्रांती १२.४५-१३.१५",,
147556,"Pune Rly. Stn. To Kudal St Depot Via Radhanagari","Pune Rly. Stn.","Kudal St Depot",RADHANAGARI,MO,6362,"Oros Bus Stnad",377.1,,,पुणेस्टेशन,"कुडाळ आगार",384.2,06:15,15:50,"Non Obl",Daily,"विश्रांती १२.४५-१३.१५",,
147556,"Pune Rly. Stn. To Kudal St Depot Via Radhanagari","Pune Rly. Stn.","Kudal St Depot",RADHANAGARI,MO,6224,"Jijamata Hospital",378.1,,,पुणेस्टेशन,"कुडाळ आगार",384.2,06:15,15:50,"Non Obl",Daily,"विश्रांती १२.४५-१३.१५",,
147556,"Pune Rly. Stn. To Kudal St Depot Via Radhanagari","Pune Rly. Stn.","Kudal St Depot",RADHANAGARI,MO,6204,"Humarmala Kasale Dukan",378.8,,,पुणेस्टेशन,"कुडाळ आगार",384.2,06:15,15:50,"Non Obl",Daily,"विश्रांती १२.४५-१३.१५",,
147556,"Pune Rly. Stn. To Kudal St Depot Via Radhanagari","Pune Rly. Stn.","Kudal St Depot",RADHANAGARI,MO,6378,"Pandur Titha",382.6,,,पुणेस्टेशन,"कुडाळ आगार",384.2,06:15,15:50,"Non Obl",Daily,"विश्रांती १२.४५-१३.१५",,
147556,"Pune Rly. Stn. To Kudal St Depot Via Radhanagari","Pune Rly. Stn.","Kudal St Depot",RADHANAGARI,MO,88100,Vetalbambarde,385.6,,,पुणेस्टेशन,"कुडाळ आगार",384.2,06:15,15:50,"Non Obl",Daily,"विश्रांती १२.४५-१३.१५",,
147556,"Pune Rly. Stn. To Kudal St Depot Via Radhanagari","Pune Rly. Stn.","Kudal St Depot",RADHANAGARI,MO,6380,"Pawashi Panchayat",387.7,,,पुणेस्टेशन,"कुडाळ आगार",384.2,06:15,15:50,"Non Obl",Daily,"विश्रांती १२.४५-१३.१५",,
147556,"Pune Rly. Stn. To Kudal St Depot Via Radhanagari","Pune Rly. Stn.","Kudal St Depot",RADHANAGARI,MO,6237,"Kudal St Depot",391.6,,,पुणेस्टेशन,"कुडाळ आगार",384.2,06:15,15:50,"Non Obl",Daily,"विश्रांती १२.४५-१३.१५",,
147556,"Pune Rly. Stn. To Kudal St Depot Via Radhanagari","Pune Rly. Stn.","Kudal St Depot",RADHANAGARI,MO,6240,"Kudal St Depot",393.1,,,पुणेस्टेशन,"कुडाळ आगार",384.2,06:15,15:50,"Non Obl",Daily,"विश्रांती १२.४५-१३.१५",,
11098,"Rahataghar Ratnagiri To Kudal St Depot",Rahataghar,"Kudal St Depot",,MO,16548,Rahataghar,,,,रत्नागिरी,"कुडाळ आगार",168.5,15:15,20:15,"Non Obl",Daily,,,
11098,"Rahataghar Ratnagiri To Kudal St Depot",Rahataghar,"Kudal St Depot",,MO,16599,Ratnagiri,0.9,,,रत्नागिरी,"कुडाळ आगार",168.5,15:15,20:15,"Non Obl",Daily,,,
11098,"Rahataghar Ratnagiri To Kudal St Depot",Rahataghar,"Kudal St Depot",,MO,16663,Shivajinagar,6.7,,,रत्नागिरी,"कुडाळ आगार",168.5,15:15,20:15,"Non Obl",Daily,,,
11098,"Rahataghar Ratnagiri To Kudal St Depot",Rahataghar,"Kudal St Depot",,MO,16108,Kuravbao,10.3,,,रत्नागिरी,"कुडाळ आगार",168.5,15:15,20:15,"Non Obl",Daily,,,
11098,"Rahataghar Ratnagiri To Kudal St Depot",Rahataghar,"Kudal St Depot",,MO,15979,"Khedshi Fata",13.3,,,रत्नागिरी,"कुडाळ आगार",168.5,15:15,20:15,"Non Obl",Daily,,,
11098,"Rahataghar Ratnagiri To Kudal St Depot",Rahataghar,"Kudal St Depot",,MO,16466,"Panval Fata",15.3,,,रत्नागिरी,"कुडाळ आगार",168.5,15:15,20:15,"Non Obl",Daily,,,
11098,"Rahataghar Ratnagiri To Kudal St Depot",Rahataghar,"Kudal St Depot",,MO,15851,Hatkhamba,16.7,,,रत्नागिरी,"कुडाळ आगार",168.5,15:15,20:15,"Non Obl",Daily,,,
11098,"Rahataghar Ratnagiri To Kudal St Depot",Rahataghar,"Kudal St Depot",,MO,15833,"Hatakhamba Gaon",18.3,,,रत्नागिरी,"कुडाळ आगार",168.5,15:15,20:15,"Non Obl",Daily,,,
11098,"Rahataghar Ratnagiri To Kudal St Depot",Rahataghar,"Kudal St Depot",,MO,16631,"Sheti Farm",21.9,,,रत्नागिरी,"कुडाळ आगार",168.5,15:15,20:15,"Non Obl",Daily,,,
11098,"Rahataghar Ratnagiri To Kudal St Depot",Rahataghar,"Kudal St Depot",,MO,15482,"Bsnl Tower",22.1,,,रत्नागिरी,"कुडाळ आगार",168.5,15:15,20:15,"Non Obl",Daily,,,
11098,"Rahataghar Ratnagiri To Kudal St Depot",Rahataghar,"Kudal St Depot",,MO,15559,Charveli,22.7,,,रत्नागिरी,"कुडाळ आगार",168.5,15:15,20:15,"Non Obl",Daily,,,
11098,"Rahataghar Ratnagiri To Kudal St Depot",Rahataghar,"Kudal St Depot",,MO,15946,Kapadagaon,22.8,,,रत्नागिरी,"कुडाळ आगार",168.5,15:15,20:15,"Non Obl",Daily,,,
11098,"Rahataghar Ratnagiri To Kudal St Depot",Rahataghar,"Kudal St Depot",,MO,16416,Pali,27.9,,,रत्नागिरी,"कुडाळ आगार",168.5,15:15,20:15,"Non Obl",Daily,,,
11098,"Rahataghar Ratnagiri To Kudal St Depot",Rahataghar,"Kudal St Depot",,MO,15998,Khanu,29.7,,,रत्नागिरी,"कुडाळ आगार",168.5,15:15,20:15,"Non Obl",Daily,,,
11098,"Rahataghar Ratnagiri To Kudal St Depot",Rahataghar,"Kudal St Depot",,MO,13297,Math,32.1,,,रत्नागिरी,"कुडाळ आगार",168.5,15:15,20:15,"Non Obl",Daily,,,
11098,"Rahataghar Ratnagiri To Kudal St Depot",Rahataghar,"Kudal St Depot",,MO,12889,"Anjanari Bridge",35.6,,,रत्नागिरी,"कुडाळ आगार",168.5,15:15,20:15,"Non Obl",Daily,,,
11098,"Rahataghar Ratnagiri To Kudal St Depot",Rahataghar,"Kudal St Depot",,MO,13573,Veral,38.1,,,रत्नागिरी,"कुडाळ आगार",168.5,15:15,20:15,"Non Obl",Daily,,,
11098,"Rahataghar Ratnagiri To Kudal St Depot",Rahataghar,"Kudal St Depot",,MO,13011,"Devle Hed Pavas Fata",40.5,,,रत्नागिरी,"कुडाळ आगार",168.5,15:15,20:15,"Non Obl",Daily,,,
11098,"Rahataghar Ratnagiri To Kudal St Depot",Rahataghar,"Kudal St Depot",,MO,13277,"Lanja Agri. Farm",42.2,,,रत्नागिरी,"कुडाळ आगार",168.5,15:15,20:15,"Non Obl",Daily,,,
11098,"Rahataghar Ratnagiri To Kudal St Depot",Rahataghar,"Kudal St Depot",,MO,13276,"Lanja Poultry Farm",44.2,,,रत्नागिरी,"कुडाळ आगार",168.5,15:15,20:15,"Non Obl",Daily,,,
11098,"Rahataghar Ratnagiri To Kudal St Depot",Rahataghar,"Kudal St Depot",,MO,13286,Lanja,46,,,रत्नागिरी,"कुडाळ आगार",168.5,15:15,20:15,"Non Obl",Daily,,,
11098,"Rahataghar Ratnagiri To Kudal St Depot",Rahataghar,"Kudal St Depot",,MO,13274,"Kuwa Village",50.6,,,रत्नागिरी,"कुडाळ आगार",168.5,15:15,20:15,"Non Obl",Daily,,,
11098,"Rahataghar Ratnagiri To Kudal St Depot",Rahataghar,"Kudal St Depot",,MO,13279,"Laxmi Bag Waked",56.1,,,रत्नागिरी,"कुडाळ आगार",168.5,15:15,20:15,"Non Obl",Daily,,,
11098,"Rahataghar Ratnagiri To Kudal St Depot",Rahataghar,"Kudal St Depot",,MO,15286,"Vatul Titha",59.1,,,रत्नागिरी,"कुडाळ आगार",168.5,15:15,20:15,"Non Obl",Daily,,,
11098,"Rahataghar Ratnagiri To Kudal St Depot",Rahataghar,"Kudal St Depot",,MO,15325,"Yerdav Fata",62.7,,,रत्नागिरी,"कुडाळ आगार",168.5,15:15,20:15,"Non Obl",Daily,,,
11098,"Rahataghar Ratnagiri To Kudal St Depot",Rahataghar,"Kudal St Depot",,MO,15159,"Shivane Fata",64.2,,,रत्नागिरी,"कुडाळ आगार",168.5,15:15,20:15,"Non Obl",Daily,,,
11098,"Rahataghar Ratnagiri To Kudal St Depot",Rahataghar,"Kudal St Depot",,MO,89331,Oni,65,,,रत्नागिरी,"कुडाळ आगार",168.5,15:15,20:15,"Non Obl",Daily,,,
11098,"Rahataghar Ratnagiri To Kudal St Depot",Rahataghar,"Kudal St Depot",,MO,14719,"Kharavate Fata",68.2,,,रत्नागिरी,"कुडाळ आगार",168.5,15:15,20:15,"Non Obl",Daily,,,
11098,"Rahataghar Ratnagiri To Kudal St Depot",Rahataghar,"Kudal St Depot",,MO,14846,"Nerke Pickup Shed",69.1,,,रत्नागिरी,"कुडाळ आगार",168.5,15:15,20:15,"Non Obl",Daily,,,
11098,"Rahataghar Ratnagiri To Kudal St Depot",Rahataghar,"Kudal St Depot",,MO,14831,Nerke,69.9,,,रत्नागिरी,"कुडाळ आगार",168.5,15:15,20:15,"Non Obl",Daily,,,
11098,"Rahataghar Ratnagiri To Kudal St Depot",Rahataghar,"Kudal St Depot",,MO,14615,"Kodavali School",71.5,,,रत्नागिरी,"कुडाळ आगार",168.5,15:15,20:15,"Non Obl",Daily,,,
11098,"Rahataghar Ratnagiri To Kudal St Depot",Rahataghar,"Kudal St Depot",,MO,14735,"Musakazi Fata",74.6,,,रत्नागिरी,"कुडाळ आगार",168.5,15:15,20:15,"Non Obl",Daily,,,
11098,"Rahataghar Ratnagiri To Kudal St Depot",Rahataghar,"Kudal St Depot",,MO,15006,Rajapur,75.2,,,रत्नागिरी,"कुडाळ आगार",168.5,15:15,20:15,"Non Obl",Daily,,,
11098,"Rahataghar Ratnagiri To Kudal St Depot",Rahataghar,"Kudal St Depot",,MO,14473,"Ganga Tirtha Fata",79,,,रत्नागिरी,"कुडाळ आगार",168.5,15:15,20:15,"Non Obl",Daily,,,
11098,"Rahataghar Ratnagiri To Kudal St Depot",Rahataghar,"Kudal St Depot",,MO,14521,"Hativale Jaitapur Fata",83.6,,,रत्नागिरी,"कुडाळ आगार",168.5,15:15,20:15,"Non Obl",Daily,,,
11098,"Rahataghar Ratnagiri To Kudal St Depot",Rahataghar,"Kudal St Depot",,MO,14609,Kodiye,87.1,,,रत्नागिरी,"कुडाळ आगार",168.5,15:15,20:15,"Non Obl",Daily,,,
11098,"Rahataghar Ratnagiri To Kudal St Depot",Rahataghar,"Kudal St Depot",,MO,14879,Panhale,90.1,,,रत्नागिरी,"कुडाळ आगार",168.5,15:15,20:15,"Non Obl",Daily,,,
11098,"Rahataghar Ratnagiri To Kudal St Depot",Rahataghar,"Kudal St Depot",,MO,15236,"Takewadi School",92.5,,,रत्नागिरी,"कुडाळ आगार",168.5,15:15,20:15,"Non Obl",Daily,,,
11098,"Rahataghar Ratnagiri To Kudal St Depot",Rahataghar,"Kudal St Depot",,MO,2812,Kharepatan,95.6,,,रत्नागिरी,"कुडाळ आगार",168.5,15:15,20:15,"Non Obl",Daily,,,
11098,"Rahataghar Ratnagiri To Kudal St Depot",Rahataghar,"Kudal St Depot",,MO,2861,"Mutat Fata",96.6,,,रत्नागिरी,"कुडाळ आगार",168.5,15:15,20:15,"Non Obl",Daily,,,
11098,"Rahataghar Ratnagiri To Kudal St Depot",Rahataghar,"Kudal St Depot",,MO,2863,Nadgive,98.9,,,रत्नागिरी,"कुडाळ आगार",168.5,15:15,20:15,"Non Obl",Daily,,,
11098,"Rahataghar Ratnagiri To Kudal St Depot",Rahataghar,"Kudal St Depot",,MO,2648,Bambarwadi,100.9,,,रत्नागिरी,"कुडाळ आगार",168.5,15:15,20:15,"Non Obl",Daily,,,
11098,"Rahataghar Ratnagiri To Kudal St Depot",Rahataghar,"Kudal St Depot",,MO,2844,"Mail Stone",101,,,रत्नागिरी,"कुडाळ आगार",168.5,15:15,20:15,"Non Obl",Daily,,,
11098,"Rahataghar Ratnagiri To Kudal St Depot",Rahataghar,"Kudal St Depot",,MO,3010,Wargaon,102.1,,,रत्नागिरी,"कुडाळ आगार",168.5,15:15,20:15,"Non Obl",Daily,,,
11098,"Rahataghar Ratnagiri To Kudal St Depot",Rahataghar,"Kudal St Depot",,MO,2942,"Saliste Boudhawadi",103.9,,,रत्नागिरी,"कुडाळ आगार",168.5,15:15,20:15,"Non Obl",Daily,,,
11098,"Rahataghar Ratnagiri To Kudal St Depot",Rahataghar,"Kudal St Depot",,MO,2941,Saliste,104.8,,,रत्नागिरी,"कुडाळ आगार",168.5,15:15,20:15,"Non Obl",Daily,,,
11098,"Rahataghar Ratnagiri To Kudal St Depot",Rahataghar,"Kudal St Depot",,MO,2844,"Mail Stone",107.9,,,रत्नागिरी,"कुडाळ आगार",168.5,15:15,20:15,"Non Obl",Daily,,,
11098,"Rahataghar Ratnagiri To Kudal St Depot",Rahataghar,"Kudal St Depot",,MO,2982,Tarla,109.7,,,रत्नागिरी,"कुडाळ आगार",168.5,15:15,20:15,"Non Obl",Daily,,,
11098,"Rahataghar Ratnagiri To Kudal St Depot",Rahataghar,"Kudal St Depot",,MO,2997,"Vijaydurg Fata",110.5,,,रत्नागिरी,"कुडाळ आगार",168.5,15:15,20:15,"Non Obl",Daily,,,
11098,"Rahataghar Ratnagiri To Kudal St Depot",Rahataghar,"Kudal St Depot",,MO,2673,"Bramhan Wadi",112.7,,,रत्नागिरी,"कुडाळ आगार",168.5,15:15,20:15,"Non Obl",Daily,,,
11098,"Rahataghar Ratnagiri To Kudal St Depot",Rahataghar,"Kudal St Depot",,MO,2872,"Nandgaon Nursary",116.5,,,रत्नागिरी,"कुडाळ आगार",168.5,15:15,20:15,"Non Obl",Daily,,,
11098,"Rahataghar Ratnagiri To Kudal St Depot",Rahataghar,"Kudal St Depot",,MO,2871,"Nandgaon Fata",117,,,रत्नागिरी,"कुडाळ आगार",168.5,15:15,20:15,"Non Obl",Daily,,,
11098,"Rahataghar Ratnagiri To Kudal St Depot",Rahataghar,"Kudal St Depot",,MO,2870,"Nandgaon Datta Mandir",120,,,रत्नागिरी,"कुडाळ आगार",168.5,15:15,20:15,"Non Obl",Daily,,,
11098,"Rahataghar Ratnagiri To Kudal St Depot",Rahataghar,"Kudal St Depot",,MO,2655,Belane,122.4,,,रत्नागिरी,"कुडाळ आगार",168.5,15:15,20:15,"Non Obl",Daily,,,
11098,"Rahataghar Ratnagiri To Kudal St Depot",Rahataghar,"Kudal St Depot",,MO,2756,"Humrat Titha",124.6,,,रत्नागिरी,"कुडाळ आगार",168.5,15:15,20:15,"Non Obl",Daily,,,
11098,"Rahataghar Ratnagiri To Kudal St Depot",Rahataghar,"Kudal St Depot",,MO,2768,"Janavali Gavthanwadi",128.9,,,रत्नागिरी,"कुडाळ आगार",168.5,15:15,20:15,"Non Obl",Daily,,,
11098,"Rahataghar Ratnagiri To Kudal St Depot",Rahataghar,"Kudal St Depot",,MO,2786,Kankavli,132.7,,,रत्नागिरी,"कुडाळ आगार",168.5,15:15,20:15,"Non Obl",Daily,,,
11098,"Rahataghar Ratnagiri To Kudal St Depot",Rahataghar,"Kudal St Depot",,MO,3001,"Wagade Gpo",137.9,,,रत्नागिरी,"कुडाळ आगार",168.5,15:15,20:15,"Non Obl",Daily,,,
11098,"Rahataghar Ratnagiri To Kudal St Depot",Rahataghar,"Kudal St Depot",,MO,2692,Dangalwadi,138.8,,,रत्नागिरी,"कुडाळ आगार",168.5,15:15,20:15,"Non Obl",Daily,,,
11098,"Rahataghar Ratnagiri To Kudal St Depot",Rahataghar,"Kudal St Depot",,MO,2891,"Osargaon Talav",139.9,,,रत्नागिरी,"कुडाळ आगार",168.5,15:15,20:15,"Non Obl",Daily,,,
11098,"Rahataghar Ratnagiri To Kudal St Depot",Rahataghar,"Kudal St Depot",,MO,2890,"Osargaon Post",142.8,,,रत्नागिरी,"कुडाळ आगार",168.5,15:15,20:15,"Non Obl",Daily,,,
11098,"Rahataghar Ratnagiri To Kudal St Depot",Rahataghar,"Kudal St Depot",,MO,2889,"Osargaon Godaoon",145.9,,,रत्नागिरी,"कुडाळ आगार",168.5,15:15,20:15,"Non Obl",Daily,,,
11098,"Rahataghar Ratnagiri To Kudal St Depot",Rahataghar,"Kudal St Depot",,MO,6281,Kasal,147.1,,,रत्नागिरी,"कुडाळ आगार",168.5,15:15,20:15,"Non Obl",Daily,,,
11098,"Rahataghar Ratnagiri To Kudal St Depot",Rahataghar,"Kudal St Depot",,MO,6116,Awali,149.4,,,रत्नागिरी,"कुडाळ आगार",168.5,15:15,20:15,"Non Obl",Daily,,,
11098,"Rahataghar Ratnagiri To Kudal St Depot",Rahataghar,"Kudal St Depot",,MO,6226,"Jaitapkar Colany",150.9,,,रत्नागिरी,"कुडाळ आगार",168.5,15:15,20:15,"Non Obl",Daily,,,
11098,"Rahataghar Ratnagiri To Kudal St Depot",Rahataghar,"Kudal St Depot",,MO,6362,"Oros Bus Stnad",152.5,,,रत्नागिरी,"कुडाळ आगार",168.5,15:15,20:15,"Non Obl",Daily,,,
11098,"Rahataghar Ratnagiri To Kudal St Depot",Rahataghar,"Kudal St Depot",,MO,6224,"Jijamata Hospital",155.1,,,रत्नागिरी,"कुडाळ आगार",168.5,15:15,20:15,"Non Obl",Daily,,,
11098,"Rahataghar Ratnagiri To Kudal St Depot",Rahataghar,"Kudal St Depot",,MO,6206,"Humarmala Rane Dukan",155.5,,,रत्नागिरी,"कुडाळ आगार",168.5,15:15,20:15,"Non Obl",Daily,,,
11098,"Rahataghar Ratnagiri To Kudal St Depot",Rahataghar,"Kudal St Depot",,MO,6204,"Humarmala Kasale Dukan",156.1,,,रत्नागिरी,"कुडाळ आगार",168.5,15:15,20:15,"Non Obl",Daily,,,
11098,"Rahataghar Ratnagiri To Kudal St Depot",Rahataghar,"Kudal St Depot",,MO,6378,"Pandur Titha",158.8,,,रत्नागिरी,"कुडाळ आगार",168.5,15:15,20:15,"Non Obl",Daily,,,
11098,"Rahataghar Ratnagiri To Kudal St Depot",Rahataghar,"Kudal St Depot",,MO,88100,Vetalbambarde,161.9,,,रत्नागिरी,"कुडाळ आगार",168.5,15:15,20:15,"Non Obl",Daily,,,
11098,"Rahataghar Ratnagiri To Kudal St Depot",Rahataghar,"Kudal St Depot",,MO,6380,"Pawashi Panchayat",165.3,,,रत्नागिरी,"कुडाळ आगार",168.5,15:15,20:15,"Non Obl",Daily,,,
11098,"Rahataghar Ratnagiri To Kudal St Depot",Rahataghar,"Kudal St Depot",,MO,6237,"Kudal St Depot",166.4,,,रत्नागिरी,"कुडाळ आगार",168.5,15:15,20:15,"Non Obl",Daily,,,
11098,"Rahataghar Ratnagiri To Kudal St Depot",Rahataghar,"Kudal St Depot",,MO,6240,"Kudal St Depot",168.5,,,रत्नागिरी,"कुडाळ आगार",168.5,15:15,20:15,"Non Obl",Daily,,,
107454A,"Pune Rly. Stn. To Kudal Via Gaganbawda","Pune Rly. Stn.","Kudal St Depot",GAGANBAWDA,MO,8888,"Pune Rly. Stn.",,,,"पुणे स्टेशन",कोल्हापुर,237.4,18:15,23:45,"Non Obl",Daily,"6 तासांत डयुटी संपते",,
107454A,"Pune Rly. Stn. To Kudal Via Gaganbawda","Pune Rly. Stn.","Kudal St Depot",GAGANBAWDA,MO,8934,"Swargate, Pune",17.5,,,"पुणे स्टेशन",कोल्हापुर,237.4,18:15,23:45,"Non Obl",Daily,"6 तासांत डयुटी संपते",,
107454A,"Pune Rly. Stn. To Kudal Via Gaganbawda","Pune Rly. Stn.","Kudal St Depot",GAGANBAWDA,MO,8794,Gogalwadi,32.2,,,"पुणे स्टेशन",कोल्हापुर,237.4,18:15,23:45,"Non Obl",Daily,"6 तासांत डयुटी संपते",,
107454A,"Pune Rly. Stn. To Kudal Via Gaganbawda","Pune Rly. Stn.","Kudal St Depot",GAGANBAWDA,MO,6696,Shivare,37.1,,,"पुणे स्टेशन",कोल्हापुर,237.4,18:15,23:45,"Non Obl",Daily,"6 तासांत डयुटी संपते",,
107454A,"Pune Rly. Stn. To Kudal Via Gaganbawda","Pune Rly. Stn.","Kudal St Depot",GAGANBAWDA,MO,29207,"Kalubai Temple",43.4,,,"पुणे स्टेशन",कोल्हापुर,237.4,18:15,23:45,"Non Obl",Daily,"6 तासांत डयुटी संपते",,
107454A,"Pune Rly. Stn. To Kudal Via Gaganbawda","Pune Rly. Stn.","Kudal St Depot",GAGANBAWDA,MO,29196,Kikavi,56.3,,,"पुणे स्टेशन",कोल्हापुर,237.4,18:15,23:45,"Non Obl",Daily,"6 तासांत डयुटी संपते",,
107454A,"Pune Rly. Stn. To Kudal Via Gaganbawda","Pune Rly. Stn.","Kudal St Depot",GAGANBAWDA,MO,29254,"Shinde Wadi Fata",60.7,,,"पुणे स्टेशन",कोल्हापुर,237.4,18:15,23:45,"Non Obl",Daily,"6 तासांत डयुटी संपते",,
107454A,"Pune Rly. Stn. To Kudal Via Gaganbawda","Pune Rly. Stn.","Kudal St Depot",GAGANBAWDA,MO,29255,Shirwal,64.6,,,"पुणे स्टेशन",कोल्हापुर,237.4,18:15,23:45,"Non Obl",Daily,"6 तासांत डयुटी संपते",,
107454A,"Pune Rly. Stn. To Kudal Via Gaganbawda","Pune Rly. Stn.","Kudal St Depot",GAGANBAWDA,MO,29190,"Kesurdi Fata",69.6,,,"पुणे स्टेशन",कोल्हापुर,237.4,18:15,23:45,"Non Obl",Daily,"6 तासांत डयुटी संपते",,
107454A,"Pune Rly. Stn. To Kudal Via Gaganbawda","Pune Rly. Stn.","Kudal St Depot",GAGANBAWDA,MO,29233,"Pargaon Khandala",75,,,"पुणे स्टेशन",कोल्हापुर,237.4,18:15,23:45,"Non Obl",Daily,"6 तासांत डयुटी संपते",,
107454A,"Pune Rly. Stn. To Kudal Via Gaganbawda","Pune Rly. Stn.","Kudal St Depot",GAGANBAWDA,MO,33588,"Surur Fata",88.4,,,"पुणे स्टेशन",कोल्हापुर,237.4,18:15,23:45,"Non Obl",Daily,"6 तासांत डयुटी संपते",,
107454A,"Pune Rly. Stn. To Kudal Via Gaganbawda","Pune Rly. Stn.","Kudal St Depot",GAGANBAWDA,MO,33521,Kavathe,92.6,,,"पुणे स्टेशन",कोल्हापुर,237.4,18:15,23:45,"Non Obl",Daily,"6 तासांत डयुटी संपते",,
107454A,"Pune Rly. Stn. To Kudal Via Gaganbawda","Pune Rly. Stn.","Kudal St Depot",GAGANBAWDA,MO,34386,Anewadi,94.9,,,"पुणे स्टेशन",कोल्हापुर,237.4,18:15,23:45,"Non Obl",Daily,"6 तासांत डयुटी संपते",,
107454A,"Pune Rly. Stn. To Kudal Via Gaganbawda","Pune Rly. Stn.","Kudal St Depot",GAGANBAWDA,MO,33460,Bhuinj,98.4,,,"पुणे स्टेशन",कोल्हापुर,237.4,18:15,23:45,"Non Obl",Daily,"6 तासांत डयुटी संपते",,
107454A,"Pune Rly. Stn. To Kudal Via Gaganbawda","Pune Rly. Stn.","Kudal St Depot",GAGANBAWDA,MO,34529,Raygaon,108.6,,,"पुणे स्टेशन",कोल्हापुर,237.4,18:15,23:45,"Non Obl",Daily,"6 तासांत डयुटी संपते",,
107454A,"Pune Rly. Stn. To Kudal Via Gaganbawda","Pune Rly. Stn.","Kudal St Depot",GAGANBAWDA,MO,31246,"Ramnagar Vasahat",114.6,,,"पुणे स्टेशन",कोल्हापुर,237.4,18:15,23:45,"Non Obl",Daily,"6 तासांत डयुटी संपते",,
107454A,"Pune Rly. Stn. To Kudal Via Gaganbawda","Pune Rly. Stn.","Kudal St Depot",GAGANBAWDA,MO,31298,Satara,120.6,,,"पुणे स्टेशन",कोल्हापुर,237.4,18:15,23:45,"Non Obl",Daily,"6 तासांत डयुटी संपते",,
107454A,"Pune Rly. Stn. To Kudal Via Gaganbawda","Pune Rly. Stn.","Kudal St Depot",GAGANBAWDA,MO,31066,Khindwadi,126.6,,,"पुणे स्टेशन",कोल्हापुर,237.4,18:15,23:45,"Non Obl",Daily,"6 तासांत डयुटी संपते",,
107454A,"Pune Rly. Stn. To Kudal Via Gaganbawda","Pune Rly. Stn.","Kudal St Depot",GAGANBAWDA,MO,31269,Shendre,129.6,,,"पुणे स्टेशन",कोल्हापुर,237.4,18:15,23:45,"Non Obl",Daily,"6 तासांत डयुटी संपते",,
107454A,"Pune Rly. Stn. To Kudal Via Gaganbawda","Pune Rly. Stn.","Kudal St Depot",GAGANBAWDA,MO,30923,Borgaon,134.9,,,"पुणे स्टेशन",कोल्हापुर,237.4,18:15,23:45,"Non Obl",Daily,"6 तासांत डयुटी संपते",,
107454A,"Pune Rly. Stn. To Kudal Via Gaganbawda","Pune Rly. Stn.","Kudal St Depot",GAGANBAWDA,MO,31174,Nagthane,139.5,,,"पुणे स्टेशन",कोल्हापुर,237.4,18:15,23:45,"Non Obl",Daily,"6 तासांत डयुटी संपते",,
107454A,"Pune Rly. Stn. To Kudal Via Gaganbawda","Pune Rly. Stn.","Kudal St Depot",GAGANBAWDA,MO,30896,Atit,144.3,,,"पुणे स्टेशन",कोल्हापुर,237.4,18:15,23:45,"Non Obl",Daily,"6 तासांत डयुटी संपते",,
107454A,"Pune Rly. Stn. To Kudal Via Gaganbawda","Pune Rly. Stn.","Kudal St Depot",GAGANBAWDA,MO,31099,Kashil,149.6,,,"पुणे स्टेशन",कोल्हापुर,237.4,18:15,23:45,"Non Obl",Daily,"6 तासांत डयुटी संपते",,
107454A,"Pune Rly. Stn. To Kudal Via Gaganbawda","Pune Rly. Stn.","Kudal St Depot",GAGANBAWDA,MO,28256,"Perle Fata",152.2,,,"पुणे स्टेशन",कोल्हापुर,237.4,18:15,23:45,"Non Obl",Daily,"6 तासांत डयुटी संपते",,
107454A,"Pune Rly. Stn. To Kudal Via Gaganbawda","Pune Rly. Stn.","Kudal St Depot",GAGANBAWDA,MO,28340,Umbraj,158.2,,,"पुणे स्टेशन",कोल्हापुर,237.4,18:15,23:45,"Non Obl",Daily,"6 तासांत डयुटी संपते",,
107454A,"Pune Rly. Stn. To Kudal Via Gaganbawda","Pune Rly. Stn.","Kudal St Depot",GAGANBAWDA,MO,28337,Tasawade,163.2,,,"पुणे स्टेशन",कोल्हापुर,237.4,18:15,23:45,"Non Obl",Daily,"6 तासांत डयुटी संपते",,
107454A,"Pune Rly. Stn. To Kudal Via Gaganbawda","Pune Rly. Stn.","Kudal St Depot",GAGANBAWDA,MO,28343,Vahagaon,167.2,,,"पुणे स्टेशन",कोल्हापुर,237.4,18:15,23:45,"Non Obl",Daily,"6 तासांत डयुटी संपते",,
107454A,"Pune Rly. Stn. To Kudal Via Gaganbawda","Pune Rly. Stn.","Kudal St Depot",GAGANBAWDA,MO,28347,Vanvasmachi,170.3,,,"पुणे स्टेशन",कोल्हापुर,237.4,18:15,23:45,"Non Obl",Daily,"6 तासांत डयुटी संपते",,
107454A,"Pune Rly. Stn. To Kudal Via Gaganbawda","Pune Rly. Stn.","Kudal St Depot",GAGANBAWDA,MO,28184,Karad,176.3,,,"पुणे स्टेशन",कोल्हापुर,237.4,18:15,23:45,"Non Obl",Daily,"6 तासांत डयुटी संपते",,
107454A,"Pune Rly. Stn. To Kudal Via Gaganbawda","Pune Rly. Stn.","Kudal St Depot",GAGANBAWDA,MO,28197,"Krushna Hospital",179.3,,,"पुणे स्टेशन",कोल्हापुर,237.4,18:15,23:45,"Non Obl",Daily,"6 तासांत डयुटी संपते",,
107454A,"Pune Rly. Stn. To Kudal Via Gaganbawda","Pune Rly. Stn.","Kudal St Depot",GAGANBAWDA,MO,28234,Nandlapur,182.3,,,"पुणे स्टेशन",कोल्हापुर,237.4,18:15,23:45,"Non Obl",Daily,"6 तासांत डयुटी संपते",,
107454A,"Pune Rly. Stn. To Kudal Via Gaganbawda","Pune Rly. Stn.","Kudal St Depot",GAGANBAWDA,MO,28170,Kalawde,183.9,,,"पुणे स्टेशन",कोल्हापुर,237.4,18:15,23:45,"Non Obl",Daily,"6 तासांत डयुटी संपते",,
107454A,"Pune Rly. Stn. To Kudal Via Gaganbawda","Pune Rly. Stn.","Kudal St Depot",GAGANBAWDA,MO,28216,Malkhed,185.3,,,"पुणे स्टेशन",कोल्हापुर,237.4,18:15,23:45,"Non Obl",Daily,"6 तासांत डयुटी संपते",,
107454A,"Pune Rly. Stn. To Kudal Via Gaganbawda","Pune Rly. Stn.","Kudal St Depot",GAGANBAWDA,MO,35496,Kasegaon,188.3,,,"पुणे स्टेशन",कोल्हापुर,237.4,18:15,23:45,"Non Obl",Daily,"6 तासांत डयुटी संपते",,
107454A,"Pune Rly. Stn. To Kudal Via Gaganbawda","Pune Rly. Stn.","Kudal St Depot",GAGANBAWDA,MO,35572,Narle,194.3,,,"पुणे स्टेशन",कोल्हापुर,237.4,18:15,23:45,"Non Obl",Daily,"6 तासांत डयुटी संपते",,
107454A,"Pune Rly. Stn. To Kudal Via Gaganbawda","Pune Rly. Stn.","Kudal St Depot",GAGANBAWDA,MO,35595,Pehtnaka,197.3,,,"पुणे स्टेशन",कोल्हापुर,237.4,18:15,23:45,"Non Obl",Daily,"6 तासांत डयुटी संपते",,
107454A,"Pune Rly. Stn. To Kudal Via Gaganbawda","Pune Rly. Stn.","Kudal St Depot",GAGANBAWDA,MO,35490,Kameri,202.6,,,"पुणे स्टेशन",कोल्हापुर,237.4,18:15,23:45,"Non Obl",Daily,"6 तासांत डयुटी संपते",,
107454A,"Pune Rly. Stn. To Kudal Via Gaganbawda","Pune Rly. Stn.","Kudal St Depot",GAGANBAWDA,MO,35651,Tandalwadi,204.3,,,"पुणे स्टेशन",कोल्हापुर,237.4,18:15,23:45,"Non Obl",Daily,"6 तासांत डयुटी संपते",,
107454A,"Pune Rly. Stn. To Kudal Via Gaganbawda","Pune Rly. Stn.","Kudal St Depot",GAGANBAWDA,MO,23852,"Ghunki Fata",217.3,,,"पुणे स्टेशन",कोल्हापुर,237.4,18:15,23:45,"Non Obl",Daily,"6 तासांत डयुटी संपते",,
107454A,"Pune Rly. Stn. To Kudal Via Gaganbawda","Pune Rly. Stn.","Kudal St Depot",GAGANBAWDA,MO,24328,Kini,221.2,,,"पुणे स्टेशन",कोल्हापुर,237.4,18:15,23:45,"Non Obl",Daily,"6 तासांत डयुटी संपते",,
107454A,"Pune Rly. Stn. To Kudal Via Gaganbawda","Pune Rly. Stn.","Kudal St Depot",GAGANBAWDA,MO,26070,Wathar,222.3,,,"पुणे स्टेशन",कोल्हापुर,237.4,18:15,23:45,"Non Obl",Daily,"6 तासांत डयुटी संपते",,
107454A,"Pune Rly. Stn. To Kudal Via Gaganbawda","Pune Rly. Stn.","Kudal St Depot",GAGANBAWDA,MO,25575,"Shiye Fata",236.3,,,"पुणे स्टेशन",कोल्हापुर,237.4,18:15,23:45,"Non Obl",Daily,"6 तासांत डयुटी संपते",,
107454A,"Pune Rly. Stn. To Kudal Via Gaganbawda","Pune Rly. Stn.","Kudal St Depot",GAGANBAWDA,MO,25438,"Sangli Fata",242.6,,,"पुणे स्टेशन",कोल्हापुर,237.4,18:15,23:45,"Non Obl",Daily,"6 तासांत डयुटी संपते",,
107454A,"Pune Rly. Stn. To Kudal Via Gaganbawda","Pune Rly. Stn.","Kudal St Depot",GAGANBAWDA,MO,24904,"Market Yard",245.3,,,"पुणे स्टेशन",कोल्हापुर,237.4,18:15,23:45,"Non Obl",Daily,"6 तासांत डयुटी संपते",,
107454A,"Pune Rly. Stn. To Kudal Via Gaganbawda","Pune Rly. Stn.","Kudal St Depot",GAGANBAWDA,MO,24359,Kolhapur,248.3,,,"पुणे स्टेशन",कोल्हापुर,237.4,18:15,23:45,"Non Obl",Daily,"6 तासांत डयुटी संपते",,
107454A,"Pune Rly. Stn. To Kudal Via Gaganbawda","Pune Rly. Stn.","Kudal St Depot",GAGANBAWDA,MO,23625,"Dasara Chwok",250.4,,,"पुणे स्टेशन",कोल्हापुर,237.4,18:15,23:45,"Non Obl",Daily,"6 तासांत डयुटी संपते",,
107454A,"Pune Rly. Stn. To Kudal Via Gaganbawda","Pune Rly. Stn.","Kudal St Depot",GAGANBAWDA,MO,25400,Rankala,253,,,"पुणे स्टेशन",कोल्हापुर,237.4,18:15,23:45,"Non Obl",Daily,"6 तासांत डयुटी संपते",,
107454A,"Pune Rly. Stn. To Kudal Via Gaganbawda","Pune Rly. Stn.","Kudal St Depot",GAGANBAWDA,MO,23694,"Fulewadi Naka",253.3,,,"पुणे स्टेशन",कोल्हापुर,237.4,18:15,23:45,"Non Obl",Daily,"6 तासांत डयुटी संपते",,
107454A,"Pune Rly. Stn. To Kudal Via Gaganbawda","Pune Rly. Stn.","Kudal St Depot",GAGANBAWDA,MO,24309,Khandsari,255.3,,,"पुणे स्टेशन",कोल्हापुर,237.4,18:15,23:45,"Non Obl",Daily,"6 तासांत डयुटी संपते",,
107454A,"Pune Rly. Stn. To Kudal Via Gaganbawda","Pune Rly. Stn.","Kudal St Depot",GAGANBAWDA,MO,23133,Balinga,256.3,,,"पुणे स्टेशन",कोल्हापुर,237.4,18:15,23:45,"Non Obl",Daily,"6 तासांत डयुटी संपते",,
107454A,"Pune Rly. Stn. To Kudal Via Gaganbawda","Pune Rly. Stn.","Kudal St Depot",GAGANBAWDA,MO,23598,Donawade,258.8,,,"पुणे स्टेशन",कोल्हापुर,237.4,18:15,23:45,"Non Obl",Daily,"6 तासांत डयुटी संपते",,
107454A,"Pune Rly. Stn. To Kudal Via Gaganbawda","Pune Rly. Stn.","Kudal St Depot",GAGANBAWDA,MO,24253,"Kuditre Factory",262.6,,,"पुणे स्टेशन",कोल्हापुर,237.4,18:15,23:45,"Non Obl",Daily,"6 तासांत डयुटी संपते",,
107454A,"Pune Rly. Stn. To Kudal Via Gaganbawda","Pune Rly. Stn.","Kudal St Depot",GAGANBAWDA,MO,30585,Aadoor,262.7,,,"पुणे स्टेशन",कोल्हापुर,237.4,18:15,23:45,"Non Obl",Daily,"6 तासांत डयुटी संपते",,
107454A,"Pune Rly. Stn. To Kudal Via Gaganbawda","Pune Rly. Stn.","Kudal St Depot",GAGANBAWDA,MO,23390,Chinchvade,265.2,,,"पुणे स्टेशन",कोल्हापुर,237.4,18:15,23:45,"Non Obl",Daily,"6 तासांत डयुटी संपते",,
107454A,"Pune Rly. Stn. To Kudal Via Gaganbawda","Pune Rly. Stn.","Kudal St Depot",GAGANBAWDA,MO,24361,"Kale Canteen",269.5,,,"पुणे स्टेशन",कोल्हापुर,237.4,18:15,23:45,"Non Obl",Daily,"6 तासांत डयुटी संपते",,
107454A,"Pune Rly. Stn. To Kudal Via Gaganbawda","Pune Rly. Stn.","Kudal St Depot",GAGANBAWDA,MO,24941,Mutkeshwar,274.6,,,"पुणे स्टेशन",कोल्हापुर,237.4,18:15,23:45,"Non Obl",Daily,"6 तासांत डयुटी संपते",,
107454A,"Pune Rly. Stn. To Kudal Via Gaganbawda","Pune Rly. Stn.","Kudal St Depot",GAGANBAWDA,MO,24616,Longhe,275.8,,,"पुणे स्टेशन",कोल्हापुर,237.4,18:15,23:45,"Non Obl",Daily,"6 तासांत डयुटी संपते",,
107454A,"Pune Rly. Stn. To Kudal Via Gaganbawda","Pune Rly. Stn.","Kudal St Depot",GAGANBAWDA,MO,24332,Kirve,276.8,,,"पुणे स्टेशन",कोल्हापुर,237.4,18:15,23:45,"Non Obl",Daily,"6 तासांत डयुटी संपते",,
107454A,"Pune Rly. Stn. To Kudal Via Gaganbawda","Pune Rly. Stn.","Kudal St Depot",GAGANBAWDA,MO,26015,"Vetwade Fata",279.1,,,"पुणे स्टेशन",कोल्हापुर,237.4,18:15,23:45,"Non Obl",Daily,"6 तासांत डयुटी संपते",,
107454A,"Pune Rly. Stn. To Kudal Via Gaganbawda","Pune Rly. Stn.","Kudal St Depot",GAGANBAWDA,MO,25627,Salvan,280.1,,,"पुणे स्टेशन",कोल्हापुर,237.4,18:15,23:45,"Non Obl",Daily,"6 तासांत डयुटी संपते",,
107454A,"Pune Rly. Stn. To Kudal Via Gaganbawda","Pune Rly. Stn.","Kudal St Depot",GAGANBAWDA,MO,24894,Margaiwadi,282.9,,,"पुणे स्टेशन",कोल्हापुर,237.4,18:15,23:45,"Non Obl",Daily,"6 तासांत डयुटी संपते",,
107454A,"Pune Rly. Stn. To Kudal Via Gaganbawda","Pune Rly. Stn.","Kudal St Depot",GAGANBAWDA,MO,24454,Khopadewadi,285.4,,,"पुणे स्टेशन",कोल्हापुर,237.4,18:15,23:45,"Non Obl",Daily,"6 तासांत डयुटी संपते",,
107454A,"Pune Rly. Stn. To Kudal Via Gaganbawda","Pune Rly. Stn.","Kudal St Depot",GAGANBAWDA,MO,30326,"Andur Fata",288.6,,,"पुणे स्टेशन",कोल्हापुर,237.4,18:15,23:45,"Non Obl",Daily,"6 तासांत डयुटी संपते",,
107454A,"Pune Rly. Stn. To Kudal Via Gaganbawda","Pune Rly. Stn.","Kudal St Depot",GAGANBAWDA,MO,25155,"Padalwadi Fata",291.8,,,"पुणे स्टेशन",कोल्हापुर,237.4,18:15,23:45,"Non Obl",Daily,"6 तासांत डयुटी संपते",,
107454A,"Pune Rly. Stn. To Kudal Via Gaganbawda","Pune Rly. Stn.","Kudal St Depot",GAGANBAWDA,MO,30324,"Asalaj Canteen",295.3,,,"पुणे स्टेशन",कोल्हापुर,237.4,18:15,23:45,"Non Obl",Daily,"6 तासांत डयुटी संपते",,
107454A,"Pune Rly. Stn. To Kudal Via Gaganbawda","Pune Rly. Stn.","Kudal St Depot",GAGANBAWDA,MO,25139,Pargavkarwadi,297.5,,,"पुणे स्टेशन",कोल्हापुर,237.4,18:15,23:45,"Non Obl",Daily,"6 तासांत डयुटी संपते",,
107454A,"Pune Rly. Stn. To Kudal Via Gaganbawda","Pune Rly. Stn.","Kudal St Depot",GAGANBAWDA,MO,25648,"Sangshi Canteen",298.3,,,"पुणे स्टेशन",कोल्हापुर,237.4,18:15,23:45,"Non Obl",Daily,"6 तासांत डयुटी संपते",,
107454A,"Pune Rly. Stn. To Kudal Via Gaganbawda","Pune Rly. Stn.","Kudal St Depot",GAGANBAWDA,MO,25662,"Sangshi Fata",300.3,,,"पुणे स्टेशन",कोल्हापुर,237.4,18:15,23:45,"Non Obl",Daily,"6 तासांत डयुटी संपते",,
107454A,"Pune Rly. Stn. To Kudal Via Gaganbawda","Pune Rly. Stn.","Kudal St Depot",GAGANBAWDA,MO,24105,Jambulnewadi,302.3,,,"पुणे स्टेशन",कोल्हापुर,237.4,18:15,23:45,"Non Obl",Daily,"6 तासांत डयुटी संपते",,
107454A,"Pune Rly. Stn. To Kudal Via Gaganbawda","Pune Rly. Stn.","Kudal St Depot",GAGANBAWDA,MO,23733,Gaganbawda,304.7,,,"पुणे स्टेशन",कोल्हापुर,237.4,18:15,23:45,"Non Obl",Daily,"6 तासांत डयुटी संपते",,
107454A,"Pune Rly. Stn. To Kudal Via Gaganbawda","Pune Rly. Stn.","Kudal St Depot",GAGANBAWDA,MO,9182,Bhattiwadi,313.7,,,"पुणे स्टेशन",कोल्हापुर,237.4,18:15,23:45,"Non Obl",Daily,"6 तासांत डयुटी संपते",,
107454A,"Pune Rly. Stn. To Kudal Via Gaganbawda","Pune Rly. Stn.","Kudal St Depot",GAGANBAWDA,MO,9212,"Karul High School",315.2,,,"पुणे स्टेशन",कोल्हापुर,237.4,18:15,23:45,"Non Obl",Daily,"6 तासांत डयुटी संपते",,
107454A,"Pune Rly. Stn. To Kudal Via Gaganbawda","Pune Rly. Stn.","Kudal St Depot",GAGANBAWDA,MO,9208,Jamadarwadi,316.7,,,"पुणे स्टेशन",कोल्हापुर,237.4,18:15,23:45,"Non Obl",Daily,"6 तासांत डयुटी संपते",,
107454A,"Pune Rly. Stn. To Kudal Via Gaganbawda","Pune Rly. Stn.","Kudal St Depot",GAGANBAWDA,MO,9297,"Water Tank",319.7,,,"पुणे स्टेशन",कोल्हापुर,237.4,18:15,23:45,"Non Obl",Daily,"6 तासांत डयुटी संपते",,
107454A,"Pune Rly. Stn. To Kudal Via Gaganbawda","Pune Rly. Stn.","Kudal St Depot",GAGANBAWDA,MO,9291,Vaibhavwadi,322.7,,,"पुणे स्टेशन",कोल्हापुर,237.4,18:15,23:45,"Non Obl",Daily,"6 तासांत डयुटी संपते",,
107454A,"Pune Rly. Stn. To Kudal Via Gaganbawda","Pune Rly. Stn.","Kudal St Depot",GAGANBAWDA,MO,9181,Bandhwadi,325.7,,,"पुणे स्टेशन",कोल्हापुर,237.4,18:15,23:45,"Non Obl",Daily,"6 तासांत डयुटी संपते",,
107454A,"Pune Rly. Stn. To Kudal Via Gaganbawda","Pune Rly. Stn.","Kudal St Depot",GAGANBAWDA,MO,9213,"Kasale Wadi",327.7,,,"पुणे स्टेशन",कोल्हापुर,237.4,18:15,23:45,"Non Obl",Daily,"6 तासांत डयुटी संपते",,
107454A,"Pune Rly. Stn. To Kudal Via Gaganbawda","Pune Rly. Stn.","Kudal St Depot",GAGANBAWDA,MO,9278,Tamhanarwadi,331.7,,,"पुणे स्टेशन",कोल्हापुर,237.4,18:15,23:45,"Non Obl",Daily,"6 तासांत डयुटी संपते",,
107454A,"Pune Rly. Stn. To Kudal Via Gaganbawda","Pune Rly. Stn.","Kudal St Depot",GAGANBAWDA,MO,2796,"Kasarde Buddhawadi",333.7,,,"पुणे स्टेशन",कोल्हापुर,237.4,18:15,23:45,"Non Obl",Daily,"6 तासांत डयुटी संपते",,
107454A,"Pune Rly. Stn. To Kudal Via Gaganbawda","Pune Rly. Stn.","Kudal St Depot",GAGANBAWDA,MO,2982,Tarla,336.9,,,"पुणे स्टेशन",कोल्हापुर,237.4,18:15,23:45,"Non Obl",Daily,"6 तासांत डयुटी संपते",,
107454A,"Pune Rly. Stn. To Kudal Via Gaganbawda","Pune Rly. Stn.","Kudal St Depot",GAGANBAWDA,MO,2997,"Vijaydurg Fata",337.7,,,"पुणे स्टेशन",कोल्हापुर,237.4,18:15,23:45,"Non Obl",Daily,"6 तासांत डयुटी संपते",,
107454A,"Pune Rly. Stn. To Kudal Via Gaganbawda","Pune Rly. Stn.","Kudal St Depot",GAGANBAWDA,MO,2673,"Bramhan Wadi",339.9,,,"पुणे स्टेशन",कोल्हापुर,237.4,18:15,23:45,"Non Obl",Daily,"6 तासांत डयुटी संपते",,
107454A,"Pune Rly. Stn. To Kudal Via Gaganbawda","Pune Rly. Stn.","Kudal St Depot",GAGANBAWDA,MO,2872,"Nandgaon Nursary",343.7,,,"पुणे स्टेशन",कोल्हापुर,237.4,18:15,23:45,"Non Obl",Daily,"6 तासांत डयुटी संपते",,
107454A,"Pune Rly. Stn. To Kudal Via Gaganbawda","Pune Rly. Stn.","Kudal St Depot",GAGANBAWDA,MO,2871,"Nandgaon Fata",345,,,"पुणे स्टेशन",कोल्हापुर,237.4,18:15,23:45,"Non Obl",Daily,"6 तासांत डयुटी संपते",,
107454A,"Pune Rly. Stn. To Kudal Via Gaganbawda","Pune Rly. Stn.","Kudal St Depot",GAGANBAWDA,MO,2870,"Nandgaon Datta Mandir",347.2,,,"पुणे स्टेशन",कोल्हापुर,237.4,18:15,23:45,"Non Obl",Daily,"6 तासांत डयुटी संपते",,
107454A,"Pune Rly. Stn. To Kudal Via Gaganbawda","Pune Rly. Stn.","Kudal St Depot",GAGANBAWDA,MO,2655,Belane,349.6,,,"पुणे स्टेशन",कोल्हापुर,237.4,18:15,23:45,"Non Obl",Daily,"6 तासांत डयुटी संपते",,
107454A,"Pune Rly. Stn. To Kudal Via Gaganbawda","Pune Rly. Stn.","Kudal St Depot",GAGANBAWDA,MO,2756,"Humrat Titha",351.8,,,"पुणे स्टेशन",कोल्हापुर,237.4,18:15,23:45,"Non Obl",Daily,"6 तासांत डयुटी संपते",,
107454A,"Pune Rly. Stn. To Kudal Via Gaganbawda","Pune Rly. Stn.","Kudal St Depot",GAGANBAWDA,MO,2768,"Janavali Gavthanwadi",356.1,,,"पुणे स्टेशन",कोल्हापुर,237.4,18:15,23:45,"Non Obl",Daily,"6 तासांत डयुटी संपते",,
107454A,"Pune Rly. Stn. To Kudal Via Gaganbawda","Pune Rly. Stn.","Kudal St Depot",GAGANBAWDA,MO,2786,Kankavli,359.9,,,"पुणे स्टेशन",कोल्हापुर,237.4,18:15,23:45,"Non Obl",Daily,"6 तासांत डयुटी संपते",,
107454A,"Pune Rly. Stn. To Kudal Via Gaganbawda","Pune Rly. Stn.","Kudal St Depot",GAGANBAWDA,MO,3002,Wagde,362.1,,,"पुणे स्टेशन",कोल्हापुर,237.4,18:15,23:45,"Non Obl",Daily,"6 तासांत डयुटी संपते",,
107454A,"Pune Rly. Stn. To Kudal Via Gaganbawda","Pune Rly. Stn.","Kudal St Depot",GAGANBAWDA,MO,2692,Dangalwadi,365.1,,,"पुणे स्टेशन",कोल्हापुर,237.4,18:15,23:45,"Non Obl",Daily,"6 तासांत डयुटी संपते",,
107454A,"Pune Rly. Stn. To Kudal Via Gaganbawda","Pune Rly. Stn.","Kudal St Depot",GAGANBAWDA,MO,2891,"Osargaon Talav",368.6,,,"पुणे स्टेशन",कोल्हापुर,237.4,18:15,23:45,"Non Obl",Daily,"6 तासांत डयुटी संपते",,
107454A,"Pune Rly. Stn. To Kudal Via Gaganbawda","Pune Rly. Stn.","Kudal St Depot",GAGANBAWDA,MO,2890,"Osargaon Post",370,,,"पुणे स्टेशन",कोल्हापुर,237.4,18:15,23:45,"Non Obl",Daily,"6 तासांत डयुटी संपते",,
107454A,"Pune Rly. Stn. To Kudal Via Gaganbawda","Pune Rly. Stn.","Kudal St Depot",GAGANBAWDA,MO,2889,"Osargaon Godaoon",371.3,,,"पुणे स्टेशन",कोल्हापुर,237.4,18:15,23:45,"Non Obl",Daily,"6 तासांत डयुटी संपते",,
107454A,"Pune Rly. Stn. To Kudal Via Gaganbawda","Pune Rly. Stn.","Kudal St Depot",GAGANBAWDA,MO,6281,Kasal,374.3,,,"पुणे स्टेशन",कोल्हापुर,237.4,18:15,23:45,"Non Obl",Daily,"6 तासांत डयुटी संपते",,
107454A,"Pune Rly. Stn. To Kudal Via Gaganbawda","Pune Rly. Stn.","Kudal St Depot",GAGANBAWDA,MO,6116,Awali,377.6,,,"पुणे स्टेशन",कोल्हापुर,237.4,18:15,23:45,"Non Obl",Daily,"6 तासांत डयुटी संपते",,
107454A,"Pune Rly. Stn. To Kudal Via Gaganbawda","Pune Rly. Stn.","Kudal St Depot",GAGANBAWDA,MO,6226,"Jaitapkar Colany",378.3,,,"पुणे स्टेशन",कोल्हापुर,237.4,18:15,23:45,"Non Obl",Daily,"6 तासांत डयुटी संपते",,
107454A,"Pune Rly. Stn. To Kudal Via Gaganbawda","Pune Rly. Stn.","Kudal St Depot",GAGANBAWDA,MO,6362,"Oros Bus Stnad",379.7,,,"पुणे स्टेशन",कोल्हापुर,237.4,18:15,23:45,"Non Obl",Daily,"6 तासांत डयुटी संपते",,
107454A,"Pune Rly. Stn. To Kudal Via Gaganbawda","Pune Rly. Stn.","Kudal St Depot",GAGANBAWDA,MO,6224,"Jijamata Hospital",382,,,"पुणे स्टेशन",कोल्हापुर,237.4,18:15,23:45,"Non Obl",Daily,"6 तासांत डयुटी संपते",,
107454A,"Pune Rly. Stn. To Kudal Via Gaganbawda","Pune Rly. Stn.","Kudal St Depot",GAGANBAWDA,MO,6204,"Humarmala Kasale Dukan",382.7,,,"पुणे स्टेशन",कोल्हापुर,237.4,18:15,23:45,"Non Obl",Daily,"6 तासांत डयुटी संपते",,
107454A,"Pune Rly. Stn. To Kudal Via Gaganbawda","Pune Rly. Stn.","Kudal St Depot",GAGANBAWDA,MO,6378,"Pandur Titha",386,,,"पुणे स्टेशन",कोल्हापुर,237.4,18:15,23:45,"Non Obl",Daily,"6 तासांत डयुटी संपते",,
107454A,"Pune Rly. Stn. To Kudal Via Gaganbawda","Pune Rly. Stn.","Kudal St Depot",GAGANBAWDA,MO,88100,Vetalbambarde,388,,,"पुणे स्टेशन",कोल्हापुर,237.4,18:15,23:45,"Non Obl",Daily,"6 तासांत डयुटी संपते",,
107454A,"Pune Rly. Stn. To Kudal Via Gaganbawda","Pune Rly. Stn.","Kudal St Depot",GAGANBAWDA,MO,6380,"Pawashi Panchayat",391.1,,,"पुणे स्टेशन",कोल्हापुर,237.4,18:15,23:45,"Non Obl",Daily,"6 तासांत डयुटी संपते",,
107454A,"Pune Rly. Stn. To Kudal Via Gaganbawda","Pune Rly. Stn.","Kudal St Depot",GAGANBAWDA,MO,6240,"Kudal St Depot",392.1,,,"पुणे स्टेशन",कोल्हापुर,237.4,18:15,23:45,"Non Obl",Daily,"6 तासांत डयुटी संपते",,
107454A,"Pune Rly. Stn. To Kudal Via Gaganbawda","Pune Rly. Stn.","Kudal St Depot",GAGANBAWDA,MO,6237,"Kudal St Depot",393.6,,,"पुणे स्टेशन",कोल्हापुर,237.4,18:15,23:45,"Non Obl",Daily,"6 तासांत डयुटी संपते",,
107454A,"Pune Rly. Stn. To Kudal Via Gaganbawda","Pune Rly. Stn.","Kudal St Depot",GAGANBAWDA,MO,6240,"Kudal St Depot",395.1,,,"पुणे स्टेशन",कोल्हापुर,237.4,18:15,23:45,"Non Obl",Daily,"6 तासांत डयुटी संपते",,
125961A,"Pandharpur To Kudal St Depot Via Phonda",Pandharpur,"Kudal St Depot",PHONDA,MO,43899,Pandharpur,,,,पंभ्रपुर,"कुडाळ आगार",340.3,05:15,14:40,,,,,
125961A,"Pandharpur To Kudal St Depot Via Phonda",Pandharpur,"Kudal St Depot",PHONDA,MO,43827,"Kasegaon Fata",7.2,,,पंभ्रपुर,"कुडाळ आगार",340.3,05:15,14:40,,,,,
125961A,"Pandharpur To Kudal St Depot Via Phonda",Pandharpur,"Kudal St Depot",PHONDA,MO,43806,Khardi,15.3,,,पंभ्रपुर,"कुडाळ आगार",340.3,05:15,14:40,,,,,
125961A,"Pandharpur To Kudal St Depot Via Phonda",Pandharpur,"Kudal St Depot",PHONDA,MO,47639,Sangewadi,19.2,,,पंभ्रपुर,"कुडाळ आगार",340.3,05:15,14:40,,,,,
125961A,"Pandharpur To Kudal St Depot Via Phonda",Pandharpur,"Kudal St Depot",PHONDA,MO,43692,Bamni,24.2,,,पंभ्रपुर,"कुडाळ आगार",340.3,05:15,14:40,,,,,
125961A,"Pandharpur To Kudal St Depot Via Phonda",Pandharpur,"Kudal St Depot",PHONDA,MO,47652,Sangola,34.9,,,पंभ्रपुर,"कुडाळ आगार",340.3,05:15,14:40,,,,,
125961A,"Pandharpur To Kudal St Depot Via Phonda",Pandharpur,"Kudal St Depot",PHONDA,MO,47552,Kamalapur,40.4,,,पंभ्रपुर,"कुडाळ आगार",340.3,05:15,14:40,,,,,
125961A,"Pandharpur To Kudal St Depot Via Phonda",Pandharpur,"Kudal St Depot",PHONDA,MO,47679,Vatamare,48.7,,,पंभ्रपुर,"कुडाळ आगार",340.3,05:15,14:40,,,,,
125961A,"Pandharpur To Kudal St Depot Via Phonda",Pandharpur,"Kudal St Depot",PHONDA,MO,47617,"Nazare Math",51.4,,,पंभ्रपुर,"कुडाळ आगार",340.3,05:15,14:40,,,,,
125961A,"Pandharpur To Kudal St Depot Via Phonda",Pandharpur,"Kudal St Depot",PHONDA,MO,47534,Hatit,58.1,,,पंभ्रपुर,"कुडाळ आगार",340.3,05:15,14:40,,,,,
125961A,"Pandharpur To Kudal St Depot Via Phonda",Pandharpur,"Kudal St Depot",PHONDA,MO,47548,Junoni,67.5,,,पंभ्रपुर,"कुडाळ आगार",340.3,05:15,14:40,,,,,
125961A,"Pandharpur To Kudal St Depot Via Phonda",Pandharpur,"Kudal St Depot",PHONDA,MO,47522,"Ghorpadi Fata.",70.8,,,पंभ्रपुर,"कुडाळ आगार",340.3,05:15,14:40,,,,,
125961A,"Pandharpur To Kudal St Depot Via Phonda",Pandharpur,"Kudal St Depot",PHONDA,MO,32930,"Nagaj Fata",75.3,,,पंभ्रपुर,"कुडाळ आगार",340.3,05:15,14:40,,,,,
125961A,"Pandharpur To Kudal St Depot Via Phonda",Pandharpur,"Kudal St Depot",PHONDA,MO,32870,"Kuchi Fata",90.2,,,पंभ्रपुर,"कुडाळ आगार",340.3,05:15,14:40,,,,,
125961A,"Pandharpur To Kudal St Depot Via Phonda",Pandharpur,"Kudal St Depot",PHONDA,MO,32950,Shirdhon,98.2,,,पंभ्रपुर,"कुडाळ आगार",340.3,05:15,14:40,,,,,
125961A,"Pandharpur To Kudal St Depot Via Phonda",Pandharpur,"Kudal St Depot",PHONDA,MO,33967,Miraj,129.4,,,पंभ्रपुर,"कुडाळ आगार",340.3,05:15,14:40,,,,,
125961A,"Pandharpur To Kudal St Depot Via Phonda",Pandharpur,"Kudal St Depot",PHONDA,MO,34093,Sangli,141.3,,,पंभ्रपुर,"कुडाळ आगार",340.3,05:15,14:40,,,,,
125961A,"Pandharpur To Kudal St Depot Via Phonda",Pandharpur,"Kudal St Depot",PHONDA,MO,33649,Ankali,147.5,,,पंभ्रपुर,"कुडाळ आगार",340.3,05:15,14:40,,,,,
125961A,"Pandharpur To Kudal St Depot Via Phonda",Pandharpur,"Kudal St Depot",PHONDA,MO,24135,Jaisingpur,150.2,,,पंभ्रपुर,"कुडाळ आगार",340.3,05:15,14:40,,,,,
125961A,"Pandharpur To Kudal St Depot Via Phonda",Pandharpur,"Kudal St Depot",PHONDA,MO,24013,Hatkanangale,165.5,,,पंभ्रपुर,"कुडाळ आगार",340.3,05:15,14:40,,,,,
125961A,"Pandharpur To Kudal St Depot Via Phonda",Pandharpur,"Kudal St Depot",PHONDA,MO,23822,"Ghodawat Knowledge City",166.5,,,पंभ्रपुर,"कुडाळ आगार",340.3,05:15,14:40,,,,,
125961A,"Pandharpur To Kudal St Depot Via Phonda",Pandharpur,"Kudal St Depot",PHONDA,MO,23093,Atigre,172.5,,,पंभ्रपुर,"कुडाळ आगार",340.3,05:15,14:40,,,,,
125961A,"Pandharpur To Kudal St Depot Via Phonda",Pandharpur,"Kudal St Depot",PHONDA,MO,24946,"Mouje Vadgaon Fata",178.5,,,पंभ्रपुर,"कुडाळ आगार",340.3,05:15,14:40,,,,,
125961A,"Pandharpur To Kudal St Depot Via Phonda",Pandharpur,"Kudal St Depot",PHONDA,MO,34757,"Sangali Fata",181.3,,,पंभ्रपुर,"कुडाळ आगार",340.3,05:15,14:40,,,,,
125961A,"Pandharpur To Kudal St Depot Via Phonda",Pandharpur,"Kudal St Depot",PHONDA,MO,25536,"Shahu Market Yard",185.4,,,पंभ्रपुर,"कुडाळ आगार",340.3,05:15,14:40,,,,,
125961A,"Pandharpur To Kudal St Depot Via Phonda",Pandharpur,"Kudal St Depot",PHONDA,MO,24359,Kolhapur,188,,,पंभ्रपुर,"कुडाळ आगार",340.3,05:15,14:40,,,,,
125961A,"Pandharpur To Kudal St Depot Via Phonda",Pandharpur,"Kudal St Depot",PHONDA,MO,23625,"Dasara Chwok",190.8,,,पंभ्रपुर,"कुडाळ आगार",340.3,05:15,14:40,,,,,
125961A,"Pandharpur To Kudal St Depot Via Phonda",Pandharpur,"Kudal St Depot",PHONDA,MO,25400,Rankala,191.4,,,पंभ्रपुर,"कुडाळ आगार",340.3,05:15,14:40,,,,,
125961A,"Pandharpur To Kudal St Depot Via Phonda",Pandharpur,"Kudal St Depot",PHONDA,MO,25083,"New Washi Naka",197.2,,,पंभ्रपुर,"कुडाळ आगार",340.3,05:15,14:40,,,,,
125961A,"Pandharpur To Kudal St Depot Via Phonda",Pandharpur,"Kudal St Depot",PHONDA,MO,26066,Washi,200.2,,,पंभ्रपुर,"कुडाळ आगार",340.3,05:15,14:40,,,,,
125961A,"Pandharpur To Kudal St Depot Via Phonda",Pandharpur,"Kudal St Depot",PHONDA,MO,24388,Kandgaon,203.8,,,पंभ्रपुर,"कुडाळ आगार",340.3,05:15,14:40,,,,,
125961A,"Pandharpur To Kudal St Depot Via Phonda",Pandharpur,"Kudal St Depot",PHONDA,MO,23945,Haldi,207.6,,,पंभ्रपुर,"कुडाळ आगार",340.3,05:15,14:40,,,,,
125961A,"Pandharpur To Kudal St Depot Via Phonda",Pandharpur,"Kudal St Depot",PHONDA,MO,24444,Kothali,207.8,,,पंभ्रपुर,"कुडाळ आगार",340.3,05:15,14:40,,,,,
125961A,"Pandharpur To Kudal St Depot Via Phonda",Pandharpur,"Kudal St Depot",PHONDA,MO,24502,Kurukali,210.5,,,पंभ्रपुर,"कुडाळ आगार",340.3,05:15,14:40,,,,,
125961A,"Pandharpur To Kudal St Depot Via Phonda",Pandharpur,"Kudal St Depot",PHONDA,MO,24501,"Kurukali College",211.3,,,पंभ्रपुर,"कुडाळ आगार",340.3,05:15,14:40,,,,,
125961A,"Pandharpur To Kudal St Depot Via Phonda",Pandharpur,"Kudal St Depot",PHONDA,MO,25256,Parite,211.8,,,पंभ्रपुर,"कुडाळ आगार",340.3,05:15,14:40,,,,,
125961A,"Pandharpur To Kudal St Depot Via Phonda",Pandharpur,"Kudal St Depot",PHONDA,MO,23216,"Bhogavati Sugar Factory",215.7,,,पंभ्रपुर,"कुडाळ आगार",340.3,05:15,14:40,,,,,
125961A,"Pandharpur To Kudal St Depot Via Phonda",Pandharpur,"Kudal St Depot",PHONDA,MO,23768,Ghotavade,217.8,,,पंभ्रपुर,"कुडाळ आगार",340.3,05:15,14:40,,,,,
125961A,"Pandharpur To Kudal St Depot Via Phonda",Pandharpur,"Kudal St Depot",PHONDA,MO,25521,Shirase,221.5,,,पंभ्रपुर,"कुडाळ आगार",340.3,05:15,14:40,,,,,
125961A,"Pandharpur To Kudal St Depot Via Phonda",Pandharpur,"Kudal St Depot",PHONDA,MO,30597,"Awali Budruk",224.5,,,पंभ्रपुर,"कुडाळ आगार",340.3,05:15,14:40,,,,,
125961A,"Pandharpur To Kudal St Depot Via Phonda",Pandharpur,"Kudal St Depot",PHONDA,MO,23049,Anaje,229.8,,,पंभ्रपुर,"कुडाळ आगार",340.3,05:15,14:40,,,,,
125961A,"Pandharpur To Kudal St Depot Via Phonda",Pandharpur,"Kudal St Depot",PHONDA,MO,24322,"Khindi Vharavade",232.7,,,पंभ्रपुर,"कुडाळ आगार",340.3,05:15,14:40,,,,,
125961A,"Pandharpur To Kudal St Depot Via Phonda",Pandharpur,"Kudal St Depot",PHONDA,MO,23720,Gaibi,235.6,,,पंभ्रपुर,"कुडाळ आगार",340.3,05:15,14:40,,,,,
125961A,"Pandharpur To Kudal St Depot Via Phonda",Pandharpur,"Kudal St Depot",PHONDA,MO,25336,Radhanagari,240.4,,,पंभ्रपुर,"कुडाळ आगार",340.3,05:15,14:40,,,,,
125961A,"Pandharpur To Kudal St Depot Via Phonda",Pandharpur,"Kudal St Depot",PHONDA,MO,24014,Hatimahal,242.2,,,पंभ्रपुर,"कुडाळ आगार",340.3,05:15,14:40,,,,,
125961A,"Pandharpur To Kudal St Depot Via Phonda",Pandharpur,"Kudal St Depot",PHONDA,MO,23695,Fejiwade,244.6,,,पंभ्रपुर,"कुडाळ आगार",340.3,05:15,14:40,,,,,
125961A,"Pandharpur To Kudal St Depot Via Phonda",Pandharpur,"Kudal St Depot",PHONDA,MO,25393,"Radhanagri Dam",245.6,,,पंभ्रपुर,"कुडाळ आगार",340.3,05:15,14:40,,,,,
125961A,"Pandharpur To Kudal St Depot Via Phonda",Pandharpur,"Kudal St Depot",PHONDA,MO,23676,"Dawoodwadi Fata",248.2,,,पंभ्रपुर,"कुडाळ आगार",340.3,05:15,14:40,,,,,
125961A,"Pandharpur To Kudal St Depot Via Phonda",Pandharpur,"Kudal St Depot",PHONDA,MO,23683,Ejiwade,250.8,,,पंभ्रपुर,"कुडाळ आगार",340.3,05:15,14:40,,,,,
125961A,"Pandharpur To Kudal St Depot Via Phonda",Pandharpur,"Kudal St Depot",PHONDA,MO,25530,Shelap,254.2,,,पंभ्रपुर,"कुडाळ आगार",340.3,05:15,14:40,,,,,
125961A,"Pandharpur To Kudal St Depot Via Phonda",Pandharpur,"Kudal St Depot",PHONDA,MO,23137,Bambar,257.2,,,पंभ्रपुर,"कुडाळ आगार",340.3,05:15,14:40,,,,,
125961A,"Pandharpur To Kudal St Depot Via Phonda",Pandharpur,"Kudal St Depot",PHONDA,MO,25038,Naniwade,259.8,,,पंभ्रपुर,"कुडाळ आगार",340.3,05:15,14:40,,,,,
125961A,"Pandharpur To Kudal St Depot Via Phonda",Pandharpur,"Kudal St Depot",PHONDA,MO,24004,Hasane,263.2,,,पंभ्रपुर,"कुडाळ आगार",340.3,05:15,14:40,,,,,
125961A,"Pandharpur To Kudal St Depot Via Phonda",Pandharpur,"Kudal St Depot",PHONDA,MO,23566,Dajipur,269.7,,,पंभ्रपुर,"कुडाळ आगार",340.3,05:15,14:40,,,,,
125961A,"Pandharpur To Kudal St Depot Via Phonda",Pandharpur,"Kudal St Depot",PHONDA,MO,2723,"Ganguchi Wadi",281.6,,,पंभ्रपुर,"कुडाळ आगार",340.3,05:15,14:40,,,,,
125961A,"Pandharpur To Kudal St Depot Via Phonda",Pandharpur,"Kudal St Depot",PHONDA,MO,2904,Phonda,285.9,,,पंभ्रपुर,"कुडाळ आगार",340.3,05:15,14:40,,,,,
125961A,"Pandharpur To Kudal St Depot Via Phonda",Pandharpur,"Kudal St Depot",PHONDA,MO,2787,"Kankavli Nandgaon Fata",289.2,,,पंभ्रपुर,"कुडाळ आगार",340.3,05:15,14:40,,,,,
125961A,"Pandharpur To Kudal St Depot Via Phonda",Pandharpur,"Kudal St Depot",PHONDA,MO,2781,Kanadewadi,291.6,,,पंभ्रपुर,"कुडाळ आगार",340.3,05:15,14:40,,,,,
125961A,"Pandharpur To Kudal St Depot Via Phonda",Pandharpur,"Kudal St Depot",PHONDA,MO,2928,Ranastambh,294.4,,,पंभ्रपुर,"कुडाळ आगार",340.3,05:15,14:40,,,,,
125961A,"Pandharpur To Kudal St Depot Via Phonda",Pandharpur,"Kudal St Depot",PHONDA,MO,2757,"Humrath Mal Ghorpiwadi",295.4,,,पंभ्रपुर,"कुडाळ आगार",340.3,05:15,14:40,,,,,
125961A,"Pandharpur To Kudal St Depot Via Phonda",Pandharpur,"Kudal St Depot",PHONDA,MO,2756,"Humrat Titha",296.9,,,पंभ्रपुर,"कुडाळ आगार",340.3,05:15,14:40,,,,,
125961A,"Pandharpur To Kudal St Depot Via Phonda",Pandharpur,"Kudal St Depot",PHONDA,MO,2768,"Janavali Gavthanwadi",300.8,,,पंभ्रपुर,"कुडाळ आगार",340.3,05:15,14:40,,,,,
125961A,"Pandharpur To Kudal St Depot Via Phonda",Pandharpur,"Kudal St Depot",PHONDA,MO,2786,Kankavli,303.8,,,पंभ्रपुर,"कुडाळ आगार",340.3,05:15,14:40,,,,,
125961A,"Pandharpur To Kudal St Depot Via Phonda",Pandharpur,"Kudal St Depot",PHONDA,MO,3001,"Wagade Gpo",309,,,पंभ्रपुर,"कुडाळ आगार",340.3,05:15,14:40,,,,,
125961A,"Pandharpur To Kudal St Depot Via Phonda",Pandharpur,"Kudal St Depot",PHONDA,MO,2692,Dangalwadi,310.9,,,पंभ्रपुर,"कुडाळ आगार",340.3,05:15,14:40,,,,,
125961A,"Pandharpur To Kudal St Depot Via Phonda",Pandharpur,"Kudal St Depot",PHONDA,MO,2891,"Osargaon Talav",312.8,,,पंभ्रपुर,"कुडाळ आगार",340.3,05:15,14:40,,,,,
125961A,"Pandharpur To Kudal St Depot Via Phonda",Pandharpur,"Kudal St Depot",PHONDA,MO,2890,"Osargaon Post",313.1,,,पंभ्रपुर,"कुडाळ आगार",340.3,05:15,14:40,,,,,
125961A,"Pandharpur To Kudal St Depot Via Phonda",Pandharpur,"Kudal St Depot",PHONDA,MO,2698,Dewoolwadi,316.5,,,पंभ्रपुर,"कुडाळ आगार",340.3,05:15,14:40,,,,,
125961A,"Pandharpur To Kudal St Depot Via Phonda",Pandharpur,"Kudal St Depot",PHONDA,MO,2795,"Kasal Bridge Hiwale Fata",317,,,पंभ्रपुर,"कुडाळ आगार",340.3,05:15,14:40,,,,,
125961A,"Pandharpur To Kudal St Depot Via Phonda",Pandharpur,"Kudal St Depot",PHONDA,MO,6281,Kasal,320.3,,,पंभ्रपुर,"कुडाळ आगार",340.3,05:15,14:40,,,,,
125961A,"Pandharpur To Kudal St Depot Via Phonda",Pandharpur,"Kudal St Depot",PHONDA,MO,6116,Awali,322.1,,,पंभ्रपुर,"कुडाळ आगार",340.3,05:15,14:40,,,,,
125961A,"Pandharpur To Kudal St Depot Via Phonda",Pandharpur,"Kudal St Depot",PHONDA,MO,6362,"Oros Bus Stnad",325.6,,,पंभ्रपुर,"कुडाळ आगार",340.3,05:15,14:40,,,,,
125961A,"Pandharpur To Kudal St Depot Via Phonda",Pandharpur,"Kudal St Depot",PHONDA,MO,6224,"Jijamata Hospital",327,,,पंभ्रपुर,"कुडाळ आगार",340.3,05:15,14:40,,,,,
125961A,"Pandharpur To Kudal St Depot Via Phonda",Pandharpur,"Kudal St Depot",PHONDA,MO,6204,"Humarmala Kasale Dukan",329.8,,,पंभ्रपुर,"कुडाळ आगार",340.3,05:15,14:40,,,,,
125961A,"Pandharpur To Kudal St Depot Via Phonda",Pandharpur,"Kudal St Depot",PHONDA,MO,6378,"Pandur Titha",331.7,,,पंभ्रपुर,"कुडाळ आगार",340.3,05:15,14:40,,,,,
125961A,"Pandharpur To Kudal St Depot Via Phonda",Pandharpur,"Kudal St Depot",PHONDA,MO,88100,Vetalbambarde,333.8,,,पंभ्रपुर,"कुडाळ आगार",340.3,05:15,14:40,,,,,
125961A,"Pandharpur To Kudal St Depot Via Phonda",Pandharpur,"Kudal St Depot",PHONDA,MO,6380,"Pawashi Panchayat",336.1,,,पंभ्रपुर,"कुडाळ आगार",340.3,05:15,14:40,,,,,
125961A,"Pandharpur To Kudal St Depot Via Phonda",Pandharpur,"Kudal St Depot",PHONDA,MO,6237,"Kudal St Depot",338.8,,,पंभ्रपुर,"कुडाळ आगार",340.3,05:15,14:40,,,,,
125961A,"Pandharpur To Kudal St Depot Via Phonda",Pandharpur,"Kudal St Depot",PHONDA,MO,6240,"Kudal St Depot",340.3,,,पंभ्रपुर,"कुडाळ आगार",340.3,05:15,14:40,,,,,
129538A,"Kudal St Depot To Pandharpur","Kudal St Depot",Pandharpur,PHONDA,MO,6240,"Kudal St Depot",,,,"कुडाळ आगार",पंभ्रपुर,340.3,10:30,19:55,,,,,
129538A,"Kudal St Depot To Pandharpur","Kudal St Depot",Pandharpur,PHONDA,MO,6237,"Kudal St Depot",1.5,,,"कुडाळ आगार",पंभ्रपुर,340.3,10:30,19:55,,,,,
129538A,"Kudal St Depot To Pandharpur","Kudal St Depot",Pandharpur,PHONDA,MO,6380,"Pawashi Panchayat",4.2,,,"कुडाळ आगार",पंभ्रपुर,340.3,10:30,19:55,,,,,
129538A,"Kudal St Depot To Pandharpur","Kudal St Depot",Pandharpur,PHONDA,MO,88100,Vetalbambarde,6.5,,,"कुडाळ आगार",पंभ्रपुर,340.3,10:30,19:55,,,,,
129538A,"Kudal St Depot To Pandharpur","Kudal St Depot",Pandharpur,PHONDA,MO,6378,"Pandur Titha",8.6,,,"कुडाळ आगार",पंभ्रपुर,340.3,10:30,19:55,,,,,
129538A,"Kudal St Depot To Pandharpur","Kudal St Depot",Pandharpur,PHONDA,MO,6204,"Humarmala Kasale Dukan",10.5,,,"कुडाळ आगार",पंभ्रपुर,340.3,10:30,19:55,,,,,
129538A,"Kudal St Depot To Pandharpur","Kudal St Depot",Pandharpur,PHONDA,MO,6224,"Jijamata Hospital",13.3,,,"कुडाळ आगार",पंभ्रपुर,340.3,10:30,19:55,,,,,
129538A,"Kudal St Depot To Pandharpur","Kudal St Depot",Pandharpur,PHONDA,MO,6362,"Oros Bus Stnad",14.7,,,"कुडाळ आगार",पंभ्रपुर,340.3,10:30,19:55,,,,,
129538A,"Kudal St Depot To Pandharpur","Kudal St Depot",Pandharpur,PHONDA,MO,6116,Awali,18.2,,,"कुडाळ आगार",पंभ्रपुर,340.3,10:30,19:55,,,,,
129538A,"Kudal St Depot To Pandharpur","Kudal St Depot",Pandharpur,PHONDA,MO,6281,Kasal,20,,,"कुडाळ आगार",पंभ्रपुर,340.3,10:30,19:55,,,,,
129538A,"Kudal St Depot To Pandharpur","Kudal St Depot",Pandharpur,PHONDA,MO,2795,"Kasal Bridge Hiwale Fata",23.3,,,"कुडाळ आगार",पंभ्रपुर,340.3,10:30,19:55,,,,,
129538A,"Kudal St Depot To Pandharpur","Kudal St Depot",Pandharpur,PHONDA,MO,2698,Dewoolwadi,23.8,,,"कुडाळ आगार",पंभ्रपुर,340.3,10:30,19:55,,,,,
129538A,"Kudal St Depot To Pandharpur","Kudal St Depot",Pandharpur,PHONDA,MO,2890,"Osargaon Post",27.2,,,"कुडाळ आगार",पंभ्रपुर,340.3,10:30,19:55,,,,,
129538A,"Kudal St Depot To Pandharpur","Kudal St Depot",Pandharpur,PHONDA,MO,2891,"Osargaon Talav",27.5,,,"कुडाळ आगार",पंभ्रपुर,340.3,10:30,19:55,,,,,
129538A,"Kudal St Depot To Pandharpur","Kudal St Depot",Pandharpur,PHONDA,MO,2692,Dangalwadi,29.4,,,"कुडाळ आगार",पंभ्रपुर,340.3,10:30,19:55,,,,,
129538A,"Kudal St Depot To Pandharpur","Kudal St Depot",Pandharpur,PHONDA,MO,3001,"Wagade Gpo",31.3,,,"कुडाळ आगार",पंभ्रपुर,340.3,10:30,19:55,,,,,
129538A,"Kudal St Depot To Pandharpur","Kudal St Depot",Pandharpur,PHONDA,MO,2786,Kankavli,36.5,,,"कुडाळ आगार",पंभ्रपुर,340.3,10:30,19:55,,,,,
129538A,"Kudal St Depot To Pandharpur","Kudal St Depot",Pandharpur,PHONDA,MO,2768,"Janavali Gavthanwadi",39.5,,,"कुडाळ आगार",पंभ्रपुर,340.3,10:30,19:55,,,,,
129538A,"Kudal St Depot To Pandharpur","Kudal St Depot",Pandharpur,PHONDA,MO,2756,"Humrat Titha",43.4,,,"कुडाळ आगार",पंभ्रपुर,340.3,10:30,19:55,,,,,
129538A,"Kudal St Depot To Pandharpur","Kudal St Depot",Pandharpur,PHONDA,MO,2757,"Humrath Mal Ghorpiwadi",44.9,,,"कुडाळ आगार",पंभ्रपुर,340.3,10:30,19:55,,,,,
129538A,"Kudal St Depot To Pandharpur","Kudal St Depot",Pandharpur,PHONDA,MO,2928,Ranastambh,45.9,,,"कुडाळ आगार",पंभ्रपुर,340.3,10:30,19:55,,,,,
129538A,"Kudal St Depot To Pandharpur","Kudal St Depot",Pandharpur,PHONDA,MO,2781,Kanadewadi,48.7,,,"कुडाळ आगार",पंभ्रपुर,340.3,10:30,19:55,,,,,
129538A,"Kudal St Depot To Pandharpur","Kudal St Depot",Pandharpur,PHONDA,MO,2787,"Kankavli Nandgaon Fata",51.1,,,"कुडाळ आगार",पंभ्रपुर,340.3,10:30,19:55,,,,,
129538A,"Kudal St Depot To Pandharpur","Kudal St Depot",Pandharpur,PHONDA,MO,2904,Phonda,54.4,,,"कुडाळ आगार",पंभ्रपुर,340.3,10:30,19:55,,,,,
129538A,"Kudal St Depot To Pandharpur","Kudal St Depot",Pandharpur,PHONDA,MO,2723,"Ganguchi Wadi",58.7,,,"कुडाळ आगार",पंभ्रपुर,340.3,10:30,19:55,,,,,
129538A,"Kudal St Depot To Pandharpur","Kudal St Depot",Pandharpur,PHONDA,MO,23566,Dajipur,70.6,,,"कुडाळ आगार",पंभ्रपुर,340.3,10:30,19:55,,,,,
129538A,"Kudal St Depot To Pandharpur","Kudal St Depot",Pandharpur,PHONDA,MO,24004,Hasane,77.1,,,"कुडाळ आगार",पंभ्रपुर,340.3,10:30,19:55,,,,,
129538A,"Kudal St Depot To Pandharpur","Kudal St Depot",Pandharpur,PHONDA,MO,25038,Naniwade,80.5,,,"कुडाळ आगार",पंभ्रपुर,340.3,10:30,19:55,,,,,
129538A,"Kudal St Depot To Pandharpur","Kudal St Depot",Pandharpur,PHONDA,MO,23137,Bambar,83.1,,,"कुडाळ आगार",पंभ्रपुर,340.3,10:30,19:55,,,,,
129538A,"Kudal St Depot To Pandharpur","Kudal St Depot",Pandharpur,PHONDA,MO,25530,Shelap,86.1,,,"कुडाळ आगार",पंभ्रपुर,340.3,10:30,19:55,,,,,
129538A,"Kudal St Depot To Pandharpur","Kudal St Depot",Pandharpur,PHONDA,MO,23683,Ejiwade,89.5,,,"कुडाळ आगार",पंभ्रपुर,340.3,10:30,19:55,,,,,
129538A,"Kudal St Depot To Pandharpur","Kudal St Depot",Pandharpur,PHONDA,MO,23676,"Dawoodwadi Fata",92.1,,,"कुडाळ आगार",पंभ्रपुर,340.3,10:30,19:55,,,,,
129538A,"Kudal St Depot To Pandharpur","Kudal St Depot",Pandharpur,PHONDA,MO,25393,"Radhanagri Dam",94.7,,,"कुडाळ आगार",पंभ्रपुर,340.3,10:30,19:55,,,,,
129538A,"Kudal St Depot To Pandharpur","Kudal St Depot",Pandharpur,PHONDA,MO,23695,Fejiwade,95.7,,,"कुडाळ आगार",पंभ्रपुर,340.3,10:30,19:55,,,,,
129538A,"Kudal St Depot To Pandharpur","Kudal St Depot",Pandharpur,PHONDA,MO,24014,Hatimahal,98.1,,,"कुडाळ आगार",पंभ्रपुर,340.3,10:30,19:55,,,,,
129538A,"Kudal St Depot To Pandharpur","Kudal St Depot",Pandharpur,PHONDA,MO,25336,Radhanagari,99.9,,,"कुडाळ आगार",पंभ्रपुर,340.3,10:30,19:55,,,,,
129538A,"Kudal St Depot To Pandharpur","Kudal St Depot",Pandharpur,PHONDA,MO,23720,Gaibi,104.7,,,"कुडाळ आगार",पंभ्रपुर,340.3,10:30,19:55,,,,,
129538A,"Kudal St Depot To Pandharpur","Kudal St Depot",Pandharpur,PHONDA,MO,24322,"Khindi Vharavade",107.6,,,"कुडाळ आगार",पंभ्रपुर,340.3,10:30,19:55,,,,,
129538A,"Kudal St Depot To Pandharpur","Kudal St Depot",Pandharpur,PHONDA,MO,23049,Anaje,110.5,,,"कुडाळ आगार",पंभ्रपुर,340.3,10:30,19:55,,,,,
129538A,"Kudal St Depot To Pandharpur","Kudal St Depot",Pandharpur,PHONDA,MO,30597,"Awali Budruk",115.8,,,"कुडाळ आगार",पंभ्रपुर,340.3,10:30,19:55,,,,,
129538A,"Kudal St Depot To Pandharpur","Kudal St Depot",Pandharpur,PHONDA,MO,25521,Shirase,118.8,,,"कुडाळ आगार",पंभ्रपुर,340.3,10:30,19:55,,,,,
129538A,"Kudal St Depot To Pandharpur","Kudal St Depot",Pandharpur,PHONDA,MO,23768,Ghotavade,122.5,,,"कुडाळ आगार",पंभ्रपुर,340.3,10:30,19:55,,,,,
129538A,"Kudal St Depot To Pandharpur","Kudal St Depot",Pandharpur,PHONDA,MO,23216,"Bhogavati Sugar Factory",124.6,,,"कुडाळ आगार",पंभ्रपुर,340.3,10:30,19:55,,,,,
129538A,"Kudal St Depot To Pandharpur","Kudal St Depot",Pandharpur,PHONDA,MO,25256,Parite,128.5,,,"कुडाळ आगार",पंभ्रपुर,340.3,10:30,19:55,,,,,
129538A,"Kudal St Depot To Pandharpur","Kudal St Depot",Pandharpur,PHONDA,MO,24501,"Kurukali College",129,,,"कुडाळ आगार",पंभ्रपुर,340.3,10:30,19:55,,,,,
129538A,"Kudal St Depot To Pandharpur","Kudal St Depot",Pandharpur,PHONDA,MO,24502,Kurukali,129.8,,,"कुडाळ आगार",पंभ्रपुर,340.3,10:30,19:55,,,,,
129538A,"Kudal St Depot To Pandharpur","Kudal St Depot",Pandharpur,PHONDA,MO,24444,Kothali,132.5,,,"कुडाळ आगार",पंभ्रपुर,340.3,10:30,19:55,,,,,
129538A,"Kudal St Depot To Pandharpur","Kudal St Depot",Pandharpur,PHONDA,MO,23945,Haldi,132.7,,,"कुडाळ आगार",पंभ्रपुर,340.3,10:30,19:55,,,,,
129538A,"Kudal St Depot To Pandharpur","Kudal St Depot",Pandharpur,PHONDA,MO,24388,Kandgaon,136.5,,,"कुडाळ आगार",पंभ्रपुर,340.3,10:30,19:55,,,,,
129538A,"Kudal St Depot To Pandharpur","Kudal St Depot",Pandharpur,PHONDA,MO,26066,Washi,140.1,,,"कुडाळ आगार",पंभ्रपुर,340.3,10:30,19:55,,,,,
129538A,"Kudal St Depot To Pandharpur","Kudal St Depot",Pandharpur,PHONDA,MO,25083,"New Washi Naka",143.1,,,"कुडाळ आगार",पंभ्रपुर,340.3,10:30,19:55,,,,,
129538A,"Kudal St Depot To Pandharpur","Kudal St Depot",Pandharpur,PHONDA,MO,25400,Rankala,148.9,,,"कुडाळ आगार",पंभ्रपुर,340.3,10:30,19:55,,,,,
129538A,"Kudal St Depot To Pandharpur","Kudal St Depot",Pandharpur,PHONDA,MO,23625,"Dasara Chwok",149.5,,,"कुडाळ आगार",पंभ्रपुर,340.3,10:30,19:55,,,,,
129538A,"Kudal St Depot To Pandharpur","Kudal St Depot",Pandharpur,PHONDA,MO,24359,Kolhapur,152.3,,,"कुडाळ आगार",पंभ्रपुर,340.3,10:30,19:55,,,,,
129538A,"Kudal St Depot To Pandharpur","Kudal St Depot",Pandharpur,PHONDA,MO,25536,"Shahu Market Yard",154.9,,,"कुडाळ आगार",पंभ्रपुर,340.3,10:30,19:55,,,,,
129538A,"Kudal St Depot To Pandharpur","Kudal St Depot",Pandharpur,PHONDA,MO,34757,"Sangali Fata",159,,,"कुडाळ आगार",पंभ्रपुर,340.3,10:30,19:55,,,,,
129538A,"Kudal St Depot To Pandharpur","Kudal St Depot",Pandharpur,PHONDA,MO,24946,"Mouje Vadgaon Fata",161.8,,,"कुडाळ आगार",पंभ्रपुर,340.3,10:30,19:55,,,,,
129538A,"Kudal St Depot To Pandharpur","Kudal St Depot",Pandharpur,PHONDA,MO,23093,Atigre,167.8,,,"कुडाळ आगार",पंभ्रपुर,340.3,10:30,19:55,,,,,
129538A,"Kudal St Depot To Pandharpur","Kudal St Depot",Pandharpur,PHONDA,MO,23822,"Ghodawat Knowledge City",173.8,,,"कुडाळ आगार",पंभ्रपुर,340.3,10:30,19:55,,,,,
129538A,"Kudal St Depot To Pandharpur","Kudal St Depot",Pandharpur,PHONDA,MO,24013,Hatkanangale,174.8,,,"कुडाळ आगार",पंभ्रपुर,340.3,10:30,19:55,,,,,
129538A,"Kudal St Depot To Pandharpur","Kudal St Depot",Pandharpur,PHONDA,MO,24135,Jaisingpur,190.1,,,"कुडाळ आगार",पंभ्रपुर,340.3,10:30,19:55,,,,,
129538A,"Kudal St Depot To Pandharpur","Kudal St Depot",Pandharpur,PHONDA,MO,33649,Ankali,192.8,,,"कुडाळ आगार",पंभ्रपुर,340.3,10:30,19:55,,,,,
129538A,"Kudal St Depot To Pandharpur","Kudal St Depot",Pandharpur,PHONDA,MO,34093,Sangli,199,,,"कुडाळ आगार",पंभ्रपुर,340.3,10:30,19:55,,,,,
129538A,"Kudal St Depot To Pandharpur","Kudal St Depot",Pandharpur,PHONDA,MO,33967,Miraj,210.9,,,"कुडाळ आगार",पंभ्रपुर,340.3,10:30,19:55,,,,,
129538A,"Kudal St Depot To Pandharpur","Kudal St Depot",Pandharpur,PHONDA,MO,32950,Shirdhon,242.1,,,"कुडाळ आगार",पंभ्रपुर,340.3,10:30,19:55,,,,,
129538A,"Kudal St Depot To Pandharpur","Kudal St Depot",Pandharpur,PHONDA,MO,32870,"Kuchi Fata",250.1,,,"कुडाळ आगार",पंभ्रपुर,340.3,10:30,19:55,,,,,
129538A,"Kudal St Depot To Pandharpur","Kudal St Depot",Pandharpur,PHONDA,MO,32930,"Nagaj Fata",265,,,"कुडाळ आगार",पंभ्रपुर,340.3,10:30,19:55,,,,,
129538A,"Kudal St Depot To Pandharpur","Kudal St Depot",Pandharpur,PHONDA,MO,47522,"Ghorpadi Fata.",269.5,,,"कुडाळ आगार",पंभ्रपुर,340.3,10:30,19:55,,,,,
129538A,"Kudal St Depot To Pandharpur","Kudal St Depot",Pandharpur,PHONDA,MO,47548,Junoni,272.8,,,"कुडाळ आगार",पंभ्रपुर,340.3,10:30,19:55,,,,,
129538A,"Kudal St Depot To Pandharpur","Kudal St Depot",Pandharpur,PHONDA,MO,47534,Hatit,282.2,,,"कुडाळ आगार",पंभ्रपुर,340.3,10:30,19:55,,,,,
129538A,"Kudal St Depot To Pandharpur","Kudal St Depot",Pandharpur,PHONDA,MO,47617,"Nazare Math",288.9,,,"कुडाळ आगार",पंभ्रपुर,340.3,10:30,19:55,,,,,
129538A,"Kudal St Depot To Pandharpur","Kudal St Depot",Pandharpur,PHONDA,MO,47679,Vatamare,291.6,,,"कुडाळ आगार",पंभ्रपुर,340.3,10:30,19:55,,,,,
129538A,"Kudal St Depot To Pandharpur","Kudal St Depot",Pandharpur,PHONDA,MO,47552,Kamalapur,299.9,,,"कुडाळ आगार",पंभ्रपुर,340.3,10:30,19:55,,,,,
129538A,"Kudal St Depot To Pandharpur","Kudal St Depot",Pandharpur,PHONDA,MO,47652,Sangola,305.4,,,"कुडाळ आगार",पंभ्रपुर,340.3,10:30,19:55,,,,,
129538A,"Kudal St Depot To Pandharpur","Kudal St Depot",Pandharpur,PHONDA,MO,43692,Bamni,316.1,,,"कुडाळ आगार",पंभ्रपुर,340.3,10:30,19:55,,,,,
129538A,"Kudal St Depot To Pandharpur","Kudal St Depot",Pandharpur,PHONDA,MO,47639,Sangewadi,321.1,,,"कुडाळ आगार",पंभ्रपुर,340.3,10:30,19:55,,,,,
129538A,"Kudal St Depot To Pandharpur","Kudal St Depot",Pandharpur,PHONDA,MO,43806,Khardi,325,,,"कुडाळ आगार",पंभ्रपुर,340.3,10:30,19:55,,,,,
129538A,"Kudal St Depot To Pandharpur","Kudal St Depot",Pandharpur,PHONDA,MO,43827,"Kasegaon Fata",333.1,,,"कुडाळ आगार",पंभ्रपुर,340.3,10:30,19:55,,,,,
129538A,"Kudal St Depot To Pandharpur","Kudal St Depot",Pandharpur,PHONDA,MO,43899,Pandharpur,340.3,,,"कुडाळ आगार",पंभ्रपुर,340.3,10:30,19:55,,,,,
125955A,"Kudal To Mangaon Via Ghavanale Namas Wadi Giran","Kudal St Depot","Mangaon Phc","GHAVANALE NAMAS WADI GIRAN",MO,6237,"Kudal St Depot",,,,कुडाळ,घावनळे,18.8,09:40,10:25,,,,,
125955A,"Kudal To Mangaon Via Ghavanale Namas Wadi Giran","Kudal St Depot","Mangaon Phc","GHAVANALE NAMAS WADI GIRAN",MO,6107,"Ambadpal G.P.O.",3.9,,,कुडाळ,घावनळे,18.8,09:40,10:25,,,,,
125955A,"Kudal To Mangaon Via Ghavanale Namas Wadi Giran","Kudal St Depot","Mangaon Phc","GHAVANALE NAMAS WADI GIRAN",MO,6296,"Mulade Gpo",5.5,,,कुडाळ,घावनळे,18.8,09:40,10:25,,,,,
125955A,"Kudal To Mangaon Via Ghavanale Namas Wadi Giran","Kudal St Depot","Mangaon Phc","GHAVANALE NAMAS WADI GIRAN",MO,6313,"Mulade Mandir",6.1,,,कुडाळ,घावनळे,18.8,09:40,10:25,,,,,
125955A,"Kudal To Mangaon Via Ghavanale Namas Wadi Giran","Kudal St Depot","Mangaon Phc","GHAVANALE NAMAS WADI GIRAN",MO,6438,"Tulsuli Mandkuli Fata",6.9,,,कुडाळ,घावनळे,18.8,09:40,10:25,,,,,
125955A,"Kudal To Mangaon Via Ghavanale Namas Wadi Giran","Kudal St Depot","Mangaon Phc","GHAVANALE NAMAS WADI GIRAN",MO,6444,"Tulsuli High School",8.4,,,कुडाळ,घावनळे,18.8,09:40,10:25,,,,,
125955A,"Kudal To Mangaon Via Ghavanale Namas Wadi Giran","Kudal St Depot","Mangaon Phc","GHAVANALE NAMAS WADI GIRAN",MO,6443,"Tulsuli Bhimnagar",8.7,,,कुडाळ,घावनळे,18.8,09:40,10:25,,,,,
125955A,"Kudal To Mangaon Via Ghavanale Namas Wadi Giran","Kudal St Depot","Mangaon Phc","GHAVANALE NAMAS WADI GIRAN",MO,6278,"Kerawade Fata",9.6,,,कुडाळ,घावनळे,18.8,09:40,10:25,,,,,
125955A,"Kudal To Mangaon Via Ghavanale Namas Wadi Giran","Kudal St Depot","Mangaon Phc","GHAVANALE NAMAS WADI GIRAN",MO,6171,"Ghavanale Gpo",12,,,कुडाळ,घावनळे,18.8,09:40,10:25,,,,,
125955A,"Kudal To Mangaon Via Ghavanale Namas Wadi Giran","Kudal St Depot","Mangaon Phc","GHAVANALE NAMAS WADI GIRAN",MO,6180,"Ghavanale Namas Wadi Giran",12.8,,,कुडाळ,घावनळे,18.8,09:40,10:25,,,,,
125955A,"Kudal To Mangaon Via Ghavanale Namas Wadi Giran","Kudal St Depot","Mangaon Phc","GHAVANALE NAMAS WADI GIRAN",MO,6176,"Ghavanale Gaothan Wadi",13.7,,,कुडाळ,घावनळे,18.8,09:40,10:25,,,,,
125955A,"Kudal To Mangaon Via Ghavanale Namas Wadi Giran","Kudal St Depot","Mangaon Phc","GHAVANALE NAMAS WADI GIRAN",MO,6134,Bhimnagar,14.6,,,कुडाळ,घावनळे,18.8,09:40,10:25,,,,,
125955A,"Kudal To Mangaon Via Ghavanale Namas Wadi Giran","Kudal St Depot","Mangaon Phc","GHAVANALE NAMAS WADI GIRAN",MO,6468,Waingankarwadi,17.5,,,कुडाळ,घावनळे,18.8,09:40,10:25,,,,,
125955A,"Kudal To Mangaon Via Ghavanale Namas Wadi Giran","Kudal St Depot","Mangaon Phc","GHAVANALE NAMAS WADI GIRAN",MO,6092,Amberi,17.8,,,कुडाळ,घावनळे,18.8,09:40,10:25,,,,,
125955A,"Kudal To Mangaon Via Ghavanale Namas Wadi Giran","Kudal St Depot","Mangaon Phc","GHAVANALE NAMAS WADI GIRAN",MO,6319,"Mangaon Phc",18.8,,,कुडाळ,घावनळे,18.8,09:40,10:25,,,,,
125956A,"Mangaon Phc To Kudal I Via Ghavanale Namas Wadi Giran","Mangaon Phc","Kudal St Depot","GHAVANALE NAMAS WADI GIRAN",MO,6319,"Mangaon Phc",,,,घावनळे,कुडाळ,18.8,10:35,11:15,,,,,
125956A,"Mangaon Phc To Kudal I Via Ghavanale Namas Wadi Giran","Mangaon Phc","Kudal St Depot","GHAVANALE NAMAS WADI GIRAN",MO,6092,Amberi,1,,,घावनळे,कुडाळ,18.8,10:35,11:15,,,,,
125956A,"Mangaon Phc To Kudal I Via Ghavanale Namas Wadi Giran","Mangaon Phc","Kudal St Depot","GHAVANALE NAMAS WADI GIRAN",MO,6468,Waingankarwadi,1.3,,,घावनळे,कुडाळ,18.8,10:35,11:15,,,,,
125956A,"Mangaon Phc To Kudal I Via Ghavanale Namas Wadi Giran","Mangaon Phc","Kudal St Depot","GHAVANALE NAMAS WADI GIRAN",MO,6134,Bhimnagar,4.2,,,घावनळे,कुडाळ,18.8,10:35,11:15,,,,,
125956A,"Mangaon Phc To Kudal I Via Ghavanale Namas Wadi Giran","Mangaon Phc","Kudal St Depot","GHAVANALE NAMAS WADI GIRAN",MO,6176,"Ghavanale Gaothan Wadi",5.1,,,घावनळे,कुडाळ,18.8,10:35,11:15,,,,,
125956A,"Mangaon Phc To Kudal I Via Ghavanale Namas Wadi Giran","Mangaon Phc","Kudal St Depot","GHAVANALE NAMAS WADI GIRAN",MO,6180,"Ghavanale Namas Wadi Giran",6,,,घावनळे,कुडाळ,18.8,10:35,11:15,,,,,
125956A,"Mangaon Phc To Kudal I Via Ghavanale Namas Wadi Giran","Mangaon Phc","Kudal St Depot","GHAVANALE NAMAS WADI GIRAN",MO,6171,"Ghavanale Gpo",6.8,,,घावनळे,कुडाळ,18.8,10:35,11:15,,,,,
125956A,"Mangaon Phc To Kudal I Via Ghavanale Namas Wadi Giran","Mangaon Phc","Kudal St Depot","GHAVANALE NAMAS WADI GIRAN",MO,6278,"Kerawade Fata",9.2,,,घावनळे,कुडाळ,18.8,10:35,11:15,,,,,
125956A,"Mangaon Phc To Kudal I Via Ghavanale Namas Wadi Giran","Mangaon Phc","Kudal St Depot","GHAVANALE NAMAS WADI GIRAN",MO,6443,"Tulsuli Bhimnagar",10.1,,,घावनळे,कुडाळ,18.8,10:35,11:15,,,,,
125956A,"Mangaon Phc To Kudal I Via Ghavanale Namas Wadi Giran","Mangaon Phc","Kudal St Depot","GHAVANALE NAMAS WADI GIRAN",MO,6444,"Tulsuli High School",10.4,,,घावनळे,कुडाळ,18.8,10:35,11:15,,,,,
125956A,"Mangaon Phc To Kudal I Via Ghavanale Namas Wadi Giran","Mangaon Phc","Kudal St Depot","GHAVANALE NAMAS WADI GIRAN",MO,6438,"Tulsuli Mandkuli Fata",11.9,,,घावनळे,कुडाळ,18.8,10:35,11:15,,,,,
125956A,"Mangaon Phc To Kudal I Via Ghavanale Namas Wadi Giran","Mangaon Phc","Kudal St Depot","GHAVANALE NAMAS WADI GIRAN",MO,6313,"Mulade Mandir",12.7,,,घावनळे,कुडाळ,18.8,10:35,11:15,,,,,
125956A,"Mangaon Phc To Kudal I Via Ghavanale Namas Wadi Giran","Mangaon Phc","Kudal St Depot","GHAVANALE NAMAS WADI GIRAN",MO,6296,"Mulade Gpo",13.3,,,घावनळे,कुडाळ,18.8,10:35,11:15,,,,,
125956A,"Mangaon Phc To Kudal I Via Ghavanale Namas Wadi Giran","Mangaon Phc","Kudal St Depot","GHAVANALE NAMAS WADI GIRAN",MO,6107,"Ambadpal G.P.O.",14.5,,,घावनळे,कुडाळ,18.8,10:35,11:15,,,,,
125956A,"Mangaon Phc To Kudal I Via Ghavanale Namas Wadi Giran","Mangaon Phc","Kudal St Depot","GHAVANALE NAMAS WADI GIRAN",MO,6237,"Kudal St Depot",18.8,,,घावनळे,कुडाळ,18.8,10:35,11:15,,,,,
75183,"Mhapan Vitthal Mandir To Kudal","Mhapan Vittal Mandir","Kudal St Depot","PINGULI TITHA",MO,9721,"Mhapan Vittal Mandir",,,,म्हापण,कुडाळ,19.5,08:15,09:00,sc,SUN,"विश्रांती 11.10-12.20",,
75183,"Mhapan Vitthal Mandir To Kudal","Mhapan Vittal Mandir","Kudal St Depot","PINGULI TITHA",MO,9720,"Mhapan Sateri Mandir",1.2,,,म्हापण,कुडाळ,19.5,08:15,09:00,sc,SUN,"विश्रांती 11.10-12.20",,
75183,"Mhapan Vitthal Mandir To Kudal","Mhapan Vittal Mandir","Kudal St Depot","PINGULI TITHA",MO,9714,Mhapan,1.9,,,म्हापण,कुडाळ,19.5,08:15,09:00,sc,SUN,"विश्रांती 11.10-12.20",,
75183,"Mhapan Vitthal Mandir To Kudal","Mhapan Vittal Mandir","Kudal St Depot","PINGULI TITHA",MO,6384,"Pat Titha",3.4,,,म्हापण,कुडाळ,19.5,08:15,09:00,sc,SUN,"विश्रांती 11.10-12.20",,
75183,"Mhapan Vitthal Mandir To Kudal","Mhapan Vittal Mandir","Kudal St Depot","PINGULI TITHA",MO,6377,"Pendurkar Dukan",4.7,,,म्हापण,कुडाळ,19.5,08:15,09:00,sc,SUN,"विश्रांती 11.10-12.20",,
75183,"Mhapan Vitthal Mandir To Kudal","Mhapan Vittal Mandir","Kudal St Depot","PINGULI TITHA",MO,6094,"Andurle Khind",6.6,,,म्हापण,कुडाळ,19.5,08:15,09:00,sc,SUN,"विश्रांती 11.10-12.20",,
75183,"Mhapan Vitthal Mandir To Kudal","Mhapan Vittal Mandir","Kudal St Depot","PINGULI TITHA",MO,6215,Humarmala,7.3,,,म्हापण,कुडाळ,19.5,08:15,09:00,sc,SUN,"विश्रांती 11.10-12.20",,
75183,"Mhapan Vitthal Mandir To Kudal","Mhapan Vittal Mandir","Kudal St Depot","PINGULI TITHA",MO,6305,"Madyachiwadi Phanas",9.9,,,म्हापण,कुडाळ,19.5,08:15,09:00,sc,SUN,"विश्रांती 11.10-12.20",,
75183,"Mhapan Vitthal Mandir To Kudal","Mhapan Vittal Mandir","Kudal St Depot","PINGULI TITHA",MO,6298,Madyachiwadi,11.3,,,म्हापण,कुडाळ,19.5,08:15,09:00,sc,SUN,"विश्रांती 11.10-12.20",,
75183,"Mhapan Vitthal Mandir To Kudal","Mhapan Vittal Mandir","Kudal St Depot","PINGULI TITHA",MO,6251,"Karmal Galu",13.4,,,म्हापण,कुडाळ,19.5,08:15,09:00,sc,SUN,"विश्रांती 11.10-12.20",,
75183,"Mhapan Vitthal Mandir To Kudal","Mhapan Vittal Mandir","Kudal St Depot","PINGULI TITHA",MO,6376,"Pinguli Titha",16.7,,,म्हापण,कुडाळ,19.5,08:15,09:00,sc,SUN,"विश्रांती 11.10-12.20",,
75183,"Mhapan Vitthal Mandir To Kudal","Mhapan Vittal Mandir","Kudal St Depot","PINGULI TITHA",MO,6237,"Kudal St Depot",19.5,,,म्हापण,कुडाळ,19.5,08:15,09:00,sc,SUN,"विश्रांती 11.10-12.20",,
122598,"Bhogalewadi To Kudal Via Pandur",Bhogalewadi,"Kudal St Depot","PANDUR TITHA",MO,6141,Bhogalewadi,,,,भोगलेवाडी,कुडाळ,14.5,10:35,11:05,SC,"SAT & SUN",,,
122598,"Bhogalewadi To Kudal Via Pandur",Bhogalewadi,"Kudal St Depot","PANDUR TITHA",MO,6325,"Maruti Mandir",2.3,,,भोगलेवाडी,कुडाळ,14.5,10:35,11:05,SC,"SAT & SUN",,,
122598,"Bhogalewadi To Kudal Via Pandur",Bhogalewadi,"Kudal St Depot","PANDUR TITHA",MO,6109,"Ainmala Fata",3.7,,,भोगलेवाडी,कुडाळ,14.5,10:35,11:05,SC,"SAT & SUN",,,
122598,"Bhogalewadi To Kudal Via Pandur",Bhogalewadi,"Kudal St Depot","PANDUR TITHA",MO,88100,Vetalbambarde,5.4,,,भोगलेवाडी,कुडाळ,14.5,10:35,11:05,SC,"SAT & SUN",,,
122598,"Bhogalewadi To Kudal Via Pandur",Bhogalewadi,"Kudal St Depot","PANDUR TITHA",MO,6378,"Pandur Titha",7.5,,,भोगलेवाडी,कुडाळ,14.5,10:35,11:05,SC,"SAT & SUN",,,
122598,"Bhogalewadi To Kudal Via Pandur",Bhogalewadi,"Kudal St Depot","PANDUR TITHA",MO,88100,Vetalbambarde,11.4,,,भोगलेवाडी,कुडाळ,14.5,10:35,11:05,SC,"SAT & SUN",,,
122598,"Bhogalewadi To Kudal Via Pandur",Bhogalewadi,"Kudal St Depot","PANDUR TITHA",MO,6380,"Pawashi Panchayat",12.9,,,भोगलेवाडी,कुडाळ,14.5,10:35,11:05,SC,"SAT & SUN",,,
122598,"Bhogalewadi To Kudal Via Pandur",Bhogalewadi,"Kudal St Depot","PANDUR TITHA",MO,6237,"Kudal St Depot",14.5,,,भोगलेवाडी,कुडाळ,14.5,10:35,11:05,SC,"SAT & SUN",,,
109173,"Kudal To Kudal Via Bav","Kudal St Depot","Kudal St Depot",BAV,MO,6240,"Kudal St Depot",,,,"कुडाळ आगार","बाव कुडाळ",14.3,05:50,06:20,SC,SUN,,,
109173,"Kudal To Kudal Via Bav","Kudal St Depot","Kudal St Depot",BAV,MO,6237,"Kudal St Depot",1.5,,,"कुडाळ आगार","बाव कुडाळ",14.3,05:50,06:20,SC,SUN,,,
109173,"Kudal To Kudal Via Bav","Kudal St Depot","Kudal St Depot",BAV,MO,6118,Bambuli,4.5,,,"कुडाळ आगार","बाव कुडाळ",14.3,05:50,06:20,SC,SUN,,,
109173,"Kudal To Kudal Via Bav","Kudal St Depot","Kudal St Depot",BAV,MO,6125,Bav,7.9,,,"कुडाळ आगार","बाव कुडाळ",14.3,05:50,06:20,SC,SUN,,,
109173,"Kudal To Kudal Via Bav","Kudal St Depot","Kudal St Depot",BAV,MO,6118,Bambuli,11.3,,,"कुडाळ आगार","बाव कुडाळ",14.3,05:50,06:20,SC,SUN,,,
109173,"Kudal To Kudal Via Bav","Kudal St Depot","Kudal St Depot",BAV,MO,6237,"Kudal St Depot",14.3,,,"कुडाळ आगार","बाव कुडाळ",14.3,05:50,06:20,SC,SUN,,,
19888,"Hindewadi To Kudal",Hindewadi,"Kudal St Depot",,MO,6208,Hindewadi,,,,हिंदेवाडी,कुडाळ,16,08:05,08:40,"Chorgewadi stop / MS stop Reqired",,,,
19888,"Hindewadi To Kudal",Hindewadi,"Kudal St Depot",,MO,6201,"Hindewadi School",0.6,,,हिंदेवाडी,कुडाळ,16,08:05,08:40,"Chorgewadi stop / MS stop Reqired",,,,
19888,"Hindewadi To Kudal",Hindewadi,"Kudal St Depot",,MO,6220,Jadhavwadi,1.15,,,हिंदेवाडी,कुडाळ,16,08:05,08:40,"Chorgewadi stop / MS stop Reqired",,,,
19888,"Hindewadi To Kudal",Hindewadi,"Kudal St Depot",,MO,6315,"Mile Stone",1.2,,,हिंदेवाडी,कुडाळ,16,08:05,08:40,"Chorgewadi stop / MS stop Reqired",,,,
19888,"Hindewadi To Kudal",Hindewadi,"Kudal St Depot",,MO,6383,"Patadewadi Vinanti",3.3,,,हिंदेवाडी,कुडाळ,16,08:05,08:40,"Chorgewadi stop / MS stop Reqired",,,,
19888,"Hindewadi To Kudal",Hindewadi,"Kudal St Depot",,MO,6150,"Chorgewadi Fata",4.3,,,हिंदेवाडी,कुडाळ,16,08:05,08:40,"Chorgewadi stop / MS stop Reqired",,,,
19888,"Hindewadi To Kudal",Hindewadi,"Kudal St Depot",,MO,6378,"Pandur Titha",7,,,हिंदेवाडी,कुडाळ,16,08:05,08:40,"Chorgewadi stop / MS stop Reqired",,,,
19888,"Hindewadi To Kudal",Hindewadi,"Kudal St Depot",,MO,88100,Vetalbambarde,10.5,,,हिंदेवाडी,कुडाळ,16,08:05,08:40,"Chorgewadi stop / MS stop Reqired",,,,
19888,"Hindewadi To Kudal",Hindewadi,"Kudal St Depot",,MO,6380,"Pawashi Panchayat",14.7,,,हिंदेवाडी,कुडाळ,16,08:05,08:40,"Chorgewadi stop / MS stop Reqired",,,,
19888,"Hindewadi To Kudal",Hindewadi,"Kudal St Depot",,MO,6237,"Kudal St Depot",16,,,हिंदेवाडी,कुडाळ,16,08:05,08:40,"Chorgewadi stop / MS stop Reqired",,,,
65638,"Hirlok To Kudal St Depot Via Awalegaon Talav",Hirlok,"Kudal St Depot","AWALEGAON TALAV",MO,6213,Hirlok,,,,"हिन्देवाडी हिर्लाेक","कुडाळ आगार",21.5,13:05,13:50,,,,,
65638,"Hirlok To Kudal St Depot Via Awalegaon Talav",Hirlok,"Kudal St Depot","AWALEGAON TALAV",MO,6209,"Hindewadi Fata",2.5,,,"हिन्देवाडी हिर्लाेक","कुडाळ आगार",21.5,13:05,13:50,,,,,
65638,"Hirlok To Kudal St Depot Via Awalegaon Talav",Hirlok,"Kudal St Depot","AWALEGAON TALAV",MO,6208,Hindewadi,5.5,,,"हिन्देवाडी हिर्लाेक","कुडाळ आगार",21.5,13:05,13:50,,,,,
65638,"Hirlok To Kudal St Depot Via Awalegaon Talav",Hirlok,"Kudal St Depot","AWALEGAON TALAV",MO,6201,"Hindewadi School",6.1,,,"हिन्देवाडी हिर्लाेक","कुडाळ आगार",21.5,13:05,13:50,,,,,
65638,"Hirlok To Kudal St Depot Via Awalegaon Talav",Hirlok,"Kudal St Depot","AWALEGAON TALAV",MO,6220,Jadhavwadi,6.7,,,"हिन्देवाडी हिर्लाेक","कुडाळ आगार",21.5,13:05,13:50,,,,,
65638,"Hirlok To Kudal St Depot Via Awalegaon Talav",Hirlok,"Kudal St Depot","AWALEGAON TALAV",MO,6315,"Mile Stone",6.8,,,"हिन्देवाडी हिर्लाेक","कुडाळ आगार",21.5,13:05,13:50,,,,,
65638,"Hirlok To Kudal St Depot Via Awalegaon Talav",Hirlok,"Kudal St Depot","AWALEGAON TALAV",MO,6383,"Patadewadi Vinanti",7.5,,,"हिन्देवाडी हिर्लाेक","कुडाळ आगार",21.5,13:05,13:50,,,,,
65638,"Hirlok To Kudal St Depot Via Awalegaon Talav",Hirlok,"Kudal St Depot","AWALEGAON TALAV",MO,6150,"Chorgewadi Fata",8.3,,,"हिन्देवाडी हिर्लाेक","कुडाळ आगार",21.5,13:05,13:50,,,,,
65638,"Hirlok To Kudal St Depot Via Awalegaon Talav",Hirlok,"Kudal St Depot","AWALEGAON TALAV",MO,6105,"Awalegaon Talav",10.8,,,"हिन्देवाडी हिर्लाेक","कुडाळ आगार",21.5,13:05,13:50,,,,,
65638,"Hirlok To Kudal St Depot Via Awalegaon Talav",Hirlok,"Kudal St Depot","AWALEGAON TALAV",MO,6365,Pandur,12.5,,,"हिन्देवाडी हिर्लाेक","कुडाळ आगार",21.5,13:05,13:50,,,,,
65638,"Hirlok To Kudal St Depot Via Awalegaon Talav",Hirlok,"Kudal St Depot","AWALEGAON TALAV",MO,88100,Vetalbambarde,14.5,,,"हिन्देवाडी हिर्लाेक","कुडाळ आगार",21.5,13:05,13:50,,,,,
65638,"Hirlok To Kudal St Depot Via Awalegaon Talav",Hirlok,"Kudal St Depot","AWALEGAON TALAV",MO,6380,"Pawashi Panchayat",16.1,,,"हिन्देवाडी हिर्लाेक","कुडाळ आगार",21.5,13:05,13:50,,,,,
65638,"Hirlok To Kudal St Depot Via Awalegaon Talav",Hirlok,"Kudal St Depot","AWALEGAON TALAV",MO,6237,"Kudal St Depot",20,,,"हिन्देवाडी हिर्लाेक","कुडाळ आगार",21.5,13:05,13:50,,,,,
65638,"Hirlok To Kudal St Depot Via Awalegaon Talav",Hirlok,"Kudal St Depot","AWALEGAON TALAV",MO,6240,"Kudal St Depot",21.5,,,"हिन्देवाडी हिर्लाेक","कुडाळ आगार",21.5,13:05,13:50,,,,,
19875,"Malaiwadi To Kudal",Malaiwadi,"Kudal St Depot",,MO,6311,Malaiwadi,,,,फुटब्रीज,कुडाळ,40.1,06:00,07:20,,,,,
19875,"Malaiwadi To Kudal",Malaiwadi,"Kudal St Depot",,MO,6299,Madhaliwadi,2,,,फुटब्रीज,कुडाळ,40.1,06:00,07:20,,,,,
19875,"Malaiwadi To Kudal",Malaiwadi,"Kudal St Depot",,MO,6170,Footbridge,3,,,फुटब्रीज,कुडाळ,40.1,06:00,07:20,,,,,
19875,"Malaiwadi To Kudal",Malaiwadi,"Kudal St Depot",,MO,6232,"Karyad Narur",5.2,,,फुटब्रीज,कुडाळ,40.1,06:00,07:20,,,,,
19875,"Malaiwadi To Kudal",Malaiwadi,"Kudal St Depot",,MO,6199,"Haldiche Nerur Titha",5.9,,,फुटब्रीज,कुडाळ,40.1,06:00,07:20,,,,,
19875,"Malaiwadi To Kudal",Malaiwadi,"Kudal St Depot",,MO,6148,"Chafeli Nursery",7.9,,,फुटब्रीज,कुडाळ,40.1,06:00,07:20,,,,,
19875,"Malaiwadi To Kudal",Malaiwadi,"Kudal St Depot",,MO,88081,"Mahadevache Kerawade",12,,,फुटब्रीज,कुडाळ,40.1,06:00,07:20,,,,,
19875,"Malaiwadi To Kudal",Malaiwadi,"Kudal St Depot",,MO,6344,"Nileli Nursery",12.6,,,फुटब्रीज,कुडाळ,40.1,06:00,07:20,,,,,
19875,"Malaiwadi To Kudal",Malaiwadi,"Kudal St Depot",,MO,6341,"Nileli Dairy",12.7,,,फुटब्रीज,कुडाळ,40.1,06:00,07:20,,,,,
19875,"Malaiwadi To Kudal",Malaiwadi,"Kudal St Depot",,MO,6190,"Gothos Titha",14,,,फुटब्रीज,कुडाळ,40.1,06:00,07:20,,,,,
19875,"Malaiwadi To Kudal",Malaiwadi,"Kudal St Depot",,MO,6464,"Wados Bazar",14.9,,,फुटब्रीज,कुडाळ,40.1,06:00,07:20,,,,,
19875,"Malaiwadi To Kudal",Malaiwadi,"Kudal St Depot",,MO,6092,Amberi,19,,,फुटब्रीज,कुडाळ,40.1,06:00,07:20,,,,,
19875,"Malaiwadi To Kudal",Malaiwadi,"Kudal St Depot",,MO,6319,"Mangaon Phc",19.7,,,फुटब्रीज,कुडाळ,40.1,06:00,07:20,,,,,
19875,"Malaiwadi To Kudal",Malaiwadi,"Kudal St Depot",,MO,6317,Mangaon,21.4,,,फुटब्रीज,कुडाळ,40.1,06:00,07:20,,,,,
19875,"Malaiwadi To Kudal",Malaiwadi,"Kudal St Depot",,MO,6323,"Mangaon Titha",23.3,,,फुटब्रीज,कुडाळ,40.1,06:00,07:20,,,,,
19875,"Malaiwadi To Kudal",Malaiwadi,"Kudal St Depot",,MO,6386,"Power House",23.6,,,फुटब्रीज,कुडाळ,40.1,06:00,07:20,,,,,
19875,"Malaiwadi To Kudal",Malaiwadi,"Kudal St Depot",,MO,6134,Bhimnagar,26.7,,,फुटब्रीज,कुडाळ,40.1,06:00,07:20,,,,,
19875,"Malaiwadi To Kudal",Malaiwadi,"Kudal St Depot",,MO,6474,"Zharap Titha",31.1,,,फुटब्रीज,कुडाळ,40.1,06:00,07:20,,,,,
19875,"Malaiwadi To Kudal",Malaiwadi,"Kudal St Depot",,MO,6322,"Mandkuli Fata",32.9,,,फुटब्रीज,कुडाळ,40.1,06:00,07:20,,,,,
19875,"Malaiwadi To Kudal",Malaiwadi,"Kudal St Depot",,MO,6315,"Mile Stone",33,,,फुटब्रीज,कुडाळ,40.1,06:00,07:20,,,,,
19875,"Malaiwadi To Kudal",Malaiwadi,"Kudal St Depot",,MO,6126,Bibavane,33.4,,,फुटब्रीज,कुडाळ,40.1,06:00,07:20,,,,,
19875,"Malaiwadi To Kudal",Malaiwadi,"Kudal St Depot",,MO,6376,"Pinguli Titha",34,,,फुटब्रीज,कुडाळ,40.1,06:00,07:20,,,,,
19875,"Malaiwadi To Kudal",Malaiwadi,"Kudal St Depot",,MO,6302,"Modka Wad Pinguli",35.6,,,फुटब्रीज,कुडाळ,40.1,06:00,07:20,,,,,
19875,"Malaiwadi To Kudal",Malaiwadi,"Kudal St Depot",,MO,6237,"Kudal St Depot",40.1,,,फुटब्रीज,कुडाळ,40.1,06:00,07:20,,,,,
125481,"Rangana Tulsuli To Kudal Via Kadamwadi School","Rangana Tulsuli","Kudal St Depot","KADAMWADI SCHOOL",MO,6389,"Rangana Tulsuli",,,,रांगणातुळसुली,कुडाळ,17.8,08:20,09:00,,,,,SCHOOL
125481,"Rangana Tulsuli To Kudal Via Kadamwadi School","Rangana Tulsuli","Kudal St Depot","KADAMWADI SCHOOL",MO,6168,Dewoolwadi,2.1,,,रांगणातुळसुली,कुडाळ,17.8,08:20,09:00,,,,,SCHOOL
125481,"Rangana Tulsuli To Kudal Via Kadamwadi School","Rangana Tulsuli","Kudal St Depot","KADAMWADI SCHOOL",MO,6394,"Rangana Tulsuli Fata",4.6,,,रांगणातुळसुली,कुडाळ,17.8,08:20,09:00,,,,,SCHOOL
125481,"Rangana Tulsuli To Kudal Via Kadamwadi School","Rangana Tulsuli","Kudal St Depot","KADAMWADI SCHOOL",MO,6214,Hateri,7.1,,,रांगणातुळसुली,कुडाळ,17.8,08:20,09:00,,,,,SCHOOL
125481,"Rangana Tulsuli To Kudal Via Kadamwadi School","Rangana Tulsuli","Kudal St Depot","KADAMWADI SCHOOL",MO,6379,Parabwadi,8.6,,,रांगणातुळसुली,कुडाळ,17.8,08:20,09:00,,,,,SCHOOL
125481,"Rangana Tulsuli To Kudal Via Kadamwadi School","Rangana Tulsuli","Kudal St Depot","KADAMWADI SCHOOL",MO,6255,"Kadamwadi School",9.6,,,रांगणातुळसुली,कुडाळ,17.8,08:20,09:00,,,,,SCHOOL
125481,"Rangana Tulsuli To Kudal Via Kadamwadi School","Rangana Tulsuli","Kudal St Depot","KADAMWADI SCHOOL",MO,6141,Bhogalewadi,10.1,,,रांगणातुळसुली,कुडाळ,17.8,08:20,09:00,,,,,SCHOOL
125481,"Rangana Tulsuli To Kudal Via Kadamwadi School","Rangana Tulsuli","Kudal St Depot","KADAMWADI SCHOOL",MO,6325,"Maruti Mandir",11.6,,,रांगणातुळसुली,कुडाळ,17.8,08:20,09:00,,,,,SCHOOL
125481,"Rangana Tulsuli To Kudal Via Kadamwadi School","Rangana Tulsuli","Kudal St Depot","KADAMWADI SCHOOL",MO,6109,"Ainmala Fata",12.1,,,रांगणातुळसुली,कुडाळ,17.8,08:20,09:00,,,,,SCHOOL
125481,"Rangana Tulsuli To Kudal Via Kadamwadi School","Rangana Tulsuli","Kudal St Depot","KADAMWADI SCHOOL",MO,88100,Vetalbambarde,14.6,,,रांगणातुळसुली,कुडाळ,17.8,08:20,09:00,,,,,SCHOOL
125481,"Rangana Tulsuli To Kudal Via Kadamwadi School","Rangana Tulsuli","Kudal St Depot","KADAMWADI SCHOOL",MO,6380,"Pawashi Panchayat",18.1,,,रांगणातुळसुली,कुडाळ,17.8,08:20,09:00,,,,,SCHOOL
125481,"Rangana Tulsuli To Kudal Via Kadamwadi School","Rangana Tulsuli","Kudal St Depot","KADAMWADI SCHOOL",MO,6237,"Kudal St Depot",20.6,,,रांगणातुळसुली,कुडाळ,17.8,08:20,09:00,,,,,SCHOOL
49607AR,"Nivaje To Kudal Via Kerwade",Nivaje,"Kudal St Depot",,MO,6357,Nivaje,,,,निवजे,कुडाळ,32.3,06:20,07:30,,,,,
49607AR,"Nivaje To Kudal Via Kerwade",Nivaje,"Kudal St Depot",,MO,6356,"Nivaje Chavata",3,,,निवजे,कुडाळ,32.3,06:20,07:30,,,,,
49607AR,"Nivaje To Kudal Via Kerwade",Nivaje,"Kudal St Depot",,MO,6175,Gadavane,9.3,,,निवजे,कुडाळ,32.3,06:20,07:30,,,,,
49607AR,"Nivaje To Kudal Via Kerwade",Nivaje,"Kudal St Depot",,MO,6092,Amberi,12.3,,,निवजे,कुडाळ,32.3,06:20,07:30,,,,,
49607AR,"Nivaje To Kudal Via Kerwade",Nivaje,"Kudal St Depot",,MO,6468,Waingankarwadi,13.3,,,निवजे,कुडाळ,32.3,06:20,07:30,,,,,
49607AR,"Nivaje To Kudal Via Kerwade",Nivaje,"Kudal St Depot",,MO,6134,Bhimnagar,15.3,,,निवजे,कुडाळ,32.3,06:20,07:30,,,,,
49607AR,"Nivaje To Kudal Via Kerwade",Nivaje,"Kudal St Depot",,MO,6176,"Ghavanale Gaothan Wadi",16.3,,,निवजे,कुडाळ,32.3,06:20,07:30,,,,,
49607AR,"Nivaje To Kudal Via Kerwade",Nivaje,"Kudal St Depot",,MO,6180,"Ghavanale Namas Wadi Giran",16.8,,,निवजे,कुडाळ,32.3,06:20,07:30,,,,,
49607AR,"Nivaje To Kudal Via Kerwade",Nivaje,"Kudal St Depot",,MO,6171,"Ghavanale Gpo",18.3,,,निवजे,कुडाळ,32.3,06:20,07:30,,,,,
49607AR,"Nivaje To Kudal Via Kerwade",Nivaje,"Kudal St Depot",,MO,6222,"Jaggnath Mandir Boyache Kerwade",21.8,,,निवजे,कुडाळ,32.3,06:20,07:30,,,,,
49607AR,"Nivaje To Kudal Via Kerwade",Nivaje,"Kudal St Depot",,MO,6443,"Tulsuli Bhimnagar",23.3,,,निवजे,कुडाळ,32.3,06:20,07:30,,,,,
49607AR,"Nivaje To Kudal Via Kerwade",Nivaje,"Kudal St Depot",,MO,6444,"Tulsuli High School",23.8,,,निवजे,कुडाळ,32.3,06:20,07:30,,,,,
49607AR,"Nivaje To Kudal Via Kerwade",Nivaje,"Kudal St Depot",,MO,6313,"Mulade Mandir",24.7,,,निवजे,कुडाळ,32.3,06:20,07:30,,,,,
49607AR,"Nivaje To Kudal Via Kerwade",Nivaje,"Kudal St Depot",,MO,6107,"Ambadpal G.P.O.",26.9,,,निवजे,कुडाळ,32.3,06:20,07:30,,,,,
49607AR,"Nivaje To Kudal Via Kerwade",Nivaje,"Kudal St Depot",,MO,6237,"Kudal St Depot",30.8,,,निवजे,कुडाळ,32.3,06:20,07:30,,,,,
49607AR,"Nivaje To Kudal Via Kerwade",Nivaje,"Kudal St Depot",,MO,6240,"Kudal St Depot",32.3,,,निवजे,कुडाळ,32.3,06:20,07:30,,,,,
125462,"Gothos School To Kudal","Narur Mahalaxmi Mandir","Kudal St Depot",,MO,6315,"Mile Stone",,,,नारर,कुडाळ,32.3,17:20,18:30,,,,,
125462,"Gothos School To Kudal","Narur Mahalaxmi Mandir","Kudal St Depot",,MO,6178,"Gothos School No.1",0.3,,,नारर,कुडाळ,32.3,17:20,18:30,,,,,
125462,"Gothos School To Kudal","Narur Mahalaxmi Mandir","Kudal St Depot",,MO,6346,"Narur Mahalaxmi Mandir",1.1,,,नारर,कुडाळ,32.3,17:20,18:30,,,,,
125462,"Gothos School To Kudal","Narur Mahalaxmi Mandir","Kudal St Depot",,MO,6316,"Malawewadi Godown",5,,,नारर,कुडाळ,32.3,17:20,18:30,,,,,
125462,"Gothos School To Kudal","Narur Mahalaxmi Mandir","Kudal St Depot",,MO,6213,Hirlok,7.4,,,नारर,कुडाळ,32.3,17:20,18:30,,,,,
125462,"Gothos School To Kudal","Narur Mahalaxmi Mandir","Kudal St Depot",,MO,6214,Hateri,12.8,,,नारर,कुडाळ,32.3,17:20,18:30,,,,,
125462,"Gothos School To Kudal","Narur Mahalaxmi Mandir","Kudal St Depot",,MO,6394,"Rangana Tulsuli Fata",13,,,नारर,कुडाळ,32.3,17:20,18:30,,,,,
125462,"Gothos School To Kudal","Narur Mahalaxmi Mandir","Kudal St Depot",,MO,6389,"Rangana Tulsuli",14.3,,,नारर,कुडाळ,32.3,17:20,18:30,,,,,
125462,"Gothos School To Kudal","Narur Mahalaxmi Mandir","Kudal St Depot",,MO,6379,Parabwadi,15.8,,,नारर,कुडाळ,32.3,17:20,18:30,,,,,
125462,"Gothos School To Kudal","Narur Mahalaxmi Mandir","Kudal St Depot",,MO,6255,"Kadamwadi School",16.7,,,नारर,कुडाळ,32.3,17:20,18:30,,,,,
125462,"Gothos School To Kudal","Narur Mahalaxmi Mandir","Kudal St Depot",,MO,6141,Bhogalewadi,17.3,,,नारर,कुडाळ,32.3,17:20,18:30,,,,,
125462,"Gothos School To Kudal","Narur Mahalaxmi Mandir","Kudal St Depot",,MO,6325,"Maruti Mandir",18.7,,,नारर,कुडाळ,32.3,17:20,18:30,,,,,
125462,"Gothos School To Kudal","Narur Mahalaxmi Mandir","Kudal St Depot",,MO,6109,"Ainmala Fata",20.1,,,नारर,कुडाळ,32.3,17:20,18:30,,,,,
125462,"Gothos School To Kudal","Narur Mahalaxmi Mandir","Kudal St Depot",,MO,88100,Vetalbambarde,23.2,,,नारर,कुडाळ,32.3,17:20,18:30,,,,,
125462,"Gothos School To Kudal","Narur Mahalaxmi Mandir","Kudal St Depot",,MO,6380,"Pawashi Panchayat",26.8,,,नारर,कुडाळ,32.3,17:20,18:30,,,,,
125462,"Gothos School To Kudal","Narur Mahalaxmi Mandir","Kudal St Depot",,MO,6237,"Kudal St Depot",32.3,,,नारर,कुडाळ,32.3,17:20,18:30,,,,,
126124,"Tiwarwadi To Kudal",Tiwarwadi,"Kudal St Depot",,MO,6445,Tiwarwadi,,,,"तिवरवाडी हिर्लाेक",कुडाळ,25.8,06:35,07:35,,,,,SCHOOL
126124,"Tiwarwadi To Kudal",Tiwarwadi,"Kudal St Depot",,MO,6186,"Girgaon Ghadi Dukan",0.2,,,"तिवरवाडी हिर्लाेक",कुडाळ,25.8,06:35,07:35,,,,,SCHOOL
126124,"Tiwarwadi To Kudal",Tiwarwadi,"Kudal St Depot",,MO,6213,Hirlok,4.2,,,"तिवरवाडी हिर्लाेक",कुडाळ,25.8,06:35,07:35,,,,,SCHOOL
126124,"Tiwarwadi To Kudal",Tiwarwadi,"Kudal St Depot",,MO,6209,"Hindewadi Fata",6.8,,,"तिवरवाडी हिर्लाेक",कुडाळ,25.8,06:35,07:35,,,,,SCHOOL
126124,"Tiwarwadi To Kudal",Tiwarwadi,"Kudal St Depot",,MO,6208,Hindewadi,9.8,,,"तिवरवाडी हिर्लाेक",कुडाळ,25.8,06:35,07:35,,,,,SCHOOL
126124,"Tiwarwadi To Kudal",Tiwarwadi,"Kudal St Depot",,MO,6201,"Hindewadi School",10.4,,,"तिवरवाडी हिर्लाेक",कुडाळ,25.8,06:35,07:35,,,,,SCHOOL
126124,"Tiwarwadi To Kudal",Tiwarwadi,"Kudal St Depot",,MO,6220,Jadhavwadi,11,,,"तिवरवाडी हिर्लाेक",कुडाळ,25.8,06:35,07:35,,,,,SCHOOL
126124,"Tiwarwadi To Kudal",Tiwarwadi,"Kudal St Depot",,MO,6315,"Mile Stone",11.1,,,"तिवरवाडी हिर्लाेक",कुडाळ,25.8,06:35,07:35,,,,,SCHOOL
126124,"Tiwarwadi To Kudal",Tiwarwadi,"Kudal St Depot",,MO,6383,"Patadewadi Vinanti",13.1,,,"तिवरवाडी हिर्लाेक",कुडाळ,25.8,06:35,07:35,,,,,SCHOOL
126124,"Tiwarwadi To Kudal",Tiwarwadi,"Kudal St Depot",,MO,6150,"Chorgewadi Fata",14.3,,,"तिवरवाडी हिर्लाेक",कुडाळ,25.8,06:35,07:35,,,,,SCHOOL
126124,"Tiwarwadi To Kudal",Tiwarwadi,"Kudal St Depot",,MO,6373,"Pandur Phc",15.8,,,"तिवरवाडी हिर्लाेक",कुडाळ,25.8,06:35,07:35,,,,,SCHOOL
126124,"Tiwarwadi To Kudal",Tiwarwadi,"Kudal St Depot",,MO,6365,Pandur,16.8,,,"तिवरवाडी हिर्लाेक",कुडाळ,25.8,06:35,07:35,,,,,SCHOOL
126124,"Tiwarwadi To Kudal",Tiwarwadi,"Kudal St Depot",,MO,88100,Vetalbambarde,19.4,,,"तिवरवाडी हिर्लाेक",कुडाळ,25.8,06:35,07:35,,,,,SCHOOL
126124,"Tiwarwadi To Kudal",Tiwarwadi,"Kudal St Depot",,MO,6380,"Pawashi Panchayat",23.3,,,"तिवरवाडी हिर्लाेक",कुडाळ,25.8,06:35,07:35,,,,,SCHOOL
126124,"Tiwarwadi To Kudal",Tiwarwadi,"Kudal St Depot",,MO,6237,"Kudal St Depot",25.8,,,"तिवरवाडी हिर्लाेक",कुडाळ,25.8,06:35,07:35,,,,,SCHOOL
125426,"Dutond To Kudal Via Kawathi Ghodakewadi",Dutond,"Kudal St Depot","KAWATHI GHODAKEWADI",MO,9635,Dutond,,,,दुतोंड,कुडाळ,34.6,06:00,07:10,sc,SUN,,,
125426,"Dutond To Kudal Via Kawathi Ghodakewadi",Dutond,"Kudal St Depot","KAWATHI GHODAKEWADI",MO,9752,"Parule Pickup Shed",3.9,,,दुतोंड,कुडाळ,34.6,06:00,07:10,sc,SUN,,,
125426,"Dutond To Kudal Via Kawathi Ghodakewadi",Dutond,"Kudal St Depot","KAWATHI GHODAKEWADI",MO,9750,Parule,4.4,,,दुतोंड,कुडाळ,34.6,06:00,07:10,sc,SUN,,,
125426,"Dutond To Kudal Via Kawathi Ghodakewadi",Dutond,"Kudal St Depot","KAWATHI GHODAKEWADI",MO,9667,"Karli Titha Amba",7.1,,,दुतोंड,कुडाळ,34.6,06:00,07:10,sc,SUN,,,
125426,"Dutond To Kudal Via Kawathi Ghodakewadi",Dutond,"Kudal St Depot","KAWATHI GHODAKEWADI",MO,6274,"Korjai Titha",9.7,,,दुतोंड,कुडाळ,34.6,06:00,07:10,sc,SUN,,,
125426,"Dutond To Kudal Via Kawathi Ghodakewadi",Dutond,"Kudal St Depot","KAWATHI GHODAKEWADI",MO,6452,"Vinanti Stop",10.1,,,दुतोंड,कुडाळ,34.6,06:00,07:10,sc,SUN,,,
125426,"Dutond To Kudal Via Kawathi Ghodakewadi",Dutond,"Kudal St Depot","KAWATHI GHODAKEWADI",MO,9624,"Chipi School",13.1,,,दुतोंड,कुडाळ,34.6,06:00,07:10,sc,SUN,,,
125426,"Dutond To Kudal Via Kawathi Ghodakewadi",Dutond,"Kudal St Depot","KAWATHI GHODAKEWADI",MO,6184,"Gonkarwadi School",15.2,,,दुतोंड,कुडाळ,34.6,06:00,07:10,sc,SUN,,,
125426,"Dutond To Kudal Via Kawathi Ghodakewadi",Dutond,"Kudal St Depot","KAWATHI GHODAKEWADI",MO,6293,"Kawathi Ghodakewadi",17.6,,,दुतोंड,कुडाळ,34.6,06:00,07:10,sc,SUN,,,
125426,"Dutond To Kudal Via Kawathi Ghodakewadi",Dutond,"Kudal St Depot","KAWATHI GHODAKEWADI",MO,6120,"Bhandarwadi Kawathi",17.9,,,दुतोंड,कुडाळ,34.6,06:00,07:10,sc,SUN,,,
125426,"Dutond To Kudal Via Kawathi Ghodakewadi",Dutond,"Kudal St Depot","KAWATHI GHODAKEWADI",MO,6146,"Chendawan Thumarewadi",18.5,,,दुतोंड,कुडाळ,34.6,06:00,07:10,sc,SUN,,,
125426,"Dutond To Kudal Via Kawathi Ghodakewadi",Dutond,"Kudal St Depot","KAWATHI GHODAKEWADI",MO,6145,"Chendawan High School",18.9,,,दुतोंड,कुडाळ,34.6,06:00,07:10,sc,SUN,,,
125426,"Dutond To Kudal Via Kawathi Ghodakewadi",Dutond,"Kudal St Depot","KAWATHI GHODAKEWADI",MO,6328,Mathkarwadi,21.1,,,दुतोंड,कुडाळ,34.6,06:00,07:10,sc,SUN,,,
125426,"Dutond To Kudal Via Kawathi Ghodakewadi",Dutond,"Kudal St Depot","KAWATHI GHODAKEWADI",MO,6470,Walawal,22.2,,,दुतोंड,कुडाळ,34.6,06:00,07:10,sc,SUN,,,
125426,"Dutond To Kudal Via Kawathi Ghodakewadi",Dutond,"Kudal St Depot","KAWATHI GHODAKEWADI",MO,6166,"Desai Bungalow",23.4,,,दुतोंड,कुडाळ,34.6,06:00,07:10,sc,SUN,,,
125426,"Dutond To Kudal Via Kawathi Ghodakewadi",Dutond,"Kudal St Depot","KAWATHI GHODAKEWADI",MO,6100,"Arkarcha Bridge",24.1,,,दुतोंड,कुडाळ,34.6,06:00,07:10,sc,SUN,,,
125426,"Dutond To Kudal Via Kawathi Ghodakewadi",Dutond,"Kudal St Depot","KAWATHI GHODAKEWADI",MO,6333,"Nerur Chavhata",27.1,,,दुतोंड,कुडाळ,34.6,06:00,07:10,sc,SUN,,,
125426,"Dutond To Kudal Via Kawathi Ghodakewadi",Dutond,"Kudal St Depot","KAWATHI GHODAKEWADI",MO,6351,"Nerur Jakat",32.7,,,दुतोंड,कुडाळ,34.6,06:00,07:10,sc,SUN,,,
125426,"Dutond To Kudal Via Kawathi Ghodakewadi",Dutond,"Kudal St Depot","KAWATHI GHODAKEWADI",MO,6237,"Kudal St Depot",34.6,,,दुतोंड,कुडाळ,34.6,06:00,07:10,sc,SUN,,,
76658A,"Oras To Kudal Via Pandur",Oras,"Kudal St Depot",PANDUR,MO,6361,Oras,,,,सिंधदुर्गनगरी,"कुडाळ आगार",23.6,13:30,14:20,SC,SUN,,,
76658A,"Oras To Kudal Via Pandur",Oras,"Kudal St Depot",PANDUR,MO,6362,"Oros Bus Stnad",2.1,,,सिंधदुर्गनगरी,"कुडाळ आगार",23.6,13:30,14:20,SC,SUN,,,
76658A,"Oras To Kudal Via Pandur",Oras,"Kudal St Depot",PANDUR,MO,6206,"Humarmala Rane Dukan",6.2,,,सिंधदुर्गनगरी,"कुडाळ आगार",23.6,13:30,14:20,SC,SUN,,,
76658A,"Oras To Kudal Via Pandur",Oras,"Kudal St Depot",PANDUR,MO,6204,"Humarmala Kasale Dukan",9,,,सिंधदुर्गनगरी,"कुडाळ आगार",23.6,13:30,14:20,SC,SUN,,,
76658A,"Oras To Kudal Via Pandur",Oras,"Kudal St Depot",PANDUR,MO,6365,Pandur,12,,,सिंधदुर्गनगरी,"कुडाळ आगार",23.6,13:30,14:20,SC,SUN,,,
76658A,"Oras To Kudal Via Pandur",Oras,"Kudal St Depot",PANDUR,MO,88100,Vetalbambarde,13.5,,,सिंधदुर्गनगरी,"कुडाळ आगार",23.6,13:30,14:20,SC,SUN,,,
76658A,"Oras To Kudal Via Pandur",Oras,"Kudal St Depot",PANDUR,MO,6380,"Pawashi Panchayat",16.2,,,सिंधदुर्गनगरी,"कुडाळ आगार",23.6,13:30,14:20,SC,SUN,,,
76658A,"Oras To Kudal Via Pandur",Oras,"Kudal St Depot",PANDUR,MO,6237,"Kudal St Depot",18.6,,,सिंधदुर्गनगरी,"कुडाळ आगार",23.6,13:30,14:20,SC,SUN,,,
76658A,"Oras To Kudal Via Pandur",Oras,"Kudal St Depot",PANDUR,MO,6376,"Pinguli Titha",20.5,,,सिंधदुर्गनगरी,"कुडाळ आगार",23.6,13:30,14:20,SC,SUN,,,
76658A,"Oras To Kudal Via Pandur",Oras,"Kudal St Depot",PANDUR,MO,6237,"Kudal St Depot",22.1,,,सिंधदुर्गनगरी,"कुडाळ आगार",23.6,13:30,14:20,SC,SUN,,,
76658A,"Oras To Kudal Via Pandur",Oras,"Kudal St Depot",PANDUR,MO,6240,"Kudal St Depot",23.6,,,सिंधदुर्गनगरी,"कुडाळ आगार",23.6,13:30,14:20,SC,SUN,,,
10962A,"Kudal St Depot To Kerawade","Kudal St Depot",Kerawade,,MO,6240,"Kudal St Depot",,,,"कुडाळ आगार",केरवडे,13.5,16:30,17:00,,,,,
10962A,"Kudal St Depot To Kerawade","Kudal St Depot",Kerawade,,MO,6237,"Kudal St Depot",1.5,,,"कुडाळ आगार",केरवडे,13.5,16:30,17:00,,,,,
10962A,"Kudal St Depot To Kerawade","Kudal St Depot",Kerawade,,MO,6107,"Ambadpal G.P.O.",5.4,,,"कुडाळ आगार",केरवडे,13.5,16:30,17:00,,,,,
10962A,"Kudal St Depot To Kerawade","Kudal St Depot",Kerawade,,MO,6296,"Mulade Gpo",7,,,"कुडाळ आगार",केरवडे,13.5,16:30,17:00,,,,,
10962A,"Kudal St Depot To Kerawade","Kudal St Depot",Kerawade,,MO,6313,"Mulade Mandir",7.6,,,"कुडाळ आगार",केरवडे,13.5,16:30,17:00,,,,,
10962A,"Kudal St Depot To Kerawade","Kudal St Depot",Kerawade,,MO,6438,"Tulsuli Mandkuli Fata",8.4,,,"कुडाळ आगार",केरवडे,13.5,16:30,17:00,,,,,
10962A,"Kudal St Depot To Kerawade","Kudal St Depot",Kerawade,,MO,6444,"Tulsuli High School",9.9,,,"कुडाळ आगार",केरवडे,13.5,16:30,17:00,,,,,
10962A,"Kudal St Depot To Kerawade","Kudal St Depot",Kerawade,,MO,6443,"Tulsuli Bhimnagar",10.8,,,"कुडाळ आगार",केरवडे,13.5,16:30,17:00,,,,,
10962A,"Kudal St Depot To Kerawade","Kudal St Depot",Kerawade,,MO,6278,"Kerawade Fata",11.1,,,"कुडाळ आगार",केरवडे,13.5,16:30,17:00,,,,,
10962A,"Kudal St Depot To Kerawade","Kudal St Depot",Kerawade,,MO,6273,Kerawade,13.5,,,"कुडाळ आगार",केरवडे,13.5,16:30,17:00,,,,,
