"Route No","Route Name","From Stop Name","Till Stop Name","Via Stop Name","Route Type","Bstop ID","Bstop Name","DIST KM","IN ACTIVE","DTL IN ACTIVE",Source_Marathi,Destination_Marathi,Distance_KM,Departure_Time,Arrival_Time,Trip_Type,Frequency,Rest_Remark,Remark,School_Trip
10903,"Katta To Warad Par",Katta,"Warad Par",,MO,6870,Katta,,,,कट्टा,वराड,8.4,12:15,12:30,SCH,DAIL,,,
10903,"Katta To Warad Par",Katta,"Warad Par",,MO,6993,"Sawarwad Varad Fata",3.6,,,कट्टा,वराड,8.4,12:15,12:30,SCH,DAIL,,,
10903,"Katta To Warad Par",Katta,"Warad Par",,MO,7014,"Varad Mandir",6.2,,,कट्टा,वराड,8.4,12:15,12:30,SCH,DAIL,,,
10903,"Katta To Warad Par",Katta,"Warad Par",,MO,7036,"Warad Par",8.4,,,कट्टा,वराड,8.4,12:15,12:30,SCH,DAIL,,,
10917,"Kolhapur To Malvan",Kolhapur,Malvan,,MO,24359,Kolhapur,,,,कोल्हापुर,मालवण,161.3,06:15,11:10,,,"6 तासांत डयुटी संपते",,
10917,"Kolhapur To Malvan",Kolhapur,Malvan,,MO,23625,"Dasara Chwok",3,,,कोल्हापुर,मालवण,161.3,06:15,11:10,,,"6 तासांत डयुटी संपते",,
10917,"Kolhapur To Malvan",Kolhapur,Malvan,,MO,25400,Rankala,5,,,कोल्हापुर,मालवण,161.3,06:15,11:10,,,"6 तासांत डयुटी संपते",,
10917,"Kolhapur To Malvan",Kolhapur,Malvan,,MO,25435,"Sane Guruji Vasahat",7.8,,,कोल्हापुर,मालवण,161.3,06:15,11:10,,,"6 तासांत डयुटी संपते",,
10917,"Kolhapur To Malvan",Kolhapur,Malvan,,MO,25083,"New Washi Naka",9.4,,,कोल्हापुर,मालवण,161.3,06:15,11:10,,,"6 तासांत डयुटी संपते",,
10917,"Kolhapur To Malvan",Kolhapur,Malvan,,MO,24593,"Kolhapur Water Supply",10,,,कोल्हापुर,मालवण,161.3,06:15,11:10,,,"6 तासांत डयुटी संपते",,
10917,"Kolhapur To Malvan",Kolhapur,Malvan,,MO,26066,Washi,11,,,कोल्हापुर,मालवण,161.3,06:15,11:10,,,"6 तासांत डयुटी संपते",,
10917,"Kolhapur To Malvan",Kolhapur,Malvan,,MO,24388,Kandgaon,15.6,,,कोल्हापुर,मालवण,161.3,06:15,11:10,,,"6 तासांत डयुटी संपते",,
10917,"Kolhapur To Malvan",Kolhapur,Malvan,,MO,23669,Devale,17.6,,,कोल्हापुर,मालवण,161.3,06:15,11:10,,,"6 तासांत डयुटी संपते",,
10917,"Kolhapur To Malvan",Kolhapur,Malvan,,MO,23945,Haldi,19.4,,,कोल्हापुर,मालवण,161.3,06:15,11:10,,,"6 तासांत डयुटी संपते",,
10917,"Kolhapur To Malvan",Kolhapur,Malvan,,MO,24444,Kothali,21.5,,,कोल्हापुर,मालवण,161.3,06:15,11:10,,,"6 तासांत डयुटी संपते",,
10917,"Kolhapur To Malvan",Kolhapur,Malvan,,MO,24502,Kurukali,23.1,,,कोल्हापुर,मालवण,161.3,06:15,11:10,,,"6 तासांत डयुटी संपते",,
10917,"Kolhapur To Malvan",Kolhapur,Malvan,,MO,24501,"Kurukali College",24.5,,,कोल्हापुर,मालवण,161.3,06:15,11:10,,,"6 तासांत डयुटी संपते",,
10917,"Kolhapur To Malvan",Kolhapur,Malvan,,MO,23216,"Bhogavati Sugar Factory",27.5,,,कोल्हापुर,मालवण,161.3,06:15,11:10,,,"6 तासांत डयुटी संपते",,
10917,"Kolhapur To Malvan",Kolhapur,Malvan,,MO,24207,Kaulav,30.5,,,कोल्हापुर,मालवण,161.3,06:15,11:10,,,"6 तासांत डयुटी संपते",,
10917,"Kolhapur To Malvan",Kolhapur,Malvan,,MO,25521,Shirase,33.3,,,कोल्हापुर,मालवण,161.3,06:15,11:10,,,"6 तासांत डयुटी संपते",,
10917,"Kolhapur To Malvan",Kolhapur,Malvan,,MO,25306,"Powar House",35.8,,,कोल्हापुर,मालवण,161.3,06:15,11:10,,,"6 तासांत डयुटी संपते",,
10917,"Kolhapur To Malvan",Kolhapur,Malvan,,MO,30598,Awali,36.3,,,कोल्हापुर,मालवण,161.3,06:15,11:10,,,"6 तासांत डयुटी संपते",,
10917,"Kolhapur To Malvan",Kolhapur,Malvan,,MO,23049,Anaje,39.7,,,कोल्हापुर,मालवण,161.3,06:15,11:10,,,"6 तासांत डयुटी संपते",,
10917,"Kolhapur To Malvan",Kolhapur,Malvan,,MO,24322,"Khindi Vharavade",41.5,,,कोल्हापुर,मालवण,161.3,06:15,11:10,,,"6 तासांत डयुटी संपते",,
10917,"Kolhapur To Malvan",Kolhapur,Malvan,,MO,23779,Gaiby,47.4,,,कोल्हापुर,मालवण,161.3,06:15,11:10,,,"6 तासांत डयुटी संपते",,
10917,"Kolhapur To Malvan",Kolhapur,Malvan,,MO,25336,Radhanagari,52.2,,,कोल्हापुर,मालवण,161.3,06:15,11:10,,,"6 तासांत डयुटी संपते",,
10917,"Kolhapur To Malvan",Kolhapur,Malvan,,MO,24014,Hatimahal,54,,,कोल्हापुर,मालवण,161.3,06:15,11:10,,,"6 तासांत डयुटी संपते",,
10917,"Kolhapur To Malvan",Kolhapur,Malvan,,MO,25393,"Radhanagri Dam",57.4,,,कोल्हापुर,मालवण,161.3,06:15,11:10,,,"6 तासांत डयुटी संपते",,
10917,"Kolhapur To Malvan",Kolhapur,Malvan,,MO,23601,Daoudwadi,60,,,कोल्हापुर,मालवण,161.3,06:15,11:10,,,"6 तासांत डयुटी संपते",,
10917,"Kolhapur To Malvan",Kolhapur,Malvan,,MO,30607,Ajiwade,62.6,,,कोल्हापुर,मालवण,161.3,06:15,11:10,,,"6 तासांत डयुटी संपते",,
10917,"Kolhapur To Malvan",Kolhapur,Malvan,,MO,25530,Shelap,66,,,कोल्हापुर,मालवण,161.3,06:15,11:10,,,"6 तासांत डयुटी संपते",,
10917,"Kolhapur To Malvan",Kolhapur,Malvan,,MO,23137,Bambar,69,,,कोल्हापुर,मालवण,161.3,06:15,11:10,,,"6 तासांत डयुटी संपते",,
10917,"Kolhapur To Malvan",Kolhapur,Malvan,,MO,25038,Naniwade,71.6,,,कोल्हापुर,मालवण,161.3,06:15,11:10,,,"6 तासांत डयुटी संपते",,
10917,"Kolhapur To Malvan",Kolhapur,Malvan,,MO,24004,Hasane,75,,,कोल्हापुर,मालवण,161.3,06:15,11:10,,,"6 तासांत डयुटी संपते",,
10917,"Kolhapur To Malvan",Kolhapur,Malvan,,MO,23566,Dajipur,81.5,,,कोल्हापुर,मालवण,161.3,06:15,11:10,,,"6 तासांत डयुटी संपते",,
10917,"Kolhapur To Malvan",Kolhapur,Malvan,,MO,2723,"Ganguchi Wadi",93.4,,,कोल्हापुर,मालवण,161.3,06:15,11:10,,,"6 तासांत डयुटी संपते",,
10917,"Kolhapur To Malvan",Kolhapur,Malvan,,MO,2904,Phonda,97.7,,,कोल्हापुर,मालवण,161.3,06:15,11:10,,,"6 तासांत डयुटी संपते",,
10917,"Kolhapur To Malvan",Kolhapur,Malvan,,MO,2906,"Phonda Iti",100.3,,,कोल्हापुर,मालवण,161.3,06:15,11:10,,,"6 तासांत डयुटी संपते",,
10917,"Kolhapur To Malvan",Kolhapur,Malvan,,MO,2787,"Kankavli Nandgaon Fata",100.6,,,कोल्हापुर,मालवण,161.3,06:15,11:10,,,"6 तासांत डयुटी संपते",,
10917,"Kolhapur To Malvan",Kolhapur,Malvan,,MO,2895,Pachoba,101.5,,,कोल्हापुर,मालवण,161.3,06:15,11:10,,,"6 तासांत डयुटी संपते",,
10917,"Kolhapur To Malvan",Kolhapur,Malvan,,MO,2781,Kanadewadi,103.4,,,कोल्हापुर,मालवण,161.3,06:15,11:10,,,"6 तासांत डयुटी संपते",,
10917,"Kolhapur To Malvan",Kolhapur,Malvan,,MO,2771,"Kach Karakhana",104.3,,,कोल्हापुर,मालवण,161.3,06:15,11:10,,,"6 तासांत डयुटी संपते",,
10917,"Kolhapur To Malvan",Kolhapur,Malvan,,MO,2790,Karul,104.8,,,कोल्हापुर,मालवण,161.3,06:15,11:10,,,"6 तासांत डयुटी संपते",,
10917,"Kolhapur To Malvan",Kolhapur,Malvan,,MO,2757,"Humrath Mal Ghorpiwadi",107.2,,,कोल्हापुर,मालवण,161.3,06:15,11:10,,,"6 तासांत डयुटी संपते",,
10917,"Kolhapur To Malvan",Kolhapur,Malvan,,MO,2758,"Humrath School",108.3,,,कोल्हापुर,मालवण,161.3,06:15,11:10,,,"6 तासांत डयुटी संपते",,
10917,"Kolhapur To Malvan",Kolhapur,Malvan,,MO,2756,"Humrat Titha",108.7,,,कोल्हापुर,मालवण,161.3,06:15,11:10,,,"6 तासांत डयुटी संपते",,
10917,"Kolhapur To Malvan",Kolhapur,Malvan,,MO,2768,"Janavali Gavthanwadi",111.8,,,कोल्हापुर,मालवण,161.3,06:15,11:10,,,"6 तासांत डयुटी संपते",,
10917,"Kolhapur To Malvan",Kolhapur,Malvan,,MO,2786,Kankavli,115.6,,,कोल्हापुर,मालवण,161.3,06:15,11:10,,,"6 तासांत डयुटी संपते",,
10917,"Kolhapur To Malvan",Kolhapur,Malvan,,MO,3001,"Wagade Gpo",120.7,,,कोल्हापुर,मालवण,161.3,06:15,11:10,,,"6 तासांत डयुटी संपते",,
10917,"Kolhapur To Malvan",Kolhapur,Malvan,,MO,2692,Dangalwadi,121.6,,,कोल्हापुर,मालवण,161.3,06:15,11:10,,,"6 तासांत डयुटी संपते",,
10917,"Kolhapur To Malvan",Kolhapur,Malvan,,MO,2891,"Osargaon Talav",122.7,,,कोल्हापुर,मालवण,161.3,06:15,11:10,,,"6 तासांत डयुटी संपते",,
10917,"Kolhapur To Malvan",Kolhapur,Malvan,,MO,2890,"Osargaon Post",125.6,,,कोल्हापुर,मालवण,161.3,06:15,11:10,,,"6 तासांत डयुटी संपते",,
10917,"Kolhapur To Malvan",Kolhapur,Malvan,,MO,2889,"Osargaon Godaoon",126.5,,,कोल्हापुर,मालवण,161.3,06:15,11:10,,,"6 तासांत डयुटी संपते",,
10917,"Kolhapur To Malvan",Kolhapur,Malvan,,MO,6281,Kasal,129.9,,,कोल्हापुर,मालवण,161.3,06:15,11:10,,,"6 तासांत डयुटी संपते",,
10917,"Kolhapur To Malvan",Kolhapur,Malvan,,MO,6368,Padve,132.9,,,कोल्हापुर,मालवण,161.3,06:15,11:10,,,"6 तासांत डयुटी संपते",,
10917,"Kolhapur To Malvan",Kolhapur,Malvan,,MO,6392,"Ranbambuli Fata",134.5,,,कोल्हापुर,मालवण,161.3,06:15,11:10,,,"6 तासांत डयुटी संपते",,
10917,"Kolhapur To Malvan",Kolhapur,Malvan,,MO,6410,"Sukalwad Bazar",135.5,,,कोल्हापुर,मालवण,161.3,06:15,11:10,,,"6 तासांत डयुटी संपते",,
10917,"Kolhapur To Malvan",Kolhapur,Malvan,,MO,6424,Sukalwad,136,,,कोल्हापुर,मालवण,161.3,06:15,11:10,,,"6 तासांत डयुटी संपते",,
10917,"Kolhapur To Malvan",Kolhapur,Malvan,,MO,6820,Gaorai,137,,,कोल्हापुर,मालवण,161.3,06:15,11:10,,,"6 तासांत डयुटी संपते",,
10917,"Kolhapur To Malvan",Kolhapur,Malvan,,MO,6993,"Sawarwad Varad Fata",139.2,,,कोल्हापुर,मालवण,161.3,06:15,11:10,,,"6 तासांत डयुटी संपते",,
10917,"Kolhapur To Malvan",Kolhapur,Malvan,,MO,6870,Katta,143.3,,,कोल्हापुर,मालवण,161.3,06:15,11:10,,,"6 तासांत डयुटी संपते",,
10917,"Kolhapur To Malvan",Kolhapur,Malvan,,MO,6770,Bagwadi,144.7,,,कोल्हापुर,मालवण,161.3,06:15,11:10,,,"6 तासांत डयुटी संपते",,
10917,"Kolhapur To Malvan",Kolhapur,Malvan,,MO,6985,"Salel Nangarbhat",148.4,,,कोल्हापुर,मालवण,161.3,06:15,11:10,,,"6 तासांत डयुटी संपते",,
10917,"Kolhapur To Malvan",Kolhapur,Malvan,,MO,6799,Chouke,151.7,,,कोल्हापुर,मालवण,161.3,06:15,11:10,,,"6 तासांत डयुटी संपते",,
10917,"Kolhapur To Malvan",Kolhapur,Malvan,,MO,6750,"Ajagaonkar Bangala",154.5,,,कोल्हापुर,मालवण,161.3,06:15,11:10,,,"6 तासांत डयुटी संपते",,
10917,"Kolhapur To Malvan",Kolhapur,Malvan,,MO,6897,"Kumbharmath Govekar Dukan",156.6,,,कोल्हापुर,मालवण,161.3,06:15,11:10,,,"6 तासांत डयुटी संपते",,
10917,"Kolhapur To Malvan",Kolhapur,Malvan,,MO,6915,Malvan,161.3,,,कोल्हापुर,मालवण,161.3,06:15,11:10,,,"6 तासांत डयुटी संपते",,
11043,"Malvan To Kochara Shriramwadi",Malvan,"Kochara Shriramwadi",,MO,6915,Malvan,,,,मालवण,श्रीरामवाडी(कोचरा),60.8,16:30,18:50,SCL,DAIL,"विश्रांती 15.00 ते 16.30",,
11043,"Malvan To Kochara Shriramwadi",Malvan,"Kochara Shriramwadi",,MO,6897,"Kumbharmath Govekar Dukan",3.7,,,मालवण,श्रीरामवाडी(कोचरा),60.8,16:30,18:50,SCL,DAIL,"विश्रांती 15.00 ते 16.30",,
11043,"Malvan To Kochara Shriramwadi",Malvan,"Kochara Shriramwadi",,MO,6750,"Ajagaonkar Bangala",5.8,,,मालवण,श्रीरामवाडी(कोचरा),60.8,16:30,18:50,SCL,DAIL,"विश्रांती 15.00 ते 16.30",,
11043,"Malvan To Kochara Shriramwadi",Malvan,"Kochara Shriramwadi",,MO,6799,Chouke,8.6,,,मालवण,श्रीरामवाडी(कोचरा),60.8,16:30,18:50,SCL,DAIL,"विश्रांती 15.00 ते 16.30",,
11043,"Malvan To Kochara Shriramwadi",Malvan,"Kochara Shriramwadi",,MO,6985,"Salel Nangarbhat",12,,,मालवण,श्रीरामवाडी(कोचरा),60.8,16:30,18:50,SCL,DAIL,"विश्रांती 15.00 ते 16.30",,
11043,"Malvan To Kochara Shriramwadi",Malvan,"Kochara Shriramwadi",,MO,6770,Bagwadi,15,,,मालवण,श्रीरामवाडी(कोचरा),60.8,16:30,18:50,SCL,DAIL,"विश्रांती 15.00 ते 16.30",,
11043,"Malvan To Kochara Shriramwadi",Malvan,"Kochara Shriramwadi",,MO,6870,Katta,18,,,मालवण,श्रीरामवाडी(कोचरा),60.8,16:30,18:50,SCL,DAIL,"विश्रांती 15.00 ते 16.30",,
11043,"Malvan To Kochara Shriramwadi",Malvan,"Kochara Shriramwadi",,MO,6825,Ghotale,21,,,मालवण,श्रीरामवाडी(कोचरा),60.8,16:30,18:50,SCL,DAIL,"विश्रांती 15.00 ते 16.30",,
11043,"Malvan To Kochara Shriramwadi",Malvan,"Kochara Shriramwadi",,MO,6958,Parad,24,,,मालवण,श्रीरामवाडी(कोचरा),60.8,16:30,18:50,SCL,DAIL,"विश्रांती 15.00 ते 16.30",,
11043,"Malvan To Kochara Shriramwadi",Malvan,"Kochara Shriramwadi",,MO,6335,Nerurpar,27,,,मालवण,श्रीरामवाडी(कोचरा),60.8,16:30,18:50,SCL,DAIL,"विश्रांती 15.00 ते 16.30",,
11043,"Malvan To Kochara Shriramwadi",Malvan,"Kochara Shriramwadi",,MO,6428,Thakurwadi,30,,,मालवण,श्रीरामवाडी(कोचरा),60.8,16:30,18:50,SCL,DAIL,"विश्रांती 15.00 ते 16.30",,
11043,"Malvan To Kochara Shriramwadi",Malvan,"Kochara Shriramwadi",,MO,6351,"Nerur Jakat",33,,,मालवण,श्रीरामवाडी(कोचरा),60.8,16:30,18:50,SCL,DAIL,"विश्रांती 15.00 ते 16.30",,
11043,"Malvan To Kochara Shriramwadi",Malvan,"Kochara Shriramwadi",,MO,6237,"Kudal St Depot",36,,,मालवण,श्रीरामवाडी(कोचरा),60.8,16:30,18:50,SCL,DAIL,"विश्रांती 15.00 ते 16.30",,
11043,"Malvan To Kochara Shriramwadi",Malvan,"Kochara Shriramwadi",,MO,6376,"Pinguli Titha",39,,,मालवण,श्रीरामवाडी(कोचरा),60.8,16:30,18:50,SCL,DAIL,"विश्रांती 15.00 ते 16.30",,
11043,"Malvan To Kochara Shriramwadi",Malvan,"Kochara Shriramwadi",,MO,6251,"Karmal Galu",42,,,मालवण,श्रीरामवाडी(कोचरा),60.8,16:30,18:50,SCL,DAIL,"विश्रांती 15.00 ते 16.30",,
11043,"Malvan To Kochara Shriramwadi",Malvan,"Kochara Shriramwadi",,MO,6305,"Madyachiwadi Phanas",45,,,मालवण,श्रीरामवाडी(कोचरा),60.8,16:30,18:50,SCL,DAIL,"विश्रांती 15.00 ते 16.30",,
11043,"Malvan To Kochara Shriramwadi",Malvan,"Kochara Shriramwadi",,MO,6215,Humarmala,48,,,मालवण,श्रीरामवाडी(कोचरा),60.8,16:30,18:50,SCL,DAIL,"विश्रांती 15.00 ते 16.30",,
11043,"Malvan To Kochara Shriramwadi",Malvan,"Kochara Shriramwadi",,MO,6377,"Pendurkar Dukan",51,,,मालवण,श्रीरामवाडी(कोचरा),60.8,16:30,18:50,SCL,DAIL,"विश्रांती 15.00 ते 16.30",,
11043,"Malvan To Kochara Shriramwadi",Malvan,"Kochara Shriramwadi",,MO,9719,"Mhapan Kochara Titha",52,,,मालवण,श्रीरामवाडी(कोचरा),60.8,16:30,18:50,SCL,DAIL,"विश्रांती 15.00 ते 16.30",,
11043,"Malvan To Kochara Shriramwadi",Malvan,"Kochara Shriramwadi",,MO,9632,"Devacha Chafa",54,,,मालवण,श्रीरामवाडी(कोचरा),60.8,16:30,18:50,SCL,DAIL,"विश्रांती 15.00 ते 16.30",,
11043,"Malvan To Kochara Shriramwadi",Malvan,"Kochara Shriramwadi",,MO,9689,"Kochara Chavata",55,,,मालवण,श्रीरामवाडी(कोचरा),60.8,16:30,18:50,SCL,DAIL,"विश्रांती 15.00 ते 16.30",,
11043,"Malvan To Kochara Shriramwadi",Malvan,"Kochara Shriramwadi",,MO,9786,"Shelpi Fata",57,,,मालवण,श्रीरामवाडी(कोचरा),60.8,16:30,18:50,SCL,DAIL,"विश्रांती 15.00 ते 16.30",,
11043,"Malvan To Kochara Shriramwadi",Malvan,"Kochara Shriramwadi",,MO,9691,"Kochara Shriramwadi",60.8,,,मालवण,श्रीरामवाडी(कोचरा),60.8,16:30,18:50,SCL,DAIL,"विश्रांती 15.00 ते 16.30",,
19860,"Waingawade Fata To Kasal","Waingawade Fata",Kasal,,MO,7030,"Waingawade Fata",,,,वायंगवडे,कसाल,12.6,09:15,09:45,SCL,DAIL,,,
19860,"Waingawade Fata To Kasal","Waingawade Fata",Kasal,,MO,7029,"Waingawade Amba",3.8,,,वायंगवडे,कसाल,12.6,09:15,09:45,SCL,DAIL,,,
19860,"Waingawade Fata To Kasal","Waingawade Fata",Kasal,,MO,6883,"Khotale School",5.8,,,वायंगवडे,कसाल,12.6,09:15,09:45,SCL,DAIL,,,
19860,"Waingawade Fata To Kasal","Waingawade Fata",Kasal,,MO,6844,"Hedul Vinanti",6.8,,,वायंगवडे,कसाल,12.6,09:15,09:45,SCL,DAIL,,,
19860,"Waingawade Fata To Kasal","Waingawade Fata",Kasal,,MO,6843,"Hedul Loharwadi",9.4,,,वायंगवडे,कसाल,12.6,09:15,09:45,SCL,DAIL,,,
19860,"Waingawade Fata To Kasal","Waingawade Fata",Kasal,,MO,6281,Kasal,12.6,,,वायंगवडे,कसाल,12.6,09:15,09:45,SCL,DAIL,,,
20097,"Bhagwantgad To Achara",Bhagwantgad,Achara,,MO,6780,Bhagwantgad,,,,भगवंतगड,आचरा,9.2,10:30,10:50,SCL,DAIL,,,
20097,"Bhagwantgad To Achara",Bhagwantgad,Achara,,MO,6934,"Mauli Mandir",2.4,,,भगवंतगड,आचरा,9.2,10:30,10:50,SCL,DAIL,,,
20097,"Bhagwantgad To Achara",Bhagwantgad,Achara,,MO,6798,"Chindar Wad",5.3,,,भगवंतगड,आचरा,9.2,10:30,10:50,SCL,DAIL,,,
20097,"Bhagwantgad To Achara",Bhagwantgad,Achara,,MO,6740,Achara,9.2,,,भगवंतगड,आचरा,9.2,10:30,10:50,SCL,DAIL,,,
20129,"Dangmode To Malvan",Dangmode,Malvan,,MO,6803,Dangmode,,,,डांगमोडे,मालवण,27.9,17:40,18:50,SCH,DAIL,,,
20129,"Dangmode To Malvan",Dangmode,Malvan,,MO,6804,"Dangmode Mandir",3.1,,,डांगमोडे,मालवण,27.9,17:40,18:50,SCH,DAIL,,,
20129,"Dangmode To Malvan",Dangmode,Malvan,,MO,6875,"Kawawadi Masure",7.9,,,डांगमोडे,मालवण,27.9,17:40,18:50,SCH,DAIL,,,
20129,"Dangmode To Malvan",Dangmode,Malvan,,MO,6906,"Magavane Fata",10.5,,,डांगमोडे,मालवण,27.9,17:40,18:50,SCH,DAIL,,,
20129,"Dangmode To Malvan",Dangmode,Malvan,,MO,6877,Khajanwadi,12.9,,,डांगमोडे,मालवण,27.9,17:40,18:50,SCH,DAIL,,,
20129,"Dangmode To Malvan",Dangmode,Malvan,,MO,7000,"Talani Pool",15.6,,,डांगमोडे,मालवण,27.9,17:40,18:50,SCH,DAIL,,,
20129,"Dangmode To Malvan",Dangmode,Malvan,,MO,6866,"Kandalgaon Parab House",18.9,,,डांगमोडे,मालवण,27.9,17:40,18:50,SCH,DAIL,,,
20129,"Dangmode To Malvan",Dangmode,Malvan,,MO,6949,"Ozar Rameshwar Nagar",21,,,डांगमोडे,मालवण,27.9,17:40,18:50,SCH,DAIL,,,
20129,"Dangmode To Malvan",Dangmode,Malvan,,MO,6889,Kolamb,23,,,डांगमोडे,मालवण,27.9,17:40,18:50,SCH,DAIL,,,
20129,"Dangmode To Malvan",Dangmode,Malvan,,MO,6915,Malvan,27.9,,,डांगमोडे,मालवण,27.9,17:40,18:50,SCH,DAIL,,,
20140,"Dewali To Malvan Bazar",Dewali,"Malvan Bazar",,MO,6809,Dewali,,,,देवली,मालवण,14,06:35,07:05,OPT,SUN,,,
20140,"Dewali To Malvan Bazar",Dewali,"Malvan Bazar",,MO,6904,Madkhol,2.3,,,देवली,मालवण,14,06:35,07:05,OPT,SUN,,,
20140,"Dewali To Malvan Bazar",Dewali,"Malvan Bazar",,MO,6799,Chouke,5.6,,,देवली,मालवण,14,06:35,07:05,OPT,SUN,,,
20140,"Dewali To Malvan Bazar",Dewali,"Malvan Bazar",,MO,6750,"Ajagaonkar Bangala",8.4,,,देवली,मालवण,14,06:35,07:05,OPT,SUN,,,
20140,"Dewali To Malvan Bazar",Dewali,"Malvan Bazar",,MO,6897,"Kumbharmath Govekar Dukan",10.5,,,देवली,मालवण,14,06:35,07:05,OPT,SUN,,,
20140,"Dewali To Malvan Bazar",Dewali,"Malvan Bazar",,MO,6915,Malvan,14,,,देवली,मालवण,14,06:35,07:05,OPT,SUN,,,
20140,"Dewali To Malvan Bazar",Dewali,"Malvan Bazar",,MO,6916,"Malvan Bazar",16,,,देवली,मालवण,14,06:35,07:05,OPT,SUN,,,
20188,"Kawawadi Masure To Malvan","Kawawadi Masure",Malvan,,MO,6875,"Kawawadi Masure",,,,"मसुरे कावा",मालवण,22,08:30,09:20,SCL,DAIL,,,
20188,"Kawawadi Masure To Malvan","Kawawadi Masure",Malvan,,MO,6928,"Masure Bazar",1,,,"मसुरे कावा",मालवण,22,08:30,09:20,SCL,DAIL,,,
20188,"Kawawadi Masure To Malvan","Kawawadi Masure",Malvan,,MO,6906,"Magavane Fata",2.6,,,"मसुरे कावा",मालवण,22,08:30,09:20,SCL,DAIL,,,
20188,"Kawawadi Masure To Malvan","Kawawadi Masure",Malvan,,MO,6877,Khajanwadi,5,,,"मसुरे कावा",मालवण,22,08:30,09:20,SCL,DAIL,,,
20188,"Kawawadi Masure To Malvan","Kawawadi Masure",Malvan,,MO,7000,"Talani Pool",7.7,,,"मसुरे कावा",मालवण,22,08:30,09:20,SCL,DAIL,,,
20188,"Kawawadi Masure To Malvan","Kawawadi Masure",Malvan,,MO,6986,Salkarwadi,9.9,,,"मसुरे कावा",मालवण,22,08:30,09:20,SCL,DAIL,,,
20188,"Kawawadi Masure To Malvan","Kawawadi Masure",Malvan,,MO,6866,"Kandalgaon Parab House",11,,,"मसुरे कावा",मालवण,22,08:30,09:20,SCL,DAIL,,,
20188,"Kawawadi Masure To Malvan","Kawawadi Masure",Malvan,,MO,6865,"Kandalgaon Mandir",11.9,,,"मसुरे कावा",मालवण,22,08:30,09:20,SCL,DAIL,,,
20188,"Kawawadi Masure To Malvan","Kawawadi Masure",Malvan,,MO,6949,"Ozar Rameshwar Nagar",14,,,"मसुरे कावा",मालवण,22,08:30,09:20,SCL,DAIL,,,
20188,"Kawawadi Masure To Malvan","Kawawadi Masure",Malvan,,MO,6889,Kolamb,16.7,,,"मसुरे कावा",मालवण,22,08:30,09:20,SCL,DAIL,,,
20188,"Kawawadi Masure To Malvan","Kawawadi Masure",Malvan,,MO,6915,Malvan,22,,,"मसुरे कावा",मालवण,22,08:30,09:20,SCL,DAIL,,,
40549,"Malvan To Belgaum Via Pendur",Malvan,Belgaum,"PENDUR NAKA",MO,6915,Malvan,,,,मालवण,बेळगाव,163.2,04:50,09:55,,,"6 तासांत डयुटी संपते",,
40549,"Malvan To Belgaum Via Pendur",Malvan,Belgaum,"PENDUR NAKA",MO,6917,Malvan,0.6,,,मालवण,बेळगाव,163.2,04:50,09:55,,,"6 तासांत डयुटी संपते",,
40549,"Malvan To Belgaum Via Pendur",Malvan,Belgaum,"PENDUR NAKA",MO,6897,"Kumbharmath Govekar Dukan",3.7,,,मालवण,बेळगाव,163.2,04:50,09:55,,,"6 तासांत डयुटी संपते",,
40549,"Malvan To Belgaum Via Pendur",Malvan,Belgaum,"PENDUR NAKA",MO,6750,"Ajagaonkar Bangala",5.8,,,मालवण,बेळगाव,163.2,04:50,09:55,,,"6 तासांत डयुटी संपते",,
40549,"Malvan To Belgaum Via Pendur",Malvan,Belgaum,"PENDUR NAKA",MO,6799,Chouke,8.6,,,मालवण,बेळगाव,163.2,04:50,09:55,,,"6 तासांत डयुटी संपते",,
40549,"Malvan To Belgaum Via Pendur",Malvan,Belgaum,"PENDUR NAKA",MO,6985,"Salel Nangarbhat",11.9,,,मालवण,बेळगाव,163.2,04:50,09:55,,,"6 तासांत डयुटी संपते",,
40549,"Malvan To Belgaum Via Pendur",Malvan,Belgaum,"PENDUR NAKA",MO,6770,Bagwadi,16.6,,,मालवण,बेळगाव,163.2,04:50,09:55,,,"6 तासांत डयुटी संपते",,
40549,"Malvan To Belgaum Via Pendur",Malvan,Belgaum,"PENDUR NAKA",MO,6870,Katta,18,,,मालवण,बेळगाव,163.2,04:50,09:55,,,"6 तासांत डयुटी संपते",,
40549,"Malvan To Belgaum Via Pendur",Malvan,Belgaum,"PENDUR NAKA",MO,6825,Ghotale,21,,,मालवण,बेळगाव,163.2,04:50,09:55,,,"6 तासांत डयुटी संपते",,
40549,"Malvan To Belgaum Via Pendur",Malvan,Belgaum,"PENDUR NAKA",MO,6962,"Pendur Naka",21.3,,,मालवण,बेळगाव,163.2,04:50,09:55,,,"6 तासांत डयुटी संपते",,
40549,"Malvan To Belgaum Via Pendur",Malvan,Belgaum,"PENDUR NAKA",MO,6958,Parad,23.8,,,मालवण,बेळगाव,163.2,04:50,09:55,,,"6 तासांत डयुटी संपते",,
40549,"Malvan To Belgaum Via Pendur",Malvan,Belgaum,"PENDUR NAKA",MO,6856,"Hubalicha Mal",26.6,,,मालवण,बेळगाव,163.2,04:50,09:55,,,"6 तासांत डयुटी संपते",,
40549,"Malvan To Belgaum Via Pendur",Malvan,Belgaum,"PENDUR NAKA",MO,6335,Nerurpar,27.9,,,मालवण,बेळगाव,163.2,04:50,09:55,,,"6 तासांत डयुटी संपते",,
40549,"Malvan To Belgaum Via Pendur",Malvan,Belgaum,"PENDUR NAKA",MO,6428,Thakurwadi,30.8,,,मालवण,बेळगाव,163.2,04:50,09:55,,,"6 तासांत डयुटी संपते",,
40549,"Malvan To Belgaum Via Pendur",Malvan,Belgaum,"PENDUR NAKA",MO,6351,"Nerur Jakat",33.5,,,मालवण,बेळगाव,163.2,04:50,09:55,,,"6 तासांत डयुटी संपते",,
40549,"Malvan To Belgaum Via Pendur",Malvan,Belgaum,"PENDUR NAKA",MO,6237,"Kudal St Depot",35,,,मालवण,बेळगाव,163.2,04:50,09:55,,,"6 तासांत डयुटी संपते",,
40549,"Malvan To Belgaum Via Pendur",Malvan,Belgaum,"PENDUR NAKA",MO,6302,"Modka Wad Pinguli",38,,,मालवण,बेळगाव,163.2,04:50,09:55,,,"6 तासांत डयुटी संपते",,
40549,"Malvan To Belgaum Via Pendur",Malvan,Belgaum,"PENDUR NAKA",MO,6376,"Pinguli Titha",39.6,,,मालवण,बेळगाव,163.2,04:50,09:55,,,"6 तासांत डयुटी संपते",,
40549,"Malvan To Belgaum Via Pendur",Malvan,Belgaum,"PENDUR NAKA",MO,6322,"Mandkuli Fata",40.7,,,मालवण,बेळगाव,163.2,04:50,09:55,,,"6 तासांत डयुटी संपते",,
40549,"Malvan To Belgaum Via Pendur",Malvan,Belgaum,"PENDUR NAKA",MO,6474,"Zharap Titha",44.9,,,मालवण,बेळगाव,163.2,04:50,09:55,,,"6 तासांत डयुटी संपते",,
40549,"Malvan To Belgaum Via Pendur",Malvan,Belgaum,"PENDUR NAKA",MO,6473,"Zarap Jambhal",45.7,,,मालवण,बेळगाव,163.2,04:50,09:55,,,"6 तासांत डयुटी संपते",,
40549,"Malvan To Belgaum Via Pendur",Malvan,Belgaum,"PENDUR NAKA",MO,6231,"Khan Mohalla",47.2,,,मालवण,बेळगाव,163.2,04:50,09:55,,,"6 तासांत डयुटी संपते",,
40549,"Malvan To Belgaum Via Pendur",Malvan,Belgaum,"PENDUR NAKA",MO,6205,Humras,47.7,,,मालवण,बेळगाव,163.2,04:50,09:55,,,"6 तासांत डयुटी संपते",,
40549,"Malvan To Belgaum Via Pendur",Malvan,Belgaum,"PENDUR NAKA",MO,6101,Akeri,49.8,,,मालवण,बेळगाव,163.2,04:50,09:55,,,"6 तासांत डयुटी संपते",,
40549,"Malvan To Belgaum Via Pendur",Malvan,Belgaum,"PENDUR NAKA",MO,8551,"Kolgaon Thita",52,,,मालवण,बेळगाव,163.2,04:50,09:55,,,"6 तासांत डयुटी संपते",,
40549,"Malvan To Belgaum Via Pendur",Malvan,Belgaum,"PENDUR NAKA",MO,8663,Sawantwadi,55.7,,,मालवण,बेळगाव,163.2,04:50,09:55,,,"6 तासांत डयुटी संपते",,
40549,"Malvan To Belgaum Via Pendur",Malvan,Belgaum,"PENDUR NAKA",MO,8488,"Burdi Pul",59.1,,,मालवण,बेळगाव,163.2,04:50,09:55,,,"6 तासांत डयुटी संपते",,
40549,"Malvan To Belgaum Via Pendur",Malvan,Belgaum,"PENDUR NAKA",MO,8653,"Sapale Stop",61.6,,,मालवण,बेळगाव,163.2,04:50,09:55,,,"6 तासांत डयुटी संपते",,
40549,"Malvan To Belgaum Via Pendur",Malvan,Belgaum,"PENDUR NAKA",MO,8570,Madkhol,63.6,,,मालवण,बेळगाव,163.2,04:50,09:55,,,"6 तासांत डयुटी संपते",,
40549,"Malvan To Belgaum Via Pendur",Malvan,Belgaum,"PENDUR NAKA",MO,8569,"Madkhol Met",64.7,,,मालवण,बेळगाव,163.2,04:50,09:55,,,"6 तासांत डयुटी संपते",,
40549,"Malvan To Belgaum Via Pendur",Malvan,Belgaum,"PENDUR NAKA",MO,8496,"Dhawadaki Datta Mandir",66.2,,,मालवण,बेळगाव,163.2,04:50,09:55,,,"6 तासांत डयुटी संपते",,
40549,"Malvan To Belgaum Via Pendur",Malvan,Belgaum,"PENDUR NAKA",MO,8510,Danoli,68.8,,,मालवण,बेळगाव,163.2,04:50,09:55,,,"6 तासांत डयुटी संपते",,
40549,"Malvan To Belgaum Via Pendur",Malvan,Belgaum,"PENDUR NAKA",MO,8564,Kumbheshwar,70.7,,,मालवण,बेळगाव,163.2,04:50,09:55,,,"6 तासांत डयुटी संपते",,
40549,"Malvan To Belgaum Via Pendur",Malvan,Belgaum,"PENDUR NAKA",MO,8607,Nanapani,76.7,,,मालवण,बेळगाव,163.2,04:50,09:55,,,"6 तासांत डयुटी संपते",,
40549,"Malvan To Belgaum Via Pendur",Malvan,Belgaum,"PENDUR NAKA",MO,8470,Amboli,85.2,,,मालवण,बेळगाव,163.2,04:50,09:55,,,"6 तासांत डयुटी संपते",,
40549,"Malvan To Belgaum Via Pendur",Malvan,Belgaum,"PENDUR NAKA",MO,8582,Mulvanwadi,88.7,,,मालवण,बेळगाव,163.2,04:50,09:55,,,"6 तासांत डयुटी संपते",,
40549,"Malvan To Belgaum Via Pendur",Malvan,Belgaum,"PENDUR NAKA",MO,8473,"Ajra Fata",91.7,,,मालवण,बेळगाव,163.2,04:50,09:55,,,"6 तासांत डयुटी संपते",,
40549,"Malvan To Belgaum Via Pendur",Malvan,Belgaum,"PENDUR NAKA",MO,8597,Nagartaskari,93.6,,,मालवण,बेळगाव,163.2,04:50,09:55,,,"6 तासांत डयुटी संपते",,
40549,"Malvan To Belgaum Via Pendur",Malvan,Belgaum,"PENDUR NAKA",MO,25219,Punarvasan,96.6,,,मालवण,बेळगाव,163.2,04:50,09:55,,,"6 तासांत डयुटी संपते",,
40549,"Malvan To Belgaum Via Pendur",Malvan,Belgaum,"PENDUR NAKA",MO,25484,Sadegudavade,100.3,,,मालवण,बेळगाव,163.2,04:50,09:55,,,"6 तासांत डयुटी संपते",,
40549,"Malvan To Belgaum Via Pendur",Malvan,Belgaum,"PENDUR NAKA",MO,23361,"Bazar Kanur",102.6,,,मालवण,बेळगाव,163.2,04:50,09:55,,,"6 तासांत डयुटी संपते",,
40549,"Malvan To Belgaum Via Pendur",Malvan,Belgaum,"PENDUR NAKA",MO,23326,"Birdi Kanur",105.2,,,मालवण,बेळगाव,163.2,04:50,09:55,,,"6 तासांत डयुटी संपते",,
40549,"Malvan To Belgaum Via Pendur",Malvan,Belgaum,"PENDUR NAKA",MO,24762,Mhalunge,109.1,,,मालवण,बेळगाव,163.2,04:50,09:55,,,"6 तासांत डयुटी संपते",,
40549,"Malvan To Belgaum Via Pendur",Malvan,Belgaum,"PENDUR NAKA",MO,23971,Hindgaon,111.3,,,मालवण,बेळगाव,163.2,04:50,09:55,,,"6 तासांत डयुटी संपते",,
40549,"Malvan To Belgaum Via Pendur",Malvan,Belgaum,"PENDUR NAKA",MO,23443,"Chandgad Fata",115,,,मालवण,बेळगाव,163.2,04:50,09:55,,,"6 तासांत डयुटी संपते",,
40549,"Malvan To Belgaum Via Pendur",Malvan,Belgaum,"PENDUR NAKA",MO,24986,Naganwadi,118.1,,,मालवण,बेळगाव,163.2,04:50,09:55,,,"6 तासांत डयुटी संपते",,
40549,"Malvan To Belgaum Via Pendur",Malvan,Belgaum,"PENDUR NAKA",MO,23259,Belebhat,118.2,,,मालवण,बेळगाव,163.2,04:50,09:55,,,"6 तासांत डयुटी संपते",,
40549,"Malvan To Belgaum Via Pendur",Malvan,Belgaum,"PENDUR NAKA",MO,23500,Date,123,,,मालवण,बेळगाव,163.2,04:50,09:55,,,"6 तासांत डयुटी संपते",,
40549,"Malvan To Belgaum Via Pendur",Malvan,Belgaum,"PENDUR NAKA",MO,23937,"Halkarni Fata",127.2,,,मालवण,बेळगाव,163.2,04:50,09:55,,,"6 तासांत डयुटी संपते",,
40549,"Malvan To Belgaum Via Pendur",Malvan,Belgaum,"PENDUR NAKA",MO,25133,"Patane Fata",129.1,,,मालवण,बेळगाव,163.2,04:50,09:55,,,"6 तासांत डयुटी संपते",,
40549,"Malvan To Belgaum Via Pendur",Malvan,Belgaum,"PENDUR NAKA",MO,25872,"Turkewadi Cross",131.7,,,मालवण,बेळगाव,163.2,04:50,09:55,,,"6 तासांत डयुटी संपते",,
40549,"Malvan To Belgaum Via Pendur",Malvan,Belgaum,"PENDUR NAKA",MO,25810,Tadshinhal,131.8,,,मालवण,बेळगाव,163.2,04:50,09:55,,,"6 तासांत डयुटी संपते",,
40549,"Malvan To Belgaum Via Pendur",Malvan,Belgaum,"PENDUR NAKA",MO,25402,"Rto Naka",132.9,,,मालवण,बेळगाव,163.2,04:50,09:55,,,"6 तासांत डयुटी संपते",,
40549,"Malvan To Belgaum Via Pendur",Malvan,Belgaum,"PENDUR NAKA",MO,24562,Kudremani,135,,,मालवण,बेळगाव,163.2,04:50,09:55,,,"6 तासांत डयुटी संपते",,
40549,"Malvan To Belgaum Via Pendur",Malvan,Belgaum,"PENDUR NAKA",MO,25541,"Shinoli Fata",136.5,,,मालवण,बेळगाव,163.2,04:50,09:55,,,"6 तासांत डयुटी संपते",,
40549,"Malvan To Belgaum Via Pendur",Malvan,Belgaum,"PENDUR NAKA",MO,73192,"Bachi Krt Border",139.2,,,मालवण,बेळगाव,163.2,04:50,09:55,,,"6 तासांत डयुटी संपते",,
40549,"Malvan To Belgaum Via Pendur",Malvan,Belgaum,"PENDUR NAKA",MO,73513,Hindalga,142,,,मालवण,बेळगाव,163.2,04:50,09:55,,,"6 तासांत डयुटी संपते",,
40549,"Malvan To Belgaum Via Pendur",Malvan,Belgaum,"PENDUR NAKA",MO,73212,Bogarves,143,,,मालवण,बेळगाव,163.2,04:50,09:55,,,"6 तासांत डयुटी संपते",,
40549,"Malvan To Belgaum Via Pendur",Malvan,Belgaum,"PENDUR NAKA",MO,73207,"Belgaum Rly. Stn.",144,,,मालवण,बेळगाव,163.2,04:50,09:55,,,"6 तासांत डयुटी संपते",,
40549,"Malvan To Belgaum Via Pendur",Malvan,Belgaum,"PENDUR NAKA",MO,73214,Belgaum,163.2,,,मालवण,बेळगाव,163.2,04:50,09:55,,,"6 तासांत डयुटी संपते",,
94469,"Katta To Masade Titha Via Golvan Boudhawadi",Katta,"Masade Titha","GOLVAN BOUDHAWADI",MO,6870,Katta,,,,कट्टा,मसदेतिठा,13.8,09:30,10:00,SCH,DAIL,,,
94469,"Katta To Masade Titha Via Golvan Boudhawadi",Katta,"Masade Titha","GOLVAN BOUDHAWADI",MO,6895,Kumame,3,,,कट्टा,मसदेतिठा,13.8,09:30,10:00,SCH,DAIL,,,
94469,"Katta To Masade Titha Via Golvan Boudhawadi",Katta,"Masade Titha","GOLVAN BOUDHAWADI",MO,6814,"Dikwal Fata",6,,,कट्टा,मसदेतिठा,13.8,09:30,10:00,SCH,DAIL,,,
94469,"Katta To Masade Titha Via Golvan Boudhawadi",Katta,"Masade Titha","GOLVAN BOUDHAWADI",MO,6830,"Golvan Boudhawadi",9,,,कट्टा,मसदेतिठा,13.8,09:30,10:00,SCH,DAIL,,,
94469,"Katta To Masade Titha Via Golvan Boudhawadi",Katta,"Masade Titha","GOLVAN BOUDHAWADI",MO,6945,"Navpat High School",12,,,कट्टा,मसदेतिठा,13.8,09:30,10:00,SCH,DAIL,,,
94469,"Katta To Masade Titha Via Golvan Boudhawadi",Katta,"Masade Titha","GOLVAN BOUDHAWADI",MO,6925,"Masade Titha",13.8,,,कट्टा,मसदेतिठा,13.8,09:30,10:00,SCH,DAIL,,,
107981,"Malvan To Palyewadi Via Kawawadi Masure",Malvan,Palyewadi,"KAWAWADI MASURE",MO,6915,Malvan,,,,मालवण,पालयेवाडी,26.4,12:30,13:15,SCH,DAIL,,,
107981,"Malvan To Palyewadi Via Kawawadi Masure",Malvan,Palyewadi,"KAWAWADI MASURE",MO,6889,Kolamb,3,,,मालवण,पालयेवाडी,26.4,12:30,13:15,SCH,DAIL,,,
107981,"Malvan To Palyewadi Via Kawawadi Masure",Malvan,Palyewadi,"KAWAWADI MASURE",MO,6949,"Ozar Rameshwar Nagar",6,,,मालवण,पालयेवाडी,26.4,12:30,13:15,SCH,DAIL,,,
107981,"Malvan To Palyewadi Via Kawawadi Masure",Malvan,Palyewadi,"KAWAWADI MASURE",MO,6866,"Kandalgaon Parab House",9,,,मालवण,पालयेवाडी,26.4,12:30,13:15,SCH,DAIL,,,
107981,"Malvan To Palyewadi Via Kawawadi Masure",Malvan,Palyewadi,"KAWAWADI MASURE",MO,7000,"Talani Pool",12,,,मालवण,पालयेवाडी,26.4,12:30,13:15,SCH,DAIL,,,
107981,"Malvan To Palyewadi Via Kawawadi Masure",Malvan,Palyewadi,"KAWAWADI MASURE",MO,6877,Khajanwadi,15,,,मालवण,पालयेवाडी,26.4,12:30,13:15,SCH,DAIL,,,
107981,"Malvan To Palyewadi Via Kawawadi Masure",Malvan,Palyewadi,"KAWAWADI MASURE",MO,6906,"Magavane Fata",18,,,मालवण,पालयेवाडी,26.4,12:30,13:15,SCH,DAIL,,,
107981,"Malvan To Palyewadi Via Kawawadi Masure",Malvan,Palyewadi,"KAWAWADI MASURE",MO,6875,"Kawawadi Masure",21,,,मालवण,पालयेवाडी,26.4,12:30,13:15,SCH,DAIL,,,
107981,"Malvan To Palyewadi Via Kawawadi Masure",Malvan,Palyewadi,"KAWAWADI MASURE",MO,6771,"Bandivade Bundar",24,,,मालवण,पालयेवाडी,26.4,12:30,13:15,SCH,DAIL,,,
107981,"Malvan To Palyewadi Via Kawawadi Masure",Malvan,Palyewadi,"KAWAWADI MASURE",MO,6954,Palyewadi,26.4,,,मालवण,पालयेवाडी,26.4,12:30,13:15,SCH,DAIL,,,
125459,"Malvan To Kasal Via Talgaon",Malvan,Kasal,TALGAON,MO,6915,Malvan,2.8,,,मालवण,कसाल,52.6,06:30,08:30,OPT,DAIL,,,
125459,"Malvan To Kasal Via Talgaon",Malvan,Kasal,TALGAON,MO,6746,Adari,5.3,,,मालवण,कसाल,52.6,06:30,08:30,OPT,DAIL,,,
125459,"Malvan To Kasal Via Talgaon",Malvan,Kasal,TALGAON,MO,6779,"Bhagat Nursary",8,,,मालवण,कसाल,52.6,06:30,08:30,OPT,DAIL,,,
125459,"Malvan To Kasal Via Talgaon",Malvan,Kasal,TALGAON,MO,6908,Mahan,11.4,,,मालवण,कसाल,52.6,06:30,08:30,OPT,DAIL,,,
125459,"Malvan To Kasal Via Talgaon",Malvan,Kasal,TALGAON,MO,6787,"Bilwas Datta Mandir",14.8,,,मालवण,कसाल,52.6,06:30,08:30,OPT,DAIL,,,
125459,"Malvan To Kasal Via Talgaon",Malvan,Kasal,TALGAON,MO,6769,Bagayat,18.5,,,मालवण,कसाल,52.6,06:30,08:30,OPT,DAIL,,,
125459,"Malvan To Kasal Via Talgaon",Malvan,Kasal,TALGAON,MO,6925,"Masade Titha",20.5,,,मालवण,कसाल,52.6,06:30,08:30,OPT,DAIL,,,
125459,"Malvan To Kasal Via Talgaon",Malvan,Kasal,TALGAON,MO,6924,"Masade School",21.5,,,मालवण,कसाल,52.6,06:30,08:30,OPT,DAIL,,,
125459,"Malvan To Kasal Via Talgaon",Malvan,Kasal,TALGAON,MO,7019,Viran,23,,,मालवण,कसाल,52.6,06:30,08:30,OPT,DAIL,,,
125459,"Malvan To Kasal Via Talgaon",Malvan,Kasal,TALGAON,MO,6965,"Poip Katta Titha",24.4,,,मालवण,कसाल,52.6,06:30,08:30,OPT,DAIL,,,
125459,"Malvan To Kasal Via Talgaon",Malvan,Kasal,TALGAON,MO,6952,"Palav Mangar",27.2,,,मालवण,कसाल,52.6,06:30,08:30,OPT,DAIL,,,
125459,"Malvan To Kasal Via Talgaon",Malvan,Kasal,TALGAON,MO,6814,"Dikwal Fata",30.4,,,मालवण,कसाल,52.6,06:30,08:30,OPT,DAIL,,,
125459,"Malvan To Kasal Via Talgaon",Malvan,Kasal,TALGAON,MO,6895,Kumame,33.4,,,मालवण,कसाल,52.6,06:30,08:30,OPT,DAIL,,,
125459,"Malvan To Kasal Via Talgaon",Malvan,Kasal,TALGAON,MO,6870,Katta,36.3,,,मालवण,कसाल,52.6,06:30,08:30,OPT,DAIL,,,
125459,"Malvan To Kasal Via Talgaon",Malvan,Kasal,TALGAON,MO,6993,"Sawarwad Varad Fata",40.4,,,मालवण,कसाल,52.6,06:30,08:30,OPT,DAIL,,,
125459,"Malvan To Kasal Via Talgaon",Malvan,Kasal,TALGAON,MO,6424,Sukalwad,43,,,मालवण,कसाल,52.6,06:30,08:30,OPT,DAIL,,,
125459,"Malvan To Kasal Via Talgaon",Malvan,Kasal,TALGAON,MO,6935,Mhalunge,44.7,,,मालवण,कसाल,52.6,06:30,08:30,OPT,DAIL,,,
125459,"Malvan To Kasal Via Talgaon",Malvan,Kasal,TALGAON,MO,7002,Talgaon,48,,,मालवण,कसाल,52.6,06:30,08:30,OPT,DAIL,,,
125459,"Malvan To Kasal Via Talgaon",Malvan,Kasal,TALGAON,MO,6935,Mhalunge,50.2,,,मालवण,कसाल,52.6,06:30,08:30,OPT,DAIL,,,
125459,"Malvan To Kasal Via Talgaon",Malvan,Kasal,TALGAON,MO,6424,Sukalwad,51.5,,,मालवण,कसाल,52.6,06:30,08:30,OPT,DAIL,,,
125459,"Malvan To Kasal Via Talgaon",Malvan,Kasal,TALGAON,MO,6392,"Ranbambuli Fata",52,,,मालवण,कसाल,52.6,06:30,08:30,OPT,DAIL,,,
125459,"Malvan To Kasal Via Talgaon",Malvan,Kasal,TALGAON,MO,6368,Padve,53.6,,,मालवण,कसाल,52.6,06:30,08:30,OPT,DAIL,,,
125459,"Malvan To Kasal Via Talgaon",Malvan,Kasal,TALGAON,MO,6281,Kasal,55.4,,,मालवण,कसाल,52.6,06:30,08:30,OPT,DAIL,,,
125475,"Malvan To Dangmode Via Vetal Mandir",Malvan,Dangmode,"VETAL MANDIR",MO,6915,Malvan,,,,मालवण,डांगमोडे,43.4,08:15,09:50,SCL,SUN,,,
125475,"Malvan To Dangmode Via Vetal Mandir",Malvan,Dangmode,"VETAL MANDIR",MO,6746,Adari,5.3,,,मालवण,डांगमोडे,43.4,08:15,09:50,SCL,SUN,,,
125475,"Malvan To Dangmode Via Vetal Mandir",Malvan,Dangmode,"VETAL MANDIR",MO,6873,"Katwad Acharekar Shop",7.4,,,मालवण,डांगमोडे,43.4,08:15,09:50,SCL,SUN,,,
125475,"Malvan To Dangmode Via Vetal Mandir",Malvan,Dangmode,"VETAL MANDIR",MO,6779,"Bhagat Nursary",8,,,मालवण,डांगमोडे,43.4,08:15,09:50,SCL,SUN,,,
125475,"Malvan To Dangmode Via Vetal Mandir",Malvan,Dangmode,"VETAL MANDIR",MO,6908,Mahan,11.4,,,मालवण,डांगमोडे,43.4,08:15,09:50,SCL,SUN,,,
125475,"Malvan To Dangmode Via Vetal Mandir",Malvan,Dangmode,"VETAL MANDIR",MO,6787,"Bilwas Datta Mandir",14.8,,,मालवण,डांगमोडे,43.4,08:15,09:50,SCL,SUN,,,
125475,"Malvan To Dangmode Via Vetal Mandir",Malvan,Dangmode,"VETAL MANDIR",MO,6769,Bagayat,18.5,,,मालवण,डांगमोडे,43.4,08:15,09:50,SCL,SUN,,,
125475,"Malvan To Dangmode Via Vetal Mandir",Malvan,Dangmode,"VETAL MANDIR",MO,6925,"Masade Titha",20.5,,,मालवण,डांगमोडे,43.4,08:15,09:50,SCL,SUN,,,
125475,"Malvan To Dangmode Via Vetal Mandir",Malvan,Dangmode,"VETAL MANDIR",MO,6924,"Masade School",21.5,,,मालवण,डांगमोडे,43.4,08:15,09:50,SCL,SUN,,,
125475,"Malvan To Dangmode Via Vetal Mandir",Malvan,Dangmode,"VETAL MANDIR",MO,7022,"Viran Malvan Titha",23.8,,,मालवण,डांगमोडे,43.4,08:15,09:50,SCL,SUN,,,
125475,"Malvan To Dangmode Via Vetal Mandir",Malvan,Dangmode,"VETAL MANDIR",MO,6965,"Poip Katta Titha",24.4,,,मालवण,डांगमोडे,43.4,08:15,09:50,SCL,SUN,,,
125475,"Malvan To Dangmode Via Vetal Mandir",Malvan,Dangmode,"VETAL MANDIR",MO,7017,"Vetal Mandir",26.8,,,मालवण,डांगमोडे,43.4,08:15,09:50,SCL,SUN,,,
125475,"Malvan To Dangmode Via Vetal Mandir",Malvan,Dangmode,"VETAL MANDIR",MO,6966,"Poip School",28.4,,,मालवण,डांगमोडे,43.4,08:15,09:50,SCL,SUN,,,
125475,"Malvan To Dangmode Via Vetal Mandir",Malvan,Dangmode,"VETAL MANDIR",MO,6965,"Poip Katta Titha",30.2,,,मालवण,डांगमोडे,43.4,08:15,09:50,SCL,SUN,,,
125475,"Malvan To Dangmode Via Vetal Mandir",Malvan,Dangmode,"VETAL MANDIR",MO,7022,"Viran Malvan Titha",30.8,,,मालवण,डांगमोडे,43.4,08:15,09:50,SCL,SUN,,,
125475,"Malvan To Dangmode Via Vetal Mandir",Malvan,Dangmode,"VETAL MANDIR",MO,6924,"Masade School",33.1,,,मालवण,डांगमोडे,43.4,08:15,09:50,SCL,SUN,,,
125475,"Malvan To Dangmode Via Vetal Mandir",Malvan,Dangmode,"VETAL MANDIR",MO,6925,"Masade Titha",34.1,,,मालवण,डांगमोडे,43.4,08:15,09:50,SCL,SUN,,,
125475,"Malvan To Dangmode Via Vetal Mandir",Malvan,Dangmode,"VETAL MANDIR",MO,7016,"Verli Mapari Dukan",36.7,,,मालवण,डांगमोडे,43.4,08:15,09:50,SCL,SUN,,,
125475,"Malvan To Dangmode Via Vetal Mandir",Malvan,Dangmode,"VETAL MANDIR",MO,6795,"Chambhar Dunga",37.2,,,मालवण,डांगमोडे,43.4,08:15,09:50,SCL,SUN,,,
125475,"Malvan To Dangmode Via Vetal Mandir",Malvan,Dangmode,"VETAL MANDIR",MO,6928,"Masure Bazar",41.2,,,मालवण,डांगमोडे,43.4,08:15,09:50,SCL,SUN,,,
125475,"Malvan To Dangmode Via Vetal Mandir",Malvan,Dangmode,"VETAL MANDIR",MO,6875,"Kawawadi Masure",42,,,मालवण,डांगमोडे,43.4,08:15,09:50,SCL,SUN,,,
125475,"Malvan To Dangmode Via Vetal Mandir",Malvan,Dangmode,"VETAL MANDIR",MO,6805,"Dangmode Ravalnath Mandir",42.6,,,मालवण,डांगमोडे,43.4,08:15,09:50,SCL,SUN,,,
125475,"Malvan To Dangmode Via Vetal Mandir",Malvan,Dangmode,"VETAL MANDIR",MO,6803,Dangmode,43.4,,,मालवण,डांगमोडे,43.4,08:15,09:50,SCL,SUN,,,
125594,"Katta To Kasal Via Khotale School",Katta,Kasal,"KHOTALE SCHOOL",MO,6870,Katta,,,,कट्टा,कसाल,21.2,12:20,13:10,SCL,DAIL,,,
125594,"Katta To Kasal Via Khotale School",Katta,Kasal,"KHOTALE SCHOOL",MO,6895,Kumame,3.9,,,कट्टा,कसाल,21.2,12:20,13:10,SCL,DAIL,,,
125594,"Katta To Kasal Via Khotale School",Katta,Kasal,"KHOTALE SCHOOL",MO,6814,"Dikwal Fata",6.7,,,कट्टा,कसाल,21.2,12:20,13:10,SCL,DAIL,,,
125594,"Katta To Kasal Via Khotale School",Katta,Kasal,"KHOTALE SCHOOL",MO,7033,"Waingawade Teli Dukan",8.6,,,कट्टा,कसाल,21.2,12:20,13:10,SCL,DAIL,,,
125594,"Katta To Kasal Via Khotale School",Katta,Kasal,"KHOTALE SCHOOL",MO,7029,"Waingawade Amba",12.4,,,कट्टा,कसाल,21.2,12:20,13:10,SCL,DAIL,,,
125594,"Katta To Kasal Via Khotale School",Katta,Kasal,"KHOTALE SCHOOL",MO,6883,"Khotale School",14,,,कट्टा,कसाल,21.2,12:20,13:10,SCL,DAIL,,,
125594,"Katta To Kasal Via Khotale School",Katta,Kasal,"KHOTALE SCHOOL",MO,6844,"Hedul Vinanti",15.4,,,कट्टा,कसाल,21.2,12:20,13:10,SCL,DAIL,,,
125594,"Katta To Kasal Via Khotale School",Katta,Kasal,"KHOTALE SCHOOL",MO,6843,"Hedul Loharwadi",18,,,कट्टा,कसाल,21.2,12:20,13:10,SCL,DAIL,,,
125594,"Katta To Kasal Via Khotale School",Katta,Kasal,"KHOTALE SCHOOL",MO,6281,Kasal,21.2,,,कट्टा,कसाल,21.2,12:20,13:10,SCL,DAIL,,,
125654,"Dangmode To Malvan Via Poip Katta Titha",Dangmode,Malvan,"POIP KATTA TITHA",MO,6803,Dangmode,,,,डांगमोडे,मालवण,35.8,09:55,11:30,OBL,SUN,,,
125654,"Dangmode To Malvan Via Poip Katta Titha",Dangmode,Malvan,"POIP KATTA TITHA",MO,6805,"Dangmode Ravalnath Mandir",2.7,,,डांगमोडे,मालवण,35.8,09:55,11:30,OBL,SUN,,,
125654,"Dangmode To Malvan Via Poip Katta Titha",Dangmode,Malvan,"POIP KATTA TITHA",MO,6928,"Masure Bazar",5.8,,,डांगमोडे,मालवण,35.8,09:55,11:30,OBL,SUN,,,
125654,"Dangmode To Malvan Via Poip Katta Titha",Dangmode,Malvan,"POIP KATTA TITHA",MO,6920,"Margachi Tad",8.8,,,डांगमोडे,मालवण,35.8,09:55,11:30,OBL,SUN,,,
125654,"Dangmode To Malvan Via Poip Katta Titha",Dangmode,Malvan,"POIP KATTA TITHA",MO,6795,"Chambhar Dunga",10.1,,,डांगमोडे,मालवण,35.8,09:55,11:30,OBL,SUN,,,
125654,"Dangmode To Malvan Via Poip Katta Titha",Dangmode,Malvan,"POIP KATTA TITHA",MO,7016,"Verli Mapari Dukan",10.6,,,डांगमोडे,मालवण,35.8,09:55,11:30,OBL,SUN,,,
125654,"Dangmode To Malvan Via Poip Katta Titha",Dangmode,Malvan,"POIP KATTA TITHA",MO,6925,"Masade Titha",13.2,,,डांगमोडे,मालवण,35.8,09:55,11:30,OBL,SUN,,,
125654,"Dangmode To Malvan Via Poip Katta Titha",Dangmode,Malvan,"POIP KATTA TITHA",MO,6924,"Masade School",14.2,,,डांगमोडे,मालवण,35.8,09:55,11:30,OBL,SUN,,,
125654,"Dangmode To Malvan Via Poip Katta Titha",Dangmode,Malvan,"POIP KATTA TITHA",MO,7022,"Viran Malvan Titha",16.5,,,डांगमोडे,मालवण,35.8,09:55,11:30,OBL,SUN,,,
125654,"Dangmode To Malvan Via Poip Katta Titha",Dangmode,Malvan,"POIP KATTA TITHA",MO,6965,"Poip Katta Titha",17.1,,,डांगमोडे,मालवण,35.8,09:55,11:30,OBL,SUN,,,
125654,"Dangmode To Malvan Via Poip Katta Titha",Dangmode,Malvan,"POIP KATTA TITHA",MO,7022,"Viran Malvan Titha",17.7,,,डांगमोडे,मालवण,35.8,09:55,11:30,OBL,SUN,,,
125654,"Dangmode To Malvan Via Poip Katta Titha",Dangmode,Malvan,"POIP KATTA TITHA",MO,6924,"Masade School",20,,,डांगमोडे,मालवण,35.8,09:55,11:30,OBL,SUN,,,
125654,"Dangmode To Malvan Via Poip Katta Titha",Dangmode,Malvan,"POIP KATTA TITHA",MO,6925,"Masade Titha",21,,,डांगमोडे,मालवण,35.8,09:55,11:30,OBL,SUN,,,
125654,"Dangmode To Malvan Via Poip Katta Titha",Dangmode,Malvan,"POIP KATTA TITHA",MO,6769,Bagayat,23,,,डांगमोडे,मालवण,35.8,09:55,11:30,OBL,SUN,,,
125654,"Dangmode To Malvan Via Poip Katta Titha",Dangmode,Malvan,"POIP KATTA TITHA",MO,6787,"Bilwas Datta Mandir",26.7,,,डांगमोडे,मालवण,35.8,09:55,11:30,OBL,SUN,,,
125654,"Dangmode To Malvan Via Poip Katta Titha",Dangmode,Malvan,"POIP KATTA TITHA",MO,6908,Mahan,30.1,,,डांगमोडे,मालवण,35.8,09:55,11:30,OBL,SUN,,,
125654,"Dangmode To Malvan Via Poip Katta Titha",Dangmode,Malvan,"POIP KATTA TITHA",MO,6779,"Bhagat Nursary",33.5,,,डांगमोडे,मालवण,35.8,09:55,11:30,OBL,SUN,,,
125654,"Dangmode To Malvan Via Poip Katta Titha",Dangmode,Malvan,"POIP KATTA TITHA",MO,6746,Adari,35,,,डांगमोडे,मालवण,35.8,09:55,11:30,OBL,SUN,,,
125654,"Dangmode To Malvan Via Poip Katta Titha",Dangmode,Malvan,"POIP KATTA TITHA",MO,6915,Malvan,35.8,,,डांगमोडे,मालवण,35.8,09:55,11:30,OBL,SUN,,,
126186,"Malvan To Sawantwadi Via Nerurpar",Malvan,Sawantwadi,NERURPAR,MO,6915,Malvan,,,,मालवण,सावंतवाडी,49,18:00,19:40,OBL,DAIL,,,
126186,"Malvan To Sawantwadi Via Nerurpar",Malvan,Sawantwadi,NERURPAR,MO,6897,"Kumbharmath Govekar Dukan",3,,,मालवण,सावंतवाडी,49,18:00,19:40,OBL,DAIL,,,
126186,"Malvan To Sawantwadi Via Nerurpar",Malvan,Sawantwadi,NERURPAR,MO,6750,"Ajagaonkar Bangala",6,,,मालवण,सावंतवाडी,49,18:00,19:40,OBL,DAIL,,,
126186,"Malvan To Sawantwadi Via Nerurpar",Malvan,Sawantwadi,NERURPAR,MO,6799,Chouke,9,,,मालवण,सावंतवाडी,49,18:00,19:40,OBL,DAIL,,,
126186,"Malvan To Sawantwadi Via Nerurpar",Malvan,Sawantwadi,NERURPAR,MO,6829,Godyachiwadi,12,,,मालवण,सावंतवाडी,49,18:00,19:40,OBL,DAIL,,,
126186,"Malvan To Sawantwadi Via Nerurpar",Malvan,Sawantwadi,NERURPAR,MO,6821,"Gavaldeo Amba",15,,,मालवण,सावंतवाडी,49,18:00,19:40,OBL,DAIL,,,
126186,"Malvan To Sawantwadi Via Nerurpar",Malvan,Sawantwadi,NERURPAR,MO,6812,Dhamapur,16,,,मालवण,सावंतवाडी,49,18:00,19:40,OBL,DAIL,,,
126186,"Malvan To Sawantwadi Via Nerurpar",Malvan,Sawantwadi,NERURPAR,MO,6979,"Ravalnath Mandir",18,,,मालवण,सावंतवाडी,49,18:00,19:40,OBL,DAIL,,,
126186,"Malvan To Sawantwadi Via Nerurpar",Malvan,Sawantwadi,NERURPAR,MO,6335,Nerurpar,21,,,मालवण,सावंतवाडी,49,18:00,19:40,OBL,DAIL,,,
126186,"Malvan To Sawantwadi Via Nerurpar",Malvan,Sawantwadi,NERURPAR,MO,6428,Thakurwadi,24,,,मालवण,सावंतवाडी,49,18:00,19:40,OBL,DAIL,,,
126186,"Malvan To Sawantwadi Via Nerurpar",Malvan,Sawantwadi,NERURPAR,MO,6351,"Nerur Jakat",27,,,मालवण,सावंतवाडी,49,18:00,19:40,OBL,DAIL,,,
126186,"Malvan To Sawantwadi Via Nerurpar",Malvan,Sawantwadi,NERURPAR,MO,6253,"Kudal Old Bus Stand",30,,,मालवण,सावंतवाडी,49,18:00,19:40,OBL,DAIL,,,
126186,"Malvan To Sawantwadi Via Nerurpar",Malvan,Sawantwadi,NERURPAR,MO,6376,"Pinguli Titha",34,,,मालवण,सावंतवाडी,49,18:00,19:40,OBL,DAIL,,,
126186,"Malvan To Sawantwadi Via Nerurpar",Malvan,Sawantwadi,NERURPAR,MO,6126,Bibavane,35,,,मालवण,सावंतवाडी,49,18:00,19:40,OBL,DAIL,,,
126186,"Malvan To Sawantwadi Via Nerurpar",Malvan,Sawantwadi,NERURPAR,MO,6315,"Mile Stone",35.4,,,मालवण,सावंतवाडी,49,18:00,19:40,OBL,DAIL,,,
126186,"Malvan To Sawantwadi Via Nerurpar",Malvan,Sawantwadi,NERURPAR,MO,6322,"Mandkuli Fata",36,,,मालवण,सावंतवाडी,49,18:00,19:40,OBL,DAIL,,,
126186,"Malvan To Sawantwadi Via Nerurpar",Malvan,Sawantwadi,NERURPAR,MO,6474,"Zharap Titha",39,,,मालवण,सावंतवाडी,49,18:00,19:40,OBL,DAIL,,,
126186,"Malvan To Sawantwadi Via Nerurpar",Malvan,Sawantwadi,NERURPAR,MO,6231,"Khan Mohalla",42,,,मालवण,सावंतवाडी,49,18:00,19:40,OBL,DAIL,,,
126186,"Malvan To Sawantwadi Via Nerurpar",Malvan,Sawantwadi,NERURPAR,MO,6101,Akeri,45,,,मालवण,सावंतवाडी,49,18:00,19:40,OBL,DAIL,,,
126186,"Malvan To Sawantwadi Via Nerurpar",Malvan,Sawantwadi,NERURPAR,MO,6249,"Kolgaon Titha",48,,,मालवण,सावंतवाडी,49,18:00,19:40,OBL,DAIL,,,
126186,"Malvan To Sawantwadi Via Nerurpar",Malvan,Sawantwadi,NERURPAR,MO,8663,Sawantwadi,49,,,मालवण,सावंतवाडी,49,18:00,19:40,OBL,DAIL,,,
148321,"Kankavli To Dangmode Via Bagayat",Kankavli,Dangmode,BAGAYAT,MO,2786,Kankavli,,,,कणकवली,डांगमेाडे,56,17:30,19:25,OBL,DAIL,,,
148321,"Kankavli To Dangmode Via Bagayat",Kankavli,Dangmode,BAGAYAT,MO,3001,"Wagade Gpo",5.2,,,कणकवली,डांगमेाडे,56,17:30,19:25,OBL,DAIL,,,
148321,"Kankavli To Dangmode Via Bagayat",Kankavli,Dangmode,BAGAYAT,MO,2692,Dangalwadi,6.1,,,कणकवली,डांगमेाडे,56,17:30,19:25,OBL,DAIL,,,
148321,"Kankavli To Dangmode Via Bagayat",Kankavli,Dangmode,BAGAYAT,MO,2891,"Osargaon Talav",7.2,,,कणकवली,डांगमेाडे,56,17:30,19:25,OBL,DAIL,,,
148321,"Kankavli To Dangmode Via Bagayat",Kankavli,Dangmode,BAGAYAT,MO,2890,"Osargaon Post",10.1,,,कणकवली,डांगमेाडे,56,17:30,19:25,OBL,DAIL,,,
148321,"Kankavli To Dangmode Via Bagayat",Kankavli,Dangmode,BAGAYAT,MO,2889,"Osargaon Godaoon",11.1,,,कणकवली,डांगमेाडे,56,17:30,19:25,OBL,DAIL,,,
148321,"Kankavli To Dangmode Via Bagayat",Kankavli,Dangmode,BAGAYAT,MO,6281,Kasal,14.4,,,कणकवली,डांगमेाडे,56,17:30,19:25,OBL,DAIL,,,
148321,"Kankavli To Dangmode Via Bagayat",Kankavli,Dangmode,BAGAYAT,MO,6368,Padve,17.4,,,कणकवली,डांगमेाडे,56,17:30,19:25,OBL,DAIL,,,
148321,"Kankavli To Dangmode Via Bagayat",Kankavli,Dangmode,BAGAYAT,MO,6424,Sukalwad,20.5,,,कणकवली,डांगमेाडे,56,17:30,19:25,OBL,DAIL,,,
148321,"Kankavli To Dangmode Via Bagayat",Kankavli,Dangmode,BAGAYAT,MO,6993,"Sawarwad Varad Fata",23.7,,,कणकवली,डांगमेाडे,56,17:30,19:25,OBL,DAIL,,,
148321,"Kankavli To Dangmode Via Bagayat",Kankavli,Dangmode,BAGAYAT,MO,6870,Katta,27.8,,,कणकवली,डांगमेाडे,56,17:30,19:25,OBL,DAIL,,,
148321,"Kankavli To Dangmode Via Bagayat",Kankavli,Dangmode,BAGAYAT,MO,6770,Bagwadi,29.2,,,कणकवली,डांगमेाडे,56,17:30,19:25,OBL,DAIL,,,
148321,"Kankavli To Dangmode Via Bagayat",Kankavli,Dangmode,BAGAYAT,MO,6900,Kunkawale,32,,,कणकवली,डांगमेाडे,56,17:30,19:25,OBL,DAIL,,,
148321,"Kankavli To Dangmode Via Bagayat",Kankavli,Dangmode,BAGAYAT,MO,6942,Nagzarwadi,33.2,,,कणकवली,डांगमेाडे,56,17:30,19:25,OBL,DAIL,,,
148321,"Kankavli To Dangmode Via Bagayat",Kankavli,Dangmode,BAGAYAT,MO,6794,"Chafekhol School No. 1",36.2,,,कणकवली,डांगमेाडे,56,17:30,19:25,OBL,DAIL,,,
148321,"Kankavli To Dangmode Via Bagayat",Kankavli,Dangmode,BAGAYAT,MO,6868,"Kanki Naka",39.3,,,कणकवली,डांगमेाडे,56,17:30,19:25,OBL,DAIL,,,
148321,"Kankavli To Dangmode Via Bagayat",Kankavli,Dangmode,BAGAYAT,MO,6769,Bagayat,42.1,,,कणकवली,डांगमेाडे,56,17:30,19:25,OBL,DAIL,,,
148321,"Kankavli To Dangmode Via Bagayat",Kankavli,Dangmode,BAGAYAT,MO,6925,"Masade Titha",44.1,,,कणकवली,डांगमेाडे,56,17:30,19:25,OBL,DAIL,,,
148321,"Kankavli To Dangmode Via Bagayat",Kankavli,Dangmode,BAGAYAT,MO,7016,"Verli Mapari Dukan",46.7,,,कणकवली,डांगमेाडे,56,17:30,19:25,OBL,DAIL,,,
148321,"Kankavli To Dangmode Via Bagayat",Kankavli,Dangmode,BAGAYAT,MO,6795,"Chambhar Dunga",48.5,,,कणकवली,डांगमेाडे,56,17:30,19:25,OBL,DAIL,,,
148321,"Kankavli To Dangmode Via Bagayat",Kankavli,Dangmode,BAGAYAT,MO,6931,"Masure Kawa",51.5,,,कणकवली,डांगमेाडे,56,17:30,19:25,OBL,DAIL,,,
148321,"Kankavli To Dangmode Via Bagayat",Kankavli,Dangmode,BAGAYAT,MO,6805,"Dangmode Ravalnath Mandir",54.6,,,कणकवली,डांगमेाडे,56,17:30,19:25,OBL,DAIL,,,
148321,"Kankavli To Dangmode Via Bagayat",Kankavli,Dangmode,BAGAYAT,MO,6803,Dangmode,57.3,,,कणकवली,डांगमेाडे,56,17:30,19:25,OBL,DAIL,,,
11005,"Malvan To Bhagwantgad Via Acharekar Bag",Malvan,Bhagwantgad,"ACHAREKAR BAG",MO,6915,Malvan,,,,मालवण,भगवंतगड,30.2,07:20,08:20,OPT,DAIL,,,
11005,"Malvan To Bhagwantgad Via Acharekar Bag",Malvan,Bhagwantgad,"ACHAREKAR BAG",MO,6889,Kolamb,3.5,,,मालवण,भगवंतगड,30.2,07:20,08:20,OPT,DAIL,,,
11005,"Malvan To Bhagwantgad Via Acharekar Bag",Malvan,Bhagwantgad,"ACHAREKAR BAG",MO,7015,Varanda,7.5,,,मालवण,भगवंतगड,30.2,07:20,08:20,OPT,DAIL,,,
11005,"Malvan To Bhagwantgad Via Acharekar Bag",Malvan,Bhagwantgad,"ACHAREKAR BAG",MO,6817,"Gadgil Stop",9.1,,,मालवण,भगवंतगड,30.2,07:20,08:20,OPT,DAIL,,,
11005,"Malvan To Bhagwantgad Via Acharekar Bag",Malvan,Bhagwantgad,"ACHAREKAR BAG",MO,6921,Margeshwar,12,,,मालवण,भगवंतगड,30.2,07:20,08:20,OPT,DAIL,,,
11005,"Malvan To Bhagwantgad Via Acharekar Bag",Malvan,Bhagwantgad,"ACHAREKAR BAG",MO,6859,Kalawal,13.8,,,मालवण,भगवंतगड,30.2,07:20,08:20,OPT,DAIL,,,
11005,"Malvan To Bhagwantgad Via Acharekar Bag",Malvan,Bhagwantgad,"ACHAREKAR BAG",MO,7027,Waingani,16.1,,,मालवण,भगवंतगड,30.2,07:20,08:20,OPT,DAIL,,,
11005,"Malvan To Bhagwantgad Via Acharekar Bag",Malvan,Bhagwantgad,"ACHAREKAR BAG",MO,6745,"Acharekar Bag",18,,,मालवण,भगवंतगड,30.2,07:20,08:20,OPT,DAIL,,,
11005,"Malvan To Bhagwantgad Via Acharekar Bag",Malvan,Bhagwantgad,"ACHAREKAR BAG",MO,6740,Achara,21,,,मालवण,भगवंतगड,30.2,07:20,08:20,OPT,DAIL,,,
11005,"Malvan To Bhagwantgad Via Acharekar Bag",Malvan,Bhagwantgad,"ACHAREKAR BAG",MO,6798,"Chindar Wad",23.9,,,मालवण,भगवंतगड,30.2,07:20,08:20,OPT,DAIL,,,
11005,"Malvan To Bhagwantgad Via Acharekar Bag",Malvan,Bhagwantgad,"ACHAREKAR BAG",MO,6934,"Mauli Mandir",26.8,,,मालवण,भगवंतगड,30.2,07:20,08:20,OPT,DAIL,,,
11005,"Malvan To Bhagwantgad Via Acharekar Bag",Malvan,Bhagwantgad,"ACHAREKAR BAG",MO,6780,Bhagwantgad,29.2,,,मालवण,भगवंतगड,30.2,07:20,08:20,OPT,DAIL,,,
11017,"Malvan To Devgad Via Hirlewadi Sai Mandir",Malvan,Devgad,"HIRLEWADI SAI MANDIR",MO,6915,Malvan,,,,मालवण,देवगड,58.3,13:00,15:15,SCL,DAIL,,,
11017,"Malvan To Devgad Via Hirlewadi Sai Mandir",Malvan,Devgad,"HIRLEWADI SAI MANDIR",MO,6889,Kolamb,3.5,,,मालवण,देवगड,58.3,13:00,15:15,SCL,DAIL,,,
11017,"Malvan To Devgad Via Hirlewadi Sai Mandir",Malvan,Devgad,"HIRLEWADI SAI MANDIR",MO,7015,Varanda,8.6,,,मालवण,देवगड,58.3,13:00,15:15,SCL,DAIL,,,
11017,"Malvan To Devgad Via Hirlewadi Sai Mandir",Malvan,Devgad,"HIRLEWADI SAI MANDIR",MO,6867,"Kandalgaon Ranewadi",8.9,,,मालवण,देवगड,58.3,13:00,15:15,SCL,DAIL,,,
11017,"Malvan To Devgad Via Hirlewadi Sai Mandir",Malvan,Devgad,"HIRLEWADI SAI MANDIR",MO,6817,"Gadgil Stop",9.1,,,मालवण,देवगड,58.3,13:00,15:15,SCL,DAIL,,,
11017,"Malvan To Devgad Via Hirlewadi Sai Mandir",Malvan,Devgad,"HIRLEWADI SAI MANDIR",MO,6921,Margeshwar,12,,,मालवण,देवगड,58.3,13:00,15:15,SCL,DAIL,,,
11017,"Malvan To Devgad Via Hirlewadi Sai Mandir",Malvan,Devgad,"HIRLEWADI SAI MANDIR",MO,6859,Kalawal,13.8,,,मालवण,देवगड,58.3,13:00,15:15,SCL,DAIL,,,
11017,"Malvan To Devgad Via Hirlewadi Sai Mandir",Malvan,Devgad,"HIRLEWADI SAI MANDIR",MO,6960,Pat,17.4,,,मालवण,देवगड,58.3,13:00,15:15,SCL,DAIL,,,
11017,"Malvan To Devgad Via Hirlewadi Sai Mandir",Malvan,Devgad,"HIRLEWADI SAI MANDIR",MO,6848,"Hirlewadi Sai Mandir",20,,,मालवण,देवगड,58.3,13:00,15:15,SCL,DAIL,,,
11017,"Malvan To Devgad Via Hirlewadi Sai Mandir",Malvan,Devgad,"HIRLEWADI SAI MANDIR",MO,6741,"Achara Bandar",23,,,मालवण,देवगड,58.3,13:00,15:15,SCL,DAIL,,,
11017,"Malvan To Devgad Via Hirlewadi Sai Mandir",Malvan,Devgad,"HIRLEWADI SAI MANDIR",MO,6740,Achara,26.9,,,मालवण,देवगड,58.3,13:00,15:15,SCL,DAIL,,,
11017,"Malvan To Devgad Via Hirlewadi Sai Mandir",Malvan,Devgad,"HIRLEWADI SAI MANDIR",MO,6743,"Achara Par",29,,,मालवण,देवगड,58.3,13:00,15:15,SCL,DAIL,,,
11017,"Malvan To Devgad Via Hirlewadi Sai Mandir",Malvan,Devgad,"HIRLEWADI SAI MANDIR",MO,1848,Mashavi,32,,,मालवण,देवगड,58.3,13:00,15:15,SCL,DAIL,,,
11017,"Malvan To Devgad Via Hirlewadi Sai Mandir",Malvan,Devgad,"HIRLEWADI SAI MANDIR",MO,1867,"Mango Tree",35,,,मालवण,देवगड,58.3,13:00,15:15,SCL,DAIL,,,
11017,"Malvan To Devgad Via Hirlewadi Sai Mandir",Malvan,Devgad,"HIRLEWADI SAI MANDIR",MO,1906,Naringre,36,,,मालवण,देवगड,58.3,13:00,15:15,SCL,DAIL,,,
11017,"Malvan To Devgad Via Hirlewadi Sai Mandir",Malvan,Devgad,"HIRLEWADI SAI MANDIR",MO,1692,"Dahibav Jambhuliche Sane",38,,,मालवण,देवगड,58.3,13:00,15:15,SCL,DAIL,,,
11017,"Malvan To Devgad Via Hirlewadi Sai Mandir",Malvan,Devgad,"HIRLEWADI SAI MANDIR",MO,1744,Hela,41,,,मालवण,देवगड,58.3,13:00,15:15,SCL,DAIL,,,
11017,"Malvan To Devgad Via Hirlewadi Sai Mandir",Malvan,Devgad,"HIRLEWADI SAI MANDIR",MO,1942,Penkule,44,,,मालवण,देवगड,58.3,13:00,15:15,SCL,DAIL,,,
11017,"Malvan To Devgad Via Hirlewadi Sai Mandir",Malvan,Devgad,"HIRLEWADI SAI MANDIR",MO,1944,Pokharbav,45,,,मालवण,देवगड,58.3,13:00,15:15,SCL,DAIL,,,
11017,"Malvan To Devgad Via Hirlewadi Sai Mandir",Malvan,Devgad,"HIRLEWADI SAI MANDIR",MO,1682,"Dabhole Boudhawadi",47,,,मालवण,देवगड,58.3,13:00,15:15,SCL,DAIL,,,
11017,"Malvan To Devgad Via Hirlewadi Sai Mandir",Malvan,Devgad,"HIRLEWADI SAI MANDIR",MO,1689,"Dabhole Bridge",50,,,मालवण,देवगड,58.3,13:00,15:15,SCL,DAIL,,,
11017,"Malvan To Devgad Via Hirlewadi Sai Mandir",Malvan,Devgad,"HIRLEWADI SAI MANDIR",MO,1774,"Khakshi Titha",51,,,मालवण,देवगड,58.3,13:00,15:15,SCL,DAIL,,,
11017,"Malvan To Devgad Via Hirlewadi Sai Mandir",Malvan,Devgad,"HIRLEWADI SAI MANDIR",MO,1759,Jamsande,53,,,मालवण,देवगड,58.3,13:00,15:15,SCL,DAIL,,,
11017,"Malvan To Devgad Via Hirlewadi Sai Mandir",Malvan,Devgad,"HIRLEWADI SAI MANDIR",MO,1685,Devgad,58.3,,,मालवण,देवगड,58.3,13:00,15:15,SCL,DAIL,,,
11320,"Kankavli To Asgani Gpo",Kankavli,"Asgani Gpo",,MO,2786,Kankavli,,,,कणकवली,अजगणी,18,19:45,20:30,OBL,DAIL,,,
11320,"Kankavli To Asgani Gpo",Kankavli,"Asgani Gpo",,MO,3001,"Wagade Gpo",3.3,,,कणकवली,अजगणी,18,19:45,20:30,OBL,DAIL,,,
11320,"Kankavli To Asgani Gpo",Kankavli,"Asgani Gpo",,MO,2692,Dangalwadi,6.2,,,कणकवली,अजगणी,18,19:45,20:30,OBL,DAIL,,,
11320,"Kankavli To Asgani Gpo",Kankavli,"Asgani Gpo",,MO,2645,"Asrondi Fata",7.4,,,कणकवली,अजगणी,18,19:45,20:30,OBL,DAIL,,,
11320,"Kankavli To Asgani Gpo",Kankavli,"Asgani Gpo",,MO,2985,"Tatarbav School",9.1,,,कणकवली,अजगणी,18,19:45,20:30,OBL,DAIL,,,
11320,"Kankavli To Asgani Gpo",Kankavli,"Asgani Gpo",,MO,6767,"Asrondi Sima",12.1,,,कणकवली,अजगणी,18,19:45,20:30,OBL,DAIL,,,
11320,"Kankavli To Asgani Gpo",Kankavli,"Asgani Gpo",,MO,6995,"Shiravande Gpo",14.3,,,कणकवली,अजगणी,18,19:45,20:30,OBL,DAIL,,,
11320,"Kankavli To Asgani Gpo",Kankavli,"Asgani Gpo",,MO,7024,"Wadacha Naka Hospital",15,,,कणकवली,अजगणी,18,19:45,20:30,OBL,DAIL,,,
11320,"Kankavli To Asgani Gpo",Kankavli,"Asgani Gpo",,MO,3013,Panhalwadi,17.3,,,कणकवली,अजगणी,18,19:45,20:30,OBL,DAIL,,,
11320,"Kankavli To Asgani Gpo",Kankavli,"Asgani Gpo",,MO,6761,"Asgani Gpo",18,,,कणकवली,अजगणी,18,19:45,20:30,OBL,DAIL,,,
20100,"Ambdos To Chouke",Ambdos,Chouke,,MO,6752,Ambdos,,,,आंबडोस,चौके,5,08:50,09:05,SCL,DAIL,,,
20100,"Ambdos To Chouke",Ambdos,Chouke,,MO,6824,Ghartanwadi,2.9,,,आंबडोस,चौके,5,08:50,09:05,SCL,DAIL,,,
20100,"Ambdos To Chouke",Ambdos,Chouke,,MO,6799,Chouke,5,,,आंबडोस,चौके,5,08:50,09:05,SCL,DAIL,,,
20101,"Ganesh Kond To Chouke","Ganesh Kond",Chouke,,MO,6818,"Ganesh Kond",,,,आंबेरी,चौके,7.1,13:55,14:10,OBL,DAIL,,,
20101,"Ganesh Kond To Chouke","Ganesh Kond",Chouke,,MO,2072,"Parulekar Dukan",0.9,,,आंबेरी,चौके,7.1,13:55,14:10,OBL,DAIL,,,
20101,"Ganesh Kond To Chouke","Ganesh Kond",Chouke,,MO,6754,"Amberi School",1.6,,,आंबेरी,चौके,7.1,13:55,14:10,OBL,DAIL,,,
20101,"Ganesh Kond To Chouke","Ganesh Kond",Chouke,,MO,6819,"Ganesh Mandir",6.3,,,आंबेरी,चौके,7.1,13:55,14:10,OBL,DAIL,,,
20101,"Ganesh Kond To Chouke","Ganesh Kond",Chouke,,MO,6799,Chouke,7.1,,,आंबेरी,चौके,7.1,13:55,14:10,OBL,DAIL,,,
20194,"Shelti To Malvan",Shelti,Malvan,,MO,6994,Shelti,,,,शेलटी,मालवण,12,10:40,11:10,OBL,SUN,,,
20194,"Shelti To Malvan",Shelti,Malvan,,MO,6982,Revandi,3.9,,,शेलटी,मालवण,12,10:40,11:10,OBL,SUN,,,
20194,"Shelti To Malvan",Shelti,Malvan,,MO,6778,"Bhadrakali Mandir",5.3,,,शेलटी,मालवण,12,10:40,11:10,OBL,SUN,,,
20194,"Shelti To Malvan",Shelti,Malvan,,MO,6879,"Khalchi Revandi",6.5,,,शेलटी,मालवण,12,10:40,11:10,OBL,SUN,,,
20194,"Shelti To Malvan",Shelti,Malvan,,MO,6889,Kolamb,8.7,,,शेलटी,मालवण,12,10:40,11:10,OBL,SUN,,,
20194,"Shelti To Malvan",Shelti,Malvan,,MO,6915,Malvan,12,,,शेलटी,मालवण,12,10:40,11:10,OBL,SUN,,,
100963,"Malvan To Kolhapur Via Phonda",Malvan,Kolhapur,PHONDA,MO,6915,Malvan,,,,मालवण,कोल्हापुर,169,14:15,19:25,,,"6 तासांत डयुटी संपते",,
100963,"Malvan To Kolhapur Via Phonda",Malvan,Kolhapur,PHONDA,MO,6916,"Malvan Bazar",1.5,,,मालवण,कोल्हापुर,169,14:15,19:25,,,"6 तासांत डयुटी संपते",,
100963,"Malvan To Kolhapur Via Phonda",Malvan,Kolhapur,PHONDA,MO,6917,Malvan,2,,,मालवण,कोल्हापुर,169,14:15,19:25,,,"6 तासांत डयुटी संपते",,
100963,"Malvan To Kolhapur Via Phonda",Malvan,Kolhapur,PHONDA,MO,6897,"Kumbharmath Govekar Dukan",4.9,,,मालवण,कोल्हापुर,169,14:15,19:25,,,"6 तासांत डयुटी संपते",,
100963,"Malvan To Kolhapur Via Phonda",Malvan,Kolhapur,PHONDA,MO,6750,"Ajagaonkar Bangala",6.9,,,मालवण,कोल्हापुर,169,14:15,19:25,,,"6 तासांत डयुटी संपते",,
100963,"Malvan To Kolhapur Via Phonda",Malvan,Kolhapur,PHONDA,MO,6799,Chouke,8.6,,,मालवण,कोल्हापुर,169,14:15,19:25,,,"6 तासांत डयुटी संपते",,
100963,"Malvan To Kolhapur Via Phonda",Malvan,Kolhapur,PHONDA,MO,6985,"Salel Nangarbhat",11.9,,,मालवण,कोल्हापुर,169,14:15,19:25,,,"6 तासांत डयुटी संपते",,
100963,"Malvan To Kolhapur Via Phonda",Malvan,Kolhapur,PHONDA,MO,6770,Bagwadi,14.6,,,मालवण,कोल्हापुर,169,14:15,19:25,,,"6 तासांत डयुटी संपते",,
100963,"Malvan To Kolhapur Via Phonda",Malvan,Kolhapur,PHONDA,MO,6870,Katta,18,,,मालवण,कोल्हापुर,169,14:15,19:25,,,"6 तासांत डयुटी संपते",,
100963,"Malvan To Kolhapur Via Phonda",Malvan,Kolhapur,PHONDA,MO,6993,"Sawarwad Varad Fata",21.1,,,मालवण,कोल्हापुर,169,14:15,19:25,,,"6 तासांत डयुटी संपते",,
100963,"Malvan To Kolhapur Via Phonda",Malvan,Kolhapur,PHONDA,MO,6820,Gaorai,23.5,,,मालवण,कोल्हापुर,169,14:15,19:25,,,"6 तासांत डयुटी संपते",,
100963,"Malvan To Kolhapur Via Phonda",Malvan,Kolhapur,PHONDA,MO,6424,Sukalwad,24.3,,,मालवण,कोल्हापुर,169,14:15,19:25,,,"6 तासांत डयुटी संपते",,
100963,"Malvan To Kolhapur Via Phonda",Malvan,Kolhapur,PHONDA,MO,6410,"Sukalwad Bazar",24.7,,,मालवण,कोल्हापुर,169,14:15,19:25,,,"6 तासांत डयुटी संपते",,
100963,"Malvan To Kolhapur Via Phonda",Malvan,Kolhapur,PHONDA,MO,6392,"Ranbambuli Fata",26,,,मालवण,कोल्हापुर,169,14:15,19:25,,,"6 तासांत डयुटी संपते",,
100963,"Malvan To Kolhapur Via Phonda",Malvan,Kolhapur,PHONDA,MO,13989,Padave,27.4,,,मालवण,कोल्हापुर,169,14:15,19:25,,,"6 तासांत डयुटी संपते",,
100963,"Malvan To Kolhapur Via Phonda",Malvan,Kolhapur,PHONDA,MO,6281,Kasal,30.4,,,मालवण,कोल्हापुर,169,14:15,19:25,,,"6 तासांत डयुटी संपते",,
100963,"Malvan To Kolhapur Via Phonda",Malvan,Kolhapur,PHONDA,MO,2889,"Osargaon Godaoon",33,,,मालवण,कोल्हापुर,169,14:15,19:25,,,"6 तासांत डयुटी संपते",,
100963,"Malvan To Kolhapur Via Phonda",Malvan,Kolhapur,PHONDA,MO,2890,"Osargaon Post",33.8,,,मालवण,कोल्हापुर,169,14:15,19:25,,,"6 तासांत डयुटी संपते",,
100963,"Malvan To Kolhapur Via Phonda",Malvan,Kolhapur,PHONDA,MO,2891,"Osargaon Talav",36.4,,,मालवण,कोल्हापुर,169,14:15,19:25,,,"6 तासांत डयुटी संपते",,
100963,"Malvan To Kolhapur Via Phonda",Malvan,Kolhapur,PHONDA,MO,2692,Dangalwadi,39.5,,,मालवण,कोल्हापुर,169,14:15,19:25,,,"6 तासांत डयुटी संपते",,
100963,"Malvan To Kolhapur Via Phonda",Malvan,Kolhapur,PHONDA,MO,3002,Wagde,42.5,,,मालवण,कोल्हापुर,169,14:15,19:25,,,"6 तासांत डयुटी संपते",,
100963,"Malvan To Kolhapur Via Phonda",Malvan,Kolhapur,PHONDA,MO,2786,Kankavli,44.7,,,मालवण,कोल्हापुर,169,14:15,19:25,,,"6 तासांत डयुटी संपते",,
100963,"Malvan To Kolhapur Via Phonda",Malvan,Kolhapur,PHONDA,MO,2766,Janavali,48.6,,,मालवण,कोल्हापुर,169,14:15,19:25,,,"6 तासांत डयुटी संपते",,
100963,"Malvan To Kolhapur Via Phonda",Malvan,Kolhapur,PHONDA,MO,2756,"Humrat Titha",51.9,,,मालवण,कोल्हापुर,169,14:15,19:25,,,"6 तासांत डयुटी संपते",,
100963,"Malvan To Kolhapur Via Phonda",Malvan,Kolhapur,PHONDA,MO,2757,"Humrath Mal Ghorpiwadi",54.7,,,मालवण,कोल्हापुर,169,14:15,19:25,,,"6 तासांत डयुटी संपते",,
100963,"Malvan To Kolhapur Via Phonda",Malvan,Kolhapur,PHONDA,MO,2781,Kanadewadi,57.3,,,मालवण,कोल्हापुर,169,14:15,19:25,,,"6 तासांत डयुटी संपते",,
100963,"Malvan To Kolhapur Via Phonda",Malvan,Kolhapur,PHONDA,MO,2905,"Phonda Fata",60.5,,,मालवण,कोल्हापुर,169,14:15,19:25,,,"6 तासांत डयुटी संपते",,
100963,"Malvan To Kolhapur Via Phonda",Malvan,Kolhapur,PHONDA,MO,2904,Phonda,61.2,,,मालवण,कोल्हापुर,169,14:15,19:25,,,"6 तासांत डयुटी संपते",,
100963,"Malvan To Kolhapur Via Phonda",Malvan,Kolhapur,PHONDA,MO,2723,"Ganguchi Wadi",64.2,,,मालवण,कोल्हापुर,169,14:15,19:25,,,"6 तासांत डयुटी संपते",,
100963,"Malvan To Kolhapur Via Phonda",Malvan,Kolhapur,PHONDA,MO,23566,Dajipur,77.4,,,मालवण,कोल्हापुर,169,14:15,19:25,,,"6 तासांत डयुटी संपते",,
100963,"Malvan To Kolhapur Via Phonda",Malvan,Kolhapur,PHONDA,MO,30612,"Ambedkar Nagar",82.4,,,मालवण,कोल्हापुर,169,14:15,19:25,,,"6 तासांत डयुटी संपते",,
100963,"Malvan To Kolhapur Via Phonda",Malvan,Kolhapur,PHONDA,MO,24004,Hasane,83.9,,,मालवण,कोल्हापुर,169,14:15,19:25,,,"6 तासांत डयुटी संपते",,
100963,"Malvan To Kolhapur Via Phonda",Malvan,Kolhapur,PHONDA,MO,25038,Naniwade,87.3,,,मालवण,कोल्हापुर,169,14:15,19:25,,,"6 तासांत डयुटी संपते",,
100963,"Malvan To Kolhapur Via Phonda",Malvan,Kolhapur,PHONDA,MO,23137,Bambar,90.2,,,मालवण,कोल्हापुर,169,14:15,19:25,,,"6 तासांत डयुटी संपते",,
100963,"Malvan To Kolhapur Via Phonda",Malvan,Kolhapur,PHONDA,MO,24258,Kadamwadi,92.2,,,मालवण,कोल्हापुर,169,14:15,19:25,,,"6 तासांत डयुटी संपते",,
100963,"Malvan To Kolhapur Via Phonda",Malvan,Kolhapur,PHONDA,MO,25530,Shelap,94.9,,,मालवण,कोल्हापुर,169,14:15,19:25,,,"6 तासांत डयुटी संपते",,
100963,"Malvan To Kolhapur Via Phonda",Malvan,Kolhapur,PHONDA,MO,24697,Mandarewadi,96.2,,,मालवण,कोल्हापुर,169,14:15,19:25,,,"6 तासांत डयुटी संपते",,
100963,"Malvan To Kolhapur Via Phonda",Malvan,Kolhapur,PHONDA,MO,30607,Ajiwade,96.3,,,मालवण,कोल्हापुर,169,14:15,19:25,,,"6 तासांत डयुटी संपते",,
100963,"Malvan To Kolhapur Via Phonda",Malvan,Kolhapur,PHONDA,MO,25080,"New Karanje",99.2,,,मालवण,कोल्हापुर,169,14:15,19:25,,,"6 तासांत डयुटी संपते",,
100963,"Malvan To Kolhapur Via Phonda",Malvan,Kolhapur,PHONDA,MO,23601,Daoudwadi,100.2,,,मालवण,कोल्हापुर,169,14:15,19:25,,,"6 तासांत डयुटी संपते",,
100963,"Malvan To Kolhapur Via Phonda",Malvan,Kolhapur,PHONDA,MO,25393,"Radhanagri Dam",101.5,,,मालवण,कोल्हापुर,169,14:15,19:25,,,"6 तासांत डयुटी संपते",,
100963,"Malvan To Kolhapur Via Phonda",Malvan,Kolhapur,PHONDA,MO,23695,Fejiwade,103.2,,,मालवण,कोल्हापुर,169,14:15,19:25,,,"6 तासांत डयुटी संपते",,
100963,"Malvan To Kolhapur Via Phonda",Malvan,Kolhapur,PHONDA,MO,23959,Hattimahal,104.2,,,मालवण,कोल्हापुर,169,14:15,19:25,,,"6 तासांत डयुटी संपते",,
100963,"Malvan To Kolhapur Via Phonda",Malvan,Kolhapur,PHONDA,MO,25336,Radhanagari,106.7,,,मालवण,कोल्हापुर,169,14:15,19:25,,,"6 तासांत डयुटी संपते",,
100963,"Malvan To Kolhapur Via Phonda",Malvan,Kolhapur,PHONDA,MO,25183,Piral,109,,,मालवण,कोल्हापुर,169,14:15,19:25,,,"6 तासांत डयुटी संपते",,
100963,"Malvan To Kolhapur Via Phonda",Malvan,Kolhapur,PHONDA,MO,24756,Ms,112,,,मालवण,कोल्हापुर,169,14:15,19:25,,,"6 तासांत डयुटी संपते",,
100963,"Malvan To Kolhapur Via Phonda",Malvan,Kolhapur,PHONDA,MO,25780,"Tarale Khurd",114,,,मालवण,कोल्हापुर,169,14:15,19:25,,,"6 तासांत डयुटी संपते",,
100963,"Malvan To Kolhapur Via Phonda",Malvan,Kolhapur,PHONDA,MO,23850,Gudalwadi,116,,,मालवण,कोल्हापुर,169,14:15,19:25,,,"6 तासांत डयुटी संपते",,
100963,"Malvan To Kolhapur Via Phonda",Malvan,Kolhapur,PHONDA,MO,23849,Gudal,118,,,मालवण,कोल्हापुर,169,14:15,19:25,,,"6 तासांत डयुटी संपते",,
100963,"Malvan To Kolhapur Via Phonda",Malvan,Kolhapur,PHONDA,MO,24322,"Khindi Vharavade",120,,,मालवण,कोल्हापुर,169,14:15,19:25,,,"6 तासांत डयुटी संपते",,
100963,"Malvan To Kolhapur Via Phonda",Malvan,Kolhapur,PHONDA,MO,23049,Anaje,121,,,मालवण,कोल्हापुर,169,14:15,19:25,,,"6 तासांत डयुटी संपते",,
100963,"Malvan To Kolhapur Via Phonda",Malvan,Kolhapur,PHONDA,MO,6116,Awali,122.6,,,मालवण,कोल्हापुर,169,14:15,19:25,,,"6 तासांत डयुटी संपते",,
100963,"Malvan To Kolhapur Via Phonda",Malvan,Kolhapur,PHONDA,MO,25308,"Power House",123.1,,,मालवण,कोल्हापुर,169,14:15,19:25,,,"6 तासांत डयुटी संपते",,
100963,"Malvan To Kolhapur Via Phonda",Malvan,Kolhapur,PHONDA,MO,15138,Sirse,124,,,मालवण,कोल्हापुर,169,14:15,19:25,,,"6 तासांत डयुटी संपते",,
100963,"Malvan To Kolhapur Via Phonda",Malvan,Kolhapur,PHONDA,MO,24207,Kaulav,127.8,,,मालवण,कोल्हापुर,169,14:15,19:25,,,"6 तासांत डयुटी संपते",,
100963,"Malvan To Kolhapur Via Phonda",Malvan,Kolhapur,PHONDA,MO,23216,"Bhogavati Sugar Factory",130,,,मालवण,कोल्हापुर,169,14:15,19:25,,,"6 तासांत डयुटी संपते",,
100963,"Malvan To Kolhapur Via Phonda",Malvan,Kolhapur,PHONDA,MO,23437,"College Fata",134,,,मालवण,कोल्हापुर,169,14:15,19:25,,,"6 तासांत डयुटी संपते",,
100963,"Malvan To Kolhapur Via Phonda",Malvan,Kolhapur,PHONDA,MO,24502,Kurukali,135.8,,,मालवण,कोल्हापुर,169,14:15,19:25,,,"6 तासांत डयुटी संपते",,
100963,"Malvan To Kolhapur Via Phonda",Malvan,Kolhapur,PHONDA,MO,24444,Kothali,136,,,मालवण,कोल्हापुर,169,14:15,19:25,,,"6 तासांत डयुटी संपते",,
100963,"Malvan To Kolhapur Via Phonda",Malvan,Kolhapur,PHONDA,MO,23945,Haldi,139.5,,,मालवण,कोल्हापुर,169,14:15,19:25,,,"6 तासांत डयुटी संपते",,
100963,"Malvan To Kolhapur Via Phonda",Malvan,Kolhapur,PHONDA,MO,24388,Kandgaon,142,,,मालवण,कोल्हापुर,169,14:15,19:25,,,"6 तासांत डयुटी संपते",,
100963,"Malvan To Kolhapur Via Phonda",Malvan,Kolhapur,PHONDA,MO,26066,Washi,145,,,मालवण,कोल्हापुर,169,14:15,19:25,,,"6 तासांत डयुटी संपते",,
100963,"Malvan To Kolhapur Via Phonda",Malvan,Kolhapur,PHONDA,MO,25083,"New Washi Naka",151,,,मालवण,कोल्हापुर,169,14:15,19:25,,,"6 तासांत डयुटी संपते",,
100963,"Malvan To Kolhapur Via Phonda",Malvan,Kolhapur,PHONDA,MO,25400,Rankala,154,,,मालवण,कोल्हापुर,169,14:15,19:25,,,"6 तासांत डयुटी संपते",,
100963,"Malvan To Kolhapur Via Phonda",Malvan,Kolhapur,PHONDA,MO,23625,"Dasara Chwok",157,,,मालवण,कोल्हापुर,169,14:15,19:25,,,"6 तासांत डयुटी संपते",,
100963,"Malvan To Kolhapur Via Phonda",Malvan,Kolhapur,PHONDA,MO,24359,Kolhapur,169,,,मालवण,कोल्हापुर,169,14:15,19:25,,,"6 तासांत डयुटी संपते",,
125467,"Malvan To Ganesh Kond Via Chouke",Malvan,"Ganesh Kond",CHOUKE,MO,6915,Malvan,,,,मालवण,आंबेरी,15.9,13:15,13:50,OPT,DAIL,,,
125467,"Malvan To Ganesh Kond Via Chouke",Malvan,"Ganesh Kond",CHOUKE,MO,6896,Kumbharmath,6.5,,,मालवण,आंबेरी,15.9,13:15,13:50,OPT,DAIL,,,
125467,"Malvan To Ganesh Kond Via Chouke",Malvan,"Ganesh Kond",CHOUKE,MO,6750,"Ajagaonkar Bangala",8.6,,,मालवण,आंबेरी,15.9,13:15,13:50,OPT,DAIL,,,
125467,"Malvan To Ganesh Kond Via Chouke",Malvan,"Ganesh Kond",CHOUKE,MO,6799,Chouke,11.4,,,मालवण,आंबेरी,15.9,13:15,13:50,OPT,DAIL,,,
125467,"Malvan To Ganesh Kond Via Chouke",Malvan,"Ganesh Kond",CHOUKE,MO,6819,"Ganesh Mandir",12.4,,,मालवण,आंबेरी,15.9,13:15,13:50,OPT,DAIL,,,
125467,"Malvan To Ganesh Kond Via Chouke",Malvan,"Ganesh Kond",CHOUKE,MO,2072,"Parulekar Dukan",13.1,,,मालवण,आंबेरी,15.9,13:15,13:50,OPT,DAIL,,,
125467,"Malvan To Ganesh Kond Via Chouke",Malvan,"Ganesh Kond",CHOUKE,MO,6818,"Ganesh Kond",15.9,,,मालवण,आंबेरी,15.9,13:15,13:50,OPT,DAIL,,,
125660,"Dangmode To Malvan Via Anganewadi",Dangmode,Malvan,ANGANEWADI,MO,6803,Dangmode,,,,डांगमोडे,मालवण,32.8,05:45,07:05,SCL,DAIL,,,
125660,"Dangmode To Malvan Via Anganewadi",Dangmode,Malvan,ANGANEWADI,MO,6804,"Dangmode Mandir",3.1,,,डांगमोडे,मालवण,32.8,05:45,07:05,SCL,DAIL,,,
125660,"Dangmode To Malvan Via Anganewadi",Dangmode,Malvan,ANGANEWADI,MO,6875,"Kawawadi Masure",7.9,,,डांगमोडे,मालवण,32.8,05:45,07:05,SCL,DAIL,,,
125660,"Dangmode To Malvan Via Anganewadi",Dangmode,Malvan,ANGANEWADI,MO,6906,"Magavane Fata",10.5,,,डांगमोडे,मालवण,32.8,05:45,07:05,SCL,DAIL,,,
125660,"Dangmode To Malvan Via Anganewadi",Dangmode,Malvan,ANGANEWADI,MO,6784,"Bharteshwar Mandir",13.2,,,डांगमोडे,मालवण,32.8,05:45,07:05,SCL,DAIL,,,
125660,"Dangmode To Malvan Via Anganewadi",Dangmode,Malvan,ANGANEWADI,MO,6769,Bagayat,16,,,डांगमोडे,मालवण,32.8,05:45,07:05,SCL,DAIL,,,
125660,"Dangmode To Malvan Via Anganewadi",Dangmode,Malvan,ANGANEWADI,MO,6757,"Anganewadi Fata",19,,,डांगमोडे,मालवण,32.8,05:45,07:05,SCL,DAIL,,,
125660,"Dangmode To Malvan Via Anganewadi",Dangmode,Malvan,ANGANEWADI,MO,6756,Anganewadi,20,,,डांगमोडे,मालवण,32.8,05:45,07:05,SCL,DAIL,,,
125660,"Dangmode To Malvan Via Anganewadi",Dangmode,Malvan,ANGANEWADI,MO,6910,"Mail Dagad",21,,,डांगमोडे,मालवण,32.8,05:45,07:05,SCL,DAIL,,,
125660,"Dangmode To Malvan Via Anganewadi",Dangmode,Malvan,ANGANEWADI,MO,6908,Mahan,23,,,डांगमोडे,मालवण,32.8,05:45,07:05,SCL,DAIL,,,
125660,"Dangmode To Malvan Via Anganewadi",Dangmode,Malvan,ANGANEWADI,MO,6779,"Bhagat Nursary",27,,,डांगमोडे,मालवण,32.8,05:45,07:05,SCL,DAIL,,,
125660,"Dangmode To Malvan Via Anganewadi",Dangmode,Malvan,ANGANEWADI,MO,6746,Adari,30,,,डांगमोडे,मालवण,32.8,05:45,07:05,SCL,DAIL,,,
125660,"Dangmode To Malvan Via Anganewadi",Dangmode,Malvan,ANGANEWADI,MO,6915,Malvan,32.8,,,डांगमोडे,मालवण,32.8,05:45,07:05,SCL,DAIL,,,
126139,"Malvan To Sindhudurgnagari Via Chouke",Malvan,Sindhudurgnagari,CHOUKE,MO,6915,Malvan,,,,मालवण,सिंधुदुर्गनगरी,30,07:15,08:15,SCL,SUN,,,
126139,"Malvan To Sindhudurgnagari Via Chouke",Malvan,Sindhudurgnagari,CHOUKE,MO,6897,"Kumbharmath Govekar Dukan",3.7,,,मालवण,सिंधुदुर्गनगरी,30,07:15,08:15,SCL,SUN,,,
126139,"Malvan To Sindhudurgnagari Via Chouke",Malvan,Sindhudurgnagari,CHOUKE,MO,6750,"Ajagaonkar Bangala",5.8,,,मालवण,सिंधुदुर्गनगरी,30,07:15,08:15,SCL,SUN,,,
126139,"Malvan To Sindhudurgnagari Via Chouke",Malvan,Sindhudurgnagari,CHOUKE,MO,6799,Chouke,8.6,,,मालवण,सिंधुदुर्गनगरी,30,07:15,08:15,SCL,SUN,,,
126139,"Malvan To Sindhudurgnagari Via Chouke",Malvan,Sindhudurgnagari,CHOUKE,MO,6985,"Salel Nangarbhat",12.2,,,मालवण,सिंधुदुर्गनगरी,30,07:15,08:15,SCL,SUN,,,
126139,"Malvan To Sindhudurgnagari Via Chouke",Malvan,Sindhudurgnagari,CHOUKE,MO,6770,Bagwadi,15.3,,,मालवण,सिंधुदुर्गनगरी,30,07:15,08:15,SCL,SUN,,,
126139,"Malvan To Sindhudurgnagari Via Chouke",Malvan,Sindhudurgnagari,CHOUKE,MO,6870,Katta,18.4,,,मालवण,सिंधुदुर्गनगरी,30,07:15,08:15,SCL,SUN,,,
126139,"Malvan To Sindhudurgnagari Via Chouke",Malvan,Sindhudurgnagari,CHOUKE,MO,6993,"Sawarwad Varad Fata",21.5,,,मालवण,सिंधुदुर्गनगरी,30,07:15,08:15,SCL,SUN,,,
126139,"Malvan To Sindhudurgnagari Via Chouke",Malvan,Sindhudurgnagari,CHOUKE,MO,6424,Sukalwad,24.2,,,मालवण,सिंधुदुर्गनगरी,30,07:15,08:15,SCL,SUN,,,
126139,"Malvan To Sindhudurgnagari Via Chouke",Malvan,Sindhudurgnagari,CHOUKE,MO,6390,"Railway Gate",27.8,,,मालवण,सिंधुदुर्गनगरी,30,07:15,08:15,SCL,SUN,,,
126139,"Malvan To Sindhudurgnagari Via Chouke",Malvan,Sindhudurgnagari,CHOUKE,MO,6408,Sindhudurgnagari,30,,,मालवण,सिंधुदुर्गनगरी,30,07:15,08:15,SCL,SUN,,,
151038,"Achara To Malvan Via Poip",Achara,Malvan,POIP,MO,6740,Achara,,,,आचरा,मालवण,59,16:15,18:20,SCL,DAIL,"विश्रांती 11.10 ते 14.00",,
151038,"Achara To Malvan Via Poip",Achara,Malvan,POIP,MO,6798,"Chindar Wad",3,,,आचरा,मालवण,59,16:15,18:20,SCL,DAIL,"विश्रांती 11.10 ते 14.00",,
151038,"Achara To Malvan Via Poip",Achara,Malvan,POIP,MO,6990,Sapala,6,,,आचरा,मालवण,59,16:15,18:20,SCL,DAIL,"विश्रांती 11.10 ते 14.00",,
151038,"Achara To Malvan Via Poip",Achara,Malvan,POIP,MO,7010,"Trimbak Ghadiwadi",9,,,आचरा,मालवण,59,16:15,18:20,SCL,DAIL,"विश्रांती 11.10 ते 14.00",,
151038,"Achara To Malvan Via Poip",Achara,Malvan,POIP,MO,6954,Palyewadi,12,,,आचरा,मालवण,59,16:15,18:20,SCL,DAIL,"विश्रांती 11.10 ते 14.00",,
151038,"Achara To Malvan Via Poip",Achara,Malvan,POIP,MO,2651,Bandivade,15,,,आचरा,मालवण,59,16:15,18:20,SCL,DAIL,"विश्रांती 11.10 ते 14.00",,
151038,"Achara To Malvan Via Poip",Achara,Malvan,POIP,MO,6927,Masure,18,,,आचरा,मालवण,59,16:15,18:20,SCL,DAIL,"विश्रांती 11.10 ते 14.00",,
151038,"Achara To Malvan Via Poip",Achara,Malvan,POIP,MO,6795,"Chambhar Dunga",21,,,आचरा,मालवण,59,16:15,18:20,SCL,DAIL,"विश्रांती 11.10 ते 14.00",,
151038,"Achara To Malvan Via Poip",Achara,Malvan,POIP,MO,7016,"Verli Mapari Dukan",24,,,आचरा,मालवण,59,16:15,18:20,SCL,DAIL,"विश्रांती 11.10 ते 14.00",,
151038,"Achara To Malvan Via Poip",Achara,Malvan,POIP,MO,6925,"Masade Titha",26,,,आचरा,मालवण,59,16:15,18:20,SCL,DAIL,"विश्रांती 11.10 ते 14.00",,
151038,"Achara To Malvan Via Poip",Achara,Malvan,POIP,MO,6924,"Masade School",27,,,आचरा,मालवण,59,16:15,18:20,SCL,DAIL,"विश्रांती 11.10 ते 14.00",,
151038,"Achara To Malvan Via Poip",Achara,Malvan,POIP,MO,7019,Viran,29,,,आचरा,मालवण,59,16:15,18:20,SCL,DAIL,"विश्रांती 11.10 ते 14.00",,
151038,"Achara To Malvan Via Poip",Achara,Malvan,POIP,MO,6964,Poip,30,,,आचरा,मालवण,59,16:15,18:20,SCL,DAIL,"विश्रांती 11.10 ते 14.00",,
151038,"Achara To Malvan Via Poip",Achara,Malvan,POIP,MO,7019,Viran,31,,,आचरा,मालवण,59,16:15,18:20,SCL,DAIL,"विश्रांती 11.10 ते 14.00",,
151038,"Achara To Malvan Via Poip",Achara,Malvan,POIP,MO,6924,"Masade School",33,,,आचरा,मालवण,59,16:15,18:20,SCL,DAIL,"विश्रांती 11.10 ते 14.00",,
151038,"Achara To Malvan Via Poip",Achara,Malvan,POIP,MO,6925,"Masade Titha",34,,,आचरा,मालवण,59,16:15,18:20,SCL,DAIL,"विश्रांती 11.10 ते 14.00",,
151038,"Achara To Malvan Via Poip",Achara,Malvan,POIP,MO,7016,"Verli Mapari Dukan",36,,,आचरा,मालवण,59,16:15,18:20,SCL,DAIL,"विश्रांती 11.10 ते 14.00",,
151038,"Achara To Malvan Via Poip",Achara,Malvan,POIP,MO,6795,"Chambhar Dunga",39,,,आचरा,मालवण,59,16:15,18:20,SCL,DAIL,"विश्रांती 11.10 ते 14.00",,
151038,"Achara To Malvan Via Poip",Achara,Malvan,POIP,MO,6927,Masure,42,,,आचरा,मालवण,59,16:15,18:20,SCL,DAIL,"विश्रांती 11.10 ते 14.00",,
151038,"Achara To Malvan Via Poip",Achara,Malvan,POIP,MO,6906,"Magavane Fata",45,,,आचरा,मालवण,59,16:15,18:20,SCL,DAIL,"विश्रांती 11.10 ते 14.00",,
151038,"Achara To Malvan Via Poip",Achara,Malvan,POIP,MO,6877,Khajanwadi,48,,,आचरा,मालवण,59,16:15,18:20,SCL,DAIL,"विश्रांती 11.10 ते 14.00",,
151038,"Achara To Malvan Via Poip",Achara,Malvan,POIP,MO,7000,"Talani Pool",51,,,आचरा,मालवण,59,16:15,18:20,SCL,DAIL,"विश्रांती 11.10 ते 14.00",,
151038,"Achara To Malvan Via Poip",Achara,Malvan,POIP,MO,6866,"Kandalgaon Parab House",54,,,आचरा,मालवण,59,16:15,18:20,SCL,DAIL,"विश्रांती 11.10 ते 14.00",,
151038,"Achara To Malvan Via Poip",Achara,Malvan,POIP,MO,6889,Kolamb,56.5,,,आचरा,मालवण,59,16:15,18:20,SCL,DAIL,"विश्रांती 11.10 ते 14.00",,
151038,"Achara To Malvan Via Poip",Achara,Malvan,POIP,MO,6915,Malvan,59,,,आचरा,मालवण,59,16:15,18:20,SCL,DAIL,"विश्रांती 11.10 ते 14.00",,
415,"Malvan To Barshi",Malvan,Barshi,,MO,6915,Malvan,,,,मालवण,सांगली,210.8,04:50,10:15,,,,,
415,"Malvan To Barshi",Malvan,Barshi,,MO,6916,"Malvan Bazar",0.3,,,मालवण,सांगली,210.8,04:50,10:15,,,,,
415,"Malvan To Barshi",Malvan,Barshi,,MO,6917,Malvan,0.6,,,मालवण,सांगली,210.8,04:50,10:15,,,,,
415,"Malvan To Barshi",Malvan,Barshi,,MO,6897,"Kumbharmath Govekar Dukan",3.7,,,मालवण,सांगली,210.8,04:50,10:15,,,,,
415,"Malvan To Barshi",Malvan,Barshi,,MO,6750,"Ajagaonkar Bangala",6.8,,,मालवण,सांगली,210.8,04:50,10:15,,,,,
415,"Malvan To Barshi",Malvan,Barshi,,MO,6799,Chouke,8.6,,,मालवण,सांगली,210.8,04:50,10:15,,,,,
415,"Malvan To Barshi",Malvan,Barshi,,MO,6985,"Salel Nangarbhat",11.9,,,मालवण,सांगली,210.8,04:50,10:15,,,,,
415,"Malvan To Barshi",Malvan,Barshi,,MO,6770,Bagwadi,14,,,मालवण,सांगली,210.8,04:50,10:15,,,,,
415,"Malvan To Barshi",Malvan,Barshi,,MO,6837,"Guramwad Fata",16.2,,,मालवण,सांगली,210.8,04:50,10:15,,,,,
415,"Malvan To Barshi",Malvan,Barshi,,MO,6870,Katta,18,,,मालवण,सांगली,210.8,04:50,10:15,,,,,
415,"Malvan To Barshi",Malvan,Barshi,,MO,6993,"Sawarwad Varad Fata",21.1,,,मालवण,सांगली,210.8,04:50,10:15,,,,,
415,"Malvan To Barshi",Malvan,Barshi,,MO,6424,Sukalwad,24.3,,,मालवण,सांगली,210.8,04:50,10:15,,,,,
415,"Malvan To Barshi",Malvan,Barshi,,MO,6368,Padve,27.4,,,मालवण,सांगली,210.8,04:50,10:15,,,,,
415,"Malvan To Barshi",Malvan,Barshi,,MO,6281,Kasal,30.4,,,मालवण,सांगली,210.8,04:50,10:15,,,,,
415,"Malvan To Barshi",Malvan,Barshi,,MO,2889,"Osargaon Godaoon",33.4,,,मालवण,सांगली,210.8,04:50,10:15,,,,,
415,"Malvan To Barshi",Malvan,Barshi,,MO,2890,"Osargaon Post",33.5,,,मालवण,सांगली,210.8,04:50,10:15,,,,,
415,"Malvan To Barshi",Malvan,Barshi,,MO,2891,"Osargaon Talav",34,,,मालवण,सांगली,210.8,04:50,10:15,,,,,
415,"Malvan To Barshi",Malvan,Barshi,,MO,2692,Dangalwadi,37,,,मालवण,सांगली,210.8,04:50,10:15,,,,,
415,"Malvan To Barshi",Malvan,Barshi,,MO,3001,"Wagade Gpo",40.5,,,मालवण,सांगली,210.8,04:50,10:15,,,,,
415,"Malvan To Barshi",Malvan,Barshi,,MO,2786,Kankavli,44.7,,,मालवण,सांगली,210.8,04:50,10:15,,,,,
415,"Malvan To Barshi",Malvan,Barshi,,MO,2766,Janavali,48.9,,,मालवण,सांगली,210.8,04:50,10:15,,,,,
415,"Malvan To Barshi",Malvan,Barshi,,MO,2756,"Humrat Titha",51.9,,,मालवण,सांगली,210.8,04:50,10:15,,,,,
415,"Malvan To Barshi",Malvan,Barshi,,MO,2757,"Humrath Mal Ghorpiwadi",54,,,मालवण,सांगली,210.8,04:50,10:15,,,,,
415,"Malvan To Barshi",Malvan,Barshi,,MO,2781,Kanadewadi,57.9,,,मालवण,सांगली,210.8,04:50,10:15,,,,,
415,"Malvan To Barshi",Malvan,Barshi,,MO,2787,"Kankavli Nandgaon Fata",60,,,मालवण,सांगली,210.8,04:50,10:15,,,,,
415,"Malvan To Barshi",Malvan,Barshi,,MO,2904,Phonda,63,,,मालवण,सांगली,210.8,04:50,10:15,,,,,
415,"Malvan To Barshi",Malvan,Barshi,,MO,2723,"Ganguchi Wadi",66,,,मालवण,सांगली,210.8,04:50,10:15,,,,,
415,"Malvan To Barshi",Malvan,Barshi,,MO,23566,Dajipur,77.4,,,मालवण,सांगली,210.8,04:50,10:15,,,,,
415,"Malvan To Barshi",Malvan,Barshi,,MO,24004,Hasane,83.9,,,मालवण,सांगली,210.8,04:50,10:15,,,,,
415,"Malvan To Barshi",Malvan,Barshi,,MO,25038,Naniwade,87.3,,,मालवण,सांगली,210.8,04:50,10:15,,,,,
415,"Malvan To Barshi",Malvan,Barshi,,MO,23137,Bambar,90.3,,,मालवण,सांगली,210.8,04:50,10:15,,,,,
415,"Malvan To Barshi",Malvan,Barshi,,MO,25530,Shelap,92.9,,,मालवण,सांगली,210.8,04:50,10:15,,,,,
415,"Malvan To Barshi",Malvan,Barshi,,MO,24697,Mandarewadi,93.9,,,मालवण,सांगली,210.8,04:50,10:15,,,,,
415,"Malvan To Barshi",Malvan,Barshi,,MO,30607,Ajiwade,96.3,,,मालवण,सांगली,210.8,04:50,10:15,,,,,
415,"Malvan To Barshi",Malvan,Barshi,,MO,25080,"New Karanje",97.3,,,मालवण,सांगली,210.8,04:50,10:15,,,,,
415,"Malvan To Barshi",Malvan,Barshi,,MO,23601,Daoudwadi,99.3,,,मालवण,सांगली,210.8,04:50,10:15,,,,,
415,"Malvan To Barshi",Malvan,Barshi,,MO,25393,"Radhanagri Dam",101.5,,,मालवण,सांगली,210.8,04:50,10:15,,,,,
415,"Malvan To Barshi",Malvan,Barshi,,MO,23695,Fejiwade,102.5,,,मालवण,सांगली,210.8,04:50,10:15,,,,,
415,"Malvan To Barshi",Malvan,Barshi,,MO,24014,Hatimahal,104,,,मालवण,सांगली,210.8,04:50,10:15,,,,,
415,"Malvan To Barshi",Malvan,Barshi,,MO,25336,Radhanagari,106.7,,,मालवण,सांगली,210.8,04:50,10:15,,,,,
415,"Malvan To Barshi",Malvan,Barshi,,MO,23779,Gaiby,111.5,,,मालवण,सांगली,210.8,04:50,10:15,,,,,
415,"Malvan To Barshi",Malvan,Barshi,,MO,24322,"Khindi Vharavade",116.5,,,मालवण,सांगली,210.8,04:50,10:15,,,,,
415,"Malvan To Barshi",Malvan,Barshi,,MO,23049,Anaje,119,,,मालवण,सांगली,210.8,04:50,10:15,,,,,
415,"Malvan To Barshi",Malvan,Barshi,,MO,30598,Awali,122.6,,,मालवण,सांगली,210.8,04:50,10:15,,,,,
415,"Malvan To Barshi",Malvan,Barshi,,MO,25308,"Power House",123,,,मालवण,सांगली,210.8,04:50,10:15,,,,,
415,"Malvan To Barshi",Malvan,Barshi,,MO,23014,"Amjai Varavade",124.5,,,मालवण,सांगली,210.8,04:50,10:15,,,,,
415,"Malvan To Barshi",Malvan,Barshi,,MO,25521,Shirase,125.6,,,मालवण,सांगली,210.8,04:50,10:15,,,,,
415,"Malvan To Barshi",Malvan,Barshi,,MO,24207,Kaulav,127.6,,,मालवण,सांगली,210.8,04:50,10:15,,,,,
415,"Malvan To Barshi",Malvan,Barshi,,MO,23768,Ghotavade,129.3,,,मालवण,सांगली,210.8,04:50,10:15,,,,,
415,"Malvan To Barshi",Malvan,Barshi,,MO,23216,"Bhogavati Sugar Factory",131.4,,,मालवण,सांगली,210.8,04:50,10:15,,,,,
415,"Malvan To Barshi",Malvan,Barshi,,MO,24502,Kurukali,135.8,,,मालवण,सांगली,210.8,04:50,10:15,,,,,
415,"Malvan To Barshi",Malvan,Barshi,,MO,24444,Kothali,136.5,,,मालवण,सांगली,210.8,04:50,10:15,,,,,
415,"Malvan To Barshi",Malvan,Barshi,,MO,23945,Haldi,139.5,,,मालवण,सांगली,210.8,04:50,10:15,,,,,
415,"Malvan To Barshi",Malvan,Barshi,,MO,23669,Devale,140,,,मालवण,सांगली,210.8,04:50,10:15,,,,,
415,"Malvan To Barshi",Malvan,Barshi,,MO,24388,Kandgaon,141,,,मालवण,सांगली,210.8,04:50,10:15,,,,,
415,"Malvan To Barshi",Malvan,Barshi,,MO,26066,Washi,146.9,,,मालवण,सांगली,210.8,04:50,10:15,,,,,
415,"Malvan To Barshi",Malvan,Barshi,,MO,25170,Peerwadi,147.9,,,मालवण,सांगली,210.8,04:50,10:15,,,,,
415,"Malvan To Barshi",Malvan,Barshi,,MO,25385,"Ram Mandir",149.2,,,मालवण,सांगली,210.8,04:50,10:15,,,,,
415,"Malvan To Barshi",Malvan,Barshi,,MO,25083,"New Washi Naka",152,,,मालवण,सांगली,210.8,04:50,10:15,,,,,
415,"Malvan To Barshi",Malvan,Barshi,,MO,25400,Rankala,155.7,,,मालवण,सांगली,210.8,04:50,10:15,,,,,
415,"Malvan To Barshi",Malvan,Barshi,,MO,24359,Kolhapur,158.9,,,मालवण,सांगली,210.8,04:50,10:15,,,,,
415,"Malvan To Barshi",Malvan,Barshi,,MO,24904,"Market Yard",161,,,मालवण,सांगली,210.8,04:50,10:15,,,,,
415,"Malvan To Barshi",Malvan,Barshi,,MO,25652,"Sangli Fata",164,,,मालवण,सांगली,210.8,04:50,10:15,,,,,
415,"Malvan To Barshi",Malvan,Barshi,,MO,24946,"Mouje Vadgaon Fata",167,,,मालवण,सांगली,210.8,04:50,10:15,,,,,
415,"Malvan To Barshi",Malvan,Barshi,,MO,23993,Herle,168,,,मालवण,सांगली,210.8,04:50,10:15,,,,,
415,"Malvan To Barshi",Malvan,Barshi,,MO,23397,Chokak,169,,,मालवण,सांगली,210.8,04:50,10:15,,,,,
415,"Malvan To Barshi",Malvan,Barshi,,MO,23093,Atigre,170,,,मालवण,सांगली,210.8,04:50,10:15,,,,,
415,"Malvan To Barshi",Malvan,Barshi,,MO,23822,"Ghodawat Knowledge City",173,,,मालवण,सांगली,210.8,04:50,10:15,,,,,
415,"Malvan To Barshi",Malvan,Barshi,,MO,24013,Hatkanangale,180,,,मालवण,सांगली,210.8,04:50,10:15,,,,,
415,"Malvan To Barshi",Malvan,Barshi,,MO,25001,Nimshirgoan,187,,,मालवण,सांगली,210.8,04:50,10:15,,,,,
415,"Malvan To Barshi",Malvan,Barshi,,MO,23396,Chipari,190.7,,,मालवण,सांगली,210.8,04:50,10:15,,,,,
415,"Malvan To Barshi",Malvan,Barshi,,MO,24134,Jaisingpur,196.7,,,मालवण,सांगली,210.8,04:50,10:15,,,,,
415,"Malvan To Barshi",Malvan,Barshi,,MO,33636,Akali,199.7,,,मालवण,सांगली,210.8,04:50,10:15,,,,,
415,"Malvan To Barshi",Malvan,Barshi,,MO,34093,Sangli,205.6,,,मालवण,सांगली,210.8,04:50,10:15,,,,,
415,"Malvan To Barshi",Malvan,Barshi,,MO,34200,"Vasant Market Yard",208,,,मालवण,सांगली,210.8,04:50,10:15,,,,,
415,"Malvan To Barshi",Malvan,Barshi,,MO,34196,"Vijay Nagar",211,,,मालवण,सांगली,210.8,04:50,10:15,,,,,
415,"Malvan To Barshi",Malvan,Barshi,,MO,34134,"Sortur Corner",214,,,मालवण,सांगली,210.8,04:50,10:15,,,,,
415,"Malvan To Barshi",Malvan,Barshi,,MO,33967,Miraj,217.6,,,मालवण,सांगली,210.8,04:50,10:15,,,,,
415,"Malvan To Barshi",Malvan,Barshi,,MO,32950,Shirdhon,248.8,,,मालवण,सांगली,210.8,04:50,10:15,,,,,
415,"Malvan To Barshi",Malvan,Barshi,,MO,32873,Kuchi,257.3,,,मालवण,सांगली,210.8,04:50,10:15,,,,,
415,"Malvan To Barshi",Malvan,Barshi,,MO,47614,"Nagaj Fata",271.1,,,मालवण,सांगली,210.8,04:50,10:15,,,,,
415,"Malvan To Barshi",Malvan,Barshi,,MO,47548,Junoni,290,,,मालवण,सांगली,210.8,04:50,10:15,,,,,
415,"Malvan To Barshi",Malvan,Barshi,,MO,47617,"Nazare Math",295.6,,,मालवण,सांगली,210.8,04:50,10:15,,,,,
415,"Malvan To Barshi",Malvan,Barshi,,MO,47679,Vatamare,298.3,,,मालवण,सांगली,210.8,04:50,10:15,,,,,
415,"Malvan To Barshi",Malvan,Barshi,,MO,47652,Sangola,312.1,,,मालवण,सांगली,210.8,04:50,10:15,,,,,
415,"Malvan To Barshi",Malvan,Barshi,,MO,43806,Khardi,331.7,,,मालवण,सांगली,210.8,04:50,10:15,,,,,
415,"Malvan To Barshi",Malvan,Barshi,,MO,43899,Pandharpur,346.2,,,मालवण,सांगली,210.8,04:50,10:15,,,,,
415,"Malvan To Barshi",Malvan,Barshi,,MO,44023,Visawa,352,,,मालवण,सांगली,210.8,04:50,10:15,,,,,
415,"Malvan To Barshi",Malvan,Barshi,,MO,43643,Adhiv,355,,,मालवण,सांगली,210.8,04:50,10:15,,,,,
415,"Malvan To Barshi",Malvan,Barshi,,MO,43925,Ropale,356,,,मालवण,सांगली,210.8,04:50,10:15,,,,,
415,"Malvan To Barshi",Malvan,Barshi,,MO,40656,Ashti,360,,,मालवण,सांगली,210.8,04:50,10:15,,,,,
415,"Malvan To Barshi",Malvan,Barshi,,MO,40926,"Shetphal X Rd.",378.6,,,मालवण,सांगली,210.8,04:50,10:15,,,,,
415,"Malvan To Barshi",Malvan,Barshi,,MO,40869,Padsali,387.6,,,मालवण,सांगली,210.8,04:50,10:15,,,,,
415,"Malvan To Barshi",Malvan,Barshi,,MO,40692,"Bhutasheta Fata",390.6,,,मालवण,सांगली,210.8,04:50,10:15,,,,,
415,"Malvan To Barshi",Malvan,Barshi,,MO,40805,Kurduwadi,405.3,,,मालवण,सांगली,210.8,04:50,10:15,,,,,
415,"Malvan To Barshi",Malvan,Barshi,,MO,40826,Mhaisgaon,416.9,,,मालवण,सांगली,210.8,04:50,10:15,,,,,
415,"Malvan To Barshi",Malvan,Barshi,,MO,40893,Ridhore,419.3,,,मालवण,सांगली,210.8,04:50,10:15,,,,,
415,"Malvan To Barshi",Malvan,Barshi,,MO,20400,"Shrifatapimpari Fata",423,,,मालवण,सांगली,210.8,04:50,10:15,,,,,
415,"Malvan To Barshi",Malvan,Barshi,,MO,20281,"Khandvi Gaon",426.1,,,मालवण,सांगली,210.8,04:50,10:15,,,,,
415,"Malvan To Barshi",Malvan,Barshi,,MO,20185,Barshi,433,,,मालवण,सांगली,210.8,04:50,10:15,,,,,
10646,"Achara To Bhagwantgad",Achara,Bhagwantgad,,MO,6740,Achara,,,,आचरा,भगवंतगड,9.2,10:00,10:20,SCL,DAIL,"विश्रांती 9.25 ते 10.00",,
10646,"Achara To Bhagwantgad",Achara,Bhagwantgad,,MO,6798,"Chindar Wad",2.9,,,आचरा,भगवंतगड,9.2,10:00,10:20,SCL,DAIL,"विश्रांती 9.25 ते 10.00",,
10646,"Achara To Bhagwantgad",Achara,Bhagwantgad,,MO,6934,"Mauli Mandir",5.8,,,आचरा,भगवंतगड,9.2,10:00,10:20,SCL,DAIL,"विश्रांती 9.25 ते 10.00",,
10646,"Achara To Bhagwantgad",Achara,Bhagwantgad,,MO,6780,Bhagwantgad,9.2,,,आचरा,भगवंतगड,9.2,10:00,10:20,SCL,DAIL,"विश्रांती 9.25 ते 10.00",,
10685,"Chouke To Ganesh Kond",Chouke,"Ganesh Kond",,MO,6799,Chouke,,,,चौके,आंबेरी,7.1,17:20,17:35,SCH,DAIL,,,
10685,"Chouke To Ganesh Kond",Chouke,"Ganesh Kond",,MO,6819,"Ganesh Mandir",1,,,चौके,आंबेरी,7.1,17:20,17:35,SCH,DAIL,,,
10685,"Chouke To Ganesh Kond",Chouke,"Ganesh Kond",,MO,6754,"Amberi School",5.7,,,चौके,आंबेरी,7.1,17:20,17:35,SCH,DAIL,,,
10685,"Chouke To Ganesh Kond",Chouke,"Ganesh Kond",,MO,2072,"Parulekar Dukan",6.4,,,चौके,आंबेरी,7.1,17:20,17:35,SCH,DAIL,,,
10685,"Chouke To Ganesh Kond",Chouke,"Ganesh Kond",,MO,6818,"Ganesh Kond",7.1,,,चौके,आंबेरी,7.1,17:20,17:35,SCH,DAIL,,,
10998,"Malvan To Achara Via Kolamb",Malvan,Achara,KOLAMB,MO,6915,Malvan,,,,मालवण,आचरा,21,12:00,12:55,OBL,DAIL,,,
10998,"Malvan To Achara Via Kolamb",Malvan,Achara,KOLAMB,MO,6889,Kolamb,3.3,,,मालवण,आचरा,21,12:00,12:55,OBL,DAIL,,,
10998,"Malvan To Achara Via Kolamb",Malvan,Achara,KOLAMB,MO,7015,Varanda,6.7,,,मालवण,आचरा,21,12:00,12:55,OBL,DAIL,,,
10998,"Malvan To Achara Via Kolamb",Malvan,Achara,KOLAMB,MO,6816,Gadgil,9.3,,,मालवण,आचरा,21,12:00,12:55,OBL,DAIL,,,
10998,"Malvan To Achara Via Kolamb",Malvan,Achara,KOLAMB,MO,6921,Margeshwar,12.2,,,मालवण,आचरा,21,12:00,12:55,OBL,DAIL,,,
10998,"Malvan To Achara Via Kolamb",Malvan,Achara,KOLAMB,MO,6860,"Kalawal Titha",14,,,मालवण,आचरा,21,12:00,12:55,OBL,DAIL,,,
10998,"Malvan To Achara Via Kolamb",Malvan,Achara,KOLAMB,MO,6745,"Acharekar Bag",18,,,मालवण,आचरा,21,12:00,12:55,OBL,DAIL,,,
10998,"Malvan To Achara Via Kolamb",Malvan,Achara,KOLAMB,MO,6740,Achara,21,,,मालवण,आचरा,21,12:00,12:55,OBL,DAIL,,,
11322,"Kankavli To Bagayat",Kankavli,Bagayat,,MO,2786,Kankavli,,,,कणकवली,बागायत,36.3,18:30,19:45,OBL,DAIL,,,
11322,"Kankavli To Bagayat",Kankavli,Bagayat,,MO,3001,"Wagade Gpo",3.3,,,कणकवली,बागायत,36.3,18:30,19:45,OBL,DAIL,,,
11322,"Kankavli To Bagayat",Kankavli,Bagayat,,MO,2853,"Masansada Satral Titha",6.2,,,कणकवली,बागायत,36.3,18:30,19:45,OBL,DAIL,,,
11322,"Kankavli To Bagayat",Kankavli,Bagayat,,MO,2805,"Kasral Sada Wad",9.1,,,कणकवली,बागायत,36.3,18:30,19:45,OBL,DAIL,,,
11322,"Kankavli To Bagayat",Kankavli,Bagayat,,MO,6767,"Asrondi Sima",12.1,,,कणकवली,बागायत,36.3,18:30,19:45,OBL,DAIL,,,
11322,"Kankavli To Bagayat",Kankavli,Bagayat,,MO,6995,"Shiravande Gpo",14.3,,,कणकवली,बागायत,36.3,18:30,19:45,OBL,DAIL,,,
11322,"Kankavli To Bagayat",Kankavli,Bagayat,,MO,7024,"Wadacha Naka Hospital",15,,,कणकवली,बागायत,36.3,18:30,19:45,OBL,DAIL,,,
11322,"Kankavli To Bagayat",Kankavli,Bagayat,,MO,6761,"Asgani Gpo",17.8,,,कणकवली,बागायत,36.3,18:30,19:45,OBL,DAIL,,,
11322,"Kankavli To Bagayat",Kankavli,Bagayat,,MO,6762,"Asgani Parkar Shop",19.3,,,कणकवली,बागायत,36.3,18:30,19:45,OBL,DAIL,,,
11322,"Kankavli To Bagayat",Kankavli,Bagayat,,MO,6978,"Rathiwade Titha",20.5,,,कणकवली,बागायत,36.3,18:30,19:45,OBL,DAIL,,,
11322,"Kankavli To Bagayat",Kankavli,Bagayat,,MO,6975,"Rathiwade Bhakardev",23.7,,,कणकवली,बागायत,36.3,18:30,19:45,OBL,DAIL,,,
11322,"Kankavli To Bagayat",Kankavli,Bagayat,,MO,6965,"Poip Katta Titha",26.8,,,कणकवली,बागायत,36.3,18:30,19:45,OBL,DAIL,,,
11322,"Kankavli To Bagayat",Kankavli,Bagayat,,MO,7022,"Viran Malvan Titha",27.4,,,कणकवली,बागायत,36.3,18:30,19:45,OBL,DAIL,,,
11322,"Kankavli To Bagayat",Kankavli,Bagayat,,MO,6924,"Masade School",29.7,,,कणकवली,बागायत,36.3,18:30,19:45,OBL,DAIL,,,
11322,"Kankavli To Bagayat",Kankavli,Bagayat,,MO,6925,"Masade Titha",30.7,,,कणकवली,बागायत,36.3,18:30,19:45,OBL,DAIL,,,
11322,"Kankavli To Bagayat",Kankavli,Bagayat,,MO,6769,Bagayat,36.3,,,कणकवली,बागायत,36.3,18:30,19:45,OBL,DAIL,,,
20126,"Bhagwantgad To Malvan Via Acharekar Bag",Bhagwantgad,Malvan,"ACHAREKAR BAG",MO,6780,Bhagwantgad,,,,भगवंतगड,मालवण,29.2,11:10,13:05,SCL,DAIL,,,
20126,"Bhagwantgad To Malvan Via Acharekar Bag",Bhagwantgad,Malvan,"ACHAREKAR BAG",MO,6934,"Mauli Mandir",2.4,,,भगवंतगड,मालवण,29.2,11:10,13:05,SCL,DAIL,,,
20126,"Bhagwantgad To Malvan Via Acharekar Bag",Bhagwantgad,Malvan,"ACHAREKAR BAG",MO,6798,"Chindar Wad",5.3,,,भगवंतगड,मालवण,29.2,11:10,13:05,SCL,DAIL,,,
20126,"Bhagwantgad To Malvan Via Acharekar Bag",Bhagwantgad,Malvan,"ACHAREKAR BAG",MO,6740,Achara,8.2,,,भगवंतगड,मालवण,29.2,11:10,13:05,SCL,DAIL,,,
20126,"Bhagwantgad To Malvan Via Acharekar Bag",Bhagwantgad,Malvan,"ACHAREKAR BAG",MO,6745,"Acharekar Bag",11.2,,,भगवंतगड,मालवण,29.2,11:10,13:05,SCL,DAIL,,,
20126,"Bhagwantgad To Malvan Via Acharekar Bag",Bhagwantgad,Malvan,"ACHAREKAR BAG",MO,7027,Waingani,13.1,,,भगवंतगड,मालवण,29.2,11:10,13:05,SCL,DAIL,,,
20126,"Bhagwantgad To Malvan Via Acharekar Bag",Bhagwantgad,Malvan,"ACHAREKAR BAG",MO,6859,Kalawal,15.4,,,भगवंतगड,मालवण,29.2,11:10,13:05,SCL,DAIL,,,
20126,"Bhagwantgad To Malvan Via Acharekar Bag",Bhagwantgad,Malvan,"ACHAREKAR BAG",MO,6921,Margeshwar,17.2,,,भगवंतगड,मालवण,29.2,11:10,13:05,SCL,DAIL,,,
20126,"Bhagwantgad To Malvan Via Acharekar Bag",Bhagwantgad,Malvan,"ACHAREKAR BAG",MO,6817,"Gadgil Stop",20.1,,,भगवंतगड,मालवण,29.2,11:10,13:05,SCL,DAIL,,,
20126,"Bhagwantgad To Malvan Via Acharekar Bag",Bhagwantgad,Malvan,"ACHAREKAR BAG",MO,7015,Varanda,21.7,,,भगवंतगड,मालवण,29.2,11:10,13:05,SCL,DAIL,,,
20126,"Bhagwantgad To Malvan Via Acharekar Bag",Bhagwantgad,Malvan,"ACHAREKAR BAG",MO,6889,Kolamb,25.7,,,भगवंतगड,मालवण,29.2,11:10,13:05,SCL,DAIL,,,
20126,"Bhagwantgad To Malvan Via Acharekar Bag",Bhagwantgad,Malvan,"ACHAREKAR BAG",MO,6915,Malvan,29.2,,,भगवंतगड,मालवण,29.2,11:10,13:05,SCL,DAIL,,,
57711,"Malvan To Malvan Via Khaida",Malvan,Malvan,KHAIDA,MO,6915,Malvan,,,,मालवण,"खौदा मालवण",12,08:30,09:00,OBL,SUN,,,
57711,"Malvan To Malvan Via Khaida",Malvan,Malvan,KHAIDA,MO,6746,Adari,3,,,मालवण,"खौदा मालवण",12,08:30,09:00,OBL,SUN,,,
57711,"Malvan To Malvan Via Khaida",Malvan,Malvan,KHAIDA,MO,6876,Khaida,6,,,मालवण,"खौदा मालवण",12,08:30,09:00,OBL,SUN,,,
57711,"Malvan To Malvan Via Khaida",Malvan,Malvan,KHAIDA,MO,6889,Kolamb,9,,,मालवण,"खौदा मालवण",12,08:30,09:00,OBL,SUN,,,
57711,"Malvan To Malvan Via Khaida",Malvan,Malvan,KHAIDA,MO,6915,Malvan,12.3,,,मालवण,"खौदा मालवण",12,08:30,09:00,OBL,SUN,,,
71147,"Kankavli To Malvan Via Kasal",Kankavli,Malvan,KASAL,MO,2786,Kankavli,,,,कणकवली,मालवण,45,13:45,15:00,OBL,DAIL,,,
71147,"Kankavli To Malvan Via Kasal",Kankavli,Malvan,KASAL,MO,3001,"Wagade Gpo",5.4,,,कणकवली,मालवण,45,13:45,15:00,OBL,DAIL,,,
71147,"Kankavli To Malvan Via Kasal",Kankavli,Malvan,KASAL,MO,2692,Dangalwadi,6.3,,,कणकवली,मालवण,45,13:45,15:00,OBL,DAIL,,,
71147,"Kankavli To Malvan Via Kasal",Kankavli,Malvan,KASAL,MO,2891,"Osargaon Talav",7.4,,,कणकवली,मालवण,45,13:45,15:00,OBL,DAIL,,,
71147,"Kankavli To Malvan Via Kasal",Kankavli,Malvan,KASAL,MO,2890,"Osargaon Post",9.2,,,कणकवली,मालवण,45,13:45,15:00,OBL,DAIL,,,
71147,"Kankavli To Malvan Via Kasal",Kankavli,Malvan,KASAL,MO,2889,"Osargaon Godaoon",10.3,,,कणकवली,मालवण,45,13:45,15:00,OBL,DAIL,,,
71147,"Kankavli To Malvan Via Kasal",Kankavli,Malvan,KASAL,MO,6281,Kasal,14.6,,,कणकवली,मालवण,45,13:45,15:00,OBL,DAIL,,,
71147,"Kankavli To Malvan Via Kasal",Kankavli,Malvan,KASAL,MO,6368,Padve,17.6,,,कणकवली,मालवण,45,13:45,15:00,OBL,DAIL,,,
71147,"Kankavli To Malvan Via Kasal",Kankavli,Malvan,KASAL,MO,6392,"Ranbambuli Fata",19.2,,,कणकवली,मालवण,45,13:45,15:00,OBL,DAIL,,,
71147,"Kankavli To Malvan Via Kasal",Kankavli,Malvan,KASAL,MO,6424,Sukalwad,20.7,,,कणकवली,मालवण,45,13:45,15:00,OBL,DAIL,,,
71147,"Kankavli To Malvan Via Kasal",Kankavli,Malvan,KASAL,MO,6993,"Sawarwad Varad Fata",23.9,,,कणकवली,मालवण,45,13:45,15:00,OBL,DAIL,,,
71147,"Kankavli To Malvan Via Kasal",Kankavli,Malvan,KASAL,MO,6870,Katta,28,,,कणकवली,मालवण,45,13:45,15:00,OBL,DAIL,,,
71147,"Kankavli To Malvan Via Kasal",Kankavli,Malvan,KASAL,MO,6770,Bagwadi,29.4,,,कणकवली,मालवण,45,13:45,15:00,OBL,DAIL,,,
71147,"Kankavli To Malvan Via Kasal",Kankavli,Malvan,KASAL,MO,6985,"Salel Nangarbhat",33.1,,,कणकवली,मालवण,45,13:45,15:00,OBL,DAIL,,,
71147,"Kankavli To Malvan Via Kasal",Kankavli,Malvan,KASAL,MO,6799,Chouke,36.4,,,कणकवली,मालवण,45,13:45,15:00,OBL,DAIL,,,
71147,"Kankavli To Malvan Via Kasal",Kankavli,Malvan,KASAL,MO,6750,"Ajagaonkar Bangala",39.2,,,कणकवली,मालवण,45,13:45,15:00,OBL,DAIL,,,
71147,"Kankavli To Malvan Via Kasal",Kankavli,Malvan,KASAL,MO,6897,"Kumbharmath Govekar Dukan",41.3,,,कणकवली,मालवण,45,13:45,15:00,OBL,DAIL,,,
71147,"Kankavli To Malvan Via Kasal",Kankavli,Malvan,KASAL,MO,6915,Malvan,45,,,कणकवली,मालवण,45,13:45,15:00,OBL,DAIL,,,
72638,"Malvan To Bandivade Via Achara Bandar",Malvan,Bandivade,"ACHARA BANDAR",MO,6915,Malvan,,,,मालवण,बांदिवडे,48,06:30,07:50,SCL,DAIL,,,
72638,"Malvan To Bandivade Via Achara Bandar",Malvan,Bandivade,"ACHARA BANDAR",MO,6889,Kolamb,3,,,मालवण,बांदिवडे,48,06:30,07:50,SCL,DAIL,,,
72638,"Malvan To Bandivade Via Achara Bandar",Malvan,Bandivade,"ACHARA BANDAR",MO,7015,Varanda,12,,,मालवण,बांदिवडे,48,06:30,07:50,SCL,DAIL,,,
72638,"Malvan To Bandivade Via Achara Bandar",Malvan,Bandivade,"ACHARA BANDAR",MO,6817,"Gadgil Stop",15,,,मालवण,बांदिवडे,48,06:30,07:50,SCL,DAIL,,,
72638,"Malvan To Bandivade Via Achara Bandar",Malvan,Bandivade,"ACHARA BANDAR",MO,6921,Margeshwar,18,,,मालवण,बांदिवडे,48,06:30,07:50,SCL,DAIL,,,
72638,"Malvan To Bandivade Via Achara Bandar",Malvan,Bandivade,"ACHARA BANDAR",MO,6859,Kalawal,21,,,मालवण,बांदिवडे,48,06:30,07:50,SCL,DAIL,,,
72638,"Malvan To Bandivade Via Achara Bandar",Malvan,Bandivade,"ACHARA BANDAR",MO,6960,Pat,24,,,मालवण,बांदिवडे,48,06:30,07:50,SCL,DAIL,,,
72638,"Malvan To Bandivade Via Achara Bandar",Malvan,Bandivade,"ACHARA BANDAR",MO,76173,Baudhawadi,27,,,मालवण,बांदिवडे,48,06:30,07:50,SCL,DAIL,,,
72638,"Malvan To Bandivade Via Achara Bandar",Malvan,Bandivade,"ACHARA BANDAR",MO,6848,"Hirlewadi Sai Mandir",30,,,मालवण,बांदिवडे,48,06:30,07:50,SCL,DAIL,,,
72638,"Malvan To Bandivade Via Achara Bandar",Malvan,Bandivade,"ACHARA BANDAR",MO,6741,"Achara Bandar",33,,,मालवण,बांदिवडे,48,06:30,07:50,SCL,DAIL,,,
72638,"Malvan To Bandivade Via Achara Bandar",Malvan,Bandivade,"ACHARA BANDAR",MO,6744,"Achara Tita",34,,,मालवण,बांदिवडे,48,06:30,07:50,SCL,DAIL,,,
72638,"Malvan To Bandivade Via Achara Bandar",Malvan,Bandivade,"ACHARA BANDAR",MO,6798,"Chindar Wad",36,,,मालवण,बांदिवडे,48,06:30,07:50,SCL,DAIL,,,
72638,"Malvan To Bandivade Via Achara Bandar",Malvan,Bandivade,"ACHARA BANDAR",MO,6990,Sapala,39,,,मालवण,बांदिवडे,48,06:30,07:50,SCL,DAIL,,,
72638,"Malvan To Bandivade Via Achara Bandar",Malvan,Bandivade,"ACHARA BANDAR",MO,7010,"Trimbak Ghadiwadi",42,,,मालवण,बांदिवडे,48,06:30,07:50,SCL,DAIL,,,
72638,"Malvan To Bandivade Via Achara Bandar",Malvan,Bandivade,"ACHARA BANDAR",MO,6954,Palyewadi,45,,,मालवण,बांदिवडे,48,06:30,07:50,SCL,DAIL,,,
72638,"Malvan To Bandivade Via Achara Bandar",Malvan,Bandivade,"ACHARA BANDAR",MO,2651,Bandivade,48,,,मालवण,बांदिवडे,48,06:30,07:50,SCL,DAIL,,,
75419,"Sawantwadi To Malvan Via Dhamapur",Sawantwadi,Malvan,DHAMAPUR,MO,8663,Sawantwadi,,,,सावंतवाडी,मालवण,49,06:30,08:10,OBL,DAIL,,,
75419,"Sawantwadi To Malvan Via Dhamapur",Sawantwadi,Malvan,DHAMAPUR,MO,8551,"Kolgaon Thita",3,,,सावंतवाडी,मालवण,49,06:30,08:10,OBL,DAIL,,,
75419,"Sawantwadi To Malvan Via Dhamapur",Sawantwadi,Malvan,DHAMAPUR,MO,6101,Akeri,6,,,सावंतवाडी,मालवण,49,06:30,08:10,OBL,DAIL,,,
75419,"Sawantwadi To Malvan Via Dhamapur",Sawantwadi,Malvan,DHAMAPUR,MO,6231,"Khan Mohalla",9,,,सावंतवाडी,मालवण,49,06:30,08:10,OBL,DAIL,,,
75419,"Sawantwadi To Malvan Via Dhamapur",Sawantwadi,Malvan,DHAMAPUR,MO,6474,"Zharap Titha",12,,,सावंतवाडी,मालवण,49,06:30,08:10,OBL,DAIL,,,
75419,"Sawantwadi To Malvan Via Dhamapur",Sawantwadi,Malvan,DHAMAPUR,MO,6322,"Mandkuli Fata",15,,,सावंतवाडी,मालवण,49,06:30,08:10,OBL,DAIL,,,
75419,"Sawantwadi To Malvan Via Dhamapur",Sawantwadi,Malvan,DHAMAPUR,MO,6237,"Kudal St Depot",21,,,सावंतवाडी,मालवण,49,06:30,08:10,OBL,DAIL,,,
75419,"Sawantwadi To Malvan Via Dhamapur",Sawantwadi,Malvan,DHAMAPUR,MO,6351,"Nerur Jakat",24,,,सावंतवाडी,मालवण,49,06:30,08:10,OBL,DAIL,,,
75419,"Sawantwadi To Malvan Via Dhamapur",Sawantwadi,Malvan,DHAMAPUR,MO,6428,Thakurwadi,27,,,सावंतवाडी,मालवण,49,06:30,08:10,OBL,DAIL,,,
75419,"Sawantwadi To Malvan Via Dhamapur",Sawantwadi,Malvan,DHAMAPUR,MO,6335,Nerurpar,30,,,सावंतवाडी,मालवण,49,06:30,08:10,OBL,DAIL,,,
75419,"Sawantwadi To Malvan Via Dhamapur",Sawantwadi,Malvan,DHAMAPUR,MO,6979,"Ravalnath Mandir",33,,,सावंतवाडी,मालवण,49,06:30,08:10,OBL,DAIL,,,
75419,"Sawantwadi To Malvan Via Dhamapur",Sawantwadi,Malvan,DHAMAPUR,MO,6812,Dhamapur,35,,,सावंतवाडी,मालवण,49,06:30,08:10,OBL,DAIL,,,
75419,"Sawantwadi To Malvan Via Dhamapur",Sawantwadi,Malvan,DHAMAPUR,MO,6821,"Gavaldeo Amba",36,,,सावंतवाडी,मालवण,49,06:30,08:10,OBL,DAIL,,,
75419,"Sawantwadi To Malvan Via Dhamapur",Sawantwadi,Malvan,DHAMAPUR,MO,6829,Godyachiwadi,39,,,सावंतवाडी,मालवण,49,06:30,08:10,OBL,DAIL,,,
75419,"Sawantwadi To Malvan Via Dhamapur",Sawantwadi,Malvan,DHAMAPUR,MO,6799,Chouke,42,,,सावंतवाडी,मालवण,49,06:30,08:10,OBL,DAIL,,,
75419,"Sawantwadi To Malvan Via Dhamapur",Sawantwadi,Malvan,DHAMAPUR,MO,6750,"Ajagaonkar Bangala",45,,,सावंतवाडी,मालवण,49,06:30,08:10,OBL,DAIL,,,
75419,"Sawantwadi To Malvan Via Dhamapur",Sawantwadi,Malvan,DHAMAPUR,MO,6897,"Kumbharmath Govekar Dukan",48,,,सावंतवाडी,मालवण,49,06:30,08:10,OBL,DAIL,,,
75419,"Sawantwadi To Malvan Via Dhamapur",Sawantwadi,Malvan,DHAMAPUR,MO,6915,Malvan,49,,,सावंतवाडी,मालवण,49,06:30,08:10,OBL,DAIL,,,
100967,"Kolhapur To Malvan Via Phonda",Kolhapur,Malvan,PHONDA,MO,24359,Kolhapur,,,,कोल्हापुर,मालवण,169,05:15,10:30,,,"6 तासांत डयुटी संपते",,
100967,"Kolhapur To Malvan Via Phonda",Kolhapur,Malvan,PHONDA,MO,23625,"Dasara Chwok",3,,,कोल्हापुर,मालवण,169,05:15,10:30,,,"6 तासांत डयुटी संपते",,
100967,"Kolhapur To Malvan Via Phonda",Kolhapur,Malvan,PHONDA,MO,25400,Rankala,6,,,कोल्हापुर,मालवण,169,05:15,10:30,,,"6 तासांत डयुटी संपते",,
100967,"Kolhapur To Malvan Via Phonda",Kolhapur,Malvan,PHONDA,MO,25083,"New Washi Naka",9,,,कोल्हापुर,मालवण,169,05:15,10:30,,,"6 तासांत डयुटी संपते",,
100967,"Kolhapur To Malvan Via Phonda",Kolhapur,Malvan,PHONDA,MO,26066,Washi,15,,,कोल्हापुर,मालवण,169,05:15,10:30,,,"6 तासांत डयुटी संपते",,
100967,"Kolhapur To Malvan Via Phonda",Kolhapur,Malvan,PHONDA,MO,24388,Kandgaon,18,,,कोल्हापुर,मालवण,169,05:15,10:30,,,"6 तासांत डयुटी संपते",,
100967,"Kolhapur To Malvan Via Phonda",Kolhapur,Malvan,PHONDA,MO,23945,Haldi,20.5,,,कोल्हापुर,मालवण,169,05:15,10:30,,,"6 तासांत डयुटी संपते",,
100967,"Kolhapur To Malvan Via Phonda",Kolhapur,Malvan,PHONDA,MO,24444,Kothali,24,,,कोल्हापुर,मालवण,169,05:15,10:30,,,"6 तासांत डयुटी संपते",,
100967,"Kolhapur To Malvan Via Phonda",Kolhapur,Malvan,PHONDA,MO,24502,Kurukali,24.2,,,कोल्हापुर,मालवण,169,05:15,10:30,,,"6 तासांत डयुटी संपते",,
100967,"Kolhapur To Malvan Via Phonda",Kolhapur,Malvan,PHONDA,MO,23437,"College Fata",26,,,कोल्हापुर,मालवण,169,05:15,10:30,,,"6 तासांत डयुटी संपते",,
100967,"Kolhapur To Malvan Via Phonda",Kolhapur,Malvan,PHONDA,MO,23216,"Bhogavati Sugar Factory",30,,,कोल्हापुर,मालवण,169,05:15,10:30,,,"6 तासांत डयुटी संपते",,
100967,"Kolhapur To Malvan Via Phonda",Kolhapur,Malvan,PHONDA,MO,24207,Kaulav,32.2,,,कोल्हापुर,मालवण,169,05:15,10:30,,,"6 तासांत डयुटी संपते",,
100967,"Kolhapur To Malvan Via Phonda",Kolhapur,Malvan,PHONDA,MO,15138,Sirse,36,,,कोल्हापुर,मालवण,169,05:15,10:30,,,"6 तासांत डयुटी संपते",,
100967,"Kolhapur To Malvan Via Phonda",Kolhapur,Malvan,PHONDA,MO,25308,"Power House",36.9,,,कोल्हापुर,मालवण,169,05:15,10:30,,,"6 तासांत डयुटी संपते",,
100967,"Kolhapur To Malvan Via Phonda",Kolhapur,Malvan,PHONDA,MO,6116,Awali,37.4,,,कोल्हापुर,मालवण,169,05:15,10:30,,,"6 तासांत डयुटी संपते",,
100967,"Kolhapur To Malvan Via Phonda",Kolhapur,Malvan,PHONDA,MO,23049,Anaje,39,,,कोल्हापुर,मालवण,169,05:15,10:30,,,"6 तासांत डयुटी संपते",,
100967,"Kolhapur To Malvan Via Phonda",Kolhapur,Malvan,PHONDA,MO,24322,"Khindi Vharavade",40,,,कोल्हापुर,मालवण,169,05:15,10:30,,,"6 तासांत डयुटी संपते",,
100967,"Kolhapur To Malvan Via Phonda",Kolhapur,Malvan,PHONDA,MO,23849,Gudal,42,,,कोल्हापुर,मालवण,169,05:15,10:30,,,"6 तासांत डयुटी संपते",,
100967,"Kolhapur To Malvan Via Phonda",Kolhapur,Malvan,PHONDA,MO,23850,Gudalwadi,44,,,कोल्हापुर,मालवण,169,05:15,10:30,,,"6 तासांत डयुटी संपते",,
100967,"Kolhapur To Malvan Via Phonda",Kolhapur,Malvan,PHONDA,MO,25780,"Tarale Khurd",46,,,कोल्हापुर,मालवण,169,05:15,10:30,,,"6 तासांत डयुटी संपते",,
100967,"Kolhapur To Malvan Via Phonda",Kolhapur,Malvan,PHONDA,MO,24756,Ms,48,,,कोल्हापुर,मालवण,169,05:15,10:30,,,"6 तासांत डयुटी संपते",,
100967,"Kolhapur To Malvan Via Phonda",Kolhapur,Malvan,PHONDA,MO,25183,Piral,51,,,कोल्हापुर,मालवण,169,05:15,10:30,,,"6 तासांत डयुटी संपते",,
100967,"Kolhapur To Malvan Via Phonda",Kolhapur,Malvan,PHONDA,MO,25336,Radhanagari,53.3,,,कोल्हापुर,मालवण,169,05:15,10:30,,,"6 तासांत डयुटी संपते",,
100967,"Kolhapur To Malvan Via Phonda",Kolhapur,Malvan,PHONDA,MO,23959,Hattimahal,55.8,,,कोल्हापुर,मालवण,169,05:15,10:30,,,"6 तासांत डयुटी संपते",,
100967,"Kolhapur To Malvan Via Phonda",Kolhapur,Malvan,PHONDA,MO,23695,Fejiwade,56.8,,,कोल्हापुर,मालवण,169,05:15,10:30,,,"6 तासांत डयुटी संपते",,
100967,"Kolhapur To Malvan Via Phonda",Kolhapur,Malvan,PHONDA,MO,25393,"Radhanagri Dam",58.5,,,कोल्हापुर,मालवण,169,05:15,10:30,,,"6 तासांत डयुटी संपते",,
100967,"Kolhapur To Malvan Via Phonda",Kolhapur,Malvan,PHONDA,MO,23601,Daoudwadi,59.8,,,कोल्हापुर,मालवण,169,05:15,10:30,,,"6 तासांत डयुटी संपते",,
100967,"Kolhapur To Malvan Via Phonda",Kolhapur,Malvan,PHONDA,MO,25080,"New Karanje",60.8,,,कोल्हापुर,मालवण,169,05:15,10:30,,,"6 तासांत डयुटी संपते",,
100967,"Kolhapur To Malvan Via Phonda",Kolhapur,Malvan,PHONDA,MO,30607,Ajiwade,63.7,,,कोल्हापुर,मालवण,169,05:15,10:30,,,"6 तासांत डयुटी संपते",,
100967,"Kolhapur To Malvan Via Phonda",Kolhapur,Malvan,PHONDA,MO,24697,Mandarewadi,63.8,,,कोल्हापुर,मालवण,169,05:15,10:30,,,"6 तासांत डयुटी संपते",,
100967,"Kolhapur To Malvan Via Phonda",Kolhapur,Malvan,PHONDA,MO,25530,Shelap,65.1,,,कोल्हापुर,मालवण,169,05:15,10:30,,,"6 तासांत डयुटी संपते",,
100967,"Kolhapur To Malvan Via Phonda",Kolhapur,Malvan,PHONDA,MO,24258,Kadamwadi,67.8,,,कोल्हापुर,मालवण,169,05:15,10:30,,,"6 तासांत डयुटी संपते",,
100967,"Kolhapur To Malvan Via Phonda",Kolhapur,Malvan,PHONDA,MO,23137,Bambar,69.8,,,कोल्हापुर,मालवण,169,05:15,10:30,,,"6 तासांत डयुटी संपते",,
100967,"Kolhapur To Malvan Via Phonda",Kolhapur,Malvan,PHONDA,MO,25038,Naniwade,72.7,,,कोल्हापुर,मालवण,169,05:15,10:30,,,"6 तासांत डयुटी संपते",,
100967,"Kolhapur To Malvan Via Phonda",Kolhapur,Malvan,PHONDA,MO,24004,Hasane,76.1,,,कोल्हापुर,मालवण,169,05:15,10:30,,,"6 तासांत डयुटी संपते",,
100967,"Kolhapur To Malvan Via Phonda",Kolhapur,Malvan,PHONDA,MO,30612,"Ambedkar Nagar",77.6,,,कोल्हापुर,मालवण,169,05:15,10:30,,,"6 तासांत डयुटी संपते",,
100967,"Kolhapur To Malvan Via Phonda",Kolhapur,Malvan,PHONDA,MO,23566,Dajipur,82.6,,,कोल्हापुर,मालवण,169,05:15,10:30,,,"6 तासांत डयुटी संपते",,
100967,"Kolhapur To Malvan Via Phonda",Kolhapur,Malvan,PHONDA,MO,2723,"Ganguchi Wadi",95.8,,,कोल्हापुर,मालवण,169,05:15,10:30,,,"6 तासांत डयुटी संपते",,
100967,"Kolhapur To Malvan Via Phonda",Kolhapur,Malvan,PHONDA,MO,2904,Phonda,98.8,,,कोल्हापुर,मालवण,169,05:15,10:30,,,"6 तासांत डयुटी संपते",,
100967,"Kolhapur To Malvan Via Phonda",Kolhapur,Malvan,PHONDA,MO,2905,"Phonda Fata",99.5,,,कोल्हापुर,मालवण,169,05:15,10:30,,,"6 तासांत डयुटी संपते",,
100967,"Kolhapur To Malvan Via Phonda",Kolhapur,Malvan,PHONDA,MO,2781,Kanadewadi,102.7,,,कोल्हापुर,मालवण,169,05:15,10:30,,,"6 तासांत डयुटी संपते",,
100967,"Kolhapur To Malvan Via Phonda",Kolhapur,Malvan,PHONDA,MO,2757,"Humrath Mal Ghorpiwadi",105.3,,,कोल्हापुर,मालवण,169,05:15,10:30,,,"6 तासांत डयुटी संपते",,
100967,"Kolhapur To Malvan Via Phonda",Kolhapur,Malvan,PHONDA,MO,2756,"Humrat Titha",108.1,,,कोल्हापुर,मालवण,169,05:15,10:30,,,"6 तासांत डयुटी संपते",,
100967,"Kolhapur To Malvan Via Phonda",Kolhapur,Malvan,PHONDA,MO,2766,Janavali,111.4,,,कोल्हापुर,मालवण,169,05:15,10:30,,,"6 तासांत डयुटी संपते",,
100967,"Kolhapur To Malvan Via Phonda",Kolhapur,Malvan,PHONDA,MO,2786,Kankavli,115.3,,,कोल्हापुर,मालवण,169,05:15,10:30,,,"6 तासांत डयुटी संपते",,
100967,"Kolhapur To Malvan Via Phonda",Kolhapur,Malvan,PHONDA,MO,3002,Wagde,117.5,,,कोल्हापुर,मालवण,169,05:15,10:30,,,"6 तासांत डयुटी संपते",,
100967,"Kolhapur To Malvan Via Phonda",Kolhapur,Malvan,PHONDA,MO,2692,Dangalwadi,120.5,,,कोल्हापुर,मालवण,169,05:15,10:30,,,"6 तासांत डयुटी संपते",,
100967,"Kolhapur To Malvan Via Phonda",Kolhapur,Malvan,PHONDA,MO,2891,"Osargaon Talav",123.6,,,कोल्हापुर,मालवण,169,05:15,10:30,,,"6 तासांत डयुटी संपते",,
100967,"Kolhapur To Malvan Via Phonda",Kolhapur,Malvan,PHONDA,MO,2890,"Osargaon Post",126.2,,,कोल्हापुर,मालवण,169,05:15,10:30,,,"6 तासांत डयुटी संपते",,
100967,"Kolhapur To Malvan Via Phonda",Kolhapur,Malvan,PHONDA,MO,2889,"Osargaon Godaoon",127.2,,,कोल्हापुर,मालवण,169,05:15,10:30,,,"6 तासांत डयुटी संपते",,
100967,"Kolhapur To Malvan Via Phonda",Kolhapur,Malvan,PHONDA,MO,6281,Kasal,129.6,,,कोल्हापुर,मालवण,169,05:15,10:30,,,"6 तासांत डयुटी संपते",,
100967,"Kolhapur To Malvan Via Phonda",Kolhapur,Malvan,PHONDA,MO,13989,Padave,132.6,,,कोल्हापुर,मालवण,169,05:15,10:30,,,"6 तासांत डयुटी संपते",,
100967,"Kolhapur To Malvan Via Phonda",Kolhapur,Malvan,PHONDA,MO,6392,"Ranbambuli Fata",134,,,कोल्हापुर,मालवण,169,05:15,10:30,,,"6 तासांत डयुटी संपते",,
100967,"Kolhapur To Malvan Via Phonda",Kolhapur,Malvan,PHONDA,MO,6410,"Sukalwad Bazar",135.3,,,कोल्हापुर,मालवण,169,05:15,10:30,,,"6 तासांत डयुटी संपते",,
100967,"Kolhapur To Malvan Via Phonda",Kolhapur,Malvan,PHONDA,MO,6424,Sukalwad,135.7,,,कोल्हापुर,मालवण,169,05:15,10:30,,,"6 तासांत डयुटी संपते",,
100967,"Kolhapur To Malvan Via Phonda",Kolhapur,Malvan,PHONDA,MO,6820,Gaorai,136.5,,,कोल्हापुर,मालवण,169,05:15,10:30,,,"6 तासांत डयुटी संपते",,
100967,"Kolhapur To Malvan Via Phonda",Kolhapur,Malvan,PHONDA,MO,6993,"Sawarwad Varad Fata",138.9,,,कोल्हापुर,मालवण,169,05:15,10:30,,,"6 तासांत डयुटी संपते",,
100967,"Kolhapur To Malvan Via Phonda",Kolhapur,Malvan,PHONDA,MO,6870,Katta,142,,,कोल्हापुर,मालवण,169,05:15,10:30,,,"6 तासांत डयुटी संपते",,
100967,"Kolhapur To Malvan Via Phonda",Kolhapur,Malvan,PHONDA,MO,6770,Bagwadi,145.4,,,कोल्हापुर,मालवण,169,05:15,10:30,,,"6 तासांत डयुटी संपते",,
100967,"Kolhapur To Malvan Via Phonda",Kolhapur,Malvan,PHONDA,MO,6985,"Salel Nangarbhat",148.1,,,कोल्हापुर,मालवण,169,05:15,10:30,,,"6 तासांत डयुटी संपते",,
100967,"Kolhapur To Malvan Via Phonda",Kolhapur,Malvan,PHONDA,MO,6799,Chouke,151.4,,,कोल्हापुर,मालवण,169,05:15,10:30,,,"6 तासांत डयुटी संपते",,
100967,"Kolhapur To Malvan Via Phonda",Kolhapur,Malvan,PHONDA,MO,6750,"Ajagaonkar Bangala",153.1,,,कोल्हापुर,मालवण,169,05:15,10:30,,,"6 तासांत डयुटी संपते",,
100967,"Kolhapur To Malvan Via Phonda",Kolhapur,Malvan,PHONDA,MO,6897,"Kumbharmath Govekar Dukan",155.1,,,कोल्हापुर,मालवण,169,05:15,10:30,,,"6 तासांत डयुटी संपते",,
100967,"Kolhapur To Malvan Via Phonda",Kolhapur,Malvan,PHONDA,MO,6917,Malvan,158,,,कोल्हापुर,मालवण,169,05:15,10:30,,,"6 तासांत डयुटी संपते",,
100967,"Kolhapur To Malvan Via Phonda",Kolhapur,Malvan,PHONDA,MO,6916,"Malvan Bazar",158.5,,,कोल्हापुर,मालवण,169,05:15,10:30,,,"6 तासांत डयुटी संपते",,
100967,"Kolhapur To Malvan Via Phonda",Kolhapur,Malvan,PHONDA,MO,6915,Malvan,169,,,कोल्हापुर,मालवण,169,05:15,10:30,,,"6 तासांत डयुटी संपते",,
120525,"Malvan To Nigadi Via Phonda",Malvan,Nigadi,PHONDA,MO,6915,Malvan,,,,मालवण,कोल्हापुर,161.3,16:45,20:45,,,"6 तासांत डयुटी संपते",,
120525,"Malvan To Nigadi Via Phonda",Malvan,Nigadi,PHONDA,MO,6897,"Kumbharmath Govekar Dukan",3,,,मालवण,कोल्हापुर,161.3,16:45,20:45,,,"6 तासांत डयुटी संपते",,
120525,"Malvan To Nigadi Via Phonda",Malvan,Nigadi,PHONDA,MO,6750,"Ajagaonkar Bangala",6,,,मालवण,कोल्हापुर,161.3,16:45,20:45,,,"6 तासांत डयुटी संपते",,
120525,"Malvan To Nigadi Via Phonda",Malvan,Nigadi,PHONDA,MO,6799,Chouke,9,,,मालवण,कोल्हापुर,161.3,16:45,20:45,,,"6 तासांत डयुटी संपते",,
120525,"Malvan To Nigadi Via Phonda",Malvan,Nigadi,PHONDA,MO,6985,"Salel Nangarbhat",12,,,मालवण,कोल्हापुर,161.3,16:45,20:45,,,"6 तासांत डयुटी संपते",,
120525,"Malvan To Nigadi Via Phonda",Malvan,Nigadi,PHONDA,MO,6770,Bagwadi,15,,,मालवण,कोल्हापुर,161.3,16:45,20:45,,,"6 तासांत डयुटी संपते",,
120525,"Malvan To Nigadi Via Phonda",Malvan,Nigadi,PHONDA,MO,6870,Katta,18,,,मालवण,कोल्हापुर,161.3,16:45,20:45,,,"6 तासांत डयुटी संपते",,
120525,"Malvan To Nigadi Via Phonda",Malvan,Nigadi,PHONDA,MO,6993,"Sawarwad Varad Fata",21,,,मालवण,कोल्हापुर,161.3,16:45,20:45,,,"6 तासांत डयुटी संपते",,
120525,"Malvan To Nigadi Via Phonda",Malvan,Nigadi,PHONDA,MO,6424,Sukalwad,24,,,मालवण,कोल्हापुर,161.3,16:45,20:45,,,"6 तासांत डयुटी संपते",,
120525,"Malvan To Nigadi Via Phonda",Malvan,Nigadi,PHONDA,MO,6281,Kasal,30,,,मालवण,कोल्हापुर,161.3,16:45,20:45,,,"6 तासांत डयुटी संपते",,
120525,"Malvan To Nigadi Via Phonda",Malvan,Nigadi,PHONDA,MO,2890,"Osargaon Post",33.5,,,मालवण,कोल्हापुर,161.3,16:45,20:45,,,"6 तासांत डयुटी संपते",,
120525,"Malvan To Nigadi Via Phonda",Malvan,Nigadi,PHONDA,MO,2891,"Osargaon Talav",34.5,,,मालवण,कोल्हापुर,161.3,16:45,20:45,,,"6 तासांत डयुटी संपते",,
120525,"Malvan To Nigadi Via Phonda",Malvan,Nigadi,PHONDA,MO,3001,"Wagade Gpo",43,,,मालवण,कोल्हापुर,161.3,16:45,20:45,,,"6 तासांत डयुटी संपते",,
120525,"Malvan To Nigadi Via Phonda",Malvan,Nigadi,PHONDA,MO,2786,Kankavli,44.7,,,मालवण,कोल्हापुर,161.3,16:45,20:45,,,"6 तासांत डयुटी संपते",,
120525,"Malvan To Nigadi Via Phonda",Malvan,Nigadi,PHONDA,MO,2766,Janavali,45.5,,,मालवण,कोल्हापुर,161.3,16:45,20:45,,,"6 तासांत डयुटी संपते",,
120525,"Malvan To Nigadi Via Phonda",Malvan,Nigadi,PHONDA,MO,2756,"Humrat Titha",50,,,मालवण,कोल्हापुर,161.3,16:45,20:45,,,"6 तासांत डयुटी संपते",,
120525,"Malvan To Nigadi Via Phonda",Malvan,Nigadi,PHONDA,MO,2904,Phonda,62.6,,,मालवण,कोल्हापुर,161.3,16:45,20:45,,,"6 तासांत डयुटी संपते",,
120525,"Malvan To Nigadi Via Phonda",Malvan,Nigadi,PHONDA,MO,23566,Dajipur,77.2,,,मालवण,कोल्हापुर,161.3,16:45,20:45,,,"6 तासांत डयुटी संपते",,
120525,"Malvan To Nigadi Via Phonda",Malvan,Nigadi,PHONDA,MO,24004,Hasane,83.2,,,मालवण,कोल्हापुर,161.3,16:45,20:45,,,"6 तासांत डयुटी संपते",,
120525,"Malvan To Nigadi Via Phonda",Malvan,Nigadi,PHONDA,MO,23137,Bambar,92,,,मालवण,कोल्हापुर,161.3,16:45,20:45,,,"6 तासांत डयुटी संपते",,
120525,"Malvan To Nigadi Via Phonda",Malvan,Nigadi,PHONDA,MO,25530,Shelap,95,,,मालवण,कोल्हापुर,161.3,16:45,20:45,,,"6 तासांत डयुटी संपते",,
120525,"Malvan To Nigadi Via Phonda",Malvan,Nigadi,PHONDA,MO,30607,Ajiwade,98,,,मालवण,कोल्हापुर,161.3,16:45,20:45,,,"6 तासांत डयुटी संपते",,
120525,"Malvan To Nigadi Via Phonda",Malvan,Nigadi,PHONDA,MO,23601,Daoudwadi,101,,,मालवण,कोल्हापुर,161.3,16:45,20:45,,,"6 तासांत डयुटी संपते",,
120525,"Malvan To Nigadi Via Phonda",Malvan,Nigadi,PHONDA,MO,25393,"Radhanagri Dam",103,,,मालवण,कोल्हापुर,161.3,16:45,20:45,,,"6 तासांत डयुटी संपते",,
120525,"Malvan To Nigadi Via Phonda",Malvan,Nigadi,PHONDA,MO,24014,Hatimahal,104,,,मालवण,कोल्हापुर,161.3,16:45,20:45,,,"6 तासांत डयुटी संपते",,
120525,"Malvan To Nigadi Via Phonda",Malvan,Nigadi,PHONDA,MO,25336,Radhanagari,106.7,,,मालवण,कोल्हापुर,161.3,16:45,20:45,,,"6 तासांत डयुटी संपते",,
120525,"Malvan To Nigadi Via Phonda",Malvan,Nigadi,PHONDA,MO,23719,"Gaibi Police Stn.",109,,,मालवण,कोल्हापुर,161.3,16:45,20:45,,,"6 तासांत डयुटी संपते",,
120525,"Malvan To Nigadi Via Phonda",Malvan,Nigadi,PHONDA,MO,23049,Anaje,112,,,मालवण,कोल्हापुर,161.3,16:45,20:45,,,"6 तासांत डयुटी संपते",,
120525,"Malvan To Nigadi Via Phonda",Malvan,Nigadi,PHONDA,MO,25521,Shirase,115,,,मालवण,कोल्हापुर,161.3,16:45,20:45,,,"6 तासांत डयुटी संपते",,
120525,"Malvan To Nigadi Via Phonda",Malvan,Nigadi,PHONDA,MO,24207,Kaulav,119,,,मालवण,कोल्हापुर,161.3,16:45,20:45,,,"6 तासांत डयुटी संपते",,
120525,"Malvan To Nigadi Via Phonda",Malvan,Nigadi,PHONDA,MO,23216,"Bhogavati Sugar Factory",131,,,मालवण,कोल्हापुर,161.3,16:45,20:45,,,"6 तासांत डयुटी संपते",,
120525,"Malvan To Nigadi Via Phonda",Malvan,Nigadi,PHONDA,MO,23945,Haldi,140.1,,,मालवण,कोल्हापुर,161.3,16:45,20:45,,,"6 तासांत डयुटी संपते",,
120525,"Malvan To Nigadi Via Phonda",Malvan,Nigadi,PHONDA,MO,25400,Rankala,154.9,,,मालवण,कोल्हापुर,161.3,16:45,20:45,,,"6 तासांत डयुटी संपते",,
120525,"Malvan To Nigadi Via Phonda",Malvan,Nigadi,PHONDA,MO,24359,Kolhapur,159.6,,,मालवण,कोल्हापुर,161.3,16:45,20:45,,,"6 तासांत डयुटी संपते",,
120525,"Malvan To Nigadi Via Phonda",Malvan,Nigadi,PHONDA,MO,26070,Wathar,180.2,,,मालवण,कोल्हापुर,161.3,16:45,20:45,,,"6 तासांत डयुटी संपते",,
120525,"Malvan To Nigadi Via Phonda",Malvan,Nigadi,PHONDA,MO,35602,"Peth Naka",205.3,,,मालवण,कोल्हापुर,161.3,16:45,20:45,,,"6 तासांत डयुटी संपते",,
120525,"Malvan To Nigadi Via Phonda",Malvan,Nigadi,PHONDA,MO,28184,Karad,231.7,,,मालवण,कोल्हापुर,161.3,16:45,20:45,,,"6 तासांत डयुटी संपते",,
120525,"Malvan To Nigadi Via Phonda",Malvan,Nigadi,PHONDA,MO,28340,Umbraj,249.8,,,मालवण,कोल्हापुर,161.3,16:45,20:45,,,"6 तासांत डयुटी संपते",,
120525,"Malvan To Nigadi Via Phonda",Malvan,Nigadi,PHONDA,MO,30896,Atit,263.7,,,मालवण,कोल्हापुर,161.3,16:45,20:45,,,"6 तासांत डयुटी संपते",,
120525,"Malvan To Nigadi Via Phonda",Malvan,Nigadi,PHONDA,MO,31174,Nagthane,268.5,,,मालवण,कोल्हापुर,161.3,16:45,20:45,,,"6 तासांत डयुटी संपते",,
120525,"Malvan To Nigadi Via Phonda",Malvan,Nigadi,PHONDA,MO,31298,Satara,284.9,,,मालवण,कोल्हापुर,161.3,16:45,20:45,,,"6 तासांत डयुटी संपते",,
120525,"Malvan To Nigadi Via Phonda",Malvan,Nigadi,PHONDA,MO,33566,Pachwad,308.6,,,मालवण,कोल्हापुर,161.3,16:45,20:45,,,"6 तासांत डयुटी संपते",,
120525,"Malvan To Nigadi Via Phonda",Malvan,Nigadi,PHONDA,MO,33460,Bhuinj,309.6,,,मालवण,कोल्हापुर,161.3,16:45,20:45,,,"6 तासांत डयुटी संपते",,
120525,"Malvan To Nigadi Via Phonda",Malvan,Nigadi,PHONDA,MO,29233,"Pargaon Khandala",333,,,मालवण,कोल्हापुर,161.3,16:45,20:45,,,"6 तासांत डयुटी संपते",,
120525,"Malvan To Nigadi Via Phonda",Malvan,Nigadi,PHONDA,MO,29255,Shirwal,345.3,,,मालवण,कोल्हापुर,161.3,16:45,20:45,,,"6 तासांत डयुटी संपते",,
120525,"Malvan To Nigadi Via Phonda",Malvan,Nigadi,PHONDA,MO,8820,"Khed Shivapur",370.9,,,मालवण,कोल्हापुर,161.3,16:45,20:45,,,"6 तासांत डयुटी संपते",,
120525,"Malvan To Nigadi Via Phonda",Malvan,Nigadi,PHONDA,MO,8934,"Swargate, Pune",390.5,,,मालवण,कोल्हापुर,161.3,16:45,20:45,,,"6 तासांत डयुटी संपते",,
120525,"Malvan To Nigadi Via Phonda",Malvan,Nigadi,PHONDA,MO,8888,"Pune Rly. Stn.",397,,,मालवण,कोल्हापुर,161.3,16:45,20:45,,,"6 तासांत डयुटी संपते",,
120525,"Malvan To Nigadi Via Phonda",Malvan,Nigadi,PHONDA,MO,8957,"Vallabh Nagar",418,,,मालवण,कोल्हापुर,161.3,16:45,20:45,,,"6 तासांत डयुटी संपते",,
120525,"Malvan To Nigadi Via Phonda",Malvan,Nigadi,PHONDA,MO,8761,Chinchwad,420,,,मालवण,कोल्हापुर,161.3,16:45,20:45,,,"6 तासांत डयुटी संपते",,
120525,"Malvan To Nigadi Via Phonda",Malvan,Nigadi,PHONDA,MO,8873,Nigadi,428.7,,,मालवण,कोल्हापुर,161.3,16:45,20:45,,,"6 तासांत डयुटी संपते",,
125427,"Tirawade To Anganewadi",Tirawade,Anganewadi,,MO,7005,Tirawade,,,,तिरवडे,आंगणेवाडी,24.9,17:55,18:45,SCH,DAIL,,,
125427,"Tirawade To Anganewadi",Tirawade,Anganewadi,,MO,7006,"Tirawade Fata (Right)",3,,,तिरवडे,आंगणेवाडी,24.9,17:55,18:45,SCH,DAIL,,,
125427,"Tirawade To Anganewadi",Tirawade,Anganewadi,,MO,6870,Katta,6.4,,,तिरवडे,आंगणेवाडी,24.9,17:55,18:45,SCH,DAIL,,,
125427,"Tirawade To Anganewadi",Tirawade,Anganewadi,,MO,6895,Kumame,9.2,,,तिरवडे,आंगणेवाडी,24.9,17:55,18:45,SCH,DAIL,,,
125427,"Tirawade To Anganewadi",Tirawade,Anganewadi,,MO,6814,"Dikwal Fata",11.4,,,तिरवडे,आंगणेवाडी,24.9,17:55,18:45,SCH,DAIL,,,
125427,"Tirawade To Anganewadi",Tirawade,Anganewadi,,MO,6830,"Golvan Boudhawadi",15.4,,,तिरवडे,आंगणेवाडी,24.9,17:55,18:45,SCH,DAIL,,,
125427,"Tirawade To Anganewadi",Tirawade,Anganewadi,,MO,6945,"Navpat High School",18.4,,,तिरवडे,आंगणेवाडी,24.9,17:55,18:45,SCH,DAIL,,,
125427,"Tirawade To Anganewadi",Tirawade,Anganewadi,,MO,6925,"Masade Titha",19.3,,,तिरवडे,आंगणेवाडी,24.9,17:55,18:45,SCH,DAIL,,,
125427,"Tirawade To Anganewadi",Tirawade,Anganewadi,,MO,6769,Bagayat,20.7,,,तिरवडे,आंगणेवाडी,24.9,17:55,18:45,SCH,DAIL,,,
125427,"Tirawade To Anganewadi",Tirawade,Anganewadi,,MO,6784,"Bharteshwar Mandir",21.5,,,तिरवडे,आंगणेवाडी,24.9,17:55,18:45,SCH,DAIL,,,
125427,"Tirawade To Anganewadi",Tirawade,Anganewadi,,MO,6806,"Datta Mandir",22.4,,,तिरवडे,आंगणेवाडी,24.9,17:55,18:45,SCH,DAIL,,,
125427,"Tirawade To Anganewadi",Tirawade,Anganewadi,,MO,6756,Anganewadi,24.9,,,तिरवडे,आंगणेवाडी,24.9,17:55,18:45,SCH,DAIL,,,
125689,"Bagayat To Malvan Via Mirwel",Bagayat,Malvan,MIRWEL,MO,6769,Bagayat,,,,बागायत,मालवण,28,17:45,18:45,SCL,SUN,,,
125689,"Bagayat To Malvan Via Mirwel",Bagayat,Malvan,MIRWEL,MO,6907,Mahalaxmi,1.5,,,बागायत,मालवण,28,17:45,18:45,SCL,SUN,,,
125689,"Bagayat To Malvan Via Mirwel",Bagayat,Malvan,MIRWEL,MO,6936,Mirwel,3.2,,,बागायत,मालवण,28,17:45,18:45,SCL,SUN,,,
125689,"Bagayat To Malvan Via Mirwel",Bagayat,Malvan,MIRWEL,MO,6907,Mahalaxmi,6,,,बागायत,मालवण,28,17:45,18:45,SCL,SUN,,,
125689,"Bagayat To Malvan Via Mirwel",Bagayat,Malvan,MIRWEL,MO,6912,Malgaon,7.4,,,बागायत,मालवण,28,17:45,18:45,SCL,SUN,,,
125689,"Bagayat To Malvan Via Mirwel",Bagayat,Malvan,MIRWEL,MO,6828,"Ghumros School",10,,,बागायत,मालवण,28,17:45,18:45,SCL,SUN,,,
125689,"Bagayat To Malvan Via Mirwel",Bagayat,Malvan,MIRWEL,MO,6752,Ambdos,13,,,बागायत,मालवण,28,17:45,18:45,SCL,SUN,,,
125689,"Bagayat To Malvan Via Mirwel",Bagayat,Malvan,MIRWEL,MO,6824,Ghartanwadi,16,,,बागायत,मालवण,28,17:45,18:45,SCL,SUN,,,
125689,"Bagayat To Malvan Via Mirwel",Bagayat,Malvan,MIRWEL,MO,6799,Chouke,19,,,बागायत,मालवण,28,17:45,18:45,SCL,SUN,,,
125689,"Bagayat To Malvan Via Mirwel",Bagayat,Malvan,MIRWEL,MO,6750,"Ajagaonkar Bangala",22,,,बागायत,मालवण,28,17:45,18:45,SCL,SUN,,,
125689,"Bagayat To Malvan Via Mirwel",Bagayat,Malvan,MIRWEL,MO,6897,"Kumbharmath Govekar Dukan",25,,,बागायत,मालवण,28,17:45,18:45,SCL,SUN,,,
125689,"Bagayat To Malvan Via Mirwel",Bagayat,Malvan,MIRWEL,MO,6915,Malvan,28,,,बागायत,मालवण,28,17:45,18:45,SCL,SUN,,,
125710,"Bandivade Bundar To Munage Bhagvati Mandir Via Achara","Bandivade Bundar","Munage Bhagvati Mandir",ACHARA,MO,6771,"Bandivade Bundar",,,,बांदिवडे,मुणगे,27,08:00,08:50,SCL,DAIL,,,
125710,"Bandivade Bundar To Munage Bhagvati Mandir Via Achara","Bandivade Bundar","Munage Bhagvati Mandir",ACHARA,MO,6954,Palyewadi,3,,,बांदिवडे,मुणगे,27,08:00,08:50,SCL,DAIL,,,
125710,"Bandivade Bundar To Munage Bhagvati Mandir Via Achara","Bandivade Bundar","Munage Bhagvati Mandir",ACHARA,MO,7010,"Trimbak Ghadiwadi",6,,,बांदिवडे,मुणगे,27,08:00,08:50,SCL,DAIL,,,
125710,"Bandivade Bundar To Munage Bhagvati Mandir Via Achara","Bandivade Bundar","Munage Bhagvati Mandir",ACHARA,MO,6990,Sapala,9,,,बांदिवडे,मुणगे,27,08:00,08:50,SCL,DAIL,,,
125710,"Bandivade Bundar To Munage Bhagvati Mandir Via Achara","Bandivade Bundar","Munage Bhagvati Mandir",ACHARA,MO,6902,Madhavwadi,12,,,बांदिवडे,मुणगे,27,08:00,08:50,SCL,DAIL,,,
125710,"Bandivade Bundar To Munage Bhagvati Mandir Via Achara","Bandivade Bundar","Munage Bhagvati Mandir",ACHARA,MO,6798,"Chindar Wad",15,,,बांदिवडे,मुणगे,27,08:00,08:50,SCL,DAIL,,,
125710,"Bandivade Bundar To Munage Bhagvati Mandir Via Achara","Bandivade Bundar","Munage Bhagvati Mandir",ACHARA,MO,6740,Achara,18,,,बांदिवडे,मुणगे,27,08:00,08:50,SCL,DAIL,,,
125710,"Bandivade Bundar To Munage Bhagvati Mandir Via Achara","Bandivade Bundar","Munage Bhagvati Mandir",ACHARA,MO,6743,"Achara Par",20,,,बांदिवडे,मुणगे,27,08:00,08:50,SCL,DAIL,,,
125710,"Bandivade Bundar To Munage Bhagvati Mandir Via Achara","Bandivade Bundar","Munage Bhagvati Mandir",ACHARA,MO,1807,Kariwane,23,,,बांदिवडे,मुणगे,27,08:00,08:50,SCL,DAIL,,,
125710,"Bandivade Bundar To Munage Bhagvati Mandir Via Achara","Bandivade Bundar","Munage Bhagvati Mandir",ACHARA,MO,1866,"Munage High School",24,,,बांदिवडे,मुणगे,27,08:00,08:50,SCL,DAIL,,,
125710,"Bandivade Bundar To Munage Bhagvati Mandir Via Achara","Bandivade Bundar","Munage Bhagvati Mandir",ACHARA,MO,1843,"Munage Bhagvati Mandir",27,,,बांदिवडे,मुणगे,27,08:00,08:50,SCL,DAIL,,,
125732,"Kasal To Katta Via Khotale School",Kasal,Katta,"KHOTALE SCHOOL",MO,6281,Kasal,,,,कसाल,कट्टा,21.1,13:30,14:20,SCL,DAIL,,,
125732,"Kasal To Katta Via Khotale School",Kasal,Katta,"KHOTALE SCHOOL",MO,6843,"Hedul Loharwadi",3.2,,,कसाल,कट्टा,21.1,13:30,14:20,SCL,DAIL,,,
125732,"Kasal To Katta Via Khotale School",Kasal,Katta,"KHOTALE SCHOOL",MO,6844,"Hedul Vinanti",5.8,,,कसाल,कट्टा,21.1,13:30,14:20,SCL,DAIL,,,
125732,"Kasal To Katta Via Khotale School",Kasal,Katta,"KHOTALE SCHOOL",MO,6883,"Khotale School",7.2,,,कसाल,कट्टा,21.1,13:30,14:20,SCL,DAIL,,,
125732,"Kasal To Katta Via Khotale School",Kasal,Katta,"KHOTALE SCHOOL",MO,7029,"Waingawade Amba",8.8,,,कसाल,कट्टा,21.1,13:30,14:20,SCL,DAIL,,,
125732,"Kasal To Katta Via Khotale School",Kasal,Katta,"KHOTALE SCHOOL",MO,7033,"Waingawade Teli Dukan",12.6,,,कसाल,कट्टा,21.1,13:30,14:20,SCL,DAIL,,,
125732,"Kasal To Katta Via Khotale School",Kasal,Katta,"KHOTALE SCHOOL",MO,6814,"Dikwal Fata",14.5,,,कसाल,कट्टा,21.1,13:30,14:20,SCL,DAIL,,,
125732,"Kasal To Katta Via Khotale School",Kasal,Katta,"KHOTALE SCHOOL",MO,6895,Kumame,17.3,,,कसाल,कट्टा,21.1,13:30,14:20,SCL,DAIL,,,
125732,"Kasal To Katta Via Khotale School",Kasal,Katta,"KHOTALE SCHOOL",MO,6870,Katta,21.2,,,कसाल,कट्टा,21.1,13:30,14:20,SCL,DAIL,,,
146366,"Kawawadi Masure To Malvan Via Bagayat","Kawawadi Masure",Malvan,BAGAYAT,MO,6875,"Kawawadi Masure",,,,मसुरे,मालवण,26.9,15:05,16:05,OBL,DAIL,,,
146366,"Kawawadi Masure To Malvan Via Bagayat","Kawawadi Masure",Malvan,BAGAYAT,MO,6928,"Masure Bazar",1.1,,,मसुरे,मालवण,26.9,15:05,16:05,OBL,DAIL,,,
146366,"Kawawadi Masure To Malvan Via Bagayat","Kawawadi Masure",Malvan,BAGAYAT,MO,6932,"Masure Police Stn.",1.2,,,मसुरे,मालवण,26.9,15:05,16:05,OBL,DAIL,,,
146366,"Kawawadi Masure To Malvan Via Bagayat","Kawawadi Masure",Malvan,BAGAYAT,MO,6920,"Margachi Tad",3,,,मसुरे,मालवण,26.9,15:05,16:05,OBL,DAIL,,,
146366,"Kawawadi Masure To Malvan Via Bagayat","Kawawadi Masure",Malvan,BAGAYAT,MO,6795,"Chambhar Dunga",4.3,,,मसुरे,मालवण,26.9,15:05,16:05,OBL,DAIL,,,
146366,"Kawawadi Masure To Malvan Via Bagayat","Kawawadi Masure",Malvan,BAGAYAT,MO,7016,"Verli Mapari Dukan",4.8,,,मसुरे,मालवण,26.9,15:05,16:05,OBL,DAIL,,,
146366,"Kawawadi Masure To Malvan Via Bagayat","Kawawadi Masure",Malvan,BAGAYAT,MO,6925,"Masade Titha",7.4,,,मसुरे,मालवण,26.9,15:05,16:05,OBL,DAIL,,,
146366,"Kawawadi Masure To Malvan Via Bagayat","Kawawadi Masure",Malvan,BAGAYAT,MO,6769,Bagayat,9.4,,,मसुरे,मालवण,26.9,15:05,16:05,OBL,DAIL,,,
146366,"Kawawadi Masure To Malvan Via Bagayat","Kawawadi Masure",Malvan,BAGAYAT,MO,6787,"Bilwas Datta Mandir",13.1,,,मसुरे,मालवण,26.9,15:05,16:05,OBL,DAIL,,,
146366,"Kawawadi Masure To Malvan Via Bagayat","Kawawadi Masure",Malvan,BAGAYAT,MO,6757,"Anganewadi Fata",14.1,,,मसुरे,मालवण,26.9,15:05,16:05,OBL,DAIL,,,
146366,"Kawawadi Masure To Malvan Via Bagayat","Kawawadi Masure",Malvan,BAGAYAT,MO,6908,Mahan,16.5,,,मसुरे,मालवण,26.9,15:05,16:05,OBL,DAIL,,,
146366,"Kawawadi Masure To Malvan Via Bagayat","Kawawadi Masure",Malvan,BAGAYAT,MO,6779,"Bhagat Nursary",19.9,,,मसुरे,मालवण,26.9,15:05,16:05,OBL,DAIL,,,
146366,"Kawawadi Masure To Malvan Via Bagayat","Kawawadi Masure",Malvan,BAGAYAT,MO,6873,"Katwad Acharekar Shop",20.5,,,मसुरे,मालवण,26.9,15:05,16:05,OBL,DAIL,,,
146366,"Kawawadi Masure To Malvan Via Bagayat","Kawawadi Masure",Malvan,BAGAYAT,MO,6746,Adari,22.6,,,मसुरे,मालवण,26.9,15:05,16:05,OBL,DAIL,,,
146366,"Kawawadi Masure To Malvan Via Bagayat","Kawawadi Masure",Malvan,BAGAYAT,MO,6915,Malvan,26.9,,,मसुरे,मालवण,26.9,15:05,16:05,OBL,DAIL,,,
148822,"Golvan School To Oros Bus Stnad Via Katta","Golvan School","Oros Bus Stnad",KATTA,MO,6832,"Golvan School",,,,गोळवण,सिंधुदुर्गनगरी,18.3,17:50,18:15,OBL,SUN,,,
148822,"Golvan School To Oros Bus Stnad Via Katta","Golvan School","Oros Bus Stnad",KATTA,MO,6814,"Dikwal Fata",1,,,गोळवण,सिंधुदुर्गनगरी,18.3,17:50,18:15,OBL,SUN,,,
148822,"Golvan School To Oros Bus Stnad Via Katta","Golvan School","Oros Bus Stnad",KATTA,MO,6895,Kumame,4,,,गोळवण,सिंधुदुर्गनगरी,18.3,17:50,18:15,OBL,SUN,,,
148822,"Golvan School To Oros Bus Stnad Via Katta","Golvan School","Oros Bus Stnad",KATTA,MO,6870,Katta,7,,,गोळवण,सिंधुदुर्गनगरी,18.3,17:50,18:15,OBL,SUN,,,
148822,"Golvan School To Oros Bus Stnad Via Katta","Golvan School","Oros Bus Stnad",KATTA,MO,6993,"Sawarwad Varad Fata",10,,,गोळवण,सिंधुदुर्गनगरी,18.3,17:50,18:15,OBL,SUN,,,
148822,"Golvan School To Oros Bus Stnad Via Katta","Golvan School","Oros Bus Stnad",KATTA,MO,6424,Sukalwad,13,,,गोळवण,सिंधुदुर्गनगरी,18.3,17:50,18:15,OBL,SUN,,,
148822,"Golvan School To Oros Bus Stnad Via Katta","Golvan School","Oros Bus Stnad",KATTA,MO,6360,"Oras Budruk Parabwadi",15,,,गोळवण,सिंधुदुर्गनगरी,18.3,17:50,18:15,OBL,SUN,,,
148822,"Golvan School To Oros Bus Stnad Via Katta","Golvan School","Oros Bus Stnad",KATTA,MO,6362,"Oros Bus Stnad",18,,,गोळवण,सिंधुदुर्गनगरी,18.3,17:50,18:15,OBL,SUN,,,
148975,"Malvan To Kudal Via Katta",Malvan,"Kudal St Depot",KATTA,MO,6915,Malvan,,,,मालवण,कुडाळ,37,17:15,18:30,SCH,DAIL,"विश्रांती 14.20 ते 17.15",,
148975,"Malvan To Kudal Via Katta",Malvan,"Kudal St Depot",KATTA,MO,6917,Malvan,1,,,मालवण,कुडाळ,37,17:15,18:30,SCH,DAIL,"विश्रांती 14.20 ते 17.15",,
148975,"Malvan To Kudal Via Katta",Malvan,"Kudal St Depot",KATTA,MO,6897,"Kumbharmath Govekar Dukan",1.2,,,मालवण,कुडाळ,37,17:15,18:30,SCH,DAIL,"विश्रांती 14.20 ते 17.15",,
148975,"Malvan To Kudal Via Katta",Malvan,"Kudal St Depot",KATTA,MO,6750,"Ajagaonkar Bangala",3.3,,,मालवण,कुडाळ,37,17:15,18:30,SCH,DAIL,"विश्रांती 14.20 ते 17.15",,
148975,"Malvan To Kudal Via Katta",Malvan,"Kudal St Depot",KATTA,MO,6799,Chouke,6.1,,,मालवण,कुडाळ,37,17:15,18:30,SCH,DAIL,"विश्रांती 14.20 ते 17.15",,
148975,"Malvan To Kudal Via Katta",Malvan,"Kudal St Depot",KATTA,MO,6985,"Salel Nangarbhat",9.4,,,मालवण,कुडाळ,37,17:15,18:30,SCH,DAIL,"विश्रांती 14.20 ते 17.15",,
148975,"Malvan To Kudal Via Katta",Malvan,"Kudal St Depot",KATTA,MO,6770,Bagwadi,14.1,,,मालवण,कुडाळ,37,17:15,18:30,SCH,DAIL,"विश्रांती 14.20 ते 17.15",,
148975,"Malvan To Kudal Via Katta",Malvan,"Kudal St Depot",KATTA,MO,6870,Katta,15.5,,,मालवण,कुडाळ,37,17:15,18:30,SCH,DAIL,"विश्रांती 14.20 ते 17.15",,
148975,"Malvan To Kudal Via Katta",Malvan,"Kudal St Depot",KATTA,MO,6825,Ghotale,17.1,,,मालवण,कुडाळ,37,17:15,18:30,SCH,DAIL,"विश्रांती 14.20 ते 17.15",,
148975,"Malvan To Kudal Via Katta",Malvan,"Kudal St Depot",KATTA,MO,6962,"Pendur Naka",18.8,,,मालवण,कुडाळ,37,17:15,18:30,SCH,DAIL,"विश्रांती 14.20 ते 17.15",,
148975,"Malvan To Kudal Via Katta",Malvan,"Kudal St Depot",KATTA,MO,6963,"Pendur Sateri Mandir",19.9,,,मालवण,कुडाळ,37,17:15,18:30,SCH,DAIL,"विश्रांती 14.20 ते 17.15",,
148975,"Malvan To Kudal Via Katta",Malvan,"Kudal St Depot",KATTA,MO,6958,Parad,21.3,,,मालवण,कुडाळ,37,17:15,18:30,SCH,DAIL,"विश्रांती 14.20 ते 17.15",,
148975,"Malvan To Kudal Via Katta",Malvan,"Kudal St Depot",KATTA,MO,6856,"Hubalicha Mal",24.1,,,मालवण,कुडाळ,37,17:15,18:30,SCH,DAIL,"विश्रांती 14.20 ते 17.15",,
148975,"Malvan To Kudal Via Katta",Malvan,"Kudal St Depot",KATTA,MO,6335,Nerurpar,25.4,,,मालवण,कुडाळ,37,17:15,18:30,SCH,DAIL,"विश्रांती 14.20 ते 17.15",,
148975,"Malvan To Kudal Via Katta",Malvan,"Kudal St Depot",KATTA,MO,6428,Thakurwadi,28.3,,,मालवण,कुडाळ,37,17:15,18:30,SCH,DAIL,"विश्रांती 14.20 ते 17.15",,
148975,"Malvan To Kudal Via Katta",Malvan,"Kudal St Depot",KATTA,MO,6351,"Nerur Jakat",29.5,,,मालवण,कुडाळ,37,17:15,18:30,SCH,DAIL,"विश्रांती 14.20 ते 17.15",,
148975,"Malvan To Kudal Via Katta",Malvan,"Kudal St Depot",KATTA,MO,6237,"Kudal St Depot",34,,,मालवण,कुडाळ,37,17:15,18:30,SCH,DAIL,"विश्रांती 14.20 ते 17.15",,
10897,"Kasal To Waingawade Fata",Kasal,"Waingawade Fata",,MO,6281,Kasal,,,,कसाल,वायंगवडे,12.6,08:40,09:10,SCL,DAIL,,,
10897,"Kasal To Waingawade Fata",Kasal,"Waingawade Fata",,MO,6843,"Hedul Loharwadi",3.2,,,कसाल,वायंगवडे,12.6,08:40,09:10,SCL,DAIL,,,
10897,"Kasal To Waingawade Fata",Kasal,"Waingawade Fata",,MO,6844,"Hedul Vinanti",5.8,,,कसाल,वायंगवडे,12.6,08:40,09:10,SCL,DAIL,,,
10897,"Kasal To Waingawade Fata",Kasal,"Waingawade Fata",,MO,6883,"Khotale School",6.8,,,कसाल,वायंगवडे,12.6,08:40,09:10,SCL,DAIL,,,
10897,"Kasal To Waingawade Fata",Kasal,"Waingawade Fata",,MO,7029,"Waingawade Amba",8.8,,,कसाल,वायंगवडे,12.6,08:40,09:10,SCL,DAIL,,,
10897,"Kasal To Waingawade Fata",Kasal,"Waingawade Fata",,MO,7030,"Waingawade Fata",12.6,,,कसाल,वायंगवडे,12.6,08:40,09:10,SCL,DAIL,,,
11007,"Malvan To Kudopi Via Achara",Malvan,Kudopi,ACHARA,MO,6915,Malvan,,,,मालवण,कुडोपी,68,16:45,19:30,SCL,DAIL,,,
11007,"Malvan To Kudopi Via Achara",Malvan,Kudopi,ACHARA,MO,6889,Kolamb,3.5,,,मालवण,कुडोपी,68,16:45,19:30,SCL,DAIL,,,
11007,"Malvan To Kudopi Via Achara",Malvan,Kudopi,ACHARA,MO,7015,Varanda,6,,,मालवण,कुडोपी,68,16:45,19:30,SCL,DAIL,,,
11007,"Malvan To Kudopi Via Achara",Malvan,Kudopi,ACHARA,MO,6817,"Gadgil Stop",9.1,,,मालवण,कुडोपी,68,16:45,19:30,SCL,DAIL,,,
11007,"Malvan To Kudopi Via Achara",Malvan,Kudopi,ACHARA,MO,6921,Margeshwar,12,,,मालवण,कुडोपी,68,16:45,19:30,SCL,DAIL,,,
11007,"Malvan To Kudopi Via Achara",Malvan,Kudopi,ACHARA,MO,6859,Kalawal,13.8,,,मालवण,कुडोपी,68,16:45,19:30,SCL,DAIL,,,
11007,"Malvan To Kudopi Via Achara",Malvan,Kudopi,ACHARA,MO,7007,"Tondavali Fata",14.1,,,मालवण,कुडोपी,68,16:45,19:30,SCL,DAIL,,,
11007,"Malvan To Kudopi Via Achara",Malvan,Kudopi,ACHARA,MO,6990,Sapala,15.1,,,मालवण,कुडोपी,68,16:45,19:30,SCL,DAIL,,,
11007,"Malvan To Kudopi Via Achara",Malvan,Kudopi,ACHARA,MO,7026,"Wagheshwar Mandir",19.1,,,मालवण,कुडोपी,68,16:45,19:30,SCL,DAIL,,,
11007,"Malvan To Kudopi Via Achara",Malvan,Kudopi,ACHARA,MO,6998,"Suruche Ban",19.8,,,मालवण,कुडोपी,68,16:45,19:30,SCL,DAIL,,,
11007,"Malvan To Kudopi Via Achara",Malvan,Kudopi,ACHARA,MO,7001,Talashil,23.2,,,मालवण,कुडोपी,68,16:45,19:30,SCL,DAIL,,,
11007,"Malvan To Kudopi Via Achara",Malvan,Kudopi,ACHARA,MO,6998,"Suruche Ban",26.6,,,मालवण,कुडोपी,68,16:45,19:30,SCL,DAIL,,,
11007,"Malvan To Kudopi Via Achara",Malvan,Kudopi,ACHARA,MO,7026,"Wagheshwar Mandir",27.3,,,मालवण,कुडोपी,68,16:45,19:30,SCL,DAIL,,,
11007,"Malvan To Kudopi Via Achara",Malvan,Kudopi,ACHARA,MO,7007,"Tondavali Fata",31.7,,,मालवण,कुडोपी,68,16:45,19:30,SCL,DAIL,,,
11007,"Malvan To Kudopi Via Achara",Malvan,Kudopi,ACHARA,MO,6763,"Asolkar Dukan",32.1,,,मालवण,कुडोपी,68,16:45,19:30,SCL,DAIL,,,
11007,"Malvan To Kudopi Via Achara",Malvan,Kudopi,ACHARA,MO,6960,Pat,33.2,,,मालवण,कुडोपी,68,16:45,19:30,SCL,DAIL,,,
11007,"Malvan To Kudopi Via Achara",Malvan,Kudopi,ACHARA,MO,6789,Bouddhwadi,34,,,मालवण,कुडोपी,68,16:45,19:30,SCL,DAIL,,,
11007,"Malvan To Kudopi Via Achara",Malvan,Kudopi,ACHARA,MO,7028,"Waingani Bhandarwadi",34.3,,,मालवण,कुडोपी,68,16:45,19:30,SCL,DAIL,,,
11007,"Malvan To Kudopi Via Achara",Malvan,Kudopi,ACHARA,MO,6848,"Hirlewadi Sai Mandir",37.6,,,मालवण,कुडोपी,68,16:45,19:30,SCL,DAIL,,,
11007,"Malvan To Kudopi Via Achara",Malvan,Kudopi,ACHARA,MO,6741,"Achara Bandar",37.9,,,मालवण,कुडोपी,68,16:45,19:30,SCL,DAIL,,,
11007,"Malvan To Kudopi Via Achara",Malvan,Kudopi,ACHARA,MO,6740,Achara,41.7,,,मालवण,कुडोपी,68,16:45,19:30,SCL,DAIL,,,
11007,"Malvan To Kudopi Via Achara",Malvan,Kudopi,ACHARA,MO,6798,"Chindar Wad",44.7,,,मालवण,कुडोपी,68,16:45,19:30,SCL,DAIL,,,
11007,"Malvan To Kudopi Via Achara",Malvan,Kudopi,ACHARA,MO,6990,Sapala,50.2,,,मालवण,कुडोपी,68,16:45,19:30,SCL,DAIL,,,
11007,"Malvan To Kudopi Via Achara",Malvan,Kudopi,ACHARA,MO,6798,"Chindar Wad",53.8,,,मालवण,कुडोपी,68,16:45,19:30,SCL,DAIL,,,
11007,"Malvan To Kudopi Via Achara",Malvan,Kudopi,ACHARA,MO,6758,Apradhwadi,53.9,,,मालवण,कुडोपी,68,16:45,19:30,SCL,DAIL,,,
11007,"Malvan To Kudopi Via Achara",Malvan,Kudopi,ACHARA,MO,6892,Kondwadi,54,,,मालवण,कुडोपी,68,16:45,19:30,SCL,DAIL,,,
11007,"Malvan To Kudopi Via Achara",Malvan,Kudopi,ACHARA,MO,6893,Kudopi,68,,,मालवण,कुडोपी,68,16:45,19:30,SCL,DAIL,,,
20102,"Dewali To Chouke",Dewali,Chouke,,MO,6809,Dewali,,,,देवली,चौके,5,17:00,17:10,OBL,DAIL,"विश्रांती 14.10 ते 16.45",,
20102,"Dewali To Chouke",Dewali,Chouke,,MO,6904,Madkhol,2.6,,,देवली,चौके,5,17:00,17:10,OBL,DAIL,"विश्रांती 14.10 ते 16.45",,
20102,"Dewali To Chouke",Dewali,Chouke,,MO,6799,Chouke,5,,,देवली,चौके,5,17:00,17:10,OBL,DAIL,"विश्रांती 14.10 ते 16.45",,
20144,"Kankavli To Malvan Via Tatarbav School",Kankavli,Malvan,"TATARBAV SCHOOL",MO,2786,Kankavli,,,,कणकवली,मालवण,49.3,08:30,10:10,SCL,DAIL,,,
20144,"Kankavli To Malvan Via Tatarbav School",Kankavli,Malvan,"TATARBAV SCHOOL",MO,3001,"Wagade Gpo",3.3,,,कणकवली,मालवण,49.3,08:30,10:10,SCL,DAIL,,,
20144,"Kankavli To Malvan Via Tatarbav School",Kankavli,Malvan,"TATARBAV SCHOOL",MO,2692,Dangalwadi,6,,,कणकवली,मालवण,49.3,08:30,10:10,SCL,DAIL,,,
20144,"Kankavli To Malvan Via Tatarbav School",Kankavli,Malvan,"TATARBAV SCHOOL",MO,2645,"Asrondi Fata",6.1,,,कणकवली,मालवण,49.3,08:30,10:10,SCL,DAIL,,,
20144,"Kankavli To Malvan Via Tatarbav School",Kankavli,Malvan,"TATARBAV SCHOOL",MO,2985,"Tatarbav School",7.3,,,कणकवली,मालवण,49.3,08:30,10:10,SCL,DAIL,,,
20144,"Kankavli To Malvan Via Tatarbav School",Kankavli,Malvan,"TATARBAV SCHOOL",MO,6765,"Asrondi Marathi School",8.3,,,कणकवली,मालवण,49.3,08:30,10:10,SCL,DAIL,,,
20144,"Kankavli To Malvan Via Tatarbav School",Kankavli,Malvan,"TATARBAV SCHOOL",MO,6767,"Asrondi Sima",12.1,,,कणकवली,मालवण,49.3,08:30,10:10,SCL,DAIL,,,
20144,"Kankavli To Malvan Via Tatarbav School",Kankavli,Malvan,"TATARBAV SCHOOL",MO,6995,"Shiravande Gpo",14.3,,,कणकवली,मालवण,49.3,08:30,10:10,SCL,DAIL,,,
20144,"Kankavli To Malvan Via Tatarbav School",Kankavli,Malvan,"TATARBAV SCHOOL",MO,7024,"Wadacha Naka Hospital",15,,,कणकवली,मालवण,49.3,08:30,10:10,SCL,DAIL,,,
20144,"Kankavli To Malvan Via Tatarbav School",Kankavli,Malvan,"TATARBAV SCHOOL",MO,6761,"Asgani Gpo",17.8,,,कणकवली,मालवण,49.3,08:30,10:10,SCL,DAIL,,,
20144,"Kankavli To Malvan Via Tatarbav School",Kankavli,Malvan,"TATARBAV SCHOOL",MO,6762,"Asgani Parkar Shop",19.3,,,कणकवली,मालवण,49.3,08:30,10:10,SCL,DAIL,,,
20144,"Kankavli To Malvan Via Tatarbav School",Kankavli,Malvan,"TATARBAV SCHOOL",MO,6978,"Rathiwade Titha",20.5,,,कणकवली,मालवण,49.3,08:30,10:10,SCL,DAIL,,,
20144,"Kankavli To Malvan Via Tatarbav School",Kankavli,Malvan,"TATARBAV SCHOOL",MO,6975,"Rathiwade Bhakardev",23.7,,,कणकवली,मालवण,49.3,08:30,10:10,SCL,DAIL,,,
20144,"Kankavli To Malvan Via Tatarbav School",Kankavli,Malvan,"TATARBAV SCHOOL",MO,6964,Poip,26.8,,,कणकवली,मालवण,49.3,08:30,10:10,SCL,DAIL,,,
20144,"Kankavli To Malvan Via Tatarbav School",Kankavli,Malvan,"TATARBAV SCHOOL",MO,7019,Viran,27.2,,,कणकवली,मालवण,49.3,08:30,10:10,SCL,DAIL,,,
20144,"Kankavli To Malvan Via Tatarbav School",Kankavli,Malvan,"TATARBAV SCHOOL",MO,6924,"Masade School",29.7,,,कणकवली,मालवण,49.3,08:30,10:10,SCL,DAIL,,,
20144,"Kankavli To Malvan Via Tatarbav School",Kankavli,Malvan,"TATARBAV SCHOOL",MO,6925,"Masade Titha",30.7,,,कणकवली,मालवण,49.3,08:30,10:10,SCL,DAIL,,,
20144,"Kankavli To Malvan Via Tatarbav School",Kankavli,Malvan,"TATARBAV SCHOOL",MO,6769,Bagayat,32.7,,,कणकवली,मालवण,49.3,08:30,10:10,SCL,DAIL,,,
20144,"Kankavli To Malvan Via Tatarbav School",Kankavli,Malvan,"TATARBAV SCHOOL",MO,6756,Anganewadi,34.2,,,कणकवली,मालवण,49.3,08:30,10:10,SCL,DAIL,,,
20144,"Kankavli To Malvan Via Tatarbav School",Kankavli,Malvan,"TATARBAV SCHOOL",MO,6787,"Bilwas Datta Mandir",36.4,,,कणकवली,मालवण,49.3,08:30,10:10,SCL,DAIL,,,
20144,"Kankavli To Malvan Via Tatarbav School",Kankavli,Malvan,"TATARBAV SCHOOL",MO,6908,Mahan,43.2,,,कणकवली,मालवण,49.3,08:30,10:10,SCL,DAIL,,,
20144,"Kankavli To Malvan Via Tatarbav School",Kankavli,Malvan,"TATARBAV SCHOOL",MO,6779,"Bhagat Nursary",46.6,,,कणकवली,मालवण,49.3,08:30,10:10,SCL,DAIL,,,
20144,"Kankavli To Malvan Via Tatarbav School",Kankavli,Malvan,"TATARBAV SCHOOL",MO,6746,Adari,47,,,कणकवली,मालवण,49.3,08:30,10:10,SCL,DAIL,,,
20144,"Kankavli To Malvan Via Tatarbav School",Kankavli,Malvan,"TATARBAV SCHOOL",MO,6917,Malvan,47.1,,,कणकवली,मालवण,49.3,08:30,10:10,SCL,DAIL,,,
20144,"Kankavli To Malvan Via Tatarbav School",Kankavli,Malvan,"TATARBAV SCHOOL",MO,6916,"Malvan Bazar",48,,,कणकवली,मालवण,49.3,08:30,10:10,SCL,DAIL,,,
20144,"Kankavli To Malvan Via Tatarbav School",Kankavli,Malvan,"TATARBAV SCHOOL",MO,6915,Malvan,49.3,,,कणकवली,मालवण,49.3,08:30,10:10,SCL,DAIL,,,
20170,"Kasal To Malvan Via Bagayat",Kasal,Malvan,BAGAYAT,MO,6281,Kasal,,,,कसाल,मालवण,36.9,07:30,08:45,SCH,DAIL,,,
20170,"Kasal To Malvan Via Bagayat",Kasal,Malvan,BAGAYAT,MO,6959,"Parbhatle Magam Dukan",3.5,,,कसाल,मालवण,36.9,07:30,08:45,SCH,DAIL,,,
20170,"Kasal To Malvan Via Bagayat",Kasal,Malvan,BAGAYAT,MO,6853,"Hiwale Ratambi",5.6,,,कसाल,मालवण,36.9,07:30,08:45,SCH,DAIL,,,
20170,"Kasal To Malvan Via Bagayat",Kasal,Malvan,BAGAYAT,MO,6890,Koleri,6.7,,,कसाल,मालवण,36.9,07:30,08:45,SCH,DAIL,,,
20170,"Kasal To Malvan Via Bagayat",Kasal,Malvan,BAGAYAT,MO,6851,"Hiwale Gangeshwar",8.7,,,कसाल,मालवण,36.9,07:30,08:45,SCH,DAIL,,,
20170,"Kasal To Malvan Via Bagayat",Kasal,Malvan,BAGAYAT,MO,6944,Navamboli,12.1,,,कसाल,मालवण,36.9,07:30,08:45,SCH,DAIL,,,
20170,"Kasal To Malvan Via Bagayat",Kasal,Malvan,BAGAYAT,MO,6976,"Rathiwade Gunjichiwadi",12.7,,,कसाल,मालवण,36.9,07:30,08:45,SCH,DAIL,,,
20170,"Kasal To Malvan Via Bagayat",Kasal,Malvan,BAGAYAT,MO,6964,Poip,15.3,,,कसाल,मालवण,36.9,07:30,08:45,SCH,DAIL,,,
20170,"Kasal To Malvan Via Bagayat",Kasal,Malvan,BAGAYAT,MO,7019,Viran,15.9,,,कसाल,मालवण,36.9,07:30,08:45,SCH,DAIL,,,
20170,"Kasal To Malvan Via Bagayat",Kasal,Malvan,BAGAYAT,MO,6924,"Masade School",18.2,,,कसाल,मालवण,36.9,07:30,08:45,SCH,DAIL,,,
20170,"Kasal To Malvan Via Bagayat",Kasal,Malvan,BAGAYAT,MO,6925,"Masade Titha",19.2,,,कसाल,मालवण,36.9,07:30,08:45,SCH,DAIL,,,
20170,"Kasal To Malvan Via Bagayat",Kasal,Malvan,BAGAYAT,MO,6769,Bagayat,21.2,,,कसाल,मालवण,36.9,07:30,08:45,SCH,DAIL,,,
20170,"Kasal To Malvan Via Bagayat",Kasal,Malvan,BAGAYAT,MO,6787,"Bilwas Datta Mandir",25.9,,,कसाल,मालवण,36.9,07:30,08:45,SCH,DAIL,,,
20170,"Kasal To Malvan Via Bagayat",Kasal,Malvan,BAGAYAT,MO,6788,"Bilwas School",27,,,कसाल,मालवण,36.9,07:30,08:45,SCH,DAIL,,,
20170,"Kasal To Malvan Via Bagayat",Kasal,Malvan,BAGAYAT,MO,6908,Mahan,28.3,,,कसाल,मालवण,36.9,07:30,08:45,SCH,DAIL,,,
20170,"Kasal To Malvan Via Bagayat",Kasal,Malvan,BAGAYAT,MO,6779,"Bhagat Nursary",31.7,,,कसाल,मालवण,36.9,07:30,08:45,SCH,DAIL,,,
20170,"Kasal To Malvan Via Bagayat",Kasal,Malvan,BAGAYAT,MO,6746,Adari,34.4,,,कसाल,मालवण,36.9,07:30,08:45,SCH,DAIL,,,
20170,"Kasal To Malvan Via Bagayat",Kasal,Malvan,BAGAYAT,MO,6915,Malvan,36.9,,,कसाल,मालवण,36.9,07:30,08:45,SCH,DAIL,,,
40550,"Malvan To Belgaum Via Kasal",Malvan,Belgaum,DANOLI,MO,6915,Malvan,,,,मालवण,बेळगाव,174.8,13:30,19:10,,,"विश्रांती 12.50 ते 13.30",,
40550,"Malvan To Belgaum Via Kasal",Malvan,Belgaum,DANOLI,MO,6897,"Kumbharmath Govekar Dukan",3.7,,,मालवण,बेळगाव,174.8,13:30,19:10,,,"विश्रांती 12.50 ते 13.30",,
40550,"Malvan To Belgaum Via Kasal",Malvan,Belgaum,DANOLI,MO,6750,"Ajagaonkar Bangala",5.8,,,मालवण,बेळगाव,174.8,13:30,19:10,,,"विश्रांती 12.50 ते 13.30",,
40550,"Malvan To Belgaum Via Kasal",Malvan,Belgaum,DANOLI,MO,6799,Chouke,8.6,,,मालवण,बेळगाव,174.8,13:30,19:10,,,"विश्रांती 12.50 ते 13.30",,
40550,"Malvan To Belgaum Via Kasal",Malvan,Belgaum,DANOLI,MO,6985,"Salel Nangarbhat",11.9,,,मालवण,बेळगाव,174.8,13:30,19:10,,,"विश्रांती 12.50 ते 13.30",,
40550,"Malvan To Belgaum Via Kasal",Malvan,Belgaum,DANOLI,MO,6770,Bagwadi,15.6,,,मालवण,बेळगाव,174.8,13:30,19:10,,,"विश्रांती 12.50 ते 13.30",,
40550,"Malvan To Belgaum Via Kasal",Malvan,Belgaum,DANOLI,MO,6870,Katta,17,,,मालवण,बेळगाव,174.8,13:30,19:10,,,"विश्रांती 12.50 ते 13.30",,
40550,"Malvan To Belgaum Via Kasal",Malvan,Belgaum,DANOLI,MO,6993,"Sawarwad Varad Fata",21.1,,,मालवण,बेळगाव,174.8,13:30,19:10,,,"विश्रांती 12.50 ते 13.30",,
40550,"Malvan To Belgaum Via Kasal",Malvan,Belgaum,DANOLI,MO,6424,Sukalwad,24.3,,,मालवण,बेळगाव,174.8,13:30,19:10,,,"विश्रांती 12.50 ते 13.30",,
40550,"Malvan To Belgaum Via Kasal",Malvan,Belgaum,DANOLI,MO,6392,"Ranbambuli Fata",26.3,,,मालवण,बेळगाव,174.8,13:30,19:10,,,"विश्रांती 12.50 ते 13.30",,
40550,"Malvan To Belgaum Via Kasal",Malvan,Belgaum,DANOLI,MO,6368,Padve,27.4,,,मालवण,बेळगाव,174.8,13:30,19:10,,,"विश्रांती 12.50 ते 13.30",,
40550,"Malvan To Belgaum Via Kasal",Malvan,Belgaum,DANOLI,MO,6281,Kasal,30.4,,,मालवण,बेळगाव,174.8,13:30,19:10,,,"विश्रांती 12.50 ते 13.30",,
40550,"Malvan To Belgaum Via Kasal",Malvan,Belgaum,DANOLI,MO,6282,"Kasal Balamwadi",31.8,,,मालवण,बेळगाव,174.8,13:30,19:10,,,"विश्रांती 12.50 ते 13.30",,
40550,"Malvan To Belgaum Via Kasal",Malvan,Belgaum,DANOLI,MO,6116,Awali,32,,,मालवण,बेळगाव,174.8,13:30,19:10,,,"विश्रांती 12.50 ते 13.30",,
40550,"Malvan To Belgaum Via Kasal",Malvan,Belgaum,DANOLI,MO,6362,"Oros Bus Stnad",35.7,,,मालवण,बेळगाव,174.8,13:30,19:10,,,"विश्रांती 12.50 ते 13.30",,
40550,"Malvan To Belgaum Via Kasal",Malvan,Belgaum,DANOLI,MO,6224,"Jijamata Hospital",37.1,,,मालवण,बेळगाव,174.8,13:30,19:10,,,"विश्रांती 12.50 ते 13.30",,
40550,"Malvan To Belgaum Via Kasal",Malvan,Belgaum,DANOLI,MO,6206,"Humarmala Rane Dukan",38.5,,,मालवण,बेळगाव,174.8,13:30,19:10,,,"विश्रांती 12.50 ते 13.30",,
40550,"Malvan To Belgaum Via Kasal",Malvan,Belgaum,DANOLI,MO,6204,"Humarmala Kasale Dukan",39.9,,,मालवण,बेळगाव,174.8,13:30,19:10,,,"विश्रांती 12.50 ते 13.30",,
40550,"Malvan To Belgaum Via Kasal",Malvan,Belgaum,DANOLI,MO,6365,Pandur,41.8,,,मालवण,बेळगाव,174.8,13:30,19:10,,,"विश्रांती 12.50 ते 13.30",,
40550,"Malvan To Belgaum Via Kasal",Malvan,Belgaum,DANOLI,MO,88100,Vetalbambarde,44.8,,,मालवण,बेळगाव,174.8,13:30,19:10,,,"विश्रांती 12.50 ते 13.30",,
40550,"Malvan To Belgaum Via Kasal",Malvan,Belgaum,DANOLI,MO,6380,"Pawashi Panchayat",46.9,,,मालवण,बेळगाव,174.8,13:30,19:10,,,"विश्रांती 12.50 ते 13.30",,
40550,"Malvan To Belgaum Via Kasal",Malvan,Belgaum,DANOLI,MO,6237,"Kudal St Depot",50.8,,,मालवण,बेळगाव,174.8,13:30,19:10,,,"विश्रांती 12.50 ते 13.30",,
40550,"Malvan To Belgaum Via Kasal",Malvan,Belgaum,DANOLI,MO,6376,"Pinguli Titha",55.4,,,मालवण,बेळगाव,174.8,13:30,19:10,,,"विश्रांती 12.50 ते 13.30",,
40550,"Malvan To Belgaum Via Kasal",Malvan,Belgaum,DANOLI,MO,6322,"Mandkuli Fata",56.5,,,मालवण,बेळगाव,174.8,13:30,19:10,,,"विश्रांती 12.50 ते 13.30",,
40550,"Malvan To Belgaum Via Kasal",Malvan,Belgaum,DANOLI,MO,6474,"Zharap Titha",60.7,,,मालवण,बेळगाव,174.8,13:30,19:10,,,"विश्रांती 12.50 ते 13.30",,
40550,"Malvan To Belgaum Via Kasal",Malvan,Belgaum,DANOLI,MO,6473,"Zarap Jambhal",61.5,,,मालवण,बेळगाव,174.8,13:30,19:10,,,"विश्रांती 12.50 ते 13.30",,
40550,"Malvan To Belgaum Via Kasal",Malvan,Belgaum,DANOLI,MO,6231,"Khan Mohalla",63,,,मालवण,बेळगाव,174.8,13:30,19:10,,,"विश्रांती 12.50 ते 13.30",,
40550,"Malvan To Belgaum Via Kasal",Malvan,Belgaum,DANOLI,MO,6205,Humras,63.5,,,मालवण,बेळगाव,174.8,13:30,19:10,,,"विश्रांती 12.50 ते 13.30",,
40550,"Malvan To Belgaum Via Kasal",Malvan,Belgaum,DANOLI,MO,6101,Akeri,65.6,,,मालवण,बेळगाव,174.8,13:30,19:10,,,"विश्रांती 12.50 ते 13.30",,
40550,"Malvan To Belgaum Via Kasal",Malvan,Belgaum,DANOLI,MO,8551,"Kolgaon Thita",67.8,,,मालवण,बेळगाव,174.8,13:30,19:10,,,"विश्रांती 12.50 ते 13.30",,
40550,"Malvan To Belgaum Via Kasal",Malvan,Belgaum,DANOLI,MO,8663,Sawantwadi,71.5,,,मालवण,बेळगाव,174.8,13:30,19:10,,,"विश्रांती 12.50 ते 13.30",,
40550,"Malvan To Belgaum Via Kasal",Malvan,Belgaum,DANOLI,MO,8488,"Burdi Pul",74.9,,,मालवण,बेळगाव,174.8,13:30,19:10,,,"विश्रांती 12.50 ते 13.30",,
40550,"Malvan To Belgaum Via Kasal",Malvan,Belgaum,DANOLI,MO,8653,"Sapale Stop",77.4,,,मालवण,बेळगाव,174.8,13:30,19:10,,,"विश्रांती 12.50 ते 13.30",,
40550,"Malvan To Belgaum Via Kasal",Malvan,Belgaum,DANOLI,MO,8570,Madkhol,79.4,,,मालवण,बेळगाव,174.8,13:30,19:10,,,"विश्रांती 12.50 ते 13.30",,
40550,"Malvan To Belgaum Via Kasal",Malvan,Belgaum,DANOLI,MO,8569,"Madkhol Met",80.5,,,मालवण,बेळगाव,174.8,13:30,19:10,,,"विश्रांती 12.50 ते 13.30",,
40550,"Malvan To Belgaum Via Kasal",Malvan,Belgaum,DANOLI,MO,8496,"Dhawadaki Datta Mandir",82.1,,,मालवण,बेळगाव,174.8,13:30,19:10,,,"विश्रांती 12.50 ते 13.30",,
40550,"Malvan To Belgaum Via Kasal",Malvan,Belgaum,DANOLI,MO,8510,Danoli,84.6,,,मालवण,बेळगाव,174.8,13:30,19:10,,,"विश्रांती 12.50 ते 13.30",,
40550,"Malvan To Belgaum Via Kasal",Malvan,Belgaum,DANOLI,MO,8564,Kumbheshwar,86.5,,,मालवण,बेळगाव,174.8,13:30,19:10,,,"विश्रांती 12.50 ते 13.30",,
40550,"Malvan To Belgaum Via Kasal",Malvan,Belgaum,DANOLI,MO,8607,Nanapani,92.5,,,मालवण,बेळगाव,174.8,13:30,19:10,,,"विश्रांती 12.50 ते 13.30",,
40550,"Malvan To Belgaum Via Kasal",Malvan,Belgaum,DANOLI,MO,8470,Amboli,101,,,मालवण,बेळगाव,174.8,13:30,19:10,,,"विश्रांती 12.50 ते 13.30",,
40550,"Malvan To Belgaum Via Kasal",Malvan,Belgaum,DANOLI,MO,8582,Mulvanwadi,104.5,,,मालवण,बेळगाव,174.8,13:30,19:10,,,"विश्रांती 12.50 ते 13.30",,
40550,"Malvan To Belgaum Via Kasal",Malvan,Belgaum,DANOLI,MO,8473,"Ajra Fata",107.5,,,मालवण,बेळगाव,174.8,13:30,19:10,,,"विश्रांती 12.50 ते 13.30",,
40550,"Malvan To Belgaum Via Kasal",Malvan,Belgaum,DANOLI,MO,8597,Nagartaskari,109.4,,,मालवण,बेळगाव,174.8,13:30,19:10,,,"विश्रांती 12.50 ते 13.30",,
40550,"Malvan To Belgaum Via Kasal",Malvan,Belgaum,DANOLI,MO,25219,Punarvasan,112.4,,,मालवण,बेळगाव,174.8,13:30,19:10,,,"विश्रांती 12.50 ते 13.30",,
40550,"Malvan To Belgaum Via Kasal",Malvan,Belgaum,DANOLI,MO,25484,Sadegudavade,116.1,,,मालवण,बेळगाव,174.8,13:30,19:10,,,"विश्रांती 12.50 ते 13.30",,
40550,"Malvan To Belgaum Via Kasal",Malvan,Belgaum,DANOLI,MO,23361,"Bazar Kanur",118.4,,,मालवण,बेळगाव,174.8,13:30,19:10,,,"विश्रांती 12.50 ते 13.30",,
40550,"Malvan To Belgaum Via Kasal",Malvan,Belgaum,DANOLI,MO,23326,"Birdi Kanur",121,,,मालवण,बेळगाव,174.8,13:30,19:10,,,"विश्रांती 12.50 ते 13.30",,
40550,"Malvan To Belgaum Via Kasal",Malvan,Belgaum,DANOLI,MO,24762,Mhalunge,124.9,,,मालवण,बेळगाव,174.8,13:30,19:10,,,"विश्रांती 12.50 ते 13.30",,
40550,"Malvan To Belgaum Via Kasal",Malvan,Belgaum,DANOLI,MO,23971,Hindgaon,127.1,,,मालवण,बेळगाव,174.8,13:30,19:10,,,"विश्रांती 12.50 ते 13.30",,
40550,"Malvan To Belgaum Via Kasal",Malvan,Belgaum,DANOLI,MO,23443,"Chandgad Fata",130.8,,,मालवण,बेळगाव,174.8,13:30,19:10,,,"विश्रांती 12.50 ते 13.30",,
40550,"Malvan To Belgaum Via Kasal",Malvan,Belgaum,DANOLI,MO,24951,Nagarwadi,133.9,,,मालवण,बेळगाव,174.8,13:30,19:10,,,"विश्रांती 12.50 ते 13.30",,
40550,"Malvan To Belgaum Via Kasal",Malvan,Belgaum,DANOLI,MO,23259,Belebhat,134,,,मालवण,बेळगाव,174.8,13:30,19:10,,,"विश्रांती 12.50 ते 13.30",,
40550,"Malvan To Belgaum Via Kasal",Malvan,Belgaum,DANOLI,MO,23500,Date,138.8,,,मालवण,बेळगाव,174.8,13:30,19:10,,,"विश्रांती 12.50 ते 13.30",,
40550,"Malvan To Belgaum Via Kasal",Malvan,Belgaum,DANOLI,MO,23937,"Halkarni Fata",143,,,मालवण,बेळगाव,174.8,13:30,19:10,,,"विश्रांती 12.50 ते 13.30",,
40550,"Malvan To Belgaum Via Kasal",Malvan,Belgaum,DANOLI,MO,25133,"Patane Fata",144.9,,,मालवण,बेळगाव,174.8,13:30,19:10,,,"विश्रांती 12.50 ते 13.30",,
40550,"Malvan To Belgaum Via Kasal",Malvan,Belgaum,DANOLI,MO,25884,Turkewadi,147.5,,,मालवण,बेळगाव,174.8,13:30,19:10,,,"विश्रांती 12.50 ते 13.30",,
40550,"Malvan To Belgaum Via Kasal",Malvan,Belgaum,DANOLI,MO,25810,Tadshinhal,147.8,,,मालवण,बेळगाव,174.8,13:30,19:10,,,"विश्रांती 12.50 ते 13.30",,
40550,"Malvan To Belgaum Via Kasal",Malvan,Belgaum,DANOLI,MO,25402,"Rto Naka",148.3,,,मालवण,बेळगाव,174.8,13:30,19:10,,,"विश्रांती 12.50 ते 13.30",,
40550,"Malvan To Belgaum Via Kasal",Malvan,Belgaum,DANOLI,MO,24562,Kudremani,150.8,,,मालवण,बेळगाव,174.8,13:30,19:10,,,"विश्रांती 12.50 ते 13.30",,
40550,"Malvan To Belgaum Via Kasal",Malvan,Belgaum,DANOLI,MO,25678,Shinoli,152.3,,,मालवण,बेळगाव,174.8,13:30,19:10,,,"विश्रांती 12.50 ते 13.30",,
40550,"Malvan To Belgaum Via Kasal",Malvan,Belgaum,DANOLI,MO,73192,"Bachi Krt Border",155,,,मालवण,बेळगाव,174.8,13:30,19:10,,,"विश्रांती 12.50 ते 13.30",,
40550,"Malvan To Belgaum Via Kasal",Malvan,Belgaum,DANOLI,MO,73513,Hindalga,166.4,,,मालवण,बेळगाव,174.8,13:30,19:10,,,"विश्रांती 12.50 ते 13.30",,
40550,"Malvan To Belgaum Via Kasal",Malvan,Belgaum,DANOLI,MO,73212,Bogarves,170,,,मालवण,बेळगाव,174.8,13:30,19:10,,,"विश्रांती 12.50 ते 13.30",,
40550,"Malvan To Belgaum Via Kasal",Malvan,Belgaum,DANOLI,MO,73207,"Belgaum Rly. Stn.",172,,,मालवण,बेळगाव,174.8,13:30,19:10,,,"विश्रांती 12.50 ते 13.30",,
40550,"Malvan To Belgaum Via Kasal",Malvan,Belgaum,DANOLI,MO,73214,Belgaum,174.8,,,मालवण,बेळगाव,174.8,13:30,19:10,,,"विश्रांती 12.50 ते 13.30",,
60736,"Kankavli To Malvan Via Ajgani",Kankavli,Malvan,AJGANI,MO,2786,Kankavli,,,,कणकवली,मालवण,49.3,16:30,18:15,SCL,DAIL,,,
60736,"Kankavli To Malvan Via Ajgani",Kankavli,Malvan,AJGANI,MO,3001,"Wagade Gpo",3,,,कणकवली,मालवण,49.3,16:30,18:15,SCL,DAIL,,,
60736,"Kankavli To Malvan Via Ajgani",Kankavli,Malvan,AJGANI,MO,2853,"Masansada Satral Titha",6,,,कणकवली,मालवण,49.3,16:30,18:15,SCL,DAIL,,,
60736,"Kankavli To Malvan Via Ajgani",Kankavli,Malvan,AJGANI,MO,2802,"Kasral Disp",6.1,,,कणकवली,मालवण,49.3,16:30,18:15,SCL,DAIL,,,
60736,"Kankavli To Malvan Via Ajgani",Kankavli,Malvan,AJGANI,MO,2805,"Kasral Sada Wad",8.3,,,कणकवली,मालवण,49.3,16:30,18:15,SCL,DAIL,,,
60736,"Kankavli To Malvan Via Ajgani",Kankavli,Malvan,AJGANI,MO,6767,"Asrondi Sima",12,,,कणकवली,मालवण,49.3,16:30,18:15,SCL,DAIL,,,
60736,"Kankavli To Malvan Via Ajgani",Kankavli,Malvan,AJGANI,MO,6995,"Shiravande Gpo",14,,,कणकवली,मालवण,49.3,16:30,18:15,SCL,DAIL,,,
60736,"Kankavli To Malvan Via Ajgani",Kankavli,Malvan,AJGANI,MO,7024,"Wadacha Naka Hospital",15,,,कणकवली,मालवण,49.3,16:30,18:15,SCL,DAIL,,,
60736,"Kankavli To Malvan Via Ajgani",Kankavli,Malvan,AJGANI,MO,6751,Ajgani,18,,,कणकवली,मालवण,49.3,16:30,18:15,SCL,DAIL,,,
60736,"Kankavli To Malvan Via Ajgani",Kankavli,Malvan,AJGANI,MO,6762,"Asgani Parkar Shop",21,,,कणकवली,मालवण,49.3,16:30,18:15,SCL,DAIL,,,
60736,"Kankavli To Malvan Via Ajgani",Kankavli,Malvan,AJGANI,MO,6978,"Rathiwade Titha",21.1,,,कणकवली,मालवण,49.3,16:30,18:15,SCL,DAIL,,,
60736,"Kankavli To Malvan Via Ajgani",Kankavli,Malvan,AJGANI,MO,6975,"Rathiwade Bhakardev",24,,,कणकवली,मालवण,49.3,16:30,18:15,SCL,DAIL,,,
60736,"Kankavli To Malvan Via Ajgani",Kankavli,Malvan,AJGANI,MO,6964,Poip,26,,,कणकवली,मालवण,49.3,16:30,18:15,SCL,DAIL,,,
60736,"Kankavli To Malvan Via Ajgani",Kankavli,Malvan,AJGANI,MO,7019,Viran,26.1,,,कणकवली,मालवण,49.3,16:30,18:15,SCL,DAIL,,,
60736,"Kankavli To Malvan Via Ajgani",Kankavli,Malvan,AJGANI,MO,6924,"Masade School",30,,,कणकवली,मालवण,49.3,16:30,18:15,SCL,DAIL,,,
60736,"Kankavli To Malvan Via Ajgani",Kankavli,Malvan,AJGANI,MO,6925,"Masade Titha",30.2,,,कणकवली,मालवण,49.3,16:30,18:15,SCL,DAIL,,,
60736,"Kankavli To Malvan Via Ajgani",Kankavli,Malvan,AJGANI,MO,6769,Bagayat,33,,,कणकवली,मालवण,49.3,16:30,18:15,SCL,DAIL,,,
60736,"Kankavli To Malvan Via Ajgani",Kankavli,Malvan,AJGANI,MO,6787,"Bilwas Datta Mandir",36,,,कणकवली,मालवण,49.3,16:30,18:15,SCL,DAIL,,,
60736,"Kankavli To Malvan Via Ajgani",Kankavli,Malvan,AJGANI,MO,6908,Mahan,36.3,,,कणकवली,मालवण,49.3,16:30,18:15,SCL,DAIL,,,
60736,"Kankavli To Malvan Via Ajgani",Kankavli,Malvan,AJGANI,MO,6779,"Bhagat Nursary",42,,,कणकवली,मालवण,49.3,16:30,18:15,SCL,DAIL,,,
60736,"Kankavli To Malvan Via Ajgani",Kankavli,Malvan,AJGANI,MO,6746,Adari,42.3,,,कणकवली,मालवण,49.3,16:30,18:15,SCL,DAIL,,,
60736,"Kankavli To Malvan Via Ajgani",Kankavli,Malvan,AJGANI,MO,6915,Malvan,49.3,,,कणकवली,मालवण,49.3,16:30,18:15,SCL,DAIL,,,
62058,"Kochara Shriramwadi To Malvan Via Parule","Kochara Shriramwadi",Malvan,PARULE,MO,9691,"Kochara Shriramwadi",,,,श्रीरामवाडी(कोचरा),मालवण,30,10:15,11:45,OBL,DAIL,"विश्रांती 07.00 ते 7.30",,
62058,"Kochara Shriramwadi To Malvan Via Parule","Kochara Shriramwadi",Malvan,PARULE,MO,9786,"Shelpi Fata",3.1,,,श्रीरामवाडी(कोचरा),मालवण,30,10:15,11:45,OBL,DAIL,"विश्रांती 07.00 ते 7.30",,
62058,"Kochara Shriramwadi To Malvan Via Parule","Kochara Shriramwadi",Malvan,PARULE,MO,9689,"Kochara Chavata",4.8,,,श्रीरामवाडी(कोचरा),मालवण,30,10:15,11:45,OBL,DAIL,"विश्रांती 07.00 ते 7.30",,
62058,"Kochara Shriramwadi To Malvan Via Parule","Kochara Shriramwadi",Malvan,PARULE,MO,9632,"Devacha Chafa",6.3,,,श्रीरामवाडी(कोचरा),मालवण,30,10:15,11:45,OBL,DAIL,"विश्रांती 07.00 ते 7.30",,
62058,"Kochara Shriramwadi To Malvan Via Parule","Kochara Shriramwadi",Malvan,PARULE,MO,9714,Mhapan,7,,,श्रीरामवाडी(कोचरा),मालवण,30,10:15,11:45,OBL,DAIL,"विश्रांती 07.00 ते 7.30",,
62058,"Kochara Shriramwadi To Malvan Via Parule","Kochara Shriramwadi",Malvan,PARULE,MO,9590,"Ajarwadi P.H.C.",9.1,,,श्रीरामवाडी(कोचरा),मालवण,30,10:15,11:45,OBL,DAIL,"विश्रांती 07.00 ते 7.30",,
62058,"Kochara Shriramwadi To Malvan Via Parule","Kochara Shriramwadi",Malvan,PARULE,MO,9587,"Adinarayan Mandir",10.9,,,श्रीरामवाडी(कोचरा),मालवण,30,10:15,11:45,OBL,DAIL,"विश्रांती 07.00 ते 7.30",,
62058,"Kochara Shriramwadi To Malvan Via Parule","Kochara Shriramwadi",Malvan,PARULE,MO,9750,Parule,11.4,,,श्रीरामवाडी(कोचरा),मालवण,30,10:15,11:45,OBL,DAIL,"विश्रांती 07.00 ते 7.30",,
62058,"Kochara Shriramwadi To Malvan Via Parule","Kochara Shriramwadi",Malvan,PARULE,MO,9609,"Bandhalela Amba",12.4,,,श्रीरामवाडी(कोचरा),मालवण,30,10:15,11:45,OBL,DAIL,"विश्रांती 07.00 ते 7.30",,
62058,"Kochara Shriramwadi To Malvan Via Parule","Kochara Shriramwadi",Malvan,PARULE,MO,6274,"Korjai Titha",14.1,,,श्रीरामवाडी(कोचरा),मालवण,30,10:15,11:45,OBL,DAIL,"विश्रांती 07.00 ते 7.30",,
62058,"Kochara Shriramwadi To Malvan Via Parule","Kochara Shriramwadi",Malvan,PARULE,MO,9654,"Jai Bhavani",15.4,,,श्रीरामवाडी(कोचरा),मालवण,30,10:15,11:45,OBL,DAIL,"विश्रांती 07.00 ते 7.30",,
62058,"Kochara Shriramwadi To Malvan Via Parule","Kochara Shriramwadi",Malvan,PARULE,MO,6810,"Dewali Pool",16.2,,,श्रीरामवाडी(कोचरा),मालवण,30,10:15,11:45,OBL,DAIL,"विश्रांती 07.00 ते 7.30",,
62058,"Kochara Shriramwadi To Malvan Via Parule","Kochara Shriramwadi",Malvan,PARULE,MO,6903,"Madi Dukan",19.1,,,श्रीरामवाडी(कोचरा),मालवण,30,10:15,11:45,OBL,DAIL,"विश्रांती 07.00 ते 7.30",,
62058,"Kochara Shriramwadi To Malvan Via Parule","Kochara Shriramwadi",Malvan,PARULE,MO,7013,"Vamanshet Hotel",21.5,,,श्रीरामवाडी(कोचरा),मालवण,30,10:15,11:45,OBL,DAIL,"विश्रांती 07.00 ते 7.30",,
62058,"Kochara Shriramwadi To Malvan Via Parule","Kochara Shriramwadi",Malvan,PARULE,MO,6849,"Hirloskar House",24.2,,,श्रीरामवाडी(कोचरा),मालवण,30,10:15,11:45,OBL,DAIL,"विश्रांती 07.00 ते 7.30",,
62058,"Kochara Shriramwadi To Malvan Via Parule","Kochara Shriramwadi",Malvan,PARULE,MO,6896,Kumbharmath,25.2,,,श्रीरामवाडी(कोचरा),मालवण,30,10:15,11:45,OBL,DAIL,"विश्रांती 07.00 ते 7.30",,
62058,"Kochara Shriramwadi To Malvan Via Parule","Kochara Shriramwadi",Malvan,PARULE,MO,6915,Malvan,30,,,श्रीरामवाडी(कोचरा),मालवण,30,10:15,11:45,OBL,DAIL,"विश्रांती 07.00 ते 7.30",,
71136,"Malvan To Kankavli Via Kasal",Malvan,Kankavli,KASAL,MO,6915,Malvan,,,,मालवण,कणकवली,45,12:15,13:30,OBL,DAIL,,,
71136,"Malvan To Kankavli Via Kasal",Malvan,Kankavli,KASAL,MO,6897,"Kumbharmath Govekar Dukan",3.7,,,मालवण,कणकवली,45,12:15,13:30,OBL,DAIL,,,
71136,"Malvan To Kankavli Via Kasal",Malvan,Kankavli,KASAL,MO,6750,"Ajagaonkar Bangala",5.8,,,मालवण,कणकवली,45,12:15,13:30,OBL,DAIL,,,
71136,"Malvan To Kankavli Via Kasal",Malvan,Kankavli,KASAL,MO,6799,Chouke,8.6,,,मालवण,कणकवली,45,12:15,13:30,OBL,DAIL,,,
71136,"Malvan To Kankavli Via Kasal",Malvan,Kankavli,KASAL,MO,6985,"Salel Nangarbhat",11.9,,,मालवण,कणकवली,45,12:15,13:30,OBL,DAIL,,,
71136,"Malvan To Kankavli Via Kasal",Malvan,Kankavli,KASAL,MO,6770,Bagwadi,15.6,,,मालवण,कणकवली,45,12:15,13:30,OBL,DAIL,,,
71136,"Malvan To Kankavli Via Kasal",Malvan,Kankavli,KASAL,MO,6870,Katta,17,,,मालवण,कणकवली,45,12:15,13:30,OBL,DAIL,,,
71136,"Malvan To Kankavli Via Kasal",Malvan,Kankavli,KASAL,MO,6993,"Sawarwad Varad Fata",21.1,,,मालवण,कणकवली,45,12:15,13:30,OBL,DAIL,,,
71136,"Malvan To Kankavli Via Kasal",Malvan,Kankavli,KASAL,MO,6424,Sukalwad,24.3,,,मालवण,कणकवली,45,12:15,13:30,OBL,DAIL,,,
71136,"Malvan To Kankavli Via Kasal",Malvan,Kankavli,KASAL,MO,6392,"Ranbambuli Fata",25.8,,,मालवण,कणकवली,45,12:15,13:30,OBL,DAIL,,,
71136,"Malvan To Kankavli Via Kasal",Malvan,Kankavli,KASAL,MO,6368,Padve,27.4,,,मालवण,कणकवली,45,12:15,13:30,OBL,DAIL,,,
71136,"Malvan To Kankavli Via Kasal",Malvan,Kankavli,KASAL,MO,6281,Kasal,30.4,,,मालवण,कणकवली,45,12:15,13:30,OBL,DAIL,,,
71136,"Malvan To Kankavli Via Kasal",Malvan,Kankavli,KASAL,MO,2889,"Osargaon Godaoon",34.7,,,मालवण,कणकवली,45,12:15,13:30,OBL,DAIL,,,
71136,"Malvan To Kankavli Via Kasal",Malvan,Kankavli,KASAL,MO,2890,"Osargaon Post",35.8,,,मालवण,कणकवली,45,12:15,13:30,OBL,DAIL,,,
71136,"Malvan To Kankavli Via Kasal",Malvan,Kankavli,KASAL,MO,2891,"Osargaon Talav",37.6,,,मालवण,कणकवली,45,12:15,13:30,OBL,DAIL,,,
71136,"Malvan To Kankavli Via Kasal",Malvan,Kankavli,KASAL,MO,2692,Dangalwadi,38.7,,,मालवण,कणकवली,45,12:15,13:30,OBL,DAIL,,,
71136,"Malvan To Kankavli Via Kasal",Malvan,Kankavli,KASAL,MO,3001,"Wagade Gpo",39.6,,,मालवण,कणकवली,45,12:15,13:30,OBL,DAIL,,,
71136,"Malvan To Kankavli Via Kasal",Malvan,Kankavli,KASAL,MO,2786,Kankavli,45,,,मालवण,कणकवली,45,12:15,13:30,OBL,DAIL,,,
125598,"Kasal To Malvan Via Chouke",Kasal,Malvan,CHOUKE,MO,6281,Kasal,,,,कसाल,मालवण,30,11:45,12:45,OBL,DAIL,,,
125598,"Kasal To Malvan Via Chouke",Kasal,Malvan,CHOUKE,MO,6368,Padve,3,,,कसाल,मालवण,30,11:45,12:45,OBL,DAIL,,,
125598,"Kasal To Malvan Via Chouke",Kasal,Malvan,CHOUKE,MO,6392,"Ranbambuli Fata",4.6,,,कसाल,मालवण,30,11:45,12:45,OBL,DAIL,,,
125598,"Kasal To Malvan Via Chouke",Kasal,Malvan,CHOUKE,MO,6424,Sukalwad,6.1,,,कसाल,मालवण,30,11:45,12:45,OBL,DAIL,,,
125598,"Kasal To Malvan Via Chouke",Kasal,Malvan,CHOUKE,MO,6993,"Sawarwad Varad Fata",9.3,,,कसाल,मालवण,30,11:45,12:45,OBL,DAIL,,,
125598,"Kasal To Malvan Via Chouke",Kasal,Malvan,CHOUKE,MO,6870,Katta,13.4,,,कसाल,मालवण,30,11:45,12:45,OBL,DAIL,,,
125598,"Kasal To Malvan Via Chouke",Kasal,Malvan,CHOUKE,MO,6770,Bagwadi,14.8,,,कसाल,मालवण,30,11:45,12:45,OBL,DAIL,,,
125598,"Kasal To Malvan Via Chouke",Kasal,Malvan,CHOUKE,MO,6900,Kunkawale,15.9,,,कसाल,मालवण,30,11:45,12:45,OBL,DAIL,,,
125598,"Kasal To Malvan Via Chouke",Kasal,Malvan,CHOUKE,MO,6985,"Salel Nangarbhat",18.5,,,कसाल,मालवण,30,11:45,12:45,OBL,DAIL,,,
125598,"Kasal To Malvan Via Chouke",Kasal,Malvan,CHOUKE,MO,6799,Chouke,21.8,,,कसाल,मालवण,30,11:45,12:45,OBL,DAIL,,,
125598,"Kasal To Malvan Via Chouke",Kasal,Malvan,CHOUKE,MO,6750,"Ajagaonkar Bangala",24.6,,,कसाल,मालवण,30,11:45,12:45,OBL,DAIL,,,
125598,"Kasal To Malvan Via Chouke",Kasal,Malvan,CHOUKE,MO,6897,"Kumbharmath Govekar Dukan",26.7,,,कसाल,मालवण,30,11:45,12:45,OBL,DAIL,,,
125598,"Kasal To Malvan Via Chouke",Kasal,Malvan,CHOUKE,MO,6917,Malvan,29.2,,,कसाल,मालवण,30,11:45,12:45,OBL,DAIL,,,
125598,"Kasal To Malvan Via Chouke",Kasal,Malvan,CHOUKE,MO,6916,"Malvan Bazar",29.5,,,कसाल,मालवण,30,11:45,12:45,OBL,DAIL,,,
125598,"Kasal To Malvan Via Chouke",Kasal,Malvan,CHOUKE,MO,6915,Malvan,30,,,कसाल,मालवण,30,11:45,12:45,OBL,DAIL,,,
126013,"Kudal To Malvan Via Pendur Naka","Kudal St Depot",Malvan,"PENDUR NAKA",MO,6237,"Kudal St Depot",,,,कुडाळ,मालवण,34,12:45,14:00,SCL,DAIL,,,
126013,"Kudal To Malvan Via Pendur Naka","Kudal St Depot",Malvan,"PENDUR NAKA",MO,6351,"Nerur Jakat",4.5,,,कुडाळ,मालवण,34,12:45,14:00,SCL,DAIL,,,
126013,"Kudal To Malvan Via Pendur Naka","Kudal St Depot",Malvan,"PENDUR NAKA",MO,6428,Thakurwadi,5.7,,,कुडाळ,मालवण,34,12:45,14:00,SCL,DAIL,,,
126013,"Kudal To Malvan Via Pendur Naka","Kudal St Depot",Malvan,"PENDUR NAKA",MO,6335,Nerurpar,8.6,,,कुडाळ,मालवण,34,12:45,14:00,SCL,DAIL,,,
126013,"Kudal To Malvan Via Pendur Naka","Kudal St Depot",Malvan,"PENDUR NAKA",MO,6856,"Hubalicha Mal",9.9,,,कुडाळ,मालवण,34,12:45,14:00,SCL,DAIL,,,
126013,"Kudal To Malvan Via Pendur Naka","Kudal St Depot",Malvan,"PENDUR NAKA",MO,6958,Parad,12.7,,,कुडाळ,मालवण,34,12:45,14:00,SCL,DAIL,,,
126013,"Kudal To Malvan Via Pendur Naka","Kudal St Depot",Malvan,"PENDUR NAKA",MO,6963,"Pendur Sateri Mandir",14.1,,,कुडाळ,मालवण,34,12:45,14:00,SCL,DAIL,,,
126013,"Kudal To Malvan Via Pendur Naka","Kudal St Depot",Malvan,"PENDUR NAKA",MO,6962,"Pendur Naka",15.2,,,कुडाळ,मालवण,34,12:45,14:00,SCL,DAIL,,,
126013,"Kudal To Malvan Via Pendur Naka","Kudal St Depot",Malvan,"PENDUR NAKA",MO,6825,Ghotale,16.9,,,कुडाळ,मालवण,34,12:45,14:00,SCL,DAIL,,,
126013,"Kudal To Malvan Via Pendur Naka","Kudal St Depot",Malvan,"PENDUR NAKA",MO,6870,Katta,18.5,,,कुडाळ,मालवण,34,12:45,14:00,SCL,DAIL,,,
126013,"Kudal To Malvan Via Pendur Naka","Kudal St Depot",Malvan,"PENDUR NAKA",MO,6770,Bagwadi,19.9,,,कुडाळ,मालवण,34,12:45,14:00,SCL,DAIL,,,
126013,"Kudal To Malvan Via Pendur Naka","Kudal St Depot",Malvan,"PENDUR NAKA",MO,6985,"Salel Nangarbhat",24.6,,,कुडाळ,मालवण,34,12:45,14:00,SCL,DAIL,,,
126013,"Kudal To Malvan Via Pendur Naka","Kudal St Depot",Malvan,"PENDUR NAKA",MO,6799,Chouke,27.9,,,कुडाळ,मालवण,34,12:45,14:00,SCL,DAIL,,,
126013,"Kudal To Malvan Via Pendur Naka","Kudal St Depot",Malvan,"PENDUR NAKA",MO,6750,"Ajagaonkar Bangala",30.7,,,कुडाळ,मालवण,34,12:45,14:00,SCL,DAIL,,,
126013,"Kudal To Malvan Via Pendur Naka","Kudal St Depot",Malvan,"PENDUR NAKA",MO,6897,"Kumbharmath Govekar Dukan",32.8,,,कुडाळ,मालवण,34,12:45,14:00,SCL,DAIL,,,
126013,"Kudal To Malvan Via Pendur Naka","Kudal St Depot",Malvan,"PENDUR NAKA",MO,6915,Malvan,34,,,कुडाळ,मालवण,34,12:45,14:00,SCL,DAIL,,,
151016,"Achara To Achara Via Hirlewadi Sai Mandir",Achara,Achara,"HIRLEWADI SAI MANDIR",MO,6740,Achara,,,,आचरा,आचरा,15,13:05,13:55,SCL,SUN,"विश्रांती 10.00 ते 12.00",,
151016,"Achara To Achara Via Hirlewadi Sai Mandir",Achara,Achara,"HIRLEWADI SAI MANDIR",MO,6741,"Achara Bandar",3,,,आचरा,आचरा,15,13:05,13:55,SCL,SUN,"विश्रांती 10.00 ते 12.00",,
151016,"Achara To Achara Via Hirlewadi Sai Mandir",Achara,Achara,"HIRLEWADI SAI MANDIR",MO,6848,"Hirlewadi Sai Mandir",6,,,आचरा,आचरा,15,13:05,13:55,SCL,SUN,"विश्रांती 10.00 ते 12.00",,
151016,"Achara To Achara Via Hirlewadi Sai Mandir",Achara,Achara,"HIRLEWADI SAI MANDIR",MO,6960,Pat,9,,,आचरा,आचरा,15,13:05,13:55,SCL,SUN,"विश्रांती 10.00 ते 12.00",,
151016,"Achara To Achara Via Hirlewadi Sai Mandir",Achara,Achara,"HIRLEWADI SAI MANDIR",MO,6745,"Acharekar Bag",12,,,आचरा,आचरा,15,13:05,13:55,SCL,SUN,"विश्रांती 10.00 ते 12.00",,
151016,"Achara To Achara Via Hirlewadi Sai Mandir",Achara,Achara,"HIRLEWADI SAI MANDIR",MO,6740,Achara,15,,,आचरा,आचरा,15,13:05,13:55,SCL,SUN,"विश्रांती 10.00 ते 12.00",,
470,"Malvan To Kolhapur",Malvan,Kolhapur,,MO,6915,Malvan,,,,मालवण,कोल्हापुर,161.3,15:15,20:15,,,,,
470,"Malvan To Kolhapur",Malvan,Kolhapur,,MO,6897,"Kumbharmath Govekar Dukan",4.9,,,मालवण,कोल्हापुर,161.3,15:15,20:15,,,,,
470,"Malvan To Kolhapur",Malvan,Kolhapur,,MO,6750,"Ajagaonkar Bangala",6.9,,,मालवण,कोल्हापुर,161.3,15:15,20:15,,,,,
470,"Malvan To Kolhapur",Malvan,Kolhapur,,MO,6799,Chouke,8.6,,,मालवण,कोल्हापुर,161.3,15:15,20:15,,,,,
470,"Malvan To Kolhapur",Malvan,Kolhapur,,MO,6985,"Salel Nangarbhat",11.9,,,मालवण,कोल्हापुर,161.3,15:15,20:15,,,,,
470,"Malvan To Kolhapur",Malvan,Kolhapur,,MO,6770,Bagwadi,14.6,,,मालवण,कोल्हापुर,161.3,15:15,20:15,,,,,
470,"Malvan To Kolhapur",Malvan,Kolhapur,,MO,6870,Katta,18,,,मालवण,कोल्हापुर,161.3,15:15,20:15,,,,,
470,"Malvan To Kolhapur",Malvan,Kolhapur,,MO,6993,"Sawarwad Varad Fata",21.1,,,मालवण,कोल्हापुर,161.3,15:15,20:15,,,,,
470,"Malvan To Kolhapur",Malvan,Kolhapur,,MO,6820,Gaorai,23.5,,,मालवण,कोल्हापुर,161.3,15:15,20:15,,,,,
470,"Malvan To Kolhapur",Malvan,Kolhapur,,MO,6424,Sukalwad,24.3,,,मालवण,कोल्हापुर,161.3,15:15,20:15,,,,,
470,"Malvan To Kolhapur",Malvan,Kolhapur,,MO,6410,"Sukalwad Bazar",24.7,,,मालवण,कोल्हापुर,161.3,15:15,20:15,,,,,
470,"Malvan To Kolhapur",Malvan,Kolhapur,,MO,6392,"Ranbambuli Fata",26,,,मालवण,कोल्हापुर,161.3,15:15,20:15,,,,,
470,"Malvan To Kolhapur",Malvan,Kolhapur,,MO,6368,Padve,27.4,,,मालवण,कोल्हापुर,161.3,15:15,20:15,,,,,
470,"Malvan To Kolhapur",Malvan,Kolhapur,,MO,6281,Kasal,30.4,,,मालवण,कोल्हापुर,161.3,15:15,20:15,,,,,
470,"Malvan To Kolhapur",Malvan,Kolhapur,,MO,2889,"Osargaon Godaoon",33.8,,,मालवण,कोल्हापुर,161.3,15:15,20:15,,,,,
470,"Malvan To Kolhapur",Malvan,Kolhapur,,MO,2890,"Osargaon Post",34.5,,,मालवण,कोल्हापुर,161.3,15:15,20:15,,,,,
470,"Malvan To Kolhapur",Malvan,Kolhapur,,MO,2891,"Osargaon Talav",36.4,,,मालवण,कोल्हापुर,161.3,15:15,20:15,,,,,
470,"Malvan To Kolhapur",Malvan,Kolhapur,,MO,2692,Dangalwadi,39.5,,,मालवण,कोल्हापुर,161.3,15:15,20:15,,,,,
470,"Malvan To Kolhapur",Malvan,Kolhapur,,MO,3002,Wagde,42.5,,,मालवण,कोल्हापुर,161.3,15:15,20:15,,,,,
470,"Malvan To Kolhapur",Malvan,Kolhapur,,MO,2786,Kankavli,44.7,,,मालवण,कोल्हापुर,161.3,15:15,20:15,,,,,
470,"Malvan To Kolhapur",Malvan,Kolhapur,,MO,2766,Janavali,48.6,,,मालवण,कोल्हापुर,161.3,15:15,20:15,,,,,
470,"Malvan To Kolhapur",Malvan,Kolhapur,,MO,2756,"Humrat Titha",51.9,,,मालवण,कोल्हापुर,161.3,15:15,20:15,,,,,
470,"Malvan To Kolhapur",Malvan,Kolhapur,,MO,2757,"Humrath Mal Ghorpiwadi",54.7,,,मालवण,कोल्हापुर,161.3,15:15,20:15,,,,,
470,"Malvan To Kolhapur",Malvan,Kolhapur,,MO,2781,Kanadewadi,57.3,,,मालवण,कोल्हापुर,161.3,15:15,20:15,,,,,
470,"Malvan To Kolhapur",Malvan,Kolhapur,,MO,2907,"Phonda Kankavli Titha",60.5,,,मालवण,कोल्हापुर,161.3,15:15,20:15,,,,,
470,"Malvan To Kolhapur",Malvan,Kolhapur,,MO,2904,Phonda,61.2,,,मालवण,कोल्हापुर,161.3,15:15,20:15,,,,,
470,"Malvan To Kolhapur",Malvan,Kolhapur,,MO,2723,"Ganguchi Wadi",64.2,,,मालवण,कोल्हापुर,161.3,15:15,20:15,,,,,
470,"Malvan To Kolhapur",Malvan,Kolhapur,,MO,23566,Dajipur,77.4,,,मालवण,कोल्हापुर,161.3,15:15,20:15,,,,,
470,"Malvan To Kolhapur",Malvan,Kolhapur,,MO,24004,Hasane,83.9,,,मालवण,कोल्हापुर,161.3,15:15,20:15,,,,,
470,"Malvan To Kolhapur",Malvan,Kolhapur,,MO,25038,Naniwade,87.3,,,मालवण,कोल्हापुर,161.3,15:15,20:15,,,,,
470,"Malvan To Kolhapur",Malvan,Kolhapur,,MO,23137,Bambar,90.2,,,मालवण,कोल्हापुर,161.3,15:15,20:15,,,,,
470,"Malvan To Kolhapur",Malvan,Kolhapur,,MO,24258,Kadamwadi,92.2,,,मालवण,कोल्हापुर,161.3,15:15,20:15,,,,,
470,"Malvan To Kolhapur",Malvan,Kolhapur,,MO,25530,Shelap,94.9,,,मालवण,कोल्हापुर,161.3,15:15,20:15,,,,,
470,"Malvan To Kolhapur",Malvan,Kolhapur,,MO,24697,Mandarewadi,96.2,,,मालवण,कोल्हापुर,161.3,15:15,20:15,,,,,
470,"Malvan To Kolhapur",Malvan,Kolhapur,,MO,30607,Ajiwade,96.3,,,मालवण,कोल्हापुर,161.3,15:15,20:15,,,,,
470,"Malvan To Kolhapur",Malvan,Kolhapur,,MO,25080,"New Karanje",99.2,,,मालवण,कोल्हापुर,161.3,15:15,20:15,,,,,
470,"Malvan To Kolhapur",Malvan,Kolhapur,,MO,23601,Daoudwadi,100.2,,,मालवण,कोल्हापुर,161.3,15:15,20:15,,,,,
470,"Malvan To Kolhapur",Malvan,Kolhapur,,MO,25393,"Radhanagri Dam",101.5,,,मालवण,कोल्हापुर,161.3,15:15,20:15,,,,,
470,"Malvan To Kolhapur",Malvan,Kolhapur,,MO,23695,Fejiwade,103.2,,,मालवण,कोल्हापुर,161.3,15:15,20:15,,,,,
470,"Malvan To Kolhapur",Malvan,Kolhapur,,MO,23959,Hattimahal,104.2,,,मालवण,कोल्हापुर,161.3,15:15,20:15,,,,,
470,"Malvan To Kolhapur",Malvan,Kolhapur,,MO,25336,Radhanagari,106.7,,,मालवण,कोल्हापुर,161.3,15:15,20:15,,,,,
470,"Malvan To Kolhapur",Malvan,Kolhapur,,MO,23779,Gaiby,111.5,,,मालवण,कोल्हापुर,161.3,15:15,20:15,,,,,
470,"Malvan To Kolhapur",Malvan,Kolhapur,,MO,24322,"Khindi Vharavade",114.2,,,मालवण,कोल्हापुर,161.3,15:15,20:15,,,,,
470,"Malvan To Kolhapur",Malvan,Kolhapur,,MO,23049,Anaje,115.2,,,मालवण,कोल्हापुर,161.3,15:15,20:15,,,,,
470,"Malvan To Kolhapur",Malvan,Kolhapur,,MO,30598,Awali,122.6,,,मालवण,कोल्हापुर,161.3,15:15,20:15,,,,,
470,"Malvan To Kolhapur",Malvan,Kolhapur,,MO,25308,"Power House",123.1,,,मालवण,कोल्हापुर,161.3,15:15,20:15,,,,,
470,"Malvan To Kolhapur",Malvan,Kolhapur,,MO,25521,Shirase,125.6,,,मालवण,कोल्हापुर,161.3,15:15,20:15,,,,,
470,"Malvan To Kolhapur",Malvan,Kolhapur,,MO,23325,Bargewadi,126.2,,,मालवण,कोल्हापुर,161.3,15:15,20:15,,,,,
470,"Malvan To Kolhapur",Malvan,Kolhapur,,MO,24207,Kaulav,127.8,,,मालवण,कोल्हापुर,161.3,15:15,20:15,,,,,
470,"Malvan To Kolhapur",Malvan,Kolhapur,,MO,23768,Ghotavade,129.3,,,मालवण,कोल्हापुर,161.3,15:15,20:15,,,,,
470,"Malvan To Kolhapur",Malvan,Kolhapur,,MO,23216,"Bhogavati Sugar Factory",131.4,,,मालवण,कोल्हापुर,161.3,15:15,20:15,,,,,
470,"Malvan To Kolhapur",Malvan,Kolhapur,,MO,24501,"Kurukali College",134,,,मालवण,कोल्हापुर,161.3,15:15,20:15,,,,,
470,"Malvan To Kolhapur",Malvan,Kolhapur,,MO,24502,Kurukali,135.8,,,मालवण,कोल्हापुर,161.3,15:15,20:15,,,,,
470,"Malvan To Kolhapur",Malvan,Kolhapur,,MO,24444,Kothali,137.2,,,मालवण,कोल्हापुर,161.3,15:15,20:15,,,,,
470,"Malvan To Kolhapur",Malvan,Kolhapur,,MO,23945,Haldi,139.5,,,मालवण,कोल्हापुर,161.3,15:15,20:15,,,,,
470,"Malvan To Kolhapur",Malvan,Kolhapur,,MO,23669,Devale,139.6,,,मालवण,कोल्हापुर,161.3,15:15,20:15,,,,,
470,"Malvan To Kolhapur",Malvan,Kolhapur,,MO,24388,Kandgaon,140.1,,,मालवण,कोल्हापुर,161.3,15:15,20:15,,,,,
470,"Malvan To Kolhapur",Malvan,Kolhapur,,MO,26066,Washi,142.3,,,मालवण,कोल्हापुर,161.3,15:15,20:15,,,,,
470,"Malvan To Kolhapur",Malvan,Kolhapur,,MO,24593,"Kolhapur Water Supply",144,,,मालवण,कोल्हापुर,161.3,15:15,20:15,,,,,
470,"Malvan To Kolhapur",Malvan,Kolhapur,,MO,25083,"New Washi Naka",146,,,मालवण,कोल्हापुर,161.3,15:15,20:15,,,,,
470,"Malvan To Kolhapur",Malvan,Kolhapur,,MO,25435,"Sane Guruji Vasahat",147.6,,,मालवण,कोल्हापुर,161.3,15:15,20:15,,,,,
470,"Malvan To Kolhapur",Malvan,Kolhapur,,MO,25400,Rankala,155.7,,,मालवण,कोल्हापुर,161.3,15:15,20:15,,,,,
470,"Malvan To Kolhapur",Malvan,Kolhapur,,MO,23625,"Dasara Chwok",156.7,,,मालवण,कोल्हापुर,161.3,15:15,20:15,,,,,
470,"Malvan To Kolhapur",Malvan,Kolhapur,,MO,24359,Kolhapur,161.3,,,मालवण,कोल्हापुर,161.3,15:15,20:15,,,,,
2331,"Malvan To Mumbai Central",Malvan,"Mumbai Central",,MO,6915,Malvan,,,,मालवण,चिपळुण,239.5,08:00,14:45,,,,,
2331,"Malvan To Mumbai Central",Malvan,"Mumbai Central",,MO,6896,Kumbharmath,4.8,,,मालवण,चिपळुण,239.5,08:00,14:45,,,,,
2331,"Malvan To Mumbai Central",Malvan,"Mumbai Central",,MO,6750,"Ajagaonkar Bangala",6,,,मालवण,चिपळुण,239.5,08:00,14:45,,,,,
2331,"Malvan To Mumbai Central",Malvan,"Mumbai Central",,MO,6799,Chouke,9.4,,,मालवण,चिपळुण,239.5,08:00,14:45,,,,,
2331,"Malvan To Mumbai Central",Malvan,"Mumbai Central",,MO,6985,"Salel Nangarbhat",13.4,,,मालवण,चिपळुण,239.5,08:00,14:45,,,,,
2331,"Malvan To Mumbai Central",Malvan,"Mumbai Central",,MO,6901,"Kunkawale Masure Fata",14,,,मालवण,चिपळुण,239.5,08:00,14:45,,,,,
2331,"Malvan To Mumbai Central",Malvan,"Mumbai Central",,MO,6770,Bagwadi,15.1,,,मालवण,चिपळुण,239.5,08:00,14:45,,,,,
2331,"Malvan To Mumbai Central",Malvan,"Mumbai Central",,MO,6870,Katta,18.8,,,मालवण,चिपळुण,239.5,08:00,14:45,,,,,
2331,"Malvan To Mumbai Central",Malvan,"Mumbai Central",,MO,6993,"Sawarwad Varad Fata",22.3,,,मालवण,चिपळुण,239.5,08:00,14:45,,,,,
2331,"Malvan To Mumbai Central",Malvan,"Mumbai Central",,MO,6424,Sukalwad,25.1,,,मालवण,चिपळुण,239.5,08:00,14:45,,,,,
2331,"Malvan To Mumbai Central",Malvan,"Mumbai Central",,MO,6392,"Ranbambuli Fata",28.8,,,मालवण,चिपळुण,239.5,08:00,14:45,,,,,
2331,"Malvan To Mumbai Central",Malvan,"Mumbai Central",,MO,6368,Padve,29.5,,,मालवण,चिपळुण,239.5,08:00,14:45,,,,,
2331,"Malvan To Mumbai Central",Malvan,"Mumbai Central",,MO,6281,Kasal,31.2,,,मालवण,चिपळुण,239.5,08:00,14:45,,,,,
2331,"Malvan To Mumbai Central",Malvan,"Mumbai Central",,MO,2889,"Osargaon Godaoon",33.2,,,मालवण,चिपळुण,239.5,08:00,14:45,,,,,
2331,"Malvan To Mumbai Central",Malvan,"Mumbai Central",,MO,2890,"Osargaon Post",34.6,,,मालवण,चिपळुण,239.5,08:00,14:45,,,,,
2331,"Malvan To Mumbai Central",Malvan,"Mumbai Central",,MO,2891,"Osargaon Talav",35.6,,,मालवण,चिपळुण,239.5,08:00,14:45,,,,,
2331,"Malvan To Mumbai Central",Malvan,"Mumbai Central",,MO,2692,Dangalwadi,39,,,मालवण,चिपळुण,239.5,08:00,14:45,,,,,
2331,"Malvan To Mumbai Central",Malvan,"Mumbai Central",,MO,3001,"Wagade Gpo",41,,,मालवण,चिपळुण,239.5,08:00,14:45,,,,,
2331,"Malvan To Mumbai Central",Malvan,"Mumbai Central",,MO,2786,Kankavli,45.5,,,मालवण,चिपळुण,239.5,08:00,14:45,,,,,
2331,"Malvan To Mumbai Central",Malvan,"Mumbai Central",,MO,2768,"Janavali Gavthanwadi",48,,,मालवण,चिपळुण,239.5,08:00,14:45,,,,,
2331,"Malvan To Mumbai Central",Malvan,"Mumbai Central",,MO,2756,"Humrat Titha",52.5,,,मालवण,चिपळुण,239.5,08:00,14:45,,,,,
2331,"Malvan To Mumbai Central",Malvan,"Mumbai Central",,MO,2655,Belane,55.7,,,मालवण,चिपळुण,239.5,08:00,14:45,,,,,
2331,"Malvan To Mumbai Central",Malvan,"Mumbai Central",,MO,2871,"Nandgaon Fata",60.4,,,मालवण,चिपळुण,239.5,08:00,14:45,,,,,
2331,"Malvan To Mumbai Central",Malvan,"Mumbai Central",,MO,2872,"Nandgaon Nursary",61,,,मालवण,चिपळुण,239.5,08:00,14:45,,,,,
2331,"Malvan To Mumbai Central",Malvan,"Mumbai Central",,MO,2673,"Bramhan Wadi",63,,,मालवण,चिपळुण,239.5,08:00,14:45,,,,,
2331,"Malvan To Mumbai Central",Malvan,"Mumbai Central",,MO,2982,Tarla,68.6,,,मालवण,चिपळुण,239.5,08:00,14:45,,,,,
2331,"Malvan To Mumbai Central",Malvan,"Mumbai Central",,MO,2941,Saliste,74,,,मालवण,चिपळुण,239.5,08:00,14:45,,,,,
2331,"Malvan To Mumbai Central",Malvan,"Mumbai Central",,MO,3010,Wargaon,76.5,,,मालवण,चिपळुण,239.5,08:00,14:45,,,,,
2331,"Malvan To Mumbai Central",Malvan,"Mumbai Central",,MO,2648,Bambarwadi,77,,,मालवण,चिपळुण,239.5,08:00,14:45,,,,,
2331,"Malvan To Mumbai Central",Malvan,"Mumbai Central",,MO,2863,Nadgive,79.8,,,मालवण,चिपळुण,239.5,08:00,14:45,,,,,
2331,"Malvan To Mumbai Central",Malvan,"Mumbai Central",,MO,2812,Kharepatan,82.7,,,मालवण,चिपळुण,239.5,08:00,14:45,,,,,
2331,"Malvan To Mumbai Central",Malvan,"Mumbai Central",,MO,15236,"Takewadi School",85,,,मालवण,चिपळुण,239.5,08:00,14:45,,,,,
2331,"Malvan To Mumbai Central",Malvan,"Mumbai Central",,MO,14879,Panhale,88.7,,,मालवण,चिपळुण,239.5,08:00,14:45,,,,,
2331,"Malvan To Mumbai Central",Malvan,"Mumbai Central",,MO,14609,Kodiye,91.8,,,मालवण,चिपळुण,239.5,08:00,14:45,,,,,
2331,"Malvan To Mumbai Central",Malvan,"Mumbai Central",,MO,14521,"Hativale Jaitapur Fata",94.6,,,मालवण,चिपळुण,239.5,08:00,14:45,,,,,
2331,"Malvan To Mumbai Central",Malvan,"Mumbai Central",,MO,14473,"Ganga Tirtha Fata",97,,,मालवण,चिपळुण,239.5,08:00,14:45,,,,,
2331,"Malvan To Mumbai Central",Malvan,"Mumbai Central",,MO,15006,Rajapur,103.2,,,मालवण,चिपळुण,239.5,08:00,14:45,,,,,
2331,"Malvan To Mumbai Central",Malvan,"Mumbai Central",,MO,14615,"Kodavali School",106.9,,,मालवण,चिपळुण,239.5,08:00,14:45,,,,,
2331,"Malvan To Mumbai Central",Malvan,"Mumbai Central",,MO,14846,"Nerke Pickup Shed",109,,,मालवण,चिपळुण,239.5,08:00,14:45,,,,,
2331,"Malvan To Mumbai Central",Malvan,"Mumbai Central",,MO,14574,"Kharavate Village/Sorap Shop",109.2,,,मालवण,चिपळुण,239.5,08:00,14:45,,,,,
2331,"Malvan To Mumbai Central",Malvan,"Mumbai Central",,MO,89331,Oni,113.7,,,मालवण,चिपळुण,239.5,08:00,14:45,,,,,
2331,"Malvan To Mumbai Central",Malvan,"Mumbai Central",,MO,15325,"Yerdav Fata",114.7,,,मालवण,चिपळुण,239.5,08:00,14:45,,,,,
2331,"Malvan To Mumbai Central",Malvan,"Mumbai Central",,MO,15286,"Vatul Titha",118.6,,,मालवण,चिपळुण,239.5,08:00,14:45,,,,,
2331,"Malvan To Mumbai Central",Malvan,"Mumbai Central",,MO,13279,"Laxmi Bag Waked",121.7,,,मालवण,चिपळुण,239.5,08:00,14:45,,,,,
2331,"Malvan To Mumbai Central",Malvan,"Mumbai Central",,MO,13062,"Ganpati Mandir",123,,,मालवण,चिपळुण,239.5,08:00,14:45,,,,,
2331,"Malvan To Mumbai Central",Malvan,"Mumbai Central",,MO,13163,"Kuva Village Fata",128,,,मालवण,चिपळुण,239.5,08:00,14:45,,,,,
2331,"Malvan To Mumbai Central",Malvan,"Mumbai Central",,MO,13286,Lanja,133.3,,,मालवण,चिपळुण,239.5,08:00,14:45,,,,,
2331,"Malvan To Mumbai Central",Malvan,"Mumbai Central",,MO,13276,"Lanja Poultry Farm",139.2,,,मालवण,चिपळुण,239.5,08:00,14:45,,,,,
2331,"Malvan To Mumbai Central",Malvan,"Mumbai Central",,MO,13277,"Lanja Agri. Farm",141.6,,,मालवण,चिपळुण,239.5,08:00,14:45,,,,,
2331,"Malvan To Mumbai Central",Malvan,"Mumbai Central",,MO,13573,Veral,142.6,,,मालवण,चिपळुण,239.5,08:00,14:45,,,,,
2331,"Malvan To Mumbai Central",Malvan,"Mumbai Central",,MO,12889,"Anjanari Bridge",145,,,मालवण,चिपळुण,239.5,08:00,14:45,,,,,
2331,"Malvan To Mumbai Central",Malvan,"Mumbai Central",,MO,13157,Khanu,151,,,मालवण,चिपळुण,239.5,08:00,14:45,,,,,
2331,"Malvan To Mumbai Central",Malvan,"Mumbai Central",,MO,16416,Pali,151.1,,,मालवण,चिपळुण,239.5,08:00,14:45,,,,,
2331,"Malvan To Mumbai Central",Malvan,"Mumbai Central",,MO,15946,Kapadagaon,155.1,,,मालवण,चिपळुण,239.5,08:00,14:45,,,,,
2331,"Malvan To Mumbai Central",Malvan,"Mumbai Central",,MO,15482,"Bsnl Tower",158,,,मालवण,चिपळुण,239.5,08:00,14:45,,,,,
2331,"Malvan To Mumbai Central",Malvan,"Mumbai Central",,MO,15833,"Hatakhamba Gaon",159.8,,,मालवण,चिपळुण,239.5,08:00,14:45,,,,,
2331,"Malvan To Mumbai Central",Malvan,"Mumbai Central",,MO,15853,"Hatkhamba Titha",162.9,,,मालवण,चिपळुण,239.5,08:00,14:45,,,,,
2331,"Malvan To Mumbai Central",Malvan,"Mumbai Central",,MO,16383,"Nivali Fata",165.4,,,मालवण,चिपळुण,239.5,08:00,14:45,,,,,
2331,"Malvan To Mumbai Central",Malvan,"Mumbai Central",,MO,16027,"Kokje Wathar No.1",168,,,मालवण,चिपळुण,239.5,08:00,14:45,,,,,
2331,"Malvan To Mumbai Central",Malvan,"Mumbai Central",,MO,15532,Bawnadi,171.8,,,मालवण,चिपळुण,239.5,08:00,14:45,,,,,
2331,"Malvan To Mumbai Central",Malvan,"Mumbai Central",,MO,77198,"Wandri Temple",175.7,,,मालवण,चिपळुण,239.5,08:00,14:45,,,,,
2331,"Malvan To Mumbai Central",Malvan,"Mumbai Central",,MO,76665,Manaskond,178,,,मालवण,चिपळुण,239.5,08:00,14:45,,,,,
2331,"Malvan To Mumbai Central",Malvan,"Mumbai Central",,MO,76053,Ambed,181.3,,,मालवण,चिपळुण,239.5,08:00,14:45,,,,,
2331,"Malvan To Mumbai Central",Malvan,"Mumbai Central",,MO,76483,"Kolambe Patane Stop",183.7,,,मालवण,चिपळुण,239.5,08:00,14:45,,,,,
2331,"Malvan To Mumbai Central",Malvan,"Mumbai Central",,MO,76603,"Kurdhunda Bunder",185.2,,,मालवण,चिपळुण,239.5,08:00,14:45,,,,,
2331,"Malvan To Mumbai Central",Malvan,"Mumbai Central",,MO,76814,Ozarkhol,188,,,मालवण,चिपळुण,239.5,08:00,14:45,,,,,
2331,"Malvan To Mumbai Central",Malvan,"Mumbai Central",,MO,77014,Sangameshwar,192,,,मालवण,चिपळुण,239.5,08:00,14:45,,,,,
2331,"Malvan To Mumbai Central",Malvan,"Mumbai Central",,MO,76224,Dhamni,199.2,,,मालवण,चिपळुण,239.5,08:00,14:45,,,,,
2331,"Malvan To Mumbai Central",Malvan,"Mumbai Central",,MO,77119,Tural,205.4,,,मालवण,चिपळुण,239.5,08:00,14:45,,,,,
2331,"Malvan To Mumbai Central",Malvan,"Mumbai Central",,MO,76074,"Aravali Fata",210.4,,,मालवण,चिपळुण,239.5,08:00,14:45,,,,,
2331,"Malvan To Mumbai Central",Malvan,"Mumbai Central",,MO,76070,"Aravali School",211.7,,,मालवण,चिपळुण,239.5,08:00,14:45,,,,,
2331,"Malvan To Mumbai Central",Malvan,"Mumbai Central",,MO,10232,"Asurde Khind",214,,,मालवण,चिपळुण,239.5,08:00,14:45,,,,,
2331,"Malvan To Mumbai Central",Malvan,"Mumbai Central",,MO,10233,"Asurde .",219.1,,,मालवण,चिपळुण,239.5,08:00,14:45,,,,,
2331,"Malvan To Mumbai Central",Malvan,"Mumbai Central",,MO,10204,Agave,221,,,मालवण,चिपळुण,239.5,08:00,14:45,,,,,
2331,"Malvan To Mumbai Central",Malvan,"Mumbai Central",,MO,11229,Sawarde,224,,,मालवण,चिपळुण,239.5,08:00,14:45,,,,,
2331,"Malvan To Mumbai Central",Malvan,"Mumbai Central",,MO,10602,Kandamale,227.4,,,मालवण,चिपळुण,239.5,08:00,14:45,,,,,
2331,"Malvan To Mumbai Central",Malvan,"Mumbai Central",,MO,11237,Tawar,230,,,मालवण,चिपळुण,239.5,08:00,14:45,,,,,
2331,"Malvan To Mumbai Central",Malvan,"Mumbai Central",,MO,10612,Kamathe,233.4,,,मालवण,चिपळुण,239.5,08:00,14:45,,,,,
2331,"Malvan To Mumbai Central",Malvan,"Mumbai Central",,MO,10388,"Dharan Stop",236,,,मालवण,चिपळुण,239.5,08:00,14:45,,,,,
2331,"Malvan To Mumbai Central",Malvan,"Mumbai Central",,MO,10761,Kapsal,236.4,,,मालवण,चिपळुण,239.5,08:00,14:45,,,,,
2331,"Malvan To Mumbai Central",Malvan,"Mumbai Central",,MO,10379,Chiplun,239.1,,,मालवण,चिपळुण,239.5,08:00,14:45,,,,,
2331,"Malvan To Mumbai Central",Malvan,"Mumbai Central",,MO,11172,"Shivaji Nagar",240,,,मालवण,चिपळुण,239.5,08:00,14:45,,,,,
2331,"Malvan To Mumbai Central",Malvan,"Mumbai Central",,MO,10242,"Bahadur Shaikh Naka",242,,,मालवण,चिपळुण,239.5,08:00,14:45,,,,,
2331,"Malvan To Mumbai Central",Malvan,"Mumbai Central",,MO,11074,Parshuram,252.6,,,मालवण,चिपळुण,239.5,08:00,14:45,,,,,
2331,"Malvan To Mumbai Central",Malvan,"Mumbai Central",,MO,77914,Pinlote,256,,,मालवण,चिपळुण,239.5,08:00,14:45,,,,,
2331,"Malvan To Mumbai Central",Malvan,"Mumbai Central",,MO,77771,Lote,258.2,,,मालवण,चिपळुण,239.5,08:00,14:45,,,,,
2331,"Malvan To Mumbai Central",Malvan,"Mumbai Central",,MO,77262,"Awashi Dispensary",261,,,मालवण,चिपळुण,239.5,08:00,14:45,,,,,
2331,"Malvan To Mumbai Central",Malvan,"Mumbai Central",,MO,77779,"Lawel P/U Ohed",262.6,,,मालवण,चिपळुण,239.5,08:00,14:45,,,,,
2331,"Malvan To Mumbai Central",Malvan,"Mumbai Central",,MO,77419,Dabhil,264.8,,,मालवण,चिपळुण,239.5,08:00,14:45,,,,,
2331,"Malvan To Mumbai Central",Malvan,"Mumbai Central",,MO,77830,Morvande,271.2,,,मालवण,चिपळुण,239.5,08:00,14:45,,,,,
2331,"Malvan To Mumbai Central",Malvan,"Mumbai Central",,MO,76025,"Bharna Naka",274.6,,,मालवण,चिपळुण,239.5,08:00,14:45,,,,,
2331,"Malvan To Mumbai Central",Malvan,"Mumbai Central",,MO,77608,Kalambani,280.4,,,मालवण,चिपळुण,239.5,08:00,14:45,,,,,
2331,"Malvan To Mumbai Central",Malvan,"Mumbai Central",,MO,78155,Udhale,283.6,,,मालवण,चिपळुण,239.5,08:00,14:45,,,,,
2331,"Malvan To Mumbai Central",Malvan,"Mumbai Central",,MO,77882,Natunagar,288.3,,,मालवण,चिपळुण,239.5,08:00,14:45,,,,,
2331,"Malvan To Mumbai Central",Malvan,"Mumbai Central",,MO,77737,"Kashedi Ghat Ends",293.3,,,मालवण,चिपळुण,239.5,08:00,14:45,,,,,
2331,"Malvan To Mumbai Central",Malvan,"Mumbai Central",,MO,77741,"Kashedi Amba",296.7,,,मालवण,चिपळुण,239.5,08:00,14:45,,,,,
2331,"Malvan To Mumbai Central",Malvan,"Mumbai Central",,MO,1382,"Kashedi Bungalow",299.7,,,मालवण,चिपळुण,239.5,08:00,14:45,,,,,
2331,"Malvan To Mumbai Central",Malvan,"Mumbai Central",,MO,1352,Dhamandevi,307.4,,,मालवण,चिपळुण,239.5,08:00,14:45,,,,,
2331,"Malvan To Mumbai Central",Malvan,"Mumbai Central",,MO,1443,Sadavali,309,,,मालवण,चिपळुण,239.5,08:00,14:45,,,,,
2331,"Malvan To Mumbai Central",Malvan,"Mumbai Central",,MO,1428,Poladpur,311.3,,,मालवण,चिपळुण,239.5,08:00,14:45,,,,,
2331,"Malvan To Mumbai Central",Malvan,"Mumbai Central",,MO,1412,Loharmal,314.8,,,मालवण,चिपळुण,239.5,08:00,14:45,,,,,
2331,"Malvan To Mumbai Central",Malvan,"Mumbai Central",,MO,1430,Parle,317.2,,,मालवण,चिपळुण,239.5,08:00,14:45,,,,,
2331,"Malvan To Mumbai Central",Malvan,"Mumbai Central",,MO,476,"Chandave Khurd",320.8,,,मालवण,चिपळुण,239.5,08:00,14:45,,,,,
2331,"Malvan To Mumbai Central",Malvan,"Mumbai Central",,MO,665,"Rajewadi Fata",323,,,मालवण,चिपळुण,239.5,08:00,14:45,,,,,
2331,"Malvan To Mumbai Central",Malvan,"Mumbai Central",,MO,624,Nadgaon,326.2,,,मालवण,चिपळुण,239.5,08:00,14:45,,,,,
2331,"Malvan To Mumbai Central",Malvan,"Mumbai Central",,MO,601,Mahad,328.9,,,मालवण,चिपळुण,239.5,08:00,14:45,,,,,
2331,"Malvan To Mumbai Central",Malvan,"Mumbai Central",,MO,720,"Tol Fata",345,,,मालवण,चिपळुण,239.5,08:00,14:45,,,,,
2331,"Malvan To Mumbai Central",Malvan,"Mumbai Central",,MO,962,Wadpale,348.4,,,मालवण,चिपळुण,239.5,08:00,14:45,,,,,
2331,"Malvan To Mumbai Central",Malvan,"Mumbai Central",,MO,866,"Lonere Bridge",351.3,,,मालवण,चिपळुण,239.5,08:00,14:45,,,,,
2331,"Malvan To Mumbai Central",Malvan,"Mumbai Central",,MO,868,Lonere,352,,,मालवण,चिपळुण,239.5,08:00,14:45,,,,,
2331,"Malvan To Mumbai Central",Malvan,"Mumbai Central",,MO,912,Repoli,353,,,मालवण,चिपळुण,239.5,08:00,14:45,,,,,
2331,"Malvan To Mumbai Central",Malvan,"Mumbai Central",,MO,812,Garal,356,,,मालवण,चिपळुण,239.5,08:00,14:45,,,,,
2331,"Malvan To Mumbai Central",Malvan,"Mumbai Central",,MO,879,Mangaon,360.2,,,मालवण,चिपळुण,239.5,08:00,14:45,,,,,
2331,"Malvan To Mumbai Central",Malvan,"Mumbai Central",,MO,886,Nanore,363,,,मालवण,चिपळुण,239.5,08:00,14:45,,,,,
2331,"Malvan To Mumbai Central",Malvan,"Mumbai Central",,MO,938,Tilore,366,,,मालवण,चिपळुण,239.5,08:00,14:45,,,,,
2331,"Malvan To Mumbai Central",Malvan,"Mumbai Central",,MO,950,Vighavali,367.1,,,मालवण,चिपळुण,239.5,08:00,14:45,,,,,
2331,"Malvan To Mumbai Central",Malvan,"Mumbai Central",,MO,825,Indapur,369.1,,,मालवण,चिपळुण,239.5,08:00,14:45,,,,,
2331,"Malvan To Mumbai Central",Malvan,"Mumbai Central",,MO,969,"Wave Diwali",373,,,मालवण,चिपळुण,239.5,08:00,14:45,,,,,
2331,"Malvan To Mumbai Central",Malvan,"Mumbai Central",,MO,915,Rathwad,375.7,,,मालवण,चिपळुण,239.5,08:00,14:45,,,,,
2331,"Malvan To Mumbai Central",Malvan,"Mumbai Central",,MO,1578,Talwali,381,,,मालवण,चिपळुण,239.5,08:00,14:45,,,,,
2331,"Malvan To Mumbai Central",Malvan,"Mumbai Central",,MO,1599,Warasgaon,381.1,,,मालवण,चिपळुण,239.5,08:00,14:45,,,,,
2331,"Malvan To Mumbai Central",Malvan,"Mumbai Central",,MO,1531,Kolad,385.6,,,मालवण,चिपळुण,239.5,08:00,14:45,,,,,
2331,"Malvan To Mumbai Central",Malvan,"Mumbai Central",,MO,1552,Pugaon,388.6,,,मालवण,चिपळुण,239.5,08:00,14:45,,,,,
2331,"Malvan To Mumbai Central",Malvan,"Mumbai Central",,MO,1573,Sukeli,394,,,मालवण,चिपळुण,239.5,08:00,14:45,,,,,
2331,"Malvan To Mumbai Central",Malvan,"Mumbai Central",,MO,1597,Wakan,400.7,,,मालवण,चिपळुण,239.5,08:00,14:45,,,,,
2331,"Malvan To Mumbai Central",Malvan,"Mumbai Central",,MO,1546,"Nagothane Fata",403.4,,,मालवण,चिपळुण,239.5,08:00,14:45,,,,,
2331,"Malvan To Mumbai Central",Malvan,"Mumbai Central",,MO,1544,"Nidi Bridge",405,,,मालवण,चिपळुण,239.5,08:00,14:45,,,,,
2331,"Malvan To Mumbai Central",Malvan,"Mumbai Central",,MO,1549,Palas,408,,,मालवण,चिपळुण,239.5,08:00,14:45,,,,,
2331,"Malvan To Mumbai Central",Malvan,"Mumbai Central",,MO,1249,Koleti,408.4,,,मालवण,चिपळुण,239.5,08:00,14:45,,,,,
2331,"Malvan To Mumbai Central",Malvan,"Mumbai Central",,MO,1255,Kharpale,417,,,मालवण,चिपळुण,239.5,08:00,14:45,,,,,
2331,"Malvan To Mumbai Central",Malvan,"Mumbai Central",,MO,1213,Gadab,420.5,,,मालवण,चिपळुण,239.5,08:00,14:45,,,,,
2331,"Malvan To Mumbai Central",Malvan,"Mumbai Central",,MO,1303,Wadkhal,423.8,,,मालवण,चिपळुण,239.5,08:00,14:45,,,,,
2331,"Malvan To Mumbai Central",Malvan,"Mumbai Central",,MO,1279,Ramwadi,426.2,,,मालवण,चिपळुण,239.5,08:00,14:45,,,,,
2331,"Malvan To Mumbai Central",Malvan,"Mumbai Central",,MO,1226,Irwadi,430.5,,,मालवण,चिपळुण,239.5,08:00,14:45,,,,,
2331,"Malvan To Mumbai Central",Malvan,"Mumbai Central",,MO,1229,Jite,436.1,,,मालवण,चिपळुण,239.5,08:00,14:45,,,,,
2331,"Malvan To Mumbai Central",Malvan,"Mumbai Central",,MO,5912,Tara,441.3,,,मालवण,चिपळुण,239.5,08:00,14:45,,,,,
2331,"Malvan To Mumbai Central",Malvan,"Mumbai Central",,MO,5746,Kalhe,443.3,,,मालवण,चिपळुण,239.5,08:00,14:45,,,,,
2331,"Malvan To Mumbai Central",Malvan,"Mumbai Central",,MO,5728,"Karnala Bird Sanctuary",446.4,,,मालवण,चिपळुण,239.5,08:00,14:45,,,,,
2331,"Malvan To Mumbai Central",Malvan,"Mumbai Central",,MO,5895,"Sangurli Fata",451.7,,,मालवण,चिपळुण,239.5,08:00,14:45,,,,,
2331,"Malvan To Mumbai Central",Malvan,"Mumbai Central",,MO,5848,"Palaspe Fata",455.1,,,मालवण,चिपळुण,239.5,08:00,14:45,,,,,
2331,"Malvan To Mumbai Central",Malvan,"Mumbai Central",,MO,5842,Panvel,458.5,,,मालवण,चिपळुण,239.5,08:00,14:45,,,,,
2331,"Malvan To Mumbai Central",Malvan,"Mumbai Central",,MO,5756,"Kalamboli Highway",463.3,,,मालवण,चिपळुण,239.5,08:00,14:45,,,,,
2331,"Malvan To Mumbai Central",Malvan,"Mumbai Central",,MO,5727,Kamothe,464.5,,,मालवण,चिपळुण,239.5,08:00,14:45,,,,,
2331,"Malvan To Mumbai Central",Malvan,"Mumbai Central",,MO,4371,"Khar Ghar",467.5,,,मालवण,चिपळुण,239.5,08:00,14:45,,,,,
2331,"Malvan To Mumbai Central",Malvan,"Mumbai Central",,MO,4414,Nerul,476,,,मालवण,चिपळुण,239.5,08:00,14:45,,,,,
2331,"Malvan To Mumbai Central",Malvan,"Mumbai Central",,MO,4488,"Vashi Highway",481.9,,,मालवण,चिपळुण,239.5,08:00,14:45,,,,,
2331,"Malvan To Mumbai Central",Malvan,"Mumbai Central",,MO,5464,"Maitri Park",489,,,मालवण,चिपळुण,239.5,08:00,14:45,,,,,
2331,"Malvan To Mumbai Central",Malvan,"Mumbai Central",,MO,5427,"Kurla Nehru Nagar",493.8,,,मालवण,चिपळुण,239.5,08:00,14:45,,,,,
2331,"Malvan To Mumbai Central",Malvan,"Mumbai Central",,MO,5524,Sion,495,,,मालवण,चिपळुण,239.5,08:00,14:45,,,,,
2331,"Malvan To Mumbai Central",Malvan,"Mumbai Central",,MO,5335,"Dadar East",498.9,,,मालवण,चिपळुण,239.5,08:00,14:45,,,,,
2331,"Malvan To Mumbai Central",Malvan,"Mumbai Central",,MO,5488,Parel,500.3,,,मालवण,चिपळुण,239.5,08:00,14:45,,,,,
2331,"Malvan To Mumbai Central",Malvan,"Mumbai Central",,MO,5443,"Mumbai Central",505,,,मालवण,चिपळुण,239.5,08:00,14:45,,,,,
10648,"Achara To Kudopi",Achara,Kudopi,,MO,6740,Achara,,,,आचरा,कुडोपी,17.4,11:00,11:35,SCL,DAIL,,,
10648,"Achara To Kudopi",Achara,Kudopi,,MO,6798,"Chindar Wad",3,,,आचरा,कुडोपी,17.4,11:00,11:35,SCL,DAIL,,,
10648,"Achara To Kudopi",Achara,Kudopi,,MO,6823,Gawadewadi,5.6,,,आचरा,कुडोपी,17.4,11:00,11:35,SCL,DAIL,,,
10648,"Achara To Kudopi",Achara,Kudopi,,MO,6990,Sapala,8.5,,,आचरा,कुडोपी,17.4,11:00,11:35,SCL,DAIL,,,
10648,"Achara To Kudopi",Achara,Kudopi,,MO,6798,"Chindar Wad",12.1,,,आचरा,कुडोपी,17.4,11:00,11:35,SCL,DAIL,,,
10648,"Achara To Kudopi",Achara,Kudopi,,MO,6758,Apradhwadi,15.2,,,आचरा,कुडोपी,17.4,11:00,11:35,SCL,DAIL,,,
10648,"Achara To Kudopi",Achara,Kudopi,,MO,6892,Kondwadi,17,,,आचरा,कुडोपी,17.4,11:00,11:35,SCL,DAIL,,,
10648,"Achara To Kudopi",Achara,Kudopi,,MO,6893,Kudopi,17.4,,,आचरा,कुडोपी,17.4,11:00,11:35,SCL,DAIL,,,
10898,"Katta To Chunvare",Katta,Chunvare,,MO,6870,Katta,,,,कट्टा,चुनवरे,17.1,10:50,11:30,SCL,DAIL,,,
10898,"Katta To Chunvare",Katta,Chunvare,,MO,6836,Guramwad,1.9,,,कट्टा,चुनवरे,17.1,10:50,11:30,SCL,DAIL,,,
10898,"Katta To Chunvare",Katta,Chunvare,,MO,6895,Kumame,2.9,,,कट्टा,चुनवरे,17.1,10:50,11:30,SCL,DAIL,,,
10898,"Katta To Chunvare",Katta,Chunvare,,MO,6814,"Dikwal Fata",5.9,,,कट्टा,चुनवरे,17.1,10:50,11:30,SCL,DAIL,,,
10898,"Katta To Chunvare",Katta,Chunvare,,MO,6952,"Palav Mangar",9.1,,,कट्टा,चुनवरे,17.1,10:50,11:30,SCL,DAIL,,,
10898,"Katta To Chunvare",Katta,Chunvare,,MO,6965,"Poip Katta Titha",11.9,,,कट्टा,चुनवरे,17.1,10:50,11:30,SCL,DAIL,,,
10898,"Katta To Chunvare",Katta,Chunvare,,MO,7019,Viran,12.2,,,कट्टा,चुनवरे,17.1,10:50,11:30,SCL,DAIL,,,
10898,"Katta To Chunvare",Katta,Chunvare,,MO,6922,"Maruti Mandir",15.1,,,कट्टा,चुनवरे,17.1,10:50,11:30,SCL,DAIL,,,
10898,"Katta To Chunvare",Katta,Chunvare,,MO,6802,Chunvare,17.1,,,कट्टा,चुनवरे,17.1,10:50,11:30,SCL,DAIL,,,
11027,"Malvan To Kankavli Via Ambdos",Malvan,Kankavli,AMBDOS,MO,6915,Malvan,,,,मालवण,कणकवली,58.7,06:15,08:15,SCL,DAIL,,,
11027,"Malvan To Kankavli Via Ambdos",Malvan,Kankavli,AMBDOS,MO,6897,"Kumbharmath Govekar Dukan",3.7,,,मालवण,कणकवली,58.7,06:15,08:15,SCL,DAIL,,,
11027,"Malvan To Kankavli Via Ambdos",Malvan,Kankavli,AMBDOS,MO,6750,"Ajagaonkar Bangala",5.8,,,मालवण,कणकवली,58.7,06:15,08:15,SCL,DAIL,,,
11027,"Malvan To Kankavli Via Ambdos",Malvan,Kankavli,AMBDOS,MO,6799,Chouke,8.6,,,मालवण,कणकवली,58.7,06:15,08:15,SCL,DAIL,,,
11027,"Malvan To Kankavli Via Ambdos",Malvan,Kankavli,AMBDOS,MO,6824,Ghartanwadi,9.7,,,मालवण,कणकवली,58.7,06:15,08:15,SCL,DAIL,,,
11027,"Malvan To Kankavli Via Ambdos",Malvan,Kankavli,AMBDOS,MO,6752,Ambdos,10.4,,,मालवण,कणकवली,58.7,06:15,08:15,SCL,DAIL,,,
11027,"Malvan To Kankavli Via Ambdos",Malvan,Kankavli,AMBDOS,MO,6828,"Ghumros School",12.1,,,मालवण,कणकवली,58.7,06:15,08:15,SCL,DAIL,,,
11027,"Malvan To Kankavli Via Ambdos",Malvan,Kankavli,AMBDOS,MO,6912,Malgaon,13.3,,,मालवण,कणकवली,58.7,06:15,08:15,SCL,DAIL,,,
11027,"Malvan To Kankavli Via Ambdos",Malvan,Kankavli,AMBDOS,MO,6907,Mahalaxmi,14.7,,,मालवण,कणकवली,58.7,06:15,08:15,SCL,DAIL,,,
11027,"Malvan To Kankavli Via Ambdos",Malvan,Kankavli,AMBDOS,MO,6769,Bagayat,15.1,,,मालवण,कणकवली,58.7,06:15,08:15,SCL,DAIL,,,
11027,"Malvan To Kankavli Via Ambdos",Malvan,Kankavli,AMBDOS,MO,6925,"Masade Titha",17.1,,,मालवण,कणकवली,58.7,06:15,08:15,SCL,DAIL,,,
11027,"Malvan To Kankavli Via Ambdos",Malvan,Kankavli,AMBDOS,MO,6924,"Masade School",18.1,,,मालवण,कणकवली,58.7,06:15,08:15,SCL,DAIL,,,
11027,"Malvan To Kankavli Via Ambdos",Malvan,Kankavli,AMBDOS,MO,7019,Viran,20.4,,,मालवण,कणकवली,58.7,06:15,08:15,SCL,DAIL,,,
11027,"Malvan To Kankavli Via Ambdos",Malvan,Kankavli,AMBDOS,MO,6964,Poip,24.4,,,मालवण,कणकवली,58.7,06:15,08:15,SCL,DAIL,,,
11027,"Malvan To Kankavli Via Ambdos",Malvan,Kankavli,AMBDOS,MO,6975,"Rathiwade Bhakardev",27.5,,,मालवण,कणकवली,58.7,06:15,08:15,SCL,DAIL,,,
11027,"Malvan To Kankavli Via Ambdos",Malvan,Kankavli,AMBDOS,MO,6978,"Rathiwade Titha",30.7,,,मालवण,कणकवली,58.7,06:15,08:15,SCL,DAIL,,,
11027,"Malvan To Kankavli Via Ambdos",Malvan,Kankavli,AMBDOS,MO,6762,"Asgani Parkar Shop",31.9,,,मालवण,कणकवली,58.7,06:15,08:15,SCL,DAIL,,,
11027,"Malvan To Kankavli Via Ambdos",Malvan,Kankavli,AMBDOS,MO,6761,"Asgani Gpo",33.4,,,मालवण,कणकवली,58.7,06:15,08:15,SCL,DAIL,,,
11027,"Malvan To Kankavli Via Ambdos",Malvan,Kankavli,AMBDOS,MO,7024,"Wadacha Naka Hospital",36.2,,,मालवण,कणकवली,58.7,06:15,08:15,SCL,DAIL,,,
11027,"Malvan To Kankavli Via Ambdos",Malvan,Kankavli,AMBDOS,MO,6995,"Shiravande Gpo",36.9,,,मालवण,कणकवली,58.7,06:15,08:15,SCL,DAIL,,,
11027,"Malvan To Kankavli Via Ambdos",Malvan,Kankavli,AMBDOS,MO,6767,"Asrondi Sima",39.1,,,मालवण,कणकवली,58.7,06:15,08:15,SCL,DAIL,,,
11027,"Malvan To Kankavli Via Ambdos",Malvan,Kankavli,AMBDOS,MO,6765,"Asrondi Marathi School",39.8,,,मालवण,कणकवली,58.7,06:15,08:15,SCL,DAIL,,,
11027,"Malvan To Kankavli Via Ambdos",Malvan,Kankavli,AMBDOS,MO,6764,"Asrondi High School",40.8,,,मालवण,कणकवली,58.7,06:15,08:15,SCL,DAIL,,,
11027,"Malvan To Kankavli Via Ambdos",Malvan,Kankavli,AMBDOS,MO,6766,"Asrondi Pavanai Mandir",41.3,,,मालवण,कणकवली,58.7,06:15,08:15,SCL,DAIL,,,
11027,"Malvan To Kankavli Via Ambdos",Malvan,Kankavli,AMBDOS,MO,2804,"Kasral Sada Dhangarwada",42.2,,,मालवण,कणकवली,58.7,06:15,08:15,SCL,DAIL,,,
11027,"Malvan To Kankavli Via Ambdos",Malvan,Kankavli,AMBDOS,MO,2802,"Kasral Disp",44.1,,,मालवण,कणकवली,58.7,06:15,08:15,SCL,DAIL,,,
11027,"Malvan To Kankavli Via Ambdos",Malvan,Kankavli,AMBDOS,MO,2853,"Masansada Satral Titha",44.8,,,मालवण,कणकवली,58.7,06:15,08:15,SCL,DAIL,,,
11027,"Malvan To Kankavli Via Ambdos",Malvan,Kankavli,AMBDOS,MO,3001,"Wagade Gpo",47.9,,,मालवण,कणकवली,58.7,06:15,08:15,SCL,DAIL,,,
11027,"Malvan To Kankavli Via Ambdos",Malvan,Kankavli,AMBDOS,MO,2786,Kankavli,58.7,,,मालवण,कणकवली,58.7,06:15,08:15,SCL,DAIL,,,
11032,"Malvan To Kasal Via Chouke",Malvan,Kasal,CHOUKE,MO,6915,Malvan,,,,मालवण,कसाल,30,19:00,20:00,OBL,DAIL,,,
11032,"Malvan To Kasal Via Chouke",Malvan,Kasal,CHOUKE,MO,6897,"Kumbharmath Govekar Dukan",3.7,,,मालवण,कसाल,30,19:00,20:00,OBL,DAIL,,,
11032,"Malvan To Kasal Via Chouke",Malvan,Kasal,CHOUKE,MO,6750,"Ajagaonkar Bangala",5.8,,,मालवण,कसाल,30,19:00,20:00,OBL,DAIL,,,
11032,"Malvan To Kasal Via Chouke",Malvan,Kasal,CHOUKE,MO,6799,Chouke,8.6,,,मालवण,कसाल,30,19:00,20:00,OBL,DAIL,,,
11032,"Malvan To Kasal Via Chouke",Malvan,Kasal,CHOUKE,MO,6985,"Salel Nangarbhat",11.9,,,मालवण,कसाल,30,19:00,20:00,OBL,DAIL,,,
11032,"Malvan To Kasal Via Chouke",Malvan,Kasal,CHOUKE,MO,6900,Kunkawale,12.8,,,मालवण,कसाल,30,19:00,20:00,OBL,DAIL,,,
11032,"Malvan To Kasal Via Chouke",Malvan,Kasal,CHOUKE,MO,6770,Bagwadi,15.6,,,मालवण,कसाल,30,19:00,20:00,OBL,DAIL,,,
11032,"Malvan To Kasal Via Chouke",Malvan,Kasal,CHOUKE,MO,6870,Katta,17,,,मालवण,कसाल,30,19:00,20:00,OBL,DAIL,,,
11032,"Malvan To Kasal Via Chouke",Malvan,Kasal,CHOUKE,MO,6993,"Sawarwad Varad Fata",21.1,,,मालवण,कसाल,30,19:00,20:00,OBL,DAIL,,,
11032,"Malvan To Kasal Via Chouke",Malvan,Kasal,CHOUKE,MO,6424,Sukalwad,24.3,,,मालवण,कसाल,30,19:00,20:00,OBL,DAIL,,,
11032,"Malvan To Kasal Via Chouke",Malvan,Kasal,CHOUKE,MO,6392,"Ranbambuli Fata",25.8,,,मालवण,कसाल,30,19:00,20:00,OBL,DAIL,,,
11032,"Malvan To Kasal Via Chouke",Malvan,Kasal,CHOUKE,MO,6368,Padve,27.4,,,मालवण,कसाल,30,19:00,20:00,OBL,DAIL,,,
11032,"Malvan To Kasal Via Chouke",Malvan,Kasal,CHOUKE,MO,6281,Kasal,30,,,मालवण,कसाल,30,19:00,20:00,OBL,DAIL,,,
11034,"Malvan To Kasal Via Bagayat",Malvan,Kasal,BAGAYAT,MO,6915,Malvan,,,,मालवण,कसाल,36.9,12:00,13:15,SCH,DAIL,,,
11034,"Malvan To Kasal Via Bagayat",Malvan,Kasal,BAGAYAT,MO,6746,Adari,2.5,,,मालवण,कसाल,36.9,12:00,13:15,SCH,DAIL,,,
11034,"Malvan To Kasal Via Bagayat",Malvan,Kasal,BAGAYAT,MO,6779,"Bhagat Nursary",5.2,,,मालवण,कसाल,36.9,12:00,13:15,SCH,DAIL,,,
11034,"Malvan To Kasal Via Bagayat",Malvan,Kasal,BAGAYAT,MO,6908,Mahan,8.6,,,मालवण,कसाल,36.9,12:00,13:15,SCH,DAIL,,,
11034,"Malvan To Kasal Via Bagayat",Malvan,Kasal,BAGAYAT,MO,6787,"Bilwas Datta Mandir",12,,,मालवण,कसाल,36.9,12:00,13:15,SCH,DAIL,,,
11034,"Malvan To Kasal Via Bagayat",Malvan,Kasal,BAGAYAT,MO,6769,Bagayat,15.7,,,मालवण,कसाल,36.9,12:00,13:15,SCH,DAIL,,,
11034,"Malvan To Kasal Via Bagayat",Malvan,Kasal,BAGAYAT,MO,6925,"Masade Titha",17.7,,,मालवण,कसाल,36.9,12:00,13:15,SCH,DAIL,,,
11034,"Malvan To Kasal Via Bagayat",Malvan,Kasal,BAGAYAT,MO,6924,"Masade School",18.7,,,मालवण,कसाल,36.9,12:00,13:15,SCH,DAIL,,,
11034,"Malvan To Kasal Via Bagayat",Malvan,Kasal,BAGAYAT,MO,7019,Viran,21,,,मालवण,कसाल,36.9,12:00,13:15,SCH,DAIL,,,
11034,"Malvan To Kasal Via Bagayat",Malvan,Kasal,BAGAYAT,MO,6964,Poip,21.6,,,मालवण,कसाल,36.9,12:00,13:15,SCH,DAIL,,,
11034,"Malvan To Kasal Via Bagayat",Malvan,Kasal,BAGAYAT,MO,6977,"Rathiwade Hiwale Fata",23.5,,,मालवण,कसाल,36.9,12:00,13:15,SCH,DAIL,,,
11034,"Malvan To Kasal Via Bagayat",Malvan,Kasal,BAGAYAT,MO,6976,"Rathiwade Gunjichiwadi",24.2,,,मालवण,कसाल,36.9,12:00,13:15,SCH,DAIL,,,
11034,"Malvan To Kasal Via Bagayat",Malvan,Kasal,BAGAYAT,MO,6944,Navamboli,24.8,,,मालवण,कसाल,36.9,12:00,13:15,SCH,DAIL,,,
11034,"Malvan To Kasal Via Bagayat",Malvan,Kasal,BAGAYAT,MO,6956,Parabwadi,25.8,,,मालवण,कसाल,36.9,12:00,13:15,SCH,DAIL,,,
11034,"Malvan To Kasal Via Bagayat",Malvan,Kasal,BAGAYAT,MO,6851,"Hiwale Gangeshwar",28.2,,,मालवण,कसाल,36.9,12:00,13:15,SCH,DAIL,,,
11034,"Malvan To Kasal Via Bagayat",Malvan,Kasal,BAGAYAT,MO,6852,"Hiwale Gawadewadi",29.8,,,मालवण,कसाल,36.9,12:00,13:15,SCH,DAIL,,,
11034,"Malvan To Kasal Via Bagayat",Malvan,Kasal,BAGAYAT,MO,6853,"Hiwale Ratambi",31.3,,,मालवण,कसाल,36.9,12:00,13:15,SCH,DAIL,,,
11034,"Malvan To Kasal Via Bagayat",Malvan,Kasal,BAGAYAT,MO,6959,"Parbhatle Magam Dukan",33.4,,,मालवण,कसाल,36.9,12:00,13:15,SCH,DAIL,,,
11034,"Malvan To Kasal Via Bagayat",Malvan,Kasal,BAGAYAT,MO,6281,Kasal,36.9,,,मालवण,कसाल,36.9,12:00,13:15,SCH,DAIL,,,
11056,"Malvan To Kawawadi Masure",Malvan,"Kawawadi Masure",,MO,6915,Malvan,,,,मालवण,मसुरेकावा,22,07:30,08:20,SCL,DAIL,,,
11056,"Malvan To Kawawadi Masure",Malvan,"Kawawadi Masure",,MO,6889,Kolamb,3.3,,,मालवण,मसुरेकावा,22,07:30,08:20,SCL,DAIL,,,
11056,"Malvan To Kawawadi Masure",Malvan,"Kawawadi Masure",,MO,6949,"Ozar Rameshwar Nagar",6,,,मालवण,मसुरेकावा,22,07:30,08:20,SCL,DAIL,,,
11056,"Malvan To Kawawadi Masure",Malvan,"Kawawadi Masure",,MO,6865,"Kandalgaon Mandir",8.1,,,मालवण,मसुरेकावा,22,07:30,08:20,SCL,DAIL,,,
11056,"Malvan To Kawawadi Masure",Malvan,"Kawawadi Masure",,MO,6866,"Kandalgaon Parab House",9,,,मालवण,मसुरेकावा,22,07:30,08:20,SCL,DAIL,,,
11056,"Malvan To Kawawadi Masure",Malvan,"Kawawadi Masure",,MO,6986,Salkarwadi,10.1,,,मालवण,मसुरेकावा,22,07:30,08:20,SCL,DAIL,,,
11056,"Malvan To Kawawadi Masure",Malvan,"Kawawadi Masure",,MO,7000,"Talani Pool",12.3,,,मालवण,मसुरेकावा,22,07:30,08:20,SCL,DAIL,,,
11056,"Malvan To Kawawadi Masure",Malvan,"Kawawadi Masure",,MO,6877,Khajanwadi,15,,,मालवण,मसुरेकावा,22,07:30,08:20,SCL,DAIL,,,
11056,"Malvan To Kawawadi Masure",Malvan,"Kawawadi Masure",,MO,6906,"Magavane Fata",17.4,,,मालवण,मसुरेकावा,22,07:30,08:20,SCL,DAIL,,,
11056,"Malvan To Kawawadi Masure",Malvan,"Kawawadi Masure",,MO,6928,"Masure Bazar",19,,,मालवण,मसुरेकावा,22,07:30,08:20,SCL,DAIL,,,
11056,"Malvan To Kawawadi Masure",Malvan,"Kawawadi Masure",,MO,6875,"Kawawadi Masure",22,,,मालवण,मसुरेकावा,22,07:30,08:20,SCL,DAIL,,,
11348,"Kasal To Masure Kawa",Kasal,"Masure Kawa",,MO,6281,Kasal,,,,कसाल,मसुरेकावा,26.7,17:30,18:30,OBL,DAIL,,,
11348,"Kasal To Masure Kawa",Kasal,"Masure Kawa",,MO,6959,"Parbhatle Magam Dukan",3.5,,,कसाल,मसुरेकावा,26.7,17:30,18:30,OBL,DAIL,,,
11348,"Kasal To Masure Kawa",Kasal,"Masure Kawa",,MO,6853,"Hiwale Ratambi",5.6,,,कसाल,मसुरेकावा,26.7,17:30,18:30,OBL,DAIL,,,
11348,"Kasal To Masure Kawa",Kasal,"Masure Kawa",,MO,6890,Koleri,6.7,,,कसाल,मसुरेकावा,26.7,17:30,18:30,OBL,DAIL,,,
11348,"Kasal To Masure Kawa",Kasal,"Masure Kawa",,MO,6851,"Hiwale Gangeshwar",8.7,,,कसाल,मसुरेकावा,26.7,17:30,18:30,OBL,DAIL,,,
11348,"Kasal To Masure Kawa",Kasal,"Masure Kawa",,MO,6944,Navamboli,12.1,,,कसाल,मसुरेकावा,26.7,17:30,18:30,OBL,DAIL,,,
11348,"Kasal To Masure Kawa",Kasal,"Masure Kawa",,MO,6976,"Rathiwade Gunjichiwadi",12.7,,,कसाल,मसुरेकावा,26.7,17:30,18:30,OBL,DAIL,,,
11348,"Kasal To Masure Kawa",Kasal,"Masure Kawa",,MO,6965,"Poip Katta Titha",15.3,,,कसाल,मसुरेकावा,26.7,17:30,18:30,OBL,DAIL,,,
11348,"Kasal To Masure Kawa",Kasal,"Masure Kawa",,MO,7022,"Viran Malvan Titha",15.9,,,कसाल,मसुरेकावा,26.7,17:30,18:30,OBL,DAIL,,,
11348,"Kasal To Masure Kawa",Kasal,"Masure Kawa",,MO,6772,"Belachi Ghadiwadi",17.7,,,कसाल,मसुरेकावा,26.7,17:30,18:30,OBL,DAIL,,,
11348,"Kasal To Masure Kawa",Kasal,"Masure Kawa",,MO,6940,"Muslim Wadi",20.3,,,कसाल,मसुरेकावा,26.7,17:30,18:30,OBL,DAIL,,,
11348,"Kasal To Masure Kawa",Kasal,"Masure Kawa",,MO,6815,"Dngmode Boudhawadi",20.6,,,कसाल,मसुरेकावा,26.7,17:30,18:30,OBL,DAIL,,,
11348,"Kasal To Masure Kawa",Kasal,"Masure Kawa",,MO,6805,"Dangmode Ravalnath Mandir",23.3,,,कसाल,मसुरेकावा,26.7,17:30,18:30,OBL,DAIL,,,
11348,"Kasal To Masure Kawa",Kasal,"Masure Kawa",,MO,6931,"Masure Kawa",26.7,,,कसाल,मसुरेकावा,26.7,17:30,18:30,OBL,DAIL,,,
18845,"Asgani Gpo To Kankavli Via Asrondi Fata","Asgani Gpo",Kankavli,"ASRONDI FATA",MO,6761,"Asgani Gpo",,,,अजगणी,कणकवली,28,06:00,06:45,SCH,DAIL,,,
18845,"Asgani Gpo To Kankavli Via Asrondi Fata","Asgani Gpo",Kankavli,"ASRONDI FATA",MO,3013,Panhalwadi,0.5,,,अजगणी,कणकवली,28,06:00,06:45,SCH,DAIL,,,
18845,"Asgani Gpo To Kankavli Via Asrondi Fata","Asgani Gpo",Kankavli,"ASRONDI FATA",MO,6886,"Kirlos High School",2.4,,,अजगणी,कणकवली,28,06:00,06:45,SCH,DAIL,,,
18845,"Asgani Gpo To Kankavli Via Asrondi Fata","Asgani Gpo",Kankavli,"ASRONDI FATA",MO,6884,Kirlos,5.1,,,अजगणी,कणकवली,28,06:00,06:45,SCH,DAIL,,,
18845,"Asgani Gpo To Kankavli Via Asrondi Fata","Asgani Gpo",Kankavli,"ASRONDI FATA",MO,6886,"Kirlos High School",7.8,,,अजगणी,कणकवली,28,06:00,06:45,SCH,DAIL,,,
18845,"Asgani Gpo To Kankavli Via Asrondi Fata","Asgani Gpo",Kankavli,"ASRONDI FATA",MO,7024,"Wadacha Naka Hospital",9,,,अजगणी,कणकवली,28,06:00,06:45,SCH,DAIL,,,
18845,"Asgani Gpo To Kankavli Via Asrondi Fata","Asgani Gpo",Kankavli,"ASRONDI FATA",MO,6995,"Shiravande Gpo",9.7,,,अजगणी,कणकवली,28,06:00,06:45,SCH,DAIL,,,
18845,"Asgani Gpo To Kankavli Via Asrondi Fata","Asgani Gpo",Kankavli,"ASRONDI FATA",MO,6767,"Asrondi Sima",11.9,,,अजगणी,कणकवली,28,06:00,06:45,SCH,DAIL,,,
18845,"Asgani Gpo To Kankavli Via Asrondi Fata","Asgani Gpo",Kankavli,"ASRONDI FATA",MO,6765,"Asrondi Marathi School",12.6,,,अजगणी,कणकवली,28,06:00,06:45,SCH,DAIL,,,
18845,"Asgani Gpo To Kankavli Via Asrondi Fata","Asgani Gpo",Kankavli,"ASRONDI FATA",MO,2804,"Kasral Sada Dhangarwada",15,,,अजगणी,कणकवली,28,06:00,06:45,SCH,DAIL,,,
18845,"Asgani Gpo To Kankavli Via Asrondi Fata","Asgani Gpo",Kankavli,"ASRONDI FATA",MO,2806,"Kasral Shivaji Putala",16.6,,,अजगणी,कणकवली,28,06:00,06:45,SCH,DAIL,,,
18845,"Asgani Gpo To Kankavli Via Asrondi Fata","Asgani Gpo",Kankavli,"ASRONDI FATA",MO,2853,"Masansada Satral Titha",17.6,,,अजगणी,कणकवली,28,06:00,06:45,SCH,DAIL,,,
18845,"Asgani Gpo To Kankavli Via Asrondi Fata","Asgani Gpo",Kankavli,"ASRONDI FATA",MO,2645,"Asrondi Fata",20.4,,,अजगणी,कणकवली,28,06:00,06:45,SCH,DAIL,,,
18845,"Asgani Gpo To Kankavli Via Asrondi Fata","Asgani Gpo",Kankavli,"ASRONDI FATA",MO,3001,"Wagade Gpo",20.7,,,अजगणी,कणकवली,28,06:00,06:45,SCH,DAIL,,,
18845,"Asgani Gpo To Kankavli Via Asrondi Fata","Asgani Gpo",Kankavli,"ASRONDI FATA",MO,2786,Kankavli,28,,,अजगणी,कणकवली,28,06:00,06:45,SCH,DAIL,,,
20169,"Kasal To Malvan Via Katta",Kasal,Malvan,KATTA,MO,6281,Kasal,,,,कसाल,मालवण,39.2,10:20,11:40,SCL,DAIL,"6 तांसात डयुटी संपते",,
20169,"Kasal To Malvan Via Katta",Kasal,Malvan,KATTA,MO,6843,"Hedul Loharwadi",3.2,,,कसाल,मालवण,39.2,10:20,11:40,SCL,DAIL,"6 तांसात डयुटी संपते",,
20169,"Kasal To Malvan Via Katta",Kasal,Malvan,KATTA,MO,6844,"Hedul Vinanti",6,,,कसाल,मालवण,39.2,10:20,11:40,SCL,DAIL,"6 तांसात डयुटी संपते",,
20169,"Kasal To Malvan Via Katta",Kasal,Malvan,KATTA,MO,6883,"Khotale School",6.8,,,कसाल,मालवण,39.2,10:20,11:40,SCL,DAIL,"6 तांसात डयुटी संपते",,
20169,"Kasal To Malvan Via Katta",Kasal,Malvan,KATTA,MO,7029,"Waingawade Amba",8.8,,,कसाल,मालवण,39.2,10:20,11:40,SCL,DAIL,"6 तांसात डयुटी संपते",,
20169,"Kasal To Malvan Via Katta",Kasal,Malvan,KATTA,MO,7033,"Waingawade Teli Dukan",12.6,,,कसाल,मालवण,39.2,10:20,11:40,SCL,DAIL,"6 तांसात डयुटी संपते",,
20169,"Kasal To Malvan Via Katta",Kasal,Malvan,KATTA,MO,6814,"Dikwal Fata",14.5,,,कसाल,मालवण,39.2,10:20,11:40,SCL,DAIL,"6 तांसात डयुटी संपते",,
20169,"Kasal To Malvan Via Katta",Kasal,Malvan,KATTA,MO,6895,Kumame,17.3,,,कसाल,मालवण,39.2,10:20,11:40,SCL,DAIL,"6 तांसात डयुटी संपते",,
20169,"Kasal To Malvan Via Katta",Kasal,Malvan,KATTA,MO,6870,Katta,21.2,,,कसाल,मालवण,39.2,10:20,11:40,SCL,DAIL,"6 तांसात डयुटी संपते",,
20169,"Kasal To Malvan Via Katta",Kasal,Malvan,KATTA,MO,6770,Bagwadi,22.6,,,कसाल,मालवण,39.2,10:20,11:40,SCL,DAIL,"6 तांसात डयुटी संपते",,
20169,"Kasal To Malvan Via Katta",Kasal,Malvan,KATTA,MO,6985,"Salel Nangarbhat",26.3,,,कसाल,मालवण,39.2,10:20,11:40,SCL,DAIL,"6 तांसात डयुटी संपते",,
20169,"Kasal To Malvan Via Katta",Kasal,Malvan,KATTA,MO,6799,Chouke,29.6,,,कसाल,मालवण,39.2,10:20,11:40,SCL,DAIL,"6 तांसात डयुटी संपते",,
20169,"Kasal To Malvan Via Katta",Kasal,Malvan,KATTA,MO,6750,"Ajagaonkar Bangala",32.4,,,कसाल,मालवण,39.2,10:20,11:40,SCL,DAIL,"6 तांसात डयुटी संपते",,
20169,"Kasal To Malvan Via Katta",Kasal,Malvan,KATTA,MO,6897,"Kumbharmath Govekar Dukan",34.5,,,कसाल,मालवण,39.2,10:20,11:40,SCL,DAIL,"6 तांसात डयुटी संपते",,
20169,"Kasal To Malvan Via Katta",Kasal,Malvan,KATTA,MO,6915,Malvan,42,,,कसाल,मालवण,39.2,10:20,11:40,SCL,DAIL,"6 तांसात डयुटी संपते",,
61871,"Malvan To Kankavli Via Anganewadi",Malvan,Kankavli,ANGANEWADI,MO,6915,Malvan,,,,मालवण,कणकवली,55.3,14:15,16:00,SCL,DAIL,,,
61871,"Malvan To Kankavli Via Anganewadi",Malvan,Kankavli,ANGANEWADI,MO,6746,Adari,3.1,,,मालवण,कणकवली,55.3,14:15,16:00,SCL,DAIL,,,
61871,"Malvan To Kankavli Via Anganewadi",Malvan,Kankavli,ANGANEWADI,MO,6779,"Bhagat Nursary",5.8,,,मालवण,कणकवली,55.3,14:15,16:00,SCL,DAIL,,,
61871,"Malvan To Kankavli Via Anganewadi",Malvan,Kankavli,ANGANEWADI,MO,6908,Mahan,8.4,,,मालवण,कणकवली,55.3,14:15,16:00,SCL,DAIL,,,
61871,"Malvan To Kankavli Via Anganewadi",Malvan,Kankavli,ANGANEWADI,MO,6757,"Anganewadi Fata",11.8,,,मालवण,कणकवली,55.3,14:15,16:00,SCL,DAIL,,,
61871,"Malvan To Kankavli Via Anganewadi",Malvan,Kankavli,ANGANEWADI,MO,6756,Anganewadi,13.7,,,मालवण,कणकवली,55.3,14:15,16:00,SCL,DAIL,,,
61871,"Malvan To Kankavli Via Anganewadi",Malvan,Kankavli,ANGANEWADI,MO,6806,"Datta Mandir",15,,,मालवण,कणकवली,55.3,14:15,16:00,SCL,DAIL,,,
61871,"Malvan To Kankavli Via Anganewadi",Malvan,Kankavli,ANGANEWADI,MO,6784,"Bharteshwar Mandir",18,,,मालवण,कणकवली,55.3,14:15,16:00,SCL,DAIL,,,
61871,"Malvan To Kankavli Via Anganewadi",Malvan,Kankavli,ANGANEWADI,MO,6769,Bagayat,21.2,,,मालवण,कणकवली,55.3,14:15,16:00,SCL,DAIL,,,
61871,"Malvan To Kankavli Via Anganewadi",Malvan,Kankavli,ANGANEWADI,MO,6925,"Masade Titha",23.1,,,मालवण,कणकवली,55.3,14:15,16:00,SCL,DAIL,,,
61871,"Malvan To Kankavli Via Anganewadi",Malvan,Kankavli,ANGANEWADI,MO,6924,"Masade School",24.4,,,मालवण,कणकवली,55.3,14:15,16:00,SCL,DAIL,,,
61871,"Malvan To Kankavli Via Anganewadi",Malvan,Kankavli,ANGANEWADI,MO,7019,Viran,26.1,,,मालवण,कणकवली,55.3,14:15,16:00,SCL,DAIL,,,
61871,"Malvan To Kankavli Via Anganewadi",Malvan,Kankavli,ANGANEWADI,MO,6964,Poip,27.2,,,मालवण,कणकवली,55.3,14:15,16:00,SCL,DAIL,,,
61871,"Malvan To Kankavli Via Anganewadi",Malvan,Kankavli,ANGANEWADI,MO,6975,"Rathiwade Bhakardev",29.7,,,मालवण,कणकवली,55.3,14:15,16:00,SCL,DAIL,,,
61871,"Malvan To Kankavli Via Anganewadi",Malvan,Kankavli,ANGANEWADI,MO,6974,Rathiwade,30.2,,,मालवण,कणकवली,55.3,14:15,16:00,SCL,DAIL,,,
61871,"Malvan To Kankavli Via Anganewadi",Malvan,Kankavli,ANGANEWADI,MO,6762,"Asgani Parkar Shop",32.1,,,मालवण,कणकवली,55.3,14:15,16:00,SCL,DAIL,,,
61871,"Malvan To Kankavli Via Anganewadi",Malvan,Kankavli,ANGANEWADI,MO,6760,"Asgani Chavan Dukan",34.6,,,मालवण,कणकवली,55.3,14:15,16:00,SCL,DAIL,,,
61871,"Malvan To Kankavli Via Anganewadi",Malvan,Kankavli,ANGANEWADI,MO,7023,"Wadacha Naka",37.2,,,मालवण,कणकवली,55.3,14:15,16:00,SCL,DAIL,,,
61871,"Malvan To Kankavli Via Anganewadi",Malvan,Kankavli,ANGANEWADI,MO,6995,"Shiravande Gpo",38.5,,,मालवण,कणकवली,55.3,14:15,16:00,SCL,DAIL,,,
61871,"Malvan To Kankavli Via Anganewadi",Malvan,Kankavli,ANGANEWADI,MO,6767,"Asrondi Sima",39.5,,,मालवण,कणकवली,55.3,14:15,16:00,SCL,DAIL,,,
61871,"Malvan To Kankavli Via Anganewadi",Malvan,Kankavli,ANGANEWADI,MO,2805,"Kasral Sada Wad",42.1,,,मालवण,कणकवली,55.3,14:15,16:00,SCL,DAIL,,,
61871,"Malvan To Kankavli Via Anganewadi",Malvan,Kankavli,ANGANEWADI,MO,2803,"Kasral Gpo",43.7,,,मालवण,कणकवली,55.3,14:15,16:00,SCL,DAIL,,,
61871,"Malvan To Kankavli Via Anganewadi",Malvan,Kankavli,ANGANEWADI,MO,2853,"Masansada Satral Titha",45.5,,,मालवण,कणकवली,55.3,14:15,16:00,SCL,DAIL,,,
61871,"Malvan To Kankavli Via Anganewadi",Malvan,Kankavli,ANGANEWADI,MO,3002,Wagde,48.2,,,मालवण,कणकवली,55.3,14:15,16:00,SCL,DAIL,,,
61871,"Malvan To Kankavli Via Anganewadi",Malvan,Kankavli,ANGANEWADI,MO,2786,Kankavli,55.3,,,मालवण,कणकवली,55.3,14:15,16:00,SCL,DAIL,,,
62966,"Malvan To Kankavli Via Malond",Malvan,Kankavli,MALOND,MO,6915,Malvan,,,,मालवण,कणकवली,55.3,16:30,18:15,SCH,DAIL,,,
62966,"Malvan To Kankavli Via Malond",Malvan,Kankavli,MALOND,MO,6746,Adari,3,,,मालवण,कणकवली,55.3,16:30,18:15,SCH,DAIL,,,
62966,"Malvan To Kankavli Via Malond",Malvan,Kankavli,MALOND,MO,6779,"Bhagat Nursary",6,,,मालवण,कणकवली,55.3,16:30,18:15,SCH,DAIL,,,
62966,"Malvan To Kankavli Via Malond",Malvan,Kankavli,MALOND,MO,6908,Mahan,9,,,मालवण,कणकवली,55.3,16:30,18:15,SCH,DAIL,,,
62966,"Malvan To Kankavli Via Malond",Malvan,Kankavli,MALOND,MO,6787,"Bilwas Datta Mandir",12,,,मालवण,कणकवली,55.3,16:30,18:15,SCH,DAIL,,,
62966,"Malvan To Kankavli Via Malond",Malvan,Kankavli,MALOND,MO,6769,Bagayat,15,,,मालवण,कणकवली,55.3,16:30,18:15,SCH,DAIL,,,
62966,"Malvan To Kankavli Via Malond",Malvan,Kankavli,MALOND,MO,6925,"Masade Titha",16.5,,,मालवण,कणकवली,55.3,16:30,18:15,SCH,DAIL,,,
62966,"Malvan To Kankavli Via Malond",Malvan,Kankavli,MALOND,MO,6924,"Masade School",18,,,मालवण,कणकवली,55.3,16:30,18:15,SCH,DAIL,,,
62966,"Malvan To Kankavli Via Malond",Malvan,Kankavli,MALOND,MO,7019,Viran,21,,,मालवण,कणकवली,55.3,16:30,18:15,SCH,DAIL,,,
62966,"Malvan To Kankavli Via Malond",Malvan,Kankavli,MALOND,MO,6801,"Chunavare Fata",24,,,मालवण,कणकवली,55.3,16:30,18:15,SCH,DAIL,,,
62966,"Malvan To Kankavli Via Malond",Malvan,Kankavli,MALOND,MO,6913,Malond,27,,,मालवण,कणकवली,55.3,16:30,18:15,SCH,DAIL,,,
62966,"Malvan To Kankavli Via Malond",Malvan,Kankavli,MALOND,MO,6801,"Chunavare Fata",30,,,मालवण,कणकवली,55.3,16:30,18:15,SCH,DAIL,,,
62966,"Malvan To Kankavli Via Malond",Malvan,Kankavli,MALOND,MO,7019,Viran,31.5,,,मालवण,कणकवली,55.3,16:30,18:15,SCH,DAIL,,,
62966,"Malvan To Kankavli Via Malond",Malvan,Kankavli,MALOND,MO,6964,Poip,33,,,मालवण,कणकवली,55.3,16:30,18:15,SCH,DAIL,,,
62966,"Malvan To Kankavli Via Malond",Malvan,Kankavli,MALOND,MO,6975,"Rathiwade Bhakardev",36,,,मालवण,कणकवली,55.3,16:30,18:15,SCH,DAIL,,,
62966,"Malvan To Kankavli Via Malond",Malvan,Kankavli,MALOND,MO,6775,"Belane Fata",38.1,,,मालवण,कणकवली,55.3,16:30,18:15,SCH,DAIL,,,
62966,"Malvan To Kankavli Via Malond",Malvan,Kankavli,MALOND,MO,6762,"Asgani Parkar Shop",39,,,मालवण,कणकवली,55.3,16:30,18:15,SCH,DAIL,,,
62966,"Malvan To Kankavli Via Malond",Malvan,Kankavli,MALOND,MO,6760,"Asgani Chavan Dukan",42,,,मालवण,कणकवली,55.3,16:30,18:15,SCH,DAIL,,,
62966,"Malvan To Kankavli Via Malond",Malvan,Kankavli,MALOND,MO,7024,"Wadacha Naka Hospital",45,,,मालवण,कणकवली,55.3,16:30,18:15,SCH,DAIL,,,
62966,"Malvan To Kankavli Via Malond",Malvan,Kankavli,MALOND,MO,6767,"Asrondi Sima",48,,,मालवण,कणकवली,55.3,16:30,18:15,SCH,DAIL,,,
62966,"Malvan To Kankavli Via Malond",Malvan,Kankavli,MALOND,MO,2805,"Kasral Sada Wad",51,,,मालवण,कणकवली,55.3,16:30,18:15,SCH,DAIL,,,
62966,"Malvan To Kankavli Via Malond",Malvan,Kankavli,MALOND,MO,2853,"Masansada Satral Titha",54,,,मालवण,कणकवली,55.3,16:30,18:15,SCH,DAIL,,,
62966,"Malvan To Kankavli Via Malond",Malvan,Kankavli,MALOND,MO,3002,Wagde,55.2,,,मालवण,कणकवली,55.3,16:30,18:15,SCH,DAIL,,,
62966,"Malvan To Kankavli Via Malond",Malvan,Kankavli,MALOND,MO,2786,Kankavli,55.3,,,मालवण,कणकवली,55.3,16:30,18:15,SCH,DAIL,,,
77537,"Belne To Malvan Via Maladi",Belne,Malvan,MALADI,MO,6776,Belne,,,,बेळणे,मालवण,38,05:30,07:10,SCL,DAIL,,,
77537,"Belne To Malvan Via Maladi",Belne,Malvan,MALADI,MO,6974,Rathiwade,2.2,,,बेळणे,मालवण,38,05:30,07:10,SCL,DAIL,,,
77537,"Belne To Malvan Via Maladi",Belne,Malvan,MALADI,MO,6975,"Rathiwade Bhakardev",4.8,,,बेळणे,मालवण,38,05:30,07:10,SCL,DAIL,,,
77537,"Belne To Malvan Via Maladi",Belne,Malvan,MALADI,MO,6964,Poip,8.5,,,बेळणे,मालवण,38,05:30,07:10,SCL,DAIL,,,
77537,"Belne To Malvan Via Maladi",Belne,Malvan,MALADI,MO,7022,"Viran Malvan Titha",9.2,,,बेळणे,मालवण,38,05:30,07:10,SCL,DAIL,,,
77537,"Belne To Malvan Via Maladi",Belne,Malvan,MALADI,MO,6801,"Chunavare Fata",10.7,,,बेळणे,मालवण,38,05:30,07:10,SCL,DAIL,,,
77537,"Belne To Malvan Via Maladi",Belne,Malvan,MALADI,MO,6911,Maladi,12.8,,,बेळणे,मालवण,38,05:30,07:10,SCL,DAIL,,,
77537,"Belne To Malvan Via Maladi",Belne,Malvan,MALADI,MO,6801,"Chunavare Fata",14.9,,,बेळणे,मालवण,38,05:30,07:10,SCL,DAIL,,,
77537,"Belne To Malvan Via Maladi",Belne,Malvan,MALADI,MO,7019,Viran,15.2,,,बेळणे,मालवण,38,05:30,07:10,SCL,DAIL,,,
77537,"Belne To Malvan Via Maladi",Belne,Malvan,MALADI,MO,6924,"Masade School",18.2,,,बेळणे,मालवण,38,05:30,07:10,SCL,DAIL,,,
77537,"Belne To Malvan Via Maladi",Belne,Malvan,MALADI,MO,6925,"Masade Titha",19.5,,,बेळणे,मालवण,38,05:30,07:10,SCL,DAIL,,,
77537,"Belne To Malvan Via Maladi",Belne,Malvan,MALADI,MO,6769,Bagayat,21.3,,,बेळणे,मालवण,38,05:30,07:10,SCL,DAIL,,,
77537,"Belne To Malvan Via Maladi",Belne,Malvan,MALADI,MO,6787,"Bilwas Datta Mandir",24.2,,,बेळणे,मालवण,38,05:30,07:10,SCL,DAIL,,,
77537,"Belne To Malvan Via Maladi",Belne,Malvan,MALADI,MO,6757,"Anganewadi Fata",25.6,,,बेळणे,मालवण,38,05:30,07:10,SCL,DAIL,,,
77537,"Belne To Malvan Via Maladi",Belne,Malvan,MALADI,MO,6908,Mahan,26.9,,,बेळणे,मालवण,38,05:30,07:10,SCL,DAIL,,,
77537,"Belne To Malvan Via Maladi",Belne,Malvan,MALADI,MO,6779,"Bhagat Nursary",29.1,,,बेळणे,मालवण,38,05:30,07:10,SCL,DAIL,,,
77537,"Belne To Malvan Via Maladi",Belne,Malvan,MALADI,MO,6873,"Katwad Acharekar Shop",29.8,,,बेळणे,मालवण,38,05:30,07:10,SCL,DAIL,,,
77537,"Belne To Malvan Via Maladi",Belne,Malvan,MALADI,MO,6746,Adari,31.9,,,बेळणे,मालवण,38,05:30,07:10,SCL,DAIL,,,
77537,"Belne To Malvan Via Maladi",Belne,Malvan,MALADI,MO,6915,Malvan,38,,,बेळणे,मालवण,38,05:30,07:10,SCL,DAIL,,,
91153,"Malvan To Niwati Bandar",Malvan,"Niwati Bandar",,MO,6915,Malvan,,,,मालवण,निवती,26.1,12:00,13:00,OBL,DAIL,,,
91153,"Malvan To Niwati Bandar",Malvan,"Niwati Bandar",,MO,6849,"Hirloskar House",3,,,मालवण,निवती,26.1,12:00,13:00,OBL,DAIL,,,
91153,"Malvan To Niwati Bandar",Malvan,"Niwati Bandar",,MO,7013,"Vamanshet Hotel",6,,,मालवण,निवती,26.1,12:00,13:00,OBL,DAIL,,,
91153,"Malvan To Niwati Bandar",Malvan,"Niwati Bandar",,MO,6903,"Madi Dukan",8.2,,,मालवण,निवती,26.1,12:00,13:00,OBL,DAIL,,,
91153,"Malvan To Niwati Bandar",Malvan,"Niwati Bandar",,MO,9654,"Jai Bhavani",11.9,,,मालवण,निवती,26.1,12:00,13:00,OBL,DAIL,,,
91153,"Malvan To Niwati Bandar",Malvan,"Niwati Bandar",,MO,9609,"Bandhalela Amba",12,,,मालवण,निवती,26.1,12:00,13:00,OBL,DAIL,,,
91153,"Malvan To Niwati Bandar",Malvan,"Niwati Bandar",,MO,9750,Parule,12.6,,,मालवण,निवती,26.1,12:00,13:00,OBL,DAIL,,,
91153,"Malvan To Niwati Bandar",Malvan,"Niwati Bandar",,MO,9587,"Adinarayan Mandir",13.2,,,मालवण,निवती,26.1,12:00,13:00,OBL,DAIL,,,
91153,"Malvan To Niwati Bandar",Malvan,"Niwati Bandar",,MO,9590,"Ajarwadi P.H.C.",16.5,,,मालवण,निवती,26.1,12:00,13:00,OBL,DAIL,,,
91153,"Malvan To Niwati Bandar",Malvan,"Niwati Bandar",,MO,9714,Mhapan,19.2,,,मालवण,निवती,26.1,12:00,13:00,OBL,DAIL,,,
91153,"Malvan To Niwati Bandar",Malvan,"Niwati Bandar",,MO,9720,"Mhapan Sateri Mandir",20.3,,,मालवण,निवती,26.1,12:00,13:00,OBL,DAIL,,,
91153,"Malvan To Niwati Bandar",Malvan,"Niwati Bandar",,MO,9715,"Mhapan Ambedkar Nagar",21.2,,,मालवण,निवती,26.1,12:00,13:00,OBL,DAIL,,,
91153,"Malvan To Niwati Bandar",Malvan,"Niwati Bandar",,MO,9777,Sati,22.1,,,मालवण,निवती,26.1,12:00,13:00,OBL,DAIL,,,
91153,"Malvan To Niwati Bandar",Malvan,"Niwati Bandar",,MO,9741,"Niwati Bandar",26.1,,,मालवण,निवती,26.1,12:00,13:00,OBL,DAIL,,,
107812,"Kudal St Depot To Malvan Via Chouke","Kudal St Depot",Malvan,CHOUKE,MO,6240,"Kudal St Depot",,,,"कुडाळ आगार",मालवण,32.5,06:30,07:30,"RAIL CN",DAIL,,,
107812,"Kudal St Depot To Malvan Via Chouke","Kudal St Depot",Malvan,CHOUKE,MO,6237,"Kudal St Depot",1.5,,,"कुडाळ आगार",मालवण,32.5,06:30,07:30,"RAIL CN",DAIL,,,
107812,"Kudal St Depot To Malvan Via Chouke","Kudal St Depot",Malvan,CHOUKE,MO,6351,"Nerur Jakat",5.5,,,"कुडाळ आगार",मालवण,32.5,06:30,07:30,"RAIL CN",DAIL,,,
107812,"Kudal St Depot To Malvan Via Chouke","Kudal St Depot",Malvan,CHOUKE,MO,6435,"Thakur Temb",8.6,,,"कुडाळ आगार",मालवण,32.5,06:30,07:30,"RAIL CN",DAIL,,,
107812,"Kudal St Depot To Malvan Via Chouke","Kudal St Depot",Malvan,CHOUKE,MO,6335,Nerurpar,9.1,,,"कुडाळ आगार",मालवण,32.5,06:30,07:30,"RAIL CN",DAIL,,,
107812,"Kudal St Depot To Malvan Via Chouke","Kudal St Depot",Malvan,CHOUKE,MO,6979,"Ravalnath Mandir",11.7,,,"कुडाळ आगार",मालवण,32.5,06:30,07:30,"RAIL CN",DAIL,,,
107812,"Kudal St Depot To Malvan Via Chouke","Kudal St Depot",Malvan,CHOUKE,MO,6821,"Gavaldeo Amba",14.7,,,"कुडाळ आगार",मालवण,32.5,06:30,07:30,"RAIL CN",DAIL,,,
107812,"Kudal St Depot To Malvan Via Chouke","Kudal St Depot",Malvan,CHOUKE,MO,6829,Godyachiwadi,18.4,,,"कुडाळ आगार",मालवण,32.5,06:30,07:30,"RAIL CN",DAIL,,,
107812,"Kudal St Depot To Malvan Via Chouke","Kudal St Depot",Malvan,CHOUKE,MO,6799,Chouke,21.2,,,"कुडाळ आगार",मालवण,32.5,06:30,07:30,"RAIL CN",DAIL,,,
107812,"Kudal St Depot To Malvan Via Chouke","Kudal St Depot",Malvan,CHOUKE,MO,6750,"Ajagaonkar Bangala",26.5,,,"कुडाळ आगार",मालवण,32.5,06:30,07:30,"RAIL CN",DAIL,,,
107812,"Kudal St Depot To Malvan Via Chouke","Kudal St Depot",Malvan,CHOUKE,MO,6897,"Kumbharmath Govekar Dukan",27.3,,,"कुडाळ आगार",मालवण,32.5,06:30,07:30,"RAIL CN",DAIL,,,
107812,"Kudal St Depot To Malvan Via Chouke","Kudal St Depot",Malvan,CHOUKE,MO,6915,Malvan,29.8,,,"कुडाळ आगार",मालवण,32.5,06:30,07:30,"RAIL CN",DAIL,,,
125430,"Anganewadi To Tirawade",Anganewadi,Tirawade,,MO,6756,Anganewadi,,,,आंगणेवाडी,तिरवडे,24.9,06:40,08:05,SCH,DAIL,,,
125430,"Anganewadi To Tirawade",Anganewadi,Tirawade,,MO,6806,"Datta Mandir",2.5,,,आंगणेवाडी,तिरवडे,24.9,06:40,08:05,SCH,DAIL,,,
125430,"Anganewadi To Tirawade",Anganewadi,Tirawade,,MO,6784,"Bharteshwar Mandir",3.4,,,आंगणेवाडी,तिरवडे,24.9,06:40,08:05,SCH,DAIL,,,
125430,"Anganewadi To Tirawade",Anganewadi,Tirawade,,MO,6769,Bagayat,4.2,,,आंगणेवाडी,तिरवडे,24.9,06:40,08:05,SCH,DAIL,,,
125430,"Anganewadi To Tirawade",Anganewadi,Tirawade,,MO,6925,"Masade Titha",5.6,,,आंगणेवाडी,तिरवडे,24.9,06:40,08:05,SCH,DAIL,,,
125430,"Anganewadi To Tirawade",Anganewadi,Tirawade,,MO,6945,"Navpat High School",6.5,,,आंगणेवाडी,तिरवडे,24.9,06:40,08:05,SCH,DAIL,,,
125430,"Anganewadi To Tirawade",Anganewadi,Tirawade,,MO,6830,"Golvan Boudhawadi",9.5,,,आंगणेवाडी,तिरवडे,24.9,06:40,08:05,SCH,DAIL,,,
125430,"Anganewadi To Tirawade",Anganewadi,Tirawade,,MO,6814,"Dikwal Fata",13.5,,,आंगणेवाडी,तिरवडे,24.9,06:40,08:05,SCH,DAIL,,,
125430,"Anganewadi To Tirawade",Anganewadi,Tirawade,,MO,6895,Kumame,15.7,,,आंगणेवाडी,तिरवडे,24.9,06:40,08:05,SCH,DAIL,,,
125430,"Anganewadi To Tirawade",Anganewadi,Tirawade,,MO,6870,Katta,18.5,,,आंगणेवाडी,तिरवडे,24.9,06:40,08:05,SCH,DAIL,,,
125430,"Anganewadi To Tirawade",Anganewadi,Tirawade,,MO,7006,"Tirawade Fata (Right)",21.9,,,आंगणेवाडी,तिरवडे,24.9,06:40,08:05,SCH,DAIL,,,
125430,"Anganewadi To Tirawade",Anganewadi,Tirawade,,MO,7005,Tirawade,24.9,,,आंगणेवाडी,तिरवडे,24.9,06:40,08:05,SCH,DAIL,,,
125468,"Malvan To Dewali Via Chouke",Malvan,Dewali,CHOUKE,MO,6915,Malvan,,,,मालवण,देवली,14,12:20,12:50,SCH,DAIL,,,
125468,"Malvan To Dewali Via Chouke",Malvan,Dewali,CHOUKE,MO,6897,"Kumbharmath Govekar Dukan",6.5,,,मालवण,देवली,14,12:20,12:50,SCH,DAIL,,,
125468,"Malvan To Dewali Via Chouke",Malvan,Dewali,CHOUKE,MO,6750,"Ajagaonkar Bangala",8.6,,,मालवण,देवली,14,12:20,12:50,SCH,DAIL,,,
125468,"Malvan To Dewali Via Chouke",Malvan,Dewali,CHOUKE,MO,6799,Chouke,11.4,,,मालवण,देवली,14,12:20,12:50,SCH,DAIL,,,
125468,"Malvan To Dewali Via Chouke",Malvan,Dewali,CHOUKE,MO,6904,Madkhol,12,,,मालवण,देवली,14,12:20,12:50,SCH,DAIL,,,
125468,"Malvan To Dewali Via Chouke",Malvan,Dewali,CHOUKE,MO,6809,Dewali,14,,,मालवण,देवली,14,12:20,12:50,SCH,DAIL,,,
125494,"Malvan To Kudal Via Pendur Naka",Malvan,"Kudal St Depot","PENDUR NAKA",MO,6915,Malvan,,,,मालवण,कुडाळ,34,11:30,12:30,SCL,DAIL,"विश्रांती 10.10 ते 11.30",,
125494,"Malvan To Kudal Via Pendur Naka",Malvan,"Kudal St Depot","PENDUR NAKA",MO,6897,"Kumbharmath Govekar Dukan",3.7,,,मालवण,कुडाळ,34,11:30,12:30,SCL,DAIL,"विश्रांती 10.10 ते 11.30",,
125494,"Malvan To Kudal Via Pendur Naka",Malvan,"Kudal St Depot","PENDUR NAKA",MO,6750,"Ajagaonkar Bangala",5.8,,,मालवण,कुडाळ,34,11:30,12:30,SCL,DAIL,"विश्रांती 10.10 ते 11.30",,
125494,"Malvan To Kudal Via Pendur Naka",Malvan,"Kudal St Depot","PENDUR NAKA",MO,6799,Chouke,8.6,,,मालवण,कुडाळ,34,11:30,12:30,SCL,DAIL,"विश्रांती 10.10 ते 11.30",,
125494,"Malvan To Kudal Via Pendur Naka",Malvan,"Kudal St Depot","PENDUR NAKA",MO,6985,"Salel Nangarbhat",11.9,,,मालवण,कुडाळ,34,11:30,12:30,SCL,DAIL,"विश्रांती 10.10 ते 11.30",,
125494,"Malvan To Kudal Via Pendur Naka",Malvan,"Kudal St Depot","PENDUR NAKA",MO,6770,Bagwadi,16.6,,,मालवण,कुडाळ,34,11:30,12:30,SCL,DAIL,"विश्रांती 10.10 ते 11.30",,
125494,"Malvan To Kudal Via Pendur Naka",Malvan,"Kudal St Depot","PENDUR NAKA",MO,6870,Katta,18,,,मालवण,कुडाळ,34,11:30,12:30,SCL,DAIL,"विश्रांती 10.10 ते 11.30",,
125494,"Malvan To Kudal Via Pendur Naka",Malvan,"Kudal St Depot","PENDUR NAKA",MO,6825,Ghotale,19.6,,,मालवण,कुडाळ,34,11:30,12:30,SCL,DAIL,"विश्रांती 10.10 ते 11.30",,
125494,"Malvan To Kudal Via Pendur Naka",Malvan,"Kudal St Depot","PENDUR NAKA",MO,6962,"Pendur Naka",21.3,,,मालवण,कुडाळ,34,11:30,12:30,SCL,DAIL,"विश्रांती 10.10 ते 11.30",,
125494,"Malvan To Kudal Via Pendur Naka",Malvan,"Kudal St Depot","PENDUR NAKA",MO,6963,"Pendur Sateri Mandir",22.4,,,मालवण,कुडाळ,34,11:30,12:30,SCL,DAIL,"विश्रांती 10.10 ते 11.30",,
125494,"Malvan To Kudal Via Pendur Naka",Malvan,"Kudal St Depot","PENDUR NAKA",MO,6958,Parad,23.8,,,मालवण,कुडाळ,34,11:30,12:30,SCL,DAIL,"विश्रांती 10.10 ते 11.30",,
125494,"Malvan To Kudal Via Pendur Naka",Malvan,"Kudal St Depot","PENDUR NAKA",MO,6856,"Hubalicha Mal",26.6,,,मालवण,कुडाळ,34,11:30,12:30,SCL,DAIL,"विश्रांती 10.10 ते 11.30",,
125494,"Malvan To Kudal Via Pendur Naka",Malvan,"Kudal St Depot","PENDUR NAKA",MO,6335,Nerurpar,27.9,,,मालवण,कुडाळ,34,11:30,12:30,SCL,DAIL,"विश्रांती 10.10 ते 11.30",,
125494,"Malvan To Kudal Via Pendur Naka",Malvan,"Kudal St Depot","PENDUR NAKA",MO,6428,Thakurwadi,30.8,,,मालवण,कुडाळ,34,11:30,12:30,SCL,DAIL,"विश्रांती 10.10 ते 11.30",,
125494,"Malvan To Kudal Via Pendur Naka",Malvan,"Kudal St Depot","PENDUR NAKA",MO,6351,"Nerur Jakat",32,,,मालवण,कुडाळ,34,11:30,12:30,SCL,DAIL,"विश्रांती 10.10 ते 11.30",,
125494,"Malvan To Kudal Via Pendur Naka",Malvan,"Kudal St Depot","PENDUR NAKA",MO,6237,"Kudal St Depot",34,,,मालवण,कुडाळ,34,11:30,12:30,SCL,DAIL,"विश्रांती 10.10 ते 11.30",,
148320,"Malvan To Viran Via Bagayat",Malvan,Viran,BAGAYAT,MO,6915,Malvan,,,,मालवण,विरण,21.6,19:50,20:35,SCH,DAIL,,,
148320,"Malvan To Viran Via Bagayat",Malvan,Viran,BAGAYAT,MO,6746,Adari,5.3,,,मालवण,विरण,21.6,19:50,20:35,SCH,DAIL,,,
148320,"Malvan To Viran Via Bagayat",Malvan,Viran,BAGAYAT,MO,6779,"Bhagat Nursary",8,,,मालवण,विरण,21.6,19:50,20:35,SCH,DAIL,,,
148320,"Malvan To Viran Via Bagayat",Malvan,Viran,BAGAYAT,MO,6908,Mahan,11.4,,,मालवण,विरण,21.6,19:50,20:35,SCH,DAIL,,,
148320,"Malvan To Viran Via Bagayat",Malvan,Viran,BAGAYAT,MO,6787,"Bilwas Datta Mandir",14.8,,,मालवण,विरण,21.6,19:50,20:35,SCH,DAIL,,,
148320,"Malvan To Viran Via Bagayat",Malvan,Viran,BAGAYAT,MO,6769,Bagayat,18.5,,,मालवण,विरण,21.6,19:50,20:35,SCH,DAIL,,,
148320,"Malvan To Viran Via Bagayat",Malvan,Viran,BAGAYAT,MO,6925,"Masade Titha",20.5,,,मालवण,विरण,21.6,19:50,20:35,SCH,DAIL,,,
148320,"Malvan To Viran Via Bagayat",Malvan,Viran,BAGAYAT,MO,6924,"Masade School",21.5,,,मालवण,विरण,21.6,19:50,20:35,SCH,DAIL,,,
148320,"Malvan To Viran Via Bagayat",Malvan,Viran,BAGAYAT,MO,7019,Viran,25,,,मालवण,विरण,21.6,19:50,20:35,SCH,DAIL,,,
148823,"Katta To Golvan School Via Kumame",Katta,"Golvan School",KUMAME,MO,6870,Katta,,,,कट्टा,गोळवण,15,17:10,17:40,SCL,DAIL,"विश्रांती 15.20 ते 16.20",,
148823,"Katta To Golvan School Via Kumame",Katta,"Golvan School",KUMAME,MO,6895,Kumame,3,,,कट्टा,गोळवण,15,17:10,17:40,SCL,DAIL,"विश्रांती 15.20 ते 16.20",,
148823,"Katta To Golvan School Via Kumame",Katta,"Golvan School",KUMAME,MO,6814,"Dikwal Fata",6,,,कट्टा,गोळवण,15,17:10,17:40,SCL,DAIL,"विश्रांती 15.20 ते 16.20",,
148823,"Katta To Golvan School Via Kumame",Katta,"Golvan School",KUMAME,MO,6813,Dikwal,9,,,कट्टा,गोळवण,15,17:10,17:40,SCL,DAIL,"विश्रांती 15.20 ते 16.20",,
148823,"Katta To Golvan School Via Kumame",Katta,"Golvan School",KUMAME,MO,6814,"Dikwal Fata",12,,,कट्टा,गोळवण,15,17:10,17:40,SCL,DAIL,"विश्रांती 15.20 ते 16.20",,
148823,"Katta To Golvan School Via Kumame",Katta,"Golvan School",KUMAME,MO,6832,"Golvan School",13,,,कट्टा,गोळवण,15,17:10,17:40,SCL,DAIL,"विश्रांती 15.20 ते 16.20",,
60809,"Kasal To Malvan Via Anganewadi",Kasal,Malvan,ANGANEWADI,MO,6281,Kasal,,,,कसाल,मालवण,36.9,13:30,14:45,OBL,DAIL,,,
60809,"Kasal To Malvan Via Anganewadi",Kasal,Malvan,ANGANEWADI,MO,6959,"Parbhatle Magam Dukan",2,,,कसाल,मालवण,36.9,13:30,14:45,OBL,DAIL,,,
60809,"Kasal To Malvan Via Anganewadi",Kasal,Malvan,ANGANEWADI,MO,6853,"Hiwale Ratambi",3,,,कसाल,मालवण,36.9,13:30,14:45,OBL,DAIL,,,
60809,"Kasal To Malvan Via Anganewadi",Kasal,Malvan,ANGANEWADI,MO,6851,"Hiwale Gangeshwar",6,,,कसाल,मालवण,36.9,13:30,14:45,OBL,DAIL,,,
60809,"Kasal To Malvan Via Anganewadi",Kasal,Malvan,ANGANEWADI,MO,6976,"Rathiwade Gunjichiwadi",9,,,कसाल,मालवण,36.9,13:30,14:45,OBL,DAIL,,,
60809,"Kasal To Malvan Via Anganewadi",Kasal,Malvan,ANGANEWADI,MO,6964,Poip,12,,,कसाल,मालवण,36.9,13:30,14:45,OBL,DAIL,,,
60809,"Kasal To Malvan Via Anganewadi",Kasal,Malvan,ANGANEWADI,MO,7019,Viran,13,,,कसाल,मालवण,36.9,13:30,14:45,OBL,DAIL,,,
60809,"Kasal To Malvan Via Anganewadi",Kasal,Malvan,ANGANEWADI,MO,6924,"Masade School",15,,,कसाल,मालवण,36.9,13:30,14:45,OBL,DAIL,,,
60809,"Kasal To Malvan Via Anganewadi",Kasal,Malvan,ANGANEWADI,MO,6925,"Masade Titha",18,,,कसाल,मालवण,36.9,13:30,14:45,OBL,DAIL,,,
60809,"Kasal To Malvan Via Anganewadi",Kasal,Malvan,ANGANEWADI,MO,6769,Bagayat,21,,,कसाल,मालवण,36.9,13:30,14:45,OBL,DAIL,,,
60809,"Kasal To Malvan Via Anganewadi",Kasal,Malvan,ANGANEWADI,MO,6757,"Anganewadi Fata",22,,,कसाल,मालवण,36.9,13:30,14:45,OBL,DAIL,,,
60809,"Kasal To Malvan Via Anganewadi",Kasal,Malvan,ANGANEWADI,MO,6756,Anganewadi,23.5,,,कसाल,मालवण,36.9,13:30,14:45,OBL,DAIL,,,
60809,"Kasal To Malvan Via Anganewadi",Kasal,Malvan,ANGANEWADI,MO,6757,"Anganewadi Fata",25,,,कसाल,मालवण,36.9,13:30,14:45,OBL,DAIL,,,
60809,"Kasal To Malvan Via Anganewadi",Kasal,Malvan,ANGANEWADI,MO,6908,Mahan,28,,,कसाल,मालवण,36.9,13:30,14:45,OBL,DAIL,,,
60809,"Kasal To Malvan Via Anganewadi",Kasal,Malvan,ANGANEWADI,MO,6779,"Bhagat Nursary",31,,,कसाल,मालवण,36.9,13:30,14:45,OBL,DAIL,,,
60809,"Kasal To Malvan Via Anganewadi",Kasal,Malvan,ANGANEWADI,MO,6746,Adari,34,,,कसाल,मालवण,36.9,13:30,14:45,OBL,DAIL,,,
60809,"Kasal To Malvan Via Anganewadi",Kasal,Malvan,ANGANEWADI,MO,6915,Malvan,36.9,,,कसाल,मालवण,36.9,13:30,14:45,OBL,DAIL,,,
10684,"Chouke To Ambdos",Chouke,Ambdos,,MO,6799,Chouke,,,,चौके,आंबडोस,5,08:30,08:45,OBL,DAIL,,,
10684,"Chouke To Ambdos",Chouke,Ambdos,,MO,6824,Ghartanwadi,3,,,चौके,आंबडोस,5,08:30,08:45,OBL,DAIL,,,
10684,"Chouke To Ambdos",Chouke,Ambdos,,MO,6752,Ambdos,5,,,चौके,आंबडोस,5,08:30,08:45,OBL,DAIL,,,
10686,"Chouke To Dewali",Chouke,Dewali,,MO,6799,Chouke,,,,चौके,देवली,5,16:45,16:55,SCH,DAIL,,,
10686,"Chouke To Dewali",Chouke,Dewali,,MO,6904,Madkhol,2.4,,,चौके,देवली,5,16:45,16:55,SCH,DAIL,,,
10686,"Chouke To Dewali",Chouke,Dewali,,MO,6809,Dewali,5,,,चौके,देवली,5,16:45,16:55,SCH,DAIL,,,
10687,"Salel To Chouke",Salel,Chouke,,MO,6984,Salel,,,,साळेल,चौके,6,09:35,09:55,SCH,DAIL,,,
10687,"Salel To Chouke",Salel,Chouke,,MO,6985,"Salel Nangarbhat",3.6,,,साळेल,चौके,6,09:35,09:55,SCH,DAIL,,,
10687,"Salel To Chouke",Salel,Chouke,,MO,6799,Chouke,6,,,साळेल,चौके,6,09:35,09:55,SCH,DAIL,,,
10902,"Katta To Tirawade",Katta,Tirawade,,MO,6870,Katta,,,,कट्टा,तिरवडे,6.4,10:40,10:55,SCH,DAIL,,,
10902,"Katta To Tirawade",Katta,Tirawade,,MO,7005,Tirawade,6.4,,,कट्टा,तिरवडे,6.4,10:40,10:55,SCH,DAIL,,,
11038,"Malvan To Kasal Via Sindhudurgnagari",Malvan,Kasal,SINDHUDURGNAGARI,MO,6915,Malvan,,,,मालवण,कसाल,37.3,09:05,10:15,OBL,DAIL,,,
11038,"Malvan To Kasal Via Sindhudurgnagari",Malvan,Kasal,SINDHUDURGNAGARI,MO,6897,"Kumbharmath Govekar Dukan",3.7,,,मालवण,कसाल,37.3,09:05,10:15,OBL,DAIL,,,
11038,"Malvan To Kasal Via Sindhudurgnagari",Malvan,Kasal,SINDHUDURGNAGARI,MO,6750,"Ajagaonkar Bangala",5.8,,,मालवण,कसाल,37.3,09:05,10:15,OBL,DAIL,,,
11038,"Malvan To Kasal Via Sindhudurgnagari",Malvan,Kasal,SINDHUDURGNAGARI,MO,6799,Chouke,8.6,,,मालवण,कसाल,37.3,09:05,10:15,OBL,DAIL,,,
11038,"Malvan To Kasal Via Sindhudurgnagari",Malvan,Kasal,SINDHUDURGNAGARI,MO,6985,"Salel Nangarbhat",11.9,,,मालवण,कसाल,37.3,09:05,10:15,OBL,DAIL,,,
11038,"Malvan To Kasal Via Sindhudurgnagari",Malvan,Kasal,SINDHUDURGNAGARI,MO,6770,Bagwadi,15.6,,,मालवण,कसाल,37.3,09:05,10:15,OBL,DAIL,,,
11038,"Malvan To Kasal Via Sindhudurgnagari",Malvan,Kasal,SINDHUDURGNAGARI,MO,6870,Katta,17,,,मालवण,कसाल,37.3,09:05,10:15,OBL,DAIL,,,
11038,"Malvan To Kasal Via Sindhudurgnagari",Malvan,Kasal,SINDHUDURGNAGARI,MO,6993,"Sawarwad Varad Fata",21.1,,,मालवण,कसाल,37.3,09:05,10:15,OBL,DAIL,,,
11038,"Malvan To Kasal Via Sindhudurgnagari",Malvan,Kasal,SINDHUDURGNAGARI,MO,6424,Sukalwad,24.3,,,मालवण,कसाल,37.3,09:05,10:15,OBL,DAIL,,,
11038,"Malvan To Kasal Via Sindhudurgnagari",Malvan,Kasal,SINDHUDURGNAGARI,MO,6392,"Ranbambuli Fata",25.8,,,मालवण,कसाल,37.3,09:05,10:15,OBL,DAIL,,,
11038,"Malvan To Kasal Via Sindhudurgnagari",Malvan,Kasal,SINDHUDURGNAGARI,MO,6360,"Oras Budruk Parabwadi",26.5,,,मालवण,कसाल,37.3,09:05,10:15,OBL,DAIL,,,
11038,"Malvan To Kasal Via Sindhudurgnagari",Malvan,Kasal,SINDHUDURGNAGARI,MO,6408,Sindhudurgnagari,28.3,,,मालवण,कसाल,37.3,09:05,10:15,OBL,DAIL,,,
11038,"Malvan To Kasal Via Sindhudurgnagari",Malvan,Kasal,SINDHUDURGNAGARI,MO,6116,Awali,33.4,,,मालवण,कसाल,37.3,09:05,10:15,OBL,DAIL,,,
11038,"Malvan To Kasal Via Sindhudurgnagari",Malvan,Kasal,SINDHUDURGNAGARI,MO,6281,Kasal,37.3,,,मालवण,कसाल,37.3,09:05,10:15,OBL,DAIL,,,
11060,"Malvan To Salel",Malvan,Salel,,MO,6915,Malvan,,,,मालवण,साळेल,15.9,09:00,09:30,OPT,DAIL,,,
11060,"Malvan To Salel",Malvan,Salel,,MO,6897,"Kumbharmath Govekar Dukan",3.7,,,मालवण,साळेल,15.9,09:00,09:30,OPT,DAIL,,,
11060,"Malvan To Salel",Malvan,Salel,,MO,6750,"Ajagaonkar Bangala",5.8,,,मालवण,साळेल,15.9,09:00,09:30,OPT,DAIL,,,
11060,"Malvan To Salel",Malvan,Salel,,MO,6799,Chouke,8.6,,,मालवण,साळेल,15.9,09:00,09:30,OPT,DAIL,,,
11060,"Malvan To Salel",Malvan,Salel,,MO,6985,"Salel Nangarbhat",11.9,,,मालवण,साळेल,15.9,09:00,09:30,OPT,DAIL,,,
11060,"Malvan To Salel",Malvan,Salel,,MO,6984,Salel,15.9,,,मालवण,साळेल,15.9,09:00,09:30,OPT,DAIL,,,
11279,"Vengurle To Malvan Via Parule",Vengurle,Malvan,PARULE,MO,9824,Vengurle,,,,वेंगुर्ले,मालवण,48,16:00,17:35,OBL,DAIL,,,
11279,"Vengurle To Malvan Via Parule",Vengurle,Malvan,PARULE,MO,9697,"Lokhandewadi Titha",2.8,,,वेंगुर्ले,मालवण,48,16:00,17:35,OBL,DAIL,,,
11279,"Vengurle To Malvan Via Parule",Vengurle,Malvan,PARULE,MO,9625,"Dabholi Matha",5.8,,,वेंगुर्ले,मालवण,48,16:00,17:35,OBL,DAIL,,,
11279,"Vengurle To Malvan Via Parule",Vengurle,Malvan,PARULE,MO,9677,"Khanoli Ganapati Mandir",8.8,,,वेंगुर्ले,मालवण,48,16:00,17:35,OBL,DAIL,,,
11279,"Vengurle To Malvan Via Parule",Vengurle,Malvan,PARULE,MO,9605,"Awere Bridge",11.9,,,वेंगुर्ले,मालवण,48,16:00,17:35,OBL,DAIL,,,
11279,"Vengurle To Malvan Via Parule",Vengurle,Malvan,PARULE,MO,9662,"Kalvi Titha",15.4,,,वेंगुर्ले,मालवण,48,16:00,17:35,OBL,DAIL,,,
11279,"Vengurle To Malvan Via Parule",Vengurle,Malvan,PARULE,MO,9670,"Kelus Dhakka",17.8,,,वेंगुर्ले,मालवण,48,16:00,17:35,OBL,DAIL,,,
11279,"Vengurle To Malvan Via Parule",Vengurle,Malvan,PARULE,MO,9682,"Khavane Fata",20.7,,,वेंगुर्ले,मालवण,48,16:00,17:35,OBL,DAIL,,,
11279,"Vengurle To Malvan Via Parule",Vengurle,Malvan,PARULE,MO,9714,Mhapan,21.8,,,वेंगुर्ले,मालवण,48,16:00,17:35,OBL,DAIL,,,
11279,"Vengurle To Malvan Via Parule",Vengurle,Malvan,PARULE,MO,9590,"Ajarwadi P.H.C.",23.1,,,वेंगुर्ले,मालवण,48,16:00,17:35,OBL,DAIL,,,
11279,"Vengurle To Malvan Via Parule",Vengurle,Malvan,PARULE,MO,9587,"Adinarayan Mandir",25.7,,,वेंगुर्ले,मालवण,48,16:00,17:35,OBL,DAIL,,,
11279,"Vengurle To Malvan Via Parule",Vengurle,Malvan,PARULE,MO,9750,Parule,26.2,,,वेंगुर्ले,मालवण,48,16:00,17:35,OBL,DAIL,,,
11279,"Vengurle To Malvan Via Parule",Vengurle,Malvan,PARULE,MO,9609,"Bandhalela Amba",27.2,,,वेंगुर्ले,मालवण,48,16:00,17:35,OBL,DAIL,,,
11279,"Vengurle To Malvan Via Parule",Vengurle,Malvan,PARULE,MO,6274,"Korjai Titha",28.9,,,वेंगुर्ले,मालवण,48,16:00,17:35,OBL,DAIL,,,
11279,"Vengurle To Malvan Via Parule",Vengurle,Malvan,PARULE,MO,9654,"Jai Bhavani",30.2,,,वेंगुर्ले,मालवण,48,16:00,17:35,OBL,DAIL,,,
11279,"Vengurle To Malvan Via Parule",Vengurle,Malvan,PARULE,MO,6810,"Dewali Pool",32,,,वेंगुर्ले,मालवण,48,16:00,17:35,OBL,DAIL,,,
11279,"Vengurle To Malvan Via Parule",Vengurle,Malvan,PARULE,MO,6903,"Madi Dukan",33.8,,,वेंगुर्ले,मालवण,48,16:00,17:35,OBL,DAIL,,,
11279,"Vengurle To Malvan Via Parule",Vengurle,Malvan,PARULE,MO,7013,"Vamanshet Hotel",36.1,,,वेंगुर्ले,मालवण,48,16:00,17:35,OBL,DAIL,,,
11279,"Vengurle To Malvan Via Parule",Vengurle,Malvan,PARULE,MO,6849,"Hirloskar House",39.1,,,वेंगुर्ले,मालवण,48,16:00,17:35,OBL,DAIL,,,
11279,"Vengurle To Malvan Via Parule",Vengurle,Malvan,PARULE,MO,6896,Kumbharmath,39.6,,,वेंगुर्ले,मालवण,48,16:00,17:35,OBL,DAIL,,,
11279,"Vengurle To Malvan Via Parule",Vengurle,Malvan,PARULE,MO,6915,Malvan,48,,,वेंगुर्ले,मालवण,48,16:00,17:35,OBL,DAIL,,,
20098,"Kudopi To Achara Via Kondwadi",Kudopi,Achara,KONDWADI,MO,6893,Kudopi,,,,कुडोपी,आचरा,12,11:45,12:10,SCL,DAIL,,,
20098,"Kudopi To Achara Via Kondwadi",Kudopi,Achara,KONDWADI,MO,6892,Kondwadi,2.8,,,कुडोपी,आचरा,12,11:45,12:10,SCL,DAIL,,,
20098,"Kudopi To Achara Via Kondwadi",Kudopi,Achara,KONDWADI,MO,6758,Apradhwadi,5.9,,,कुडोपी,आचरा,12,11:45,12:10,SCL,DAIL,,,
20098,"Kudopi To Achara Via Kondwadi",Kudopi,Achara,KONDWADI,MO,6894,"Kudopi Fata",8.6,,,कुडोपी,आचरा,12,11:45,12:10,SCL,DAIL,,,
20098,"Kudopi To Achara Via Kondwadi",Kudopi,Achara,KONDWADI,MO,6740,Achara,12,,,कुडोपी,आचरा,12,11:45,12:10,SCL,DAIL,,,
20105,"Chunvare To Katta",Chunvare,Katta,,MO,6802,Chunvare,,,,चुनवरे,कट्टा,17.1,11:35,12:15,SCL,DAIL,,,
20105,"Chunvare To Katta",Chunvare,Katta,,MO,6922,"Maruti Mandir",2,,,चुनवरे,कट्टा,17.1,11:35,12:15,SCL,DAIL,,,
20105,"Chunvare To Katta",Chunvare,Katta,,MO,7019,Viran,4.9,,,चुनवरे,कट्टा,17.1,11:35,12:15,SCL,DAIL,,,
20105,"Chunvare To Katta",Chunvare,Katta,,MO,6965,"Poip Katta Titha",5.2,,,चुनवरे,कट्टा,17.1,11:35,12:15,SCL,DAIL,,,
20105,"Chunvare To Katta",Chunvare,Katta,,MO,6952,"Palav Mangar",8,,,चुनवरे,कट्टा,17.1,11:35,12:15,SCL,DAIL,,,
20105,"Chunvare To Katta",Chunvare,Katta,,MO,6814,"Dikwal Fata",11.2,,,चुनवरे,कट्टा,17.1,11:35,12:15,SCL,DAIL,,,
20105,"Chunvare To Katta",Chunvare,Katta,,MO,6895,Kumame,14.2,,,चुनवरे,कट्टा,17.1,11:35,12:15,SCL,DAIL,,,
20105,"Chunvare To Katta",Chunvare,Katta,,MO,6870,Katta,17.1,,,चुनवरे,कट्टा,17.1,11:35,12:15,SCL,DAIL,,,
51085,"Malvan To Masade Titha",Malvan,"Masade Titha",,MO,6915,Malvan,,,,मालवण,मसदेतिठा,30,18:05,19:05,SCH,DAIL,,,
51085,"Malvan To Masade Titha",Malvan,"Masade Titha",,MO,6889,Kolamb,3.3,,,मालवण,मसदेतिठा,30,18:05,19:05,SCH,DAIL,,,
51085,"Malvan To Masade Titha",Malvan,"Masade Titha",,MO,6949,"Ozar Rameshwar Nagar",6,,,मालवण,मसदेतिठा,30,18:05,19:05,SCH,DAIL,,,
51085,"Malvan To Masade Titha",Malvan,"Masade Titha",,MO,6866,"Kandalgaon Parab House",9,,,मालवण,मसदेतिठा,30,18:05,19:05,SCH,DAIL,,,
51085,"Malvan To Masade Titha",Malvan,"Masade Titha",,MO,7000,"Talani Pool",12.3,,,मालवण,मसदेतिठा,30,18:05,19:05,SCH,DAIL,,,
51085,"Malvan To Masade Titha",Malvan,"Masade Titha",,MO,6877,Khajanwadi,15,,,मालवण,मसदेतिठा,30,18:05,19:05,SCH,DAIL,,,
51085,"Malvan To Masade Titha",Malvan,"Masade Titha",,MO,6906,"Magavane Fata",18,,,मालवण,मसदेतिठा,30,18:05,19:05,SCH,DAIL,,,
51085,"Malvan To Masade Titha",Malvan,"Masade Titha",,MO,6928,"Masure Bazar",20,,,मालवण,मसदेतिठा,30,18:05,19:05,SCH,DAIL,,,
51085,"Malvan To Masade Titha",Malvan,"Masade Titha",,MO,6875,"Kawawadi Masure",21,,,मालवण,मसदेतिठा,30,18:05,19:05,SCH,DAIL,,,
51085,"Malvan To Masade Titha",Malvan,"Masade Titha",,MO,6920,"Margachi Tad",24,,,मालवण,मसदेतिठा,30,18:05,19:05,SCH,DAIL,,,
51085,"Malvan To Masade Titha",Malvan,"Masade Titha",,MO,7016,"Verli Mapari Dukan",25,,,मालवण,मसदेतिठा,30,18:05,19:05,SCH,DAIL,,,
51085,"Malvan To Masade Titha",Malvan,"Masade Titha",,MO,6925,"Masade Titha",30,,,मालवण,मसदेतिठा,30,18:05,19:05,SCH,DAIL,,,
69037,"Achara To Kudopi Via Kudopi Fata",Achara,Kudopi,"KUDOPI FATA",MO,6740,Achara,,,,आचरा,कुडोपी,12,14:05,14:30,SCL,SUN,,,
69037,"Achara To Kudopi Via Kudopi Fata",Achara,Kudopi,"KUDOPI FATA",MO,6894,"Kudopi Fata",3,,,आचरा,कुडोपी,12,14:05,14:30,SCL,SUN,,,
69037,"Achara To Kudopi Via Kudopi Fata",Achara,Kudopi,"KUDOPI FATA",MO,6758,Apradhwadi,6,,,आचरा,कुडोपी,12,14:05,14:30,SCL,SUN,,,
69037,"Achara To Kudopi Via Kudopi Fata",Achara,Kudopi,"KUDOPI FATA",MO,6892,Kondwadi,9,,,आचरा,कुडोपी,12,14:05,14:30,SCL,SUN,,,
69037,"Achara To Kudopi Via Kudopi Fata",Achara,Kudopi,"KUDOPI FATA",MO,6893,Kudopi,12,,,आचरा,कुडोपी,12,14:05,14:30,SCL,SUN,,,
69038,"Kudopi To Malvan Via Hirlewadi Sai Mandir",Kudopi,Malvan,"HIRLEWADI SAI MANDIR",MO,6893,Kudopi,,,,कुडोपी,मालवण,37.4,09:35,11:25,OPT,DAIL,,,
69038,"Kudopi To Malvan Via Hirlewadi Sai Mandir",Kudopi,Malvan,"HIRLEWADI SAI MANDIR",MO,6892,Kondwadi,3,,,कुडोपी,मालवण,37.4,09:35,11:25,OPT,DAIL,,,
69038,"Kudopi To Malvan Via Hirlewadi Sai Mandir",Kudopi,Malvan,"HIRLEWADI SAI MANDIR",MO,6758,Apradhwadi,6,,,कुडोपी,मालवण,37.4,09:35,11:25,OPT,DAIL,,,
69038,"Kudopi To Malvan Via Hirlewadi Sai Mandir",Kudopi,Malvan,"HIRLEWADI SAI MANDIR",MO,6894,"Kudopi Fata",9,,,कुडोपी,मालवण,37.4,09:35,11:25,OPT,DAIL,,,
69038,"Kudopi To Malvan Via Hirlewadi Sai Mandir",Kudopi,Malvan,"HIRLEWADI SAI MANDIR",MO,6740,Achara,12,,,कुडोपी,मालवण,37.4,09:35,11:25,OPT,DAIL,,,
69038,"Kudopi To Malvan Via Hirlewadi Sai Mandir",Kudopi,Malvan,"HIRLEWADI SAI MANDIR",MO,6741,"Achara Bandar",15,,,कुडोपी,मालवण,37.4,09:35,11:25,OPT,DAIL,,,
69038,"Kudopi To Malvan Via Hirlewadi Sai Mandir",Kudopi,Malvan,"HIRLEWADI SAI MANDIR",MO,6848,"Hirlewadi Sai Mandir",18,,,कुडोपी,मालवण,37.4,09:35,11:25,OPT,DAIL,,,
69038,"Kudopi To Malvan Via Hirlewadi Sai Mandir",Kudopi,Malvan,"HIRLEWADI SAI MANDIR",MO,6789,Bouddhwadi,19,,,कुडोपी,मालवण,37.4,09:35,11:25,OPT,DAIL,,,
69038,"Kudopi To Malvan Via Hirlewadi Sai Mandir",Kudopi,Malvan,"HIRLEWADI SAI MANDIR",MO,6960,Pat,21,,,कुडोपी,मालवण,37.4,09:35,11:25,OPT,DAIL,,,
69038,"Kudopi To Malvan Via Hirlewadi Sai Mandir",Kudopi,Malvan,"HIRLEWADI SAI MANDIR",MO,7027,Waingani,22,,,कुडोपी,मालवण,37.4,09:35,11:25,OPT,DAIL,,,
69038,"Kudopi To Malvan Via Hirlewadi Sai Mandir",Kudopi,Malvan,"HIRLEWADI SAI MANDIR",MO,6859,Kalawal,24,,,कुडोपी,मालवण,37.4,09:35,11:25,OPT,DAIL,,,
69038,"Kudopi To Malvan Via Hirlewadi Sai Mandir",Kudopi,Malvan,"HIRLEWADI SAI MANDIR",MO,6921,Margeshwar,27,,,कुडोपी,मालवण,37.4,09:35,11:25,OPT,DAIL,,,
69038,"Kudopi To Malvan Via Hirlewadi Sai Mandir",Kudopi,Malvan,"HIRLEWADI SAI MANDIR",MO,6816,Gadgil,30,,,कुडोपी,मालवण,37.4,09:35,11:25,OPT,DAIL,,,
69038,"Kudopi To Malvan Via Hirlewadi Sai Mandir",Kudopi,Malvan,"HIRLEWADI SAI MANDIR",MO,7015,Varanda,33,,,कुडोपी,मालवण,37.4,09:35,11:25,OPT,DAIL,,,
69038,"Kudopi To Malvan Via Hirlewadi Sai Mandir",Kudopi,Malvan,"HIRLEWADI SAI MANDIR",MO,6889,Kolamb,36,,,कुडोपी,मालवण,37.4,09:35,11:25,OPT,DAIL,,,
69038,"Kudopi To Malvan Via Hirlewadi Sai Mandir",Kudopi,Malvan,"HIRLEWADI SAI MANDIR",MO,6915,Malvan,37.4,,,कुडोपी,मालवण,37.4,09:35,11:25,OPT,DAIL,,,
90948,"Golvan School To Katta","Golvan School",Katta,,MO,6832,"Golvan School",,,,गोळवण,कट्टा,6.4,17:50,18:00,,,,,
90948,"Golvan School To Katta","Golvan School",Katta,,MO,6814,"Dikwal Fata",1,,,गोळवण,कट्टा,6.4,17:50,18:00,,,,,
90948,"Golvan School To Katta","Golvan School",Katta,,MO,6895,Kumame,4,,,गोळवण,कट्टा,6.4,17:50,18:00,,,,,
90948,"Golvan School To Katta","Golvan School",Katta,,MO,6870,Katta,6.4,,,गोळवण,कट्टा,6.4,17:50,18:00,,,,,
91156,"Niwati Bandar To Malvan","Niwati Bandar",Malvan,,MO,9741,"Niwati Bandar",,,,निवती,मालवण,26.1,13:10,14:10,OBL,DAIL,,,
91156,"Niwati Bandar To Malvan","Niwati Bandar",Malvan,,MO,9777,Sati,4,,,निवती,मालवण,26.1,13:10,14:10,OBL,DAIL,,,
91156,"Niwati Bandar To Malvan","Niwati Bandar",Malvan,,MO,9715,"Mhapan Ambedkar Nagar",4.9,,,निवती,मालवण,26.1,13:10,14:10,OBL,DAIL,,,
91156,"Niwati Bandar To Malvan","Niwati Bandar",Malvan,,MO,9720,"Mhapan Sateri Mandir",5.8,,,निवती,मालवण,26.1,13:10,14:10,OBL,DAIL,,,
91156,"Niwati Bandar To Malvan","Niwati Bandar",Malvan,,MO,9714,Mhapan,6.9,,,निवती,मालवण,26.1,13:10,14:10,OBL,DAIL,,,
91156,"Niwati Bandar To Malvan","Niwati Bandar",Malvan,,MO,9590,"Ajarwadi P.H.C.",9.6,,,निवती,मालवण,26.1,13:10,14:10,OBL,DAIL,,,
91156,"Niwati Bandar To Malvan","Niwati Bandar",Malvan,,MO,9587,"Adinarayan Mandir",12.9,,,निवती,मालवण,26.1,13:10,14:10,OBL,DAIL,,,
91156,"Niwati Bandar To Malvan","Niwati Bandar",Malvan,,MO,9750,Parule,13.5,,,निवती,मालवण,26.1,13:10,14:10,OBL,DAIL,,,
91156,"Niwati Bandar To Malvan","Niwati Bandar",Malvan,,MO,9609,"Bandhalela Amba",14.1,,,निवती,मालवण,26.1,13:10,14:10,OBL,DAIL,,,
91156,"Niwati Bandar To Malvan","Niwati Bandar",Malvan,,MO,9654,"Jai Bhavani",14.2,,,निवती,मालवण,26.1,13:10,14:10,OBL,DAIL,,,
91156,"Niwati Bandar To Malvan","Niwati Bandar",Malvan,,MO,6903,"Madi Dukan",17.9,,,निवती,मालवण,26.1,13:10,14:10,OBL,DAIL,,,
91156,"Niwati Bandar To Malvan","Niwati Bandar",Malvan,,MO,7013,"Vamanshet Hotel",20.1,,,निवती,मालवण,26.1,13:10,14:10,OBL,DAIL,,,
91156,"Niwati Bandar To Malvan","Niwati Bandar",Malvan,,MO,6849,"Hirloskar House",23.1,,,निवती,मालवण,26.1,13:10,14:10,OBL,DAIL,,,
91156,"Niwati Bandar To Malvan","Niwati Bandar",Malvan,,MO,6915,Malvan,26.1,,,निवती,मालवण,26.1,13:10,14:10,OBL,DAIL,,,
93911,"Malvan To Ratnagiri Via Jaitapur",Malvan,Ratnagiri,JAITAPUR,MO,6915,Malvan,,,,मालवण,रत्नागिरी(रहाटघर),179.3,07:45,13:05,,,"6 तासांत डयुटी संपते",,
93911,"Malvan To Ratnagiri Via Jaitapur",Malvan,Ratnagiri,JAITAPUR,MO,6889,Kolamb,3,,,मालवण,रत्नागिरी(रहाटघर),179.3,07:45,13:05,,,"6 तासांत डयुटी संपते",,
93911,"Malvan To Ratnagiri Via Jaitapur",Malvan,Ratnagiri,JAITAPUR,MO,7015,Varanda,6.2,,,मालवण,रत्नागिरी(रहाटघर),179.3,07:45,13:05,,,"6 तासांत डयुटी संपते",,
93911,"Malvan To Ratnagiri Via Jaitapur",Malvan,Ratnagiri,JAITAPUR,MO,6817,"Gadgil Stop",8.6,,,मालवण,रत्नागिरी(रहाटघर),179.3,07:45,13:05,,,"6 तासांत डयुटी संपते",,
93911,"Malvan To Ratnagiri Via Jaitapur",Malvan,Ratnagiri,JAITAPUR,MO,6921,Margeshwar,12.1,,,मालवण,रत्नागिरी(रहाटघर),179.3,07:45,13:05,,,"6 तासांत डयुटी संपते",,
93911,"Malvan To Ratnagiri Via Jaitapur",Malvan,Ratnagiri,JAITAPUR,MO,6861,"Kalawal X Rd.",14.9,,,मालवण,रत्नागिरी(रहाटघर),179.3,07:45,13:05,,,"6 तासांत डयुटी संपते",,
93911,"Malvan To Ratnagiri Via Jaitapur",Malvan,Ratnagiri,JAITAPUR,MO,6745,"Acharekar Bag",18.1,,,मालवण,रत्नागिरी(रहाटघर),179.3,07:45,13:05,,,"6 तासांत डयुटी संपते",,
93911,"Malvan To Ratnagiri Via Jaitapur",Malvan,Ratnagiri,JAITAPUR,MO,6744,"Achara Tita",21.1,,,मालवण,रत्नागिरी(रहाटघर),179.3,07:45,13:05,,,"6 तासांत डयुटी संपते",,
93911,"Malvan To Ratnagiri Via Jaitapur",Malvan,Ratnagiri,JAITAPUR,MO,6743,"Achara Par",24.6,,,मालवण,रत्नागिरी(रहाटघर),179.3,07:45,13:05,,,"6 तासांत डयुटी संपते",,
93911,"Malvan To Ratnagiri Via Jaitapur",Malvan,Ratnagiri,JAITAPUR,MO,2069,"Modka Wad",27.1,,,मालवण,रत्नागिरी(रहाटघर),179.3,07:45,13:05,,,"6 तासांत डयुटी संपते",,
93911,"Malvan To Ratnagiri Via Jaitapur",Malvan,Ratnagiri,JAITAPUR,MO,1843,"Munage Bhagvati Mandir",30.2,,,मालवण,रत्नागिरी(रहाटघर),179.3,07:45,13:05,,,"6 तासांत डयुटी संपते",,
93911,"Malvan To Ratnagiri Via Jaitapur",Malvan,Ratnagiri,JAITAPUR,MO,6847,"Hindale Teen Pimple",33.9,,,मालवण,रत्नागिरी(रहाटघर),179.3,07:45,13:05,,,"6 तासांत डयुटी संपते",,
93911,"Malvan To Ratnagiri Via Jaitapur",Malvan,Ratnagiri,JAITAPUR,MO,1879,Mithbav,36.3,,,मालवण,रत्नागिरी(रहाटघर),179.3,07:45,13:05,,,"6 तासांत डयुटी संपते",,
93911,"Malvan To Ratnagiri Via Jaitapur",Malvan,Ratnagiri,JAITAPUR,MO,1891,"Mithbav Hospital",38.6,,,मालवण,रत्नागिरी(रहाटघर),179.3,07:45,13:05,,,"6 तासांत डयुटी संपते",,
93911,"Malvan To Ratnagiri Via Jaitapur",Malvan,Ratnagiri,JAITAPUR,MO,1647,Boaring,41.8,,,मालवण,रत्नागिरी(रहाटघर),179.3,07:45,13:05,,,"6 तासांत डयुटी संपते",,
93911,"Malvan To Ratnagiri Via Jaitapur",Malvan,Ratnagiri,JAITAPUR,MO,1819,Kunkeshwar,44.1,,,मालवण,रत्नागिरी(रहाटघर),179.3,07:45,13:05,,,"6 तासांत डयुटी संपते",,
93911,"Malvan To Ratnagiri Via Jaitapur",Malvan,Ratnagiri,JAITAPUR,MO,1981,"Suke Tale",47.2,,,मालवण,रत्नागिरी(रहाटघर),179.3,07:45,13:05,,,"6 तासांत डयुटी संपते",,
93911,"Malvan To Ratnagiri Via Jaitapur",Malvan,Ratnagiri,JAITAPUR,MO,1756,"Ilye Sada",48.2,,,मालवण,रत्नागिरी(रहाटघर),179.3,07:45,13:05,,,"6 तासांत डयुटी संपते",,
93911,"Malvan To Ratnagiri Via Jaitapur",Malvan,Ratnagiri,JAITAPUR,MO,1754,"Ilye Asrondi",50.2,,,मालवण,रत्नागिरी(रहाटघर),179.3,07:45,13:05,,,"6 तासांत डयुटी संपते",,
93911,"Malvan To Ratnagiri Via Jaitapur",Malvan,Ratnagiri,JAITAPUR,MO,1689,"Dabhole Bridge",53.3,,,मालवण,रत्नागिरी(रहाटघर),179.3,07:45,13:05,,,"6 तासांत डयुटी संपते",,
93911,"Malvan To Ratnagiri Via Jaitapur",Malvan,Ratnagiri,JAITAPUR,MO,1759,Jamsande,56.2,,,मालवण,रत्नागिरी(रहाटघर),179.3,07:45,13:05,,,"6 तासांत डयुटी संपते",,
93911,"Malvan To Ratnagiri Via Jaitapur",Malvan,Ratnagiri,JAITAPUR,MO,1685,Devgad,59.2,,,मालवण,रत्नागिरी(रहाटघर),179.3,07:45,13:05,,,"6 तासांत डयुटी संपते",,
93911,"Malvan To Ratnagiri Via Jaitapur",Malvan,Ratnagiri,JAITAPUR,MO,1759,Jamsande,62.5,,,मालवण,रत्नागिरी(रहाटघर),179.3,07:45,13:05,,,"6 तासांत डयुटी संपते",,
93911,"Malvan To Ratnagiri Via Jaitapur",Malvan,Ratnagiri,JAITAPUR,MO,2014,"Tarwadi Pimple Par",65.8,,,मालवण,रत्नागिरी(रहाटघर),179.3,07:45,13:05,,,"6 तासांत डयुटी संपते",,
93911,"Malvan To Ratnagiri Via Jaitapur",Malvan,Ratnagiri,JAITAPUR,MO,1725,"Ganesh Mandir",68.2,,,मालवण,रत्नागिरी(रहाटघर),179.3,07:45,13:05,,,"6 तासांत डयुटी संपते",,
93911,"Malvan To Ratnagiri Via Jaitapur",Malvan,Ratnagiri,JAITAPUR,MO,1625,"Ambedkar Chouck",71.2,,,मालवण,रत्नागिरी(रहाटघर),179.3,07:45,13:05,,,"6 तासांत डयुटी संपते",,
93911,"Malvan To Ratnagiri Via Jaitapur",Malvan,Ratnagiri,JAITAPUR,MO,1773,Kodamba,74.5,,,मालवण,रत्नागिरी(रहाटघर),179.3,07:45,13:05,,,"6 तासांत डयुटी संपते",,
93911,"Malvan To Ratnagiri Via Jaitapur",Malvan,Ratnagiri,JAITAPUR,MO,1922,"Padel Canteen",75.9,,,मालवण,रत्नागिरी(रहाटघर),179.3,07:45,13:05,,,"6 तासांत डयुटी संपते",,
93911,"Malvan To Ratnagiri Via Jaitapur",Malvan,Ratnagiri,JAITAPUR,MO,1849,"Mile Stone",77.2,,,मालवण,रत्नागिरी(रहाटघर),179.3,07:45,13:05,,,"6 तासांत डयुटी संपते",,
93911,"Malvan To Ratnagiri Via Jaitapur",Malvan,Ratnagiri,JAITAPUR,MO,1853,Malgave,80.5,,,मालवण,रत्नागिरी(रहाटघर),179.3,07:45,13:05,,,"6 तासांत डयुटी संपते",,
93911,"Malvan To Ratnagiri Via Jaitapur",Malvan,Ratnagiri,JAITAPUR,MO,1618,"Amberi Bridge",86.5,,,मालवण,रत्नागिरी(रहाटघर),179.3,07:45,13:05,,,"6 तासांत डयुटी संपते",,
93911,"Malvan To Ratnagiri Via Jaitapur",Malvan,Ratnagiri,JAITAPUR,MO,14614,Katradevi,89.5,,,मालवण,रत्नागिरी(रहाटघर),179.3,07:45,13:05,,,"6 तासांत डयुटी संपते",,
93911,"Malvan To Ratnagiri Via Jaitapur",Malvan,Ratnagiri,JAITAPUR,MO,14926,"Paleye Tita",90,,,मालवण,रत्नागिरी(रहाटघर),179.3,07:45,13:05,,,"6 तासांत डयुटी संपते",,
93911,"Malvan To Ratnagiri Via Jaitapur",Malvan,Ratnagiri,JAITAPUR,MO,14819,"Mayekar Managar",91,,,मालवण,रत्नागिरी(रहाटघर),179.3,07:45,13:05,,,"6 तासांत डयुटी संपते",,
93911,"Malvan To Ratnagiri Via Jaitapur",Malvan,Ratnagiri,JAITAPUR,MO,14927,"Palekar Titha",92,,,मालवण,रत्नागिरी(रहाटघर),179.3,07:45,13:05,,,"6 तासांत डयुटी संपते",,
93911,"Malvan To Ratnagiri Via Jaitapur",Malvan,Ratnagiri,JAITAPUR,MO,14377,"Dongar Fata",94,,,मालवण,रत्नागिरी(रहाटघर),179.3,07:45,13:05,,,"6 तासांत डयुटी संपते",,
93911,"Malvan To Ratnagiri Via Jaitapur",Malvan,Ratnagiri,JAITAPUR,MO,14897,Padve,95,,,मालवण,रत्नागिरी(रहाटघर),179.3,07:45,13:05,,,"6 तासांत डयुटी संपते",,
93911,"Malvan To Ratnagiri Via Jaitapur",Malvan,Ratnagiri,JAITAPUR,MO,14667,Kombe,96,,,मालवण,रत्नागिरी(रहाटघर),179.3,07:45,13:05,,,"6 तासांत डयुटी संपते",,
93911,"Malvan To Ratnagiri Via Jaitapur",Malvan,Ratnagiri,JAITAPUR,MO,14582,Karelpati,97,,,मालवण,रत्नागिरी(रहाटघर),179.3,07:45,13:05,,,"6 तासांत डयुटी संपते",,
93911,"Malvan To Ratnagiri Via Jaitapur",Malvan,Ratnagiri,JAITAPUR,MO,14332,Chiraekhan,98,,,मालवण,रत्नागिरी(रहाटघर),179.3,07:45,13:05,,,"6 तासांत डयुटी संपते",,
93911,"Malvan To Ratnagiri Via Jaitapur",Malvan,Ratnagiri,JAITAPUR,MO,14718,Kuveshi,104.8,,,मालवण,रत्नागिरी(रहाटघर),179.3,07:45,13:05,,,"6 तासांत डयुटी संपते",,
93911,"Malvan To Ratnagiri Via Jaitapur",Malvan,Ratnagiri,JAITAPUR,MO,14563,Jaitapur,107.7,,,मालवण,रत्नागिरी(रहाटघर),179.3,07:45,13:05,,,"6 तासांत डयुटी संपते",,
93911,"Malvan To Ratnagiri Via Jaitapur",Malvan,Ratnagiri,JAITAPUR,MO,14417,"Dawoolvalli Bundar",110.5,,,मालवण,रत्नागिरी(रहाटघर),179.3,07:45,13:05,,,"6 तासांत डयुटी संपते",,
93911,"Malvan To Ratnagiri Via Jaitapur",Malvan,Ratnagiri,JAITAPUR,MO,14850,Nate,113.5,,,मालवण,रत्नागिरी(रहाटघर),179.3,07:45,13:05,,,"6 तासांत डयुटी संपते",,
93911,"Malvan To Ratnagiri Via Jaitapur",Malvan,Ratnagiri,JAITAPUR,MO,15258,Vaghedi,117.4,,,मालवण,रत्नागिरी(रहाटघर),179.3,07:45,13:05,,,"6 तासांत डयुटी संपते",,
93911,"Malvan To Ratnagiri Via Jaitapur",Malvan,Ratnagiri,JAITAPUR,MO,14368,"Dhawoolvalli Fata",120.5,,,मालवण,रत्नागिरी(रहाटघर),179.3,07:45,13:05,,,"6 तासांत डयुटी संपते",,
93911,"Malvan To Ratnagiri Via Jaitapur",Malvan,Ratnagiri,JAITAPUR,MO,14361,"Dhartale Fata",123.4,,,मालवण,रत्नागिरी(रहाटघर),179.3,07:45,13:05,,,"6 तासांत डयुटी संपते",,
93911,"Malvan To Ratnagiri Via Jaitapur",Malvan,Ratnagiri,JAITAPUR,MO,14283,"Bhalavali Fata",125.3,,,मालवण,रत्नागिरी(रहाटघर),179.3,07:45,13:05,,,"6 तासांत डयुटी संपते",,
93911,"Malvan To Ratnagiri Via Jaitapur",Malvan,Ratnagiri,JAITAPUR,MO,14365,"Dongar Thita",127.3,,,मालवण,रत्नागिरी(रहाटघर),179.3,07:45,13:05,,,"6 तासांत डयुटी संपते",,
93911,"Malvan To Ratnagiri Via Jaitapur",Malvan,Ratnagiri,JAITAPUR,MO,14200,Adivare,129.5,,,मालवण,रत्नागिरी(रहाटघर),179.3,07:45,13:05,,,"6 तासांत डयुटी संपते",,
93911,"Malvan To Ratnagiri Via Jaitapur",Malvan,Ratnagiri,JAITAPUR,MO,14605,"Kondsar Fata",132.2,,,मालवण,रत्नागिरी(रहाटघर),179.3,07:45,13:05,,,"6 तासांत डयुटी संपते",,
93911,"Malvan To Ratnagiri Via Jaitapur",Malvan,Ratnagiri,JAITAPUR,MO,16586,Roopvatika,133.5,,,मालवण,रत्नागिरी(रहाटघर),179.3,07:45,13:05,,,"6 तासांत डयुटी संपते",,
93911,"Malvan To Ratnagiri Via Jaitapur",Malvan,Ratnagiri,JAITAPUR,MO,14467,Guravwadi,135.9,,,मालवण,रत्नागिरी(रहाटघर),179.3,07:45,13:05,,,"6 तासांत डयुटी संपते",,
93911,"Malvan To Ratnagiri Via Jaitapur",Malvan,Ratnagiri,JAITAPUR,MO,14241,Bandabewadi,136,,,मालवण,रत्नागिरी(रहाटघर),179.3,07:45,13:05,,,"6 तासांत डयुटी संपते",,
93911,"Malvan To Ratnagiri Via Jaitapur",Malvan,Ratnagiri,JAITAPUR,MO,14932,Purnagad,138.9,,,मालवण,रत्नागिरी(रहाटघर),179.3,07:45,13:05,,,"6 तासांत डयुटी संपते",,
93911,"Malvan To Ratnagiri Via Jaitapur",Malvan,Ratnagiri,JAITAPUR,MO,16248,"Mandavkar Stop",140.8,,,मालवण,रत्नागिरी(रहाटघर),179.3,07:45,13:05,,,"6 तासांत डयुटी संपते",,
93911,"Malvan To Ratnagiri Via Jaitapur",Malvan,Ratnagiri,JAITAPUR,MO,16139,"Kurdhe Fata",142,,,मालवण,रत्नागिरी(रहाटघर),179.3,07:45,13:05,,,"6 तासांत डयुटी संपते",,
93911,"Malvan To Ratnagiri Via Jaitapur",Malvan,Ratnagiri,JAITAPUR,MO,16522,Pawas,143.8,,,मालवण,रत्नागिरी(रहाटघर),179.3,07:45,13:05,,,"6 तासांत डयुटी संपते",,
93911,"Malvan To Ratnagiri Via Jaitapur",Malvan,Ratnagiri,JAITAPUR,MO,16497,"Pawas Masjid",144,,,मालवण,रत्नागिरी(रहाटघर),179.3,07:45,13:05,,,"6 तासांत डयुटी संपते",,
93911,"Malvan To Ratnagiri Via Jaitapur",Malvan,Ratnagiri,JAITAPUR,MO,16803,"Urdu School",145.2,,,मालवण,रत्नागिरी(रहाटघर),179.3,07:45,13:05,,,"6 तासांत डयुटी संपते",,
93911,"Malvan To Ratnagiri Via Jaitapur",Malvan,Ratnagiri,JAITAPUR,MO,16876,Wadpimpal,148,,,मालवण,रत्नागिरी(रहाटघर),179.3,07:45,13:05,,,"6 तासांत डयुटी संपते",,
93911,"Malvan To Ratnagiri Via Jaitapur",Malvan,Ratnagiri,JAITAPUR,MO,16885,"Waigani Fata",152.3,,,मालवण,रत्नागिरी(रहाटघर),179.3,07:45,13:05,,,"6 तासांत डयुटी संपते",,
93911,"Malvan To Ratnagiri Via Jaitapur",Malvan,Ratnagiri,JAITAPUR,MO,16123,"Kasop Fata",156.2,,,मालवण,रत्नागिरी(रहाटघर),179.3,07:45,13:05,,,"6 तासांत डयुटी संपते",,
93911,"Malvan To Ratnagiri Via Jaitapur",Malvan,Ratnagiri,JAITAPUR,MO,15470,"Bhatye Nursary",160.4,,,मालवण,रत्नागिरी(रहाटघर),179.3,07:45,13:05,,,"6 तासांत डयुटी संपते",,
93911,"Malvan To Ratnagiri Via Jaitapur",Malvan,Ratnagiri,JAITAPUR,MO,16599,Ratnagiri,179.3,,,मालवण,रत्नागिरी(रहाटघर),179.3,07:45,13:05,,,"6 तासांत डयुटी संपते",,
107982,"Palyewadi To Malvan Via Kawawadi Masure",Palyewadi,Malvan,"KAWAWADI MASURE",MO,6954,Palyewadi,,,,पालयेवाडी,मालवण,26.4,13:25,14:10,OBL,DAIL,,,
107982,"Palyewadi To Malvan Via Kawawadi Masure",Palyewadi,Malvan,"KAWAWADI MASURE",MO,6771,"Bandivade Bundar",2.4,,,पालयेवाडी,मालवण,26.4,13:25,14:10,OBL,DAIL,,,
107982,"Palyewadi To Malvan Via Kawawadi Masure",Palyewadi,Malvan,"KAWAWADI MASURE",MO,6875,"Kawawadi Masure",5.4,,,पालयेवाडी,मालवण,26.4,13:25,14:10,OBL,DAIL,,,
107982,"Palyewadi To Malvan Via Kawawadi Masure",Palyewadi,Malvan,"KAWAWADI MASURE",MO,6906,"Magavane Fata",8.4,,,पालयेवाडी,मालवण,26.4,13:25,14:10,OBL,DAIL,,,
107982,"Palyewadi To Malvan Via Kawawadi Masure",Palyewadi,Malvan,"KAWAWADI MASURE",MO,6877,Khajanwadi,11.4,,,पालयेवाडी,मालवण,26.4,13:25,14:10,OBL,DAIL,,,
107982,"Palyewadi To Malvan Via Kawawadi Masure",Palyewadi,Malvan,"KAWAWADI MASURE",MO,7000,"Talani Pool",14.4,,,पालयेवाडी,मालवण,26.4,13:25,14:10,OBL,DAIL,,,
107982,"Palyewadi To Malvan Via Kawawadi Masure",Palyewadi,Malvan,"KAWAWADI MASURE",MO,6866,"Kandalgaon Parab House",17.4,,,पालयेवाडी,मालवण,26.4,13:25,14:10,OBL,DAIL,,,
107982,"Palyewadi To Malvan Via Kawawadi Masure",Palyewadi,Malvan,"KAWAWADI MASURE",MO,6949,"Ozar Rameshwar Nagar",20.4,,,पालयेवाडी,मालवण,26.4,13:25,14:10,OBL,DAIL,,,
107982,"Palyewadi To Malvan Via Kawawadi Masure",Palyewadi,Malvan,"KAWAWADI MASURE",MO,6889,Kolamb,23.4,,,पालयेवाडी,मालवण,26.4,13:25,14:10,OBL,DAIL,,,
107982,"Palyewadi To Malvan Via Kawawadi Masure",Palyewadi,Malvan,"KAWAWADI MASURE",MO,6915,Malvan,26.4,,,पालयेवाडी,मालवण,26.4,13:25,14:10,OBL,DAIL,,,
125482,"Malvan To Dangmode Via Bharteshwar Mandir",Malvan,Dangmode,"BHARTESHWAR MANDIR",MO,6915,Malvan,,,,मालवण,डांगमेाडे,37.8,11:45,13:00,SCH,DAIL,,,
125482,"Malvan To Dangmode Via Bharteshwar Mandir",Malvan,Dangmode,"BHARTESHWAR MANDIR",MO,6746,Adari,5.3,,,मालवण,डांगमेाडे,37.8,11:45,13:00,SCH,DAIL,,,
125482,"Malvan To Dangmode Via Bharteshwar Mandir",Malvan,Dangmode,"BHARTESHWAR MANDIR",MO,6779,"Bhagat Nursary",8,,,मालवण,डांगमेाडे,37.8,11:45,13:00,SCH,DAIL,,,
125482,"Malvan To Dangmode Via Bharteshwar Mandir",Malvan,Dangmode,"BHARTESHWAR MANDIR",MO,6908,Mahan,11.4,,,मालवण,डांगमेाडे,37.8,11:45,13:00,SCH,DAIL,,,
125482,"Malvan To Dangmode Via Bharteshwar Mandir",Malvan,Dangmode,"BHARTESHWAR MANDIR",MO,6757,"Anganewadi Fata",13.8,,,मालवण,डांगमेाडे,37.8,11:45,13:00,SCH,DAIL,,,
125482,"Malvan To Dangmode Via Bharteshwar Mandir",Malvan,Dangmode,"BHARTESHWAR MANDIR",MO,6756,Anganewadi,15.5,,,मालवण,डांगमेाडे,37.8,11:45,13:00,SCH,DAIL,,,
125482,"Malvan To Dangmode Via Bharteshwar Mandir",Malvan,Dangmode,"BHARTESHWAR MANDIR",MO,6757,"Anganewadi Fata",17.2,,,मालवण,डांगमेाडे,37.8,11:45,13:00,SCH,DAIL,,,
125482,"Malvan To Dangmode Via Bharteshwar Mandir",Malvan,Dangmode,"BHARTESHWAR MANDIR",MO,6769,Bagayat,21.9,,,मालवण,डांगमेाडे,37.8,11:45,13:00,SCH,DAIL,,,
125482,"Malvan To Dangmode Via Bharteshwar Mandir",Malvan,Dangmode,"BHARTESHWAR MANDIR",MO,6784,"Bharteshwar Mandir",24.7,,,मालवण,डांगमेाडे,37.8,11:45,13:00,SCH,DAIL,,,
125482,"Malvan To Dangmode Via Bharteshwar Mandir",Malvan,Dangmode,"BHARTESHWAR MANDIR",MO,6905,"Magavane Bridge",27.4,,,मालवण,डांगमेाडे,37.8,11:45,13:00,SCH,DAIL,,,
125482,"Malvan To Dangmode Via Bharteshwar Mandir",Malvan,Dangmode,"BHARTESHWAR MANDIR",MO,6927,Masure,30,,,मालवण,डांगमेाडे,37.8,11:45,13:00,SCH,DAIL,,,
125482,"Malvan To Dangmode Via Bharteshwar Mandir",Malvan,Dangmode,"BHARTESHWAR MANDIR",MO,6804,"Dangmode Mandir",34.8,,,मालवण,डांगमेाडे,37.8,11:45,13:00,SCH,DAIL,,,
125482,"Malvan To Dangmode Via Bharteshwar Mandir",Malvan,Dangmode,"BHARTESHWAR MANDIR",MO,6803,Dangmode,37.8,,,मालवण,डांगमेाडे,37.8,11:45,13:00,SCH,DAIL,,,
127003,"Nigadi To Malvan Via Phonda",Nigadi,Malvan,PHONDA,MO,8873,Nigadi,,,,निगडी,कोल्हापुर,261.4,18:45,01:05,,,,,
127003,"Nigadi To Malvan Via Phonda",Nigadi,Malvan,PHONDA,MO,8761,Chinchwad,11.9,,,निगडी,कोल्हापुर,261.4,18:45,01:05,,,,,
127003,"Nigadi To Malvan Via Phonda",Nigadi,Malvan,PHONDA,MO,8957,"Vallabh Nagar",20.9,,,निगडी,कोल्हापुर,261.4,18:45,01:05,,,,,
127003,"Nigadi To Malvan Via Phonda",Nigadi,Malvan,PHONDA,MO,8888,"Pune Rly. Stn.",34.9,,,निगडी,कोल्हापुर,261.4,18:45,01:05,,,,,
127003,"Nigadi To Malvan Via Phonda",Nigadi,Malvan,PHONDA,MO,8934,"Swargate, Pune",41.4,,,निगडी,कोल्हापुर,261.4,18:45,01:05,,,,,
127003,"Nigadi To Malvan Via Phonda",Nigadi,Malvan,PHONDA,MO,8820,"Khed Shivapur",48,,,निगडी,कोल्हापुर,261.4,18:45,01:05,,,,,
127003,"Nigadi To Malvan Via Phonda",Nigadi,Malvan,PHONDA,MO,29255,Shirwal,50,,,निगडी,कोल्हापुर,261.4,18:45,01:05,,,,,
127003,"Nigadi To Malvan Via Phonda",Nigadi,Malvan,PHONDA,MO,29233,"Pargaon Khandala",98.9,,,निगडी,कोल्हापुर,261.4,18:45,01:05,,,,,
127003,"Nigadi To Malvan Via Phonda",Nigadi,Malvan,PHONDA,MO,33460,Bhuinj,122.3,,,निगडी,कोल्हापुर,261.4,18:45,01:05,,,,,
127003,"Nigadi To Malvan Via Phonda",Nigadi,Malvan,PHONDA,MO,33566,Pachwad,123.3,,,निगडी,कोल्हापुर,261.4,18:45,01:05,,,,,
127003,"Nigadi To Malvan Via Phonda",Nigadi,Malvan,PHONDA,MO,31298,Satara,147,,,निगडी,कोल्हापुर,261.4,18:45,01:05,,,,,
127003,"Nigadi To Malvan Via Phonda",Nigadi,Malvan,PHONDA,MO,31174,Nagthane,163.4,,,निगडी,कोल्हापुर,261.4,18:45,01:05,,,,,
127003,"Nigadi To Malvan Via Phonda",Nigadi,Malvan,PHONDA,MO,30896,Atit,168.2,,,निगडी,कोल्हापुर,261.4,18:45,01:05,,,,,
127003,"Nigadi To Malvan Via Phonda",Nigadi,Malvan,PHONDA,MO,28340,Umbraj,182.1,,,निगडी,कोल्हापुर,261.4,18:45,01:05,,,,,
127003,"Nigadi To Malvan Via Phonda",Nigadi,Malvan,PHONDA,MO,28184,Karad,200.2,,,निगडी,कोल्हापुर,261.4,18:45,01:05,,,,,
127003,"Nigadi To Malvan Via Phonda",Nigadi,Malvan,PHONDA,MO,35602,"Peth Naka",226.6,,,निगडी,कोल्हापुर,261.4,18:45,01:05,,,,,
127003,"Nigadi To Malvan Via Phonda",Nigadi,Malvan,PHONDA,MO,26070,Wathar,251.7,,,निगडी,कोल्हापुर,261.4,18:45,01:05,,,,,
127003,"Nigadi To Malvan Via Phonda",Nigadi,Malvan,PHONDA,MO,24359,Kolhapur,272.3,,,निगडी,कोल्हापुर,261.4,18:45,01:05,,,,,
127003,"Nigadi To Malvan Via Phonda",Nigadi,Malvan,PHONDA,MO,25400,Rankala,277,,,निगडी,कोल्हापुर,261.4,18:45,01:05,,,,,
127003,"Nigadi To Malvan Via Phonda",Nigadi,Malvan,PHONDA,MO,23945,Haldi,291.8,,,निगडी,कोल्हापुर,261.4,18:45,01:05,,,,,
127003,"Nigadi To Malvan Via Phonda",Nigadi,Malvan,PHONDA,MO,23216,"Bhogavati Sugar Factory",300.9,,,निगडी,कोल्हापुर,261.4,18:45,01:05,,,,,
127003,"Nigadi To Malvan Via Phonda",Nigadi,Malvan,PHONDA,MO,24207,Kaulav,312.9,,,निगडी,कोल्हापुर,261.4,18:45,01:05,,,,,
127003,"Nigadi To Malvan Via Phonda",Nigadi,Malvan,PHONDA,MO,25521,Shirase,316.9,,,निगडी,कोल्हापुर,261.4,18:45,01:05,,,,,
127003,"Nigadi To Malvan Via Phonda",Nigadi,Malvan,PHONDA,MO,23049,Anaje,319.9,,,निगडी,कोल्हापुर,261.4,18:45,01:05,,,,,
127003,"Nigadi To Malvan Via Phonda",Nigadi,Malvan,PHONDA,MO,23719,"Gaibi Police Stn.",322.9,,,निगडी,कोल्हापुर,261.4,18:45,01:05,,,,,
127003,"Nigadi To Malvan Via Phonda",Nigadi,Malvan,PHONDA,MO,25336,Radhanagari,325.2,,,निगडी,कोल्हापुर,261.4,18:45,01:05,,,,,
127003,"Nigadi To Malvan Via Phonda",Nigadi,Malvan,PHONDA,MO,24014,Hatimahal,327.9,,,निगडी,कोल्हापुर,261.4,18:45,01:05,,,,,
127003,"Nigadi To Malvan Via Phonda",Nigadi,Malvan,PHONDA,MO,25393,"Radhanagri Dam",328.9,,,निगडी,कोल्हापुर,261.4,18:45,01:05,,,,,
127003,"Nigadi To Malvan Via Phonda",Nigadi,Malvan,PHONDA,MO,23601,Daoudwadi,330.9,,,निगडी,कोल्हापुर,261.4,18:45,01:05,,,,,
127003,"Nigadi To Malvan Via Phonda",Nigadi,Malvan,PHONDA,MO,30607,Ajiwade,333.9,,,निगडी,कोल्हापुर,261.4,18:45,01:05,,,,,
127003,"Nigadi To Malvan Via Phonda",Nigadi,Malvan,PHONDA,MO,25530,Shelap,336.9,,,निगडी,कोल्हापुर,261.4,18:45,01:05,,,,,
127003,"Nigadi To Malvan Via Phonda",Nigadi,Malvan,PHONDA,MO,23137,Bambar,339.9,,,निगडी,कोल्हापुर,261.4,18:45,01:05,,,,,
127003,"Nigadi To Malvan Via Phonda",Nigadi,Malvan,PHONDA,MO,24004,Hasane,348.7,,,निगडी,कोल्हापुर,261.4,18:45,01:05,,,,,
127003,"Nigadi To Malvan Via Phonda",Nigadi,Malvan,PHONDA,MO,23566,Dajipur,354.7,,,निगडी,कोल्हापुर,261.4,18:45,01:05,,,,,
127003,"Nigadi To Malvan Via Phonda",Nigadi,Malvan,PHONDA,MO,2904,Phonda,369.3,,,निगडी,कोल्हापुर,261.4,18:45,01:05,,,,,
127003,"Nigadi To Malvan Via Phonda",Nigadi,Malvan,PHONDA,MO,2756,"Humrat Titha",381.9,,,निगडी,कोल्हापुर,261.4,18:45,01:05,,,,,
127003,"Nigadi To Malvan Via Phonda",Nigadi,Malvan,PHONDA,MO,2766,Janavali,386.4,,,निगडी,कोल्हापुर,261.4,18:45,01:05,,,,,
127003,"Nigadi To Malvan Via Phonda",Nigadi,Malvan,PHONDA,MO,2786,Kankavli,387.2,,,निगडी,कोल्हापुर,261.4,18:45,01:05,,,,,
127003,"Nigadi To Malvan Via Phonda",Nigadi,Malvan,PHONDA,MO,3001,"Wagade Gpo",388.9,,,निगडी,कोल्हापुर,261.4,18:45,01:05,,,,,
127003,"Nigadi To Malvan Via Phonda",Nigadi,Malvan,PHONDA,MO,2891,"Osargaon Talav",397.4,,,निगडी,कोल्हापुर,261.4,18:45,01:05,,,,,
127003,"Nigadi To Malvan Via Phonda",Nigadi,Malvan,PHONDA,MO,2890,"Osargaon Post",398.4,,,निगडी,कोल्हापुर,261.4,18:45,01:05,,,,,
127003,"Nigadi To Malvan Via Phonda",Nigadi,Malvan,PHONDA,MO,6281,Kasal,401.9,,,निगडी,कोल्हापुर,261.4,18:45,01:05,,,,,
127003,"Nigadi To Malvan Via Phonda",Nigadi,Malvan,PHONDA,MO,6369,"Padave Gp",404.9,,,निगडी,कोल्हापुर,261.4,18:45,01:05,,,,,
127003,"Nigadi To Malvan Via Phonda",Nigadi,Malvan,PHONDA,MO,6424,Sukalwad,407.9,,,निगडी,कोल्हापुर,261.4,18:45,01:05,,,,,
127003,"Nigadi To Malvan Via Phonda",Nigadi,Malvan,PHONDA,MO,6993,"Sawarwad Varad Fata",410.9,,,निगडी,कोल्हापुर,261.4,18:45,01:05,,,,,
127003,"Nigadi To Malvan Via Phonda",Nigadi,Malvan,PHONDA,MO,6870,Katta,413.9,,,निगडी,कोल्हापुर,261.4,18:45,01:05,,,,,
127003,"Nigadi To Malvan Via Phonda",Nigadi,Malvan,PHONDA,MO,6770,Bagwadi,416.9,,,निगडी,कोल्हापुर,261.4,18:45,01:05,,,,,
127003,"Nigadi To Malvan Via Phonda",Nigadi,Malvan,PHONDA,MO,6985,"Salel Nangarbhat",418,,,निगडी,कोल्हापुर,261.4,18:45,01:05,,,,,
127003,"Nigadi To Malvan Via Phonda",Nigadi,Malvan,PHONDA,MO,6799,Chouke,419,,,निगडी,कोल्हापुर,261.4,18:45,01:05,,,,,
127003,"Nigadi To Malvan Via Phonda",Nigadi,Malvan,PHONDA,MO,6750,"Ajagaonkar Bangala",423,,,निगडी,कोल्हापुर,261.4,18:45,01:05,,,,,
127003,"Nigadi To Malvan Via Phonda",Nigadi,Malvan,PHONDA,MO,6897,"Kumbharmath Govekar Dukan",425,,,निगडी,कोल्हापुर,261.4,18:45,01:05,,,,,
127003,"Nigadi To Malvan Via Phonda",Nigadi,Malvan,PHONDA,MO,6915,Malvan,428,,,निगडी,कोल्हापुर,261.4,18:45,01:05,,,,,
128533,"Malvan To Achara Via Kandalgaon Ranewadi",Malvan,Achara,"KANDALGAON RANEWADI",MO,6915,Malvan,,,,मालवण,आचरा,20.5,14:00,14:55,SCL,DAIL,,,
128533,"Malvan To Achara Via Kandalgaon Ranewadi",Malvan,Achara,"KANDALGAON RANEWADI",MO,6889,Kolamb,3.3,,,मालवण,आचरा,20.5,14:00,14:55,SCL,DAIL,,,
128533,"Malvan To Achara Via Kandalgaon Ranewadi",Malvan,Achara,"KANDALGAON RANEWADI",MO,6949,"Ozar Rameshwar Nagar",6.7,,,मालवण,आचरा,20.5,14:00,14:55,SCL,DAIL,,,
128533,"Malvan To Achara Via Kandalgaon Ranewadi",Malvan,Achara,"KANDALGAON RANEWADI",MO,6867,"Kandalgaon Ranewadi",7.1,,,मालवण,आचरा,20.5,14:00,14:55,SCL,DAIL,,,
128533,"Malvan To Achara Via Kandalgaon Ranewadi",Malvan,Achara,"KANDALGAON RANEWADI",MO,6816,Gadgil,9.3,,,मालवण,आचरा,20.5,14:00,14:55,SCL,DAIL,,,
128533,"Malvan To Achara Via Kandalgaon Ranewadi",Malvan,Achara,"KANDALGAON RANEWADI",MO,6921,Margeshwar,12.2,,,मालवण,आचरा,20.5,14:00,14:55,SCL,DAIL,,,
128533,"Malvan To Achara Via Kandalgaon Ranewadi",Malvan,Achara,"KANDALGAON RANEWADI",MO,6860,"Kalawal Titha",14,,,मालवण,आचरा,20.5,14:00,14:55,SCL,DAIL,,,
128533,"Malvan To Achara Via Kandalgaon Ranewadi",Malvan,Achara,"KANDALGAON RANEWADI",MO,6745,"Acharekar Bag",18,,,मालवण,आचरा,20.5,14:00,14:55,SCL,DAIL,,,
128533,"Malvan To Achara Via Kandalgaon Ranewadi",Malvan,Achara,"KANDALGAON RANEWADI",MO,6740,Achara,20.5,,,मालवण,आचरा,20.5,14:00,14:55,SCL,DAIL,,,
10677,"Belgaum To Malvan Via Dhamapur",Belgaum,Malvan,DHAMAPUR,MO,73214,Belgaum,,,,बेळगाव,मालवण,154.7,11:00,16:00,,,,,
10677,"Belgaum To Malvan Via Dhamapur",Belgaum,Malvan,DHAMAPUR,MO,73207,"Belgaum Rly. Stn.",5.2,,,बेळगाव,मालवण,154.7,11:00,16:00,,,,,
10677,"Belgaum To Malvan Via Dhamapur",Belgaum,Malvan,DHAMAPUR,MO,73212,Bogarves,6.3,,,बेळगाव,मालवण,154.7,11:00,16:00,,,,,
10677,"Belgaum To Malvan Via Dhamapur",Belgaum,Malvan,DHAMAPUR,MO,73513,Hindalga,11.4,,,बेळगाव,मालवण,154.7,11:00,16:00,,,,,
10677,"Belgaum To Malvan Via Dhamapur",Belgaum,Malvan,DHAMAPUR,MO,73192,"Bachi Krt Border",20.2,,,बेळगाव,मालवण,154.7,11:00,16:00,,,,,
10677,"Belgaum To Malvan Via Dhamapur",Belgaum,Malvan,DHAMAPUR,MO,25678,Shinoli,22.9,,,बेळगाव,मालवण,154.7,11:00,16:00,,,,,
10677,"Belgaum To Malvan Via Dhamapur",Belgaum,Malvan,DHAMAPUR,MO,24562,Kudremani,24.4,,,बेळगाव,मालवण,154.7,11:00,16:00,,,,,
10677,"Belgaum To Malvan Via Dhamapur",Belgaum,Malvan,DHAMAPUR,MO,25884,Turkewadi,27.7,,,बेळगाव,मालवण,154.7,11:00,16:00,,,,,
10677,"Belgaum To Malvan Via Dhamapur",Belgaum,Malvan,DHAMAPUR,MO,25133,"Patane Fata",30.3,,,बेळगाव,मालवण,154.7,11:00,16:00,,,,,
10677,"Belgaum To Malvan Via Dhamapur",Belgaum,Malvan,DHAMAPUR,MO,23937,"Halkarni Fata",32.2,,,बेळगाव,मालवण,154.7,11:00,16:00,,,,,
10677,"Belgaum To Malvan Via Dhamapur",Belgaum,Malvan,DHAMAPUR,MO,23500,Date,36.4,,,बेळगाव,मालवण,154.7,11:00,16:00,,,,,
10677,"Belgaum To Malvan Via Dhamapur",Belgaum,Malvan,DHAMAPUR,MO,23259,Belebhat,41.2,,,बेळगाव,मालवण,154.7,11:00,16:00,,,,,
10677,"Belgaum To Malvan Via Dhamapur",Belgaum,Malvan,DHAMAPUR,MO,24951,Nagarwadi,41.3,,,बेळगाव,मालवण,154.7,11:00,16:00,,,,,
10677,"Belgaum To Malvan Via Dhamapur",Belgaum,Malvan,DHAMAPUR,MO,23443,"Chandgad Fata",44.4,,,बेळगाव,मालवण,154.7,11:00,16:00,,,,,
10677,"Belgaum To Malvan Via Dhamapur",Belgaum,Malvan,DHAMAPUR,MO,23971,Hindgaon,48.1,,,बेळगाव,मालवण,154.7,11:00,16:00,,,,,
10677,"Belgaum To Malvan Via Dhamapur",Belgaum,Malvan,DHAMAPUR,MO,24762,Mhalunge,55.6,,,बेळगाव,मालवण,154.7,11:00,16:00,,,,,
10677,"Belgaum To Malvan Via Dhamapur",Belgaum,Malvan,DHAMAPUR,MO,23326,"Birdi Kanur",59.5,,,बेळगाव,मालवण,154.7,11:00,16:00,,,,,
10677,"Belgaum To Malvan Via Dhamapur",Belgaum,Malvan,DHAMAPUR,MO,23361,"Bazar Kanur",62.1,,,बेळगाव,मालवण,154.7,11:00,16:00,,,,,
10677,"Belgaum To Malvan Via Dhamapur",Belgaum,Malvan,DHAMAPUR,MO,25484,Sadegudavade,64.4,,,बेळगाव,मालवण,154.7,11:00,16:00,,,,,
10677,"Belgaum To Malvan Via Dhamapur",Belgaum,Malvan,DHAMAPUR,MO,25219,Punarvasan,68.1,,,बेळगाव,मालवण,154.7,11:00,16:00,,,,,
10677,"Belgaum To Malvan Via Dhamapur",Belgaum,Malvan,DHAMAPUR,MO,8597,Nagartaskari,71.1,,,बेळगाव,मालवण,154.7,11:00,16:00,,,,,
10677,"Belgaum To Malvan Via Dhamapur",Belgaum,Malvan,DHAMAPUR,MO,8473,"Ajra Fata",73,,,बेळगाव,मालवण,154.7,11:00,16:00,,,,,
10677,"Belgaum To Malvan Via Dhamapur",Belgaum,Malvan,DHAMAPUR,MO,8582,Mulvanwadi,76,,,बेळगाव,मालवण,154.7,11:00,16:00,,,,,
10677,"Belgaum To Malvan Via Dhamapur",Belgaum,Malvan,DHAMAPUR,MO,8470,Amboli,79.5,,,बेळगाव,मालवण,154.7,11:00,16:00,,,,,
10677,"Belgaum To Malvan Via Dhamapur",Belgaum,Malvan,DHAMAPUR,MO,8607,Nanapani,88,,,बेळगाव,मालवण,154.7,11:00,16:00,,,,,
10677,"Belgaum To Malvan Via Dhamapur",Belgaum,Malvan,DHAMAPUR,MO,8564,Kumbheshwar,89.5,,,बेळगाव,मालवण,154.7,11:00,16:00,,,,,
10677,"Belgaum To Malvan Via Dhamapur",Belgaum,Malvan,DHAMAPUR,MO,8510,Danoli,91.9,,,बेळगाव,मालवण,154.7,11:00,16:00,,,,,
10677,"Belgaum To Malvan Via Dhamapur",Belgaum,Malvan,DHAMAPUR,MO,8496,"Dhawadaki Datta Mandir",92,,,बेळगाव,मालवण,154.7,11:00,16:00,,,,,
10677,"Belgaum To Malvan Via Dhamapur",Belgaum,Malvan,DHAMAPUR,MO,8569,"Madkhol Met",94,,,बेळगाव,मालवण,154.7,11:00,16:00,,,,,
10677,"Belgaum To Malvan Via Dhamapur",Belgaum,Malvan,DHAMAPUR,MO,8570,Madkhol,95,,,बेळगाव,मालवण,154.7,11:00,16:00,,,,,
10677,"Belgaum To Malvan Via Dhamapur",Belgaum,Malvan,DHAMAPUR,MO,8653,"Sapale Stop",97,,,बेळगाव,मालवण,154.7,11:00,16:00,,,,,
10677,"Belgaum To Malvan Via Dhamapur",Belgaum,Malvan,DHAMAPUR,MO,8488,"Burdi Pul",100,,,बेळगाव,मालवण,154.7,11:00,16:00,,,,,
10677,"Belgaum To Malvan Via Dhamapur",Belgaum,Malvan,DHAMAPUR,MO,8663,Sawantwadi,103,,,बेळगाव,मालवण,154.7,11:00,16:00,,,,,
10677,"Belgaum To Malvan Via Dhamapur",Belgaum,Malvan,DHAMAPUR,MO,8551,"Kolgaon Thita",112.7,,,बेळगाव,मालवण,154.7,11:00,16:00,,,,,
10677,"Belgaum To Malvan Via Dhamapur",Belgaum,Malvan,DHAMAPUR,MO,6101,Akeri,114.9,,,बेळगाव,मालवण,154.7,11:00,16:00,,,,,
10677,"Belgaum To Malvan Via Dhamapur",Belgaum,Malvan,DHAMAPUR,MO,6205,Humras,117,,,बेळगाव,मालवण,154.7,11:00,16:00,,,,,
10677,"Belgaum To Malvan Via Dhamapur",Belgaum,Malvan,DHAMAPUR,MO,6231,"Khan Mohalla",117.5,,,बेळगाव,मालवण,154.7,11:00,16:00,,,,,
10677,"Belgaum To Malvan Via Dhamapur",Belgaum,Malvan,DHAMAPUR,MO,6473,"Zarap Jambhal",119,,,बेळगाव,मालवण,154.7,11:00,16:00,,,,,
10677,"Belgaum To Malvan Via Dhamapur",Belgaum,Malvan,DHAMAPUR,MO,6474,"Zharap Titha",119.8,,,बेळगाव,मालवण,154.7,11:00,16:00,,,,,
10677,"Belgaum To Malvan Via Dhamapur",Belgaum,Malvan,DHAMAPUR,MO,6322,"Mandkuli Fata",124,,,बेळगाव,मालवण,154.7,11:00,16:00,,,,,
10677,"Belgaum To Malvan Via Dhamapur",Belgaum,Malvan,DHAMAPUR,MO,6376,"Pinguli Titha",125.1,,,बेळगाव,मालवण,154.7,11:00,16:00,,,,,
10677,"Belgaum To Malvan Via Dhamapur",Belgaum,Malvan,DHAMAPUR,MO,6237,"Kudal St Depot",129.7,,,बेळगाव,मालवण,154.7,11:00,16:00,,,,,
10677,"Belgaum To Malvan Via Dhamapur",Belgaum,Malvan,DHAMAPUR,MO,6351,"Nerur Jakat",131.2,,,बेळगाव,मालवण,154.7,11:00,16:00,,,,,
10677,"Belgaum To Malvan Via Dhamapur",Belgaum,Malvan,DHAMAPUR,MO,6428,Thakurwadi,133.9,,,बेळगाव,मालवण,154.7,11:00,16:00,,,,,
10677,"Belgaum To Malvan Via Dhamapur",Belgaum,Malvan,DHAMAPUR,MO,6335,Nerurpar,136.8,,,बेळगाव,मालवण,154.7,11:00,16:00,,,,,
10677,"Belgaum To Malvan Via Dhamapur",Belgaum,Malvan,DHAMAPUR,MO,6856,"Hubalicha Mal",138.1,,,बेळगाव,मालवण,154.7,11:00,16:00,,,,,
10677,"Belgaum To Malvan Via Dhamapur",Belgaum,Malvan,DHAMAPUR,MO,6979,"Ravalnath Mandir",139.9,,,बेळगाव,मालवण,154.7,11:00,16:00,,,,,
10677,"Belgaum To Malvan Via Dhamapur",Belgaum,Malvan,DHAMAPUR,MO,6812,Dhamapur,140.6,,,बेळगाव,मालवण,154.7,11:00,16:00,,,,,
10677,"Belgaum To Malvan Via Dhamapur",Belgaum,Malvan,DHAMAPUR,MO,6821,"Gavaldeo Amba",142.8,,,बेळगाव,मालवण,154.7,11:00,16:00,,,,,
10677,"Belgaum To Malvan Via Dhamapur",Belgaum,Malvan,DHAMAPUR,MO,6869,Kasartakka,144.9,,,बेळगाव,मालवण,154.7,11:00,16:00,,,,,
10677,"Belgaum To Malvan Via Dhamapur",Belgaum,Malvan,DHAMAPUR,MO,6829,Godyachiwadi,145.9,,,बेळगाव,मालवण,154.7,11:00,16:00,,,,,
10677,"Belgaum To Malvan Via Dhamapur",Belgaum,Malvan,DHAMAPUR,MO,6799,Chouke,149.4,,,बेळगाव,मालवण,154.7,11:00,16:00,,,,,
10677,"Belgaum To Malvan Via Dhamapur",Belgaum,Malvan,DHAMAPUR,MO,6750,"Ajagaonkar Bangala",152.4,,,बेळगाव,मालवण,154.7,11:00,16:00,,,,,
10677,"Belgaum To Malvan Via Dhamapur",Belgaum,Malvan,DHAMAPUR,MO,6897,"Kumbharmath Govekar Dukan",152.5,,,बेळगाव,मालवण,154.7,11:00,16:00,,,,,
10677,"Belgaum To Malvan Via Dhamapur",Belgaum,Malvan,DHAMAPUR,MO,6917,Malvan,152.8,,,बेळगाव,मालवण,154.7,11:00,16:00,,,,,
10677,"Belgaum To Malvan Via Dhamapur",Belgaum,Malvan,DHAMAPUR,MO,6916,"Malvan Bazar",153,,,बेळगाव,मालवण,154.7,11:00,16:00,,,,,
10677,"Belgaum To Malvan Via Dhamapur",Belgaum,Malvan,DHAMAPUR,MO,6915,Malvan,154.7,,,बेळगाव,मालवण,154.7,11:00,16:00,,,,,
11026,"Malvan To Kankavli Via Tatarbav School",Malvan,Kankavli,"TATARBAV SCHOOL",MO,6915,Malvan,,,,मालवण,कणकवली,49.3,11:00,12:30,SCL,DAIL,,,
11026,"Malvan To Kankavli Via Tatarbav School",Malvan,Kankavli,"TATARBAV SCHOOL",MO,6746,Adari,2.5,,,मालवण,कणकवली,49.3,11:00,12:30,SCL,DAIL,,,
11026,"Malvan To Kankavli Via Tatarbav School",Malvan,Kankavli,"TATARBAV SCHOOL",MO,6779,"Bhagat Nursary",5.2,,,मालवण,कणकवली,49.3,11:00,12:30,SCL,DAIL,,,
11026,"Malvan To Kankavli Via Tatarbav School",Malvan,Kankavli,"TATARBAV SCHOOL",MO,6908,Mahan,8.6,,,मालवण,कणकवली,49.3,11:00,12:30,SCL,DAIL,,,
11026,"Malvan To Kankavli Via Tatarbav School",Malvan,Kankavli,"TATARBAV SCHOOL",MO,6787,"Bilwas Datta Mandir",15.4,,,मालवण,कणकवली,49.3,11:00,12:30,SCL,DAIL,,,
11026,"Malvan To Kankavli Via Tatarbav School",Malvan,Kankavli,"TATARBAV SCHOOL",MO,6769,Bagayat,19.1,,,मालवण,कणकवली,49.3,11:00,12:30,SCL,DAIL,,,
11026,"Malvan To Kankavli Via Tatarbav School",Malvan,Kankavli,"TATARBAV SCHOOL",MO,6925,"Masade Titha",21.1,,,मालवण,कणकवली,49.3,11:00,12:30,SCL,DAIL,,,
11026,"Malvan To Kankavli Via Tatarbav School",Malvan,Kankavli,"TATARBAV SCHOOL",MO,6924,"Masade School",22.1,,,मालवण,कणकवली,49.3,11:00,12:30,SCL,DAIL,,,
11026,"Malvan To Kankavli Via Tatarbav School",Malvan,Kankavli,"TATARBAV SCHOOL",MO,7019,Viran,24.4,,,मालवण,कणकवली,49.3,11:00,12:30,SCL,DAIL,,,
11026,"Malvan To Kankavli Via Tatarbav School",Malvan,Kankavli,"TATARBAV SCHOOL",MO,6964,Poip,25,,,मालवण,कणकवली,49.3,11:00,12:30,SCL,DAIL,,,
11026,"Malvan To Kankavli Via Tatarbav School",Malvan,Kankavli,"TATARBAV SCHOOL",MO,6975,"Rathiwade Bhakardev",28,,,मालवण,कणकवली,49.3,11:00,12:30,SCL,DAIL,,,
11026,"Malvan To Kankavli Via Tatarbav School",Malvan,Kankavli,"TATARBAV SCHOOL",MO,6978,"Rathiwade Titha",31.3,,,मालवण,कणकवली,49.3,11:00,12:30,SCL,DAIL,,,
11026,"Malvan To Kankavli Via Tatarbav School",Malvan,Kankavli,"TATARBAV SCHOOL",MO,6762,"Asgani Parkar Shop",32.5,,,मालवण,कणकवली,49.3,11:00,12:30,SCL,DAIL,,,
11026,"Malvan To Kankavli Via Tatarbav School",Malvan,Kankavli,"TATARBAV SCHOOL",MO,6761,"Asgani Gpo",34,,,मालवण,कणकवली,49.3,11:00,12:30,SCL,DAIL,,,
11026,"Malvan To Kankavli Via Tatarbav School",Malvan,Kankavli,"TATARBAV SCHOOL",MO,7024,"Wadacha Naka Hospital",36.8,,,मालवण,कणकवली,49.3,11:00,12:30,SCL,DAIL,,,
11026,"Malvan To Kankavli Via Tatarbav School",Malvan,Kankavli,"TATARBAV SCHOOL",MO,6995,"Shiravande Gpo",37.5,,,मालवण,कणकवली,49.3,11:00,12:30,SCL,DAIL,,,
11026,"Malvan To Kankavli Via Tatarbav School",Malvan,Kankavli,"TATARBAV SCHOOL",MO,6767,"Asrondi Sima",39.7,,,मालवण,कणकवली,49.3,11:00,12:30,SCL,DAIL,,,
11026,"Malvan To Kankavli Via Tatarbav School",Malvan,Kankavli,"TATARBAV SCHOOL",MO,6765,"Asrondi Marathi School",40.4,,,मालवण,कणकवली,49.3,11:00,12:30,SCL,DAIL,,,
11026,"Malvan To Kankavli Via Tatarbav School",Malvan,Kankavli,"TATARBAV SCHOOL",MO,2985,"Tatarbav School",42,,,मालवण,कणकवली,49.3,11:00,12:30,SCL,DAIL,,,
11026,"Malvan To Kankavli Via Tatarbav School",Malvan,Kankavli,"TATARBAV SCHOOL",MO,2645,"Asrondi Fata",48.2,,,मालवण,कणकवली,49.3,11:00,12:30,SCL,DAIL,,,
11026,"Malvan To Kankavli Via Tatarbav School",Malvan,Kankavli,"TATARBAV SCHOOL",MO,2692,Dangalwadi,48.4,,,मालवण,कणकवली,49.3,11:00,12:30,SCL,DAIL,,,
11026,"Malvan To Kankavli Via Tatarbav School",Malvan,Kankavli,"TATARBAV SCHOOL",MO,3001,"Wagade Gpo",48.5,,,मालवण,कणकवली,49.3,11:00,12:30,SCL,DAIL,,,
11026,"Malvan To Kankavli Via Tatarbav School",Malvan,Kankavli,"TATARBAV SCHOOL",MO,2786,Kankavli,49.3,,,मालवण,कणकवली,49.3,11:00,12:30,SCL,DAIL,,,
11039,"Malvan To Katta Via Bagayat",Malvan,Katta,BAGAYAT,MO,6915,Malvan,,,,मालवण,कट्टा,28.7,15:15,16:15,OPT,DAIL,"विश्रांती 14.45 ते 15.15",,
11039,"Malvan To Katta Via Bagayat",Malvan,Katta,BAGAYAT,MO,6746,Adari,2.5,,,मालवण,कट्टा,28.7,15:15,16:15,OPT,DAIL,"विश्रांती 14.45 ते 15.15",,
11039,"Malvan To Katta Via Bagayat",Malvan,Katta,BAGAYAT,MO,6779,"Bhagat Nursary",5.2,,,मालवण,कट्टा,28.7,15:15,16:15,OPT,DAIL,"विश्रांती 14.45 ते 15.15",,
11039,"Malvan To Katta Via Bagayat",Malvan,Katta,BAGAYAT,MO,6908,Mahan,8.6,,,मालवण,कट्टा,28.7,15:15,16:15,OPT,DAIL,"विश्रांती 14.45 ते 15.15",,
11039,"Malvan To Katta Via Bagayat",Malvan,Katta,BAGAYAT,MO,6757,"Anganewadi Fata",10,,,मालवण,कट्टा,28.7,15:15,16:15,OPT,DAIL,"विश्रांती 14.45 ते 15.15",,
11039,"Malvan To Katta Via Bagayat",Malvan,Katta,BAGAYAT,MO,6756,Anganewadi,12,,,मालवण,कट्टा,28.7,15:15,16:15,OPT,DAIL,"विश्रांती 14.45 ते 15.15",,
11039,"Malvan To Katta Via Bagayat",Malvan,Katta,BAGAYAT,MO,6806,"Datta Mandir",18,,,मालवण,कट्टा,28.7,15:15,16:15,OPT,DAIL,"विश्रांती 14.45 ते 15.15",,
11039,"Malvan To Katta Via Bagayat",Malvan,Katta,BAGAYAT,MO,6784,"Bharteshwar Mandir",21,,,मालवण,कट्टा,28.7,15:15,16:15,OPT,DAIL,"विश्रांती 14.45 ते 15.15",,
11039,"Malvan To Katta Via Bagayat",Malvan,Katta,BAGAYAT,MO,6769,Bagayat,23,,,मालवण,कट्टा,28.7,15:15,16:15,OPT,DAIL,"विश्रांती 14.45 ते 15.15",,
11039,"Malvan To Katta Via Bagayat",Malvan,Katta,BAGAYAT,MO,6925,"Masade Titha",24,,,मालवण,कट्टा,28.7,15:15,16:15,OPT,DAIL,"विश्रांती 14.45 ते 15.15",,
11039,"Malvan To Katta Via Bagayat",Malvan,Katta,BAGAYAT,MO,6945,"Navpat High School",25,,,मालवण,कट्टा,28.7,15:15,16:15,OPT,DAIL,"विश्रांती 14.45 ते 15.15",,
11039,"Malvan To Katta Via Bagayat",Malvan,Katta,BAGAYAT,MO,6830,"Golvan Boudhawadi",25.2,,,मालवण,कट्टा,28.7,15:15,16:15,OPT,DAIL,"विश्रांती 14.45 ते 15.15",,
11039,"Malvan To Katta Via Bagayat",Malvan,Katta,BAGAYAT,MO,6832,"Golvan School",25.3,,,मालवण,कट्टा,28.7,15:15,16:15,OPT,DAIL,"विश्रांती 14.45 ते 15.15",,
11039,"Malvan To Katta Via Bagayat",Malvan,Katta,BAGAYAT,MO,6814,"Dikwal Fata",26,,,मालवण,कट्टा,28.7,15:15,16:15,OPT,DAIL,"विश्रांती 14.45 ते 15.15",,
11039,"Malvan To Katta Via Bagayat",Malvan,Katta,BAGAYAT,MO,6895,Kumame,27,,,मालवण,कट्टा,28.7,15:15,16:15,OPT,DAIL,"विश्रांती 14.45 ते 15.15",,
11039,"Malvan To Katta Via Bagayat",Malvan,Katta,BAGAYAT,MO,6870,Katta,28.7,,,मालवण,कट्टा,28.7,15:15,16:15,OPT,DAIL,"विश्रांती 14.45 ते 15.15",,
11061,"Malvan To Sarjekot",Malvan,Sarjekot,,MO,6915,Malvan,,,,मालवण,सर्जेकोट,4.9,12:15,12:30,OBL,DAIL,,,
11061,"Malvan To Sarjekot",Malvan,Sarjekot,,MO,6889,Kolamb,3.3,,,मालवण,सर्जेकोट,4.9,12:15,12:30,OBL,DAIL,,,
11061,"Malvan To Sarjekot",Malvan,Sarjekot,,MO,6991,Sarjekot,4.9,,,मालवण,सर्जेकोट,4.9,12:15,12:30,OBL,DAIL,,,
11067,"Malvan To Tambaldeg",Malvan,Tambaldeg,,MO,6915,Malvan,,,,मालवण,तांबळडेग,42.8,11:30,13:00,SCH,DAIL,,,
11067,"Malvan To Tambaldeg",Malvan,Tambaldeg,,MO,6889,Kolamb,3.3,,,मालवण,तांबळडेग,42.8,11:30,13:00,SCH,DAIL,,,
11067,"Malvan To Tambaldeg",Malvan,Tambaldeg,,MO,7015,Varanda,6.7,,,मालवण,तांबळडेग,42.8,11:30,13:00,SCH,DAIL,,,
11067,"Malvan To Tambaldeg",Malvan,Tambaldeg,,MO,6816,Gadgil,9.3,,,मालवण,तांबळडेग,42.8,11:30,13:00,SCH,DAIL,,,
11067,"Malvan To Tambaldeg",Malvan,Tambaldeg,,MO,6921,Margeshwar,12.2,,,मालवण,तांबळडेग,42.8,11:30,13:00,SCH,DAIL,,,
11067,"Malvan To Tambaldeg",Malvan,Tambaldeg,,MO,6860,"Kalawal Titha",14,,,मालवण,तांबळडेग,42.8,11:30,13:00,SCH,DAIL,,,
11067,"Malvan To Tambaldeg",Malvan,Tambaldeg,,MO,6745,"Acharekar Bag",18,,,मालवण,तांबळडेग,42.8,11:30,13:00,SCH,DAIL,,,
11067,"Malvan To Tambaldeg",Malvan,Tambaldeg,,MO,6740,Achara,21,,,मालवण,तांबळडेग,42.8,11:30,13:00,SCH,DAIL,,,
11067,"Malvan To Tambaldeg",Malvan,Tambaldeg,,MO,6743,"Achara Par",22.4,,,मालवण,तांबळडेग,42.8,11:30,13:00,SCH,DAIL,,,
11067,"Malvan To Tambaldeg",Malvan,Tambaldeg,,MO,6968,"Poyare Dattaguru Chowk",24.8,,,मालवण,तांबळडेग,42.8,11:30,13:00,SCH,DAIL,,,
11067,"Malvan To Tambaldeg",Malvan,Tambaldeg,,MO,2069,"Modka Wad",28.5,,,मालवण,तांबळडेग,42.8,11:30,13:00,SCH,DAIL,,,
11067,"Malvan To Tambaldeg",Malvan,Tambaldeg,,MO,1866,"Munage High School",30.8,,,मालवण,तांबळडेग,42.8,11:30,13:00,SCH,DAIL,,,
11067,"Malvan To Tambaldeg",Malvan,Tambaldeg,,MO,1843,"Munage Bhagvati Mandir",31.6,,,मालवण,तांबळडेग,42.8,11:30,13:00,SCH,DAIL,,,
11067,"Malvan To Tambaldeg",Malvan,Tambaldeg,,MO,6847,"Hindale Teen Pimple",34.2,,,मालवण,तांबळडेग,42.8,11:30,13:00,SCH,DAIL,,,
11067,"Malvan To Tambaldeg",Malvan,Tambaldeg,,MO,1740,"Hindale Aga Dukan",34.9,,,मालवण,तांबळडेग,42.8,11:30,13:00,SCH,DAIL,,,
11067,"Malvan To Tambaldeg",Malvan,Tambaldeg,,MO,1879,Mithbav,36.8,,,मालवण,तांबळडेग,42.8,11:30,13:00,SCH,DAIL,,,
11067,"Malvan To Tambaldeg",Malvan,Tambaldeg,,MO,2039,Vetal,40,,,मालवण,तांबळडेग,42.8,11:30,13:00,SCH,DAIL,,,
11067,"Malvan To Tambaldeg",Malvan,Tambaldeg,,MO,1994,Tambaldeg,42.8,,,मालवण,तांबळडेग,42.8,11:30,13:00,SCH,DAIL,,,
20099,"Munage Bhagvati Mandir To Achara","Munage Bhagvati Mandir",Achara,,MO,1843,"Munage Bhagvati Mandir",,,,मुणगे,आचरा,9.2,09:05,09:25,SCL,DAIL,,,
20099,"Munage Bhagvati Mandir To Achara","Munage Bhagvati Mandir",Achara,,MO,1866,"Munage High School",0.8,,,मुणगे,आचरा,9.2,09:05,09:25,SCL,DAIL,,,
20099,"Munage Bhagvati Mandir To Achara","Munage Bhagvati Mandir",Achara,,MO,1807,Kariwane,2.1,,,मुणगे,आचरा,9.2,09:05,09:25,SCL,DAIL,,,
20099,"Munage Bhagvati Mandir To Achara","Munage Bhagvati Mandir",Achara,,MO,6743,"Achara Par",5.3,,,मुणगे,आचरा,9.2,09:05,09:25,SCL,DAIL,,,
20099,"Munage Bhagvati Mandir To Achara","Munage Bhagvati Mandir",Achara,,MO,6740,Achara,9.2,,,मुणगे,आचरा,9.2,09:05,09:25,SCL,DAIL,,,
20108,"Mogarne Jadhavwadi To Katta",Mogarane,Katta,,MO,6937,Mogarane,,,,मोगरणे,कट्टा,12,08:50,09:25,SCH,DAIL,,,
20108,"Mogarne Jadhavwadi To Katta",Mogarane,Katta,,MO,6973,Rathbav,2.9,,,मोगरणे,कट्टा,12,08:50,09:25,SCH,DAIL,,,
20108,"Mogarne Jadhavwadi To Katta",Mogarane,Katta,,MO,6918,Mandir,6,,,मोगरणे,कट्टा,12,08:50,09:25,SCH,DAIL,,,
20108,"Mogarne Jadhavwadi To Katta",Mogarane,Katta,,MO,6962,"Pendur Naka",8.1,,,मोगरणे,कट्टा,12,08:50,09:25,SCH,DAIL,,,
20108,"Mogarne Jadhavwadi To Katta",Mogarane,Katta,,MO,6825,Ghotale,9.7,,,मोगरणे,कट्टा,12,08:50,09:25,SCH,DAIL,,,
20108,"Mogarne Jadhavwadi To Katta",Mogarane,Katta,,MO,6870,Katta,12,,,मोगरणे,कट्टा,12,08:50,09:25,SCH,DAIL,,,
20109,"Tirawade To Katta",Tirawade,Katta,,MO,7005,Tirawade,,,,तिरवडे,कट्टा,6.4,11:00,11:15,SCH,DAIL,,,
20109,"Tirawade To Katta",Tirawade,Katta,,MO,6871,"Katta Bazar",0.4,,,तिरवडे,कट्टा,6.4,11:00,11:15,SCH,DAIL,,,
20109,"Tirawade To Katta",Tirawade,Katta,,MO,6870,Katta,6.4,,,तिरवडे,कट्टा,6.4,11:00,11:15,SCH,DAIL,,,
20123,"Bagayat To Malvan Via Chouke",Bagayat,Malvan,CHOUKE,MO,6769,Bagayat,,,,बागायत,मालवण,22,14:10,15:05,OBL,,,,
20123,"Bagayat To Malvan Via Chouke",Bagayat,Malvan,CHOUKE,MO,6907,Mahalaxmi,0.4,,,बागायत,मालवण,22,14:10,15:05,OBL,,,,
20123,"Bagayat To Malvan Via Chouke",Bagayat,Malvan,CHOUKE,MO,6912,Malgaon,1.8,,,बागायत,मालवण,22,14:10,15:05,OBL,,,,
20123,"Bagayat To Malvan Via Chouke",Bagayat,Malvan,CHOUKE,MO,6828,"Ghumros School",3,,,बागायत,मालवण,22,14:10,15:05,OBL,,,,
20123,"Bagayat To Malvan Via Chouke",Bagayat,Malvan,CHOUKE,MO,6752,Ambdos,4.7,,,बागायत,मालवण,22,14:10,15:05,OBL,,,,
20123,"Bagayat To Malvan Via Chouke",Bagayat,Malvan,CHOUKE,MO,6824,Ghartanwadi,5.4,,,बागायत,मालवण,22,14:10,15:05,OBL,,,,
20123,"Bagayat To Malvan Via Chouke",Bagayat,Malvan,CHOUKE,MO,6799,Chouke,6.5,,,बागायत,मालवण,22,14:10,15:05,OBL,,,,
20123,"Bagayat To Malvan Via Chouke",Bagayat,Malvan,CHOUKE,MO,6750,"Ajagaonkar Bangala",9.3,,,बागायत,मालवण,22,14:10,15:05,OBL,,,,
20123,"Bagayat To Malvan Via Chouke",Bagayat,Malvan,CHOUKE,MO,6897,"Kumbharmath Govekar Dukan",11.4,,,बागायत,मालवण,22,14:10,15:05,OBL,,,,
20123,"Bagayat To Malvan Via Chouke",Bagayat,Malvan,CHOUKE,MO,6915,Malvan,22,,,बागायत,मालवण,22,14:10,15:05,OBL,,,,
20137,"Devgad To Malvan Via Munage Bhagvati Mandir",Devgad,Malvan,"MUNAGE BHAGVATI MANDIR",MO,1685,Devgad,,,,देवगड,मालवण,66.5,15:20,17:30,SCL,DAIL,"विश्रांती 17.30 ते 18.00",,
20137,"Devgad To Malvan Via Munage Bhagvati Mandir",Devgad,Malvan,"MUNAGE BHAGVATI MANDIR",MO,1759,Jamsande,2.7,,,देवगड,मालवण,66.5,15:20,17:30,SCL,DAIL,"विश्रांती 17.30 ते 18.00",,
20137,"Devgad To Malvan Via Munage Bhagvati Mandir",Devgad,Malvan,"MUNAGE BHAGVATI MANDIR",MO,1774,"Khakshi Titha",4.4,,,देवगड,मालवण,66.5,15:20,17:30,SCL,DAIL,"विश्रांती 17.30 ते 18.00",,
20137,"Devgad To Malvan Via Munage Bhagvati Mandir",Devgad,Malvan,"MUNAGE BHAGVATI MANDIR",MO,1689,"Dabhole Bridge",6.2,,,देवगड,मालवण,66.5,15:20,17:30,SCL,DAIL,"विश्रांती 17.30 ते 18.00",,
20137,"Devgad To Malvan Via Munage Bhagvati Mandir",Devgad,Malvan,"MUNAGE BHAGVATI MANDIR",MO,1682,"Dabhole Boudhawadi",8.3,,,देवगड,मालवण,66.5,15:20,17:30,SCL,DAIL,"विश्रांती 17.30 ते 18.00",,
20137,"Devgad To Malvan Via Munage Bhagvati Mandir",Devgad,Malvan,"MUNAGE BHAGVATI MANDIR",MO,1944,Pokharbav,10.1,,,देवगड,मालवण,66.5,15:20,17:30,SCL,DAIL,"विश्रांती 17.30 ते 18.00",,
20137,"Devgad To Malvan Via Munage Bhagvati Mandir",Devgad,Malvan,"MUNAGE BHAGVATI MANDIR",MO,1942,Penkule,12.1,,,देवगड,मालवण,66.5,15:20,17:30,SCL,DAIL,"विश्रांती 17.30 ते 18.00",,
20137,"Devgad To Malvan Via Munage Bhagvati Mandir",Devgad,Malvan,"MUNAGE BHAGVATI MANDIR",MO,1744,Hela,13.8,,,देवगड,मालवण,66.5,15:20,17:30,SCL,DAIL,"विश्रांती 17.30 ते 18.00",,
20137,"Devgad To Malvan Via Munage Bhagvati Mandir",Devgad,Malvan,"MUNAGE BHAGVATI MANDIR",MO,1633,"Aitan Bridge",14.8,,,देवगड,मालवण,66.5,15:20,17:30,SCL,DAIL,"विश्रांती 17.30 ते 18.00",,
20137,"Devgad To Malvan Via Munage Bhagvati Mandir",Devgad,Malvan,"MUNAGE BHAGVATI MANDIR",MO,1692,"Dahibav Jambhuliche Sane",17.8,,,देवगड,मालवण,66.5,15:20,17:30,SCL,DAIL,"विश्रांती 17.30 ते 18.00",,
20137,"Devgad To Malvan Via Munage Bhagvati Mandir",Devgad,Malvan,"MUNAGE BHAGVATI MANDIR",MO,1734,"Giraval Parabwadi",19.7,,,देवगड,मालवण,66.5,15:20,17:30,SCL,DAIL,"विश्रांती 17.30 ते 18.00",,
20137,"Devgad To Malvan Via Munage Bhagvati Mandir",Devgad,Malvan,"MUNAGE BHAGVATI MANDIR",MO,1741,"Hindale Aga Shop",22.9,,,देवगड,मालवण,66.5,15:20,17:30,SCL,DAIL,"विश्रांती 17.30 ते 18.00",,
20137,"Devgad To Malvan Via Munage Bhagvati Mandir",Devgad,Malvan,"MUNAGE BHAGVATI MANDIR",MO,6847,"Hindale Teen Pimple",24,,,देवगड,मालवण,66.5,15:20,17:30,SCL,DAIL,"विश्रांती 17.30 ते 18.00",,
20137,"Devgad To Malvan Via Munage Bhagvati Mandir",Devgad,Malvan,"MUNAGE BHAGVATI MANDIR",MO,1843,"Munage Bhagvati Mandir",27.8,,,देवगड,मालवण,66.5,15:20,17:30,SCL,DAIL,"विश्रांती 17.30 ते 18.00",,
20137,"Devgad To Malvan Via Munage Bhagvati Mandir",Devgad,Malvan,"MUNAGE BHAGVATI MANDIR",MO,1840,"Modka Vad",30,,,देवगड,मालवण,66.5,15:20,17:30,SCL,DAIL,"विश्रांती 17.30 ते 18.00",,
20137,"Devgad To Malvan Via Munage Bhagvati Mandir",Devgad,Malvan,"MUNAGE BHAGVATI MANDIR",MO,1717,Gadavwadi,32,,,देवगड,मालवण,66.5,15:20,17:30,SCL,DAIL,"विश्रांती 17.30 ते 18.00",,
20137,"Devgad To Malvan Via Munage Bhagvati Mandir",Devgad,Malvan,"MUNAGE BHAGVATI MANDIR",MO,6968,"Poyare Dattaguru Chowk",34.6,,,देवगड,मालवण,66.5,15:20,17:30,SCL,DAIL,"विश्रांती 17.30 ते 18.00",,
20137,"Devgad To Malvan Via Munage Bhagvati Mandir",Devgad,Malvan,"MUNAGE BHAGVATI MANDIR",MO,6743,"Achara Par",37,,,देवगड,मालवण,66.5,15:20,17:30,SCL,DAIL,"विश्रांती 17.30 ते 18.00",,
20137,"Devgad To Malvan Via Munage Bhagvati Mandir",Devgad,Malvan,"MUNAGE BHAGVATI MANDIR",MO,6740,Achara,38.4,,,देवगड,मालवण,66.5,15:20,17:30,SCL,DAIL,"विश्रांती 17.30 ते 18.00",,
20137,"Devgad To Malvan Via Munage Bhagvati Mandir",Devgad,Malvan,"MUNAGE BHAGVATI MANDIR",MO,6983,Sadewadi,41,,,देवगड,मालवण,66.5,15:20,17:30,SCL,DAIL,"विश्रांती 17.30 ते 18.00",,
20137,"Devgad To Malvan Via Munage Bhagvati Mandir",Devgad,Malvan,"MUNAGE BHAGVATI MANDIR",MO,6763,"Asolkar Dukan",42,,,देवगड,मालवण,66.5,15:20,17:30,SCL,DAIL,"विश्रांती 17.30 ते 18.00",,
20137,"Devgad To Malvan Via Munage Bhagvati Mandir",Devgad,Malvan,"MUNAGE BHAGVATI MANDIR",MO,6860,"Kalawal Titha",44,,,देवगड,मालवण,66.5,15:20,17:30,SCL,DAIL,"विश्रांती 17.30 ते 18.00",,
20137,"Devgad To Malvan Via Munage Bhagvati Mandir",Devgad,Malvan,"MUNAGE BHAGVATI MANDIR",MO,6921,Margeshwar,47,,,देवगड,मालवण,66.5,15:20,17:30,SCL,DAIL,"विश्रांती 17.30 ते 18.00",,
20137,"Devgad To Malvan Via Munage Bhagvati Mandir",Devgad,Malvan,"MUNAGE BHAGVATI MANDIR",MO,6816,Gadgil,50,,,देवगड,मालवण,66.5,15:20,17:30,SCL,DAIL,"विश्रांती 17.30 ते 18.00",,
20137,"Devgad To Malvan Via Munage Bhagvati Mandir",Devgad,Malvan,"MUNAGE BHAGVATI MANDIR",MO,7015,Varanda,53,,,देवगड,मालवण,66.5,15:20,17:30,SCL,DAIL,"विश्रांती 17.30 ते 18.00",,
20137,"Devgad To Malvan Via Munage Bhagvati Mandir",Devgad,Malvan,"MUNAGE BHAGVATI MANDIR",MO,6889,Kolamb,56,,,देवगड,मालवण,66.5,15:20,17:30,SCL,DAIL,"विश्रांती 17.30 ते 18.00",,
20137,"Devgad To Malvan Via Munage Bhagvati Mandir",Devgad,Malvan,"MUNAGE BHAGVATI MANDIR",MO,6915,Malvan,66.5,,,देवगड,मालवण,66.5,15:20,17:30,SCL,DAIL,"विश्रांती 17.30 ते 18.00",,
20186,"Kudopi To Malvan",Kudopi,Malvan,,MO,6893,Kudopi,,,,कुडोपी,मालवण,68,06:00,08:15,SCL,DAIL,,,
20186,"Kudopi To Malvan",Kudopi,Malvan,,MO,6892,Kondwadi,3.1,,,कुडोपी,मालवण,68,06:00,08:15,SCL,DAIL,,,
20186,"Kudopi To Malvan",Kudopi,Malvan,,MO,6758,Apradhwadi,5.8,,,कुडोपी,मालवण,68,06:00,08:15,SCL,DAIL,,,
20186,"Kudopi To Malvan",Kudopi,Malvan,,MO,6798,"Chindar Wad",8.9,,,कुडोपी,मालवण,68,06:00,08:15,SCL,DAIL,,,
20186,"Kudopi To Malvan",Kudopi,Malvan,,MO,6990,Sapala,12.5,,,कुडोपी,मालवण,68,06:00,08:15,SCL,DAIL,,,
20186,"Kudopi To Malvan",Kudopi,Malvan,,MO,6823,Gawadewadi,15.4,,,कुडोपी,मालवण,68,06:00,08:15,SCL,DAIL,,,
20186,"Kudopi To Malvan",Kudopi,Malvan,,MO,6798,"Chindar Wad",18,,,कुडोपी,मालवण,68,06:00,08:15,SCL,DAIL,,,
20186,"Kudopi To Malvan",Kudopi,Malvan,,MO,6740,Achara,21,,,कुडोपी,मालवण,68,06:00,08:15,SCL,DAIL,,,
20186,"Kudopi To Malvan",Kudopi,Malvan,,MO,6798,"Chindar Wad",24,,,कुडोपी,मालवण,68,06:00,08:15,SCL,DAIL,,,
20186,"Kudopi To Malvan",Kudopi,Malvan,,MO,6934,"Mauli Mandir",27,,,कुडोपी,मालवण,68,06:00,08:15,SCL,DAIL,,,
20186,"Kudopi To Malvan",Kudopi,Malvan,,MO,6780,Bhagwantgad,30,,,कुडोपी,मालवण,68,06:00,08:15,SCL,DAIL,,,
20186,"Kudopi To Malvan",Kudopi,Malvan,,MO,6934,"Mauli Mandir",33,,,कुडोपी,मालवण,68,06:00,08:15,SCL,DAIL,,,
20186,"Kudopi To Malvan",Kudopi,Malvan,,MO,6798,"Chindar Wad",36,,,कुडोपी,मालवण,68,06:00,08:15,SCL,DAIL,,,
20186,"Kudopi To Malvan",Kudopi,Malvan,,MO,6740,Achara,39,,,कुडोपी,मालवण,68,06:00,08:15,SCL,DAIL,,,
20186,"Kudopi To Malvan",Kudopi,Malvan,,MO,6745,"Acharekar Bag",42,,,कुडोपी,मालवण,68,06:00,08:15,SCL,DAIL,,,
20186,"Kudopi To Malvan",Kudopi,Malvan,,MO,6860,"Kalawal Titha",45,,,कुडोपी,मालवण,68,06:00,08:15,SCL,DAIL,,,
20186,"Kudopi To Malvan",Kudopi,Malvan,,MO,6921,Margeshwar,48,,,कुडोपी,मालवण,68,06:00,08:15,SCL,DAIL,,,
20186,"Kudopi To Malvan",Kudopi,Malvan,,MO,6816,Gadgil,51,,,कुडोपी,मालवण,68,06:00,08:15,SCL,DAIL,,,
20186,"Kudopi To Malvan",Kudopi,Malvan,,MO,7015,Varanda,54,,,कुडोपी,मालवण,68,06:00,08:15,SCL,DAIL,,,
20186,"Kudopi To Malvan",Kudopi,Malvan,,MO,6889,Kolamb,57,,,कुडोपी,मालवण,68,06:00,08:15,SCL,DAIL,,,
20186,"Kudopi To Malvan",Kudopi,Malvan,,MO,6915,Malvan,60,,,कुडोपी,मालवण,68,06:00,08:15,SCL,DAIL,,,
20218,"Warad Par To Malvan","Warad Par",Malvan,,MO,7036,"Warad Par",,,,वराड,मालवण,38.4,12:35,13:50,OPT,DAIL,,,
20218,"Warad Par To Malvan","Warad Par",Malvan,,MO,7014,"Varad Mandir",2.7,,,वराड,मालवण,38.4,12:35,13:50,OPT,DAIL,,,
20218,"Warad Par To Malvan","Warad Par",Malvan,,MO,6993,"Sawarwad Varad Fata",5.3,,,वराड,मालवण,38.4,12:35,13:50,OPT,DAIL,,,
20218,"Warad Par To Malvan","Warad Par",Malvan,,MO,6870,Katta,8.9,,,वराड,मालवण,38.4,12:35,13:50,OPT,DAIL,,,
20218,"Warad Par To Malvan","Warad Par",Malvan,,MO,6895,Kumame,11.7,,,वराड,मालवण,38.4,12:35,13:50,OPT,DAIL,,,
20218,"Warad Par To Malvan","Warad Par",Malvan,,MO,6814,"Dikwal Fata",13.9,,,वराड,मालवण,38.4,12:35,13:50,OPT,DAIL,,,
20218,"Warad Par To Malvan","Warad Par",Malvan,,MO,6832,"Golvan School",14.3,,,वराड,मालवण,38.4,12:35,13:50,OPT,DAIL,,,
20218,"Warad Par To Malvan","Warad Par",Malvan,,MO,6830,"Golvan Boudhawadi",17.9,,,वराड,मालवण,38.4,12:35,13:50,OPT,DAIL,,,
20218,"Warad Par To Malvan","Warad Par",Malvan,,MO,6945,"Navpat High School",20.9,,,वराड,मालवण,38.4,12:35,13:50,OPT,DAIL,,,
20218,"Warad Par To Malvan","Warad Par",Malvan,,MO,6769,Bagayat,23.3,,,वराड,मालवण,38.4,12:35,13:50,OPT,DAIL,,,
20218,"Warad Par To Malvan","Warad Par",Malvan,,MO,6757,"Anganewadi Fata",27,,,वराड,मालवण,38.4,12:35,13:50,OPT,DAIL,,,
20218,"Warad Par To Malvan","Warad Par",Malvan,,MO,6756,Anganewadi,29.7,,,वराड,मालवण,38.4,12:35,13:50,OPT,DAIL,,,
20218,"Warad Par To Malvan","Warad Par",Malvan,,MO,6757,"Anganewadi Fata",32.4,,,वराड,मालवण,38.4,12:35,13:50,OPT,DAIL,,,
20218,"Warad Par To Malvan","Warad Par",Malvan,,MO,6908,Mahan,33.8,,,वराड,मालवण,38.4,12:35,13:50,OPT,DAIL,,,
20218,"Warad Par To Malvan","Warad Par",Malvan,,MO,6779,"Bhagat Nursary",37.2,,,वराड,मालवण,38.4,12:35,13:50,OPT,DAIL,,,
20218,"Warad Par To Malvan","Warad Par",Malvan,,MO,6746,Adari,38,,,वराड,मालवण,38.4,12:35,13:50,OPT,DAIL,,,
20218,"Warad Par To Malvan","Warad Par",Malvan,,MO,6915,Malvan,38.4,,,वराड,मालवण,38.4,12:35,13:50,OPT,DAIL,,,
39688,"Malvan To Rahataghar Via Kasal",Malvan,Rahataghar,KASAL,MO,6915,Malvan,,,,मालवण,रत्नागिरी(रहाटघर),179.2,06:00,11:25,,,"6 तासांत डयुटी संपते",,
39688,"Malvan To Rahataghar Via Kasal",Malvan,Rahataghar,KASAL,MO,6916,"Malvan Bazar",0.3,,,मालवण,रत्नागिरी(रहाटघर),179.2,06:00,11:25,,,"6 तासांत डयुटी संपते",,
39688,"Malvan To Rahataghar Via Kasal",Malvan,Rahataghar,KASAL,MO,6917,Malvan,2.3,,,मालवण,रत्नागिरी(रहाटघर),179.2,06:00,11:25,,,"6 तासांत डयुटी संपते",,
39688,"Malvan To Rahataghar Via Kasal",Malvan,Rahataghar,KASAL,MO,6897,"Kumbharmath Govekar Dukan",3.7,,,मालवण,रत्नागिरी(रहाटघर),179.2,06:00,11:25,,,"6 तासांत डयुटी संपते",,
39688,"Malvan To Rahataghar Via Kasal",Malvan,Rahataghar,KASAL,MO,6750,"Ajagaonkar Bangala",5.8,,,मालवण,रत्नागिरी(रहाटघर),179.2,06:00,11:25,,,"6 तासांत डयुटी संपते",,
39688,"Malvan To Rahataghar Via Kasal",Malvan,Rahataghar,KASAL,MO,6799,Chouke,8.6,,,मालवण,रत्नागिरी(रहाटघर),179.2,06:00,11:25,,,"6 तासांत डयुटी संपते",,
39688,"Malvan To Rahataghar Via Kasal",Malvan,Rahataghar,KASAL,MO,6985,"Salel Nangarbhat",11.9,,,मालवण,रत्नागिरी(रहाटघर),179.2,06:00,11:25,,,"6 तासांत डयुटी संपते",,
39688,"Malvan To Rahataghar Via Kasal",Malvan,Rahataghar,KASAL,MO,6770,Bagwadi,15.6,,,मालवण,रत्नागिरी(रहाटघर),179.2,06:00,11:25,,,"6 तासांत डयुटी संपते",,
39688,"Malvan To Rahataghar Via Kasal",Malvan,Rahataghar,KASAL,MO,6836,Guramwad,16.4,,,मालवण,रत्नागिरी(रहाटघर),179.2,06:00,11:25,,,"6 तासांत डयुटी संपते",,
39688,"Malvan To Rahataghar Via Kasal",Malvan,Rahataghar,KASAL,MO,6870,Katta,17,,,मालवण,रत्नागिरी(रहाटघर),179.2,06:00,11:25,,,"6 तासांत डयुटी संपते",,
39688,"Malvan To Rahataghar Via Kasal",Malvan,Rahataghar,KASAL,MO,6993,"Sawarwad Varad Fata",21.1,,,मालवण,रत्नागिरी(रहाटघर),179.2,06:00,11:25,,,"6 तासांत डयुटी संपते",,
39688,"Malvan To Rahataghar Via Kasal",Malvan,Rahataghar,KASAL,MO,6424,Sukalwad,24.3,,,मालवण,रत्नागिरी(रहाटघर),179.2,06:00,11:25,,,"6 तासांत डयुटी संपते",,
39688,"Malvan To Rahataghar Via Kasal",Malvan,Rahataghar,KASAL,MO,6392,"Ranbambuli Fata",25.8,,,मालवण,रत्नागिरी(रहाटघर),179.2,06:00,11:25,,,"6 तासांत डयुटी संपते",,
39688,"Malvan To Rahataghar Via Kasal",Malvan,Rahataghar,KASAL,MO,6368,Padve,27.4,,,मालवण,रत्नागिरी(रहाटघर),179.2,06:00,11:25,,,"6 तासांत डयुटी संपते",,
39688,"Malvan To Rahataghar Via Kasal",Malvan,Rahataghar,KASAL,MO,6281,Kasal,30.4,,,मालवण,रत्नागिरी(रहाटघर),179.2,06:00,11:25,,,"6 तासांत डयुटी संपते",,
39688,"Malvan To Rahataghar Via Kasal",Malvan,Rahataghar,KASAL,MO,2889,"Osargaon Godaoon",31.4,,,मालवण,रत्नागिरी(रहाटघर),179.2,06:00,11:25,,,"6 तासांत डयुटी संपते",,
39688,"Malvan To Rahataghar Via Kasal",Malvan,Rahataghar,KASAL,MO,2890,"Osargaon Post",34.7,,,मालवण,रत्नागिरी(रहाटघर),179.2,06:00,11:25,,,"6 तासांत डयुटी संपते",,
39688,"Malvan To Rahataghar Via Kasal",Malvan,Rahataghar,KASAL,MO,2891,"Osargaon Talav",37.6,,,मालवण,रत्नागिरी(रहाटघर),179.2,06:00,11:25,,,"6 तासांत डयुटी संपते",,
39688,"Malvan To Rahataghar Via Kasal",Malvan,Rahataghar,KASAL,MO,2692,Dangalwadi,38.7,,,मालवण,रत्नागिरी(रहाटघर),179.2,06:00,11:25,,,"6 तासांत डयुटी संपते",,
39688,"Malvan To Rahataghar Via Kasal",Malvan,Rahataghar,KASAL,MO,3001,"Wagade Gpo",39.6,,,मालवण,रत्नागिरी(रहाटघर),179.2,06:00,11:25,,,"6 तासांत डयुटी संपते",,
39688,"Malvan To Rahataghar Via Kasal",Malvan,Rahataghar,KASAL,MO,2786,Kankavli,44.8,,,मालवण,रत्नागिरी(रहाटघर),179.2,06:00,11:25,,,"6 तासांत डयुटी संपते",,
39688,"Malvan To Rahataghar Via Kasal",Malvan,Rahataghar,KASAL,MO,2766,Janavali,48.6,,,मालवण,रत्नागिरी(रहाटघर),179.2,06:00,11:25,,,"6 तासांत डयुटी संपते",,
39688,"Malvan To Rahataghar Via Kasal",Malvan,Rahataghar,KASAL,MO,2756,"Humrat Titha",52.9,,,मालवण,रत्नागिरी(रहाटघर),179.2,06:00,11:25,,,"6 तासांत डयुटी संपते",,
39688,"Malvan To Rahataghar Via Kasal",Malvan,Rahataghar,KASAL,MO,2655,Belane,55.1,,,मालवण,रत्नागिरी(रहाटघर),179.2,06:00,11:25,,,"6 तासांत डयुटी संपते",,
39688,"Malvan To Rahataghar Via Kasal",Malvan,Rahataghar,KASAL,MO,2870,"Nandgaon Datta Mandir",57.5,,,मालवण,रत्नागिरी(रहाटघर),179.2,06:00,11:25,,,"6 तासांत डयुटी संपते",,
39688,"Malvan To Rahataghar Via Kasal",Malvan,Rahataghar,KASAL,MO,2871,"Nandgaon Fata",59.7,,,मालवण,रत्नागिरी(रहाटघर),179.2,06:00,11:25,,,"6 तासांत डयुटी संपते",,
39688,"Malvan To Rahataghar Via Kasal",Malvan,Rahataghar,KASAL,MO,2872,"Nandgaon Nursary",61,,,मालवण,रत्नागिरी(रहाटघर),179.2,06:00,11:25,,,"6 तासांत डयुटी संपते",,
39688,"Malvan To Rahataghar Via Kasal",Malvan,Rahataghar,KASAL,MO,2673,"Bramhan Wadi",64.8,,,मालवण,रत्नागिरी(रहाटघर),179.2,06:00,11:25,,,"6 तासांत डयुटी संपते",,
39688,"Malvan To Rahataghar Via Kasal",Malvan,Rahataghar,KASAL,MO,2797,"Kasarde Fata",67,,,मालवण,रत्नागिरी(रहाटघर),179.2,06:00,11:25,,,"6 तासांत डयुटी संपते",,
39688,"Malvan To Rahataghar Via Kasal",Malvan,Rahataghar,KASAL,MO,2982,Tarla,67.8,,,मालवण,रत्नागिरी(रहाटघर),179.2,06:00,11:25,,,"6 तासांत डयुटी संपते",,
39688,"Malvan To Rahataghar Via Kasal",Malvan,Rahataghar,KASAL,MO,2941,Saliste,72.7,,,मालवण,रत्नागिरी(रहाटघर),179.2,06:00,11:25,,,"6 तासांत डयुटी संपते",,
39688,"Malvan To Rahataghar Via Kasal",Malvan,Rahataghar,KASAL,MO,3010,Wargaon,75.4,,,मालवण,रत्नागिरी(रहाटघर),179.2,06:00,11:25,,,"6 तासांत डयुटी संपते",,
39688,"Malvan To Rahataghar Via Kasal",Malvan,Rahataghar,KASAL,MO,2648,Bambarwadi,76.2,,,मालवण,रत्नागिरी(रहाटघर),179.2,06:00,11:25,,,"6 तासांत डयुटी संपते",,
39688,"Malvan To Rahataghar Via Kasal",Malvan,Rahataghar,KASAL,MO,2863,Nadgive,78.6,,,मालवण,रत्नागिरी(रहाटघर),179.2,06:00,11:25,,,"6 तासांत डयुटी संपते",,
39688,"Malvan To Rahataghar Via Kasal",Malvan,Rahataghar,KASAL,MO,2812,Kharepatan,81.9,,,मालवण,रत्नागिरी(रहाटघर),179.2,06:00,11:25,,,"6 तासांत डयुटी संपते",,
39688,"Malvan To Rahataghar Via Kasal",Malvan,Rahataghar,KASAL,MO,15236,"Takewadi School",85,,,मालवण,रत्नागिरी(रहाटघर),179.2,06:00,11:25,,,"6 तासांत डयुटी संपते",,
39688,"Malvan To Rahataghar Via Kasal",Malvan,Rahataghar,KASAL,MO,14879,Panhale,87.4,,,मालवण,रत्नागिरी(रहाटघर),179.2,06:00,11:25,,,"6 तासांत डयुटी संपते",,
39688,"Malvan To Rahataghar Via Kasal",Malvan,Rahataghar,KASAL,MO,14609,Kodiye,90.4,,,मालवण,रत्नागिरी(रहाटघर),179.2,06:00,11:25,,,"6 तासांत डयुटी संपते",,
39688,"Malvan To Rahataghar Via Kasal",Malvan,Rahataghar,KASAL,MO,14521,"Hativale Jaitapur Fata",93.9,,,मालवण,रत्नागिरी(रहाटघर),179.2,06:00,11:25,,,"6 तासांत डयुटी संपते",,
39688,"Malvan To Rahataghar Via Kasal",Malvan,Rahataghar,KASAL,MO,14473,"Ganga Tirtha Fata",98.5,,,मालवण,रत्नागिरी(रहाटघर),179.2,06:00,11:25,,,"6 तासांत डयुटी संपते",,
39688,"Malvan To Rahataghar Via Kasal",Malvan,Rahataghar,KASAL,MO,15006,Rajapur,102.3,,,मालवण,रत्नागिरी(रहाटघर),179.2,06:00,11:25,,,"6 तासांत डयुटी संपते",,
39688,"Malvan To Rahataghar Via Kasal",Malvan,Rahataghar,KASAL,MO,14615,"Kodavali School",106,,,मालवण,रत्नागिरी(रहाटघर),179.2,06:00,11:25,,,"6 तासांत डयुटी संपते",,
39688,"Malvan To Rahataghar Via Kasal",Malvan,Rahataghar,KASAL,MO,14846,"Nerke Pickup Shed",107.6,,,मालवण,रत्नागिरी(रहाटघर),179.2,06:00,11:25,,,"6 तासांत डयुटी संपते",,
39688,"Malvan To Rahataghar Via Kasal",Malvan,Rahataghar,KASAL,MO,14574,"Kharavate Village/Sorap Shop",108.4,,,मालवण,रत्नागिरी(रहाटघर),179.2,06:00,11:25,,,"6 तासांत डयुटी संपते",,
39688,"Malvan To Rahataghar Via Kasal",Malvan,Rahataghar,KASAL,MO,14719,"Kharavate Fata",109.3,,,मालवण,रत्नागिरी(रहाटघर),179.2,06:00,11:25,,,"6 तासांत डयुटी संपते",,
39688,"Malvan To Rahataghar Via Kasal",Malvan,Rahataghar,KASAL,MO,89331,Oni,113,,,मालवण,रत्नागिरी(रहाटघर),179.2,06:00,11:25,,,"6 तासांत डयुटी संपते",,
39688,"Malvan To Rahataghar Via Kasal",Malvan,Rahataghar,KASAL,MO,15325,"Yerdav Fata",114.8,,,मालवण,रत्नागिरी(रहाटघर),179.2,06:00,11:25,,,"6 तासांत डयुटी संपते",,
39688,"Malvan To Rahataghar Via Kasal",Malvan,Rahataghar,KASAL,MO,13559,"Tiwanda Mal",116,,,मालवण,रत्नागिरी(रहाटघर),179.2,06:00,11:25,,,"6 तासांत डयुटी संपते",,
39688,"Malvan To Rahataghar Via Kasal",Malvan,Rahataghar,KASAL,MO,15286,"Vatul Titha",118.4,,,मालवण,रत्नागिरी(रहाटघर),179.2,06:00,11:25,,,"6 तासांत डयुटी संपते",,
39688,"Malvan To Rahataghar Via Kasal",Malvan,Rahataghar,KASAL,MO,13610,"Waked Pati",120,,,मालवण,रत्नागिरी(रहाटघर),179.2,06:00,11:25,,,"6 तासांत डयुटी संपते",,
39688,"Malvan To Rahataghar Via Kasal",Malvan,Rahataghar,KASAL,MO,13279,"Laxmi Bag Waked",121.4,,,मालवण,रत्नागिरी(रहाटघर),179.2,06:00,11:25,,,"6 तासांत डयुटी संपते",,
39688,"Malvan To Rahataghar Via Kasal",Malvan,Rahataghar,KASAL,MO,13066,"Ganesh Mandir",123.6,,,मालवण,रत्नागिरी(रहाटघर),179.2,06:00,11:25,,,"6 तासांत डयुटी संपते",,
39688,"Malvan To Rahataghar Via Kasal",Malvan,Rahataghar,KASAL,MO,13163,"Kuva Village Fata",126.9,,,मालवण,रत्नागिरी(रहाटघर),179.2,06:00,11:25,,,"6 तासांत डयुटी संपते",,
39688,"Malvan To Rahataghar Via Kasal",Malvan,Rahataghar,KASAL,MO,13286,Lanja,131.5,,,मालवण,रत्नागिरी(रहाटघर),179.2,06:00,11:25,,,"6 तासांत डयुटी संपते",,
39688,"Malvan To Rahataghar Via Kasal",Malvan,Rahataghar,KASAL,MO,13276,"Lanja Poultry Farm",133.3,,,मालवण,रत्नागिरी(रहाटघर),179.2,06:00,11:25,,,"6 तासांत डयुटी संपते",,
39688,"Malvan To Rahataghar Via Kasal",Malvan,Rahataghar,KASAL,MO,13277,"Lanja Agri. Farm",135.3,,,मालवण,रत्नागिरी(रहाटघर),179.2,06:00,11:25,,,"6 तासांत डयुटी संपते",,
39688,"Malvan To Rahataghar Via Kasal",Malvan,Rahataghar,KASAL,MO,12998,Devdhe,137.2,,,मालवण,रत्नागिरी(रहाटघर),179.2,06:00,11:25,,,"6 तासांत डयुटी संपते",,
39688,"Malvan To Rahataghar Via Kasal",Malvan,Rahataghar,KASAL,MO,13573,Veral,139.4,,,मालवण,रत्नागिरी(रहाटघर),179.2,06:00,11:25,,,"6 तासांत डयुटी संपते",,
39688,"Malvan To Rahataghar Via Kasal",Malvan,Rahataghar,KASAL,MO,12889,"Anjanari Bridge",141.9,,,मालवण,रत्नागिरी(रहाटघर),179.2,06:00,11:25,,,"6 तासांत डयुटी संपते",,
39688,"Malvan To Rahataghar Via Kasal",Malvan,Rahataghar,KASAL,MO,13297,Math,145.4,,,मालवण,रत्नागिरी(रहाटघर),179.2,06:00,11:25,,,"6 तासांत डयुटी संपते",,
39688,"Malvan To Rahataghar Via Kasal",Malvan,Rahataghar,KASAL,MO,13157,Khanu,147.8,,,मालवण,रत्नागिरी(रहाटघर),179.2,06:00,11:25,,,"6 तासांत डयुटी संपते",,
39688,"Malvan To Rahataghar Via Kasal",Malvan,Rahataghar,KASAL,MO,16416,Pali,149.6,,,मालवण,रत्नागिरी(रहाटघर),179.2,06:00,11:25,,,"6 तासांत डयुटी संपते",,
39688,"Malvan To Rahataghar Via Kasal",Malvan,Rahataghar,KASAL,MO,16076,"Kapadgaon Fata",151.7,,,मालवण,रत्नागिरी(रहाटघर),179.2,06:00,11:25,,,"6 तासांत डयुटी संपते",,
39688,"Malvan To Rahataghar Via Kasal",Malvan,Rahataghar,KASAL,MO,15559,Charveli,153,,,मालवण,रत्नागिरी(रहाटघर),179.2,06:00,11:25,,,"6 तासांत डयुटी संपते",,
39688,"Malvan To Rahataghar Via Kasal",Malvan,Rahataghar,KASAL,MO,15482,"Bsnl Tower",156,,,मालवण,रत्नागिरी(रहाटघर),179.2,06:00,11:25,,,"6 तासांत डयुटी संपते",,
39688,"Malvan To Rahataghar Via Kasal",Malvan,Rahataghar,KASAL,MO,16631,"Sheti Farm",156.1,,,मालवण,रत्नागिरी(रहाटघर),179.2,06:00,11:25,,,"6 तासांत डयुटी संपते",,
39688,"Malvan To Rahataghar Via Kasal",Malvan,Rahataghar,KASAL,MO,15833,"Hatakhamba Gaon",159.2,,,मालवण,रत्नागिरी(रहाटघर),179.2,06:00,11:25,,,"6 तासांत डयुटी संपते",,
39688,"Malvan To Rahataghar Via Kasal",Malvan,Rahataghar,KASAL,MO,15853,"Hatkhamba Titha",163.2,,,मालवण,रत्नागिरी(रहाटघर),179.2,06:00,11:25,,,"6 तासांत डयुटी संपते",,
39688,"Malvan To Rahataghar Via Kasal",Malvan,Rahataghar,KASAL,MO,16466,"Panval Fata",166.4,,,मालवण,रत्नागिरी(रहाटघर),179.2,06:00,11:25,,,"6 तासांत डयुटी संपते",,
39688,"Malvan To Rahataghar Via Kasal",Malvan,Rahataghar,KASAL,MO,15979,"Khedshi Fata",167.3,,,मालवण,रत्नागिरी(रहाटघर),179.2,06:00,11:25,,,"6 तासांत डयुटी संपते",,
39688,"Malvan To Rahataghar Via Kasal",Malvan,Rahataghar,KASAL,MO,16108,Kuravbao,169.9,,,मालवण,रत्नागिरी(रहाटघर),179.2,06:00,11:25,,,"6 तासांत डयुटी संपते",,
39688,"Malvan To Rahataghar Via Kasal",Malvan,Rahataghar,KASAL,MO,16663,Shivajinagar,172.3,,,मालवण,रत्नागिरी(रहाटघर),179.2,06:00,11:25,,,"6 तासांत डयुटी संपते",,
39688,"Malvan To Rahataghar Via Kasal",Malvan,Rahataghar,KASAL,MO,16599,Ratnagiri,177.6,,,मालवण,रत्नागिरी(रहाटघर),179.2,06:00,11:25,,,"6 तासांत डयुटी संपते",,
39688,"Malvan To Rahataghar Via Kasal",Malvan,Rahataghar,KASAL,MO,16548,Rahataghar,179.2,,,मालवण,रत्नागिरी(रहाटघर),179.2,06:00,11:25,,,"6 तासांत डयुटी संपते",,
62334,"Viran To Kankavli",Viran,Kankavli,,MO,7019,Viran,,,,विरण,कणकवली,62.2,06:30,08:50,SCH,DAIL,,,
62334,"Viran To Kankavli",Viran,Kankavli,,MO,6772,"Belachi Ghadiwadi",1.8,,,विरण,कणकवली,62.2,06:30,08:50,SCH,DAIL,,,
62334,"Viran To Kankavli",Viran,Kankavli,,MO,6914,"Malond Muslim Wadi",4.4,,,विरण,कणकवली,62.2,06:30,08:50,SCH,DAIL,,,
62334,"Viran To Kankavli",Viran,Kankavli,,MO,6803,Dangmode,4.7,,,विरण,कणकवली,62.2,06:30,08:50,SCH,DAIL,,,
62334,"Viran To Kankavli",Viran,Kankavli,,MO,6805,"Dangmode Ravalnath Mandir",7.4,,,विरण,कणकवली,62.2,06:30,08:50,SCH,DAIL,,,
62334,"Viran To Kankavli",Viran,Kankavli,,MO,6931,"Masure Kawa",10.5,,,विरण,कणकवली,62.2,06:30,08:50,SCH,DAIL,,,
62334,"Viran To Kankavli",Viran,Kankavli,,MO,6795,"Chambhar Dunga",13.5,,,विरण,कणकवली,62.2,06:30,08:50,SCH,DAIL,,,
62334,"Viran To Kankavli",Viran,Kankavli,,MO,7016,"Verli Mapari Dukan",15.3,,,विरण,कणकवली,62.2,06:30,08:50,SCH,DAIL,,,
62334,"Viran To Kankavli",Viran,Kankavli,,MO,6925,"Masade Titha",17.9,,,विरण,कणकवली,62.2,06:30,08:50,SCH,DAIL,,,
62334,"Viran To Kankavli",Viran,Kankavli,,MO,6769,Bagayat,19.9,,,विरण,कणकवली,62.2,06:30,08:50,SCH,DAIL,,,
62334,"Viran To Kankavli",Viran,Kankavli,,MO,6868,"Kanki Naka",22.7,,,विरण,कणकवली,62.2,06:30,08:50,SCH,DAIL,,,
62334,"Viran To Kankavli",Viran,Kankavli,,MO,6794,"Chafekhol School No. 1",25.8,,,विरण,कणकवली,62.2,06:30,08:50,SCH,DAIL,,,
62334,"Viran To Kankavli",Viran,Kankavli,,MO,6942,Nagzarwadi,28.8,,,विरण,कणकवली,62.2,06:30,08:50,SCH,DAIL,,,
62334,"Viran To Kankavli",Viran,Kankavli,,MO,6900,Kunkawale,30,,,विरण,कणकवली,62.2,06:30,08:50,SCH,DAIL,,,
62334,"Viran To Kankavli",Viran,Kankavli,,MO,6770,Bagwadi,32.8,,,विरण,कणकवली,62.2,06:30,08:50,SCH,DAIL,,,
62334,"Viran To Kankavli",Viran,Kankavli,,MO,6870,Katta,34.2,,,विरण,कणकवली,62.2,06:30,08:50,SCH,DAIL,,,
62334,"Viran To Kankavli",Viran,Kankavli,,MO,6993,"Sawarwad Varad Fata",38.3,,,विरण,कणकवली,62.2,06:30,08:50,SCH,DAIL,,,
62334,"Viran To Kankavli",Viran,Kankavli,,MO,6424,Sukalwad,41.5,,,विरण,कणकवली,62.2,06:30,08:50,SCH,DAIL,,,
62334,"Viran To Kankavli",Viran,Kankavli,,MO,6368,Padve,44.6,,,विरण,कणकवली,62.2,06:30,08:50,SCH,DAIL,,,
62334,"Viran To Kankavli",Viran,Kankavli,,MO,6281,Kasal,47.6,,,विरण,कणकवली,62.2,06:30,08:50,SCH,DAIL,,,
62334,"Viran To Kankavli",Viran,Kankavli,,MO,2889,"Osargaon Godaoon",50.9,,,विरण,कणकवली,62.2,06:30,08:50,SCH,DAIL,,,
62334,"Viran To Kankavli",Viran,Kankavli,,MO,2890,"Osargaon Post",51.9,,,विरण,कणकवली,62.2,06:30,08:50,SCH,DAIL,,,
62334,"Viran To Kankavli",Viran,Kankavli,,MO,2891,"Osargaon Talav",54.8,,,विरण,कणकवली,62.2,06:30,08:50,SCH,DAIL,,,
62334,"Viran To Kankavli",Viran,Kankavli,,MO,2692,Dangalwadi,55.9,,,विरण,कणकवली,62.2,06:30,08:50,SCH,DAIL,,,
62334,"Viran To Kankavli",Viran,Kankavli,,MO,3001,"Wagade Gpo",56.8,,,विरण,कणकवली,62.2,06:30,08:50,SCH,DAIL,,,
62334,"Viran To Kankavli",Viran,Kankavli,,MO,2786,Kankavli,62.2,,,विरण,कणकवली,62.2,06:30,08:50,SCH,DAIL,,,
63573,"Achara To Malvan Via Hirlewadi Sai Mandir",Achara,Malvan,"HIRLEWADI SAI MANDIR",MO,6740,Achara,,,,आचरा,मालवण,27,16:30,17:30,OBL,DAIL,,,
63573,"Achara To Malvan Via Hirlewadi Sai Mandir",Achara,Malvan,"HIRLEWADI SAI MANDIR",MO,6741,"Achara Bandar",3,,,आचरा,मालवण,27,16:30,17:30,OBL,DAIL,,,
63573,"Achara To Malvan Via Hirlewadi Sai Mandir",Achara,Malvan,"HIRLEWADI SAI MANDIR",MO,6848,"Hirlewadi Sai Mandir",6,,,आचरा,मालवण,27,16:30,17:30,OBL,DAIL,,,
63573,"Achara To Malvan Via Hirlewadi Sai Mandir",Achara,Malvan,"HIRLEWADI SAI MANDIR",MO,6789,Bouddhwadi,7,,,आचरा,मालवण,27,16:30,17:30,OBL,DAIL,,,
63573,"Achara To Malvan Via Hirlewadi Sai Mandir",Achara,Malvan,"HIRLEWADI SAI MANDIR",MO,6960,Pat,9,,,आचरा,मालवण,27,16:30,17:30,OBL,DAIL,,,
63573,"Achara To Malvan Via Hirlewadi Sai Mandir",Achara,Malvan,"HIRLEWADI SAI MANDIR",MO,6859,Kalawal,12,,,आचरा,मालवण,27,16:30,17:30,OBL,DAIL,,,
63573,"Achara To Malvan Via Hirlewadi Sai Mandir",Achara,Malvan,"HIRLEWADI SAI MANDIR",MO,6921,Margeshwar,15,,,आचरा,मालवण,27,16:30,17:30,OBL,DAIL,,,
63573,"Achara To Malvan Via Hirlewadi Sai Mandir",Achara,Malvan,"HIRLEWADI SAI MANDIR",MO,6817,"Gadgil Stop",18,,,आचरा,मालवण,27,16:30,17:30,OBL,DAIL,,,
63573,"Achara To Malvan Via Hirlewadi Sai Mandir",Achara,Malvan,"HIRLEWADI SAI MANDIR",MO,7015,Varanda,21,,,आचरा,मालवण,27,16:30,17:30,OBL,DAIL,,,
63573,"Achara To Malvan Via Hirlewadi Sai Mandir",Achara,Malvan,"HIRLEWADI SAI MANDIR",MO,6889,Kolamb,22,,,आचरा,मालवण,27,16:30,17:30,OBL,DAIL,,,
63573,"Achara To Malvan Via Hirlewadi Sai Mandir",Achara,Malvan,"HIRLEWADI SAI MANDIR",MO,6915,Malvan,27,,,आचरा,मालवण,27,16:30,17:30,OBL,DAIL,,,
79146,"Katta To Malvan Via Bagwadi",Katta,Malvan,BAGWADI,MO,6870,Katta,,,,कट्टा,मालवण,21,18:10,18:50,,,,,
79146,"Katta To Malvan Via Bagwadi",Katta,Malvan,BAGWADI,MO,6770,Bagwadi,2.6,,,कट्टा,मालवण,21,18:10,18:50,,,,,
79146,"Katta To Malvan Via Bagwadi",Katta,Malvan,BAGWADI,MO,6985,"Salel Nangarbhat",6.8,,,कट्टा,मालवण,21,18:10,18:50,,,,,
79146,"Katta To Malvan Via Bagwadi",Katta,Malvan,BAGWADI,MO,6799,Chouke,9.4,,,कट्टा,मालवण,21,18:10,18:50,,,,,
79146,"Katta To Malvan Via Bagwadi",Katta,Malvan,BAGWADI,MO,6750,"Ajagaonkar Bangala",12.2,,,कट्टा,मालवण,21,18:10,18:50,,,,,
79146,"Katta To Malvan Via Bagwadi",Katta,Malvan,BAGWADI,MO,6897,"Kumbharmath Govekar Dukan",14.3,,,कट्टा,मालवण,21,18:10,18:50,,,,,
79146,"Katta To Malvan Via Bagwadi",Katta,Malvan,BAGWADI,MO,6915,Malvan,21,,,कट्टा,मालवण,21,18:10,18:50,,,,,
93912,"Ratnagiri To Malvan Via Jaitapur",Ratnagiri,Malvan,JAITAPUR,MO,16599,Ratnagiri,,,,रत्नागिरी(रहाटघर),मालवण,179.3,13:45,19:00,,,"6 तासांत डयुटी संपते",,
93912,"Ratnagiri To Malvan Via Jaitapur",Ratnagiri,Malvan,JAITAPUR,MO,14250,"Bhatye Nursary",2.3,,,रत्नागिरी(रहाटघर),मालवण,179.3,13:45,19:00,,,"6 तासांत डयुटी संपते",,
93912,"Ratnagiri To Malvan Via Jaitapur",Ratnagiri,Malvan,JAITAPUR,MO,16123,"Kasop Fata",5.9,,,रत्नागिरी(रहाटघर),मालवण,179.3,13:45,19:00,,,"6 तासांत डयुटी संपते",,
93912,"Ratnagiri To Malvan Via Jaitapur",Ratnagiri,Malvan,JAITAPUR,MO,16885,"Waigani Fata",9.1,,,रत्नागिरी(रहाटघर),मालवण,179.3,13:45,19:00,,,"6 तासांत डयुटी संपते",,
93912,"Ratnagiri To Malvan Via Jaitapur",Ratnagiri,Malvan,JAITAPUR,MO,15712,Finolex,10.9,,,रत्नागिरी(रहाटघर),मालवण,179.3,13:45,19:00,,,"6 तासांत डयुटी संपते",,
93912,"Ratnagiri To Malvan Via Jaitapur",Ratnagiri,Malvan,JAITAPUR,MO,16876,Wadpimpal,11.1,,,रत्नागिरी(रहाटघर),मालवण,179.3,13:45,19:00,,,"6 तासांत डयुटी संपते",,
93912,"Ratnagiri To Malvan Via Jaitapur",Ratnagiri,Malvan,JAITAPUR,MO,16871,Wadavali,12.1,,,रत्नागिरी(रहाटघर),मालवण,179.3,13:45,19:00,,,"6 तासांत डयुटी संपते",,
93912,"Ratnagiri To Malvan Via Jaitapur",Ratnagiri,Malvan,JAITAPUR,MO,15747,"Gajanan Maharaj Mandir",12.3,,,रत्नागिरी(रहाटघर),मालवण,179.3,13:45,19:00,,,"6 तासांत डयुटी संपते",,
93912,"Ratnagiri To Malvan Via Jaitapur",Ratnagiri,Malvan,JAITAPUR,MO,15754,"Golap Durga",14.2,,,रत्नागिरी(रहाटघर),मालवण,179.3,13:45,19:00,,,"6 तासांत डयुटी संपते",,
93912,"Ratnagiri To Malvan Via Jaitapur",Ratnagiri,Malvan,JAITAPUR,MO,16803,"Urdu School",14.6,,,रत्नागिरी(रहाटघर),मालवण,179.3,13:45,19:00,,,"6 तासांत डयुटी संपते",,
93912,"Ratnagiri To Malvan Via Jaitapur",Ratnagiri,Malvan,JAITAPUR,MO,16497,"Pawas Masjid",14.7,,,रत्नागिरी(रहाटघर),मालवण,179.3,13:45,19:00,,,"6 तासांत डयुटी संपते",,
93912,"Ratnagiri To Malvan Via Jaitapur",Ratnagiri,Malvan,JAITAPUR,MO,16522,Pawas,16.1,,,रत्नागिरी(रहाटघर),मालवण,179.3,13:45,19:00,,,"6 तासांत डयुटी संपते",,
93912,"Ratnagiri To Malvan Via Jaitapur",Ratnagiri,Malvan,JAITAPUR,MO,15800,"Ganeshgule Fata",17.6,,,रत्नागिरी(रहाटघर),मालवण,179.3,13:45,19:00,,,"6 तासांत डयुटी संपते",,
93912,"Ratnagiri To Malvan Via Jaitapur",Ratnagiri,Malvan,JAITAPUR,MO,16139,"Kurdhe Fata",18,,,रत्नागिरी(रहाटघर),मालवण,179.3,13:45,19:00,,,"6 तासांत डयुटी संपते",,
93912,"Ratnagiri To Malvan Via Jaitapur",Ratnagiri,Malvan,JAITAPUR,MO,16350,"Namjoshi Stop",19.1,,,रत्नागिरी(रहाटघर),मालवण,179.3,13:45,19:00,,,"6 तासांत डयुटी संपते",,
93912,"Ratnagiri To Malvan Via Jaitapur",Ratnagiri,Malvan,JAITAPUR,MO,15457,"Behare Stop",19.9,,,रत्नागिरी(रहाटघर),मालवण,179.3,13:45,19:00,,,"6 तासांत डयुटी संपते",,
93912,"Ratnagiri To Malvan Via Jaitapur",Ratnagiri,Malvan,JAITAPUR,MO,16248,"Mandavkar Stop",20.7,,,रत्नागिरी(रहाटघर),मालवण,179.3,13:45,19:00,,,"6 तासांत डयुटी संपते",,
93912,"Ratnagiri To Malvan Via Jaitapur",Ratnagiri,Malvan,JAITAPUR,MO,16279,"Mervi Fata",21.1,,,रत्नागिरी(रहाटघर),मालवण,179.3,13:45,19:00,,,"6 तासांत डयुटी संपते",,
93912,"Ratnagiri To Malvan Via Jaitapur",Ratnagiri,Malvan,JAITAPUR,MO,16837,"Vithaladevi Stop",23.2,,,रत्नागिरी(रहाटघर),मालवण,179.3,13:45,19:00,,,"6 तासांत डयुटी संपते",,
93912,"Ratnagiri To Malvan Via Jaitapur",Ratnagiri,Malvan,JAITAPUR,MO,14932,Purnagad,23.7,,,रत्नागिरी(रहाटघर),मालवण,179.3,13:45,19:00,,,"6 तासांत डयुटी संपते",,
93912,"Ratnagiri To Malvan Via Jaitapur",Ratnagiri,Malvan,JAITAPUR,MO,14428,"Goankhadi Goan Fata",25.2,,,रत्नागिरी(रहाटघर),मालवण,179.3,13:45,19:00,,,"6 तासांत डयुटी संपते",,
93912,"Ratnagiri To Malvan Via Jaitapur",Ratnagiri,Malvan,JAITAPUR,MO,16352,Nanarkarwadi,26.2,,,रत्नागिरी(रहाटघर),मालवण,179.3,13:45,19:00,,,"6 तासांत डयुटी संपते",,
93912,"Ratnagiri To Malvan Via Jaitapur",Ratnagiri,Malvan,JAITAPUR,MO,14241,Bandabewadi,26.6,,,रत्नागिरी(रहाटघर),मालवण,179.3,13:45,19:00,,,"6 तासांत डयुटी संपते",,
93912,"Ratnagiri To Malvan Via Jaitapur",Ratnagiri,Malvan,JAITAPUR,MO,15809,Guravvadi,27.5,,,रत्नागिरी(रहाटघर),मालवण,179.3,13:45,19:00,,,"6 तासांत डयुटी संपते",,
93912,"Ratnagiri To Malvan Via Jaitapur",Ratnagiri,Malvan,JAITAPUR,MO,16586,Roopvatika,36.8,,,रत्नागिरी(रहाटघर),मालवण,179.3,13:45,19:00,,,"6 तासांत डयुटी संपते",,
93912,"Ratnagiri To Malvan Via Jaitapur",Ratnagiri,Malvan,JAITAPUR,MO,14605,"Kondsar Fata",38.1,,,रत्नागिरी(रहाटघर),मालवण,179.3,13:45,19:00,,,"6 तासांत डयुटी संपते",,
93912,"Ratnagiri To Malvan Via Jaitapur",Ratnagiri,Malvan,JAITAPUR,MO,14200,Adivare,40.8,,,रत्नागिरी(रहाटघर),मालवण,179.3,13:45,19:00,,,"6 तासांत डयुटी संपते",,
93912,"Ratnagiri To Malvan Via Jaitapur",Ratnagiri,Malvan,JAITAPUR,MO,14365,"Dongar Thita",43,,,रत्नागिरी(रहाटघर),मालवण,179.3,13:45,19:00,,,"6 तासांत डयुटी संपते",,
93912,"Ratnagiri To Malvan Via Jaitapur",Ratnagiri,Malvan,JAITAPUR,MO,14283,"Bhalavali Fata",45,,,रत्नागिरी(रहाटघर),मालवण,179.3,13:45,19:00,,,"6 तासांत डयुटी संपते",,
93912,"Ratnagiri To Malvan Via Jaitapur",Ratnagiri,Malvan,JAITAPUR,MO,14361,"Dhartale Fata",46.9,,,रत्नागिरी(रहाटघर),मालवण,179.3,13:45,19:00,,,"6 तासांत डयुटी संपते",,
93912,"Ratnagiri To Malvan Via Jaitapur",Ratnagiri,Malvan,JAITAPUR,MO,14368,"Dhawoolvalli Fata",49.8,,,रत्नागिरी(रहाटघर),मालवण,179.3,13:45,19:00,,,"6 तासांत डयुटी संपते",,
93912,"Ratnagiri To Malvan Via Jaitapur",Ratnagiri,Malvan,JAITAPUR,MO,15258,Vaghedi,52.9,,,रत्नागिरी(रहाटघर),मालवण,179.3,13:45,19:00,,,"6 तासांत डयुटी संपते",,
93912,"Ratnagiri To Malvan Via Jaitapur",Ratnagiri,Malvan,JAITAPUR,MO,14850,Nate,56.8,,,रत्नागिरी(रहाटघर),मालवण,179.3,13:45,19:00,,,"6 तासांत डयुटी संपते",,
93912,"Ratnagiri To Malvan Via Jaitapur",Ratnagiri,Malvan,JAITAPUR,MO,14417,"Dawoolvalli Bundar",59.8,,,रत्नागिरी(रहाटघर),मालवण,179.3,13:45,19:00,,,"6 तासांत डयुटी संपते",,
93912,"Ratnagiri To Malvan Via Jaitapur",Ratnagiri,Malvan,JAITAPUR,MO,14563,Jaitapur,62.6,,,रत्नागिरी(रहाटघर),मालवण,179.3,13:45,19:00,,,"6 तासांत डयुटी संपते",,
93912,"Ratnagiri To Malvan Via Jaitapur",Ratnagiri,Malvan,JAITAPUR,MO,14718,Kuveshi,65.5,,,रत्नागिरी(रहाटघर),मालवण,179.3,13:45,19:00,,,"6 तासांत डयुटी संपते",,
93912,"Ratnagiri To Malvan Via Jaitapur",Ratnagiri,Malvan,JAITAPUR,MO,14332,Chiraekhan,72.3,,,रत्नागिरी(रहाटघर),मालवण,179.3,13:45,19:00,,,"6 तासांत डयुटी संपते",,
93912,"Ratnagiri To Malvan Via Jaitapur",Ratnagiri,Malvan,JAITAPUR,MO,14582,Karelpati,73.3,,,रत्नागिरी(रहाटघर),मालवण,179.3,13:45,19:00,,,"6 तासांत डयुटी संपते",,
93912,"Ratnagiri To Malvan Via Jaitapur",Ratnagiri,Malvan,JAITAPUR,MO,14667,Kombe,74.3,,,रत्नागिरी(रहाटघर),मालवण,179.3,13:45,19:00,,,"6 तासांत डयुटी संपते",,
93912,"Ratnagiri To Malvan Via Jaitapur",Ratnagiri,Malvan,JAITAPUR,MO,14897,Padve,75.3,,,रत्नागिरी(रहाटघर),मालवण,179.3,13:45,19:00,,,"6 तासांत डयुटी संपते",,
93912,"Ratnagiri To Malvan Via Jaitapur",Ratnagiri,Malvan,JAITAPUR,MO,14366,"Dongar Titha",76.3,,,रत्नागिरी(रहाटघर),मालवण,179.3,13:45,19:00,,,"6 तासांत डयुटी संपते",,
93912,"Ratnagiri To Malvan Via Jaitapur",Ratnagiri,Malvan,JAITAPUR,MO,14927,"Palekar Titha",78.3,,,रत्नागिरी(रहाटघर),मालवण,179.3,13:45,19:00,,,"6 तासांत डयुटी संपते",,
93912,"Ratnagiri To Malvan Via Jaitapur",Ratnagiri,Malvan,JAITAPUR,MO,14819,"Mayekar Managar",79.3,,,रत्नागिरी(रहाटघर),मालवण,179.3,13:45,19:00,,,"6 तासांत डयुटी संपते",,
93912,"Ratnagiri To Malvan Via Jaitapur",Ratnagiri,Malvan,JAITAPUR,MO,14926,"Paleye Tita",80.3,,,रत्नागिरी(रहाटघर),मालवण,179.3,13:45,19:00,,,"6 तासांत डयुटी संपते",,
93912,"Ratnagiri To Malvan Via Jaitapur",Ratnagiri,Malvan,JAITAPUR,MO,14614,Katradevi,80.8,,,रत्नागिरी(रहाटघर),मालवण,179.3,13:45,19:00,,,"6 तासांत डयुटी संपते",,
93912,"Ratnagiri To Malvan Via Jaitapur",Ratnagiri,Malvan,JAITAPUR,MO,1618,"Amberi Bridge",83.8,,,रत्नागिरी(रहाटघर),मालवण,179.3,13:45,19:00,,,"6 तासांत डयुटी संपते",,
93912,"Ratnagiri To Malvan Via Jaitapur",Ratnagiri,Malvan,JAITAPUR,MO,1853,Malgave,89.8,,,रत्नागिरी(रहाटघर),मालवण,179.3,13:45,19:00,,,"6 तासांत डयुटी संपते",,
93912,"Ratnagiri To Malvan Via Jaitapur",Ratnagiri,Malvan,JAITAPUR,MO,1922,"Padel Canteen",94.4,,,रत्नागिरी(रहाटघर),मालवण,179.3,13:45,19:00,,,"6 तासांत डयुटी संपते",,
93912,"Ratnagiri To Malvan Via Jaitapur",Ratnagiri,Malvan,JAITAPUR,MO,1773,Kodamba,95.8,,,रत्नागिरी(रहाटघर),मालवण,179.3,13:45,19:00,,,"6 तासांत डयुटी संपते",,
93912,"Ratnagiri To Malvan Via Jaitapur",Ratnagiri,Malvan,JAITAPUR,MO,45780,"Ambedkar Chowk",99.1,,,रत्नागिरी(रहाटघर),मालवण,179.3,13:45,19:00,,,"6 तासांत डयुटी संपते",,
93912,"Ratnagiri To Malvan Via Jaitapur",Ratnagiri,Malvan,JAITAPUR,MO,1725,"Ganesh Mandir",102.1,,,रत्नागिरी(रहाटघर),मालवण,179.3,13:45,19:00,,,"6 तासांत डयुटी संपते",,
93912,"Ratnagiri To Malvan Via Jaitapur",Ratnagiri,Malvan,JAITAPUR,MO,2014,"Tarwadi Pimple Par",104.5,,,रत्नागिरी(रहाटघर),मालवण,179.3,13:45,19:00,,,"6 तासांत डयुटी संपते",,
93912,"Ratnagiri To Malvan Via Jaitapur",Ratnagiri,Malvan,JAITAPUR,MO,1759,Jamsande,107.8,,,रत्नागिरी(रहाटघर),मालवण,179.3,13:45,19:00,,,"6 तासांत डयुटी संपते",,
93912,"Ratnagiri To Malvan Via Jaitapur",Ratnagiri,Malvan,JAITAPUR,MO,1685,Devgad,111.1,,,रत्नागिरी(रहाटघर),मालवण,179.3,13:45,19:00,,,"6 तासांत डयुटी संपते",,
93912,"Ratnagiri To Malvan Via Jaitapur",Ratnagiri,Malvan,JAITAPUR,MO,1759,Jamsande,114.1,,,रत्नागिरी(रहाटघर),मालवण,179.3,13:45,19:00,,,"6 तासांत डयुटी संपते",,
93912,"Ratnagiri To Malvan Via Jaitapur",Ratnagiri,Malvan,JAITAPUR,MO,1689,"Dabhole Bridge",116,,,रत्नागिरी(रहाटघर),मालवण,179.3,13:45,19:00,,,"6 तासांत डयुटी संपते",,
93912,"Ratnagiri To Malvan Via Jaitapur",Ratnagiri,Malvan,JAITAPUR,MO,1754,"Ilye Asrondi",120.1,,,रत्नागिरी(रहाटघर),मालवण,179.3,13:45,19:00,,,"6 तासांत डयुटी संपते",,
93912,"Ratnagiri To Malvan Via Jaitapur",Ratnagiri,Malvan,JAITAPUR,MO,1756,"Ilye Sada",122.1,,,रत्नागिरी(रहाटघर),मालवण,179.3,13:45,19:00,,,"6 तासांत डयुटी संपते",,
93912,"Ratnagiri To Malvan Via Jaitapur",Ratnagiri,Malvan,JAITAPUR,MO,1981,"Suke Tale",123.1,,,रत्नागिरी(रहाटघर),मालवण,179.3,13:45,19:00,,,"6 तासांत डयुटी संपते",,
93912,"Ratnagiri To Malvan Via Jaitapur",Ratnagiri,Malvan,JAITAPUR,MO,1819,Kunkeshwar,126.2,,,रत्नागिरी(रहाटघर),मालवण,179.3,13:45,19:00,,,"6 तासांत डयुटी संपते",,
93912,"Ratnagiri To Malvan Via Jaitapur",Ratnagiri,Malvan,JAITAPUR,MO,1647,Boaring,128.5,,,रत्नागिरी(रहाटघर),मालवण,179.3,13:45,19:00,,,"6 तासांत डयुटी संपते",,
93912,"Ratnagiri To Malvan Via Jaitapur",Ratnagiri,Malvan,JAITAPUR,MO,1891,"Mithbav Hospital",131.7,,,रत्नागिरी(रहाटघर),मालवण,179.3,13:45,19:00,,,"6 तासांत डयुटी संपते",,
93912,"Ratnagiri To Malvan Via Jaitapur",Ratnagiri,Malvan,JAITAPUR,MO,1879,Mithbav,134,,,रत्नागिरी(रहाटघर),मालवण,179.3,13:45,19:00,,,"6 तासांत डयुटी संपते",,
93912,"Ratnagiri To Malvan Via Jaitapur",Ratnagiri,Malvan,JAITAPUR,MO,6847,"Hindale Teen Pimple",136.4,,,रत्नागिरी(रहाटघर),मालवण,179.3,13:45,19:00,,,"6 तासांत डयुटी संपते",,
93912,"Ratnagiri To Malvan Via Jaitapur",Ratnagiri,Malvan,JAITAPUR,MO,1843,"Munage Bhagvati Mandir",140.1,,,रत्नागिरी(रहाटघर),मालवण,179.3,13:45,19:00,,,"6 तासांत डयुटी संपते",,
93912,"Ratnagiri To Malvan Via Jaitapur",Ratnagiri,Malvan,JAITAPUR,MO,2069,"Modka Wad",143.2,,,रत्नागिरी(रहाटघर),मालवण,179.3,13:45,19:00,,,"6 तासांत डयुटी संपते",,
93912,"Ratnagiri To Malvan Via Jaitapur",Ratnagiri,Malvan,JAITAPUR,MO,6743,"Achara Par",145.7,,,रत्नागिरी(रहाटघर),मालवण,179.3,13:45,19:00,,,"6 तासांत डयुटी संपते",,
93912,"Ratnagiri To Malvan Via Jaitapur",Ratnagiri,Malvan,JAITAPUR,MO,6744,"Achara Tita",149.2,,,रत्नागिरी(रहाटघर),मालवण,179.3,13:45,19:00,,,"6 तासांत डयुटी संपते",,
93912,"Ratnagiri To Malvan Via Jaitapur",Ratnagiri,Malvan,JAITAPUR,MO,6745,"Acharekar Bag",152.2,,,रत्नागिरी(रहाटघर),मालवण,179.3,13:45,19:00,,,"6 तासांत डयुटी संपते",,
93912,"Ratnagiri To Malvan Via Jaitapur",Ratnagiri,Malvan,JAITAPUR,MO,6861,"Kalawal X Rd.",155.4,,,रत्नागिरी(रहाटघर),मालवण,179.3,13:45,19:00,,,"6 तासांत डयुटी संपते",,
93912,"Ratnagiri To Malvan Via Jaitapur",Ratnagiri,Malvan,JAITAPUR,MO,6921,Margeshwar,158.2,,,रत्नागिरी(रहाटघर),मालवण,179.3,13:45,19:00,,,"6 तासांत डयुटी संपते",,
93912,"Ratnagiri To Malvan Via Jaitapur",Ratnagiri,Malvan,JAITAPUR,MO,6817,"Gadgil Stop",161.7,,,रत्नागिरी(रहाटघर),मालवण,179.3,13:45,19:00,,,"6 तासांत डयुटी संपते",,
93912,"Ratnagiri To Malvan Via Jaitapur",Ratnagiri,Malvan,JAITAPUR,MO,7015,Varanda,164.1,,,रत्नागिरी(रहाटघर),मालवण,179.3,13:45,19:00,,,"6 तासांत डयुटी संपते",,
93912,"Ratnagiri To Malvan Via Jaitapur",Ratnagiri,Malvan,JAITAPUR,MO,6889,Kolamb,167.3,,,रत्नागिरी(रहाटघर),मालवण,179.3,13:45,19:00,,,"6 तासांत डयुटी संपते",,
93912,"Ratnagiri To Malvan Via Jaitapur",Ratnagiri,Malvan,JAITAPUR,MO,6915,Malvan,179.3,,,रत्नागिरी(रहाटघर),मालवण,179.3,13:45,19:00,,,"6 तासांत डयुटी संपते",,
125585,"Kudal To Malvan Via Chouke","Kudal St Depot",Malvan,CHOUKE,MO,6237,"Kudal St Depot",,,,कुडाळ,मालवण,28.3,15:45,16:45,Nob,DAIL,"विश्रांती 11.00 ते 14.30",,
125585,"Kudal To Malvan Via Chouke","Kudal St Depot",Malvan,CHOUKE,MO,6351,"Nerur Jakat",3.7,,,कुडाळ,मालवण,28.3,15:45,16:45,Nob,DAIL,"विश्रांती 11.00 ते 14.30",,
125585,"Kudal To Malvan Via Chouke","Kudal St Depot",Malvan,CHOUKE,MO,6428,Thakurwadi,5.4,,,कुडाळ,मालवण,28.3,15:45,16:45,Nob,DAIL,"विश्रांती 11.00 ते 14.30",,
125585,"Kudal To Malvan Via Chouke","Kudal St Depot",Malvan,CHOUKE,MO,6335,Nerurpar,7.1,,,कुडाळ,मालवण,28.3,15:45,16:45,Nob,DAIL,"विश्रांती 11.00 ते 14.30",,
125585,"Kudal To Malvan Via Chouke","Kudal St Depot",Malvan,CHOUKE,MO,6856,"Hubalicha Mal",8.4,,,कुडाळ,मालवण,28.3,15:45,16:45,Nob,DAIL,"विश्रांती 11.00 ते 14.30",,
125585,"Kudal To Malvan Via Chouke","Kudal St Depot",Malvan,CHOUKE,MO,6863,"Kalse Gpo",9.4,,,कुडाळ,मालवण,28.3,15:45,16:45,Nob,DAIL,"विश्रांती 11.00 ते 14.30",,
125585,"Kudal To Malvan Via Chouke","Kudal St Depot",Malvan,CHOUKE,MO,6979,"Ravalnath Mandir",10.2,,,कुडाळ,मालवण,28.3,15:45,16:45,Nob,DAIL,"विश्रांती 11.00 ते 14.30",,
125585,"Kudal To Malvan Via Chouke","Kudal St Depot",Malvan,CHOUKE,MO,6812,Dhamapur,10.9,,,कुडाळ,मालवण,28.3,15:45,16:45,Nob,DAIL,"विश्रांती 11.00 ते 14.30",,
125585,"Kudal To Malvan Via Chouke","Kudal St Depot",Malvan,CHOUKE,MO,6821,"Gavaldeo Amba",13.1,,,कुडाळ,मालवण,28.3,15:45,16:45,Nob,DAIL,"विश्रांती 11.00 ते 14.30",,
125585,"Kudal To Malvan Via Chouke","Kudal St Depot",Malvan,CHOUKE,MO,6869,Kasartakka,15.2,,,कुडाळ,मालवण,28.3,15:45,16:45,Nob,DAIL,"विश्रांती 11.00 ते 14.30",,
125585,"Kudal To Malvan Via Chouke","Kudal St Depot",Malvan,CHOUKE,MO,6829,Godyachiwadi,16.9,,,कुडाळ,मालवण,28.3,15:45,16:45,Nob,DAIL,"विश्रांती 11.00 ते 14.30",,
125585,"Kudal To Malvan Via Chouke","Kudal St Depot",Malvan,CHOUKE,MO,6799,Chouke,19.7,,,कुडाळ,मालवण,28.3,15:45,16:45,Nob,DAIL,"विश्रांती 11.00 ते 14.30",,
125585,"Kudal To Malvan Via Chouke","Kudal St Depot",Malvan,CHOUKE,MO,6750,"Ajagaonkar Bangala",22.5,,,कुडाळ,मालवण,28.3,15:45,16:45,Nob,DAIL,"विश्रांती 11.00 ते 14.30",,
125585,"Kudal To Malvan Via Chouke","Kudal St Depot",Malvan,CHOUKE,MO,6896,Kumbharmath,24.6,,,कुडाळ,मालवण,28.3,15:45,16:45,Nob,DAIL,"विश्रांती 11.00 ते 14.30",,
125585,"Kudal To Malvan Via Chouke","Kudal St Depot",Malvan,CHOUKE,MO,6898,"Kumbharmath Post",25.8,,,कुडाळ,मालवण,28.3,15:45,16:45,Nob,DAIL,"विश्रांती 11.00 ते 14.30",,
125585,"Kudal To Malvan Via Chouke","Kudal St Depot",Malvan,CHOUKE,MO,6915,Malvan,28.3,,,कुडाळ,मालवण,28.3,15:45,16:45,Nob,DAIL,"विश्रांती 11.00 ते 14.30",,
126187,"Malvan To Vengurle Via Mhapan",Malvan,Vengurle,MHAPAN,MO,6915,Malvan,,,,मालवण,वेंगुर्ले,48,14:00,15:40,OBL,DAIL,,,
126187,"Malvan To Vengurle Via Mhapan",Malvan,Vengurle,MHAPAN,MO,6896,Kumbharmath,2.5,,,मालवण,वेंगुर्ले,48,14:00,15:40,OBL,DAIL,,,
126187,"Malvan To Vengurle Via Mhapan",Malvan,Vengurle,MHAPAN,MO,6849,"Hirloskar House",3,,,मालवण,वेंगुर्ले,48,14:00,15:40,OBL,DAIL,,,
126187,"Malvan To Vengurle Via Mhapan",Malvan,Vengurle,MHAPAN,MO,7013,"Vamanshet Hotel",6,,,मालवण,वेंगुर्ले,48,14:00,15:40,OBL,DAIL,,,
126187,"Malvan To Vengurle Via Mhapan",Malvan,Vengurle,MHAPAN,MO,6903,"Madi Dukan",8.3,,,मालवण,वेंगुर्ले,48,14:00,15:40,OBL,DAIL,,,
126187,"Malvan To Vengurle Via Mhapan",Malvan,Vengurle,MHAPAN,MO,6810,"Dewali Pool",9.9,,,मालवण,वेंगुर्ले,48,14:00,15:40,OBL,DAIL,,,
126187,"Malvan To Vengurle Via Mhapan",Malvan,Vengurle,MHAPAN,MO,9654,"Jai Bhavani",11.9,,,मालवण,वेंगुर्ले,48,14:00,15:40,OBL,DAIL,,,
126187,"Malvan To Vengurle Via Mhapan",Malvan,Vengurle,MHAPAN,MO,6274,"Korjai Titha",13.2,,,मालवण,वेंगुर्ले,48,14:00,15:40,OBL,DAIL,,,
126187,"Malvan To Vengurle Via Mhapan",Malvan,Vengurle,MHAPAN,MO,9609,"Bandhalela Amba",14.2,,,मालवण,वेंगुर्ले,48,14:00,15:40,OBL,DAIL,,,
126187,"Malvan To Vengurle Via Mhapan",Malvan,Vengurle,MHAPAN,MO,9750,Parule,15.9,,,मालवण,वेंगुर्ले,48,14:00,15:40,OBL,DAIL,,,
126187,"Malvan To Vengurle Via Mhapan",Malvan,Vengurle,MHAPAN,MO,9587,"Adinarayan Mandir",16.4,,,मालवण,वेंगुर्ले,48,14:00,15:40,OBL,DAIL,,,
126187,"Malvan To Vengurle Via Mhapan",Malvan,Vengurle,MHAPAN,MO,9590,"Ajarwadi P.H.C.",19,,,मालवण,वेंगुर्ले,48,14:00,15:40,OBL,DAIL,,,
126187,"Malvan To Vengurle Via Mhapan",Malvan,Vengurle,MHAPAN,MO,9714,Mhapan,20.3,,,मालवण,वेंगुर्ले,48,14:00,15:40,OBL,DAIL,,,
126187,"Malvan To Vengurle Via Mhapan",Malvan,Vengurle,MHAPAN,MO,9682,"Khavane Fata",21.4,,,मालवण,वेंगुर्ले,48,14:00,15:40,OBL,DAIL,,,
126187,"Malvan To Vengurle Via Mhapan",Malvan,Vengurle,MHAPAN,MO,9670,"Kelus Dhakka",24.3,,,मालवण,वेंगुर्ले,48,14:00,15:40,OBL,DAIL,,,
126187,"Malvan To Vengurle Via Mhapan",Malvan,Vengurle,MHAPAN,MO,9662,"Kalvi Titha",26.7,,,मालवण,वेंगुर्ले,48,14:00,15:40,OBL,DAIL,,,
126187,"Malvan To Vengurle Via Mhapan",Malvan,Vengurle,MHAPAN,MO,9605,"Awere Bridge",30.2,,,मालवण,वेंगुर्ले,48,14:00,15:40,OBL,DAIL,,,
126187,"Malvan To Vengurle Via Mhapan",Malvan,Vengurle,MHAPAN,MO,9677,"Khanoli Ganapati Mandir",33.3,,,मालवण,वेंगुर्ले,48,14:00,15:40,OBL,DAIL,,,
126187,"Malvan To Vengurle Via Mhapan",Malvan,Vengurle,MHAPAN,MO,9625,"Dabholi Matha",36.3,,,मालवण,वेंगुर्ले,48,14:00,15:40,OBL,DAIL,,,
126187,"Malvan To Vengurle Via Mhapan",Malvan,Vengurle,MHAPAN,MO,9697,"Lokhandewadi Titha",39.3,,,मालवण,वेंगुर्ले,48,14:00,15:40,OBL,DAIL,,,
126187,"Malvan To Vengurle Via Mhapan",Malvan,Vengurle,MHAPAN,MO,9824,Vengurle,48,,,मालवण,वेंगुर्ले,48,14:00,15:40,OBL,DAIL,,,
143023,"Sindhudurgnagari To Chouke",Sindhudurgnagari,Chouke,,MO,6408,Sindhudurgnagari,,,,सिंधुदुर्गनगरी,चौके,21,08:25,09:05,SCL,SUN,,,
143023,"Sindhudurgnagari To Chouke",Sindhudurgnagari,Chouke,,MO,6392,"Ranbambuli Fata",4,,,सिंधुदुर्गनगरी,चौके,21,08:25,09:05,SCL,SUN,,,
143023,"Sindhudurgnagari To Chouke",Sindhudurgnagari,Chouke,,MO,6424,Sukalwad,6,,,सिंधुदुर्गनगरी,चौके,21,08:25,09:05,SCL,SUN,,,
143023,"Sindhudurgnagari To Chouke",Sindhudurgnagari,Chouke,,MO,6993,"Sawarwad Varad Fata",9,,,सिंधुदुर्गनगरी,चौके,21,08:25,09:05,SCL,SUN,,,
143023,"Sindhudurgnagari To Chouke",Sindhudurgnagari,Chouke,,MO,6870,Katta,12,,,सिंधुदुर्गनगरी,चौके,21,08:25,09:05,SCL,SUN,,,
143023,"Sindhudurgnagari To Chouke",Sindhudurgnagari,Chouke,,MO,6770,Bagwadi,15,,,सिंधुदुर्गनगरी,चौके,21,08:25,09:05,SCL,SUN,,,
143023,"Sindhudurgnagari To Chouke",Sindhudurgnagari,Chouke,,MO,6985,"Salel Nangarbhat",18,,,सिंधुदुर्गनगरी,चौके,21,08:25,09:05,SCL,SUN,,,
143023,"Sindhudurgnagari To Chouke",Sindhudurgnagari,Chouke,,MO,6799,Chouke,21,,,सिंधुदुर्गनगरी,चौके,21,08:25,09:05,SCL,SUN,,,
10901,"Katta To Mogare Jadhavwadi",Katta,"Mogare Jadhavwadi",,MO,6870,Katta,,,,कट्टा,मोगरणे,12,16:30,16:55,SCH,DAIL,,,
10901,"Katta To Mogare Jadhavwadi",Katta,"Mogare Jadhavwadi",,MO,6825,Ghotale,2.3,,,कट्टा,मोगरणे,12,16:30,16:55,SCH,DAIL,,,
10901,"Katta To Mogare Jadhavwadi",Katta,"Mogare Jadhavwadi",,MO,6962,"Pendur Naka",3.9,,,कट्टा,मोगरणे,12,16:30,16:55,SCH,DAIL,,,
10901,"Katta To Mogare Jadhavwadi",Katta,"Mogare Jadhavwadi",,MO,6918,Mandir,6,,,कट्टा,मोगरणे,12,16:30,16:55,SCH,DAIL,,,
10901,"Katta To Mogare Jadhavwadi",Katta,"Mogare Jadhavwadi",,MO,6973,Rathbav,9.1,,,कट्टा,मोगरणे,12,16:30,16:55,SCH,DAIL,,,
10901,"Katta To Mogare Jadhavwadi",Katta,"Mogare Jadhavwadi",,MO,6937,Mogarane,12,,,कट्टा,मोगरणे,12,16:30,16:55,SCH,DAIL,,,
11003,"Malvan To Bagayat Via Chouke",Malvan,Bagayat,CHOUKE,MO,6915,Malvan,,,,मालवण,बागायत,22,13:15,14:00,SCL,DAILY,,,
11003,"Malvan To Bagayat Via Chouke",Malvan,Bagayat,CHOUKE,MO,6897,"Kumbharmath Govekar Dukan",3.7,,,मालवण,बागायत,22,13:15,14:00,SCL,DAILY,,,
11003,"Malvan To Bagayat Via Chouke",Malvan,Bagayat,CHOUKE,MO,6750,"Ajagaonkar Bangala",5.8,,,मालवण,बागायत,22,13:15,14:00,SCL,DAILY,,,
11003,"Malvan To Bagayat Via Chouke",Malvan,Bagayat,CHOUKE,MO,6799,Chouke,8.6,,,मालवण,बागायत,22,13:15,14:00,SCL,DAILY,,,
11003,"Malvan To Bagayat Via Chouke",Malvan,Bagayat,CHOUKE,MO,6824,Ghartanwadi,9.7,,,मालवण,बागायत,22,13:15,14:00,SCL,DAILY,,,
11003,"Malvan To Bagayat Via Chouke",Malvan,Bagayat,CHOUKE,MO,6752,Ambdos,10.4,,,मालवण,बागायत,22,13:15,14:00,SCL,DAILY,,,
11003,"Malvan To Bagayat Via Chouke",Malvan,Bagayat,CHOUKE,MO,6828,"Ghumros School",12.1,,,मालवण,बागायत,22,13:15,14:00,SCL,DAILY,,,
11003,"Malvan To Bagayat Via Chouke",Malvan,Bagayat,CHOUKE,MO,6912,Malgaon,13.3,,,मालवण,बागायत,22,13:15,14:00,SCL,DAILY,,,
11003,"Malvan To Bagayat Via Chouke",Malvan,Bagayat,CHOUKE,MO,6907,Mahalaxmi,14.7,,,मालवण,बागायत,22,13:15,14:00,SCL,DAILY,,,
11003,"Malvan To Bagayat Via Chouke",Malvan,Bagayat,CHOUKE,MO,6769,Bagayat,22,,,मालवण,बागायत,22,13:15,14:00,SCL,DAILY,,,
11008,"Malvan To Bhagwantgad",Malvan,Bhagwantgad,,MO,6915,Malvan,,,,मालवण,भगवंतगड,43.7,09:00,11:00,SCL,DAIL,,,
11008,"Malvan To Bhagwantgad",Malvan,Bhagwantgad,,MO,6889,Kolamb,3.5,,,मालवण,भगवंतगड,43.7,09:00,11:00,SCL,DAIL,,,
11008,"Malvan To Bhagwantgad",Malvan,Bhagwantgad,,MO,7015,Varanda,7.5,,,मालवण,भगवंतगड,43.7,09:00,11:00,SCL,DAIL,,,
11008,"Malvan To Bhagwantgad",Malvan,Bhagwantgad,,MO,6817,"Gadgil Stop",9.1,,,मालवण,भगवंतगड,43.7,09:00,11:00,SCL,DAIL,,,
11008,"Malvan To Bhagwantgad",Malvan,Bhagwantgad,,MO,6921,Margeshwar,12,,,मालवण,भगवंतगड,43.7,09:00,11:00,SCL,DAIL,,,
11008,"Malvan To Bhagwantgad",Malvan,Bhagwantgad,,MO,6859,Kalawal,13.8,,,मालवण,भगवंतगड,43.7,09:00,11:00,SCL,DAIL,,,
11008,"Malvan To Bhagwantgad",Malvan,Bhagwantgad,,MO,7007,"Tondavali Fata",14.1,,,मालवण,भगवंतगड,43.7,09:00,11:00,SCL,DAIL,,,
11008,"Malvan To Bhagwantgad",Malvan,Bhagwantgad,,MO,7026,"Wagheshwar Mandir",19.1,,,मालवण,भगवंतगड,43.7,09:00,11:00,SCL,DAIL,,,
11008,"Malvan To Bhagwantgad",Malvan,Bhagwantgad,,MO,6998,"Suruche Ban",19.8,,,मालवण,भगवंतगड,43.7,09:00,11:00,SCL,DAIL,,,
11008,"Malvan To Bhagwantgad",Malvan,Bhagwantgad,,MO,7001,Talashil,23.2,,,मालवण,भगवंतगड,43.7,09:00,11:00,SCL,DAIL,,,
11008,"Malvan To Bhagwantgad",Malvan,Bhagwantgad,,MO,6998,"Suruche Ban",26.6,,,मालवण,भगवंतगड,43.7,09:00,11:00,SCL,DAIL,,,
11008,"Malvan To Bhagwantgad",Malvan,Bhagwantgad,,MO,7026,"Wagheshwar Mandir",27.3,,,मालवण,भगवंतगड,43.7,09:00,11:00,SCL,DAIL,,,
11008,"Malvan To Bhagwantgad",Malvan,Bhagwantgad,,MO,7007,"Tondavali Fata",31.7,,,मालवण,भगवंतगड,43.7,09:00,11:00,SCL,DAIL,,,
11008,"Malvan To Bhagwantgad",Malvan,Bhagwantgad,,MO,6763,"Asolkar Dukan",32.1,,,मालवण,भगवंतगड,43.7,09:00,11:00,SCL,DAIL,,,
11008,"Malvan To Bhagwantgad",Malvan,Bhagwantgad,,MO,6960,Pat,33.2,,,मालवण,भगवंतगड,43.7,09:00,11:00,SCL,DAIL,,,
11008,"Malvan To Bhagwantgad",Malvan,Bhagwantgad,,MO,7028,"Waingani Bhandarwadi",34.3,,,मालवण,भगवंतगड,43.7,09:00,11:00,SCL,DAIL,,,
11008,"Malvan To Bhagwantgad",Malvan,Bhagwantgad,,MO,6848,"Hirlewadi Sai Mandir",37.6,,,मालवण,भगवंतगड,43.7,09:00,11:00,SCL,DAIL,,,
11008,"Malvan To Bhagwantgad",Malvan,Bhagwantgad,,MO,6741,"Achara Bandar",37.9,,,मालवण,भगवंतगड,43.7,09:00,11:00,SCL,DAIL,,,
11008,"Malvan To Bhagwantgad",Malvan,Bhagwantgad,,MO,6740,Achara,38,,,मालवण,भगवंतगड,43.7,09:00,11:00,SCL,DAIL,,,
11008,"Malvan To Bhagwantgad",Malvan,Bhagwantgad,,MO,6798,"Chindar Wad",38.5,,,मालवण,भगवंतगड,43.7,09:00,11:00,SCL,DAIL,,,
11008,"Malvan To Bhagwantgad",Malvan,Bhagwantgad,,MO,6934,"Mauli Mandir",39,,,मालवण,भगवंतगड,43.7,09:00,11:00,SCL,DAIL,,,
11008,"Malvan To Bhagwantgad",Malvan,Bhagwantgad,,MO,6780,Bhagwantgad,43.7,,,मालवण,भगवंतगड,43.7,09:00,11:00,SCL,DAIL,,,
11062,"Malvan To Shelti",Malvan,Shelti,,MO,6915,Malvan,,,,मालवण,शेलटी,12,10:00,10:30,OBL,SUN,,,
11062,"Malvan To Shelti",Malvan,Shelti,,MO,6889,Kolamb,3.3,,,मालवण,शेलटी,12,10:00,10:30,OBL,SUN,,,
11062,"Malvan To Shelti",Malvan,Shelti,,MO,6879,"Khalchi Revandi",5.5,,,मालवण,शेलटी,12,10:00,10:30,OBL,SUN,,,
11062,"Malvan To Shelti",Malvan,Shelti,,MO,6778,"Bhadrakali Mandir",6.7,,,मालवण,शेलटी,12,10:00,10:30,OBL,SUN,,,
11062,"Malvan To Shelti",Malvan,Shelti,,MO,6982,Revandi,8.1,,,मालवण,शेलटी,12,10:00,10:30,OBL,SUN,,,
11062,"Malvan To Shelti",Malvan,Shelti,,MO,6994,Shelti,12,,,मालवण,शेलटी,12,10:00,10:30,OBL,SUN,,,
11068,"Malvan To Tarkarli Via Wairy",Malvan,Tarkarli,WAIRY,MO,6915,Malvan,,,,मालवण,तारकर्ली,11.2,06:00,06:30,SCL,SUN,,,
11068,"Malvan To Tarkarli Via Wairy",Malvan,Tarkarli,WAIRY,MO,6783,"Bharad Naka",1.2,,,मालवण,तारकर्ली,11.2,06:00,06:30,SCL,SUN,,,
11068,"Malvan To Tarkarli Via Wairy",Malvan,Tarkarli,WAIRY,MO,7034,Wairy,1.4,,,मालवण,तारकर्ली,11.2,06:00,06:30,SCL,SUN,,,
11068,"Malvan To Tarkarli Via Wairy",Malvan,Tarkarli,WAIRY,MO,6980,"Rekoba High School",3.2,,,मालवण,तारकर्ली,11.2,06:00,06:30,SCL,SUN,,,
11068,"Malvan To Tarkarli Via Wairy",Malvan,Tarkarli,WAIRY,MO,7004,"Technical Collage",4,,,मालवण,तारकर्ली,11.2,06:00,06:30,SCL,SUN,,,
11068,"Malvan To Tarkarli Via Wairy",Malvan,Tarkarli,WAIRY,MO,6811,"Dewali School No 1",6.2,,,मालवण,तारकर्ली,11.2,06:00,06:30,SCL,SUN,,,
11068,"Malvan To Tarkarli Via Wairy",Malvan,Tarkarli,WAIRY,MO,6862,Kalethar,9.6,,,मालवण,तारकर्ली,11.2,06:00,06:30,SCL,SUN,,,
11068,"Malvan To Tarkarli Via Wairy",Malvan,Tarkarli,WAIRY,MO,7003,Tarkarli,11.2,,,मालवण,तारकर्ली,11.2,06:00,06:30,SCL,SUN,,,
20182,"Kochara Shriramwadi To Malvan Bazar","Kochara Shriramwadi","Malvan Bazar",,MO,9691,"Kochara Shriramwadi",,,,श्रीरामवाडी(कोचरा),मालवण,63.8,06:15,08:20,SCL,DAIL,,,
20182,"Kochara Shriramwadi To Malvan Bazar","Kochara Shriramwadi","Malvan Bazar",,MO,9786,"Shelpi Fata",2,,,श्रीरामवाडी(कोचरा),मालवण,63.8,06:15,08:20,SCL,DAIL,,,
20182,"Kochara Shriramwadi To Malvan Bazar","Kochara Shriramwadi","Malvan Bazar",,MO,9689,"Kochara Chavata",3.7,,,श्रीरामवाडी(कोचरा),मालवण,63.8,06:15,08:20,SCL,DAIL,,,
20182,"Kochara Shriramwadi To Malvan Bazar","Kochara Shriramwadi","Malvan Bazar",,MO,9632,"Devacha Chafa",5.2,,,श्रीरामवाडी(कोचरा),मालवण,63.8,06:15,08:20,SCL,DAIL,,,
20182,"Kochara Shriramwadi To Malvan Bazar","Kochara Shriramwadi","Malvan Bazar",,MO,9719,"Mhapan Kochara Titha",6.3,,,श्रीरामवाडी(कोचरा),मालवण,63.8,06:15,08:20,SCL,DAIL,,,
20182,"Kochara Shriramwadi To Malvan Bazar","Kochara Shriramwadi","Malvan Bazar",,MO,6377,"Pendurkar Dukan",9.2,,,श्रीरामवाडी(कोचरा),मालवण,63.8,06:15,08:20,SCL,DAIL,,,
20182,"Kochara Shriramwadi To Malvan Bazar","Kochara Shriramwadi","Malvan Bazar",,MO,6215,Humarmala,11.1,,,श्रीरामवाडी(कोचरा),मालवण,63.8,06:15,08:20,SCL,DAIL,,,
20182,"Kochara Shriramwadi To Malvan Bazar","Kochara Shriramwadi","Malvan Bazar",,MO,6305,"Madyachiwadi Phanas",13.7,,,श्रीरामवाडी(कोचरा),मालवण,63.8,06:15,08:20,SCL,DAIL,,,
20182,"Kochara Shriramwadi To Malvan Bazar","Kochara Shriramwadi","Malvan Bazar",,MO,6251,"Karmal Galu",17.2,,,श्रीरामवाडी(कोचरा),मालवण,63.8,06:15,08:20,SCL,DAIL,,,
20182,"Kochara Shriramwadi To Malvan Bazar","Kochara Shriramwadi","Malvan Bazar",,MO,6376,"Pinguli Titha",20.5,,,श्रीरामवाडी(कोचरा),मालवण,63.8,06:15,08:20,SCL,DAIL,,,
20182,"Kochara Shriramwadi To Malvan Bazar","Kochara Shriramwadi","Malvan Bazar",,MO,6237,"Kudal St Depot",23.3,,,श्रीरामवाडी(कोचरा),मालवण,63.8,06:15,08:20,SCL,DAIL,,,
20182,"Kochara Shriramwadi To Malvan Bazar","Kochara Shriramwadi","Malvan Bazar",,MO,6351,"Nerur Jakat",24.8,,,श्रीरामवाडी(कोचरा),मालवण,63.8,06:15,08:20,SCL,DAIL,,,
20182,"Kochara Shriramwadi To Malvan Bazar","Kochara Shriramwadi","Malvan Bazar",,MO,6428,Thakurwadi,27.5,,,श्रीरामवाडी(कोचरा),मालवण,63.8,06:15,08:20,SCL,DAIL,,,
20182,"Kochara Shriramwadi To Malvan Bazar","Kochara Shriramwadi","Malvan Bazar",,MO,6335,Nerurpar,30.4,,,श्रीरामवाडी(कोचरा),मालवण,63.8,06:15,08:20,SCL,DAIL,,,
20182,"Kochara Shriramwadi To Malvan Bazar","Kochara Shriramwadi","Malvan Bazar",,MO,6958,Parad,34.5,,,श्रीरामवाडी(कोचरा),मालवण,63.8,06:15,08:20,SCL,DAIL,,,
20182,"Kochara Shriramwadi To Malvan Bazar","Kochara Shriramwadi","Malvan Bazar",,MO,6962,"Pendur Naka",37,,,श्रीरामवाडी(कोचरा),मालवण,63.8,06:15,08:20,SCL,DAIL,,,
20182,"Kochara Shriramwadi To Malvan Bazar","Kochara Shriramwadi","Malvan Bazar",,MO,6825,Ghotale,37.1,,,श्रीरामवाडी(कोचरा),मालवण,63.8,06:15,08:20,SCL,DAIL,,,
20182,"Kochara Shriramwadi To Malvan Bazar","Kochara Shriramwadi","Malvan Bazar",,MO,6870,Katta,40.3,,,श्रीरामवाडी(कोचरा),मालवण,63.8,06:15,08:20,SCL,DAIL,,,
20182,"Kochara Shriramwadi To Malvan Bazar","Kochara Shriramwadi","Malvan Bazar",,MO,6770,Bagwadi,41.7,,,श्रीरामवाडी(कोचरा),मालवण,63.8,06:15,08:20,SCL,DAIL,,,
20182,"Kochara Shriramwadi To Malvan Bazar","Kochara Shriramwadi","Malvan Bazar",,MO,6985,"Salel Nangarbhat",46.4,,,श्रीरामवाडी(कोचरा),मालवण,63.8,06:15,08:20,SCL,DAIL,,,
20182,"Kochara Shriramwadi To Malvan Bazar","Kochara Shriramwadi","Malvan Bazar",,MO,6799,Chouke,49.7,,,श्रीरामवाडी(कोचरा),मालवण,63.8,06:15,08:20,SCL,DAIL,,,
20182,"Kochara Shriramwadi To Malvan Bazar","Kochara Shriramwadi","Malvan Bazar",,MO,6750,"Ajagaonkar Bangala",52.5,,,श्रीरामवाडी(कोचरा),मालवण,63.8,06:15,08:20,SCL,DAIL,,,
20182,"Kochara Shriramwadi To Malvan Bazar","Kochara Shriramwadi","Malvan Bazar",,MO,6897,"Kumbharmath Govekar Dukan",54.6,,,श्रीरामवाडी(कोचरा),मालवण,63.8,06:15,08:20,SCL,DAIL,,,
20182,"Kochara Shriramwadi To Malvan Bazar","Kochara Shriramwadi","Malvan Bazar",,MO,6915,Malvan,58.3,,,श्रीरामवाडी(कोचरा),मालवण,63.8,06:15,08:20,SCL,DAIL,,,
20182,"Kochara Shriramwadi To Malvan Bazar","Kochara Shriramwadi","Malvan Bazar",,MO,6916,"Malvan Bazar",63.8,,,श्रीरामवाडी(कोचरा),मालवण,63.8,06:15,08:20,SCL,DAIL,,,
20193,"Sarjekot To Malvan",Sarjekot,Malvan,,MO,6991,Sarjekot,,,,सर्जेकोट,मालवण,4.9,12:35,12:50,OBL,DAIL,,,
20193,"Sarjekot To Malvan",Sarjekot,Malvan,,MO,6889,Kolamb,3,,,सर्जेकोट,मालवण,4.9,12:35,12:50,OBL,DAIL,,,
20193,"Sarjekot To Malvan",Sarjekot,Malvan,,MO,6915,Malvan,4.9,,,सर्जेकोट,मालवण,4.9,12:35,12:50,OBL,DAIL,,,
20209,"Tambaldeg To Malvan",Tambaldeg,Malvan,,MO,1994,Tambaldeg,,,,तांबळडेग,मालवण,38.8,13:10,14:40,OBL,DAIL,"विश्रांती 14.40 ते 16.00",,
20209,"Tambaldeg To Malvan",Tambaldeg,Malvan,,MO,2039,Vetal,2.8,,,तांबळडेग,मालवण,38.8,13:10,14:40,OBL,DAIL,"विश्रांती 14.40 ते 16.00",,
20209,"Tambaldeg To Malvan",Tambaldeg,Malvan,,MO,1879,Mithbav,6,,,तांबळडेग,मालवण,38.8,13:10,14:40,OBL,DAIL,"विश्रांती 14.40 ते 16.00",,
20209,"Tambaldeg To Malvan",Tambaldeg,Malvan,,MO,1740,"Hindale Aga Dukan",7.9,,,तांबळडेग,मालवण,38.8,13:10,14:40,OBL,DAIL,"विश्रांती 14.40 ते 16.00",,
20209,"Tambaldeg To Malvan",Tambaldeg,Malvan,,MO,6847,"Hindale Teen Pimple",8.6,,,तांबळडेग,मालवण,38.8,13:10,14:40,OBL,DAIL,"विश्रांती 14.40 ते 16.00",,
20209,"Tambaldeg To Malvan",Tambaldeg,Malvan,,MO,1843,"Munage Bhagvati Mandir",11.2,,,तांबळडेग,मालवण,38.8,13:10,14:40,OBL,DAIL,"विश्रांती 14.40 ते 16.00",,
20209,"Tambaldeg To Malvan",Tambaldeg,Malvan,,MO,1866,"Munage High School",12,,,तांबळडेग,मालवण,38.8,13:10,14:40,OBL,DAIL,"विश्रांती 14.40 ते 16.00",,
20209,"Tambaldeg To Malvan",Tambaldeg,Malvan,,MO,1840,"Modka Vad",18,,,तांबळडेग,मालवण,38.8,13:10,14:40,OBL,DAIL,"विश्रांती 14.40 ते 16.00",,
20209,"Tambaldeg To Malvan",Tambaldeg,Malvan,,MO,1848,Mashavi,19.5,,,तांबळडेग,मालवण,38.8,13:10,14:40,OBL,DAIL,"विश्रांती 14.40 ते 16.00",,
20209,"Tambaldeg To Malvan",Tambaldeg,Malvan,,MO,6743,"Achara Par",20.4,,,तांबळडेग,मालवण,38.8,13:10,14:40,OBL,DAIL,"विश्रांती 14.40 ते 16.00",,
20209,"Tambaldeg To Malvan",Tambaldeg,Malvan,,MO,6740,Achara,21.8,,,तांबळडेग,मालवण,38.8,13:10,14:40,OBL,DAIL,"विश्रांती 14.40 ते 16.00",,
20209,"Tambaldeg To Malvan",Tambaldeg,Malvan,,MO,6745,"Acharekar Bag",24.8,,,तांबळडेग,मालवण,38.8,13:10,14:40,OBL,DAIL,"विश्रांती 14.40 ते 16.00",,
20209,"Tambaldeg To Malvan",Tambaldeg,Malvan,,MO,6860,"Kalawal Titha",28.8,,,तांबळडेग,मालवण,38.8,13:10,14:40,OBL,DAIL,"विश्रांती 14.40 ते 16.00",,
20209,"Tambaldeg To Malvan",Tambaldeg,Malvan,,MO,6921,Margeshwar,30.6,,,तांबळडेग,मालवण,38.8,13:10,14:40,OBL,DAIL,"विश्रांती 14.40 ते 16.00",,
20209,"Tambaldeg To Malvan",Tambaldeg,Malvan,,MO,6816,Gadgil,33.5,,,तांबळडेग,मालवण,38.8,13:10,14:40,OBL,DAIL,"विश्रांती 14.40 ते 16.00",,
20209,"Tambaldeg To Malvan",Tambaldeg,Malvan,,MO,7015,Varanda,36.1,,,तांबळडेग,मालवण,38.8,13:10,14:40,OBL,DAIL,"विश्रांती 14.40 ते 16.00",,
20209,"Tambaldeg To Malvan",Tambaldeg,Malvan,,MO,6889,Kolamb,38,,,तांबळडेग,मालवण,38.8,13:10,14:40,OBL,DAIL,"विश्रांती 14.40 ते 16.00",,
20209,"Tambaldeg To Malvan",Tambaldeg,Malvan,,MO,6915,Malvan,38.8,,,तांबळडेग,मालवण,38.8,13:10,14:40,OBL,DAIL,"विश्रांती 14.40 ते 16.00",,
51086,"Masade Titha To Malvan","Masade Titha",Malvan,,MO,6925,"Masade Titha",,,,"मसदे तिठा",मालवण,30,06:00,07:00,SCL,DAIL,,,
51086,"Masade Titha To Malvan","Masade Titha",Malvan,,MO,7016,"Verli Mapari Dukan",5,,,"मसदे तिठा",मालवण,30,06:00,07:00,SCL,DAIL,,,
51086,"Masade Titha To Malvan","Masade Titha",Malvan,,MO,6920,"Margachi Tad",6,,,"मसदे तिठा",मालवण,30,06:00,07:00,SCL,DAIL,,,
51086,"Masade Titha To Malvan","Masade Titha",Malvan,,MO,6875,"Kawawadi Masure",9,,,"मसदे तिठा",मालवण,30,06:00,07:00,SCL,DAIL,,,
51086,"Masade Titha To Malvan","Masade Titha",Malvan,,MO,6928,"Masure Bazar",10,,,"मसदे तिठा",मालवण,30,06:00,07:00,SCL,DAIL,,,
51086,"Masade Titha To Malvan","Masade Titha",Malvan,,MO,6906,"Magavane Fata",12,,,"मसदे तिठा",मालवण,30,06:00,07:00,SCL,DAIL,,,
51086,"Masade Titha To Malvan","Masade Titha",Malvan,,MO,6877,Khajanwadi,15,,,"मसदे तिठा",मालवण,30,06:00,07:00,SCL,DAIL,,,
51086,"Masade Titha To Malvan","Masade Titha",Malvan,,MO,7000,"Talani Pool",17.7,,,"मसदे तिठा",मालवण,30,06:00,07:00,SCL,DAIL,,,
51086,"Masade Titha To Malvan","Masade Titha",Malvan,,MO,6866,"Kandalgaon Parab House",21,,,"मसदे तिठा",मालवण,30,06:00,07:00,SCL,DAIL,,,
51086,"Masade Titha To Malvan","Masade Titha",Malvan,,MO,6949,"Ozar Rameshwar Nagar",24,,,"मसदे तिठा",मालवण,30,06:00,07:00,SCL,DAIL,,,
51086,"Masade Titha To Malvan","Masade Titha",Malvan,,MO,6889,Kolamb,26.7,,,"मसदे तिठा",मालवण,30,06:00,07:00,SCL,DAIL,,,
51086,"Masade Titha To Malvan","Masade Titha",Malvan,,MO,6915,Malvan,30,,,"मसदे तिठा",मालवण,30,06:00,07:00,SCL,DAIL,,,
52822,"Masure Kawa To Kasal","Masure Kawa",Kasal,,MO,6931,"Masure Kawa",,,,मसुरेकावा,कसाल,26.7,06:00,07:00,SCH,DAIL,,,
52822,"Masure Kawa To Kasal","Masure Kawa",Kasal,,MO,6805,"Dangmode Ravalnath Mandir",3.1,,,मसुरेकावा,कसाल,26.7,06:00,07:00,SCH,DAIL,,,
52822,"Masure Kawa To Kasal","Masure Kawa",Kasal,,MO,6815,"Dngmode Boudhawadi",5.8,,,मसुरेकावा,कसाल,26.7,06:00,07:00,SCH,DAIL,,,
52822,"Masure Kawa To Kasal","Masure Kawa",Kasal,,MO,6940,"Muslim Wadi",6.1,,,मसुरेकावा,कसाल,26.7,06:00,07:00,SCH,DAIL,,,
52822,"Masure Kawa To Kasal","Masure Kawa",Kasal,,MO,6772,"Belachi Ghadiwadi",8.7,,,मसुरेकावा,कसाल,26.7,06:00,07:00,SCH,DAIL,,,
52822,"Masure Kawa To Kasal","Masure Kawa",Kasal,,MO,7022,"Viran Malvan Titha",10.5,,,मसुरेकावा,कसाल,26.7,06:00,07:00,SCH,DAIL,,,
52822,"Masure Kawa To Kasal","Masure Kawa",Kasal,,MO,6965,"Poip Katta Titha",11.1,,,मसुरेकावा,कसाल,26.7,06:00,07:00,SCH,DAIL,,,
52822,"Masure Kawa To Kasal","Masure Kawa",Kasal,,MO,6976,"Rathiwade Gunjichiwadi",13.7,,,मसुरेकावा,कसाल,26.7,06:00,07:00,SCH,DAIL,,,
52822,"Masure Kawa To Kasal","Masure Kawa",Kasal,,MO,6851,"Hiwale Gangeshwar",17.7,,,मसुरेकावा,कसाल,26.7,06:00,07:00,SCH,DAIL,,,
52822,"Masure Kawa To Kasal","Masure Kawa",Kasal,,MO,6853,"Hiwale Ratambi",20.8,,,मसुरेकावा,कसाल,26.7,06:00,07:00,SCH,DAIL,,,
52822,"Masure Kawa To Kasal","Masure Kawa",Kasal,,MO,2898,"Parbhatle Magam Dukan",22.9,,,मसुरेकावा,कसाल,26.7,06:00,07:00,SCH,DAIL,,,
52822,"Masure Kawa To Kasal","Masure Kawa",Kasal,,MO,6281,Kasal,26.7,,,मसुरेकावा,कसाल,26.7,06:00,07:00,SCH,DAIL,,,
62057,"Malvan To Kochara Shriramwadi Via Parule",Malvan,"Kochara Shriramwadi",PARULE,MO,6915,Malvan,,,,मालवण,श्रीरामवाडी(कोचरा),30,09:00,10:10,OBL,DAIL,,,
62057,"Malvan To Kochara Shriramwadi Via Parule",Malvan,"Kochara Shriramwadi",PARULE,MO,6896,Kumbharmath,2.1,,,मालवण,श्रीरामवाडी(कोचरा),30,09:00,10:10,OBL,DAIL,,,
62057,"Malvan To Kochara Shriramwadi Via Parule",Malvan,"Kochara Shriramwadi",PARULE,MO,6849,"Hirloskar House",3.1,,,मालवण,श्रीरामवाडी(कोचरा),30,09:00,10:10,OBL,DAIL,,,
62057,"Malvan To Kochara Shriramwadi Via Parule",Malvan,"Kochara Shriramwadi",PARULE,MO,7013,"Vamanshet Hotel",5.8,,,मालवण,श्रीरामवाडी(कोचरा),30,09:00,10:10,OBL,DAIL,,,
62057,"Malvan To Kochara Shriramwadi Via Parule",Malvan,"Kochara Shriramwadi",PARULE,MO,6903,"Madi Dukan",8.2,,,मालवण,श्रीरामवाडी(कोचरा),30,09:00,10:10,OBL,DAIL,,,
62057,"Malvan To Kochara Shriramwadi Via Parule",Malvan,"Kochara Shriramwadi",PARULE,MO,6810,"Dewali Pool",9.2,,,मालवण,श्रीरामवाडी(कोचरा),30,09:00,10:10,OBL,DAIL,,,
62057,"Malvan To Kochara Shriramwadi Via Parule",Malvan,"Kochara Shriramwadi",PARULE,MO,9654,"Jai Bhavani",11.9,,,मालवण,श्रीरामवाडी(कोचरा),30,09:00,10:10,OBL,DAIL,,,
62057,"Malvan To Kochara Shriramwadi Via Parule",Malvan,"Kochara Shriramwadi",PARULE,MO,6274,"Korjai Titha",13.2,,,मालवण,श्रीरामवाडी(कोचरा),30,09:00,10:10,OBL,DAIL,,,
62057,"Malvan To Kochara Shriramwadi Via Parule",Malvan,"Kochara Shriramwadi",PARULE,MO,9609,"Bandhalela Amba",14.2,,,मालवण,श्रीरामवाडी(कोचरा),30,09:00,10:10,OBL,DAIL,,,
62057,"Malvan To Kochara Shriramwadi Via Parule",Malvan,"Kochara Shriramwadi",PARULE,MO,9750,Parule,15.9,,,मालवण,श्रीरामवाडी(कोचरा),30,09:00,10:10,OBL,DAIL,,,
62057,"Malvan To Kochara Shriramwadi Via Parule",Malvan,"Kochara Shriramwadi",PARULE,MO,6097,"Adinarayan Mandir",16.4,,,मालवण,श्रीरामवाडी(कोचरा),30,09:00,10:10,OBL,DAIL,,,
62057,"Malvan To Kochara Shriramwadi Via Parule",Malvan,"Kochara Shriramwadi",PARULE,MO,6089,"Ajarwadi P.H.C.",18.2,,,मालवण,श्रीरामवाडी(कोचरा),30,09:00,10:10,OBL,DAIL,,,
62057,"Malvan To Kochara Shriramwadi Via Parule",Malvan,"Kochara Shriramwadi",PARULE,MO,9714,Mhapan,20.3,,,मालवण,श्रीरामवाडी(कोचरा),30,09:00,10:10,OBL,DAIL,,,
62057,"Malvan To Kochara Shriramwadi Via Parule",Malvan,"Kochara Shriramwadi",PARULE,MO,9632,"Devacha Chafa",21,,,मालवण,श्रीरामवाडी(कोचरा),30,09:00,10:10,OBL,DAIL,,,
62057,"Malvan To Kochara Shriramwadi Via Parule",Malvan,"Kochara Shriramwadi",PARULE,MO,9689,"Kochara Chavata",22.5,,,मालवण,श्रीरामवाडी(कोचरा),30,09:00,10:10,OBL,DAIL,,,
62057,"Malvan To Kochara Shriramwadi Via Parule",Malvan,"Kochara Shriramwadi",PARULE,MO,9786,"Shelpi Fata",24.2,,,मालवण,श्रीरामवाडी(कोचरा),30,09:00,10:10,OBL,DAIL,,,
62057,"Malvan To Kochara Shriramwadi Via Parule",Malvan,"Kochara Shriramwadi",PARULE,MO,9691,"Kochara Shriramwadi",30,,,मालवण,श्रीरामवाडी(कोचरा),30,09:00,10:10,OBL,DAIL,,,
62775,"Achara To Malvan Via Talashil",Achara,Malvan,TALASHIL,MO,6740,Achara,,,,आचरा,मालवण,41.7,12:20,13:45,SCH,DAIL,,,
62775,"Achara To Malvan Via Talashil",Achara,Malvan,TALASHIL,MO,6745,"Acharekar Bag",2.9,,,आचरा,मालवण,41.7,12:20,13:45,SCH,DAIL,,,
62775,"Achara To Malvan Via Talashil",Achara,Malvan,TALASHIL,MO,7007,"Tondavali Fata",4.7,,,आचरा,मालवण,41.7,12:20,13:45,SCH,DAIL,,,
62775,"Achara To Malvan Via Talashil",Achara,Malvan,TALASHIL,MO,6990,Sapala,6,,,आचरा,मालवण,41.7,12:20,13:45,SCH,DAIL,,,
62775,"Achara To Malvan Via Talashil",Achara,Malvan,TALASHIL,MO,7026,"Wagheshwar Mandir",7.2,,,आचरा,मालवण,41.7,12:20,13:45,SCH,DAIL,,,
62775,"Achara To Malvan Via Talashil",Achara,Malvan,TALASHIL,MO,6998,"Suruche Ban",8.8,,,आचरा,मालवण,41.7,12:20,13:45,SCH,DAIL,,,
62775,"Achara To Malvan Via Talashil",Achara,Malvan,TALASHIL,MO,7001,Talashil,11.9,,,आचरा,मालवण,41.7,12:20,13:45,SCH,DAIL,,,
62775,"Achara To Malvan Via Talashil",Achara,Malvan,TALASHIL,MO,6998,"Suruche Ban",14.8,,,आचरा,मालवण,41.7,12:20,13:45,SCH,DAIL,,,
62775,"Achara To Malvan Via Talashil",Achara,Malvan,TALASHIL,MO,7026,"Wagheshwar Mandir",15.7,,,आचरा,मालवण,41.7,12:20,13:45,SCH,DAIL,,,
62775,"Achara To Malvan Via Talashil",Achara,Malvan,TALASHIL,MO,6990,Sapala,17,,,आचरा,मालवण,41.7,12:20,13:45,SCH,DAIL,,,
62775,"Achara To Malvan Via Talashil",Achara,Malvan,TALASHIL,MO,7007,"Tondavali Fata",19.2,,,आचरा,मालवण,41.7,12:20,13:45,SCH,DAIL,,,
62775,"Achara To Malvan Via Talashil",Achara,Malvan,TALASHIL,MO,6859,Kalawal,20.8,,,आचरा,मालवण,41.7,12:20,13:45,SCH,DAIL,,,
62775,"Achara To Malvan Via Talashil",Achara,Malvan,TALASHIL,MO,6921,Margeshwar,23.7,,,आचरा,मालवण,41.7,12:20,13:45,SCH,DAIL,,,
62775,"Achara To Malvan Via Talashil",Achara,Malvan,TALASHIL,MO,6816,Gadgil,27,,,आचरा,मालवण,41.7,12:20,13:45,SCH,DAIL,,,
62775,"Achara To Malvan Via Talashil",Achara,Malvan,TALASHIL,MO,7015,Varanda,30,,,आचरा,मालवण,41.7,12:20,13:45,SCH,DAIL,,,
62775,"Achara To Malvan Via Talashil",Achara,Malvan,TALASHIL,MO,6889,Kolamb,32,,,आचरा,मालवण,41.7,12:20,13:45,SCH,DAIL,,,
62775,"Achara To Malvan Via Talashil",Achara,Malvan,TALASHIL,MO,6915,Malvan,40.1,,,आचरा,मालवण,41.7,12:20,13:45,SCH,DAIL,,,
77132,"Malvan To Belne",Malvan,Belne,,MO,6915,Malvan,,,,मालवण,बेळणे,30,18:00,19:15,SCL,DAIL,,,
77132,"Malvan To Belne",Malvan,Belne,,MO,6746,Adari,2.5,,,मालवण,बेळणे,30,18:00,19:15,SCL,DAIL,,,
77132,"Malvan To Belne",Malvan,Belne,,MO,6873,"Katwad Acharekar Shop",4.6,,,मालवण,बेळणे,30,18:00,19:15,SCL,DAIL,,,
77132,"Malvan To Belne",Malvan,Belne,,MO,6779,"Bhagat Nursary",5.2,,,मालवण,बेळणे,30,18:00,19:15,SCL,DAIL,,,
77132,"Malvan To Belne",Malvan,Belne,,MO,6908,Mahan,8.6,,,मालवण,बेळणे,30,18:00,19:15,SCL,DAIL,,,
77132,"Malvan To Belne",Malvan,Belne,,MO,6787,"Bilwas Datta Mandir",15.4,,,मालवण,बेळणे,30,18:00,19:15,SCL,DAIL,,,
77132,"Malvan To Belne",Malvan,Belne,,MO,6756,Anganewadi,18.5,,,मालवण,बेळणे,30,18:00,19:15,SCL,DAIL,,,
77132,"Malvan To Belne",Malvan,Belne,,MO,6769,Bagayat,19.1,,,मालवण,बेळणे,30,18:00,19:15,SCL,DAIL,,,
77132,"Malvan To Belne",Malvan,Belne,,MO,6925,"Masade Titha",21.1,,,मालवण,बेळणे,30,18:00,19:15,SCL,DAIL,,,
77132,"Malvan To Belne",Malvan,Belne,,MO,6924,"Masade School",22.1,,,मालवण,बेळणे,30,18:00,19:15,SCL,DAIL,,,
77132,"Malvan To Belne",Malvan,Belne,,MO,7022,"Viran Malvan Titha",24.4,,,मालवण,बेळणे,30,18:00,19:15,SCL,DAIL,,,
77132,"Malvan To Belne",Malvan,Belne,,MO,6965,"Poip Katta Titha",25,,,मालवण,बेळणे,30,18:00,19:15,SCL,DAIL,,,
77132,"Malvan To Belne",Malvan,Belne,,MO,6975,"Rathiwade Bhakardev",28.1,,,मालवण,बेळणे,30,18:00,19:15,SCL,DAIL,,,
77132,"Malvan To Belne",Malvan,Belne,,MO,6974,Rathiwade,29.3,,,मालवण,बेळणे,30,18:00,19:15,SCL,DAIL,,,
77132,"Malvan To Belne",Malvan,Belne,,MO,6776,Belne,30,,,मालवण,बेळणे,30,18:00,19:15,SCL,DAIL,,,
94470,"Masade Titha To Katta Via Golvan Boudhawadi","Masade Titha",Katta,"GOLVAN BOUDHAWADI",MO,6925,"Masade Titha",,,,मसदेतिठा,कट्टा,13.8,10:05,10:35,SCH,DAIL,,,
94470,"Masade Titha To Katta Via Golvan Boudhawadi","Masade Titha",Katta,"GOLVAN BOUDHAWADI",MO,6945,"Navpat High School",2,,,मसदेतिठा,कट्टा,13.8,10:05,10:35,SCH,DAIL,,,
94470,"Masade Titha To Katta Via Golvan Boudhawadi","Masade Titha",Katta,"GOLVAN BOUDHAWADI",MO,6830,"Golvan Boudhawadi",5,,,मसदेतिठा,कट्टा,13.8,10:05,10:35,SCH,DAIL,,,
94470,"Masade Titha To Katta Via Golvan Boudhawadi","Masade Titha",Katta,"GOLVAN BOUDHAWADI",MO,6814,"Dikwal Fata",8,,,मसदेतिठा,कट्टा,13.8,10:05,10:35,SCH,DAIL,,,
94470,"Masade Titha To Katta Via Golvan Boudhawadi","Masade Titha",Katta,"GOLVAN BOUDHAWADI",MO,6895,Kumame,11,,,मसदेतिठा,कट्टा,13.8,10:05,10:35,SCH,DAIL,,,
94470,"Masade Titha To Katta Via Golvan Boudhawadi","Masade Titha",Katta,"GOLVAN BOUDHAWADI",MO,6870,Katta,13.8,,,मसदेतिठा,कट्टा,13.8,10:05,10:35,SCH,DAIL,,,
122701,"Sindhudurgnagari To Malvan",Sindhudurgnagari,Malvan,,MO,6408,Sindhudurgnagari,,,,सिंधुदुर्गनगरी,मालवण,30,18:30,19:30,OBL,SUN,,,
122701,"Sindhudurgnagari To Malvan",Sindhudurgnagari,Malvan,,MO,6390,"Railway Gate",2.2,,,सिंधुदुर्गनगरी,मालवण,30,18:30,19:30,OBL,SUN,,,
122701,"Sindhudurgnagari To Malvan",Sindhudurgnagari,Malvan,,MO,6424,Sukalwad,5.8,,,सिंधुदुर्गनगरी,मालवण,30,18:30,19:30,OBL,SUN,,,
122701,"Sindhudurgnagari To Malvan",Sindhudurgnagari,Malvan,,MO,6993,"Sawarwad Varad Fata",8.5,,,सिंधुदुर्गनगरी,मालवण,30,18:30,19:30,OBL,SUN,,,
122701,"Sindhudurgnagari To Malvan",Sindhudurgnagari,Malvan,,MO,6870,Katta,11.6,,,सिंधुदुर्गनगरी,मालवण,30,18:30,19:30,OBL,SUN,,,
122701,"Sindhudurgnagari To Malvan",Sindhudurgnagari,Malvan,,MO,6770,Bagwadi,14.7,,,सिंधुदुर्गनगरी,मालवण,30,18:30,19:30,OBL,SUN,,,
122701,"Sindhudurgnagari To Malvan",Sindhudurgnagari,Malvan,,MO,6985,"Salel Nangarbhat",17.8,,,सिंधुदुर्गनगरी,मालवण,30,18:30,19:30,OBL,SUN,,,
122701,"Sindhudurgnagari To Malvan",Sindhudurgnagari,Malvan,,MO,6799,Chouke,21.4,,,सिंधुदुर्गनगरी,मालवण,30,18:30,19:30,OBL,SUN,,,
122701,"Sindhudurgnagari To Malvan",Sindhudurgnagari,Malvan,,MO,6750,"Ajagaonkar Bangala",24.2,,,सिंधुदुर्गनगरी,मालवण,30,18:30,19:30,OBL,SUN,,,
122701,"Sindhudurgnagari To Malvan",Sindhudurgnagari,Malvan,,MO,6897,"Kumbharmath Govekar Dukan",26.3,,,सिंधुदुर्गनगरी,मालवण,30,18:30,19:30,OBL,SUN,,,
122701,"Sindhudurgnagari To Malvan",Sindhudurgnagari,Malvan,,MO,6915,Malvan,30,,,सिंधुदुर्गनगरी,मालवण,30,18:30,19:30,OBL,SUN,,,
125457,"Malvan To Masure Bazar Via Viran",Malvan,"Masure Bazar",VIRAN,MO,6915,Malvan,2.8,,,मालवण,मसुरे,39,13:30,14:55,SCH,DAIL,"विश्रांती 12.50 ते 13.30",,
125457,"Malvan To Masure Bazar Via Viran",Malvan,"Masure Bazar",VIRAN,MO,6746,Adari,5.3,,,मालवण,मसुरे,39,13:30,14:55,SCH,DAIL,"विश्रांती 12.50 ते 13.30",,
125457,"Malvan To Masure Bazar Via Viran",Malvan,"Masure Bazar",VIRAN,MO,6873,"Katwad Acharekar Shop",7.4,,,मालवण,मसुरे,39,13:30,14:55,SCH,DAIL,"विश्रांती 12.50 ते 13.30",,
125457,"Malvan To Masure Bazar Via Viran",Malvan,"Masure Bazar",VIRAN,MO,6779,"Bhagat Nursary",8,,,मालवण,मसुरे,39,13:30,14:55,SCH,DAIL,"विश्रांती 12.50 ते 13.30",,
125457,"Malvan To Masure Bazar Via Viran",Malvan,"Masure Bazar",VIRAN,MO,6908,Mahan,11.4,,,मालवण,मसुरे,39,13:30,14:55,SCH,DAIL,"विश्रांती 12.50 ते 13.30",,
125457,"Malvan To Masure Bazar Via Viran",Malvan,"Masure Bazar",VIRAN,MO,6787,"Bilwas Datta Mandir",14.8,,,मालवण,मसुरे,39,13:30,14:55,SCH,DAIL,"विश्रांती 12.50 ते 13.30",,
125457,"Malvan To Masure Bazar Via Viran",Malvan,"Masure Bazar",VIRAN,MO,6769,Bagayat,18.5,,,मालवण,मसुरे,39,13:30,14:55,SCH,DAIL,"विश्रांती 12.50 ते 13.30",,
125457,"Malvan To Masure Bazar Via Viran",Malvan,"Masure Bazar",VIRAN,MO,6925,"Masade Titha",20.5,,,मालवण,मसुरे,39,13:30,14:55,SCH,DAIL,"विश्रांती 12.50 ते 13.30",,
125457,"Malvan To Masure Bazar Via Viran",Malvan,"Masure Bazar",VIRAN,MO,6924,"Masade School",21.5,,,मालवण,मसुरे,39,13:30,14:55,SCH,DAIL,"विश्रांती 12.50 ते 13.30",,
125457,"Malvan To Masure Bazar Via Viran",Malvan,"Masure Bazar",VIRAN,MO,7022,"Viran Malvan Titha",23.8,,,मालवण,मसुरे,39,13:30,14:55,SCH,DAIL,"विश्रांती 12.50 ते 13.30",,
125457,"Malvan To Masure Bazar Via Viran",Malvan,"Masure Bazar",VIRAN,MO,6965,"Poip Katta Titha",24.4,,,मालवण,मसुरे,39,13:30,14:55,SCH,DAIL,"विश्रांती 12.50 ते 13.30",,
125457,"Malvan To Masure Bazar Via Viran",Malvan,"Masure Bazar",VIRAN,MO,7017,"Vetal Mandir",26.8,,,मालवण,मसुरे,39,13:30,14:55,SCH,DAIL,"विश्रांती 12.50 ते 13.30",,
125457,"Malvan To Masure Bazar Via Viran",Malvan,"Masure Bazar",VIRAN,MO,6965,"Poip Katta Titha",30.2,,,मालवण,मसुरे,39,13:30,14:55,SCH,DAIL,"विश्रांती 12.50 ते 13.30",,
125457,"Malvan To Masure Bazar Via Viran",Malvan,"Masure Bazar",VIRAN,MO,7019,Viran,31.5,,,मालवण,मसुरे,39,13:30,14:55,SCH,DAIL,"विश्रांती 12.50 ते 13.30",,
125457,"Malvan To Masure Bazar Via Viran",Malvan,"Masure Bazar",VIRAN,MO,6924,"Masade School",33.1,,,मालवण,मसुरे,39,13:30,14:55,SCH,DAIL,"विश्रांती 12.50 ते 13.30",,
125457,"Malvan To Masure Bazar Via Viran",Malvan,"Masure Bazar",VIRAN,MO,6925,"Masade Titha",34.1,,,मालवण,मसुरे,39,13:30,14:55,SCH,DAIL,"विश्रांती 12.50 ते 13.30",,
125457,"Malvan To Masure Bazar Via Viran",Malvan,"Masure Bazar",VIRAN,MO,7016,"Verli Mapari Dukan",36.7,,,मालवण,मसुरे,39,13:30,14:55,SCH,DAIL,"विश्रांती 12.50 ते 13.30",,
125457,"Malvan To Masure Bazar Via Viran",Malvan,"Masure Bazar",VIRAN,MO,6795,"Chambhar Dunga",37.2,,,मालवण,मसुरे,39,13:30,14:55,SCH,DAIL,"विश्रांती 12.50 ते 13.30",,
125457,"Malvan To Masure Bazar Via Viran",Malvan,"Masure Bazar",VIRAN,MO,6928,"Masure Bazar",39,,,मालवण,मसुरे,39,13:30,14:55,SCH,DAIL,"विश्रांती 12.50 ते 13.30",,
125646,"Ganesh Kond  Amberi To Malvan Via Chouke","Ganesh Kond",Malvan,CHOUKE,MO,6818,"Ganesh Kond",,,,आंबेरी,मालवण,15.9,17:40,18:15,OPT,DAIL,,,
125646,"Ganesh Kond  Amberi To Malvan Via Chouke","Ganesh Kond",Malvan,CHOUKE,MO,7035,Wakwadi,0.3,,,आंबेरी,मालवण,15.9,17:40,18:15,OPT,DAIL,,,
125646,"Ganesh Kond  Amberi To Malvan Via Chouke","Ganesh Kond",Malvan,CHOUKE,MO,2072,"Parulekar Dukan",0.6,,,आंबेरी,मालवण,15.9,17:40,18:15,OPT,DAIL,,,
125646,"Ganesh Kond  Amberi To Malvan Via Chouke","Ganesh Kond",Malvan,CHOUKE,MO,6999,Sutarwadi,0.9,,,आंबेरी,मालवण,15.9,17:40,18:15,OPT,DAIL,,,
125646,"Ganesh Kond  Amberi To Malvan Via Chouke","Ganesh Kond",Malvan,CHOUKE,MO,6754,"Amberi School",1.6,,,आंबेरी,मालवण,15.9,17:40,18:15,OPT,DAIL,,,
125646,"Ganesh Kond  Amberi To Malvan Via Chouke","Ganesh Kond",Malvan,CHOUKE,MO,6819,"Ganesh Mandir",6.3,,,आंबेरी,मालवण,15.9,17:40,18:15,OPT,DAIL,,,
125646,"Ganesh Kond  Amberi To Malvan Via Chouke","Ganesh Kond",Malvan,CHOUKE,MO,6799,Chouke,7.3,,,आंबेरी,मालवण,15.9,17:40,18:15,OPT,DAIL,,,
125646,"Ganesh Kond  Amberi To Malvan Via Chouke","Ganesh Kond",Malvan,CHOUKE,MO,6750,"Ajagaonkar Bangala",10.1,,,आंबेरी,मालवण,15.9,17:40,18:15,OPT,DAIL,,,
125646,"Ganesh Kond  Amberi To Malvan Via Chouke","Ganesh Kond",Malvan,CHOUKE,MO,6897,"Kumbharmath Govekar Dukan",12.2,,,आंबेरी,मालवण,15.9,17:40,18:15,OPT,DAIL,,,
125646,"Ganesh Kond  Amberi To Malvan Via Chouke","Ganesh Kond",Malvan,CHOUKE,MO,6915,Malvan,15.9,,,आंबेरी,मालवण,15.9,17:40,18:15,OPT,DAIL,,,
125653,"Dewali To Malvan Via Chouke",Dewali,Malvan,CHOUKE,MO,6809,Dewali,,,,देवली,मालवण,15,12:55,13:25,OBL,DAIL,,,
125653,"Dewali To Malvan Via Chouke",Dewali,Malvan,CHOUKE,MO,6904,Madkhol,2.3,,,देवली,मालवण,15,12:55,13:25,OBL,DAIL,,,
125653,"Dewali To Malvan Via Chouke",Dewali,Malvan,CHOUKE,MO,6799,Chouke,5.6,,,देवली,मालवण,15,12:55,13:25,OBL,DAIL,,,
125653,"Dewali To Malvan Via Chouke",Dewali,Malvan,CHOUKE,MO,6750,"Ajagaonkar Bangala",8.4,,,देवली,मालवण,15,12:55,13:25,OBL,DAIL,,,
125653,"Dewali To Malvan Via Chouke",Dewali,Malvan,CHOUKE,MO,6897,"Kumbharmath Govekar Dukan",10.5,,,देवली,मालवण,15,12:55,13:25,OBL,DAIL,,,
125653,"Dewali To Malvan Via Chouke",Dewali,Malvan,CHOUKE,MO,6915,Malvan,14,,,देवली,मालवण,15,12:55,13:25,OBL,DAIL,,,
125656,"Dangmode To Malvan Via Bharteshwar Mandir",Dangmode,Malvan,"BHARTESHWAR MANDIR",MO,6803,Dangmode,,,,डांगमोडे,मालवण,30.2,13:10,14:20,OBL,DAIL,,,
125656,"Dangmode To Malvan Via Bharteshwar Mandir",Dangmode,Malvan,"BHARTESHWAR MANDIR",MO,6804,"Dangmode Mandir",3.1,,,डांगमोडे,मालवण,30.2,13:10,14:20,OBL,DAIL,,,
125656,"Dangmode To Malvan Via Bharteshwar Mandir",Dangmode,Malvan,"BHARTESHWAR MANDIR",MO,6875,"Kawawadi Masure",7.9,,,डांगमोडे,मालवण,30.2,13:10,14:20,OBL,DAIL,,,
125656,"Dangmode To Malvan Via Bharteshwar Mandir",Dangmode,Malvan,"BHARTESHWAR MANDIR",MO,6930,"Masure Gpo",9.1,,,डांगमोडे,मालवण,30.2,13:10,14:20,OBL,DAIL,,,
125656,"Dangmode To Malvan Via Bharteshwar Mandir",Dangmode,Malvan,"BHARTESHWAR MANDIR",MO,6905,"Magavane Bridge",10.5,,,डांगमोडे,मालवण,30.2,13:10,14:20,OBL,DAIL,,,
125656,"Dangmode To Malvan Via Bharteshwar Mandir",Dangmode,Malvan,"BHARTESHWAR MANDIR",MO,6800,"Christ Wadi",11.6,,,डांगमोडे,मालवण,30.2,13:10,14:20,OBL,DAIL,,,
125656,"Dangmode To Malvan Via Bharteshwar Mandir",Dangmode,Malvan,"BHARTESHWAR MANDIR",MO,6784,"Bharteshwar Mandir",13.2,,,डांगमोडे,मालवण,30.2,13:10,14:20,OBL,DAIL,,,
125656,"Dangmode To Malvan Via Bharteshwar Mandir",Dangmode,Malvan,"BHARTESHWAR MANDIR",MO,6769,Bagayat,16,,,डांगमोडे,मालवण,30.2,13:10,14:20,OBL,DAIL,,,
125656,"Dangmode To Malvan Via Bharteshwar Mandir",Dangmode,Malvan,"BHARTESHWAR MANDIR",MO,6787,"Bilwas Datta Mandir",19.7,,,डांगमोडे,मालवण,30.2,13:10,14:20,OBL,DAIL,,,
125656,"Dangmode To Malvan Via Bharteshwar Mandir",Dangmode,Malvan,"BHARTESHWAR MANDIR",MO,6757,"Anganewadi Fata",20.7,,,डांगमोडे,मालवण,30.2,13:10,14:20,OBL,DAIL,,,
125656,"Dangmode To Malvan Via Bharteshwar Mandir",Dangmode,Malvan,"BHARTESHWAR MANDIR",MO,6908,Mahan,23.1,,,डांगमोडे,मालवण,30.2,13:10,14:20,OBL,DAIL,,,
125656,"Dangmode To Malvan Via Bharteshwar Mandir",Dangmode,Malvan,"BHARTESHWAR MANDIR",MO,6779,"Bhagat Nursary",26.5,,,डांगमोडे,मालवण,30.2,13:10,14:20,OBL,DAIL,,,
125656,"Dangmode To Malvan Via Bharteshwar Mandir",Dangmode,Malvan,"BHARTESHWAR MANDIR",MO,6873,"Katwad Acharekar Shop",27.1,,,डांगमोडे,मालवण,30.2,13:10,14:20,OBL,DAIL,,,
125656,"Dangmode To Malvan Via Bharteshwar Mandir",Dangmode,Malvan,"BHARTESHWAR MANDIR",MO,6746,Adari,29.2,,,डांगमोडे,मालवण,30.2,13:10,14:20,OBL,DAIL,,,
125656,"Dangmode To Malvan Via Bharteshwar Mandir",Dangmode,Malvan,"BHARTESHWAR MANDIR",MO,6915,Malvan,30.2,,,डांगमोडे,मालवण,30.2,13:10,14:20,OBL,DAIL,,,
126172,"Kasal To Katta Via Talgaon",Kasal,Katta,TALGAON,MO,6281,Kasal,,,,कसाल,कट्टा,21.1,09:55,10:45,SCL,DAIL,,,
126172,"Kasal To Katta Via Talgaon",Kasal,Katta,TALGAON,MO,6368,Padve,3,,,कसाल,कट्टा,21.1,09:55,10:45,SCL,DAIL,,,
126172,"Kasal To Katta Via Talgaon",Kasal,Katta,TALGAON,MO,6392,"Ranbambuli Fata",4.6,,,कसाल,कट्टा,21.1,09:55,10:45,SCL,DAIL,,,
126172,"Kasal To Katta Via Talgaon",Kasal,Katta,TALGAON,MO,6410,"Sukalwad Bazar",5.7,,,कसाल,कट्टा,21.1,09:55,10:45,SCL,DAIL,,,
126172,"Kasal To Katta Via Talgaon",Kasal,Katta,TALGAON,MO,6424,Sukalwad,6.1,,,कसाल,कट्टा,21.1,09:55,10:45,SCL,DAIL,,,
126172,"Kasal To Katta Via Talgaon",Kasal,Katta,TALGAON,MO,6935,Mhalunge,7.8,,,कसाल,कट्टा,21.1,09:55,10:45,SCL,DAIL,,,
126172,"Kasal To Katta Via Talgaon",Kasal,Katta,TALGAON,MO,7002,Talgaon,11.6,,,कसाल,कट्टा,21.1,09:55,10:45,SCL,DAIL,,,
126172,"Kasal To Katta Via Talgaon",Kasal,Katta,TALGAON,MO,6935,Mhalunge,14.9,,,कसाल,कट्टा,21.1,09:55,10:45,SCL,DAIL,,,
126172,"Kasal To Katta Via Talgaon",Kasal,Katta,TALGAON,MO,6410,"Sukalwad Bazar",16.3,,,कसाल,कट्टा,21.1,09:55,10:45,SCL,DAIL,,,
126172,"Kasal To Katta Via Talgaon",Kasal,Katta,TALGAON,MO,6993,"Sawarwad Varad Fata",19.2,,,कसाल,कट्टा,21.1,09:55,10:45,SCL,DAIL,,,
126172,"Kasal To Katta Via Talgaon",Kasal,Katta,TALGAON,MO,6870,Katta,21.1,,,कसाल,कट्टा,21.1,09:55,10:45,SCL,DAIL,,,
135302,"Malvan To Khalachi Dewali Via Rekoba High School",Malvan,"Khalachi Dewali","REKOBA HIGH SCHOOL",MO,6915,Malvan,,,,मालवण,"खालची देवली",9,09:30,09:50,SCL,DAIL,,,
135302,"Malvan To Khalachi Dewali Via Rekoba High School",Malvan,"Khalachi Dewali","REKOBA HIGH SCHOOL",MO,6980,"Rekoba High School",3.2,,,मालवण,"खालची देवली",9,09:30,09:50,SCL,DAIL,,,
135302,"Malvan To Khalachi Dewali Via Rekoba High School",Malvan,"Khalachi Dewali","REKOBA HIGH SCHOOL",MO,6811,"Dewali School No 1",6,,,मालवण,"खालची देवली",9,09:30,09:50,SCL,DAIL,,,
135302,"Malvan To Khalachi Dewali Via Rekoba High School",Malvan,"Khalachi Dewali","REKOBA HIGH SCHOOL",MO,6878,"Khalachi Dewali",9,,,मालवण,"खालची देवली",9,09:30,09:50,SCL,DAIL,,,
135303,"Khalachi Dewali To Malvan Via Rekoba High School","Khalachi Dewali",Malvan,"REKOBA HIGH SCHOOL",MO,6878,"Khalachi Dewali",,,,"खालची देवली",मालवण,9,09:55,10:15,SCL,DAIL,"विश्रांती 10.15 ते 14.15",,
135303,"Khalachi Dewali To Malvan Via Rekoba High School","Khalachi Dewali",Malvan,"REKOBA HIGH SCHOOL",MO,6811,"Dewali School No 1",3,,,"खालची देवली",मालवण,9,09:55,10:15,SCL,DAIL,"विश्रांती 10.15 ते 14.15",,
135303,"Khalachi Dewali To Malvan Via Rekoba High School","Khalachi Dewali",Malvan,"REKOBA HIGH SCHOOL",MO,6980,"Rekoba High School",5.8,,,"खालची देवली",मालवण,9,09:55,10:15,SCL,DAIL,"विश्रांती 10.15 ते 14.15",,
135303,"Khalachi Dewali To Malvan Via Rekoba High School","Khalachi Dewali",Malvan,"REKOBA HIGH SCHOOL",MO,6915,Malvan,9,,,"खालची देवली",मालवण,9,09:55,10:15,SCL,DAIL,"विश्रांती 10.15 ते 14.15",,
143027,"Chouke To Bagayat Via Mirwel",Chouke,Bagayat,MIRWEL,MO,6799,Chouke,,,,चौके,बागायत,19,09:15,09:45,OBL,DAIL,,,
143027,"Chouke To Bagayat Via Mirwel",Chouke,Bagayat,MIRWEL,MO,6824,Ghartanwadi,3,,,चौके,बागायत,19,09:15,09:45,OBL,DAIL,,,
143027,"Chouke To Bagayat Via Mirwel",Chouke,Bagayat,MIRWEL,MO,6752,Ambdos,6,,,चौके,बागायत,19,09:15,09:45,OBL,DAIL,,,
143027,"Chouke To Bagayat Via Mirwel",Chouke,Bagayat,MIRWEL,MO,6828,"Ghumros School",9,,,चौके,बागायत,19,09:15,09:45,OBL,DAIL,,,
143027,"Chouke To Bagayat Via Mirwel",Chouke,Bagayat,MIRWEL,MO,6912,Malgaon,10,,,चौके,बागायत,19,09:15,09:45,OBL,DAIL,,,
143027,"Chouke To Bagayat Via Mirwel",Chouke,Bagayat,MIRWEL,MO,6907,Mahalaxmi,12,,,चौके,बागायत,19,09:15,09:45,OBL,DAIL,,,
143027,"Chouke To Bagayat Via Mirwel",Chouke,Bagayat,MIRWEL,MO,6936,Mirwel,15,,,चौके,बागायत,19,09:15,09:45,OBL,DAIL,,,
143027,"Chouke To Bagayat Via Mirwel",Chouke,Bagayat,MIRWEL,MO,6907,Mahalaxmi,18,,,चौके,बागायत,19,09:15,09:45,OBL,DAIL,,,
143027,"Chouke To Bagayat Via Mirwel",Chouke,Bagayat,MIRWEL,MO,6769,Bagayat,19,,,चौके,बागायत,19,09:15,09:45,OBL,DAIL,,,
70961,"Malvan To Panjim Via Nerurpar",Malvan,Panjim,NERURPAR,MO,6915,Malvan,,,,मालवण,पणजी,110.7,06:45,10:15,,,"विश्रांती 10.15 ते 13.00",,
70961,"Malvan To Panjim Via Nerurpar",Malvan,Panjim,NERURPAR,MO,6897,"Kumbharmath Govekar Dukan",5,,,मालवण,पणजी,110.7,06:45,10:15,,,"विश्रांती 10.15 ते 13.00",,
70961,"Malvan To Panjim Via Nerurpar",Malvan,Panjim,NERURPAR,MO,6755,Anandwahal,6,,,मालवण,पणजी,110.7,06:45,10:15,,,"विश्रांती 10.15 ते 13.00",,
70961,"Malvan To Panjim Via Nerurpar",Malvan,Panjim,NERURPAR,MO,6750,"Ajagaonkar Bangala",7.5,,,मालवण,पणजी,110.7,06:45,10:15,,,"विश्रांती 10.15 ते 13.00",,
70961,"Malvan To Panjim Via Nerurpar",Malvan,Panjim,NERURPAR,MO,6799,Chouke,8.8,,,मालवण,पणजी,110.7,06:45,10:15,,,"विश्रांती 10.15 ते 13.00",,
70961,"Malvan To Panjim Via Nerurpar",Malvan,Panjim,NERURPAR,MO,6829,Godyachiwadi,12.3,,,मालवण,पणजी,110.7,06:45,10:15,,,"विश्रांती 10.15 ते 13.00",,
70961,"Malvan To Panjim Via Nerurpar",Malvan,Panjim,NERURPAR,MO,6821,"Gavaldeo Amba",15.4,,,मालवण,पणजी,110.7,06:45,10:15,,,"विश्रांती 10.15 ते 13.00",,
70961,"Malvan To Panjim Via Nerurpar",Malvan,Panjim,NERURPAR,MO,6812,Dhamapur,17.6,,,मालवण,पणजी,110.7,06:45,10:15,,,"विश्रांती 10.15 ते 13.00",,
70961,"Malvan To Panjim Via Nerurpar",Malvan,Panjim,NERURPAR,MO,6979,"Ravalnath Mandir",18.3,,,मालवण,पणजी,110.7,06:45,10:15,,,"विश्रांती 10.15 ते 13.00",,
70961,"Malvan To Panjim Via Nerurpar",Malvan,Panjim,NERURPAR,MO,6863,"Kalse Gpo",19.1,,,मालवण,पणजी,110.7,06:45,10:15,,,"विश्रांती 10.15 ते 13.00",,
70961,"Malvan To Panjim Via Nerurpar",Malvan,Panjim,NERURPAR,MO,6856,"Hubalicha Mal",20.1,,,मालवण,पणजी,110.7,06:45,10:15,,,"विश्रांती 10.15 ते 13.00",,
70961,"Malvan To Panjim Via Nerurpar",Malvan,Panjim,NERURPAR,MO,6335,Nerurpar,21.4,,,मालवण,पणजी,110.7,06:45,10:15,,,"विश्रांती 10.15 ते 13.00",,
70961,"Malvan To Panjim Via Nerurpar",Malvan,Panjim,NERURPAR,MO,6428,Thakurwadi,21.5,,,मालवण,पणजी,110.7,06:45,10:15,,,"विश्रांती 10.15 ते 13.00",,
70961,"Malvan To Panjim Via Nerurpar",Malvan,Panjim,NERURPAR,MO,6351,"Nerur Jakat",25.5,,,मालवण,पणजी,110.7,06:45,10:15,,,"विश्रांती 10.15 ते 13.00",,
70961,"Malvan To Panjim Via Nerurpar",Malvan,Panjim,NERURPAR,MO,6237,"Kudal St Depot",28.5,,,मालवण,पणजी,110.7,06:45,10:15,,,"विश्रांती 10.15 ते 13.00",,
70961,"Malvan To Panjim Via Nerurpar",Malvan,Panjim,NERURPAR,MO,6302,"Modka Wad Pinguli",30.4,,,मालवण,पणजी,110.7,06:45,10:15,,,"विश्रांती 10.15 ते 13.00",,
70961,"Malvan To Panjim Via Nerurpar",Malvan,Panjim,NERURPAR,MO,6126,Bibavane,33.6,,,मालवण,पणजी,110.7,06:45,10:15,,,"विश्रांती 10.15 ते 13.00",,
70961,"Malvan To Panjim Via Nerurpar",Malvan,Panjim,NERURPAR,MO,6322,"Mandkuli Fata",34.1,,,मालवण,पणजी,110.7,06:45,10:15,,,"विश्रांती 10.15 ते 13.00",,
70961,"Malvan To Panjim Via Nerurpar",Malvan,Panjim,NERURPAR,MO,6441,"Terse Bambarde Fata",35.6,,,मालवण,पणजी,110.7,06:45,10:15,,,"विश्रांती 10.15 ते 13.00",,
70961,"Malvan To Panjim Via Nerurpar",Malvan,Panjim,NERURPAR,MO,6474,"Zharap Titha",37.8,,,मालवण,पणजी,110.7,06:45,10:15,,,"विश्रांती 10.15 ते 13.00",,
70961,"Malvan To Panjim Via Nerurpar",Malvan,Panjim,NERURPAR,MO,6231,"Khan Mohalla",40.6,,,मालवण,पणजी,110.7,06:45,10:15,,,"विश्रांती 10.15 ते 13.00",,
70961,"Malvan To Panjim Via Nerurpar",Malvan,Panjim,NERURPAR,MO,6101,Akeri,43.2,,,मालवण,पणजी,110.7,06:45,10:15,,,"विश्रांती 10.15 ते 13.00",,
70961,"Malvan To Panjim Via Nerurpar",Malvan,Panjim,NERURPAR,MO,8663,Sawantwadi,49.1,,,मालवण,पणजी,110.7,06:45,10:15,,,"विश्रांती 10.15 ते 13.00",,
70961,"Malvan To Panjim Via Nerurpar",Malvan,Panjim,NERURPAR,MO,8529,Garad,51.2,,,मालवण,पणजी,110.7,06:45,10:15,,,"विश्रांती 10.15 ते 13.00",,
70961,"Malvan To Panjim Via Nerurpar",Malvan,Panjim,NERURPAR,MO,8578,"Majgaon Nala",52.3,,,मालवण,पणजी,110.7,06:45,10:15,,,"विश्रांती 10.15 ते 13.00",,
70961,"Malvan To Panjim Via Nerurpar",Malvan,Panjim,NERURPAR,MO,8658,"Sat Jambhali",54.2,,,मालवण,पणजी,110.7,06:45,10:15,,,"विश्रांती 10.15 ते 13.00",,
70961,"Malvan To Panjim Via Nerurpar",Malvan,Panjim,NERURPAR,MO,8560,Kondwada,57.7,,,मालवण,पणजी,110.7,06:45,10:15,,,"विश्रांती 10.15 ते 13.00",,
70961,"Malvan To Panjim Via Nerurpar",Malvan,Panjim,NERURPAR,MO,8544,"Kudav Temb",59.4,,,मालवण,पणजी,110.7,06:45,10:15,,,"विश्रांती 10.15 ते 13.00",,
70961,"Malvan To Panjim Via Nerurpar",Malvan,Panjim,NERURPAR,MO,8486,Banda,61.7,,,मालवण,पणजी,110.7,06:45,10:15,,,"विश्रांती 10.15 ते 13.00",,
70961,"Malvan To Panjim Via Nerurpar",Malvan,Panjim,NERURPAR,MO,8635,"Patradevi Goa Border",66.1,,,मालवण,पणजी,110.7,06:45,10:15,,,"विश्रांती 10.15 ते 13.00",,
70961,"Malvan To Panjim Via Nerurpar",Malvan,Panjim,NERURPAR,MO,71926,Patradevi,66.8,,,मालवण,पणजी,110.7,06:45,10:15,,,"विश्रांती 10.15 ते 13.00",,
70961,"Malvan To Panjim Via Nerurpar",Malvan,Panjim,NERURPAR,MO,71876,Galel,67.8,,,मालवण,पणजी,110.7,06:45,10:15,,,"विश्रांती 10.15 ते 13.00",,
70961,"Malvan To Panjim Via Nerurpar",Malvan,Panjim,NERURPAR,MO,71956,Torsem,70.8,,,मालवण,पणजी,110.7,06:45,10:15,,,"विश्रांती 10.15 ते 13.00",,
70961,"Malvan To Panjim Via Nerurpar",Malvan,Panjim,NERURPAR,MO,71958,Ugavem,72.8,,,मालवण,पणजी,110.7,06:45,10:15,,,"विश्रांती 10.15 ते 13.00",,
70961,"Malvan To Panjim Via Nerurpar",Malvan,Panjim,NERURPAR,MO,71936,Poraskadem,75.8,,,मालवण,पणजी,110.7,06:45,10:15,,,"विश्रांती 10.15 ते 13.00",,
70961,"Malvan To Panjim Via Nerurpar",Malvan,Panjim,NERURPAR,MO,71922,Naibag,77.8,,,मालवण,पणजी,110.7,06:45,10:15,,,"विश्रांती 10.15 ते 13.00",,
70961,"Malvan To Panjim Via Nerurpar",Malvan,Panjim,NERURPAR,MO,71937,Pernem,80.8,,,मालवण,पणजी,110.7,06:45,10:15,,,"विश्रांती 10.15 ते 13.00",,
70961,"Malvan To Panjim Via Nerurpar",Malvan,Panjim,NERURPAR,MO,71901,Malpe,83.8,,,मालवण,पणजी,110.7,06:45,10:15,,,"विश्रांती 10.15 ते 13.00",,
70961,"Malvan To Panjim Via Nerurpar",Malvan,Panjim,NERURPAR,MO,71873,Dhargal,88.8,,,मालवण,पणजी,110.7,06:45,10:15,,,"विश्रांती 10.15 ते 13.00",,
70961,"Malvan To Panjim Via Nerurpar",Malvan,Panjim,NERURPAR,MO,71890,Kolwal,90.8,,,मालवण,पणजी,110.7,06:45,10:15,,,"विश्रांती 10.15 ते 13.00",,
70961,"Malvan To Panjim Via Nerurpar",Malvan,Panjim,NERURPAR,MO,71886,Kasarwada,95.8,,,मालवण,पणजी,110.7,06:45,10:15,,,"विश्रांती 10.15 ते 13.00",,
70961,"Malvan To Panjim Via Nerurpar",Malvan,Panjim,NERURPAR,MO,71915,Mapusa,98.8,,,मालवण,पणजी,110.7,06:45,10:15,,,"विश्रांती 10.15 ते 13.00",,
70961,"Malvan To Panjim Via Nerurpar",Malvan,Panjim,NERURPAR,MO,71935,Panjim,110.8,,,मालवण,पणजी,110.7,06:45,10:15,,,"विश्रांती 10.15 ते 13.00",,
75682,"Malvan To Tuljapur",Malvan,Tuljapur,,MO,6915,Malvan,,,,मालवण,कोल्हापुर,161.3,06:30,11:05,,,"6 तासांत डयुटी संपते",,
75682,"Malvan To Tuljapur",Malvan,Tuljapur,,MO,6897,"Kumbharmath Govekar Dukan",6,,,मालवण,कोल्हापुर,161.3,06:30,11:05,,,"6 तासांत डयुटी संपते",,
75682,"Malvan To Tuljapur",Malvan,Tuljapur,,MO,6750,"Ajagaonkar Bangala",9,,,मालवण,कोल्हापुर,161.3,06:30,11:05,,,"6 तासांत डयुटी संपते",,
75682,"Malvan To Tuljapur",Malvan,Tuljapur,,MO,6799,Chouke,12,,,मालवण,कोल्हापुर,161.3,06:30,11:05,,,"6 तासांत डयुटी संपते",,
75682,"Malvan To Tuljapur",Malvan,Tuljapur,,MO,6985,"Salel Nangarbhat",15,,,मालवण,कोल्हापुर,161.3,06:30,11:05,,,"6 तासांत डयुटी संपते",,
75682,"Malvan To Tuljapur",Malvan,Tuljapur,,MO,6770,Bagwadi,18,,,मालवण,कोल्हापुर,161.3,06:30,11:05,,,"6 तासांत डयुटी संपते",,
75682,"Malvan To Tuljapur",Malvan,Tuljapur,,MO,6870,Katta,21,,,मालवण,कोल्हापुर,161.3,06:30,11:05,,,"6 तासांत डयुटी संपते",,
75682,"Malvan To Tuljapur",Malvan,Tuljapur,,MO,6993,"Sawarwad Varad Fata",24,,,मालवण,कोल्हापुर,161.3,06:30,11:05,,,"6 तासांत डयुटी संपते",,
75682,"Malvan To Tuljapur",Malvan,Tuljapur,,MO,6424,Sukalwad,27,,,मालवण,कोल्हापुर,161.3,06:30,11:05,,,"6 तासांत डयुटी संपते",,
75682,"Malvan To Tuljapur",Malvan,Tuljapur,,MO,6392,"Ranbambuli Fata",29,,,मालवण,कोल्हापुर,161.3,06:30,11:05,,,"6 तासांत डयुटी संपते",,
75682,"Malvan To Tuljapur",Malvan,Tuljapur,,MO,6368,Padve,30,,,मालवण,कोल्हापुर,161.3,06:30,11:05,,,"6 तासांत डयुटी संपते",,
75682,"Malvan To Tuljapur",Malvan,Tuljapur,,MO,6281,Kasal,33,,,मालवण,कोल्हापुर,161.3,06:30,11:05,,,"6 तासांत डयुटी संपते",,
75682,"Malvan To Tuljapur",Malvan,Tuljapur,,MO,2890,"Osargaon Post",37,,,मालवण,कोल्हापुर,161.3,06:30,11:05,,,"6 तासांत डयुटी संपते",,
75682,"Malvan To Tuljapur",Malvan,Tuljapur,,MO,2891,"Osargaon Talav",40,,,मालवण,कोल्हापुर,161.3,06:30,11:05,,,"6 तासांत डयुटी संपते",,
75682,"Malvan To Tuljapur",Malvan,Tuljapur,,MO,2692,Dangalwadi,43,,,मालवण,कोल्हापुर,161.3,06:30,11:05,,,"6 तासांत डयुटी संपते",,
75682,"Malvan To Tuljapur",Malvan,Tuljapur,,MO,3001,"Wagade Gpo",46,,,मालवण,कोल्हापुर,161.3,06:30,11:05,,,"6 तासांत डयुटी संपते",,
75682,"Malvan To Tuljapur",Malvan,Tuljapur,,MO,2786,Kankavli,49,,,मालवण,कोल्हापुर,161.3,06:30,11:05,,,"6 तासांत डयुटी संपते",,
75682,"Malvan To Tuljapur",Malvan,Tuljapur,,MO,2766,Janavali,52,,,मालवण,कोल्हापुर,161.3,06:30,11:05,,,"6 तासांत डयुटी संपते",,
75682,"Malvan To Tuljapur",Malvan,Tuljapur,,MO,2756,"Humrat Titha",55,,,मालवण,कोल्हापुर,161.3,06:30,11:05,,,"6 तासांत डयुटी संपते",,
75682,"Malvan To Tuljapur",Malvan,Tuljapur,,MO,2757,"Humrath Mal Ghorpiwadi",58,,,मालवण,कोल्हापुर,161.3,06:30,11:05,,,"6 तासांत डयुटी संपते",,
75682,"Malvan To Tuljapur",Malvan,Tuljapur,,MO,2781,Kanadewadi,61,,,मालवण,कोल्हापुर,161.3,06:30,11:05,,,"6 तासांत डयुटी संपते",,
75682,"Malvan To Tuljapur",Malvan,Tuljapur,,MO,2787,"Kankavli Nandgaon Fata",64,,,मालवण,कोल्हापुर,161.3,06:30,11:05,,,"6 तासांत डयुटी संपते",,
75682,"Malvan To Tuljapur",Malvan,Tuljapur,,MO,2904,Phonda,68,,,मालवण,कोल्हापुर,161.3,06:30,11:05,,,"6 तासांत डयुटी संपते",,
75682,"Malvan To Tuljapur",Malvan,Tuljapur,,MO,2723,"Ganguchi Wadi",80,,,मालवण,कोल्हापुर,161.3,06:30,11:05,,,"6 तासांत डयुटी संपते",,
75682,"Malvan To Tuljapur",Malvan,Tuljapur,,MO,23566,Dajipur,83,,,मालवण,कोल्हापुर,161.3,06:30,11:05,,,"6 तासांत डयुटी संपते",,
75682,"Malvan To Tuljapur",Malvan,Tuljapur,,MO,24004,Hasane,87,,,मालवण,कोल्हापुर,161.3,06:30,11:05,,,"6 तासांत डयुटी संपते",,
75682,"Malvan To Tuljapur",Malvan,Tuljapur,,MO,25038,Naniwade,90,,,मालवण,कोल्हापुर,161.3,06:30,11:05,,,"6 तासांत डयुटी संपते",,
75682,"Malvan To Tuljapur",Malvan,Tuljapur,,MO,23137,Bambar,93,,,मालवण,कोल्हापुर,161.3,06:30,11:05,,,"6 तासांत डयुटी संपते",,
75682,"Malvan To Tuljapur",Malvan,Tuljapur,,MO,25530,Shelap,96,,,मालवण,कोल्हापुर,161.3,06:30,11:05,,,"6 तासांत डयुटी संपते",,
75682,"Malvan To Tuljapur",Malvan,Tuljapur,,MO,30607,Ajiwade,99,,,मालवण,कोल्हापुर,161.3,06:30,11:05,,,"6 तासांत डयुटी संपते",,
75682,"Malvan To Tuljapur",Malvan,Tuljapur,,MO,23601,Daoudwadi,102,,,मालवण,कोल्हापुर,161.3,06:30,11:05,,,"6 तासांत डयुटी संपते",,
75682,"Malvan To Tuljapur",Malvan,Tuljapur,,MO,25393,"Radhanagri Dam",104,,,मालवण,कोल्हापुर,161.3,06:30,11:05,,,"6 तासांत डयुटी संपते",,
75682,"Malvan To Tuljapur",Malvan,Tuljapur,,MO,24014,Hatimahal,108,,,मालवण,कोल्हापुर,161.3,06:30,11:05,,,"6 तासांत डयुटी संपते",,
75682,"Malvan To Tuljapur",Malvan,Tuljapur,,MO,25336,Radhanagari,110,,,मालवण,कोल्हापुर,161.3,06:30,11:05,,,"6 तासांत डयुटी संपते",,
75682,"Malvan To Tuljapur",Malvan,Tuljapur,,MO,23779,Gaiby,114,,,मालवण,कोल्हापुर,161.3,06:30,11:05,,,"6 तासांत डयुटी संपते",,
75682,"Malvan To Tuljapur",Malvan,Tuljapur,,MO,23049,Anaje,116,,,मालवण,कोल्हापुर,161.3,06:30,11:05,,,"6 तासांत डयुटी संपते",,
75682,"Malvan To Tuljapur",Malvan,Tuljapur,,MO,30598,Awali,119,,,मालवण,कोल्हापुर,161.3,06:30,11:05,,,"6 तासांत डयुटी संपते",,
75682,"Malvan To Tuljapur",Malvan,Tuljapur,,MO,23014,"Amjai Varavade",121,,,मालवण,कोल्हापुर,161.3,06:30,11:05,,,"6 तासांत डयुटी संपते",,
75682,"Malvan To Tuljapur",Malvan,Tuljapur,,MO,25709,Sirse,122,,,मालवण,कोल्हापुर,161.3,06:30,11:05,,,"6 तासांत डयुटी संपते",,
75682,"Malvan To Tuljapur",Malvan,Tuljapur,,MO,23768,Ghotavade,125,,,मालवण,कोल्हापुर,161.3,06:30,11:05,,,"6 तासांत डयुटी संपते",,
75682,"Malvan To Tuljapur",Malvan,Tuljapur,,MO,23303,"Bhogawati Sugar Factory",127,,,मालवण,कोल्हापुर,161.3,06:30,11:05,,,"6 तासांत डयुटी संपते",,
75682,"Malvan To Tuljapur",Malvan,Tuljapur,,MO,24502,Kurukali,132,,,मालवण,कोल्हापुर,161.3,06:30,11:05,,,"6 तासांत डयुटी संपते",,
75682,"Malvan To Tuljapur",Malvan,Tuljapur,,MO,23945,Haldi,135,,,मालवण,कोल्हापुर,161.3,06:30,11:05,,,"6 तासांत डयुटी संपते",,
75682,"Malvan To Tuljapur",Malvan,Tuljapur,,MO,24388,Kandgaon,138,,,मालवण,कोल्हापुर,161.3,06:30,11:05,,,"6 तासांत डयुटी संपते",,
75682,"Malvan To Tuljapur",Malvan,Tuljapur,,MO,26066,Washi,146.9,,,मालवण,कोल्हापुर,161.3,06:30,11:05,,,"6 तासांत डयुटी संपते",,
75682,"Malvan To Tuljapur",Malvan,Tuljapur,,MO,25083,"New Washi Naka",152,,,मालवण,कोल्हापुर,161.3,06:30,11:05,,,"6 तासांत डयुटी संपते",,
75682,"Malvan To Tuljapur",Malvan,Tuljapur,,MO,25400,Rankala,155.7,,,मालवण,कोल्हापुर,161.3,06:30,11:05,,,"6 तासांत डयुटी संपते",,
75682,"Malvan To Tuljapur",Malvan,Tuljapur,,MO,24359,Kolhapur,158.9,,,मालवण,कोल्हापुर,161.3,06:30,11:05,,,"6 तासांत डयुटी संपते",,
75682,"Malvan To Tuljapur",Malvan,Tuljapur,,MO,25536,"Shahu Market Yard",160,,,मालवण,कोल्हापुर,161.3,06:30,11:05,,,"6 तासांत डयुटी संपते",,
75682,"Malvan To Tuljapur",Malvan,Tuljapur,,MO,25589,"Siroli Fata",163,,,मालवण,कोल्हापुर,161.3,06:30,11:05,,,"6 तासांत डयुटी संपते",,
75682,"Malvan To Tuljapur",Malvan,Tuljapur,,MO,24946,"Mouje Vadgaon Fata",166,,,मालवण,कोल्हापुर,161.3,06:30,11:05,,,"6 तासांत डयुटी संपते",,
75682,"Malvan To Tuljapur",Malvan,Tuljapur,,MO,23397,Chokak,167,,,मालवण,कोल्हापुर,161.3,06:30,11:05,,,"6 तासांत डयुटी संपते",,
75682,"Malvan To Tuljapur",Malvan,Tuljapur,,MO,23093,Atigre,169,,,मालवण,कोल्हापुर,161.3,06:30,11:05,,,"6 तासांत डयुटी संपते",,
75682,"Malvan To Tuljapur",Malvan,Tuljapur,,MO,23822,"Ghodawat Knowledge City",170,,,मालवण,कोल्हापुर,161.3,06:30,11:05,,,"6 तासांत डयुटी संपते",,
75682,"Malvan To Tuljapur",Malvan,Tuljapur,,MO,24013,Hatkanangale,177,,,मालवण,कोल्हापुर,161.3,06:30,11:05,,,"6 तासांत डयुटी संपते",,
75682,"Malvan To Tuljapur",Malvan,Tuljapur,,MO,25001,Nimshirgoan,180,,,मालवण,कोल्हापुर,161.3,06:30,11:05,,,"6 तासांत डयुटी संपते",,
75682,"Malvan To Tuljapur",Malvan,Tuljapur,,MO,23396,Chipari,190.7,,,मालवण,कोल्हापुर,161.3,06:30,11:05,,,"6 तासांत डयुटी संपते",,
75682,"Malvan To Tuljapur",Malvan,Tuljapur,,MO,24134,Jaisingpur,194,,,मालवण,कोल्हापुर,161.3,06:30,11:05,,,"6 तासांत डयुटी संपते",,
75682,"Malvan To Tuljapur",Malvan,Tuljapur,,MO,33636,Akali,199.7,,,मालवण,कोल्हापुर,161.3,06:30,11:05,,,"6 तासांत डयुटी संपते",,
75682,"Malvan To Tuljapur",Malvan,Tuljapur,,MO,34093,Sangli,203,,,मालवण,कोल्हापुर,161.3,06:30,11:05,,,"6 तासांत डयुटी संपते",,
75682,"Malvan To Tuljapur",Malvan,Tuljapur,,MO,33967,Miraj,215,,,मालवण,कोल्हापुर,161.3,06:30,11:05,,,"6 तासांत डयुटी संपते",,
75682,"Malvan To Tuljapur",Malvan,Tuljapur,,MO,32950,Shirdhon,246,,,मालवण,कोल्हापुर,161.3,06:30,11:05,,,"6 तासांत डयुटी संपते",,
75682,"Malvan To Tuljapur",Malvan,Tuljapur,,MO,32873,Kuchi,255,,,मालवण,कोल्हापुर,161.3,06:30,11:05,,,"6 तासांत डयुटी संपते",,
75682,"Malvan To Tuljapur",Malvan,Tuljapur,,MO,47614,"Nagaj Fata",269,,,मालवण,कोल्हापुर,161.3,06:30,11:05,,,"6 तासांत डयुटी संपते",,
75682,"Malvan To Tuljapur",Malvan,Tuljapur,,MO,47694,Junoni,277,,,मालवण,कोल्हापुर,161.3,06:30,11:05,,,"6 तासांत डयुटी संपते",,
75682,"Malvan To Tuljapur",Malvan,Tuljapur,,MO,47617,"Nazare Math",293,,,मालवण,कोल्हापुर,161.3,06:30,11:05,,,"6 तासांत डयुटी संपते",,
75682,"Malvan To Tuljapur",Malvan,Tuljapur,,MO,47679,Vatamare,298.3,,,मालवण,कोल्हापुर,161.3,06:30,11:05,,,"6 तासांत डयुटी संपते",,
75682,"Malvan To Tuljapur",Malvan,Tuljapur,,MO,47652,Sangola,310,,,मालवण,कोल्हापुर,161.3,06:30,11:05,,,"6 तासांत डयुटी संपते",,
75682,"Malvan To Tuljapur",Malvan,Tuljapur,,MO,43806,Khardi,329,,,मालवण,कोल्हापुर,161.3,06:30,11:05,,,"6 तासांत डयुटी संपते",,
75682,"Malvan To Tuljapur",Malvan,Tuljapur,,MO,43899,Pandharpur,344,,,मालवण,कोल्हापुर,161.3,06:30,11:05,,,"6 तासांत डयुटी संपते",,
75682,"Malvan To Tuljapur",Malvan,Tuljapur,,MO,43722,"Degaon X Rd.",353.6,,,मालवण,कोल्हापुर,161.3,06:30,11:05,,,"6 तासांत डयुटी संपते",,
75682,"Malvan To Tuljapur",Malvan,Tuljapur,,MO,43775,"Ishwar Wathar",356.4,,,मालवण,कोल्हापुर,161.3,06:30,11:05,,,"6 तासांत डयुटी संपते",,
75682,"Malvan To Tuljapur",Malvan,Tuljapur,,MO,43988,"Tungat X Rd.",359,,,मालवण,कोल्हापुर,161.3,06:30,11:05,,,"6 तासांत डयुटी संपते",,
75682,"Malvan To Tuljapur",Malvan,Tuljapur,,MO,43487,"Penur Shed",368.7,,,मालवण,कोल्हापुर,161.3,06:30,11:05,,,"6 तासांत डयुटी संपते",,
75682,"Malvan To Tuljapur",Malvan,Tuljapur,,MO,43449,"Khavani Fata",378.5,,,मालवण,कोल्हापुर,161.3,06:30,11:05,,,"6 तासांत डयुटी संपते",,
75682,"Malvan To Tuljapur",Malvan,Tuljapur,,MO,43490,Pokharpur,379.5,,,मालवण,कोल्हापुर,161.3,06:30,11:05,,,"6 तासांत डयुटी संपते",,
75682,"Malvan To Tuljapur",Malvan,Tuljapur,,MO,43460,Mohol,384.6,,,मालवण,कोल्हापुर,161.3,06:30,11:05,,,"6 तासांत डयुटी संपते",,
75682,"Malvan To Tuljapur",Malvan,Tuljapur,,MO,43543,"Wadval Fata",390.6,,,मालवण,कोल्हापुर,161.3,06:30,11:05,,,"6 तासांत डयुटी संपते",,
75682,"Malvan To Tuljapur",Malvan,Tuljapur,,MO,43430,"Kolegaon Fata",393.4,,,मालवण,कोल्हापुर,161.3,06:30,11:05,,,"6 तासांत डयुटी संपते",,
75682,"Malvan To Tuljapur",Malvan,Tuljapur,,MO,43350,"Arjun Sond Fata",396.8,,,मालवण,कोल्हापुर,161.3,06:30,11:05,,,"6 तासांत डयुटी संपते",,
75682,"Malvan To Tuljapur",Malvan,Tuljapur,,MO,49258,"Pakani / Chincholi",404.2,,,मालवण,कोल्हापुर,161.3,06:30,11:05,,,"6 तासांत डयुटी संपते",,
75682,"Malvan To Tuljapur",Malvan,Tuljapur,,MO,49232,Kondhi,406.9,,,मालवण,कोल्हापुर,161.3,06:30,11:05,,,"6 तासांत डयुटी संपते",,
75682,"Malvan To Tuljapur",Malvan,Tuljapur,,MO,49229,Kegaon,409.8,,,मालवण,कोल्हापुर,161.3,06:30,11:05,,,"6 तासांत डयुटी संपते",,
75682,"Malvan To Tuljapur",Malvan,Tuljapur,,MO,48932,Solapur,417.8,,,मालवण,कोल्हापुर,161.3,06:30,11:05,,,"6 तासांत डयुटी संपते",,
75682,"Malvan To Tuljapur",Malvan,Tuljapur,,MO,49216,"Hipparga Fata",422.3,,,मालवण,कोल्हापुर,161.3,06:30,11:05,,,"6 तासांत डयुटी संपते",,
75682,"Malvan To Tuljapur",Malvan,Tuljapur,,MO,49217,Hagalur,425.8,,,मालवण,कोल्हापुर,161.3,06:30,11:05,,,"6 तासांत डयुटी संपते",,
75682,"Malvan To Tuljapur",Malvan,Tuljapur,,MO,49719,Ule,431.1,,,मालवण,कोल्हापुर,161.3,06:30,11:05,,,"6 तासांत डयुटी संपते",,
75682,"Malvan To Tuljapur",Malvan,Tuljapur,,MO,87659,"Taml Wadi",439.7,,,मालवण,कोल्हापुर,161.3,06:30,11:05,,,"6 तासांत डयुटी संपते",,
75682,"Malvan To Tuljapur",Malvan,Tuljapur,,MO,87641,Suratgaon,445.2,,,मालवण,कोल्हापुर,161.3,06:30,11:05,,,"6 तासांत डयुटी संपते",,
75682,"Malvan To Tuljapur",Malvan,Tuljapur,,MO,87539,"Sangavi Mardi",456.6,,,मालवण,कोल्हापुर,161.3,06:30,11:05,,,"6 तासांत डयुटी संपते",,
75682,"Malvan To Tuljapur",Malvan,Tuljapur,,MO,76023,Tuljapur,465.8,,,मालवण,कोल्हापुर,161.3,06:30,11:05,,,"6 तासांत डयुटी संपते",,
61461,"Malvan To Nigadi Via Tarla",Malvan,Nigadi,TARLA,MO,6915,Malvan,,,,मालवण,कोल्हापुर,156.7,05:30,09:45,,,"6 तासांत डयुटी संपते",,
61461,"Malvan To Nigadi Via Tarla",Malvan,Nigadi,TARLA,MO,6916,"Malvan Bazar",1,,,मालवण,कोल्हापुर,156.7,05:30,09:45,,,"6 तासांत डयुटी संपते",,
61461,"Malvan To Nigadi Via Tarla",Malvan,Nigadi,TARLA,MO,6917,Malvan,2.7,,,मालवण,कोल्हापुर,156.7,05:30,09:45,,,"6 तासांत डयुटी संपते",,
61461,"Malvan To Nigadi Via Tarla",Malvan,Nigadi,TARLA,MO,6897,"Kumbharmath Govekar Dukan",5.2,,,मालवण,कोल्हापुर,156.7,05:30,09:45,,,"6 तासांत डयुटी संपते",,
61461,"Malvan To Nigadi Via Tarla",Malvan,Nigadi,TARLA,MO,6750,"Ajagaonkar Bangala",7.3,,,मालवण,कोल्हापुर,156.7,05:30,09:45,,,"6 तासांत डयुटी संपते",,
61461,"Malvan To Nigadi Via Tarla",Malvan,Nigadi,TARLA,MO,6799,Chouke,10.5,,,मालवण,कोल्हापुर,156.7,05:30,09:45,,,"6 तासांत डयुटी संपते",,
61461,"Malvan To Nigadi Via Tarla",Malvan,Nigadi,TARLA,MO,6985,"Salel Nangarbhat",13.8,,,मालवण,कोल्हापुर,156.7,05:30,09:45,,,"6 तासांत डयुटी संपते",,
61461,"Malvan To Nigadi Via Tarla",Malvan,Nigadi,TARLA,MO,6770,Bagwadi,17.5,,,मालवण,कोल्हापुर,156.7,05:30,09:45,,,"6 तासांत डयुटी संपते",,
61461,"Malvan To Nigadi Via Tarla",Malvan,Nigadi,TARLA,MO,6870,Katta,18.9,,,मालवण,कोल्हापुर,156.7,05:30,09:45,,,"6 तासांत डयुटी संपते",,
61461,"Malvan To Nigadi Via Tarla",Malvan,Nigadi,TARLA,MO,6993,"Sawarwad Varad Fata",23,,,मालवण,कोल्हापुर,156.7,05:30,09:45,,,"6 तासांत डयुटी संपते",,
61461,"Malvan To Nigadi Via Tarla",Malvan,Nigadi,TARLA,MO,6424,Sukalwad,26.7,,,मालवण,कोल्हापुर,156.7,05:30,09:45,,,"6 तासांत डयुटी संपते",,
61461,"Malvan To Nigadi Via Tarla",Malvan,Nigadi,TARLA,MO,6392,"Ranbambuli Fata",28.2,,,मालवण,कोल्हापुर,156.7,05:30,09:45,,,"6 तासांत डयुटी संपते",,
61461,"Malvan To Nigadi Via Tarla",Malvan,Nigadi,TARLA,MO,6368,Padve,30.2,,,मालवण,कोल्हापुर,156.7,05:30,09:45,,,"6 तासांत डयुटी संपते",,
61461,"Malvan To Nigadi Via Tarla",Malvan,Nigadi,TARLA,MO,6281,Kasal,33.2,,,मालवण,कोल्हापुर,156.7,05:30,09:45,,,"6 तासांत डयुटी संपते",,
61461,"Malvan To Nigadi Via Tarla",Malvan,Nigadi,TARLA,MO,2890,"Osargaon Post",37.5,,,मालवण,कोल्हापुर,156.7,05:30,09:45,,,"6 तासांत डयुटी संपते",,
61461,"Malvan To Nigadi Via Tarla",Malvan,Nigadi,TARLA,MO,2891,"Osargaon Talav",40.5,,,मालवण,कोल्हापुर,156.7,05:30,09:45,,,"6 तासांत डयुटी संपते",,
61461,"Malvan To Nigadi Via Tarla",Malvan,Nigadi,TARLA,MO,2692,Dangalwadi,41.6,,,मालवण,कोल्हापुर,156.7,05:30,09:45,,,"6 तासांत डयुटी संपते",,
61461,"Malvan To Nigadi Via Tarla",Malvan,Nigadi,TARLA,MO,3001,"Wagade Gpo",43.6,,,मालवण,कोल्हापुर,156.7,05:30,09:45,,,"6 तासांत डयुटी संपते",,
61461,"Malvan To Nigadi Via Tarla",Malvan,Nigadi,TARLA,MO,2786,Kankavli,48.8,,,मालवण,कोल्हापुर,156.7,05:30,09:45,,,"6 तासांत डयुटी संपते",,
61461,"Malvan To Nigadi Via Tarla",Malvan,Nigadi,TARLA,MO,2766,Janavali,52.6,,,मालवण,कोल्हापुर,156.7,05:30,09:45,,,"6 तासांत डयुटी संपते",,
61461,"Malvan To Nigadi Via Tarla",Malvan,Nigadi,TARLA,MO,2756,"Humrat Titha",56.9,,,मालवण,कोल्हापुर,156.7,05:30,09:45,,,"6 तासांत डयुटी संपते",,
61461,"Malvan To Nigadi Via Tarla",Malvan,Nigadi,TARLA,MO,2655,Belane,59.8,,,मालवण,कोल्हापुर,156.7,05:30,09:45,,,"6 तासांत डयुटी संपते",,
61461,"Malvan To Nigadi Via Tarla",Malvan,Nigadi,TARLA,MO,2871,"Nandgaon Fata",63.7,,,मालवण,कोल्हापुर,156.7,05:30,09:45,,,"6 तासांत डयुटी संपते",,
61461,"Malvan To Nigadi Via Tarla",Malvan,Nigadi,TARLA,MO,2872,"Nandgaon Nursary",64.9,,,मालवण,कोल्हापुर,156.7,05:30,09:45,,,"6 तासांत डयुटी संपते",,
61461,"Malvan To Nigadi Via Tarla",Malvan,Nigadi,TARLA,MO,2797,"Kasarde Fata",70.9,,,मालवण,कोल्हापुर,156.7,05:30,09:45,,,"6 तासांत डयुटी संपते",,
61461,"Malvan To Nigadi Via Tarla",Malvan,Nigadi,TARLA,MO,2982,Tarla,71.7,,,मालवण,कोल्हापुर,156.7,05:30,09:45,,,"6 तासांत डयुटी संपते",,
61461,"Malvan To Nigadi Via Tarla",Malvan,Nigadi,TARLA,MO,2796,"Kasarde Buddhawadi",74.9,,,मालवण,कोल्हापुर,156.7,05:30,09:45,,,"6 तासांत डयुटी संपते",,
61461,"Malvan To Nigadi Via Tarla",Malvan,Nigadi,TARLA,MO,9278,Tamhanarwadi,76.9,,,मालवण,कोल्हापुर,156.7,05:30,09:45,,,"6 तासांत डयुटी संपते",,
61461,"Malvan To Nigadi Via Tarla",Malvan,Nigadi,TARLA,MO,9241,Nadhawade,79.6,,,मालवण,कोल्हापुर,156.7,05:30,09:45,,,"6 तासांत डयुटी संपते",,
61461,"Malvan To Nigadi Via Tarla",Malvan,Nigadi,TARLA,MO,9213,"Kasale Wadi",80.9,,,मालवण,कोल्हापुर,156.7,05:30,09:45,,,"6 तासांत डयुटी संपते",,
61461,"Malvan To Nigadi Via Tarla",Malvan,Nigadi,TARLA,MO,9291,Vaibhavwadi,85.9,,,मालवण,कोल्हापुर,156.7,05:30,09:45,,,"6 तासांत डयुटी संपते",,
61461,"Malvan To Nigadi Via Tarla",Malvan,Nigadi,TARLA,MO,9212,"Karul High School",93.4,,,मालवण,कोल्हापुर,156.7,05:30,09:45,,,"6 तासांत डयुटी संपते",,
61461,"Malvan To Nigadi Via Tarla",Malvan,Nigadi,TARLA,MO,9182,Bhattiwadi,93.9,,,मालवण,कोल्हापुर,156.7,05:30,09:45,,,"6 तासांत डयुटी संपते",,
61461,"Malvan To Nigadi Via Tarla",Malvan,Nigadi,TARLA,MO,23733,Gaganbawda,113,,,मालवण,कोल्हापुर,156.7,05:30,09:45,,,"6 तासांत डयुटी संपते",,
61461,"Malvan To Nigadi Via Tarla",Malvan,Nigadi,TARLA,MO,30324,"Asalaj Canteen",115.8,,,मालवण,कोल्हापुर,156.7,05:30,09:45,,,"6 तासांत डयुटी संपते",,
61461,"Malvan To Nigadi Via Tarla",Malvan,Nigadi,TARLA,MO,25627,Salvan,128.5,,,मालवण,कोल्हापुर,156.7,05:30,09:45,,,"6 तासांत डयुटी संपते",,
61461,"Malvan To Nigadi Via Tarla",Malvan,Nigadi,TARLA,MO,24361,"Kale Canteen",139.3,,,मालवण,कोल्हापुर,156.7,05:30,09:45,,,"6 तासांत डयुटी संपते",,
61461,"Malvan To Nigadi Via Tarla",Malvan,Nigadi,TARLA,MO,24233,"Kudtre Factory",144,,,मालवण,कोल्हापुर,156.7,05:30,09:45,,,"6 तासांत डयुटी संपते",,
61461,"Malvan To Nigadi Via Tarla",Malvan,Nigadi,TARLA,MO,25400,Rankala,155.6,,,मालवण,कोल्हापुर,156.7,05:30,09:45,,,"6 तासांत डयुटी संपते",,
61461,"Malvan To Nigadi Via Tarla",Malvan,Nigadi,TARLA,MO,24359,Kolhapur,160.3,,,मालवण,कोल्हापुर,156.7,05:30,09:45,,,"6 तासांत डयुटी संपते",,
61461,"Malvan To Nigadi Via Tarla",Malvan,Nigadi,TARLA,MO,24904,"Market Yard",163.8,,,मालवण,कोल्हापुर,156.7,05:30,09:45,,,"6 तासांत डयुटी संपते",,
61461,"Malvan To Nigadi Via Tarla",Malvan,Nigadi,TARLA,MO,30329,"Ambap Fata",178.8,,,मालवण,कोल्हापुर,156.7,05:30,09:45,,,"6 तासांत डयुटी संपते",,
61461,"Malvan To Nigadi Via Tarla",Malvan,Nigadi,TARLA,MO,28372,Wathar,180.6,,,मालवण,कोल्हापुर,156.7,05:30,09:45,,,"6 तासांत डयुटी संपते",,
61461,"Malvan To Nigadi Via Tarla",Malvan,Nigadi,TARLA,MO,23852,"Ghunki Fata",185.1,,,मालवण,कोल्हापुर,156.7,05:30,09:45,,,"6 तासांत डयुटी संपते",,
61461,"Malvan To Nigadi Via Tarla",Malvan,Nigadi,TARLA,MO,35475,"Islampur Fata",203.1,,,मालवण,कोल्हापुर,156.7,05:30,09:45,,,"6 तासांत डयुटी संपते",,
61461,"Malvan To Nigadi Via Tarla",Malvan,Nigadi,TARLA,MO,35602,"Peth Naka",206,,,मालवण,कोल्हापुर,156.7,05:30,09:45,,,"6 तासांत डयुटी संपते",,
61461,"Malvan To Nigadi Via Tarla",Malvan,Nigadi,TARLA,MO,35579,Nerle,209.5,,,मालवण,कोल्हापुर,156.7,05:30,09:45,,,"6 तासांत डयुटी संपते",,
61461,"Malvan To Nigadi Via Tarla",Malvan,Nigadi,TARLA,MO,35699,Kasegaon,214.8,,,मालवण,कोल्हापुर,156.7,05:30,09:45,,,"6 तासांत डयुटी संपते",,
61461,"Malvan To Nigadi Via Tarla",Malvan,Nigadi,TARLA,MO,28391,"Rethare Budruk Fata",220.5,,,मालवण,कोल्हापुर,156.7,05:30,09:45,,,"6 तासांत डयुटी संपते",,
61461,"Malvan To Nigadi Via Tarla",Malvan,Nigadi,TARLA,MO,28234,Nandlapur,226,,,मालवण,कोल्हापुर,156.7,05:30,09:45,,,"6 तासांत डयुटी संपते",,
61461,"Malvan To Nigadi Via Tarla",Malvan,Nigadi,TARLA,MO,28184,Karad,232.8,,,मालवण,कोल्हापुर,156.7,05:30,09:45,,,"6 तासांत डयुटी संपते",,
61461,"Malvan To Nigadi Via Tarla",Malvan,Nigadi,TARLA,MO,28337,Tasawade,245.5,,,मालवण,कोल्हापुर,156.7,05:30,09:45,,,"6 तासांत डयुटी संपते",,
61461,"Malvan To Nigadi Via Tarla",Malvan,Nigadi,TARLA,MO,28340,Umbraj,250.5,,,मालवण,कोल्हापुर,156.7,05:30,09:45,,,"6 तासांत डयुटी संपते",,
61461,"Malvan To Nigadi Via Tarla",Malvan,Nigadi,TARLA,MO,28255,Perle,256.7,,,मालवण,कोल्हापुर,156.7,05:30,09:45,,,"6 तासांत डयुटी संपते",,
61461,"Malvan To Nigadi Via Tarla",Malvan,Nigadi,TARLA,MO,31099,Kashil,259.1,,,मालवण,कोल्हापुर,156.7,05:30,09:45,,,"6 तासांत डयुटी संपते",,
61461,"Malvan To Nigadi Via Tarla",Malvan,Nigadi,TARLA,MO,30896,Atit,264.4,,,मालवण,कोल्हापुर,156.7,05:30,09:45,,,"6 तासांत डयुटी संपते",,
61461,"Malvan To Nigadi Via Tarla",Malvan,Nigadi,TARLA,MO,31174,Nagthane,269.2,,,मालवण,कोल्हापुर,156.7,05:30,09:45,,,"6 तासांत डयुटी संपते",,
61461,"Malvan To Nigadi Via Tarla",Malvan,Nigadi,TARLA,MO,30923,Borgaon,273.8,,,मालवण,कोल्हापुर,156.7,05:30,09:45,,,"6 तासांत डयुटी संपते",,
61461,"Malvan To Nigadi Via Tarla",Malvan,Nigadi,TARLA,MO,31269,Shendre,279.2,,,मालवण,कोल्हापुर,156.7,05:30,09:45,,,"6 तासांत डयुटी संपते",,
61461,"Malvan To Nigadi Via Tarla",Malvan,Nigadi,TARLA,MO,31298,Satara,285.6,,,मालवण,कोल्हापुर,156.7,05:30,09:45,,,"6 तासांत डयुटी संपते",,
61461,"Malvan To Nigadi Via Tarla",Malvan,Nigadi,TARLA,MO,31246,"Ramnagar Vasahat",293.4,,,मालवण,कोल्हापुर,156.7,05:30,09:45,,,"6 तासांत डयुटी संपते",,
61461,"Malvan To Nigadi Via Tarla",Malvan,Nigadi,TARLA,MO,33460,Bhuinj,310.3,,,मालवण,कोल्हापुर,156.7,05:30,09:45,,,"6 तासांत डयुटी संपते",,
61461,"Malvan To Nigadi Via Tarla",Malvan,Nigadi,TARLA,MO,28372,Wathar,312.8,,,मालवण,कोल्हापुर,156.7,05:30,09:45,,,"6 तासांत डयुटी संपते",,
61461,"Malvan To Nigadi Via Tarla",Malvan,Nigadi,TARLA,MO,34386,Anewadi,313.8,,,मालवण,कोल्हापुर,156.7,05:30,09:45,,,"6 तासांत डयुटी संपते",,
61461,"Malvan To Nigadi Via Tarla",Malvan,Nigadi,TARLA,MO,33521,Kavathe,317.8,,,मालवण,कोल्हापुर,156.7,05:30,09:45,,,"6 तासांत डयुटी संपते",,
61461,"Malvan To Nigadi Via Tarla",Malvan,Nigadi,TARLA,MO,33588,"Surur Fata",320.3,,,मालवण,कोल्हापुर,156.7,05:30,09:45,,,"6 तासांत डयुटी संपते",,
61461,"Malvan To Nigadi Via Tarla",Malvan,Nigadi,TARLA,MO,30985,"Ghat Matha",326.2,,,मालवण,कोल्हापुर,156.7,05:30,09:45,,,"6 तासांत डयुटी संपते",,
61461,"Malvan To Nigadi Via Tarla",Malvan,Nigadi,TARLA,MO,6578,Khandala,333.7,,,मालवण,कोल्हापुर,156.7,05:30,09:45,,,"6 तासांत डयुटी संपते",,
61461,"Malvan To Nigadi Via Tarla",Malvan,Nigadi,TARLA,MO,29190,"Kesurdi Fata",337.1,,,मालवण,कोल्हापुर,156.7,05:30,09:45,,,"6 तासांत डयुटी संपते",,
61461,"Malvan To Nigadi Via Tarla",Malvan,Nigadi,TARLA,MO,29255,Shirwal,343,,,मालवण,कोल्हापुर,156.7,05:30,09:45,,,"6 तासांत डयुटी संपते",,
61461,"Malvan To Nigadi Via Tarla",Malvan,Nigadi,TARLA,MO,29254,"Shinde Wadi Fata",348,,,मालवण,कोल्हापुर,156.7,05:30,09:45,,,"6 तासांत डयुटी संपते",,
61461,"Malvan To Nigadi Via Tarla",Malvan,Nigadi,TARLA,MO,6685,Sarole,350.4,,,मालवण,कोल्हापुर,156.7,05:30,09:45,,,"6 तासांत डयुटी संपते",,
61461,"Malvan To Nigadi Via Tarla",Malvan,Nigadi,TARLA,MO,6590,Kikavi,352.4,,,मालवण,कोल्हापुर,156.7,05:30,09:45,,,"6 तासांत डयुटी संपते",,
61461,"Malvan To Nigadi Via Tarla",Malvan,Nigadi,TARLA,MO,6690,Shivale,366.7,,,मालवण,कोल्हापुर,156.7,05:30,09:45,,,"6 तासांत डयुटी संपते",,
61461,"Malvan To Nigadi Via Tarla",Malvan,Nigadi,TARLA,MO,8820,"Khed Shivapur",371.6,,,मालवण,कोल्हापुर,156.7,05:30,09:45,,,"6 तासांत डयुटी संपते",,
61461,"Malvan To Nigadi Via Tarla",Malvan,Nigadi,TARLA,MO,6586,"Khed Shivapur Bag",372.5,,,मालवण,कोल्हापुर,156.7,05:30,09:45,,,"6 तासांत डयुटी संपते",,
61461,"Malvan To Nigadi Via Tarla",Malvan,Nigadi,TARLA,MO,8792,Gogatewadi,376.5,,,मालवण,कोल्हापुर,156.7,05:30,09:45,,,"6 तासांत डयुटी संपते",,
61461,"Malvan To Nigadi Via Tarla",Malvan,Nigadi,TARLA,MO,8934,"Swargate, Pune",391.2,,,मालवण,कोल्हापुर,156.7,05:30,09:45,,,"6 तासांत डयुटी संपते",,
61461,"Malvan To Nigadi Via Tarla",Malvan,Nigadi,TARLA,MO,8888,"Pune Rly. Stn.",397.7,,,मालवण,कोल्हापुर,156.7,05:30,09:45,,,"6 तासांत डयुटी संपते",,
61461,"Malvan To Nigadi Via Tarla",Malvan,Nigadi,TARLA,MO,8782,Dapodi,408,,,मालवण,कोल्हापुर,156.7,05:30,09:45,,,"6 तासांत डयुटी संपते",,
61461,"Malvan To Nigadi Via Tarla",Malvan,Nigadi,TARLA,MO,8951,"Vallabha Nagar",416,,,मालवण,कोल्हापुर,156.7,05:30,09:45,,,"6 तासांत डयुटी संपते",,
61461,"Malvan To Nigadi Via Tarla",Malvan,Nigadi,TARLA,MO,8873,Nigadi,422,,,मालवण,कोल्हापुर,156.7,05:30,09:45,,,"6 तासांत डयुटी संपते",,
20210,"Tarkarli To Malvan",Tarkarli,Malvan,,MO,7003,Tarkarli,,,,तारकर्ली,मालवण,9.2,06:35,07:10,SCL,SUN,,,
20210,"Tarkarli To Malvan",Tarkarli,Malvan,,MO,6972,"Ranjeswar Mandir",6,,,तारकर्ली,मालवण,9.2,06:35,07:10,SCL,SUN,,,
20210,"Tarkarli To Malvan",Tarkarli,Malvan,,MO,6996,"Shivaji Putala",6.3,,,तारकर्ली,मालवण,9.2,06:35,07:10,SCL,SUN,,,
20210,"Tarkarli To Malvan",Tarkarli,Malvan,,MO,6915,Malvan,9.2,,,तारकर्ली,मालवण,9.2,06:35,07:10,SCL,SUN,,,
62620,"Kudal To Malvan Via Kasal","Kudal St Depot",Malvan,KASAL,MO,6237,"Kudal St Depot",,,,कुडाळ,मालवण,53.4,08:00,09:45,OBL,DAIL,"विश्रांती 9.45 ते 10.30",,
62620,"Kudal To Malvan Via Kasal","Kudal St Depot",Malvan,KASAL,MO,6380,"Pawashi Panchayat",3.9,,,कुडाळ,मालवण,53.4,08:00,09:45,OBL,DAIL,"विश्रांती 9.45 ते 10.30",,
62620,"Kudal To Malvan Via Kasal","Kudal St Depot",Malvan,KASAL,MO,88100,Vetalbambarde,6,,,कुडाळ,मालवण,53.4,08:00,09:45,OBL,DAIL,"विश्रांती 9.45 ते 10.30",,
62620,"Kudal To Malvan Via Kasal","Kudal St Depot",Malvan,KASAL,MO,6378,"Pandur Titha",9,,,कुडाळ,मालवण,53.4,08:00,09:45,OBL,DAIL,"विश्रांती 9.45 ते 10.30",,
62620,"Kudal To Malvan Via Kasal","Kudal St Depot",Malvan,KASAL,MO,6204,"Humarmala Kasale Dukan",12.3,,,कुडाळ,मालवण,53.4,08:00,09:45,OBL,DAIL,"विश्रांती 9.45 ते 10.30",,
62620,"Kudal To Malvan Via Kasal","Kudal St Depot",Malvan,KASAL,MO,6224,"Jijamata Hospital",15.2,,,कुडाळ,मालवण,53.4,08:00,09:45,OBL,DAIL,"विश्रांती 9.45 ते 10.30",,
62620,"Kudal To Malvan Via Kasal","Kudal St Depot",Malvan,KASAL,MO,6362,"Oros Bus Stnad",15.3,,,कुडाळ,मालवण,53.4,08:00,09:45,OBL,DAIL,"विश्रांती 9.45 ते 10.30",,
62620,"Kudal To Malvan Via Kasal","Kudal St Depot",Malvan,KASAL,MO,6226,"Jaitapkar Colany",16.8,,,कुडाळ,मालवण,53.4,08:00,09:45,OBL,DAIL,"विश्रांती 9.45 ते 10.30",,
62620,"Kudal To Malvan Via Kasal","Kudal St Depot",Malvan,KASAL,MO,23104,Avali,19.7,,,कुडाळ,मालवण,53.4,08:00,09:45,OBL,DAIL,"विश्रांती 9.45 ते 10.30",,
62620,"Kudal To Malvan Via Kasal","Kudal St Depot",Malvan,KASAL,MO,6281,Kasal,21.1,,,कुडाळ,मालवण,53.4,08:00,09:45,OBL,DAIL,"विश्रांती 9.45 ते 10.30",,
62620,"Kudal To Malvan Via Kasal","Kudal St Depot",Malvan,KASAL,MO,6368,Padve,24.1,,,कुडाळ,मालवण,53.4,08:00,09:45,OBL,DAIL,"विश्रांती 9.45 ते 10.30",,
62620,"Kudal To Malvan Via Kasal","Kudal St Depot",Malvan,KASAL,MO,6392,"Ranbambuli Fata",26.5,,,कुडाळ,मालवण,53.4,08:00,09:45,OBL,DAIL,"विश्रांती 9.45 ते 10.30",,
62620,"Kudal To Malvan Via Kasal","Kudal St Depot",Malvan,KASAL,MO,6424,Sukalwad,27.2,,,कुडाळ,मालवण,53.4,08:00,09:45,OBL,DAIL,"विश्रांती 9.45 ते 10.30",,
62620,"Kudal To Malvan Via Kasal","Kudal St Depot",Malvan,KASAL,MO,6410,"Sukalwad Bazar",27.6,,,कुडाळ,मालवण,53.4,08:00,09:45,OBL,DAIL,"विश्रांती 9.45 ते 10.30",,
62620,"Kudal To Malvan Via Kasal","Kudal St Depot",Malvan,KASAL,MO,6820,Gaorai,28.8,,,कुडाळ,मालवण,53.4,08:00,09:45,OBL,DAIL,"विश्रांती 9.45 ते 10.30",,
62620,"Kudal To Malvan Via Kasal","Kudal St Depot",Malvan,KASAL,MO,6993,"Sawarwad Varad Fata",30.2,,,कुडाळ,मालवण,53.4,08:00,09:45,OBL,DAIL,"विश्रांती 9.45 ते 10.30",,
62620,"Kudal To Malvan Via Kasal","Kudal St Depot",Malvan,KASAL,MO,6870,Katta,33.5,,,कुडाळ,मालवण,53.4,08:00,09:45,OBL,DAIL,"विश्रांती 9.45 ते 10.30",,
62620,"Kudal To Malvan Via Kasal","Kudal St Depot",Malvan,KASAL,MO,6831,"Golvan Poip Fata",36.1,,,कुडाळ,मालवण,53.4,08:00,09:45,OBL,DAIL,"विश्रांती 9.45 ते 10.30",,
62620,"Kudal To Malvan Via Kasal","Kudal St Depot",Malvan,KASAL,MO,6770,Bagwadi,36.7,,,कुडाळ,मालवण,53.4,08:00,09:45,OBL,DAIL,"विश्रांती 9.45 ते 10.30",,
62620,"Kudal To Malvan Via Kasal","Kudal St Depot",Malvan,KASAL,MO,6901,"Kunkawale Masure Fata",38.4,,,कुडाळ,मालवण,53.4,08:00,09:45,OBL,DAIL,"विश्रांती 9.45 ते 10.30",,
62620,"Kudal To Malvan Via Kasal","Kudal St Depot",Malvan,KASAL,MO,6985,"Salel Nangarbhat",39.6,,,कुडाळ,मालवण,53.4,08:00,09:45,OBL,DAIL,"विश्रांती 9.45 ते 10.30",,
62620,"Kudal To Malvan Via Kasal","Kudal St Depot",Malvan,KASAL,MO,6799,Chouke,42.9,,,कुडाळ,मालवण,53.4,08:00,09:45,OBL,DAIL,"विश्रांती 9.45 ते 10.30",,
62620,"Kudal To Malvan Via Kasal","Kudal St Depot",Malvan,KASAL,MO,6750,"Ajagaonkar Bangala",45.3,,,कुडाळ,मालवण,53.4,08:00,09:45,OBL,DAIL,"विश्रांती 9.45 ते 10.30",,
62620,"Kudal To Malvan Via Kasal","Kudal St Depot",Malvan,KASAL,MO,6755,Anandwahal,45.7,,,कुडाळ,मालवण,53.4,08:00,09:45,OBL,DAIL,"विश्रांती 9.45 ते 10.30",,
62620,"Kudal To Malvan Via Kasal","Kudal St Depot",Malvan,KASAL,MO,6897,"Kumbharmath Govekar Dukan",47.8,,,कुडाळ,मालवण,53.4,08:00,09:45,OBL,DAIL,"विश्रांती 9.45 ते 10.30",,
62620,"Kudal To Malvan Via Kasal","Kudal St Depot",Malvan,KASAL,MO,6898,"Kumbharmath Post",50,,,कुडाळ,मालवण,53.4,08:00,09:45,OBL,DAIL,"विश्रांती 9.45 ते 10.30",,
62620,"Kudal To Malvan Via Kasal","Kudal St Depot",Malvan,KASAL,MO,6915,Malvan,51.5,,,कुडाळ,मालवण,53.4,08:00,09:45,OBL,DAIL,"विश्रांती 9.45 ते 10.30",,
62620,"Kudal To Malvan Via Kasal","Kudal St Depot",Malvan,KASAL,MO,6916,"Malvan Bazar",53,,,कुडाळ,मालवण,53.4,08:00,09:45,OBL,DAIL,"विश्रांती 9.45 ते 10.30",,
62620,"Kudal To Malvan Via Kasal","Kudal St Depot",Malvan,KASAL,MO,6915,Malvan,53.4,,,कुडाळ,मालवण,53.4,08:00,09:45,OBL,DAIL,"विश्रांती 9.45 ते 10.30",,
125491,"Malvan To Kudal Rly. Stn. Via Chouke",Malvan,"Kudal Rly. Stn.",CHOUKE,MO,6915,Malvan,,,,मालवण,"कुडाळ रे.स्टे",29.5,14:00,15:10,"RAIL CN",DAIL,,,
125491,"Malvan To Kudal Rly. Stn. Via Chouke",Malvan,"Kudal Rly. Stn.",CHOUKE,MO,6897,"Kumbharmath Govekar Dukan",2.5,,,मालवण,"कुडाळ रे.स्टे",29.5,14:00,15:10,"RAIL CN",DAIL,,,
125491,"Malvan To Kudal Rly. Stn. Via Chouke",Malvan,"Kudal Rly. Stn.",CHOUKE,MO,6750,"Ajagaonkar Bangala",3.3,,,मालवण,"कुडाळ रे.स्टे",29.5,14:00,15:10,"RAIL CN",DAIL,,,
125491,"Malvan To Kudal Rly. Stn. Via Chouke",Malvan,"Kudal Rly. Stn.",CHOUKE,MO,6799,Chouke,8.6,,,मालवण,"कुडाळ रे.स्टे",29.5,14:00,15:10,"RAIL CN",DAIL,,,
125491,"Malvan To Kudal Rly. Stn. Via Chouke",Malvan,"Kudal Rly. Stn.",CHOUKE,MO,6829,Godyachiwadi,11.4,,,मालवण,"कुडाळ रे.स्टे",29.5,14:00,15:10,"RAIL CN",DAIL,,,
125491,"Malvan To Kudal Rly. Stn. Via Chouke",Malvan,"Kudal Rly. Stn.",CHOUKE,MO,6821,"Gavaldeo Amba",15.1,,,मालवण,"कुडाळ रे.स्टे",29.5,14:00,15:10,"RAIL CN",DAIL,,,
125491,"Malvan To Kudal Rly. Stn. Via Chouke",Malvan,"Kudal Rly. Stn.",CHOUKE,MO,6979,"Ravalnath Mandir",18.1,,,मालवण,"कुडाळ रे.स्टे",29.5,14:00,15:10,"RAIL CN",DAIL,,,
125491,"Malvan To Kudal Rly. Stn. Via Chouke",Malvan,"Kudal Rly. Stn.",CHOUKE,MO,6856,"Hubalicha Mal",19.9,,,मालवण,"कुडाळ रे.स्टे",29.5,14:00,15:10,"RAIL CN",DAIL,,,
125491,"Malvan To Kudal Rly. Stn. Via Chouke",Malvan,"Kudal Rly. Stn.",CHOUKE,MO,6335,Nerurpar,20.7,,,मालवण,"कुडाळ रे.स्टे",29.5,14:00,15:10,"RAIL CN",DAIL,,,
125491,"Malvan To Kudal Rly. Stn. Via Chouke",Malvan,"Kudal Rly. Stn.",CHOUKE,MO,6435,"Thakur Temb",21.2,,,मालवण,"कुडाळ रे.स्टे",29.5,14:00,15:10,"RAIL CN",DAIL,,,
125491,"Malvan To Kudal Rly. Stn. Via Chouke",Malvan,"Kudal Rly. Stn.",CHOUKE,MO,6351,"Nerur Jakat",24.3,,,मालवण,"कुडाळ रे.स्टे",29.5,14:00,15:10,"RAIL CN",DAIL,,,
125491,"Malvan To Kudal Rly. Stn. Via Chouke",Malvan,"Kudal Rly. Stn.",CHOUKE,MO,6237,"Kudal St Depot",28.3,,,मालवण,"कुडाळ रे.स्टे",29.5,14:00,15:10,"RAIL CN",DAIL,,,
125491,"Malvan To Kudal Rly. Stn. Via Chouke",Malvan,"Kudal Rly. Stn.",CHOUKE,MO,6235,"Kudal Rly. Stn.",29.5,,,मालवण,"कुडाळ रे.स्टे",29.5,14:00,15:10,"RAIL CN",DAIL,,,
20143,"Kankavli Railway Station To Malvan","Kankavli Railway Station",Malvan,,MO,88077,"Kankavli Railway Station",,,,"कणकवली रे.स्टे",मालवण,49.1,09:20,11:10,"RAIL CN",DAIL,"विश्रांती 11.10 ते 12.00",,
20143,"Kankavli Railway Station To Malvan","Kankavli Railway Station",Malvan,,MO,2786,Kankavli,1.8,,,"कणकवली रे.स्टे",मालवण,49.1,09:20,11:10,"RAIL CN",DAIL,"विश्रांती 11.10 ते 12.00",,
20143,"Kankavli Railway Station To Malvan","Kankavli Railway Station",Malvan,,MO,2299,Phanaswadi,5.1,,,"कणकवली रे.स्टे",मालवण,49.1,09:20,11:10,"RAIL CN",DAIL,"विश्रांती 11.10 ते 12.00",,
20143,"Kankavli Railway Station To Malvan","Kankavli Railway Station",Malvan,,MO,2902,"Phalsewadi School",8.4,,,"कणकवली रे.स्टे",मालवण,49.1,09:20,11:10,"RAIL CN",DAIL,"विश्रांती 11.10 ते 12.00",,
20143,"Kankavli Railway Station To Malvan","Kankavli Railway Station",Malvan,,MO,2911,"Pise Kamte Wahal",9.7,,,"कणकवली रे.स्टे",मालवण,49.1,09:20,11:10,"RAIL CN",DAIL,"विश्रांती 11.10 ते 12.00",,
20143,"Kankavli Railway Station To Malvan","Kankavli Railway Station",Malvan,,MO,6835,"Gothane Wad",11.3,,,"कणकवली रे.स्टे",मालवण,49.1,09:20,11:10,"RAIL CN",DAIL,"विश्रांती 11.10 ते 12.00",,
20143,"Kankavli Railway Station To Malvan","Kankavli Railway Station",Malvan,,MO,6833,"Gothane Mal",13.8,,,"कणकवली रे.स्टे",मालवण,49.1,09:20,11:10,"RAIL CN",DAIL,"विश्रांती 11.10 ते 12.00",,
20143,"Kankavli Railway Station To Malvan","Kankavli Railway Station",Malvan,,MO,6971,"Ramgad Bazar",14.7,,,"कणकवली रे.स्टे",मालवण,49.1,09:20,11:10,"RAIL CN",DAIL,"विश्रांती 11.10 ते 12.00",,
20143,"Kankavli Railway Station To Malvan","Kankavli Railway Station",Malvan,,MO,6776,Belne,17.7,,,"कणकवली रे.स्टे",मालवण,49.1,09:20,11:10,"RAIL CN",DAIL,"विश्रांती 11.10 ते 12.00",,
20143,"Kankavli Railway Station To Malvan","Kankavli Railway Station",Malvan,,MO,6974,Rathiwade,19.8,,,"कणकवली रे.स्टे",मालवण,49.1,09:20,11:10,"RAIL CN",DAIL,"विश्रांती 11.10 ते 12.00",,
20143,"Kankavli Railway Station To Malvan","Kankavli Railway Station",Malvan,,MO,6975,"Rathiwade Bhakardev",21,,,"कणकवली रे.स्टे",मालवण,49.1,09:20,11:10,"RAIL CN",DAIL,"विश्रांती 11.10 ते 12.00",,
20143,"Kankavli Railway Station To Malvan","Kankavli Railway Station",Malvan,,MO,6965,"Poip Katta Titha",24,,,"कणकवली रे.स्टे",मालवण,49.1,09:20,11:10,"RAIL CN",DAIL,"विश्रांती 11.10 ते 12.00",,
20143,"Kankavli Railway Station To Malvan","Kankavli Railway Station",Malvan,,MO,7022,"Viran Malvan Titha",24.6,,,"कणकवली रे.स्टे",मालवण,49.1,09:20,11:10,"RAIL CN",DAIL,"विश्रांती 11.10 ते 12.00",,
20143,"Kankavli Railway Station To Malvan","Kankavli Railway Station",Malvan,,MO,6924,"Masade School",26.9,,,"कणकवली रे.स्टे",मालवण,49.1,09:20,11:10,"RAIL CN",DAIL,"विश्रांती 11.10 ते 12.00",,
20143,"Kankavli Railway Station To Malvan","Kankavli Railway Station",Malvan,,MO,6925,"Masade Titha",27.9,,,"कणकवली रे.स्टे",मालवण,49.1,09:20,11:10,"RAIL CN",DAIL,"विश्रांती 11.10 ते 12.00",,
20143,"Kankavli Railway Station To Malvan","Kankavli Railway Station",Malvan,,MO,6769,Bagayat,29.9,,,"कणकवली रे.स्टे",मालवण,49.1,09:20,11:10,"RAIL CN",DAIL,"विश्रांती 11.10 ते 12.00",,
20143,"Kankavli Railway Station To Malvan","Kankavli Railway Station",Malvan,,MO,6784,"Bharteshwar Mandir",32.7,,,"कणकवली रे.स्टे",मालवण,49.1,09:20,11:10,"RAIL CN",DAIL,"विश्रांती 11.10 ते 12.00",,
20143,"Kankavli Railway Station To Malvan","Kankavli Railway Station",Malvan,,MO,7017,"Vetal Mandir",34.5,,,"कणकवली रे.स्टे",मालवण,49.1,09:20,11:10,"RAIL CN",DAIL,"विश्रांती 11.10 ते 12.00",,
20143,"Kankavli Railway Station To Malvan","Kankavli Railway Station",Malvan,,MO,6806,"Datta Mandir",35.6,,,"कणकवली रे.स्टे",मालवण,49.1,09:20,11:10,"RAIL CN",DAIL,"विश्रांती 11.10 ते 12.00",,
20143,"Kankavli Railway Station To Malvan","Kankavli Railway Station",Malvan,,MO,6756,Anganewadi,37.9,,,"कणकवली रे.स्टे",मालवण,49.1,09:20,11:10,"RAIL CN",DAIL,"विश्रांती 11.10 ते 12.00",,
20143,"Kankavli Railway Station To Malvan","Kankavli Railway Station",Malvan,,MO,6757,"Anganewadi Fata",39.6,,,"कणकवली रे.स्टे",मालवण,49.1,09:20,11:10,"RAIL CN",DAIL,"विश्रांती 11.10 ते 12.00",,
20143,"Kankavli Railway Station To Malvan","Kankavli Railway Station",Malvan,,MO,6908,Mahan,42,,,"कणकवली रे.स्टे",मालवण,49.1,09:20,11:10,"RAIL CN",DAIL,"विश्रांती 11.10 ते 12.00",,
20143,"Kankavli Railway Station To Malvan","Kankavli Railway Station",Malvan,,MO,6779,"Bhagat Nursary",45.4,,,"कणकवली रे.स्टे",मालवण,49.1,09:20,11:10,"RAIL CN",DAIL,"विश्रांती 11.10 ते 12.00",,
20143,"Kankavli Railway Station To Malvan","Kankavli Railway Station",Malvan,,MO,6873,"Katwad Acharekar Shop",46,,,"कणकवली रे.स्टे",मालवण,49.1,09:20,11:10,"RAIL CN",DAIL,"विश्रांती 11.10 ते 12.00",,
20143,"Kankavli Railway Station To Malvan","Kankavli Railway Station",Malvan,,MO,6746,Adari,48.1,,,"कणकवली रे.स्टे",मालवण,49.1,09:20,11:10,"RAIL CN",DAIL,"विश्रांती 11.10 ते 12.00",,
20143,"Kankavli Railway Station To Malvan","Kankavli Railway Station",Malvan,,MO,6915,Malvan,49.1,,,"कणकवली रे.स्टे",मालवण,49.1,09:20,11:10,"RAIL CN",DAIL,"विश्रांती 11.10 ते 12.00",,
11015,"Malvan To Deobag Via Tarkarli",Malvan,Deobag,TARKARLI,MO,6915,Malvan,,,,मालवण,देवबाग,12,17:00,17:30,SCL,DAIL,"विश्रांती 16.00 ते 17.00",,
11015,"Malvan To Deobag Via Tarkarli",Malvan,Deobag,TARKARLI,MO,6996,"Shivaji Putala",3.5,,,मालवण,देवबाग,12,17:00,17:30,SCL,DAIL,"विश्रांती 16.00 ते 17.00",,
11015,"Malvan To Deobag Via Tarkarli",Malvan,Deobag,TARKARLI,MO,6972,"Ranjeswar Mandir",6.2,,,मालवण,देवबाग,12,17:00,17:30,SCL,DAIL,"विश्रांती 16.00 ते 17.00",,
11015,"Malvan To Deobag Via Tarkarli",Malvan,Deobag,TARKARLI,MO,7003,Tarkarli,7.2,,,मालवण,देवबाग,12,17:00,17:30,SCL,DAIL,"विश्रांती 16.00 ते 17.00",,
11015,"Malvan To Deobag Via Tarkarli",Malvan,Deobag,TARKARLI,MO,6808,"Deobag Vitthal Mandir",8.7,,,मालवण,देवबाग,12,17:00,17:30,SCL,DAIL,"विश्रांती 16.00 ते 17.00",,
11015,"Malvan To Deobag Via Tarkarli",Malvan,Deobag,TARKARLI,MO,6807,Deobag,12,,,मालवण,देवबाग,12,17:00,17:30,SCL,DAIL,"विश्रांती 16.00 ते 17.00",,
11046,"Malvan To Kudal Via Dhamapur",Malvan,"Kudal St Depot",,MO,6915,Malvan,,,,मालवण,कुडाळ,28.3,14:30,15:30,Nob,DAIL,,,
11046,"Malvan To Kudal Via Dhamapur",Malvan,"Kudal St Depot",,MO,6896,Kumbharmath,3.5,,,मालवण,कुडाळ,28.3,14:30,15:30,Nob,DAIL,,,
11046,"Malvan To Kudal Via Dhamapur",Malvan,"Kudal St Depot",,MO,6897,"Kumbharmath Govekar Dukan",4,,,मालवण,कुडाळ,28.3,14:30,15:30,Nob,DAIL,,,
11046,"Malvan To Kudal Via Dhamapur",Malvan,"Kudal St Depot",,MO,6750,"Ajagaonkar Bangala",5.8,,,मालवण,कुडाळ,28.3,14:30,15:30,Nob,DAIL,,,
11046,"Malvan To Kudal Via Dhamapur",Malvan,"Kudal St Depot",,MO,6799,Chouke,8.6,,,मालवण,कुडाळ,28.3,14:30,15:30,Nob,DAIL,,,
11046,"Malvan To Kudal Via Dhamapur",Malvan,"Kudal St Depot",,MO,6829,Godyachiwadi,11.4,,,मालवण,कुडाळ,28.3,14:30,15:30,Nob,DAIL,,,
11046,"Malvan To Kudal Via Dhamapur",Malvan,"Kudal St Depot",,MO,6821,"Gavaldeo Amba",15.2,,,मालवण,कुडाळ,28.3,14:30,15:30,Nob,DAIL,,,
11046,"Malvan To Kudal Via Dhamapur",Malvan,"Kudal St Depot",,MO,6979,"Ravalnath Mandir",18.1,,,मालवण,कुडाळ,28.3,14:30,15:30,Nob,DAIL,,,
11046,"Malvan To Kudal Via Dhamapur",Malvan,"Kudal St Depot",,MO,6856,"Hubalicha Mal",19.9,,,मालवण,कुडाळ,28.3,14:30,15:30,Nob,DAIL,,,
11046,"Malvan To Kudal Via Dhamapur",Malvan,"Kudal St Depot",,MO,6335,Nerurpar,21.2,,,मालवण,कुडाळ,28.3,14:30,15:30,Nob,DAIL,,,
11046,"Malvan To Kudal Via Dhamapur",Malvan,"Kudal St Depot",,MO,6435,"Thakur Temb",24.1,,,मालवण,कुडाळ,28.3,14:30,15:30,Nob,DAIL,,,
11046,"Malvan To Kudal Via Dhamapur",Malvan,"Kudal St Depot",,MO,6351,"Nerur Jakat",27.5,,,मालवण,कुडाळ,28.3,14:30,15:30,Nob,DAIL,,,
11046,"Malvan To Kudal Via Dhamapur",Malvan,"Kudal St Depot",,MO,6237,"Kudal St Depot",28.3,,,मालवण,कुडाळ,28.3,14:30,15:30,Nob,DAIL,,,
19952,"Kudal Rly. Stn. To Malvan Via Dhamapur","Kudal Rly. Stn.",Malvan,DHAMAPUR,MO,6235,"Kudal Rly. Stn.",,,,"कुडाळ रे.स्टे",मालवण,29.5,15:30,16:30,"RAIL CN",DAIL,,,
19952,"Kudal Rly. Stn. To Malvan Via Dhamapur","Kudal Rly. Stn.",Malvan,DHAMAPUR,MO,6237,"Kudal St Depot",1.2,,,"कुडाळ रे.स्टे",मालवण,29.5,15:30,16:30,"RAIL CN",DAIL,,,
19952,"Kudal Rly. Stn. To Malvan Via Dhamapur","Kudal Rly. Stn.",Malvan,DHAMAPUR,MO,6351,"Nerur Jakat",4.9,,,"कुडाळ रे.स्टे",मालवण,29.5,15:30,16:30,"RAIL CN",DAIL,,,
19952,"Kudal Rly. Stn. To Malvan Via Dhamapur","Kudal Rly. Stn.",Malvan,DHAMAPUR,MO,6428,Thakurwadi,6.6,,,"कुडाळ रे.स्टे",मालवण,29.5,15:30,16:30,"RAIL CN",DAIL,,,
19952,"Kudal Rly. Stn. To Malvan Via Dhamapur","Kudal Rly. Stn.",Malvan,DHAMAPUR,MO,6335,Nerurpar,8.3,,,"कुडाळ रे.स्टे",मालवण,29.5,15:30,16:30,"RAIL CN",DAIL,,,
19952,"Kudal Rly. Stn. To Malvan Via Dhamapur","Kudal Rly. Stn.",Malvan,DHAMAPUR,MO,6228,"Khadi Pool",8.8,,,"कुडाळ रे.स्टे",मालवण,29.5,15:30,16:30,"RAIL CN",DAIL,,,
19952,"Kudal Rly. Stn. To Malvan Via Dhamapur","Kudal Rly. Stn.",Malvan,DHAMAPUR,MO,6856,"Hubalicha Mal",9.6,,,"कुडाळ रे.स्टे",मालवण,29.5,15:30,16:30,"RAIL CN",DAIL,,,
19952,"Kudal Rly. Stn. To Malvan Via Dhamapur","Kudal Rly. Stn.",Malvan,DHAMAPUR,MO,6863,"Kalse Gpo",10.6,,,"कुडाळ रे.स्टे",मालवण,29.5,15:30,16:30,"RAIL CN",DAIL,,,
19952,"Kudal Rly. Stn. To Malvan Via Dhamapur","Kudal Rly. Stn.",Malvan,DHAMAPUR,MO,6979,"Ravalnath Mandir",11.4,,,"कुडाळ रे.स्टे",मालवण,29.5,15:30,16:30,"RAIL CN",DAIL,,,
19952,"Kudal Rly. Stn. To Malvan Via Dhamapur","Kudal Rly. Stn.",Malvan,DHAMAPUR,MO,6812,Dhamapur,12.1,,,"कुडाळ रे.स्टे",मालवण,29.5,15:30,16:30,"RAIL CN",DAIL,,,
19952,"Kudal Rly. Stn. To Malvan Via Dhamapur","Kudal Rly. Stn.",Malvan,DHAMAPUR,MO,6821,"Gavaldeo Amba",14.3,,,"कुडाळ रे.स्टे",मालवण,29.5,15:30,16:30,"RAIL CN",DAIL,,,
19952,"Kudal Rly. Stn. To Malvan Via Dhamapur","Kudal Rly. Stn.",Malvan,DHAMAPUR,MO,6869,Kasartakka,16.4,,,"कुडाळ रे.स्टे",मालवण,29.5,15:30,16:30,"RAIL CN",DAIL,,,
19952,"Kudal Rly. Stn. To Malvan Via Dhamapur","Kudal Rly. Stn.",Malvan,DHAMAPUR,MO,6829,Godyachiwadi,18.1,,,"कुडाळ रे.स्टे",मालवण,29.5,15:30,16:30,"RAIL CN",DAIL,,,
19952,"Kudal Rly. Stn. To Malvan Via Dhamapur","Kudal Rly. Stn.",Malvan,DHAMAPUR,MO,6799,Chouke,20.9,,,"कुडाळ रे.स्टे",मालवण,29.5,15:30,16:30,"RAIL CN",DAIL,,,
19952,"Kudal Rly. Stn. To Malvan Via Dhamapur","Kudal Rly. Stn.",Malvan,DHAMAPUR,MO,6750,"Ajagaonkar Bangala",23.7,,,"कुडाळ रे.स्टे",मालवण,29.5,15:30,16:30,"RAIL CN",DAIL,,,
19952,"Kudal Rly. Stn. To Malvan Via Dhamapur","Kudal Rly. Stn.",Malvan,DHAMAPUR,MO,6897,"Kumbharmath Govekar Dukan",24.1,,,"कुडाळ रे.स्टे",मालवण,29.5,15:30,16:30,"RAIL CN",DAIL,,,
19952,"Kudal Rly. Stn. To Malvan Via Dhamapur","Kudal Rly. Stn.",Malvan,DHAMAPUR,MO,6896,Kumbharmath,25.8,,,"कुडाळ रे.स्टे",मालवण,29.5,15:30,16:30,"RAIL CN",DAIL,,,
19952,"Kudal Rly. Stn. To Malvan Via Dhamapur","Kudal Rly. Stn.",Malvan,DHAMAPUR,MO,6898,"Kumbharmath Post",27,,,"कुडाळ रे.स्टे",मालवण,29.5,15:30,16:30,"RAIL CN",DAIL,,,
19952,"Kudal Rly. Stn. To Malvan Via Dhamapur","Kudal Rly. Stn.",Malvan,DHAMAPUR,MO,6915,Malvan,29.5,,,"कुडाळ रे.स्टे",मालवण,29.5,15:30,16:30,"RAIL CN",DAIL,,,
11024,"Malvan To Kankavli Railway Station",Malvan,"Kankavli Railway Station",,MO,6915,Malvan,,,,मालवण,"कणकवली रे.स्टे.",49.1,07:15,08:55,"RAIL CN",DAIL,,,
11024,"Malvan To Kankavli Railway Station",Malvan,"Kankavli Railway Station",,MO,6746,Adari,2.5,,,मालवण,"कणकवली रे.स्टे.",49.1,07:15,08:55,"RAIL CN",DAIL,,,
11024,"Malvan To Kankavli Railway Station",Malvan,"Kankavli Railway Station",,MO,6873,"Katwad Acharekar Shop",4.6,,,मालवण,"कणकवली रे.स्टे.",49.1,07:15,08:55,"RAIL CN",DAIL,,,
11024,"Malvan To Kankavli Railway Station",Malvan,"Kankavli Railway Station",,MO,6779,"Bhagat Nursary",5.2,,,मालवण,"कणकवली रे.स्टे.",49.1,07:15,08:55,"RAIL CN",DAIL,,,
11024,"Malvan To Kankavli Railway Station",Malvan,"Kankavli Railway Station",,MO,6908,Mahan,8.6,,,मालवण,"कणकवली रे.स्टे.",49.1,07:15,08:55,"RAIL CN",DAIL,,,
11024,"Malvan To Kankavli Railway Station",Malvan,"Kankavli Railway Station",,MO,6757,"Anganewadi Fata",11,,,मालवण,"कणकवली रे.स्टे.",49.1,07:15,08:55,"RAIL CN",DAIL,,,
11024,"Malvan To Kankavli Railway Station",Malvan,"Kankavli Railway Station",,MO,6756,Anganewadi,12.7,,,मालवण,"कणकवली रे.स्टे.",49.1,07:15,08:55,"RAIL CN",DAIL,,,
11024,"Malvan To Kankavli Railway Station",Malvan,"Kankavli Railway Station",,MO,6806,"Datta Mandir",15,,,मालवण,"कणकवली रे.स्टे.",49.1,07:15,08:55,"RAIL CN",DAIL,,,
11024,"Malvan To Kankavli Railway Station",Malvan,"Kankavli Railway Station",,MO,7017,"Vetal Mandir",16.1,,,मालवण,"कणकवली रे.स्टे.",49.1,07:15,08:55,"RAIL CN",DAIL,,,
11024,"Malvan To Kankavli Railway Station",Malvan,"Kankavli Railway Station",,MO,6784,"Bharteshwar Mandir",17.9,,,मालवण,"कणकवली रे.स्टे.",49.1,07:15,08:55,"RAIL CN",DAIL,,,
11024,"Malvan To Kankavli Railway Station",Malvan,"Kankavli Railway Station",,MO,6769,Bagayat,20.7,,,मालवण,"कणकवली रे.स्टे.",49.1,07:15,08:55,"RAIL CN",DAIL,,,
11024,"Malvan To Kankavli Railway Station",Malvan,"Kankavli Railway Station",,MO,6925,"Masade Titha",22.7,,,मालवण,"कणकवली रे.स्टे.",49.1,07:15,08:55,"RAIL CN",DAIL,,,
11024,"Malvan To Kankavli Railway Station",Malvan,"Kankavli Railway Station",,MO,6924,"Masade School",23.7,,,मालवण,"कणकवली रे.स्टे.",49.1,07:15,08:55,"RAIL CN",DAIL,,,
11024,"Malvan To Kankavli Railway Station",Malvan,"Kankavli Railway Station",,MO,7022,"Viran Malvan Titha",26,,,मालवण,"कणकवली रे.स्टे.",49.1,07:15,08:55,"RAIL CN",DAIL,,,
11024,"Malvan To Kankavli Railway Station",Malvan,"Kankavli Railway Station",,MO,6965,"Poip Katta Titha",26.6,,,मालवण,"कणकवली रे.स्टे.",49.1,07:15,08:55,"RAIL CN",DAIL,,,
11024,"Malvan To Kankavli Railway Station",Malvan,"Kankavli Railway Station",,MO,6975,"Rathiwade Bhakardev",29.6,,,मालवण,"कणकवली रे.स्टे.",49.1,07:15,08:55,"RAIL CN",DAIL,,,
11024,"Malvan To Kankavli Railway Station",Malvan,"Kankavli Railway Station",,MO,6974,Rathiwade,30.8,,,मालवण,"कणकवली रे.स्टे.",49.1,07:15,08:55,"RAIL CN",DAIL,,,
11024,"Malvan To Kankavli Railway Station",Malvan,"Kankavli Railway Station",,MO,6776,Belne,32.9,,,मालवण,"कणकवली रे.स्टे.",49.1,07:15,08:55,"RAIL CN",DAIL,,,
11024,"Malvan To Kankavli Railway Station",Malvan,"Kankavli Railway Station",,MO,6971,"Ramgad Bazar",35.9,,,मालवण,"कणकवली रे.स्टे.",49.1,07:15,08:55,"RAIL CN",DAIL,,,
11024,"Malvan To Kankavli Railway Station",Malvan,"Kankavli Railway Station",,MO,6833,"Gothane Mal",36.8,,,मालवण,"कणकवली रे.स्टे.",49.1,07:15,08:55,"RAIL CN",DAIL,,,
11024,"Malvan To Kankavli Railway Station",Malvan,"Kankavli Railway Station",,MO,6835,"Gothane Wad",39.3,,,मालवण,"कणकवली रे.स्टे.",49.1,07:15,08:55,"RAIL CN",DAIL,,,
11024,"Malvan To Kankavli Railway Station",Malvan,"Kankavli Railway Station",,MO,2911,"Pise Kamte Wahal",40.9,,,मालवण,"कणकवली रे.स्टे.",49.1,07:15,08:55,"RAIL CN",DAIL,,,
11024,"Malvan To Kankavli Railway Station",Malvan,"Kankavli Railway Station",,MO,2902,"Phalsewadi School",42.2,,,मालवण,"कणकवली रे.स्टे.",49.1,07:15,08:55,"RAIL CN",DAIL,,,
11024,"Malvan To Kankavli Railway Station",Malvan,"Kankavli Railway Station",,MO,2299,Phanaswadi,45.5,,,मालवण,"कणकवली रे.स्टे.",49.1,07:15,08:55,"RAIL CN",DAIL,,,
11024,"Malvan To Kankavli Railway Station",Malvan,"Kankavli Railway Station",,MO,2786,Kankavli,48.8,,,मालवण,"कणकवली रे.स्टे.",49.1,07:15,08:55,"RAIL CN",DAIL,,,
11024,"Malvan To Kankavli Railway Station",Malvan,"Kankavli Railway Station",,MO,88077,"Kankavli Railway Station",49.1,,,मालवण,"कणकवली रे.स्टे.",49.1,07:15,08:55,"RAIL CN",DAIL,,,
153271,"Achara To Kudal Rly. Stn. Via Malvan",Achara,"Kudal Rly. Stn.",MALVAN,MO,6740,Achara,,,,आचरा,कुडाळ,71.7,05:30,07:50,SCH,DAIL,,,
153271,"Achara To Kudal Rly. Stn. Via Malvan",Achara,"Kudal Rly. Stn.",MALVAN,MO,6741,"Achara Bandar",3,,,आचरा,कुडाळ,71.7,05:30,07:50,SCH,DAIL,,,
153271,"Achara To Kudal Rly. Stn. Via Malvan",Achara,"Kudal Rly. Stn.",MALVAN,MO,6848,"Hirlewadi Sai Mandir",6,,,आचरा,कुडाळ,71.7,05:30,07:50,SCH,DAIL,,,
153271,"Achara To Kudal Rly. Stn. Via Malvan",Achara,"Kudal Rly. Stn.",MALVAN,MO,6960,Pat,9,,,आचरा,कुडाळ,71.7,05:30,07:50,SCH,DAIL,,,
153271,"Achara To Kudal Rly. Stn. Via Malvan",Achara,"Kudal Rly. Stn.",MALVAN,MO,6910,"Mail Dagad",12,,,आचरा,कुडाळ,71.7,05:30,07:50,SCH,DAIL,,,
153271,"Achara To Kudal Rly. Stn. Via Malvan",Achara,"Kudal Rly. Stn.",MALVAN,MO,6998,"Suruche Ban",15,,,आचरा,कुडाळ,71.7,05:30,07:50,SCH,DAIL,,,
153271,"Achara To Kudal Rly. Stn. Via Malvan",Achara,"Kudal Rly. Stn.",MALVAN,MO,7001,Talashil,18,,,आचरा,कुडाळ,71.7,05:30,07:50,SCH,DAIL,,,
153271,"Achara To Kudal Rly. Stn. Via Malvan",Achara,"Kudal Rly. Stn.",MALVAN,MO,6998,"Suruche Ban",21,,,आचरा,कुडाळ,71.7,05:30,07:50,SCH,DAIL,,,
153271,"Achara To Kudal Rly. Stn. Via Malvan",Achara,"Kudal Rly. Stn.",MALVAN,MO,6910,"Mail Dagad",24,,,आचरा,कुडाळ,71.7,05:30,07:50,SCH,DAIL,,,
153271,"Achara To Kudal Rly. Stn. Via Malvan",Achara,"Kudal Rly. Stn.",MALVAN,MO,6859,Kalawal,27,,,आचरा,कुडाळ,71.7,05:30,07:50,SCH,DAIL,,,
153271,"Achara To Kudal Rly. Stn. Via Malvan",Achara,"Kudal Rly. Stn.",MALVAN,MO,6921,Margeshwar,30,,,आचरा,कुडाळ,71.7,05:30,07:50,SCH,DAIL,,,
153271,"Achara To Kudal Rly. Stn. Via Malvan",Achara,"Kudal Rly. Stn.",MALVAN,MO,6817,"Gadgil Stop",33,,,आचरा,कुडाळ,71.7,05:30,07:50,SCH,DAIL,,,
153271,"Achara To Kudal Rly. Stn. Via Malvan",Achara,"Kudal Rly. Stn.",MALVAN,MO,6867,"Kandalgaon Ranewadi",34,,,आचरा,कुडाळ,71.7,05:30,07:50,SCH,DAIL,,,
153271,"Achara To Kudal Rly. Stn. Via Malvan",Achara,"Kudal Rly. Stn.",MALVAN,MO,6889,Kolamb,39,,,आचरा,कुडाळ,71.7,05:30,07:50,SCH,DAIL,,,
153271,"Achara To Kudal Rly. Stn. Via Malvan",Achara,"Kudal Rly. Stn.",MALVAN,MO,6915,Malvan,42,,,आचरा,कुडाळ,71.7,05:30,07:50,SCH,DAIL,,,
153271,"Achara To Kudal Rly. Stn. Via Malvan",Achara,"Kudal Rly. Stn.",MALVAN,MO,6897,"Kumbharmath Govekar Dukan",45,,,आचरा,कुडाळ,71.7,05:30,07:50,SCH,DAIL,,,
153271,"Achara To Kudal Rly. Stn. Via Malvan",Achara,"Kudal Rly. Stn.",MALVAN,MO,6750,"Ajagaonkar Bangala",48,,,आचरा,कुडाळ,71.7,05:30,07:50,SCH,DAIL,,,
153271,"Achara To Kudal Rly. Stn. Via Malvan",Achara,"Kudal Rly. Stn.",MALVAN,MO,6799,Chouke,51,,,आचरा,कुडाळ,71.7,05:30,07:50,SCH,DAIL,,,
153271,"Achara To Kudal Rly. Stn. Via Malvan",Achara,"Kudal Rly. Stn.",MALVAN,MO,6829,Godyachiwadi,54,,,आचरा,कुडाळ,71.7,05:30,07:50,SCH,DAIL,,,
153271,"Achara To Kudal Rly. Stn. Via Malvan",Achara,"Kudal Rly. Stn.",MALVAN,MO,6821,"Gavaldeo Amba",57,,,आचरा,कुडाळ,71.7,05:30,07:50,SCH,DAIL,,,
153271,"Achara To Kudal Rly. Stn. Via Malvan",Achara,"Kudal Rly. Stn.",MALVAN,MO,6979,"Ravalnath Mandir",60,,,आचरा,कुडाळ,71.7,05:30,07:50,SCH,DAIL,,,
153271,"Achara To Kudal Rly. Stn. Via Malvan",Achara,"Kudal Rly. Stn.",MALVAN,MO,6335,Nerurpar,63,,,आचरा,कुडाळ,71.7,05:30,07:50,SCH,DAIL,,,
153271,"Achara To Kudal Rly. Stn. Via Malvan",Achara,"Kudal Rly. Stn.",MALVAN,MO,6435,"Thakur Temb",66,,,आचरा,कुडाळ,71.7,05:30,07:50,SCH,DAIL,,,
153271,"Achara To Kudal Rly. Stn. Via Malvan",Achara,"Kudal Rly. Stn.",MALVAN,MO,6351,"Nerur Jakat",69,,,आचरा,कुडाळ,71.7,05:30,07:50,SCH,DAIL,,,
153271,"Achara To Kudal Rly. Stn. Via Malvan",Achara,"Kudal Rly. Stn.",MALVAN,MO,6237,"Kudal St Depot",72,,,आचरा,कुडाळ,71.7,05:30,07:50,SCH,DAIL,,,
153271,"Achara To Kudal Rly. Stn. Via Malvan",Achara,"Kudal Rly. Stn.",MALVAN,MO,6235,"Kudal Rly. Stn.",72.5,,,आचरा,कुडाळ,71.7,05:30,07:50,SCH,DAIL,,,
153270,"Kudal Rly. Stn. To Achara Via Malvan","Kudal Rly. Stn.",Achara,MALVAN,MO,6235,"Kudal Rly. Stn.",,,,"कुडाळ रेल्वेस्टेशन",आचरा,56.5,17:45,20:00,"RAIL CN",DAIL,,,
153270,"Kudal Rly. Stn. To Achara Via Malvan","Kudal Rly. Stn.",Achara,MALVAN,MO,6237,"Kudal St Depot",3,,,"कुडाळ रेल्वेस्टेशन",आचरा,56.5,17:45,20:00,"RAIL CN",DAIL,,,
153270,"Kudal Rly. Stn. To Achara Via Malvan","Kudal Rly. Stn.",Achara,MALVAN,MO,6351,"Nerur Jakat",6,,,"कुडाळ रेल्वेस्टेशन",आचरा,56.5,17:45,20:00,"RAIL CN",DAIL,,,
153270,"Kudal Rly. Stn. To Achara Via Malvan","Kudal Rly. Stn.",Achara,MALVAN,MO,6435,"Thakur Temb",9,,,"कुडाळ रेल्वेस्टेशन",आचरा,56.5,17:45,20:00,"RAIL CN",DAIL,,,
153270,"Kudal Rly. Stn. To Achara Via Malvan","Kudal Rly. Stn.",Achara,MALVAN,MO,6335,Nerurpar,12,,,"कुडाळ रेल्वेस्टेशन",आचरा,56.5,17:45,20:00,"RAIL CN",DAIL,,,
153270,"Kudal Rly. Stn. To Achara Via Malvan","Kudal Rly. Stn.",Achara,MALVAN,MO,6979,"Ravalnath Mandir",15,,,"कुडाळ रेल्वेस्टेशन",आचरा,56.5,17:45,20:00,"RAIL CN",DAIL,,,
153270,"Kudal Rly. Stn. To Achara Via Malvan","Kudal Rly. Stn.",Achara,MALVAN,MO,6821,"Gavaldeo Amba",18,,,"कुडाळ रेल्वेस्टेशन",आचरा,56.5,17:45,20:00,"RAIL CN",DAIL,,,
153270,"Kudal Rly. Stn. To Achara Via Malvan","Kudal Rly. Stn.",Achara,MALVAN,MO,6829,Godyachiwadi,21,,,"कुडाळ रेल्वेस्टेशन",आचरा,56.5,17:45,20:00,"RAIL CN",DAIL,,,
153270,"Kudal Rly. Stn. To Achara Via Malvan","Kudal Rly. Stn.",Achara,MALVAN,MO,6799,Chouke,24,,,"कुडाळ रेल्वेस्टेशन",आचरा,56.5,17:45,20:00,"RAIL CN",DAIL,,,
153270,"Kudal Rly. Stn. To Achara Via Malvan","Kudal Rly. Stn.",Achara,MALVAN,MO,6750,"Ajagaonkar Bangala",27,,,"कुडाळ रेल्वेस्टेशन",आचरा,56.5,17:45,20:00,"RAIL CN",DAIL,,,
153270,"Kudal Rly. Stn. To Achara Via Malvan","Kudal Rly. Stn.",Achara,MALVAN,MO,6897,"Kumbharmath Govekar Dukan",28,,,"कुडाळ रेल्वेस्टेशन",आचरा,56.5,17:45,20:00,"RAIL CN",DAIL,,,
153270,"Kudal Rly. Stn. To Achara Via Malvan","Kudal Rly. Stn.",Achara,MALVAN,MO,6915,Malvan,29.5,,,"कुडाळ रेल्वेस्टेशन",आचरा,56.5,17:45,20:00,"RAIL CN",DAIL,,,
153270,"Kudal Rly. Stn. To Achara Via Malvan","Kudal Rly. Stn.",Achara,MALVAN,MO,6889,Kolamb,33,,,"कुडाळ रेल्वेस्टेशन",आचरा,56.5,17:45,20:00,"RAIL CN",DAIL,,,
153270,"Kudal Rly. Stn. To Achara Via Malvan","Kudal Rly. Stn.",Achara,MALVAN,MO,6949,"Ozar Rameshwar Nagar",36,,,"कुडाळ रेल्वेस्टेशन",आचरा,56.5,17:45,20:00,"RAIL CN",DAIL,,,
153270,"Kudal Rly. Stn. To Achara Via Malvan","Kudal Rly. Stn.",Achara,MALVAN,MO,6867,"Kandalgaon Ranewadi",37,,,"कुडाळ रेल्वेस्टेशन",आचरा,56.5,17:45,20:00,"RAIL CN",DAIL,,,
153270,"Kudal Rly. Stn. To Achara Via Malvan","Kudal Rly. Stn.",Achara,MALVAN,MO,6817,"Gadgil Stop",39,,,"कुडाळ रेल्वेस्टेशन",आचरा,56.5,17:45,20:00,"RAIL CN",DAIL,,,
153270,"Kudal Rly. Stn. To Achara Via Malvan","Kudal Rly. Stn.",Achara,MALVAN,MO,6921,Margeshwar,42,,,"कुडाळ रेल्वेस्टेशन",आचरा,56.5,17:45,20:00,"RAIL CN",DAIL,,,
153270,"Kudal Rly. Stn. To Achara Via Malvan","Kudal Rly. Stn.",Achara,MALVAN,MO,6859,Kalawal,45,,,"कुडाळ रेल्वेस्टेशन",आचरा,56.5,17:45,20:00,"RAIL CN",DAIL,,,
153270,"Kudal Rly. Stn. To Achara Via Malvan","Kudal Rly. Stn.",Achara,MALVAN,MO,6983,Sadewadi,48,,,"कुडाळ रेल्वेस्टेशन",आचरा,56.5,17:45,20:00,"RAIL CN",DAIL,,,
153270,"Kudal Rly. Stn. To Achara Via Malvan","Kudal Rly. Stn.",Achara,MALVAN,MO,6740,Achara,51.5,,,"कुडाळ रेल्वेस्टेशन",आचरा,56.5,17:45,20:00,"RAIL CN",DAIL,,,
20136,"Deobag To Malvan Via Tarkarli",Deobag,Malvan,TARKARLI,MO,6807,Deobag,,,,देवबाग,मालवण,12,17:35,18:05,OBL,DAIL,,,
20136,"Deobag To Malvan Via Tarkarli",Deobag,Malvan,TARKARLI,MO,6808,"Deobag Vitthal Mandir",1.3,,,देवबाग,मालवण,12,17:35,18:05,OBL,DAIL,,,
20136,"Deobag To Malvan Via Tarkarli",Deobag,Malvan,TARKARLI,MO,7003,Tarkarli,2.8,,,देवबाग,मालवण,12,17:35,18:05,OBL,DAIL,,,
20136,"Deobag To Malvan Via Tarkarli",Deobag,Malvan,TARKARLI,MO,6972,"Ranjeswar Mandir",3.8,,,देवबाग,मालवण,12,17:35,18:05,OBL,DAIL,,,
20136,"Deobag To Malvan Via Tarkarli",Deobag,Malvan,TARKARLI,MO,6996,"Shivaji Putala",6.5,,,देवबाग,मालवण,12,17:35,18:05,OBL,DAIL,,,
20136,"Deobag To Malvan Via Tarkarli",Deobag,Malvan,TARKARLI,MO,6915,Malvan,12,,,देवबाग,मालवण,12,17:35,18:05,OBL,DAIL,,,
85543,Tuljapur-Malvan,Tuljapur,Malvan,,MO,76023,Tuljapur,,,,तुळजापुर,कोल्हापुर,304.5,09:30,17:10,,,,,
85543,Tuljapur-Malvan,Tuljapur,Malvan,,MO,87539,"Sangavi Mardi",9.2,,,तुळजापुर,कोल्हापुर,304.5,09:30,17:10,,,,,
85543,Tuljapur-Malvan,Tuljapur,Malvan,,MO,87641,Suratgaon,20.6,,,तुळजापुर,कोल्हापुर,304.5,09:30,17:10,,,,,
85543,Tuljapur-Malvan,Tuljapur,Malvan,,MO,87659,"Taml Wadi",26.1,,,तुळजापुर,कोल्हापुर,304.5,09:30,17:10,,,,,
85543,Tuljapur-Malvan,Tuljapur,Malvan,,MO,49719,Ule,34.7,,,तुळजापुर,कोल्हापुर,304.5,09:30,17:10,,,,,
85543,Tuljapur-Malvan,Tuljapur,Malvan,,MO,49217,Hagalur,40,,,तुळजापुर,कोल्हापुर,304.5,09:30,17:10,,,,,
85543,Tuljapur-Malvan,Tuljapur,Malvan,,MO,49216,"Hipparga Fata",43.5,,,तुळजापुर,कोल्हापुर,304.5,09:30,17:10,,,,,
85543,Tuljapur-Malvan,Tuljapur,Malvan,,MO,48932,Solapur,48,,,तुळजापुर,कोल्हापुर,304.5,09:30,17:10,,,,,
85543,Tuljapur-Malvan,Tuljapur,Malvan,,MO,49229,Kegaon,56,,,तुळजापुर,कोल्हापुर,304.5,09:30,17:10,,,,,
85543,Tuljapur-Malvan,Tuljapur,Malvan,,MO,49232,Kondhi,58.9,,,तुळजापुर,कोल्हापुर,304.5,09:30,17:10,,,,,
85543,Tuljapur-Malvan,Tuljapur,Malvan,,MO,49258,"Pakani / Chincholi",61.6,,,तुळजापुर,कोल्हापुर,304.5,09:30,17:10,,,,,
85543,Tuljapur-Malvan,Tuljapur,Malvan,,MO,43350,"Arjun Sond Fata",69,,,तुळजापुर,कोल्हापुर,304.5,09:30,17:10,,,,,
85543,Tuljapur-Malvan,Tuljapur,Malvan,,MO,43430,"Kolegaon Fata",72.4,,,तुळजापुर,कोल्हापुर,304.5,09:30,17:10,,,,,
85543,Tuljapur-Malvan,Tuljapur,Malvan,,MO,43543,"Wadval Fata",75.2,,,तुळजापुर,कोल्हापुर,304.5,09:30,17:10,,,,,
85543,Tuljapur-Malvan,Tuljapur,Malvan,,MO,43460,Mohol,81.2,,,तुळजापुर,कोल्हापुर,304.5,09:30,17:10,,,,,
85543,Tuljapur-Malvan,Tuljapur,Malvan,,MO,43490,Pokharpur,86.3,,,तुळजापुर,कोल्हापुर,304.5,09:30,17:10,,,,,
85543,Tuljapur-Malvan,Tuljapur,Malvan,,MO,43449,"Khavani Fata",87.3,,,तुळजापुर,कोल्हापुर,304.5,09:30,17:10,,,,,
85543,Tuljapur-Malvan,Tuljapur,Malvan,,MO,43487,"Penur Shed",97.1,,,तुळजापुर,कोल्हापुर,304.5,09:30,17:10,,,,,
85543,Tuljapur-Malvan,Tuljapur,Malvan,,MO,43988,"Tungat X Rd.",100,,,तुळजापुर,कोल्हापुर,304.5,09:30,17:10,,,,,
85543,Tuljapur-Malvan,Tuljapur,Malvan,,MO,43775,"Ishwar Wathar",109.4,,,तुळजापुर,कोल्हापुर,304.5,09:30,17:10,,,,,
85543,Tuljapur-Malvan,Tuljapur,Malvan,,MO,43722,"Degaon X Rd.",112.2,,,तुळजापुर,कोल्हापुर,304.5,09:30,17:10,,,,,
85543,Tuljapur-Malvan,Tuljapur,Malvan,,MO,43899,Pandharpur,121.8,,,तुळजापुर,कोल्हापुर,304.5,09:30,17:10,,,,,
85543,Tuljapur-Malvan,Tuljapur,Malvan,,MO,43806,Khardi,136.8,,,तुळजापुर,कोल्हापुर,304.5,09:30,17:10,,,,,
85543,Tuljapur-Malvan,Tuljapur,Malvan,,MO,47652,Sangola,155.8,,,तुळजापुर,कोल्हापुर,304.5,09:30,17:10,,,,,
85543,Tuljapur-Malvan,Tuljapur,Malvan,,MO,47679,Vatamare,167.5,,,तुळजापुर,कोल्हापुर,304.5,09:30,17:10,,,,,
85543,Tuljapur-Malvan,Tuljapur,Malvan,,MO,47617,"Nazare Math",172.8,,,तुळजापुर,कोल्हापुर,304.5,09:30,17:10,,,,,
85543,Tuljapur-Malvan,Tuljapur,Malvan,,MO,47694,Junoni,188.8,,,तुळजापुर,कोल्हापुर,304.5,09:30,17:10,,,,,
85543,Tuljapur-Malvan,Tuljapur,Malvan,,MO,47614,"Nagaj Fata",196.8,,,तुळजापुर,कोल्हापुर,304.5,09:30,17:10,,,,,
85543,Tuljapur-Malvan,Tuljapur,Malvan,,MO,32873,Kuchi,210.8,,,तुळजापुर,कोल्हापुर,304.5,09:30,17:10,,,,,
85543,Tuljapur-Malvan,Tuljapur,Malvan,,MO,32950,Shirdhon,219.8,,,तुळजापुर,कोल्हापुर,304.5,09:30,17:10,,,,,
85543,Tuljapur-Malvan,Tuljapur,Malvan,,MO,33967,Miraj,250.8,,,तुळजापुर,कोल्हापुर,304.5,09:30,17:10,,,,,
85543,Tuljapur-Malvan,Tuljapur,Malvan,,MO,34093,Sangli,262.8,,,तुळजापुर,कोल्हापुर,304.5,09:30,17:10,,,,,
85543,Tuljapur-Malvan,Tuljapur,Malvan,,MO,33636,Akali,266.1,,,तुळजापुर,कोल्हापुर,304.5,09:30,17:10,,,,,
85543,Tuljapur-Malvan,Tuljapur,Malvan,,MO,24134,Jaisingpur,271.8,,,तुळजापुर,कोल्हापुर,304.5,09:30,17:10,,,,,
85543,Tuljapur-Malvan,Tuljapur,Malvan,,MO,23396,Chipari,275.1,,,तुळजापुर,कोल्हापुर,304.5,09:30,17:10,,,,,
85543,Tuljapur-Malvan,Tuljapur,Malvan,,MO,25001,Nimshirgoan,285.8,,,तुळजापुर,कोल्हापुर,304.5,09:30,17:10,,,,,
85543,Tuljapur-Malvan,Tuljapur,Malvan,,MO,24013,Hatkanangale,288.8,,,तुळजापुर,कोल्हापुर,304.5,09:30,17:10,,,,,
85543,Tuljapur-Malvan,Tuljapur,Malvan,,MO,23822,"Ghodawat Knowledge City",295.8,,,तुळजापुर,कोल्हापुर,304.5,09:30,17:10,,,,,
85543,Tuljapur-Malvan,Tuljapur,Malvan,,MO,23093,Atigre,296.8,,,तुळजापुर,कोल्हापुर,304.5,09:30,17:10,,,,,
85543,Tuljapur-Malvan,Tuljapur,Malvan,,MO,23397,Chokak,298.8,,,तुळजापुर,कोल्हापुर,304.5,09:30,17:10,,,,,
85543,Tuljapur-Malvan,Tuljapur,Malvan,,MO,24946,"Mouje Vadgaon Fata",299.8,,,तुळजापुर,कोल्हापुर,304.5,09:30,17:10,,,,,
85543,Tuljapur-Malvan,Tuljapur,Malvan,,MO,25589,"Siroli Fata",302.8,,,तुळजापुर,कोल्हापुर,304.5,09:30,17:10,,,,,
85543,Tuljapur-Malvan,Tuljapur,Malvan,,MO,25536,"Shahu Market Yard",305.8,,,तुळजापुर,कोल्हापुर,304.5,09:30,17:10,,,,,
85543,Tuljapur-Malvan,Tuljapur,Malvan,,MO,24359,Kolhapur,306.9,,,तुळजापुर,कोल्हापुर,304.5,09:30,17:10,,,,,
85543,Tuljapur-Malvan,Tuljapur,Malvan,,MO,25400,Rankala,310.1,,,तुळजापुर,कोल्हापुर,304.5,09:30,17:10,,,,,
85543,Tuljapur-Malvan,Tuljapur,Malvan,,MO,25083,"New Washi Naka",313.8,,,तुळजापुर,कोल्हापुर,304.5,09:30,17:10,,,,,
85543,Tuljapur-Malvan,Tuljapur,Malvan,,MO,26066,Washi,318.9,,,तुळजापुर,कोल्हापुर,304.5,09:30,17:10,,,,,
85543,Tuljapur-Malvan,Tuljapur,Malvan,,MO,24388,Kandgaon,327.8,,,तुळजापुर,कोल्हापुर,304.5,09:30,17:10,,,,,
85543,Tuljapur-Malvan,Tuljapur,Malvan,,MO,23945,Haldi,330.8,,,तुळजापुर,कोल्हापुर,304.5,09:30,17:10,,,,,
85543,Tuljapur-Malvan,Tuljapur,Malvan,,MO,24502,Kurukali,333.8,,,तुळजापुर,कोल्हापुर,304.5,09:30,17:10,,,,,
85543,Tuljapur-Malvan,Tuljapur,Malvan,,MO,23303,"Bhogawati Sugar Factory",338.8,,,तुळजापुर,कोल्हापुर,304.5,09:30,17:10,,,,,
85543,Tuljapur-Malvan,Tuljapur,Malvan,,MO,23768,Ghotavade,340.8,,,तुळजापुर,कोल्हापुर,304.5,09:30,17:10,,,,,
85543,Tuljapur-Malvan,Tuljapur,Malvan,,MO,25709,Sirse,343.8,,,तुळजापुर,कोल्हापुर,304.5,09:30,17:10,,,,,
85543,Tuljapur-Malvan,Tuljapur,Malvan,,MO,23014,"Amjai Varavade",344.8,,,तुळजापुर,कोल्हापुर,304.5,09:30,17:10,,,,,
85543,Tuljapur-Malvan,Tuljapur,Malvan,,MO,30598,Awali,346.8,,,तुळजापुर,कोल्हापुर,304.5,09:30,17:10,,,,,
85543,Tuljapur-Malvan,Tuljapur,Malvan,,MO,23049,Anaje,349.8,,,तुळजापुर,कोल्हापुर,304.5,09:30,17:10,,,,,
85543,Tuljapur-Malvan,Tuljapur,Malvan,,MO,23779,Gaiby,351.8,,,तुळजापुर,कोल्हापुर,304.5,09:30,17:10,,,,,
85543,Tuljapur-Malvan,Tuljapur,Malvan,,MO,25336,Radhanagari,355.8,,,तुळजापुर,कोल्हापुर,304.5,09:30,17:10,,,,,
85543,Tuljapur-Malvan,Tuljapur,Malvan,,MO,24014,Hatimahal,357.8,,,तुळजापुर,कोल्हापुर,304.5,09:30,17:10,,,,,
85543,Tuljapur-Malvan,Tuljapur,Malvan,,MO,25393,"Radhanagri Dam",361.8,,,तुळजापुर,कोल्हापुर,304.5,09:30,17:10,,,,,
85543,Tuljapur-Malvan,Tuljapur,Malvan,,MO,23601,Daoudwadi,363.8,,,तुळजापुर,कोल्हापुर,304.5,09:30,17:10,,,,,
85543,Tuljapur-Malvan,Tuljapur,Malvan,,MO,30607,Ajiwade,366.8,,,तुळजापुर,कोल्हापुर,304.5,09:30,17:10,,,,,
85543,Tuljapur-Malvan,Tuljapur,Malvan,,MO,25530,Shelap,369.8,,,तुळजापुर,कोल्हापुर,304.5,09:30,17:10,,,,,
85543,Tuljapur-Malvan,Tuljapur,Malvan,,MO,23137,Bambar,372.8,,,तुळजापुर,कोल्हापुर,304.5,09:30,17:10,,,,,
85543,Tuljapur-Malvan,Tuljapur,Malvan,,MO,25038,Naniwade,375.8,,,तुळजापुर,कोल्हापुर,304.5,09:30,17:10,,,,,
85543,Tuljapur-Malvan,Tuljapur,Malvan,,MO,24004,Hasane,378.8,,,तुळजापुर,कोल्हापुर,304.5,09:30,17:10,,,,,
85543,Tuljapur-Malvan,Tuljapur,Malvan,,MO,23566,Dajipur,382.8,,,तुळजापुर,कोल्हापुर,304.5,09:30,17:10,,,,,
85543,Tuljapur-Malvan,Tuljapur,Malvan,,MO,2723,"Ganguchi Wadi",385.8,,,तुळजापुर,कोल्हापुर,304.5,09:30,17:10,,,,,
85543,Tuljapur-Malvan,Tuljapur,Malvan,,MO,2904,Phonda,397.8,,,तुळजापुर,कोल्हापुर,304.5,09:30,17:10,,,,,
85543,Tuljapur-Malvan,Tuljapur,Malvan,,MO,2787,"Kankavli Nandgaon Fata",401.8,,,तुळजापुर,कोल्हापुर,304.5,09:30,17:10,,,,,
85543,Tuljapur-Malvan,Tuljapur,Malvan,,MO,2781,Kanadewadi,404.8,,,तुळजापुर,कोल्हापुर,304.5,09:30,17:10,,,,,
85543,Tuljapur-Malvan,Tuljapur,Malvan,,MO,2757,"Humrath Mal Ghorpiwadi",407.8,,,तुळजापुर,कोल्हापुर,304.5,09:30,17:10,,,,,
85543,Tuljapur-Malvan,Tuljapur,Malvan,,MO,2756,"Humrat Titha",410.8,,,तुळजापुर,कोल्हापुर,304.5,09:30,17:10,,,,,
85543,Tuljapur-Malvan,Tuljapur,Malvan,,MO,2766,Janavali,413.8,,,तुळजापुर,कोल्हापुर,304.5,09:30,17:10,,,,,
85543,Tuljapur-Malvan,Tuljapur,Malvan,,MO,2786,Kankavli,416.8,,,तुळजापुर,कोल्हापुर,304.5,09:30,17:10,,,,,
85543,Tuljapur-Malvan,Tuljapur,Malvan,,MO,3001,"Wagade Gpo",419.8,,,तुळजापुर,कोल्हापुर,304.5,09:30,17:10,,,,,
85543,Tuljapur-Malvan,Tuljapur,Malvan,,MO,2692,Dangalwadi,422.8,,,तुळजापुर,कोल्हापुर,304.5,09:30,17:10,,,,,
85543,Tuljapur-Malvan,Tuljapur,Malvan,,MO,2891,"Osargaon Talav",425.8,,,तुळजापुर,कोल्हापुर,304.5,09:30,17:10,,,,,
85543,Tuljapur-Malvan,Tuljapur,Malvan,,MO,2890,"Osargaon Post",428.8,,,तुळजापुर,कोल्हापुर,304.5,09:30,17:10,,,,,
85543,Tuljapur-Malvan,Tuljapur,Malvan,,MO,6281,Kasal,432.8,,,तुळजापुर,कोल्हापुर,304.5,09:30,17:10,,,,,
85543,Tuljapur-Malvan,Tuljapur,Malvan,,MO,6368,Padve,435.8,,,तुळजापुर,कोल्हापुर,304.5,09:30,17:10,,,,,
85543,Tuljapur-Malvan,Tuljapur,Malvan,,MO,6392,"Ranbambuli Fata",436.8,,,तुळजापुर,कोल्हापुर,304.5,09:30,17:10,,,,,
85543,Tuljapur-Malvan,Tuljapur,Malvan,,MO,6424,Sukalwad,438.8,,,तुळजापुर,कोल्हापुर,304.5,09:30,17:10,,,,,
85543,Tuljapur-Malvan,Tuljapur,Malvan,,MO,6993,"Sawarwad Varad Fata",441.8,,,तुळजापुर,कोल्हापुर,304.5,09:30,17:10,,,,,
85543,Tuljapur-Malvan,Tuljapur,Malvan,,MO,6870,Katta,444.8,,,तुळजापुर,कोल्हापुर,304.5,09:30,17:10,,,,,
85543,Tuljapur-Malvan,Tuljapur,Malvan,,MO,6770,Bagwadi,447.8,,,तुळजापुर,कोल्हापुर,304.5,09:30,17:10,,,,,
85543,Tuljapur-Malvan,Tuljapur,Malvan,,MO,6985,"Salel Nangarbhat",450.8,,,तुळजापुर,कोल्हापुर,304.5,09:30,17:10,,,,,
85543,Tuljapur-Malvan,Tuljapur,Malvan,,MO,6799,Chouke,453.8,,,तुळजापुर,कोल्हापुर,304.5,09:30,17:10,,,,,
85543,Tuljapur-Malvan,Tuljapur,Malvan,,MO,6750,"Ajagaonkar Bangala",456.8,,,तुळजापुर,कोल्हापुर,304.5,09:30,17:10,,,,,
85543,Tuljapur-Malvan,Tuljapur,Malvan,,MO,6897,"Kumbharmath Govekar Dukan",459.8,,,तुळजापुर,कोल्हापुर,304.5,09:30,17:10,,,,,
85543,Tuljapur-Malvan,Tuljapur,Malvan,,MO,6915,Malvan,465.8,,,तुळजापुर,कोल्हापुर,304.5,09:30,17:10,,,,,
10672,Barshi-Malvan,Barshi,Malvan,,MO,20185,Barshi,,,,बार्शी,सांगली,222.2,06:30,12:15,,,,,
10672,Barshi-Malvan,Barshi,Malvan,,MO,20281,"Khandvi Gaon",6.9,,,बार्शी,सांगली,222.2,06:30,12:15,,,,,
10672,Barshi-Malvan,Barshi,Malvan,,MO,20400,"Shrifatapimpari Fata",10,,,बार्शी,सांगली,222.2,06:30,12:15,,,,,
10672,Barshi-Malvan,Barshi,Malvan,,MO,40893,Ridhore,13.7,,,बार्शी,सांगली,222.2,06:30,12:15,,,,,
10672,Barshi-Malvan,Barshi,Malvan,,MO,40826,Mhaisgaon,16.1,,,बार्शी,सांगली,222.2,06:30,12:15,,,,,
10672,Barshi-Malvan,Barshi,Malvan,,MO,40805,Kurduwadi,27.7,,,बार्शी,सांगली,222.2,06:30,12:15,,,,,
10672,Barshi-Malvan,Barshi,Malvan,,MO,40692,"Bhutasheta Fata",42.4,,,बार्शी,सांगली,222.2,06:30,12:15,,,,,
10672,Barshi-Malvan,Barshi,Malvan,,MO,40869,Padsali,45.4,,,बार्शी,सांगली,222.2,06:30,12:15,,,,,
10672,Barshi-Malvan,Barshi,Malvan,,MO,40926,"Shetphal X Rd.",54.4,,,बार्शी,सांगली,222.2,06:30,12:15,,,,,
10672,Barshi-Malvan,Barshi,Malvan,,MO,40656,Ashti,73,,,बार्शी,सांगली,222.2,06:30,12:15,,,,,
10672,Barshi-Malvan,Barshi,Malvan,,MO,43925,Ropale,77,,,बार्शी,सांगली,222.2,06:30,12:15,,,,,
10672,Barshi-Malvan,Barshi,Malvan,,MO,43643,Adhiv,78,,,बार्शी,सांगली,222.2,06:30,12:15,,,,,
10672,Barshi-Malvan,Barshi,Malvan,,MO,44023,Visawa,81,,,बार्शी,सांगली,222.2,06:30,12:15,,,,,
10672,Barshi-Malvan,Barshi,Malvan,,MO,43899,Pandharpur,86.8,,,बार्शी,सांगली,222.2,06:30,12:15,,,,,
10672,Barshi-Malvan,Barshi,Malvan,,MO,43806,Khardi,101.3,,,बार्शी,सांगली,222.2,06:30,12:15,,,,,
10672,Barshi-Malvan,Barshi,Malvan,,MO,47652,Sangola,120.9,,,बार्शी,सांगली,222.2,06:30,12:15,,,,,
10672,Barshi-Malvan,Barshi,Malvan,,MO,47679,Vatamare,134.7,,,बार्शी,सांगली,222.2,06:30,12:15,,,,,
10672,Barshi-Malvan,Barshi,Malvan,,MO,47617,"Nazare Math",137.4,,,बार्शी,सांगली,222.2,06:30,12:15,,,,,
10672,Barshi-Malvan,Barshi,Malvan,,MO,47548,Junoni,140,,,बार्शी,सांगली,222.2,06:30,12:15,,,,,
10672,Barshi-Malvan,Barshi,Malvan,,MO,47614,"Nagaj Fata",161.9,,,बार्शी,सांगली,222.2,06:30,12:15,,,,,
10672,Barshi-Malvan,Barshi,Malvan,,MO,32873,Kuchi,175.7,,,बार्शी,सांगली,222.2,06:30,12:15,,,,,
10672,Barshi-Malvan,Barshi,Malvan,,MO,32950,Shirdhon,184.2,,,बार्शी,सांगली,222.2,06:30,12:15,,,,,
10672,Barshi-Malvan,Barshi,Malvan,,MO,33967,Miraj,215.4,,,बार्शी,सांगली,222.2,06:30,12:15,,,,,
10672,Barshi-Malvan,Barshi,Malvan,,MO,34134,"Sortur Corner",219,,,बार्शी,सांगली,222.2,06:30,12:15,,,,,
10672,Barshi-Malvan,Barshi,Malvan,,MO,34196,"Vijay Nagar",222,,,बार्शी,सांगली,222.2,06:30,12:15,,,,,
10672,Barshi-Malvan,Barshi,Malvan,,MO,34200,"Vasant Market Yard",225,,,बार्शी,सांगली,222.2,06:30,12:15,,,,,
10672,Barshi-Malvan,Barshi,Malvan,,MO,34093,Sangli,227.4,,,बार्शी,सांगली,222.2,06:30,12:15,,,,,
10672,Barshi-Malvan,Barshi,Malvan,,MO,33636,Akali,233.3,,,बार्शी,सांगली,222.2,06:30,12:15,,,,,
10672,Barshi-Malvan,Barshi,Malvan,,MO,24134,Jaisingpur,236.3,,,बार्शी,सांगली,222.2,06:30,12:15,,,,,
10672,Barshi-Malvan,Barshi,Malvan,,MO,23396,Chipari,242.3,,,बार्शी,सांगली,222.2,06:30,12:15,,,,,
10672,Barshi-Malvan,Barshi,Malvan,,MO,25001,Nimshirgoan,246,,,बार्शी,सांगली,222.2,06:30,12:15,,,,,
10672,Barshi-Malvan,Barshi,Malvan,,MO,24013,Hatkanangale,253,,,बार्शी,सांगली,222.2,06:30,12:15,,,,,
10672,Barshi-Malvan,Barshi,Malvan,,MO,23822,"Ghodawat Knowledge City",260,,,बार्शी,सांगली,222.2,06:30,12:15,,,,,
10672,Barshi-Malvan,Barshi,Malvan,,MO,23093,Atigre,263,,,बार्शी,सांगली,222.2,06:30,12:15,,,,,
10672,Barshi-Malvan,Barshi,Malvan,,MO,23397,Chokak,264,,,बार्शी,सांगली,222.2,06:30,12:15,,,,,
10672,Barshi-Malvan,Barshi,Malvan,,MO,23993,Herle,265,,,बार्शी,सांगली,222.2,06:30,12:15,,,,,
10672,Barshi-Malvan,Barshi,Malvan,,MO,24946,"Mouje Vadgaon Fata",266,,,बार्शी,सांगली,222.2,06:30,12:15,,,,,
10672,Barshi-Malvan,Barshi,Malvan,,MO,25652,"Sangli Fata",269,,,बार्शी,सांगली,222.2,06:30,12:15,,,,,
10672,Barshi-Malvan,Barshi,Malvan,,MO,24904,"Market Yard",272,,,बार्शी,सांगली,222.2,06:30,12:15,,,,,
10672,Barshi-Malvan,Barshi,Malvan,,MO,24359,Kolhapur,274.1,,,बार्शी,सांगली,222.2,06:30,12:15,,,,,
10672,Barshi-Malvan,Barshi,Malvan,,MO,25400,Rankala,277.3,,,बार्शी,सांगली,222.2,06:30,12:15,,,,,
10672,Barshi-Malvan,Barshi,Malvan,,MO,25083,"New Washi Naka",281,,,बार्शी,सांगली,222.2,06:30,12:15,,,,,
10672,Barshi-Malvan,Barshi,Malvan,,MO,25385,"Ram Mandir",283.8,,,बार्शी,सांगली,222.2,06:30,12:15,,,,,
10672,Barshi-Malvan,Barshi,Malvan,,MO,25170,Peerwadi,285.1,,,बार्शी,सांगली,222.2,06:30,12:15,,,,,
10672,Barshi-Malvan,Barshi,Malvan,,MO,26066,Washi,286.1,,,बार्शी,सांगली,222.2,06:30,12:15,,,,,
10672,Barshi-Malvan,Barshi,Malvan,,MO,24388,Kandgaon,292,,,बार्शी,सांगली,222.2,06:30,12:15,,,,,
10672,Barshi-Malvan,Barshi,Malvan,,MO,23669,Devale,293,,,बार्शी,सांगली,222.2,06:30,12:15,,,,,
10672,Barshi-Malvan,Barshi,Malvan,,MO,23945,Haldi,293.5,,,बार्शी,सांगली,222.2,06:30,12:15,,,,,
10672,Barshi-Malvan,Barshi,Malvan,,MO,24444,Kothali,296.5,,,बार्शी,सांगली,222.2,06:30,12:15,,,,,
10672,Barshi-Malvan,Barshi,Malvan,,MO,24502,Kurukali,297.2,,,बार्शी,सांगली,222.2,06:30,12:15,,,,,
10672,Barshi-Malvan,Barshi,Malvan,,MO,23216,"Bhogavati Sugar Factory",301.6,,,बार्शी,सांगली,222.2,06:30,12:15,,,,,
10672,Barshi-Malvan,Barshi,Malvan,,MO,23768,Ghotavade,303.7,,,बार्शी,सांगली,222.2,06:30,12:15,,,,,
10672,Barshi-Malvan,Barshi,Malvan,,MO,24207,Kaulav,305.4,,,बार्शी,सांगली,222.2,06:30,12:15,,,,,
10672,Barshi-Malvan,Barshi,Malvan,,MO,25521,Shirase,307.4,,,बार्शी,सांगली,222.2,06:30,12:15,,,,,
10672,Barshi-Malvan,Barshi,Malvan,,MO,23014,"Amjai Varavade",308.5,,,बार्शी,सांगली,222.2,06:30,12:15,,,,,
10672,Barshi-Malvan,Barshi,Malvan,,MO,25308,"Power House",310,,,बार्शी,सांगली,222.2,06:30,12:15,,,,,
10672,Barshi-Malvan,Barshi,Malvan,,MO,30598,Awali,310.4,,,बार्शी,सांगली,222.2,06:30,12:15,,,,,
10672,Barshi-Malvan,Barshi,Malvan,,MO,23049,Anaje,314,,,बार्शी,सांगली,222.2,06:30,12:15,,,,,
10672,Barshi-Malvan,Barshi,Malvan,,MO,24322,"Khindi Vharavade",316.5,,,बार्शी,सांगली,222.2,06:30,12:15,,,,,
10672,Barshi-Malvan,Barshi,Malvan,,MO,23779,Gaiby,321.5,,,बार्शी,सांगली,222.2,06:30,12:15,,,,,
10672,Barshi-Malvan,Barshi,Malvan,,MO,25336,Radhanagari,326.3,,,बार्शी,सांगली,222.2,06:30,12:15,,,,,
10672,Barshi-Malvan,Barshi,Malvan,,MO,24014,Hatimahal,329,,,बार्शी,सांगली,222.2,06:30,12:15,,,,,
10672,Barshi-Malvan,Barshi,Malvan,,MO,23695,Fejiwade,330.5,,,बार्शी,सांगली,222.2,06:30,12:15,,,,,
10672,Barshi-Malvan,Barshi,Malvan,,MO,25393,"Radhanagri Dam",331.5,,,बार्शी,सांगली,222.2,06:30,12:15,,,,,
10672,Barshi-Malvan,Barshi,Malvan,,MO,23601,Daoudwadi,333.7,,,बार्शी,सांगली,222.2,06:30,12:15,,,,,
10672,Barshi-Malvan,Barshi,Malvan,,MO,25080,"New Karanje",335.7,,,बार्शी,सांगली,222.2,06:30,12:15,,,,,
10672,Barshi-Malvan,Barshi,Malvan,,MO,30607,Ajiwade,336.7,,,बार्शी,सांगली,222.2,06:30,12:15,,,,,
10672,Barshi-Malvan,Barshi,Malvan,,MO,24697,Mandarewadi,339.1,,,बार्शी,सांगली,222.2,06:30,12:15,,,,,
10672,Barshi-Malvan,Barshi,Malvan,,MO,25530,Shelap,340.1,,,बार्शी,सांगली,222.2,06:30,12:15,,,,,
10672,Barshi-Malvan,Barshi,Malvan,,MO,23137,Bambar,342.7,,,बार्शी,सांगली,222.2,06:30,12:15,,,,,
10672,Barshi-Malvan,Barshi,Malvan,,MO,25038,Naniwade,345.7,,,बार्शी,सांगली,222.2,06:30,12:15,,,,,
10672,Barshi-Malvan,Barshi,Malvan,,MO,24004,Hasane,349.1,,,बार्शी,सांगली,222.2,06:30,12:15,,,,,
10672,Barshi-Malvan,Barshi,Malvan,,MO,23566,Dajipur,355.6,,,बार्शी,सांगली,222.2,06:30,12:15,,,,,
10672,Barshi-Malvan,Barshi,Malvan,,MO,2723,"Ganguchi Wadi",367,,,बार्शी,सांगली,222.2,06:30,12:15,,,,,
10672,Barshi-Malvan,Barshi,Malvan,,MO,2904,Phonda,370,,,बार्शी,सांगली,222.2,06:30,12:15,,,,,
10672,Barshi-Malvan,Barshi,Malvan,,MO,2787,"Kankavli Nandgaon Fata",373,,,बार्शी,सांगली,222.2,06:30,12:15,,,,,
10672,Barshi-Malvan,Barshi,Malvan,,MO,2781,Kanadewadi,375.1,,,बार्शी,सांगली,222.2,06:30,12:15,,,,,
10672,Barshi-Malvan,Barshi,Malvan,,MO,2757,"Humrath Mal Ghorpiwadi",379,,,बार्शी,सांगली,222.2,06:30,12:15,,,,,
10672,Barshi-Malvan,Barshi,Malvan,,MO,2756,"Humrat Titha",381.1,,,बार्शी,सांगली,222.2,06:30,12:15,,,,,
10672,Barshi-Malvan,Barshi,Malvan,,MO,2766,Janavali,384.1,,,बार्शी,सांगली,222.2,06:30,12:15,,,,,
10672,Barshi-Malvan,Barshi,Malvan,,MO,2786,Kankavli,388.3,,,बार्शी,सांगली,222.2,06:30,12:15,,,,,
10672,Barshi-Malvan,Barshi,Malvan,,MO,3001,"Wagade Gpo",392.5,,,बार्शी,सांगली,222.2,06:30,12:15,,,,,
10672,Barshi-Malvan,Barshi,Malvan,,MO,2692,Dangalwadi,396,,,बार्शी,सांगली,222.2,06:30,12:15,,,,,
10672,Barshi-Malvan,Barshi,Malvan,,MO,2891,"Osargaon Talav",399,,,बार्शी,सांगली,222.2,06:30,12:15,,,,,
10672,Barshi-Malvan,Barshi,Malvan,,MO,2890,"Osargaon Post",399.5,,,बार्शी,सांगली,222.2,06:30,12:15,,,,,
10672,Barshi-Malvan,Barshi,Malvan,,MO,2889,"Osargaon Godaoon",399.6,,,बार्शी,सांगली,222.2,06:30,12:15,,,,,
10672,Barshi-Malvan,Barshi,Malvan,,MO,6281,Kasal,402.6,,,बार्शी,सांगली,222.2,06:30,12:15,,,,,
10672,Barshi-Malvan,Barshi,Malvan,,MO,6368,Padve,405.6,,,बार्शी,सांगली,222.2,06:30,12:15,,,,,
10672,Barshi-Malvan,Barshi,Malvan,,MO,6424,Sukalwad,408.7,,,बार्शी,सांगली,222.2,06:30,12:15,,,,,
10672,Barshi-Malvan,Barshi,Malvan,,MO,6993,"Sawarwad Varad Fata",411.9,,,बार्शी,सांगली,222.2,06:30,12:15,,,,,
10672,Barshi-Malvan,Barshi,Malvan,,MO,6870,Katta,415,,,बार्शी,सांगली,222.2,06:30,12:15,,,,,
10672,Barshi-Malvan,Barshi,Malvan,,MO,6837,"Guramwad Fata",416.8,,,बार्शी,सांगली,222.2,06:30,12:15,,,,,
10672,Barshi-Malvan,Barshi,Malvan,,MO,6770,Bagwadi,419,,,बार्शी,सांगली,222.2,06:30,12:15,,,,,
10672,Barshi-Malvan,Barshi,Malvan,,MO,6985,"Salel Nangarbhat",421.1,,,बार्शी,सांगली,222.2,06:30,12:15,,,,,
10672,Barshi-Malvan,Barshi,Malvan,,MO,6799,Chouke,424.4,,,बार्शी,सांगली,222.2,06:30,12:15,,,,,
10672,Barshi-Malvan,Barshi,Malvan,,MO,6750,"Ajagaonkar Bangala",426.2,,,बार्शी,सांगली,222.2,06:30,12:15,,,,,
10672,Barshi-Malvan,Barshi,Malvan,,MO,6897,"Kumbharmath Govekar Dukan",429.3,,,बार्शी,सांगली,222.2,06:30,12:15,,,,,
10672,Barshi-Malvan,Barshi,Malvan,,MO,6915,Malvan,430,,,बार्शी,सांगली,222.2,06:30,12:15,,,,,
426,"Mumbai Central-Malvan","Mumbai Central",Malvan,,MO,5443,"Mumbai Central",,,,मुंबई,"चिपळुण (शिवाजीनगर)",266.7,04:00,11:20,,,,,
426,"Mumbai Central-Malvan","Mumbai Central",Malvan,,MO,5488,Parel,4.7,,,मुंबई,"चिपळुण (शिवाजीनगर)",266.7,04:00,11:20,,,,,
426,"Mumbai Central-Malvan","Mumbai Central",Malvan,,MO,5335,"Dadar East",6.1,,,मुंबई,"चिपळुण (शिवाजीनगर)",266.7,04:00,11:20,,,,,
426,"Mumbai Central-Malvan","Mumbai Central",Malvan,,MO,5524,Sion,10,,,मुंबई,"चिपळुण (शिवाजीनगर)",266.7,04:00,11:20,,,,,
426,"Mumbai Central-Malvan","Mumbai Central",Malvan,,MO,5427,"Kurla Nehru Nagar",11.2,,,मुंबई,"चिपळुण (शिवाजीनगर)",266.7,04:00,11:20,,,,,
426,"Mumbai Central-Malvan","Mumbai Central",Malvan,,MO,5464,"Maitri Park",16,,,मुंबई,"चिपळुण (शिवाजीनगर)",266.7,04:00,11:20,,,,,
426,"Mumbai Central-Malvan","Mumbai Central",Malvan,,MO,4488,"Vashi Highway",23.1,,,मुंबई,"चिपळुण (शिवाजीनगर)",266.7,04:00,11:20,,,,,
426,"Mumbai Central-Malvan","Mumbai Central",Malvan,,MO,4414,Nerul,29,,,मुंबई,"चिपळुण (शिवाजीनगर)",266.7,04:00,11:20,,,,,
426,"Mumbai Central-Malvan","Mumbai Central",Malvan,,MO,4371,"Khar Ghar",37.5,,,मुंबई,"चिपळुण (शिवाजीनगर)",266.7,04:00,11:20,,,,,
426,"Mumbai Central-Malvan","Mumbai Central",Malvan,,MO,5727,Kamothe,40.5,,,मुंबई,"चिपळुण (शिवाजीनगर)",266.7,04:00,11:20,,,,,
426,"Mumbai Central-Malvan","Mumbai Central",Malvan,,MO,5756,"Kalamboli Highway",41.7,,,मुंबई,"चिपळुण (शिवाजीनगर)",266.7,04:00,11:20,,,,,
426,"Mumbai Central-Malvan","Mumbai Central",Malvan,,MO,5842,Panvel,46.5,,,मुंबई,"चिपळुण (शिवाजीनगर)",266.7,04:00,11:20,,,,,
426,"Mumbai Central-Malvan","Mumbai Central",Malvan,,MO,5848,"Palaspe Fata",49.9,,,मुंबई,"चिपळुण (शिवाजीनगर)",266.7,04:00,11:20,,,,,
426,"Mumbai Central-Malvan","Mumbai Central",Malvan,,MO,5895,"Sangurli Fata",53.3,,,मुंबई,"चिपळुण (शिवाजीनगर)",266.7,04:00,11:20,,,,,
426,"Mumbai Central-Malvan","Mumbai Central",Malvan,,MO,5728,"Karnala Bird Sanctuary",58.6,,,मुंबई,"चिपळुण (शिवाजीनगर)",266.7,04:00,11:20,,,,,
426,"Mumbai Central-Malvan","Mumbai Central",Malvan,,MO,5746,Kalhe,61.7,,,मुंबई,"चिपळुण (शिवाजीनगर)",266.7,04:00,11:20,,,,,
426,"Mumbai Central-Malvan","Mumbai Central",Malvan,,MO,5912,Tara,63.7,,,मुंबई,"चिपळुण (शिवाजीनगर)",266.7,04:00,11:20,,,,,
426,"Mumbai Central-Malvan","Mumbai Central",Malvan,,MO,1229,Jite,68.9,,,मुंबई,"चिपळुण (शिवाजीनगर)",266.7,04:00,11:20,,,,,
426,"Mumbai Central-Malvan","Mumbai Central",Malvan,,MO,1226,Irwadi,74.5,,,मुंबई,"चिपळुण (शिवाजीनगर)",266.7,04:00,11:20,,,,,
426,"Mumbai Central-Malvan","Mumbai Central",Malvan,,MO,1279,Ramwadi,78.8,,,मुंबई,"चिपळुण (शिवाजीनगर)",266.7,04:00,11:20,,,,,
426,"Mumbai Central-Malvan","Mumbai Central",Malvan,,MO,1303,Wadkhal,81.2,,,मुंबई,"चिपळुण (शिवाजीनगर)",266.7,04:00,11:20,,,,,
426,"Mumbai Central-Malvan","Mumbai Central",Malvan,,MO,1213,Gadab,84.5,,,मुंबई,"चिपळुण (शिवाजीनगर)",266.7,04:00,11:20,,,,,
426,"Mumbai Central-Malvan","Mumbai Central",Malvan,,MO,1255,Kharpale,88,,,मुंबई,"चिपळुण (शिवाजीनगर)",266.7,04:00,11:20,,,,,
426,"Mumbai Central-Malvan","Mumbai Central",Malvan,,MO,1249,Koleti,96.6,,,मुंबई,"चिपळुण (शिवाजीनगर)",266.7,04:00,11:20,,,,,
426,"Mumbai Central-Malvan","Mumbai Central",Malvan,,MO,1549,Palas,97,,,मुंबई,"चिपळुण (शिवाजीनगर)",266.7,04:00,11:20,,,,,
426,"Mumbai Central-Malvan","Mumbai Central",Malvan,,MO,1544,"Nidi Bridge",100,,,मुंबई,"चिपळुण (शिवाजीनगर)",266.7,04:00,11:20,,,,,
426,"Mumbai Central-Malvan","Mumbai Central",Malvan,,MO,1546,"Nagothane Fata",101.6,,,मुंबई,"चिपळुण (शिवाजीनगर)",266.7,04:00,11:20,,,,,
426,"Mumbai Central-Malvan","Mumbai Central",Malvan,,MO,1597,Wakan,104.3,,,मुंबई,"चिपळुण (शिवाजीनगर)",266.7,04:00,11:20,,,,,
426,"Mumbai Central-Malvan","Mumbai Central",Malvan,,MO,1573,Sukeli,111,,,मुंबई,"चिपळुण (शिवाजीनगर)",266.7,04:00,11:20,,,,,
426,"Mumbai Central-Malvan","Mumbai Central",Malvan,,MO,1552,Pugaon,116.4,,,मुंबई,"चिपळुण (शिवाजीनगर)",266.7,04:00,11:20,,,,,
426,"Mumbai Central-Malvan","Mumbai Central",Malvan,,MO,1531,Kolad,119.4,,,मुंबई,"चिपळुण (शिवाजीनगर)",266.7,04:00,11:20,,,,,
426,"Mumbai Central-Malvan","Mumbai Central",Malvan,,MO,1599,Warasgaon,123.9,,,मुंबई,"चिपळुण (शिवाजीनगर)",266.7,04:00,11:20,,,,,
426,"Mumbai Central-Malvan","Mumbai Central",Malvan,,MO,1578,Talwali,124,,,मुंबई,"चिपळुण (शिवाजीनगर)",266.7,04:00,11:20,,,,,
426,"Mumbai Central-Malvan","Mumbai Central",Malvan,,MO,915,Rathwad,129.3,,,मुंबई,"चिपळुण (शिवाजीनगर)",266.7,04:00,11:20,,,,,
426,"Mumbai Central-Malvan","Mumbai Central",Malvan,,MO,969,"Wave Diwali",132,,,मुंबई,"चिपळुण (शिवाजीनगर)",266.7,04:00,11:20,,,,,
426,"Mumbai Central-Malvan","Mumbai Central",Malvan,,MO,825,Indapur,135.9,,,मुंबई,"चिपळुण (शिवाजीनगर)",266.7,04:00,11:20,,,,,
426,"Mumbai Central-Malvan","Mumbai Central",Malvan,,MO,950,Vighavali,137.9,,,मुंबई,"चिपळुण (शिवाजीनगर)",266.7,04:00,11:20,,,,,
426,"Mumbai Central-Malvan","Mumbai Central",Malvan,,MO,938,Tilore,139,,,मुंबई,"चिपळुण (शिवाजीनगर)",266.7,04:00,11:20,,,,,
426,"Mumbai Central-Malvan","Mumbai Central",Malvan,,MO,886,Nanore,142,,,मुंबई,"चिपळुण (शिवाजीनगर)",266.7,04:00,11:20,,,,,
426,"Mumbai Central-Malvan","Mumbai Central",Malvan,,MO,879,Mangaon,144.8,,,मुंबई,"चिपळुण (शिवाजीनगर)",266.7,04:00,11:20,,,,,
426,"Mumbai Central-Malvan","Mumbai Central",Malvan,,MO,812,Garal,149,,,मुंबई,"चिपळुण (शिवाजीनगर)",266.7,04:00,11:20,,,,,
426,"Mumbai Central-Malvan","Mumbai Central",Malvan,,MO,912,Repoli,152,,,मुंबई,"चिपळुण (शिवाजीनगर)",266.7,04:00,11:20,,,,,
426,"Mumbai Central-Malvan","Mumbai Central",Malvan,,MO,868,Lonere,153,,,मुंबई,"चिपळुण (शिवाजीनगर)",266.7,04:00,11:20,,,,,
426,"Mumbai Central-Malvan","Mumbai Central",Malvan,,MO,866,"Lonere Bridge",153.7,,,मुंबई,"चिपळुण (शिवाजीनगर)",266.7,04:00,11:20,,,,,
426,"Mumbai Central-Malvan","Mumbai Central",Malvan,,MO,962,Wadpale,156.6,,,मुंबई,"चिपळुण (शिवाजीनगर)",266.7,04:00,11:20,,,,,
426,"Mumbai Central-Malvan","Mumbai Central",Malvan,,MO,720,"Tol Fata",160,,,मुंबई,"चिपळुण (शिवाजीनगर)",266.7,04:00,11:20,,,,,
426,"Mumbai Central-Malvan","Mumbai Central",Malvan,,MO,601,Mahad,176.1,,,मुंबई,"चिपळुण (शिवाजीनगर)",266.7,04:00,11:20,,,,,
426,"Mumbai Central-Malvan","Mumbai Central",Malvan,,MO,624,Nadgaon,178.8,,,मुंबई,"चिपळुण (शिवाजीनगर)",266.7,04:00,11:20,,,,,
426,"Mumbai Central-Malvan","Mumbai Central",Malvan,,MO,665,"Rajewadi Fata",182,,,मुंबई,"चिपळुण (शिवाजीनगर)",266.7,04:00,11:20,,,,,
426,"Mumbai Central-Malvan","Mumbai Central",Malvan,,MO,476,"Chandave Khurd",184.2,,,मुंबई,"चिपळुण (शिवाजीनगर)",266.7,04:00,11:20,,,,,
426,"Mumbai Central-Malvan","Mumbai Central",Malvan,,MO,1430,Parle,187.8,,,मुंबई,"चिपळुण (शिवाजीनगर)",266.7,04:00,11:20,,,,,
426,"Mumbai Central-Malvan","Mumbai Central",Malvan,,MO,1412,Loharmal,190.2,,,मुंबई,"चिपळुण (शिवाजीनगर)",266.7,04:00,11:20,,,,,
426,"Mumbai Central-Malvan","Mumbai Central",Malvan,,MO,1428,Poladpur,193.7,,,मुंबई,"चिपळुण (शिवाजीनगर)",266.7,04:00,11:20,,,,,
426,"Mumbai Central-Malvan","Mumbai Central",Malvan,,MO,1443,Sadavali,196,,,मुंबई,"चिपळुण (शिवाजीनगर)",266.7,04:00,11:20,,,,,
426,"Mumbai Central-Malvan","Mumbai Central",Malvan,,MO,1352,Dhamandevi,197.6,,,मुंबई,"चिपळुण (शिवाजीनगर)",266.7,04:00,11:20,,,,,
426,"Mumbai Central-Malvan","Mumbai Central",Malvan,,MO,1382,"Kashedi Bungalow",205.3,,,मुंबई,"चिपळुण (शिवाजीनगर)",266.7,04:00,11:20,,,,,
426,"Mumbai Central-Malvan","Mumbai Central",Malvan,,MO,77741,"Kashedi Amba",208.3,,,मुंबई,"चिपळुण (शिवाजीनगर)",266.7,04:00,11:20,,,,,
426,"Mumbai Central-Malvan","Mumbai Central",Malvan,,MO,77737,"Kashedi Ghat Ends",211.7,,,मुंबई,"चिपळुण (शिवाजीनगर)",266.7,04:00,11:20,,,,,
426,"Mumbai Central-Malvan","Mumbai Central",Malvan,,MO,77882,Natunagar,216.7,,,मुंबई,"चिपळुण (शिवाजीनगर)",266.7,04:00,11:20,,,,,
426,"Mumbai Central-Malvan","Mumbai Central",Malvan,,MO,78155,Udhale,221.4,,,मुंबई,"चिपळुण (शिवाजीनगर)",266.7,04:00,11:20,,,,,
426,"Mumbai Central-Malvan","Mumbai Central",Malvan,,MO,77608,Kalambani,224.6,,,मुंबई,"चिपळुण (शिवाजीनगर)",266.7,04:00,11:20,,,,,
426,"Mumbai Central-Malvan","Mumbai Central",Malvan,,MO,76025,"Bharna Naka",230.4,,,मुंबई,"चिपळुण (शिवाजीनगर)",266.7,04:00,11:20,,,,,
426,"Mumbai Central-Malvan","Mumbai Central",Malvan,,MO,77830,Morvande,233.8,,,मुंबई,"चिपळुण (शिवाजीनगर)",266.7,04:00,11:20,,,,,
426,"Mumbai Central-Malvan","Mumbai Central",Malvan,,MO,77419,Dabhil,240.2,,,मुंबई,"चिपळुण (शिवाजीनगर)",266.7,04:00,11:20,,,,,
426,"Mumbai Central-Malvan","Mumbai Central",Malvan,,MO,77779,"Lawel P/U Ohed",242.4,,,मुंबई,"चिपळुण (शिवाजीनगर)",266.7,04:00,11:20,,,,,
426,"Mumbai Central-Malvan","Mumbai Central",Malvan,,MO,77262,"Awashi Dispensary",244,,,मुंबई,"चिपळुण (शिवाजीनगर)",266.7,04:00,11:20,,,,,
426,"Mumbai Central-Malvan","Mumbai Central",Malvan,,MO,77771,Lote,246.8,,,मुंबई,"चिपळुण (शिवाजीनगर)",266.7,04:00,11:20,,,,,
426,"Mumbai Central-Malvan","Mumbai Central",Malvan,,MO,77914,Pinlote,249,,,मुंबई,"चिपळुण (शिवाजीनगर)",266.7,04:00,11:20,,,,,
426,"Mumbai Central-Malvan","Mumbai Central",Malvan,,MO,11074,Parshuram,252.4,,,मुंबई,"चिपळुण (शिवाजीनगर)",266.7,04:00,11:20,,,,,
426,"Mumbai Central-Malvan","Mumbai Central",Malvan,,MO,10242,"Bahadur Shaikh Naka",263,,,मुंबई,"चिपळुण (शिवाजीनगर)",266.7,04:00,11:20,,,,,
426,"Mumbai Central-Malvan","Mumbai Central",Malvan,,MO,11172,"Shivaji Nagar",265,,,मुंबई,"चिपळुण (शिवाजीनगर)",266.7,04:00,11:20,,,,,
426,"Mumbai Central-Malvan","Mumbai Central",Malvan,,MO,10379,Chiplun,265.9,,,मुंबई,"चिपळुण (शिवाजीनगर)",266.7,04:00,11:20,,,,,
426,"Mumbai Central-Malvan","Mumbai Central",Malvan,,MO,10761,Kapsal,268.6,,,मुंबई,"चिपळुण (शिवाजीनगर)",266.7,04:00,11:20,,,,,
426,"Mumbai Central-Malvan","Mumbai Central",Malvan,,MO,10388,"Dharan Stop",269,,,मुंबई,"चिपळुण (शिवाजीनगर)",266.7,04:00,11:20,,,,,
426,"Mumbai Central-Malvan","Mumbai Central",Malvan,,MO,10612,Kamathe,271.6,,,मुंबई,"चिपळुण (शिवाजीनगर)",266.7,04:00,11:20,,,,,
426,"Mumbai Central-Malvan","Mumbai Central",Malvan,,MO,11237,Tawar,275,,,मुंबई,"चिपळुण (शिवाजीनगर)",266.7,04:00,11:20,,,,,
426,"Mumbai Central-Malvan","Mumbai Central",Malvan,,MO,10602,Kandamale,277.6,,,मुंबई,"चिपळुण (शिवाजीनगर)",266.7,04:00,11:20,,,,,
426,"Mumbai Central-Malvan","Mumbai Central",Malvan,,MO,11229,Sawarde,281,,,मुंबई,"चिपळुण (शिवाजीनगर)",266.7,04:00,11:20,,,,,
426,"Mumbai Central-Malvan","Mumbai Central",Malvan,,MO,10204,Agave,284,,,मुंबई,"चिपळुण (शिवाजीनगर)",266.7,04:00,11:20,,,,,
426,"Mumbai Central-Malvan","Mumbai Central",Malvan,,MO,10233,"Asurde .",285.9,,,मुंबई,"चिपळुण (शिवाजीनगर)",266.7,04:00,11:20,,,,,
426,"Mumbai Central-Malvan","Mumbai Central",Malvan,,MO,10232,"Asurde Khind",291,,,मुंबई,"चिपळुण (शिवाजीनगर)",266.7,04:00,11:20,,,,,
426,"Mumbai Central-Malvan","Mumbai Central",Malvan,,MO,76070,"Aravali School",293.3,,,मुंबई,"चिपळुण (शिवाजीनगर)",266.7,04:00,11:20,,,,,
426,"Mumbai Central-Malvan","Mumbai Central",Malvan,,MO,76074,"Aravali Fata",294.6,,,मुंबई,"चिपळुण (शिवाजीनगर)",266.7,04:00,11:20,,,,,
426,"Mumbai Central-Malvan","Mumbai Central",Malvan,,MO,77119,Tural,299.6,,,मुंबई,"चिपळुण (शिवाजीनगर)",266.7,04:00,11:20,,,,,
426,"Mumbai Central-Malvan","Mumbai Central",Malvan,,MO,76224,Dhamni,305.8,,,मुंबई,"चिपळुण (शिवाजीनगर)",266.7,04:00,11:20,,,,,
426,"Mumbai Central-Malvan","Mumbai Central",Malvan,,MO,77014,Sangameshwar,313,,,मुंबई,"चिपळुण (शिवाजीनगर)",266.7,04:00,11:20,,,,,
426,"Mumbai Central-Malvan","Mumbai Central",Malvan,,MO,76814,Ozarkhol,317,,,मुंबई,"चिपळुण (शिवाजीनगर)",266.7,04:00,11:20,,,,,
426,"Mumbai Central-Malvan","Mumbai Central",Malvan,,MO,76603,"Kurdhunda Bunder",319.8,,,मुंबई,"चिपळुण (शिवाजीनगर)",266.7,04:00,11:20,,,,,
426,"Mumbai Central-Malvan","Mumbai Central",Malvan,,MO,76483,"Kolambe Patane Stop",321.3,,,मुंबई,"चिपळुण (शिवाजीनगर)",266.7,04:00,11:20,,,,,
426,"Mumbai Central-Malvan","Mumbai Central",Malvan,,MO,76053,Ambed,323.7,,,मुंबई,"चिपळुण (शिवाजीनगर)",266.7,04:00,11:20,,,,,
426,"Mumbai Central-Malvan","Mumbai Central",Malvan,,MO,76665,Manaskond,327,,,मुंबई,"चिपळुण (शिवाजीनगर)",266.7,04:00,11:20,,,,,
426,"Mumbai Central-Malvan","Mumbai Central",Malvan,,MO,77198,"Wandri Temple",329.3,,,मुंबई,"चिपळुण (शिवाजीनगर)",266.7,04:00,11:20,,,,,
426,"Mumbai Central-Malvan","Mumbai Central",Malvan,,MO,15532,Bawnadi,333.2,,,मुंबई,"चिपळुण (शिवाजीनगर)",266.7,04:00,11:20,,,,,
426,"Mumbai Central-Malvan","Mumbai Central",Malvan,,MO,16027,"Kokje Wathar No.1",337,,,मुंबई,"चिपळुण (शिवाजीनगर)",266.7,04:00,11:20,,,,,
426,"Mumbai Central-Malvan","Mumbai Central",Malvan,,MO,16383,"Nivali Fata",339.6,,,मुंबई,"चिपळुण (शिवाजीनगर)",266.7,04:00,11:20,,,,,
426,"Mumbai Central-Malvan","Mumbai Central",Malvan,,MO,15853,"Hatkhamba Titha",342.1,,,मुंबई,"चिपळुण (शिवाजीनगर)",266.7,04:00,11:20,,,,,
426,"Mumbai Central-Malvan","Mumbai Central",Malvan,,MO,15833,"Hatakhamba Gaon",345.2,,,मुंबई,"चिपळुण (शिवाजीनगर)",266.7,04:00,11:20,,,,,
426,"Mumbai Central-Malvan","Mumbai Central",Malvan,,MO,15482,"Bsnl Tower",347,,,मुंबई,"चिपळुण (शिवाजीनगर)",266.7,04:00,11:20,,,,,
426,"Mumbai Central-Malvan","Mumbai Central",Malvan,,MO,15946,Kapadagaon,349.9,,,मुंबई,"चिपळुण (शिवाजीनगर)",266.7,04:00,11:20,,,,,
426,"Mumbai Central-Malvan","Mumbai Central",Malvan,,MO,16416,Pali,353.9,,,मुंबई,"चिपळुण (शिवाजीनगर)",266.7,04:00,11:20,,,,,
426,"Mumbai Central-Malvan","Mumbai Central",Malvan,,MO,13157,Khanu,354,,,मुंबई,"चिपळुण (शिवाजीनगर)",266.7,04:00,11:20,,,,,
426,"Mumbai Central-Malvan","Mumbai Central",Malvan,,MO,12889,"Anjanari Bridge",360,,,मुंबई,"चिपळुण (शिवाजीनगर)",266.7,04:00,11:20,,,,,
426,"Mumbai Central-Malvan","Mumbai Central",Malvan,,MO,13573,Veral,362.4,,,मुंबई,"चिपळुण (शिवाजीनगर)",266.7,04:00,11:20,,,,,
426,"Mumbai Central-Malvan","Mumbai Central",Malvan,,MO,13277,"Lanja Agri. Farm",363.4,,,मुंबई,"चिपळुण (शिवाजीनगर)",266.7,04:00,11:20,,,,,
426,"Mumbai Central-Malvan","Mumbai Central",Malvan,,MO,13276,"Lanja Poultry Farm",365.8,,,मुंबई,"चिपळुण (शिवाजीनगर)",266.7,04:00,11:20,,,,,
426,"Mumbai Central-Malvan","Mumbai Central",Malvan,,MO,13286,Lanja,371.7,,,मुंबई,"चिपळुण (शिवाजीनगर)",266.7,04:00,11:20,,,,,
426,"Mumbai Central-Malvan","Mumbai Central",Malvan,,MO,13163,"Kuva Village Fata",377,,,मुंबई,"चिपळुण (शिवाजीनगर)",266.7,04:00,11:20,,,,,
426,"Mumbai Central-Malvan","Mumbai Central",Malvan,,MO,13062,"Ganpati Mandir",382,,,मुंबई,"चिपळुण (शिवाजीनगर)",266.7,04:00,11:20,,,,,
426,"Mumbai Central-Malvan","Mumbai Central",Malvan,,MO,13279,"Laxmi Bag Waked",383.3,,,मुंबई,"चिपळुण (शिवाजीनगर)",266.7,04:00,11:20,,,,,
426,"Mumbai Central-Malvan","Mumbai Central",Malvan,,MO,15286,"Vatul Titha",386.4,,,मुंबई,"चिपळुण (शिवाजीनगर)",266.7,04:00,11:20,,,,,
426,"Mumbai Central-Malvan","Mumbai Central",Malvan,,MO,15325,"Yerdav Fata",390.3,,,मुंबई,"चिपळुण (शिवाजीनगर)",266.7,04:00,11:20,,,,,
426,"Mumbai Central-Malvan","Mumbai Central",Malvan,,MO,89331,Oni,391.3,,,मुंबई,"चिपळुण (शिवाजीनगर)",266.7,04:00,11:20,,,,,
426,"Mumbai Central-Malvan","Mumbai Central",Malvan,,MO,14574,"Kharavate Village/Sorap Shop",395.8,,,मुंबई,"चिपळुण (शिवाजीनगर)",266.7,04:00,11:20,,,,,
426,"Mumbai Central-Malvan","Mumbai Central",Malvan,,MO,14846,"Nerke Pickup Shed",396,,,मुंबई,"चिपळुण (शिवाजीनगर)",266.7,04:00,11:20,,,,,
426,"Mumbai Central-Malvan","Mumbai Central",Malvan,,MO,14615,"Kodavali School",398.1,,,मुंबई,"चिपळुण (शिवाजीनगर)",266.7,04:00,11:20,,,,,
426,"Mumbai Central-Malvan","Mumbai Central",Malvan,,MO,15006,Rajapur,401.8,,,मुंबई,"चिपळुण (शिवाजीनगर)",266.7,04:00,11:20,,,,,
426,"Mumbai Central-Malvan","Mumbai Central",Malvan,,MO,14473,"Ganga Tirtha Fata",408,,,मुंबई,"चिपळुण (शिवाजीनगर)",266.7,04:00,11:20,,,,,
426,"Mumbai Central-Malvan","Mumbai Central",Malvan,,MO,14521,"Hativale Jaitapur Fata",410.4,,,मुंबई,"चिपळुण (शिवाजीनगर)",266.7,04:00,11:20,,,,,
426,"Mumbai Central-Malvan","Mumbai Central",Malvan,,MO,14609,Kodiye,413.2,,,मुंबई,"चिपळुण (शिवाजीनगर)",266.7,04:00,11:20,,,,,
426,"Mumbai Central-Malvan","Mumbai Central",Malvan,,MO,14879,Panhale,416.3,,,मुंबई,"चिपळुण (शिवाजीनगर)",266.7,04:00,11:20,,,,,
426,"Mumbai Central-Malvan","Mumbai Central",Malvan,,MO,15236,"Takewadi School",420,,,मुंबई,"चिपळुण (शिवाजीनगर)",266.7,04:00,11:20,,,,,
426,"Mumbai Central-Malvan","Mumbai Central",Malvan,,MO,2812,Kharepatan,422.3,,,मुंबई,"चिपळुण (शिवाजीनगर)",266.7,04:00,11:20,,,,,
426,"Mumbai Central-Malvan","Mumbai Central",Malvan,,MO,2863,Nadgive,425.2,,,मुंबई,"चिपळुण (शिवाजीनगर)",266.7,04:00,11:20,,,,,
426,"Mumbai Central-Malvan","Mumbai Central",Malvan,,MO,2648,Bambarwadi,428,,,मुंबई,"चिपळुण (शिवाजीनगर)",266.7,04:00,11:20,,,,,
426,"Mumbai Central-Malvan","Mumbai Central",Malvan,,MO,3010,Wargaon,428.5,,,मुंबई,"चिपळुण (शिवाजीनगर)",266.7,04:00,11:20,,,,,
426,"Mumbai Central-Malvan","Mumbai Central",Malvan,,MO,2941,Saliste,431,,,मुंबई,"चिपळुण (शिवाजीनगर)",266.7,04:00,11:20,,,,,
426,"Mumbai Central-Malvan","Mumbai Central",Malvan,,MO,2982,Tarla,436.4,,,मुंबई,"चिपळुण (शिवाजीनगर)",266.7,04:00,11:20,,,,,
426,"Mumbai Central-Malvan","Mumbai Central",Malvan,,MO,2673,"Bramhan Wadi",442,,,मुंबई,"चिपळुण (शिवाजीनगर)",266.7,04:00,11:20,,,,,
426,"Mumbai Central-Malvan","Mumbai Central",Malvan,,MO,2872,"Nandgaon Nursary",444,,,मुंबई,"चिपळुण (शिवाजीनगर)",266.7,04:00,11:20,,,,,
426,"Mumbai Central-Malvan","Mumbai Central",Malvan,,MO,2871,"Nandgaon Fata",444.6,,,मुंबई,"चिपळुण (शिवाजीनगर)",266.7,04:00,11:20,,,,,
426,"Mumbai Central-Malvan","Mumbai Central",Malvan,,MO,2655,Belane,449.3,,,मुंबई,"चिपळुण (शिवाजीनगर)",266.7,04:00,11:20,,,,,
426,"Mumbai Central-Malvan","Mumbai Central",Malvan,,MO,2756,"Humrat Titha",452.5,,,मुंबई,"चिपळुण (शिवाजीनगर)",266.7,04:00,11:20,,,,,
426,"Mumbai Central-Malvan","Mumbai Central",Malvan,,MO,2768,"Janavali Gavthanwadi",457,,,मुंबई,"चिपळुण (शिवाजीनगर)",266.7,04:00,11:20,,,,,
426,"Mumbai Central-Malvan","Mumbai Central",Malvan,,MO,2786,Kankavli,459.5,,,मुंबई,"चिपळुण (शिवाजीनगर)",266.7,04:00,11:20,,,,,
426,"Mumbai Central-Malvan","Mumbai Central",Malvan,,MO,3001,"Wagade Gpo",464,,,मुंबई,"चिपळुण (शिवाजीनगर)",266.7,04:00,11:20,,,,,
426,"Mumbai Central-Malvan","Mumbai Central",Malvan,,MO,2692,Dangalwadi,466,,,मुंबई,"चिपळुण (शिवाजीनगर)",266.7,04:00,11:20,,,,,
426,"Mumbai Central-Malvan","Mumbai Central",Malvan,,MO,2891,"Osargaon Talav",469.4,,,मुंबई,"चिपळुण (शिवाजीनगर)",266.7,04:00,11:20,,,,,
426,"Mumbai Central-Malvan","Mumbai Central",Malvan,,MO,2890,"Osargaon Post",470.4,,,मुंबई,"चिपळुण (शिवाजीनगर)",266.7,04:00,11:20,,,,,
426,"Mumbai Central-Malvan","Mumbai Central",Malvan,,MO,2889,"Osargaon Godaoon",471.8,,,मुंबई,"चिपळुण (शिवाजीनगर)",266.7,04:00,11:20,,,,,
426,"Mumbai Central-Malvan","Mumbai Central",Malvan,,MO,6281,Kasal,473.8,,,मुंबई,"चिपळुण (शिवाजीनगर)",266.7,04:00,11:20,,,,,
426,"Mumbai Central-Malvan","Mumbai Central",Malvan,,MO,6368,Padve,475.5,,,मुंबई,"चिपळुण (शिवाजीनगर)",266.7,04:00,11:20,,,,,
426,"Mumbai Central-Malvan","Mumbai Central",Malvan,,MO,6392,"Ranbambuli Fata",476.2,,,मुंबई,"चिपळुण (शिवाजीनगर)",266.7,04:00,11:20,,,,,
426,"Mumbai Central-Malvan","Mumbai Central",Malvan,,MO,6424,Sukalwad,479.9,,,मुंबई,"चिपळुण (शिवाजीनगर)",266.7,04:00,11:20,,,,,
426,"Mumbai Central-Malvan","Mumbai Central",Malvan,,MO,6993,"Sawarwad Varad Fata",482.7,,,मुंबई,"चिपळुण (शिवाजीनगर)",266.7,04:00,11:20,,,,,
426,"Mumbai Central-Malvan","Mumbai Central",Malvan,,MO,6870,Katta,486.2,,,मुंबई,"चिपळुण (शिवाजीनगर)",266.7,04:00,11:20,,,,,
426,"Mumbai Central-Malvan","Mumbai Central",Malvan,,MO,6770,Bagwadi,489.9,,,मुंबई,"चिपळुण (शिवाजीनगर)",266.7,04:00,11:20,,,,,
426,"Mumbai Central-Malvan","Mumbai Central",Malvan,,MO,6901,"Kunkawale Masure Fata",491,,,मुंबई,"चिपळुण (शिवाजीनगर)",266.7,04:00,11:20,,,,,
426,"Mumbai Central-Malvan","Mumbai Central",Malvan,,MO,6985,"Salel Nangarbhat",491.6,,,मुंबई,"चिपळुण (शिवाजीनगर)",266.7,04:00,11:20,,,,,
426,"Mumbai Central-Malvan","Mumbai Central",Malvan,,MO,6799,Chouke,495.6,,,मुंबई,"चिपळुण (शिवाजीनगर)",266.7,04:00,11:20,,,,,
426,"Mumbai Central-Malvan","Mumbai Central",Malvan,,MO,6750,"Ajagaonkar Bangala",499,,,मुंबई,"चिपळुण (शिवाजीनगर)",266.7,04:00,11:20,,,,,
426,"Mumbai Central-Malvan","Mumbai Central",Malvan,,MO,6896,Kumbharmath,500.2,,,मुंबई,"चिपळुण (शिवाजीनगर)",266.7,04:00,11:20,,,,,
426,"Mumbai Central-Malvan","Mumbai Central",Malvan,,MO,6915,Malvan,505,,,मुंबई,"चिपळुण (शिवाजीनगर)",266.7,04:00,11:20,,,,,
10678,"Belgaum-Malvan Via Kasal",Belgaum,Malvan,KASAL,MO,73214,Belgaum,,,,बेळगाव,मालवण,174.8,06:15,11:55,,,"6 तासांत डयुटी संपते",,
10678,"Belgaum-Malvan Via Kasal",Belgaum,Malvan,KASAL,MO,73207,"Belgaum Rly. Stn.",2.8,,,बेळगाव,मालवण,174.8,06:15,11:55,,,"6 तासांत डयुटी संपते",,
10678,"Belgaum-Malvan Via Kasal",Belgaum,Malvan,KASAL,MO,73212,Bogarves,4.8,,,बेळगाव,मालवण,174.8,06:15,11:55,,,"6 तासांत डयुटी संपते",,
10678,"Belgaum-Malvan Via Kasal",Belgaum,Malvan,KASAL,MO,73513,Hindalga,8.4,,,बेळगाव,मालवण,174.8,06:15,11:55,,,"6 तासांत डयुटी संपते",,
10678,"Belgaum-Malvan Via Kasal",Belgaum,Malvan,KASAL,MO,73192,"Bachi Krt Border",19.8,,,बेळगाव,मालवण,174.8,06:15,11:55,,,"6 तासांत डयुटी संपते",,
10678,"Belgaum-Malvan Via Kasal",Belgaum,Malvan,KASAL,MO,25678,Shinoli,22.5,,,बेळगाव,मालवण,174.8,06:15,11:55,,,"6 तासांत डयुटी संपते",,
10678,"Belgaum-Malvan Via Kasal",Belgaum,Malvan,KASAL,MO,24562,Kudremani,24,,,बेळगाव,मालवण,174.8,06:15,11:55,,,"6 तासांत डयुटी संपते",,
10678,"Belgaum-Malvan Via Kasal",Belgaum,Malvan,KASAL,MO,25402,"Rto Naka",26.5,,,बेळगाव,मालवण,174.8,06:15,11:55,,,"6 तासांत डयुटी संपते",,
10678,"Belgaum-Malvan Via Kasal",Belgaum,Malvan,KASAL,MO,25810,Tadshinhal,27,,,बेळगाव,मालवण,174.8,06:15,11:55,,,"6 तासांत डयुटी संपते",,
10678,"Belgaum-Malvan Via Kasal",Belgaum,Malvan,KASAL,MO,25884,Turkewadi,27.3,,,बेळगाव,मालवण,174.8,06:15,11:55,,,"6 तासांत डयुटी संपते",,
10678,"Belgaum-Malvan Via Kasal",Belgaum,Malvan,KASAL,MO,25133,"Patane Fata",29.9,,,बेळगाव,मालवण,174.8,06:15,11:55,,,"6 तासांत डयुटी संपते",,
10678,"Belgaum-Malvan Via Kasal",Belgaum,Malvan,KASAL,MO,23937,"Halkarni Fata",31.8,,,बेळगाव,मालवण,174.8,06:15,11:55,,,"6 तासांत डयुटी संपते",,
10678,"Belgaum-Malvan Via Kasal",Belgaum,Malvan,KASAL,MO,23500,Date,36,,,बेळगाव,मालवण,174.8,06:15,11:55,,,"6 तासांत डयुटी संपते",,
10678,"Belgaum-Malvan Via Kasal",Belgaum,Malvan,KASAL,MO,23259,Belebhat,40.8,,,बेळगाव,मालवण,174.8,06:15,11:55,,,"6 तासांत डयुटी संपते",,
10678,"Belgaum-Malvan Via Kasal",Belgaum,Malvan,KASAL,MO,24951,Nagarwadi,40.9,,,बेळगाव,मालवण,174.8,06:15,11:55,,,"6 तासांत डयुटी संपते",,
10678,"Belgaum-Malvan Via Kasal",Belgaum,Malvan,KASAL,MO,23443,"Chandgad Fata",44,,,बेळगाव,मालवण,174.8,06:15,11:55,,,"6 तासांत डयुटी संपते",,
10678,"Belgaum-Malvan Via Kasal",Belgaum,Malvan,KASAL,MO,23971,Hindgaon,47.7,,,बेळगाव,मालवण,174.8,06:15,11:55,,,"6 तासांत डयुटी संपते",,
10678,"Belgaum-Malvan Via Kasal",Belgaum,Malvan,KASAL,MO,24762,Mhalunge,49.9,,,बेळगाव,मालवण,174.8,06:15,11:55,,,"6 तासांत डयुटी संपते",,
10678,"Belgaum-Malvan Via Kasal",Belgaum,Malvan,KASAL,MO,23326,"Birdi Kanur",53.8,,,बेळगाव,मालवण,174.8,06:15,11:55,,,"6 तासांत डयुटी संपते",,
10678,"Belgaum-Malvan Via Kasal",Belgaum,Malvan,KASAL,MO,23361,"Bazar Kanur",56.4,,,बेळगाव,मालवण,174.8,06:15,11:55,,,"6 तासांत डयुटी संपते",,
10678,"Belgaum-Malvan Via Kasal",Belgaum,Malvan,KASAL,MO,25484,Sadegudavade,58.7,,,बेळगाव,मालवण,174.8,06:15,11:55,,,"6 तासांत डयुटी संपते",,
10678,"Belgaum-Malvan Via Kasal",Belgaum,Malvan,KASAL,MO,25219,Punarvasan,62.4,,,बेळगाव,मालवण,174.8,06:15,11:55,,,"6 तासांत डयुटी संपते",,
10678,"Belgaum-Malvan Via Kasal",Belgaum,Malvan,KASAL,MO,8597,Nagartaskari,65.4,,,बेळगाव,मालवण,174.8,06:15,11:55,,,"6 तासांत डयुटी संपते",,
10678,"Belgaum-Malvan Via Kasal",Belgaum,Malvan,KASAL,MO,8473,"Ajra Fata",67.3,,,बेळगाव,मालवण,174.8,06:15,11:55,,,"6 तासांत डयुटी संपते",,
10678,"Belgaum-Malvan Via Kasal",Belgaum,Malvan,KASAL,MO,8582,Mulvanwadi,70.3,,,बेळगाव,मालवण,174.8,06:15,11:55,,,"6 तासांत डयुटी संपते",,
10678,"Belgaum-Malvan Via Kasal",Belgaum,Malvan,KASAL,MO,8470,Amboli,73.8,,,बेळगाव,मालवण,174.8,06:15,11:55,,,"6 तासांत डयुटी संपते",,
10678,"Belgaum-Malvan Via Kasal",Belgaum,Malvan,KASAL,MO,8607,Nanapani,82.3,,,बेळगाव,मालवण,174.8,06:15,11:55,,,"6 तासांत डयुटी संपते",,
10678,"Belgaum-Malvan Via Kasal",Belgaum,Malvan,KASAL,MO,8564,Kumbheshwar,88.3,,,बेळगाव,मालवण,174.8,06:15,11:55,,,"6 तासांत डयुटी संपते",,
10678,"Belgaum-Malvan Via Kasal",Belgaum,Malvan,KASAL,MO,8510,Danoli,90.2,,,बेळगाव,मालवण,174.8,06:15,11:55,,,"6 तासांत डयुटी संपते",,
10678,"Belgaum-Malvan Via Kasal",Belgaum,Malvan,KASAL,MO,8496,"Dhawadaki Datta Mandir",92.7,,,बेळगाव,मालवण,174.8,06:15,11:55,,,"6 तासांत डयुटी संपते",,
10678,"Belgaum-Malvan Via Kasal",Belgaum,Malvan,KASAL,MO,8569,"Madkhol Met",94.3,,,बेळगाव,मालवण,174.8,06:15,11:55,,,"6 तासांत डयुटी संपते",,
10678,"Belgaum-Malvan Via Kasal",Belgaum,Malvan,KASAL,MO,8570,Madkhol,95.4,,,बेळगाव,मालवण,174.8,06:15,11:55,,,"6 तासांत डयुटी संपते",,
10678,"Belgaum-Malvan Via Kasal",Belgaum,Malvan,KASAL,MO,8653,"Sapale Stop",97.4,,,बेळगाव,मालवण,174.8,06:15,11:55,,,"6 तासांत डयुटी संपते",,
10678,"Belgaum-Malvan Via Kasal",Belgaum,Malvan,KASAL,MO,8488,"Burdi Pul",99.9,,,बेळगाव,मालवण,174.8,06:15,11:55,,,"6 तासांत डयुटी संपते",,
10678,"Belgaum-Malvan Via Kasal",Belgaum,Malvan,KASAL,MO,8663,Sawantwadi,103.3,,,बेळगाव,मालवण,174.8,06:15,11:55,,,"6 तासांत डयुटी संपते",,
10678,"Belgaum-Malvan Via Kasal",Belgaum,Malvan,KASAL,MO,8551,"Kolgaon Thita",107,,,बेळगाव,मालवण,174.8,06:15,11:55,,,"6 तासांत डयुटी संपते",,
10678,"Belgaum-Malvan Via Kasal",Belgaum,Malvan,KASAL,MO,6101,Akeri,109.2,,,बेळगाव,मालवण,174.8,06:15,11:55,,,"6 तासांत डयुटी संपते",,
10678,"Belgaum-Malvan Via Kasal",Belgaum,Malvan,KASAL,MO,6205,Humras,111.3,,,बेळगाव,मालवण,174.8,06:15,11:55,,,"6 तासांत डयुटी संपते",,
10678,"Belgaum-Malvan Via Kasal",Belgaum,Malvan,KASAL,MO,6231,"Khan Mohalla",111.8,,,बेळगाव,मालवण,174.8,06:15,11:55,,,"6 तासांत डयुटी संपते",,
10678,"Belgaum-Malvan Via Kasal",Belgaum,Malvan,KASAL,MO,6473,"Zarap Jambhal",113.3,,,बेळगाव,मालवण,174.8,06:15,11:55,,,"6 तासांत डयुटी संपते",,
10678,"Belgaum-Malvan Via Kasal",Belgaum,Malvan,KASAL,MO,6474,"Zharap Titha",114.1,,,बेळगाव,मालवण,174.8,06:15,11:55,,,"6 तासांत डयुटी संपते",,
10678,"Belgaum-Malvan Via Kasal",Belgaum,Malvan,KASAL,MO,6322,"Mandkuli Fata",118.3,,,बेळगाव,मालवण,174.8,06:15,11:55,,,"6 तासांत डयुटी संपते",,
10678,"Belgaum-Malvan Via Kasal",Belgaum,Malvan,KASAL,MO,6376,"Pinguli Titha",119.4,,,बेळगाव,मालवण,174.8,06:15,11:55,,,"6 तासांत डयुटी संपते",,
10678,"Belgaum-Malvan Via Kasal",Belgaum,Malvan,KASAL,MO,6237,"Kudal St Depot",124,,,बेळगाव,मालवण,174.8,06:15,11:55,,,"6 तासांत डयुटी संपते",,
10678,"Belgaum-Malvan Via Kasal",Belgaum,Malvan,KASAL,MO,6380,"Pawashi Panchayat",127.9,,,बेळगाव,मालवण,174.8,06:15,11:55,,,"6 तासांत डयुटी संपते",,
10678,"Belgaum-Malvan Via Kasal",Belgaum,Malvan,KASAL,MO,88100,Vetalbambarde,130,,,बेळगाव,मालवण,174.8,06:15,11:55,,,"6 तासांत डयुटी संपते",,
10678,"Belgaum-Malvan Via Kasal",Belgaum,Malvan,KASAL,MO,6365,Pandur,133,,,बेळगाव,मालवण,174.8,06:15,11:55,,,"6 तासांत डयुटी संपते",,
10678,"Belgaum-Malvan Via Kasal",Belgaum,Malvan,KASAL,MO,6204,"Humarmala Kasale Dukan",134.9,,,बेळगाव,मालवण,174.8,06:15,11:55,,,"6 तासांत डयुटी संपते",,
10678,"Belgaum-Malvan Via Kasal",Belgaum,Malvan,KASAL,MO,6206,"Humarmala Rane Dukan",136.3,,,बेळगाव,मालवण,174.8,06:15,11:55,,,"6 तासांत डयुटी संपते",,
10678,"Belgaum-Malvan Via Kasal",Belgaum,Malvan,KASAL,MO,6224,"Jijamata Hospital",137.7,,,बेळगाव,मालवण,174.8,06:15,11:55,,,"6 तासांत डयुटी संपते",,
10678,"Belgaum-Malvan Via Kasal",Belgaum,Malvan,KASAL,MO,6362,"Oros Bus Stnad",139.1,,,बेळगाव,मालवण,174.8,06:15,11:55,,,"6 तासांत डयुटी संपते",,
10678,"Belgaum-Malvan Via Kasal",Belgaum,Malvan,KASAL,MO,6116,Awali,142.8,,,बेळगाव,मालवण,174.8,06:15,11:55,,,"6 तासांत डयुटी संपते",,
10678,"Belgaum-Malvan Via Kasal",Belgaum,Malvan,KASAL,MO,6282,"Kasal Balamwadi",143,,,बेळगाव,मालवण,174.8,06:15,11:55,,,"6 तासांत डयुटी संपते",,
10678,"Belgaum-Malvan Via Kasal",Belgaum,Malvan,KASAL,MO,6281,Kasal,144.4,,,बेळगाव,मालवण,174.8,06:15,11:55,,,"6 तासांत डयुटी संपते",,
10678,"Belgaum-Malvan Via Kasal",Belgaum,Malvan,KASAL,MO,6368,Padve,147.4,,,बेळगाव,मालवण,174.8,06:15,11:55,,,"6 तासांत डयुटी संपते",,
10678,"Belgaum-Malvan Via Kasal",Belgaum,Malvan,KASAL,MO,6392,"Ranbambuli Fata",148.5,,,बेळगाव,मालवण,174.8,06:15,11:55,,,"6 तासांत डयुटी संपते",,
10678,"Belgaum-Malvan Via Kasal",Belgaum,Malvan,KASAL,MO,6424,Sukalwad,150.5,,,बेळगाव,मालवण,174.8,06:15,11:55,,,"6 तासांत डयुटी संपते",,
10678,"Belgaum-Malvan Via Kasal",Belgaum,Malvan,KASAL,MO,6993,"Sawarwad Varad Fata",153.7,,,बेळगाव,मालवण,174.8,06:15,11:55,,,"6 तासांत डयुटी संपते",,
10678,"Belgaum-Malvan Via Kasal",Belgaum,Malvan,KASAL,MO,6870,Katta,157.8,,,बेळगाव,मालवण,174.8,06:15,11:55,,,"6 तासांत डयुटी संपते",,
10678,"Belgaum-Malvan Via Kasal",Belgaum,Malvan,KASAL,MO,6770,Bagwadi,159.2,,,बेळगाव,मालवण,174.8,06:15,11:55,,,"6 तासांत डयुटी संपते",,
10678,"Belgaum-Malvan Via Kasal",Belgaum,Malvan,KASAL,MO,6985,"Salel Nangarbhat",162.9,,,बेळगाव,मालवण,174.8,06:15,11:55,,,"6 तासांत डयुटी संपते",,
10678,"Belgaum-Malvan Via Kasal",Belgaum,Malvan,KASAL,MO,6799,Chouke,166.2,,,बेळगाव,मालवण,174.8,06:15,11:55,,,"6 तासांत डयुटी संपते",,
10678,"Belgaum-Malvan Via Kasal",Belgaum,Malvan,KASAL,MO,6750,"Ajagaonkar Bangala",169,,,बेळगाव,मालवण,174.8,06:15,11:55,,,"6 तासांत डयुटी संपते",,
10678,"Belgaum-Malvan Via Kasal",Belgaum,Malvan,KASAL,MO,6897,"Kumbharmath Govekar Dukan",171.1,,,बेळगाव,मालवण,174.8,06:15,11:55,,,"6 तासांत डयुटी संपते",,
10678,"Belgaum-Malvan Via Kasal",Belgaum,Malvan,KASAL,MO,6915,Malvan,174.8,,,बेळगाव,मालवण,174.8,06:15,11:55,,,"6 तासांत डयुटी संपते",,
70965,Panjim-Malvan,Panjim,Malvan,NERURPAR,MO,71935,Panjim,,,,पणजी,मालवण,110.7,13:00,16:45,,,,,
70965,Panjim-Malvan,Panjim,Malvan,NERURPAR,MO,71915,Mapusa,12,,,पणजी,मालवण,110.7,13:00,16:45,,,,,
70965,Panjim-Malvan,Panjim,Malvan,NERURPAR,MO,71886,Kasarwada,15,,,पणजी,मालवण,110.7,13:00,16:45,,,,,
70965,Panjim-Malvan,Panjim,Malvan,NERURPAR,MO,71890,Kolwal,20,,,पणजी,मालवण,110.7,13:00,16:45,,,,,
70965,Panjim-Malvan,Panjim,Malvan,NERURPAR,MO,71873,Dhargal,22,,,पणजी,मालवण,110.7,13:00,16:45,,,,,
70965,Panjim-Malvan,Panjim,Malvan,NERURPAR,MO,71901,Malpe,27,,,पणजी,मालवण,110.7,13:00,16:45,,,,,
70965,Panjim-Malvan,Panjim,Malvan,NERURPAR,MO,71937,Pernem,30,,,पणजी,मालवण,110.7,13:00,16:45,,,,,
70965,Panjim-Malvan,Panjim,Malvan,NERURPAR,MO,71922,Naibag,33,,,पणजी,मालवण,110.7,13:00,16:45,,,,,
70965,Panjim-Malvan,Panjim,Malvan,NERURPAR,MO,71936,Poraskadem,35,,,पणजी,मालवण,110.7,13:00,16:45,,,,,
70965,Panjim-Malvan,Panjim,Malvan,NERURPAR,MO,71958,Ugavem,38,,,पणजी,मालवण,110.7,13:00,16:45,,,,,
70965,Panjim-Malvan,Panjim,Malvan,NERURPAR,MO,71956,Torsem,40,,,पणजी,मालवण,110.7,13:00,16:45,,,,,
70965,Panjim-Malvan,Panjim,Malvan,NERURPAR,MO,71876,Galel,43,,,पणजी,मालवण,110.7,13:00,16:45,,,,,
70965,Panjim-Malvan,Panjim,Malvan,NERURPAR,MO,71926,Patradevi,45.8,,,पणजी,मालवण,110.7,13:00,16:45,,,,,
70965,Panjim-Malvan,Panjim,Malvan,NERURPAR,MO,8635,"Patradevi Goa Border",46.3,,,पणजी,मालवण,110.7,13:00,16:45,,,,,
70965,Panjim-Malvan,Panjim,Malvan,NERURPAR,MO,8486,Banda,49,,,पणजी,मालवण,110.7,13:00,16:45,,,,,
70965,Panjim-Malvan,Panjim,Malvan,NERURPAR,MO,8544,"Kudav Temb",51.3,,,पणजी,मालवण,110.7,13:00,16:45,,,,,
70965,Panjim-Malvan,Panjim,Malvan,NERURPAR,MO,8560,Kondwada,53,,,पणजी,मालवण,110.7,13:00,16:45,,,,,
70965,Panjim-Malvan,Panjim,Malvan,NERURPAR,MO,8658,"Sat Jambhali",56.5,,,पणजी,मालवण,110.7,13:00,16:45,,,,,
70965,Panjim-Malvan,Panjim,Malvan,NERURPAR,MO,8578,"Majgaon Nala",58.4,,,पणजी,मालवण,110.7,13:00,16:45,,,,,
70965,Panjim-Malvan,Panjim,Malvan,NERURPAR,MO,8529,Garad,59.5,,,पणजी,मालवण,110.7,13:00,16:45,,,,,
70965,Panjim-Malvan,Panjim,Malvan,NERURPAR,MO,8663,Sawantwadi,61.6,,,पणजी,मालवण,110.7,13:00,16:45,,,,,
70965,Panjim-Malvan,Panjim,Malvan,NERURPAR,MO,6101,Akeri,67.5,,,पणजी,मालवण,110.7,13:00,16:45,,,,,
70965,Panjim-Malvan,Panjim,Malvan,NERURPAR,MO,6231,"Khan Mohalla",70.1,,,पणजी,मालवण,110.7,13:00,16:45,,,,,
70965,Panjim-Malvan,Panjim,Malvan,NERURPAR,MO,6474,"Zharap Titha",72.9,,,पणजी,मालवण,110.7,13:00,16:45,,,,,
70965,Panjim-Malvan,Panjim,Malvan,NERURPAR,MO,6441,"Terse Bambarde Fata",75.1,,,पणजी,मालवण,110.7,13:00,16:45,,,,,
70965,Panjim-Malvan,Panjim,Malvan,NERURPAR,MO,6322,"Mandkuli Fata",76.6,,,पणजी,मालवण,110.7,13:00,16:45,,,,,
70965,Panjim-Malvan,Panjim,Malvan,NERURPAR,MO,6126,Bibavane,77.1,,,पणजी,मालवण,110.7,13:00,16:45,,,,,
70965,Panjim-Malvan,Panjim,Malvan,NERURPAR,MO,6302,"Modka Wad Pinguli",80.3,,,पणजी,मालवण,110.7,13:00,16:45,,,,,
70965,Panjim-Malvan,Panjim,Malvan,NERURPAR,MO,6237,"Kudal St Depot",82.2,,,पणजी,मालवण,110.7,13:00,16:45,,,,,
70965,Panjim-Malvan,Panjim,Malvan,NERURPAR,MO,6351,"Nerur Jakat",85.2,,,पणजी,मालवण,110.7,13:00,16:45,,,,,
70965,Panjim-Malvan,Panjim,Malvan,NERURPAR,MO,6428,Thakurwadi,89.2,,,पणजी,मालवण,110.7,13:00,16:45,,,,,
70965,Panjim-Malvan,Panjim,Malvan,NERURPAR,MO,6335,Nerurpar,89.3,,,पणजी,मालवण,110.7,13:00,16:45,,,,,
70965,Panjim-Malvan,Panjim,Malvan,NERURPAR,MO,6856,"Hubalicha Mal",90.6,,,पणजी,मालवण,110.7,13:00,16:45,,,,,
70965,Panjim-Malvan,Panjim,Malvan,NERURPAR,MO,6863,"Kalse Gpo",91.6,,,पणजी,मालवण,110.7,13:00,16:45,,,,,
70965,Panjim-Malvan,Panjim,Malvan,NERURPAR,MO,6979,"Ravalnath Mandir",92.4,,,पणजी,मालवण,110.7,13:00,16:45,,,,,
70965,Panjim-Malvan,Panjim,Malvan,NERURPAR,MO,6812,Dhamapur,93.1,,,पणजी,मालवण,110.7,13:00,16:45,,,,,
70965,Panjim-Malvan,Panjim,Malvan,NERURPAR,MO,6821,"Gavaldeo Amba",95.3,,,पणजी,मालवण,110.7,13:00,16:45,,,,,
70965,Panjim-Malvan,Panjim,Malvan,NERURPAR,MO,6829,Godyachiwadi,98.4,,,पणजी,मालवण,110.7,13:00,16:45,,,,,
70965,Panjim-Malvan,Panjim,Malvan,NERURPAR,MO,6799,Chouke,101.9,,,पणजी,मालवण,110.7,13:00,16:45,,,,,
70965,Panjim-Malvan,Panjim,Malvan,NERURPAR,MO,6750,"Ajagaonkar Bangala",103.2,,,पणजी,मालवण,110.7,13:00,16:45,,,,,
70965,Panjim-Malvan,Panjim,Malvan,NERURPAR,MO,6755,Anandwahal,104.7,,,पणजी,मालवण,110.7,13:00,16:45,,,,,
70965,Panjim-Malvan,Panjim,Malvan,NERURPAR,MO,6897,"Kumbharmath Govekar Dukan",105.7,,,पणजी,मालवण,110.7,13:00,16:45,,,,,
70965,Panjim-Malvan,Panjim,Malvan,NERURPAR,MO,6915,Malvan,110.7,,,पणजी,मालवण,110.7,13:00,16:45,,,,,
126993,"Malvan To Rahataghar Via Kasal",Malvan,Rahataghar,KASAL,MO,6915,Malvan,,,,मालवण,रत्नागिरी(रहाटघर),178.6,11:00,16:15,,,"6 तासांत डयुटी संपते",,
126993,"Malvan To Rahataghar Via Kasal",Malvan,Rahataghar,KASAL,MO,6897,"Kumbharmath Govekar Dukan",3.7,,,मालवण,रत्नागिरी(रहाटघर),178.6,11:00,16:15,,,"6 तासांत डयुटी संपते",,
126993,"Malvan To Rahataghar Via Kasal",Malvan,Rahataghar,KASAL,MO,6750,"Ajagaonkar Bangala",5.8,,,मालवण,रत्नागिरी(रहाटघर),178.6,11:00,16:15,,,"6 तासांत डयुटी संपते",,
126993,"Malvan To Rahataghar Via Kasal",Malvan,Rahataghar,KASAL,MO,6799,Chouke,8.6,,,मालवण,रत्नागिरी(रहाटघर),178.6,11:00,16:15,,,"6 तासांत डयुटी संपते",,
126993,"Malvan To Rahataghar Via Kasal",Malvan,Rahataghar,KASAL,MO,6985,"Salel Nangarbhat",11.9,,,मालवण,रत्नागिरी(रहाटघर),178.6,11:00,16:15,,,"6 तासांत डयुटी संपते",,
126993,"Malvan To Rahataghar Via Kasal",Malvan,Rahataghar,KASAL,MO,6770,Bagwadi,15.6,,,मालवण,रत्नागिरी(रहाटघर),178.6,11:00,16:15,,,"6 तासांत डयुटी संपते",,
126993,"Malvan To Rahataghar Via Kasal",Malvan,Rahataghar,KASAL,MO,6836,Guramwad,16.4,,,मालवण,रत्नागिरी(रहाटघर),178.6,11:00,16:15,,,"6 तासांत डयुटी संपते",,
126993,"Malvan To Rahataghar Via Kasal",Malvan,Rahataghar,KASAL,MO,6870,Katta,17,,,मालवण,रत्नागिरी(रहाटघर),178.6,11:00,16:15,,,"6 तासांत डयुटी संपते",,
126993,"Malvan To Rahataghar Via Kasal",Malvan,Rahataghar,KASAL,MO,6993,"Sawarwad Varad Fata",21.1,,,मालवण,रत्नागिरी(रहाटघर),178.6,11:00,16:15,,,"6 तासांत डयुटी संपते",,
126993,"Malvan To Rahataghar Via Kasal",Malvan,Rahataghar,KASAL,MO,6424,Sukalwad,24.3,,,मालवण,रत्नागिरी(रहाटघर),178.6,11:00,16:15,,,"6 तासांत डयुटी संपते",,
126993,"Malvan To Rahataghar Via Kasal",Malvan,Rahataghar,KASAL,MO,6392,"Ranbambuli Fata",25.8,,,मालवण,रत्नागिरी(रहाटघर),178.6,11:00,16:15,,,"6 तासांत डयुटी संपते",,
126993,"Malvan To Rahataghar Via Kasal",Malvan,Rahataghar,KASAL,MO,6368,Padve,27.4,,,मालवण,रत्नागिरी(रहाटघर),178.6,11:00,16:15,,,"6 तासांत डयुटी संपते",,
126993,"Malvan To Rahataghar Via Kasal",Malvan,Rahataghar,KASAL,MO,6281,Kasal,30.4,,,मालवण,रत्नागिरी(रहाटघर),178.6,11:00,16:15,,,"6 तासांत डयुटी संपते",,
126993,"Malvan To Rahataghar Via Kasal",Malvan,Rahataghar,KASAL,MO,2889,"Osargaon Godaoon",31.4,,,मालवण,रत्नागिरी(रहाटघर),178.6,11:00,16:15,,,"6 तासांत डयुटी संपते",,
126993,"Malvan To Rahataghar Via Kasal",Malvan,Rahataghar,KASAL,MO,2890,"Osargaon Post",34.7,,,मालवण,रत्नागिरी(रहाटघर),178.6,11:00,16:15,,,"6 तासांत डयुटी संपते",,
126993,"Malvan To Rahataghar Via Kasal",Malvan,Rahataghar,KASAL,MO,2891,"Osargaon Talav",37.6,,,मालवण,रत्नागिरी(रहाटघर),178.6,11:00,16:15,,,"6 तासांत डयुटी संपते",,
126993,"Malvan To Rahataghar Via Kasal",Malvan,Rahataghar,KASAL,MO,2692,Dangalwadi,38.7,,,मालवण,रत्नागिरी(रहाटघर),178.6,11:00,16:15,,,"6 तासांत डयुटी संपते",,
126993,"Malvan To Rahataghar Via Kasal",Malvan,Rahataghar,KASAL,MO,3001,"Wagade Gpo",39.6,,,मालवण,रत्नागिरी(रहाटघर),178.6,11:00,16:15,,,"6 तासांत डयुटी संपते",,
126993,"Malvan To Rahataghar Via Kasal",Malvan,Rahataghar,KASAL,MO,2786,Kankavli,44.8,,,मालवण,रत्नागिरी(रहाटघर),178.6,11:00,16:15,,,"6 तासांत डयुटी संपते",,
126993,"Malvan To Rahataghar Via Kasal",Malvan,Rahataghar,KASAL,MO,2766,Janavali,48.6,,,मालवण,रत्नागिरी(रहाटघर),178.6,11:00,16:15,,,"6 तासांत डयुटी संपते",,
126993,"Malvan To Rahataghar Via Kasal",Malvan,Rahataghar,KASAL,MO,2756,"Humrat Titha",52.9,,,मालवण,रत्नागिरी(रहाटघर),178.6,11:00,16:15,,,"6 तासांत डयुटी संपते",,
126993,"Malvan To Rahataghar Via Kasal",Malvan,Rahataghar,KASAL,MO,2655,Belane,55.1,,,मालवण,रत्नागिरी(रहाटघर),178.6,11:00,16:15,,,"6 तासांत डयुटी संपते",,
126993,"Malvan To Rahataghar Via Kasal",Malvan,Rahataghar,KASAL,MO,2870,"Nandgaon Datta Mandir",57.5,,,मालवण,रत्नागिरी(रहाटघर),178.6,11:00,16:15,,,"6 तासांत डयुटी संपते",,
126993,"Malvan To Rahataghar Via Kasal",Malvan,Rahataghar,KASAL,MO,2871,"Nandgaon Fata",59.7,,,मालवण,रत्नागिरी(रहाटघर),178.6,11:00,16:15,,,"6 तासांत डयुटी संपते",,
126993,"Malvan To Rahataghar Via Kasal",Malvan,Rahataghar,KASAL,MO,2872,"Nandgaon Nursary",61,,,मालवण,रत्नागिरी(रहाटघर),178.6,11:00,16:15,,,"6 तासांत डयुटी संपते",,
126993,"Malvan To Rahataghar Via Kasal",Malvan,Rahataghar,KASAL,MO,2673,"Bramhan Wadi",64.8,,,मालवण,रत्नागिरी(रहाटघर),178.6,11:00,16:15,,,"6 तासांत डयुटी संपते",,
126993,"Malvan To Rahataghar Via Kasal",Malvan,Rahataghar,KASAL,MO,2797,"Kasarde Fata",67,,,मालवण,रत्नागिरी(रहाटघर),178.6,11:00,16:15,,,"6 तासांत डयुटी संपते",,
126993,"Malvan To Rahataghar Via Kasal",Malvan,Rahataghar,KASAL,MO,2982,Tarla,67.8,,,मालवण,रत्नागिरी(रहाटघर),178.6,11:00,16:15,,,"6 तासांत डयुटी संपते",,
126993,"Malvan To Rahataghar Via Kasal",Malvan,Rahataghar,KASAL,MO,2941,Saliste,72.7,,,मालवण,रत्नागिरी(रहाटघर),178.6,11:00,16:15,,,"6 तासांत डयुटी संपते",,
126993,"Malvan To Rahataghar Via Kasal",Malvan,Rahataghar,KASAL,MO,3010,Wargaon,75.4,,,मालवण,रत्नागिरी(रहाटघर),178.6,11:00,16:15,,,"6 तासांत डयुटी संपते",,
126993,"Malvan To Rahataghar Via Kasal",Malvan,Rahataghar,KASAL,MO,2648,Bambarwadi,76.2,,,मालवण,रत्नागिरी(रहाटघर),178.6,11:00,16:15,,,"6 तासांत डयुटी संपते",,
126993,"Malvan To Rahataghar Via Kasal",Malvan,Rahataghar,KASAL,MO,2863,Nadgive,78.6,,,मालवण,रत्नागिरी(रहाटघर),178.6,11:00,16:15,,,"6 तासांत डयुटी संपते",,
126993,"Malvan To Rahataghar Via Kasal",Malvan,Rahataghar,KASAL,MO,2812,Kharepatan,81.9,,,मालवण,रत्नागिरी(रहाटघर),178.6,11:00,16:15,,,"6 तासांत डयुटी संपते",,
126993,"Malvan To Rahataghar Via Kasal",Malvan,Rahataghar,KASAL,MO,15236,"Takewadi School",85,,,मालवण,रत्नागिरी(रहाटघर),178.6,11:00,16:15,,,"6 तासांत डयुटी संपते",,
126993,"Malvan To Rahataghar Via Kasal",Malvan,Rahataghar,KASAL,MO,14879,Panhale,87.4,,,मालवण,रत्नागिरी(रहाटघर),178.6,11:00,16:15,,,"6 तासांत डयुटी संपते",,
126993,"Malvan To Rahataghar Via Kasal",Malvan,Rahataghar,KASAL,MO,14609,Kodiye,90.4,,,मालवण,रत्नागिरी(रहाटघर),178.6,11:00,16:15,,,"6 तासांत डयुटी संपते",,
126993,"Malvan To Rahataghar Via Kasal",Malvan,Rahataghar,KASAL,MO,14521,"Hativale Jaitapur Fata",93.9,,,मालवण,रत्नागिरी(रहाटघर),178.6,11:00,16:15,,,"6 तासांत डयुटी संपते",,
126993,"Malvan To Rahataghar Via Kasal",Malvan,Rahataghar,KASAL,MO,14473,"Ganga Tirtha Fata",98.5,,,मालवण,रत्नागिरी(रहाटघर),178.6,11:00,16:15,,,"6 तासांत डयुटी संपते",,
126993,"Malvan To Rahataghar Via Kasal",Malvan,Rahataghar,KASAL,MO,15006,Rajapur,102.3,,,मालवण,रत्नागिरी(रहाटघर),178.6,11:00,16:15,,,"6 तासांत डयुटी संपते",,
126993,"Malvan To Rahataghar Via Kasal",Malvan,Rahataghar,KASAL,MO,14615,"Kodavali School",106,,,मालवण,रत्नागिरी(रहाटघर),178.6,11:00,16:15,,,"6 तासांत डयुटी संपते",,
126993,"Malvan To Rahataghar Via Kasal",Malvan,Rahataghar,KASAL,MO,14846,"Nerke Pickup Shed",107.6,,,मालवण,रत्नागिरी(रहाटघर),178.6,11:00,16:15,,,"6 तासांत डयुटी संपते",,
126993,"Malvan To Rahataghar Via Kasal",Malvan,Rahataghar,KASAL,MO,14574,"Kharavate Village/Sorap Shop",108.4,,,मालवण,रत्नागिरी(रहाटघर),178.6,11:00,16:15,,,"6 तासांत डयुटी संपते",,
126993,"Malvan To Rahataghar Via Kasal",Malvan,Rahataghar,KASAL,MO,14719,"Kharavate Fata",109.3,,,मालवण,रत्नागिरी(रहाटघर),178.6,11:00,16:15,,,"6 तासांत डयुटी संपते",,
126993,"Malvan To Rahataghar Via Kasal",Malvan,Rahataghar,KASAL,MO,89331,Oni,113,,,मालवण,रत्नागिरी(रहाटघर),178.6,11:00,16:15,,,"6 तासांत डयुटी संपते",,
126993,"Malvan To Rahataghar Via Kasal",Malvan,Rahataghar,KASAL,MO,15325,"Yerdav Fata",114.8,,,मालवण,रत्नागिरी(रहाटघर),178.6,11:00,16:15,,,"6 तासांत डयुटी संपते",,
126993,"Malvan To Rahataghar Via Kasal",Malvan,Rahataghar,KASAL,MO,13559,"Tiwanda Mal",116,,,मालवण,रत्नागिरी(रहाटघर),178.6,11:00,16:15,,,"6 तासांत डयुटी संपते",,
126993,"Malvan To Rahataghar Via Kasal",Malvan,Rahataghar,KASAL,MO,15286,"Vatul Titha",118.4,,,मालवण,रत्नागिरी(रहाटघर),178.6,11:00,16:15,,,"6 तासांत डयुटी संपते",,
126993,"Malvan To Rahataghar Via Kasal",Malvan,Rahataghar,KASAL,MO,13610,"Waked Pati",120,,,मालवण,रत्नागिरी(रहाटघर),178.6,11:00,16:15,,,"6 तासांत डयुटी संपते",,
126993,"Malvan To Rahataghar Via Kasal",Malvan,Rahataghar,KASAL,MO,13279,"Laxmi Bag Waked",121.4,,,मालवण,रत्नागिरी(रहाटघर),178.6,11:00,16:15,,,"6 तासांत डयुटी संपते",,
126993,"Malvan To Rahataghar Via Kasal",Malvan,Rahataghar,KASAL,MO,13066,"Ganesh Mandir",123.6,,,मालवण,रत्नागिरी(रहाटघर),178.6,11:00,16:15,,,"6 तासांत डयुटी संपते",,
126993,"Malvan To Rahataghar Via Kasal",Malvan,Rahataghar,KASAL,MO,13163,"Kuva Village Fata",126.9,,,मालवण,रत्नागिरी(रहाटघर),178.6,11:00,16:15,,,"6 तासांत डयुटी संपते",,
126993,"Malvan To Rahataghar Via Kasal",Malvan,Rahataghar,KASAL,MO,13286,Lanja,131.5,,,मालवण,रत्नागिरी(रहाटघर),178.6,11:00,16:15,,,"6 तासांत डयुटी संपते",,
126993,"Malvan To Rahataghar Via Kasal",Malvan,Rahataghar,KASAL,MO,13276,"Lanja Poultry Farm",133.3,,,मालवण,रत्नागिरी(रहाटघर),178.6,11:00,16:15,,,"6 तासांत डयुटी संपते",,
126993,"Malvan To Rahataghar Via Kasal",Malvan,Rahataghar,KASAL,MO,13277,"Lanja Agri. Farm",135.3,,,मालवण,रत्नागिरी(रहाटघर),178.6,11:00,16:15,,,"6 तासांत डयुटी संपते",,
126993,"Malvan To Rahataghar Via Kasal",Malvan,Rahataghar,KASAL,MO,12998,Devdhe,137.2,,,मालवण,रत्नागिरी(रहाटघर),178.6,11:00,16:15,,,"6 तासांत डयुटी संपते",,
126993,"Malvan To Rahataghar Via Kasal",Malvan,Rahataghar,KASAL,MO,13573,Veral,139.4,,,मालवण,रत्नागिरी(रहाटघर),178.6,11:00,16:15,,,"6 तासांत डयुटी संपते",,
126993,"Malvan To Rahataghar Via Kasal",Malvan,Rahataghar,KASAL,MO,12889,"Anjanari Bridge",141.9,,,मालवण,रत्नागिरी(रहाटघर),178.6,11:00,16:15,,,"6 तासांत डयुटी संपते",,
126993,"Malvan To Rahataghar Via Kasal",Malvan,Rahataghar,KASAL,MO,13297,Math,145.4,,,मालवण,रत्नागिरी(रहाटघर),178.6,11:00,16:15,,,"6 तासांत डयुटी संपते",,
126993,"Malvan To Rahataghar Via Kasal",Malvan,Rahataghar,KASAL,MO,13157,Khanu,147.8,,,मालवण,रत्नागिरी(रहाटघर),178.6,11:00,16:15,,,"6 तासांत डयुटी संपते",,
126993,"Malvan To Rahataghar Via Kasal",Malvan,Rahataghar,KASAL,MO,16416,Pali,149.6,,,मालवण,रत्नागिरी(रहाटघर),178.6,11:00,16:15,,,"6 तासांत डयुटी संपते",,
126993,"Malvan To Rahataghar Via Kasal",Malvan,Rahataghar,KASAL,MO,16076,"Kapadgaon Fata",151.7,,,मालवण,रत्नागिरी(रहाटघर),178.6,11:00,16:15,,,"6 तासांत डयुटी संपते",,
126993,"Malvan To Rahataghar Via Kasal",Malvan,Rahataghar,KASAL,MO,15559,Charveli,153,,,मालवण,रत्नागिरी(रहाटघर),178.6,11:00,16:15,,,"6 तासांत डयुटी संपते",,
126993,"Malvan To Rahataghar Via Kasal",Malvan,Rahataghar,KASAL,MO,15482,"Bsnl Tower",156,,,मालवण,रत्नागिरी(रहाटघर),178.6,11:00,16:15,,,"6 तासांत डयुटी संपते",,
126993,"Malvan To Rahataghar Via Kasal",Malvan,Rahataghar,KASAL,MO,16631,"Sheti Farm",156.1,,,मालवण,रत्नागिरी(रहाटघर),178.6,11:00,16:15,,,"6 तासांत डयुटी संपते",,
126993,"Malvan To Rahataghar Via Kasal",Malvan,Rahataghar,KASAL,MO,15833,"Hatakhamba Gaon",159.2,,,मालवण,रत्नागिरी(रहाटघर),178.6,11:00,16:15,,,"6 तासांत डयुटी संपते",,
126993,"Malvan To Rahataghar Via Kasal",Malvan,Rahataghar,KASAL,MO,15853,"Hatkhamba Titha",163.2,,,मालवण,रत्नागिरी(रहाटघर),178.6,11:00,16:15,,,"6 तासांत डयुटी संपते",,
126993,"Malvan To Rahataghar Via Kasal",Malvan,Rahataghar,KASAL,MO,16466,"Panval Fata",166.4,,,मालवण,रत्नागिरी(रहाटघर),178.6,11:00,16:15,,,"6 तासांत डयुटी संपते",,
126993,"Malvan To Rahataghar Via Kasal",Malvan,Rahataghar,KASAL,MO,15979,"Khedshi Fata",167.3,,,मालवण,रत्नागिरी(रहाटघर),178.6,11:00,16:15,,,"6 तासांत डयुटी संपते",,
126993,"Malvan To Rahataghar Via Kasal",Malvan,Rahataghar,KASAL,MO,16108,Kuravbao,169.9,,,मालवण,रत्नागिरी(रहाटघर),178.6,11:00,16:15,,,"6 तासांत डयुटी संपते",,
126993,"Malvan To Rahataghar Via Kasal",Malvan,Rahataghar,KASAL,MO,16663,Shivajinagar,172.3,,,मालवण,रत्नागिरी(रहाटघर),178.6,11:00,16:15,,,"6 तासांत डयुटी संपते",,
126993,"Malvan To Rahataghar Via Kasal",Malvan,Rahataghar,KASAL,MO,16599,Ratnagiri,177.6,,,मालवण,रत्नागिरी(रहाटघर),178.6,11:00,16:15,,,"6 तासांत डयुटी संपते",,
126993,"Malvan To Rahataghar Via Kasal",Malvan,Rahataghar,KASAL,MO,16548,Rahataghar,178.6,,,मालवण,रत्नागिरी(रहाटघर),178.6,11:00,16:15,,,"6 तासांत डयुटी संपते",,
126994,"Ratnagiri Rahatghar To Malvan",Rahataghar,Malvan,KASAL,MO,16548,Rahataghar,,,,रत्नागिरी(रहाटघर),मालवण,178.6,08:00,13:15,,,"6 तासांत डयुटी संपते",,
126994,"Ratnagiri Rahatghar To Malvan",Rahataghar,Malvan,KASAL,MO,16599,Ratnagiri,1,,,रत्नागिरी(रहाटघर),मालवण,178.6,08:00,13:15,,,"6 तासांत डयुटी संपते",,
126994,"Ratnagiri Rahatghar To Malvan",Rahataghar,Malvan,KASAL,MO,16663,Shivajinagar,6.3,,,रत्नागिरी(रहाटघर),मालवण,178.6,08:00,13:15,,,"6 तासांत डयुटी संपते",,
126994,"Ratnagiri Rahatghar To Malvan",Rahataghar,Malvan,KASAL,MO,16108,Kuravbao,8.7,,,रत्नागिरी(रहाटघर),मालवण,178.6,08:00,13:15,,,"6 तासांत डयुटी संपते",,
126994,"Ratnagiri Rahatghar To Malvan",Rahataghar,Malvan,KASAL,MO,15979,"Khedshi Fata",11.3,,,रत्नागिरी(रहाटघर),मालवण,178.6,08:00,13:15,,,"6 तासांत डयुटी संपते",,
126994,"Ratnagiri Rahatghar To Malvan",Rahataghar,Malvan,KASAL,MO,16466,"Panval Fata",12.2,,,रत्नागिरी(रहाटघर),मालवण,178.6,08:00,13:15,,,"6 तासांत डयुटी संपते",,
126994,"Ratnagiri Rahatghar To Malvan",Rahataghar,Malvan,KASAL,MO,15853,"Hatkhamba Titha",15.4,,,रत्नागिरी(रहाटघर),मालवण,178.6,08:00,13:15,,,"6 तासांत डयुटी संपते",,
126994,"Ratnagiri Rahatghar To Malvan",Rahataghar,Malvan,KASAL,MO,15833,"Hatakhamba Gaon",19.4,,,रत्नागिरी(रहाटघर),मालवण,178.6,08:00,13:15,,,"6 तासांत डयुटी संपते",,
126994,"Ratnagiri Rahatghar To Malvan",Rahataghar,Malvan,KASAL,MO,16631,"Sheti Farm",22.5,,,रत्नागिरी(रहाटघर),मालवण,178.6,08:00,13:15,,,"6 तासांत डयुटी संपते",,
126994,"Ratnagiri Rahatghar To Malvan",Rahataghar,Malvan,KASAL,MO,15482,"Bsnl Tower",22.6,,,रत्नागिरी(रहाटघर),मालवण,178.6,08:00,13:15,,,"6 तासांत डयुटी संपते",,
126994,"Ratnagiri Rahatghar To Malvan",Rahataghar,Malvan,KASAL,MO,15559,Charveli,25.6,,,रत्नागिरी(रहाटघर),मालवण,178.6,08:00,13:15,,,"6 तासांत डयुटी संपते",,
126994,"Ratnagiri Rahatghar To Malvan",Rahataghar,Malvan,KASAL,MO,16076,"Kapadgaon Fata",26.9,,,रत्नागिरी(रहाटघर),मालवण,178.6,08:00,13:15,,,"6 तासांत डयुटी संपते",,
126994,"Ratnagiri Rahatghar To Malvan",Rahataghar,Malvan,KASAL,MO,16416,Pali,29,,,रत्नागिरी(रहाटघर),मालवण,178.6,08:00,13:15,,,"6 तासांत डयुटी संपते",,
126994,"Ratnagiri Rahatghar To Malvan",Rahataghar,Malvan,KASAL,MO,13157,Khanu,30.8,,,रत्नागिरी(रहाटघर),मालवण,178.6,08:00,13:15,,,"6 तासांत डयुटी संपते",,
126994,"Ratnagiri Rahatghar To Malvan",Rahataghar,Malvan,KASAL,MO,13297,Math,33.2,,,रत्नागिरी(रहाटघर),मालवण,178.6,08:00,13:15,,,"6 तासांत डयुटी संपते",,
126994,"Ratnagiri Rahatghar To Malvan",Rahataghar,Malvan,KASAL,MO,12889,"Anjanari Bridge",36.7,,,रत्नागिरी(रहाटघर),मालवण,178.6,08:00,13:15,,,"6 तासांत डयुटी संपते",,
126994,"Ratnagiri Rahatghar To Malvan",Rahataghar,Malvan,KASAL,MO,13573,Veral,39.2,,,रत्नागिरी(रहाटघर),मालवण,178.6,08:00,13:15,,,"6 तासांत डयुटी संपते",,
126994,"Ratnagiri Rahatghar To Malvan",Rahataghar,Malvan,KASAL,MO,12998,Devdhe,41.4,,,रत्नागिरी(रहाटघर),मालवण,178.6,08:00,13:15,,,"6 तासांत डयुटी संपते",,
126994,"Ratnagiri Rahatghar To Malvan",Rahataghar,Malvan,KASAL,MO,13277,"Lanja Agri. Farm",43.3,,,रत्नागिरी(रहाटघर),मालवण,178.6,08:00,13:15,,,"6 तासांत डयुटी संपते",,
126994,"Ratnagiri Rahatghar To Malvan",Rahataghar,Malvan,KASAL,MO,13276,"Lanja Poultry Farm",45.3,,,रत्नागिरी(रहाटघर),मालवण,178.6,08:00,13:15,,,"6 तासांत डयुटी संपते",,
126994,"Ratnagiri Rahatghar To Malvan",Rahataghar,Malvan,KASAL,MO,13286,Lanja,47.1,,,रत्नागिरी(रहाटघर),मालवण,178.6,08:00,13:15,,,"6 तासांत डयुटी संपते",,
126994,"Ratnagiri Rahatghar To Malvan",Rahataghar,Malvan,KASAL,MO,13163,"Kuva Village Fata",51.7,,,रत्नागिरी(रहाटघर),मालवण,178.6,08:00,13:15,,,"6 तासांत डयुटी संपते",,
126994,"Ratnagiri Rahatghar To Malvan",Rahataghar,Malvan,KASAL,MO,13066,"Ganesh Mandir",55,,,रत्नागिरी(रहाटघर),मालवण,178.6,08:00,13:15,,,"6 तासांत डयुटी संपते",,
126994,"Ratnagiri Rahatghar To Malvan",Rahataghar,Malvan,KASAL,MO,13279,"Laxmi Bag Waked",57.2,,,रत्नागिरी(रहाटघर),मालवण,178.6,08:00,13:15,,,"6 तासांत डयुटी संपते",,
126994,"Ratnagiri Rahatghar To Malvan",Rahataghar,Malvan,KASAL,MO,13610,"Waked Pati",58.6,,,रत्नागिरी(रहाटघर),मालवण,178.6,08:00,13:15,,,"6 तासांत डयुटी संपते",,
126994,"Ratnagiri Rahatghar To Malvan",Rahataghar,Malvan,KASAL,MO,15286,"Vatul Titha",60.2,,,रत्नागिरी(रहाटघर),मालवण,178.6,08:00,13:15,,,"6 तासांत डयुटी संपते",,
126994,"Ratnagiri Rahatghar To Malvan",Rahataghar,Malvan,KASAL,MO,13559,"Tiwanda Mal",62.6,,,रत्नागिरी(रहाटघर),मालवण,178.6,08:00,13:15,,,"6 तासांत डयुटी संपते",,
126994,"Ratnagiri Rahatghar To Malvan",Rahataghar,Malvan,KASAL,MO,15325,"Yerdav Fata",63.8,,,रत्नागिरी(रहाटघर),मालवण,178.6,08:00,13:15,,,"6 तासांत डयुटी संपते",,
126994,"Ratnagiri Rahatghar To Malvan",Rahataghar,Malvan,KASAL,MO,89331,Oni,65.6,,,रत्नागिरी(रहाटघर),मालवण,178.6,08:00,13:15,,,"6 तासांत डयुटी संपते",,
126994,"Ratnagiri Rahatghar To Malvan",Rahataghar,Malvan,KASAL,MO,14719,"Kharavate Fata",69.3,,,रत्नागिरी(रहाटघर),मालवण,178.6,08:00,13:15,,,"6 तासांत डयुटी संपते",,
126994,"Ratnagiri Rahatghar To Malvan",Rahataghar,Malvan,KASAL,MO,14574,"Kharavate Village/Sorap Shop",70.2,,,रत्नागिरी(रहाटघर),मालवण,178.6,08:00,13:15,,,"6 तासांत डयुटी संपते",,
126994,"Ratnagiri Rahatghar To Malvan",Rahataghar,Malvan,KASAL,MO,14846,"Nerke Pickup Shed",71,,,रत्नागिरी(रहाटघर),मालवण,178.6,08:00,13:15,,,"6 तासांत डयुटी संपते",,
126994,"Ratnagiri Rahatghar To Malvan",Rahataghar,Malvan,KASAL,MO,14615,"Kodavali School",72.6,,,रत्नागिरी(रहाटघर),मालवण,178.6,08:00,13:15,,,"6 तासांत डयुटी संपते",,
126994,"Ratnagiri Rahatghar To Malvan",Rahataghar,Malvan,KASAL,MO,15006,Rajapur,76.3,,,रत्नागिरी(रहाटघर),मालवण,178.6,08:00,13:15,,,"6 तासांत डयुटी संपते",,
126994,"Ratnagiri Rahatghar To Malvan",Rahataghar,Malvan,KASAL,MO,14473,"Ganga Tirtha Fata",80.1,,,रत्नागिरी(रहाटघर),मालवण,178.6,08:00,13:15,,,"6 तासांत डयुटी संपते",,
126994,"Ratnagiri Rahatghar To Malvan",Rahataghar,Malvan,KASAL,MO,14521,"Hativale Jaitapur Fata",84.7,,,रत्नागिरी(रहाटघर),मालवण,178.6,08:00,13:15,,,"6 तासांत डयुटी संपते",,
126994,"Ratnagiri Rahatghar To Malvan",Rahataghar,Malvan,KASAL,MO,14609,Kodiye,88.2,,,रत्नागिरी(रहाटघर),मालवण,178.6,08:00,13:15,,,"6 तासांत डयुटी संपते",,
126994,"Ratnagiri Rahatghar To Malvan",Rahataghar,Malvan,KASAL,MO,14879,Panhale,91.2,,,रत्नागिरी(रहाटघर),मालवण,178.6,08:00,13:15,,,"6 तासांत डयुटी संपते",,
126994,"Ratnagiri Rahatghar To Malvan",Rahataghar,Malvan,KASAL,MO,15236,"Takewadi School",93.6,,,रत्नागिरी(रहाटघर),मालवण,178.6,08:00,13:15,,,"6 तासांत डयुटी संपते",,
126994,"Ratnagiri Rahatghar To Malvan",Rahataghar,Malvan,KASAL,MO,2812,Kharepatan,96.7,,,रत्नागिरी(रहाटघर),मालवण,178.6,08:00,13:15,,,"6 तासांत डयुटी संपते",,
126994,"Ratnagiri Rahatghar To Malvan",Rahataghar,Malvan,KASAL,MO,2863,Nadgive,100,,,रत्नागिरी(रहाटघर),मालवण,178.6,08:00,13:15,,,"6 तासांत डयुटी संपते",,
126994,"Ratnagiri Rahatghar To Malvan",Rahataghar,Malvan,KASAL,MO,2648,Bambarwadi,102.4,,,रत्नागिरी(रहाटघर),मालवण,178.6,08:00,13:15,,,"6 तासांत डयुटी संपते",,
126994,"Ratnagiri Rahatghar To Malvan",Rahataghar,Malvan,KASAL,MO,3010,Wargaon,103.2,,,रत्नागिरी(रहाटघर),मालवण,178.6,08:00,13:15,,,"6 तासांत डयुटी संपते",,
126994,"Ratnagiri Rahatghar To Malvan",Rahataghar,Malvan,KASAL,MO,2941,Saliste,105.9,,,रत्नागिरी(रहाटघर),मालवण,178.6,08:00,13:15,,,"6 तासांत डयुटी संपते",,
126994,"Ratnagiri Rahatghar To Malvan",Rahataghar,Malvan,KASAL,MO,2982,Tarla,110.8,,,रत्नागिरी(रहाटघर),मालवण,178.6,08:00,13:15,,,"6 तासांत डयुटी संपते",,
126994,"Ratnagiri Rahatghar To Malvan",Rahataghar,Malvan,KASAL,MO,2797,"Kasarde Fata",111.6,,,रत्नागिरी(रहाटघर),मालवण,178.6,08:00,13:15,,,"6 तासांत डयुटी संपते",,
126994,"Ratnagiri Rahatghar To Malvan",Rahataghar,Malvan,KASAL,MO,2673,"Bramhan Wadi",113.8,,,रत्नागिरी(रहाटघर),मालवण,178.6,08:00,13:15,,,"6 तासांत डयुटी संपते",,
126994,"Ratnagiri Rahatghar To Malvan",Rahataghar,Malvan,KASAL,MO,2872,"Nandgaon Nursary",117.6,,,रत्नागिरी(रहाटघर),मालवण,178.6,08:00,13:15,,,"6 तासांत डयुटी संपते",,
126994,"Ratnagiri Rahatghar To Malvan",Rahataghar,Malvan,KASAL,MO,2871,"Nandgaon Fata",118.9,,,रत्नागिरी(रहाटघर),मालवण,178.6,08:00,13:15,,,"6 तासांत डयुटी संपते",,
126994,"Ratnagiri Rahatghar To Malvan",Rahataghar,Malvan,KASAL,MO,2870,"Nandgaon Datta Mandir",121.1,,,रत्नागिरी(रहाटघर),मालवण,178.6,08:00,13:15,,,"6 तासांत डयुटी संपते",,
126994,"Ratnagiri Rahatghar To Malvan",Rahataghar,Malvan,KASAL,MO,2655,Belane,123.5,,,रत्नागिरी(रहाटघर),मालवण,178.6,08:00,13:15,,,"6 तासांत डयुटी संपते",,
126994,"Ratnagiri Rahatghar To Malvan",Rahataghar,Malvan,KASAL,MO,2756,"Humrat Titha",125.7,,,रत्नागिरी(रहाटघर),मालवण,178.6,08:00,13:15,,,"6 तासांत डयुटी संपते",,
126994,"Ratnagiri Rahatghar To Malvan",Rahataghar,Malvan,KASAL,MO,2766,Janavali,130,,,रत्नागिरी(रहाटघर),मालवण,178.6,08:00,13:15,,,"6 तासांत डयुटी संपते",,
126994,"Ratnagiri Rahatghar To Malvan",Rahataghar,Malvan,KASAL,MO,2786,Kankavli,133.8,,,रत्नागिरी(रहाटघर),मालवण,178.6,08:00,13:15,,,"6 तासांत डयुटी संपते",,
126994,"Ratnagiri Rahatghar To Malvan",Rahataghar,Malvan,KASAL,MO,3001,"Wagade Gpo",139,,,रत्नागिरी(रहाटघर),मालवण,178.6,08:00,13:15,,,"6 तासांत डयुटी संपते",,
126994,"Ratnagiri Rahatghar To Malvan",Rahataghar,Malvan,KASAL,MO,2692,Dangalwadi,139.9,,,रत्नागिरी(रहाटघर),मालवण,178.6,08:00,13:15,,,"6 तासांत डयुटी संपते",,
126994,"Ratnagiri Rahatghar To Malvan",Rahataghar,Malvan,KASAL,MO,2891,"Osargaon Talav",141,,,रत्नागिरी(रहाटघर),मालवण,178.6,08:00,13:15,,,"6 तासांत डयुटी संपते",,
126994,"Ratnagiri Rahatghar To Malvan",Rahataghar,Malvan,KASAL,MO,2890,"Osargaon Post",143.9,,,रत्नागिरी(रहाटघर),मालवण,178.6,08:00,13:15,,,"6 तासांत डयुटी संपते",,
126994,"Ratnagiri Rahatghar To Malvan",Rahataghar,Malvan,KASAL,MO,2889,"Osargaon Godaoon",147.2,,,रत्नागिरी(रहाटघर),मालवण,178.6,08:00,13:15,,,"6 तासांत डयुटी संपते",,
126994,"Ratnagiri Rahatghar To Malvan",Rahataghar,Malvan,KASAL,MO,6281,Kasal,148.2,,,रत्नागिरी(रहाटघर),मालवण,178.6,08:00,13:15,,,"6 तासांत डयुटी संपते",,
126994,"Ratnagiri Rahatghar To Malvan",Rahataghar,Malvan,KASAL,MO,6368,Padve,151.2,,,रत्नागिरी(रहाटघर),मालवण,178.6,08:00,13:15,,,"6 तासांत डयुटी संपते",,
126994,"Ratnagiri Rahatghar To Malvan",Rahataghar,Malvan,KASAL,MO,6392,"Ranbambuli Fata",152.8,,,रत्नागिरी(रहाटघर),मालवण,178.6,08:00,13:15,,,"6 तासांत डयुटी संपते",,
126994,"Ratnagiri Rahatghar To Malvan",Rahataghar,Malvan,KASAL,MO,6424,Sukalwad,154.3,,,रत्नागिरी(रहाटघर),मालवण,178.6,08:00,13:15,,,"6 तासांत डयुटी संपते",,
126994,"Ratnagiri Rahatghar To Malvan",Rahataghar,Malvan,KASAL,MO,6993,"Sawarwad Varad Fata",157.5,,,रत्नागिरी(रहाटघर),मालवण,178.6,08:00,13:15,,,"6 तासांत डयुटी संपते",,
126994,"Ratnagiri Rahatghar To Malvan",Rahataghar,Malvan,KASAL,MO,6870,Katta,161.6,,,रत्नागिरी(रहाटघर),मालवण,178.6,08:00,13:15,,,"6 तासांत डयुटी संपते",,
126994,"Ratnagiri Rahatghar To Malvan",Rahataghar,Malvan,KASAL,MO,6836,Guramwad,162.2,,,रत्नागिरी(रहाटघर),मालवण,178.6,08:00,13:15,,,"6 तासांत डयुटी संपते",,
126994,"Ratnagiri Rahatghar To Malvan",Rahataghar,Malvan,KASAL,MO,6770,Bagwadi,163,,,रत्नागिरी(रहाटघर),मालवण,178.6,08:00,13:15,,,"6 तासांत डयुटी संपते",,
126994,"Ratnagiri Rahatghar To Malvan",Rahataghar,Malvan,KASAL,MO,6985,"Salel Nangarbhat",166.7,,,रत्नागिरी(रहाटघर),मालवण,178.6,08:00,13:15,,,"6 तासांत डयुटी संपते",,
126994,"Ratnagiri Rahatghar To Malvan",Rahataghar,Malvan,KASAL,MO,6799,Chouke,170,,,रत्नागिरी(रहाटघर),मालवण,178.6,08:00,13:15,,,"6 तासांत डयुटी संपते",,
126994,"Ratnagiri Rahatghar To Malvan",Rahataghar,Malvan,KASAL,MO,6750,"Ajagaonkar Bangala",172.8,,,रत्नागिरी(रहाटघर),मालवण,178.6,08:00,13:15,,,"6 तासांत डयुटी संपते",,
126994,"Ratnagiri Rahatghar To Malvan",Rahataghar,Malvan,KASAL,MO,6897,"Kumbharmath Govekar Dukan",174.9,,,रत्नागिरी(रहाटघर),मालवण,178.6,08:00,13:15,,,"6 तासांत डयुटी संपते",,
126994,"Ratnagiri Rahatghar To Malvan",Rahataghar,Malvan,KASAL,MO,6915,Malvan,178.6,,,रत्नागिरी(रहाटघर),मालवण,178.6,08:00,13:15,,,"6 तासांत डयुटी संपते",,
154834,"Shiroda To Malvan",Shiroda,Malvan,,MO,9789,Shiroda,,,,शिरोडा,मालवण,62.7,07:00,08:40,SCL,DAIL,,,
154834,"Shiroda To Malvan",Shiroda,Malvan,,MO,9826,"Vetoba Mandir",3,,,शिरोडा,मालवण,62.7,07:00,08:40,SCL,DAIL,,,
154834,"Shiroda To Malvan",Shiroda,Malvan,,MO,9601,Arawali,3.4,,,शिरोडा,मालवण,62.7,07:00,08:40,SCL,DAIL,,,
154834,"Shiroda To Malvan",Shiroda,Malvan,,MO,9630,Darusta,4.5,,,शिरोडा,मालवण,62.7,07:00,08:40,SCL,DAIL,,,
154834,"Shiroda To Malvan",Shiroda,Malvan,,MO,9797,"Tak Maruti Mandir",5.3,,,शिरोडा,मालवण,62.7,07:00,08:40,SCL,DAIL,,,
154834,"Shiroda To Malvan",Shiroda,Malvan,,MO,9730,Naichiad,5.8,,,शिरोडा,मालवण,62.7,07:00,08:40,SCL,DAIL,,,
154834,"Shiroda To Malvan",Shiroda,Malvan,,MO,9723,"Mochemand Pool",7,,,शिरोडा,मालवण,62.7,07:00,08:40,SCL,DAIL,,,
154834,"Shiroda To Malvan",Shiroda,Malvan,,MO,9726,"Mundale Shop",9,,,शिरोडा,मालवण,62.7,07:00,08:40,SCL,DAIL,,,
154834,"Shiroda To Malvan",Shiroda,Malvan,,MO,9817,"Ubhadanda School -2",12,,,शिरोडा,मालवण,62.7,07:00,08:40,SCL,DAIL,,,
154834,"Shiroda To Malvan",Shiroda,Malvan,,MO,9824,Vengurle,15,,,शिरोडा,मालवण,62.7,07:00,08:40,SCL,DAIL,,,
154834,"Shiroda To Malvan",Shiroda,Malvan,,MO,9790,"Shiroda Fata",15.5,,,शिरोडा,मालवण,62.7,07:00,08:40,SCL,DAIL,,,
154834,"Shiroda To Malvan",Shiroda,Malvan,,MO,9697,"Lokhandewadi Titha",20,,,शिरोडा,मालवण,62.7,07:00,08:40,SCL,DAIL,,,
154834,"Shiroda To Malvan",Shiroda,Malvan,,MO,9625,"Dabholi Matha",24,,,शिरोडा,मालवण,62.7,07:00,08:40,SCL,DAIL,,,
154834,"Shiroda To Malvan",Shiroda,Malvan,,MO,9677,"Khanoli Ganapati Mandir",27,,,शिरोडा,मालवण,62.7,07:00,08:40,SCL,DAIL,,,
154834,"Shiroda To Malvan",Shiroda,Malvan,,MO,9605,"Awere Bridge",30.1,,,शिरोडा,मालवण,62.7,07:00,08:40,SCL,DAIL,,,
154834,"Shiroda To Malvan",Shiroda,Malvan,,MO,9662,"Kalvi Titha",33.6,,,शिरोडा,मालवण,62.7,07:00,08:40,SCL,DAIL,,,
154834,"Shiroda To Malvan",Shiroda,Malvan,,MO,9670,"Kelus Dhakka",36,,,शिरोडा,मालवण,62.7,07:00,08:40,SCL,DAIL,,,
154834,"Shiroda To Malvan",Shiroda,Malvan,,MO,9682,"Khavane Fata",38.9,,,शिरोडा,मालवण,62.7,07:00,08:40,SCL,DAIL,,,
154834,"Shiroda To Malvan",Shiroda,Malvan,,MO,9714,Mhapan,40,,,शिरोडा,मालवण,62.7,07:00,08:40,SCL,DAIL,,,
154834,"Shiroda To Malvan",Shiroda,Malvan,,MO,9590,"Ajarwadi P.H.C.",41.3,,,शिरोडा,मालवण,62.7,07:00,08:40,SCL,DAIL,,,
154834,"Shiroda To Malvan",Shiroda,Malvan,,MO,9587,"Adinarayan Mandir",43.9,,,शिरोडा,मालवण,62.7,07:00,08:40,SCL,DAIL,,,
154834,"Shiroda To Malvan",Shiroda,Malvan,,MO,9750,Parule,44.4,,,शिरोडा,मालवण,62.7,07:00,08:40,SCL,DAIL,,,
154834,"Shiroda To Malvan",Shiroda,Malvan,,MO,9609,"Bandhalela Amba",46.1,,,शिरोडा,मालवण,62.7,07:00,08:40,SCL,DAIL,,,
154834,"Shiroda To Malvan",Shiroda,Malvan,,MO,6274,"Korjai Titha",47.1,,,शिरोडा,मालवण,62.7,07:00,08:40,SCL,DAIL,,,
154834,"Shiroda To Malvan",Shiroda,Malvan,,MO,9654,"Jai Bhavani",48.4,,,शिरोडा,मालवण,62.7,07:00,08:40,SCL,DAIL,,,
154834,"Shiroda To Malvan",Shiroda,Malvan,,MO,6810,"Dewali Pool",51.1,,,शिरोडा,मालवण,62.7,07:00,08:40,SCL,DAIL,,,
154834,"Shiroda To Malvan",Shiroda,Malvan,,MO,6903,"Madi Dukan",52,,,शिरोडा,मालवण,62.7,07:00,08:40,SCL,DAIL,,,
154834,"Shiroda To Malvan",Shiroda,Malvan,,MO,7013,"Vamanshet Hotel",54,,,शिरोडा,मालवण,62.7,07:00,08:40,SCL,DAIL,,,
154834,"Shiroda To Malvan",Shiroda,Malvan,,MO,6849,"Hirloskar House",55,,,शिरोडा,मालवण,62.7,07:00,08:40,SCL,DAIL,,,
154834,"Shiroda To Malvan",Shiroda,Malvan,,MO,6915,Malvan,62.7,,,शिरोडा,मालवण,62.7,07:00,08:40,SCL,DAIL,,,
154832,"Malvan To Shiroda Via Mhapan",Malvan,Shiroda,,MO,6915,Malvan,,,,मालवण,शिरोडा,62.7,16:30,18:10,SCL,DAIL,,,
154832,"Malvan To Shiroda Via Mhapan",Malvan,Shiroda,,MO,6849,"Hirloskar House",7.7,,,मालवण,शिरोडा,62.7,16:30,18:10,SCL,DAIL,,,
154832,"Malvan To Shiroda Via Mhapan",Malvan,Shiroda,,MO,7013,"Vamanshet Hotel",8.7,,,मालवण,शिरोडा,62.7,16:30,18:10,SCL,DAIL,,,
154832,"Malvan To Shiroda Via Mhapan",Malvan,Shiroda,,MO,6903,"Madi Dukan",10.7,,,मालवण,शिरोडा,62.7,16:30,18:10,SCL,DAIL,,,
154832,"Malvan To Shiroda Via Mhapan",Malvan,Shiroda,,MO,6810,"Dewali Pool",11.6,,,मालवण,शिरोडा,62.7,16:30,18:10,SCL,DAIL,,,
154832,"Malvan To Shiroda Via Mhapan",Malvan,Shiroda,,MO,9654,"Jai Bhavani",14.3,,,मालवण,शिरोडा,62.7,16:30,18:10,SCL,DAIL,,,
154832,"Malvan To Shiroda Via Mhapan",Malvan,Shiroda,,MO,6274,"Korjai Titha",15.6,,,मालवण,शिरोडा,62.7,16:30,18:10,SCL,DAIL,,,
154832,"Malvan To Shiroda Via Mhapan",Malvan,Shiroda,,MO,9609,"Bandhalela Amba",16.6,,,मालवण,शिरोडा,62.7,16:30,18:10,SCL,DAIL,,,
154832,"Malvan To Shiroda Via Mhapan",Malvan,Shiroda,,MO,9750,Parule,18.3,,,मालवण,शिरोडा,62.7,16:30,18:10,SCL,DAIL,,,
154832,"Malvan To Shiroda Via Mhapan",Malvan,Shiroda,,MO,9587,"Adinarayan Mandir",18.8,,,मालवण,शिरोडा,62.7,16:30,18:10,SCL,DAIL,,,
154832,"Malvan To Shiroda Via Mhapan",Malvan,Shiroda,,MO,9590,"Ajarwadi P.H.C.",21.4,,,मालवण,शिरोडा,62.7,16:30,18:10,SCL,DAIL,,,
154832,"Malvan To Shiroda Via Mhapan",Malvan,Shiroda,,MO,9714,Mhapan,22.7,,,मालवण,शिरोडा,62.7,16:30,18:10,SCL,DAIL,,,
154832,"Malvan To Shiroda Via Mhapan",Malvan,Shiroda,,MO,9682,"Khavane Fata",23.8,,,मालवण,शिरोडा,62.7,16:30,18:10,SCL,DAIL,,,
154832,"Malvan To Shiroda Via Mhapan",Malvan,Shiroda,,MO,9670,"Kelus Dhakka",26.7,,,मालवण,शिरोडा,62.7,16:30,18:10,SCL,DAIL,,,
154832,"Malvan To Shiroda Via Mhapan",Malvan,Shiroda,,MO,9662,"Kalvi Titha",29.1,,,मालवण,शिरोडा,62.7,16:30,18:10,SCL,DAIL,,,
154832,"Malvan To Shiroda Via Mhapan",Malvan,Shiroda,,MO,9605,"Awere Bridge",32.6,,,मालवण,शिरोडा,62.7,16:30,18:10,SCL,DAIL,,,
154832,"Malvan To Shiroda Via Mhapan",Malvan,Shiroda,,MO,9677,"Khanoli Ganapati Mandir",35.7,,,मालवण,शिरोडा,62.7,16:30,18:10,SCL,DAIL,,,
154832,"Malvan To Shiroda Via Mhapan",Malvan,Shiroda,,MO,9625,"Dabholi Matha",38.7,,,मालवण,शिरोडा,62.7,16:30,18:10,SCL,DAIL,,,
154832,"Malvan To Shiroda Via Mhapan",Malvan,Shiroda,,MO,9697,"Lokhandewadi Titha",42.7,,,मालवण,शिरोडा,62.7,16:30,18:10,SCL,DAIL,,,
154832,"Malvan To Shiroda Via Mhapan",Malvan,Shiroda,,MO,9790,"Shiroda Fata",47.2,,,मालवण,शिरोडा,62.7,16:30,18:10,SCL,DAIL,,,
154832,"Malvan To Shiroda Via Mhapan",Malvan,Shiroda,,MO,9824,Vengurle,47.7,,,मालवण,शिरोडा,62.7,16:30,18:10,SCL,DAIL,,,
154832,"Malvan To Shiroda Via Mhapan",Malvan,Shiroda,,MO,9817,"Ubhadanda School -2",50.7,,,मालवण,शिरोडा,62.7,16:30,18:10,SCL,DAIL,,,
154832,"Malvan To Shiroda Via Mhapan",Malvan,Shiroda,,MO,9726,"Mundale Shop",53.7,,,मालवण,शिरोडा,62.7,16:30,18:10,SCL,DAIL,,,
154832,"Malvan To Shiroda Via Mhapan",Malvan,Shiroda,,MO,9723,"Mochemand Pool",55.7,,,मालवण,शिरोडा,62.7,16:30,18:10,SCL,DAIL,,,
154832,"Malvan To Shiroda Via Mhapan",Malvan,Shiroda,,MO,9730,Naichiad,56.9,,,मालवण,शिरोडा,62.7,16:30,18:10,SCL,DAIL,,,
154832,"Malvan To Shiroda Via Mhapan",Malvan,Shiroda,,MO,9797,"Tak Maruti Mandir",57.4,,,मालवण,शिरोडा,62.7,16:30,18:10,SCL,DAIL,,,
154832,"Malvan To Shiroda Via Mhapan",Malvan,Shiroda,,MO,9630,Darusta,58.2,,,मालवण,शिरोडा,62.7,16:30,18:10,SCL,DAIL,,,
154832,"Malvan To Shiroda Via Mhapan",Malvan,Shiroda,,MO,9601,Arawali,59.3,,,मालवण,शिरोडा,62.7,16:30,18:10,SCL,DAIL,,,
154832,"Malvan To Shiroda Via Mhapan",Malvan,Shiroda,,MO,9826,"Vetoba Mandir",59.7,,,मालवण,शिरोडा,62.7,16:30,18:10,SCL,DAIL,,,
154832,"Malvan To Shiroda Via Mhapan",Malvan,Shiroda,,MO,9789,Shiroda,62.7,,,मालवण,शिरोडा,62.7,16:30,18:10,SCL,DAIL,,,
154929,"Mogarane To Tirawade",Mogarane,Tirawade,,MO,6937,Mogarane,,,,मोगरणे,तिरवडे,18.4,17:05,17:45,SCH,DAIL,,,
154929,"Mogarane To Tirawade",Mogarane,Tirawade,,MO,6973,Rathbav,2.9,,,मोगरणे,तिरवडे,18.4,17:05,17:45,SCH,DAIL,,,
154929,"Mogarane To Tirawade",Mogarane,Tirawade,,MO,6918,Mandir,6,,,मोगरणे,तिरवडे,18.4,17:05,17:45,SCH,DAIL,,,
154929,"Mogarane To Tirawade",Mogarane,Tirawade,,MO,6962,"Pendur Naka",8.1,,,मोगरणे,तिरवडे,18.4,17:05,17:45,SCH,DAIL,,,
154929,"Mogarane To Tirawade",Mogarane,Tirawade,,MO,6825,Ghotale,9.7,,,मोगरणे,तिरवडे,18.4,17:05,17:45,SCH,DAIL,,,
154929,"Mogarane To Tirawade",Mogarane,Tirawade,,MO,6870,Katta,12,,,मोगरणे,तिरवडे,18.4,17:05,17:45,SCH,DAIL,,,
154929,"Mogarane To Tirawade",Mogarane,Tirawade,,MO,7006,"Tirawade Fata (Right)",15,,,मोगरणे,तिरवडे,18.4,17:05,17:45,SCH,DAIL,,,
154929,"Mogarane To Tirawade",Mogarane,Tirawade,,MO,7005,Tirawade,18.4,,,मोगरणे,तिरवडे,18.4,17:05,17:45,SCH,DAIL,,,
154930,"Mogarne To Tirvade",Tirawade,Mogarane,,MO,7005,Tirawade,,,,तिरवडे,मोगरणे,18.4,08:15,08:40,SCH,DAIL,,,
154930,"Mogarne To Tirvade",Tirawade,Mogarane,,MO,7006,"Tirawade Fata (Right)",3.4,,,तिरवडे,मोगरणे,18.4,08:15,08:40,SCH,DAIL,,,
154930,"Mogarne To Tirvade",Tirawade,Mogarane,,MO,6870,Katta,6.4,,,तिरवडे,मोगरणे,18.4,08:15,08:40,SCH,DAIL,,,
154930,"Mogarne To Tirvade",Tirawade,Mogarane,,MO,6825,Ghotale,8.7,,,तिरवडे,मोगरणे,18.4,08:15,08:40,SCH,DAIL,,,
154930,"Mogarne To Tirvade",Tirawade,Mogarane,,MO,6962,"Pendur Naka",10.3,,,तिरवडे,मोगरणे,18.4,08:15,08:40,SCH,DAIL,,,
154930,"Mogarne To Tirvade",Tirawade,Mogarane,,MO,6918,Mandir,12.4,,,तिरवडे,मोगरणे,18.4,08:15,08:40,SCH,DAIL,,,
154930,"Mogarne To Tirvade",Tirawade,Mogarane,,MO,6973,Rathbav,15.5,,,तिरवडे,मोगरणे,18.4,08:15,08:40,SCH,DAIL,,,
154930,"Mogarne To Tirvade",Tirawade,Mogarane,,MO,6937,Mogarane,18.4,,,तिरवडे,मोगरणे,18.4,08:15,08:40,SCH,DAIL,,,
154542,"Kudal Rly. Stn. To Malvan Via  Amberi","Kudal Rly. Stn.",Malvan,AMBERI,MO,6235,"Kudal Rly. Stn.",,,,"कुडाळ रेल्वे स्टेशन",मालवण,33,13:15,14:15,"RAIL CN",DAIL,,,
154542,"Kudal Rly. Stn. To Malvan Via  Amberi","Kudal Rly. Stn.",Malvan,AMBERI,MO,6237,"Kudal St Depot",2.8,,,"कुडाळ रेल्वे स्टेशन",मालवण,33,13:15,14:15,"RAIL CN",DAIL,,,
154542,"Kudal Rly. Stn. To Malvan Via  Amberi","Kudal Rly. Stn.",Malvan,AMBERI,MO,6351,"Nerur Jakat",4.3,,,"कुडाळ रेल्वे स्टेशन",मालवण,33,13:15,14:15,"RAIL CN",DAIL,,,
154542,"Kudal Rly. Stn. To Malvan Via  Amberi","Kudal Rly. Stn.",Malvan,AMBERI,MO,6428,Thakurwadi,7,,,"कुडाळ रेल्वे स्टेशन",मालवण,33,13:15,14:15,"RAIL CN",DAIL,,,
154542,"Kudal Rly. Stn. To Malvan Via  Amberi","Kudal Rly. Stn.",Malvan,AMBERI,MO,6335,Nerurpar,9.9,,,"कुडाळ रेल्वे स्टेशन",मालवण,33,13:15,14:15,"RAIL CN",DAIL,,,
154542,"Kudal Rly. Stn. To Malvan Via  Amberi","Kudal Rly. Stn.",Malvan,AMBERI,MO,6856,"Hubalicha Mal",11.2,,,"कुडाळ रेल्वे स्टेशन",मालवण,33,13:15,14:15,"RAIL CN",DAIL,,,
154542,"Kudal Rly. Stn. To Malvan Via  Amberi","Kudal Rly. Stn.",Malvan,AMBERI,MO,6979,"Ravalnath Mandir",13,,,"कुडाळ रेल्वे स्टेशन",मालवण,33,13:15,14:15,"RAIL CN",DAIL,,,
154542,"Kudal Rly. Stn. To Malvan Via  Amberi","Kudal Rly. Stn.",Malvan,AMBERI,MO,6812,Dhamapur,15.4,,,"कुडाळ रेल्वे स्टेशन",मालवण,33,13:15,14:15,"RAIL CN",DAIL,,,
154542,"Kudal Rly. Stn. To Malvan Via  Amberi","Kudal Rly. Stn.",Malvan,AMBERI,MO,6143,Boudhwadi,16.4,,,"कुडाळ रेल्वे स्टेशन",मालवण,33,13:15,14:15,"RAIL CN",DAIL,,,
154542,"Kudal Rly. Stn. To Malvan Via  Amberi","Kudal Rly. Stn.",Malvan,AMBERI,MO,6754,"Amberi School",18.8,,,"कुडाळ रेल्वे स्टेशन",मालवण,33,13:15,14:15,"RAIL CN",DAIL,,,
154542,"Kudal Rly. Stn. To Malvan Via  Amberi","Kudal Rly. Stn.",Malvan,AMBERI,MO,88095,Amberi,19.7,,,"कुडाळ रेल्वे स्टेशन",मालवण,33,13:15,14:15,"RAIL CN",DAIL,,,
154542,"Kudal Rly. Stn. To Malvan Via  Amberi","Kudal Rly. Stn.",Malvan,AMBERI,MO,6910,"Mail Dagad",23.4,,,"कुडाळ रेल्वे स्टेशन",मालवण,33,13:15,14:15,"RAIL CN",DAIL,,,
154542,"Kudal Rly. Stn. To Malvan Via  Amberi","Kudal Rly. Stn.",Malvan,AMBERI,MO,6799,Chouke,24,,,"कुडाळ रेल्वे स्टेशन",मालवण,33,13:15,14:15,"RAIL CN",DAIL,,,
154542,"Kudal Rly. Stn. To Malvan Via  Amberi","Kudal Rly. Stn.",Malvan,AMBERI,MO,6750,"Ajagaonkar Bangala",27,,,"कुडाळ रेल्वे स्टेशन",मालवण,33,13:15,14:15,"RAIL CN",DAIL,,,
154542,"Kudal Rly. Stn. To Malvan Via  Amberi","Kudal Rly. Stn.",Malvan,AMBERI,MO,6897,"Kumbharmath Govekar Dukan",30,,,"कुडाळ रेल्वे स्टेशन",मालवण,33,13:15,14:15,"RAIL CN",DAIL,,,
154542,"Kudal Rly. Stn. To Malvan Via  Amberi","Kudal Rly. Stn.",Malvan,AMBERI,MO,6915,Malvan,33,,,"कुडाळ रेल्वे स्टेशन",मालवण,33,13:15,14:15,"RAIL CN",DAIL,,,
154545,"Sawantwadi To Malvan Via  Amberi",Sawantwadi,Malvan,AMBERI,MO,6237,"Kudal St Depot",2.8,,,मालवण,सावंतवाडी,53.7,08:30,10:10,NOG,DAIL,,,
154545,"Sawantwadi To Malvan Via  Amberi",Sawantwadi,Malvan,AMBERI,MO,6351,"Nerur Jakat",4.3,,,मालवण,सावंतवाडी,53.7,08:30,10:10,NOG,DAIL,,,
154545,"Sawantwadi To Malvan Via  Amberi",Sawantwadi,Malvan,AMBERI,MO,6428,Thakurwadi,7,,,मालवण,सावंतवाडी,53.7,08:30,10:10,NOG,DAIL,,,
154545,"Sawantwadi To Malvan Via  Amberi",Sawantwadi,Malvan,AMBERI,MO,6335,Nerurpar,9.9,,,मालवण,सावंतवाडी,53.7,08:30,10:10,NOG,DAIL,,,
154545,"Sawantwadi To Malvan Via  Amberi",Sawantwadi,Malvan,AMBERI,MO,6856,"Hubalicha Mal",11.2,,,मालवण,सावंतवाडी,53.7,08:30,10:10,NOG,DAIL,,,
154545,"Sawantwadi To Malvan Via  Amberi",Sawantwadi,Malvan,AMBERI,MO,6979,"Ravalnath Mandir",13,,,मालवण,सावंतवाडी,53.7,08:30,10:10,NOG,DAIL,,,
154545,"Sawantwadi To Malvan Via  Amberi",Sawantwadi,Malvan,AMBERI,MO,6812,Dhamapur,15.4,,,मालवण,सावंतवाडी,53.7,08:30,10:10,NOG,DAIL,,,
154545,"Sawantwadi To Malvan Via  Amberi",Sawantwadi,Malvan,AMBERI,MO,6143,Boudhwadi,16.4,,,मालवण,सावंतवाडी,53.7,08:30,10:10,NOG,DAIL,,,
154545,"Sawantwadi To Malvan Via  Amberi",Sawantwadi,Malvan,AMBERI,MO,6754,"Amberi School",18.8,,,मालवण,सावंतवाडी,53.7,08:30,10:10,NOG,DAIL,,,
154545,"Sawantwadi To Malvan Via  Amberi",Sawantwadi,Malvan,AMBERI,MO,88095,Amberi,19.7,,,मालवण,सावंतवाडी,53.7,08:30,10:10,NOG,DAIL,,,
154545,"Sawantwadi To Malvan Via  Amberi",Sawantwadi,Malvan,AMBERI,MO,6910,"Mail Dagad",23.4,,,मालवण,सावंतवाडी,53.7,08:30,10:10,NOG,DAIL,,,
154545,"Sawantwadi To Malvan Via  Amberi",Sawantwadi,Malvan,AMBERI,MO,6799,Chouke,24,,,मालवण,सावंतवाडी,53.7,08:30,10:10,NOG,DAIL,,,
154545,"Sawantwadi To Malvan Via  Amberi",Sawantwadi,Malvan,AMBERI,MO,6750,"Ajagaonkar Bangala",27,,,मालवण,सावंतवाडी,53.7,08:30,10:10,NOG,DAIL,,,
154545,"Sawantwadi To Malvan Via  Amberi",Sawantwadi,Malvan,AMBERI,MO,6897,"Kumbharmath Govekar Dukan",30,,,मालवण,सावंतवाडी,53.7,08:30,10:10,NOG,DAIL,,,
154545,"Sawantwadi To Malvan Via  Amberi",Sawantwadi,Malvan,AMBERI,MO,6915,Malvan,33,,,मालवण,सावंतवाडी,53.7,08:30,10:10,NOG,DAIL,,,
154545,"Sawantwadi To Malvan Via  Amberi",Sawantwadi,Malvan,AMBERI,MO,6302,"Modka Wad Pinguli",37.6,,,मालवण,सावंतवाडी,53.7,08:30,10:10,NOG,DAIL,,,
154545,"Sawantwadi To Malvan Via  Amberi",Sawantwadi,Malvan,AMBERI,MO,6126,Bibavane,38.2,,,मालवण,सावंतवाडी,53.7,08:30,10:10,NOG,DAIL,,,
154545,"Sawantwadi To Malvan Via  Amberi",Sawantwadi,Malvan,AMBERI,MO,6474,"Zharap Titha",42.9,,,मालवण,सावंतवाडी,53.7,08:30,10:10,NOG,DAIL,,,
154545,"Sawantwadi To Malvan Via  Amberi",Sawantwadi,Malvan,AMBERI,MO,6231,"Khan Mohalla",45.2,,,मालवण,सावंतवाडी,53.7,08:30,10:10,NOG,DAIL,,,
154545,"Sawantwadi To Malvan Via  Amberi",Sawantwadi,Malvan,AMBERI,MO,6101,Akeri,47.4,,,मालवण,सावंतवाडी,53.7,08:30,10:10,NOG,DAIL,,,
154545,"Sawantwadi To Malvan Via  Amberi",Sawantwadi,Malvan,AMBERI,MO,8551,"Kolgaon Thita",50,,,मालवण,सावंतवाडी,53.7,08:30,10:10,NOG,DAIL,,,
154545,"Sawantwadi To Malvan Via  Amberi",Sawantwadi,Malvan,AMBERI,MO,8663,Sawantwadi,53.7,,,मालवण,सावंतवाडी,53.7,08:30,10:10,NOG,DAIL,,,
