"Route No","Route Name","From Stop Name","Till Stop Name","Via Stop Name","Route Type","Bstop ID","Bstop Name","DIST KM","IN ACTIVE","DTL IN ACTIVE",Source_Marathi,Destination_Marathi,Distance_KM,Departure_Time,Arrival_Time,Trip_Type,Frequency,Rest_Remark,Remark,School_Trip
10661,"Banda To Fukeri",Banda,Fukeri,,MO,8486,Banda,,,,बांदा,फुकेरी,22.6,17:30,18:30,ST,,,,
10661,"Banda To Fukeri",Banda,Fukeri,,MO,8619,Panval,2.4,,,बांदा,फुकेरी,22.6,17:30,18:30,ST,,,,
10661,"Banda To Fukeri",Banda,Fukeri,,MO,8503,Degve,4,,,बांदा,फुकेरी,22.6,17:30,18:30,ST,,,,
10661,"Banda To Fukeri",Banda,Fukeri,,MO,8502,"Degve High School",4.9,,,बांदा,फुकेरी,22.6,17:30,18:30,ST,,,,
10661,"Banda To Fukeri",Banda,Fukeri,,MO,8558,"Kumbral Fata",6.5,,,बांदा,फुकेरी,22.6,17:30,18:30,ST,,,,
10661,"Banda To Fukeri",Banda,Fukeri,,MO,8620,"Padave Mazgaon",8.6,,,बांदा,फुकेरी,22.6,17:30,18:30,ST,,,,
10661,"Banda To Fukeri",Banda,Fukeri,,MO,8565,"Margaon Bagwadi",9.1,,,बांदा,फुकेरी,22.6,17:30,18:30,ST,,,,
10661,"Banda To Fukeri",Banda,Fukeri,,MO,2353,"Talkat Nursary",11.4,,,बांदा,फुकेरी,22.6,17:30,18:30,ST,,,,
10661,"Banda To Fukeri",Banda,Fukeri,,MO,2352,"Talkat Soci",13.7,,,बांदा,फुकेरी,22.6,17:30,18:30,ST,,,,
10661,"Banda To Fukeri",Banda,Fukeri,,MO,2358,"Zolambe Tulpulewadi",14.3,,,बांदा,फुकेरी,22.6,17:30,18:30,ST,,,,
10661,"Banda To Fukeri",Banda,Fukeri,,MO,2357,Zolambe,15.8,,,बांदा,फुकेरी,22.6,17:30,18:30,ST,,,,
10661,"Banda To Fukeri",Banda,Fukeri,,MO,2356,"Zolambe Fukeri Titha",18,,,बांदा,फुकेरी,22.6,17:30,18:30,ST,,,,
10661,"Banda To Fukeri",Banda,Fukeri,,MO,2362,"Kolte House",20.7,,,बांदा,फुकेरी,22.6,17:30,18:30,ST,,,,
10661,"Banda To Fukeri",Banda,Fukeri,,MO,8519,Fukeri,22.8,,,बांदा,फुकेरी,22.6,17:30,18:30,ST,,,,
10666,"Banda To Kudasa Via Kumbral",Banda,Kudasa,KUMBRAL,MO,8486,Banda,,,,बांदा,कुडासा,28.1,18:30,19:30,ST,,,,
10666,"Banda To Kudasa Via Kumbral",Banda,Kudasa,KUMBRAL,MO,8619,Panval,2.4,,,बांदा,कुडासा,28.1,18:30,19:30,ST,,,,
10666,"Banda To Kudasa Via Kumbral",Banda,Kudasa,KUMBRAL,MO,8503,Degve,4.2,,,बांदा,कुडासा,28.1,18:30,19:30,ST,,,,
10666,"Banda To Kudasa Via Kumbral",Banda,Kudasa,KUMBRAL,MO,8502,"Degve High School",5,,,बांदा,कुडासा,28.1,18:30,19:30,ST,,,,
10666,"Banda To Kudasa Via Kumbral",Banda,Kudasa,KUMBRAL,MO,8558,"Kumbral Fata",6.5,,,बांदा,कुडासा,28.1,18:30,19:30,ST,,,,
10666,"Banda To Kudasa Via Kumbral",Banda,Kudasa,KUMBRAL,MO,8620,"Padave Mazgaon",8.6,,,बांदा,कुडासा,28.1,18:30,19:30,ST,,,,
10666,"Banda To Kudasa Via Kumbral",Banda,Kudasa,KUMBRAL,MO,8565,"Margaon Bagwadi",9,,,बांदा,कुडासा,28.1,18:30,19:30,ST,,,,
10666,"Banda To Kudasa Via Kumbral",Banda,Kudasa,KUMBRAL,MO,2353,"Talkat Nursary",11.4,,,बांदा,कुडासा,28.1,18:30,19:30,ST,,,,
10666,"Banda To Kudasa Via Kumbral",Banda,Kudasa,KUMBRAL,MO,2352,"Talkat Soci",13,,,बांदा,कुडासा,28.1,18:30,19:30,ST,,,,
10666,"Banda To Kudasa Via Kumbral",Banda,Kudasa,KUMBRAL,MO,2349,"Marathe House",13.5,,,बांदा,कुडासा,28.1,18:30,19:30,ST,,,,
10666,"Banda To Kudasa Via Kumbral",Banda,Kudasa,KUMBRAL,MO,2351,Kolzar,15,,,बांदा,कुडासा,28.1,18:30,19:30,ST,,,,
10666,"Banda To Kudasa Via Kumbral",Banda,Kudasa,KUMBRAL,MO,2345,"Kolzar Mungi Dukan",17,,,बांदा,कुडासा,28.1,18:30,19:30,ST,,,,
10666,"Banda To Kudasa Via Kumbral",Banda,Kudasa,KUMBRAL,MO,2314,"Shirval School",18,,,बांदा,कुडासा,28.1,18:30,19:30,ST,,,,
10666,"Banda To Kudasa Via Kumbral",Banda,Kudasa,KUMBRAL,MO,2272,Kumbral,20.5,,,बांदा,कुडासा,28.1,18:30,19:30,ST,,,,
10666,"Banda To Kudasa Via Kumbral",Banda,Kudasa,KUMBRAL,MO,2305,"Panturli Titha",22.4,,,बांदा,कुडासा,28.1,18:30,19:30,ST,,,,
10666,"Banda To Kudasa Via Kumbral",Banda,Kudasa,KUMBRAL,MO,2282,Kudasa,24,,,बांदा,कुडासा,28.1,18:30,19:30,ST,,,,
10671,"Banda To Vitthalwadi",Banda,Vitthalwadi,,MO,8486,Banda,,,,बांदा,विठठलवाडी,18,07:40,08:10,OBL,,,,
10671,"Banda To Vitthalwadi",Banda,Vitthalwadi,,MO,8619,Panval,3,,,बांदा,विठठलवाडी,18,07:40,08:10,OBL,,,,
10671,"Banda To Vitthalwadi",Banda,Vitthalwadi,,MO,8503,Degve,4,,,बांदा,विठठलवाडी,18,07:40,08:10,OBL,,,,
10671,"Banda To Vitthalwadi",Banda,Vitthalwadi,,MO,8502,"Degve High School",5,,,बांदा,विठठलवाडी,18,07:40,08:10,OBL,,,,
10671,"Banda To Vitthalwadi",Banda,Vitthalwadi,,MO,8558,"Kumbral Fata",6,,,बांदा,विठठलवाडी,18,07:40,08:10,OBL,,,,
10671,"Banda To Vitthalwadi",Banda,Vitthalwadi,,MO,8620,"Padave Mazgaon",8,,,बांदा,विठठलवाडी,18,07:40,08:10,OBL,,,,
10671,"Banda To Vitthalwadi",Banda,Vitthalwadi,,MO,8565,"Margaon Bagwadi",9,,,बांदा,विठठलवाडी,18,07:40,08:10,OBL,,,,
10671,"Banda To Vitthalwadi",Banda,Vitthalwadi,,MO,2353,"Talkat Nursary",12,,,बांदा,विठठलवाडी,18,07:40,08:10,OBL,,,,
10671,"Banda To Vitthalwadi",Banda,Vitthalwadi,,MO,2352,"Talkat Soci",13,,,बांदा,विठठलवाडी,18,07:40,08:10,OBL,,,,
10671,"Banda To Vitthalwadi",Banda,Vitthalwadi,,MO,2358,"Zolambe Tulpulewadi",15,,,बांदा,विठठलवाडी,18,07:40,08:10,OBL,,,,
10671,"Banda To Vitthalwadi",Banda,Vitthalwadi,,MO,2357,Zolambe,17,,,बांदा,विठठलवाडी,18,07:40,08:10,OBL,,,,
10671,"Banda To Vitthalwadi",Banda,Vitthalwadi,,MO,2355,Vitthalwadi,18,,,बांदा,विठठलवाडी,18,07:40,08:10,OBL,,,,
10795,"Dodamarg To Usap Via Usap Titta",Dodamarg,Usap,"USAP TITTA",MO,2247,Dodamarg,,,,दोडामार्ग,उसप,14.5,07:20,07:50,NOBL,,,,
10795,"Dodamarg To Usap Via Usap Titta",Dodamarg,Usap,"USAP TITTA",MO,2229,Ambeli,2.7,,,दोडामार्ग,उसप,14.5,07:20,07:50,NOBL,,,,
10795,"Dodamarg To Usap Via Usap Titta",Dodamarg,Usap,"USAP TITTA",MO,2344,"Zare Bambar",5.4,,,दोडामार्ग,उसप,14.5,07:20,07:50,NOBL,,,,
10795,"Dodamarg To Usap Via Usap Titta",Dodamarg,Usap,"USAP TITTA",MO,2335,"Usap Titta",7.7,,,दोडामार्ग,उसप,14.5,07:20,07:50,NOBL,,,,
10795,"Dodamarg To Usap Via Usap Titta",Dodamarg,Usap,"USAP TITTA",MO,2265,"Kajulwadi Titha",10,,,दोडामार्ग,उसप,14.5,07:20,07:50,NOBL,,,,
10795,"Dodamarg To Usap Via Usap Titta",Dodamarg,Usap,"USAP TITTA",MO,2300,"Pikule Usap Titha",10.4,,,दोडामार्ग,उसप,14.5,07:20,07:50,NOBL,,,,
10795,"Dodamarg To Usap Via Usap Titta",Dodamarg,Usap,"USAP TITTA",MO,2266,"Khokral Titha",11.6,,,दोडामार्ग,उसप,14.5,07:20,07:50,NOBL,,,,
10795,"Dodamarg To Usap Via Usap Titta",Dodamarg,Usap,"USAP TITTA",MO,2334,Usap,14.5,,,दोडामार्ग,उसप,14.5,07:20,07:50,NOBL,,,,
10797,"Dodamarg To Usap Via Pikule School",Dodamarg,Usap,"PIKULE SCHOOL",MO,2247,Dodamarg,,,,दोडामार्ग,उसप,17.3,12:00,12:40,ST,,,,
10797,"Dodamarg To Usap Via Pikule School",Dodamarg,Usap,"PIKULE SCHOOL",MO,2229,Ambeli,2.7,,,दोडामार्ग,उसप,17.3,12:00,12:40,ST,,,,
10797,"Dodamarg To Usap Via Pikule School",Dodamarg,Usap,"PIKULE SCHOOL",MO,2344,"Zare Bambar",5.4,,,दोडामार्ग,उसप,17.3,12:00,12:40,ST,,,,
10797,"Dodamarg To Usap Via Pikule School",Dodamarg,Usap,"PIKULE SCHOOL",MO,2335,"Usap Titta",7.7,,,दोडामार्ग,उसप,17.3,12:00,12:40,ST,,,,
10797,"Dodamarg To Usap Via Pikule School",Dodamarg,Usap,"PIKULE SCHOOL",MO,2265,"Kajulwadi Titha",10,,,दोडामार्ग,उसप,17.3,12:00,12:40,ST,,,,
10797,"Dodamarg To Usap Via Pikule School",Dodamarg,Usap,"PIKULE SCHOOL",MO,2300,"Pikule Usap Titha",10.4,,,दोडामार्ग,उसप,17.3,12:00,12:40,ST,,,,
10797,"Dodamarg To Usap Via Pikule School",Dodamarg,Usap,"PIKULE SCHOOL",MO,2308,"Pikule School",11.5,,,दोडामार्ग,उसप,17.3,12:00,12:40,ST,,,,
10797,"Dodamarg To Usap Via Pikule School",Dodamarg,Usap,"PIKULE SCHOOL",MO,2300,"Pikule Usap Titha",12.9,,,दोडामार्ग,उसप,17.3,12:00,12:40,ST,,,,
10797,"Dodamarg To Usap Via Pikule School",Dodamarg,Usap,"PIKULE SCHOOL",MO,2266,"Khokral Titha",16.1,,,दोडामार्ग,उसप,17.3,12:00,12:40,ST,,,,
10797,"Dodamarg To Usap Via Pikule School",Dodamarg,Usap,"PIKULE SCHOOL",MO,2334,Usap,17.3,,,दोडामार्ग,उसप,17.3,12:00,12:40,ST,,,,
11115,"Sawantwadi To Aronda Bazar Via Aros Bazar",Sawantwadi,"Aronda Bazar","AROS BAZAR",MO,8663,Sawantwadi,,,,सावंतवाडी,"आरोंदा बाजार",28.8,12:00,13:00,ST,,,,
11115,"Sawantwadi To Aronda Bazar Via Aros Bazar",Sawantwadi,"Aronda Bazar","AROS BAZAR",MO,8523,"Gulabi Titha",3.3,,,सावंतवाडी,"आरोंदा बाजार",28.8,12:00,13:00,ST,,,,
11115,"Sawantwadi To Aronda Bazar Via Aros Bazar",Sawantwadi,"Aronda Bazar","AROS BAZAR",MO,8580,Malgaon,5.9,,,सावंतवाडी,"आरोंदा बाजार",28.8,12:00,13:00,ST,,,,
11115,"Sawantwadi To Aronda Bazar Via Aros Bazar",Sawantwadi,"Aronda Bazar","AROS BAZAR",MO,8674,"Vengurle Shiroda Titha",6.3,,,सावंतवाडी,"आरोंदा बाजार",28.8,12:00,13:00,ST,,,,
11115,"Sawantwadi To Aronda Bazar Via Aros Bazar",Sawantwadi,"Aronda Bazar","AROS BAZAR",MO,8665,"Sawantwadi Rly. Stn.",7.4,,,सावंतवाडी,"आरोंदा बाजार",28.8,12:00,13:00,ST,,,,
11115,"Sawantwadi To Aronda Bazar Via Aros Bazar",Sawantwadi,"Aronda Bazar","AROS BAZAR",MO,8609,"Nirawade Bazar",8.5,,,सावंतवाडी,"आरोंदा बाजार",28.8,12:00,13:00,ST,,,,
11115,"Sawantwadi To Aronda Bazar Via Aros Bazar",Sawantwadi,"Aronda Bazar","AROS BAZAR",MO,8599,"Nirawade Tiles Factory",9.3,,,सावंतवाडी,"आरोंदा बाजार",28.8,12:00,13:00,ST,,,,
11115,"Sawantwadi To Aronda Bazar Via Aros Bazar",Sawantwadi,"Aronda Bazar","AROS BAZAR",MO,8614,"Nhaveli School",12,,,सावंतवाडी,"आरोंदा बाजार",28.8,12:00,13:00,ST,,,,
11115,"Sawantwadi To Aronda Bazar Via Aros Bazar",Sawantwadi,"Aronda Bazar","AROS BAZAR",MO,8475,"Aros Bazar",15.1,,,सावंतवाडी,"आरोंदा बाजार",28.8,12:00,13:00,ST,,,,
11115,"Sawantwadi To Aronda Bazar Via Aros Bazar",Sawantwadi,"Aronda Bazar","AROS BAZAR",MO,9694,"Kondura Titha",17.9,,,सावंतवाडी,"आरोंदा बाजार",28.8,12:00,13:00,ST,,,,
11115,"Sawantwadi To Aronda Bazar Via Aros Bazar",Sawantwadi,"Aronda Bazar","AROS BAZAR",MO,9800,"Talawane River",20.7,,,सावंतवाडी,"आरोंदा बाजार",28.8,12:00,13:00,ST,,,,
11115,"Sawantwadi To Aronda Bazar Via Aros Bazar",Sawantwadi,"Aronda Bazar","AROS BAZAR",MO,9801,"Talawane School",20.9,,,सावंतवाडी,"आरोंदा बाजार",28.8,12:00,13:00,ST,,,,
11115,"Sawantwadi To Aronda Bazar Via Aros Bazar",Sawantwadi,"Aronda Bazar","AROS BAZAR",MO,9593,"Ambe Phanas",22.3,,,सावंतवाडी,"आरोंदा बाजार",28.8,12:00,13:00,ST,,,,
11115,"Sawantwadi To Aronda Bazar Via Aros Bazar",Sawantwadi,"Aronda Bazar","AROS BAZAR",MO,9602,"Aronda Bazar",28.8,,,सावंतवाडी,"आरोंदा बाजार",28.8,12:00,13:00,ST,,,,
11118,"Sawantwadi To Babarwadi Via Dodamarg",Sawantwadi,Babarwadi,Dodamarg,MO,8663,Sawantwadi,,,,सावंतवाडी,बाबरवाडी,59.1,07:01,09:10,ST,,,,
11118,"Sawantwadi To Babarwadi Via Dodamarg",Sawantwadi,Babarwadi,Dodamarg,MO,8578,"Majgaon Nala",3.2,,,सावंतवाडी,बाबरवाडी,59.1,07:01,09:10,ST,,,,
11118,"Sawantwadi To Babarwadi Via Dodamarg",Sawantwadi,Babarwadi,Dodamarg,MO,8499,"Doba Shel",6.5,,,सावंतवाडी,बाबरवाडी,59.1,07:01,09:10,ST,,,,
11118,"Sawantwadi To Babarwadi Via Dodamarg",Sawantwadi,Babarwadi,Dodamarg,MO,89315,"Exicise Check Post",9,,,सावंतवाडी,बाबरवाडी,59.1,07:01,09:10,ST,,,,
11118,"Sawantwadi To Babarwadi Via Dodamarg",Sawantwadi,Babarwadi,Dodamarg,MO,8542,"Khamdev Naka",10,,,सावंतवाडी,बाबरवाडी,59.1,07:01,09:10,ST,,,,
11118,"Sawantwadi To Babarwadi Via Dodamarg",Sawantwadi,Babarwadi,Dodamarg,MO,8486,Banda,12.6,,,सावंतवाडी,बाबरवाडी,59.1,07:01,09:10,ST,,,,
11118,"Sawantwadi To Babarwadi Via Dodamarg",Sawantwadi,Babarwadi,Dodamarg,MO,8619,Panval,15,,,सावंतवाडी,बाबरवाडी,59.1,07:01,09:10,ST,,,,
11118,"Sawantwadi To Babarwadi Via Dodamarg",Sawantwadi,Babarwadi,Dodamarg,MO,8558,"Kumbral Fata",18,,,सावंतवाडी,बाबरवाडी,59.1,07:01,09:10,ST,,,,
11118,"Sawantwadi To Babarwadi Via Dodamarg",Sawantwadi,Babarwadi,Dodamarg,MO,8588,Morgaon,19.2,,,सावंतवाडी,बाबरवाडी,59.1,07:01,09:10,ST,,,,
11118,"Sawantwadi To Babarwadi Via Dodamarg",Sawantwadi,Babarwadi,Dodamarg,MO,8467,"Adali Mauli Mandir",20.9,,,सावंतवाडी,बाबरवाडी,59.1,07:01,09:10,ST,,,,
11118,"Sawantwadi To Babarwadi Via Dodamarg",Sawantwadi,Babarwadi,Dodamarg,MO,2363,Kalane,25.1,,,सावंतवाडी,बाबरवाडी,59.1,07:01,09:10,ST,,,,
11118,"Sawantwadi To Babarwadi Via Dodamarg",Sawantwadi,Babarwadi,Dodamarg,MO,2269,"Kalane Sada",27,,,सावंतवाडी,बाबरवाडी,59.1,07:01,09:10,ST,,,,
11118,"Sawantwadi To Babarwadi Via Dodamarg",Sawantwadi,Babarwadi,Dodamarg,MO,2316,Sasoli,29.6,,,सावंतवाडी,बाबरवाडी,59.1,07:01,09:10,ST,,,,
11118,"Sawantwadi To Babarwadi Via Dodamarg",Sawantwadi,Babarwadi,Dodamarg,MO,2315,"Sasoli Bharpal Titha",30.4,,,सावंतवाडी,बाबरवाडी,59.1,07:01,09:10,ST,,,,
11118,"Sawantwadi To Babarwadi Via Dodamarg",Sawantwadi,Babarwadi,Dodamarg,MO,2290,Maneri,33.2,,,सावंतवाडी,बाबरवाडी,59.1,07:01,09:10,ST,,,,
11118,"Sawantwadi To Babarwadi Via Dodamarg",Sawantwadi,Babarwadi,Dodamarg,MO,2247,Dodamarg,36.9,,,सावंतवाडी,बाबरवाडी,59.1,07:01,09:10,ST,,,,
11118,"Sawantwadi To Babarwadi Via Dodamarg",Sawantwadi,Babarwadi,Dodamarg,MO,2229,Ambeli,39.6,,,सावंतवाडी,बाबरवाडी,59.1,07:01,09:10,ST,,,,
11118,"Sawantwadi To Babarwadi Via Dodamarg",Sawantwadi,Babarwadi,Dodamarg,MO,2344,"Zare Bambar",42.3,,,सावंतवाडी,बाबरवाडी,59.1,07:01,09:10,ST,,,,
11118,"Sawantwadi To Babarwadi Via Dodamarg",Sawantwadi,Babarwadi,Dodamarg,MO,2236,"Bhedshi Nadi",45.1,,,सावंतवाडी,बाबरवाडी,59.1,07:01,09:10,ST,,,,
11118,"Sawantwadi To Babarwadi Via Dodamarg",Sawantwadi,Babarwadi,Dodamarg,MO,2318,"Sateli Bhedashi",46.1,,,सावंतवाडी,बाबरवाडी,59.1,07:01,09:10,ST,,,,
11118,"Sawantwadi To Babarwadi Via Dodamarg",Sawantwadi,Babarwadi,Dodamarg,MO,2232,Awade,47.2,,,सावंतवाडी,बाबरवाडी,59.1,07:01,09:10,ST,,,,
11118,"Sawantwadi To Babarwadi Via Dodamarg",Sawantwadi,Babarwadi,Dodamarg,MO,2274,"Konal Katta",49.5,,,सावंतवाडी,बाबरवाडी,59.1,07:01,09:10,ST,,,,
11118,"Sawantwadi To Babarwadi Via Dodamarg",Sawantwadi,Babarwadi,Dodamarg,MO,2283,"Londhewadi Mecanic Colony",49.9,,,सावंतवाडी,बाबरवाडी,59.1,07:01,09:10,ST,,,,
11118,"Sawantwadi To Babarwadi Via Dodamarg",Sawantwadi,Babarwadi,Dodamarg,MO,2332,Tirali,52.2,,,सावंतवाडी,बाबरवाडी,59.1,07:01,09:10,ST,,,,
11118,"Sawantwadi To Babarwadi Via Dodamarg",Sawantwadi,Babarwadi,Dodamarg,MO,2258,"Khalchi Babarwadi",55,,,सावंतवाडी,बाबरवाडी,59.1,07:01,09:10,ST,,,,
11118,"Sawantwadi To Babarwadi Via Dodamarg",Sawantwadi,Babarwadi,Dodamarg,MO,2234,Babarwadi,59.1,,,सावंतवाडी,बाबरवाडी,59.1,07:01,09:10,ST,,,,
11172,"Sawantwadi To Shiroda Via Malewad Naka",Sawantwadi,Shiroda,"MALEWAD NAKA",MO,8663,Sawantwadi,,,,सावंतवाडी,शिरोडा,27.2,13:30,14:30,ST,,,,
11172,"Sawantwadi To Shiroda Via Malewad Naka",Sawantwadi,Shiroda,"MALEWAD NAKA",MO,8523,"Gulabi Titha",3.3,,,सावंतवाडी,शिरोडा,27.2,13:30,14:30,ST,,,,
11172,"Sawantwadi To Shiroda Via Malewad Naka",Sawantwadi,Shiroda,"MALEWAD NAKA",MO,8580,Malgaon,5.9,,,सावंतवाडी,शिरोडा,27.2,13:30,14:30,ST,,,,
11172,"Sawantwadi To Shiroda Via Malewad Naka",Sawantwadi,Shiroda,"MALEWAD NAKA",MO,8674,"Vengurle Shiroda Titha",6.3,,,सावंतवाडी,शिरोडा,27.2,13:30,14:30,ST,,,,
11172,"Sawantwadi To Shiroda Via Malewad Naka",Sawantwadi,Shiroda,"MALEWAD NAKA",MO,8665,"Sawantwadi Rly. Stn.",7.4,,,सावंतवाडी,शिरोडा,27.2,13:30,14:30,ST,,,,
11172,"Sawantwadi To Shiroda Via Malewad Naka",Sawantwadi,Shiroda,"MALEWAD NAKA",MO,8609,"Nirawade Bazar",8.5,,,सावंतवाडी,शिरोडा,27.2,13:30,14:30,ST,,,,
11172,"Sawantwadi To Shiroda Via Malewad Naka",Sawantwadi,Shiroda,"MALEWAD NAKA",MO,8599,"Nirawade Tiles Factory",9.3,,,सावंतवाडी,शिरोडा,27.2,13:30,14:30,ST,,,,
11172,"Sawantwadi To Shiroda Via Malewad Naka",Sawantwadi,Shiroda,"MALEWAD NAKA",MO,8614,"Nhaveli School",12.5,,,सावंतवाडी,शिरोडा,27.2,13:30,14:30,ST,,,,
11172,"Sawantwadi To Shiroda Via Malewad Naka",Sawantwadi,Shiroda,"MALEWAD NAKA",MO,9855,"Ghodemukh Matond",13.9,,,सावंतवाडी,शिरोडा,27.2,13:30,14:30,ST,,,,
11172,"Sawantwadi To Shiroda Via Malewad Naka",Sawantwadi,Shiroda,"MALEWAD NAKA",MO,8627,"Pendharyachi Wadi",14.1,,,सावंतवाडी,शिरोडा,27.2,13:30,14:30,ST,,,,
11172,"Sawantwadi To Shiroda Via Malewad Naka",Sawantwadi,Shiroda,"MALEWAD NAKA",MO,8517,"Forest Chouki",15.8,,,सावंतवाडी,शिरोडा,27.2,13:30,14:30,ST,,,,
11172,"Sawantwadi To Shiroda Via Malewad Naka",Sawantwadi,Shiroda,"MALEWAD NAKA",MO,9833,"Warachi Malewad",16.2,,,सावंतवाडी,शिरोडा,27.2,13:30,14:30,ST,,,,
11172,"Sawantwadi To Shiroda Via Malewad Naka",Sawantwadi,Shiroda,"MALEWAD NAKA",MO,9703,"Malewad Hedulwadi",18.2,,,सावंतवाडी,शिरोडा,27.2,13:30,14:30,ST,,,,
11172,"Sawantwadi To Shiroda Via Malewad Naka",Sawantwadi,Shiroda,"MALEWAD NAKA",MO,9704,"Malewad Naka",19.1,,,सावंतवाडी,शिरोडा,27.2,13:30,14:30,ST,,,,
11172,"Sawantwadi To Shiroda Via Malewad Naka",Sawantwadi,Shiroda,"MALEWAD NAKA",MO,9706,"Malewad Savlwadi",20.4,,,सावंतवाडी,शिरोडा,27.2,13:30,14:30,ST,,,,
11172,"Sawantwadi To Shiroda Via Malewad Naka",Sawantwadi,Shiroda,"MALEWAD NAKA",MO,9779,Savardev,21.5,,,सावंतवाडी,शिरोडा,27.2,13:30,14:30,ST,,,,
11172,"Sawantwadi To Shiroda Via Malewad Naka",Sawantwadi,Shiroda,"MALEWAD NAKA",MO,9589,"Ajagaon Training College",23.9,,,सावंतवाडी,शिरोडा,27.2,13:30,14:30,ST,,,,
11172,"Sawantwadi To Shiroda Via Malewad Naka",Sawantwadi,Shiroda,"MALEWAD NAKA",MO,9592,"Ajgaon Marathi School",24.4,,,सावंतवाडी,शिरोडा,27.2,13:30,14:30,ST,,,,
11172,"Sawantwadi To Shiroda Via Malewad Naka",Sawantwadi,Shiroda,"MALEWAD NAKA",MO,9789,Shiroda,27.2,,,सावंतवाडी,शिरोडा,27.2,13:30,14:30,ST,,,,
11193,"Sawantwadi To Vengurle Via Pal Shetkar Shop",Sawantwadi,Vengurle,"PAL SHETKAR SHOP",MO,8663,Sawantwadi,,,,सावंतवाडी,वेंगुर्ला,36,05:45,07:00,ST,,,,
11193,"Sawantwadi To Vengurle Via Pal Shetkar Shop",Sawantwadi,Vengurle,"PAL SHETKAR SHOP",MO,8523,"Gulabi Titha",3.3,,,सावंतवाडी,वेंगुर्ला,36,05:45,07:00,ST,,,,
11193,"Sawantwadi To Vengurle Via Pal Shetkar Shop",Sawantwadi,Vengurle,"PAL SHETKAR SHOP",MO,8674,"Vengurle Shiroda Titha",6.3,,,सावंतवाडी,वेंगुर्ला,36,05:45,07:00,ST,,,,
11193,"Sawantwadi To Vengurle Via Pal Shetkar Shop",Sawantwadi,Vengurle,"PAL SHETKAR SHOP",MO,8641,"Railway Station",7.4,,,सावंतवाडी,वेंगुर्ला,36,05:45,07:00,ST,,,,
11193,"Sawantwadi To Vengurle Via Pal Shetkar Shop",Sawantwadi,Vengurle,"PAL SHETKAR SHOP",MO,9692,"Konapal Bhaid",9.8,,,सावंतवाडी,वेंगुर्ला,36,05:45,07:00,ST,,,,
11193,"Sawantwadi To Vengurle Via Pal Shetkar Shop",Sawantwadi,Vengurle,"PAL SHETKAR SHOP",MO,9798,"Talawade Gate",13.6,,,सावंतवाडी,वेंगुर्ला,36,05:45,07:00,ST,,,,
11193,"Sawantwadi To Vengurle Via Pal Shetkar Shop",Sawantwadi,Vengurle,"PAL SHETKAR SHOP",MO,9799,"Talawade Parabwada",14.7,,,सावंतवाडी,वेंगुर्ला,36,05:45,07:00,ST,,,,
11193,"Sawantwadi To Vengurle Via Pal Shetkar Shop",Sawantwadi,Vengurle,"PAL SHETKAR SHOP",MO,8686,"Nhaveli Fata Chirekhan",15,,,सावंतवाडी,वेंगुर्ला,36,05:45,07:00,ST,,,,
11193,"Sawantwadi To Vengurle Via Pal Shetkar Shop",Sawantwadi,Vengurle,"PAL SHETKAR SHOP",MO,9712,"Matond Sateri Mandir",18.2,,,सावंतवाडी,वेंगुर्ला,36,05:45,07:00,ST,,,,
11193,"Sawantwadi To Vengurle Via Pal Shetkar Shop",Sawantwadi,Vengurle,"PAL SHETKAR SHOP",MO,9621,Chavata,18.7,,,सावंतवाडी,वेंगुर्ला,36,05:45,07:00,ST,,,,
11193,"Sawantwadi To Vengurle Via Pal Shetkar Shop",Sawantwadi,Vengurle,"PAL SHETKAR SHOP",MO,9604,"Asuli Pal Fata",20.4,,,सावंतवाडी,वेंगुर्ला,36,05:45,07:00,ST,,,,
11193,"Sawantwadi To Vengurle Via Pal Shetkar Shop",Sawantwadi,Vengurle,"PAL SHETKAR SHOP",MO,9746,"Pal Shetkar Shop",21,,,सावंतवाडी,वेंगुर्ला,36,05:45,07:00,ST,,,,
11193,"Sawantwadi To Vengurle Via Pal Shetkar Shop",Sawantwadi,Vengurle,"PAL SHETKAR SHOP",MO,9745,"Pal Khajanadevi Mandir",23.2,,,सावंतवाडी,वेंगुर्ला,36,05:45,07:00,ST,,,,
11193,"Sawantwadi To Vengurle Via Pal Shetkar Shop",Sawantwadi,Vengurle,"PAL SHETKAR SHOP",MO,9597,"Ansur Ghati",28,,,सावंतवाडी,वेंगुर्ला,36,05:45,07:00,ST,,,,
11193,"Sawantwadi To Vengurle Via Pal Shetkar Shop",Sawantwadi,Vengurle,"PAL SHETKAR SHOP",MO,9599,"Ansur Titha",28.5,,,सावंतवाडी,वेंगुर्ला,36,05:45,07:00,ST,,,,
11193,"Sawantwadi To Vengurle Via Pal Shetkar Shop",Sawantwadi,Vengurle,"PAL SHETKAR SHOP",MO,9765,"Rameshwar Mandir",31,,,सावंतवाडी,वेंगुर्ला,36,05:45,07:00,ST,,,,
11193,"Sawantwadi To Vengurle Via Pal Shetkar Shop",Sawantwadi,Vengurle,"PAL SHETKAR SHOP",MO,9824,Vengurle,33,,,सावंतवाडी,वेंगुर्ला,36,05:45,07:00,ST,,,,
11200,"Sawantwadi To Verle Temple",Sawantwadi,"Verle Temple",,MO,8663,Sawantwadi,,,,सावंतवाडी,वेर्ले,24,09:45,11:00,ST,,,,
11200,"Sawantwadi To Verle Temple",Sawantwadi,"Verle Temple",,MO,8636,Pedavewadi,2,,,सावंतवाडी,वेर्ले,24,09:45,11:00,ST,,,,
11200,"Sawantwadi To Verle Temple",Sawantwadi,"Verle Temple",,MO,8488,"Burdi Pul",3,,,सावंतवाडी,वेर्ले,24,09:45,11:00,ST,,,,
11200,"Sawantwadi To Verle Temple",Sawantwadi,"Verle Temple",,MO,8653,"Sapale Stop",6,,,सावंतवाडी,वेर्ले,24,09:45,11:00,ST,,,,
11200,"Sawantwadi To Verle Temple",Sawantwadi,"Verle Temple",,MO,8570,Madkhol,7.9,,,सावंतवाडी,वेर्ले,24,09:45,11:00,ST,,,,
11200,"Sawantwadi To Verle Temple",Sawantwadi,"Verle Temple",,MO,8569,"Madkhol Met",9,,,सावंतवाडी,वेर्ले,24,09:45,11:00,ST,,,,
11200,"Sawantwadi To Verle Temple",Sawantwadi,"Verle Temple",,MO,8496,"Dhawadaki Datta Mandir",10.6,,,सावंतवाडी,वेर्ले,24,09:45,11:00,ST,,,,
11200,"Sawantwadi To Verle Temple",Sawantwadi,"Verle Temple",,MO,8610,Nursary,12,,,सावंतवाडी,वेर्ले,24,09:45,11:00,ST,,,,
11200,"Sawantwadi To Verle Temple",Sawantwadi,"Verle Temple",,MO,8644,"Sangeli Wad",15.3,,,सावंतवाडी,वेर्ले,24,09:45,11:00,ST,,,,
11200,"Sawantwadi To Verle Temple",Sawantwadi,"Verle Temple",,MO,8651,Sangeli,15.5,,,सावंतवाडी,वेर्ले,24,09:45,11:00,ST,,,,
11200,"Sawantwadi To Verle Temple",Sawantwadi,"Verle Temple",,MO,8538,Kalambist,18.3,,,सावंतवाडी,वेर्ले,24,09:45,11:00,ST,,,,
11200,"Sawantwadi To Verle Temple",Sawantwadi,"Verle Temple",,MO,8633,Pastewadi,21,,,सावंतवाडी,वेर्ले,24,09:45,11:00,ST,,,,
11200,"Sawantwadi To Verle Temple",Sawantwadi,"Verle Temple",,MO,8676,"Verle Temple",24,,,सावंतवाडी,वेर्ले,24,09:45,11:00,ST,,,,
17377,"Kiranpani To Sawantwadi Via Shiroda",Kiranpani,Sawantwadi,SHIRODA,MO,9687,Kiranpani,,,,किरणपाणी,सावंतवाडी,35.2,06:00,07:20,ST,,,,
17377,"Kiranpani To Sawantwadi Via Shiroda",Kiranpani,Sawantwadi,SHIRODA,MO,8472,Aronda,0.6,,,किरणपाणी,सावंतवाडी,35.2,06:00,07:20,ST,,,,
17377,"Kiranpani To Sawantwadi Via Shiroda",Kiranpani,Sawantwadi,SHIRODA,MO,9588,Agralwadi,2.7,,,किरणपाणी,सावंतवाडी,35.2,06:00,07:20,ST,,,,
17377,"Kiranpani To Sawantwadi Via Shiroda",Kiranpani,Sawantwadi,SHIRODA,MO,9653,"Huda Fata",6.1,,,किरणपाणी,सावंतवाडी,35.2,06:00,07:20,ST,,,,
17377,"Kiranpani To Sawantwadi Via Shiroda",Kiranpani,Sawantwadi,SHIRODA,MO,9789,Shiroda,9.1,,,किरणपाणी,सावंतवाडी,35.2,06:00,07:20,ST,,,,
17377,"Kiranpani To Sawantwadi Via Shiroda",Kiranpani,Sawantwadi,SHIRODA,MO,9592,"Ajgaon Marathi School",11.1,,,किरणपाणी,सावंतवाडी,35.2,06:00,07:20,ST,,,,
17377,"Kiranpani To Sawantwadi Via Shiroda",Kiranpani,Sawantwadi,SHIRODA,MO,9589,"Ajagaon Training College",11.6,,,किरणपाणी,सावंतवाडी,35.2,06:00,07:20,ST,,,,
17377,"Kiranpani To Sawantwadi Via Shiroda",Kiranpani,Sawantwadi,SHIRODA,MO,9779,Savardev,15.1,,,किरणपाणी,सावंतवाडी,35.2,06:00,07:20,ST,,,,
17377,"Kiranpani To Sawantwadi Via Shiroda",Kiranpani,Sawantwadi,SHIRODA,MO,9704,"Malewad Naka",16.4,,,किरणपाणी,सावंतवाडी,35.2,06:00,07:20,ST,,,,
17377,"Kiranpani To Sawantwadi Via Shiroda",Kiranpani,Sawantwadi,SHIRODA,MO,9703,"Malewad Hedulwadi",17.3,,,किरणपाणी,सावंतवाडी,35.2,06:00,07:20,ST,,,,
17377,"Kiranpani To Sawantwadi Via Shiroda",Kiranpani,Sawantwadi,SHIRODA,MO,9833,"Warachi Malewad",19.3,,,किरणपाणी,सावंतवाडी,35.2,06:00,07:20,ST,,,,
17377,"Kiranpani To Sawantwadi Via Shiroda",Kiranpani,Sawantwadi,SHIRODA,MO,8517,"Forest Chouki",19.7,,,किरणपाणी,सावंतवाडी,35.2,06:00,07:20,ST,,,,
17377,"Kiranpani To Sawantwadi Via Shiroda",Kiranpani,Sawantwadi,SHIRODA,MO,9855,"Ghodemukh Matond",21.6,,,किरणपाणी,सावंतवाडी,35.2,06:00,07:20,ST,,,,
17377,"Kiranpani To Sawantwadi Via Shiroda",Kiranpani,Sawantwadi,SHIRODA,MO,8614,"Nhaveli School",23,,,किरणपाणी,सावंतवाडी,35.2,06:00,07:20,ST,,,,
17377,"Kiranpani To Sawantwadi Via Shiroda",Kiranpani,Sawantwadi,SHIRODA,MO,8598,"Nhaveli Bidi Karakhana",24.4,,,किरणपाणी,सावंतवाडी,35.2,06:00,07:20,ST,,,,
17377,"Kiranpani To Sawantwadi Via Shiroda",Kiranpani,Sawantwadi,SHIRODA,MO,8599,"Nirawade Tiles Factory",26.2,,,किरणपाणी,सावंतवाडी,35.2,06:00,07:20,ST,,,,
17377,"Kiranpani To Sawantwadi Via Shiroda",Kiranpani,Sawantwadi,SHIRODA,MO,8609,"Nirawade Bazar",27,,,किरणपाणी,सावंतवाडी,35.2,06:00,07:20,ST,,,,
17377,"Kiranpani To Sawantwadi Via Shiroda",Kiranpani,Sawantwadi,SHIRODA,MO,8665,"Sawantwadi Rly. Stn.",28.1,,,किरणपाणी,सावंतवाडी,35.2,06:00,07:20,ST,,,,
17377,"Kiranpani To Sawantwadi Via Shiroda",Kiranpani,Sawantwadi,SHIRODA,MO,8674,"Vengurle Shiroda Titha",29.2,,,किरणपाणी,सावंतवाडी,35.2,06:00,07:20,ST,,,,
17377,"Kiranpani To Sawantwadi Via Shiroda",Kiranpani,Sawantwadi,SHIRODA,MO,8580,Malgaon,29.6,,,किरणपाणी,सावंतवाडी,35.2,06:00,07:20,ST,,,,
17377,"Kiranpani To Sawantwadi Via Shiroda",Kiranpani,Sawantwadi,SHIRODA,MO,8523,"Gulabi Titha",32.2,,,किरणपाणी,सावंतवाडी,35.2,06:00,07:20,ST,,,,
17377,"Kiranpani To Sawantwadi Via Shiroda",Kiranpani,Sawantwadi,SHIRODA,MO,8663,Sawantwadi,35.5,,,किरणपाणी,सावंतवाडी,35.2,06:00,07:20,ST,,,,
17592,"Fukeri To Banda",Fukeri,Banda,,MO,8519,Fukeri,,,,फुकेरी,बांदा,22.6,06:00,06:45,ST,,,,
17592,"Fukeri To Banda",Fukeri,Banda,,MO,2362,"Kolte House",3.1,,,फुकेरी,बांदा,22.6,06:00,06:45,ST,,,,
17592,"Fukeri To Banda",Fukeri,Banda,,MO,2356,"Zolambe Fukeri Titha",5.8,,,फुकेरी,बांदा,22.6,06:00,06:45,ST,,,,
17592,"Fukeri To Banda",Fukeri,Banda,,MO,2357,Zolambe,8,,,फुकेरी,बांदा,22.6,06:00,06:45,ST,,,,
17592,"Fukeri To Banda",Fukeri,Banda,,MO,2358,"Zolambe Tulpulewadi",9.5,,,फुकेरी,बांदा,22.6,06:00,06:45,ST,,,,
17592,"Fukeri To Banda",Fukeri,Banda,,MO,2352,"Talkat Soci",10.1,,,फुकेरी,बांदा,22.6,06:00,06:45,ST,,,,
17592,"Fukeri To Banda",Fukeri,Banda,,MO,2353,"Talkat Nursary",12.4,,,फुकेरी,बांदा,22.6,06:00,06:45,ST,,,,
17592,"Fukeri To Banda",Fukeri,Banda,,MO,8565,"Margaon Bagwadi",14.7,,,फुकेरी,बांदा,22.6,06:00,06:45,ST,,,,
17592,"Fukeri To Banda",Fukeri,Banda,,MO,8620,"Padave Mazgaon",15.2,,,फुकेरी,बांदा,22.6,06:00,06:45,ST,,,,
17592,"Fukeri To Banda",Fukeri,Banda,,MO,8558,"Kumbral Fata",17.3,,,फुकेरी,बांदा,22.6,06:00,06:45,ST,,,,
17592,"Fukeri To Banda",Fukeri,Banda,,MO,8503,Degve,19.8,,,फुकेरी,बांदा,22.6,06:00,06:45,ST,,,,
17592,"Fukeri To Banda",Fukeri,Banda,,MO,8619,Panval,21.4,,,फुकेरी,बांदा,22.6,06:00,06:45,ST,,,,
17592,"Fukeri To Banda",Fukeri,Banda,,MO,8486,Banda,22.8,,,फुकेरी,बांदा,22.6,06:00,06:45,ST,,,,
17703,"Pikule Mandir To Dodamarg Via Usap Titta","Pikule Mandir",Dodamarg,"USAP TITTA",MO,2301,"Pikule Mandir",,,,पिकुळे,दोडामार्ग,12.3,06:50,07:15,ST,,,,
17703,"Pikule Mandir To Dodamarg Via Usap Titta","Pikule Mandir",Dodamarg,"USAP TITTA",MO,2308,"Pikule School",1.8,,,पिकुळे,दोडामार्ग,12.3,06:50,07:15,ST,,,,
17703,"Pikule Mandir To Dodamarg Via Usap Titta","Pikule Mandir",Dodamarg,"USAP TITTA",MO,2300,"Pikule Usap Titha",2.9,,,पिकुळे,दोडामार्ग,12.3,06:50,07:15,ST,,,,
17703,"Pikule Mandir To Dodamarg Via Usap Titta","Pikule Mandir",Dodamarg,"USAP TITTA",MO,2335,"Usap Titta",5.6,,,पिकुळे,दोडामार्ग,12.3,06:50,07:15,ST,,,,
17703,"Pikule Mandir To Dodamarg Via Usap Titta","Pikule Mandir",Dodamarg,"USAP TITTA",MO,2344,"Zare Bambar",7.9,,,पिकुळे,दोडामार्ग,12.3,06:50,07:15,ST,,,,
17703,"Pikule Mandir To Dodamarg Via Usap Titta","Pikule Mandir",Dodamarg,"USAP TITTA",MO,2229,Ambeli,10.6,,,पिकुळे,दोडामार्ग,12.3,06:50,07:15,ST,,,,
17703,"Pikule Mandir To Dodamarg Via Usap Titta","Pikule Mandir",Dodamarg,"USAP TITTA",MO,2247,Dodamarg,13.3,,,पिकुळे,दोडामार्ग,12.3,06:50,07:15,ST,,,,
17740,"Virdi To Dodamarg",Virdi,Dodamarg,,MO,2339,Virdi,,,,विर्डी,दोडामार्ग,23.8,06:45,07:45,ST,,,,
17740,"Virdi To Dodamarg",Virdi,Dodamarg,,MO,2264,"Keri Fata",3.6,,,विर्डी,दोडामार्ग,23.8,06:45,07:45,ST,,,,
17740,"Virdi To Dodamarg",Virdi,Dodamarg,,MO,2281,Kumbharwada,5.3,,,विर्डी,दोडामार्ग,23.8,06:45,07:45,ST,,,,
17740,"Virdi To Dodamarg",Virdi,Dodamarg,,MO,2310,"Rawan Fata",6.1,,,विर्डी,दोडामार्ग,23.8,06:45,07:45,ST,,,,
17740,"Virdi To Dodamarg",Virdi,Dodamarg,,MO,2324,"Talekhol Watoolwada",7,,,विर्डी,दोडामार्ग,23.8,06:45,07:45,ST,,,,
17740,"Virdi To Dodamarg",Virdi,Dodamarg,,MO,2322,"Talekhol Mandir",7.7,,,विर्डी,दोडामार्ग,23.8,06:45,07:45,ST,,,,
17740,"Virdi To Dodamarg",Virdi,Dodamarg,,MO,2328,"Talekhol Gawthan",9,,,विर्डी,दोडामार्ग,23.8,06:45,07:45,ST,,,,
17740,"Virdi To Dodamarg",Virdi,Dodamarg,,MO,2248,"Dongare Wahal",11.6,,,विर्डी,दोडामार्ग,23.8,06:45,07:45,ST,,,,
17740,"Virdi To Dodamarg",Virdi,Dodamarg,,MO,2336,"Vazare Mandir",14.3,,,विर्डी,दोडामार्ग,23.8,06:45,07:45,ST,,,,
17740,"Virdi To Dodamarg",Virdi,Dodamarg,,MO,2341,"Vazare Fata",16.2,,,विर्डी,दोडामार्ग,23.8,06:45,07:45,ST,,,,
17740,"Virdi To Dodamarg",Virdi,Dodamarg,,MO,2253,"Giroda Titha",16.5,,,विर्डी,दोडामार्ग,23.8,06:45,07:45,ST,,,,
17740,"Virdi To Dodamarg",Virdi,Dodamarg,,MO,2250,Giroda,17.9,,,विर्डी,दोडामार्ग,23.8,06:45,07:45,ST,,,,
17740,"Virdi To Dodamarg",Virdi,Dodamarg,,MO,2247,Dodamarg,21,,,विर्डी,दोडामार्ग,23.8,06:45,07:45,ST,,,,
18600,"Nirukhewadi To Sawantwadi",Nirukhewadi,Sawantwadi,,MO,8601,Nirukhewadi,,,,,सावंतवाडी,8.2,18:00,18:20,ST,,,,
18600,"Nirukhewadi To Sawantwadi",Nirukhewadi,Sawantwadi,,MO,8551,"Kolgaon Thita",6,,,,सावंतवाडी,8.2,18:00,18:20,ST,,,,
18600,"Nirukhewadi To Sawantwadi",Nirukhewadi,Sawantwadi,,MO,8663,Sawantwadi,8.2,,,,सावंतवाडी,8.2,18:00,18:20,ST,,,,
18737,"Shiroda To Sawantwadi Via Malewad Naka",Shiroda,Sawantwadi,"MALEWAD NAKA",MO,9789,Shiroda,,,,शिरोडा,सावंतवाडी,27.2,15:00,16:00,ST,,,,
18737,"Shiroda To Sawantwadi Via Malewad Naka",Shiroda,Sawantwadi,"MALEWAD NAKA",MO,9591,Ajgaon,1.2,,,शिरोडा,सावंतवाडी,27.2,15:00,16:00,ST,,,,
18737,"Shiroda To Sawantwadi Via Malewad Naka",Shiroda,Sawantwadi,"MALEWAD NAKA",MO,9592,"Ajgaon Marathi School",2,,,शिरोडा,सावंतवाडी,27.2,15:00,16:00,ST,,,,
18737,"Shiroda To Sawantwadi Via Malewad Naka",Shiroda,Sawantwadi,"MALEWAD NAKA",MO,9589,"Ajagaon Training College",2.5,,,शिरोडा,सावंतवाडी,27.2,15:00,16:00,ST,,,,
18737,"Shiroda To Sawantwadi Via Malewad Naka",Shiroda,Sawantwadi,"MALEWAD NAKA",MO,9779,Savardev,4.9,,,शिरोडा,सावंतवाडी,27.2,15:00,16:00,ST,,,,
18737,"Shiroda To Sawantwadi Via Malewad Naka",Shiroda,Sawantwadi,"MALEWAD NAKA",MO,9706,"Malewad Savlwadi",6,,,शिरोडा,सावंतवाडी,27.2,15:00,16:00,ST,,,,
18737,"Shiroda To Sawantwadi Via Malewad Naka",Shiroda,Sawantwadi,"MALEWAD NAKA",MO,9704,"Malewad Naka",7.3,,,शिरोडा,सावंतवाडी,27.2,15:00,16:00,ST,,,,
18737,"Shiroda To Sawantwadi Via Malewad Naka",Shiroda,Sawantwadi,"MALEWAD NAKA",MO,9703,"Malewad Hedulwadi",8.2,,,शिरोडा,सावंतवाडी,27.2,15:00,16:00,ST,,,,
18737,"Shiroda To Sawantwadi Via Malewad Naka",Shiroda,Sawantwadi,"MALEWAD NAKA",MO,9833,"Warachi Malewad",10.2,,,शिरोडा,सावंतवाडी,27.2,15:00,16:00,ST,,,,
18737,"Shiroda To Sawantwadi Via Malewad Naka",Shiroda,Sawantwadi,"MALEWAD NAKA",MO,8517,"Forest Chouki",10.6,,,शिरोडा,सावंतवाडी,27.2,15:00,16:00,ST,,,,
18737,"Shiroda To Sawantwadi Via Malewad Naka",Shiroda,Sawantwadi,"MALEWAD NAKA",MO,8627,"Pendharyachi Wadi",11.5,,,शिरोडा,सावंतवाडी,27.2,15:00,16:00,ST,,,,
18737,"Shiroda To Sawantwadi Via Malewad Naka",Shiroda,Sawantwadi,"MALEWAD NAKA",MO,9855,"Ghodemukh Matond",12.5,,,शिरोडा,सावंतवाडी,27.2,15:00,16:00,ST,,,,
18737,"Shiroda To Sawantwadi Via Malewad Naka",Shiroda,Sawantwadi,"MALEWAD NAKA",MO,8614,"Nhaveli School",13.9,,,शिरोडा,सावंतवाडी,27.2,15:00,16:00,ST,,,,
18737,"Shiroda To Sawantwadi Via Malewad Naka",Shiroda,Sawantwadi,"MALEWAD NAKA",MO,8599,"Nirawade Tiles Factory",17.1,,,शिरोडा,सावंतवाडी,27.2,15:00,16:00,ST,,,,
18737,"Shiroda To Sawantwadi Via Malewad Naka",Shiroda,Sawantwadi,"MALEWAD NAKA",MO,8609,"Nirawade Bazar",17.9,,,शिरोडा,सावंतवाडी,27.2,15:00,16:00,ST,,,,
18737,"Shiroda To Sawantwadi Via Malewad Naka",Shiroda,Sawantwadi,"MALEWAD NAKA",MO,8665,"Sawantwadi Rly. Stn.",19,,,शिरोडा,सावंतवाडी,27.2,15:00,16:00,ST,,,,
18737,"Shiroda To Sawantwadi Via Malewad Naka",Shiroda,Sawantwadi,"MALEWAD NAKA",MO,8674,"Vengurle Shiroda Titha",20.1,,,शिरोडा,सावंतवाडी,27.2,15:00,16:00,ST,,,,
18737,"Shiroda To Sawantwadi Via Malewad Naka",Shiroda,Sawantwadi,"MALEWAD NAKA",MO,8580,Malgaon,20.5,,,शिरोडा,सावंतवाडी,27.2,15:00,16:00,ST,,,,
18737,"Shiroda To Sawantwadi Via Malewad Naka",Shiroda,Sawantwadi,"MALEWAD NAKA",MO,8523,"Gulabi Titha",23.1,,,शिरोडा,सावंतवाडी,27.2,15:00,16:00,ST,,,,
18737,"Shiroda To Sawantwadi Via Malewad Naka",Shiroda,Sawantwadi,"MALEWAD NAKA",MO,8663,Sawantwadi,27.2,,,शिरोडा,सावंतवाडी,27.2,15:00,16:00,ST,,,,
60730,"Shiroda To Banda Via Malewad Savlwadi",Shiroda,Banda,"MALEWAD SAVLWADI",MO,9789,Shiroda,,,,शिरोडा,बांदा,27,12:50,01:24,ST,,,,
60730,"Shiroda To Banda Via Malewad Savlwadi",Shiroda,Banda,"MALEWAD SAVLWADI",MO,9592,"Ajgaon Marathi School",2,,,शिरोडा,बांदा,27,12:50,01:24,ST,,,,
60730,"Shiroda To Banda Via Malewad Savlwadi",Shiroda,Banda,"MALEWAD SAVLWADI",MO,9779,Savardev,5.8,,,शिरोडा,बांदा,27,12:50,01:24,ST,,,,
60730,"Shiroda To Banda Via Malewad Savlwadi",Shiroda,Banda,"MALEWAD SAVLWADI",MO,9706,"Malewad Savlwadi",6,,,शिरोडा,बांदा,27,12:50,01:24,ST,,,,
60730,"Shiroda To Banda Via Malewad Savlwadi",Shiroda,Banda,"MALEWAD SAVLWADI",MO,9704,"Malewad Naka",6.7,,,शिरोडा,बांदा,27,12:50,01:24,ST,,,,
60730,"Shiroda To Banda Via Malewad Savlwadi",Shiroda,Banda,"MALEWAD SAVLWADI",MO,9694,"Kondura Titha",7.3,,,शिरोडा,बांदा,27,12:50,01:24,ST,,,,
60730,"Shiroda To Banda Via Malewad Savlwadi",Shiroda,Banda,"MALEWAD SAVLWADI",MO,8475,"Aros Bazar",15.4,,,शिरोडा,बांदा,27,12:50,01:24,ST,,,,
60730,"Shiroda To Banda Via Malewad Savlwadi",Shiroda,Banda,"MALEWAD SAVLWADI",MO,8621,"Padlos Keniwada",18.2,,,शिरोडा,बांदा,27,12:50,01:24,ST,,,,
60730,"Shiroda To Banda Via Malewad Savlwadi",Shiroda,Banda,"MALEWAD SAVLWADI",MO,8625,"Padlos Mandir",21.7,,,शिरोडा,बांदा,27,12:50,01:24,ST,,,,
60730,"Shiroda To Banda Via Malewad Savlwadi",Shiroda,Banda,"MALEWAD SAVLWADI",MO,8590,"Madura School",24.7,,,शिरोडा,बांदा,27,12:50,01:24,ST,,,,
60730,"Shiroda To Banda Via Malewad Savlwadi",Shiroda,Banda,"MALEWAD SAVLWADI",MO,8642,"Sherla Nadi",26.9,,,शिरोडा,बांदा,27,12:50,01:24,ST,,,,
60730,"Shiroda To Banda Via Malewad Savlwadi",Shiroda,Banda,"MALEWAD SAVLWADI",MO,8486,Banda,30.2,,,शिरोडा,बांदा,27,12:50,01:24,ST,,,,
60731,"Banda To Shiroda Via Malewad Savlwadi",Banda,Shiroda,"MALEWAD SAVLWADI",MO,8486,Banda,,,,बांदा,शिरोडा,27,01:03,01:13,ST,,,,
60731,"Banda To Shiroda Via Malewad Savlwadi",Banda,Shiroda,"MALEWAD SAVLWADI",MO,8542,"Khamdev Naka",2,,,बांदा,शिरोडा,27,01:03,01:13,ST,,,,
60731,"Banda To Shiroda Via Malewad Savlwadi",Banda,Shiroda,"MALEWAD SAVLWADI",MO,8642,"Sherla Nadi",3.6,,,बांदा,शिरोडा,27,01:03,01:13,ST,,,,
60731,"Banda To Shiroda Via Malewad Savlwadi",Banda,Shiroda,"MALEWAD SAVLWADI",MO,8590,"Madura School",5.8,,,बांदा,शिरोडा,27,01:03,01:13,ST,,,,
60731,"Banda To Shiroda Via Malewad Savlwadi",Banda,Shiroda,"MALEWAD SAVLWADI",MO,8625,"Padlos Mandir",8.8,,,बांदा,शिरोडा,27,01:03,01:13,ST,,,,
60731,"Banda To Shiroda Via Malewad Savlwadi",Banda,Shiroda,"MALEWAD SAVLWADI",MO,8621,"Padlos Keniwada",12.3,,,बांदा,शिरोडा,27,01:03,01:13,ST,,,,
60731,"Banda To Shiroda Via Malewad Savlwadi",Banda,Shiroda,"MALEWAD SAVLWADI",MO,8475,"Aros Bazar",15.1,,,बांदा,शिरोडा,27,01:03,01:13,ST,,,,
60731,"Banda To Shiroda Via Malewad Savlwadi",Banda,Shiroda,"MALEWAD SAVLWADI",MO,9694,"Kondura Titha",18,,,बांदा,शिरोडा,27,01:03,01:13,ST,,,,
60731,"Banda To Shiroda Via Malewad Savlwadi",Banda,Shiroda,"MALEWAD SAVLWADI",MO,9704,"Malewad Naka",19,,,बांदा,शिरोडा,27,01:03,01:13,ST,,,,
60731,"Banda To Shiroda Via Malewad Savlwadi",Banda,Shiroda,"MALEWAD SAVLWADI",MO,9706,"Malewad Savlwadi",20,,,बांदा,शिरोडा,27,01:03,01:13,ST,,,,
60731,"Banda To Shiroda Via Malewad Savlwadi",Banda,Shiroda,"MALEWAD SAVLWADI",MO,63273,Gawalewadi,21,,,बांदा,शिरोडा,27,01:03,01:13,ST,,,,
60731,"Banda To Shiroda Via Malewad Savlwadi",Banda,Shiroda,"MALEWAD SAVLWADI",MO,9592,"Ajgaon Marathi School",24,,,बांदा,शिरोडा,27,01:03,01:13,ST,,,,
60731,"Banda To Shiroda Via Malewad Savlwadi",Banda,Shiroda,"MALEWAD SAVLWADI",MO,9789,Shiroda,27,,,बांदा,शिरोडा,27,01:03,01:13,ST,,,,
61970,"Sawantwadi To Pagawadi",Sawantwadi,Pagawadi,,MO,8663,Sawantwadi,,,,सावंतवाडी,पागावाडी,12,06:00,06:45,OPN,,,,
61970,"Sawantwadi To Pagawadi",Sawantwadi,Pagawadi,,MO,8578,"Majgaon Nala",3,,,सावंतवाडी,पागावाडी,12,06:00,06:45,OPN,,,,
61970,"Sawantwadi To Pagawadi",Sawantwadi,Pagawadi,,MO,8491,"Charata Post",6,,,सावंतवाडी,पागावाडी,12,06:00,06:45,OPN,,,,
61970,"Sawantwadi To Pagawadi",Sawantwadi,Pagawadi,,MO,8533,"Insuli Mauli Madir",10,,,सावंतवाडी,पागावाडी,12,06:00,06:45,OPN,,,,
61970,"Sawantwadi To Pagawadi",Sawantwadi,Pagawadi,,MO,8622,Pagawadi,12,,,सावंतवाडी,पागावाडी,12,06:00,06:45,OPN,,,,
63049,"Shirange To Dodamarg",Shirange,Dodamarg,,MO,2317,Shirange,,,,शिरंगे,दोडामार्ग,15,18:10,18:45,ST,,,,
63049,"Shirange To Dodamarg",Shirange,Dodamarg,,MO,2276,Khanyale,3,,,शिरंगे,दोडामार्ग,15,18:10,18:45,ST,,,,
63049,"Shirange To Dodamarg",Shirange,Dodamarg,,MO,2267,Kalva,4,,,शिरंगे,दोडामार्ग,15,18:10,18:45,ST,,,,
63049,"Shirange To Dodamarg",Shirange,Dodamarg,,MO,2318,"Sateli Bhedashi",5,,,शिरंगे,दोडामार्ग,15,18:10,18:45,ST,,,,
63049,"Shirange To Dodamarg",Shirange,Dodamarg,,MO,2236,"Bhedshi Nadi",6,,,शिरंगे,दोडामार्ग,15,18:10,18:45,ST,,,,
63049,"Shirange To Dodamarg",Shirange,Dodamarg,,MO,2344,"Zare Bambar",9,,,शिरंगे,दोडामार्ग,15,18:10,18:45,ST,,,,
63049,"Shirange To Dodamarg",Shirange,Dodamarg,,MO,2229,Ambeli,12,,,शिरंगे,दोडामार्ग,15,18:10,18:45,ST,,,,
63049,"Shirange To Dodamarg",Shirange,Dodamarg,,MO,2247,Dodamarg,15,,,शिरंगे,दोडामार्ग,15,18:10,18:45,ST,,,,
63544,"Ker To Sawantwadi Via Tirali",Ker,Sawantwadi,TIRALI,MO,2278,Ker,,,,केर,सावंतवाडी,62.5,15:40,16:10,ST,,,,
63544,"Ker To Sawantwadi Via Tirali",Ker,Sawantwadi,TIRALI,MO,2292,"Morle Gaon",2.9,,,केर,सावंतवाडी,62.5,15:40,16:10,ST,,,,
63544,"Ker To Sawantwadi Via Tirali",Ker,Sawantwadi,TIRALI,MO,2252,Ghotagewadi,6.1,,,केर,सावंतवाडी,62.5,15:40,16:10,ST,,,,
63544,"Ker To Sawantwadi Via Tirali",Ker,Sawantwadi,TIRALI,MO,2332,Tirali,10.4,,,केर,सावंतवाडी,62.5,15:40,16:10,ST,,,,
63544,"Ker To Sawantwadi Via Tirali",Ker,Sawantwadi,TIRALI,MO,2329,"Tillari Bank",10.9,,,केर,सावंतवाडी,62.5,15:40,16:10,ST,,,,
63544,"Ker To Sawantwadi Via Tirali",Ker,Sawantwadi,TIRALI,MO,2283,"Londhewadi Mecanic Colony",12.7,,,केर,सावंतवाडी,62.5,15:40,16:10,ST,,,,
63544,"Ker To Sawantwadi Via Tirali",Ker,Sawantwadi,TIRALI,MO,2340,Vayangantad,13.8,,,केर,सावंतवाडी,62.5,15:40,16:10,ST,,,,
63544,"Ker To Sawantwadi Via Tirali",Ker,Sawantwadi,TIRALI,MO,2232,Awade,15.4,,,केर,सावंतवाडी,62.5,15:40,16:10,ST,,,,
63544,"Ker To Sawantwadi Via Tirali",Ker,Sawantwadi,TIRALI,MO,2318,"Sateli Bhedashi",16.5,,,केर,सावंतवाडी,62.5,15:40,16:10,ST,,,,
63544,"Ker To Sawantwadi Via Tirali",Ker,Sawantwadi,TIRALI,MO,2236,"Bhedshi Nadi",17.5,,,केर,सावंतवाडी,62.5,15:40,16:10,ST,,,,
63544,"Ker To Sawantwadi Via Tirali",Ker,Sawantwadi,TIRALI,MO,2344,"Zare Bambar",20.3,,,केर,सावंतवाडी,62.5,15:40,16:10,ST,,,,
63544,"Ker To Sawantwadi Via Tirali",Ker,Sawantwadi,TIRALI,MO,2229,Ambeli,23,,,केर,सावंतवाडी,62.5,15:40,16:10,ST,,,,
63544,"Ker To Sawantwadi Via Tirali",Ker,Sawantwadi,TIRALI,MO,2247,Dodamarg,25.7,,,केर,सावंतवाडी,62.5,15:40,16:10,ST,,,,
63544,"Ker To Sawantwadi Via Tirali",Ker,Sawantwadi,TIRALI,MO,2290,Maneri,29.4,,,केर,सावंतवाडी,62.5,15:40,16:10,ST,,,,
63544,"Ker To Sawantwadi Via Tirali",Ker,Sawantwadi,TIRALI,MO,2255,Hedus,31.4,,,केर,सावंतवाडी,62.5,15:40,16:10,ST,,,,
63544,"Ker To Sawantwadi Via Tirali",Ker,Sawantwadi,TIRALI,MO,2260,"Kudasa Fata",32.2,,,केर,सावंतवाडी,62.5,15:40,16:10,ST,,,,
63544,"Ker To Sawantwadi Via Tirali",Ker,Sawantwadi,TIRALI,MO,2316,Sasoli,33,,,केर,सावंतवाडी,62.5,15:40,16:10,ST,,,,
63544,"Ker To Sawantwadi Via Tirali",Ker,Sawantwadi,TIRALI,MO,2269,"Kalane Sada",35.6,,,केर,सावंतवाडी,62.5,15:40,16:10,ST,,,,
63544,"Ker To Sawantwadi Via Tirali",Ker,Sawantwadi,TIRALI,MO,2268,"Kalne High School",36.6,,,केर,सावंतवाडी,62.5,15:40,16:10,ST,,,,
63544,"Ker To Sawantwadi Via Tirali",Ker,Sawantwadi,TIRALI,MO,2363,Kalane,37.5,,,केर,सावंतवाडी,62.5,15:40,16:10,ST,,,,
63544,"Ker To Sawantwadi Via Tirali",Ker,Sawantwadi,TIRALI,MO,8467,"Adali Mauli Mandir",41.7,,,केर,सावंतवाडी,62.5,15:40,16:10,ST,,,,
63544,"Ker To Sawantwadi Via Tirali",Ker,Sawantwadi,TIRALI,MO,8588,Morgaon,43.4,,,केर,सावंतवाडी,62.5,15:40,16:10,ST,,,,
63544,"Ker To Sawantwadi Via Tirali",Ker,Sawantwadi,TIRALI,MO,8558,"Kumbral Fata",44.6,,,केर,सावंतवाडी,62.5,15:40,16:10,ST,,,,
63544,"Ker To Sawantwadi Via Tirali",Ker,Sawantwadi,TIRALI,MO,8503,Degve,46,,,केर,सावंतवाडी,62.5,15:40,16:10,ST,,,,
63544,"Ker To Sawantwadi Via Tirali",Ker,Sawantwadi,TIRALI,MO,8619,Panval,47.6,,,केर,सावंतवाडी,62.5,15:40,16:10,ST,,,,
63544,"Ker To Sawantwadi Via Tirali",Ker,Sawantwadi,TIRALI,MO,8486,Banda,50,,,केर,सावंतवाडी,62.5,15:40,16:10,ST,,,,
63544,"Ker To Sawantwadi Via Tirali",Ker,Sawantwadi,TIRALI,MO,89315,"Exicise Check Post",53,,,केर,सावंतवाडी,62.5,15:40,16:10,ST,,,,
63544,"Ker To Sawantwadi Via Tirali",Ker,Sawantwadi,TIRALI,MO,8560,Kondwada,54,,,केर,सावंतवाडी,62.5,15:40,16:10,ST,,,,
63544,"Ker To Sawantwadi Via Tirali",Ker,Sawantwadi,TIRALI,MO,8499,"Doba Shel",56.1,,,केर,सावंतवाडी,62.5,15:40,16:10,ST,,,,
63544,"Ker To Sawantwadi Via Tirali",Ker,Sawantwadi,TIRALI,MO,8578,"Majgaon Nala",59.4,,,केर,सावंतवाडी,62.5,15:40,16:10,ST,,,,
63544,"Ker To Sawantwadi Via Tirali",Ker,Sawantwadi,TIRALI,MO,8663,Sawantwadi,62.6,,,केर,सावंतवाडी,62.5,15:40,16:10,ST,,,,
72135,"Sindhudurgnagari  To Varde Via Oros Bus Stnad","Civil Hospital Sindhudurgnagari",Varde,"OROS BUS STNAD",MO,6152,"Civil Hospital Sindhudurgnagari",,,,सावंतवाडी,वर्दे,50.4,08:30,09:30,NOBL,,,,
72135,"Sindhudurgnagari  To Varde Via Oros Bus Stnad","Civil Hospital Sindhudurgnagari",Varde,"OROS BUS STNAD",MO,6362,"Oros Bus Stnad",3,,,सावंतवाडी,वर्दे,50.4,08:30,09:30,NOBL,,,,
72135,"Sindhudurgnagari  To Varde Via Oros Bus Stnad","Civil Hospital Sindhudurgnagari",Varde,"OROS BUS STNAD",MO,6413,"Saiman House",6,,,सावंतवाडी,वर्दे,50.4,08:30,09:30,NOBL,,,,
72135,"Sindhudurgnagari  To Varde Via Oros Bus Stnad","Civil Hospital Sindhudurgnagari",Varde,"OROS BUS STNAD",MO,6140,Borbhatwadi,8,,,सावंतवाडी,वर्दे,50.4,08:30,09:30,NOBL,,,,
72135,"Sindhudurgnagari  To Varde Via Oros Bus Stnad","Civil Hospital Sindhudurgnagari",Varde,"OROS BUS STNAD",MO,6163,"Dewoolwadi Gangeshwar Mandir",10,,,सावंतवाडी,वर्दे,50.4,08:30,09:30,NOBL,,,,
72135,"Sindhudurgnagari  To Varde Via Oros Bus Stnad","Civil Hospital Sindhudurgnagari",Varde,"OROS BUS STNAD",MO,6450,"Varde Tembwadi",12,,,सावंतवाडी,वर्दे,50.4,08:30,09:30,NOBL,,,,
72135,"Sindhudurgnagari  To Varde Via Oros Bus Stnad","Civil Hospital Sindhudurgnagari",Varde,"OROS BUS STNAD",MO,6449,Varde,14.2,,,सावंतवाडी,वर्दे,50.4,08:30,09:30,NOBL,,,,
73297,"Dodamarg To Tirali Via Zare Bambar",Dodamarg,Tirali,"ZARE BAMBAR",MO,2247,Dodamarg,,,,दोडामार्ग,तिराळी,18,07:00,07:45,ST,,,,
73297,"Dodamarg To Tirali Via Zare Bambar",Dodamarg,Tirali,"ZARE BAMBAR",MO,2229,Ambeli,4,,,दोडामार्ग,तिराळी,18,07:00,07:45,ST,,,,
73297,"Dodamarg To Tirali Via Zare Bambar",Dodamarg,Tirali,"ZARE BAMBAR",MO,2304,"Pal Punarvasan",6,,,दोडामार्ग,तिराळी,18,07:00,07:45,ST,,,,
73297,"Dodamarg To Tirali Via Zare Bambar",Dodamarg,Tirali,"ZARE BAMBAR",MO,2344,"Zare Bambar",8,,,दोडामार्ग,तिराळी,18,07:00,07:45,ST,,,,
73297,"Dodamarg To Tirali Via Zare Bambar",Dodamarg,Tirali,"ZARE BAMBAR",MO,2338,Vimantal,10,,,दोडामार्ग,तिराळी,18,07:00,07:45,ST,,,,
73297,"Dodamarg To Tirali Via Zare Bambar",Dodamarg,Tirali,"ZARE BAMBAR",MO,2236,"Bhedshi Nadi",12,,,दोडामार्ग,तिराळी,18,07:00,07:45,ST,,,,
73297,"Dodamarg To Tirali Via Zare Bambar",Dodamarg,Tirali,"ZARE BAMBAR",MO,2318,"Sateli Bhedashi",13,,,दोडामार्ग,तिराळी,18,07:00,07:45,ST,,,,
73297,"Dodamarg To Tirali Via Zare Bambar",Dodamarg,Tirali,"ZARE BAMBAR",MO,2232,Awade,14,,,दोडामार्ग,तिराळी,18,07:00,07:45,ST,,,,
73297,"Dodamarg To Tirali Via Zare Bambar",Dodamarg,Tirali,"ZARE BAMBAR",MO,2274,"Konal Katta",15,,,दोडामार्ग,तिराळी,18,07:00,07:45,ST,,,,
73297,"Dodamarg To Tirali Via Zare Bambar",Dodamarg,Tirali,"ZARE BAMBAR",MO,2283,"Londhewadi Mecanic Colony",16,,,दोडामार्ग,तिराळी,18,07:00,07:45,ST,,,,
73297,"Dodamarg To Tirali Via Zare Bambar",Dodamarg,Tirali,"ZARE BAMBAR",MO,2329,"Tillari Bank",17,,,दोडामार्ग,तिराळी,18,07:00,07:45,ST,,,,
73297,"Dodamarg To Tirali Via Zare Bambar",Dodamarg,Tirali,"ZARE BAMBAR",MO,2332,Tirali,18,,,दोडामार्ग,तिराळी,18,07:00,07:45,ST,,,,
75415,"Sawantwadi To Dhawadaki Datta Mandir Via Bamanadevi",Sawantwadi,"Dhawadaki Datta Mandir",BAMANADEVI,MO,8663,Sawantwadi,,,,सावंतवाडी,धवडकी,15.6,09:50,01:13,ST,,,,
75415,"Sawantwadi To Dhawadaki Datta Mandir Via Bamanadevi",Sawantwadi,"Dhawadaki Datta Mandir",BAMANADEVI,MO,8653,"Sapale Stop",4.5,,,सावंतवाडी,धवडकी,15.6,09:50,01:13,ST,,,,
75415,"Sawantwadi To Dhawadaki Datta Mandir Via Bamanadevi",Sawantwadi,"Dhawadaki Datta Mandir",BAMANADEVI,MO,8570,Madkhol,6.5,,,सावंतवाडी,धवडकी,15.6,09:50,01:13,ST,,,,
75415,"Sawantwadi To Dhawadaki Datta Mandir Via Bamanadevi",Sawantwadi,"Dhawadaki Datta Mandir",BAMANADEVI,MO,6132,Bamanadevi,8.3,,,सावंतवाडी,धवडकी,15.6,09:50,01:13,ST,,,,
75415,"Sawantwadi To Dhawadaki Datta Mandir Via Bamanadevi",Sawantwadi,"Dhawadaki Datta Mandir",BAMANADEVI,MO,8570,Madkhol,11.1,,,सावंतवाडी,धवडकी,15.6,09:50,01:13,ST,,,,
75415,"Sawantwadi To Dhawadaki Datta Mandir Via Bamanadevi",Sawantwadi,"Dhawadaki Datta Mandir",BAMANADEVI,MO,8569,"Madkhol Met",14,,,सावंतवाडी,धवडकी,15.6,09:50,01:13,ST,,,,
75415,"Sawantwadi To Dhawadaki Datta Mandir Via Bamanadevi",Sawantwadi,"Dhawadaki Datta Mandir",BAMANADEVI,MO,8496,"Dhawadaki Datta Mandir",18,,,सावंतवाडी,धवडकी,15.6,09:50,01:13,ST,,,,
87165,"Sawantwadi To Mharkatewadi",Sawantwadi,Mharkatewadi,,MO,8663,Sawantwadi,,,,सावंतवाडी,म्हारकाटेवाडी,13.5,14:01,14:40,NOBL,,,,
87165,"Sawantwadi To Mharkatewadi",Sawantwadi,Mharkatewadi,,MO,8551,"Kolgaon Thita",3,,,सावंतवाडी,म्हारकाटेवाडी,13.5,14:01,14:40,NOBL,,,,
87165,"Sawantwadi To Mharkatewadi",Sawantwadi,Mharkatewadi,,MO,8482,"Bhavai Mandir",6,,,सावंतवाडी,म्हारकाटेवाडी,13.5,14:01,14:40,NOBL,,,,
87165,"Sawantwadi To Mharkatewadi",Sawantwadi,Mharkatewadi,,MO,8549,"Kunkeri Parabwadi",8,,,सावंतवाडी,म्हारकाटेवाडी,13.5,14:01,14:40,NOBL,,,,
87165,"Sawantwadi To Mharkatewadi",Sawantwadi,Mharkatewadi,,MO,8626,Pimpalwadi,9,,,सावंतवाडी,म्हारकाटेवाडी,13.5,14:01,14:40,NOBL,,,,
87165,"Sawantwadi To Mharkatewadi",Sawantwadi,Mharkatewadi,,MO,8468,Ambegaon,12,,,सावंतवाडी,म्हारकाटेवाडी,13.5,14:01,14:40,NOBL,,,,
87165,"Sawantwadi To Mharkatewadi",Sawantwadi,Mharkatewadi,,MO,8577,Mharkatewadi,13.5,,,सावंतवाडी,म्हारकाटेवाडी,13.5,14:01,14:40,NOBL,,,,
105546,"Banda To Sarmale Dabhil",Banda,Dabhil,,MO,8486,Banda,,,,बांदा,दाभिळ,15.9,18:40,19:10,ST,,,,
105546,"Banda To Sarmale Dabhil",Banda,Dabhil,,MO,8543,Kuderanwadi,4,,,बांदा,दाभिळ,15.9,18:40,19:10,ST,,,,
105546,"Banda To Sarmale Dabhil",Banda,Dabhil,,MO,1855,"Mail Dagad",6,,,बांदा,दाभिळ,15.9,18:40,19:10,ST,,,,
105546,"Banda To Sarmale Dabhil",Banda,Dabhil,,MO,6910,"Mail Dagad",6,,,बांदा,दाभिळ,15.9,18:40,19:10,ST,,,,
105546,"Banda To Sarmale Dabhil",Banda,Dabhil,,MO,8616,"Otavane Titha",8.2,,,बांदा,दाभिळ,15.9,18:40,19:10,ST,,,,
105546,"Banda To Sarmale Dabhil",Banda,Dabhil,,MO,8673,"Vilavade Wad",9,,,बांदा,दाभिळ,15.9,18:40,19:10,ST,,,,
105546,"Banda To Sarmale Dabhil",Banda,Dabhil,,MO,8649,"Sarmale Danoli Titha",12,,,बांदा,दाभिळ,15.9,18:40,19:10,ST,,,,
105546,"Banda To Sarmale Dabhil",Banda,Dabhil,,MO,8655,Sarmale,13,,,बांदा,दाभिळ,15.9,18:40,19:10,ST,,,,
105546,"Banda To Sarmale Dabhil",Banda,Dabhil,,MO,8608,Nangartas,15,,,बांदा,दाभिळ,15.9,18:40,19:10,ST,,,,
105546,"Banda To Sarmale Dabhil",Banda,Dabhil,,MO,8615,"Newali Mandir",16,,,बांदा,दाभिळ,15.9,18:40,19:10,ST,,,,
105546,"Banda To Sarmale Dabhil",Banda,Dabhil,,MO,8498,Dabhil,21.1,,,बांदा,दाभिळ,15.9,18:40,19:10,ST,,,,
118489,"Nidali To Sawantwadi Via Dodamarg",Nidali,Sawantwadi,Dodamarg,MO,2297,Nidali,,,,,सावंतवाडी,62.5,09:40,12:05,ST,,,,
118489,"Nidali To Sawantwadi Via Dodamarg",Nidali,Sawantwadi,Dodamarg,MO,2278,Ker,9,,,,सावंतवाडी,62.5,09:40,12:05,ST,,,,
118489,"Nidali To Sawantwadi Via Dodamarg",Nidali,Sawantwadi,Dodamarg,MO,2292,"Morle Gaon",12,,,,सावंतवाडी,62.5,09:40,12:05,ST,,,,
118489,"Nidali To Sawantwadi Via Dodamarg",Nidali,Sawantwadi,Dodamarg,MO,2291,"Morle Bag",14,,,,सावंतवाडी,62.5,09:40,12:05,ST,,,,
118489,"Nidali To Sawantwadi Via Dodamarg",Nidali,Sawantwadi,Dodamarg,MO,2244,Dhangarwadi,14.8,,,,सावंतवाडी,62.5,09:40,12:05,ST,,,,
118489,"Nidali To Sawantwadi Via Dodamarg",Nidali,Sawantwadi,Dodamarg,MO,2252,Ghotagewadi,15,,,,सावंतवाडी,62.5,09:40,12:05,ST,,,,
118489,"Nidali To Sawantwadi Via Dodamarg",Nidali,Sawantwadi,Dodamarg,MO,2332,Tirali,18,,,,सावंतवाडी,62.5,09:40,12:05,ST,,,,
118489,"Nidali To Sawantwadi Via Dodamarg",Nidali,Sawantwadi,Dodamarg,MO,2283,"Londhewadi Mecanic Colony",21,,,,सावंतवाडी,62.5,09:40,12:05,ST,,,,
118489,"Nidali To Sawantwadi Via Dodamarg",Nidali,Sawantwadi,Dodamarg,MO,2274,"Konal Katta",22,,,,सावंतवाडी,62.5,09:40,12:05,ST,,,,
118489,"Nidali To Sawantwadi Via Dodamarg",Nidali,Sawantwadi,Dodamarg,MO,2340,Vayangantad,23,,,,सावंतवाडी,62.5,09:40,12:05,ST,,,,
118489,"Nidali To Sawantwadi Via Dodamarg",Nidali,Sawantwadi,Dodamarg,MO,2232,Awade,24,,,,सावंतवाडी,62.5,09:40,12:05,ST,,,,
118489,"Nidali To Sawantwadi Via Dodamarg",Nidali,Sawantwadi,Dodamarg,MO,2318,"Sateli Bhedashi",26,,,,सावंतवाडी,62.5,09:40,12:05,ST,,,,
118489,"Nidali To Sawantwadi Via Dodamarg",Nidali,Sawantwadi,Dodamarg,MO,2236,"Bhedshi Nadi",27,,,,सावंतवाडी,62.5,09:40,12:05,ST,,,,
118489,"Nidali To Sawantwadi Via Dodamarg",Nidali,Sawantwadi,Dodamarg,MO,2344,"Zare Bambar",30,,,,सावंतवाडी,62.5,09:40,12:05,ST,,,,
118489,"Nidali To Sawantwadi Via Dodamarg",Nidali,Sawantwadi,Dodamarg,MO,2229,Ambeli,33,,,,सावंतवाडी,62.5,09:40,12:05,ST,,,,
118489,"Nidali To Sawantwadi Via Dodamarg",Nidali,Sawantwadi,Dodamarg,MO,2247,Dodamarg,36,,,,सावंतवाडी,62.5,09:40,12:05,ST,,,,
118489,"Nidali To Sawantwadi Via Dodamarg",Nidali,Sawantwadi,Dodamarg,MO,2290,Maneri,39,,,,सावंतवाडी,62.5,09:40,12:05,ST,,,,
118489,"Nidali To Sawantwadi Via Dodamarg",Nidali,Sawantwadi,Dodamarg,MO,2255,Hedus,40,,,,सावंतवाडी,62.5,09:40,12:05,ST,,,,
118489,"Nidali To Sawantwadi Via Dodamarg",Nidali,Sawantwadi,Dodamarg,MO,2315,"Sasoli Bharpal Titha",41,,,,सावंतवाडी,62.5,09:40,12:05,ST,,,,
118489,"Nidali To Sawantwadi Via Dodamarg",Nidali,Sawantwadi,Dodamarg,MO,2316,Sasoli,42,,,,सावंतवाडी,62.5,09:40,12:05,ST,,,,
118489,"Nidali To Sawantwadi Via Dodamarg",Nidali,Sawantwadi,Dodamarg,MO,2269,"Kalane Sada",43,,,,सावंतवाडी,62.5,09:40,12:05,ST,,,,
118489,"Nidali To Sawantwadi Via Dodamarg",Nidali,Sawantwadi,Dodamarg,MO,2268,"Kalne High School",44,,,,सावंतवाडी,62.5,09:40,12:05,ST,,,,
118489,"Nidali To Sawantwadi Via Dodamarg",Nidali,Sawantwadi,Dodamarg,MO,2363,Kalane,44.5,,,,सावंतवाडी,62.5,09:40,12:05,ST,,,,
118489,"Nidali To Sawantwadi Via Dodamarg",Nidali,Sawantwadi,Dodamarg,MO,2366,Kosumbwadi,45,,,,सावंतवाडी,62.5,09:40,12:05,ST,,,,
118489,"Nidali To Sawantwadi Via Dodamarg",Nidali,Sawantwadi,Dodamarg,MO,8467,"Adali Mauli Mandir",46,,,,सावंतवाडी,62.5,09:40,12:05,ST,,,,
118489,"Nidali To Sawantwadi Via Dodamarg",Nidali,Sawantwadi,Dodamarg,MO,8588,Morgaon,47,,,,सावंतवाडी,62.5,09:40,12:05,ST,,,,
118489,"Nidali To Sawantwadi Via Dodamarg",Nidali,Sawantwadi,Dodamarg,MO,8558,"Kumbral Fata",48,,,,सावंतवाडी,62.5,09:40,12:05,ST,,,,
118489,"Nidali To Sawantwadi Via Dodamarg",Nidali,Sawantwadi,Dodamarg,MO,8503,Degve,50,,,,सावंतवाडी,62.5,09:40,12:05,ST,,,,
118489,"Nidali To Sawantwadi Via Dodamarg",Nidali,Sawantwadi,Dodamarg,MO,8619,Panval,51,,,,सावंतवाडी,62.5,09:40,12:05,ST,,,,
118489,"Nidali To Sawantwadi Via Dodamarg",Nidali,Sawantwadi,Dodamarg,MO,8486,Banda,54,,,,सावंतवाडी,62.5,09:40,12:05,ST,,,,
118489,"Nidali To Sawantwadi Via Dodamarg",Nidali,Sawantwadi,Dodamarg,MO,89315,"Exicise Check Post",57,,,,सावंतवाडी,62.5,09:40,12:05,ST,,,,
118489,"Nidali To Sawantwadi Via Dodamarg",Nidali,Sawantwadi,Dodamarg,MO,8560,Kondwada,58,,,,सावंतवाडी,62.5,09:40,12:05,ST,,,,
118489,"Nidali To Sawantwadi Via Dodamarg",Nidali,Sawantwadi,Dodamarg,MO,8499,"Doba Shel",60,,,,सावंतवाडी,62.5,09:40,12:05,ST,,,,
118489,"Nidali To Sawantwadi Via Dodamarg",Nidali,Sawantwadi,Dodamarg,MO,8578,"Majgaon Nala",63,,,,सावंतवाडी,62.5,09:40,12:05,ST,,,,
118489,"Nidali To Sawantwadi Via Dodamarg",Nidali,Sawantwadi,Dodamarg,MO,8663,Sawantwadi,65.7,,,,सावंतवाडी,62.5,09:40,12:05,ST,,,,
10654,"Amboli To Gele Gawthan",Amboli,"Gele Gawthan",,MO,8470,Amboli,,,,आंबोली,गेळे,9,17:00,17:35,ST,,,,
10654,"Amboli To Gele Gawthan",Amboli,"Gele Gawthan",,MO,8582,Mulvanwadi,3.5,,,आंबोली,गेळे,9,17:00,17:35,ST,,,,
10654,"Amboli To Gele Gawthan",Amboli,"Gele Gawthan",,MO,8525,"Gele Fata",6.5,,,आंबोली,गेळे,9,17:00,17:35,ST,,,,
10654,"Amboli To Gele Gawthan",Amboli,"Gele Gawthan",,MO,8521,"Gele Gawthan",9,,,आंबोली,गेळे,9,17:00,17:35,ST,,,,
10659,"Banda To Asaniye Mauli Mandir",Banda,"Asaniye Mauli Mandir",,MO,8486,Banda,,,,बांदा,असनिये,18.8,06:30,07:10,ST,,,,
10659,"Banda To Asaniye Mauli Mandir",Banda,"Asaniye Mauli Mandir",,MO,8672,"Vafoli Sosc",3.1,,,बांदा,असनिये,18.8,06:30,07:10,ST,,,,
10659,"Banda To Asaniye Mauli Mandir",Banda,"Asaniye Mauli Mandir",,MO,8673,"Vilavade Wad",6,,,बांदा,असनिये,18.8,06:30,07:10,ST,,,,
10659,"Banda To Asaniye Mauli Mandir",Banda,"Asaniye Mauli Mandir",,MO,8616,"Otavane Titha",8,,,बांदा,असनिये,18.8,06:30,07:10,ST,,,,
10659,"Banda To Asaniye Mauli Mandir",Banda,"Asaniye Mauli Mandir",,MO,8477,"Bhalawal Shop",9.7,,,बांदा,असनिये,18.8,06:30,07:10,ST,,,,
10659,"Banda To Asaniye Mauli Mandir",Banda,"Asaniye Mauli Mandir",,MO,8668,"Tamboli Chafa",13.8,,,बांदा,असनिये,18.8,06:30,07:10,ST,,,,
10659,"Banda To Asaniye Mauli Mandir",Banda,"Asaniye Mauli Mandir",,MO,8683,"Zolambe Fata",16.4,,,बांदा,असनिये,18.8,06:30,07:10,ST,,,,
10659,"Banda To Asaniye Mauli Mandir",Banda,"Asaniye Mauli Mandir",,MO,8476,"Asaniye Mauli Mandir",18,,,बांदा,असनिये,18.8,06:30,07:10,ST,,,,
10663,"Banda To Kas Mauli Mandir",Banda,"Kas Mauli Mandir",,MO,8486,Banda,,,,बांदा,कास,12.7,00:10,01:03,ST,,,,
10663,"Banda To Kas Mauli Mandir",Banda,"Kas Mauli Mandir",,MO,8542,"Khamdev Naka",2,,,बांदा,कास,12.7,00:10,01:03,ST,,,,
10663,"Banda To Kas Mauli Mandir",Banda,"Kas Mauli Mandir",,MO,8643,"Sherla Shop",5,,,बांदा,कास,12.7,00:10,01:03,ST,,,,
10663,"Banda To Kas Mauli Mandir",Banda,"Kas Mauli Mandir",,MO,8646,"Sherla Mauli Mandir",8,,,बांदा,कास,12.7,00:10,01:03,ST,,,,
10663,"Banda To Kas Mauli Mandir",Banda,"Kas Mauli Mandir",,MO,8554,Kalebhatwadi,8.7,,,बांदा,कास,12.7,00:10,01:03,ST,,,,
10663,"Banda To Kas Mauli Mandir",Banda,"Kas Mauli Mandir",,MO,8563,"Kas Audumbar",10.7,,,बांदा,कास,12.7,00:10,01:03,ST,,,,
10663,"Banda To Kas Mauli Mandir",Banda,"Kas Mauli Mandir",,MO,8478,Bhaipwadi,11.7,,,बांदा,कास,12.7,00:10,01:03,ST,,,,
10663,"Banda To Kas Mauli Mandir",Banda,"Kas Mauli Mandir",,MO,8557,"Kas Mauli Mandir",12.7,,,बांदा,कास,12.7,00:10,01:03,ST,,,,
10784,"Banda To Dodamarg Via Kumbral Mandir",Banda,Dodamarg,"KUMBRAL MANDIR",MO,8486,Banda,,,,बांदा,दोडामार्ग,36,16:00,17:15,NOBL,,,,
10784,"Banda To Dodamarg Via Kumbral Mandir",Banda,Dodamarg,"KUMBRAL MANDIR",MO,8619,Panval,2.4,,,बांदा,दोडामार्ग,36,16:00,17:15,NOBL,,,,
10784,"Banda To Dodamarg Via Kumbral Mandir",Banda,Dodamarg,"KUMBRAL MANDIR",MO,8503,Degve,4,,,बांदा,दोडामार्ग,36,16:00,17:15,NOBL,,,,
10784,"Banda To Dodamarg Via Kumbral Mandir",Banda,Dodamarg,"KUMBRAL MANDIR",MO,8502,"Degve High School",4.8,,,बांदा,दोडामार्ग,36,16:00,17:15,NOBL,,,,
10784,"Banda To Dodamarg Via Kumbral Mandir",Banda,Dodamarg,"KUMBRAL MANDIR",MO,8558,"Kumbral Fata",5.4,,,बांदा,दोडामार्ग,36,16:00,17:15,NOBL,,,,
10784,"Banda To Dodamarg Via Kumbral Mandir",Banda,Dodamarg,"KUMBRAL MANDIR",MO,8620,"Padave Mazgaon",8.2,,,बांदा,दोडामार्ग,36,16:00,17:15,NOBL,,,,
10784,"Banda To Dodamarg Via Kumbral Mandir",Banda,Dodamarg,"KUMBRAL MANDIR",MO,8565,"Margaon Bagwadi",9.1,,,बांदा,दोडामार्ग,36,16:00,17:15,NOBL,,,,
10784,"Banda To Dodamarg Via Kumbral Mandir",Banda,Dodamarg,"KUMBRAL MANDIR",MO,2353,"Talkat Nursary",10.8,,,बांदा,दोडामार्ग,36,16:00,17:15,NOBL,,,,
10784,"Banda To Dodamarg Via Kumbral Mandir",Banda,Dodamarg,"KUMBRAL MANDIR",MO,2352,"Talkat Soci",12.2,,,बांदा,दोडामार्ग,36,16:00,17:15,NOBL,,,,
10784,"Banda To Dodamarg Via Kumbral Mandir",Banda,Dodamarg,"KUMBRAL MANDIR",MO,2349,"Marathe House",13.5,,,बांदा,दोडामार्ग,36,16:00,17:15,NOBL,,,,
10784,"Banda To Dodamarg Via Kumbral Mandir",Banda,Dodamarg,"KUMBRAL MANDIR",MO,2351,Kolzar,14.8,,,बांदा,दोडामार्ग,36,16:00,17:15,NOBL,,,,
10784,"Banda To Dodamarg Via Kumbral Mandir",Banda,Dodamarg,"KUMBRAL MANDIR",MO,2345,"Kolzar Mungi Dukan",16,,,बांदा,दोडामार्ग,36,16:00,17:15,NOBL,,,,
10784,"Banda To Dodamarg Via Kumbral Mandir",Banda,Dodamarg,"KUMBRAL MANDIR",MO,2314,"Shirval School",16.7,,,बांदा,दोडामार्ग,36,16:00,17:15,NOBL,,,,
10784,"Banda To Dodamarg Via Kumbral Mandir",Banda,Dodamarg,"KUMBRAL MANDIR",MO,2271,"Kumbral Mandir",19.2,,,बांदा,दोडामार्ग,36,16:00,17:15,NOBL,,,,
10784,"Banda To Dodamarg Via Kumbral Mandir",Banda,Dodamarg,"KUMBRAL MANDIR",MO,2305,"Panturli Titha",22.4,,,बांदा,दोडामार्ग,36,16:00,17:15,NOBL,,,,
10784,"Banda To Dodamarg Via Kumbral Mandir",Banda,Dodamarg,"KUMBRAL MANDIR",MO,2233,Bharpal,24,,,बांदा,दोडामार्ग,36,16:00,17:15,NOBL,,,,
10784,"Banda To Dodamarg Via Kumbral Mandir",Banda,Dodamarg,"KUMBRAL MANDIR",MO,2315,"Sasoli Bharpal Titha",27.7,,,बांदा,दोडामार्ग,36,16:00,17:15,NOBL,,,,
10784,"Banda To Dodamarg Via Kumbral Mandir",Banda,Dodamarg,"KUMBRAL MANDIR",MO,2255,Hedus,28.5,,,बांदा,दोडामार्ग,36,16:00,17:15,NOBL,,,,
10784,"Banda To Dodamarg Via Kumbral Mandir",Banda,Dodamarg,"KUMBRAL MANDIR",MO,2288,"Maneri Fata",29,,,बांदा,दोडामार्ग,36,16:00,17:15,NOBL,,,,
10784,"Banda To Dodamarg Via Kumbral Mandir",Banda,Dodamarg,"KUMBRAL MANDIR",MO,2290,Maneri,30.5,,,बांदा,दोडामार्ग,36,16:00,17:15,NOBL,,,,
10784,"Banda To Dodamarg Via Kumbral Mandir",Banda,Dodamarg,"KUMBRAL MANDIR",MO,2247,Dodamarg,33.1,,,बांदा,दोडामार्ग,36,16:00,17:15,NOBL,,,,
11110,"Sawantwadi To Redi Kanyal Via Shiroda",Sawantwadi,"Redi Kanyal",SHIRODA,MO,8663,Sawantwadi,,,,सावंतवाडी,"रेडी कनयाळ",34.9,15:00,16:15,ST,,,,
11110,"Sawantwadi To Redi Kanyal Via Shiroda",Sawantwadi,"Redi Kanyal",SHIRODA,MO,8523,"Gulabi Titha",3.3,,,सावंतवाडी,"रेडी कनयाळ",34.9,15:00,16:15,ST,,,,
11110,"Sawantwadi To Redi Kanyal Via Shiroda",Sawantwadi,"Redi Kanyal",SHIRODA,MO,8580,Malgaon,5.9,,,सावंतवाडी,"रेडी कनयाळ",34.9,15:00,16:15,ST,,,,
11110,"Sawantwadi To Redi Kanyal Via Shiroda",Sawantwadi,"Redi Kanyal",SHIRODA,MO,8674,"Vengurle Shiroda Titha",6.3,,,सावंतवाडी,"रेडी कनयाळ",34.9,15:00,16:15,ST,,,,
11110,"Sawantwadi To Redi Kanyal Via Shiroda",Sawantwadi,"Redi Kanyal",SHIRODA,MO,8665,"Sawantwadi Rly. Stn.",7.6,,,सावंतवाडी,"रेडी कनयाळ",34.9,15:00,16:15,ST,,,,
11110,"Sawantwadi To Redi Kanyal Via Shiroda",Sawantwadi,"Redi Kanyal",SHIRODA,MO,8609,"Nirawade Bazar",8.5,,,सावंतवाडी,"रेडी कनयाळ",34.9,15:00,16:15,ST,,,,
11110,"Sawantwadi To Redi Kanyal Via Shiroda",Sawantwadi,"Redi Kanyal",SHIRODA,MO,8599,"Nirawade Tiles Factory",9.3,,,सावंतवाडी,"रेडी कनयाळ",34.9,15:00,16:15,ST,,,,
11110,"Sawantwadi To Redi Kanyal Via Shiroda",Sawantwadi,"Redi Kanyal",SHIRODA,MO,8474,"Aros Titha",10.2,,,सावंतवाडी,"रेडी कनयाळ",34.9,15:00,16:15,ST,,,,
11110,"Sawantwadi To Redi Kanyal Via Shiroda",Sawantwadi,"Redi Kanyal",SHIRODA,MO,8614,"Nhaveli School",12.5,,,सावंतवाडी,"रेडी कनयाळ",34.9,15:00,16:15,ST,,,,
11110,"Sawantwadi To Redi Kanyal Via Shiroda",Sawantwadi,"Redi Kanyal",SHIRODA,MO,9855,"Ghodemukh Matond",13.9,,,सावंतवाडी,"रेडी कनयाळ",34.9,15:00,16:15,ST,,,,
11110,"Sawantwadi To Redi Kanyal Via Shiroda",Sawantwadi,"Redi Kanyal",SHIRODA,MO,8627,"Pendharyachi Wadi",14.5,,,सावंतवाडी,"रेडी कनयाळ",34.9,15:00,16:15,ST,,,,
11110,"Sawantwadi To Redi Kanyal Via Shiroda",Sawantwadi,"Redi Kanyal",SHIRODA,MO,8517,"Forest Chouki",15.8,,,सावंतवाडी,"रेडी कनयाळ",34.9,15:00,16:15,ST,,,,
11110,"Sawantwadi To Redi Kanyal Via Shiroda",Sawantwadi,"Redi Kanyal",SHIRODA,MO,9833,"Warachi Malewad",16.2,,,सावंतवाडी,"रेडी कनयाळ",34.9,15:00,16:15,ST,,,,
11110,"Sawantwadi To Redi Kanyal Via Shiroda",Sawantwadi,"Redi Kanyal",SHIRODA,MO,9703,"Malewad Hedulwadi",18.2,,,सावंतवाडी,"रेडी कनयाळ",34.9,15:00,16:15,ST,,,,
11110,"Sawantwadi To Redi Kanyal Via Shiroda",Sawantwadi,"Redi Kanyal",SHIRODA,MO,9704,"Malewad Naka",19.1,,,सावंतवाडी,"रेडी कनयाळ",34.9,15:00,16:15,ST,,,,
11110,"Sawantwadi To Redi Kanyal Via Shiroda",Sawantwadi,"Redi Kanyal",SHIRODA,MO,9779,Savardev,20.4,,,सावंतवाडी,"रेडी कनयाळ",34.9,15:00,16:15,ST,,,,
11110,"Sawantwadi To Redi Kanyal Via Shiroda",Sawantwadi,"Redi Kanyal",SHIRODA,MO,9592,"Ajgaon Marathi School",24.4,,,सावंतवाडी,"रेडी कनयाळ",34.9,15:00,16:15,ST,,,,
11110,"Sawantwadi To Redi Kanyal Via Shiroda",Sawantwadi,"Redi Kanyal",SHIRODA,MO,9789,Shiroda,26.4,,,सावंतवाडी,"रेडी कनयाळ",34.9,15:00,16:15,ST,,,,
11110,"Sawantwadi To Redi Kanyal Via Shiroda",Sawantwadi,"Redi Kanyal",SHIRODA,MO,9653,"Huda Fata",29.4,,,सावंतवाडी,"रेडी कनयाळ",34.9,15:00,16:15,ST,,,,
11110,"Sawantwadi To Redi Kanyal Via Shiroda",Sawantwadi,"Redi Kanyal",SHIRODA,MO,9769,"Redi Mauli Mandir",32.3,,,सावंतवाडी,"रेडी कनयाळ",34.9,15:00,16:15,ST,,,,
11110,"Sawantwadi To Redi Kanyal Via Shiroda",Sawantwadi,"Redi Kanyal",SHIRODA,MO,9768,"Redi Kanyal",34.9,,,सावंतवाडी,"रेडी कनयाळ",34.9,15:00,16:15,ST,,,,
11112,"Sawantwadi To Ambegaon",Sawantwadi,Ambegaon,,MO,8663,Sawantwadi,,,,सावंतवाडी,आंबेगांव,11.5,07:15,07:45,ST,,,,
11112,"Sawantwadi To Ambegaon",Sawantwadi,Ambegaon,,MO,8551,"Kolgaon Thita",3.7,,,सावंतवाडी,आंबेगांव,11.5,07:15,07:45,ST,,,,
11112,"Sawantwadi To Ambegaon",Sawantwadi,Ambegaon,,MO,8482,"Bhavai Mandir",6,,,सावंतवाडी,आंबेगांव,11.5,07:15,07:45,ST,,,,
11112,"Sawantwadi To Ambegaon",Sawantwadi,Ambegaon,,MO,8549,"Kunkeri Parabwadi",8.3,,,सावंतवाडी,आंबेगांव,11.5,07:15,07:45,ST,,,,
11112,"Sawantwadi To Ambegaon",Sawantwadi,Ambegaon,,MO,8626,Pimpalwadi,8.7,,,सावंतवाडी,आंबेगांव,11.5,07:15,07:45,ST,,,,
11112,"Sawantwadi To Ambegaon",Sawantwadi,Ambegaon,,MO,8468,Ambegaon,11.5,,,सावंतवाडी,आंबेगांव,11.5,07:15,07:45,ST,,,,
11116,"Sawantwadi To Kiranpani Via Shiroda",Sawantwadi,Kiranpani,SHIRODA,MO,8663,Sawantwadi,,,,सावंतवाडी,किरणपाणी,35.2,20:00,21:20,ST,,,,
11116,"Sawantwadi To Kiranpani Via Shiroda",Sawantwadi,Kiranpani,SHIRODA,MO,8523,"Gulabi Titha",3.3,,,सावंतवाडी,किरणपाणी,35.2,20:00,21:20,ST,,,,
11116,"Sawantwadi To Kiranpani Via Shiroda",Sawantwadi,Kiranpani,SHIRODA,MO,8580,Malgaon,5.9,,,सावंतवाडी,किरणपाणी,35.2,20:00,21:20,ST,,,,
11116,"Sawantwadi To Kiranpani Via Shiroda",Sawantwadi,Kiranpani,SHIRODA,MO,8674,"Vengurle Shiroda Titha",6.3,,,सावंतवाडी,किरणपाणी,35.2,20:00,21:20,ST,,,,
11116,"Sawantwadi To Kiranpani Via Shiroda",Sawantwadi,Kiranpani,SHIRODA,MO,8665,"Sawantwadi Rly. Stn.",7.4,,,सावंतवाडी,किरणपाणी,35.2,20:00,21:20,ST,,,,
11116,"Sawantwadi To Kiranpani Via Shiroda",Sawantwadi,Kiranpani,SHIRODA,MO,8609,"Nirawade Bazar",8.5,,,सावंतवाडी,किरणपाणी,35.2,20:00,21:20,ST,,,,
11116,"Sawantwadi To Kiranpani Via Shiroda",Sawantwadi,Kiranpani,SHIRODA,MO,8599,"Nirawade Tiles Factory",9.3,,,सावंतवाडी,किरणपाणी,35.2,20:00,21:20,ST,,,,
11116,"Sawantwadi To Kiranpani Via Shiroda",Sawantwadi,Kiranpani,SHIRODA,MO,8614,"Nhaveli School",12.5,,,सावंतवाडी,किरणपाणी,35.2,20:00,21:20,ST,,,,
11116,"Sawantwadi To Kiranpani Via Shiroda",Sawantwadi,Kiranpani,SHIRODA,MO,9855,"Ghodemukh Matond",13.9,,,सावंतवाडी,किरणपाणी,35.2,20:00,21:20,ST,,,,
11116,"Sawantwadi To Kiranpani Via Shiroda",Sawantwadi,Kiranpani,SHIRODA,MO,8517,"Forest Chouki",15.8,,,सावंतवाडी,किरणपाणी,35.2,20:00,21:20,ST,,,,
11116,"Sawantwadi To Kiranpani Via Shiroda",Sawantwadi,Kiranpani,SHIRODA,MO,9833,"Warachi Malewad",16,,,सावंतवाडी,किरणपाणी,35.2,20:00,21:20,ST,,,,
11116,"Sawantwadi To Kiranpani Via Shiroda",Sawantwadi,Kiranpani,SHIRODA,MO,9703,"Malewad Hedulwadi",18.2,,,सावंतवाडी,किरणपाणी,35.2,20:00,21:20,ST,,,,
11116,"Sawantwadi To Kiranpani Via Shiroda",Sawantwadi,Kiranpani,SHIRODA,MO,9704,"Malewad Naka",19.1,,,सावंतवाडी,किरणपाणी,35.2,20:00,21:20,ST,,,,
11116,"Sawantwadi To Kiranpani Via Shiroda",Sawantwadi,Kiranpani,SHIRODA,MO,9779,Savardev,20.4,,,सावंतवाडी,किरणपाणी,35.2,20:00,21:20,ST,,,,
11116,"Sawantwadi To Kiranpani Via Shiroda",Sawantwadi,Kiranpani,SHIRODA,MO,9592,"Ajgaon Marathi School",24.4,,,सावंतवाडी,किरणपाणी,35.2,20:00,21:20,ST,,,,
11116,"Sawantwadi To Kiranpani Via Shiroda",Sawantwadi,Kiranpani,SHIRODA,MO,9789,Shiroda,26.4,,,सावंतवाडी,किरणपाणी,35.2,20:00,21:20,ST,,,,
11116,"Sawantwadi To Kiranpani Via Shiroda",Sawantwadi,Kiranpani,SHIRODA,MO,9653,"Huda Fata",30,,,सावंतवाडी,किरणपाणी,35.2,20:00,21:20,ST,,,,
11116,"Sawantwadi To Kiranpani Via Shiroda",Sawantwadi,Kiranpani,SHIRODA,MO,9615,"Bhatpawani Fata",32,,,सावंतवाडी,किरणपाणी,35.2,20:00,21:20,ST,,,,
11116,"Sawantwadi To Kiranpani Via Shiroda",Sawantwadi,Kiranpani,SHIRODA,MO,9588,Agralwadi,33,,,सावंतवाडी,किरणपाणी,35.2,20:00,21:20,ST,,,,
11116,"Sawantwadi To Kiranpani Via Shiroda",Sawantwadi,Kiranpani,SHIRODA,MO,9687,Kiranpani,35.2,,,सावंतवाडी,किरणपाणी,35.2,20:00,21:20,ST,,,,
11119,"Sawantwadi To Banda Via Doba Shel",Sawantwadi,Banda,"DOBA SHEL",MO,8663,Sawantwadi,,,,सावंतवाडी,बांदा,12.6,11:00,11:30,OPN,,,,
11119,"Sawantwadi To Banda Via Doba Shel",Sawantwadi,Banda,"DOBA SHEL",MO,8578,"Majgaon Nala",3.2,,,सावंतवाडी,बांदा,12.6,11:00,11:30,OPN,,,,
11119,"Sawantwadi To Banda Via Doba Shel",Sawantwadi,Banda,"DOBA SHEL",MO,8499,"Doba Shel",6.5,,,सावंतवाडी,बांदा,12.6,11:00,11:30,OPN,,,,
11119,"Sawantwadi To Banda Via Doba Shel",Sawantwadi,Banda,"DOBA SHEL",MO,8560,Kondwada,8.6,,,सावंतवाडी,बांदा,12.6,11:00,11:30,OPN,,,,
11119,"Sawantwadi To Banda Via Doba Shel",Sawantwadi,Banda,"DOBA SHEL",MO,89315,"Exicise Check Post",9,,,सावंतवाडी,बांदा,12.6,11:00,11:30,OPN,,,,
11119,"Sawantwadi To Banda Via Doba Shel",Sawantwadi,Banda,"DOBA SHEL",MO,8544,"Kudav Temb",10,,,सावंतवाडी,बांदा,12.6,11:00,11:30,OPN,,,,
11119,"Sawantwadi To Banda Via Doba Shel",Sawantwadi,Banda,"DOBA SHEL",MO,8542,"Khamdev Naka",11,,,सावंतवाडी,बांदा,12.6,11:00,11:30,OPN,,,,
11119,"Sawantwadi To Banda Via Doba Shel",Sawantwadi,Banda,"DOBA SHEL",MO,8486,Banda,12.6,,,सावंतवाडी,बांदा,12.6,11:00,11:30,OPN,,,,
11121,"Sawantwadi To Mulandawadi",Sawantwadi,Mulandawadi,,MO,8663,Sawantwadi,,,,सावंतवाडी,मुलांडावाडी,18,12:15,12:35,ST,,,,
11121,"Sawantwadi To Mulandawadi",Sawantwadi,Mulandawadi,,MO,8636,Pedavewadi,2,,,सावंतवाडी,मुलांडावाडी,18,12:15,12:35,ST,,,,
11121,"Sawantwadi To Mulandawadi",Sawantwadi,Mulandawadi,,MO,8488,"Burdi Pul",3,,,सावंतवाडी,मुलांडावाडी,18,12:15,12:35,ST,,,,
11121,"Sawantwadi To Mulandawadi",Sawantwadi,Mulandawadi,,MO,8653,"Sapale Stop",6,,,सावंतवाडी,मुलांडावाडी,18,12:15,12:35,ST,,,,
11121,"Sawantwadi To Mulandawadi",Sawantwadi,Mulandawadi,,MO,8570,Madkhol,7.9,,,सावंतवाडी,मुलांडावाडी,18,12:15,12:35,ST,,,,
11121,"Sawantwadi To Mulandawadi",Sawantwadi,Mulandawadi,,MO,8569,"Madkhol Met",9,,,सावंतवाडी,मुलांडावाडी,18,12:15,12:35,ST,,,,
11121,"Sawantwadi To Mulandawadi",Sawantwadi,Mulandawadi,,MO,8496,"Dhawadaki Datta Mandir",10.6,,,सावंतवाडी,मुलांडावाडी,18,12:15,12:35,ST,,,,
11121,"Sawantwadi To Mulandawadi",Sawantwadi,Mulandawadi,,MO,8489,"Bavlat Fata",11.6,,,सावंतवाडी,मुलांडावाडी,18,12:15,12:35,ST,,,,
11121,"Sawantwadi To Mulandawadi",Sawantwadi,Mulandawadi,,MO,8661,"Satuli Warachiwadi",12,,,सावंतवाडी,मुलांडावाडी,18,12:15,12:35,ST,,,,
11121,"Sawantwadi To Mulandawadi",Sawantwadi,Mulandawadi,,MO,8490,"Bavlat School",14.8,,,सावंतवाडी,मुलांडावाडी,18,12:15,12:35,ST,,,,
11121,"Sawantwadi To Mulandawadi",Sawantwadi,Mulandawadi,,MO,8581,Mulandawadi,18,,,सावंतवाडी,मुलांडावाडी,18,12:15,12:35,ST,,,,
11137,"Sawantwadi To Kalika Mandir",Sawantwadi,"Kalika Mandir",,MO,8663,Sawantwadi,,,,सावंतवाडी,कालिकामंदीर,8.2,12:00,12:15,ST,,,,
11137,"Sawantwadi To Kalika Mandir",Sawantwadi,"Kalika Mandir",,MO,8654,"Sherlekar House",3.1,,,सावंतवाडी,कालिकामंदीर,8.2,12:00,12:15,ST,,,,
11137,"Sawantwadi To Kalika Mandir",Sawantwadi,"Kalika Mandir",,MO,8481,"Bhairavwadi Sawant House",5.6,,,सावंतवाडी,कालिकामंदीर,8.2,12:00,12:15,ST,,,,
11137,"Sawantwadi To Kalika Mandir",Sawantwadi,"Kalika Mandir",,MO,8555,"Kalika Mandir",8.2,,,सावंतवाडी,कालिकामंदीर,8.2,12:00,12:15,ST,,,,
11147,"Sawantwadi To Konshi",Sawantwadi,Konshi,,MO,8663,Sawantwadi,,,,सावंतवाडी,कोनशी,26.9,12:50,13:30,ST,,,,
11147,"Sawantwadi To Konshi",Sawantwadi,Konshi,,MO,8578,"Majgaon Nala",3.2,,,सावंतवाडी,कोनशी,26.9,12:50,13:30,ST,,,,
11147,"Sawantwadi To Konshi",Sawantwadi,Konshi,,MO,8499,"Doba Shel",6.5,,,सावंतवाडी,कोनशी,26.9,12:50,13:30,ST,,,,
11147,"Sawantwadi To Konshi",Sawantwadi,Konshi,,MO,8486,Banda,12.6,,,सावंतवाडी,कोनशी,26.9,12:50,13:30,ST,,,,
11147,"Sawantwadi To Konshi",Sawantwadi,Konshi,,MO,6482,Janbal,16.2,,,सावंतवाडी,कोनशी,26.9,12:50,13:30,ST,,,,
11147,"Sawantwadi To Konshi",Sawantwadi,Konshi,,MO,8673,"Vilavade Wad",19.9,,,सावंतवाडी,कोनशी,26.9,12:50,13:30,ST,,,,
11147,"Sawantwadi To Konshi",Sawantwadi,Konshi,,MO,8616,"Otavane Titha",20.2,,,सावंतवाडी,कोनशी,26.9,12:50,13:30,ST,,,,
11147,"Sawantwadi To Konshi",Sawantwadi,Konshi,,MO,8477,"Bhalawal Shop",21.3,,,सावंतवाडी,कोनशी,26.9,12:50,13:30,ST,,,,
11147,"Sawantwadi To Konshi",Sawantwadi,Konshi,,MO,7017,"Vetal Mandir",22.6,,,सावंतवाडी,कोनशी,26.9,12:50,13:30,ST,,,,
11147,"Sawantwadi To Konshi",Sawantwadi,Konshi,,MO,15674,"Dhangar Wadi",25.3,,,सावंतवाडी,कोनशी,26.9,12:50,13:30,ST,,,,
11147,"Sawantwadi To Konshi",Sawantwadi,Konshi,,MO,8559,Konshi,25.7,,,सावंतवाडी,कोनशी,26.9,12:50,13:30,ST,,,,
11149,"Sawantwadi To Kudasa Via Kolzar",Sawantwadi,Kudasa,KOLZAR,MO,8663,Sawantwadi,,,,सावंतवाडी,कुडासा,40.2,08:30,09:55,ST,,,,
11149,"Sawantwadi To Kudasa Via Kolzar",Sawantwadi,Kudasa,KOLZAR,MO,8578,"Majgaon Nala",3.2,,,सावंतवाडी,कुडासा,40.2,08:30,09:55,ST,,,,
11149,"Sawantwadi To Kudasa Via Kolzar",Sawantwadi,Kudasa,KOLZAR,MO,8499,"Doba Shel",6.5,,,सावंतवाडी,कुडासा,40.2,08:30,09:55,ST,,,,
11149,"Sawantwadi To Kudasa Via Kolzar",Sawantwadi,Kudasa,KOLZAR,MO,8560,Kondwada,8.6,,,सावंतवाडी,कुडासा,40.2,08:30,09:55,ST,,,,
11149,"Sawantwadi To Kudasa Via Kolzar",Sawantwadi,Kudasa,KOLZAR,MO,8486,Banda,12.6,,,सावंतवाडी,कुडासा,40.2,08:30,09:55,ST,,,,
11149,"Sawantwadi To Kudasa Via Kolzar",Sawantwadi,Kudasa,KOLZAR,MO,8619,Panval,15,,,सावंतवाडी,कुडासा,40.2,08:30,09:55,ST,,,,
11149,"Sawantwadi To Kudasa Via Kolzar",Sawantwadi,Kudasa,KOLZAR,MO,8503,Degve,16.6,,,सावंतवाडी,कुडासा,40.2,08:30,09:55,ST,,,,
11149,"Sawantwadi To Kudasa Via Kolzar",Sawantwadi,Kudasa,KOLZAR,MO,8558,"Kumbral Fata",19.1,,,सावंतवाडी,कुडासा,40.2,08:30,09:55,ST,,,,
11149,"Sawantwadi To Kudasa Via Kolzar",Sawantwadi,Kudasa,KOLZAR,MO,8620,"Padave Mazgaon",21.2,,,सावंतवाडी,कुडासा,40.2,08:30,09:55,ST,,,,
11149,"Sawantwadi To Kudasa Via Kolzar",Sawantwadi,Kudasa,KOLZAR,MO,8565,"Margaon Bagwadi",21.7,,,सावंतवाडी,कुडासा,40.2,08:30,09:55,ST,,,,
11149,"Sawantwadi To Kudasa Via Kolzar",Sawantwadi,Kudasa,KOLZAR,MO,2353,"Talkat Nursary",24,,,सावंतवाडी,कुडासा,40.2,08:30,09:55,ST,,,,
11149,"Sawantwadi To Kudasa Via Kolzar",Sawantwadi,Kudasa,KOLZAR,MO,2352,"Talkat Soci",24.8,,,सावंतवाडी,कुडासा,40.2,08:30,09:55,ST,,,,
11149,"Sawantwadi To Kudasa Via Kolzar",Sawantwadi,Kudasa,KOLZAR,MO,2349,"Marathe House",26.1,,,सावंतवाडी,कुडासा,40.2,08:30,09:55,ST,,,,
11149,"Sawantwadi To Kudasa Via Kolzar",Sawantwadi,Kudasa,KOLZAR,MO,2351,Kolzar,27.4,,,सावंतवाडी,कुडासा,40.2,08:30,09:55,ST,,,,
11149,"Sawantwadi To Kudasa Via Kolzar",Sawantwadi,Kudasa,KOLZAR,MO,2314,"Shirval School",29.3,,,सावंतवाडी,कुडासा,40.2,08:30,09:55,ST,,,,
11149,"Sawantwadi To Kudasa Via Kolzar",Sawantwadi,Kudasa,KOLZAR,MO,2271,"Kumbral Mandir",32,,,सावंतवाडी,कुडासा,40.2,08:30,09:55,ST,,,,
11149,"Sawantwadi To Kudasa Via Kolzar",Sawantwadi,Kudasa,KOLZAR,MO,2305,"Panturli Titha",35,,,सावंतवाडी,कुडासा,40.2,08:30,09:55,ST,,,,
11149,"Sawantwadi To Kudasa Via Kolzar",Sawantwadi,Kudasa,KOLZAR,MO,2282,Kudasa,40.2,,,सावंतवाडी,कुडासा,40.2,08:30,09:55,ST,,,,
11175,"Sawantwadi To Shiroda Via Tiroda",Sawantwadi,Shiroda,TIRODA,MO,8663,Sawantwadi,,,,सावंतवाडी,शिरोडा,35.2,14:20,15:30,OBL,,,,
11175,"Sawantwadi To Shiroda Via Tiroda",Sawantwadi,Shiroda,TIRODA,MO,8523,"Gulabi Titha",3.3,,,सावंतवाडी,शिरोडा,35.2,14:20,15:30,OBL,,,,
11175,"Sawantwadi To Shiroda Via Tiroda",Sawantwadi,Shiroda,TIRODA,MO,8580,Malgaon,5.9,,,सावंतवाडी,शिरोडा,35.2,14:20,15:30,OBL,,,,
11175,"Sawantwadi To Shiroda Via Tiroda",Sawantwadi,Shiroda,TIRODA,MO,8674,"Vengurle Shiroda Titha",6.3,,,सावंतवाडी,शिरोडा,35.2,14:20,15:30,OBL,,,,
11175,"Sawantwadi To Shiroda Via Tiroda",Sawantwadi,Shiroda,TIRODA,MO,8665,"Sawantwadi Rly. Stn.",7.4,,,सावंतवाडी,शिरोडा,35.2,14:20,15:30,OBL,,,,
11175,"Sawantwadi To Shiroda Via Tiroda",Sawantwadi,Shiroda,TIRODA,MO,8609,"Nirawade Bazar",8.5,,,सावंतवाडी,शिरोडा,35.2,14:20,15:30,OBL,,,,
11175,"Sawantwadi To Shiroda Via Tiroda",Sawantwadi,Shiroda,TIRODA,MO,8599,"Nirawade Tiles Factory",9.3,,,सावंतवाडी,शिरोडा,35.2,14:20,15:30,OBL,,,,
11175,"Sawantwadi To Shiroda Via Tiroda",Sawantwadi,Shiroda,TIRODA,MO,8614,"Nhaveli School",12.5,,,सावंतवाडी,शिरोडा,35.2,14:20,15:30,OBL,,,,
11175,"Sawantwadi To Shiroda Via Tiroda",Sawantwadi,Shiroda,TIRODA,MO,9855,"Ghodemukh Matond",13.9,,,सावंतवाडी,शिरोडा,35.2,14:20,15:30,OBL,,,,
11175,"Sawantwadi To Shiroda Via Tiroda",Sawantwadi,Shiroda,TIRODA,MO,8517,"Forest Chouki",15.8,,,सावंतवाडी,शिरोडा,35.2,14:20,15:30,OBL,,,,
11175,"Sawantwadi To Shiroda Via Tiroda",Sawantwadi,Shiroda,TIRODA,MO,9833,"Warachi Malewad",16.2,,,सावंतवाडी,शिरोडा,35.2,14:20,15:30,OBL,,,,
11175,"Sawantwadi To Shiroda Via Tiroda",Sawantwadi,Shiroda,TIRODA,MO,9703,"Malewad Hedulwadi",18.2,,,सावंतवाडी,शिरोडा,35.2,14:20,15:30,OBL,,,,
11175,"Sawantwadi To Shiroda Via Tiroda",Sawantwadi,Shiroda,TIRODA,MO,9704,"Malewad Naka",19.1,,,सावंतवाडी,शिरोडा,35.2,14:20,15:30,OBL,,,,
11175,"Sawantwadi To Shiroda Via Tiroda",Sawantwadi,Shiroda,TIRODA,MO,9779,Savardev,20.4,,,सावंतवाडी,शिरोडा,35.2,14:20,15:30,OBL,,,,
11175,"Sawantwadi To Shiroda Via Tiroda",Sawantwadi,Shiroda,TIRODA,MO,9809,"Tiroda Titha",22.9,,,सावंतवाडी,शिरोडा,35.2,14:20,15:30,OBL,,,,
11175,"Sawantwadi To Shiroda Via Tiroda",Sawantwadi,Shiroda,TIRODA,MO,9808,"Tiroda Mauli Mandir",24.7,,,सावंतवाडी,शिरोडा,35.2,14:20,15:30,OBL,,,,
11175,"Sawantwadi To Shiroda Via Tiroda",Sawantwadi,Shiroda,TIRODA,MO,9807,Tiroda,25.4,,,सावंतवाडी,शिरोडा,35.2,14:20,15:30,OBL,,,,
11175,"Sawantwadi To Shiroda Via Tiroda",Sawantwadi,Shiroda,TIRODA,MO,9808,"Tiroda Mauli Mandir",26.1,,,सावंतवाडी,शिरोडा,35.2,14:20,15:30,OBL,,,,
11175,"Sawantwadi To Shiroda Via Tiroda",Sawantwadi,Shiroda,TIRODA,MO,9592,"Ajgaon Marathi School",29.4,,,सावंतवाडी,शिरोडा,35.2,14:20,15:30,OBL,,,,
11175,"Sawantwadi To Shiroda Via Tiroda",Sawantwadi,Shiroda,TIRODA,MO,9789,Shiroda,31.4,,,सावंतवाडी,शिरोडा,35.2,14:20,15:30,OBL,,,,
11176,"Sawantwadi To Shiroda Via Wadkhol",Sawantwadi,Shiroda,WADKHOL,MO,8663,Sawantwadi,,,,सावंतवाडी,शिरोडा,33,15:00,16:20,OBL,,,,
11176,"Sawantwadi To Shiroda Via Wadkhol",Sawantwadi,Shiroda,WADKHOL,MO,8523,"Gulabi Titha",3.3,,,सावंतवाडी,शिरोडा,33,15:00,16:20,OBL,,,,
11176,"Sawantwadi To Shiroda Via Wadkhol",Sawantwadi,Shiroda,WADKHOL,MO,8580,Malgaon,5.9,,,सावंतवाडी,शिरोडा,33,15:00,16:20,OBL,,,,
11176,"Sawantwadi To Shiroda Via Wadkhol",Sawantwadi,Shiroda,WADKHOL,MO,8674,"Vengurle Shiroda Titha",6.3,,,सावंतवाडी,शिरोडा,33,15:00,16:20,OBL,,,,
11176,"Sawantwadi To Shiroda Via Wadkhol",Sawantwadi,Shiroda,WADKHOL,MO,8665,"Sawantwadi Rly. Stn.",7.2,,,सावंतवाडी,शिरोडा,33,15:00,16:20,OBL,,,,
11176,"Sawantwadi To Shiroda Via Wadkhol",Sawantwadi,Shiroda,WADKHOL,MO,9692,"Konapal Bhaid",9.8,,,सावंतवाडी,शिरोडा,33,15:00,16:20,OBL,,,,
11176,"Sawantwadi To Shiroda Via Wadkhol",Sawantwadi,Shiroda,WADKHOL,MO,9798,"Talawade Gate",13.6,,,सावंतवाडी,शिरोडा,33,15:00,16:20,OBL,,,,
11176,"Sawantwadi To Shiroda Via Wadkhol",Sawantwadi,Shiroda,WADKHOL,MO,9799,"Talawade Parabwada",14.7,,,सावंतवाडी,शिरोडा,33,15:00,16:20,OBL,,,,
11176,"Sawantwadi To Shiroda Via Wadkhol",Sawantwadi,Shiroda,WADKHOL,MO,8686,"Nhaveli Fata Chirekhan",15,,,सावंतवाडी,शिरोडा,33,15:00,16:20,OBL,,,,
11176,"Sawantwadi To Shiroda Via Wadkhol",Sawantwadi,Shiroda,WADKHOL,MO,9712,"Matond Sateri Mandir",18.2,,,सावंतवाडी,शिरोडा,33,15:00,16:20,OBL,,,,
11176,"Sawantwadi To Shiroda Via Wadkhol",Sawantwadi,Shiroda,WADKHOL,MO,9621,Chavata,18.7,,,सावंतवाडी,शिरोडा,33,15:00,16:20,OBL,,,,
11176,"Sawantwadi To Shiroda Via Wadkhol",Sawantwadi,Shiroda,WADKHOL,MO,9604,"Asuli Pal Fata",20.4,,,सावंतवाडी,शिरोडा,33,15:00,16:20,OBL,,,,
11176,"Sawantwadi To Shiroda Via Wadkhol",Sawantwadi,Shiroda,WADKHOL,MO,9831,Wadkhol,21.7,,,सावंतवाडी,शिरोडा,33,15:00,16:20,OBL,,,,
11176,"Sawantwadi To Shiroda Via Wadkhol",Sawantwadi,Shiroda,WADKHOL,MO,9763,Rajdhuriwadi,24.9,,,सावंतवाडी,शिरोडा,33,15:00,16:20,OBL,,,,
11176,"Sawantwadi To Shiroda Via Wadkhol",Sawantwadi,Shiroda,WADKHOL,MO,9610,Bapulewadi,25.3,,,सावंतवाडी,शिरोडा,33,15:00,16:20,OBL,,,,
11176,"Sawantwadi To Shiroda Via Wadkhol",Sawantwadi,Shiroda,WADKHOL,MO,9603,"Asoli Vetoba Mandir",25.6,,,सावंतवाडी,शिरोडा,33,15:00,16:20,OBL,,,,
11176,"Sawantwadi To Shiroda Via Wadkhol",Sawantwadi,Shiroda,WADKHOL,MO,9649,Harijanwada,26.1,,,सावंतवाडी,शिरोडा,33,15:00,16:20,OBL,,,,
11176,"Sawantwadi To Shiroda Via Wadkhol",Sawantwadi,Shiroda,WADKHOL,MO,9797,"Tak Maruti Mandir",27.5,,,सावंतवाडी,शिरोडा,33,15:00,16:20,OBL,,,,
11176,"Sawantwadi To Shiroda Via Wadkhol",Sawantwadi,Shiroda,WADKHOL,MO,9601,Arawali,27.7,,,सावंतवाडी,शिरोडा,33,15:00,16:20,OBL,,,,
11176,"Sawantwadi To Shiroda Via Wadkhol",Sawantwadi,Shiroda,WADKHOL,MO,9789,Shiroda,33,,,सावंतवाडी,शिरोडा,33,15:00,16:20,OBL,,,,
11201,"Sawantwadi To Foujdarwadi",Sawantwadi,Foujdarwadi,,MO,8663,Sawantwadi,,,,सावंतवाडी,फौजदारवाडी,25.1,18:30,19:35,ST,,,,
11201,"Sawantwadi To Foujdarwadi",Sawantwadi,Foujdarwadi,,MO,8488,"Burdi Pul",3.4,,,सावंतवाडी,फौजदारवाडी,25.1,18:30,19:35,ST,,,,
11201,"Sawantwadi To Foujdarwadi",Sawantwadi,Foujdarwadi,,MO,8653,"Sapale Stop",5.9,,,सावंतवाडी,फौजदारवाडी,25.1,18:30,19:35,ST,,,,
11201,"Sawantwadi To Foujdarwadi",Sawantwadi,Foujdarwadi,,MO,8570,Madkhol,7.9,,,सावंतवाडी,फौजदारवाडी,25.1,18:30,19:35,ST,,,,
11201,"Sawantwadi To Foujdarwadi",Sawantwadi,Foujdarwadi,,MO,8569,"Madkhol Met",9,,,सावंतवाडी,फौजदारवाडी,25.1,18:30,19:35,ST,,,,
11201,"Sawantwadi To Foujdarwadi",Sawantwadi,Foujdarwadi,,MO,8505,Dhawadki,10.6,,,सावंतवाडी,फौजदारवाडी,25.1,18:30,19:35,ST,,,,
11201,"Sawantwadi To Foujdarwadi",Sawantwadi,Foujdarwadi,,MO,8610,Nursary,12,,,सावंतवाडी,फौजदारवाडी,25.1,18:30,19:35,ST,,,,
11201,"Sawantwadi To Foujdarwadi",Sawantwadi,Foujdarwadi,,MO,8644,"Sangeli Wad",15.3,,,सावंतवाडी,फौजदारवाडी,25.1,18:30,19:35,ST,,,,
11201,"Sawantwadi To Foujdarwadi",Sawantwadi,Foujdarwadi,,MO,8651,Sangeli,15.5,,,सावंतवाडी,फौजदारवाडी,25.1,18:30,19:35,ST,,,,
11201,"Sawantwadi To Foujdarwadi",Sawantwadi,Foujdarwadi,,MO,8538,Kalambist,18.3,,,सावंतवाडी,फौजदारवाडी,25.1,18:30,19:35,ST,,,,
11201,"Sawantwadi To Foujdarwadi",Sawantwadi,Foujdarwadi,,MO,8633,Pastewadi,21,,,सावंतवाडी,फौजदारवाडी,25.1,18:30,19:35,ST,,,,
11201,"Sawantwadi To Foujdarwadi",Sawantwadi,Foujdarwadi,,MO,8684,Zangatwadi,22.3,,,सावंतवाडी,फौजदारवाडी,25.1,18:30,19:35,ST,,,,
11201,"Sawantwadi To Foujdarwadi",Sawantwadi,Foujdarwadi,,MO,8535,"Jadye House",24.4,,,सावंतवाडी,फौजदारवाडी,25.1,18:30,19:35,ST,,,,
11201,"Sawantwadi To Foujdarwadi",Sawantwadi,Foujdarwadi,,MO,8589,Margajwadi,24.7,,,सावंतवाडी,फौजदारवाडी,25.1,18:30,19:35,ST,,,,
11201,"Sawantwadi To Foujdarwadi",Sawantwadi,Foujdarwadi,,MO,8518,Foujdarwadi,25.1,,,सावंतवाडी,फौजदारवाडी,25.1,18:30,19:35,ST,,,,
17369,"Gele Gawthan To Amboli","Gele Gawthan",Amboli,,MO,8521,"Gele Gawthan",,,,गेळे,आंबोली,9,17:35,18:15,ST,,,,
17369,"Gele Gawthan To Amboli","Gele Gawthan",Amboli,,MO,8525,"Gele Fata",1.5,,,गेळे,आंबोली,9,17:35,18:15,ST,,,,
17369,"Gele Gawthan To Amboli","Gele Gawthan",Amboli,,MO,8582,Mulvanwadi,4.5,,,गेळे,आंबोली,9,17:35,18:15,ST,,,,
17369,"Gele Gawthan To Amboli","Gele Gawthan",Amboli,,MO,8470,Amboli,9,,,गेळे,आंबोली,9,17:35,18:15,ST,,,,
17376,"Aronda Bazar To Sawantwadi","Aronda Bazar",Sawantwadi,,MO,9602,"Aronda Bazar",,,,"आरोंदा बाजार",सावंतवाडी,28.8,13:10,14:10,ST,,,,
17376,"Aronda Bazar To Sawantwadi","Aronda Bazar",Sawantwadi,,MO,9593,"Ambe Phanas",2.6,,,"आरोंदा बाजार",सावंतवाडी,28.8,13:10,14:10,ST,,,,
17376,"Aronda Bazar To Sawantwadi","Aronda Bazar",Sawantwadi,,MO,9801,"Talawane School",4,,,"आरोंदा बाजार",सावंतवाडी,28.8,13:10,14:10,ST,,,,
17376,"Aronda Bazar To Sawantwadi","Aronda Bazar",Sawantwadi,,MO,9800,"Talawane River",4.2,,,"आरोंदा बाजार",सावंतवाडी,28.8,13:10,14:10,ST,,,,
17376,"Aronda Bazar To Sawantwadi","Aronda Bazar",Sawantwadi,,MO,9694,"Kondura Titha",7,,,"आरोंदा बाजार",सावंतवाडी,28.8,13:10,14:10,ST,,,,
17376,"Aronda Bazar To Sawantwadi","Aronda Bazar",Sawantwadi,,MO,8475,"Aros Bazar",9.8,,,"आरोंदा बाजार",सावंतवाडी,28.8,13:10,14:10,ST,,,,
17376,"Aronda Bazar To Sawantwadi","Aronda Bazar",Sawantwadi,,MO,8614,"Nhaveli School",12.9,,,"आरोंदा बाजार",सावंतवाडी,28.8,13:10,14:10,ST,,,,
17376,"Aronda Bazar To Sawantwadi","Aronda Bazar",Sawantwadi,,MO,8599,"Nirawade Tiles Factory",15.6,,,"आरोंदा बाजार",सावंतवाडी,28.8,13:10,14:10,ST,,,,
17376,"Aronda Bazar To Sawantwadi","Aronda Bazar",Sawantwadi,,MO,8609,"Nirawade Bazar",16.4,,,"आरोंदा बाजार",सावंतवाडी,28.8,13:10,14:10,ST,,,,
17376,"Aronda Bazar To Sawantwadi","Aronda Bazar",Sawantwadi,,MO,8665,"Sawantwadi Rly. Stn.",17.1,,,"आरोंदा बाजार",सावंतवाडी,28.8,13:10,14:10,ST,,,,
17376,"Aronda Bazar To Sawantwadi","Aronda Bazar",Sawantwadi,,MO,8674,"Vengurle Shiroda Titha",18.6,,,"आरोंदा बाजार",सावंतवाडी,28.8,13:10,14:10,ST,,,,
17376,"Aronda Bazar To Sawantwadi","Aronda Bazar",Sawantwadi,,MO,8580,Malgaon,19,,,"आरोंदा बाजार",सावंतवाडी,28.8,13:10,14:10,ST,,,,
17376,"Aronda Bazar To Sawantwadi","Aronda Bazar",Sawantwadi,,MO,8523,"Gulabi Titha",21.6,,,"आरोंदा बाजार",सावंतवाडी,28.8,13:10,14:10,ST,,,,
17376,"Aronda Bazar To Sawantwadi","Aronda Bazar",Sawantwadi,,MO,8663,Sawantwadi,28.8,,,"आरोंदा बाजार",सावंतवाडी,28.8,13:10,14:10,ST,,,,
17378,"Kiranpani To Sawantwadi Via Khari",Kiranpani,Sawantwadi,KHARI,MO,9687,Kiranpani,,,,किरणपाणी,सावंतवाडी,28.4,07:45,08:45,ST,,,,
17378,"Kiranpani To Sawantwadi Via Khari",Kiranpani,Sawantwadi,KHARI,MO,8472,Aronda,0.8,,,किरणपाणी,सावंतवाडी,28.4,07:45,08:45,ST,,,,
17378,"Kiranpani To Sawantwadi Via Khari",Kiranpani,Sawantwadi,KHARI,MO,9680,Khari,3.5,,,किरणपाणी,सावंतवाडी,28.4,07:45,08:45,ST,,,,
17378,"Kiranpani To Sawantwadi Via Khari",Kiranpani,Sawantwadi,KHARI,MO,9705,"Malewad Ranewadi",6.7,,,किरणपाणी,सावंतवाडी,28.4,07:45,08:45,ST,,,,
17378,"Kiranpani To Sawantwadi Via Khari",Kiranpani,Sawantwadi,KHARI,MO,9704,"Malewad Naka",8.6,,,किरणपाणी,सावंतवाडी,28.4,07:45,08:45,ST,,,,
17378,"Kiranpani To Sawantwadi Via Khari",Kiranpani,Sawantwadi,KHARI,MO,9703,"Malewad Hedulwadi",9.5,,,किरणपाणी,सावंतवाडी,28.4,07:45,08:45,ST,,,,
17378,"Kiranpani To Sawantwadi Via Khari",Kiranpani,Sawantwadi,KHARI,MO,9833,"Warachi Malewad",11.5,,,किरणपाणी,सावंतवाडी,28.4,07:45,08:45,ST,,,,
17378,"Kiranpani To Sawantwadi Via Khari",Kiranpani,Sawantwadi,KHARI,MO,8517,"Forest Chouki",11.9,,,किरणपाणी,सावंतवाडी,28.4,07:45,08:45,ST,,,,
17378,"Kiranpani To Sawantwadi Via Khari",Kiranpani,Sawantwadi,KHARI,MO,8614,"Nhaveli School",15.2,,,किरणपाणी,सावंतवाडी,28.4,07:45,08:45,ST,,,,
17378,"Kiranpani To Sawantwadi Via Khari",Kiranpani,Sawantwadi,KHARI,MO,8599,"Nirawade Tiles Factory",18.4,,,किरणपाणी,सावंतवाडी,28.4,07:45,08:45,ST,,,,
17378,"Kiranpani To Sawantwadi Via Khari",Kiranpani,Sawantwadi,KHARI,MO,8609,"Nirawade Bazar",19.2,,,किरणपाणी,सावंतवाडी,28.4,07:45,08:45,ST,,,,
17378,"Kiranpani To Sawantwadi Via Khari",Kiranpani,Sawantwadi,KHARI,MO,8641,"Railway Station",20.3,,,किरणपाणी,सावंतवाडी,28.4,07:45,08:45,ST,,,,
17378,"Kiranpani To Sawantwadi Via Khari",Kiranpani,Sawantwadi,KHARI,MO,8674,"Vengurle Shiroda Titha",21.4,,,किरणपाणी,सावंतवाडी,28.4,07:45,08:45,ST,,,,
17378,"Kiranpani To Sawantwadi Via Khari",Kiranpani,Sawantwadi,KHARI,MO,8580,Malgaon,21.8,,,किरणपाणी,सावंतवाडी,28.4,07:45,08:45,ST,,,,
17378,"Kiranpani To Sawantwadi Via Khari",Kiranpani,Sawantwadi,KHARI,MO,8523,"Gulabi Titha",24.4,,,किरणपाणी,सावंतवाडी,28.4,07:45,08:45,ST,,,,
17378,"Kiranpani To Sawantwadi Via Khari",Kiranpani,Sawantwadi,KHARI,MO,8663,Sawantwadi,27.7,,,किरणपाणी,सावंतवाडी,28.4,07:45,08:45,ST,,,,
17590,"Babarwadi To Dodamarg Via Zare Bambar",Babarwadi,Dodamarg,"ZARE BAMBAR",MO,2234,Babarwadi,,,,बाबरवाडी,दोडामार्ग,24,17:40,18:20,ST,,,,
17590,"Babarwadi To Dodamarg Via Zare Bambar",Babarwadi,Dodamarg,"ZARE BAMBAR",MO,2258,"Khalchi Babarwadi",2.7,,,बाबरवाडी,दोडामार्ग,24,17:40,18:20,ST,,,,
17590,"Babarwadi To Dodamarg Via Zare Bambar",Babarwadi,Dodamarg,"ZARE BAMBAR",MO,2332,Tirali,5.5,,,बाबरवाडी,दोडामार्ग,24,17:40,18:20,ST,,,,
17590,"Babarwadi To Dodamarg Via Zare Bambar",Babarwadi,Dodamarg,"ZARE BAMBAR",MO,2283,"Londhewadi Mecanic Colony",7.8,,,बाबरवाडी,दोडामार्ग,24,17:40,18:20,ST,,,,
17590,"Babarwadi To Dodamarg Via Zare Bambar",Babarwadi,Dodamarg,"ZARE BAMBAR",MO,2274,"Konal Katta",8.2,,,बाबरवाडी,दोडामार्ग,24,17:40,18:20,ST,,,,
17590,"Babarwadi To Dodamarg Via Zare Bambar",Babarwadi,Dodamarg,"ZARE BAMBAR",MO,2232,Awade,10.5,,,बाबरवाडी,दोडामार्ग,24,17:40,18:20,ST,,,,
17590,"Babarwadi To Dodamarg Via Zare Bambar",Babarwadi,Dodamarg,"ZARE BAMBAR",MO,2239,Bhedshi,11.6,,,बाबरवाडी,दोडामार्ग,24,17:40,18:20,ST,,,,
17590,"Babarwadi To Dodamarg Via Zare Bambar",Babarwadi,Dodamarg,"ZARE BAMBAR",MO,2236,"Bhedshi Nadi",12.6,,,बाबरवाडी,दोडामार्ग,24,17:40,18:20,ST,,,,
17590,"Babarwadi To Dodamarg Via Zare Bambar",Babarwadi,Dodamarg,"ZARE BAMBAR",MO,2344,"Zare Bambar",15.4,,,बाबरवाडी,दोडामार्ग,24,17:40,18:20,ST,,,,
17590,"Babarwadi To Dodamarg Via Zare Bambar",Babarwadi,Dodamarg,"ZARE BAMBAR",MO,2229,Ambeli,18.1,,,बाबरवाडी,दोडामार्ग,24,17:40,18:20,ST,,,,
17590,"Babarwadi To Dodamarg Via Zare Bambar",Babarwadi,Dodamarg,"ZARE BAMBAR",MO,2247,Dodamarg,24,,,बाबरवाडी,दोडामार्ग,24,17:40,18:20,ST,,,,
17595,"Kas Mauli Mandir To Banda","Kas Mauli Mandir",Banda,,MO,8557,"Kas Mauli Mandir",,,,कास,बांदा,12.7,16:40,17:10,NOBL,,,,
17595,"Kas Mauli Mandir To Banda","Kas Mauli Mandir",Banda,,MO,8478,Bhaipwadi,2,,,कास,बांदा,12.7,16:40,17:10,NOBL,,,,
17595,"Kas Mauli Mandir To Banda","Kas Mauli Mandir",Banda,,MO,8563,"Kas Audumbar",3,,,कास,बांदा,12.7,16:40,17:10,NOBL,,,,
17595,"Kas Mauli Mandir To Banda","Kas Mauli Mandir",Banda,,MO,8554,Kalebhatwadi,3.4,,,कास,बांदा,12.7,16:40,17:10,NOBL,,,,
17595,"Kas Mauli Mandir To Banda","Kas Mauli Mandir",Banda,,MO,8656,"Sherla School",6.5,,,कास,बांदा,12.7,16:40,17:10,NOBL,,,,
17595,"Kas Mauli Mandir To Banda","Kas Mauli Mandir",Banda,,MO,8643,"Sherla Shop",8.7,,,कास,बांदा,12.7,16:40,17:10,NOBL,,,,
17595,"Kas Mauli Mandir To Banda","Kas Mauli Mandir",Banda,,MO,8542,"Khamdev Naka",10,,,कास,बांदा,12.7,16:40,17:10,NOBL,,,,
17595,"Kas Mauli Mandir To Banda","Kas Mauli Mandir",Banda,,MO,8486,Banda,12.7,,,कास,बांदा,12.7,16:40,17:10,NOBL,,,,
59623,"Belgaum To Sawantwadi Via Dodamarg",Belgaum,Sawantwadi,Dodamarg,MO,73513,Hindalga,14,,,बेळगांव,सावंतवाडी,127.5,12:30,17:00,NOBL,,,,
59623,"Belgaum To Sawantwadi Via Dodamarg",Belgaum,Sawantwadi,Dodamarg,MO,73192,"Bachi Krt Border",19,,,बेळगांव,सावंतवाडी,127.5,12:30,17:00,NOBL,,,,
59623,"Belgaum To Sawantwadi Via Dodamarg",Belgaum,Sawantwadi,Dodamarg,MO,23154,Bachi,19.5,,,बेळगांव,सावंतवाडी,127.5,12:30,17:00,NOBL,,,,
59623,"Belgaum To Sawantwadi Via Dodamarg",Belgaum,Sawantwadi,Dodamarg,MO,25678,Shinoli,20,,,बेळगांव,सावंतवाडी,127.5,12:30,17:00,NOBL,,,,
59623,"Belgaum To Sawantwadi Via Dodamarg",Belgaum,Sawantwadi,Dodamarg,MO,24562,Kudremani,21.6,,,बेळगांव,सावंतवाडी,127.5,12:30,17:00,NOBL,,,,
59623,"Belgaum To Sawantwadi Via Dodamarg",Belgaum,Sawantwadi,Dodamarg,MO,25884,Turkewadi,23.1,,,बेळगांव,सावंतवाडी,127.5,12:30,17:00,NOBL,,,,
59623,"Belgaum To Sawantwadi Via Dodamarg",Belgaum,Sawantwadi,Dodamarg,MO,24515,Karve,26.4,,,बेळगांव,सावंतवाडी,127.5,12:30,17:00,NOBL,,,,
59623,"Belgaum To Sawantwadi Via Dodamarg",Belgaum,Sawantwadi,Dodamarg,MO,25133,"Patane Fata",28,,,बेळगांव,सावंतवाडी,127.5,12:30,17:00,NOBL,,,,
59623,"Belgaum To Sawantwadi Via Dodamarg",Belgaum,Sawantwadi,Dodamarg,MO,24057,Jangumhatti,30.3,,,बेळगांव,सावंतवाडी,127.5,12:30,17:00,NOBL,,,,
59623,"Belgaum To Sawantwadi Via Dodamarg",Belgaum,Sawantwadi,Dodamarg,MO,24552,Kitawade,32.5,,,बेळगांव,सावंतवाडी,127.5,12:30,17:00,NOBL,,,,
59623,"Belgaum To Sawantwadi Via Dodamarg",Belgaum,Sawantwadi,Dodamarg,MO,23039,Ambewadi,32.6,,,बेळगांव,सावंतवाडी,127.5,12:30,17:00,NOBL,,,,
59623,"Belgaum To Sawantwadi Via Dodamarg",Belgaum,Sawantwadi,Dodamarg,MO,24487,Karanjgaon,35,,,बेळगांव,सावंतवाडी,127.5,12:30,17:00,NOBL,,,,
59623,"Belgaum To Sawantwadi Via Dodamarg",Belgaum,Sawantwadi,Dodamarg,MO,25278,"Patane Gaon",43,,,बेळगांव,सावंतवाडी,127.5,12:30,17:00,NOBL,,,,
59623,"Belgaum To Sawantwadi Via Dodamarg",Belgaum,Sawantwadi,Dodamarg,MO,24880,Motanwadi,45.8,,,बेळगांव,सावंतवाडी,127.5,12:30,17:00,NOBL,,,,
59623,"Belgaum To Sawantwadi Via Dodamarg",Belgaum,Sawantwadi,Dodamarg,MO,25248,Parle,47.7,,,बेळगांव,सावंतवाडी,127.5,12:30,17:00,NOBL,,,,
59623,"Belgaum To Sawantwadi Via Dodamarg",Belgaum,Sawantwadi,Dodamarg,MO,24346,Kalasgade,49.6,,,बेळगांव,सावंतवाडी,127.5,12:30,17:00,NOBL,,,,
59623,"Belgaum To Sawantwadi Via Dodamarg",Belgaum,Sawantwadi,Dodamarg,MO,25845,"Tillari Nagar",51.3,,,बेळगांव,सावंतवाडी,127.5,12:30,17:00,NOBL,,,,
59623,"Belgaum To Sawantwadi Via Dodamarg",Belgaum,Sawantwadi,Dodamarg,MO,24420,Kodali,54.4,,,बेळगांव,सावंतवाडी,127.5,12:30,17:00,NOBL,,,,
59623,"Belgaum To Sawantwadi Via Dodamarg",Belgaum,Sawantwadi,Dodamarg,MO,2241,"Bijghar Colony",57.5,,,बेळगांव,सावंतवाडी,127.5,12:30,17:00,NOBL,,,,
59623,"Belgaum To Sawantwadi Via Dodamarg",Belgaum,Sawantwadi,Dodamarg,MO,2309,Ranewadi,58,,,बेळगांव,सावंतवाडी,127.5,12:30,17:00,NOBL,,,,
59623,"Belgaum To Sawantwadi Via Dodamarg",Belgaum,Sawantwadi,Dodamarg,MO,2259,"Kharade Bridge",63.7,,,बेळगांव,सावंतवाडी,127.5,12:30,17:00,NOBL,,,,
59623,"Belgaum To Sawantwadi Via Dodamarg",Belgaum,Sawantwadi,Dodamarg,MO,2296,Mulas,67.3,,,बेळगांव,सावंतवाडी,127.5,12:30,17:00,NOBL,,,,
59623,"Belgaum To Sawantwadi Via Dodamarg",Belgaum,Sawantwadi,Dodamarg,MO,2311,Sonaval,68,,,बेळगांव,सावंतवाडी,127.5,12:30,17:00,NOBL,,,,
59623,"Belgaum To Sawantwadi Via Dodamarg",Belgaum,Sawantwadi,Dodamarg,MO,2284,Medhe,69.2,,,बेळगांव,सावंतवाडी,127.5,12:30,17:00,NOBL,,,,
59623,"Belgaum To Sawantwadi Via Dodamarg",Belgaum,Sawantwadi,Dodamarg,MO,2302,"Palye Titta",69.8,,,बेळगांव,सावंतवाडी,127.5,12:30,17:00,NOBL,,,,
59623,"Belgaum To Sawantwadi Via Dodamarg",Belgaum,Sawantwadi,Dodamarg,MO,2279,"Ker Fata",70,,,बेळगांव,सावंतवाडी,127.5,12:30,17:00,NOBL,,,,
59623,"Belgaum To Sawantwadi Via Dodamarg",Belgaum,Sawantwadi,Dodamarg,MO,2325,"Tilari Pool",70.5,,,बेळगांव,सावंतवाडी,127.5,12:30,17:00,NOBL,,,,
59623,"Belgaum To Sawantwadi Via Dodamarg",Belgaum,Sawantwadi,Dodamarg,MO,2332,Tirali,71.2,,,बेळगांव,सावंतवाडी,127.5,12:30,17:00,NOBL,,,,
59623,"Belgaum To Sawantwadi Via Dodamarg",Belgaum,Sawantwadi,Dodamarg,MO,2329,"Tillari Bank",72,,,बेळगांव,सावंतवाडी,127.5,12:30,17:00,NOBL,,,,
59623,"Belgaum To Sawantwadi Via Dodamarg",Belgaum,Sawantwadi,Dodamarg,MO,2283,"Londhewadi Mecanic Colony",75.3,,,बेळगांव,सावंतवाडी,127.5,12:30,17:00,NOBL,,,,
59623,"Belgaum To Sawantwadi Via Dodamarg",Belgaum,Sawantwadi,Dodamarg,MO,2274,"Konal Katta",75.4,,,बेळगांव,सावंतवाडी,127.5,12:30,17:00,NOBL,,,,
59623,"Belgaum To Sawantwadi Via Dodamarg",Belgaum,Sawantwadi,Dodamarg,MO,2340,Vayangantad,77.6,,,बेळगांव,सावंतवाडी,127.5,12:30,17:00,NOBL,,,,
59623,"Belgaum To Sawantwadi Via Dodamarg",Belgaum,Sawantwadi,Dodamarg,MO,2232,Awade,78.7,,,बेळगांव,सावंतवाडी,127.5,12:30,17:00,NOBL,,,,
59623,"Belgaum To Sawantwadi Via Dodamarg",Belgaum,Sawantwadi,Dodamarg,MO,2239,Bhedshi,80,,,बेळगांव,सावंतवाडी,127.5,12:30,17:00,NOBL,,,,
59623,"Belgaum To Sawantwadi Via Dodamarg",Belgaum,Sawantwadi,Dodamarg,MO,2318,"Sateli Bhedashi",80.3,,,बेळगांव,सावंतवाडी,127.5,12:30,17:00,NOBL,,,,
59623,"Belgaum To Sawantwadi Via Dodamarg",Belgaum,Sawantwadi,Dodamarg,MO,2236,"Bhedshi Nadi",80.5,,,बेळगांव,सावंतवाडी,127.5,12:30,17:00,NOBL,,,,
59623,"Belgaum To Sawantwadi Via Dodamarg",Belgaum,Sawantwadi,Dodamarg,MO,2335,"Usap Titta",80.55,,,बेळगांव,सावंतवाडी,127.5,12:30,17:00,NOBL,,,,
59623,"Belgaum To Sawantwadi Via Dodamarg",Belgaum,Sawantwadi,Dodamarg,MO,2338,Vimantal,81,,,बेळगांव,सावंतवाडी,127.5,12:30,17:00,NOBL,,,,
59623,"Belgaum To Sawantwadi Via Dodamarg",Belgaum,Sawantwadi,Dodamarg,MO,2231,"Ainode Punarvasan",82,,,बेळगांव,सावंतवाडी,127.5,12:30,17:00,NOBL,,,,
59623,"Belgaum To Sawantwadi Via Dodamarg",Belgaum,Sawantwadi,Dodamarg,MO,2344,"Zare Bambar",82.4,,,बेळगांव,सावंतवाडी,127.5,12:30,17:00,NOBL,,,,
59623,"Belgaum To Sawantwadi Via Dodamarg",Belgaum,Sawantwadi,Dodamarg,MO,2304,"Pal Punarvasan",83.5,,,बेळगांव,सावंतवाडी,127.5,12:30,17:00,NOBL,,,,
59623,"Belgaum To Sawantwadi Via Dodamarg",Belgaum,Sawantwadi,Dodamarg,MO,2229,Ambeli,85.2,,,बेळगांव,सावंतवाडी,127.5,12:30,17:00,NOBL,,,,
59623,"Belgaum To Sawantwadi Via Dodamarg",Belgaum,Sawantwadi,Dodamarg,MO,2247,Dodamarg,87.9,,,बेळगांव,सावंतवाडी,127.5,12:30,17:00,NOBL,,,,
59623,"Belgaum To Sawantwadi Via Dodamarg",Belgaum,Sawantwadi,Dodamarg,MO,2290,Maneri,90.6,,,बेळगांव,सावंतवाडी,127.5,12:30,17:00,NOBL,,,,
59623,"Belgaum To Sawantwadi Via Dodamarg",Belgaum,Sawantwadi,Dodamarg,MO,2288,"Maneri Fata",91.6,,,बेळगांव,सावंतवाडी,127.5,12:30,17:00,NOBL,,,,
59623,"Belgaum To Sawantwadi Via Dodamarg",Belgaum,Sawantwadi,Dodamarg,MO,2255,Hedus,94.3,,,बेळगांव,सावंतवाडी,127.5,12:30,17:00,NOBL,,,,
59623,"Belgaum To Sawantwadi Via Dodamarg",Belgaum,Sawantwadi,Dodamarg,MO,2316,Sasoli,96,,,बेळगांव,सावंतवाडी,127.5,12:30,17:00,NOBL,,,,
59623,"Belgaum To Sawantwadi Via Dodamarg",Belgaum,Sawantwadi,Dodamarg,MO,2269,"Kalane Sada",97.9,,,बेळगांव,सावंतवाडी,127.5,12:30,17:00,NOBL,,,,
59623,"Belgaum To Sawantwadi Via Dodamarg",Belgaum,Sawantwadi,Dodamarg,MO,2268,"Kalne High School",100.5,,,बेळगांव,सावंतवाडी,127.5,12:30,17:00,NOBL,,,,
59623,"Belgaum To Sawantwadi Via Dodamarg",Belgaum,Sawantwadi,Dodamarg,MO,2363,Kalane,101.5,,,बेळगांव,सावंतवाडी,127.5,12:30,17:00,NOBL,,,,
59623,"Belgaum To Sawantwadi Via Dodamarg",Belgaum,Sawantwadi,Dodamarg,MO,2366,Kosumbwadi,102.4,,,बेळगांव,सावंतवाडी,127.5,12:30,17:00,NOBL,,,,
59623,"Belgaum To Sawantwadi Via Dodamarg",Belgaum,Sawantwadi,Dodamarg,MO,8467,"Adali Mauli Mandir",106.6,,,बेळगांव,सावंतवाडी,127.5,12:30,17:00,NOBL,,,,
59623,"Belgaum To Sawantwadi Via Dodamarg",Belgaum,Sawantwadi,Dodamarg,MO,8588,Morgaon,108.3,,,बेळगांव,सावंतवाडी,127.5,12:30,17:00,NOBL,,,,
59623,"Belgaum To Sawantwadi Via Dodamarg",Belgaum,Sawantwadi,Dodamarg,MO,8558,"Kumbral Fata",109.5,,,बेळगांव,सावंतवाडी,127.5,12:30,17:00,NOBL,,,,
59623,"Belgaum To Sawantwadi Via Dodamarg",Belgaum,Sawantwadi,Dodamarg,MO,8502,"Degve High School",110,,,बेळगांव,सावंतवाडी,127.5,12:30,17:00,NOBL,,,,
59623,"Belgaum To Sawantwadi Via Dodamarg",Belgaum,Sawantwadi,Dodamarg,MO,8503,Degve,110.9,,,बेळगांव,सावंतवाडी,127.5,12:30,17:00,NOBL,,,,
59623,"Belgaum To Sawantwadi Via Dodamarg",Belgaum,Sawantwadi,Dodamarg,MO,8619,Panval,112.5,,,बेळगांव,सावंतवाडी,127.5,12:30,17:00,NOBL,,,,
59623,"Belgaum To Sawantwadi Via Dodamarg",Belgaum,Sawantwadi,Dodamarg,MO,8486,Banda,114.9,,,बेळगांव,सावंतवाडी,127.5,12:30,17:00,NOBL,,,,
59623,"Belgaum To Sawantwadi Via Dodamarg",Belgaum,Sawantwadi,Dodamarg,MO,8560,Kondwada,118.9,,,बेळगांव,सावंतवाडी,127.5,12:30,17:00,NOBL,,,,
59623,"Belgaum To Sawantwadi Via Dodamarg",Belgaum,Sawantwadi,Dodamarg,MO,8499,"Doba Shel",121,,,बेळगांव,सावंतवाडी,127.5,12:30,17:00,NOBL,,,,
59623,"Belgaum To Sawantwadi Via Dodamarg",Belgaum,Sawantwadi,Dodamarg,MO,8658,"Sat Jambhali",122.3,,,बेळगांव,सावंतवाडी,127.5,12:30,17:00,NOBL,,,,
59623,"Belgaum To Sawantwadi Via Dodamarg",Belgaum,Sawantwadi,Dodamarg,MO,8578,"Majgaon Nala",124.3,,,बेळगांव,सावंतवाडी,127.5,12:30,17:00,NOBL,,,,
59623,"Belgaum To Sawantwadi Via Dodamarg",Belgaum,Sawantwadi,Dodamarg,MO,73214,Belgaum,126,,,बेळगांव,सावंतवाडी,127.5,12:30,17:00,NOBL,,,,
59623,"Belgaum To Sawantwadi Via Dodamarg",Belgaum,Sawantwadi,Dodamarg,MO,8529,Garad,126,,,बेळगांव,सावंतवाडी,127.5,12:30,17:00,NOBL,,,,
59623,"Belgaum To Sawantwadi Via Dodamarg",Belgaum,Sawantwadi,Dodamarg,MO,8663,Sawantwadi,127.5,,,बेळगांव,सावंतवाडी,127.5,12:30,17:00,NOBL,,,,
60308,"Malgaon To Sawantwadi",Malgaon,Sawantwadi,,MO,8580,Malgaon,,,,,सावंतवाडी,6.3,07:25,07:40,ST,,,,
60308,"Malgaon To Sawantwadi",Malgaon,Sawantwadi,,MO,8523,"Gulabi Titha",3,,,,सावंतवाडी,6.3,07:25,07:40,ST,,,,
60308,"Malgaon To Sawantwadi",Malgaon,Sawantwadi,,MO,8663,Sawantwadi,6.3,,,,सावंतवाडी,6.3,07:25,07:40,ST,,,,
62556,"Konshi To Banda Via Kuderanwadi",Konshi,Banda,KUDERANWADI,MO,8559,Konshi,,,,कोनशी,बांदा,14.5,16:40,17:15,ST,,,,
62556,"Konshi To Banda Via Kuderanwadi",Konshi,Banda,KUDERANWADI,MO,8497,Dhangarwadi,1.2,,,कोनशी,बांदा,14.5,16:40,17:15,ST,,,,
62556,"Konshi To Banda Via Kuderanwadi",Konshi,Banda,KUDERANWADI,MO,8680,"Wetal Mandir",2,,,कोनशी,बांदा,14.5,16:40,17:15,ST,,,,
62556,"Konshi To Banda Via Kuderanwadi",Konshi,Banda,KUDERANWADI,MO,8477,"Bhalawal Shop",4,,,कोनशी,बांदा,14.5,16:40,17:15,ST,,,,
62556,"Konshi To Banda Via Kuderanwadi",Konshi,Banda,KUDERANWADI,MO,8673,"Vilavade Wad",7,,,कोनशी,बांदा,14.5,16:40,17:15,ST,,,,
62556,"Konshi To Banda Via Kuderanwadi",Konshi,Banda,KUDERANWADI,MO,6481,Jambhalikade,12,,,कोनशी,बांदा,14.5,16:40,17:15,ST,,,,
62556,"Konshi To Banda Via Kuderanwadi",Konshi,Banda,KUDERANWADI,MO,8616,"Otavane Titha",13,,,कोनशी,बांदा,14.5,16:40,17:15,ST,,,,
62556,"Konshi To Banda Via Kuderanwadi",Konshi,Banda,KUDERANWADI,MO,8543,Kuderanwadi,15,,,कोनशी,बांदा,14.5,16:40,17:15,ST,,,,
62556,"Konshi To Banda Via Kuderanwadi",Konshi,Banda,KUDERANWADI,MO,8486,Banda,18,,,कोनशी,बांदा,14.5,16:40,17:15,ST,,,,
64747,"Banda To Dabhil Via Kuderanwadi",Banda,Dabhil,KUDERANWADI,MO,8486,Banda,,,,बांदा,"सरमळे दाभिळ",14.1,09:10,09:40,OBL,,,,
64747,"Banda To Dabhil Via Kuderanwadi",Banda,Dabhil,KUDERANWADI,MO,8543,Kuderanwadi,5,,,बांदा,"सरमळे दाभिळ",14.1,09:10,09:40,OBL,,,,
64747,"Banda To Dabhil Via Kuderanwadi",Banda,Dabhil,KUDERANWADI,MO,6481,Jambhalikade,7,,,बांदा,"सरमळे दाभिळ",14.1,09:10,09:40,OBL,,,,
64747,"Banda To Dabhil Via Kuderanwadi",Banda,Dabhil,KUDERANWADI,MO,8673,"Vilavade Wad",8,,,बांदा,"सरमळे दाभिळ",14.1,09:10,09:40,OBL,,,,
64747,"Banda To Dabhil Via Kuderanwadi",Banda,Dabhil,KUDERANWADI,MO,8616,"Otavane Titha",8.2,,,बांदा,"सरमळे दाभिळ",14.1,09:10,09:40,OBL,,,,
64747,"Banda To Dabhil Via Kuderanwadi",Banda,Dabhil,KUDERANWADI,MO,8649,"Sarmale Danoli Titha",9,,,बांदा,"सरमळे दाभिळ",14.1,09:10,09:40,OBL,,,,
64747,"Banda To Dabhil Via Kuderanwadi",Banda,Dabhil,KUDERANWADI,MO,8655,Sarmale,10,,,बांदा,"सरमळे दाभिळ",14.1,09:10,09:40,OBL,,,,
64747,"Banda To Dabhil Via Kuderanwadi",Banda,Dabhil,KUDERANWADI,MO,8608,Nangartas,12,,,बांदा,"सरमळे दाभिळ",14.1,09:10,09:40,OBL,,,,
64747,"Banda To Dabhil Via Kuderanwadi",Banda,Dabhil,KUDERANWADI,MO,8615,"Newali Mandir",15,,,बांदा,"सरमळे दाभिळ",14.1,09:10,09:40,OBL,,,,
64747,"Banda To Dabhil Via Kuderanwadi",Banda,Dabhil,KUDERANWADI,MO,8498,Dabhil,21,,,बांदा,"सरमळे दाभिळ",14.1,09:10,09:40,OBL,,,,
102577,"Sawantwadi To Asaniye Mauli Mandir Via Tamboli Chafa",Sawantwadi,"Asaniye Mauli Mandir","TAMBOLI CHAFA",MO,8663,Sawantwadi,,,,सावंतवाडी,असनिये,30.4,12:15,13:15,ST,,,,
102577,"Sawantwadi To Asaniye Mauli Mandir Via Tamboli Chafa",Sawantwadi,"Asaniye Mauli Mandir","TAMBOLI CHAFA",MO,8578,"Majgaon Nala",3.2,,,सावंतवाडी,असनिये,30.4,12:15,13:15,ST,,,,
102577,"Sawantwadi To Asaniye Mauli Mandir Via Tamboli Chafa",Sawantwadi,"Asaniye Mauli Mandir","TAMBOLI CHAFA",MO,8499,"Doba Shel",7.5,,,सावंतवाडी,असनिये,30.4,12:15,13:15,ST,,,,
102577,"Sawantwadi To Asaniye Mauli Mandir Via Tamboli Chafa",Sawantwadi,"Asaniye Mauli Mandir","TAMBOLI CHAFA",MO,8560,Kondwada,8.6,,,सावंतवाडी,असनिये,30.4,12:15,13:15,ST,,,,
102577,"Sawantwadi To Asaniye Mauli Mandir Via Tamboli Chafa",Sawantwadi,"Asaniye Mauli Mandir","TAMBOLI CHAFA",MO,89315,"Exicise Check Post",9,,,सावंतवाडी,असनिये,30.4,12:15,13:15,ST,,,,
102577,"Sawantwadi To Asaniye Mauli Mandir Via Tamboli Chafa",Sawantwadi,"Asaniye Mauli Mandir","TAMBOLI CHAFA",MO,8486,Banda,13.2,,,सावंतवाडी,असनिये,30.4,12:15,13:15,ST,,,,
102577,"Sawantwadi To Asaniye Mauli Mandir Via Tamboli Chafa",Sawantwadi,"Asaniye Mauli Mandir","TAMBOLI CHAFA",MO,8672,"Vafoli Sosc",15,,,सावंतवाडी,असनिये,30.4,12:15,13:15,ST,,,,
102577,"Sawantwadi To Asaniye Mauli Mandir Via Tamboli Chafa",Sawantwadi,"Asaniye Mauli Mandir","TAMBOLI CHAFA",MO,8673,"Vilavade Wad",19.2,,,सावंतवाडी,असनिये,30.4,12:15,13:15,ST,,,,
102577,"Sawantwadi To Asaniye Mauli Mandir Via Tamboli Chafa",Sawantwadi,"Asaniye Mauli Mandir","TAMBOLI CHAFA",MO,8477,"Bhalawal Shop",22.2,,,सावंतवाडी,असनिये,30.4,12:15,13:15,ST,,,,
102577,"Sawantwadi To Asaniye Mauli Mandir Via Tamboli Chafa",Sawantwadi,"Asaniye Mauli Mandir","TAMBOLI CHAFA",MO,8668,"Tamboli Chafa",25.3,,,सावंतवाडी,असनिये,30.4,12:15,13:15,ST,,,,
102577,"Sawantwadi To Asaniye Mauli Mandir Via Tamboli Chafa",Sawantwadi,"Asaniye Mauli Mandir","TAMBOLI CHAFA",MO,8683,"Zolambe Fata",29.2,,,सावंतवाडी,असनिये,30.4,12:15,13:15,ST,,,,
102577,"Sawantwadi To Asaniye Mauli Mandir Via Tamboli Chafa",Sawantwadi,"Asaniye Mauli Mandir","TAMBOLI CHAFA",MO,8476,"Asaniye Mauli Mandir",31.4,,,सावंतवाडी,असनिये,30.4,12:15,13:15,ST,,,,
104886,"Banda To Marathe House Via Bhikekonal",Banda,"Marathe House",BHIKEKONAL,MO,8486,Banda,,,,बांदा,कोलझर,22.2,08:20,09:10,ST,,,CHANGE,
104886,"Banda To Marathe House Via Bhikekonal",Banda,"Marathe House",BHIKEKONAL,MO,8619,Panval,3,,,बांदा,कोलझर,22.2,08:20,09:10,ST,,,CHANGE,
104886,"Banda To Marathe House Via Bhikekonal",Banda,"Marathe House",BHIKEKONAL,MO,8558,"Kumbral Fata",6,,,बांदा,कोलझर,22.2,08:20,09:10,ST,,,CHANGE,
104886,"Banda To Marathe House Via Bhikekonal",Banda,"Marathe House",BHIKEKONAL,MO,8588,Morgaon,7,,,बांदा,कोलझर,22.2,08:20,09:10,ST,,,CHANGE,
104886,"Banda To Marathe House Via Bhikekonal",Banda,"Marathe House",BHIKEKONAL,MO,8467,"Adali Mauli Mandir",9,,,बांदा,कोलझर,22.2,08:20,09:10,ST,,,CHANGE,
104886,"Banda To Marathe House Via Bhikekonal",Banda,"Marathe House",BHIKEKONAL,MO,2363,Kalane,12,,,बांदा,कोलझर,22.2,08:20,09:10,ST,,,CHANGE,
104886,"Banda To Marathe House Via Bhikekonal",Banda,"Marathe House",BHIKEKONAL,MO,2359,Dewoolwadi,15,,,बांदा,कोलझर,22.2,08:20,09:10,ST,,,CHANGE,
104886,"Banda To Marathe House Via Bhikekonal",Banda,"Marathe House",BHIKEKONAL,MO,8480,Bhikekonal,17.5,,,बांदा,कोलझर,22.2,08:20,09:10,ST,,,CHANGE,
104886,"Banda To Marathe House Via Bhikekonal",Banda,"Marathe House",BHIKEKONAL,MO,2272,Kumbral,21,,,बांदा,कोलझर,22.2,08:20,09:10,ST,,,CHANGE,
104886,"Banda To Marathe House Via Bhikekonal",Banda,"Marathe House",BHIKEKONAL,MO,2314,"Shirval School",23,,,बांदा,कोलझर,22.2,08:20,09:10,ST,,,CHANGE,
104886,"Banda To Marathe House Via Bhikekonal",Banda,"Marathe House",BHIKEKONAL,MO,2345,"Kolzar Mungi Dukan",24.6,,,बांदा,कोलझर,22.2,08:20,09:10,ST,,,CHANGE,
104886,"Banda To Marathe House Via Bhikekonal",Banda,"Marathe House",BHIKEKONAL,MO,2349,"Marathe House",27,,,बांदा,कोलझर,22.2,08:20,09:10,ST,,,CHANGE,
118485,"Sawantwadi To Nidali Via Dodamarg",Sawantwadi,Nidali,Dodamarg,MO,8663,Sawantwadi,,,,सावंतवाडी,"केर निडली",62.5,16:00,18:30,ST,,,,
118485,"Sawantwadi To Nidali Via Dodamarg",Sawantwadi,Nidali,Dodamarg,MO,8578,"Majgaon Nala",2.7,,,सावंतवाडी,"केर निडली",62.5,16:00,18:30,ST,,,,
118485,"Sawantwadi To Nidali Via Dodamarg",Sawantwadi,Nidali,Dodamarg,MO,8499,"Doba Shel",5.7,,,सावंतवाडी,"केर निडली",62.5,16:00,18:30,ST,,,,
118485,"Sawantwadi To Nidali Via Dodamarg",Sawantwadi,Nidali,Dodamarg,MO,8560,Kondwada,7.7,,,सावंतवाडी,"केर निडली",62.5,16:00,18:30,ST,,,,
118485,"Sawantwadi To Nidali Via Dodamarg",Sawantwadi,Nidali,Dodamarg,MO,89315,"Exicise Check Post",9,,,सावंतवाडी,"केर निडली",62.5,16:00,18:30,ST,,,,
118485,"Sawantwadi To Nidali Via Dodamarg",Sawantwadi,Nidali,Dodamarg,MO,8486,Banda,11.7,,,सावंतवाडी,"केर निडली",62.5,16:00,18:30,ST,,,,
118485,"Sawantwadi To Nidali Via Dodamarg",Sawantwadi,Nidali,Dodamarg,MO,8619,Panval,14.7,,,सावंतवाडी,"केर निडली",62.5,16:00,18:30,ST,,,,
118485,"Sawantwadi To Nidali Via Dodamarg",Sawantwadi,Nidali,Dodamarg,MO,8503,Degve,15.7,,,सावंतवाडी,"केर निडली",62.5,16:00,18:30,ST,,,,
118485,"Sawantwadi To Nidali Via Dodamarg",Sawantwadi,Nidali,Dodamarg,MO,8558,"Kumbral Fata",17.7,,,सावंतवाडी,"केर निडली",62.5,16:00,18:30,ST,,,,
118485,"Sawantwadi To Nidali Via Dodamarg",Sawantwadi,Nidali,Dodamarg,MO,8588,Morgaon,18.7,,,सावंतवाडी,"केर निडली",62.5,16:00,18:30,ST,,,,
118485,"Sawantwadi To Nidali Via Dodamarg",Sawantwadi,Nidali,Dodamarg,MO,8467,"Adali Mauli Mandir",19.7,,,सावंतवाडी,"केर निडली",62.5,16:00,18:30,ST,,,,
118485,"Sawantwadi To Nidali Via Dodamarg",Sawantwadi,Nidali,Dodamarg,MO,2366,Kosumbwadi,20.7,,,सावंतवाडी,"केर निडली",62.5,16:00,18:30,ST,,,,
118485,"Sawantwadi To Nidali Via Dodamarg",Sawantwadi,Nidali,Dodamarg,MO,2363,Kalane,21,,,सावंतवाडी,"केर निडली",62.5,16:00,18:30,ST,,,,
118485,"Sawantwadi To Nidali Via Dodamarg",Sawantwadi,Nidali,Dodamarg,MO,2268,"Kalne High School",21.7,,,सावंतवाडी,"केर निडली",62.5,16:00,18:30,ST,,,,
118485,"Sawantwadi To Nidali Via Dodamarg",Sawantwadi,Nidali,Dodamarg,MO,2269,"Kalane Sada",22.7,,,सावंतवाडी,"केर निडली",62.5,16:00,18:30,ST,,,,
118485,"Sawantwadi To Nidali Via Dodamarg",Sawantwadi,Nidali,Dodamarg,MO,2316,Sasoli,23.7,,,सावंतवाडी,"केर निडली",62.5,16:00,18:30,ST,,,,
118485,"Sawantwadi To Nidali Via Dodamarg",Sawantwadi,Nidali,Dodamarg,MO,2315,"Sasoli Bharpal Titha",24.7,,,सावंतवाडी,"केर निडली",62.5,16:00,18:30,ST,,,,
118485,"Sawantwadi To Nidali Via Dodamarg",Sawantwadi,Nidali,Dodamarg,MO,2255,Hedus,25.7,,,सावंतवाडी,"केर निडली",62.5,16:00,18:30,ST,,,,
118485,"Sawantwadi To Nidali Via Dodamarg",Sawantwadi,Nidali,Dodamarg,MO,2290,Maneri,26.7,,,सावंतवाडी,"केर निडली",62.5,16:00,18:30,ST,,,,
118485,"Sawantwadi To Nidali Via Dodamarg",Sawantwadi,Nidali,Dodamarg,MO,2247,Dodamarg,29.7,,,सावंतवाडी,"केर निडली",62.5,16:00,18:30,ST,,,,
118485,"Sawantwadi To Nidali Via Dodamarg",Sawantwadi,Nidali,Dodamarg,MO,2229,Ambeli,32.7,,,सावंतवाडी,"केर निडली",62.5,16:00,18:30,ST,,,,
118485,"Sawantwadi To Nidali Via Dodamarg",Sawantwadi,Nidali,Dodamarg,MO,2344,"Zare Bambar",35.7,,,सावंतवाडी,"केर निडली",62.5,16:00,18:30,ST,,,,
118485,"Sawantwadi To Nidali Via Dodamarg",Sawantwadi,Nidali,Dodamarg,MO,2236,"Bhedshi Nadi",38.7,,,सावंतवाडी,"केर निडली",62.5,16:00,18:30,ST,,,,
118485,"Sawantwadi To Nidali Via Dodamarg",Sawantwadi,Nidali,Dodamarg,MO,2318,"Sateli Bhedashi",39.7,,,सावंतवाडी,"केर निडली",62.5,16:00,18:30,ST,,,,
118485,"Sawantwadi To Nidali Via Dodamarg",Sawantwadi,Nidali,Dodamarg,MO,2232,Awade,41.7,,,सावंतवाडी,"केर निडली",62.5,16:00,18:30,ST,,,,
118485,"Sawantwadi To Nidali Via Dodamarg",Sawantwadi,Nidali,Dodamarg,MO,2340,Vayangantad,42.7,,,सावंतवाडी,"केर निडली",62.5,16:00,18:30,ST,,,,
118485,"Sawantwadi To Nidali Via Dodamarg",Sawantwadi,Nidali,Dodamarg,MO,2274,"Konal Katta",43.7,,,सावंतवाडी,"केर निडली",62.5,16:00,18:30,ST,,,,
118485,"Sawantwadi To Nidali Via Dodamarg",Sawantwadi,Nidali,Dodamarg,MO,2283,"Londhewadi Mecanic Colony",44.7,,,सावंतवाडी,"केर निडली",62.5,16:00,18:30,ST,,,,
118485,"Sawantwadi To Nidali Via Dodamarg",Sawantwadi,Nidali,Dodamarg,MO,2332,Tirali,47.7,,,सावंतवाडी,"केर निडली",62.5,16:00,18:30,ST,,,,
118485,"Sawantwadi To Nidali Via Dodamarg",Sawantwadi,Nidali,Dodamarg,MO,2252,Ghotagewadi,50.7,,,सावंतवाडी,"केर निडली",62.5,16:00,18:30,ST,,,,
118485,"Sawantwadi To Nidali Via Dodamarg",Sawantwadi,Nidali,Dodamarg,MO,2244,Dhangarwadi,50.9,,,सावंतवाडी,"केर निडली",62.5,16:00,18:30,ST,,,,
118485,"Sawantwadi To Nidali Via Dodamarg",Sawantwadi,Nidali,Dodamarg,MO,2291,"Morle Bag",51.7,,,सावंतवाडी,"केर निडली",62.5,16:00,18:30,ST,,,,
118485,"Sawantwadi To Nidali Via Dodamarg",Sawantwadi,Nidali,Dodamarg,MO,2292,"Morle Gaon",53.7,,,सावंतवाडी,"केर निडली",62.5,16:00,18:30,ST,,,,
118485,"Sawantwadi To Nidali Via Dodamarg",Sawantwadi,Nidali,Dodamarg,MO,2278,Ker,56.7,,,सावंतवाडी,"केर निडली",62.5,16:00,18:30,ST,,,,
118485,"Sawantwadi To Nidali Via Dodamarg",Sawantwadi,Nidali,Dodamarg,MO,2297,Nidali,65.7,,,सावंतवाडी,"केर निडली",62.5,16:00,18:30,ST,,,,
10662,"Banda To Gharpi",Banda,Gharpi,,MO,8486,Banda,,,,बांदा,घारपी,24.3,08:40,10:00,ST,,,,
10662,"Banda To Gharpi",Banda,Gharpi,,MO,8672,"Vafoli Sosc",2.3,,,बांदा,घारपी,24.3,08:40,10:00,ST,,,,
10662,"Banda To Gharpi",Banda,Gharpi,,MO,6481,Jambhalikade,4,,,बांदा,घारपी,24.3,08:40,10:00,ST,,,,
10662,"Banda To Gharpi",Banda,Gharpi,,MO,8673,"Vilavade Wad",5.5,,,बांदा,घारपी,24.3,08:40,10:00,ST,,,,
10662,"Banda To Gharpi",Banda,Gharpi,,MO,8616,"Otavane Titha",6.8,,,बांदा,घारपी,24.3,08:40,10:00,ST,,,,
10662,"Banda To Gharpi",Banda,Gharpi,,MO,8477,"Bhalawal Shop",8.5,,,बांदा,घारपी,24.3,08:40,10:00,ST,,,,
10662,"Banda To Gharpi",Banda,Gharpi,,MO,8668,"Tamboli Chafa",12.6,,,बांदा,घारपी,24.3,08:40,10:00,ST,,,,
10662,"Banda To Gharpi",Banda,Gharpi,,MO,8683,"Zolambe Fata",15.2,,,बांदा,घारपी,24.3,08:40,10:00,ST,,,,
10662,"Banda To Gharpi",Banda,Gharpi,,MO,8476,"Asaniye Mauli Mandir",16.8,,,बांदा,घारपी,24.3,08:40,10:00,ST,,,,
10662,"Banda To Gharpi",Banda,Gharpi,,MO,8561,Kanewadi,20.3,,,बांदा,घारपी,24.3,08:40,10:00,ST,,,,
10662,"Banda To Gharpi",Banda,Gharpi,,MO,8520,Gharpi,24.3,,,बांदा,घारपी,24.3,08:40,10:00,ST,,,,
10664,"Banda To Kolambwadi",Banda,Kolambwadi,,MO,8486,Banda,,,,बांदा,कोळमवाडी,18.8,08:10,08:50,OBL,,,,
10664,"Banda To Kolambwadi",Banda,Kolambwadi,,MO,8619,Panval,2.4,,,बांदा,कोळमवाडी,18.8,08:10,08:50,OBL,,,,
10664,"Banda To Kolambwadi",Banda,Kolambwadi,,MO,8502,"Degve High School",5,,,बांदा,कोळमवाडी,18.8,08:10,08:50,OBL,,,,
10664,"Banda To Kolambwadi",Banda,Kolambwadi,,MO,8558,"Kumbral Fata",5.4,,,बांदा,कोळमवाडी,18.8,08:10,08:50,OBL,,,,
10664,"Banda To Kolambwadi",Banda,Kolambwadi,,MO,8588,Morgaon,7,,,बांदा,कोळमवाडी,18.8,08:10,08:50,OBL,,,,
10664,"Banda To Kolambwadi",Banda,Kolambwadi,,MO,8467,"Adali Mauli Mandir",8.3,,,बांदा,कोळमवाडी,18.8,08:10,08:50,OBL,,,,
10664,"Banda To Kolambwadi",Banda,Kolambwadi,,MO,2366,Kosumbwadi,10.5,,,बांदा,कोळमवाडी,18.8,08:10,08:50,OBL,,,,
10664,"Banda To Kolambwadi",Banda,Kolambwadi,,MO,2363,Kalane,12.5,,,बांदा,कोळमवाडी,18.8,08:10,08:50,OBL,,,,
10664,"Banda To Kolambwadi",Banda,Kolambwadi,,MO,1855,"Mail Dagad",15,,,बांदा,कोळमवाडी,18.8,08:10,08:50,OBL,,,,
10664,"Banda To Kolambwadi",Banda,Kolambwadi,,MO,2354,Ugade,16.5,,,बांदा,कोळमवाडी,18.8,08:10,08:50,OBL,,,,
10664,"Banda To Kolambwadi",Banda,Kolambwadi,,MO,2364,Kolambwadi,18.8,,,बांदा,कोळमवाडी,18.8,08:10,08:50,OBL,,,,
10783,"Dodamarg To Babarwadi",Dodamarg,Babarwadi,,MO,2247,Dodamarg,,,,दोडामार्ग,बाबरवाडी,27,16:30,17:30,ST,,,,
10783,"Dodamarg To Babarwadi",Dodamarg,Babarwadi,,MO,2229,Ambeli,2.7,,,दोडामार्ग,बाबरवाडी,27,16:30,17:30,ST,,,,
10783,"Dodamarg To Babarwadi",Dodamarg,Babarwadi,,MO,2304,"Pal Punarvasan",4.8,,,दोडामार्ग,बाबरवाडी,27,16:30,17:30,ST,,,,
10783,"Dodamarg To Babarwadi",Dodamarg,Babarwadi,,MO,2344,"Zare Bambar",5.4,,,दोडामार्ग,बाबरवाडी,27,16:30,17:30,ST,,,,
10783,"Dodamarg To Babarwadi",Dodamarg,Babarwadi,,MO,2231,"Ainode Punarvasan",5.7,,,दोडामार्ग,बाबरवाडी,27,16:30,17:30,ST,,,,
10783,"Dodamarg To Babarwadi",Dodamarg,Babarwadi,,MO,2335,"Usap Titta",7.7,,,दोडामार्ग,बाबरवाडी,27,16:30,17:30,ST,,,,
10783,"Dodamarg To Babarwadi",Dodamarg,Babarwadi,,MO,2236,"Bhedshi Nadi",8.2,,,दोडामार्ग,बाबरवाडी,27,16:30,17:30,ST,,,,
10783,"Dodamarg To Babarwadi",Dodamarg,Babarwadi,,MO,2318,"Sateli Bhedashi",9.2,,,दोडामार्ग,बाबरवाडी,27,16:30,17:30,ST,,,,
10783,"Dodamarg To Babarwadi",Dodamarg,Babarwadi,,MO,2232,Awade,10.3,,,दोडामार्ग,बाबरवाडी,27,16:30,17:30,ST,,,,
10783,"Dodamarg To Babarwadi",Dodamarg,Babarwadi,,MO,2340,Vayangantad,11.9,,,दोडामार्ग,बाबरवाडी,27,16:30,17:30,ST,,,,
10783,"Dodamarg To Babarwadi",Dodamarg,Babarwadi,,MO,2274,"Konal Katta",12.6,,,दोडामार्ग,बाबरवाडी,27,16:30,17:30,ST,,,,
10783,"Dodamarg To Babarwadi",Dodamarg,Babarwadi,,MO,2283,"Londhewadi Mecanic Colony",13,,,दोडामार्ग,बाबरवाडी,27,16:30,17:30,ST,,,,
10783,"Dodamarg To Babarwadi",Dodamarg,Babarwadi,,MO,2275,Konal,13.5,,,दोडामार्ग,बाबरवाडी,27,16:30,17:30,ST,,,,
10783,"Dodamarg To Babarwadi",Dodamarg,Babarwadi,,MO,2329,"Tillari Bank",14.8,,,दोडामार्ग,बाबरवाडी,27,16:30,17:30,ST,,,,
10783,"Dodamarg To Babarwadi",Dodamarg,Babarwadi,,MO,2332,Tirali,15.3,,,दोडामार्ग,बाबरवाडी,27,16:30,17:30,ST,,,,
10783,"Dodamarg To Babarwadi",Dodamarg,Babarwadi,,MO,2258,"Khalchi Babarwadi",18.1,,,दोडामार्ग,बाबरवाडी,27,16:30,17:30,ST,,,,
10783,"Dodamarg To Babarwadi",Dodamarg,Babarwadi,,MO,2234,Babarwadi,24,,,दोडामार्ग,बाबरवाडी,27,16:30,17:30,ST,,,,
11120,"Sawantwadi To Banda Via Pagawadi",Sawantwadi,Banda,PAGAWADI,MO,8663,Sawantwadi,,,,सावंतवाडी,बांदा,14.6,12:00,12:45,OPN,,,,
11120,"Sawantwadi To Banda Via Pagawadi",Sawantwadi,Banda,PAGAWADI,MO,8578,"Majgaon Nala",3.6,,,सावंतवाडी,बांदा,14.6,12:00,12:45,OPN,,,,
11120,"Sawantwadi To Banda Via Pagawadi",Sawantwadi,Banda,PAGAWADI,MO,8494,"Charatha Soci",5.3,,,सावंतवाडी,बांदा,14.6,12:00,12:45,OPN,,,,
11120,"Sawantwadi To Banda Via Pagawadi",Sawantwadi,Banda,PAGAWADI,MO,8622,Pagawadi,7,,,सावंतवाडी,बांदा,14.6,12:00,12:45,OPN,,,,
11120,"Sawantwadi To Banda Via Pagawadi",Sawantwadi,Banda,PAGAWADI,MO,1855,"Mail Dagad",9,,,सावंतवाडी,बांदा,14.6,12:00,12:45,OPN,,,,
11120,"Sawantwadi To Banda Via Pagawadi",Sawantwadi,Banda,PAGAWADI,MO,8533,"Insuli Mauli Madir",9.8,,,सावंतवाडी,बांदा,14.6,12:00,12:45,OPN,,,,
11120,"Sawantwadi To Banda Via Pagawadi",Sawantwadi,Banda,PAGAWADI,MO,8512,Dhuriwada,11.4,,,सावंतवाडी,बांदा,14.6,12:00,12:45,OPN,,,,
11120,"Sawantwadi To Banda Via Pagawadi",Sawantwadi,Banda,PAGAWADI,MO,8542,"Khamdev Naka",12,,,सावंतवाडी,बांदा,14.6,12:00,12:45,OPN,,,,
11120,"Sawantwadi To Banda Via Pagawadi",Sawantwadi,Banda,PAGAWADI,MO,8486,Banda,14.6,,,सावंतवाडी,बांदा,14.6,12:00,12:45,OPN,,,,
11129,"Sawantwadi To Dodamarg Via Zolambe Tulpulewadi",Sawantwadi,Dodamarg,"ZOLAMBE TULPULEWADI",MO,8663,Sawantwadi,,,,सावंतवाडी,दोडामार्ग,57.9,07:30,09:35,,,,,
11129,"Sawantwadi To Dodamarg Via Zolambe Tulpulewadi",Sawantwadi,Dodamarg,"ZOLAMBE TULPULEWADI",MO,8578,"Majgaon Nala",3.2,,,सावंतवाडी,दोडामार्ग,57.9,07:30,09:35,,,,,
11129,"Sawantwadi To Dodamarg Via Zolambe Tulpulewadi",Sawantwadi,Dodamarg,"ZOLAMBE TULPULEWADI",MO,8499,"Doba Shel",6.5,,,सावंतवाडी,दोडामार्ग,57.9,07:30,09:35,,,,,
11129,"Sawantwadi To Dodamarg Via Zolambe Tulpulewadi",Sawantwadi,Dodamarg,"ZOLAMBE TULPULEWADI",MO,89315,"Exicise Check Post",8,,,सावंतवाडी,दोडामार्ग,57.9,07:30,09:35,,,,,
11129,"Sawantwadi To Dodamarg Via Zolambe Tulpulewadi",Sawantwadi,Dodamarg,"ZOLAMBE TULPULEWADI",MO,8542,"Khamdev Naka",9,,,सावंतवाडी,दोडामार्ग,57.9,07:30,09:35,,,,,
11129,"Sawantwadi To Dodamarg Via Zolambe Tulpulewadi",Sawantwadi,Dodamarg,"ZOLAMBE TULPULEWADI",MO,8486,Banda,12,,,सावंतवाडी,दोडामार्ग,57.9,07:30,09:35,,,,,
11129,"Sawantwadi To Dodamarg Via Zolambe Tulpulewadi",Sawantwadi,Dodamarg,"ZOLAMBE TULPULEWADI",MO,8619,Panval,14.9,,,सावंतवाडी,दोडामार्ग,57.9,07:30,09:35,,,,,
11129,"Sawantwadi To Dodamarg Via Zolambe Tulpulewadi",Sawantwadi,Dodamarg,"ZOLAMBE TULPULEWADI",MO,8503,Degve,16,,,सावंतवाडी,दोडामार्ग,57.9,07:30,09:35,,,,,
11129,"Sawantwadi To Dodamarg Via Zolambe Tulpulewadi",Sawantwadi,Dodamarg,"ZOLAMBE TULPULEWADI",MO,8558,"Kumbral Fata",19,,,सावंतवाडी,दोडामार्ग,57.9,07:30,09:35,,,,,
11129,"Sawantwadi To Dodamarg Via Zolambe Tulpulewadi",Sawantwadi,Dodamarg,"ZOLAMBE TULPULEWADI",MO,8620,"Padave Mazgaon",21.1,,,सावंतवाडी,दोडामार्ग,57.9,07:30,09:35,,,,,
11129,"Sawantwadi To Dodamarg Via Zolambe Tulpulewadi",Sawantwadi,Dodamarg,"ZOLAMBE TULPULEWADI",MO,8565,"Margaon Bagwadi",22,,,सावंतवाडी,दोडामार्ग,57.9,07:30,09:35,,,,,
11129,"Sawantwadi To Dodamarg Via Zolambe Tulpulewadi",Sawantwadi,Dodamarg,"ZOLAMBE TULPULEWADI",MO,2353,"Talkat Nursary",24,,,सावंतवाडी,दोडामार्ग,57.9,07:30,09:35,,,,,
11129,"Sawantwadi To Dodamarg Via Zolambe Tulpulewadi",Sawantwadi,Dodamarg,"ZOLAMBE TULPULEWADI",MO,2352,"Talkat Soci",25,,,सावंतवाडी,दोडामार्ग,57.9,07:30,09:35,,,,,
11129,"Sawantwadi To Dodamarg Via Zolambe Tulpulewadi",Sawantwadi,Dodamarg,"ZOLAMBE TULPULEWADI",MO,2358,"Zolambe Tulpulewadi",27,,,सावंतवाडी,दोडामार्ग,57.9,07:30,09:35,,,,,
11129,"Sawantwadi To Dodamarg Via Zolambe Tulpulewadi",Sawantwadi,Dodamarg,"ZOLAMBE TULPULEWADI",MO,2356,"Zolambe Fukeri Titha",33.2,,,सावंतवाडी,दोडामार्ग,57.9,07:30,09:35,,,,,
11129,"Sawantwadi To Dodamarg Via Zolambe Tulpulewadi",Sawantwadi,Dodamarg,"ZOLAMBE TULPULEWADI",MO,2358,"Zolambe Tulpulewadi",36.9,,,सावंतवाडी,दोडामार्ग,57.9,07:30,09:35,,,,,
11129,"Sawantwadi To Dodamarg Via Zolambe Tulpulewadi",Sawantwadi,Dodamarg,"ZOLAMBE TULPULEWADI",MO,2349,"Marathe House",38.8,,,सावंतवाडी,दोडामार्ग,57.9,07:30,09:35,,,,,
11129,"Sawantwadi To Dodamarg Via Zolambe Tulpulewadi",Sawantwadi,Dodamarg,"ZOLAMBE TULPULEWADI",MO,2351,Kolzar,40,,,सावंतवाडी,दोडामार्ग,57.9,07:30,09:35,,,,,
11129,"Sawantwadi To Dodamarg Via Zolambe Tulpulewadi",Sawantwadi,Dodamarg,"ZOLAMBE TULPULEWADI",MO,2345,"Kolzar Mungi Dukan",41,,,सावंतवाडी,दोडामार्ग,57.9,07:30,09:35,,,,,
11129,"Sawantwadi To Dodamarg Via Zolambe Tulpulewadi",Sawantwadi,Dodamarg,"ZOLAMBE TULPULEWADI",MO,2314,"Shirval School",42,,,सावंतवाडी,दोडामार्ग,57.9,07:30,09:35,,,,,
11129,"Sawantwadi To Dodamarg Via Zolambe Tulpulewadi",Sawantwadi,Dodamarg,"ZOLAMBE TULPULEWADI",MO,2271,"Kumbral Mandir",44.7,,,सावंतवाडी,दोडामार्ग,57.9,07:30,09:35,,,,,
11129,"Sawantwadi To Dodamarg Via Zolambe Tulpulewadi",Sawantwadi,Dodamarg,"ZOLAMBE TULPULEWADI",MO,2305,"Panturli Titha",47,,,सावंतवाडी,दोडामार्ग,57.9,07:30,09:35,,,,,
11129,"Sawantwadi To Dodamarg Via Zolambe Tulpulewadi",Sawantwadi,Dodamarg,"ZOLAMBE TULPULEWADI",MO,2233,Bharpal,48.3,,,सावंतवाडी,दोडामार्ग,57.9,07:30,09:35,,,,,
11129,"Sawantwadi To Dodamarg Via Zolambe Tulpulewadi",Sawantwadi,Dodamarg,"ZOLAMBE TULPULEWADI",MO,2315,"Sasoli Bharpal Titha",53,,,सावंतवाडी,दोडामार्ग,57.9,07:30,09:35,,,,,
11129,"Sawantwadi To Dodamarg Via Zolambe Tulpulewadi",Sawantwadi,Dodamarg,"ZOLAMBE TULPULEWADI",MO,2290,Maneri,55.8,,,सावंतवाडी,दोडामार्ग,57.9,07:30,09:35,,,,,
11129,"Sawantwadi To Dodamarg Via Zolambe Tulpulewadi",Sawantwadi,Dodamarg,"ZOLAMBE TULPULEWADI",MO,2247,Dodamarg,57.3,,,सावंतवाडी,दोडामार्ग,57.9,07:30,09:35,,,,,
11142,"Sawantwadi To Ker Via Zare Bambar",Sawantwadi,Ker,"ZARE BAMBAR",MO,8663,Sawantwadi,,,,सावंतवाडी,केर,62.5,10:30,13:00,ST,,,"NOT FOUND IN FORM 4",
11142,"Sawantwadi To Ker Via Zare Bambar",Sawantwadi,Ker,"ZARE BAMBAR",MO,8578,"Majgaon Nala",3.2,,,सावंतवाडी,केर,62.5,10:30,13:00,ST,,,"NOT FOUND IN FORM 4",
11142,"Sawantwadi To Ker Via Zare Bambar",Sawantwadi,Ker,"ZARE BAMBAR",MO,8499,"Doba Shel",6.5,,,सावंतवाडी,केर,62.5,10:30,13:00,ST,,,"NOT FOUND IN FORM 4",
11142,"Sawantwadi To Ker Via Zare Bambar",Sawantwadi,Ker,"ZARE BAMBAR",MO,8560,Kondwada,8.6,,,सावंतवाडी,केर,62.5,10:30,13:00,ST,,,"NOT FOUND IN FORM 4",
11142,"Sawantwadi To Ker Via Zare Bambar",Sawantwadi,Ker,"ZARE BAMBAR",MO,8542,"Khamdev Naka",9,,,सावंतवाडी,केर,62.5,10:30,13:00,ST,,,"NOT FOUND IN FORM 4",
11142,"Sawantwadi To Ker Via Zare Bambar",Sawantwadi,Ker,"ZARE BAMBAR",MO,89315,"Exicise Check Post",9.2,,,सावंतवाडी,केर,62.5,10:30,13:00,ST,,,"NOT FOUND IN FORM 4",
11142,"Sawantwadi To Ker Via Zare Bambar",Sawantwadi,Ker,"ZARE BAMBAR",MO,8486,Banda,12.6,,,सावंतवाडी,केर,62.5,10:30,13:00,ST,,,"NOT FOUND IN FORM 4",
11142,"Sawantwadi To Ker Via Zare Bambar",Sawantwadi,Ker,"ZARE BAMBAR",MO,8619,Panval,15,,,सावंतवाडी,केर,62.5,10:30,13:00,ST,,,"NOT FOUND IN FORM 4",
11142,"Sawantwadi To Ker Via Zare Bambar",Sawantwadi,Ker,"ZARE BAMBAR",MO,8503,Degve,16.6,,,सावंतवाडी,केर,62.5,10:30,13:00,ST,,,"NOT FOUND IN FORM 4",
11142,"Sawantwadi To Ker Via Zare Bambar",Sawantwadi,Ker,"ZARE BAMBAR",MO,8558,"Kumbral Fata",18,,,सावंतवाडी,केर,62.5,10:30,13:00,ST,,,"NOT FOUND IN FORM 4",
11142,"Sawantwadi To Ker Via Zare Bambar",Sawantwadi,Ker,"ZARE BAMBAR",MO,8588,Morgaon,19.2,,,सावंतवाडी,केर,62.5,10:30,13:00,ST,,,"NOT FOUND IN FORM 4",
11142,"Sawantwadi To Ker Via Zare Bambar",Sawantwadi,Ker,"ZARE BAMBAR",MO,8467,"Adali Mauli Mandir",20.9,,,सावंतवाडी,केर,62.5,10:30,13:00,ST,,,"NOT FOUND IN FORM 4",
11142,"Sawantwadi To Ker Via Zare Bambar",Sawantwadi,Ker,"ZARE BAMBAR",MO,2363,Kalane,25.1,,,सावंतवाडी,केर,62.5,10:30,13:00,ST,,,"NOT FOUND IN FORM 4",
11142,"Sawantwadi To Ker Via Zare Bambar",Sawantwadi,Ker,"ZARE BAMBAR",MO,2268,"Kalne High School",26,,,सावंतवाडी,केर,62.5,10:30,13:00,ST,,,"NOT FOUND IN FORM 4",
11142,"Sawantwadi To Ker Via Zare Bambar",Sawantwadi,Ker,"ZARE BAMBAR",MO,2269,"Kalane Sada",27,,,सावंतवाडी,केर,62.5,10:30,13:00,ST,,,"NOT FOUND IN FORM 4",
11142,"Sawantwadi To Ker Via Zare Bambar",Sawantwadi,Ker,"ZARE BAMBAR",MO,2316,Sasoli,29.6,,,सावंतवाडी,केर,62.5,10:30,13:00,ST,,,"NOT FOUND IN FORM 4",
11142,"Sawantwadi To Ker Via Zare Bambar",Sawantwadi,Ker,"ZARE BAMBAR",MO,2260,"Kudasa Fata",30.4,,,सावंतवाडी,केर,62.5,10:30,13:00,ST,,,"NOT FOUND IN FORM 4",
11142,"Sawantwadi To Ker Via Zare Bambar",Sawantwadi,Ker,"ZARE BAMBAR",MO,2255,Hedus,31.2,,,सावंतवाडी,केर,62.5,10:30,13:00,ST,,,"NOT FOUND IN FORM 4",
11142,"Sawantwadi To Ker Via Zare Bambar",Sawantwadi,Ker,"ZARE BAMBAR",MO,2290,Maneri,33.2,,,सावंतवाडी,केर,62.5,10:30,13:00,ST,,,"NOT FOUND IN FORM 4",
11142,"Sawantwadi To Ker Via Zare Bambar",Sawantwadi,Ker,"ZARE BAMBAR",MO,2247,Dodamarg,36.9,,,सावंतवाडी,केर,62.5,10:30,13:00,ST,,,"NOT FOUND IN FORM 4",
11142,"Sawantwadi To Ker Via Zare Bambar",Sawantwadi,Ker,"ZARE BAMBAR",MO,2229,Ambeli,39.6,,,सावंतवाडी,केर,62.5,10:30,13:00,ST,,,"NOT FOUND IN FORM 4",
11142,"Sawantwadi To Ker Via Zare Bambar",Sawantwadi,Ker,"ZARE BAMBAR",MO,2344,"Zare Bambar",42.3,,,सावंतवाडी,केर,62.5,10:30,13:00,ST,,,"NOT FOUND IN FORM 4",
11142,"Sawantwadi To Ker Via Zare Bambar",Sawantwadi,Ker,"ZARE BAMBAR",MO,2236,"Bhedshi Nadi",45.1,,,सावंतवाडी,केर,62.5,10:30,13:00,ST,,,"NOT FOUND IN FORM 4",
11142,"Sawantwadi To Ker Via Zare Bambar",Sawantwadi,Ker,"ZARE BAMBAR",MO,2318,"Sateli Bhedashi",46.1,,,सावंतवाडी,केर,62.5,10:30,13:00,ST,,,"NOT FOUND IN FORM 4",
11142,"Sawantwadi To Ker Via Zare Bambar",Sawantwadi,Ker,"ZARE BAMBAR",MO,2239,Bhedshi,46.2,,,सावंतवाडी,केर,62.5,10:30,13:00,ST,,,"NOT FOUND IN FORM 4",
11142,"Sawantwadi To Ker Via Zare Bambar",Sawantwadi,Ker,"ZARE BAMBAR",MO,2232,Awade,47.2,,,सावंतवाडी,केर,62.5,10:30,13:00,ST,,,"NOT FOUND IN FORM 4",
11142,"Sawantwadi To Ker Via Zare Bambar",Sawantwadi,Ker,"ZARE BAMBAR",MO,2340,Vayangantad,48.8,,,सावंतवाडी,केर,62.5,10:30,13:00,ST,,,"NOT FOUND IN FORM 4",
11142,"Sawantwadi To Ker Via Zare Bambar",Sawantwadi,Ker,"ZARE BAMBAR",MO,2283,"Londhewadi Mecanic Colony",49.9,,,सावंतवाडी,केर,62.5,10:30,13:00,ST,,,"NOT FOUND IN FORM 4",
11142,"Sawantwadi To Ker Via Zare Bambar",Sawantwadi,Ker,"ZARE BAMBAR",MO,2329,"Tillari Bank",51.7,,,सावंतवाडी,केर,62.5,10:30,13:00,ST,,,"NOT FOUND IN FORM 4",
11142,"Sawantwadi To Ker Via Zare Bambar",Sawantwadi,Ker,"ZARE BAMBAR",MO,2332,Tirali,52.2,,,सावंतवाडी,केर,62.5,10:30,13:00,ST,,,"NOT FOUND IN FORM 4",
11142,"Sawantwadi To Ker Via Zare Bambar",Sawantwadi,Ker,"ZARE BAMBAR",MO,2252,Ghotagewadi,56.5,,,सावंतवाडी,केर,62.5,10:30,13:00,ST,,,"NOT FOUND IN FORM 4",
11142,"Sawantwadi To Ker Via Zare Bambar",Sawantwadi,Ker,"ZARE BAMBAR",MO,2244,Dhangarwadi,57,,,सावंतवाडी,केर,62.5,10:30,13:00,ST,,,"NOT FOUND IN FORM 4",
11142,"Sawantwadi To Ker Via Zare Bambar",Sawantwadi,Ker,"ZARE BAMBAR",MO,2292,"Morle Gaon",59.7,,,सावंतवाडी,केर,62.5,10:30,13:00,ST,,,"NOT FOUND IN FORM 4",
11142,"Sawantwadi To Ker Via Zare Bambar",Sawantwadi,Ker,"ZARE BAMBAR",MO,2278,Ker,62.6,,,सावंतवाडी,केर,62.5,10:30,13:00,ST,,,"NOT FOUND IN FORM 4",
11153,"Sawantwadi To Kumbral Mandir",Sawantwadi,"Kumbral Mandir",,MO,8663,Sawantwadi,,,,सावंतवाडी,कुंब्रल,34.2,19:00,20:25,ST,,,,
11153,"Sawantwadi To Kumbral Mandir",Sawantwadi,"Kumbral Mandir",,MO,8578,"Majgaon Nala",3.2,,,सावंतवाडी,कुंब्रल,34.2,19:00,20:25,ST,,,,
11153,"Sawantwadi To Kumbral Mandir",Sawantwadi,"Kumbral Mandir",,MO,8499,"Doba Shel",6.5,,,सावंतवाडी,कुंब्रल,34.2,19:00,20:25,ST,,,,
11153,"Sawantwadi To Kumbral Mandir",Sawantwadi,"Kumbral Mandir",,MO,8560,Kondwada,8.6,,,सावंतवाडी,कुंब्रल,34.2,19:00,20:25,ST,,,,
11153,"Sawantwadi To Kumbral Mandir",Sawantwadi,"Kumbral Mandir",,MO,89315,"Exicise Check Post",9,,,सावंतवाडी,कुंब्रल,34.2,19:00,20:25,ST,,,,
11153,"Sawantwadi To Kumbral Mandir",Sawantwadi,"Kumbral Mandir",,MO,8542,"Khamdev Naka",10.5,,,सावंतवाडी,कुंब्रल,34.2,19:00,20:25,ST,,,,
11153,"Sawantwadi To Kumbral Mandir",Sawantwadi,"Kumbral Mandir",,MO,8486,Banda,12.6,,,सावंतवाडी,कुंब्रल,34.2,19:00,20:25,ST,,,,
11153,"Sawantwadi To Kumbral Mandir",Sawantwadi,"Kumbral Mandir",,MO,8619,Panval,15,,,सावंतवाडी,कुंब्रल,34.2,19:00,20:25,ST,,,,
11153,"Sawantwadi To Kumbral Mandir",Sawantwadi,"Kumbral Mandir",,MO,8503,Degve,16.6,,,सावंतवाडी,कुंब्रल,34.2,19:00,20:25,ST,,,,
11153,"Sawantwadi To Kumbral Mandir",Sawantwadi,"Kumbral Mandir",,MO,8558,"Kumbral Fata",19.1,,,सावंतवाडी,कुंब्रल,34.2,19:00,20:25,ST,,,,
11153,"Sawantwadi To Kumbral Mandir",Sawantwadi,"Kumbral Mandir",,MO,8620,"Padave Mazgaon",21.2,,,सावंतवाडी,कुंब्रल,34.2,19:00,20:25,ST,,,,
11153,"Sawantwadi To Kumbral Mandir",Sawantwadi,"Kumbral Mandir",,MO,8565,"Margaon Bagwadi",22,,,सावंतवाडी,कुंब्रल,34.2,19:00,20:25,ST,,,,
11153,"Sawantwadi To Kumbral Mandir",Sawantwadi,"Kumbral Mandir",,MO,2353,"Talkat Nursary",24,,,सावंतवाडी,कुंब्रल,34.2,19:00,20:25,ST,,,,
11153,"Sawantwadi To Kumbral Mandir",Sawantwadi,"Kumbral Mandir",,MO,2352,"Talkat Soci",24.8,,,सावंतवाडी,कुंब्रल,34.2,19:00,20:25,ST,,,,
11153,"Sawantwadi To Kumbral Mandir",Sawantwadi,"Kumbral Mandir",,MO,2349,"Marathe House",26.1,,,सावंतवाडी,कुंब्रल,34.2,19:00,20:25,ST,,,,
11153,"Sawantwadi To Kumbral Mandir",Sawantwadi,"Kumbral Mandir",,MO,2351,Kolzar,27.4,,,सावंतवाडी,कुंब्रल,34.2,19:00,20:25,ST,,,,
11153,"Sawantwadi To Kumbral Mandir",Sawantwadi,"Kumbral Mandir",,MO,2345,"Kolzar Mungi Dukan",28,,,सावंतवाडी,कुंब्रल,34.2,19:00,20:25,ST,,,,
11153,"Sawantwadi To Kumbral Mandir",Sawantwadi,"Kumbral Mandir",,MO,2314,"Shirval School",29.3,,,सावंतवाडी,कुंब्रल,34.2,19:00,20:25,ST,,,,
11153,"Sawantwadi To Kumbral Mandir",Sawantwadi,"Kumbral Mandir",,MO,2271,"Kumbral Mandir",31.8,,,सावंतवाडी,कुंब्रल,34.2,19:00,20:25,ST,,,,
11169,"Sawantwadi To Satarda Via Giroba Mandir",Sawantwadi,Satarda,"GIROBA MANDIR",MO,8663,Sawantwadi,,,,सावंतवाडी,सातार्डा,41.6,16:30,18:30,ST,,,,
11169,"Sawantwadi To Satarda Via Giroba Mandir",Sawantwadi,Satarda,"GIROBA MANDIR",MO,8578,"Majgaon Nala",3.2,,,सावंतवाडी,सातार्डा,41.6,16:30,18:30,ST,,,,
11169,"Sawantwadi To Satarda Via Giroba Mandir",Sawantwadi,Satarda,"GIROBA MANDIR",MO,8499,"Doba Shel",4.4,,,सावंतवाडी,सातार्डा,41.6,16:30,18:30,ST,,,,
11169,"Sawantwadi To Satarda Via Giroba Mandir",Sawantwadi,Satarda,"GIROBA MANDIR",MO,8560,Kondwada,6.5,,,सावंतवाडी,सातार्डा,41.6,16:30,18:30,ST,,,,
11169,"Sawantwadi To Satarda Via Giroba Mandir",Sawantwadi,Satarda,"GIROBA MANDIR",MO,89315,"Exicise Check Post",9,,,सावंतवाडी,सातार्डा,41.6,16:30,18:30,ST,,,,
11169,"Sawantwadi To Satarda Via Giroba Mandir",Sawantwadi,Satarda,"GIROBA MANDIR",MO,8642,"Sherla Nadi",13.2,,,सावंतवाडी,सातार्डा,41.6,16:30,18:30,ST,,,,
11169,"Sawantwadi To Satarda Via Giroba Mandir",Sawantwadi,Satarda,"GIROBA MANDIR",MO,8575,"Madura Titha",17.7,,,सावंतवाडी,सातार्डा,41.6,16:30,18:30,ST,,,,
11169,"Sawantwadi To Satarda Via Giroba Mandir",Sawantwadi,Satarda,"GIROBA MANDIR",MO,2844,"Mail Stone",18,,,सावंतवाडी,सातार्डा,41.6,16:30,18:30,ST,,,,
11169,"Sawantwadi To Satarda Via Giroba Mandir",Sawantwadi,Satarda,"GIROBA MANDIR",MO,8625,"Padlos Mandir",18.4,,,सावंतवाडी,सातार्डा,41.6,16:30,18:30,ST,,,,
11169,"Sawantwadi To Satarda Via Giroba Mandir",Sawantwadi,Satarda,"GIROBA MANDIR",MO,8621,"Padlos Keniwada",21.9,,,सावंतवाडी,सातार्डा,41.6,16:30,18:30,ST,,,,
11169,"Sawantwadi To Satarda Via Giroba Mandir",Sawantwadi,Satarda,"GIROBA MANDIR",MO,8475,"Aros Bazar",24.7,,,सावंतवाडी,सातार्डा,41.6,16:30,18:30,ST,,,,
11169,"Sawantwadi To Satarda Via Giroba Mandir",Sawantwadi,Satarda,"GIROBA MANDIR",MO,8471,"Aros Gawthan 1St Stop",25.2,,,सावंतवाडी,सातार्डा,41.6,16:30,18:30,ST,,,,
11169,"Sawantwadi To Satarda Via Giroba Mandir",Sawantwadi,Satarda,"GIROBA MANDIR",MO,8528,"Giroba Mandir",27.6,,,सावंतवाडी,सातार्डा,41.6,16:30,18:30,ST,,,,
11169,"Sawantwadi To Satarda Via Giroba Mandir",Sawantwadi,Satarda,"GIROBA MANDIR",MO,9775,"Sateli Mandir",30.1,,,सावंतवाडी,सातार्डा,41.6,16:30,18:30,ST,,,,
11169,"Sawantwadi To Satarda Via Giroba Mandir",Sawantwadi,Satarda,"GIROBA MANDIR",MO,2844,"Mail Stone",32,,,सावंतवाडी,सातार्डा,41.6,16:30,18:30,ST,,,,
11169,"Sawantwadi To Satarda Via Giroba Mandir",Sawantwadi,Satarda,"GIROBA MANDIR",MO,9771,Satarda,41.6,,,सावंतवाडी,सातार्डा,41.6,16:30,18:30,ST,,,,
17588,"Konshi To Banda Via Vafoli Sosc",Konshi,Banda,"VAFOLI SOSC",MO,8559,Konshi,,,,भालावल,बांदा,9,08:15,08:50,OBL,,,,
17588,"Konshi To Banda Via Vafoli Sosc",Konshi,Banda,"VAFOLI SOSC",MO,8497,Dhangarwadi,1.2,,,भालावल,बांदा,9,08:15,08:50,OBL,,,,
17588,"Konshi To Banda Via Vafoli Sosc",Konshi,Banda,"VAFOLI SOSC",MO,8680,"Wetal Mandir",3,,,भालावल,बांदा,9,08:15,08:50,OBL,,,,
17588,"Konshi To Banda Via Vafoli Sosc",Konshi,Banda,"VAFOLI SOSC",MO,8483,"Bhalawal Gpo",3.5,,,भालावल,बांदा,9,08:15,08:50,OBL,,,,
17588,"Konshi To Banda Via Vafoli Sosc",Konshi,Banda,"VAFOLI SOSC",MO,8477,"Bhalawal Shop",4,,,भालावल,बांदा,9,08:15,08:50,OBL,,,,
17588,"Konshi To Banda Via Vafoli Sosc",Konshi,Banda,"VAFOLI SOSC",MO,8616,"Otavane Titha",6,,,भालावल,बांदा,9,08:15,08:50,OBL,,,,
17588,"Konshi To Banda Via Vafoli Sosc",Konshi,Banda,"VAFOLI SOSC",MO,8673,"Vilavade Wad",7,,,भालावल,बांदा,9,08:15,08:50,OBL,,,,
17588,"Konshi To Banda Via Vafoli Sosc",Konshi,Banda,"VAFOLI SOSC",MO,8672,"Vafoli Sosc",10.2,,,भालावल,बांदा,9,08:15,08:50,OBL,,,,
17588,"Konshi To Banda Via Vafoli Sosc",Konshi,Banda,"VAFOLI SOSC",MO,8486,Banda,14.5,,,भालावल,बांदा,9,08:15,08:50,OBL,,,,
17604,"Vitthalwadi To Banda",Vitthalwadi,Banda,,MO,2355,Vitthalwadi,,,,विठठलवाडी,बांदा,18,08:20,08:50,OBL,,,,
17604,"Vitthalwadi To Banda",Vitthalwadi,Banda,,MO,2357,Zolambe,1,,,विठठलवाडी,बांदा,18,08:20,08:50,OBL,,,,
17604,"Vitthalwadi To Banda",Vitthalwadi,Banda,,MO,2358,"Zolambe Tulpulewadi",3,,,विठठलवाडी,बांदा,18,08:20,08:50,OBL,,,,
17604,"Vitthalwadi To Banda",Vitthalwadi,Banda,,MO,2352,"Talkat Soci",5,,,विठठलवाडी,बांदा,18,08:20,08:50,OBL,,,,
17604,"Vitthalwadi To Banda",Vitthalwadi,Banda,,MO,2353,"Talkat Nursary",6,,,विठठलवाडी,बांदा,18,08:20,08:50,OBL,,,,
17604,"Vitthalwadi To Banda",Vitthalwadi,Banda,,MO,8565,"Margaon Bagwadi",9,,,विठठलवाडी,बांदा,18,08:20,08:50,OBL,,,,
17604,"Vitthalwadi To Banda",Vitthalwadi,Banda,,MO,8620,"Padave Mazgaon",10,,,विठठलवाडी,बांदा,18,08:20,08:50,OBL,,,,
17604,"Vitthalwadi To Banda",Vitthalwadi,Banda,,MO,8558,"Kumbral Fata",12,,,विठठलवाडी,बांदा,18,08:20,08:50,OBL,,,,
17604,"Vitthalwadi To Banda",Vitthalwadi,Banda,,MO,8502,"Degve High School",13,,,विठठलवाडी,बांदा,18,08:20,08:50,OBL,,,,
17604,"Vitthalwadi To Banda",Vitthalwadi,Banda,,MO,8503,Degve,14,,,विठठलवाडी,बांदा,18,08:20,08:50,OBL,,,,
17604,"Vitthalwadi To Banda",Vitthalwadi,Banda,,MO,8619,Panval,15,,,विठठलवाडी,बांदा,18,08:20,08:50,OBL,,,,
17604,"Vitthalwadi To Banda",Vitthalwadi,Banda,,MO,8486,Banda,18,,,विठठलवाडी,बांदा,18,08:20,08:50,OBL,,,,
17628,"Mangeli Dewoolwadi To Dodamarg","Mangeli Dewoolwadi",Dodamarg,,MO,2287,"Mangeli Dewoolwadi",,,,मांगेली,दोडामार्ग,26,14:30,15:40,ST,,,,
17628,"Mangeli Dewoolwadi To Dodamarg","Mangeli Dewoolwadi",Dodamarg,,MO,2280,"Kusbewadi Nala",2.1,,,मांगेली,दोडामार्ग,26,14:30,15:40,ST,,,,
17628,"Mangeli Dewoolwadi To Dodamarg","Mangeli Dewoolwadi",Dodamarg,,MO,2326,"Talwewadi Fata",5.5,,,मांगेली,दोडामार्ग,26,14:30,15:40,ST,,,,
17628,"Mangeli Dewoolwadi To Dodamarg","Mangeli Dewoolwadi",Dodamarg,,MO,2277,Khokral,8.3,,,मांगेली,दोडामार्ग,26,14:30,15:40,ST,,,,
17628,"Mangeli Dewoolwadi To Dodamarg","Mangeli Dewoolwadi",Dodamarg,,MO,2235,Bodade,9.4,,,मांगेली,दोडामार्ग,26,14:30,15:40,ST,,,,
17628,"Mangeli Dewoolwadi To Dodamarg","Mangeli Dewoolwadi",Dodamarg,,MO,2267,Kalva,12,,,मांगेली,दोडामार्ग,26,14:30,15:40,ST,,,,
17628,"Mangeli Dewoolwadi To Dodamarg","Mangeli Dewoolwadi",Dodamarg,,MO,2318,"Sateli Bhedashi",14,,,मांगेली,दोडामार्ग,26,14:30,15:40,ST,,,,
17628,"Mangeli Dewoolwadi To Dodamarg","Mangeli Dewoolwadi",Dodamarg,,MO,2236,"Bhedshi Nadi",15,,,मांगेली,दोडामार्ग,26,14:30,15:40,ST,,,,
17628,"Mangeli Dewoolwadi To Dodamarg","Mangeli Dewoolwadi",Dodamarg,,MO,2344,"Zare Bambar",17.8,,,मांगेली,दोडामार्ग,26,14:30,15:40,ST,,,,
17628,"Mangeli Dewoolwadi To Dodamarg","Mangeli Dewoolwadi",Dodamarg,,MO,2229,Ambeli,20.5,,,मांगेली,दोडामार्ग,26,14:30,15:40,ST,,,,
17628,"Mangeli Dewoolwadi To Dodamarg","Mangeli Dewoolwadi",Dodamarg,,MO,2247,Dodamarg,23.2,,,मांगेली,दोडामार्ग,26,14:30,15:40,ST,,,,
17748,"Usap To Dodamarg Via Usap Titta",Usap,Dodamarg,"USAP TITTA",MO,2334,Usap,,,,उसप,दोडामार्ग,14.5,17:10,17:40,ST,,,,
17748,"Usap To Dodamarg Via Usap Titta",Usap,Dodamarg,"USAP TITTA",MO,2266,"Khokral Titha",2.9,,,उसप,दोडामार्ग,14.5,17:10,17:40,ST,,,,
17748,"Usap To Dodamarg Via Usap Titta",Usap,Dodamarg,"USAP TITTA",MO,2300,"Pikule Usap Titha",4.1,,,उसप,दोडामार्ग,14.5,17:10,17:40,ST,,,,
17748,"Usap To Dodamarg Via Usap Titta",Usap,Dodamarg,"USAP TITTA",MO,2265,"Kajulwadi Titha",4.5,,,उसप,दोडामार्ग,14.5,17:10,17:40,ST,,,,
17748,"Usap To Dodamarg Via Usap Titta",Usap,Dodamarg,"USAP TITTA",MO,2335,"Usap Titta",6.8,,,उसप,दोडामार्ग,14.5,17:10,17:40,ST,,,,
17748,"Usap To Dodamarg Via Usap Titta",Usap,Dodamarg,"USAP TITTA",MO,2344,"Zare Bambar",9.1,,,उसप,दोडामार्ग,14.5,17:10,17:40,ST,,,,
17748,"Usap To Dodamarg Via Usap Titta",Usap,Dodamarg,"USAP TITTA",MO,2229,Ambeli,11.8,,,उसप,दोडामार्ग,14.5,17:10,17:40,ST,,,,
17748,"Usap To Dodamarg Via Usap Titta",Usap,Dodamarg,"USAP TITTA",MO,2247,Dodamarg,14.5,,,उसप,दोडामार्ग,14.5,17:10,17:40,ST,,,,
18448,"Kalika Mandir To Sawantwadi","Kalika Mandir",Sawantwadi,,MO,8555,"Kalika Mandir",,,,कालिकामंदीर,सावंतवाडी,8.2,16:55,17:10,NOBL,,,,
18448,"Kalika Mandir To Sawantwadi","Kalika Mandir",Sawantwadi,,MO,8481,"Bhairavwadi Sawant House",2.4,,,कालिकामंदीर,सावंतवाडी,8.2,16:55,17:10,NOBL,,,,
18448,"Kalika Mandir To Sawantwadi","Kalika Mandir",Sawantwadi,,MO,8654,"Sherlekar House",4.9,,,कालिकामंदीर,सावंतवाडी,8.2,16:55,17:10,NOBL,,,,
18448,"Kalika Mandir To Sawantwadi","Kalika Mandir",Sawantwadi,,MO,8663,Sawantwadi,8.2,,,कालिकामंदीर,सावंतवाडी,8.2,16:55,17:10,NOBL,,,,
18619,"Sawantwadi To Ratnagiri Rahatghar",Sawantwadi,Rahataghar,,MO,8663,Sawantwadi,,,,सावंतवाडी,रत्नागिरी,184.8,07:30,12:25,NOBL,,,,
18619,"Sawantwadi To Ratnagiri Rahatghar",Sawantwadi,Rahataghar,,MO,8551,"Kolgaon Thita",3.7,,,सावंतवाडी,रत्नागिरी,184.8,07:30,12:25,NOBL,,,,
18619,"Sawantwadi To Ratnagiri Rahatghar",Sawantwadi,Rahataghar,,MO,6101,Akeri,5.9,,,सावंतवाडी,रत्नागिरी,184.8,07:30,12:25,NOBL,,,,
18619,"Sawantwadi To Ratnagiri Rahatghar",Sawantwadi,Rahataghar,,MO,6231,"Khan Mohalla",8.5,,,सावंतवाडी,रत्नागिरी,184.8,07:30,12:25,NOBL,,,,
18619,"Sawantwadi To Ratnagiri Rahatghar",Sawantwadi,Rahataghar,,MO,6473,"Zarap Jambhal",9,,,सावंतवाडी,रत्नागिरी,184.8,07:30,12:25,NOBL,,,,
18619,"Sawantwadi To Ratnagiri Rahatghar",Sawantwadi,Rahataghar,,MO,6474,"Zharap Titha",12,,,सावंतवाडी,रत्नागिरी,184.8,07:30,12:25,NOBL,,,,
18619,"Sawantwadi To Ratnagiri Rahatghar",Sawantwadi,Rahataghar,,MO,6441,"Terse Bambarde Fata",12.1,,,सावंतवाडी,रत्नागिरी,184.8,07:30,12:25,NOBL,,,,
18619,"Sawantwadi To Ratnagiri Rahatghar",Sawantwadi,Rahataghar,,MO,6321,Mandkuli,15,,,सावंतवाडी,रत्नागिरी,184.8,07:30,12:25,NOBL,,,,
18619,"Sawantwadi To Ratnagiri Rahatghar",Sawantwadi,Rahataghar,,MO,6126,Bibavane,15.5,,,सावंतवाडी,रत्नागिरी,184.8,07:30,12:25,NOBL,,,,
18619,"Sawantwadi To Ratnagiri Rahatghar",Sawantwadi,Rahataghar,,MO,6376,"Pinguli Titha",17,,,सावंतवाडी,रत्नागिरी,184.8,07:30,12:25,NOBL,,,,
18619,"Sawantwadi To Ratnagiri Rahatghar",Sawantwadi,Rahataghar,,MO,6302,"Modka Wad Pinguli",18,,,सावंतवाडी,रत्नागिरी,184.8,07:30,12:25,NOBL,,,,
18619,"Sawantwadi To Ratnagiri Rahatghar",Sawantwadi,Rahataghar,,MO,6237,"Kudal St Depot",20.6,,,सावंतवाडी,रत्नागिरी,184.8,07:30,12:25,NOBL,,,,
18619,"Sawantwadi To Ratnagiri Rahatghar",Sawantwadi,Rahataghar,,MO,6240,"Kudal St Depot",22.4,,,सावंतवाडी,रत्नागिरी,184.8,07:30,12:25,NOBL,,,,
18619,"Sawantwadi To Ratnagiri Rahatghar",Sawantwadi,Rahataghar,,MO,6380,"Pawashi Panchayat",25,,,सावंतवाडी,रत्नागिरी,184.8,07:30,12:25,NOBL,,,,
18619,"Sawantwadi To Ratnagiri Rahatghar",Sawantwadi,Rahataghar,,MO,88100,Vetalbambarde,27.7,,,सावंतवाडी,रत्नागिरी,184.8,07:30,12:25,NOBL,,,,
18619,"Sawantwadi To Ratnagiri Rahatghar",Sawantwadi,Rahataghar,,MO,6365,Pandur,29.7,,,सावंतवाडी,रत्नागिरी,184.8,07:30,12:25,NOBL,,,,
18619,"Sawantwadi To Ratnagiri Rahatghar",Sawantwadi,Rahataghar,,MO,6204,"Humarmala Kasale Dukan",30,,,सावंतवाडी,रत्नागिरी,184.8,07:30,12:25,NOBL,,,,
18619,"Sawantwadi To Ratnagiri Rahatghar",Sawantwadi,Rahataghar,,MO,6362,"Oros Bus Stnad",36,,,सावंतवाडी,रत्नागिरी,184.8,07:30,12:25,NOBL,,,,
18619,"Sawantwadi To Ratnagiri Rahatghar",Sawantwadi,Rahataghar,,MO,6116,Awali,37,,,सावंतवाडी,रत्नागिरी,184.8,07:30,12:25,NOBL,,,,
18619,"Sawantwadi To Ratnagiri Rahatghar",Sawantwadi,Rahataghar,,MO,6281,Kasal,41.4,,,सावंतवाडी,रत्नागिरी,184.8,07:30,12:25,NOBL,,,,
18619,"Sawantwadi To Ratnagiri Rahatghar",Sawantwadi,Rahataghar,,MO,2698,Dewoolwadi,42.1,,,सावंतवाडी,रत्नागिरी,184.8,07:30,12:25,NOBL,,,,
18619,"Sawantwadi To Ratnagiri Rahatghar",Sawantwadi,Rahataghar,,MO,2890,"Osargaon Post",45.7,,,सावंतवाडी,रत्नागिरी,184.8,07:30,12:25,NOBL,,,,
18619,"Sawantwadi To Ratnagiri Rahatghar",Sawantwadi,Rahataghar,,MO,2891,"Osargaon Talav",48.6,,,सावंतवाडी,रत्नागिरी,184.8,07:30,12:25,NOBL,,,,
18619,"Sawantwadi To Ratnagiri Rahatghar",Sawantwadi,Rahataghar,,MO,2692,Dangalwadi,49.7,,,सावंतवाडी,रत्नागिरी,184.8,07:30,12:25,NOBL,,,,
18619,"Sawantwadi To Ratnagiri Rahatghar",Sawantwadi,Rahataghar,,MO,3001,"Wagade Gpo",50.6,,,सावंतवाडी,रत्नागिरी,184.8,07:30,12:25,NOBL,,,,
18619,"Sawantwadi To Ratnagiri Rahatghar",Sawantwadi,Rahataghar,,MO,2786,Kankavli,56.1,,,सावंतवाडी,रत्नागिरी,184.8,07:30,12:25,NOBL,,,,
18619,"Sawantwadi To Ratnagiri Rahatghar",Sawantwadi,Rahataghar,,MO,2766,Janavali,59.6,,,सावंतवाडी,रत्नागिरी,184.8,07:30,12:25,NOBL,,,,
18619,"Sawantwadi To Ratnagiri Rahatghar",Sawantwadi,Rahataghar,,MO,2756,"Humrat Titha",63.9,,,सावंतवाडी,रत्नागिरी,184.8,07:30,12:25,NOBL,,,,
18619,"Sawantwadi To Ratnagiri Rahatghar",Sawantwadi,Rahataghar,,MO,2655,Belane,66.1,,,सावंतवाडी,रत्नागिरी,184.8,07:30,12:25,NOBL,,,,
18619,"Sawantwadi To Ratnagiri Rahatghar",Sawantwadi,Rahataghar,,MO,2870,"Nandgaon Datta Mandir",67,,,सावंतवाडी,रत्नागिरी,184.8,07:30,12:25,NOBL,,,,
18619,"Sawantwadi To Ratnagiri Rahatghar",Sawantwadi,Rahataghar,,MO,2871,"Nandgaon Fata",68,,,सावंतवाडी,रत्नागिरी,184.8,07:30,12:25,NOBL,,,,
18619,"Sawantwadi To Ratnagiri Rahatghar",Sawantwadi,Rahataghar,,MO,2872,"Nandgaon Nursary",72,,,सावंतवाडी,रत्नागिरी,184.8,07:30,12:25,NOBL,,,,
18619,"Sawantwadi To Ratnagiri Rahatghar",Sawantwadi,Rahataghar,,MO,2673,"Bramhan Wadi",75.8,,,सावंतवाडी,रत्नागिरी,184.8,07:30,12:25,NOBL,,,,
18619,"Sawantwadi To Ratnagiri Rahatghar",Sawantwadi,Rahataghar,,MO,2982,Tarla,78.8,,,सावंतवाडी,रत्नागिरी,184.8,07:30,12:25,NOBL,,,,
18619,"Sawantwadi To Ratnagiri Rahatghar",Sawantwadi,Rahataghar,,MO,2941,Saliste,83.7,,,सावंतवाडी,रत्नागिरी,184.8,07:30,12:25,NOBL,,,,
18619,"Sawantwadi To Ratnagiri Rahatghar",Sawantwadi,Rahataghar,,MO,2844,"Mail Stone",84,,,सावंतवाडी,रत्नागिरी,184.8,07:30,12:25,NOBL,,,,
18619,"Sawantwadi To Ratnagiri Rahatghar",Sawantwadi,Rahataghar,,MO,3010,Wargaon,86.4,,,सावंतवाडी,रत्नागिरी,184.8,07:30,12:25,NOBL,,,,
18619,"Sawantwadi To Ratnagiri Rahatghar",Sawantwadi,Rahataghar,,MO,2648,Bambarwadi,88,,,सावंतवाडी,रत्नागिरी,184.8,07:30,12:25,NOBL,,,,
18619,"Sawantwadi To Ratnagiri Rahatghar",Sawantwadi,Rahataghar,,MO,2863,Nadgive,89.6,,,सावंतवाडी,रत्नागिरी,184.8,07:30,12:25,NOBL,,,,
18619,"Sawantwadi To Ratnagiri Rahatghar",Sawantwadi,Rahataghar,,MO,2812,Kharepatan,92.9,,,सावंतवाडी,रत्नागिरी,184.8,07:30,12:25,NOBL,,,,
18619,"Sawantwadi To Ratnagiri Rahatghar",Sawantwadi,Rahataghar,,MO,15236,"Takewadi School",96,,,सावंतवाडी,रत्नागिरी,184.8,07:30,12:25,NOBL,,,,
18619,"Sawantwadi To Ratnagiri Rahatghar",Sawantwadi,Rahataghar,,MO,14879,Panhale,98.4,,,सावंतवाडी,रत्नागिरी,184.8,07:30,12:25,NOBL,,,,
18619,"Sawantwadi To Ratnagiri Rahatghar",Sawantwadi,Rahataghar,,MO,14651,Kondye,101.4,,,सावंतवाडी,रत्नागिरी,184.8,07:30,12:25,NOBL,,,,
18619,"Sawantwadi To Ratnagiri Rahatghar",Sawantwadi,Rahataghar,,MO,14521,"Hativale Jaitapur Fata",104.9,,,सावंतवाडी,रत्नागिरी,184.8,07:30,12:25,NOBL,,,,
18619,"Sawantwadi To Ratnagiri Rahatghar",Sawantwadi,Rahataghar,,MO,15137,"Shriram Gas Compani",105,,,सावंतवाडी,रत्नागिरी,184.8,07:30,12:25,NOBL,,,,
18619,"Sawantwadi To Ratnagiri Rahatghar",Sawantwadi,Rahataghar,,MO,14473,"Ganga Tirtha Fata",109.5,,,सावंतवाडी,रत्नागिरी,184.8,07:30,12:25,NOBL,,,,
18619,"Sawantwadi To Ratnagiri Rahatghar",Sawantwadi,Rahataghar,,MO,14568,"Javahar Chowk",113.3,,,सावंतवाडी,रत्नागिरी,184.8,07:30,12:25,NOBL,,,,
18619,"Sawantwadi To Ratnagiri Rahatghar",Sawantwadi,Rahataghar,,MO,15006,Rajapur,115.2,,,सावंतवाडी,रत्नागिरी,184.8,07:30,12:25,NOBL,,,,
18619,"Sawantwadi To Ratnagiri Rahatghar",Sawantwadi,Rahataghar,,MO,14615,"Kodavali School",117,,,सावंतवाडी,रत्नागिरी,184.8,07:30,12:25,NOBL,,,,
18619,"Sawantwadi To Ratnagiri Rahatghar",Sawantwadi,Rahataghar,,MO,14574,"Kharavate Village/Sorap Shop",119.4,,,सावंतवाडी,रत्नागिरी,184.8,07:30,12:25,NOBL,,,,
18619,"Sawantwadi To Ratnagiri Rahatghar",Sawantwadi,Rahataghar,,MO,14719,"Kharavate Fata",120.3,,,सावंतवाडी,रत्नागिरी,184.8,07:30,12:25,NOBL,,,,
18619,"Sawantwadi To Ratnagiri Rahatghar",Sawantwadi,Rahataghar,,MO,89331,Oni,123,,,सावंतवाडी,रत्नागिरी,184.8,07:30,12:25,NOBL,,,,
18619,"Sawantwadi To Ratnagiri Rahatghar",Sawantwadi,Rahataghar,,MO,14910,"Pachal Fata",125,,,सावंतवाडी,रत्नागिरी,184.8,07:30,12:25,NOBL,,,,
18619,"Sawantwadi To Ratnagiri Rahatghar",Sawantwadi,Rahataghar,,MO,15316,"Watul Titha",129.4,,,सावंतवाडी,रत्नागिरी,184.8,07:30,12:25,NOBL,,,,
18619,"Sawantwadi To Ratnagiri Rahatghar",Sawantwadi,Rahataghar,,MO,15295,"Waked Laxmi Garden",132.4,,,सावंतवाडी,रत्नागिरी,184.8,07:30,12:25,NOBL,,,,
18619,"Sawantwadi To Ratnagiri Rahatghar",Sawantwadi,Rahataghar,,MO,13062,"Ganpati Mandir",134,,,सावंतवाडी,रत्नागिरी,184.8,07:30,12:25,NOBL,,,,
18619,"Sawantwadi To Ratnagiri Rahatghar",Sawantwadi,Rahataghar,,MO,13274,"Kuwa Village",137.9,,,सावंतवाडी,रत्नागिरी,184.8,07:30,12:25,NOBL,,,,
18619,"Sawantwadi To Ratnagiri Rahatghar",Sawantwadi,Rahataghar,,MO,13286,Lanja,142.5,,,सावंतवाडी,रत्नागिरी,184.8,07:30,12:25,NOBL,,,,
18619,"Sawantwadi To Ratnagiri Rahatghar",Sawantwadi,Rahataghar,,MO,13276,"Lanja Poultry Farm",144.3,,,सावंतवाडी,रत्नागिरी,184.8,07:30,12:25,NOBL,,,,
18619,"Sawantwadi To Ratnagiri Rahatghar",Sawantwadi,Rahataghar,,MO,13277,"Lanja Agri. Farm",146.3,,,सावंतवाडी,रत्नागिरी,184.8,07:30,12:25,NOBL,,,,
18619,"Sawantwadi To Ratnagiri Rahatghar",Sawantwadi,Rahataghar,,MO,13011,"Devle Hed Pavas Fata",148,,,सावंतवाडी,रत्नागिरी,184.8,07:30,12:25,NOBL,,,,
18619,"Sawantwadi To Ratnagiri Rahatghar",Sawantwadi,Rahataghar,,MO,13573,Veral,150.4,,,सावंतवाडी,रत्नागिरी,184.8,07:30,12:25,NOBL,,,,
18619,"Sawantwadi To Ratnagiri Rahatghar",Sawantwadi,Rahataghar,,MO,12889,"Anjanari Bridge",152.9,,,सावंतवाडी,रत्नागिरी,184.8,07:30,12:25,NOBL,,,,
18619,"Sawantwadi To Ratnagiri Rahatghar",Sawantwadi,Rahataghar,,MO,13297,Math,156,,,सावंतवाडी,रत्नागिरी,184.8,07:30,12:25,NOBL,,,,
18619,"Sawantwadi To Ratnagiri Rahatghar",Sawantwadi,Rahataghar,,MO,13157,Khanu,158.8,,,सावंतवाडी,रत्नागिरी,184.8,07:30,12:25,NOBL,,,,
18619,"Sawantwadi To Ratnagiri Rahatghar",Sawantwadi,Rahataghar,,MO,16416,Pali,160.6,,,सावंतवाडी,रत्नागिरी,184.8,07:30,12:25,NOBL,,,,
18619,"Sawantwadi To Ratnagiri Rahatghar",Sawantwadi,Rahataghar,,MO,15946,Kapadagaon,165.7,,,सावंतवाडी,रत्नागिरी,184.8,07:30,12:25,NOBL,,,,
18619,"Sawantwadi To Ratnagiri Rahatghar",Sawantwadi,Rahataghar,,MO,15559,Charveli,166,,,सावंतवाडी,रत्नागिरी,184.8,07:30,12:25,NOBL,,,,
18619,"Sawantwadi To Ratnagiri Rahatghar",Sawantwadi,Rahataghar,,MO,16628,Shetifarm,167.6,,,सावंतवाडी,रत्नागिरी,184.8,07:30,12:25,NOBL,,,,
18619,"Sawantwadi To Ratnagiri Rahatghar",Sawantwadi,Rahataghar,,MO,15833,"Hatakhamba Gaon",170.2,,,सावंतवाडी,रत्नागिरी,184.8,07:30,12:25,NOBL,,,,
18619,"Sawantwadi To Ratnagiri Rahatghar",Sawantwadi,Rahataghar,,MO,15851,Hatkhamba,171.8,,,सावंतवाडी,रत्नागिरी,184.8,07:30,12:25,NOBL,,,,
18619,"Sawantwadi To Ratnagiri Rahatghar",Sawantwadi,Rahataghar,,MO,16466,"Panval Fata",173.2,,,सावंतवाडी,रत्नागिरी,184.8,07:30,12:25,NOBL,,,,
18619,"Sawantwadi To Ratnagiri Rahatghar",Sawantwadi,Rahataghar,,MO,15979,"Khedshi Fata",175.2,,,सावंतवाडी,रत्नागिरी,184.8,07:30,12:25,NOBL,,,,
18619,"Sawantwadi To Ratnagiri Rahatghar",Sawantwadi,Rahataghar,,MO,16597,"Ratnagiri Rly. Stn.",176,,,सावंतवाडी,रत्नागिरी,184.8,07:30,12:25,NOBL,,,,
18619,"Sawantwadi To Ratnagiri Rahatghar",Sawantwadi,Rahataghar,,MO,16108,Kuravbao,178.2,,,सावंतवाडी,रत्नागिरी,184.8,07:30,12:25,NOBL,,,,
18619,"Sawantwadi To Ratnagiri Rahatghar",Sawantwadi,Rahataghar,,MO,16663,Shivajinagar,181.8,,,सावंतवाडी,रत्नागिरी,184.8,07:30,12:25,NOBL,,,,
18619,"Sawantwadi To Ratnagiri Rahatghar",Sawantwadi,Rahataghar,,MO,16599,Ratnagiri,184.8,,,सावंतवाडी,रत्नागिरी,184.8,07:30,12:25,NOBL,,,,
18619,"Sawantwadi To Ratnagiri Rahatghar",Sawantwadi,Rahataghar,,MO,16548,Rahataghar,187.1,,,सावंतवाडी,रत्नागिरी,184.8,07:30,12:25,NOBL,,,,
18772,"Satarda To Sawantwadi Via Giroba Mandir",Satarda,Sawantwadi,"GIROBA MANDIR",MO,9771,Satarda,,,,सातार्डा,सावंतवाडी,41,06:45,08:15,ST,,,,
18772,"Satarda To Sawantwadi Via Giroba Mandir",Satarda,Sawantwadi,"GIROBA MANDIR",MO,9775,"Sateli Mandir",4.2,,,सातार्डा,सावंतवाडी,41,06:45,08:15,ST,,,,
18772,"Satarda To Sawantwadi Via Giroba Mandir",Satarda,Sawantwadi,"GIROBA MANDIR",MO,8528,"Giroba Mandir",6.7,,,सातार्डा,सावंतवाडी,41,06:45,08:15,ST,,,,
18772,"Satarda To Sawantwadi Via Giroba Mandir",Satarda,Sawantwadi,"GIROBA MANDIR",MO,8471,"Aros Gawthan 1St Stop",9.1,,,सातार्डा,सावंतवाडी,41,06:45,08:15,ST,,,,
18772,"Satarda To Sawantwadi Via Giroba Mandir",Satarda,Sawantwadi,"GIROBA MANDIR",MO,8475,"Aros Bazar",9.6,,,सातार्डा,सावंतवाडी,41,06:45,08:15,ST,,,,
18772,"Satarda To Sawantwadi Via Giroba Mandir",Satarda,Sawantwadi,"GIROBA MANDIR",MO,8638,Rewathewadi,11.2,,,सातार्डा,सावंतवाडी,41,06:45,08:15,ST,,,,
18772,"Satarda To Sawantwadi Via Giroba Mandir",Satarda,Sawantwadi,"GIROBA MANDIR",MO,8621,"Padlos Keniwada",12.4,,,सातार्डा,सावंतवाडी,41,06:45,08:15,ST,,,,
18772,"Satarda To Sawantwadi Via Giroba Mandir",Satarda,Sawantwadi,"GIROBA MANDIR",MO,8625,"Padlos Mandir",15.9,,,सातार्डा,सावंतवाडी,41,06:45,08:15,ST,,,,
18772,"Satarda To Sawantwadi Via Giroba Mandir",Satarda,Sawantwadi,"GIROBA MANDIR",MO,8575,"Madura Titha",16.6,,,सातार्डा,सावंतवाडी,41,06:45,08:15,ST,,,,
18772,"Satarda To Sawantwadi Via Giroba Mandir",Satarda,Sawantwadi,"GIROBA MANDIR",MO,8573,"Madura Post",17.4,,,सातार्डा,सावंतवाडी,41,06:45,08:15,ST,,,,
18772,"Satarda To Sawantwadi Via Giroba Mandir",Satarda,Sawantwadi,"GIROBA MANDIR",MO,8643,"Sherla Shop",21.1,,,सातार्डा,सावंतवाडी,41,06:45,08:15,ST,,,,
18772,"Satarda To Sawantwadi Via Giroba Mandir",Satarda,Sawantwadi,"GIROBA MANDIR",MO,8486,Banda,26.5,,,सातार्डा,सावंतवाडी,41,06:45,08:15,ST,,,,
18772,"Satarda To Sawantwadi Via Giroba Mandir",Satarda,Sawantwadi,"GIROBA MANDIR",MO,89315,"Exicise Check Post",27,,,सातार्डा,सावंतवाडी,41,06:45,08:15,ST,,,,
18772,"Satarda To Sawantwadi Via Giroba Mandir",Satarda,Sawantwadi,"GIROBA MANDIR",MO,8560,Kondwada,27.8,,,सातार्डा,सावंतवाडी,41,06:45,08:15,ST,,,,
18772,"Satarda To Sawantwadi Via Giroba Mandir",Satarda,Sawantwadi,"GIROBA MANDIR",MO,8499,"Doba Shel",29.9,,,सातार्डा,सावंतवाडी,41,06:45,08:15,ST,,,,
18772,"Satarda To Sawantwadi Via Giroba Mandir",Satarda,Sawantwadi,"GIROBA MANDIR",MO,8578,"Majgaon Nala",38,,,सातार्डा,सावंतवाडी,41,06:45,08:15,ST,,,,
18772,"Satarda To Sawantwadi Via Giroba Mandir",Satarda,Sawantwadi,"GIROBA MANDIR",MO,8663,Sawantwadi,41.6,,,सातार्डा,सावंतवाडी,41,06:45,08:15,ST,,,,
19986,"Vengurle To Sawantwadi Via Tulas Jaitir Mandir",Vengurle,Sawantwadi,"TULAS JAITIR MANDIR",MO,9824,Vengurle,,,,वेंगुर्ला,सावंतवाडी,30.2,07:30,08:35,ST,,,,
19986,"Vengurle To Sawantwadi Via Tulas Jaitir Mandir",Vengurle,Sawantwadi,"TULAS JAITIR MANDIR",MO,9765,"Rameshwar Mandir",2.9,,,वेंगुर्ला,सावंतवाडी,30.2,07:30,08:35,ST,,,,
19986,"Vengurle To Sawantwadi Via Tulas Jaitir Mandir",Vengurle,Sawantwadi,"TULAS JAITIR MANDIR",MO,9742,"Octroi Naka Ansur Fata",5.5,,,वेंगुर्ला,सावंतवाडी,30.2,07:30,08:35,ST,,,,
19986,"Vengurle To Sawantwadi Via Tulas Jaitir Mandir",Vengurle,Sawantwadi,"TULAS JAITIR MANDIR",MO,9815,"Tulus Gorewadi",7.5,,,वेंगुर्ला,सावंतवाडी,30.2,07:30,08:35,ST,,,,
19986,"Vengurle To Sawantwadi Via Tulas Jaitir Mandir",Vengurle,Sawantwadi,"TULAS JAITIR MANDIR",MO,9812,"Tulas Jaitir Mandir",11.1,,,वेंगुर्ला,सावंतवाडी,30.2,07:30,08:35,ST,,,,
19986,"Vengurle To Sawantwadi Via Tulas Jaitir Mandir",Vengurle,Sawantwadi,"TULAS JAITIR MANDIR",MO,9650,Hodawada,15.3,,,वेंगुर्ला,सावंतवाडी,30.2,07:30,08:35,ST,,,,
19986,"Vengurle To Sawantwadi Via Tulas Jaitir Mandir",Vengurle,Sawantwadi,"TULAS JAITIR MANDIR",MO,9798,"Talawade Gate",16.5,,,वेंगुर्ला,सावंतवाडी,30.2,07:30,08:35,ST,,,,
19986,"Vengurle To Sawantwadi Via Tulas Jaitir Mandir",Vengurle,Sawantwadi,"TULAS JAITIR MANDIR",MO,9692,"Konapal Bhaid",20.3,,,वेंगुर्ला,सावंतवाडी,30.2,07:30,08:35,ST,,,,
19986,"Vengurle To Sawantwadi Via Tulas Jaitir Mandir",Vengurle,Sawantwadi,"TULAS JAITIR MANDIR",MO,8641,"Railway Station",21.2,,,वेंगुर्ला,सावंतवाडी,30.2,07:30,08:35,ST,,,,
19986,"Vengurle To Sawantwadi Via Tulas Jaitir Mandir",Vengurle,Sawantwadi,"TULAS JAITIR MANDIR",MO,8674,"Vengurle Shiroda Titha",23.8,,,वेंगुर्ला,सावंतवाडी,30.2,07:30,08:35,ST,,,,
19986,"Vengurle To Sawantwadi Via Tulas Jaitir Mandir",Vengurle,Sawantwadi,"TULAS JAITIR MANDIR",MO,8580,Malgaon,24.2,,,वेंगुर्ला,सावंतवाडी,30.2,07:30,08:35,ST,,,,
19986,"Vengurle To Sawantwadi Via Tulas Jaitir Mandir",Vengurle,Sawantwadi,"TULAS JAITIR MANDIR",MO,8523,"Gulabi Titha",26.8,,,वेंगुर्ला,सावंतवाडी,30.2,07:30,08:35,ST,,,,
19986,"Vengurle To Sawantwadi Via Tulas Jaitir Mandir",Vengurle,Sawantwadi,"TULAS JAITIR MANDIR",MO,8663,Sawantwadi,31.8,,,वेंगुर्ला,सावंतवाडी,30.2,07:30,08:35,ST,,,,
60600,"Bijghar Colony To Dodamarg Via Sonaval","Bijghar Colony",Dodamarg,SONAVAL,MO,2241,"Bijghar Colony",,,,बिजघर,दोडामार्ग,31.1,06:45,07:45,ST,,,,
60600,"Bijghar Colony To Dodamarg Via Sonaval","Bijghar Colony",Dodamarg,SONAVAL,MO,2259,"Kharade Bridge",4.6,,,बिजघर,दोडामार्ग,31.1,06:45,07:45,ST,,,,
60600,"Bijghar Colony To Dodamarg Via Sonaval","Bijghar Colony",Dodamarg,SONAVAL,MO,2296,Mulas,6.5,,,बिजघर,दोडामार्ग,31.1,06:45,07:45,ST,,,,
60600,"Bijghar Colony To Dodamarg Via Sonaval","Bijghar Colony",Dodamarg,SONAVAL,MO,2298,"Nagnath Mandir",7.6,,,बिजघर,दोडामार्ग,31.1,06:45,07:45,ST,,,,
60600,"Bijghar Colony To Dodamarg Via Sonaval","Bijghar Colony",Dodamarg,SONAVAL,MO,2284,Medhe,7.9,,,बिजघर,दोडामार्ग,31.1,06:45,07:45,ST,,,,
60600,"Bijghar Colony To Dodamarg Via Sonaval","Bijghar Colony",Dodamarg,SONAVAL,MO,2311,Sonaval,8,,,बिजघर,दोडामार्ग,31.1,06:45,07:45,ST,,,,
60600,"Bijghar Colony To Dodamarg Via Sonaval","Bijghar Colony",Dodamarg,SONAVAL,MO,2284,Medhe,8.5,,,बिजघर,दोडामार्ग,31.1,06:45,07:45,ST,,,,
60600,"Bijghar Colony To Dodamarg Via Sonaval","Bijghar Colony",Dodamarg,SONAVAL,MO,2332,Tirali,12.6,,,बिजघर,दोडामार्ग,31.1,06:45,07:45,ST,,,,
60600,"Bijghar Colony To Dodamarg Via Sonaval","Bijghar Colony",Dodamarg,SONAVAL,MO,2329,"Tillari Bank",13.1,,,बिजघर,दोडामार्ग,31.1,06:45,07:45,ST,,,,
60600,"Bijghar Colony To Dodamarg Via Sonaval","Bijghar Colony",Dodamarg,SONAVAL,MO,2283,"Londhewadi Mecanic Colony",14.9,,,बिजघर,दोडामार्ग,31.1,06:45,07:45,ST,,,,
60600,"Bijghar Colony To Dodamarg Via Sonaval","Bijghar Colony",Dodamarg,SONAVAL,MO,2274,"Konal Katta",15.3,,,बिजघर,दोडामार्ग,31.1,06:45,07:45,ST,,,,
60600,"Bijghar Colony To Dodamarg Via Sonaval","Bijghar Colony",Dodamarg,SONAVAL,MO,2232,Awade,17.6,,,बिजघर,दोडामार्ग,31.1,06:45,07:45,ST,,,,
60600,"Bijghar Colony To Dodamarg Via Sonaval","Bijghar Colony",Dodamarg,SONAVAL,MO,2318,"Sateli Bhedashi",18.7,,,बिजघर,दोडामार्ग,31.1,06:45,07:45,ST,,,,
60600,"Bijghar Colony To Dodamarg Via Sonaval","Bijghar Colony",Dodamarg,SONAVAL,MO,2236,"Bhedshi Nadi",19.7,,,बिजघर,दोडामार्ग,31.1,06:45,07:45,ST,,,,
60600,"Bijghar Colony To Dodamarg Via Sonaval","Bijghar Colony",Dodamarg,SONAVAL,MO,2344,"Zare Bambar",22.5,,,बिजघर,दोडामार्ग,31.1,06:45,07:45,ST,,,,
60600,"Bijghar Colony To Dodamarg Via Sonaval","Bijghar Colony",Dodamarg,SONAVAL,MO,2229,Ambeli,25.2,,,बिजघर,दोडामार्ग,31.1,06:45,07:45,ST,,,,
60600,"Bijghar Colony To Dodamarg Via Sonaval","Bijghar Colony",Dodamarg,SONAVAL,MO,2247,Dodamarg,31.1,,,बिजघर,दोडामार्ग,31.1,06:45,07:45,ST,,,,
61924,"Palye To Dodamarg Via Kudasa",Palye,Dodamarg,KUDASA,MO,2303,Palye,,,,पाळये,दोडामार्ग,31,10:00,11:15,ST,,,,
61924,"Palye To Dodamarg Via Kudasa",Palye,Dodamarg,KUDASA,MO,2332,Tirali,3.8,,,पाळये,दोडामार्ग,31,10:00,11:15,ST,,,,
61924,"Palye To Dodamarg Via Kudasa",Palye,Dodamarg,KUDASA,MO,2283,"Londhewadi Mecanic Colony",6.1,,,पाळये,दोडामार्ग,31,10:00,11:15,ST,,,,
61924,"Palye To Dodamarg Via Kudasa",Palye,Dodamarg,KUDASA,MO,2274,"Konal Katta",7,,,पाळये,दोडामार्ग,31,10:00,11:15,ST,,,,
61924,"Palye To Dodamarg Via Kudasa",Palye,Dodamarg,KUDASA,MO,2232,Awade,8.8,,,पाळये,दोडामार्ग,31,10:00,11:15,ST,,,,
61924,"Palye To Dodamarg Via Kudasa",Palye,Dodamarg,KUDASA,MO,2318,"Sateli Bhedashi",9.9,,,पाळये,दोडामार्ग,31,10:00,11:15,ST,,,,
61924,"Palye To Dodamarg Via Kudasa",Palye,Dodamarg,KUDASA,MO,2236,"Bhedshi Nadi",10.9,,,पाळये,दोडामार्ग,31,10:00,11:15,ST,,,,
61924,"Palye To Dodamarg Via Kudasa",Palye,Dodamarg,KUDASA,MO,2244,Dhangarwadi,11.1,,,पाळये,दोडामार्ग,31,10:00,11:15,ST,,,,
61924,"Palye To Dodamarg Via Kudasa",Palye,Dodamarg,KUDASA,MO,2282,Kudasa,11.5,,,पाळये,दोडामार्ग,31,10:00,11:15,ST,,,,
61924,"Palye To Dodamarg Via Kudasa",Palye,Dodamarg,KUDASA,MO,2244,Dhangarwadi,11.8,,,पाळये,दोडामार्ग,31,10:00,11:15,ST,,,,
61924,"Palye To Dodamarg Via Kudasa",Palye,Dodamarg,KUDASA,MO,2263,"Kudase Titha",12,,,पाळये,दोडामार्ग,31,10:00,11:15,ST,,,,
61924,"Palye To Dodamarg Via Kudasa",Palye,Dodamarg,KUDASA,MO,2344,"Zare Bambar",13.7,,,पाळये,दोडामार्ग,31,10:00,11:15,ST,,,,
61924,"Palye To Dodamarg Via Kudasa",Palye,Dodamarg,KUDASA,MO,2304,"Pal Punarvasan",14.3,,,पाळये,दोडामार्ग,31,10:00,11:15,ST,,,,
61924,"Palye To Dodamarg Via Kudasa",Palye,Dodamarg,KUDASA,MO,2229,Ambeli,16.4,,,पाळये,दोडामार्ग,31,10:00,11:15,ST,,,,
61924,"Palye To Dodamarg Via Kudasa",Palye,Dodamarg,KUDASA,MO,2289,"Maneri Dhangarwadi",29,,,पाळये,दोडामार्ग,31,10:00,11:15,ST,,,,
61924,"Palye To Dodamarg Via Kudasa",Palye,Dodamarg,KUDASA,MO,8470,Amboli,31,,,पाळये,दोडामार्ग,31,10:00,11:15,ST,,,,
61924,"Palye To Dodamarg Via Kudasa",Palye,Dodamarg,KUDASA,MO,2247,Dodamarg,35,,,पाळये,दोडामार्ग,31,10:00,11:15,ST,,,,
61971,"Insuli Mauli Mandir To Sawantwadi Via Pagawadi","Insuli Mauli Madir",Sawantwadi,PAGAWADI,MO,8622,Pagawadi,,,,पागावाडी,सावंतवाडी,12,06:35,07:20,ST,,,,
61971,"Insuli Mauli Mandir To Sawantwadi Via Pagawadi","Insuli Mauli Madir",Sawantwadi,PAGAWADI,MO,8533,"Insuli Mauli Madir",0.1,,,पागावाडी,सावंतवाडी,12,06:35,07:20,ST,,,,
61971,"Insuli Mauli Mandir To Sawantwadi Via Pagawadi","Insuli Mauli Madir",Sawantwadi,PAGAWADI,MO,27429,Highschool,3,,,पागावाडी,सावंतवाडी,12,06:35,07:20,ST,,,,
61971,"Insuli Mauli Mandir To Sawantwadi Via Pagawadi","Insuli Mauli Madir",Sawantwadi,PAGAWADI,MO,8491,"Charata Post",6,,,पागावाडी,सावंतवाडी,12,06:35,07:20,ST,,,,
61971,"Insuli Mauli Mandir To Sawantwadi Via Pagawadi","Insuli Mauli Madir",Sawantwadi,PAGAWADI,MO,8578,"Majgaon Nala",9,,,पागावाडी,सावंतवाडी,12,06:35,07:20,ST,,,,
61971,"Insuli Mauli Mandir To Sawantwadi Via Pagawadi","Insuli Mauli Madir",Sawantwadi,PAGAWADI,MO,8663,Sawantwadi,12,,,पागावाडी,सावंतवाडी,12,06:35,07:20,ST,,,,
63617,"Dodamarg To Parme Via Sateli Bhedashi",Dodamarg,Parme,"SATELI BHEDASHI",MO,2247,Dodamarg,,,,दोडामार्ग,,18,09:15,10:40,OBL,,,,
63617,"Dodamarg To Parme Via Sateli Bhedashi",Dodamarg,Parme,"SATELI BHEDASHI",MO,2229,Ambeli,3,,,दोडामार्ग,,18,09:15,10:40,OBL,,,,
63617,"Dodamarg To Parme Via Sateli Bhedashi",Dodamarg,Parme,"SATELI BHEDASHI",MO,2344,"Zare Bambar",6,,,दोडामार्ग,,18,09:15,10:40,OBL,,,,
63617,"Dodamarg To Parme Via Sateli Bhedashi",Dodamarg,Parme,"SATELI BHEDASHI",MO,2236,"Bhedshi Nadi",9,,,दोडामार्ग,,18,09:15,10:40,OBL,,,,
63617,"Dodamarg To Parme Via Sateli Bhedashi",Dodamarg,Parme,"SATELI BHEDASHI",MO,2318,"Sateli Bhedashi",10,,,दोडामार्ग,,18,09:15,10:40,OBL,,,,
63617,"Dodamarg To Parme Via Sateli Bhedashi",Dodamarg,Parme,"SATELI BHEDASHI",MO,2319,"Sateli Mandir",12,,,दोडामार्ग,,18,09:15,10:40,OBL,,,,
63617,"Dodamarg To Parme Via Sateli Bhedashi",Dodamarg,Parme,"SATELI BHEDASHI",MO,2252,Ghotagewadi,14,,,दोडामार्ग,,18,09:15,10:40,OBL,,,,
63617,"Dodamarg To Parme Via Sateli Bhedashi",Dodamarg,Parme,"SATELI BHEDASHI",MO,2307,Parme,15,,,दोडामार्ग,,18,09:15,10:40,OBL,,,,
63618,"Parme To Dodamarg",Parme,Dodamarg,,MO,2307,Parme,,,,,दोडामार्ग,18,17:50,18:35,OBL,,,,
63618,"Parme To Dodamarg",Parme,Dodamarg,,MO,2252,Ghotagewadi,1,,,,दोडामार्ग,18,17:50,18:35,OBL,,,,
63618,"Parme To Dodamarg",Parme,Dodamarg,,MO,9775,"Sateli Mandir",3,,,,दोडामार्ग,18,17:50,18:35,OBL,,,,
63618,"Parme To Dodamarg",Parme,Dodamarg,,MO,2318,"Sateli Bhedashi",5,,,,दोडामार्ग,18,17:50,18:35,OBL,,,,
63618,"Parme To Dodamarg",Parme,Dodamarg,,MO,2236,"Bhedshi Nadi",6,,,,दोडामार्ग,18,17:50,18:35,OBL,,,,
63618,"Parme To Dodamarg",Parme,Dodamarg,,MO,2344,"Zare Bambar",9,,,,दोडामार्ग,18,17:50,18:35,OBL,,,,
63618,"Parme To Dodamarg",Parme,Dodamarg,,MO,2229,Ambeli,12,,,,दोडामार्ग,18,17:50,18:35,OBL,,,,
63618,"Parme To Dodamarg",Parme,Dodamarg,,MO,2247,Dodamarg,15,,,,दोडामार्ग,18,17:50,18:35,OBL,,,,
73438,"Sawantwadi To Dhawadaki Datta Mandir",Sawantwadi,"Dhawadaki Datta Mandir",,MO,8663,Sawantwadi,,,,सावंतवाडी,धवडकी,11.5,16:30,16:50,ST,,,,
73438,"Sawantwadi To Dhawadaki Datta Mandir",Sawantwadi,"Dhawadaki Datta Mandir",,MO,1199,Burdi,4,,,सावंतवाडी,धवडकी,11.5,16:30,16:50,ST,,,,
73438,"Sawantwadi To Dhawadaki Datta Mandir",Sawantwadi,"Dhawadaki Datta Mandir",,MO,8570,Madkhol,7.4,,,सावंतवाडी,धवडकी,11.5,16:30,16:50,ST,,,,
73438,"Sawantwadi To Dhawadaki Datta Mandir",Sawantwadi,"Dhawadaki Datta Mandir",,MO,8569,"Madkhol Met",9.8,,,सावंतवाडी,धवडकी,11.5,16:30,16:50,ST,,,,
73438,"Sawantwadi To Dhawadaki Datta Mandir",Sawantwadi,"Dhawadaki Datta Mandir",,MO,8496,"Dhawadaki Datta Mandir",11.5,,,सावंतवाडी,धवडकी,11.5,16:30,16:50,ST,,,,
88386,"Sawantwadi To Kesari",Sawantwadi,Phanasawade,,MO,8663,Sawantwadi,,,,सावंतवाडी,फणसवडे,24,14:00,18:45,ST,,,,
88386,"Sawantwadi To Kesari",Sawantwadi,Phanasawade,,MO,8636,Pedavewadi,1.5,,,सावंतवाडी,फणसवडे,24,14:00,18:45,ST,,,,
88386,"Sawantwadi To Kesari",Sawantwadi,Phanasawade,,MO,8488,"Burdi Pul",3,,,सावंतवाडी,फणसवडे,24,14:00,18:45,ST,,,,
88386,"Sawantwadi To Kesari",Sawantwadi,Phanasawade,,MO,8653,"Sapale Stop",6,,,सावंतवाडी,फणसवडे,24,14:00,18:45,ST,,,,
88386,"Sawantwadi To Kesari",Sawantwadi,Phanasawade,,MO,8570,Madkhol,8,,,सावंतवाडी,फणसवडे,24,14:00,18:45,ST,,,,
88386,"Sawantwadi To Kesari",Sawantwadi,Phanasawade,,MO,8569,"Madkhol Met",9,,,सावंतवाडी,फणसवडे,24,14:00,18:45,ST,,,,
88386,"Sawantwadi To Kesari",Sawantwadi,Phanasawade,,MO,8496,"Dhawadaki Datta Mandir",10.5,,,सावंतवाडी,फणसवडे,24,14:00,18:45,ST,,,,
88386,"Sawantwadi To Kesari",Sawantwadi,Phanasawade,,MO,8513,"Dhawadaki School",11,,,सावंतवाडी,फणसवडे,24,14:00,18:45,ST,,,,
88386,"Sawantwadi To Kesari",Sawantwadi,Phanasawade,,MO,8510,Danoli,12,,,सावंतवाडी,फणसवडे,24,14:00,18:45,ST,,,,
88386,"Sawantwadi To Kesari",Sawantwadi,Phanasawade,,MO,8546,Kesari,15.4,,,सावंतवाडी,फणसवडे,24,14:00,18:45,ST,,,,
107675,"Sawantwadi To Usap Via Zare Bambar",Sawantwadi,Usap,"ZARE BAMBAR",MO,8663,Sawantwadi,,,,सावंतवाडी,उसप,51.4,12:30,14:30,ST,,,,
107675,"Sawantwadi To Usap Via Zare Bambar",Sawantwadi,Usap,"ZARE BAMBAR",MO,8578,"Majgaon Nala",3.2,,,सावंतवाडी,उसप,51.4,12:30,14:30,ST,,,,
107675,"Sawantwadi To Usap Via Zare Bambar",Sawantwadi,Usap,"ZARE BAMBAR",MO,8499,"Doba Shel",6.5,,,सावंतवाडी,उसप,51.4,12:30,14:30,ST,,,,
107675,"Sawantwadi To Usap Via Zare Bambar",Sawantwadi,Usap,"ZARE BAMBAR",MO,8560,Kondwada,8.6,,,सावंतवाडी,उसप,51.4,12:30,14:30,ST,,,,
107675,"Sawantwadi To Usap Via Zare Bambar",Sawantwadi,Usap,"ZARE BAMBAR",MO,89315,"Exicise Check Post",9,,,सावंतवाडी,उसप,51.4,12:30,14:30,ST,,,,
107675,"Sawantwadi To Usap Via Zare Bambar",Sawantwadi,Usap,"ZARE BAMBAR",MO,8486,Banda,12.6,,,सावंतवाडी,उसप,51.4,12:30,14:30,ST,,,,
107675,"Sawantwadi To Usap Via Zare Bambar",Sawantwadi,Usap,"ZARE BAMBAR",MO,8619,Panval,15,,,सावंतवाडी,उसप,51.4,12:30,14:30,ST,,,,
107675,"Sawantwadi To Usap Via Zare Bambar",Sawantwadi,Usap,"ZARE BAMBAR",MO,8558,"Kumbral Fata",18,,,सावंतवाडी,उसप,51.4,12:30,14:30,ST,,,,
107675,"Sawantwadi To Usap Via Zare Bambar",Sawantwadi,Usap,"ZARE BAMBAR",MO,8467,"Adali Mauli Mandir",20.9,,,सावंतवाडी,उसप,51.4,12:30,14:30,ST,,,,
107675,"Sawantwadi To Usap Via Zare Bambar",Sawantwadi,Usap,"ZARE BAMBAR",MO,2363,Kalane,25.1,,,सावंतवाडी,उसप,51.4,12:30,14:30,ST,,,,
107675,"Sawantwadi To Usap Via Zare Bambar",Sawantwadi,Usap,"ZARE BAMBAR",MO,2268,"Kalne High School",26,,,सावंतवाडी,उसप,51.4,12:30,14:30,ST,,,,
107675,"Sawantwadi To Usap Via Zare Bambar",Sawantwadi,Usap,"ZARE BAMBAR",MO,2269,"Kalane Sada",27,,,सावंतवाडी,उसप,51.4,12:30,14:30,ST,,,,
107675,"Sawantwadi To Usap Via Zare Bambar",Sawantwadi,Usap,"ZARE BAMBAR",MO,2316,Sasoli,29.6,,,सावंतवाडी,उसप,51.4,12:30,14:30,ST,,,,
107675,"Sawantwadi To Usap Via Zare Bambar",Sawantwadi,Usap,"ZARE BAMBAR",MO,2315,"Sasoli Bharpal Titha",30.4,,,सावंतवाडी,उसप,51.4,12:30,14:30,ST,,,,
107675,"Sawantwadi To Usap Via Zare Bambar",Sawantwadi,Usap,"ZARE BAMBAR",MO,2290,Maneri,33.2,,,सावंतवाडी,उसप,51.4,12:30,14:30,ST,,,,
107675,"Sawantwadi To Usap Via Zare Bambar",Sawantwadi,Usap,"ZARE BAMBAR",MO,2247,Dodamarg,36.9,,,सावंतवाडी,उसप,51.4,12:30,14:30,ST,,,,
107675,"Sawantwadi To Usap Via Zare Bambar",Sawantwadi,Usap,"ZARE BAMBAR",MO,2229,Ambeli,39.6,,,सावंतवाडी,उसप,51.4,12:30,14:30,ST,,,,
107675,"Sawantwadi To Usap Via Zare Bambar",Sawantwadi,Usap,"ZARE BAMBAR",MO,2344,"Zare Bambar",42.3,,,सावंतवाडी,उसप,51.4,12:30,14:30,ST,,,,
107675,"Sawantwadi To Usap Via Zare Bambar",Sawantwadi,Usap,"ZARE BAMBAR",MO,2308,"Pikule School",45,,,सावंतवाडी,उसप,51.4,12:30,14:30,ST,,,,
107675,"Sawantwadi To Usap Via Zare Bambar",Sawantwadi,Usap,"ZARE BAMBAR",MO,2266,"Khokral Titha",48.5,,,सावंतवाडी,उसप,51.4,12:30,14:30,ST,,,,
107675,"Sawantwadi To Usap Via Zare Bambar",Sawantwadi,Usap,"ZARE BAMBAR",MO,2334,Usap,51.4,,,सावंतवाडी,उसप,51.4,12:30,14:30,ST,,,,
10665,"Banda To Konshi Via Vafoli Sosc",Banda,Konshi,"VAFOLI SOSC",MO,8486,Banda,,,,बांदा,भालावल,9,07:40,08:10,OBL,,,,
10665,"Banda To Konshi Via Vafoli Sosc",Banda,Konshi,"VAFOLI SOSC",MO,8672,"Vafoli Sosc",2.3,,,बांदा,भालावल,9,07:40,08:10,OBL,,,,
10665,"Banda To Konshi Via Vafoli Sosc",Banda,Konshi,"VAFOLI SOSC",MO,8673,"Vilavade Wad",5.5,,,बांदा,भालावल,9,07:40,08:10,OBL,,,,
10665,"Banda To Konshi Via Vafoli Sosc",Banda,Konshi,"VAFOLI SOSC",MO,8477,"Bhalawal Shop",8.5,,,बांदा,भालावल,9,07:40,08:10,OBL,,,,
10665,"Banda To Konshi Via Vafoli Sosc",Banda,Konshi,"VAFOLI SOSC",MO,8616,"Otavane Titha",9,,,बांदा,भालावल,9,07:40,08:10,OBL,,,,
10665,"Banda To Konshi Via Vafoli Sosc",Banda,Konshi,"VAFOLI SOSC",MO,8680,"Wetal Mandir",10.5,,,बांदा,भालावल,9,07:40,08:10,OBL,,,,
10665,"Banda To Konshi Via Vafoli Sosc",Banda,Konshi,"VAFOLI SOSC",MO,8497,Dhangarwadi,11.3,,,बांदा,भालावल,9,07:40,08:10,OBL,,,,
10665,"Banda To Konshi Via Vafoli Sosc",Banda,Konshi,"VAFOLI SOSC",MO,8559,Konshi,14.5,,,बांदा,भालावल,9,07:40,08:10,OBL,,,,
10786,"Dodamarg To Ker",Dodamarg,Ker,,MO,2247,Dodamarg,,,,दोडामार्ग,केर,26.5,16:00,16:30,ST,,,,
10786,"Dodamarg To Ker",Dodamarg,Ker,,MO,2229,Ambeli,2.7,,,दोडामार्ग,केर,26.5,16:00,16:30,ST,,,,
10786,"Dodamarg To Ker",Dodamarg,Ker,,MO,2344,"Zare Bambar",5.4,,,दोडामार्ग,केर,26.5,16:00,16:30,ST,,,,
10786,"Dodamarg To Ker",Dodamarg,Ker,,MO,2236,"Bhedshi Nadi",8.2,,,दोडामार्ग,केर,26.5,16:00,16:30,ST,,,,
10786,"Dodamarg To Ker",Dodamarg,Ker,,MO,2318,"Sateli Bhedashi",9.2,,,दोडामार्ग,केर,26.5,16:00,16:30,ST,,,,
10786,"Dodamarg To Ker",Dodamarg,Ker,,MO,2232,Awade,10.3,,,दोडामार्ग,केर,26.5,16:00,16:30,ST,,,,
10786,"Dodamarg To Ker",Dodamarg,Ker,,MO,2274,"Konal Katta",12.6,,,दोडामार्ग,केर,26.5,16:00,16:30,ST,,,,
10786,"Dodamarg To Ker",Dodamarg,Ker,,MO,2283,"Londhewadi Mecanic Colony",13,,,दोडामार्ग,केर,26.5,16:00,16:30,ST,,,,
10786,"Dodamarg To Ker",Dodamarg,Ker,,MO,2329,"Tillari Bank",14.8,,,दोडामार्ग,केर,26.5,16:00,16:30,ST,,,,
10786,"Dodamarg To Ker",Dodamarg,Ker,,MO,2332,Tirali,15.3,,,दोडामार्ग,केर,26.5,16:00,16:30,ST,,,,
10786,"Dodamarg To Ker",Dodamarg,Ker,,MO,2252,Ghotagewadi,19.6,,,दोडामार्ग,केर,26.5,16:00,16:30,ST,,,,
10786,"Dodamarg To Ker",Dodamarg,Ker,,MO,2244,Dhangarwadi,21,,,दोडामार्ग,केर,26.5,16:00,16:30,ST,,,,
10786,"Dodamarg To Ker",Dodamarg,Ker,,MO,2292,"Morle Gaon",22.8,,,दोडामार्ग,केर,26.5,16:00,16:30,ST,,,,
10786,"Dodamarg To Ker",Dodamarg,Ker,,MO,2278,Ker,26.5,,,दोडामार्ग,केर,26.5,16:00,16:30,ST,,,,
10794,"Dodamarg To Pikule Mandir Via Usap Titta",Dodamarg,"Pikule Mandir","USAP TITTA",MO,2247,Dodamarg,,,,दोडामार्ग,पिकुळे,12.3,18:15,18:30,ST,,,,
10794,"Dodamarg To Pikule Mandir Via Usap Titta",Dodamarg,"Pikule Mandir","USAP TITTA",MO,2229,Ambeli,2.7,,,दोडामार्ग,पिकुळे,12.3,18:15,18:30,ST,,,,
10794,"Dodamarg To Pikule Mandir Via Usap Titta",Dodamarg,"Pikule Mandir","USAP TITTA",MO,2344,"Zare Bambar",5.4,,,दोडामार्ग,पिकुळे,12.3,18:15,18:30,ST,,,,
10794,"Dodamarg To Pikule Mandir Via Usap Titta",Dodamarg,"Pikule Mandir","USAP TITTA",MO,2335,"Usap Titta",7.7,,,दोडामार्ग,पिकुळे,12.3,18:15,18:30,ST,,,,
10794,"Dodamarg To Pikule Mandir Via Usap Titta",Dodamarg,"Pikule Mandir","USAP TITTA",MO,2265,"Kajulwadi Titha",10,,,दोडामार्ग,पिकुळे,12.3,18:15,18:30,ST,,,,
10794,"Dodamarg To Pikule Mandir Via Usap Titta",Dodamarg,"Pikule Mandir","USAP TITTA",MO,2308,"Pikule School",11.5,,,दोडामार्ग,पिकुळे,12.3,18:15,18:30,ST,,,,
10794,"Dodamarg To Pikule Mandir Via Usap Titta",Dodamarg,"Pikule Mandir","USAP TITTA",MO,2301,"Pikule Mandir",13.3,,,दोडामार्ग,पिकुळे,12.3,18:15,18:30,ST,,,,
10810,"Kankavli To Ajara",Kankavli,Ajara,,MO,2786,Kankavli,,,,कणकवली,आजरा,117.8,16:30,20:15,NOBL,,,,
10810,"Kankavli To Ajara",Kankavli,Ajara,,MO,3002,Wagde,3,,,कणकवली,आजरा,117.8,16:30,20:15,NOBL,,,,
10810,"Kankavli To Ajara",Kankavli,Ajara,,MO,2692,Dangalwadi,4.9,,,कणकवली,आजरा,117.8,16:30,20:15,NOBL,,,,
10810,"Kankavli To Ajara",Kankavli,Ajara,,MO,2888,"Osargaon Asrondi Fata",6.6,,,कणकवली,आजरा,117.8,16:30,20:15,NOBL,,,,
10810,"Kankavli To Ajara",Kankavli,Ajara,,MO,2891,"Osargaon Talav",7.1,,,कणकवली,आजरा,117.8,16:30,20:15,NOBL,,,,
10810,"Kankavli To Ajara",Kankavli,Ajara,,MO,2890,"Osargaon Post",10.2,,,कणकवली,आजरा,117.8,16:30,20:15,NOBL,,,,
10810,"Kankavli To Ajara",Kankavli,Ajara,,MO,6281,Kasal,14.3,,,कणकवली,आजरा,117.8,16:30,20:15,NOBL,,,,
10810,"Kankavli To Ajara",Kankavli,Ajara,,MO,6282,"Kasal Balamwadi",15.7,,,कणकवली,आजरा,117.8,16:30,20:15,NOBL,,,,
10810,"Kankavli To Ajara",Kankavli,Ajara,,MO,6116,Awali,17,,,कणकवली,आजरा,117.8,16:30,20:15,NOBL,,,,
10810,"Kankavli To Ajara",Kankavli,Ajara,,MO,6224,"Jijamata Hospital",21,,,कणकवली,आजरा,117.8,16:30,20:15,NOBL,,,,
10810,"Kankavli To Ajara",Kankavli,Ajara,,MO,6206,"Humarmala Rane Dukan",22.4,,,कणकवली,आजरा,117.8,16:30,20:15,NOBL,,,,
10810,"Kankavli To Ajara",Kankavli,Ajara,,MO,6204,"Humarmala Kasale Dukan",23.8,,,कणकवली,आजरा,117.8,16:30,20:15,NOBL,,,,
10810,"Kankavli To Ajara",Kankavli,Ajara,,MO,6365,Pandur,25.7,,,कणकवली,आजरा,117.8,16:30,20:15,NOBL,,,,
10810,"Kankavli To Ajara",Kankavli,Ajara,,MO,6237,"Kudal St Depot",34.7,,,कणकवली,आजरा,117.8,16:30,20:15,NOBL,,,,
10810,"Kankavli To Ajara",Kankavli,Ajara,,MO,2069,"Modka Wad",36.7,,,कणकवली,आजरा,117.8,16:30,20:15,NOBL,,,,
10810,"Kankavli To Ajara",Kankavli,Ajara,,MO,6126,Bibavane,39.9,,,कणकवली,आजरा,117.8,16:30,20:15,NOBL,,,,
10810,"Kankavli To Ajara",Kankavli,Ajara,,MO,6322,"Mandkuli Fata",40.4,,,कणकवली,आजरा,117.8,16:30,20:15,NOBL,,,,
10810,"Kankavli To Ajara",Kankavli,Ajara,,MO,6473,"Zarap Jambhal",45.4,,,कणकवली,आजरा,117.8,16:30,20:15,NOBL,,,,
10810,"Kankavli To Ajara",Kankavli,Ajara,,MO,6231,"Khan Mohalla",46.9,,,कणकवली,आजरा,117.8,16:30,20:15,NOBL,,,,
10810,"Kankavli To Ajara",Kankavli,Ajara,,MO,6205,Humras,47.4,,,कणकवली,आजरा,117.8,16:30,20:15,NOBL,,,,
10810,"Kankavli To Ajara",Kankavli,Ajara,,MO,6101,Akeri,49.5,,,कणकवली,आजरा,117.8,16:30,20:15,NOBL,,,,
10810,"Kankavli To Ajara",Kankavli,Ajara,,MO,8551,"Kolgaon Thita",51.7,,,कणकवली,आजरा,117.8,16:30,20:15,NOBL,,,,
10810,"Kankavli To Ajara",Kankavli,Ajara,,MO,8663,Sawantwadi,55.4,,,कणकवली,आजरा,117.8,16:30,20:15,NOBL,,,,
10810,"Kankavli To Ajara",Kankavli,Ajara,,MO,8570,Madkhol,63.3,,,कणकवली,आजरा,117.8,16:30,20:15,NOBL,,,,
10810,"Kankavli To Ajara",Kankavli,Ajara,,MO,8569,"Madkhol Met",64.4,,,कणकवली,आजरा,117.8,16:30,20:15,NOBL,,,,
10810,"Kankavli To Ajara",Kankavli,Ajara,,MO,8496,"Dhawadaki Datta Mandir",66,,,कणकवली,आजरा,117.8,16:30,20:15,NOBL,,,,
10810,"Kankavli To Ajara",Kankavli,Ajara,,MO,8510,Danoli,68.5,,,कणकवली,आजरा,117.8,16:30,20:15,NOBL,,,,
10810,"Kankavli To Ajara",Kankavli,Ajara,,MO,8564,Kumbheshwar,70.4,,,कणकवली,आजरा,117.8,16:30,20:15,NOBL,,,,
10810,"Kankavli To Ajara",Kankavli,Ajara,,MO,8607,Nanapani,76.4,,,कणकवली,आजरा,117.8,16:30,20:15,NOBL,,,,
10810,"Kankavli To Ajara",Kankavli,Ajara,,MO,8679,"Water Fall",80,,,कणकवली,आजरा,117.8,16:30,20:15,NOBL,,,,
10810,"Kankavli To Ajara",Kankavli,Ajara,,MO,8470,Amboli,84.9,,,कणकवली,आजरा,117.8,16:30,20:15,NOBL,,,,
10810,"Kankavli To Ajara",Kankavli,Ajara,,MO,8582,Mulvanwadi,88.4,,,कणकवली,आजरा,117.8,16:30,20:15,NOBL,,,,
10810,"Kankavli To Ajara",Kankavli,Ajara,,MO,8473,"Ajra Fata",91.4,,,कणकवली,आजरा,117.8,16:30,20:15,NOBL,,,,
10810,"Kankavli To Ajara",Kankavli,Ajara,,MO,8606,"Nangartas Awate Dukan",94.2,,,कणकवली,आजरा,117.8,16:30,20:15,NOBL,,,,
10810,"Kankavli To Ajara",Kankavli,Ajara,,MO,24833,Menon,97,,,कणकवली,आजरा,117.8,16:30,20:15,NOBL,,,,
10810,"Kankavli To Ajara",Kankavli,Ajara,,MO,23762,Ghatkarwadi,98.1,,,कणकवली,आजरा,117.8,16:30,20:15,NOBL,,,,
10810,"Kankavli To Ajara",Kankavli,Ajara,,MO,23010,Ajara,100,,,कणकवली,आजरा,117.8,16:30,20:15,NOBL,,,,
10810,"Kankavli To Ajara",Kankavli,Ajara,,MO,25615,Suleran,102.5,,,कणकवली,आजरा,117.8,16:30,20:15,NOBL,,,,
10810,"Kankavli To Ajara",Kankavli,Ajara,,MO,23872,Gavase,105.9,,,कणकवली,आजरा,117.8,16:30,20:15,NOBL,,,,
10810,"Kankavli To Ajara",Kankavli,Ajara,,MO,23376,Chaloba,106,,,कणकवली,आजरा,117.8,16:30,20:15,NOBL,,,,
10810,"Kankavli To Ajara",Kankavli,Ajara,,MO,23949,Hololi,111.5,,,कणकवली,आजरा,117.8,16:30,20:15,NOBL,,,,
10810,"Kankavli To Ajara",Kankavli,Ajara,,MO,24689,Masoli,115.1,,,कणकवली,आजरा,117.8,16:30,20:15,NOBL,,,,
10810,"Kankavli To Ajara",Kankavli,Ajara,,MO,23010,Ajara,118.2,,,कणकवली,आजरा,117.8,16:30,20:15,NOBL,,,,
11150,"Sawantwadi To Kudasa",Sawantwadi,Kudasa,,MO,8663,Sawantwadi,,,,सावंतवाडी,कुडासा,40.2,12:15,13:35,ST,,,,
11150,"Sawantwadi To Kudasa",Sawantwadi,Kudasa,,MO,8578,"Majgaon Nala",3.2,,,सावंतवाडी,कुडासा,40.2,12:15,13:35,ST,,,,
11150,"Sawantwadi To Kudasa",Sawantwadi,Kudasa,,MO,8499,"Doba Shel",6.5,,,सावंतवाडी,कुडासा,40.2,12:15,13:35,ST,,,,
11150,"Sawantwadi To Kudasa",Sawantwadi,Kudasa,,MO,8560,Kondwada,8.6,,,सावंतवाडी,कुडासा,40.2,12:15,13:35,ST,,,,
11150,"Sawantwadi To Kudasa",Sawantwadi,Kudasa,,MO,89315,"Exicise Check Post",9,,,सावंतवाडी,कुडासा,40.2,12:15,13:35,ST,,,,
11150,"Sawantwadi To Kudasa",Sawantwadi,Kudasa,,MO,8544,"Kudav Temb",10,,,सावंतवाडी,कुडासा,40.2,12:15,13:35,ST,,,,
11150,"Sawantwadi To Kudasa",Sawantwadi,Kudasa,,MO,8542,"Khamdev Naka",11,,,सावंतवाडी,कुडासा,40.2,12:15,13:35,ST,,,,
11150,"Sawantwadi To Kudasa",Sawantwadi,Kudasa,,MO,8486,Banda,12.6,,,सावंतवाडी,कुडासा,40.2,12:15,13:35,ST,,,,
11150,"Sawantwadi To Kudasa",Sawantwadi,Kudasa,,MO,8619,Panval,15,,,सावंतवाडी,कुडासा,40.2,12:15,13:35,ST,,,,
11150,"Sawantwadi To Kudasa",Sawantwadi,Kudasa,,MO,8503,Degve,16.6,,,सावंतवाडी,कुडासा,40.2,12:15,13:35,ST,,,,
11150,"Sawantwadi To Kudasa",Sawantwadi,Kudasa,,MO,8502,"Degve High School",18,,,सावंतवाडी,कुडासा,40.2,12:15,13:35,ST,,,,
11150,"Sawantwadi To Kudasa",Sawantwadi,Kudasa,,MO,8558,"Kumbral Fata",19.1,,,सावंतवाडी,कुडासा,40.2,12:15,13:35,ST,,,,
11150,"Sawantwadi To Kudasa",Sawantwadi,Kudasa,,MO,8620,"Padave Mazgaon",21.2,,,सावंतवाडी,कुडासा,40.2,12:15,13:35,ST,,,,
11150,"Sawantwadi To Kudasa",Sawantwadi,Kudasa,,MO,8565,"Margaon Bagwadi",21.7,,,सावंतवाडी,कुडासा,40.2,12:15,13:35,ST,,,,
11150,"Sawantwadi To Kudasa",Sawantwadi,Kudasa,,MO,2353,"Talkat Nursary",24,,,सावंतवाडी,कुडासा,40.2,12:15,13:35,ST,,,,
11150,"Sawantwadi To Kudasa",Sawantwadi,Kudasa,,MO,2352,"Talkat Soci",24.8,,,सावंतवाडी,कुडासा,40.2,12:15,13:35,ST,,,,
11150,"Sawantwadi To Kudasa",Sawantwadi,Kudasa,,MO,2349,"Marathe House",26.1,,,सावंतवाडी,कुडासा,40.2,12:15,13:35,ST,,,,
11150,"Sawantwadi To Kudasa",Sawantwadi,Kudasa,,MO,2351,Kolzar,27.4,,,सावंतवाडी,कुडासा,40.2,12:15,13:35,ST,,,,
11150,"Sawantwadi To Kudasa",Sawantwadi,Kudasa,,MO,2345,"Kolzar Mungi Dukan",28,,,सावंतवाडी,कुडासा,40.2,12:15,13:35,ST,,,,
11150,"Sawantwadi To Kudasa",Sawantwadi,Kudasa,,MO,2314,"Shirval School",30,,,सावंतवाडी,कुडासा,40.2,12:15,13:35,ST,,,,
11150,"Sawantwadi To Kudasa",Sawantwadi,Kudasa,,MO,2271,"Kumbral Mandir",31.8,,,सावंतवाडी,कुडासा,40.2,12:15,13:35,ST,,,,
11150,"Sawantwadi To Kudasa",Sawantwadi,Kudasa,,MO,2305,"Panturli Titha",35,,,सावंतवाडी,कुडासा,40.2,12:15,13:35,ST,,,,
11150,"Sawantwadi To Kudasa",Sawantwadi,Kudasa,,MO,2282,Kudasa,36.6,,,सावंतवाडी,कुडासा,40.2,12:15,13:35,ST,,,,
11159,"Sawantwadi To Nirukhewadi",Sawantwadi,Nirukhewadi,,MO,8663,Sawantwadi,,,,सावंतवाडी,,8.2,17:35,17:55,ST,,,,
11159,"Sawantwadi To Nirukhewadi",Sawantwadi,Nirukhewadi,,MO,8551,"Kolgaon Thita",3,,,सावंतवाडी,,8.2,17:35,17:55,ST,,,,
11159,"Sawantwadi To Nirukhewadi",Sawantwadi,Nirukhewadi,,MO,50685,Kolgaon,5,,,सावंतवाडी,,8.2,17:35,17:55,ST,,,,
11159,"Sawantwadi To Nirukhewadi",Sawantwadi,Nirukhewadi,,MO,8601,Nirukhewadi,8.2,,,सावंतवाडी,,8.2,17:35,17:55,ST,,,,
11184,"Sawantwadi To Tata Metalic Via Shiroda",Sawantwadi,"Tata Metalic",SHIRODA,MO,8663,Sawantwadi,,,,सावंतवाडी,,32.8,06:50,07:50,ST,,,,
11184,"Sawantwadi To Tata Metalic Via Shiroda",Sawantwadi,"Tata Metalic",SHIRODA,MO,8523,"Gulabi Titha",3.3,,,सावंतवाडी,,32.8,06:50,07:50,ST,,,,
11184,"Sawantwadi To Tata Metalic Via Shiroda",Sawantwadi,"Tata Metalic",SHIRODA,MO,8580,Malgaon,5.9,,,सावंतवाडी,,32.8,06:50,07:50,ST,,,,
11184,"Sawantwadi To Tata Metalic Via Shiroda",Sawantwadi,"Tata Metalic",SHIRODA,MO,8674,"Vengurle Shiroda Titha",6.3,,,सावंतवाडी,,32.8,06:50,07:50,ST,,,,
11184,"Sawantwadi To Tata Metalic Via Shiroda",Sawantwadi,"Tata Metalic",SHIRODA,MO,8665,"Sawantwadi Rly. Stn.",7.4,,,सावंतवाडी,,32.8,06:50,07:50,ST,,,,
11184,"Sawantwadi To Tata Metalic Via Shiroda",Sawantwadi,"Tata Metalic",SHIRODA,MO,8609,"Nirawade Bazar",8.5,,,सावंतवाडी,,32.8,06:50,07:50,ST,,,,
11184,"Sawantwadi To Tata Metalic Via Shiroda",Sawantwadi,"Tata Metalic",SHIRODA,MO,8599,"Nirawade Tiles Factory",9.3,,,सावंतवाडी,,32.8,06:50,07:50,ST,,,,
11184,"Sawantwadi To Tata Metalic Via Shiroda",Sawantwadi,"Tata Metalic",SHIRODA,MO,8598,"Nhaveli Bidi Karakhana",11.1,,,सावंतवाडी,,32.8,06:50,07:50,ST,,,,
11184,"Sawantwadi To Tata Metalic Via Shiroda",Sawantwadi,"Tata Metalic",SHIRODA,MO,8614,"Nhaveli School",12.5,,,सावंतवाडी,,32.8,06:50,07:50,ST,,,,
11184,"Sawantwadi To Tata Metalic Via Shiroda",Sawantwadi,"Tata Metalic",SHIRODA,MO,9855,"Ghodemukh Matond",13.9,,,सावंतवाडी,,32.8,06:50,07:50,ST,,,,
11184,"Sawantwadi To Tata Metalic Via Shiroda",Sawantwadi,"Tata Metalic",SHIRODA,MO,8517,"Forest Chouki",15.8,,,सावंतवाडी,,32.8,06:50,07:50,ST,,,,
11184,"Sawantwadi To Tata Metalic Via Shiroda",Sawantwadi,"Tata Metalic",SHIRODA,MO,9833,"Warachi Malewad",16.2,,,सावंतवाडी,,32.8,06:50,07:50,ST,,,,
11184,"Sawantwadi To Tata Metalic Via Shiroda",Sawantwadi,"Tata Metalic",SHIRODA,MO,9703,"Malewad Hedulwadi",18.2,,,सावंतवाडी,,32.8,06:50,07:50,ST,,,,
11184,"Sawantwadi To Tata Metalic Via Shiroda",Sawantwadi,"Tata Metalic",SHIRODA,MO,9704,"Malewad Naka",19.1,,,सावंतवाडी,,32.8,06:50,07:50,ST,,,,
11184,"Sawantwadi To Tata Metalic Via Shiroda",Sawantwadi,"Tata Metalic",SHIRODA,MO,9706,"Malewad Savlwadi",20.4,,,सावंतवाडी,,32.8,06:50,07:50,ST,,,,
11184,"Sawantwadi To Tata Metalic Via Shiroda",Sawantwadi,"Tata Metalic",SHIRODA,MO,9779,Savardev,21,,,सावंतवाडी,,32.8,06:50,07:50,ST,,,,
11184,"Sawantwadi To Tata Metalic Via Shiroda",Sawantwadi,"Tata Metalic",SHIRODA,MO,9592,"Ajgaon Marathi School",24.4,,,सावंतवाडी,,32.8,06:50,07:50,ST,,,,
11184,"Sawantwadi To Tata Metalic Via Shiroda",Sawantwadi,"Tata Metalic",SHIRODA,MO,9789,Shiroda,26.4,,,सावंतवाडी,,32.8,06:50,07:50,ST,,,,
11184,"Sawantwadi To Tata Metalic Via Shiroda",Sawantwadi,"Tata Metalic",SHIRODA,MO,9653,"Huda Fata",29.4,,,सावंतवाडी,,32.8,06:50,07:50,ST,,,,
11184,"Sawantwadi To Tata Metalic Via Shiroda",Sawantwadi,"Tata Metalic",SHIRODA,MO,9803,"Tata Metalic",31.4,,,सावंतवाडी,,32.8,06:50,07:50,ST,,,,
11205,"Sawantwadi To Virdi",Sawantwadi,Virdi,,MO,8663,Sawantwadi,,,,सावंतवाडी,विर्डी,57.9,12:00,13:00,ST,,,,
11205,"Sawantwadi To Virdi",Sawantwadi,Virdi,,MO,8578,"Majgaon Nala",3.2,,,सावंतवाडी,विर्डी,57.9,12:00,13:00,ST,,,,
11205,"Sawantwadi To Virdi",Sawantwadi,Virdi,,MO,8499,"Doba Shel",6.5,,,सावंतवाडी,विर्डी,57.9,12:00,13:00,ST,,,,
11205,"Sawantwadi To Virdi",Sawantwadi,Virdi,,MO,8560,Kondwada,8.6,,,सावंतवाडी,विर्डी,57.9,12:00,13:00,ST,,,,
11205,"Sawantwadi To Virdi",Sawantwadi,Virdi,,MO,89315,"Exicise Check Post",9,,,सावंतवाडी,विर्डी,57.9,12:00,13:00,ST,,,,
11205,"Sawantwadi To Virdi",Sawantwadi,Virdi,,MO,8486,Banda,12.6,,,सावंतवाडी,विर्डी,57.9,12:00,13:00,ST,,,,
11205,"Sawantwadi To Virdi",Sawantwadi,Virdi,,MO,8619,Panval,15,,,सावंतवाडी,विर्डी,57.9,12:00,13:00,ST,,,,
11205,"Sawantwadi To Virdi",Sawantwadi,Virdi,,MO,8503,Degve,16.6,,,सावंतवाडी,विर्डी,57.9,12:00,13:00,ST,,,,
11205,"Sawantwadi To Virdi",Sawantwadi,Virdi,,MO,8558,"Kumbral Fata",18,,,सावंतवाडी,विर्डी,57.9,12:00,13:00,ST,,,,
11205,"Sawantwadi To Virdi",Sawantwadi,Virdi,,MO,8588,Morgaon,19.2,,,सावंतवाडी,विर्डी,57.9,12:00,13:00,ST,,,,
11205,"Sawantwadi To Virdi",Sawantwadi,Virdi,,MO,8467,"Adali Mauli Mandir",20.9,,,सावंतवाडी,विर्डी,57.9,12:00,13:00,ST,,,,
11205,"Sawantwadi To Virdi",Sawantwadi,Virdi,,MO,2366,Kosumbwadi,24.3,,,सावंतवाडी,विर्डी,57.9,12:00,13:00,ST,,,,
11205,"Sawantwadi To Virdi",Sawantwadi,Virdi,,MO,2363,Kalane,25.1,,,सावंतवाडी,विर्डी,57.9,12:00,13:00,ST,,,,
11205,"Sawantwadi To Virdi",Sawantwadi,Virdi,,MO,2268,"Kalne High School",26,,,सावंतवाडी,विर्डी,57.9,12:00,13:00,ST,,,,
11205,"Sawantwadi To Virdi",Sawantwadi,Virdi,,MO,2269,"Kalane Sada",27,,,सावंतवाडी,विर्डी,57.9,12:00,13:00,ST,,,,
11205,"Sawantwadi To Virdi",Sawantwadi,Virdi,,MO,2316,Sasoli,29.6,,,सावंतवाडी,विर्डी,57.9,12:00,13:00,ST,,,,
11205,"Sawantwadi To Virdi",Sawantwadi,Virdi,,MO,2315,"Sasoli Bharpal Titha",30.4,,,सावंतवाडी,विर्डी,57.9,12:00,13:00,ST,,,,
11205,"Sawantwadi To Virdi",Sawantwadi,Virdi,,MO,2255,Hedus,31.2,,,सावंतवाडी,विर्डी,57.9,12:00,13:00,ST,,,,
11205,"Sawantwadi To Virdi",Sawantwadi,Virdi,,MO,2290,Maneri,33.2,,,सावंतवाडी,विर्डी,57.9,12:00,13:00,ST,,,,
11205,"Sawantwadi To Virdi",Sawantwadi,Virdi,,MO,2247,Dodamarg,36.9,,,सावंतवाडी,विर्डी,57.9,12:00,13:00,ST,,,,
11205,"Sawantwadi To Virdi",Sawantwadi,Virdi,,MO,2250,Giroda,39,,,सावंतवाडी,विर्डी,57.9,12:00,13:00,ST,,,,
11205,"Sawantwadi To Virdi",Sawantwadi,Virdi,,MO,2253,"Giroda Titha",40.4,,,सावंतवाडी,विर्डी,57.9,12:00,13:00,ST,,,,
11205,"Sawantwadi To Virdi",Sawantwadi,Virdi,,MO,2336,"Vazare Mandir",42.6,,,सावंतवाडी,विर्डी,57.9,12:00,13:00,ST,,,,
11205,"Sawantwadi To Virdi",Sawantwadi,Virdi,,MO,2248,"Dongare Wahal",45.3,,,सावंतवाडी,विर्डी,57.9,12:00,13:00,ST,,,,
11205,"Sawantwadi To Virdi",Sawantwadi,Virdi,,MO,2328,"Talekhol Gawthan",47.9,,,सावंतवाडी,विर्डी,57.9,12:00,13:00,ST,,,,
11205,"Sawantwadi To Virdi",Sawantwadi,Virdi,,MO,2322,"Talekhol Mandir",49.2,,,सावंतवाडी,विर्डी,57.9,12:00,13:00,ST,,,,
11205,"Sawantwadi To Virdi",Sawantwadi,Virdi,,MO,2324,"Talekhol Watoolwada",49.9,,,सावंतवाडी,विर्डी,57.9,12:00,13:00,ST,,,,
11205,"Sawantwadi To Virdi",Sawantwadi,Virdi,,MO,2310,"Rawan Fata",50.8,,,सावंतवाडी,विर्डी,57.9,12:00,13:00,ST,,,,
11205,"Sawantwadi To Virdi",Sawantwadi,Virdi,,MO,2281,Kumbharwada,51.6,,,सावंतवाडी,विर्डी,57.9,12:00,13:00,ST,,,,
11205,"Sawantwadi To Virdi",Sawantwadi,Virdi,,MO,2264,"Keri Fata",53.3,,,सावंतवाडी,विर्डी,57.9,12:00,13:00,ST,,,,
11205,"Sawantwadi To Virdi",Sawantwadi,Virdi,,MO,2339,Virdi,56.9,,,सावंतवाडी,विर्डी,57.9,12:00,13:00,ST,,,,
11313,"Dodamarg To Khokral",Dodamarg,Khokral,,MO,2247,Dodamarg,,,,दोडामार्ग,,15.3,11:45,12:10,ST,,,,
11313,"Dodamarg To Khokral",Dodamarg,Khokral,,MO,2229,Ambeli,2.7,,,दोडामार्ग,,15.3,11:45,12:10,ST,,,,
11313,"Dodamarg To Khokral",Dodamarg,Khokral,,MO,2304,"Pal Punarvasan",4.8,,,दोडामार्ग,,15.3,11:45,12:10,ST,,,,
11313,"Dodamarg To Khokral",Dodamarg,Khokral,,MO,2344,"Zare Bambar",5.4,,,दोडामार्ग,,15.3,11:45,12:10,ST,,,,
11313,"Dodamarg To Khokral",Dodamarg,Khokral,,MO,2231,"Ainode Punarvasan",5.7,,,दोडामार्ग,,15.3,11:45,12:10,ST,,,,
11313,"Dodamarg To Khokral",Dodamarg,Khokral,,MO,2236,"Bhedshi Nadi",8.2,,,दोडामार्ग,,15.3,11:45,12:10,ST,,,,
11313,"Dodamarg To Khokral",Dodamarg,Khokral,,MO,2318,"Sateli Bhedashi",9.2,,,दोडामार्ग,,15.3,11:45,12:10,ST,,,,
11313,"Dodamarg To Khokral",Dodamarg,Khokral,,MO,2267,Kalva,11.2,,,दोडामार्ग,,15.3,11:45,12:10,ST,,,,
11313,"Dodamarg To Khokral",Dodamarg,Khokral,,MO,2277,Khokral,18,,,दोडामार्ग,,15.3,11:45,12:10,ST,,,,
11369,"Sawantwadi To Babarwadi Via Wanoshi Kudasa",Sawantwadi,Babarwadi,"WANOSHI KUDASA",MO,8663,Sawantwadi,,,,सावंतवाडी,बाबरवाडी,57.1,09:15,11:15,OBL,,,,
11369,"Sawantwadi To Babarwadi Via Wanoshi Kudasa",Sawantwadi,Babarwadi,"WANOSHI KUDASA",MO,8578,"Majgaon Nala",3.2,,,सावंतवाडी,बाबरवाडी,57.1,09:15,11:15,OBL,,,,
11369,"Sawantwadi To Babarwadi Via Wanoshi Kudasa",Sawantwadi,Babarwadi,"WANOSHI KUDASA",MO,8499,"Doba Shel",6.5,,,सावंतवाडी,बाबरवाडी,57.1,09:15,11:15,OBL,,,,
11369,"Sawantwadi To Babarwadi Via Wanoshi Kudasa",Sawantwadi,Babarwadi,"WANOSHI KUDASA",MO,89315,"Exicise Check Post",9,,,सावंतवाडी,बाबरवाडी,57.1,09:15,11:15,OBL,,,,
11369,"Sawantwadi To Babarwadi Via Wanoshi Kudasa",Sawantwadi,Babarwadi,"WANOSHI KUDASA",MO,8486,Banda,12.6,,,सावंतवाडी,बाबरवाडी,57.1,09:15,11:15,OBL,,,,
11369,"Sawantwadi To Babarwadi Via Wanoshi Kudasa",Sawantwadi,Babarwadi,"WANOSHI KUDASA",MO,8619,Panval,15,,,सावंतवाडी,बाबरवाडी,57.1,09:15,11:15,OBL,,,,
11369,"Sawantwadi To Babarwadi Via Wanoshi Kudasa",Sawantwadi,Babarwadi,"WANOSHI KUDASA",MO,8558,"Kumbral Fata",18,,,सावंतवाडी,बाबरवाडी,57.1,09:15,11:15,OBL,,,,
11369,"Sawantwadi To Babarwadi Via Wanoshi Kudasa",Sawantwadi,Babarwadi,"WANOSHI KUDASA",MO,8588,Morgaon,19.2,,,सावंतवाडी,बाबरवाडी,57.1,09:15,11:15,OBL,,,,
11369,"Sawantwadi To Babarwadi Via Wanoshi Kudasa",Sawantwadi,Babarwadi,"WANOSHI KUDASA",MO,8467,"Adali Mauli Mandir",20.9,,,सावंतवाडी,बाबरवाडी,57.1,09:15,11:15,OBL,,,,
11369,"Sawantwadi To Babarwadi Via Wanoshi Kudasa",Sawantwadi,Babarwadi,"WANOSHI KUDASA",MO,2363,Kalane,25.1,,,सावंतवाडी,बाबरवाडी,57.1,09:15,11:15,OBL,,,,
11369,"Sawantwadi To Babarwadi Via Wanoshi Kudasa",Sawantwadi,Babarwadi,"WANOSHI KUDASA",MO,2269,"Kalane Sada",27,,,सावंतवाडी,बाबरवाडी,57.1,09:15,11:15,OBL,,,,
11369,"Sawantwadi To Babarwadi Via Wanoshi Kudasa",Sawantwadi,Babarwadi,"WANOSHI KUDASA",MO,2316,Sasoli,29.6,,,सावंतवाडी,बाबरवाडी,57.1,09:15,11:15,OBL,,,,
11369,"Sawantwadi To Babarwadi Via Wanoshi Kudasa",Sawantwadi,Babarwadi,"WANOSHI KUDASA",MO,2315,"Sasoli Bharpal Titha",30.4,,,सावंतवाडी,बाबरवाडी,57.1,09:15,11:15,OBL,,,,
11369,"Sawantwadi To Babarwadi Via Wanoshi Kudasa",Sawantwadi,Babarwadi,"WANOSHI KUDASA",MO,2255,Hedus,31.2,,,सावंतवाडी,बाबरवाडी,57.1,09:15,11:15,OBL,,,,
11369,"Sawantwadi To Babarwadi Via Wanoshi Kudasa",Sawantwadi,Babarwadi,"WANOSHI KUDASA",MO,2290,Maneri,32.8,,,सावंतवाडी,बाबरवाडी,57.1,09:15,11:15,OBL,,,,
11369,"Sawantwadi To Babarwadi Via Wanoshi Kudasa",Sawantwadi,Babarwadi,"WANOSHI KUDASA",MO,2342,"Wanoshi Kudasa",34.5,,,सावंतवाडी,बाबरवाडी,57.1,09:15,11:15,OBL,,,,
11369,"Sawantwadi To Babarwadi Via Wanoshi Kudasa",Sawantwadi,Babarwadi,"WANOSHI KUDASA",MO,2244,Dhangarwadi,36.1,,,सावंतवाडी,बाबरवाडी,57.1,09:15,11:15,OBL,,,,
11369,"Sawantwadi To Babarwadi Via Wanoshi Kudasa",Sawantwadi,Babarwadi,"WANOSHI KUDASA",MO,2236,"Bhedshi Nadi",38.9,,,सावंतवाडी,बाबरवाडी,57.1,09:15,11:15,OBL,,,,
11369,"Sawantwadi To Babarwadi Via Wanoshi Kudasa",Sawantwadi,Babarwadi,"WANOSHI KUDASA",MO,2318,"Sateli Bhedashi",39.9,,,सावंतवाडी,बाबरवाडी,57.1,09:15,11:15,OBL,,,,
11369,"Sawantwadi To Babarwadi Via Wanoshi Kudasa",Sawantwadi,Babarwadi,"WANOSHI KUDASA",MO,2232,Awade,41,,,सावंतवाडी,बाबरवाडी,57.1,09:15,11:15,OBL,,,,
11369,"Sawantwadi To Babarwadi Via Wanoshi Kudasa",Sawantwadi,Babarwadi,"WANOSHI KUDASA",MO,2340,Vayangantad,42.6,,,सावंतवाडी,बाबरवाडी,57.1,09:15,11:15,OBL,,,,
11369,"Sawantwadi To Babarwadi Via Wanoshi Kudasa",Sawantwadi,Babarwadi,"WANOSHI KUDASA",MO,2283,"Londhewadi Mecanic Colony",43.7,,,सावंतवाडी,बाबरवाडी,57.1,09:15,11:15,OBL,,,,
11369,"Sawantwadi To Babarwadi Via Wanoshi Kudasa",Sawantwadi,Babarwadi,"WANOSHI KUDASA",MO,2275,Konal,44.2,,,सावंतवाडी,बाबरवाडी,57.1,09:15,11:15,OBL,,,,
11369,"Sawantwadi To Babarwadi Via Wanoshi Kudasa",Sawantwadi,Babarwadi,"WANOSHI KUDASA",MO,2332,Tirali,46,,,सावंतवाडी,बाबरवाडी,57.1,09:15,11:15,OBL,,,,
11369,"Sawantwadi To Babarwadi Via Wanoshi Kudasa",Sawantwadi,Babarwadi,"WANOSHI KUDASA",MO,2258,"Khalchi Babarwadi",48.8,,,सावंतवाडी,बाबरवाडी,57.1,09:15,11:15,OBL,,,,
17585,"Asaniye Mauli Mandir To Banda","Asaniye Mauli Mandir",Banda,,MO,8476,"Asaniye Mauli Mandir",,,,असनिये,बांदा,18.8,07:20,08:00,ST,,,,
17585,"Asaniye Mauli Mandir To Banda","Asaniye Mauli Mandir",Banda,,MO,8683,"Zolambe Fata",1.6,,,असनिये,बांदा,18.8,07:20,08:00,ST,,,,
17585,"Asaniye Mauli Mandir To Banda","Asaniye Mauli Mandir",Banda,,MO,8668,"Tamboli Chafa",4.2,,,असनिये,बांदा,18.8,07:20,08:00,ST,,,,
17585,"Asaniye Mauli Mandir To Banda","Asaniye Mauli Mandir",Banda,,MO,8477,"Bhalawal Shop",8.3,,,असनिये,बांदा,18.8,07:20,08:00,ST,,,,
17585,"Asaniye Mauli Mandir To Banda","Asaniye Mauli Mandir",Banda,,MO,8673,"Vilavade Wad",11.3,,,असनिये,बांदा,18.8,07:20,08:00,ST,,,,
17585,"Asaniye Mauli Mandir To Banda","Asaniye Mauli Mandir",Banda,,MO,8616,"Otavane Titha",12.7,,,असनिये,बांदा,18.8,07:20,08:00,ST,,,,
17585,"Asaniye Mauli Mandir To Banda","Asaniye Mauli Mandir",Banda,,MO,8672,"Vafoli Sosc",14.9,,,असनिये,बांदा,18.8,07:20,08:00,ST,,,,
17585,"Asaniye Mauli Mandir To Banda","Asaniye Mauli Mandir",Banda,,MO,8486,Banda,18,,,असनिये,बांदा,18.8,07:20,08:00,ST,,,,
17596,"Kas Mauli Mandir To Sawantwadi","Kas Mauli Mandir",Sawantwadi,,MO,8557,"Kas Mauli Mandir",,,,कास,सावंतवाडी,25.3,13:10,14:10,ST,,,,
17596,"Kas Mauli Mandir To Sawantwadi","Kas Mauli Mandir",Sawantwadi,,MO,8478,Bhaipwadi,2,,,कास,सावंतवाडी,25.3,13:10,14:10,ST,,,,
17596,"Kas Mauli Mandir To Sawantwadi","Kas Mauli Mandir",Sawantwadi,,MO,8563,"Kas Audumbar",3,,,कास,सावंतवाडी,25.3,13:10,14:10,ST,,,,
17596,"Kas Mauli Mandir To Sawantwadi","Kas Mauli Mandir",Sawantwadi,,MO,8554,Kalebhatwadi,3.4,,,कास,सावंतवाडी,25.3,13:10,14:10,ST,,,,
17596,"Kas Mauli Mandir To Sawantwadi","Kas Mauli Mandir",Sawantwadi,,MO,8646,"Sherla Mauli Mandir",6.8,,,कास,सावंतवाडी,25.3,13:10,14:10,ST,,,,
17596,"Kas Mauli Mandir To Sawantwadi","Kas Mauli Mandir",Sawantwadi,,MO,8656,"Sherla School",8,,,कास,सावंतवाडी,25.3,13:10,14:10,ST,,,,
17596,"Kas Mauli Mandir To Sawantwadi","Kas Mauli Mandir",Sawantwadi,,MO,8643,"Sherla Shop",8.7,,,कास,सावंतवाडी,25.3,13:10,14:10,ST,,,,
17596,"Kas Mauli Mandir To Sawantwadi","Kas Mauli Mandir",Sawantwadi,,MO,8486,Banda,12.7,,,कास,सावंतवाडी,25.3,13:10,14:10,ST,,,,
17596,"Kas Mauli Mandir To Sawantwadi","Kas Mauli Mandir",Sawantwadi,,MO,8542,"Khamdev Naka",14.5,,,कास,सावंतवाडी,25.3,13:10,14:10,ST,,,,
17596,"Kas Mauli Mandir To Sawantwadi","Kas Mauli Mandir",Sawantwadi,,MO,8544,"Kudav Temb",15.5,,,कास,सावंतवाडी,25.3,13:10,14:10,ST,,,,
17596,"Kas Mauli Mandir To Sawantwadi","Kas Mauli Mandir",Sawantwadi,,MO,89315,"Exicise Check Post",15.7,,,कास,सावंतवाडी,25.3,13:10,14:10,ST,,,,
17596,"Kas Mauli Mandir To Sawantwadi","Kas Mauli Mandir",Sawantwadi,,MO,8560,Kondwada,17,,,कास,सावंतवाडी,25.3,13:10,14:10,ST,,,,
17596,"Kas Mauli Mandir To Sawantwadi","Kas Mauli Mandir",Sawantwadi,,MO,8499,"Doba Shel",19.3,,,कास,सावंतवाडी,25.3,13:10,14:10,ST,,,,
17596,"Kas Mauli Mandir To Sawantwadi","Kas Mauli Mandir",Sawantwadi,,MO,8578,"Majgaon Nala",22.6,,,कास,सावंतवाडी,25.3,13:10,14:10,ST,,,,
17596,"Kas Mauli Mandir To Sawantwadi","Kas Mauli Mandir",Sawantwadi,,MO,8663,Sawantwadi,25.3,,,कास,सावंतवाडी,25.3,13:10,14:10,ST,,,,
17609,"Bhatpawani To Sawantwadi",Bhatpawani,Sawantwadi,,MO,9614,Bhatpawani,,,,भटपावणी,सावंतवाडी,33,10:40,11:45,OBL,,,,
17609,"Bhatpawani To Sawantwadi",Bhatpawani,Sawantwadi,,MO,9588,Agralwadi,1.7,,,भटपावणी,सावंतवाडी,33,10:40,11:45,OBL,,,,
17609,"Bhatpawani To Sawantwadi",Bhatpawani,Sawantwadi,,MO,8472,Aronda,3.8,,,भटपावणी,सावंतवाडी,33,10:40,11:45,OBL,,,,
17609,"Bhatpawani To Sawantwadi",Bhatpawani,Sawantwadi,,MO,9687,Kiranpani,4.4,,,भटपावणी,सावंतवाडी,33,10:40,11:45,OBL,,,,
17609,"Bhatpawani To Sawantwadi",Bhatpawani,Sawantwadi,,MO,8472,Aronda,5.2,,,भटपावणी,सावंतवाडी,33,10:40,11:45,OBL,,,,
17609,"Bhatpawani To Sawantwadi",Bhatpawani,Sawantwadi,,MO,9680,Khari,7.9,,,भटपावणी,सावंतवाडी,33,10:40,11:45,OBL,,,,
17609,"Bhatpawani To Sawantwadi",Bhatpawani,Sawantwadi,,MO,9705,"Malewad Ranewadi",11.1,,,भटपावणी,सावंतवाडी,33,10:40,11:45,OBL,,,,
17609,"Bhatpawani To Sawantwadi",Bhatpawani,Sawantwadi,,MO,9704,"Malewad Naka",13,,,भटपावणी,सावंतवाडी,33,10:40,11:45,OBL,,,,
17609,"Bhatpawani To Sawantwadi",Bhatpawani,Sawantwadi,,MO,9703,"Malewad Hedulwadi",13.9,,,भटपावणी,सावंतवाडी,33,10:40,11:45,OBL,,,,
17609,"Bhatpawani To Sawantwadi",Bhatpawani,Sawantwadi,,MO,9833,"Warachi Malewad",15.9,,,भटपावणी,सावंतवाडी,33,10:40,11:45,OBL,,,,
17609,"Bhatpawani To Sawantwadi",Bhatpawani,Sawantwadi,,MO,8517,"Forest Chouki",16.3,,,भटपावणी,सावंतवाडी,33,10:40,11:45,OBL,,,,
17609,"Bhatpawani To Sawantwadi",Bhatpawani,Sawantwadi,,MO,9855,"Ghodemukh Matond",18.2,,,भटपावणी,सावंतवाडी,33,10:40,11:45,OBL,,,,
17609,"Bhatpawani To Sawantwadi",Bhatpawani,Sawantwadi,,MO,8614,"Nhaveli School",19.6,,,भटपावणी,सावंतवाडी,33,10:40,11:45,OBL,,,,
17609,"Bhatpawani To Sawantwadi",Bhatpawani,Sawantwadi,,MO,8599,"Nirawade Tiles Factory",22.8,,,भटपावणी,सावंतवाडी,33,10:40,11:45,OBL,,,,
17609,"Bhatpawani To Sawantwadi",Bhatpawani,Sawantwadi,,MO,8609,"Nirawade Bazar",23.6,,,भटपावणी,सावंतवाडी,33,10:40,11:45,OBL,,,,
17609,"Bhatpawani To Sawantwadi",Bhatpawani,Sawantwadi,,MO,8665,"Sawantwadi Rly. Stn.",24.7,,,भटपावणी,सावंतवाडी,33,10:40,11:45,OBL,,,,
17609,"Bhatpawani To Sawantwadi",Bhatpawani,Sawantwadi,,MO,8674,"Vengurle Shiroda Titha",25.8,,,भटपावणी,सावंतवाडी,33,10:40,11:45,OBL,,,,
17609,"Bhatpawani To Sawantwadi",Bhatpawani,Sawantwadi,,MO,8580,Malgaon,26.2,,,भटपावणी,सावंतवाडी,33,10:40,11:45,OBL,,,,
17609,"Bhatpawani To Sawantwadi",Bhatpawani,Sawantwadi,,MO,8523,"Gulabi Titha",28.8,,,भटपावणी,सावंतवाडी,33,10:40,11:45,OBL,,,,
17609,"Bhatpawani To Sawantwadi",Bhatpawani,Sawantwadi,,MO,8663,Sawantwadi,33,,,भटपावणी,सावंतवाडी,33,10:40,11:45,OBL,,,,
17612,"Ker To Dodamarg",Ker,Dodamarg,,MO,2278,Ker,,,,केर,दोडामार्ग,26.5,16:40,17:30,ST,,,,
17612,"Ker To Dodamarg",Ker,Dodamarg,,MO,2292,"Morle Gaon",2.9,,,केर,दोडामार्ग,26.5,16:40,17:30,ST,,,,
17612,"Ker To Dodamarg",Ker,Dodamarg,,MO,2244,Dhangarwadi,3.4,,,केर,दोडामार्ग,26.5,16:40,17:30,ST,,,,
17612,"Ker To Dodamarg",Ker,Dodamarg,,MO,2252,Ghotagewadi,6.1,,,केर,दोडामार्ग,26.5,16:40,17:30,ST,,,,
17612,"Ker To Dodamarg",Ker,Dodamarg,,MO,2332,Tirali,10.4,,,केर,दोडामार्ग,26.5,16:40,17:30,ST,,,,
17612,"Ker To Dodamarg",Ker,Dodamarg,,MO,2329,"Tillari Bank",10.9,,,केर,दोडामार्ग,26.5,16:40,17:30,ST,,,,
17612,"Ker To Dodamarg",Ker,Dodamarg,,MO,2283,"Londhewadi Mecanic Colony",12.7,,,केर,दोडामार्ग,26.5,16:40,17:30,ST,,,,
17612,"Ker To Dodamarg",Ker,Dodamarg,,MO,2274,"Konal Katta",13.1,,,केर,दोडामार्ग,26.5,16:40,17:30,ST,,,,
17612,"Ker To Dodamarg",Ker,Dodamarg,,MO,2232,Awade,15.4,,,केर,दोडामार्ग,26.5,16:40,17:30,ST,,,,
17612,"Ker To Dodamarg",Ker,Dodamarg,,MO,2318,"Sateli Bhedashi",16.4,,,केर,दोडामार्ग,26.5,16:40,17:30,ST,,,,
17612,"Ker To Dodamarg",Ker,Dodamarg,,MO,2239,Bhedshi,16.5,,,केर,दोडामार्ग,26.5,16:40,17:30,ST,,,,
17612,"Ker To Dodamarg",Ker,Dodamarg,,MO,2236,"Bhedshi Nadi",17.5,,,केर,दोडामार्ग,26.5,16:40,17:30,ST,,,,
17612,"Ker To Dodamarg",Ker,Dodamarg,,MO,2344,"Zare Bambar",20.3,,,केर,दोडामार्ग,26.5,16:40,17:30,ST,,,,
17612,"Ker To Dodamarg",Ker,Dodamarg,,MO,2229,Ambeli,23,,,केर,दोडामार्ग,26.5,16:40,17:30,ST,,,,
17612,"Ker To Dodamarg",Ker,Dodamarg,,MO,2247,Dodamarg,26.5,,,केर,दोडामार्ग,26.5,16:40,17:30,ST,,,,
17627,"Khokral To Dodamarg",Khokral,Dodamarg,,MO,2277,Khokral,,,,,दोडामार्ग,18.3,12:20,13:00,ST,,,,
17627,"Khokral To Dodamarg",Khokral,Dodamarg,,MO,2235,Bodade,1.1,,,,दोडामार्ग,18.3,12:20,13:00,ST,,,,
17627,"Khokral To Dodamarg",Khokral,Dodamarg,,MO,2267,Kalva,3.7,,,,दोडामार्ग,18.3,12:20,13:00,ST,,,,
17627,"Khokral To Dodamarg",Khokral,Dodamarg,,MO,2239,Bhedshi,5.7,,,,दोडामार्ग,18.3,12:20,13:00,ST,,,,
17627,"Khokral To Dodamarg",Khokral,Dodamarg,,MO,2236,"Bhedshi Nadi",6.7,,,,दोडामार्ग,18.3,12:20,13:00,ST,,,,
17627,"Khokral To Dodamarg",Khokral,Dodamarg,,MO,2244,Dhangarwadi,9,,,,दोडामार्ग,18.3,12:20,13:00,ST,,,,
17627,"Khokral To Dodamarg",Khokral,Dodamarg,,MO,2282,Kudasa,10,,,,दोडामार्ग,18.3,12:20,13:00,ST,,,,
17627,"Khokral To Dodamarg",Khokral,Dodamarg,,MO,2360,Goutamwadi,12,,,,दोडामार्ग,18.3,12:20,13:00,ST,,,,
17627,"Khokral To Dodamarg",Khokral,Dodamarg,,MO,2290,Maneri,15,,,,दोडामार्ग,18.3,12:20,13:00,ST,,,,
17627,"Khokral To Dodamarg",Khokral,Dodamarg,,MO,2247,Dodamarg,18,,,,दोडामार्ग,18.3,12:20,13:00,ST,,,,
17749,"Usap To Dodamarg Via Pikule School",Usap,Dodamarg,"PIKULE SCHOOL",MO,2334,Usap,,,,उसप,दोडामार्ग,17.3,12:50,13:30,ST,,,,
17749,"Usap To Dodamarg Via Pikule School",Usap,Dodamarg,"PIKULE SCHOOL",MO,2266,"Khokral Titha",0.9,,,उसप,दोडामार्ग,17.3,12:50,13:30,ST,,,,
17749,"Usap To Dodamarg Via Pikule School",Usap,Dodamarg,"PIKULE SCHOOL",MO,2300,"Pikule Usap Titha",4.1,,,उसप,दोडामार्ग,17.3,12:50,13:30,ST,,,,
17749,"Usap To Dodamarg Via Pikule School",Usap,Dodamarg,"PIKULE SCHOOL",MO,2308,"Pikule School",5.5,,,उसप,दोडामार्ग,17.3,12:50,13:30,ST,,,,
17749,"Usap To Dodamarg Via Pikule School",Usap,Dodamarg,"PIKULE SCHOOL",MO,2300,"Pikule Usap Titha",6.6,,,उसप,दोडामार्ग,17.3,12:50,13:30,ST,,,,
17749,"Usap To Dodamarg Via Pikule School",Usap,Dodamarg,"PIKULE SCHOOL",MO,2265,"Kajulwadi Titha",7,,,उसप,दोडामार्ग,17.3,12:50,13:30,ST,,,,
17749,"Usap To Dodamarg Via Pikule School",Usap,Dodamarg,"PIKULE SCHOOL",MO,2335,"Usap Titta",9.3,,,उसप,दोडामार्ग,17.3,12:50,13:30,ST,,,,
17749,"Usap To Dodamarg Via Pikule School",Usap,Dodamarg,"PIKULE SCHOOL",MO,2231,"Ainode Punarvasan",11.3,,,उसप,दोडामार्ग,17.3,12:50,13:30,ST,,,,
17749,"Usap To Dodamarg Via Pikule School",Usap,Dodamarg,"PIKULE SCHOOL",MO,2344,"Zare Bambar",11.6,,,उसप,दोडामार्ग,17.3,12:50,13:30,ST,,,,
17749,"Usap To Dodamarg Via Pikule School",Usap,Dodamarg,"PIKULE SCHOOL",MO,2304,"Pal Punarvasan",12.2,,,उसप,दोडामार्ग,17.3,12:50,13:30,ST,,,,
17749,"Usap To Dodamarg Via Pikule School",Usap,Dodamarg,"PIKULE SCHOOL",MO,2229,Ambeli,14.3,,,उसप,दोडामार्ग,17.3,12:50,13:30,ST,,,,
17749,"Usap To Dodamarg Via Pikule School",Usap,Dodamarg,"PIKULE SCHOOL",MO,2247,Dodamarg,17,,,उसप,दोडामार्ग,17.3,12:50,13:30,ST,,,,
18445,"Kudasa To Sawantwadi",Kudasa,Sawantwadi,,MO,2282,Kudasa,,,,कुडासा,सावंतवाडी,40.2,13:40,15:25,ST,,,,
18445,"Kudasa To Sawantwadi",Kudasa,Sawantwadi,,MO,2305,"Panturli Titha",1.5,,,कुडासा,सावंतवाडी,40.2,13:40,15:25,ST,,,,
18445,"Kudasa To Sawantwadi",Kudasa,Sawantwadi,,MO,2233,Bharpal,3.4,,,कुडासा,सावंतवाडी,40.2,13:40,15:25,ST,,,,
18445,"Kudasa To Sawantwadi",Kudasa,Sawantwadi,,MO,2305,"Panturli Titha",5.3,,,कुडासा,सावंतवाडी,40.2,13:40,15:25,ST,,,,
18445,"Kudasa To Sawantwadi",Kudasa,Sawantwadi,,MO,2271,"Kumbral Mandir",8.3,,,कुडासा,सावंतवाडी,40.2,13:40,15:25,ST,,,,
18445,"Kudasa To Sawantwadi",Kudasa,Sawantwadi,,MO,2320,"Shirval Dhangarwadi",10.3,,,कुडासा,सावंतवाडी,40.2,13:40,15:25,ST,,,,
18445,"Kudasa To Sawantwadi",Kudasa,Sawantwadi,,MO,2345,"Kolzar Mungi Dukan",11,,,कुडासा,सावंतवाडी,40.2,13:40,15:25,ST,,,,
18445,"Kudasa To Sawantwadi",Kudasa,Sawantwadi,,MO,2351,Kolzar,12.9,,,कुडासा,सावंतवाडी,40.2,13:40,15:25,ST,,,,
18445,"Kudasa To Sawantwadi",Kudasa,Sawantwadi,,MO,2349,"Marathe House",14.2,,,कुडासा,सावंतवाडी,40.2,13:40,15:25,ST,,,,
18445,"Kudasa To Sawantwadi",Kudasa,Sawantwadi,,MO,2352,"Talkat Soci",15.5,,,कुडासा,सावंतवाडी,40.2,13:40,15:25,ST,,,,
18445,"Kudasa To Sawantwadi",Kudasa,Sawantwadi,,MO,2353,"Talkat Nursary",16.3,,,कुडासा,सावंतवाडी,40.2,13:40,15:25,ST,,,,
18445,"Kudasa To Sawantwadi",Kudasa,Sawantwadi,,MO,8565,"Margaon Bagwadi",18,,,कुडासा,सावंतवाडी,40.2,13:40,15:25,ST,,,,
18445,"Kudasa To Sawantwadi",Kudasa,Sawantwadi,,MO,8620,"Padave Mazgaon",19.1,,,कुडासा,सावंतवाडी,40.2,13:40,15:25,ST,,,,
18445,"Kudasa To Sawantwadi",Kudasa,Sawantwadi,,MO,8558,"Kumbral Fata",21.2,,,कुडासा,सावंतवाडी,40.2,13:40,15:25,ST,,,,
18445,"Kudasa To Sawantwadi",Kudasa,Sawantwadi,,MO,8502,"Degve High School",23,,,कुडासा,सावंतवाडी,40.2,13:40,15:25,ST,,,,
18445,"Kudasa To Sawantwadi",Kudasa,Sawantwadi,,MO,8503,Degve,23.7,,,कुडासा,सावंतवाडी,40.2,13:40,15:25,ST,,,,
18445,"Kudasa To Sawantwadi",Kudasa,Sawantwadi,,MO,8619,Panval,25.3,,,कुडासा,सावंतवाडी,40.2,13:40,15:25,ST,,,,
18445,"Kudasa To Sawantwadi",Kudasa,Sawantwadi,,MO,8486,Banda,25.7,,,कुडासा,सावंतवाडी,40.2,13:40,15:25,ST,,,,
18445,"Kudasa To Sawantwadi",Kudasa,Sawantwadi,,MO,8542,"Khamdev Naka",27,,,कुडासा,सावंतवाडी,40.2,13:40,15:25,ST,,,,
18445,"Kudasa To Sawantwadi",Kudasa,Sawantwadi,,MO,8544,"Kudav Temb",27.5,,,कुडासा,सावंतवाडी,40.2,13:40,15:25,ST,,,,
18445,"Kudasa To Sawantwadi",Kudasa,Sawantwadi,,MO,89315,"Exicise Check Post",28,,,कुडासा,सावंतवाडी,40.2,13:40,15:25,ST,,,,
18445,"Kudasa To Sawantwadi",Kudasa,Sawantwadi,,MO,8560,Kondwada,31.7,,,कुडासा,सावंतवाडी,40.2,13:40,15:25,ST,,,,
18445,"Kudasa To Sawantwadi",Kudasa,Sawantwadi,,MO,8499,"Doba Shel",33.8,,,कुडासा,सावंतवाडी,40.2,13:40,15:25,ST,,,,
18445,"Kudasa To Sawantwadi",Kudasa,Sawantwadi,,MO,8578,"Majgaon Nala",37.1,,,कुडासा,सावंतवाडी,40.2,13:40,15:25,ST,,,,
18445,"Kudasa To Sawantwadi",Kudasa,Sawantwadi,,MO,8663,Sawantwadi,38.3,,,कुडासा,सावंतवाडी,40.2,13:40,15:25,ST,,,,
18446,"Kudasa To Banda",Kudasa,Banda,,MO,2282,Kudasa,,,,कुडासा,बांदा,28.1,06:15,07:15,ST,,,,
18446,"Kudasa To Banda",Kudasa,Banda,,MO,2305,"Panturli Titha",1.6,,,कुडासा,बांदा,28.1,06:15,07:15,ST,,,,
18446,"Kudasa To Banda",Kudasa,Banda,,MO,2233,Bharpal,2.09,,,कुडासा,बांदा,28.1,06:15,07:15,ST,,,,
18446,"Kudasa To Banda",Kudasa,Banda,,MO,2305,"Panturli Titha",3.8,,,कुडासा,बांदा,28.1,06:15,07:15,ST,,,,
18446,"Kudasa To Banda",Kudasa,Banda,,MO,2271,"Kumbral Mandir",4.6,,,कुडासा,बांदा,28.1,06:15,07:15,ST,,,,
18446,"Kudasa To Banda",Kudasa,Banda,,MO,2314,"Shirval School",7.3,,,कुडासा,बांदा,28.1,06:15,07:15,ST,,,,
18446,"Kudasa To Banda",Kudasa,Banda,,MO,2345,"Kolzar Mungi Dukan",9,,,कुडासा,बांदा,28.1,06:15,07:15,ST,,,,
18446,"Kudasa To Banda",Kudasa,Banda,,MO,2351,Kolzar,9.2,,,कुडासा,बांदा,28.1,06:15,07:15,ST,,,,
18446,"Kudasa To Banda",Kudasa,Banda,,MO,2349,"Marathe House",10.5,,,कुडासा,बांदा,28.1,06:15,07:15,ST,,,,
18446,"Kudasa To Banda",Kudasa,Banda,,MO,2352,"Talkat Soci",12,,,कुडासा,बांदा,28.1,06:15,07:15,ST,,,,
18446,"Kudasa To Banda",Kudasa,Banda,,MO,2353,"Talkat Nursary",12.6,,,कुडासा,बांदा,28.1,06:15,07:15,ST,,,,
18446,"Kudasa To Banda",Kudasa,Banda,,MO,8565,"Margaon Bagwadi",14,,,कुडासा,बांदा,28.1,06:15,07:15,ST,,,,
18446,"Kudasa To Banda",Kudasa,Banda,,MO,8620,"Padave Mazgaon",15.4,,,कुडासा,बांदा,28.1,06:15,07:15,ST,,,,
18446,"Kudasa To Banda",Kudasa,Banda,,MO,8558,"Kumbral Fata",17.5,,,कुडासा,बांदा,28.1,06:15,07:15,ST,,,,
18446,"Kudasa To Banda",Kudasa,Banda,,MO,8502,"Degve High School",20,,,कुडासा,बांदा,28.1,06:15,07:15,ST,,,,
18446,"Kudasa To Banda",Kudasa,Banda,,MO,8503,Degve,20.5,,,कुडासा,बांदा,28.1,06:15,07:15,ST,,,,
18446,"Kudasa To Banda",Kudasa,Banda,,MO,8619,Panval,21.6,,,कुडासा,बांदा,28.1,06:15,07:15,ST,,,,
18446,"Kudasa To Banda",Kudasa,Banda,,MO,8486,Banda,25.7,,,कुडासा,बांदा,28.1,06:15,07:15,ST,,,,
18449,"Velvewadi To Sawantwadi Via Malewad Naka",Velvewadi,Sawantwadi,"MALEWAD NAKA",MO,9822,Velvewadi,,,,वेळवेवाडी,सावंतवाडी,39.3,09:20,10:50,ST,,,,
18449,"Velvewadi To Sawantwadi Via Malewad Naka",Velvewadi,Sawantwadi,"MALEWAD NAKA",MO,9686,"Kinale Bhatwadi",1.7,,,वेळवेवाडी,सावंतवाडी,39.3,09:20,10:50,ST,,,,
18449,"Velvewadi To Sawantwadi Via Malewad Naka",Velvewadi,Sawantwadi,"MALEWAD NAKA",MO,9781,"Sawantachi Wadi",5.5,,,वेळवेवाडी,सावंतवाडी,39.3,09:20,10:50,ST,,,,
18449,"Velvewadi To Sawantwadi Via Malewad Naka",Velvewadi,Sawantwadi,"MALEWAD NAKA",MO,9669,Kawathani,7.5,,,वेळवेवाडी,सावंतवाडी,39.3,09:20,10:50,ST,,,,
18449,"Velvewadi To Sawantwadi Via Malewad Naka",Velvewadi,Sawantwadi,"MALEWAD NAKA",MO,9759,Pool,8.5,,,वेळवेवाडी,सावंतवाडी,39.3,09:20,10:50,ST,,,,
18449,"Velvewadi To Sawantwadi Via Malewad Naka",Velvewadi,Sawantwadi,"MALEWAD NAKA",MO,9771,Satarda,10,,,वेळवेवाडी,सावंतवाडी,39.3,09:20,10:50,ST,,,,
18449,"Velvewadi To Sawantwadi Via Malewad Naka",Velvewadi,Sawantwadi,"MALEWAD NAKA",MO,9774,"Satarda Mandir",11.2,,,वेळवेवाडी,सावंतवाडी,39.3,09:20,10:50,ST,,,,
18449,"Velvewadi To Sawantwadi Via Malewad Naka",Velvewadi,Sawantwadi,"MALEWAD NAKA",MO,9775,"Sateli Mandir",14.2,,,वेळवेवाडी,सावंतवाडी,39.3,09:20,10:50,ST,,,,
18449,"Velvewadi To Sawantwadi Via Malewad Naka",Velvewadi,Sawantwadi,"MALEWAD NAKA",MO,9694,"Kondura Titha",17.2,,,वेळवेवाडी,सावंतवाडी,39.3,09:20,10:50,ST,,,,
18449,"Velvewadi To Sawantwadi Via Malewad Naka",Velvewadi,Sawantwadi,"MALEWAD NAKA",MO,9704,"Malewad Naka",19.4,,,वेळवेवाडी,सावंतवाडी,39.3,09:20,10:50,ST,,,,
18449,"Velvewadi To Sawantwadi Via Malewad Naka",Velvewadi,Sawantwadi,"MALEWAD NAKA",MO,9703,"Malewad Hedulwadi",20.3,,,वेळवेवाडी,सावंतवाडी,39.3,09:20,10:50,ST,,,,
18449,"Velvewadi To Sawantwadi Via Malewad Naka",Velvewadi,Sawantwadi,"MALEWAD NAKA",MO,9833,"Warachi Malewad",22.3,,,वेळवेवाडी,सावंतवाडी,39.3,09:20,10:50,ST,,,,
18449,"Velvewadi To Sawantwadi Via Malewad Naka",Velvewadi,Sawantwadi,"MALEWAD NAKA",MO,8517,"Forest Chouki",22.7,,,वेळवेवाडी,सावंतवाडी,39.3,09:20,10:50,ST,,,,
18449,"Velvewadi To Sawantwadi Via Malewad Naka",Velvewadi,Sawantwadi,"MALEWAD NAKA",MO,9855,"Ghodemukh Matond",24.6,,,वेळवेवाडी,सावंतवाडी,39.3,09:20,10:50,ST,,,,
18449,"Velvewadi To Sawantwadi Via Malewad Naka",Velvewadi,Sawantwadi,"MALEWAD NAKA",MO,8614,"Nhaveli School",26,,,वेळवेवाडी,सावंतवाडी,39.3,09:20,10:50,ST,,,,
18449,"Velvewadi To Sawantwadi Via Malewad Naka",Velvewadi,Sawantwadi,"MALEWAD NAKA",MO,8598,"Nhaveli Bidi Karakhana",27.4,,,वेळवेवाडी,सावंतवाडी,39.3,09:20,10:50,ST,,,,
18449,"Velvewadi To Sawantwadi Via Malewad Naka",Velvewadi,Sawantwadi,"MALEWAD NAKA",MO,8599,"Nirawade Tiles Factory",29.2,,,वेळवेवाडी,सावंतवाडी,39.3,09:20,10:50,ST,,,,
18449,"Velvewadi To Sawantwadi Via Malewad Naka",Velvewadi,Sawantwadi,"MALEWAD NAKA",MO,8609,"Nirawade Bazar",30,,,वेळवेवाडी,सावंतवाडी,39.3,09:20,10:50,ST,,,,
18449,"Velvewadi To Sawantwadi Via Malewad Naka",Velvewadi,Sawantwadi,"MALEWAD NAKA",MO,8665,"Sawantwadi Rly. Stn.",31.1,,,वेळवेवाडी,सावंतवाडी,39.3,09:20,10:50,ST,,,,
18449,"Velvewadi To Sawantwadi Via Malewad Naka",Velvewadi,Sawantwadi,"MALEWAD NAKA",MO,8674,"Vengurle Shiroda Titha",32.2,,,वेळवेवाडी,सावंतवाडी,39.3,09:20,10:50,ST,,,,
18449,"Velvewadi To Sawantwadi Via Malewad Naka",Velvewadi,Sawantwadi,"MALEWAD NAKA",MO,8580,Malgaon,32.6,,,वेळवेवाडी,सावंतवाडी,39.3,09:20,10:50,ST,,,,
18449,"Velvewadi To Sawantwadi Via Malewad Naka",Velvewadi,Sawantwadi,"MALEWAD NAKA",MO,8523,"Gulabi Titha",35.2,,,वेळवेवाडी,सावंतवाडी,39.3,09:20,10:50,ST,,,,
18449,"Velvewadi To Sawantwadi Via Malewad Naka",Velvewadi,Sawantwadi,"MALEWAD NAKA",MO,8663,Sawantwadi,38.5,,,वेळवेवाडी,सावंतवाडी,39.3,09:20,10:50,ST,,,,
18536,"Redi Kanyal To Sawantwadi Via Goltuv Wadi","Redi Kanyal",Sawantwadi,"GOLTUV WADI",MO,9768,"Redi Kanyal",,,,"रेडी कनयाळ",सावंतवाडी,42.4,06:10,07:50,ST,,,,
18536,"Redi Kanyal To Sawantwadi Via Goltuv Wadi","Redi Kanyal",Sawantwadi,"GOLTUV WADI",MO,9769,"Redi Mauli Mandir",1.8,,,"रेडी कनयाळ",सावंतवाडी,42.4,06:10,07:50,ST,,,,
18536,"Redi Kanyal To Sawantwadi Via Goltuv Wadi","Redi Kanyal",Sawantwadi,"GOLTUV WADI",MO,9653,"Huda Fata",4.7,,,"रेडी कनयाळ",सावंतवाडी,42.4,06:10,07:50,ST,,,,
18536,"Redi Kanyal To Sawantwadi Via Goltuv Wadi","Redi Kanyal",Sawantwadi,"GOLTUV WADI",MO,9729,"Nagoba Mandir",6.9,,,"रेडी कनयाळ",सावंतवाडी,42.4,06:10,07:50,ST,,,,
18536,"Redi Kanyal To Sawantwadi Via Goltuv Wadi","Redi Kanyal",Sawantwadi,"GOLTUV WADI",MO,9646,"Goltuv Wadi",7.8,,,"रेडी कनयाळ",सावंतवाडी,42.4,06:10,07:50,ST,,,,
18536,"Redi Kanyal To Sawantwadi Via Goltuv Wadi","Redi Kanyal",Sawantwadi,"GOLTUV WADI",MO,9729,"Nagoba Mandir",8.7,,,"रेडी कनयाळ",सावंतवाडी,42.4,06:10,07:50,ST,,,,
18536,"Redi Kanyal To Sawantwadi Via Goltuv Wadi","Redi Kanyal",Sawantwadi,"GOLTUV WADI",MO,9614,Bhatpawani,12.4,,,"रेडी कनयाळ",सावंतवाडी,42.4,06:10,07:50,ST,,,,
18536,"Redi Kanyal To Sawantwadi Via Goltuv Wadi","Redi Kanyal",Sawantwadi,"GOLTUV WADI",MO,9588,Agralwadi,14.1,,,"रेडी कनयाळ",सावंतवाडी,42.4,06:10,07:50,ST,,,,
18536,"Redi Kanyal To Sawantwadi Via Goltuv Wadi","Redi Kanyal",Sawantwadi,"GOLTUV WADI",MO,8472,Aronda,16.2,,,"रेडी कनयाळ",सावंतवाडी,42.4,06:10,07:50,ST,,,,
18536,"Redi Kanyal To Sawantwadi Via Goltuv Wadi","Redi Kanyal",Sawantwadi,"GOLTUV WADI",MO,9687,Kiranpani,16.8,,,"रेडी कनयाळ",सावंतवाडी,42.4,06:10,07:50,ST,,,,
18536,"Redi Kanyal To Sawantwadi Via Goltuv Wadi","Redi Kanyal",Sawantwadi,"GOLTUV WADI",MO,8472,Aronda,17.6,,,"रेडी कनयाळ",सावंतवाडी,42.4,06:10,07:50,ST,,,,
18536,"Redi Kanyal To Sawantwadi Via Goltuv Wadi","Redi Kanyal",Sawantwadi,"GOLTUV WADI",MO,9680,Khari,20.3,,,"रेडी कनयाळ",सावंतवाडी,42.4,06:10,07:50,ST,,,,
18536,"Redi Kanyal To Sawantwadi Via Goltuv Wadi","Redi Kanyal",Sawantwadi,"GOLTUV WADI",MO,9705,"Malewad Ranewadi",23.5,,,"रेडी कनयाळ",सावंतवाडी,42.4,06:10,07:50,ST,,,,
18536,"Redi Kanyal To Sawantwadi Via Goltuv Wadi","Redi Kanyal",Sawantwadi,"GOLTUV WADI",MO,9704,"Malewad Naka",25.4,,,"रेडी कनयाळ",सावंतवाडी,42.4,06:10,07:50,ST,,,,
18536,"Redi Kanyal To Sawantwadi Via Goltuv Wadi","Redi Kanyal",Sawantwadi,"GOLTUV WADI",MO,9703,"Malewad Hedulwadi",26.3,,,"रेडी कनयाळ",सावंतवाडी,42.4,06:10,07:50,ST,,,,
18536,"Redi Kanyal To Sawantwadi Via Goltuv Wadi","Redi Kanyal",Sawantwadi,"GOLTUV WADI",MO,9833,"Warachi Malewad",28.3,,,"रेडी कनयाळ",सावंतवाडी,42.4,06:10,07:50,ST,,,,
18536,"Redi Kanyal To Sawantwadi Via Goltuv Wadi","Redi Kanyal",Sawantwadi,"GOLTUV WADI",MO,8517,"Forest Chouki",28.7,,,"रेडी कनयाळ",सावंतवाडी,42.4,06:10,07:50,ST,,,,
18536,"Redi Kanyal To Sawantwadi Via Goltuv Wadi","Redi Kanyal",Sawantwadi,"GOLTUV WADI",MO,9855,"Ghodemukh Matond",30.6,,,"रेडी कनयाळ",सावंतवाडी,42.4,06:10,07:50,ST,,,,
18536,"Redi Kanyal To Sawantwadi Via Goltuv Wadi","Redi Kanyal",Sawantwadi,"GOLTUV WADI",MO,8614,"Nhaveli School",32,,,"रेडी कनयाळ",सावंतवाडी,42.4,06:10,07:50,ST,,,,
18536,"Redi Kanyal To Sawantwadi Via Goltuv Wadi","Redi Kanyal",Sawantwadi,"GOLTUV WADI",MO,8599,"Nirawade Tiles Factory",35.2,,,"रेडी कनयाळ",सावंतवाडी,42.4,06:10,07:50,ST,,,,
18536,"Redi Kanyal To Sawantwadi Via Goltuv Wadi","Redi Kanyal",Sawantwadi,"GOLTUV WADI",MO,8609,"Nirawade Bazar",36,,,"रेडी कनयाळ",सावंतवाडी,42.4,06:10,07:50,ST,,,,
18536,"Redi Kanyal To Sawantwadi Via Goltuv Wadi","Redi Kanyal",Sawantwadi,"GOLTUV WADI",MO,8641,"Railway Station",37.1,,,"रेडी कनयाळ",सावंतवाडी,42.4,06:10,07:50,ST,,,,
18536,"Redi Kanyal To Sawantwadi Via Goltuv Wadi","Redi Kanyal",Sawantwadi,"GOLTUV WADI",MO,8674,"Vengurle Shiroda Titha",38.2,,,"रेडी कनयाळ",सावंतवाडी,42.4,06:10,07:50,ST,,,,
18536,"Redi Kanyal To Sawantwadi Via Goltuv Wadi","Redi Kanyal",Sawantwadi,"GOLTUV WADI",MO,8580,Malgaon,38.6,,,"रेडी कनयाळ",सावंतवाडी,42.4,06:10,07:50,ST,,,,
18536,"Redi Kanyal To Sawantwadi Via Goltuv Wadi","Redi Kanyal",Sawantwadi,"GOLTUV WADI",MO,8523,"Gulabi Titha",41.2,,,"रेडी कनयाळ",सावंतवाडी,42.4,06:10,07:50,ST,,,,
18536,"Redi Kanyal To Sawantwadi Via Goltuv Wadi","Redi Kanyal",Sawantwadi,"GOLTUV WADI",MO,8663,Sawantwadi,42.4,,,"रेडी कनयाळ",सावंतवाडी,42.4,06:10,07:50,ST,,,,
18607,"Nivaje Mandir To Sawantwadi","Nivaje Mandir",Sawantwadi,,MO,6354,"Nivaje Mandir",,,,निवजे,सावंतवाडी,22.2,18:10,19:10,ST,,,,
18607,"Nivaje Mandir To Sawantwadi","Nivaje Mandir",Sawantwadi,,MO,6356,"Nivaje Chavata",1.6,,,निवजे,सावंतवाडी,22.2,18:10,19:10,ST,,,,
18607,"Nivaje Mandir To Sawantwadi","Nivaje Mandir",Sawantwadi,,MO,6357,Nivaje,2.6,,,निवजे,सावंतवाडी,22.2,18:10,19:10,ST,,,,
18607,"Nivaje Mandir To Sawantwadi","Nivaje Mandir",Sawantwadi,,MO,6175,Gadavane,3,,,निवजे,सावंतवाडी,22.2,18:10,19:10,ST,,,,
18607,"Nivaje Mandir To Sawantwadi","Nivaje Mandir",Sawantwadi,,MO,6332,"Nivaje Kudal Fata",8,,,निवजे,सावंतवाडी,22.2,18:10,19:10,ST,,,,
18607,"Nivaje Mandir To Sawantwadi","Nivaje Mandir",Sawantwadi,,MO,6092,Amberi,8.1,,,निवजे,सावंतवाडी,22.2,18:10,19:10,ST,,,,
18607,"Nivaje Mandir To Sawantwadi","Nivaje Mandir",Sawantwadi,,MO,6319,"Mangaon Phc",8.8,,,निवजे,सावंतवाडी,22.2,18:10,19:10,ST,,,,
18607,"Nivaje Mandir To Sawantwadi","Nivaje Mandir",Sawantwadi,,MO,6317,Mangaon,10.5,,,निवजे,सावंतवाडी,22.2,18:10,19:10,ST,,,,
18607,"Nivaje Mandir To Sawantwadi","Nivaje Mandir",Sawantwadi,,MO,6323,"Mangaon Titha",12.4,,,निवजे,सावंतवाडी,22.2,18:10,19:10,ST,,,,
18607,"Nivaje Mandir To Sawantwadi","Nivaje Mandir",Sawantwadi,,MO,6162,Dholkarwadi,13.3,,,निवजे,सावंतवाडी,22.2,18:10,19:10,ST,,,,
18607,"Nivaje Mandir To Sawantwadi","Nivaje Mandir",Sawantwadi,,MO,6207,"Humras Fata",14.2,,,निवजे,सावंतवाडी,22.2,18:10,19:10,ST,,,,
18607,"Nivaje Mandir To Sawantwadi","Nivaje Mandir",Sawantwadi,,MO,6101,Akeri,16.8,,,निवजे,सावंतवाडी,22.2,18:10,19:10,ST,,,,
18607,"Nivaje Mandir To Sawantwadi","Nivaje Mandir",Sawantwadi,,MO,8551,"Kolgaon Thita",19,,,निवजे,सावंतवाडी,22.2,18:10,19:10,ST,,,,
18607,"Nivaje Mandir To Sawantwadi","Nivaje Mandir",Sawantwadi,,MO,8663,Sawantwadi,22.2,,,निवजे,सावंतवाडी,22.2,18:10,19:10,ST,,,,
18787,"Verle Temple To Sawantwadi","Verle Temple",Sawantwadi,,MO,8676,"Verle Temple",,,,वेर्ले,सावंतवाडी,24,10:55,12:10,ST,,,,
18787,"Verle Temple To Sawantwadi","Verle Temple",Sawantwadi,,MO,8633,Pastewadi,3,,,वेर्ले,सावंतवाडी,24,10:55,12:10,ST,,,,
18787,"Verle Temple To Sawantwadi","Verle Temple",Sawantwadi,,MO,8538,Kalambist,5.7,,,वेर्ले,सावंतवाडी,24,10:55,12:10,ST,,,,
18787,"Verle Temple To Sawantwadi","Verle Temple",Sawantwadi,,MO,8651,Sangeli,8.5,,,वेर्ले,सावंतवाडी,24,10:55,12:10,ST,,,,
18787,"Verle Temple To Sawantwadi","Verle Temple",Sawantwadi,,MO,8644,"Sangeli Wad",8.7,,,वेर्ले,सावंतवाडी,24,10:55,12:10,ST,,,,
18787,"Verle Temple To Sawantwadi","Verle Temple",Sawantwadi,,MO,8610,Nursary,12,,,वेर्ले,सावंतवाडी,24,10:55,12:10,ST,,,,
18787,"Verle Temple To Sawantwadi","Verle Temple",Sawantwadi,,MO,8513,"Dhawadaki School",12.5,,,वेर्ले,सावंतवाडी,24,10:55,12:10,ST,,,,
18787,"Verle Temple To Sawantwadi","Verle Temple",Sawantwadi,,MO,8552,"Kalmbist Fata",13,,,वेर्ले,सावंतवाडी,24,10:55,12:10,ST,,,,
18787,"Verle Temple To Sawantwadi","Verle Temple",Sawantwadi,,MO,8496,"Dhawadaki Datta Mandir",13.4,,,वेर्ले,सावंतवाडी,24,10:55,12:10,ST,,,,
18787,"Verle Temple To Sawantwadi","Verle Temple",Sawantwadi,,MO,8569,"Madkhol Met",15,,,वेर्ले,सावंतवाडी,24,10:55,12:10,ST,,,,
18787,"Verle Temple To Sawantwadi","Verle Temple",Sawantwadi,,MO,8675,"V P Collage Madkhol",16,,,वेर्ले,सावंतवाडी,24,10:55,12:10,ST,,,,
18787,"Verle Temple To Sawantwadi","Verle Temple",Sawantwadi,,MO,8570,Madkhol,17,,,वेर्ले,सावंतवाडी,24,10:55,12:10,ST,,,,
18787,"Verle Temple To Sawantwadi","Verle Temple",Sawantwadi,,MO,8653,"Sapale Stop",18,,,वेर्ले,सावंतवाडी,24,10:55,12:10,ST,,,,
18787,"Verle Temple To Sawantwadi","Verle Temple",Sawantwadi,,MO,8488,"Burdi Pul",21,,,वेर्ले,सावंतवाडी,24,10:55,12:10,ST,,,,
18787,"Verle Temple To Sawantwadi","Verle Temple",Sawantwadi,,MO,8636,Pedavewadi,23,,,वेर्ले,सावंतवाडी,24,10:55,12:10,ST,,,,
18787,"Verle Temple To Sawantwadi","Verle Temple",Sawantwadi,,MO,8663,Sawantwadi,24,,,वेर्ले,सावंतवाडी,24,10:55,12:10,ST,,,,
56665,"Nemale To Sawantwadi Via Malgaon Mandir",Nemale,Sawantwadi,"MALGAON MANDIR",MO,8604,Nemale,,,,नेमळे,सावंतवाडी,15,07:10,07:35,ST,,,,
56665,"Nemale To Sawantwadi Via Malgaon Mandir",Nemale,Sawantwadi,"MALGAON MANDIR",MO,8602,"Nemale Sateri Mandir",2,,,नेमळे,सावंतवाडी,15,07:10,07:35,ST,,,,
56665,"Nemale To Sawantwadi Via Malgaon Mandir",Nemale,Sawantwadi,"MALGAON MANDIR",MO,8592,"Nemale Gpo",3,,,नेमळे,सावंतवाडी,15,07:10,07:35,ST,,,,
56665,"Nemale To Sawantwadi Via Malgaon Mandir",Nemale,Sawantwadi,"MALGAON MANDIR",MO,8497,Dhangarwadi,4,,,नेमळे,सावंतवाडी,15,07:10,07:35,ST,,,,
56665,"Nemale To Sawantwadi Via Malgaon Mandir",Nemale,Sawantwadi,"MALGAON MANDIR",MO,8583,"Malgaon Mandir",10,,,नेमळे,सावंतवाडी,15,07:10,07:35,ST,,,,
56665,"Nemale To Sawantwadi Via Malgaon Mandir",Nemale,Sawantwadi,"MALGAON MANDIR",MO,8523,"Gulabi Titha",12,,,नेमळे,सावंतवाडी,15,07:10,07:35,ST,,,,
56665,"Nemale To Sawantwadi Via Malgaon Mandir",Nemale,Sawantwadi,"MALGAON MANDIR",MO,8663,Sawantwadi,15,,,नेमळे,सावंतवाडी,15,07:10,07:35,ST,,,,
60307,"Sawantwadi To Malgaon",Sawantwadi,Malgaon,,MO,8663,Sawantwadi,,,,सावंतवाडी,,6.3,07:00,07:15,ST,,,,
60307,"Sawantwadi To Malgaon",Sawantwadi,Malgaon,,MO,8523,"Gulabi Titha",3,,,सावंतवाडी,,6.3,07:00,07:15,ST,,,,
60307,"Sawantwadi To Malgaon",Sawantwadi,Malgaon,,MO,8580,Malgaon,6.3,,,सावंतवाडी,,6.3,07:00,07:15,ST,,,,
60649,"Dodamarg To Pikule Mandir Via Zare Bambar",Dodamarg,"Pikule Mandir","ZARE BAMBAR",MO,2247,Dodamarg,,,,दोडामार्ग,पिकुळे,12.3,16:00,16:25,ST,,,,
60649,"Dodamarg To Pikule Mandir Via Zare Bambar",Dodamarg,"Pikule Mandir","ZARE BAMBAR",MO,2229,Ambeli,2.7,,,दोडामार्ग,पिकुळे,12.3,16:00,16:25,ST,,,,
60649,"Dodamarg To Pikule Mandir Via Zare Bambar",Dodamarg,"Pikule Mandir","ZARE BAMBAR",MO,2344,"Zare Bambar",5.4,,,दोडामार्ग,पिकुळे,12.3,16:00,16:25,ST,,,,
60649,"Dodamarg To Pikule Mandir Via Zare Bambar",Dodamarg,"Pikule Mandir","ZARE BAMBAR",MO,2308,"Pikule School",11.5,,,दोडामार्ग,पिकुळे,12.3,16:00,16:25,ST,,,,
60649,"Dodamarg To Pikule Mandir Via Zare Bambar",Dodamarg,"Pikule Mandir","ZARE BAMBAR",MO,2301,"Pikule Mandir",12.3,,,दोडामार्ग,पिकुळे,12.3,16:00,16:25,ST,,,,
61579,"Asaniye Mauli Mandir To Sawantwadi Via Tamboli Chafa","Asaniye Mauli Mandir",Sawantwadi,"TAMBOLI CHAFA",MO,8476,"Asaniye Mauli Mandir",,,,असनिये,सावंतवाडी,31.4,11:15,12:30,ST,,,,
61579,"Asaniye Mauli Mandir To Sawantwadi Via Tamboli Chafa","Asaniye Mauli Mandir",Sawantwadi,"TAMBOLI CHAFA",MO,8683,"Zolambe Fata",2,,,असनिये,सावंतवाडी,31.4,11:15,12:30,ST,,,,
61579,"Asaniye Mauli Mandir To Sawantwadi Via Tamboli Chafa","Asaniye Mauli Mandir",Sawantwadi,"TAMBOLI CHAFA",MO,8668,"Tamboli Chafa",5.9,,,असनिये,सावंतवाडी,31.4,11:15,12:30,ST,,,,
61579,"Asaniye Mauli Mandir To Sawantwadi Via Tamboli Chafa","Asaniye Mauli Mandir",Sawantwadi,"TAMBOLI CHAFA",MO,8477,"Bhalawal Shop",9,,,असनिये,सावंतवाडी,31.4,11:15,12:30,ST,,,,
61579,"Asaniye Mauli Mandir To Sawantwadi Via Tamboli Chafa","Asaniye Mauli Mandir",Sawantwadi,"TAMBOLI CHAFA",MO,8673,"Vilavade Wad",12,,,असनिये,सावंतवाडी,31.4,11:15,12:30,ST,,,,
61579,"Asaniye Mauli Mandir To Sawantwadi Via Tamboli Chafa","Asaniye Mauli Mandir",Sawantwadi,"TAMBOLI CHAFA",MO,8672,"Vafoli Sosc",14.9,,,असनिये,सावंतवाडी,31.4,11:15,12:30,ST,,,,
61579,"Asaniye Mauli Mandir To Sawantwadi Via Tamboli Chafa","Asaniye Mauli Mandir",Sawantwadi,"TAMBOLI CHAFA",MO,8486,Banda,18,,,असनिये,सावंतवाडी,31.4,11:15,12:30,ST,,,,
61579,"Asaniye Mauli Mandir To Sawantwadi Via Tamboli Chafa","Asaniye Mauli Mandir",Sawantwadi,"TAMBOLI CHAFA",MO,89315,"Exicise Check Post",21,,,असनिये,सावंतवाडी,31.4,11:15,12:30,ST,,,,
61579,"Asaniye Mauli Mandir To Sawantwadi Via Tamboli Chafa","Asaniye Mauli Mandir",Sawantwadi,"TAMBOLI CHAFA",MO,8560,Kondwada,22.6,,,असनिये,सावंतवाडी,31.4,11:15,12:30,ST,,,,
61579,"Asaniye Mauli Mandir To Sawantwadi Via Tamboli Chafa","Asaniye Mauli Mandir",Sawantwadi,"TAMBOLI CHAFA",MO,8499,"Doba Shel",23.7,,,असनिये,सावंतवाडी,31.4,11:15,12:30,ST,,,,
61579,"Asaniye Mauli Mandir To Sawantwadi Via Tamboli Chafa","Asaniye Mauli Mandir",Sawantwadi,"TAMBOLI CHAFA",MO,8578,"Majgaon Nala",28,,,असनिये,सावंतवाडी,31.4,11:15,12:30,ST,,,,
61579,"Asaniye Mauli Mandir To Sawantwadi Via Tamboli Chafa","Asaniye Mauli Mandir",Sawantwadi,"TAMBOLI CHAFA",MO,8663,Sawantwadi,31.4,,,असनिये,सावंतवाडी,31.4,11:15,12:30,ST,,,,
61939,"Nanos Konkan Pharma To Sawantwadi","Nanos Konkan Pharma",Sawantwadi,,MO,9733,"Nanos Konkan Pharma",,,,,सावंतवाडी,32.8,17:50,19:05,ST,,,,
61939,"Nanos Konkan Pharma To Sawantwadi","Nanos Konkan Pharma",Sawantwadi,,MO,9734,"Nanos Titha",2,,,,सावंतवाडी,32.8,17:50,19:05,ST,,,,
61939,"Nanos Konkan Pharma To Sawantwadi","Nanos Konkan Pharma",Sawantwadi,,MO,9789,Shiroda,5,,,,सावंतवाडी,32.8,17:50,19:05,ST,,,,
61939,"Nanos Konkan Pharma To Sawantwadi","Nanos Konkan Pharma",Sawantwadi,,MO,9592,"Ajgaon Marathi School",8,,,,सावंतवाडी,32.8,17:50,19:05,ST,,,,
61939,"Nanos Konkan Pharma To Sawantwadi","Nanos Konkan Pharma",Sawantwadi,,MO,9779,Savardev,11,,,,सावंतवाडी,32.8,17:50,19:05,ST,,,,
61939,"Nanos Konkan Pharma To Sawantwadi","Nanos Konkan Pharma",Sawantwadi,,MO,9704,"Malewad Naka",12,,,,सावंतवाडी,32.8,17:50,19:05,ST,,,,
61939,"Nanos Konkan Pharma To Sawantwadi","Nanos Konkan Pharma",Sawantwadi,,MO,9703,"Malewad Hedulwadi",14,,,,सावंतवाडी,32.8,17:50,19:05,ST,,,,
61939,"Nanos Konkan Pharma To Sawantwadi","Nanos Konkan Pharma",Sawantwadi,,MO,9833,"Warachi Malewad",15,,,,सावंतवाडी,32.8,17:50,19:05,ST,,,,
61939,"Nanos Konkan Pharma To Sawantwadi","Nanos Konkan Pharma",Sawantwadi,,MO,8517,"Forest Chouki",17,,,,सावंतवाडी,32.8,17:50,19:05,ST,,,,
61939,"Nanos Konkan Pharma To Sawantwadi","Nanos Konkan Pharma",Sawantwadi,,MO,9855,"Ghodemukh Matond",18,,,,सावंतवाडी,32.8,17:50,19:05,ST,,,,
61939,"Nanos Konkan Pharma To Sawantwadi","Nanos Konkan Pharma",Sawantwadi,,MO,8614,"Nhaveli School",20,,,,सावंतवाडी,32.8,17:50,19:05,ST,,,,
61939,"Nanos Konkan Pharma To Sawantwadi","Nanos Konkan Pharma",Sawantwadi,,MO,8599,"Nirawade Tiles Factory",23,,,,सावंतवाडी,32.8,17:50,19:05,ST,,,,
61939,"Nanos Konkan Pharma To Sawantwadi","Nanos Konkan Pharma",Sawantwadi,,MO,8609,"Nirawade Bazar",24,,,,सावंतवाडी,32.8,17:50,19:05,ST,,,,
61939,"Nanos Konkan Pharma To Sawantwadi","Nanos Konkan Pharma",Sawantwadi,,MO,8665,"Sawantwadi Rly. Stn.",25,,,,सावंतवाडी,32.8,17:50,19:05,ST,,,,
61939,"Nanos Konkan Pharma To Sawantwadi","Nanos Konkan Pharma",Sawantwadi,,MO,8674,"Vengurle Shiroda Titha",26,,,,सावंतवाडी,32.8,17:50,19:05,ST,,,,
61939,"Nanos Konkan Pharma To Sawantwadi","Nanos Konkan Pharma",Sawantwadi,,MO,8580,Malgaon,27,,,,सावंतवाडी,32.8,17:50,19:05,ST,,,,
61939,"Nanos Konkan Pharma To Sawantwadi","Nanos Konkan Pharma",Sawantwadi,,MO,8523,"Gulabi Titha",29,,,,सावंतवाडी,32.8,17:50,19:05,ST,,,,
61939,"Nanos Konkan Pharma To Sawantwadi","Nanos Konkan Pharma",Sawantwadi,,MO,8663,Sawantwadi,32,,,,सावंतवाडी,32.8,17:50,19:05,ST,,,,
63048,"Dodamarg To Shirange",Dodamarg,Shirange,,MO,2247,Dodamarg,,,,दोडामार्ग,शिरंगे,15,17:30,18:05,ST,,,,
63048,"Dodamarg To Shirange",Dodamarg,Shirange,,MO,2229,Ambeli,3,,,दोडामार्ग,शिरंगे,15,17:30,18:05,ST,,,,
63048,"Dodamarg To Shirange",Dodamarg,Shirange,,MO,2344,"Zare Bambar",6,,,दोडामार्ग,शिरंगे,15,17:30,18:05,ST,,,,
63048,"Dodamarg To Shirange",Dodamarg,Shirange,,MO,2236,"Bhedshi Nadi",9,,,दोडामार्ग,शिरंगे,15,17:30,18:05,ST,,,,
63048,"Dodamarg To Shirange",Dodamarg,Shirange,,MO,2318,"Sateli Bhedashi",10,,,दोडामार्ग,शिरंगे,15,17:30,18:05,ST,,,,
63048,"Dodamarg To Shirange",Dodamarg,Shirange,,MO,2267,Kalva,11,,,दोडामार्ग,शिरंगे,15,17:30,18:05,ST,,,,
63048,"Dodamarg To Shirange",Dodamarg,Shirange,,MO,2276,Khanyale,12,,,दोडामार्ग,शिरंगे,15,17:30,18:05,ST,,,,
63048,"Dodamarg To Shirange",Dodamarg,Shirange,,MO,2317,Shirange,15,,,दोडामार्ग,शिरंगे,15,17:30,18:05,ST,,,,
75155,"Nemale To Sawantwadi Via Akeri",Nemale,Sawantwadi,AKERI,MO,8604,Nemale,,,,नेमळे,सावंतवाडी,15,13:15,14:00,ST,,,,
75155,"Nemale To Sawantwadi Via Akeri",Nemale,Sawantwadi,AKERI,MO,8592,"Nemale Gpo",1,,,नेमळे,सावंतवाडी,15,13:15,14:00,ST,,,,
75155,"Nemale To Sawantwadi Via Akeri",Nemale,Sawantwadi,AKERI,MO,8602,"Nemale Sateri Mandir",1.3,,,नेमळे,सावंतवाडी,15,13:15,14:00,ST,,,,
75155,"Nemale To Sawantwadi Via Akeri",Nemale,Sawantwadi,AKERI,MO,6342,"Nemale Fata",4.2,,,नेमळे,सावंतवाडी,15,13:15,14:00,ST,,,,
75155,"Nemale To Sawantwadi Via Akeri",Nemale,Sawantwadi,AKERI,MO,6101,Akeri,7.2,,,नेमळे,सावंतवाडी,15,13:15,14:00,ST,,,,
75155,"Nemale To Sawantwadi Via Akeri",Nemale,Sawantwadi,AKERI,MO,6249,"Kolgaon Titha",9.4,,,नेमळे,सावंतवाडी,15,13:15,14:00,ST,,,,
75155,"Nemale To Sawantwadi Via Akeri",Nemale,Sawantwadi,AKERI,MO,8663,Sawantwadi,13.2,,,नेमळे,सावंतवाडी,15,13:15,14:00,ST,,,,
94440,"Tirali To Dodamarg Via Kudasa",Tirali,Dodamarg,KUDASA,MO,2332,Tirali,,,,तिराळी,दोडामार्ग,21,07:45,08:30,ST,,,CHANGE,
94440,"Tirali To Dodamarg Via Kudasa",Tirali,Dodamarg,KUDASA,MO,2329,"Tillari Bank",1,,,तिराळी,दोडामार्ग,21,07:45,08:30,ST,,,CHANGE,
94440,"Tirali To Dodamarg Via Kudasa",Tirali,Dodamarg,KUDASA,MO,2283,"Londhewadi Mecanic Colony",2,,,तिराळी,दोडामार्ग,21,07:45,08:30,ST,,,CHANGE,
94440,"Tirali To Dodamarg Via Kudasa",Tirali,Dodamarg,KUDASA,MO,2274,"Konal Katta",3,,,तिराळी,दोडामार्ग,21,07:45,08:30,ST,,,CHANGE,
94440,"Tirali To Dodamarg Via Kudasa",Tirali,Dodamarg,KUDASA,MO,2232,Awade,4,,,तिराळी,दोडामार्ग,21,07:45,08:30,ST,,,CHANGE,
94440,"Tirali To Dodamarg Via Kudasa",Tirali,Dodamarg,KUDASA,MO,2239,Bhedshi,5,,,तिराळी,दोडामार्ग,21,07:45,08:30,ST,,,CHANGE,
94440,"Tirali To Dodamarg Via Kudasa",Tirali,Dodamarg,KUDASA,MO,2236,"Bhedshi Nadi",6,,,तिराळी,दोडामार्ग,21,07:45,08:30,ST,,,CHANGE,
94440,"Tirali To Dodamarg Via Kudasa",Tirali,Dodamarg,KUDASA,MO,2260,"Kudasa Fata",7,,,तिराळी,दोडामार्ग,21,07:45,08:30,ST,,,CHANGE,
94440,"Tirali To Dodamarg Via Kudasa",Tirali,Dodamarg,KUDASA,MO,2244,Dhangarwadi,9,,,तिराळी,दोडामार्ग,21,07:45,08:30,ST,,,CHANGE,
94440,"Tirali To Dodamarg Via Kudasa",Tirali,Dodamarg,KUDASA,MO,2282,Kudasa,10,,,तिराळी,दोडामार्ग,21,07:45,08:30,ST,,,CHANGE,
94440,"Tirali To Dodamarg Via Kudasa",Tirali,Dodamarg,KUDASA,MO,2360,Goutamwadi,12,,,तिराळी,दोडामार्ग,21,07:45,08:30,ST,,,CHANGE,
94440,"Tirali To Dodamarg Via Kudasa",Tirali,Dodamarg,KUDASA,MO,2290,Maneri,15,,,तिराळी,दोडामार्ग,21,07:45,08:30,ST,,,CHANGE,
94440,"Tirali To Dodamarg Via Kudasa",Tirali,Dodamarg,KUDASA,MO,2247,Dodamarg,21,,,तिराळी,दोडामार्ग,21,07:45,08:30,ST,,,CHANGE,
97998,"Banda To Madura School",Banda,"Madura School",,MO,8486,Banda,,,,बांदा,,12,09:30,09:55,ST,,,,
97998,"Banda To Madura School",Banda,"Madura School",,MO,8643,"Sherla Shop",3.6,,,बांदा,,12,09:30,09:55,ST,,,,
97998,"Banda To Madura School",Banda,"Madura School",,MO,8600,Nigude,8.4,,,बांदा,,12,09:30,09:55,ST,,,,
97998,"Banda To Madura School",Banda,"Madura School",,MO,8487,"Bhogate Shop",9.9,,,बांदा,,12,09:30,09:55,ST,,,,
97998,"Banda To Madura School",Banda,"Madura School",,MO,8575,"Madura Titha",11.5,,,बांदा,,12,09:30,09:55,ST,,,,
97998,"Banda To Madura School",Banda,"Madura School",,MO,8590,"Madura School",12,,,बांदा,,12,09:30,09:55,ST,,,,
100052,"Jambhul Mala To Sawantwadi","Jambhul Mala",Sawantwadi,,MO,9655,"Jambhul Mala",,,,वजराट,सावंतवाडी,15,17:30,18:20,ST,,,,
100052,"Jambhul Mala To Sawantwadi","Jambhul Mala",Sawantwadi,,MO,9585,Adeli,1,,,वजराट,सावंतवाडी,15,17:30,18:20,ST,,,,
100052,"Jambhul Mala To Sawantwadi","Jambhul Mala",Sawantwadi,,MO,9820,"Vajrath Chavata",2,,,वजराट,सावंतवाडी,15,17:30,18:20,ST,,,,
100052,"Jambhul Mala To Sawantwadi","Jambhul Mala",Sawantwadi,,MO,9663,Kamaleveer,4,,,वजराट,सावंतवाडी,15,17:30,18:20,ST,,,,
100052,"Jambhul Mala To Sawantwadi","Jambhul Mala",Sawantwadi,,MO,6342,"Nemale Fata",6,,,वजराट,सावंतवाडी,15,17:30,18:20,ST,,,,
100052,"Jambhul Mala To Sawantwadi","Jambhul Mala",Sawantwadi,,MO,6101,Akeri,9,,,वजराट,सावंतवाडी,15,17:30,18:20,ST,,,,
100052,"Jambhul Mala To Sawantwadi","Jambhul Mala",Sawantwadi,,MO,8551,"Kolgaon Thita",12,,,वजराट,सावंतवाडी,15,17:30,18:20,ST,,,,
100052,"Jambhul Mala To Sawantwadi","Jambhul Mala",Sawantwadi,,MO,8663,Sawantwadi,14.8,,,वजराट,सावंतवाडी,15,17:30,18:20,ST,,,,
117644,"Tirali To Banda Via Goutamwadi",Tirali,Banda,GOUTAMWADI,MO,2332,Tirali,,,,तिराळी,बांदा,24,13:35,15:00,ST,,,,
117644,"Tirali To Banda Via Goutamwadi",Tirali,Banda,GOUTAMWADI,MO,2283,"Londhewadi Mecanic Colony",3,,,तिराळी,बांदा,24,13:35,15:00,ST,,,,
117644,"Tirali To Banda Via Goutamwadi",Tirali,Banda,GOUTAMWADI,MO,2274,"Konal Katta",4,,,तिराळी,बांदा,24,13:35,15:00,ST,,,,
117644,"Tirali To Banda Via Goutamwadi",Tirali,Banda,GOUTAMWADI,MO,2232,Awade,6,,,तिराळी,बांदा,24,13:35,15:00,ST,,,,
117644,"Tirali To Banda Via Goutamwadi",Tirali,Banda,GOUTAMWADI,MO,2239,Bhedshi,8,,,तिराळी,बांदा,24,13:35,15:00,ST,,,,
117644,"Tirali To Banda Via Goutamwadi",Tirali,Banda,GOUTAMWADI,MO,2236,"Bhedshi Nadi",9,,,तिराळी,बांदा,24,13:35,15:00,ST,,,,
117644,"Tirali To Banda Via Goutamwadi",Tirali,Banda,GOUTAMWADI,MO,2244,Dhangarwadi,12,,,तिराळी,बांदा,24,13:35,15:00,ST,,,,
117644,"Tirali To Banda Via Goutamwadi",Tirali,Banda,GOUTAMWADI,MO,2342,"Wanoshi Kudasa",13,,,तिराळी,बांदा,24,13:35,15:00,ST,,,,
117644,"Tirali To Banda Via Goutamwadi",Tirali,Banda,GOUTAMWADI,MO,2360,Goutamwadi,15,,,तिराळी,बांदा,24,13:35,15:00,ST,,,,
117644,"Tirali To Banda Via Goutamwadi",Tirali,Banda,GOUTAMWADI,MO,2288,"Maneri Fata",16,,,तिराळी,बांदा,24,13:35,15:00,ST,,,,
117644,"Tirali To Banda Via Goutamwadi",Tirali,Banda,GOUTAMWADI,MO,2260,"Kudasa Fata",18,,,तिराळी,बांदा,24,13:35,15:00,ST,,,,
117644,"Tirali To Banda Via Goutamwadi",Tirali,Banda,GOUTAMWADI,MO,2269,"Kalane Sada",21,,,तिराळी,बांदा,24,13:35,15:00,ST,,,,
117644,"Tirali To Banda Via Goutamwadi",Tirali,Banda,GOUTAMWADI,MO,8467,"Adali Mauli Mandir",27,,,तिराळी,बांदा,24,13:35,15:00,ST,,,,
117644,"Tirali To Banda Via Goutamwadi",Tirali,Banda,GOUTAMWADI,MO,8619,Panval,33,,,तिराळी,बांदा,24,13:35,15:00,ST,,,,
117644,"Tirali To Banda Via Goutamwadi",Tirali,Banda,GOUTAMWADI,MO,8486,Banda,36,,,तिराळी,बांदा,24,13:35,15:00,ST,,,,
118530,"Ker To Banda",Ker,Banda,,MO,2278,Ker,,,,केर,बांदा,50.8,13:10,14:10,ST,,,,
118530,"Ker To Banda",Ker,Banda,,MO,2292,"Morle Gaon",3,,,केर,बांदा,50.8,13:10,14:10,ST,,,,
118530,"Ker To Banda",Ker,Banda,,MO,2244,Dhangarwadi,5.8,,,केर,बांदा,50.8,13:10,14:10,ST,,,,
118530,"Ker To Banda",Ker,Banda,,MO,2252,Ghotagewadi,6,,,केर,बांदा,50.8,13:10,14:10,ST,,,,
118530,"Ker To Banda",Ker,Banda,,MO,2332,Tirali,9,,,केर,बांदा,50.8,13:10,14:10,ST,,,,
118530,"Ker To Banda",Ker,Banda,,MO,2283,"Londhewadi Mecanic Colony",12,,,केर,बांदा,50.8,13:10,14:10,ST,,,,
118530,"Ker To Banda",Ker,Banda,,MO,2340,Vayangantad,14,,,केर,बांदा,50.8,13:10,14:10,ST,,,,
118530,"Ker To Banda",Ker,Banda,,MO,2232,Awade,15,,,केर,बांदा,50.8,13:10,14:10,ST,,,,
118530,"Ker To Banda",Ker,Banda,,MO,2239,Bhedshi,16,,,केर,बांदा,50.8,13:10,14:10,ST,,,,
118530,"Ker To Banda",Ker,Banda,,MO,2236,"Bhedshi Nadi",18,,,केर,बांदा,50.8,13:10,14:10,ST,,,,
118530,"Ker To Banda",Ker,Banda,,MO,2344,"Zare Bambar",21,,,केर,बांदा,50.8,13:10,14:10,ST,,,,
118530,"Ker To Banda",Ker,Banda,,MO,2229,Ambeli,24,,,केर,बांदा,50.8,13:10,14:10,ST,,,,
118530,"Ker To Banda",Ker,Banda,,MO,2247,Dodamarg,27,,,केर,बांदा,50.8,13:10,14:10,ST,,,,
118530,"Ker To Banda",Ker,Banda,,MO,2290,Maneri,30,,,केर,बांदा,50.8,13:10,14:10,ST,,,,
118530,"Ker To Banda",Ker,Banda,,MO,2255,Hedus,31,,,केर,बांदा,50.8,13:10,14:10,ST,,,,
118530,"Ker To Banda",Ker,Banda,,MO,2315,"Sasoli Bharpal Titha",33,,,केर,बांदा,50.8,13:10,14:10,ST,,,,
118530,"Ker To Banda",Ker,Banda,,MO,2316,Sasoli,34,,,केर,बांदा,50.8,13:10,14:10,ST,,,,
118530,"Ker To Banda",Ker,Banda,,MO,2269,"Kalane Sada",36,,,केर,बांदा,50.8,13:10,14:10,ST,,,,
118530,"Ker To Banda",Ker,Banda,,MO,2268,"Kalne High School",38,,,केर,बांदा,50.8,13:10,14:10,ST,,,,
118530,"Ker To Banda",Ker,Banda,,MO,2363,Kalane,39,,,केर,बांदा,50.8,13:10,14:10,ST,,,,
118530,"Ker To Banda",Ker,Banda,,MO,8467,"Adali Mauli Mandir",42,,,केर,बांदा,50.8,13:10,14:10,ST,,,,
118530,"Ker To Banda",Ker,Banda,,MO,8588,Morgaon,44,,,केर,बांदा,50.8,13:10,14:10,ST,,,,
118530,"Ker To Banda",Ker,Banda,,MO,8558,"Kumbral Fata",45,,,केर,बांदा,50.8,13:10,14:10,ST,,,,
118530,"Ker To Banda",Ker,Banda,,MO,8503,Degve,46,,,केर,बांदा,50.8,13:10,14:10,ST,,,,
118530,"Ker To Banda",Ker,Banda,,MO,8619,Panval,48,,,केर,बांदा,50.8,13:10,14:10,ST,,,,
118530,"Ker To Banda",Ker,Banda,,MO,8486,Banda,50.8,,,केर,बांदा,50.8,13:10,14:10,ST,,,,
119034,"Kerawade Fata To Sawantwadi","Kerawade Fata",Sawantwadi,,MO,6278,"Kerawade Fata",,,,,सावंतवाडी,27,01:41,01:51,ST,,,,
119034,"Kerawade Fata To Sawantwadi","Kerawade Fata",Sawantwadi,,MO,6136,"Boyache Kerwade Titha",2,,,,सावंतवाडी,27,01:41,01:51,ST,,,,
119034,"Kerawade Fata To Sawantwadi","Kerawade Fata",Sawantwadi,,MO,6222,"Jaggnath Mandir Boyache Kerwade",2.7,,,,सावंतवाडी,27,01:41,01:51,ST,,,,
119034,"Kerawade Fata To Sawantwadi","Kerawade Fata",Sawantwadi,,MO,6136,"Boyache Kerwade Titha",3.3,,,,सावंतवाडी,27,01:41,01:51,ST,,,,
119034,"Kerawade Fata To Sawantwadi","Kerawade Fata",Sawantwadi,,MO,6411,"Salgaon School",4.3,,,,सावंतवाडी,27,01:41,01:51,ST,,,,
119034,"Kerawade Fata To Sawantwadi","Kerawade Fata",Sawantwadi,,MO,6318,"Mangaon Higschool",8,,,,सावंतवाडी,27,01:41,01:51,ST,,,,
119034,"Kerawade Fata To Sawantwadi","Kerawade Fata",Sawantwadi,,MO,6323,"Mangaon Titha",8.4,,,,सावंतवाडी,27,01:41,01:51,ST,,,,
119034,"Kerawade Fata To Sawantwadi","Kerawade Fata",Sawantwadi,,MO,6162,Dholkarwadi,9.4,,,,सावंतवाडी,27,01:41,01:51,ST,,,,
119034,"Kerawade Fata To Sawantwadi","Kerawade Fata",Sawantwadi,,MO,6101,Akeri,12.9,,,,सावंतवाडी,27,01:41,01:51,ST,,,,
119034,"Kerawade Fata To Sawantwadi","Kerawade Fata",Sawantwadi,,MO,8551,"Kolgaon Thita",15.1,,,,सावंतवाडी,27,01:41,01:51,ST,,,,
119034,"Kerawade Fata To Sawantwadi","Kerawade Fata",Sawantwadi,,MO,8663,Sawantwadi,18.8,,,,सावंतवाडी,27,01:41,01:51,ST,,,,
11113,"Sawantwadi To Kiranpani Via Aronda",Sawantwadi,Kiranpani,ARONDA,MO,8663,Sawantwadi,,,,सावंतवाडी,किरणपाणी,27.2,15:30,16:45,NOBL,,,,
11113,"Sawantwadi To Kiranpani Via Aronda",Sawantwadi,Kiranpani,ARONDA,MO,8523,"Gulabi Titha",3.3,,,सावंतवाडी,किरणपाणी,27.2,15:30,16:45,NOBL,,,,
11113,"Sawantwadi To Kiranpani Via Aronda",Sawantwadi,Kiranpani,ARONDA,MO,8580,Malgaon,5.9,,,सावंतवाडी,किरणपाणी,27.2,15:30,16:45,NOBL,,,,
11113,"Sawantwadi To Kiranpani Via Aronda",Sawantwadi,Kiranpani,ARONDA,MO,8674,"Vengurle Shiroda Titha",6.3,,,सावंतवाडी,किरणपाणी,27.2,15:30,16:45,NOBL,,,,
11113,"Sawantwadi To Kiranpani Via Aronda",Sawantwadi,Kiranpani,ARONDA,MO,8665,"Sawantwadi Rly. Stn.",7.4,,,सावंतवाडी,किरणपाणी,27.2,15:30,16:45,NOBL,,,,
11113,"Sawantwadi To Kiranpani Via Aronda",Sawantwadi,Kiranpani,ARONDA,MO,8609,"Nirawade Bazar",8.5,,,सावंतवाडी,किरणपाणी,27.2,15:30,16:45,NOBL,,,,
11113,"Sawantwadi To Kiranpani Via Aronda",Sawantwadi,Kiranpani,ARONDA,MO,8599,"Nirawade Tiles Factory",9.3,,,सावंतवाडी,किरणपाणी,27.2,15:30,16:45,NOBL,,,,
11113,"Sawantwadi To Kiranpani Via Aronda",Sawantwadi,Kiranpani,ARONDA,MO,8614,"Nhaveli School",12.5,,,सावंतवाडी,किरणपाणी,27.2,15:30,16:45,NOBL,,,,
11113,"Sawantwadi To Kiranpani Via Aronda",Sawantwadi,Kiranpani,ARONDA,MO,8517,"Forest Chouki",15.8,,,सावंतवाडी,किरणपाणी,27.2,15:30,16:45,NOBL,,,,
11113,"Sawantwadi To Kiranpani Via Aronda",Sawantwadi,Kiranpani,ARONDA,MO,9833,"Warachi Malewad",16.2,,,सावंतवाडी,किरणपाणी,27.2,15:30,16:45,NOBL,,,,
11113,"Sawantwadi To Kiranpani Via Aronda",Sawantwadi,Kiranpani,ARONDA,MO,9703,"Malewad Hedulwadi",18.2,,,सावंतवाडी,किरणपाणी,27.2,15:30,16:45,NOBL,,,,
11113,"Sawantwadi To Kiranpani Via Aronda",Sawantwadi,Kiranpani,ARONDA,MO,9704,"Malewad Naka",19.1,,,सावंतवाडी,किरणपाणी,27.2,15:30,16:45,NOBL,,,,
11113,"Sawantwadi To Kiranpani Via Aronda",Sawantwadi,Kiranpani,ARONDA,MO,9705,"Malewad Ranewadi",21,,,सावंतवाडी,किरणपाणी,27.2,15:30,16:45,NOBL,,,,
11113,"Sawantwadi To Kiranpani Via Aronda",Sawantwadi,Kiranpani,ARONDA,MO,9680,Khari,24.2,,,सावंतवाडी,किरणपाणी,27.2,15:30,16:45,NOBL,,,,
11113,"Sawantwadi To Kiranpani Via Aronda",Sawantwadi,Kiranpani,ARONDA,MO,8472,Aronda,26.9,,,सावंतवाडी,किरणपाणी,27.2,15:30,16:45,NOBL,,,,
11113,"Sawantwadi To Kiranpani Via Aronda",Sawantwadi,Kiranpani,ARONDA,MO,9687,Kiranpani,27.7,,,सावंतवाडी,किरणपाणी,27.2,15:30,16:45,NOBL,,,,
11132,"Sawantwadi To Gele Gawthan",Sawantwadi,"Gele Gawthan",,MO,8663,Sawantwadi,,,,सावंतवाडी,गेळे,62.5,18:00,20:00,ST,,,,
11132,"Sawantwadi To Gele Gawthan",Sawantwadi,"Gele Gawthan",,MO,8488,"Burdi Pul",3.4,,,सावंतवाडी,गेळे,62.5,18:00,20:00,ST,,,,
11132,"Sawantwadi To Gele Gawthan",Sawantwadi,"Gele Gawthan",,MO,8653,"Sapale Stop",5.9,,,सावंतवाडी,गेळे,62.5,18:00,20:00,ST,,,,
11132,"Sawantwadi To Gele Gawthan",Sawantwadi,"Gele Gawthan",,MO,8570,Madkhol,7.9,,,सावंतवाडी,गेळे,62.5,18:00,20:00,ST,,,,
11132,"Sawantwadi To Gele Gawthan",Sawantwadi,"Gele Gawthan",,MO,8569,"Madkhol Met",9,,,सावंतवाडी,गेळे,62.5,18:00,20:00,ST,,,,
11132,"Sawantwadi To Gele Gawthan",Sawantwadi,"Gele Gawthan",,MO,8505,Dhawadki,10.6,,,सावंतवाडी,गेळे,62.5,18:00,20:00,ST,,,,
11132,"Sawantwadi To Gele Gawthan",Sawantwadi,"Gele Gawthan",,MO,8490,"Bavlat School",14.8,,,सावंतवाडी,गेळे,62.5,18:00,20:00,ST,,,,
11132,"Sawantwadi To Gele Gawthan",Sawantwadi,"Gele Gawthan",,MO,8581,Mulandawadi,15.6,,,सावंतवाडी,गेळे,62.5,18:00,20:00,ST,,,,
11132,"Sawantwadi To Gele Gawthan",Sawantwadi,"Gele Gawthan",,MO,8490,"Bavlat School",16.4,,,सावंतवाडी,गेळे,62.5,18:00,20:00,ST,,,,
11132,"Sawantwadi To Gele Gawthan",Sawantwadi,"Gele Gawthan",,MO,8510,Danoli,19.9,,,सावंतवाडी,गेळे,62.5,18:00,20:00,ST,,,,
11132,"Sawantwadi To Gele Gawthan",Sawantwadi,"Gele Gawthan",,MO,8564,Kumbheshwar,26.6,,,सावंतवाडी,गेळे,62.5,18:00,20:00,ST,,,,
11132,"Sawantwadi To Gele Gawthan",Sawantwadi,"Gele Gawthan",,MO,8607,Nanapani,32.6,,,सावंतवाडी,गेळे,62.5,18:00,20:00,ST,,,,
11132,"Sawantwadi To Gele Gawthan",Sawantwadi,"Gele Gawthan",,MO,8470,Amboli,41.1,,,सावंतवाडी,गेळे,62.5,18:00,20:00,ST,,,,
11132,"Sawantwadi To Gele Gawthan",Sawantwadi,"Gele Gawthan",,MO,8582,Mulvanwadi,44.6,,,सावंतवाडी,गेळे,62.5,18:00,20:00,ST,,,,
11132,"Sawantwadi To Gele Gawthan",Sawantwadi,"Gele Gawthan",,MO,8525,"Gele Fata",47.6,,,सावंतवाडी,गेळे,62.5,18:00,20:00,ST,,,,
11132,"Sawantwadi To Gele Gawthan",Sawantwadi,"Gele Gawthan",,MO,8521,"Gele Gawthan",62.5,,,सावंतवाडी,गेळे,62.5,18:00,20:00,ST,,,,
11135,"Sawantwadi To Hirlok Via Gothos Titha",Sawantwadi,Hirlok,"GOTHOS TITHA",MO,8663,Sawantwadi,,,,सावंतवाडी,हिर्लोक,35,11:30,12:45,ST,,,,
11135,"Sawantwadi To Hirlok Via Gothos Titha",Sawantwadi,Hirlok,"GOTHOS TITHA",MO,8551,"Kolgaon Thita",3.7,,,सावंतवाडी,हिर्लोक,35,11:30,12:45,ST,,,,
11135,"Sawantwadi To Hirlok Via Gothos Titha",Sawantwadi,Hirlok,"GOTHOS TITHA",MO,6101,Akeri,5.9,,,सावंतवाडी,हिर्लोक,35,11:30,12:45,ST,,,,
11135,"Sawantwadi To Hirlok Via Gothos Titha",Sawantwadi,Hirlok,"GOTHOS TITHA",MO,6207,"Humras Fata",8.5,,,सावंतवाडी,हिर्लोक,35,11:30,12:45,ST,,,,
11135,"Sawantwadi To Hirlok Via Gothos Titha",Sawantwadi,Hirlok,"GOTHOS TITHA",MO,6162,Dholkarwadi,9.4,,,सावंतवाडी,हिर्लोक,35,11:30,12:45,ST,,,,
11135,"Sawantwadi To Hirlok Via Gothos Titha",Sawantwadi,Hirlok,"GOTHOS TITHA",MO,6323,"Mangaon Titha",10.3,,,सावंतवाडी,हिर्लोक,35,11:30,12:45,ST,,,,
11135,"Sawantwadi To Hirlok Via Gothos Titha",Sawantwadi,Hirlok,"GOTHOS TITHA",MO,6317,Mangaon,12.2,,,सावंतवाडी,हिर्लोक,35,11:30,12:45,ST,,,,
11135,"Sawantwadi To Hirlok Via Gothos Titha",Sawantwadi,Hirlok,"GOTHOS TITHA",MO,6319,"Mangaon Phc",13.9,,,सावंतवाडी,हिर्लोक,35,11:30,12:45,ST,,,,
11135,"Sawantwadi To Hirlok Via Gothos Titha",Sawantwadi,Hirlok,"GOTHOS TITHA",MO,6092,Amberi,14.6,,,सावंतवाडी,हिर्लोक,35,11:30,12:45,ST,,,,
11135,"Sawantwadi To Hirlok Via Gothos Titha",Sawantwadi,Hirlok,"GOTHOS TITHA",MO,6463,"Wados Gpo",18.5,,,सावंतवाडी,हिर्लोक,35,11:30,12:45,ST,,,,
11135,"Sawantwadi To Hirlok Via Gothos Titha",Sawantwadi,Hirlok,"GOTHOS TITHA",MO,6464,"Wados Bazar",18.7,,,सावंतवाडी,हिर्लोक,35,11:30,12:45,ST,,,,
11135,"Sawantwadi To Hirlok Via Gothos Titha",Sawantwadi,Hirlok,"GOTHOS TITHA",MO,6190,"Gothos Titha",19.6,,,सावंतवाडी,हिर्लोक,35,11:30,12:45,ST,,,,
11135,"Sawantwadi To Hirlok Via Gothos Titha",Sawantwadi,Hirlok,"GOTHOS TITHA",MO,6452,"Vinanti Stop",20.6,,,सावंतवाडी,हिर्लोक,35,11:30,12:45,ST,,,,
11135,"Sawantwadi To Hirlok Via Gothos Titha",Sawantwadi,Hirlok,"GOTHOS TITHA",MO,6188,"Gothos Mandir",21.6,,,सावंतवाडी,हिर्लोक,35,11:30,12:45,ST,,,,
11135,"Sawantwadi To Hirlok Via Gothos Titha",Sawantwadi,Hirlok,"GOTHOS TITHA",MO,6189,"Gothos Gpo Sarulwadi",22.6,,,सावंतवाडी,हिर्लोक,35,11:30,12:45,ST,,,,
11135,"Sawantwadi To Hirlok Via Gothos Titha",Sawantwadi,Hirlok,"GOTHOS TITHA",MO,6178,"Gothos School No.1",23.3,,,सावंतवाडी,हिर्लोक,35,11:30,12:45,ST,,,,
11135,"Sawantwadi To Hirlok Via Gothos Titha",Sawantwadi,Hirlok,"GOTHOS TITHA",MO,6346,"Narur Mahalaxmi Mandir",27.1,,,सावंतवाडी,हिर्लोक,35,11:30,12:45,ST,,,,
11135,"Sawantwadi To Hirlok Via Gothos Titha",Sawantwadi,Hirlok,"GOTHOS TITHA",MO,6349,"Narur Titha",27.4,,,सावंतवाडी,हिर्लोक,35,11:30,12:45,ST,,,,
11135,"Sawantwadi To Hirlok Via Gothos Titha",Sawantwadi,Hirlok,"GOTHOS TITHA",MO,6350,"Narur Sarnobatwadi",28.3,,,सावंतवाडी,हिर्लोक,35,11:30,12:45,ST,,,,
11135,"Sawantwadi To Hirlok Via Gothos Titha",Sawantwadi,Hirlok,"GOTHOS TITHA",MO,6316,"Malawewadi Godown",29.2,,,सावंतवाडी,हिर्लोक,35,11:30,12:45,ST,,,,
11135,"Sawantwadi To Hirlok Via Gothos Titha",Sawantwadi,Hirlok,"GOTHOS TITHA",MO,6123,Bhatkarwadi,30.2,,,सावंतवाडी,हिर्लोक,35,11:30,12:45,ST,,,,
11135,"Sawantwadi To Hirlok Via Gothos Titha",Sawantwadi,Hirlok,"GOTHOS TITHA",MO,6358,"Nivaje Titha",32,,,सावंतवाडी,हिर्लोक,35,11:30,12:45,ST,,,,
11135,"Sawantwadi To Hirlok Via Gothos Titha",Sawantwadi,Hirlok,"GOTHOS TITHA",MO,6279,"Kusgaon Titha",32.8,,,सावंतवाडी,हिर्लोक,35,11:30,12:45,ST,,,,
11135,"Sawantwadi To Hirlok Via Gothos Titha",Sawantwadi,Hirlok,"GOTHOS TITHA",MO,6266,"Kinlos Fata",33.1,,,सावंतवाडी,हिर्लोक,35,11:30,12:45,ST,,,,
11135,"Sawantwadi To Hirlok Via Gothos Titha",Sawantwadi,Hirlok,"GOTHOS TITHA",MO,6213,Hirlok,33.4,,,सावंतवाडी,हिर्लोक,35,11:30,12:45,ST,,,,
11141,"Sawantwadi To Kas Mauli Mandir",Sawantwadi,"Kas Mauli Mandir",,MO,8663,Sawantwadi,,,,सावंतवाडी,कास,25.3,12:00,13:00,ST,,,,
11141,"Sawantwadi To Kas Mauli Mandir",Sawantwadi,"Kas Mauli Mandir",,MO,8578,"Majgaon Nala",3.2,,,सावंतवाडी,कास,25.3,12:00,13:00,ST,,,,
11141,"Sawantwadi To Kas Mauli Mandir",Sawantwadi,"Kas Mauli Mandir",,MO,8499,"Doba Shel",6.5,,,सावंतवाडी,कास,25.3,12:00,13:00,ST,,,,
11141,"Sawantwadi To Kas Mauli Mandir",Sawantwadi,"Kas Mauli Mandir",,MO,8560,Kondwada,8,,,सावंतवाडी,कास,25.3,12:00,13:00,ST,,,,
11141,"Sawantwadi To Kas Mauli Mandir",Sawantwadi,"Kas Mauli Mandir",,MO,89315,"Exicise Check Post",9,,,सावंतवाडी,कास,25.3,12:00,13:00,ST,,,,
11141,"Sawantwadi To Kas Mauli Mandir",Sawantwadi,"Kas Mauli Mandir",,MO,8542,"Khamdev Naka",10,,,सावंतवाडी,कास,25.3,12:00,13:00,ST,,,,
11141,"Sawantwadi To Kas Mauli Mandir",Sawantwadi,"Kas Mauli Mandir",,MO,8486,Banda,12.6,,,सावंतवाडी,कास,25.3,12:00,13:00,ST,,,,
11141,"Sawantwadi To Kas Mauli Mandir",Sawantwadi,"Kas Mauli Mandir",,MO,8643,"Sherla Shop",17.1,,,सावंतवाडी,कास,25.3,12:00,13:00,ST,,,,
11141,"Sawantwadi To Kas Mauli Mandir",Sawantwadi,"Kas Mauli Mandir",,MO,8656,"Sherla School",18,,,सावंतवाडी,कास,25.3,12:00,13:00,ST,,,,
11141,"Sawantwadi To Kas Mauli Mandir",Sawantwadi,"Kas Mauli Mandir",,MO,8646,"Sherla Mauli Mandir",19,,,सावंतवाडी,कास,25.3,12:00,13:00,ST,,,,
11141,"Sawantwadi To Kas Mauli Mandir",Sawantwadi,"Kas Mauli Mandir",,MO,8554,Kalebhatwadi,22.4,,,सावंतवाडी,कास,25.3,12:00,13:00,ST,,,,
11141,"Sawantwadi To Kas Mauli Mandir",Sawantwadi,"Kas Mauli Mandir",,MO,8563,"Kas Audumbar",22.8,,,सावंतवाडी,कास,25.3,12:00,13:00,ST,,,,
11141,"Sawantwadi To Kas Mauli Mandir",Sawantwadi,"Kas Mauli Mandir",,MO,8478,Bhaipwadi,24,,,सावंतवाडी,कास,25.3,12:00,13:00,ST,,,,
11141,"Sawantwadi To Kas Mauli Mandir",Sawantwadi,"Kas Mauli Mandir",,MO,8557,"Kas Mauli Mandir",25.3,,,सावंतवाडी,कास,25.3,12:00,13:00,ST,,,,
11160,"Sawantwadi To Nivaje Mandir",Sawantwadi,"Nivaje Mandir",,MO,8663,Sawantwadi,,,,सावंतवाडी,निवजे,22.2,17:10,18:10,ST,,,,
11160,"Sawantwadi To Nivaje Mandir",Sawantwadi,"Nivaje Mandir",,MO,8551,"Kolgaon Thita",3.7,,,सावंतवाडी,निवजे,22.2,17:10,18:10,ST,,,,
11160,"Sawantwadi To Nivaje Mandir",Sawantwadi,"Nivaje Mandir",,MO,6101,Akeri,5.9,,,सावंतवाडी,निवजे,22.2,17:10,18:10,ST,,,,
11160,"Sawantwadi To Nivaje Mandir",Sawantwadi,"Nivaje Mandir",,MO,6207,"Humras Fata",8.5,,,सावंतवाडी,निवजे,22.2,17:10,18:10,ST,,,,
11160,"Sawantwadi To Nivaje Mandir",Sawantwadi,"Nivaje Mandir",,MO,6162,Dholkarwadi,9.4,,,सावंतवाडी,निवजे,22.2,17:10,18:10,ST,,,,
11160,"Sawantwadi To Nivaje Mandir",Sawantwadi,"Nivaje Mandir",,MO,6323,"Mangaon Titha",10.3,,,सावंतवाडी,निवजे,22.2,17:10,18:10,ST,,,,
11160,"Sawantwadi To Nivaje Mandir",Sawantwadi,"Nivaje Mandir",,MO,6317,Mangaon,12.2,,,सावंतवाडी,निवजे,22.2,17:10,18:10,ST,,,,
11160,"Sawantwadi To Nivaje Mandir",Sawantwadi,"Nivaje Mandir",,MO,6319,"Mangaon Phc",13.9,,,सावंतवाडी,निवजे,22.2,17:10,18:10,ST,,,,
11160,"Sawantwadi To Nivaje Mandir",Sawantwadi,"Nivaje Mandir",,MO,6092,Amberi,14.6,,,सावंतवाडी,निवजे,22.2,17:10,18:10,ST,,,,
11160,"Sawantwadi To Nivaje Mandir",Sawantwadi,"Nivaje Mandir",,MO,6332,"Nivaje Kudal Fata",14.7,,,सावंतवाडी,निवजे,22.2,17:10,18:10,ST,,,,
11160,"Sawantwadi To Nivaje Mandir",Sawantwadi,"Nivaje Mandir",,MO,6175,Gadavane,18,,,सावंतवाडी,निवजे,22.2,17:10,18:10,ST,,,,
11160,"Sawantwadi To Nivaje Mandir",Sawantwadi,"Nivaje Mandir",,MO,6357,Nivaje,20.1,,,सावंतवाडी,निवजे,22.2,17:10,18:10,ST,,,,
11160,"Sawantwadi To Nivaje Mandir",Sawantwadi,"Nivaje Mandir",,MO,6356,"Nivaje Chavata",21.1,,,सावंतवाडी,निवजे,22.2,17:10,18:10,ST,,,,
11160,"Sawantwadi To Nivaje Mandir",Sawantwadi,"Nivaje Mandir",,MO,6354,"Nivaje Mandir",22.2,,,सावंतवाडी,निवजे,22.2,17:10,18:10,ST,,,,
11161,"Sawantwadi To Otavane Kasar Dukan",Sawantwadi,"Otavane Kasar Dukan",,MO,8663,Sawantwadi,,,,सावंतवाडी,ओटवणे,12.4,08:40,09:10,ST,,,,
11161,"Sawantwadi To Otavane Kasar Dukan",Sawantwadi,"Otavane Kasar Dukan",,MO,8578,"Majgaon Nala",3.6,,,सावंतवाडी,ओटवणे,12.4,08:40,09:10,ST,,,,
11161,"Sawantwadi To Otavane Kasar Dukan",Sawantwadi,"Otavane Kasar Dukan",,MO,8491,"Charata Post",4.9,,,सावंतवाडी,ओटवणे,12.4,08:40,09:10,ST,,,,
11161,"Sawantwadi To Otavane Kasar Dukan",Sawantwadi,"Otavane Kasar Dukan",,MO,8494,"Charatha Soci",5.3,,,सावंतवाडी,ओटवणे,12.4,08:40,09:10,ST,,,,
11161,"Sawantwadi To Otavane Kasar Dukan",Sawantwadi,"Otavane Kasar Dukan",,MO,8631,Perne,9.3,,,सावंतवाडी,ओटवणे,12.4,08:40,09:10,ST,,,,
11161,"Sawantwadi To Otavane Kasar Dukan",Sawantwadi,"Otavane Kasar Dukan",,MO,8617,"Otavane Kasar Dukan",12.4,,,सावंतवाडी,ओटवणे,12.4,08:40,09:10,ST,,,,
11171,"Sawantwadi To Satose Dewoolwada Via Nigude",Sawantwadi,"Satose Dewoolwada",NIGUDE,MO,8663,Sawantwadi,,,,सावंतवाडी,सातोसे,32.8,12:45,13:20,ST,,,,
11171,"Sawantwadi To Satose Dewoolwada Via Nigude",Sawantwadi,"Satose Dewoolwada",NIGUDE,MO,8578,"Majgaon Nala",3.2,,,सावंतवाडी,सातोसे,32.8,12:45,13:20,ST,,,,
11171,"Sawantwadi To Satose Dewoolwada Via Nigude",Sawantwadi,"Satose Dewoolwada",NIGUDE,MO,8499,"Doba Shel",6.5,,,सावंतवाडी,सातोसे,32.8,12:45,13:20,ST,,,,
11171,"Sawantwadi To Satose Dewoolwada Via Nigude",Sawantwadi,"Satose Dewoolwada",NIGUDE,MO,89315,"Exicise Check Post",9,,,सावंतवाडी,सातोसे,32.8,12:45,13:20,ST,,,,
11171,"Sawantwadi To Satose Dewoolwada Via Nigude",Sawantwadi,"Satose Dewoolwada",NIGUDE,MO,8486,Banda,12.1,,,सावंतवाडी,सातोसे,32.8,12:45,13:20,ST,,,,
11171,"Sawantwadi To Satose Dewoolwada Via Nigude",Sawantwadi,"Satose Dewoolwada",NIGUDE,MO,8643,"Sherla Shop",17.1,,,सावंतवाडी,सातोसे,32.8,12:45,13:20,ST,,,,
11171,"Sawantwadi To Satose Dewoolwada Via Nigude",Sawantwadi,"Satose Dewoolwada",NIGUDE,MO,8600,Nigude,19.6,,,सावंतवाडी,सातोसे,32.8,12:45,13:20,ST,,,,
11171,"Sawantwadi To Satose Dewoolwada Via Nigude",Sawantwadi,"Satose Dewoolwada",NIGUDE,MO,8487,"Bhogate Shop",20.1,,,सावंतवाडी,सातोसे,32.8,12:45,13:20,ST,,,,
11171,"Sawantwadi To Satose Dewoolwada Via Nigude",Sawantwadi,"Satose Dewoolwada",NIGUDE,MO,8575,"Madura Titha",20.9,,,सावंतवाडी,सातोसे,32.8,12:45,13:20,ST,,,,
11171,"Sawantwadi To Satose Dewoolwada Via Nigude",Sawantwadi,"Satose Dewoolwada",NIGUDE,MO,8639,"Railway Camp",24.2,,,सावंतवाडी,सातोसे,32.8,12:45,13:20,ST,,,,
11171,"Sawantwadi To Satose Dewoolwada Via Nigude",Sawantwadi,"Satose Dewoolwada",NIGUDE,MO,8640,"Rekwadi Chafa",27.2,,,सावंतवाडी,सातोसे,32.8,12:45,13:20,ST,,,,
11171,"Sawantwadi To Satose Dewoolwada Via Nigude",Sawantwadi,"Satose Dewoolwada",NIGUDE,MO,9732,Nangarsada,29.2,,,सावंतवाडी,सातोसे,32.8,12:45,13:20,ST,,,,
11171,"Sawantwadi To Satose Dewoolwada Via Nigude",Sawantwadi,"Satose Dewoolwada",NIGUDE,MO,9778,"Satose Dewoolwada",30.9,,,सावंतवाडी,सातोसे,32.8,12:45,13:20,ST,,,,
17589,"Hewale To Sawantwadi Via Banda",Babarwadi,Sawantwadi,BANDA,MO,2361,Hewale,,,,बाबरवाडी,सावंतवाडी,59.1,12:00,14:15,OBL,,,,
17589,"Hewale To Sawantwadi Via Banda",Babarwadi,Sawantwadi,BANDA,MO,2234,Babarwadi,1,,,बाबरवाडी,सावंतवाडी,59.1,12:00,14:15,OBL,,,,
17589,"Hewale To Sawantwadi Via Banda",Babarwadi,Sawantwadi,BANDA,MO,2258,"Khalchi Babarwadi",2.7,,,बाबरवाडी,सावंतवाडी,59.1,12:00,14:15,OBL,,,,
17589,"Hewale To Sawantwadi Via Banda",Babarwadi,Sawantwadi,BANDA,MO,2332,Tirali,5.5,,,बाबरवाडी,सावंतवाडी,59.1,12:00,14:15,OBL,,,,
17589,"Hewale To Sawantwadi Via Banda",Babarwadi,Sawantwadi,BANDA,MO,2283,"Londhewadi Mecanic Colony",7.8,,,बाबरवाडी,सावंतवाडी,59.1,12:00,14:15,OBL,,,,
17589,"Hewale To Sawantwadi Via Banda",Babarwadi,Sawantwadi,BANDA,MO,2274,"Konal Katta",8.2,,,बाबरवाडी,सावंतवाडी,59.1,12:00,14:15,OBL,,,,
17589,"Hewale To Sawantwadi Via Banda",Babarwadi,Sawantwadi,BANDA,MO,2232,Awade,10.5,,,बाबरवाडी,सावंतवाडी,59.1,12:00,14:15,OBL,,,,
17589,"Hewale To Sawantwadi Via Banda",Babarwadi,Sawantwadi,BANDA,MO,2318,"Sateli Bhedashi",11.6,,,बाबरवाडी,सावंतवाडी,59.1,12:00,14:15,OBL,,,,
17589,"Hewale To Sawantwadi Via Banda",Babarwadi,Sawantwadi,BANDA,MO,2236,"Bhedshi Nadi",12.6,,,बाबरवाडी,सावंतवाडी,59.1,12:00,14:15,OBL,,,,
17589,"Hewale To Sawantwadi Via Banda",Babarwadi,Sawantwadi,BANDA,MO,2344,"Zare Bambar",15.4,,,बाबरवाडी,सावंतवाडी,59.1,12:00,14:15,OBL,,,,
17589,"Hewale To Sawantwadi Via Banda",Babarwadi,Sawantwadi,BANDA,MO,2229,Ambeli,18.1,,,बाबरवाडी,सावंतवाडी,59.1,12:00,14:15,OBL,,,,
17589,"Hewale To Sawantwadi Via Banda",Babarwadi,Sawantwadi,BANDA,MO,2247,Dodamarg,20.8,,,बाबरवाडी,सावंतवाडी,59.1,12:00,14:15,OBL,,,,
17589,"Hewale To Sawantwadi Via Banda",Babarwadi,Sawantwadi,BANDA,MO,2290,Maneri,24.5,,,बाबरवाडी,सावंतवाडी,59.1,12:00,14:15,OBL,,,,
17589,"Hewale To Sawantwadi Via Banda",Babarwadi,Sawantwadi,BANDA,MO,2255,Hedus,25.7,,,बाबरवाडी,सावंतवाडी,59.1,12:00,14:15,OBL,,,,
17589,"Hewale To Sawantwadi Via Banda",Babarwadi,Sawantwadi,BANDA,MO,2260,"Kudasa Fata",27.3,,,बाबरवाडी,सावंतवाडी,59.1,12:00,14:15,OBL,,,,
17589,"Hewale To Sawantwadi Via Banda",Babarwadi,Sawantwadi,BANDA,MO,2316,Sasoli,28.1,,,बाबरवाडी,सावंतवाडी,59.1,12:00,14:15,OBL,,,,
17589,"Hewale To Sawantwadi Via Banda",Babarwadi,Sawantwadi,BANDA,MO,2269,"Kalane Sada",30.7,,,बाबरवाडी,सावंतवाडी,59.1,12:00,14:15,OBL,,,,
17589,"Hewale To Sawantwadi Via Banda",Babarwadi,Sawantwadi,BANDA,MO,2363,Kalane,32.6,,,बाबरवाडी,सावंतवाडी,59.1,12:00,14:15,OBL,,,,
17589,"Hewale To Sawantwadi Via Banda",Babarwadi,Sawantwadi,BANDA,MO,8467,"Adali Mauli Mandir",36.8,,,बाबरवाडी,सावंतवाडी,59.1,12:00,14:15,OBL,,,,
17589,"Hewale To Sawantwadi Via Banda",Babarwadi,Sawantwadi,BANDA,MO,8588,Morgaon,38.5,,,बाबरवाडी,सावंतवाडी,59.1,12:00,14:15,OBL,,,,
17589,"Hewale To Sawantwadi Via Banda",Babarwadi,Sawantwadi,BANDA,MO,8558,"Kumbral Fata",39.7,,,बाबरवाडी,सावंतवाडी,59.1,12:00,14:15,OBL,,,,
17589,"Hewale To Sawantwadi Via Banda",Babarwadi,Sawantwadi,BANDA,MO,8503,Degve,40.4,,,बाबरवाडी,सावंतवाडी,59.1,12:00,14:15,OBL,,,,
17589,"Hewale To Sawantwadi Via Banda",Babarwadi,Sawantwadi,BANDA,MO,8619,Panval,42.7,,,बाबरवाडी,सावंतवाडी,59.1,12:00,14:15,OBL,,,,
17589,"Hewale To Sawantwadi Via Banda",Babarwadi,Sawantwadi,BANDA,MO,8486,Banda,45.1,,,बाबरवाडी,सावंतवाडी,59.1,12:00,14:15,OBL,,,,
17589,"Hewale To Sawantwadi Via Banda",Babarwadi,Sawantwadi,BANDA,MO,89315,"Exicise Check Post",48,,,बाबरवाडी,सावंतवाडी,59.1,12:00,14:15,OBL,,,,
17589,"Hewale To Sawantwadi Via Banda",Babarwadi,Sawantwadi,BANDA,MO,8499,"Doba Shel",51.2,,,बाबरवाडी,सावंतवाडी,59.1,12:00,14:15,OBL,,,,
17589,"Hewale To Sawantwadi Via Banda",Babarwadi,Sawantwadi,BANDA,MO,8578,"Majgaon Nala",54.5,,,बाबरवाडी,सावंतवाडी,59.1,12:00,14:15,OBL,,,,
17589,"Hewale To Sawantwadi Via Banda",Babarwadi,Sawantwadi,BANDA,MO,8663,Sawantwadi,60.5,,,बाबरवाडी,सावंतवाडी,59.1,12:00,14:15,OBL,,,,
17593,"Gharpi To Banda",Gharpi,Banda,,MO,8520,Gharpi,,,,घारपी,बांदा,24.3,05:45,06:45,ST,,,,
17593,"Gharpi To Banda",Gharpi,Banda,,MO,8561,Kanewadi,2.8,,,घारपी,बांदा,24.3,05:45,06:45,ST,,,,
17593,"Gharpi To Banda",Gharpi,Banda,,MO,8476,"Asaniye Mauli Mandir",6.3,,,घारपी,बांदा,24.3,05:45,06:45,ST,,,,
17593,"Gharpi To Banda",Gharpi,Banda,,MO,8683,"Zolambe Fata",7.9,,,घारपी,बांदा,24.3,05:45,06:45,ST,,,,
17593,"Gharpi To Banda",Gharpi,Banda,,MO,8668,"Tamboli Chafa",10.5,,,घारपी,बांदा,24.3,05:45,06:45,ST,,,,
17593,"Gharpi To Banda",Gharpi,Banda,,MO,8477,"Bhalawal Shop",14.6,,,घारपी,बांदा,24.3,05:45,06:45,ST,,,,
17593,"Gharpi To Banda",Gharpi,Banda,,MO,8616,"Otavane Titha",16,,,घारपी,बांदा,24.3,05:45,06:45,ST,,,,
17593,"Gharpi To Banda",Gharpi,Banda,,MO,8673,"Vilavade Wad",17.6,,,घारपी,बांदा,24.3,05:45,06:45,ST,,,,
17593,"Gharpi To Banda",Gharpi,Banda,,MO,8672,"Vafoli Sosc",20.8,,,घारपी,बांदा,24.3,05:45,06:45,ST,,,,
17593,"Gharpi To Banda",Gharpi,Banda,,MO,8486,Banda,24.3,,,घारपी,बांदा,24.3,05:45,06:45,ST,,,,
17702,"Morle Gaon To Dodamarg","Morle Gaon",Dodamarg,,MO,2292,"Morle Gaon",,,,,दोडामार्ग,23.8,08:50,09:50,NOBL,,,,
17702,"Morle Gaon To Dodamarg","Morle Gaon",Dodamarg,,MO,2279,"Ker Fata",0.7,,,,दोडामार्ग,23.8,08:50,09:50,NOBL,,,,
17702,"Morle Gaon To Dodamarg","Morle Gaon",Dodamarg,,MO,2291,"Morle Bag",1.1,,,,दोडामार्ग,23.8,08:50,09:50,NOBL,,,,
17702,"Morle Gaon To Dodamarg","Morle Gaon",Dodamarg,,MO,2244,Dhangarwadi,2.8,,,,दोडामार्ग,23.8,08:50,09:50,NOBL,,,,
17702,"Morle Gaon To Dodamarg","Morle Gaon",Dodamarg,,MO,2252,Ghotagewadi,3.2,,,,दोडामार्ग,23.8,08:50,09:50,NOBL,,,,
17702,"Morle Gaon To Dodamarg","Morle Gaon",Dodamarg,,MO,2279,"Ker Fata",6.3,,,,दोडामार्ग,23.8,08:50,09:50,NOBL,,,,
17702,"Morle Gaon To Dodamarg","Morle Gaon",Dodamarg,,MO,2325,"Tilari Pool",7,,,,दोडामार्ग,23.8,08:50,09:50,NOBL,,,,
17702,"Morle Gaon To Dodamarg","Morle Gaon",Dodamarg,,MO,2332,Tirali,7.5,,,,दोडामार्ग,23.8,08:50,09:50,NOBL,,,,
17702,"Morle Gaon To Dodamarg","Morle Gaon",Dodamarg,,MO,2329,"Tillari Bank",8,,,,दोडामार्ग,23.8,08:50,09:50,NOBL,,,,
17702,"Morle Gaon To Dodamarg","Morle Gaon",Dodamarg,,MO,2275,Konal,9.3,,,,दोडामार्ग,23.8,08:50,09:50,NOBL,,,,
17702,"Morle Gaon To Dodamarg","Morle Gaon",Dodamarg,,MO,2283,"Londhewadi Mecanic Colony",9.8,,,,दोडामार्ग,23.8,08:50,09:50,NOBL,,,,
17702,"Morle Gaon To Dodamarg","Morle Gaon",Dodamarg,,MO,2274,"Konal Katta",10.2,,,,दोडामार्ग,23.8,08:50,09:50,NOBL,,,,
17702,"Morle Gaon To Dodamarg","Morle Gaon",Dodamarg,,MO,2340,Vayangantad,10.9,,,,दोडामार्ग,23.8,08:50,09:50,NOBL,,,,
17702,"Morle Gaon To Dodamarg","Morle Gaon",Dodamarg,,MO,2232,Awade,12.5,,,,दोडामार्ग,23.8,08:50,09:50,NOBL,,,,
17702,"Morle Gaon To Dodamarg","Morle Gaon",Dodamarg,,MO,2239,Bhedshi,13.6,,,,दोडामार्ग,23.8,08:50,09:50,NOBL,,,,
17702,"Morle Gaon To Dodamarg","Morle Gaon",Dodamarg,,MO,2238,"Bhedshi Khalcha Bazar",14.1,,,,दोडामार्ग,23.8,08:50,09:50,NOBL,,,,
17702,"Morle Gaon To Dodamarg","Morle Gaon",Dodamarg,,MO,2236,"Bhedshi Nadi",14.6,,,,दोडामार्ग,23.8,08:50,09:50,NOBL,,,,
17702,"Morle Gaon To Dodamarg","Morle Gaon",Dodamarg,,MO,2335,"Usap Titta",15.1,,,,दोडामार्ग,23.8,08:50,09:50,NOBL,,,,
17702,"Morle Gaon To Dodamarg","Morle Gaon",Dodamarg,,MO,2263,"Kudase Titha",15.4,,,,दोडामार्ग,23.8,08:50,09:50,NOBL,,,,
17702,"Morle Gaon To Dodamarg","Morle Gaon",Dodamarg,,MO,2338,Vimantal,16.3,,,,दोडामार्ग,23.8,08:50,09:50,NOBL,,,,
17702,"Morle Gaon To Dodamarg","Morle Gaon",Dodamarg,,MO,2231,"Ainode Punarvasan",17.1,,,,दोडामार्ग,23.8,08:50,09:50,NOBL,,,,
17702,"Morle Gaon To Dodamarg","Morle Gaon",Dodamarg,,MO,2344,"Zare Bambar",17.4,,,,दोडामार्ग,23.8,08:50,09:50,NOBL,,,,
17702,"Morle Gaon To Dodamarg","Morle Gaon",Dodamarg,,MO,2304,"Pal Punarvasan",18,,,,दोडामार्ग,23.8,08:50,09:50,NOBL,,,,
17702,"Morle Gaon To Dodamarg","Morle Gaon",Dodamarg,,MO,2229,Ambeli,20.1,,,,दोडामार्ग,23.8,08:50,09:50,NOBL,,,,
17702,"Morle Gaon To Dodamarg","Morle Gaon",Dodamarg,,MO,2247,Dodamarg,23.8,,,,दोडामार्ग,23.8,08:50,09:50,NOBL,,,,
17747,"Usap To Dodamarg Via Sateli Bhedashi",Usap,Dodamarg,"SATELI BHEDASHI",MO,2334,Usap,,,,उसप,दोडामार्ग,16.7,06:10,06:50,ST,,,,
17747,"Usap To Dodamarg Via Sateli Bhedashi",Usap,Dodamarg,"SATELI BHEDASHI",MO,2266,"Khokral Titha",2.9,,,उसप,दोडामार्ग,16.7,06:10,06:50,ST,,,,
17747,"Usap To Dodamarg Via Sateli Bhedashi",Usap,Dodamarg,"SATELI BHEDASHI",MO,2300,"Pikule Usap Titha",4.1,,,उसप,दोडामार्ग,16.7,06:10,06:50,ST,,,,
17747,"Usap To Dodamarg Via Sateli Bhedashi",Usap,Dodamarg,"SATELI BHEDASHI",MO,2265,"Kajulwadi Titha",5,,,उसप,दोडामार्ग,16.7,06:10,06:50,ST,,,,
17747,"Usap To Dodamarg Via Sateli Bhedashi",Usap,Dodamarg,"SATELI BHEDASHI",MO,2335,"Usap Titta",6.8,,,उसप,दोडामार्ग,16.7,06:10,06:50,ST,,,,
17747,"Usap To Dodamarg Via Sateli Bhedashi",Usap,Dodamarg,"SATELI BHEDASHI",MO,2236,"Bhedshi Nadi",7.3,,,उसप,दोडामार्ग,16.7,06:10,06:50,ST,,,,
17747,"Usap To Dodamarg Via Sateli Bhedashi",Usap,Dodamarg,"SATELI BHEDASHI",MO,2318,"Sateli Bhedashi",8.3,,,उसप,दोडामार्ग,16.7,06:10,06:50,ST,,,,
17747,"Usap To Dodamarg Via Sateli Bhedashi",Usap,Dodamarg,"SATELI BHEDASHI",MO,2236,"Bhedshi Nadi",9.3,,,उसप,दोडामार्ग,16.7,06:10,06:50,ST,,,,
17747,"Usap To Dodamarg Via Sateli Bhedashi",Usap,Dodamarg,"SATELI BHEDASHI",MO,2231,"Ainode Punarvasan",11.8,,,उसप,दोडामार्ग,16.7,06:10,06:50,ST,,,,
17747,"Usap To Dodamarg Via Sateli Bhedashi",Usap,Dodamarg,"SATELI BHEDASHI",MO,2344,"Zare Bambar",12.1,,,उसप,दोडामार्ग,16.7,06:10,06:50,ST,,,,
17747,"Usap To Dodamarg Via Sateli Bhedashi",Usap,Dodamarg,"SATELI BHEDASHI",MO,2304,"Pal Punarvasan",12.7,,,उसप,दोडामार्ग,16.7,06:10,06:50,ST,,,,
17747,"Usap To Dodamarg Via Sateli Bhedashi",Usap,Dodamarg,"SATELI BHEDASHI",MO,2229,Ambeli,14.8,,,उसप,दोडामार्ग,16.7,06:10,06:50,ST,,,,
17747,"Usap To Dodamarg Via Sateli Bhedashi",Usap,Dodamarg,"SATELI BHEDASHI",MO,2247,Dodamarg,17.5,,,उसप,दोडामार्ग,16.7,06:10,06:50,ST,,,,
18442,"Kumbral Mandir To Sawantwadi","Kumbral Mandir",Sawantwadi,,MO,2271,"Kumbral Mandir",,,,कुंब्रल,सावंतवाडी,34.2,07:00,08:15,ST,,,,
18442,"Kumbral Mandir To Sawantwadi","Kumbral Mandir",Sawantwadi,,MO,2314,"Shirval School",2.7,,,कुंब्रल,सावंतवाडी,34.2,07:00,08:15,ST,,,,
18442,"Kumbral Mandir To Sawantwadi","Kumbral Mandir",Sawantwadi,,MO,2345,"Kolzar Mungi Dukan",3.5,,,कुंब्रल,सावंतवाडी,34.2,07:00,08:15,ST,,,,
18442,"Kumbral Mandir To Sawantwadi","Kumbral Mandir",Sawantwadi,,MO,2349,"Marathe House",5.9,,,कुंब्रल,सावंतवाडी,34.2,07:00,08:15,ST,,,,
18442,"Kumbral Mandir To Sawantwadi","Kumbral Mandir",Sawantwadi,,MO,2351,Kolzar,6,,,कुंब्रल,सावंतवाडी,34.2,07:00,08:15,ST,,,,
18442,"Kumbral Mandir To Sawantwadi","Kumbral Mandir",Sawantwadi,,MO,2352,"Talkat Soci",7,,,कुंब्रल,सावंतवाडी,34.2,07:00,08:15,ST,,,,
18442,"Kumbral Mandir To Sawantwadi","Kumbral Mandir",Sawantwadi,,MO,2353,"Talkat Nursary",8,,,कुंब्रल,सावंतवाडी,34.2,07:00,08:15,ST,,,,
18442,"Kumbral Mandir To Sawantwadi","Kumbral Mandir",Sawantwadi,,MO,8565,"Margaon Bagwadi",9,,,कुंब्रल,सावंतवाडी,34.2,07:00,08:15,ST,,,,
18442,"Kumbral Mandir To Sawantwadi","Kumbral Mandir",Sawantwadi,,MO,8620,"Padave Mazgaon",10.8,,,कुंब्रल,सावंतवाडी,34.2,07:00,08:15,ST,,,,
18442,"Kumbral Mandir To Sawantwadi","Kumbral Mandir",Sawantwadi,,MO,8558,"Kumbral Fata",12.9,,,कुंब्रल,सावंतवाडी,34.2,07:00,08:15,ST,,,,
18442,"Kumbral Mandir To Sawantwadi","Kumbral Mandir",Sawantwadi,,MO,8503,Degve,15.4,,,कुंब्रल,सावंतवाडी,34.2,07:00,08:15,ST,,,,
18442,"Kumbral Mandir To Sawantwadi","Kumbral Mandir",Sawantwadi,,MO,8619,Panval,17,,,कुंब्रल,सावंतवाडी,34.2,07:00,08:15,ST,,,,
18442,"Kumbral Mandir To Sawantwadi","Kumbral Mandir",Sawantwadi,,MO,8486,Banda,19.4,,,कुंब्रल,सावंतवाडी,34.2,07:00,08:15,ST,,,,
18442,"Kumbral Mandir To Sawantwadi","Kumbral Mandir",Sawantwadi,,MO,8542,"Khamdev Naka",21,,,कुंब्रल,सावंतवाडी,34.2,07:00,08:15,ST,,,,
18442,"Kumbral Mandir To Sawantwadi","Kumbral Mandir",Sawantwadi,,MO,89315,"Exicise Check Post",23,,,कुंब्रल,सावंतवाडी,34.2,07:00,08:15,ST,,,,
18442,"Kumbral Mandir To Sawantwadi","Kumbral Mandir",Sawantwadi,,MO,8560,Kondwada,24,,,कुंब्रल,सावंतवाडी,34.2,07:00,08:15,ST,,,,
18442,"Kumbral Mandir To Sawantwadi","Kumbral Mandir",Sawantwadi,,MO,8499,"Doba Shel",25.5,,,कुंब्रल,सावंतवाडी,34.2,07:00,08:15,ST,,,,
18442,"Kumbral Mandir To Sawantwadi","Kumbral Mandir",Sawantwadi,,MO,8578,"Majgaon Nala",28.8,,,कुंब्रल,सावंतवाडी,34.2,07:00,08:15,ST,,,,
18442,"Kumbral Mandir To Sawantwadi","Kumbral Mandir",Sawantwadi,,MO,8663,Sawantwadi,34.2,,,कुंब्रल,सावंतवाडी,34.2,07:00,08:15,ST,,,,
18444,"Kumbheshwar Gpo To Sawantwadi","Kumbheshwar Gpo",Sawantwadi,,MO,8541,"Kumbheshwar Gpo",,,,कुंभेश्वर,सावंतवाडी,15,06:50,07:20,ST,,,,
18444,"Kumbheshwar Gpo To Sawantwadi","Kumbheshwar Gpo",Sawantwadi,,MO,8564,Kumbheshwar,3,,,कुंभेश्वर,सावंतवाडी,15,06:50,07:20,ST,,,,
18444,"Kumbheshwar Gpo To Sawantwadi","Kumbheshwar Gpo",Sawantwadi,,MO,8510,Danoli,6,,,कुंभेश्वर,सावंतवाडी,15,06:50,07:20,ST,,,,
18444,"Kumbheshwar Gpo To Sawantwadi","Kumbheshwar Gpo",Sawantwadi,,MO,8552,"Kalmbist Fata",7,,,कुंभेश्वर,सावंतवाडी,15,06:50,07:20,ST,,,,
18444,"Kumbheshwar Gpo To Sawantwadi","Kumbheshwar Gpo",Sawantwadi,,MO,8496,"Dhawadaki Datta Mandir",8,,,कुंभेश्वर,सावंतवाडी,15,06:50,07:20,ST,,,,
18444,"Kumbheshwar Gpo To Sawantwadi","Kumbheshwar Gpo",Sawantwadi,,MO,8569,"Madkhol Met",8.5,,,कुंभेश्वर,सावंतवाडी,15,06:50,07:20,ST,,,,
18444,"Kumbheshwar Gpo To Sawantwadi","Kumbheshwar Gpo",Sawantwadi,,MO,8570,Madkhol,9,,,कुंभेश्वर,सावंतवाडी,15,06:50,07:20,ST,,,,
18444,"Kumbheshwar Gpo To Sawantwadi","Kumbheshwar Gpo",Sawantwadi,,MO,8488,"Burdi Pul",14,,,कुंभेश्वर,सावंतवाडी,15,06:50,07:20,ST,,,,
18444,"Kumbheshwar Gpo To Sawantwadi","Kumbheshwar Gpo",Sawantwadi,,MO,8663,Sawantwadi,15,,,कुंभेश्वर,सावंतवाडी,15,06:50,07:20,ST,,,,
18611,"Otavane Kasar Dukan To Sawantwadi","Otavane Kasar Dukan",Sawantwadi,,MO,8617,"Otavane Kasar Dukan",,,,ओटवणे,सावंतवाडी,12.4,09:20,09:50,ST,,,,
18611,"Otavane Kasar Dukan To Sawantwadi","Otavane Kasar Dukan",Sawantwadi,,MO,8631,Perne,3.1,,,ओटवणे,सावंतवाडी,12.4,09:20,09:50,ST,,,,
18611,"Otavane Kasar Dukan To Sawantwadi","Otavane Kasar Dukan",Sawantwadi,,MO,8494,"Charatha Soci",7.1,,,ओटवणे,सावंतवाडी,12.4,09:20,09:50,ST,,,,
18611,"Otavane Kasar Dukan To Sawantwadi","Otavane Kasar Dukan",Sawantwadi,,MO,8491,"Charata Post",7.5,,,ओटवणे,सावंतवाडी,12.4,09:20,09:50,ST,,,,
18611,"Otavane Kasar Dukan To Sawantwadi","Otavane Kasar Dukan",Sawantwadi,,MO,8578,"Majgaon Nala",8.8,,,ओटवणे,सावंतवाडी,12.4,09:20,09:50,ST,,,,
18611,"Otavane Kasar Dukan To Sawantwadi","Otavane Kasar Dukan",Sawantwadi,,MO,8663,Sawantwadi,12.4,,,ओटवणे,सावंतवाडी,12.4,09:20,09:50,ST,,,,
60321,"Banda To Sawantwadi Via Pagawadi",Banda,Sawantwadi,PAGAWADI,MO,8486,Banda,,,,बांदा,सावंतवाडी,14.6,12:50,13:30,,,,,
60321,"Banda To Sawantwadi Via Pagawadi",Banda,Sawantwadi,PAGAWADI,MO,8512,Dhuriwada,3.8,,,बांदा,सावंतवाडी,14.6,12:50,13:30,,,,,
60321,"Banda To Sawantwadi Via Pagawadi",Banda,Sawantwadi,PAGAWADI,MO,8533,"Insuli Mauli Madir",5.4,,,बांदा,सावंतवाडी,14.6,12:50,13:30,,,,,
60321,"Banda To Sawantwadi Via Pagawadi",Banda,Sawantwadi,PAGAWADI,MO,8622,Pagawadi,8.2,,,बांदा,सावंतवाडी,14.6,12:50,13:30,,,,,
60321,"Banda To Sawantwadi Via Pagawadi",Banda,Sawantwadi,PAGAWADI,MO,8494,"Charatha Soci",9.9,,,बांदा,सावंतवाडी,14.6,12:50,13:30,,,,,
60321,"Banda To Sawantwadi Via Pagawadi",Banda,Sawantwadi,PAGAWADI,MO,8578,"Majgaon Nala",11.6,,,बांदा,सावंतवाडी,14.6,12:50,13:30,,,,,
60321,"Banda To Sawantwadi Via Pagawadi",Banda,Sawantwadi,PAGAWADI,MO,8663,Sawantwadi,14.6,,,बांदा,सावंतवाडी,14.6,12:50,13:30,,,,,
61938,"Sawantwadi To Nanos Konkan Pharma",Sawantwadi,"Nanos Konkan Pharma",,MO,8663,Sawantwadi,,,,सावंतवाडी,,32.8,16:20,17:45,ST,,,,
61938,"Sawantwadi To Nanos Konkan Pharma",Sawantwadi,"Nanos Konkan Pharma",,MO,8523,"Gulabi Titha",3,,,सावंतवाडी,,32.8,16:20,17:45,ST,,,,
61938,"Sawantwadi To Nanos Konkan Pharma",Sawantwadi,"Nanos Konkan Pharma",,MO,8580,Malgaon,5,,,सावंतवाडी,,32.8,16:20,17:45,ST,,,,
61938,"Sawantwadi To Nanos Konkan Pharma",Sawantwadi,"Nanos Konkan Pharma",,MO,8674,"Vengurle Shiroda Titha",6,,,सावंतवाडी,,32.8,16:20,17:45,ST,,,,
61938,"Sawantwadi To Nanos Konkan Pharma",Sawantwadi,"Nanos Konkan Pharma",,MO,8665,"Sawantwadi Rly. Stn.",7,,,सावंतवाडी,,32.8,16:20,17:45,ST,,,,
61938,"Sawantwadi To Nanos Konkan Pharma",Sawantwadi,"Nanos Konkan Pharma",,MO,8609,"Nirawade Bazar",8,,,सावंतवाडी,,32.8,16:20,17:45,ST,,,,
61938,"Sawantwadi To Nanos Konkan Pharma",Sawantwadi,"Nanos Konkan Pharma",,MO,8599,"Nirawade Tiles Factory",9,,,सावंतवाडी,,32.8,16:20,17:45,ST,,,,
61938,"Sawantwadi To Nanos Konkan Pharma",Sawantwadi,"Nanos Konkan Pharma",,MO,8614,"Nhaveli School",12,,,सावंतवाडी,,32.8,16:20,17:45,ST,,,,
61938,"Sawantwadi To Nanos Konkan Pharma",Sawantwadi,"Nanos Konkan Pharma",,MO,9855,"Ghodemukh Matond",14,,,सावंतवाडी,,32.8,16:20,17:45,ST,,,,
61938,"Sawantwadi To Nanos Konkan Pharma",Sawantwadi,"Nanos Konkan Pharma",,MO,8517,"Forest Chouki",15,,,सावंतवाडी,,32.8,16:20,17:45,ST,,,,
61938,"Sawantwadi To Nanos Konkan Pharma",Sawantwadi,"Nanos Konkan Pharma",,MO,9833,"Warachi Malewad",17,,,सावंतवाडी,,32.8,16:20,17:45,ST,,,,
61938,"Sawantwadi To Nanos Konkan Pharma",Sawantwadi,"Nanos Konkan Pharma",,MO,9703,"Malewad Hedulwadi",18,,,सावंतवाडी,,32.8,16:20,17:45,ST,,,,
61938,"Sawantwadi To Nanos Konkan Pharma",Sawantwadi,"Nanos Konkan Pharma",,MO,9704,"Malewad Naka",20,,,सावंतवाडी,,32.8,16:20,17:45,ST,,,,
61938,"Sawantwadi To Nanos Konkan Pharma",Sawantwadi,"Nanos Konkan Pharma",,MO,9779,Savardev,21,,,सावंतवाडी,,32.8,16:20,17:45,ST,,,,
61938,"Sawantwadi To Nanos Konkan Pharma",Sawantwadi,"Nanos Konkan Pharma",,MO,9592,"Ajgaon Marathi School",24,,,सावंतवाडी,,32.8,16:20,17:45,ST,,,,
61938,"Sawantwadi To Nanos Konkan Pharma",Sawantwadi,"Nanos Konkan Pharma",,MO,9789,Shiroda,27,,,सावंतवाडी,,32.8,16:20,17:45,ST,,,,
61938,"Sawantwadi To Nanos Konkan Pharma",Sawantwadi,"Nanos Konkan Pharma",,MO,9734,"Nanos Titha",30,,,सावंतवाडी,,32.8,16:20,17:45,ST,,,,
61938,"Sawantwadi To Nanos Konkan Pharma",Sawantwadi,"Nanos Konkan Pharma",,MO,9733,"Nanos Konkan Pharma",32,,,सावंतवाडी,,32.8,16:20,17:45,ST,,,,
62557,"Banda To Konshi Via Kuderanwadi",Banda,Konshi,KUDERANWADI,MO,8486,Banda,,,,बांदा,कोनशी,14.5,16:00,16:35,ST,,,,
62557,"Banda To Konshi Via Kuderanwadi",Banda,Konshi,KUDERANWADI,MO,8543,Kuderanwadi,4,,,बांदा,कोनशी,14.5,16:00,16:35,ST,,,,
62557,"Banda To Konshi Via Kuderanwadi",Banda,Konshi,KUDERANWADI,MO,6481,Jambhalikade,6,,,बांदा,कोनशी,14.5,16:00,16:35,ST,,,,
62557,"Banda To Konshi Via Kuderanwadi",Banda,Konshi,KUDERANWADI,MO,8673,"Vilavade Wad",8.5,,,बांदा,कोनशी,14.5,16:00,16:35,ST,,,,
62557,"Banda To Konshi Via Kuderanwadi",Banda,Konshi,KUDERANWADI,MO,8616,"Otavane Titha",10,,,बांदा,कोनशी,14.5,16:00,16:35,ST,,,,
62557,"Banda To Konshi Via Kuderanwadi",Banda,Konshi,KUDERANWADI,MO,8477,"Bhalawal Shop",12,,,बांदा,कोनशी,14.5,16:00,16:35,ST,,,,
62557,"Banda To Konshi Via Kuderanwadi",Banda,Konshi,KUDERANWADI,MO,8680,"Wetal Mandir",14,,,बांदा,कोनशी,14.5,16:00,16:35,ST,,,,
62557,"Banda To Konshi Via Kuderanwadi",Banda,Konshi,KUDERANWADI,MO,8497,Dhangarwadi,15,,,बांदा,कोनशी,14.5,16:00,16:35,ST,,,,
62557,"Banda To Konshi Via Kuderanwadi",Banda,Konshi,KUDERANWADI,MO,8559,Konshi,18,,,बांदा,कोनशी,14.5,16:00,16:35,ST,,,,
63684,"Sawantwadi To More Dhangarwadi",Sawantwadi,"More Dhangarwadi",,MO,8663,Sawantwadi,,,,सावंतवाडी,मोरे,24,10:00,09:50,OBL,,,,
63684,"Sawantwadi To More Dhangarwadi",Sawantwadi,"More Dhangarwadi",,MO,8551,"Kolgaon Thita",3,,,सावंतवाडी,मोरे,24,10:00,09:50,OBL,,,,
63684,"Sawantwadi To More Dhangarwadi",Sawantwadi,"More Dhangarwadi",,MO,6101,Akeri,6,,,सावंतवाडी,मोरे,24,10:00,09:50,OBL,,,,
63684,"Sawantwadi To More Dhangarwadi",Sawantwadi,"More Dhangarwadi",,MO,6162,Dholkarwadi,9,,,सावंतवाडी,मोरे,24,10:00,09:50,OBL,,,,
63684,"Sawantwadi To More Dhangarwadi",Sawantwadi,"More Dhangarwadi",,MO,6323,"Mangaon Titha",10,,,सावंतवाडी,मोरे,24,10:00,09:50,OBL,,,,
63684,"Sawantwadi To More Dhangarwadi",Sawantwadi,"More Dhangarwadi",,MO,6317,Mangaon,12,,,सावंतवाडी,मोरे,24,10:00,09:50,OBL,,,,
63684,"Sawantwadi To More Dhangarwadi",Sawantwadi,"More Dhangarwadi",,MO,6319,"Mangaon Phc",13,,,सावंतवाडी,मोरे,24,10:00,09:50,OBL,,,,
63684,"Sawantwadi To More Dhangarwadi",Sawantwadi,"More Dhangarwadi",,MO,6910,"Mail Dagad",15,,,सावंतवाडी,मोरे,24,10:00,09:50,OBL,,,,
63684,"Sawantwadi To More Dhangarwadi",Sawantwadi,"More Dhangarwadi",,MO,2844,"Mail Stone",18,,,सावंतवाडी,मोरे,24,10:00,09:50,OBL,,,,
63684,"Sawantwadi To More Dhangarwadi",Sawantwadi,"More Dhangarwadi",,MO,6477,"More Temple",21,,,सावंतवाडी,मोरे,24,10:00,09:50,OBL,,,,
63684,"Sawantwadi To More Dhangarwadi",Sawantwadi,"More Dhangarwadi",,MO,6476,"More Dhangarwadi",24,,,सावंतवाडी,मोरे,24,10:00,09:50,OBL,,,,
72056,"Kudasa To Banda Via Nabar Highschool",Kudasa,Banda,"NABAR HIGHSCHOOL",MO,2282,Kudasa,,,,पणतुर्ली,बांदा,24,06:45,00:08,ST,,,,
72056,"Kudasa To Banda Via Nabar Highschool",Kudasa,Banda,"NABAR HIGHSCHOOL",MO,2305,"Panturli Titha",1.6,,,पणतुर्ली,बांदा,24,06:45,00:08,ST,,,,
72056,"Kudasa To Banda Via Nabar Highschool",Kudasa,Banda,"NABAR HIGHSCHOOL",MO,2272,Kumbral,3.5,,,पणतुर्ली,बांदा,24,06:45,00:08,ST,,,,
72056,"Kudasa To Banda Via Nabar Highschool",Kudasa,Banda,"NABAR HIGHSCHOOL",MO,2314,"Shirval School",6,,,पणतुर्ली,बांदा,24,06:45,00:08,ST,,,,
72056,"Kudasa To Banda Via Nabar Highschool",Kudasa,Banda,"NABAR HIGHSCHOOL",MO,2351,Kolzar,9,,,पणतुर्ली,बांदा,24,06:45,00:08,ST,,,,
72056,"Kudasa To Banda Via Nabar Highschool",Kudasa,Banda,"NABAR HIGHSCHOOL",MO,2349,"Marathe House",10.5,,,पणतुर्ली,बांदा,24,06:45,00:08,ST,,,,
72056,"Kudasa To Banda Via Nabar Highschool",Kudasa,Banda,"NABAR HIGHSCHOOL",MO,2353,"Talkat Nursary",12.6,,,पणतुर्ली,बांदा,24,06:45,00:08,ST,,,,
72056,"Kudasa To Banda Via Nabar Highschool",Kudasa,Banda,"NABAR HIGHSCHOOL",MO,8620,"Padave Mazgaon",15.4,,,पणतुर्ली,बांदा,24,06:45,00:08,ST,,,,
72056,"Kudasa To Banda Via Nabar Highschool",Kudasa,Banda,"NABAR HIGHSCHOOL",MO,8558,"Kumbral Fata",17.5,,,पणतुर्ली,बांदा,24,06:45,00:08,ST,,,,
72056,"Kudasa To Banda Via Nabar Highschool",Kudasa,Banda,"NABAR HIGHSCHOOL",MO,8619,Panval,21.6,,,पणतुर्ली,बांदा,24,06:45,00:08,ST,,,,
72056,"Kudasa To Banda Via Nabar Highschool",Kudasa,Banda,"NABAR HIGHSCHOOL",MO,8486,Banda,24,,,पणतुर्ली,बांदा,24,06:45,00:08,ST,,,,
72056,"Kudasa To Banda Via Nabar Highschool",Kudasa,Banda,"NABAR HIGHSCHOOL",MO,8594,"Nabar Highschool",27,,,पणतुर्ली,बांदा,24,06:45,00:08,ST,,,,
72056,"Kudasa To Banda Via Nabar Highschool",Kudasa,Banda,"NABAR HIGHSCHOOL",MO,8486,Banda,30,,,पणतुर्ली,बांदा,24,06:45,00:08,ST,,,,
72059,"Banda To Kudasa Via Nabar Highschool",Banda,Kudasa,"NABAR HIGHSCHOOL",MO,8486,Banda,,,,बांदा,"पणतुर्ली कुडासा",24,13:45,14:15,ST,,,,
72059,"Banda To Kudasa Via Nabar Highschool",Banda,Kudasa,"NABAR HIGHSCHOOL",MO,8594,"Nabar Highschool",3,,,बांदा,"पणतुर्ली कुडासा",24,13:45,14:15,ST,,,,
72059,"Banda To Kudasa Via Nabar Highschool",Banda,Kudasa,"NABAR HIGHSCHOOL",MO,8486,Banda,6,,,बांदा,"पणतुर्ली कुडासा",24,13:45,14:15,ST,,,,
72059,"Banda To Kudasa Via Nabar Highschool",Banda,Kudasa,"NABAR HIGHSCHOOL",MO,8619,Panval,8.4,,,बांदा,"पणतुर्ली कुडासा",24,13:45,14:15,ST,,,,
72059,"Banda To Kudasa Via Nabar Highschool",Banda,Kudasa,"NABAR HIGHSCHOOL",MO,8558,"Kumbral Fata",12.5,,,बांदा,"पणतुर्ली कुडासा",24,13:45,14:15,ST,,,,
72059,"Banda To Kudasa Via Nabar Highschool",Banda,Kudasa,"NABAR HIGHSCHOOL",MO,8620,"Padave Mazgaon",14.6,,,बांदा,"पणतुर्ली कुडासा",24,13:45,14:15,ST,,,,
72059,"Banda To Kudasa Via Nabar Highschool",Banda,Kudasa,"NABAR HIGHSCHOOL",MO,2353,"Talkat Nursary",17.4,,,बांदा,"पणतुर्ली कुडासा",24,13:45,14:15,ST,,,,
72059,"Banda To Kudasa Via Nabar Highschool",Banda,Kudasa,"NABAR HIGHSCHOOL",MO,2349,"Marathe House",19.5,,,बांदा,"पणतुर्ली कुडासा",24,13:45,14:15,ST,,,,
72059,"Banda To Kudasa Via Nabar Highschool",Banda,Kudasa,"NABAR HIGHSCHOOL",MO,2351,Kolzar,21,,,बांदा,"पणतुर्ली कुडासा",24,13:45,14:15,ST,,,,
72059,"Banda To Kudasa Via Nabar Highschool",Banda,Kudasa,"NABAR HIGHSCHOOL",MO,2314,"Shirval School",24,,,बांदा,"पणतुर्ली कुडासा",24,13:45,14:15,ST,,,,
72059,"Banda To Kudasa Via Nabar Highschool",Banda,Kudasa,"NABAR HIGHSCHOOL",MO,2272,Kumbral,26.5,,,बांदा,"पणतुर्ली कुडासा",24,13:45,14:15,ST,,,,
72059,"Banda To Kudasa Via Nabar Highschool",Banda,Kudasa,"NABAR HIGHSCHOOL",MO,2305,"Panturli Titha",28.4,,,बांदा,"पणतुर्ली कुडासा",24,13:45,14:15,ST,,,,
72059,"Banda To Kudasa Via Nabar Highschool",Banda,Kudasa,"NABAR HIGHSCHOOL",MO,2282,Kudasa,30,,,बांदा,"पणतुर्ली कुडासा",24,13:45,14:15,ST,,,,
73298,"Tirali To Dodamarg Via Zare Bambar",Tirali,Dodamarg,"ZARE BAMBAR",MO,2332,Tirali,,,,भेडशी,दोडामार्ग,11.5,16:25,01:55,,,,,
73298,"Tirali To Dodamarg Via Zare Bambar",Tirali,Dodamarg,"ZARE BAMBAR",MO,2329,"Tillari Bank",1,,,भेडशी,दोडामार्ग,11.5,16:25,01:55,,,,,
73298,"Tirali To Dodamarg Via Zare Bambar",Tirali,Dodamarg,"ZARE BAMBAR",MO,2283,"Londhewadi Mecanic Colony",3,,,भेडशी,दोडामार्ग,11.5,16:25,01:55,,,,,
73298,"Tirali To Dodamarg Via Zare Bambar",Tirali,Dodamarg,"ZARE BAMBAR",MO,2274,"Konal Katta",5,,,भेडशी,दोडामार्ग,11.5,16:25,01:55,,,,,
73298,"Tirali To Dodamarg Via Zare Bambar",Tirali,Dodamarg,"ZARE BAMBAR",MO,2232,Awade,6,,,भेडशी,दोडामार्ग,11.5,16:25,01:55,,,,,
73298,"Tirali To Dodamarg Via Zare Bambar",Tirali,Dodamarg,"ZARE BAMBAR",MO,2239,Bhedshi,7,,,भेडशी,दोडामार्ग,11.5,16:25,01:55,,,,,
73298,"Tirali To Dodamarg Via Zare Bambar",Tirali,Dodamarg,"ZARE BAMBAR",MO,2236,"Bhedshi Nadi",9,,,भेडशी,दोडामार्ग,11.5,16:25,01:55,,,,,
73298,"Tirali To Dodamarg Via Zare Bambar",Tirali,Dodamarg,"ZARE BAMBAR",MO,2260,"Kudasa Fata",10,,,भेडशी,दोडामार्ग,11.5,16:25,01:55,,,,,
73298,"Tirali To Dodamarg Via Zare Bambar",Tirali,Dodamarg,"ZARE BAMBAR",MO,2344,"Zare Bambar",12,,,भेडशी,दोडामार्ग,11.5,16:25,01:55,,,,,
73298,"Tirali To Dodamarg Via Zare Bambar",Tirali,Dodamarg,"ZARE BAMBAR",MO,2229,Ambeli,15,,,भेडशी,दोडामार्ग,11.5,16:25,01:55,,,,,
73298,"Tirali To Dodamarg Via Zare Bambar",Tirali,Dodamarg,"ZARE BAMBAR",MO,2247,Dodamarg,18,,,भेडशी,दोडामार्ग,11.5,16:25,01:55,,,,,
73439,"Dhawadaki Datta Mandir To Sawantwadi Via Bamanadevi","Dhawadaki Datta Mandir",Sawantwadi,BAMANADEVI,MO,8496,"Dhawadaki Datta Mandir",,,,धवडकी,सावंतवाडी,15.6,17:00,17:30,ST,,,,
73439,"Dhawadaki Datta Mandir To Sawantwadi Via Bamanadevi","Dhawadaki Datta Mandir",Sawantwadi,BAMANADEVI,MO,8569,"Madkhol Met",4,,,धवडकी,सावंतवाडी,15.6,17:00,17:30,ST,,,,
73439,"Dhawadaki Datta Mandir To Sawantwadi Via Bamanadevi","Dhawadaki Datta Mandir",Sawantwadi,BAMANADEVI,MO,8570,Madkhol,6.9,,,धवडकी,सावंतवाडी,15.6,17:00,17:30,ST,,,,
73439,"Dhawadaki Datta Mandir To Sawantwadi Via Bamanadevi","Dhawadaki Datta Mandir",Sawantwadi,BAMANADEVI,MO,6132,Bamanadevi,9.7,,,धवडकी,सावंतवाडी,15.6,17:00,17:30,ST,,,,
73439,"Dhawadaki Datta Mandir To Sawantwadi Via Bamanadevi","Dhawadaki Datta Mandir",Sawantwadi,BAMANADEVI,MO,8570,Madkhol,11.5,,,धवडकी,सावंतवाडी,15.6,17:00,17:30,ST,,,,
73439,"Dhawadaki Datta Mandir To Sawantwadi Via Bamanadevi","Dhawadaki Datta Mandir",Sawantwadi,BAMANADEVI,MO,8653,"Sapale Stop",13.5,,,धवडकी,सावंतवाडी,15.6,17:00,17:30,ST,,,,
73439,"Dhawadaki Datta Mandir To Sawantwadi Via Bamanadevi","Dhawadaki Datta Mandir",Sawantwadi,BAMANADEVI,MO,8663,Sawantwadi,18,,,धवडकी,सावंतवाडी,15.6,17:00,17:30,ST,,,,
75280,"Sawantwadi To Nemale",Sawantwadi,Nemale,,MO,8663,Sawantwadi,,,,सावंतवाडी,नेमळे,15,06:30,07:00,ST,,,,
75280,"Sawantwadi To Nemale",Sawantwadi,Nemale,,MO,8523,"Gulabi Titha",1.1,,,सावंतवाडी,नेमळे,15,06:30,07:00,ST,,,,
75280,"Sawantwadi To Nemale",Sawantwadi,Nemale,,MO,8583,"Malgaon Mandir",4.1,,,सावंतवाडी,नेमळे,15,06:30,07:00,ST,,,,
75280,"Sawantwadi To Nemale",Sawantwadi,Nemale,,MO,9707,"Marathi School",6,,,सावंतवाडी,नेमळे,15,06:30,07:00,ST,,,,
75280,"Sawantwadi To Nemale",Sawantwadi,Nemale,,MO,8497,Dhangarwadi,10,,,सावंतवाडी,नेमळे,15,06:30,07:00,ST,,,,
75280,"Sawantwadi To Nemale",Sawantwadi,Nemale,,MO,8592,"Nemale Gpo",12,,,सावंतवाडी,नेमळे,15,06:30,07:00,ST,,,,
75280,"Sawantwadi To Nemale",Sawantwadi,Nemale,,MO,8602,"Nemale Sateri Mandir",13,,,सावंतवाडी,नेमळे,15,06:30,07:00,ST,,,,
75280,"Sawantwadi To Nemale",Sawantwadi,Nemale,,MO,8604,Nemale,13.1,,,सावंतवाडी,नेमळे,15,06:30,07:00,ST,,,,
88387,"Kesari To Sawantwadi Via Kesari",Kesari,Sawantwadi,,MO,8546,Kesari,,,,फणसवडे,सावंतवाडी,24,15:05,19:50,ST,,,,
88387,"Kesari To Sawantwadi Via Kesari",Kesari,Sawantwadi,,MO,8510,Danoli,3,,,फणसवडे,सावंतवाडी,24,15:05,19:50,ST,,,,
88387,"Kesari To Sawantwadi Via Kesari",Kesari,Sawantwadi,,MO,8505,Dhawadki,5,,,फणसवडे,सावंतवाडी,24,15:05,19:50,ST,,,,
88387,"Kesari To Sawantwadi Via Kesari",Kesari,Sawantwadi,,MO,8569,"Madkhol Met",7,,,फणसवडे,सावंतवाडी,24,15:05,19:50,ST,,,,
88387,"Kesari To Sawantwadi Via Kesari",Kesari,Sawantwadi,,MO,8570,Madkhol,8,,,फणसवडे,सावंतवाडी,24,15:05,19:50,ST,,,,
88387,"Kesari To Sawantwadi Via Kesari",Kesari,Sawantwadi,,MO,8653,"Sapale Stop",9,,,फणसवडे,सावंतवाडी,24,15:05,19:50,ST,,,,
88387,"Kesari To Sawantwadi Via Kesari",Kesari,Sawantwadi,,MO,8488,"Burdi Pul",12,,,फणसवडे,सावंतवाडी,24,15:05,19:50,ST,,,,
88387,"Kesari To Sawantwadi Via Kesari",Kesari,Sawantwadi,,MO,8663,Sawantwadi,15.4,,,फणसवडे,सावंतवाडी,24,15:05,19:50,ST,,,,
60632,"Dodamarg To Sawantwadi Via Kumbral Mandir",Dodamarg,Sawantwadi,"KUMBRAL MANDIR",MO,2247,Dodamarg,,,,दोडामार्ग,सावंतवाडी,57,11:45,14:00,OPN,,,,
60632,"Dodamarg To Sawantwadi Via Kumbral Mandir",Dodamarg,Sawantwadi,"KUMBRAL MANDIR",MO,2290,Maneri,3.7,,,दोडामार्ग,सावंतवाडी,57,11:45,14:00,OPN,,,,
60632,"Dodamarg To Sawantwadi Via Kumbral Mandir",Dodamarg,Sawantwadi,"KUMBRAL MANDIR",MO,2255,Hedus,5.7,,,दोडामार्ग,सावंतवाडी,57,11:45,14:00,OPN,,,,
60632,"Dodamarg To Sawantwadi Via Kumbral Mandir",Dodamarg,Sawantwadi,"KUMBRAL MANDIR",MO,2315,"Sasoli Bharpal Titha",6.5,,,दोडामार्ग,सावंतवाडी,57,11:45,14:00,OPN,,,,
60632,"Dodamarg To Sawantwadi Via Kumbral Mandir",Dodamarg,Sawantwadi,"KUMBRAL MANDIR",MO,2233,Bharpal,10.2,,,दोडामार्ग,सावंतवाडी,57,11:45,14:00,OPN,,,,
60632,"Dodamarg To Sawantwadi Via Kumbral Mandir",Dodamarg,Sawantwadi,"KUMBRAL MANDIR",MO,2305,"Panturli Titha",11.8,,,दोडामार्ग,सावंतवाडी,57,11:45,14:00,OPN,,,,
60632,"Dodamarg To Sawantwadi Via Kumbral Mandir",Dodamarg,Sawantwadi,"KUMBRAL MANDIR",MO,2271,"Kumbral Mandir",14.8,,,दोडामार्ग,सावंतवाडी,57,11:45,14:00,OPN,,,,
60632,"Dodamarg To Sawantwadi Via Kumbral Mandir",Dodamarg,Sawantwadi,"KUMBRAL MANDIR",MO,2314,"Shirval School",17.5,,,दोडामार्ग,सावंतवाडी,57,11:45,14:00,OPN,,,,
60632,"Dodamarg To Sawantwadi Via Kumbral Mandir",Dodamarg,Sawantwadi,"KUMBRAL MANDIR",MO,2351,Kolzar,19,,,दोडामार्ग,सावंतवाडी,57,11:45,14:00,OPN,,,,
60632,"Dodamarg To Sawantwadi Via Kumbral Mandir",Dodamarg,Sawantwadi,"KUMBRAL MANDIR",MO,2345,"Kolzar Mungi Dukan",20,,,दोडामार्ग,सावंतवाडी,57,11:45,14:00,OPN,,,,
60632,"Dodamarg To Sawantwadi Via Kumbral Mandir",Dodamarg,Sawantwadi,"KUMBRAL MANDIR",MO,2349,"Marathe House",20.7,,,दोडामार्ग,सावंतवाडी,57,11:45,14:00,OPN,,,,
60632,"Dodamarg To Sawantwadi Via Kumbral Mandir",Dodamarg,Sawantwadi,"KUMBRAL MANDIR",MO,2352,"Talkat Soci",22,,,दोडामार्ग,सावंतवाडी,57,11:45,14:00,OPN,,,,
60632,"Dodamarg To Sawantwadi Via Kumbral Mandir",Dodamarg,Sawantwadi,"KUMBRAL MANDIR",MO,2353,"Talkat Nursary",23.4,,,दोडामार्ग,सावंतवाडी,57,11:45,14:00,OPN,,,,
60632,"Dodamarg To Sawantwadi Via Kumbral Mandir",Dodamarg,Sawantwadi,"KUMBRAL MANDIR",MO,8565,"Margaon Bagwadi",25,,,दोडामार्ग,सावंतवाडी,57,11:45,14:00,OPN,,,,
60632,"Dodamarg To Sawantwadi Via Kumbral Mandir",Dodamarg,Sawantwadi,"KUMBRAL MANDIR",MO,8620,"Padave Mazgaon",26,,,दोडामार्ग,सावंतवाडी,57,11:45,14:00,OPN,,,,
60632,"Dodamarg To Sawantwadi Via Kumbral Mandir",Dodamarg,Sawantwadi,"KUMBRAL MANDIR",MO,8558,"Kumbral Fata",28.8,,,दोडामार्ग,सावंतवाडी,57,11:45,14:00,OPN,,,,
60632,"Dodamarg To Sawantwadi Via Kumbral Mandir",Dodamarg,Sawantwadi,"KUMBRAL MANDIR",MO,8619,Panval,31.8,,,दोडामार्ग,सावंतवाडी,57,11:45,14:00,OPN,,,,
60632,"Dodamarg To Sawantwadi Via Kumbral Mandir",Dodamarg,Sawantwadi,"KUMBRAL MANDIR",MO,8486,Banda,34.2,,,दोडामार्ग,सावंतवाडी,57,11:45,14:00,OPN,,,,
60632,"Dodamarg To Sawantwadi Via Kumbral Mandir",Dodamarg,Sawantwadi,"KUMBRAL MANDIR",MO,89315,"Exicise Check Post",37,,,दोडामार्ग,सावंतवाडी,57,11:45,14:00,OPN,,,,
60632,"Dodamarg To Sawantwadi Via Kumbral Mandir",Dodamarg,Sawantwadi,"KUMBRAL MANDIR",MO,8499,"Doba Shel",40,,,दोडामार्ग,सावंतवाडी,57,11:45,14:00,OPN,,,,
60632,"Dodamarg To Sawantwadi Via Kumbral Mandir",Dodamarg,Sawantwadi,"KUMBRAL MANDIR",MO,8578,"Majgaon Nala",43.6,,,दोडामार्ग,सावंतवाडी,57,11:45,14:00,OPN,,,,
60632,"Dodamarg To Sawantwadi Via Kumbral Mandir",Dodamarg,Sawantwadi,"KUMBRAL MANDIR",MO,8663,Sawantwadi,46.8,,,दोडामार्ग,सावंतवाडी,57,11:45,14:00,OPN,,,,
10683,"Sawantwadi To Belgaum Via Amboli",Sawantwadi,Belgaum,AMBOLI,MO,8663,Sawantwadi,,,,सावंतवाडी,बेळगांव,103,13:00,16:30,NOBL,,,,
10683,"Sawantwadi To Belgaum Via Amboli",Sawantwadi,Belgaum,AMBOLI,MO,8488,"Burdi Pul",3.4,,,सावंतवाडी,बेळगांव,103,13:00,16:30,NOBL,,,,
10683,"Sawantwadi To Belgaum Via Amboli",Sawantwadi,Belgaum,AMBOLI,MO,8653,"Sapale Stop",5.9,,,सावंतवाडी,बेळगांव,103,13:00,16:30,NOBL,,,,
10683,"Sawantwadi To Belgaum Via Amboli",Sawantwadi,Belgaum,AMBOLI,MO,8570,Madkhol,7.9,,,सावंतवाडी,बेळगांव,103,13:00,16:30,NOBL,,,,
10683,"Sawantwadi To Belgaum Via Amboli",Sawantwadi,Belgaum,AMBOLI,MO,8569,"Madkhol Met",9,,,सावंतवाडी,बेळगांव,103,13:00,16:30,NOBL,,,,
10683,"Sawantwadi To Belgaum Via Amboli",Sawantwadi,Belgaum,AMBOLI,MO,8505,Dhawadki,10.6,,,सावंतवाडी,बेळगांव,103,13:00,16:30,NOBL,,,,
10683,"Sawantwadi To Belgaum Via Amboli",Sawantwadi,Belgaum,AMBOLI,MO,8510,Danoli,13.1,,,सावंतवाडी,बेळगांव,103,13:00,16:30,NOBL,,,,
10683,"Sawantwadi To Belgaum Via Amboli",Sawantwadi,Belgaum,AMBOLI,MO,8564,Kumbheshwar,15,,,सावंतवाडी,बेळगांव,103,13:00,16:30,NOBL,,,,
10683,"Sawantwadi To Belgaum Via Amboli",Sawantwadi,Belgaum,AMBOLI,MO,8607,Nanapani,21,,,सावंतवाडी,बेळगांव,103,13:00,16:30,NOBL,,,,
10683,"Sawantwadi To Belgaum Via Amboli",Sawantwadi,Belgaum,AMBOLI,MO,8470,Amboli,29.5,,,सावंतवाडी,बेळगांव,103,13:00,16:30,NOBL,,,,
10683,"Sawantwadi To Belgaum Via Amboli",Sawantwadi,Belgaum,AMBOLI,MO,8582,Mulvanwadi,33,,,सावंतवाडी,बेळगांव,103,13:00,16:30,NOBL,,,,
10683,"Sawantwadi To Belgaum Via Amboli",Sawantwadi,Belgaum,AMBOLI,MO,8473,"Ajra Fata",36,,,सावंतवाडी,बेळगांव,103,13:00,16:30,NOBL,,,,
10683,"Sawantwadi To Belgaum Via Amboli",Sawantwadi,Belgaum,AMBOLI,MO,8597,Nagartaskari,37.9,,,सावंतवाडी,बेळगांव,103,13:00,16:30,NOBL,,,,
10683,"Sawantwadi To Belgaum Via Amboli",Sawantwadi,Belgaum,AMBOLI,MO,25219,Punarvasan,40.9,,,सावंतवाडी,बेळगांव,103,13:00,16:30,NOBL,,,,
10683,"Sawantwadi To Belgaum Via Amboli",Sawantwadi,Belgaum,AMBOLI,MO,25484,Sadegudavade,44.6,,,सावंतवाडी,बेळगांव,103,13:00,16:30,NOBL,,,,
10683,"Sawantwadi To Belgaum Via Amboli",Sawantwadi,Belgaum,AMBOLI,MO,23361,"Bazar Kanur",46.9,,,सावंतवाडी,बेळगांव,103,13:00,16:30,NOBL,,,,
10683,"Sawantwadi To Belgaum Via Amboli",Sawantwadi,Belgaum,AMBOLI,MO,23326,"Birdi Kanur",49.5,,,सावंतवाडी,बेळगांव,103,13:00,16:30,NOBL,,,,
10683,"Sawantwadi To Belgaum Via Amboli",Sawantwadi,Belgaum,AMBOLI,MO,24762,Mhalunge,53.4,,,सावंतवाडी,बेळगांव,103,13:00,16:30,NOBL,,,,
10683,"Sawantwadi To Belgaum Via Amboli",Sawantwadi,Belgaum,AMBOLI,MO,23971,Hindgaon,55.6,,,सावंतवाडी,बेळगांव,103,13:00,16:30,NOBL,,,,
10683,"Sawantwadi To Belgaum Via Amboli",Sawantwadi,Belgaum,AMBOLI,MO,23443,"Chandgad Fata",59.3,,,सावंतवाडी,बेळगांव,103,13:00,16:30,NOBL,,,,
10683,"Sawantwadi To Belgaum Via Amboli",Sawantwadi,Belgaum,AMBOLI,MO,24986,Naganwadi,62.4,,,सावंतवाडी,बेळगांव,103,13:00,16:30,NOBL,,,,
10683,"Sawantwadi To Belgaum Via Amboli",Sawantwadi,Belgaum,AMBOLI,MO,23259,Belebhat,62.5,,,सावंतवाडी,बेळगांव,103,13:00,16:30,NOBL,,,,
10683,"Sawantwadi To Belgaum Via Amboli",Sawantwadi,Belgaum,AMBOLI,MO,23500,Date,67.3,,,सावंतवाडी,बेळगांव,103,13:00,16:30,NOBL,,,,
10683,"Sawantwadi To Belgaum Via Amboli",Sawantwadi,Belgaum,AMBOLI,MO,23937,"Halkarni Fata",71.5,,,सावंतवाडी,बेळगांव,103,13:00,16:30,NOBL,,,,
10683,"Sawantwadi To Belgaum Via Amboli",Sawantwadi,Belgaum,AMBOLI,MO,25133,"Patane Fata",73.4,,,सावंतवाडी,बेळगांव,103,13:00,16:30,NOBL,,,,
10683,"Sawantwadi To Belgaum Via Amboli",Sawantwadi,Belgaum,AMBOLI,MO,24515,Karve,74.4,,,सावंतवाडी,बेळगांव,103,13:00,16:30,NOBL,,,,
10683,"Sawantwadi To Belgaum Via Amboli",Sawantwadi,Belgaum,AMBOLI,MO,26084,"Yashwant Nagar",74.6,,,सावंतवाडी,बेळगांव,103,13:00,16:30,NOBL,,,,
10683,"Sawantwadi To Belgaum Via Amboli",Sawantwadi,Belgaum,AMBOLI,MO,23605,Dholgarwadi,75.1,,,सावंतवाडी,बेळगांव,103,13:00,16:30,NOBL,,,,
10683,"Sawantwadi To Belgaum Via Amboli",Sawantwadi,Belgaum,AMBOLI,MO,25973,Vaitanwadi,75.2,,,सावंतवाडी,बेळगांव,103,13:00,16:30,NOBL,,,,
10683,"Sawantwadi To Belgaum Via Amboli",Sawantwadi,Belgaum,AMBOLI,MO,25884,Turkewadi,76,,,सावंतवाडी,बेळगांव,103,13:00,16:30,NOBL,,,,
10683,"Sawantwadi To Belgaum Via Amboli",Sawantwadi,Belgaum,AMBOLI,MO,25810,Tadshinhal,76.4,,,सावंतवाडी,बेळगांव,103,13:00,16:30,NOBL,,,,
10683,"Sawantwadi To Belgaum Via Amboli",Sawantwadi,Belgaum,AMBOLI,MO,24562,Kudremani,79.3,,,सावंतवाडी,बेळगांव,103,13:00,16:30,NOBL,,,,
10683,"Sawantwadi To Belgaum Via Amboli",Sawantwadi,Belgaum,AMBOLI,MO,25678,Shinoli,83.5,,,सावंतवाडी,बेळगांव,103,13:00,16:30,NOBL,,,,
10683,"Sawantwadi To Belgaum Via Amboli",Sawantwadi,Belgaum,AMBOLI,MO,73192,"Bachi Krt Border",84,,,सावंतवाडी,बेळगांव,103,13:00,16:30,NOBL,,,,
10683,"Sawantwadi To Belgaum Via Amboli",Sawantwadi,Belgaum,AMBOLI,MO,73513,Hindalga,93,,,सावंतवाडी,बेळगांव,103,13:00,16:30,NOBL,,,,
10683,"Sawantwadi To Belgaum Via Amboli",Sawantwadi,Belgaum,AMBOLI,MO,73212,Bogarves,98,,,सावंतवाडी,बेळगांव,103,13:00,16:30,NOBL,,,,
10683,"Sawantwadi To Belgaum Via Amboli",Sawantwadi,Belgaum,AMBOLI,MO,73214,Belgaum,103,,,सावंतवाडी,बेळगांव,103,13:00,16:30,NOBL,,,,
10785,"Dodamarg To Bijghar Colony",Dodamarg,"Bijghar Colony",,MO,2247,Dodamarg,,,,दोडामार्ग,बिजघर,31.1,19:00,20:00,ST,,,,
10785,"Dodamarg To Bijghar Colony",Dodamarg,"Bijghar Colony",,MO,2229,Ambeli,2.7,,,दोडामार्ग,बिजघर,31.1,19:00,20:00,ST,,,,
10785,"Dodamarg To Bijghar Colony",Dodamarg,"Bijghar Colony",,MO,2344,"Zare Bambar",5.4,,,दोडामार्ग,बिजघर,31.1,19:00,20:00,ST,,,,
10785,"Dodamarg To Bijghar Colony",Dodamarg,"Bijghar Colony",,MO,2236,"Bhedshi Nadi",8.2,,,दोडामार्ग,बिजघर,31.1,19:00,20:00,ST,,,,
10785,"Dodamarg To Bijghar Colony",Dodamarg,"Bijghar Colony",,MO,2318,"Sateli Bhedashi",9.2,,,दोडामार्ग,बिजघर,31.1,19:00,20:00,ST,,,,
10785,"Dodamarg To Bijghar Colony",Dodamarg,"Bijghar Colony",,MO,2232,Awade,10.3,,,दोडामार्ग,बिजघर,31.1,19:00,20:00,ST,,,,
10785,"Dodamarg To Bijghar Colony",Dodamarg,"Bijghar Colony",,MO,2274,"Konal Katta",12.6,,,दोडामार्ग,बिजघर,31.1,19:00,20:00,ST,,,,
10785,"Dodamarg To Bijghar Colony",Dodamarg,"Bijghar Colony",,MO,2283,"Londhewadi Mecanic Colony",13,,,दोडामार्ग,बिजघर,31.1,19:00,20:00,ST,,,,
10785,"Dodamarg To Bijghar Colony",Dodamarg,"Bijghar Colony",,MO,2332,Tirali,15.3,,,दोडामार्ग,बिजघर,31.1,19:00,20:00,ST,,,,
10785,"Dodamarg To Bijghar Colony",Dodamarg,"Bijghar Colony",,MO,2284,Medhe,19.4,,,दोडामार्ग,बिजघर,31.1,19:00,20:00,ST,,,,
10785,"Dodamarg To Bijghar Colony",Dodamarg,"Bijghar Colony",,MO,2298,"Nagnath Mandir",20.3,,,दोडामार्ग,बिजघर,31.1,19:00,20:00,ST,,,,
10785,"Dodamarg To Bijghar Colony",Dodamarg,"Bijghar Colony",,MO,2296,Mulas,21.4,,,दोडामार्ग,बिजघर,31.1,19:00,20:00,ST,,,,
10785,"Dodamarg To Bijghar Colony",Dodamarg,"Bijghar Colony",,MO,2259,"Kharade Bridge",23.3,,,दोडामार्ग,बिजघर,31.1,19:00,20:00,ST,,,,
10785,"Dodamarg To Bijghar Colony",Dodamarg,"Bijghar Colony",,MO,2309,Ranewadi,26.9,,,दोडामार्ग,बिजघर,31.1,19:00,20:00,ST,,,,
10785,"Dodamarg To Bijghar Colony",Dodamarg,"Bijghar Colony",,MO,2241,"Bijghar Colony",31.1,,,दोडामार्ग,बिजघर,31.1,19:00,20:00,ST,,,,
10788,"Dodamarg To Morle Gaon",Dodamarg,"Morle Gaon",,MO,2247,Dodamarg,,,,दोडामार्ग,,23.8,08:00,08:50,NOBL,,,,
10788,"Dodamarg To Morle Gaon",Dodamarg,"Morle Gaon",,MO,2229,Ambeli,2.7,,,दोडामार्ग,,23.8,08:00,08:50,NOBL,,,,
10788,"Dodamarg To Morle Gaon",Dodamarg,"Morle Gaon",,MO,2304,"Pal Punarvasan",4.8,,,दोडामार्ग,,23.8,08:00,08:50,NOBL,,,,
10788,"Dodamarg To Morle Gaon",Dodamarg,"Morle Gaon",,MO,2344,"Zare Bambar",5.4,,,दोडामार्ग,,23.8,08:00,08:50,NOBL,,,,
10788,"Dodamarg To Morle Gaon",Dodamarg,"Morle Gaon",,MO,2231,"Ainode Punarvasan",5.7,,,दोडामार्ग,,23.8,08:00,08:50,NOBL,,,,
10788,"Dodamarg To Morle Gaon",Dodamarg,"Morle Gaon",,MO,2236,"Bhedshi Nadi",8.2,,,दोडामार्ग,,23.8,08:00,08:50,NOBL,,,,
10788,"Dodamarg To Morle Gaon",Dodamarg,"Morle Gaon",,MO,2318,"Sateli Bhedashi",9.2,,,दोडामार्ग,,23.8,08:00,08:50,NOBL,,,,
10788,"Dodamarg To Morle Gaon",Dodamarg,"Morle Gaon",,MO,2232,Awade,10.3,,,दोडामार्ग,,23.8,08:00,08:50,NOBL,,,,
10788,"Dodamarg To Morle Gaon",Dodamarg,"Morle Gaon",,MO,2340,Vayangantad,11.9,,,दोडामार्ग,,23.8,08:00,08:50,NOBL,,,,
10788,"Dodamarg To Morle Gaon",Dodamarg,"Morle Gaon",,MO,2274,"Konal Katta",12.6,,,दोडामार्ग,,23.8,08:00,08:50,NOBL,,,,
10788,"Dodamarg To Morle Gaon",Dodamarg,"Morle Gaon",,MO,2283,"Londhewadi Mecanic Colony",13,,,दोडामार्ग,,23.8,08:00,08:50,NOBL,,,,
10788,"Dodamarg To Morle Gaon",Dodamarg,"Morle Gaon",,MO,2275,Konal,13.5,,,दोडामार्ग,,23.8,08:00,08:50,NOBL,,,,
10788,"Dodamarg To Morle Gaon",Dodamarg,"Morle Gaon",,MO,2329,"Tillari Bank",14.8,,,दोडामार्ग,,23.8,08:00,08:50,NOBL,,,,
10788,"Dodamarg To Morle Gaon",Dodamarg,"Morle Gaon",,MO,2332,Tirali,15.3,,,दोडामार्ग,,23.8,08:00,08:50,NOBL,,,,
10788,"Dodamarg To Morle Gaon",Dodamarg,"Morle Gaon",,MO,2252,Ghotagewadi,17.5,,,दोडामार्ग,,23.8,08:00,08:50,NOBL,,,,
10788,"Dodamarg To Morle Gaon",Dodamarg,"Morle Gaon",,MO,2244,Dhangarwadi,18.2,,,दोडामार्ग,,23.8,08:00,08:50,NOBL,,,,
10788,"Dodamarg To Morle Gaon",Dodamarg,"Morle Gaon",,MO,2291,"Morle Bag",21.7,,,दोडामार्ग,,23.8,08:00,08:50,NOBL,,,,
10788,"Dodamarg To Morle Gaon",Dodamarg,"Morle Gaon",,MO,2292,"Morle Gaon",23.8,,,दोडामार्ग,,23.8,08:00,08:50,NOBL,,,,
10792,"Dodamarg To Parye Via Vazare Mandir",Dodamarg,Parye,"VAZARE MANDIR",MO,2247,Dodamarg,,,,दोडामार्ग,आई,15,18:20,19:00,ST,,,CHANGE,
10792,"Dodamarg To Parye Via Vazare Mandir",Dodamarg,Parye,"VAZARE MANDIR",MO,2253,"Giroda Titha",3.5,,,दोडामार्ग,आई,15,18:20,19:00,ST,,,CHANGE,
10792,"Dodamarg To Parye Via Vazare Mandir",Dodamarg,Parye,"VAZARE MANDIR",MO,2336,"Vazare Mandir",5.7,,,दोडामार्ग,आई,15,18:20,19:00,ST,,,CHANGE,
10792,"Dodamarg To Parye Via Vazare Mandir",Dodamarg,Parye,"VAZARE MANDIR",MO,2226,"Ambadgaon Titha",9,,,दोडामार्ग,आई,15,18:20,19:00,ST,,,CHANGE,
10792,"Dodamarg To Parye Via Vazare Mandir",Dodamarg,Parye,"VAZARE MANDIR",MO,2293,Matane,9.9,,,दोडामार्ग,आई,15,18:20,19:00,ST,,,CHANGE,
10792,"Dodamarg To Parye Via Vazare Mandir",Dodamarg,Parye,"VAZARE MANDIR",MO,2254,"Gawas Hut",11.7,,,दोडामार्ग,आई,15,18:20,19:00,ST,,,CHANGE,
10792,"Dodamarg To Parye Via Vazare Mandir",Dodamarg,Parye,"VAZARE MANDIR",MO,2227,Aie,14.6,,,दोडामार्ग,आई,15,18:20,19:00,ST,,,CHANGE,
10792,"Dodamarg To Parye Via Vazare Mandir",Dodamarg,Parye,"VAZARE MANDIR",MO,2306,Parye,16.1,,,दोडामार्ग,आई,15,18:20,19:00,ST,,,CHANGE,
10798,"Dodamarg To Usap Via Zare Bambar",Dodamarg,Usap,"ZARE BAMBAR",MO,2247,Dodamarg,,,,दोडामार्ग,पिकुळे,17.3,10:15,10:45,ST,,,,
10798,"Dodamarg To Usap Via Zare Bambar",Dodamarg,Usap,"ZARE BAMBAR",MO,2229,Ambeli,2.7,,,दोडामार्ग,पिकुळे,17.3,10:15,10:45,ST,,,,
10798,"Dodamarg To Usap Via Zare Bambar",Dodamarg,Usap,"ZARE BAMBAR",MO,2344,"Zare Bambar",5.4,,,दोडामार्ग,पिकुळे,17.3,10:15,10:45,ST,,,,
10798,"Dodamarg To Usap Via Zare Bambar",Dodamarg,Usap,"ZARE BAMBAR",MO,2308,"Pikule School",8.8,,,दोडामार्ग,पिकुळे,17.3,10:15,10:45,ST,,,,
10798,"Dodamarg To Usap Via Zare Bambar",Dodamarg,Usap,"ZARE BAMBAR",MO,2266,"Khokral Titha",13.4,,,दोडामार्ग,पिकुळे,17.3,10:15,10:45,ST,,,,
10798,"Dodamarg To Usap Via Zare Bambar",Dodamarg,Usap,"ZARE BAMBAR",MO,2334,Usap,14.3,,,दोडामार्ग,पिकुळे,17.3,10:15,10:45,ST,,,,
10799,"Dodamarg To Virdi",Dodamarg,Virdi,,MO,2247,Dodamarg,,,,दोडामार्ग,विर्डी,23.8,18:30,19:30,ST,,,,
10799,"Dodamarg To Virdi",Dodamarg,Virdi,,MO,2250,Giroda,2.1,,,दोडामार्ग,विर्डी,23.8,18:30,19:30,ST,,,,
10799,"Dodamarg To Virdi",Dodamarg,Virdi,,MO,2253,"Giroda Titha",3.5,,,दोडामार्ग,विर्डी,23.8,18:30,19:30,ST,,,,
10799,"Dodamarg To Virdi",Dodamarg,Virdi,,MO,2341,"Vazare Fata",3.8,,,दोडामार्ग,विर्डी,23.8,18:30,19:30,ST,,,,
10799,"Dodamarg To Virdi",Dodamarg,Virdi,,MO,2336,"Vazare Mandir",5.7,,,दोडामार्ग,विर्डी,23.8,18:30,19:30,ST,,,,
10799,"Dodamarg To Virdi",Dodamarg,Virdi,,MO,2248,"Dongare Wahal",8.4,,,दोडामार्ग,विर्डी,23.8,18:30,19:30,ST,,,,
10799,"Dodamarg To Virdi",Dodamarg,Virdi,,MO,2328,"Talekhol Gawthan",11,,,दोडामार्ग,विर्डी,23.8,18:30,19:30,ST,,,,
10799,"Dodamarg To Virdi",Dodamarg,Virdi,,MO,2322,"Talekhol Mandir",12.3,,,दोडामार्ग,विर्डी,23.8,18:30,19:30,ST,,,,
10799,"Dodamarg To Virdi",Dodamarg,Virdi,,MO,2324,"Talekhol Watoolwada",13,,,दोडामार्ग,विर्डी,23.8,18:30,19:30,ST,,,,
10799,"Dodamarg To Virdi",Dodamarg,Virdi,,MO,2310,"Rawan Fata",13.9,,,दोडामार्ग,विर्डी,23.8,18:30,19:30,ST,,,,
10799,"Dodamarg To Virdi",Dodamarg,Virdi,,MO,2281,Kumbharwada,14.7,,,दोडामार्ग,विर्डी,23.8,18:30,19:30,ST,,,,
10799,"Dodamarg To Virdi",Dodamarg,Virdi,,MO,2264,"Keri Fata",16.4,,,दोडामार्ग,विर्डी,23.8,18:30,19:30,ST,,,,
10799,"Dodamarg To Virdi",Dodamarg,Virdi,,MO,2339,Virdi,23.8,,,दोडामार्ग,विर्डी,23.8,18:30,19:30,ST,,,,
11117,"Sawantwadi To Asaniye Mauli Mandir Via Zolambe",Sawantwadi,"Asaniye Mauli Mandir",ZOLAMBE,MO,8663,Sawantwadi,,,,सावंतवाडी,असनिये,33.7,12:30,13:45,ST,,,,
11117,"Sawantwadi To Asaniye Mauli Mandir Via Zolambe",Sawantwadi,"Asaniye Mauli Mandir",ZOLAMBE,MO,8578,"Majgaon Nala",3.2,,,सावंतवाडी,असनिये,33.7,12:30,13:45,ST,,,,
11117,"Sawantwadi To Asaniye Mauli Mandir Via Zolambe",Sawantwadi,"Asaniye Mauli Mandir",ZOLAMBE,MO,8499,"Doba Shel",6.5,,,सावंतवाडी,असनिये,33.7,12:30,13:45,ST,,,,
11117,"Sawantwadi To Asaniye Mauli Mandir Via Zolambe",Sawantwadi,"Asaniye Mauli Mandir",ZOLAMBE,MO,8560,Kondwada,8.6,,,सावंतवाडी,असनिये,33.7,12:30,13:45,ST,,,,
11117,"Sawantwadi To Asaniye Mauli Mandir Via Zolambe",Sawantwadi,"Asaniye Mauli Mandir",ZOLAMBE,MO,8486,Banda,12.6,,,सावंतवाडी,असनिये,33.7,12:30,13:45,ST,,,,
11117,"Sawantwadi To Asaniye Mauli Mandir Via Zolambe",Sawantwadi,"Asaniye Mauli Mandir",ZOLAMBE,MO,8619,Panval,15,,,सावंतवाडी,असनिये,33.7,12:30,13:45,ST,,,,
11117,"Sawantwadi To Asaniye Mauli Mandir Via Zolambe",Sawantwadi,"Asaniye Mauli Mandir",ZOLAMBE,MO,8503,Degve,16.6,,,सावंतवाडी,असनिये,33.7,12:30,13:45,ST,,,,
11117,"Sawantwadi To Asaniye Mauli Mandir Via Zolambe",Sawantwadi,"Asaniye Mauli Mandir",ZOLAMBE,MO,8558,"Kumbral Fata",19.1,,,सावंतवाडी,असनिये,33.7,12:30,13:45,ST,,,,
11117,"Sawantwadi To Asaniye Mauli Mandir Via Zolambe",Sawantwadi,"Asaniye Mauli Mandir",ZOLAMBE,MO,8620,"Padave Mazgaon",21.2,,,सावंतवाडी,असनिये,33.7,12:30,13:45,ST,,,,
11117,"Sawantwadi To Asaniye Mauli Mandir Via Zolambe",Sawantwadi,"Asaniye Mauli Mandir",ZOLAMBE,MO,8565,"Margaon Bagwadi",21.7,,,सावंतवाडी,असनिये,33.7,12:30,13:45,ST,,,,
11117,"Sawantwadi To Asaniye Mauli Mandir Via Zolambe",Sawantwadi,"Asaniye Mauli Mandir",ZOLAMBE,MO,2353,"Talkat Nursary",24,,,सावंतवाडी,असनिये,33.7,12:30,13:45,ST,,,,
11117,"Sawantwadi To Asaniye Mauli Mandir Via Zolambe",Sawantwadi,"Asaniye Mauli Mandir",ZOLAMBE,MO,2352,"Talkat Soci",26.3,,,सावंतवाडी,असनिये,33.7,12:30,13:45,ST,,,,
11117,"Sawantwadi To Asaniye Mauli Mandir Via Zolambe",Sawantwadi,"Asaniye Mauli Mandir",ZOLAMBE,MO,2358,"Zolambe Tulpulewadi",26.9,,,सावंतवाडी,असनिये,33.7,12:30,13:45,ST,,,,
11117,"Sawantwadi To Asaniye Mauli Mandir Via Zolambe",Sawantwadi,"Asaniye Mauli Mandir",ZOLAMBE,MO,2357,Zolambe,28.4,,,सावंतवाडी,असनिये,33.7,12:30,13:45,ST,,,,
11117,"Sawantwadi To Asaniye Mauli Mandir Via Zolambe",Sawantwadi,"Asaniye Mauli Mandir",ZOLAMBE,MO,2356,"Zolambe Fukeri Titha",30.6,,,सावंतवाडी,असनिये,33.7,12:30,13:45,ST,,,,
11117,"Sawantwadi To Asaniye Mauli Mandir Via Zolambe",Sawantwadi,"Asaniye Mauli Mandir",ZOLAMBE,MO,8476,"Asaniye Mauli Mandir",33.7,,,सावंतवाडी,असनिये,33.7,12:30,13:45,ST,,,,
11136,"Sawantwadi To Hirlok Via Nileli Gani Dukan",Sawantwadi,Hirlok,"NILELI GANI DUKAN",MO,8663,Sawantwadi,,,,सावंतवाडी,हिर्लोक,35,08:30,09:55,ST,,,MAIL,
11136,"Sawantwadi To Hirlok Via Nileli Gani Dukan",Sawantwadi,Hirlok,"NILELI GANI DUKAN",MO,8551,"Kolgaon Thita",3.7,,,सावंतवाडी,हिर्लोक,35,08:30,09:55,ST,,,MAIL,
11136,"Sawantwadi To Hirlok Via Nileli Gani Dukan",Sawantwadi,Hirlok,"NILELI GANI DUKAN",MO,6101,Akeri,5.9,,,सावंतवाडी,हिर्लोक,35,08:30,09:55,ST,,,MAIL,
11136,"Sawantwadi To Hirlok Via Nileli Gani Dukan",Sawantwadi,Hirlok,"NILELI GANI DUKAN",MO,6207,"Humras Fata",8.5,,,सावंतवाडी,हिर्लोक,35,08:30,09:55,ST,,,MAIL,
11136,"Sawantwadi To Hirlok Via Nileli Gani Dukan",Sawantwadi,Hirlok,"NILELI GANI DUKAN",MO,6162,Dholkarwadi,9.4,,,सावंतवाडी,हिर्लोक,35,08:30,09:55,ST,,,MAIL,
11136,"Sawantwadi To Hirlok Via Nileli Gani Dukan",Sawantwadi,Hirlok,"NILELI GANI DUKAN",MO,6323,"Mangaon Titha",10.3,,,सावंतवाडी,हिर्लोक,35,08:30,09:55,ST,,,MAIL,
11136,"Sawantwadi To Hirlok Via Nileli Gani Dukan",Sawantwadi,Hirlok,"NILELI GANI DUKAN",MO,6317,Mangaon,12.2,,,सावंतवाडी,हिर्लोक,35,08:30,09:55,ST,,,MAIL,
11136,"Sawantwadi To Hirlok Via Nileli Gani Dukan",Sawantwadi,Hirlok,"NILELI GANI DUKAN",MO,6092,Amberi,14.6,,,सावंतवाडी,हिर्लोक,35,08:30,09:55,ST,,,MAIL,
11136,"Sawantwadi To Hirlok Via Nileli Gani Dukan",Sawantwadi,Hirlok,"NILELI GANI DUKAN",MO,6464,"Wados Bazar",18.7,,,सावंतवाडी,हिर्लोक,35,08:30,09:55,ST,,,MAIL,
11136,"Sawantwadi To Hirlok Via Nileli Gani Dukan",Sawantwadi,Hirlok,"NILELI GANI DUKAN",MO,6190,"Gothos Titha",19.6,,,सावंतवाडी,हिर्लोक,35,08:30,09:55,ST,,,MAIL,
11136,"Sawantwadi To Hirlok Via Nileli Gani Dukan",Sawantwadi,Hirlok,"NILELI GANI DUKAN",MO,6339,"Nileli Gani Dukan",21,,,सावंतवाडी,हिर्लोक,35,08:30,09:55,ST,,,MAIL,
11136,"Sawantwadi To Hirlok Via Nileli Gani Dukan",Sawantwadi,Hirlok,"NILELI GANI DUKAN",MO,6188,"Gothos Mandir",24.4,,,सावंतवाडी,हिर्लोक,35,08:30,09:55,ST,,,MAIL,
11136,"Sawantwadi To Hirlok Via Nileli Gani Dukan",Sawantwadi,Hirlok,"NILELI GANI DUKAN",MO,6178,"Gothos School No.1",26.1,,,सावंतवाडी,हिर्लोक,35,08:30,09:55,ST,,,MAIL,
11136,"Sawantwadi To Hirlok Via Nileli Gani Dukan",Sawantwadi,Hirlok,"NILELI GANI DUKAN",MO,6346,"Narur Mahalaxmi Mandir",29.9,,,सावंतवाडी,हिर्लोक,35,08:30,09:55,ST,,,MAIL,
11136,"Sawantwadi To Hirlok Via Nileli Gani Dukan",Sawantwadi,Hirlok,"NILELI GANI DUKAN",MO,6316,"Malawewadi Godown",32,,,सावंतवाडी,हिर्लोक,35,08:30,09:55,ST,,,MAIL,
11136,"Sawantwadi To Hirlok Via Nileli Gani Dukan",Sawantwadi,Hirlok,"NILELI GANI DUKAN",MO,6123,Bhatkarwadi,33,,,सावंतवाडी,हिर्लोक,35,08:30,09:55,ST,,,MAIL,
11136,"Sawantwadi To Hirlok Via Nileli Gani Dukan",Sawantwadi,Hirlok,"NILELI GANI DUKAN",MO,6213,Hirlok,35,,,सावंतवाडी,हिर्लोक,35,08:30,09:55,ST,,,MAIL,
11168,"Sawantwadi To Satarda Via Nigude",Sawantwadi,Satarda,NIGUDE,MO,8663,Sawantwadi,,,,सावंतवाडी,सातार्डा,39.8,17:50,19:30,ST,,,,
11168,"Sawantwadi To Satarda Via Nigude",Sawantwadi,Satarda,NIGUDE,MO,8578,"Majgaon Nala",3.2,,,सावंतवाडी,सातार्डा,39.8,17:50,19:30,ST,,,,
11168,"Sawantwadi To Satarda Via Nigude",Sawantwadi,Satarda,NIGUDE,MO,8499,"Doba Shel",6.5,,,सावंतवाडी,सातार्डा,39.8,17:50,19:30,ST,,,,
11168,"Sawantwadi To Satarda Via Nigude",Sawantwadi,Satarda,NIGUDE,MO,8560,Kondwada,8.6,,,सावंतवाडी,सातार्डा,39.8,17:50,19:30,ST,,,,
11168,"Sawantwadi To Satarda Via Nigude",Sawantwadi,Satarda,NIGUDE,MO,89315,"Exicise Check Post",9,,,सावंतवाडी,सातार्डा,39.8,17:50,19:30,ST,,,,
11168,"Sawantwadi To Satarda Via Nigude",Sawantwadi,Satarda,NIGUDE,MO,8486,Banda,12.1,,,सावंतवाडी,सातार्डा,39.8,17:50,19:30,ST,,,,
11168,"Sawantwadi To Satarda Via Nigude",Sawantwadi,Satarda,NIGUDE,MO,8643,"Sherla Shop",17.1,,,सावंतवाडी,सातार्डा,39.8,17:50,19:30,ST,,,,
11168,"Sawantwadi To Satarda Via Nigude",Sawantwadi,Satarda,NIGUDE,MO,8600,Nigude,19.6,,,सावंतवाडी,सातार्डा,39.8,17:50,19:30,ST,,,,
11168,"Sawantwadi To Satarda Via Nigude",Sawantwadi,Satarda,NIGUDE,MO,8487,"Bhogate Shop",20.1,,,सावंतवाडी,सातार्डा,39.8,17:50,19:30,ST,,,,
11168,"Sawantwadi To Satarda Via Nigude",Sawantwadi,Satarda,NIGUDE,MO,8575,"Madura Titha",20.9,,,सावंतवाडी,सातार्डा,39.8,17:50,19:30,ST,,,,
11168,"Sawantwadi To Satarda Via Nigude",Sawantwadi,Satarda,NIGUDE,MO,8639,"Railway Camp",24.2,,,सावंतवाडी,सातार्डा,39.8,17:50,19:30,ST,,,,
11168,"Sawantwadi To Satarda Via Nigude",Sawantwadi,Satarda,NIGUDE,MO,8640,"Rekwadi Chafa",24.3,,,सावंतवाडी,सातार्डा,39.8,17:50,19:30,ST,,,,
11168,"Sawantwadi To Satarda Via Nigude",Sawantwadi,Satarda,NIGUDE,MO,8574,"Madura Rekwadi School",28.2,,,सावंतवाडी,सातार्डा,39.8,17:50,19:30,ST,,,,
11168,"Sawantwadi To Satarda Via Nigude",Sawantwadi,Satarda,NIGUDE,MO,9732,Nangarsada,29.2,,,सावंतवाडी,सातार्डा,39.8,17:50,19:30,ST,,,,
11168,"Sawantwadi To Satarda Via Nigude",Sawantwadi,Satarda,NIGUDE,MO,9774,"Satarda Mandir",35.4,,,सावंतवाडी,सातार्डा,39.8,17:50,19:30,ST,,,,
11168,"Sawantwadi To Satarda Via Nigude",Sawantwadi,Satarda,NIGUDE,MO,9771,Satarda,39.8,,,सावंतवाडी,सातार्डा,39.8,17:50,19:30,ST,,,,
11174,"Sawantwadi To Shiroda Via Phanaskhol Ganesh Mandir",Sawantwadi,Shiroda,"PHANASKHOL GANESH MANDIR",MO,8663,Sawantwadi,,,,सावंतवाडी,शिरोडा,34.2,07:30,08:45,NOBL,,,,
11174,"Sawantwadi To Shiroda Via Phanaskhol Ganesh Mandir",Sawantwadi,Shiroda,"PHANASKHOL GANESH MANDIR",MO,8523,"Gulabi Titha",3.3,,,सावंतवाडी,शिरोडा,34.2,07:30,08:45,NOBL,,,,
11174,"Sawantwadi To Shiroda Via Phanaskhol Ganesh Mandir",Sawantwadi,Shiroda,"PHANASKHOL GANESH MANDIR",MO,8580,Malgaon,5.9,,,सावंतवाडी,शिरोडा,34.2,07:30,08:45,NOBL,,,,
11174,"Sawantwadi To Shiroda Via Phanaskhol Ganesh Mandir",Sawantwadi,Shiroda,"PHANASKHOL GANESH MANDIR",MO,8674,"Vengurle Shiroda Titha",6.3,,,सावंतवाडी,शिरोडा,34.2,07:30,08:45,NOBL,,,,
11174,"Sawantwadi To Shiroda Via Phanaskhol Ganesh Mandir",Sawantwadi,Shiroda,"PHANASKHOL GANESH MANDIR",MO,8665,"Sawantwadi Rly. Stn.",7.2,,,सावंतवाडी,शिरोडा,34.2,07:30,08:45,NOBL,,,,
11174,"Sawantwadi To Shiroda Via Phanaskhol Ganesh Mandir",Sawantwadi,Shiroda,"PHANASKHOL GANESH MANDIR",MO,9692,"Konapal Bhaid",9.8,,,सावंतवाडी,शिरोडा,34.2,07:30,08:45,NOBL,,,,
11174,"Sawantwadi To Shiroda Via Phanaskhol Ganesh Mandir",Sawantwadi,Shiroda,"PHANASKHOL GANESH MANDIR",MO,9798,"Talawade Gate",13.6,,,सावंतवाडी,शिरोडा,34.2,07:30,08:45,NOBL,,,,
11174,"Sawantwadi To Shiroda Via Phanaskhol Ganesh Mandir",Sawantwadi,Shiroda,"PHANASKHOL GANESH MANDIR",MO,9799,"Talawade Parabwada",14.7,,,सावंतवाडी,शिरोडा,34.2,07:30,08:45,NOBL,,,,
11174,"Sawantwadi To Shiroda Via Phanaskhol Ganesh Mandir",Sawantwadi,Shiroda,"PHANASKHOL GANESH MANDIR",MO,9737,Newale,17.3,,,सावंतवाडी,शिरोडा,34.2,07:30,08:45,NOBL,,,,
11174,"Sawantwadi To Shiroda Via Phanaskhol Ganesh Mandir",Sawantwadi,Shiroda,"PHANASKHOL GANESH MANDIR",MO,9738,"Newale Maruti Mandir",18.2,,,सावंतवाडी,शिरोडा,34.2,07:30,08:45,NOBL,,,,
11174,"Sawantwadi To Shiroda Via Phanaskhol Ganesh Mandir",Sawantwadi,Shiroda,"PHANASKHOL GANESH MANDIR",MO,9640,"Gawas Mangar",20.9,,,सावंतवाडी,शिरोडा,34.2,07:30,08:45,NOBL,,,,
11174,"Sawantwadi To Shiroda Via Phanaskhol Ganesh Mandir",Sawantwadi,Shiroda,"PHANASKHOL GANESH MANDIR",MO,9756,"Phanaskhol Ganesh Mandir",23.2,,,सावंतवाडी,शिरोडा,34.2,07:30,08:45,NOBL,,,,
11174,"Sawantwadi To Shiroda Via Phanaskhol Ganesh Mandir",Sawantwadi,Shiroda,"PHANASKHOL GANESH MANDIR",MO,9640,"Gawas Mangar",25.5,,,सावंतवाडी,शिरोडा,34.2,07:30,08:45,NOBL,,,,
11174,"Sawantwadi To Shiroda Via Phanaskhol Ganesh Mandir",Sawantwadi,Shiroda,"PHANASKHOL GANESH MANDIR",MO,9731,Naikwadi,26.8,,,सावंतवाडी,शिरोडा,34.2,07:30,08:45,NOBL,,,,
11174,"Sawantwadi To Shiroda Via Phanaskhol Ganesh Mandir",Sawantwadi,Shiroda,"PHANASKHOL GANESH MANDIR",MO,9592,"Ajgaon Marathi School",29.1,,,सावंतवाडी,शिरोडा,34.2,07:30,08:45,NOBL,,,,
11174,"Sawantwadi To Shiroda Via Phanaskhol Ganesh Mandir",Sawantwadi,Shiroda,"PHANASKHOL GANESH MANDIR",MO,9789,Shiroda,31.1,,,सावंतवाडी,शिरोडा,34.2,07:30,08:45,NOBL,,,,
11177,"Sawantwadi To Dhondwadi Dhavadaki",Sawantwadi,Dhondwadi,"DHAWADAKI DATTA MANDIR",MO,8663,Sawantwadi,,,,सावंतवाडी,,28.2,08:00,09:00,ST,,,,
11177,"Sawantwadi To Dhondwadi Dhavadaki",Sawantwadi,Dhondwadi,"DHAWADAKI DATTA MANDIR",MO,8636,Pedavewadi,1.3,,,सावंतवाडी,,28.2,08:00,09:00,ST,,,,
11177,"Sawantwadi To Dhondwadi Dhavadaki",Sawantwadi,Dhondwadi,"DHAWADAKI DATTA MANDIR",MO,8488,"Burdi Pul",3.4,,,सावंतवाडी,,28.2,08:00,09:00,ST,,,,
11177,"Sawantwadi To Dhondwadi Dhavadaki",Sawantwadi,Dhondwadi,"DHAWADAKI DATTA MANDIR",MO,8653,"Sapale Stop",6,,,सावंतवाडी,,28.2,08:00,09:00,ST,,,,
11177,"Sawantwadi To Dhondwadi Dhavadaki",Sawantwadi,Dhondwadi,"DHAWADAKI DATTA MANDIR",MO,8570,Madkhol,7.9,,,सावंतवाडी,,28.2,08:00,09:00,ST,,,,
11177,"Sawantwadi To Dhondwadi Dhavadaki",Sawantwadi,Dhondwadi,"DHAWADAKI DATTA MANDIR",MO,8569,"Madkhol Met",9,,,सावंतवाडी,,28.2,08:00,09:00,ST,,,,
11177,"Sawantwadi To Dhondwadi Dhavadaki",Sawantwadi,Dhondwadi,"DHAWADAKI DATTA MANDIR",MO,8496,"Dhawadaki Datta Mandir",10.6,,,सावंतवाडी,,28.2,08:00,09:00,ST,,,,
11177,"Sawantwadi To Dhondwadi Dhavadaki",Sawantwadi,Dhondwadi,"DHAWADAKI DATTA MANDIR",MO,8552,"Kalmbist Fata",11,,,सावंतवाडी,,28.2,08:00,09:00,ST,,,,
11177,"Sawantwadi To Dhondwadi Dhavadaki",Sawantwadi,Dhondwadi,"DHAWADAKI DATTA MANDIR",MO,8610,Nursary,12,,,सावंतवाडी,,28.2,08:00,09:00,ST,,,,
11177,"Sawantwadi To Dhondwadi Dhavadaki",Sawantwadi,Dhondwadi,"DHAWADAKI DATTA MANDIR",MO,8644,"Sangeli Wad",15.3,,,सावंतवाडी,,28.2,08:00,09:00,ST,,,,
11177,"Sawantwadi To Dhondwadi Dhavadaki",Sawantwadi,Dhondwadi,"DHAWADAKI DATTA MANDIR",MO,8651,Sangeli,15.5,,,सावंतवाडी,,28.2,08:00,09:00,ST,,,,
11177,"Sawantwadi To Dhondwadi Dhavadaki",Sawantwadi,Dhondwadi,"DHAWADAKI DATTA MANDIR",MO,8666,Sawarwad,17,,,सावंतवाडी,,28.2,08:00,09:00,ST,,,,
11177,"Sawantwadi To Dhondwadi Dhavadaki",Sawantwadi,Dhondwadi,"DHAWADAKI DATTA MANDIR",MO,8538,Kalambist,18.3,,,सावंतवाडी,,28.2,08:00,09:00,ST,,,,
11177,"Sawantwadi To Dhondwadi Dhavadaki",Sawantwadi,Dhondwadi,"DHAWADAKI DATTA MANDIR",MO,8522,Ghanashelwadi,21,,,सावंतवाडी,,28.2,08:00,09:00,ST,,,,
11177,"Sawantwadi To Dhondwadi Dhavadaki",Sawantwadi,Dhondwadi,"DHAWADAKI DATTA MANDIR",MO,8647,"Shirshinge Gpo",24.3,,,सावंतवाडी,,28.2,08:00,09:00,ST,,,,
11177,"Sawantwadi To Dhondwadi Dhavadaki",Sawantwadi,Dhondwadi,"DHAWADAKI DATTA MANDIR",MO,8677,Veerwadi,24.9,,,सावंतवाडी,,28.2,08:00,09:00,ST,,,,
11177,"Sawantwadi To Dhondwadi Dhavadaki",Sawantwadi,Dhondwadi,"DHAWADAKI DATTA MANDIR",MO,8511,Dhondwadi,28.2,,,सावंतवाडी,,28.2,08:00,09:00,ST,,,,
11190,"Sawantwadi To Velvewadi Via Malewad Naka",Sawantwadi,Velvewadi,"MALEWAD NAKA",MO,8663,Sawantwadi,,,,सावंतवाडी,वेळवेवाडी,39.3,16:15,17:45,ST,,,,
11190,"Sawantwadi To Velvewadi Via Malewad Naka",Sawantwadi,Velvewadi,"MALEWAD NAKA",MO,8523,"Gulabi Titha",3.3,,,सावंतवाडी,वेळवेवाडी,39.3,16:15,17:45,ST,,,,
11190,"Sawantwadi To Velvewadi Via Malewad Naka",Sawantwadi,Velvewadi,"MALEWAD NAKA",MO,8580,Malgaon,5.9,,,सावंतवाडी,वेळवेवाडी,39.3,16:15,17:45,ST,,,,
11190,"Sawantwadi To Velvewadi Via Malewad Naka",Sawantwadi,Velvewadi,"MALEWAD NAKA",MO,8674,"Vengurle Shiroda Titha",6,,,सावंतवाडी,वेळवेवाडी,39.3,16:15,17:45,ST,,,,
11190,"Sawantwadi To Velvewadi Via Malewad Naka",Sawantwadi,Velvewadi,"MALEWAD NAKA",MO,8665,"Sawantwadi Rly. Stn.",7.4,,,सावंतवाडी,वेळवेवाडी,39.3,16:15,17:45,ST,,,,
11190,"Sawantwadi To Velvewadi Via Malewad Naka",Sawantwadi,Velvewadi,"MALEWAD NAKA",MO,8609,"Nirawade Bazar",8.5,,,सावंतवाडी,वेळवेवाडी,39.3,16:15,17:45,ST,,,,
11190,"Sawantwadi To Velvewadi Via Malewad Naka",Sawantwadi,Velvewadi,"MALEWAD NAKA",MO,8599,"Nirawade Tiles Factory",9.3,,,सावंतवाडी,वेळवेवाडी,39.3,16:15,17:45,ST,,,,
11190,"Sawantwadi To Velvewadi Via Malewad Naka",Sawantwadi,Velvewadi,"MALEWAD NAKA",MO,8614,"Nhaveli School",12.5,,,सावंतवाडी,वेळवेवाडी,39.3,16:15,17:45,ST,,,,
11190,"Sawantwadi To Velvewadi Via Malewad Naka",Sawantwadi,Velvewadi,"MALEWAD NAKA",MO,9855,"Ghodemukh Matond",13.9,,,सावंतवाडी,वेळवेवाडी,39.3,16:15,17:45,ST,,,,
11190,"Sawantwadi To Velvewadi Via Malewad Naka",Sawantwadi,Velvewadi,"MALEWAD NAKA",MO,8517,"Forest Chouki",15.8,,,सावंतवाडी,वेळवेवाडी,39.3,16:15,17:45,ST,,,,
11190,"Sawantwadi To Velvewadi Via Malewad Naka",Sawantwadi,Velvewadi,"MALEWAD NAKA",MO,9833,"Warachi Malewad",16.2,,,सावंतवाडी,वेळवेवाडी,39.3,16:15,17:45,ST,,,,
11190,"Sawantwadi To Velvewadi Via Malewad Naka",Sawantwadi,Velvewadi,"MALEWAD NAKA",MO,9703,"Malewad Hedulwadi",18.2,,,सावंतवाडी,वेळवेवाडी,39.3,16:15,17:45,ST,,,,
11190,"Sawantwadi To Velvewadi Via Malewad Naka",Sawantwadi,Velvewadi,"MALEWAD NAKA",MO,9704,"Malewad Naka",19.1,,,सावंतवाडी,वेळवेवाडी,39.3,16:15,17:45,ST,,,,
11190,"Sawantwadi To Velvewadi Via Malewad Naka",Sawantwadi,Velvewadi,"MALEWAD NAKA",MO,9694,"Kondura Titha",21.3,,,सावंतवाडी,वेळवेवाडी,39.3,16:15,17:45,ST,,,,
11190,"Sawantwadi To Velvewadi Via Malewad Naka",Sawantwadi,Velvewadi,"MALEWAD NAKA",MO,9775,"Sateli Mandir",24.3,,,सावंतवाडी,वेळवेवाडी,39.3,16:15,17:45,ST,,,,
11190,"Sawantwadi To Velvewadi Via Malewad Naka",Sawantwadi,Velvewadi,"MALEWAD NAKA",MO,9774,"Satarda Mandir",27.3,,,सावंतवाडी,वेळवेवाडी,39.3,16:15,17:45,ST,,,,
11190,"Sawantwadi To Velvewadi Via Malewad Naka",Sawantwadi,Velvewadi,"MALEWAD NAKA",MO,9772,"Satarda Bazar",27.9,,,सावंतवाडी,वेळवेवाडी,39.3,16:15,17:45,ST,,,,
11190,"Sawantwadi To Velvewadi Via Malewad Naka",Sawantwadi,Velvewadi,"MALEWAD NAKA",MO,9759,Pool,30,,,सावंतवाडी,वेळवेवाडी,39.3,16:15,17:45,ST,,,,
11190,"Sawantwadi To Velvewadi Via Malewad Naka",Sawantwadi,Velvewadi,"MALEWAD NAKA",MO,9669,Kawathani,31,,,सावंतवाडी,वेळवेवाडी,39.3,16:15,17:45,ST,,,,
11190,"Sawantwadi To Velvewadi Via Malewad Naka",Sawantwadi,Velvewadi,"MALEWAD NAKA",MO,9781,"Sawantachi Wadi",33,,,सावंतवाडी,वेळवेवाडी,39.3,16:15,17:45,ST,,,,
11190,"Sawantwadi To Velvewadi Via Malewad Naka",Sawantwadi,Velvewadi,"MALEWAD NAKA",MO,9686,"Kinale Bhatwadi",36.8,,,सावंतवाडी,वेळवेवाडी,39.3,16:15,17:45,ST,,,,
11190,"Sawantwadi To Velvewadi Via Malewad Naka",Sawantwadi,Velvewadi,"MALEWAD NAKA",MO,9822,Velvewadi,38.5,,,सावंतवाडी,वेळवेवाडी,39.3,16:15,17:45,ST,,,,
17611,"Dodamarg To Banda Via Kumbral Mandir",Dodamarg,Banda,"KUMBRAL MANDIR",MO,2247,Dodamarg,,,,दोडामार्ग,बांदा,36,17:00,18:15,NOBL,,,,
17611,"Dodamarg To Banda Via Kumbral Mandir",Dodamarg,Banda,"KUMBRAL MANDIR",MO,2290,Maneri,3.7,,,दोडामार्ग,बांदा,36,17:00,18:15,NOBL,,,,
17611,"Dodamarg To Banda Via Kumbral Mandir",Dodamarg,Banda,"KUMBRAL MANDIR",MO,2255,Hedus,5.7,,,दोडामार्ग,बांदा,36,17:00,18:15,NOBL,,,,
17611,"Dodamarg To Banda Via Kumbral Mandir",Dodamarg,Banda,"KUMBRAL MANDIR",MO,2315,"Sasoli Bharpal Titha",6.5,,,दोडामार्ग,बांदा,36,17:00,18:15,NOBL,,,,
17611,"Dodamarg To Banda Via Kumbral Mandir",Dodamarg,Banda,"KUMBRAL MANDIR",MO,2233,Bharpal,10.2,,,दोडामार्ग,बांदा,36,17:00,18:15,NOBL,,,,
17611,"Dodamarg To Banda Via Kumbral Mandir",Dodamarg,Banda,"KUMBRAL MANDIR",MO,2305,"Panturli Titha",11.8,,,दोडामार्ग,बांदा,36,17:00,18:15,NOBL,,,,
17611,"Dodamarg To Banda Via Kumbral Mandir",Dodamarg,Banda,"KUMBRAL MANDIR",MO,2271,"Kumbral Mandir",14.8,,,दोडामार्ग,बांदा,36,17:00,18:15,NOBL,,,,
17611,"Dodamarg To Banda Via Kumbral Mandir",Dodamarg,Banda,"KUMBRAL MANDIR",MO,2314,"Shirval School",17.5,,,दोडामार्ग,बांदा,36,17:00,18:15,NOBL,,,,
17611,"Dodamarg To Banda Via Kumbral Mandir",Dodamarg,Banda,"KUMBRAL MANDIR",MO,2345,"Kolzar Mungi Dukan",18,,,दोडामार्ग,बांदा,36,17:00,18:15,NOBL,,,,
17611,"Dodamarg To Banda Via Kumbral Mandir",Dodamarg,Banda,"KUMBRAL MANDIR",MO,2351,Kolzar,19.4,,,दोडामार्ग,बांदा,36,17:00,18:15,NOBL,,,,
17611,"Dodamarg To Banda Via Kumbral Mandir",Dodamarg,Banda,"KUMBRAL MANDIR",MO,2349,"Marathe House",20.7,,,दोडामार्ग,बांदा,36,17:00,18:15,NOBL,,,,
17611,"Dodamarg To Banda Via Kumbral Mandir",Dodamarg,Banda,"KUMBRAL MANDIR",MO,2352,"Talkat Soci",22,,,दोडामार्ग,बांदा,36,17:00,18:15,NOBL,,,,
17611,"Dodamarg To Banda Via Kumbral Mandir",Dodamarg,Banda,"KUMBRAL MANDIR",MO,2353,"Talkat Nursary",23.4,,,दोडामार्ग,बांदा,36,17:00,18:15,NOBL,,,,
17611,"Dodamarg To Banda Via Kumbral Mandir",Dodamarg,Banda,"KUMBRAL MANDIR",MO,8565,"Margaon Bagwadi",25,,,दोडामार्ग,बांदा,36,17:00,18:15,NOBL,,,,
17611,"Dodamarg To Banda Via Kumbral Mandir",Dodamarg,Banda,"KUMBRAL MANDIR",MO,8620,"Padave Mazgaon",25.5,,,दोडामार्ग,बांदा,36,17:00,18:15,NOBL,,,,
17611,"Dodamarg To Banda Via Kumbral Mandir",Dodamarg,Banda,"KUMBRAL MANDIR",MO,8558,"Kumbral Fata",28,,,दोडामार्ग,बांदा,36,17:00,18:15,NOBL,,,,
17611,"Dodamarg To Banda Via Kumbral Mandir",Dodamarg,Banda,"KUMBRAL MANDIR",MO,8503,Degve,30.2,,,दोडामार्ग,बांदा,36,17:00,18:15,NOBL,,,,
17611,"Dodamarg To Banda Via Kumbral Mandir",Dodamarg,Banda,"KUMBRAL MANDIR",MO,8619,Panval,31.8,,,दोडामार्ग,बांदा,36,17:00,18:15,NOBL,,,,
17611,"Dodamarg To Banda Via Kumbral Mandir",Dodamarg,Banda,"KUMBRAL MANDIR",MO,8486,Banda,36.1,,,दोडामार्ग,बांदा,36,17:00,18:15,NOBL,,,,
17746,"Usap To Dodamarg Via Zare Bambar",Usap,Dodamarg,"ZARE BAMBAR",MO,2334,Usap,,,,उसप,दोडामार्ग,14.5,14:40,15:30,ST,,,,
17746,"Usap To Dodamarg Via Zare Bambar",Usap,Dodamarg,"ZARE BAMBAR",MO,2266,"Khokral Titha",0.9,,,उसप,दोडामार्ग,14.5,14:40,15:30,ST,,,,
17746,"Usap To Dodamarg Via Zare Bambar",Usap,Dodamarg,"ZARE BAMBAR",MO,2308,"Pikule School",5.5,,,उसप,दोडामार्ग,14.5,14:40,15:30,ST,,,,
17746,"Usap To Dodamarg Via Zare Bambar",Usap,Dodamarg,"ZARE BAMBAR",MO,2344,"Zare Bambar",8.9,,,उसप,दोडामार्ग,14.5,14:40,15:30,ST,,,,
17746,"Usap To Dodamarg Via Zare Bambar",Usap,Dodamarg,"ZARE BAMBAR",MO,2229,Ambeli,11.6,,,उसप,दोडामार्ग,14.5,14:40,15:30,ST,,,,
17746,"Usap To Dodamarg Via Zare Bambar",Usap,Dodamarg,"ZARE BAMBAR",MO,2247,Dodamarg,14.3,,,उसप,दोडामार्ग,14.5,14:40,15:30,ST,,,,
18615,"Parpoli To Sawantwadi",Parpoli,Sawantwadi,,MO,8632,Parpoli,,,,पारपोली,सावंतवाडी,21.7,08:20,09:20,ST,,,,
18615,"Parpoli To Sawantwadi",Parpoli,Sawantwadi,,MO,8629,"Parpoli Hanuman Mandir",0.6,,,पारपोली,सावंतवाडी,21.7,08:20,09:20,ST,,,,
18615,"Parpoli To Sawantwadi",Parpoli,Sawantwadi,,MO,8495,Chruch,3.4,,,पारपोली,सावंतवाडी,21.7,08:20,09:20,ST,,,,
18615,"Parpoli To Sawantwadi",Parpoli,Sawantwadi,,MO,8507,"Devsu Marathi School",4.4,,,पारपोली,सावंतवाडी,21.7,08:20,09:20,ST,,,,
18615,"Parpoli To Sawantwadi",Parpoli,Sawantwadi,,MO,8514,"Dewasu Shop",6.1,,,पारपोली,सावंतवाडी,21.7,08:20,09:20,ST,,,,
18615,"Parpoli To Sawantwadi",Parpoli,Sawantwadi,,MO,8510,Danoli,6.2,,,पारपोली,सावंतवाडी,21.7,08:20,09:20,ST,,,,
18615,"Parpoli To Sawantwadi",Parpoli,Sawantwadi,,MO,8505,Dhawadki,8.7,,,पारपोली,सावंतवाडी,21.7,08:20,09:20,ST,,,,
18615,"Parpoli To Sawantwadi",Parpoli,Sawantwadi,,MO,8569,"Madkhol Met",10.3,,,पारपोली,सावंतवाडी,21.7,08:20,09:20,ST,,,,
18615,"Parpoli To Sawantwadi",Parpoli,Sawantwadi,,MO,8570,Madkhol,11.4,,,पारपोली,सावंतवाडी,21.7,08:20,09:20,ST,,,,
18615,"Parpoli To Sawantwadi",Parpoli,Sawantwadi,,MO,8653,"Sapale Stop",13.4,,,पारपोली,सावंतवाडी,21.7,08:20,09:20,ST,,,,
18615,"Parpoli To Sawantwadi",Parpoli,Sawantwadi,,MO,8488,"Burdi Pul",15.9,,,पारपोली,सावंतवाडी,21.7,08:20,09:20,ST,,,,
18615,"Parpoli To Sawantwadi",Parpoli,Sawantwadi,,MO,8663,Sawantwadi,19.1,,,पारपोली,सावंतवाडी,21.7,08:20,09:20,ST,,,,
18764,"Satose Dewoolwada To Sawantwadi Via Nigude","Satose Dewoolwada",Sawantwadi,NIGUDE,MO,9778,"Satose Dewoolwada",,,,सातोसे,सावंतवाडी,32.8,14:00,14:35,ST,,,,
18764,"Satose Dewoolwada To Sawantwadi Via Nigude","Satose Dewoolwada",Sawantwadi,NIGUDE,MO,9732,Nangarsada,1.7,,,सातोसे,सावंतवाडी,32.8,14:00,14:35,ST,,,,
18764,"Satose Dewoolwada To Sawantwadi Via Nigude","Satose Dewoolwada",Sawantwadi,NIGUDE,MO,8640,"Rekwadi Chafa",3.7,,,सातोसे,सावंतवाडी,32.8,14:00,14:35,ST,,,,
18764,"Satose Dewoolwada To Sawantwadi Via Nigude","Satose Dewoolwada",Sawantwadi,NIGUDE,MO,8536,"Kala Amba",4.4,,,सातोसे,सावंतवाडी,32.8,14:00,14:35,ST,,,,
18764,"Satose Dewoolwada To Sawantwadi Via Nigude","Satose Dewoolwada",Sawantwadi,NIGUDE,MO,8639,"Railway Camp",6.7,,,सातोसे,सावंतवाडी,32.8,14:00,14:35,ST,,,,
18764,"Satose Dewoolwada To Sawantwadi Via Nigude","Satose Dewoolwada",Sawantwadi,NIGUDE,MO,8575,"Madura Titha",10,,,सातोसे,सावंतवाडी,32.8,14:00,14:35,ST,,,,
18764,"Satose Dewoolwada To Sawantwadi Via Nigude","Satose Dewoolwada",Sawantwadi,NIGUDE,MO,8487,"Bhogate Shop",10.8,,,सातोसे,सावंतवाडी,32.8,14:00,14:35,ST,,,,
18764,"Satose Dewoolwada To Sawantwadi Via Nigude","Satose Dewoolwada",Sawantwadi,NIGUDE,MO,8600,Nigude,11.3,,,सातोसे,सावंतवाडी,32.8,14:00,14:35,ST,,,,
18764,"Satose Dewoolwada To Sawantwadi Via Nigude","Satose Dewoolwada",Sawantwadi,NIGUDE,MO,8643,"Sherla Shop",13.8,,,सातोसे,सावंतवाडी,32.8,14:00,14:35,ST,,,,
18764,"Satose Dewoolwada To Sawantwadi Via Nigude","Satose Dewoolwada",Sawantwadi,NIGUDE,MO,8486,Banda,18.8,,,सातोसे,सावंतवाडी,32.8,14:00,14:35,ST,,,,
18764,"Satose Dewoolwada To Sawantwadi Via Nigude","Satose Dewoolwada",Sawantwadi,NIGUDE,MO,89315,"Exicise Check Post",21,,,सातोसे,सावंतवाडी,32.8,14:00,14:35,ST,,,,
18764,"Satose Dewoolwada To Sawantwadi Via Nigude","Satose Dewoolwada",Sawantwadi,NIGUDE,MO,8499,"Doba Shel",24.4,,,सातोसे,सावंतवाडी,32.8,14:00,14:35,ST,,,,
18764,"Satose Dewoolwada To Sawantwadi Via Nigude","Satose Dewoolwada",Sawantwadi,NIGUDE,MO,8578,"Majgaon Nala",27.7,,,सातोसे,सावंतवाडी,32.8,14:00,14:35,ST,,,,
18764,"Satose Dewoolwada To Sawantwadi Via Nigude","Satose Dewoolwada",Sawantwadi,NIGUDE,MO,8663,Sawantwadi,30.9,,,सातोसे,सावंतवाडी,32.8,14:00,14:35,ST,,,,
18771,"Satarda To Sawantwadi Via Nigude",Satarda,Sawantwadi,NIGUDE,MO,9771,Satarda,,,,सातार्डा,सावंतवाडी,41,06:15,07:40,ST,,,,
18771,"Satarda To Sawantwadi Via Nigude",Satarda,Sawantwadi,NIGUDE,MO,9774,"Satarda Mandir",3,,,सातार्डा,सावंतवाडी,41,06:15,07:40,ST,,,,
18771,"Satarda To Sawantwadi Via Nigude",Satarda,Sawantwadi,NIGUDE,MO,9732,Nangarsada,6,,,सातार्डा,सावंतवाडी,41,06:15,07:40,ST,,,,
18771,"Satarda To Sawantwadi Via Nigude",Satarda,Sawantwadi,NIGUDE,MO,9778,"Satose Dewoolwada",8,,,सातार्डा,सावंतवाडी,41,06:15,07:40,ST,,,,
18771,"Satarda To Sawantwadi Via Nigude",Satarda,Sawantwadi,NIGUDE,MO,9732,Nangarsada,9,,,सातार्डा,सावंतवाडी,41,06:15,07:40,ST,,,,
18771,"Satarda To Sawantwadi Via Nigude",Satarda,Sawantwadi,NIGUDE,MO,8640,"Rekwadi Chafa",10,,,सातार्डा,सावंतवाडी,41,06:15,07:40,ST,,,,
18771,"Satarda To Sawantwadi Via Nigude",Satarda,Sawantwadi,NIGUDE,MO,8639,"Railway Camp",12.4,,,सातार्डा,सावंतवाडी,41,06:15,07:40,ST,,,,
18771,"Satarda To Sawantwadi Via Nigude",Satarda,Sawantwadi,NIGUDE,MO,8575,"Madura Titha",15.7,,,सातार्डा,सावंतवाडी,41,06:15,07:40,ST,,,,
18771,"Satarda To Sawantwadi Via Nigude",Satarda,Sawantwadi,NIGUDE,MO,8487,"Bhogate Shop",16.5,,,सातार्डा,सावंतवाडी,41,06:15,07:40,ST,,,,
18771,"Satarda To Sawantwadi Via Nigude",Satarda,Sawantwadi,NIGUDE,MO,8600,Nigude,17,,,सातार्डा,सावंतवाडी,41,06:15,07:40,ST,,,,
18771,"Satarda To Sawantwadi Via Nigude",Satarda,Sawantwadi,NIGUDE,MO,8657,"Sherla Kajikade",18,,,सातार्डा,सावंतवाडी,41,06:15,07:40,ST,,,,
18771,"Satarda To Sawantwadi Via Nigude",Satarda,Sawantwadi,NIGUDE,MO,8643,"Sherla Shop",19.5,,,सातार्डा,सावंतवाडी,41,06:15,07:40,ST,,,,
18771,"Satarda To Sawantwadi Via Nigude",Satarda,Sawantwadi,NIGUDE,MO,8486,Banda,24.5,,,सातार्डा,सावंतवाडी,41,06:15,07:40,ST,,,,
18771,"Satarda To Sawantwadi Via Nigude",Satarda,Sawantwadi,NIGUDE,MO,89315,"Exicise Check Post",27,,,सातार्डा,सावंतवाडी,41,06:15,07:40,ST,,,,
18771,"Satarda To Sawantwadi Via Nigude",Satarda,Sawantwadi,NIGUDE,MO,8560,Kondwada,28,,,सातार्डा,सावंतवाडी,41,06:15,07:40,ST,,,,
18771,"Satarda To Sawantwadi Via Nigude",Satarda,Sawantwadi,NIGUDE,MO,8499,"Doba Shel",30.1,,,सातार्डा,सावंतवाडी,41,06:15,07:40,ST,,,,
18771,"Satarda To Sawantwadi Via Nigude",Satarda,Sawantwadi,NIGUDE,MO,8578,"Majgaon Nala",33.4,,,सातार्डा,सावंतवाडी,41,06:15,07:40,ST,,,,
18771,"Satarda To Sawantwadi Via Nigude",Satarda,Sawantwadi,NIGUDE,MO,8663,Sawantwadi,39.8,,,सातार्डा,सावंतवाडी,41,06:15,07:40,ST,,,,
18774,"Tata Metalic To Sawantwadi Via Shiroda","Tata Metalic",Sawantwadi,SHIRODA,MO,9803,"Tata Metalic",,,,,सावंतवाडी,32.8,08:30,09:20,ST,,,,
18774,"Tata Metalic To Sawantwadi Via Shiroda","Tata Metalic",Sawantwadi,SHIRODA,MO,9653,"Huda Fata",2,,,,सावंतवाडी,32.8,08:30,09:20,ST,,,,
18774,"Tata Metalic To Sawantwadi Via Shiroda","Tata Metalic",Sawantwadi,SHIRODA,MO,9770,"Redi Phc",2.4,,,,सावंतवाडी,32.8,08:30,09:20,ST,,,,
18774,"Tata Metalic To Sawantwadi Via Shiroda","Tata Metalic",Sawantwadi,SHIRODA,MO,9789,Shiroda,5,,,,सावंतवाडी,32.8,08:30,09:20,ST,,,,
18774,"Tata Metalic To Sawantwadi Via Shiroda","Tata Metalic",Sawantwadi,SHIRODA,MO,9592,"Ajgaon Marathi School",7,,,,सावंतवाडी,32.8,08:30,09:20,ST,,,,
18774,"Tata Metalic To Sawantwadi Via Shiroda","Tata Metalic",Sawantwadi,SHIRODA,MO,9779,Savardev,10,,,,सावंतवाडी,32.8,08:30,09:20,ST,,,,
18774,"Tata Metalic To Sawantwadi Via Shiroda","Tata Metalic",Sawantwadi,SHIRODA,MO,9706,"Malewad Savlwadi",11,,,,सावंतवाडी,32.8,08:30,09:20,ST,,,,
18774,"Tata Metalic To Sawantwadi Via Shiroda","Tata Metalic",Sawantwadi,SHIRODA,MO,9704,"Malewad Naka",12.3,,,,सावंतवाडी,32.8,08:30,09:20,ST,,,,
18774,"Tata Metalic To Sawantwadi Via Shiroda","Tata Metalic",Sawantwadi,SHIRODA,MO,9703,"Malewad Hedulwadi",13.2,,,,सावंतवाडी,32.8,08:30,09:20,ST,,,,
18774,"Tata Metalic To Sawantwadi Via Shiroda","Tata Metalic",Sawantwadi,SHIRODA,MO,9833,"Warachi Malewad",15.2,,,,सावंतवाडी,32.8,08:30,09:20,ST,,,,
18774,"Tata Metalic To Sawantwadi Via Shiroda","Tata Metalic",Sawantwadi,SHIRODA,MO,8517,"Forest Chouki",15.6,,,,सावंतवाडी,32.8,08:30,09:20,ST,,,,
18774,"Tata Metalic To Sawantwadi Via Shiroda","Tata Metalic",Sawantwadi,SHIRODA,MO,9855,"Ghodemukh Matond",17.5,,,,सावंतवाडी,32.8,08:30,09:20,ST,,,,
18774,"Tata Metalic To Sawantwadi Via Shiroda","Tata Metalic",Sawantwadi,SHIRODA,MO,8614,"Nhaveli School",18.9,,,,सावंतवाडी,32.8,08:30,09:20,ST,,,,
18774,"Tata Metalic To Sawantwadi Via Shiroda","Tata Metalic",Sawantwadi,SHIRODA,MO,8598,"Nhaveli Bidi Karakhana",20.3,,,,सावंतवाडी,32.8,08:30,09:20,ST,,,,
18774,"Tata Metalic To Sawantwadi Via Shiroda","Tata Metalic",Sawantwadi,SHIRODA,MO,8599,"Nirawade Tiles Factory",22.1,,,,सावंतवाडी,32.8,08:30,09:20,ST,,,,
18774,"Tata Metalic To Sawantwadi Via Shiroda","Tata Metalic",Sawantwadi,SHIRODA,MO,8609,"Nirawade Bazar",22.9,,,,सावंतवाडी,32.8,08:30,09:20,ST,,,,
18774,"Tata Metalic To Sawantwadi Via Shiroda","Tata Metalic",Sawantwadi,SHIRODA,MO,8665,"Sawantwadi Rly. Stn.",24,,,,सावंतवाडी,32.8,08:30,09:20,ST,,,,
18774,"Tata Metalic To Sawantwadi Via Shiroda","Tata Metalic",Sawantwadi,SHIRODA,MO,8674,"Vengurle Shiroda Titha",25.1,,,,सावंतवाडी,32.8,08:30,09:20,ST,,,,
18774,"Tata Metalic To Sawantwadi Via Shiroda","Tata Metalic",Sawantwadi,SHIRODA,MO,8580,Malgaon,25.5,,,,सावंतवाडी,32.8,08:30,09:20,ST,,,,
18774,"Tata Metalic To Sawantwadi Via Shiroda","Tata Metalic",Sawantwadi,SHIRODA,MO,8523,"Gulabi Titha",28.1,,,,सावंतवाडी,32.8,08:30,09:20,ST,,,,
18774,"Tata Metalic To Sawantwadi Via Shiroda","Tata Metalic",Sawantwadi,SHIRODA,MO,8663,Sawantwadi,32.8,,,,सावंतवाडी,32.8,08:30,09:20,ST,,,,
18777,"Parabwadi To Sawantwadi",Parabwadi,Sawantwadi,,MO,9748,Parabwadi,,,,,सावंतवाडी,13.8,09:00,09:10,ST,,,,
18777,"Parabwadi To Sawantwadi",Parabwadi,Sawantwadi,,MO,9798,"Talawade Gate",2.2,,,,सावंतवाडी,13.8,09:00,09:10,ST,,,,
18777,"Parabwadi To Sawantwadi",Parabwadi,Sawantwadi,,MO,9692,"Konapal Bhaid",6,,,,सावंतवाडी,13.8,09:00,09:10,ST,,,,
18777,"Parabwadi To Sawantwadi",Parabwadi,Sawantwadi,,MO,8641,"Railway Station",8.6,,,,सावंतवाडी,13.8,09:00,09:10,ST,,,,
18777,"Parabwadi To Sawantwadi",Parabwadi,Sawantwadi,,MO,8674,"Vengurle Shiroda Titha",9.5,,,,सावंतवाडी,13.8,09:00,09:10,ST,,,,
18777,"Parabwadi To Sawantwadi",Parabwadi,Sawantwadi,,MO,8580,Malgaon,9.9,,,,सावंतवाडी,13.8,09:00,09:10,ST,,,,
18777,"Parabwadi To Sawantwadi",Parabwadi,Sawantwadi,,MO,8523,"Gulabi Titha",12.5,,,,सावंतवाडी,13.8,09:00,09:10,ST,,,,
18777,"Parabwadi To Sawantwadi",Parabwadi,Sawantwadi,,MO,8663,Sawantwadi,15.8,,,,सावंतवाडी,13.8,09:00,09:10,ST,,,,
56687,"Sonaval To Dodamarg",Sonaval,Dodamarg,,MO,2311,Sonaval,,,,सोनावल,दोडामार्ग,22,12:00,12:40,ST,,,,
56687,"Sonaval To Dodamarg",Sonaval,Dodamarg,,MO,2284,Medhe,2.9,,,सोनावल,दोडामार्ग,22,12:00,12:40,ST,,,,
56687,"Sonaval To Dodamarg",Sonaval,Dodamarg,,MO,2332,Tirali,7,,,सोनावल,दोडामार्ग,22,12:00,12:40,ST,,,,
56687,"Sonaval To Dodamarg",Sonaval,Dodamarg,,MO,2329,"Tillari Bank",7.5,,,सोनावल,दोडामार्ग,22,12:00,12:40,ST,,,,
56687,"Sonaval To Dodamarg",Sonaval,Dodamarg,,MO,2283,"Londhewadi Mecanic Colony",9.3,,,सोनावल,दोडामार्ग,22,12:00,12:40,ST,,,,
56687,"Sonaval To Dodamarg",Sonaval,Dodamarg,,MO,2274,"Konal Katta",9.7,,,सोनावल,दोडामार्ग,22,12:00,12:40,ST,,,,
56687,"Sonaval To Dodamarg",Sonaval,Dodamarg,,MO,2232,Awade,12,,,सोनावल,दोडामार्ग,22,12:00,12:40,ST,,,,
56687,"Sonaval To Dodamarg",Sonaval,Dodamarg,,MO,2318,"Sateli Bhedashi",13.1,,,सोनावल,दोडामार्ग,22,12:00,12:40,ST,,,,
56687,"Sonaval To Dodamarg",Sonaval,Dodamarg,,MO,2236,"Bhedshi Nadi",14.1,,,सोनावल,दोडामार्ग,22,12:00,12:40,ST,,,,
56687,"Sonaval To Dodamarg",Sonaval,Dodamarg,,MO,2231,"Ainode Punarvasan",16.6,,,सोनावल,दोडामार्ग,22,12:00,12:40,ST,,,,
56687,"Sonaval To Dodamarg",Sonaval,Dodamarg,,MO,2344,"Zare Bambar",16.9,,,सोनावल,दोडामार्ग,22,12:00,12:40,ST,,,,
56687,"Sonaval To Dodamarg",Sonaval,Dodamarg,,MO,2229,Ambeli,19.6,,,सोनावल,दोडामार्ग,22,12:00,12:40,ST,,,,
56687,"Sonaval To Dodamarg",Sonaval,Dodamarg,,MO,2247,Dodamarg,22.3,,,सोनावल,दोडामार्ग,22,12:00,12:40,ST,,,,
59591,"Ichalkaranji To Kolhapur",Ichalkaranji,Kolhapur,,MO,24025,Ichalkaranji,,,,इचलकरंजी,कोल्हापुर,27,18:45,19:45,NOBL,,,,
59591,"Ichalkaranji To Kolhapur",Ichalkaranji,Kolhapur,,MO,24217,Kabnoor,2.6,,,इचलकरंजी,कोल्हापुर,27,18:45,19:45,NOBL,,,,
59591,"Ichalkaranji To Kolhapur",Ichalkaranji,Kolhapur,,MO,25828,Tilawani,7.1,,,इचलकरंजी,कोल्हापुर,27,18:45,19:45,NOBL,,,,
59591,"Ichalkaranji To Kolhapur",Ichalkaranji,Kolhapur,,MO,24858,"Mangaon Fata",9.8,,,इचलकरंजी,कोल्हापुर,27,18:45,19:45,NOBL,,,,
59591,"Ichalkaranji To Kolhapur",Ichalkaranji,Kolhapur,,MO,23093,Atigre,11.7,,,इचलकरंजी,कोल्हापुर,27,18:45,19:45,NOBL,,,,
59591,"Ichalkaranji To Kolhapur",Ichalkaranji,Kolhapur,,MO,25368,"Rukadi Fata",12.2,,,इचलकरंजी,कोल्हापुर,27,18:45,19:45,NOBL,,,,
59591,"Ichalkaranji To Kolhapur",Ichalkaranji,Kolhapur,,MO,23397,Chokak,13.6,,,इचलकरंजी,कोल्हापुर,27,18:45,19:45,NOBL,,,,
59591,"Ichalkaranji To Kolhapur",Ichalkaranji,Kolhapur,,MO,23993,Herle,16.8,,,इचलकरंजी,कोल्हापुर,27,18:45,19:45,NOBL,,,,
59591,"Ichalkaranji To Kolhapur",Ichalkaranji,Kolhapur,,MO,23235,"Bhikar Kadgaon Fata",18.1,,,इचलकरंजी,कोल्हापुर,27,18:45,19:45,NOBL,,,,
59591,"Ichalkaranji To Kolhapur",Ichalkaranji,Kolhapur,,MO,23953,Halondi,18.9,,,इचलकरंजी,कोल्हापुर,27,18:45,19:45,NOBL,,,,
59591,"Ichalkaranji To Kolhapur",Ichalkaranji,Kolhapur,,MO,25701,"Shiroli Fata",21.1,,,इचलकरंजी,कोल्हापुर,27,18:45,19:45,NOBL,,,,
59591,"Ichalkaranji To Kolhapur",Ichalkaranji,Kolhapur,,MO,25536,"Shahu Market Yard",24.8,,,इचलकरंजी,कोल्हापुर,27,18:45,19:45,NOBL,,,,
59591,"Ichalkaranji To Kolhapur",Ichalkaranji,Kolhapur,,MO,24359,Kolhapur,27.4,,,इचलकरंजी,कोल्हापुर,27,18:45,19:45,NOBL,,,,
61561,"Satose Dewoolwada To Sawantwadi Via Madura Titha","Satose Dewoolwada",Sawantwadi,"MADURA TITHA",MO,9778,"Satose Dewoolwada",,,,सातोसे,सावंतवाडी,24,11:00,11:55,ST,,,MAIL,
61561,"Satose Dewoolwada To Sawantwadi Via Madura Titha","Satose Dewoolwada",Sawantwadi,"MADURA TITHA",MO,9732,Nangarsada,1.7,,,सातोसे,सावंतवाडी,24,11:00,11:55,ST,,,MAIL,
61561,"Satose Dewoolwada To Sawantwadi Via Madura Titha","Satose Dewoolwada",Sawantwadi,"MADURA TITHA",MO,8640,"Rekwadi Chafa",3.7,,,सातोसे,सावंतवाडी,24,11:00,11:55,ST,,,MAIL,
61561,"Satose Dewoolwada To Sawantwadi Via Madura Titha","Satose Dewoolwada",Sawantwadi,"MADURA TITHA",MO,8536,"Kala Amba",4.4,,,सातोसे,सावंतवाडी,24,11:00,11:55,ST,,,MAIL,
61561,"Satose Dewoolwada To Sawantwadi Via Madura Titha","Satose Dewoolwada",Sawantwadi,"MADURA TITHA",MO,8639,"Railway Camp",6.7,,,सातोसे,सावंतवाडी,24,11:00,11:55,ST,,,MAIL,
61561,"Satose Dewoolwada To Sawantwadi Via Madura Titha","Satose Dewoolwada",Sawantwadi,"MADURA TITHA",MO,8575,"Madura Titha",11,,,सातोसे,सावंतवाडी,24,11:00,11:55,ST,,,MAIL,
61561,"Satose Dewoolwada To Sawantwadi Via Madura Titha","Satose Dewoolwada",Sawantwadi,"MADURA TITHA",MO,8657,"Sherla Kajikade",11.8,,,सातोसे,सावंतवाडी,24,11:00,11:55,ST,,,MAIL,
61561,"Satose Dewoolwada To Sawantwadi Via Madura Titha","Satose Dewoolwada",Sawantwadi,"MADURA TITHA",MO,8642,"Sherla Nadi",12,,,सातोसे,सावंतवाडी,24,11:00,11:55,ST,,,MAIL,
61561,"Satose Dewoolwada To Sawantwadi Via Madura Titha","Satose Dewoolwada",Sawantwadi,"MADURA TITHA",MO,8643,"Sherla Shop",13.8,,,सातोसे,सावंतवाडी,24,11:00,11:55,ST,,,MAIL,
61561,"Satose Dewoolwada To Sawantwadi Via Madura Titha","Satose Dewoolwada",Sawantwadi,"MADURA TITHA",MO,89315,"Exicise Check Post",14,,,सातोसे,सावंतवाडी,24,11:00,11:55,ST,,,MAIL,
61561,"Satose Dewoolwada To Sawantwadi Via Madura Titha","Satose Dewoolwada",Sawantwadi,"MADURA TITHA",MO,8499,"Doba Shel",19,,,सातोसे,सावंतवाडी,24,11:00,11:55,ST,,,MAIL,
61561,"Satose Dewoolwada To Sawantwadi Via Madura Titha","Satose Dewoolwada",Sawantwadi,"MADURA TITHA",MO,8578,"Majgaon Nala",22,,,सातोसे,सावंतवाडी,24,11:00,11:55,ST,,,MAIL,
61561,"Satose Dewoolwada To Sawantwadi Via Madura Titha","Satose Dewoolwada",Sawantwadi,"MADURA TITHA",MO,8663,Sawantwadi,25.1,,,सातोसे,सावंतवाडी,24,11:00,11:55,ST,,,MAIL,
72138,"Varde To Sawantwadi",Varde,Sawantwadi,,MO,6449,Varde,,,,वर्दे,सावंतवाडी,36.2,09:50,11:30,NOBL,,,,
72138,"Varde To Sawantwadi",Varde,Sawantwadi,,MO,6450,"Varde Tembwadi",3,,,वर्दे,सावंतवाडी,36.2,09:50,11:30,NOBL,,,,
72138,"Varde To Sawantwadi",Varde,Sawantwadi,,MO,6163,"Dewoolwadi Gangeshwar Mandir",6,,,वर्दे,सावंतवाडी,36.2,09:50,11:30,NOBL,,,,
72138,"Varde To Sawantwadi",Varde,Sawantwadi,,MO,6140,Borbhatwadi,7,,,वर्दे,सावंतवाडी,36.2,09:50,11:30,NOBL,,,,
72138,"Varde To Sawantwadi",Varde,Sawantwadi,,MO,6413,"Saiman House",9,,,वर्दे,सावंतवाडी,36.2,09:50,11:30,NOBL,,,,
72138,"Varde To Sawantwadi",Varde,Sawantwadi,,MO,6224,"Jijamata Hospital",10,,,वर्दे,सावंतवाडी,36.2,09:50,11:30,NOBL,,,,
72138,"Varde To Sawantwadi",Varde,Sawantwadi,,MO,6204,"Humarmala Kasale Dukan",12,,,वर्दे,सावंतवाडी,36.2,09:50,11:30,NOBL,,,,
72138,"Varde To Sawantwadi",Varde,Sawantwadi,,MO,6365,Pandur,15,,,वर्दे,सावंतवाडी,36.2,09:50,11:30,NOBL,,,,
72138,"Varde To Sawantwadi",Varde,Sawantwadi,,MO,6220,Jadhavwadi,16,,,वर्दे,सावंतवाडी,36.2,09:50,11:30,NOBL,,,,
72138,"Varde To Sawantwadi",Varde,Sawantwadi,,MO,88100,Vetalbambarde,17,,,वर्दे,सावंतवाडी,36.2,09:50,11:30,NOBL,,,,
72138,"Varde To Sawantwadi",Varde,Sawantwadi,,MO,6380,"Pawashi Panchayat",17.5,,,वर्दे,सावंतवाडी,36.2,09:50,11:30,NOBL,,,,
72138,"Varde To Sawantwadi",Varde,Sawantwadi,,MO,6172,"Ghawanale Fata",18,,,वर्दे,सावंतवाडी,36.2,09:50,11:30,NOBL,,,,
72138,"Varde To Sawantwadi",Varde,Sawantwadi,,MO,6240,"Kudal St Depot",18.5,,,वर्दे,सावंतवाडी,36.2,09:50,11:30,NOBL,,,,
72138,"Varde To Sawantwadi",Varde,Sawantwadi,,MO,6237,"Kudal St Depot",20,,,वर्दे,सावंतवाडी,36.2,09:50,11:30,NOBL,,,,
72138,"Varde To Sawantwadi",Varde,Sawantwadi,,MO,6302,"Modka Wad Pinguli",22,,,वर्दे,सावंतवाडी,36.2,09:50,11:30,NOBL,,,,
72138,"Varde To Sawantwadi",Varde,Sawantwadi,,MO,6376,"Pinguli Titha",23,,,वर्दे,सावंतवाडी,36.2,09:50,11:30,NOBL,,,,
72138,"Varde To Sawantwadi",Varde,Sawantwadi,,MO,6126,Bibavane,24,,,वर्दे,सावंतवाडी,36.2,09:50,11:30,NOBL,,,,
72138,"Varde To Sawantwadi",Varde,Sawantwadi,,MO,6321,Mandkuli,24.5,,,वर्दे,सावंतवाडी,36.2,09:50,11:30,NOBL,,,,
72138,"Varde To Sawantwadi",Varde,Sawantwadi,,MO,6441,"Terse Bambarde Fata",25,,,वर्दे,सावंतवाडी,36.2,09:50,11:30,NOBL,,,,
72138,"Varde To Sawantwadi",Varde,Sawantwadi,,MO,6474,"Zharap Titha",28.5,,,वर्दे,सावंतवाडी,36.2,09:50,11:30,NOBL,,,,
72138,"Varde To Sawantwadi",Varde,Sawantwadi,,MO,6473,"Zarap Jambhal",29,,,वर्दे,सावंतवाडी,36.2,09:50,11:30,NOBL,,,,
72138,"Varde To Sawantwadi",Varde,Sawantwadi,,MO,6231,"Khan Mohalla",31,,,वर्दे,सावंतवाडी,36.2,09:50,11:30,NOBL,,,,
72138,"Varde To Sawantwadi",Varde,Sawantwadi,,MO,6101,Akeri,32,,,वर्दे,सावंतवाडी,36.2,09:50,11:30,NOBL,,,,
72138,"Varde To Sawantwadi",Varde,Sawantwadi,,MO,8551,"Kolgaon Thita",34,,,वर्दे,सावंतवाडी,36.2,09:50,11:30,NOBL,,,,
72138,"Varde To Sawantwadi",Varde,Sawantwadi,,MO,8663,Sawantwadi,36.2,,,वर्दे,सावंतवाडी,36.2,09:50,11:30,NOBL,,,,
75211,"Sawantwadi To Nemale Via Akeri",Sawantwadi,Nemale,AKERI,MO,8663,Sawantwadi,,,,सावंतवाडी,नेमळे,15,12:45,13:10,ST,,,,
75211,"Sawantwadi To Nemale Via Akeri",Sawantwadi,Nemale,AKERI,MO,6249,"Kolgaon Titha",3.7,,,सावंतवाडी,नेमळे,15,12:45,13:10,ST,,,,
75211,"Sawantwadi To Nemale Via Akeri",Sawantwadi,Nemale,AKERI,MO,6101,Akeri,5.9,,,सावंतवाडी,नेमळे,15,12:45,13:10,ST,,,,
75211,"Sawantwadi To Nemale Via Akeri",Sawantwadi,Nemale,AKERI,MO,6342,"Nemale Fata",8.9,,,सावंतवाडी,नेमळे,15,12:45,13:10,ST,,,,
75211,"Sawantwadi To Nemale Via Akeri",Sawantwadi,Nemale,AKERI,MO,8602,"Nemale Sateri Mandir",11.8,,,सावंतवाडी,नेमळे,15,12:45,13:10,ST,,,,
75211,"Sawantwadi To Nemale Via Akeri",Sawantwadi,Nemale,AKERI,MO,8592,"Nemale Gpo",12,,,सावंतवाडी,नेमळे,15,12:45,13:10,ST,,,,
75211,"Sawantwadi To Nemale Via Akeri",Sawantwadi,Nemale,AKERI,MO,8604,Nemale,13.1,,,सावंतवाडी,नेमळे,15,12:45,13:10,ST,,,,
102576,"Dodamarg To Banda",Dodamarg,Banda,,MO,2247,Dodamarg,,,,दोडामार्ग,बांदा,24,12:15,13:00,NOBL,,,,
102576,"Dodamarg To Banda",Dodamarg,Banda,,MO,2290,Maneri,3,,,दोडामार्ग,बांदा,24,12:15,13:00,NOBL,,,,
102576,"Dodamarg To Banda",Dodamarg,Banda,,MO,2315,"Sasoli Bharpal Titha",6,,,दोडामार्ग,बांदा,24,12:15,13:00,NOBL,,,,
102576,"Dodamarg To Banda",Dodamarg,Banda,,MO,2316,Sasoli,7,,,दोडामार्ग,बांदा,24,12:15,13:00,NOBL,,,,
102576,"Dodamarg To Banda",Dodamarg,Banda,,MO,2269,"Kalane Sada",9,,,दोडामार्ग,बांदा,24,12:15,13:00,NOBL,,,,
102576,"Dodamarg To Banda",Dodamarg,Banda,,MO,2268,"Kalne High School",11,,,दोडामार्ग,बांदा,24,12:15,13:00,NOBL,,,,
102576,"Dodamarg To Banda",Dodamarg,Banda,,MO,8467,"Adali Mauli Mandir",15,,,दोडामार्ग,बांदा,24,12:15,13:00,NOBL,,,,
102576,"Dodamarg To Banda",Dodamarg,Banda,,MO,8588,Morgaon,17,,,दोडामार्ग,बांदा,24,12:15,13:00,NOBL,,,,
102576,"Dodamarg To Banda",Dodamarg,Banda,,MO,8558,"Kumbral Fata",18,,,दोडामार्ग,बांदा,24,12:15,13:00,NOBL,,,,
102576,"Dodamarg To Banda",Dodamarg,Banda,,MO,8503,Degve,20,,,दोडामार्ग,बांदा,24,12:15,13:00,NOBL,,,,
102576,"Dodamarg To Banda",Dodamarg,Banda,,MO,8619,Panval,21,,,दोडामार्ग,बांदा,24,12:15,13:00,NOBL,,,,
102576,"Dodamarg To Banda",Dodamarg,Banda,,MO,8486,Banda,24,,,दोडामार्ग,बांदा,24,12:15,13:00,NOBL,,,,
10680,"Panjim To Belgaum",Panjim,Belgaum,,MO,71935,Panjim,,,,पणजी,बेळगांव,127.5,10:45,15:00,NOBL,,,,
10680,"Panjim To Belgaum",Panjim,Belgaum,,MO,71915,Mapusa,12,,,पणजी,बेळगांव,127.5,10:45,15:00,NOBL,,,,
10680,"Panjim To Belgaum",Panjim,Belgaum,,MO,71953,Thivim,17,,,पणजी,बेळगांव,127.5,10:45,15:00,NOBL,,,,
10680,"Panjim To Belgaum",Panjim,Belgaum,,MO,71863,Asanora,29,,,पणजी,बेळगांव,127.5,10:45,15:00,NOBL,,,,
10680,"Panjim To Belgaum",Panjim,Belgaum,,MO,71895,Kasarpal,34,,,पणजी,बेळगांव,127.5,10:45,15:00,NOBL,,,,
10680,"Panjim To Belgaum",Panjim,Belgaum,,MO,2245,"Dodamarg Goa Border",37,,,पणजी,बेळगांव,127.5,10:45,15:00,NOBL,,,,
10680,"Panjim To Belgaum",Panjim,Belgaum,,MO,2247,Dodamarg,39,,,पणजी,बेळगांव,127.5,10:45,15:00,NOBL,,,,
10680,"Panjim To Belgaum",Panjim,Belgaum,,MO,2229,Ambeli,40.4,,,पणजी,बेळगांव,127.5,10:45,15:00,NOBL,,,,
10680,"Panjim To Belgaum",Panjim,Belgaum,,MO,2304,"Pal Punarvasan",42.5,,,पणजी,बेळगांव,127.5,10:45,15:00,NOBL,,,,
10680,"Panjim To Belgaum",Panjim,Belgaum,,MO,2344,"Zare Bambar",43.1,,,पणजी,बेळगांव,127.5,10:45,15:00,NOBL,,,,
10680,"Panjim To Belgaum",Panjim,Belgaum,,MO,2236,"Bhedshi Nadi",45.9,,,पणजी,बेळगांव,127.5,10:45,15:00,NOBL,,,,
10680,"Panjim To Belgaum",Panjim,Belgaum,,MO,2318,"Sateli Bhedashi",46.8,,,पणजी,बेळगांव,127.5,10:45,15:00,NOBL,,,,
10680,"Panjim To Belgaum",Panjim,Belgaum,,MO,2239,Bhedshi,46.9,,,पणजी,बेळगांव,127.5,10:45,15:00,NOBL,,,,
10680,"Panjim To Belgaum",Panjim,Belgaum,,MO,2232,Awade,48,,,पणजी,बेळगांव,127.5,10:45,15:00,NOBL,,,,
10680,"Panjim To Belgaum",Panjim,Belgaum,,MO,2340,Vayangantad,49.6,,,पणजी,बेळगांव,127.5,10:45,15:00,NOBL,,,,
10680,"Panjim To Belgaum",Panjim,Belgaum,,MO,2274,"Konal Katta",50.3,,,पणजी,बेळगांव,127.5,10:45,15:00,NOBL,,,,
10680,"Panjim To Belgaum",Panjim,Belgaum,,MO,2283,"Londhewadi Mecanic Colony",50.7,,,पणजी,बेळगांव,127.5,10:45,15:00,NOBL,,,,
10680,"Panjim To Belgaum",Panjim,Belgaum,,MO,2329,"Tillari Bank",52.5,,,पणजी,बेळगांव,127.5,10:45,15:00,NOBL,,,,
10680,"Panjim To Belgaum",Panjim,Belgaum,,MO,2332,Tirali,53,,,पणजी,बेळगांव,127.5,10:45,15:00,NOBL,,,,
10680,"Panjim To Belgaum",Panjim,Belgaum,,MO,2284,Medhe,57.5,,,पणजी,बेळगांव,127.5,10:45,15:00,NOBL,,,,
10680,"Panjim To Belgaum",Panjim,Belgaum,,MO,2296,Mulas,59.7,,,पणजी,बेळगांव,127.5,10:45,15:00,NOBL,,,,
10680,"Panjim To Belgaum",Panjim,Belgaum,,MO,2259,"Kharade Bridge",61,,,पणजी,बेळगांव,127.5,10:45,15:00,NOBL,,,,
10680,"Panjim To Belgaum",Panjim,Belgaum,,MO,2241,"Bijghar Colony",65.6,,,पणजी,बेळगांव,127.5,10:45,15:00,NOBL,,,,
10680,"Panjim To Belgaum",Panjim,Belgaum,,MO,24420,Kodali,72.3,,,पणजी,बेळगांव,127.5,10:45,15:00,NOBL,,,,
10680,"Panjim To Belgaum",Panjim,Belgaum,,MO,25845,"Tillari Nagar",73.9,,,पणजी,बेळगांव,127.5,10:45,15:00,NOBL,,,,
10680,"Panjim To Belgaum",Panjim,Belgaum,,MO,24346,Kalasgade,77,,,पणजी,बेळगांव,127.5,10:45,15:00,NOBL,,,,
10680,"Panjim To Belgaum",Panjim,Belgaum,,MO,25248,Parle,78.7,,,पणजी,बेळगांव,127.5,10:45,15:00,NOBL,,,,
10680,"Panjim To Belgaum",Panjim,Belgaum,,MO,24880,Motanwadi,80.6,,,पणजी,बेळगांव,127.5,10:45,15:00,NOBL,,,,
10680,"Panjim To Belgaum",Panjim,Belgaum,,MO,25278,"Patane Gaon",82.5,,,पणजी,बेळगांव,127.5,10:45,15:00,NOBL,,,,
10680,"Panjim To Belgaum",Panjim,Belgaum,,MO,25564,Shewale,84.8,,,पणजी,बेळगांव,127.5,10:45,15:00,NOBL,,,,
10680,"Panjim To Belgaum",Panjim,Belgaum,,MO,24487,Karanjgaon,85.3,,,पणजी,बेळगांव,127.5,10:45,15:00,NOBL,,,,
10680,"Panjim To Belgaum",Panjim,Belgaum,,MO,23039,Ambewadi,88.6,,,पणजी,बेळगांव,127.5,10:45,15:00,NOBL,,,,
10680,"Panjim To Belgaum",Panjim,Belgaum,,MO,24552,Kitawade,91.1,,,पणजी,बेळगांव,127.5,10:45,15:00,NOBL,,,,
10680,"Panjim To Belgaum",Panjim,Belgaum,,MO,24057,Jangumhatti,92,,,पणजी,बेळगांव,127.5,10:45,15:00,NOBL,,,,
10680,"Panjim To Belgaum",Panjim,Belgaum,,MO,25133,"Patane Fata",96.2,,,पणजी,बेळगांव,127.5,10:45,15:00,NOBL,,,,
10680,"Panjim To Belgaum",Panjim,Belgaum,,MO,25884,Turkewadi,99,,,पणजी,बेळगांव,127.5,10:45,15:00,NOBL,,,,
10680,"Panjim To Belgaum",Panjim,Belgaum,,MO,24562,Kudremani,102,,,पणजी,बेळगांव,127.5,10:45,15:00,NOBL,,,,
10680,"Panjim To Belgaum",Panjim,Belgaum,,MO,25678,Shinoli,104,,,पणजी,बेळगांव,127.5,10:45,15:00,NOBL,,,,
10680,"Panjim To Belgaum",Panjim,Belgaum,,MO,73192,"Bachi Krt Border",105,,,पणजी,बेळगांव,127.5,10:45,15:00,NOBL,,,,
10680,"Panjim To Belgaum",Panjim,Belgaum,,MO,73513,Hindalga,114,,,पणजी,बेळगांव,127.5,10:45,15:00,NOBL,,,,
10680,"Panjim To Belgaum",Panjim,Belgaum,,MO,73207,"Belgaum Rly. Stn.",119,,,पणजी,बेळगांव,127.5,10:45,15:00,NOBL,,,,
10680,"Panjim To Belgaum",Panjim,Belgaum,,MO,73214,Belgaum,124,,,पणजी,बेळगांव,127.5,10:45,15:00,NOBL,,,,
10787,"Dodamarg To Mangeli Dewoolwadi",Dodamarg,"Mangeli Dewoolwadi",,MO,2247,Dodamarg,,,,दोडामार्ग,मांगेली,24.3,18:00,19:40,ST,,,,
10787,"Dodamarg To Mangeli Dewoolwadi",Dodamarg,"Mangeli Dewoolwadi",,MO,2229,Ambeli,2.7,,,दोडामार्ग,मांगेली,24.3,18:00,19:40,ST,,,,
10787,"Dodamarg To Mangeli Dewoolwadi",Dodamarg,"Mangeli Dewoolwadi",,MO,2344,"Zare Bambar",5.4,,,दोडामार्ग,मांगेली,24.3,18:00,19:40,ST,,,,
10787,"Dodamarg To Mangeli Dewoolwadi",Dodamarg,"Mangeli Dewoolwadi",,MO,2236,"Bhedshi Nadi",8.2,,,दोडामार्ग,मांगेली,24.3,18:00,19:40,ST,,,,
10787,"Dodamarg To Mangeli Dewoolwadi",Dodamarg,"Mangeli Dewoolwadi",,MO,2318,"Sateli Bhedashi",9.2,,,दोडामार्ग,मांगेली,24.3,18:00,19:40,ST,,,,
10787,"Dodamarg To Mangeli Dewoolwadi",Dodamarg,"Mangeli Dewoolwadi",,MO,2267,Kalva,11.2,,,दोडामार्ग,मांगेली,24.3,18:00,19:40,ST,,,,
10787,"Dodamarg To Mangeli Dewoolwadi",Dodamarg,"Mangeli Dewoolwadi",,MO,2235,Bodade,13.8,,,दोडामार्ग,मांगेली,24.3,18:00,19:40,ST,,,,
10787,"Dodamarg To Mangeli Dewoolwadi",Dodamarg,"Mangeli Dewoolwadi",,MO,2277,Khokral,14.9,,,दोडामार्ग,मांगेली,24.3,18:00,19:40,ST,,,,
10787,"Dodamarg To Mangeli Dewoolwadi",Dodamarg,"Mangeli Dewoolwadi",,MO,2326,"Talwewadi Fata",17.7,,,दोडामार्ग,मांगेली,24.3,18:00,19:40,ST,,,,
10787,"Dodamarg To Mangeli Dewoolwadi",Dodamarg,"Mangeli Dewoolwadi",,MO,2280,"Kusbewadi Nala",21.1,,,दोडामार्ग,मांगेली,24.3,18:00,19:40,ST,,,,
10787,"Dodamarg To Mangeli Dewoolwadi",Dodamarg,"Mangeli Dewoolwadi",,MO,2287,"Mangeli Dewoolwadi",23.2,,,दोडामार्ग,मांगेली,24.3,18:00,19:40,ST,,,,
11127,"Sawantwadi To Dodamarg Via Panval",Sawantwadi,Dodamarg,PANVAL,MO,8663,Sawantwadi,,,,सावंतवाडी,दोडामार्ग,36.9,14:30,15:50,NOBL,,,,
11127,"Sawantwadi To Dodamarg Via Panval",Sawantwadi,Dodamarg,PANVAL,MO,8578,"Majgaon Nala",3.2,,,सावंतवाडी,दोडामार्ग,36.9,14:30,15:50,NOBL,,,,
11127,"Sawantwadi To Dodamarg Via Panval",Sawantwadi,Dodamarg,PANVAL,MO,8499,"Doba Shel",6.5,,,सावंतवाडी,दोडामार्ग,36.9,14:30,15:50,NOBL,,,,
11127,"Sawantwadi To Dodamarg Via Panval",Sawantwadi,Dodamarg,PANVAL,MO,8486,Banda,12.6,,,सावंतवाडी,दोडामार्ग,36.9,14:30,15:50,NOBL,,,,
11127,"Sawantwadi To Dodamarg Via Panval",Sawantwadi,Dodamarg,PANVAL,MO,8619,Panval,15,,,सावंतवाडी,दोडामार्ग,36.9,14:30,15:50,NOBL,,,,
11127,"Sawantwadi To Dodamarg Via Panval",Sawantwadi,Dodamarg,PANVAL,MO,8503,Degve,16.6,,,सावंतवाडी,दोडामार्ग,36.9,14:30,15:50,NOBL,,,,
11127,"Sawantwadi To Dodamarg Via Panval",Sawantwadi,Dodamarg,PANVAL,MO,8558,"Kumbral Fata",18,,,सावंतवाडी,दोडामार्ग,36.9,14:30,15:50,NOBL,,,,
11127,"Sawantwadi To Dodamarg Via Panval",Sawantwadi,Dodamarg,PANVAL,MO,8588,Morgaon,19.2,,,सावंतवाडी,दोडामार्ग,36.9,14:30,15:50,NOBL,,,,
11127,"Sawantwadi To Dodamarg Via Panval",Sawantwadi,Dodamarg,PANVAL,MO,8467,"Adali Mauli Mandir",20.9,,,सावंतवाडी,दोडामार्ग,36.9,14:30,15:50,NOBL,,,,
11127,"Sawantwadi To Dodamarg Via Panval",Sawantwadi,Dodamarg,PANVAL,MO,2366,Kosumbwadi,24.3,,,सावंतवाडी,दोडामार्ग,36.9,14:30,15:50,NOBL,,,,
11127,"Sawantwadi To Dodamarg Via Panval",Sawantwadi,Dodamarg,PANVAL,MO,2363,Kalane,25.1,,,सावंतवाडी,दोडामार्ग,36.9,14:30,15:50,NOBL,,,,
11127,"Sawantwadi To Dodamarg Via Panval",Sawantwadi,Dodamarg,PANVAL,MO,2269,"Kalane Sada",27,,,सावंतवाडी,दोडामार्ग,36.9,14:30,15:50,NOBL,,,,
11127,"Sawantwadi To Dodamarg Via Panval",Sawantwadi,Dodamarg,PANVAL,MO,2316,Sasoli,29.6,,,सावंतवाडी,दोडामार्ग,36.9,14:30,15:50,NOBL,,,,
11127,"Sawantwadi To Dodamarg Via Panval",Sawantwadi,Dodamarg,PANVAL,MO,2263,"Kudase Titha",30.4,,,सावंतवाडी,दोडामार्ग,36.9,14:30,15:50,NOBL,,,,
11127,"Sawantwadi To Dodamarg Via Panval",Sawantwadi,Dodamarg,PANVAL,MO,2255,Hedus,31.2,,,सावंतवाडी,दोडामार्ग,36.9,14:30,15:50,NOBL,,,,
11127,"Sawantwadi To Dodamarg Via Panval",Sawantwadi,Dodamarg,PANVAL,MO,2290,Maneri,33.2,,,सावंतवाडी,दोडामार्ग,36.9,14:30,15:50,NOBL,,,,
11127,"Sawantwadi To Dodamarg Via Panval",Sawantwadi,Dodamarg,PANVAL,MO,2247,Dodamarg,36.9,,,सावंतवाडी,दोडामार्ग,36.9,14:30,15:50,NOBL,,,,
11145,"Sawantwadi To Kherwadi",Sawantwadi,Kherwadi,,MO,8663,Sawantwadi,,,,सावंतवाडी,खेरवाडी,13.8,11:45,12:15,ST,,,,
11145,"Sawantwadi To Kherwadi",Sawantwadi,Kherwadi,,MO,8523,"Gulabi Titha",3.3,,,सावंतवाडी,खेरवाडी,13.8,11:45,12:15,ST,,,,
11145,"Sawantwadi To Kherwadi",Sawantwadi,Kherwadi,,MO,8580,Malgaon,5.9,,,सावंतवाडी,खेरवाडी,13.8,11:45,12:15,ST,,,,
11145,"Sawantwadi To Kherwadi",Sawantwadi,Kherwadi,,MO,8674,"Vengurle Shiroda Titha",6.3,,,सावंतवाडी,खेरवाडी,13.8,11:45,12:15,ST,,,,
11145,"Sawantwadi To Kherwadi",Sawantwadi,Kherwadi,,MO,8641,"Railway Station",7.2,,,सावंतवाडी,खेरवाडी,13.8,11:45,12:15,ST,,,,
11145,"Sawantwadi To Kherwadi",Sawantwadi,Kherwadi,,MO,9692,"Konapal Bhaid",9.8,,,सावंतवाडी,खेरवाडी,13.8,11:45,12:15,ST,,,,
11145,"Sawantwadi To Kherwadi",Sawantwadi,Kherwadi,,MO,9798,"Talawade Gate",13.6,,,सावंतवाडी,खेरवाडी,13.8,11:45,12:15,ST,,,,
11145,"Sawantwadi To Kherwadi",Sawantwadi,Kherwadi,,MO,9684,Kherwadi,16.1,,,सावंतवाडी,खेरवाडी,13.8,11:45,12:15,ST,,,,
11151,"Sawantwadi To Kumbheshwar Gpo",Sawantwadi,"Kumbheshwar Gpo",,MO,8663,Sawantwadi,,,,सावंतवाडी,कुंभेश्वर,20.8,06:00,06:40,OPN,,,,
11151,"Sawantwadi To Kumbheshwar Gpo",Sawantwadi,"Kumbheshwar Gpo",,MO,8488,"Burdi Pul",2.5,,,सावंतवाडी,कुंभेश्वर,20.8,06:00,06:40,OPN,,,,
11151,"Sawantwadi To Kumbheshwar Gpo",Sawantwadi,"Kumbheshwar Gpo",,MO,8653,"Sapale Stop",6,,,सावंतवाडी,कुंभेश्वर,20.8,06:00,06:40,OPN,,,,
11151,"Sawantwadi To Kumbheshwar Gpo",Sawantwadi,"Kumbheshwar Gpo",,MO,8570,Madkhol,8,,,सावंतवाडी,कुंभेश्वर,20.8,06:00,06:40,OPN,,,,
11151,"Sawantwadi To Kumbheshwar Gpo",Sawantwadi,"Kumbheshwar Gpo",,MO,8569,"Madkhol Met",9,,,सावंतवाडी,कुंभेश्वर,20.8,06:00,06:40,OPN,,,,
11151,"Sawantwadi To Kumbheshwar Gpo",Sawantwadi,"Kumbheshwar Gpo",,MO,8496,"Dhawadaki Datta Mandir",10.6,,,सावंतवाडी,कुंभेश्वर,20.8,06:00,06:40,OPN,,,,
11151,"Sawantwadi To Kumbheshwar Gpo",Sawantwadi,"Kumbheshwar Gpo",,MO,8552,"Kalmbist Fata",11.4,,,सावंतवाडी,कुंभेश्वर,20.8,06:00,06:40,OPN,,,,
11151,"Sawantwadi To Kumbheshwar Gpo",Sawantwadi,"Kumbheshwar Gpo",,MO,8510,Danoli,13.1,,,सावंतवाडी,कुंभेश्वर,20.8,06:00,06:40,OPN,,,,
11151,"Sawantwadi To Kumbheshwar Gpo",Sawantwadi,"Kumbheshwar Gpo",,MO,8546,Kesari,15,,,सावंतवाडी,कुंभेश्वर,20.8,06:00,06:40,OPN,,,,
11151,"Sawantwadi To Kumbheshwar Gpo",Sawantwadi,"Kumbheshwar Gpo",,MO,8510,Danoli,17.5,,,सावंतवाडी,कुंभेश्वर,20.8,06:00,06:40,OPN,,,,
11151,"Sawantwadi To Kumbheshwar Gpo",Sawantwadi,"Kumbheshwar Gpo",,MO,8564,Kumbheshwar,20,,,सावंतवाडी,कुंभेश्वर,20.8,06:00,06:40,OPN,,,,
11151,"Sawantwadi To Kumbheshwar Gpo",Sawantwadi,"Kumbheshwar Gpo",,MO,8541,"Kumbheshwar Gpo",20.8,,,सावंतवाडी,कुंभेश्वर,20.8,06:00,06:40,OPN,,,,
11164,"Sawantwadi To Parpoli",Sawantwadi,Parpoli,,MO,8663,Sawantwadi,,,,सावंतवाडी,पारपोली,21.7,07:30,08:20,ST,,,,
11164,"Sawantwadi To Parpoli",Sawantwadi,Parpoli,,MO,8488,"Burdi Pul",3.4,,,सावंतवाडी,पारपोली,21.7,07:30,08:20,ST,,,,
11164,"Sawantwadi To Parpoli",Sawantwadi,Parpoli,,MO,8653,"Sapale Stop",5.9,,,सावंतवाडी,पारपोली,21.7,07:30,08:20,ST,,,,
11164,"Sawantwadi To Parpoli",Sawantwadi,Parpoli,,MO,8570,Madkhol,7.9,,,सावंतवाडी,पारपोली,21.7,07:30,08:20,ST,,,,
11164,"Sawantwadi To Parpoli",Sawantwadi,Parpoli,,MO,8569,"Madkhol Met",9,,,सावंतवाडी,पारपोली,21.7,07:30,08:20,ST,,,,
11164,"Sawantwadi To Parpoli",Sawantwadi,Parpoli,,MO,8505,Dhawadki,10.6,,,सावंतवाडी,पारपोली,21.7,07:30,08:20,ST,,,,
11164,"Sawantwadi To Parpoli",Sawantwadi,Parpoli,,MO,8510,Danoli,13.1,,,सावंतवाडी,पारपोली,21.7,07:30,08:20,ST,,,,
11164,"Sawantwadi To Parpoli",Sawantwadi,Parpoli,,MO,8514,"Dewasu Shop",13.2,,,सावंतवाडी,पारपोली,21.7,07:30,08:20,ST,,,,
11164,"Sawantwadi To Parpoli",Sawantwadi,Parpoli,,MO,8507,"Devsu Marathi School",14.9,,,सावंतवाडी,पारपोली,21.7,07:30,08:20,ST,,,,
11164,"Sawantwadi To Parpoli",Sawantwadi,Parpoli,,MO,8495,Chruch,15.9,,,सावंतवाडी,पारपोली,21.7,07:30,08:20,ST,,,,
11164,"Sawantwadi To Parpoli",Sawantwadi,Parpoli,,MO,8629,"Parpoli Hanuman Mandir",18.7,,,सावंतवाडी,पारपोली,21.7,07:30,08:20,ST,,,,
11164,"Sawantwadi To Parpoli",Sawantwadi,Parpoli,,MO,8632,Parpoli,19.1,,,सावंतवाडी,पारपोली,21.7,07:30,08:20,ST,,,,
11182,"Sawantwadi To Sonaval",Sawantwadi,Sonaval,,MO,8663,Sawantwadi,,,,सावंतवाडी,सोनावल,58.9,09:45,11:40,ST,,,,
11182,"Sawantwadi To Sonaval",Sawantwadi,Sonaval,,MO,8578,"Majgaon Nala",3.2,,,सावंतवाडी,सोनावल,58.9,09:45,11:40,ST,,,,
11182,"Sawantwadi To Sonaval",Sawantwadi,Sonaval,,MO,8499,"Doba Shel",6.5,,,सावंतवाडी,सोनावल,58.9,09:45,11:40,ST,,,,
11182,"Sawantwadi To Sonaval",Sawantwadi,Sonaval,,MO,8560,Kondwada,8.6,,,सावंतवाडी,सोनावल,58.9,09:45,11:40,ST,,,,
11182,"Sawantwadi To Sonaval",Sawantwadi,Sonaval,,MO,89315,"Exicise Check Post",9,,,सावंतवाडी,सोनावल,58.9,09:45,11:40,ST,,,,
11182,"Sawantwadi To Sonaval",Sawantwadi,Sonaval,,MO,8486,Banda,12.6,,,सावंतवाडी,सोनावल,58.9,09:45,11:40,ST,,,,
11182,"Sawantwadi To Sonaval",Sawantwadi,Sonaval,,MO,8619,Panval,15,,,सावंतवाडी,सोनावल,58.9,09:45,11:40,ST,,,,
11182,"Sawantwadi To Sonaval",Sawantwadi,Sonaval,,MO,8503,Degve,16.6,,,सावंतवाडी,सोनावल,58.9,09:45,11:40,ST,,,,
11182,"Sawantwadi To Sonaval",Sawantwadi,Sonaval,,MO,8558,"Kumbral Fata",18,,,सावंतवाडी,सोनावल,58.9,09:45,11:40,ST,,,,
11182,"Sawantwadi To Sonaval",Sawantwadi,Sonaval,,MO,8588,Morgaon,19.2,,,सावंतवाडी,सोनावल,58.9,09:45,11:40,ST,,,,
11182,"Sawantwadi To Sonaval",Sawantwadi,Sonaval,,MO,8467,"Adali Mauli Mandir",20.9,,,सावंतवाडी,सोनावल,58.9,09:45,11:40,ST,,,,
11182,"Sawantwadi To Sonaval",Sawantwadi,Sonaval,,MO,2366,Kosumbwadi,24.3,,,सावंतवाडी,सोनावल,58.9,09:45,11:40,ST,,,,
11182,"Sawantwadi To Sonaval",Sawantwadi,Sonaval,,MO,2363,Kalane,25.1,,,सावंतवाडी,सोनावल,58.9,09:45,11:40,ST,,,,
11182,"Sawantwadi To Sonaval",Sawantwadi,Sonaval,,MO,2268,"Kalne High School",26,,,सावंतवाडी,सोनावल,58.9,09:45,11:40,ST,,,,
11182,"Sawantwadi To Sonaval",Sawantwadi,Sonaval,,MO,2269,"Kalane Sada",27,,,सावंतवाडी,सोनावल,58.9,09:45,11:40,ST,,,,
11182,"Sawantwadi To Sonaval",Sawantwadi,Sonaval,,MO,2316,Sasoli,29.6,,,सावंतवाडी,सोनावल,58.9,09:45,11:40,ST,,,,
11182,"Sawantwadi To Sonaval",Sawantwadi,Sonaval,,MO,2315,"Sasoli Bharpal Titha",30.4,,,सावंतवाडी,सोनावल,58.9,09:45,11:40,ST,,,,
11182,"Sawantwadi To Sonaval",Sawantwadi,Sonaval,,MO,2255,Hedus,31.2,,,सावंतवाडी,सोनावल,58.9,09:45,11:40,ST,,,,
11182,"Sawantwadi To Sonaval",Sawantwadi,Sonaval,,MO,2290,Maneri,33.2,,,सावंतवाडी,सोनावल,58.9,09:45,11:40,ST,,,,
11182,"Sawantwadi To Sonaval",Sawantwadi,Sonaval,,MO,2247,Dodamarg,36.9,,,सावंतवाडी,सोनावल,58.9,09:45,11:40,ST,,,,
11182,"Sawantwadi To Sonaval",Sawantwadi,Sonaval,,MO,2229,Ambeli,39.6,,,सावंतवाडी,सोनावल,58.9,09:45,11:40,ST,,,,
11182,"Sawantwadi To Sonaval",Sawantwadi,Sonaval,,MO,2304,"Pal Punarvasan",41.7,,,सावंतवाडी,सोनावल,58.9,09:45,11:40,ST,,,,
11182,"Sawantwadi To Sonaval",Sawantwadi,Sonaval,,MO,2344,"Zare Bambar",42.3,,,सावंतवाडी,सोनावल,58.9,09:45,11:40,ST,,,,
11182,"Sawantwadi To Sonaval",Sawantwadi,Sonaval,,MO,2231,"Ainode Punarvasan",42.6,,,सावंतवाडी,सोनावल,58.9,09:45,11:40,ST,,,,
11182,"Sawantwadi To Sonaval",Sawantwadi,Sonaval,,MO,2236,"Bhedshi Nadi",45.1,,,सावंतवाडी,सोनावल,58.9,09:45,11:40,ST,,,,
11182,"Sawantwadi To Sonaval",Sawantwadi,Sonaval,,MO,2318,"Sateli Bhedashi",46.1,,,सावंतवाडी,सोनावल,58.9,09:45,11:40,ST,,,,
11182,"Sawantwadi To Sonaval",Sawantwadi,Sonaval,,MO,2232,Awade,47.2,,,सावंतवाडी,सोनावल,58.9,09:45,11:40,ST,,,,
11182,"Sawantwadi To Sonaval",Sawantwadi,Sonaval,,MO,2340,Vayangantad,48.8,,,सावंतवाडी,सोनावल,58.9,09:45,11:40,ST,,,,
11182,"Sawantwadi To Sonaval",Sawantwadi,Sonaval,,MO,2274,"Konal Katta",49.5,,,सावंतवाडी,सोनावल,58.9,09:45,11:40,ST,,,,
11182,"Sawantwadi To Sonaval",Sawantwadi,Sonaval,,MO,2283,"Londhewadi Mecanic Colony",49.9,,,सावंतवाडी,सोनावल,58.9,09:45,11:40,ST,,,,
11182,"Sawantwadi To Sonaval",Sawantwadi,Sonaval,,MO,2332,Tirali,52.2,,,सावंतवाडी,सोनावल,58.9,09:45,11:40,ST,,,,
11182,"Sawantwadi To Sonaval",Sawantwadi,Sonaval,,MO,2284,Medhe,56.3,,,सावंतवाडी,सोनावल,58.9,09:45,11:40,ST,,,,
11182,"Sawantwadi To Sonaval",Sawantwadi,Sonaval,,MO,2311,Sonaval,59.2,,,सावंतवाडी,सोनावल,58.9,09:45,11:40,ST,,,,
17335,"Parye To Dodamarg Via Vazare Mandir",Parye,Dodamarg,"VAZARE MANDIR",MO,2306,Parye,,,,प्ार्ये,दोडामार्ग,16.1,07:50,08:30,ST,,,,
17335,"Parye To Dodamarg Via Vazare Mandir",Parye,Dodamarg,"VAZARE MANDIR",MO,2227,Aie,1.3,,,प्ार्ये,दोडामार्ग,16.1,07:50,08:30,ST,,,,
17335,"Parye To Dodamarg Via Vazare Mandir",Parye,Dodamarg,"VAZARE MANDIR",MO,2254,"Gawas Hut",4.2,,,प्ार्ये,दोडामार्ग,16.1,07:50,08:30,ST,,,,
17335,"Parye To Dodamarg Via Vazare Mandir",Parye,Dodamarg,"VAZARE MANDIR",MO,2293,Matane,6,,,प्ार्ये,दोडामार्ग,16.1,07:50,08:30,ST,,,,
17335,"Parye To Dodamarg Via Vazare Mandir",Parye,Dodamarg,"VAZARE MANDIR",MO,2226,"Ambadgaon Titha",6.9,,,प्ार्ये,दोडामार्ग,16.1,07:50,08:30,ST,,,,
17335,"Parye To Dodamarg Via Vazare Mandir",Parye,Dodamarg,"VAZARE MANDIR",MO,2336,"Vazare Mandir",10.2,,,प्ार्ये,दोडामार्ग,16.1,07:50,08:30,ST,,,,
17335,"Parye To Dodamarg Via Vazare Mandir",Parye,Dodamarg,"VAZARE MANDIR",MO,2253,"Giroda Titha",12.4,,,प्ार्ये,दोडामार्ग,16.1,07:50,08:30,ST,,,,
17335,"Parye To Dodamarg Via Vazare Mandir",Parye,Dodamarg,"VAZARE MANDIR",MO,2247,Dodamarg,16.1,,,प्ार्ये,दोडामार्ग,16.1,07:50,08:30,ST,,,,
17598,"Kolambwadi To Banda",Kolambwadi,Banda,,MO,2364,Kolambwadi,,,,कोळमवाडी,बांदा,18.8,09:00,09:40,OBL,,,,
17598,"Kolambwadi To Banda",Kolambwadi,Banda,,MO,2354,Ugade,1.1,,,कोळमवाडी,बांदा,18.8,09:00,09:40,OBL,,,,
17598,"Kolambwadi To Banda",Kolambwadi,Banda,,MO,10875,Maildagad,3,,,कोळमवाडी,बांदा,18.8,09:00,09:40,OBL,,,,
17598,"Kolambwadi To Banda",Kolambwadi,Banda,,MO,2363,Kalane,5.1,,,कोळमवाडी,बांदा,18.8,09:00,09:40,OBL,,,,
17598,"Kolambwadi To Banda",Kolambwadi,Banda,,MO,2366,Kosumbwadi,6.5,,,कोळमवाडी,बांदा,18.8,09:00,09:40,OBL,,,,
17598,"Kolambwadi To Banda",Kolambwadi,Banda,,MO,8467,"Adali Mauli Mandir",9.3,,,कोळमवाडी,बांदा,18.8,09:00,09:40,OBL,,,,
17598,"Kolambwadi To Banda",Kolambwadi,Banda,,MO,8588,Morgaon,10.2,,,कोळमवाडी,बांदा,18.8,09:00,09:40,OBL,,,,
17598,"Kolambwadi To Banda",Kolambwadi,Banda,,MO,8558,"Kumbral Fata",12.2,,,कोळमवाडी,बांदा,18.8,09:00,09:40,OBL,,,,
17598,"Kolambwadi To Banda",Kolambwadi,Banda,,MO,8502,"Degve High School",13.1,,,कोळमवाडी,बांदा,18.8,09:00,09:40,OBL,,,,
17598,"Kolambwadi To Banda",Kolambwadi,Banda,,MO,8503,Degve,14,,,कोळमवाडी,बांदा,18.8,09:00,09:40,OBL,,,,
17598,"Kolambwadi To Banda",Kolambwadi,Banda,,MO,8619,Panval,15.2,,,कोळमवाडी,बांदा,18.8,09:00,09:40,OBL,,,,
17598,"Kolambwadi To Banda",Kolambwadi,Banda,,MO,8486,Banda,18.8,,,कोळमवाडी,बांदा,18.8,09:00,09:40,OBL,,,,
17603,"Banda To Sawantwadi Via Doba Shel",Banda,Sawantwadi,"DOBA SHEL",MO,8486,Banda,,,,बांदा,सावंतवाडी,12.6,11:30,12:00,OPN,,,,
17603,"Banda To Sawantwadi Via Doba Shel",Banda,Sawantwadi,"DOBA SHEL",MO,8542,"Khamdev Naka",2,,,बांदा,सावंतवाडी,12.6,11:30,12:00,OPN,,,,
17603,"Banda To Sawantwadi Via Doba Shel",Banda,Sawantwadi,"DOBA SHEL",MO,8544,"Kudav Temb",2.5,,,बांदा,सावंतवाडी,12.6,11:30,12:00,OPN,,,,
17603,"Banda To Sawantwadi Via Doba Shel",Banda,Sawantwadi,"DOBA SHEL",MO,89315,"Exicise Check Post",3,,,बांदा,सावंतवाडी,12.6,11:30,12:00,OPN,,,,
17603,"Banda To Sawantwadi Via Doba Shel",Banda,Sawantwadi,"DOBA SHEL",MO,8560,Kondwada,4,,,बांदा,सावंतवाडी,12.6,11:30,12:00,OPN,,,,
17603,"Banda To Sawantwadi Via Doba Shel",Banda,Sawantwadi,"DOBA SHEL",MO,8499,"Doba Shel",6.1,,,बांदा,सावंतवाडी,12.6,11:30,12:00,OPN,,,,
17603,"Banda To Sawantwadi Via Doba Shel",Banda,Sawantwadi,"DOBA SHEL",MO,8578,"Majgaon Nala",9.4,,,बांदा,सावंतवाडी,12.6,11:30,12:00,OPN,,,,
17603,"Banda To Sawantwadi Via Doba Shel",Banda,Sawantwadi,"DOBA SHEL",MO,8663,Sawantwadi,12.6,,,बांदा,सावंतवाडी,12.6,11:30,12:00,OPN,,,,
17799,"Hirlok To Sawantwadi Via Nileli Nursery",Hirlok,Sawantwadi,"NILELI GANI DUKAN",MO,6213,Hirlok,,,,हिर्लोक,सावंतवाडी,35,09:55,11:30,ST,,,MAIL,
17799,"Hirlok To Sawantwadi Via Nileli Nursery",Hirlok,Sawantwadi,"NILELI GANI DUKAN",MO,6316,"Malawewadi Godown",4.2,,,हिर्लोक,सावंतवाडी,35,09:55,11:30,ST,,,MAIL,
17799,"Hirlok To Sawantwadi Via Nileli Nursery",Hirlok,Sawantwadi,"NILELI GANI DUKAN",MO,6346,"Narur Mahalaxmi Mandir",6.3,,,हिर्लोक,सावंतवाडी,35,09:55,11:30,ST,,,MAIL,
17799,"Hirlok To Sawantwadi Via Nileli Nursery",Hirlok,Sawantwadi,"NILELI GANI DUKAN",MO,6178,"Gothos School No.1",10.1,,,हिर्लोक,सावंतवाडी,35,09:55,11:30,ST,,,MAIL,
17799,"Hirlok To Sawantwadi Via Nileli Nursery",Hirlok,Sawantwadi,"NILELI GANI DUKAN",MO,6188,"Gothos Mandir",11.8,,,हिर्लोक,सावंतवाडी,35,09:55,11:30,ST,,,MAIL,
17799,"Hirlok To Sawantwadi Via Nileli Nursery",Hirlok,Sawantwadi,"NILELI GANI DUKAN",MO,6339,"Nileli Gani Dukan",15.2,,,हिर्लोक,सावंतवाडी,35,09:55,11:30,ST,,,MAIL,
17799,"Hirlok To Sawantwadi Via Nileli Nursery",Hirlok,Sawantwadi,"NILELI GANI DUKAN",MO,6190,"Gothos Titha",16.6,,,हिर्लोक,सावंतवाडी,35,09:55,11:30,ST,,,MAIL,
17799,"Hirlok To Sawantwadi Via Nileli Nursery",Hirlok,Sawantwadi,"NILELI GANI DUKAN",MO,6464,"Wados Bazar",17.5,,,हिर्लोक,सावंतवाडी,35,09:55,11:30,ST,,,MAIL,
17799,"Hirlok To Sawantwadi Via Nileli Nursery",Hirlok,Sawantwadi,"NILELI GANI DUKAN",MO,6463,"Wados Gpo",17.7,,,हिर्लोक,सावंतवाडी,35,09:55,11:30,ST,,,MAIL,
17799,"Hirlok To Sawantwadi Via Nileli Nursery",Hirlok,Sawantwadi,"NILELI GANI DUKAN",MO,6092,Amberi,21.6,,,हिर्लोक,सावंतवाडी,35,09:55,11:30,ST,,,MAIL,
17799,"Hirlok To Sawantwadi Via Nileli Nursery",Hirlok,Sawantwadi,"NILELI GANI DUKAN",MO,6319,"Mangaon Phc",22.3,,,हिर्लोक,सावंतवाडी,35,09:55,11:30,ST,,,MAIL,
17799,"Hirlok To Sawantwadi Via Nileli Nursery",Hirlok,Sawantwadi,"NILELI GANI DUKAN",MO,6317,Mangaon,24,,,हिर्लोक,सावंतवाडी,35,09:55,11:30,ST,,,MAIL,
17799,"Hirlok To Sawantwadi Via Nileli Nursery",Hirlok,Sawantwadi,"NILELI GANI DUKAN",MO,6323,"Mangaon Titha",25.9,,,हिर्लोक,सावंतवाडी,35,09:55,11:30,ST,,,MAIL,
17799,"Hirlok To Sawantwadi Via Nileli Nursery",Hirlok,Sawantwadi,"NILELI GANI DUKAN",MO,6162,Dholkarwadi,26.8,,,हिर्लोक,सावंतवाडी,35,09:55,11:30,ST,,,MAIL,
17799,"Hirlok To Sawantwadi Via Nileli Nursery",Hirlok,Sawantwadi,"NILELI GANI DUKAN",MO,6207,"Humras Fata",27.7,,,हिर्लोक,सावंतवाडी,35,09:55,11:30,ST,,,MAIL,
17799,"Hirlok To Sawantwadi Via Nileli Nursery",Hirlok,Sawantwadi,"NILELI GANI DUKAN",MO,6101,Akeri,30.3,,,हिर्लोक,सावंतवाडी,35,09:55,11:30,ST,,,MAIL,
17799,"Hirlok To Sawantwadi Via Nileli Nursery",Hirlok,Sawantwadi,"NILELI GANI DUKAN",MO,8551,"Kolgaon Thita",33,,,हिर्लोक,सावंतवाडी,35,09:55,11:30,ST,,,MAIL,
17799,"Hirlok To Sawantwadi Via Nileli Nursery",Hirlok,Sawantwadi,"NILELI GANI DUKAN",MO,8663,Sawantwadi,35,,,हिर्लोक,सावंतवाडी,35,09:55,11:30,ST,,,MAIL,
18537,"Kherwadi To Sawantwadi",Kherwadi,Sawantwadi,,MO,9684,Kherwadi,,,,खेरवाडी,सावंतवाडी,13.8,12:20,12:50,ST,,,,
18537,"Kherwadi To Sawantwadi",Kherwadi,Sawantwadi,,MO,9798,"Talawade Gate",2.5,,,खेरवाडी,सावंतवाडी,13.8,12:20,12:50,ST,,,,
18537,"Kherwadi To Sawantwadi",Kherwadi,Sawantwadi,,MO,9692,"Konapal Bhaid",6.3,,,खेरवाडी,सावंतवाडी,13.8,12:20,12:50,ST,,,,
18537,"Kherwadi To Sawantwadi",Kherwadi,Sawantwadi,,MO,8641,"Railway Station",8.9,,,खेरवाडी,सावंतवाडी,13.8,12:20,12:50,ST,,,,
18537,"Kherwadi To Sawantwadi",Kherwadi,Sawantwadi,,MO,8674,"Vengurle Shiroda Titha",9.8,,,खेरवाडी,सावंतवाडी,13.8,12:20,12:50,ST,,,,
18537,"Kherwadi To Sawantwadi",Kherwadi,Sawantwadi,,MO,8580,Malgaon,10.2,,,खेरवाडी,सावंतवाडी,13.8,12:20,12:50,ST,,,,
18537,"Kherwadi To Sawantwadi",Kherwadi,Sawantwadi,,MO,8523,"Gulabi Titha",12.8,,,खेरवाडी,सावंतवाडी,13.8,12:20,12:50,ST,,,,
18537,"Kherwadi To Sawantwadi",Kherwadi,Sawantwadi,,MO,8663,Sawantwadi,16.1,,,खेरवाडी,सावंतवाडी,13.8,12:20,12:50,ST,,,,
18606,"Netarde To Sawantwadi",Netarde,Sawantwadi,,MO,8612,Netarde,,,,नेतार्डा,सावंतवाडी,23.8,13:45,14:45,ST,,,,
18606,"Netarde To Sawantwadi",Netarde,Sawantwadi,,MO,8593,"Netarde Chavata",0.9,,,नेतार्डा,सावंतवाडी,23.8,13:45,14:45,ST,,,,
18606,"Netarde To Sawantwadi",Netarde,Sawantwadi,,MO,8611,"Netarde Fata/Forest Office",2.2,,,नेतार्डा,सावंतवाडी,23.8,13:45,14:45,ST,,,,
18606,"Netarde To Sawantwadi",Netarde,Sawantwadi,,MO,8515,"Fakir Fata",5,,,नेतार्डा,सावंतवाडी,23.8,13:45,14:45,ST,,,,
18606,"Netarde To Sawantwadi",Netarde,Sawantwadi,,MO,8524,Galel,6.5,,,नेतार्डा,सावंतवाडी,23.8,13:45,14:45,ST,,,,
18606,"Netarde To Sawantwadi",Netarde,Sawantwadi,,MO,8635,"Patradevi Goa Border",9.4,,,नेतार्डा,सावंतवाडी,23.8,13:45,14:45,ST,,,,
18606,"Netarde To Sawantwadi",Netarde,Sawantwadi,,MO,8486,Banda,12.1,,,नेतार्डा,सावंतवाडी,23.8,13:45,14:45,ST,,,,
18606,"Netarde To Sawantwadi",Netarde,Sawantwadi,,MO,89315,"Exicise Check Post",15,,,नेतार्डा,सावंतवाडी,23.8,13:45,14:45,ST,,,,
18606,"Netarde To Sawantwadi",Netarde,Sawantwadi,,MO,8560,Kondwada,16.1,,,नेतार्डा,सावंतवाडी,23.8,13:45,14:45,ST,,,,
18606,"Netarde To Sawantwadi",Netarde,Sawantwadi,,MO,8499,"Doba Shel",18.2,,,नेतार्डा,सावंतवाडी,23.8,13:45,14:45,ST,,,,
18606,"Netarde To Sawantwadi",Netarde,Sawantwadi,,MO,8578,"Majgaon Nala",21.5,,,नेतार्डा,सावंतवाडी,23.8,13:45,14:45,ST,,,,
18606,"Netarde To Sawantwadi",Netarde,Sawantwadi,,MO,8663,Sawantwadi,23.8,,,नेतार्डा,सावंतवाडी,23.8,13:45,14:45,ST,,,,
18639,"Gele Gawthan To Sawantwadi Via Amboli","Gele Gawthan",Sawantwadi,AMBOLI,MO,8521,"Gele Gawthan",,,,गेळे,सावंतवाडी,39,06:00,07:30,ST,,,,
18639,"Gele Gawthan To Sawantwadi Via Amboli","Gele Gawthan",Sawantwadi,AMBOLI,MO,8525,"Gele Fata",1.5,,,गेळे,सावंतवाडी,39,06:00,07:30,ST,,,,
18639,"Gele Gawthan To Sawantwadi Via Amboli","Gele Gawthan",Sawantwadi,AMBOLI,MO,8582,Mulvanwadi,4.5,,,गेळे,सावंतवाडी,39,06:00,07:30,ST,,,,
18639,"Gele Gawthan To Sawantwadi Via Amboli","Gele Gawthan",Sawantwadi,AMBOLI,MO,8470,Amboli,8,,,गेळे,सावंतवाडी,39,06:00,07:30,ST,,,,
18639,"Gele Gawthan To Sawantwadi Via Amboli","Gele Gawthan",Sawantwadi,AMBOLI,MO,8607,Nanapani,16.5,,,गेळे,सावंतवाडी,39,06:00,07:30,ST,,,,
18639,"Gele Gawthan To Sawantwadi Via Amboli","Gele Gawthan",Sawantwadi,AMBOLI,MO,8564,Kumbheshwar,22.5,,,गेळे,सावंतवाडी,39,06:00,07:30,ST,,,,
18639,"Gele Gawthan To Sawantwadi Via Amboli","Gele Gawthan",Sawantwadi,AMBOLI,MO,8510,Danoli,24.4,,,गेळे,सावंतवाडी,39,06:00,07:30,ST,,,,
18639,"Gele Gawthan To Sawantwadi Via Amboli","Gele Gawthan",Sawantwadi,AMBOLI,MO,8505,Dhawadki,26.9,,,गेळे,सावंतवाडी,39,06:00,07:30,ST,,,,
18639,"Gele Gawthan To Sawantwadi Via Amboli","Gele Gawthan",Sawantwadi,AMBOLI,MO,8569,"Madkhol Met",28.5,,,गेळे,सावंतवाडी,39,06:00,07:30,ST,,,,
18639,"Gele Gawthan To Sawantwadi Via Amboli","Gele Gawthan",Sawantwadi,AMBOLI,MO,8570,Madkhol,29.6,,,गेळे,सावंतवाडी,39,06:00,07:30,ST,,,,
18639,"Gele Gawthan To Sawantwadi Via Amboli","Gele Gawthan",Sawantwadi,AMBOLI,MO,8653,"Sapale Stop",31.6,,,गेळे,सावंतवाडी,39,06:00,07:30,ST,,,,
18639,"Gele Gawthan To Sawantwadi Via Amboli","Gele Gawthan",Sawantwadi,AMBOLI,MO,8488,"Burdi Pul",34.1,,,गेळे,सावंतवाडी,39,06:00,07:30,ST,,,,
18639,"Gele Gawthan To Sawantwadi Via Amboli","Gele Gawthan",Sawantwadi,AMBOLI,MO,8663,Sawantwadi,38.5,,,गेळे,सावंतवाडी,39,06:00,07:30,ST,,,,
18736,"Shiroda To Sawantwadi Via Nanos Konkan Pharma",Shiroda,Sawantwadi,"NANOS KONKAN PHARMA",MO,9789,Shiroda,,,,शिरोडा,सावंतवाडी,31.8,12:40,13:50,ST,,,,
18736,"Shiroda To Sawantwadi Via Nanos Konkan Pharma",Shiroda,Sawantwadi,"NANOS KONKAN PHARMA",MO,9794,Soundagarwadi,3.4,,,शिरोडा,सावंतवाडी,31.8,12:40,13:50,ST,,,,
18736,"Shiroda To Sawantwadi Via Nanos Konkan Pharma",Shiroda,Sawantwadi,"NANOS KONKAN PHARMA",MO,9733,"Nanos Konkan Pharma",6.7,,,शिरोडा,सावंतवाडी,31.8,12:40,13:50,ST,,,,
18736,"Shiroda To Sawantwadi Via Nanos Konkan Pharma",Shiroda,Sawantwadi,"NANOS KONKAN PHARMA",MO,9680,Khari,9.6,,,शिरोडा,सावंतवाडी,31.8,12:40,13:50,ST,,,,
18736,"Shiroda To Sawantwadi Via Nanos Konkan Pharma",Shiroda,Sawantwadi,"NANOS KONKAN PHARMA",MO,9705,"Malewad Ranewadi",12.8,,,शिरोडा,सावंतवाडी,31.8,12:40,13:50,ST,,,,
18736,"Shiroda To Sawantwadi Via Nanos Konkan Pharma",Shiroda,Sawantwadi,"NANOS KONKAN PHARMA",MO,9704,"Malewad Naka",14.7,,,शिरोडा,सावंतवाडी,31.8,12:40,13:50,ST,,,,
18736,"Shiroda To Sawantwadi Via Nanos Konkan Pharma",Shiroda,Sawantwadi,"NANOS KONKAN PHARMA",MO,9703,"Malewad Hedulwadi",15.6,,,शिरोडा,सावंतवाडी,31.8,12:40,13:50,ST,,,,
18736,"Shiroda To Sawantwadi Via Nanos Konkan Pharma",Shiroda,Sawantwadi,"NANOS KONKAN PHARMA",MO,9833,"Warachi Malewad",17.6,,,शिरोडा,सावंतवाडी,31.8,12:40,13:50,ST,,,,
18736,"Shiroda To Sawantwadi Via Nanos Konkan Pharma",Shiroda,Sawantwadi,"NANOS KONKAN PHARMA",MO,8517,"Forest Chouki",18,,,शिरोडा,सावंतवाडी,31.8,12:40,13:50,ST,,,,
18736,"Shiroda To Sawantwadi Via Nanos Konkan Pharma",Shiroda,Sawantwadi,"NANOS KONKAN PHARMA",MO,8614,"Nhaveli School",21.3,,,शिरोडा,सावंतवाडी,31.8,12:40,13:50,ST,,,,
18736,"Shiroda To Sawantwadi Via Nanos Konkan Pharma",Shiroda,Sawantwadi,"NANOS KONKAN PHARMA",MO,8599,"Nirawade Tiles Factory",24.5,,,शिरोडा,सावंतवाडी,31.8,12:40,13:50,ST,,,,
18736,"Shiroda To Sawantwadi Via Nanos Konkan Pharma",Shiroda,Sawantwadi,"NANOS KONKAN PHARMA",MO,8609,"Nirawade Bazar",25.3,,,शिरोडा,सावंतवाडी,31.8,12:40,13:50,ST,,,,
18736,"Shiroda To Sawantwadi Via Nanos Konkan Pharma",Shiroda,Sawantwadi,"NANOS KONKAN PHARMA",MO,8665,"Sawantwadi Rly. Stn.",26.4,,,शिरोडा,सावंतवाडी,31.8,12:40,13:50,ST,,,,
18736,"Shiroda To Sawantwadi Via Nanos Konkan Pharma",Shiroda,Sawantwadi,"NANOS KONKAN PHARMA",MO,8674,"Vengurle Shiroda Titha",27.5,,,शिरोडा,सावंतवाडी,31.8,12:40,13:50,ST,,,,
18736,"Shiroda To Sawantwadi Via Nanos Konkan Pharma",Shiroda,Sawantwadi,"NANOS KONKAN PHARMA",MO,8580,Malgaon,27.9,,,शिरोडा,सावंतवाडी,31.8,12:40,13:50,ST,,,,
18736,"Shiroda To Sawantwadi Via Nanos Konkan Pharma",Shiroda,Sawantwadi,"NANOS KONKAN PHARMA",MO,8523,"Gulabi Titha",30.5,,,शिरोडा,सावंतवाडी,31.8,12:40,13:50,ST,,,,
18736,"Shiroda To Sawantwadi Via Nanos Konkan Pharma",Shiroda,Sawantwadi,"NANOS KONKAN PHARMA",MO,8663,Sawantwadi,31.8,,,शिरोडा,सावंतवाडी,31.8,12:40,13:50,ST,,,,
18786,"Foujdarwadi To Sawantwadi",Foujdarwadi,Sawantwadi,,MO,8518,Foujdarwadi,,,,फौजदारवाडी,सावंतवाडी,25.1,05:45,06:50,ST,,,,
18786,"Foujdarwadi To Sawantwadi",Foujdarwadi,Sawantwadi,,MO,8589,Margajwadi,0.4,,,फौजदारवाडी,सावंतवाडी,25.1,05:45,06:50,ST,,,,
18786,"Foujdarwadi To Sawantwadi",Foujdarwadi,Sawantwadi,,MO,8535,"Jadye House",0.7,,,फौजदारवाडी,सावंतवाडी,25.1,05:45,06:50,ST,,,,
18786,"Foujdarwadi To Sawantwadi",Foujdarwadi,Sawantwadi,,MO,8534,Jadhavwadi,1.6,,,फौजदारवाडी,सावंतवाडी,25.1,05:45,06:50,ST,,,,
18786,"Foujdarwadi To Sawantwadi",Foujdarwadi,Sawantwadi,,MO,8684,Zangatwadi,2.8,,,फौजदारवाडी,सावंतवाडी,25.1,05:45,06:50,ST,,,,
18786,"Foujdarwadi To Sawantwadi",Foujdarwadi,Sawantwadi,,MO,8633,Pastewadi,4.1,,,फौजदारवाडी,सावंतवाडी,25.1,05:45,06:50,ST,,,,
18786,"Foujdarwadi To Sawantwadi",Foujdarwadi,Sawantwadi,,MO,8538,Kalambist,6.8,,,फौजदारवाडी,सावंतवाडी,25.1,05:45,06:50,ST,,,,
18786,"Foujdarwadi To Sawantwadi",Foujdarwadi,Sawantwadi,,MO,8666,Sawarwad,7.6,,,फौजदारवाडी,सावंतवाडी,25.1,05:45,06:50,ST,,,,
18786,"Foujdarwadi To Sawantwadi",Foujdarwadi,Sawantwadi,,MO,8613,"Navoday Vidyalaya",8.3,,,फौजदारवाडी,सावंतवाडी,25.1,05:45,06:50,ST,,,,
18786,"Foujdarwadi To Sawantwadi",Foujdarwadi,Sawantwadi,,MO,8651,Sangeli,9.6,,,फौजदारवाडी,सावंतवाडी,25.1,05:45,06:50,ST,,,,
18786,"Foujdarwadi To Sawantwadi",Foujdarwadi,Sawantwadi,,MO,8644,"Sangeli Wad",9.8,,,फौजदारवाडी,सावंतवाडी,25.1,05:45,06:50,ST,,,,
18786,"Foujdarwadi To Sawantwadi",Foujdarwadi,Sawantwadi,,MO,8610,Nursary,13.1,,,फौजदारवाडी,सावंतवाडी,25.1,05:45,06:50,ST,,,,
18786,"Foujdarwadi To Sawantwadi",Foujdarwadi,Sawantwadi,,MO,8505,Dhawadki,14.5,,,फौजदारवाडी,सावंतवाडी,25.1,05:45,06:50,ST,,,,
18786,"Foujdarwadi To Sawantwadi",Foujdarwadi,Sawantwadi,,MO,8569,"Madkhol Met",16.1,,,फौजदारवाडी,सावंतवाडी,25.1,05:45,06:50,ST,,,,
18786,"Foujdarwadi To Sawantwadi",Foujdarwadi,Sawantwadi,,MO,8570,Madkhol,17.2,,,फौजदारवाडी,सावंतवाडी,25.1,05:45,06:50,ST,,,,
18786,"Foujdarwadi To Sawantwadi",Foujdarwadi,Sawantwadi,,MO,8653,"Sapale Stop",19.2,,,फौजदारवाडी,सावंतवाडी,25.1,05:45,06:50,ST,,,,
18786,"Foujdarwadi To Sawantwadi",Foujdarwadi,Sawantwadi,,MO,8488,"Burdi Pul",21.7,,,फौजदारवाडी,सावंतवाडी,25.1,05:45,06:50,ST,,,,
18786,"Foujdarwadi To Sawantwadi",Foujdarwadi,Sawantwadi,,MO,8663,Sawantwadi,25.1,,,फौजदारवाडी,सावंतवाडी,25.1,05:45,06:50,ST,,,,
19984,"Konshi To Sawantwadi",Konshi,Sawantwadi,,MO,8559,Konshi,,,,कोनशी,सावंतवाडी,26.9,14:00,14:40,ST,,,,
19984,"Konshi To Sawantwadi",Konshi,Sawantwadi,,MO,15674,"Dhangar Wadi",2.8,,,कोनशी,सावंतवाडी,26.9,14:00,14:40,ST,,,,
19984,"Konshi To Sawantwadi",Konshi,Sawantwadi,,MO,7017,"Vetal Mandir",5.5,,,कोनशी,सावंतवाडी,26.9,14:00,14:40,ST,,,,
19984,"Konshi To Sawantwadi",Konshi,Sawantwadi,,MO,8477,"Bhalawal Shop",6.8,,,कोनशी,सावंतवाडी,26.9,14:00,14:40,ST,,,,
19984,"Konshi To Sawantwadi",Konshi,Sawantwadi,,MO,8616,"Otavane Titha",7.9,,,कोनशी,सावंतवाडी,26.9,14:00,14:40,ST,,,,
19984,"Konshi To Sawantwadi",Konshi,Sawantwadi,,MO,8673,"Vilavade Wad",8.2,,,कोनशी,सावंतवाडी,26.9,14:00,14:40,ST,,,,
19984,"Konshi To Sawantwadi",Konshi,Sawantwadi,,MO,6482,Janbal,11.9,,,कोनशी,सावंतवाडी,26.9,14:00,14:40,ST,,,,
19984,"Konshi To Sawantwadi",Konshi,Sawantwadi,,MO,8486,Banda,15.5,,,कोनशी,सावंतवाडी,26.9,14:00,14:40,ST,,,,
19984,"Konshi To Sawantwadi",Konshi,Sawantwadi,,MO,8499,"Doba Shel",21.6,,,कोनशी,सावंतवाडी,26.9,14:00,14:40,ST,,,,
19984,"Konshi To Sawantwadi",Konshi,Sawantwadi,,MO,8578,"Majgaon Nala",24.9,,,कोनशी,सावंतवाडी,26.9,14:00,14:40,ST,,,,
19984,"Konshi To Sawantwadi",Konshi,Sawantwadi,,MO,8663,Sawantwadi,28.1,,,कोनशी,सावंतवाडी,26.9,14:00,14:40,ST,,,,
60648,"Pikule Mandir To Dodamarg Via Zare Bambar","Pikule Mandir",Dodamarg,"ZARE BAMBAR",MO,2301,"Pikule Mandir",,,,पिकुळे,दोडामार्ग,12.3,16:25,17:05,ST,,,,
60648,"Pikule Mandir To Dodamarg Via Zare Bambar","Pikule Mandir",Dodamarg,"ZARE BAMBAR",MO,2308,"Pikule School",1.8,,,पिकुळे,दोडामार्ग,12.3,16:25,17:05,ST,,,,
60648,"Pikule Mandir To Dodamarg Via Zare Bambar","Pikule Mandir",Dodamarg,"ZARE BAMBAR",MO,2344,"Zare Bambar",7.9,,,पिकुळे,दोडामार्ग,12.3,16:25,17:05,ST,,,,
60648,"Pikule Mandir To Dodamarg Via Zare Bambar","Pikule Mandir",Dodamarg,"ZARE BAMBAR",MO,2229,Ambeli,10.6,,,पिकुळे,दोडामार्ग,12.3,16:25,17:05,ST,,,,
60648,"Pikule Mandir To Dodamarg Via Zare Bambar","Pikule Mandir",Dodamarg,"ZARE BAMBAR",MO,2247,Dodamarg,12.3,,,पिकुळे,दोडामार्ग,12.3,16:25,17:05,ST,,,,
61563,"Sawantwadi To Satose Dewoolwada Via Madura Titha",Sawantwadi,"Satose Dewoolwada","MADURA TITHA",MO,8663,Sawantwadi,,,,सावंतवाडी,सातोसे,24,09:45,10:45,ST,,,MAIL,
61563,"Sawantwadi To Satose Dewoolwada Via Madura Titha",Sawantwadi,"Satose Dewoolwada","MADURA TITHA",MO,8578,"Majgaon Nala",3.2,,,सावंतवाडी,सातोसे,24,09:45,10:45,ST,,,MAIL,
61563,"Sawantwadi To Satose Dewoolwada Via Madura Titha",Sawantwadi,"Satose Dewoolwada","MADURA TITHA",MO,8499,"Doba Shel",6.5,,,सावंतवाडी,सातोसे,24,09:45,10:45,ST,,,MAIL,
61563,"Sawantwadi To Satose Dewoolwada Via Madura Titha",Sawantwadi,"Satose Dewoolwada","MADURA TITHA",MO,89315,"Exicise Check Post",9,,,सावंतवाडी,सातोसे,24,09:45,10:45,ST,,,MAIL,
61563,"Sawantwadi To Satose Dewoolwada Via Madura Titha",Sawantwadi,"Satose Dewoolwada","MADURA TITHA",MO,8643,"Sherla Shop",17.1,,,सावंतवाडी,सातोसे,24,09:45,10:45,ST,,,MAIL,
61563,"Sawantwadi To Satose Dewoolwada Via Madura Titha",Sawantwadi,"Satose Dewoolwada","MADURA TITHA",MO,8642,"Sherla Nadi",18.9,,,सावंतवाडी,सातोसे,24,09:45,10:45,ST,,,MAIL,
61563,"Sawantwadi To Satose Dewoolwada Via Madura Titha",Sawantwadi,"Satose Dewoolwada","MADURA TITHA",MO,8657,"Sherla Kajikade",19.1,,,सावंतवाडी,सातोसे,24,09:45,10:45,ST,,,MAIL,
61563,"Sawantwadi To Satose Dewoolwada Via Madura Titha",Sawantwadi,"Satose Dewoolwada","MADURA TITHA",MO,8575,"Madura Titha",19.9,,,सावंतवाडी,सातोसे,24,09:45,10:45,ST,,,MAIL,
61563,"Sawantwadi To Satose Dewoolwada Via Madura Titha",Sawantwadi,"Satose Dewoolwada","MADURA TITHA",MO,8639,"Railway Camp",20,,,सावंतवाडी,सातोसे,24,09:45,10:45,ST,,,MAIL,
61563,"Sawantwadi To Satose Dewoolwada Via Madura Titha",Sawantwadi,"Satose Dewoolwada","MADURA TITHA",MO,8536,"Kala Amba",22,,,सावंतवाडी,सातोसे,24,09:45,10:45,ST,,,MAIL,
61563,"Sawantwadi To Satose Dewoolwada Via Madura Titha",Sawantwadi,"Satose Dewoolwada","MADURA TITHA",MO,9732,Nangarsada,23.4,,,सावंतवाडी,सातोसे,24,09:45,10:45,ST,,,MAIL,
61563,"Sawantwadi To Satose Dewoolwada Via Madura Titha",Sawantwadi,"Satose Dewoolwada","MADURA TITHA",MO,9778,"Satose Dewoolwada",25.1,,,सावंतवाडी,सातोसे,24,09:45,10:45,ST,,,MAIL,
64748,"Dabhil To Banda",Dabhil,Banda,,MO,8498,Dabhil,,,,दाभिळ,बांदा,15.9,05:50,06:25,ST,,,,
64748,"Dabhil To Banda",Dabhil,Banda,,MO,8615,"Newali Mandir",3,,,दाभिळ,बांदा,15.9,05:50,06:25,ST,,,,
64748,"Dabhil To Banda",Dabhil,Banda,,MO,8608,Nangartas,6,,,दाभिळ,बांदा,15.9,05:50,06:25,ST,,,,
64748,"Dabhil To Banda",Dabhil,Banda,,MO,8655,Sarmale,8,,,दाभिळ,बांदा,15.9,05:50,06:25,ST,,,,
64748,"Dabhil To Banda",Dabhil,Banda,,MO,8649,"Sarmale Danoli Titha",9,,,दाभिळ,बांदा,15.9,05:50,06:25,ST,,,,
64748,"Dabhil To Banda",Dabhil,Banda,,MO,8616,"Otavane Titha",9.8,,,दाभिळ,बांदा,15.9,05:50,06:25,ST,,,,
64748,"Dabhil To Banda",Dabhil,Banda,,MO,8673,"Vilavade Wad",10,,,दाभिळ,बांदा,15.9,05:50,06:25,ST,,,,
64748,"Dabhil To Banda",Dabhil,Banda,,MO,6481,Jambhalikade,12,,,दाभिळ,बांदा,15.9,05:50,06:25,ST,,,,
64748,"Dabhil To Banda",Dabhil,Banda,,MO,8543,Kuderanwadi,18,,,दाभिळ,बांदा,15.9,05:50,06:25,ST,,,,
64748,"Dabhil To Banda",Dabhil,Banda,,MO,8486,Banda,21.1,,,दाभिळ,बांदा,15.9,05:50,06:25,ST,,,,
74168,"Sawantwadi To Usap Via Sateli Bhedashi",Sawantwadi,Usap,"SATELI BHEDASHI",MO,8663,Sawantwadi,,,,सावंतवाडी,उसप,53.6,18:00,20:00,ST,,,,
74168,"Sawantwadi To Usap Via Sateli Bhedashi",Sawantwadi,Usap,"SATELI BHEDASHI",MO,8578,"Majgaon Nala",4,,,सावंतवाडी,उसप,53.6,18:00,20:00,ST,,,,
74168,"Sawantwadi To Usap Via Sateli Bhedashi",Sawantwadi,Usap,"SATELI BHEDASHI",MO,8499,"Doba Shel",6.4,,,सावंतवाडी,उसप,53.6,18:00,20:00,ST,,,,
74168,"Sawantwadi To Usap Via Sateli Bhedashi",Sawantwadi,Usap,"SATELI BHEDASHI",MO,8486,Banda,11.2,,,सावंतवाडी,उसप,53.6,18:00,20:00,ST,,,,
74168,"Sawantwadi To Usap Via Sateli Bhedashi",Sawantwadi,Usap,"SATELI BHEDASHI",MO,8619,Panval,13.3,,,सावंतवाडी,उसप,53.6,18:00,20:00,ST,,,,
74168,"Sawantwadi To Usap Via Sateli Bhedashi",Sawantwadi,Usap,"SATELI BHEDASHI",MO,8503,Degve,15.6,,,सावंतवाडी,उसप,53.6,18:00,20:00,ST,,,,
74168,"Sawantwadi To Usap Via Sateli Bhedashi",Sawantwadi,Usap,"SATELI BHEDASHI",MO,8558,"Kumbral Fata",19.8,,,सावंतवाडी,उसप,53.6,18:00,20:00,ST,,,,
74168,"Sawantwadi To Usap Via Sateli Bhedashi",Sawantwadi,Usap,"SATELI BHEDASHI",MO,8588,Morgaon,22.5,,,सावंतवाडी,उसप,53.6,18:00,20:00,ST,,,,
74168,"Sawantwadi To Usap Via Sateli Bhedashi",Sawantwadi,Usap,"SATELI BHEDASHI",MO,8467,"Adali Mauli Mandir",24.6,,,सावंतवाडी,उसप,53.6,18:00,20:00,ST,,,,
74168,"Sawantwadi To Usap Via Sateli Bhedashi",Sawantwadi,Usap,"SATELI BHEDASHI",MO,2366,Kosumbwadi,27.1,,,सावंतवाडी,उसप,53.6,18:00,20:00,ST,,,,
74168,"Sawantwadi To Usap Via Sateli Bhedashi",Sawantwadi,Usap,"SATELI BHEDASHI",MO,2363,Kalane,30.4,,,सावंतवाडी,उसप,53.6,18:00,20:00,ST,,,,
74168,"Sawantwadi To Usap Via Sateli Bhedashi",Sawantwadi,Usap,"SATELI BHEDASHI",MO,2269,"Kalane Sada",32.5,,,सावंतवाडी,उसप,53.6,18:00,20:00,ST,,,,
74168,"Sawantwadi To Usap Via Sateli Bhedashi",Sawantwadi,Usap,"SATELI BHEDASHI",MO,2316,Sasoli,34.2,,,सावंतवाडी,उसप,53.6,18:00,20:00,ST,,,,
74168,"Sawantwadi To Usap Via Sateli Bhedashi",Sawantwadi,Usap,"SATELI BHEDASHI",MO,2315,"Sasoli Bharpal Titha",35.9,,,सावंतवाडी,उसप,53.6,18:00,20:00,ST,,,,
74168,"Sawantwadi To Usap Via Sateli Bhedashi",Sawantwadi,Usap,"SATELI BHEDASHI",MO,2255,Hedus,36.8,,,सावंतवाडी,उसप,53.6,18:00,20:00,ST,,,,
74168,"Sawantwadi To Usap Via Sateli Bhedashi",Sawantwadi,Usap,"SATELI BHEDASHI",MO,2290,Maneri,38.6,,,सावंतवाडी,उसप,53.6,18:00,20:00,ST,,,,
74168,"Sawantwadi To Usap Via Sateli Bhedashi",Sawantwadi,Usap,"SATELI BHEDASHI",MO,2247,Dodamarg,38.9,,,सावंतवाडी,उसप,53.6,18:00,20:00,ST,,,,
74168,"Sawantwadi To Usap Via Sateli Bhedashi",Sawantwadi,Usap,"SATELI BHEDASHI",MO,2229,Ambeli,40.5,,,सावंतवाडी,उसप,53.6,18:00,20:00,ST,,,,
74168,"Sawantwadi To Usap Via Sateli Bhedashi",Sawantwadi,Usap,"SATELI BHEDASHI",MO,2344,"Zare Bambar",42.6,,,सावंतवाडी,उसप,53.6,18:00,20:00,ST,,,,
74168,"Sawantwadi To Usap Via Sateli Bhedashi",Sawantwadi,Usap,"SATELI BHEDASHI",MO,2236,"Bhedshi Nadi",43.6,,,सावंतवाडी,उसप,53.6,18:00,20:00,ST,,,,
74168,"Sawantwadi To Usap Via Sateli Bhedashi",Sawantwadi,Usap,"SATELI BHEDASHI",MO,2318,"Sateli Bhedashi",46.5,,,सावंतवाडी,उसप,53.6,18:00,20:00,ST,,,,
74168,"Sawantwadi To Usap Via Sateli Bhedashi",Sawantwadi,Usap,"SATELI BHEDASHI",MO,2265,"Kajulwadi Titha",49,,,सावंतवाडी,उसप,53.6,18:00,20:00,ST,,,,
74168,"Sawantwadi To Usap Via Sateli Bhedashi",Sawantwadi,Usap,"SATELI BHEDASHI",MO,2300,"Pikule Usap Titha",50.2,,,सावंतवाडी,उसप,53.6,18:00,20:00,ST,,,,
74168,"Sawantwadi To Usap Via Sateli Bhedashi",Sawantwadi,Usap,"SATELI BHEDASHI",MO,2266,"Khokral Titha",53.6,,,सावंतवाडी,उसप,53.6,18:00,20:00,ST,,,,
74168,"Sawantwadi To Usap Via Sateli Bhedashi",Sawantwadi,Usap,"SATELI BHEDASHI",MO,2334,Usap,54,,,सावंतवाडी,उसप,53.6,18:00,20:00,ST,,,,
87166,"Mharkatewadi To Sawantwadi",Mharkatewadi,Sawantwadi,,MO,8577,Mharkatewadi,,,,म्हारकाटेवाडी,सावंतवाडी,13.5,14:30,15:20,NOBL,,,,
87166,"Mharkatewadi To Sawantwadi",Mharkatewadi,Sawantwadi,,MO,8468,Ambegaon,2,,,म्हारकाटेवाडी,सावंतवाडी,13.5,14:30,15:20,NOBL,,,,
87166,"Mharkatewadi To Sawantwadi",Mharkatewadi,Sawantwadi,,MO,8626,Pimpalwadi,5,,,म्हारकाटेवाडी,सावंतवाडी,13.5,14:30,15:20,NOBL,,,,
87166,"Mharkatewadi To Sawantwadi",Mharkatewadi,Sawantwadi,,MO,8549,"Kunkeri Parabwadi",6,,,म्हारकाटेवाडी,सावंतवाडी,13.5,14:30,15:20,NOBL,,,,
87166,"Mharkatewadi To Sawantwadi",Mharkatewadi,Sawantwadi,,MO,8482,"Bhavai Mandir",7,,,म्हारकाटेवाडी,सावंतवाडी,13.5,14:30,15:20,NOBL,,,,
87166,"Mharkatewadi To Sawantwadi",Mharkatewadi,Sawantwadi,,MO,8551,"Kolgaon Thita",11,,,म्हारकाटेवाडी,सावंतवाडी,13.5,14:30,15:20,NOBL,,,,
87166,"Mharkatewadi To Sawantwadi",Mharkatewadi,Sawantwadi,,MO,8663,Sawantwadi,13.5,,,म्हारकाटेवाडी,सावंतवाडी,13.5,14:30,15:20,NOBL,,,,
94441,"Banda To Tirali Via Wanoshi Kudasa",Banda,Tirali,"WANOSHI KUDASA",MO,8486,Banda,,,,बांदा,तिराळी,36,12:00,13:35,ST,,,,
94441,"Banda To Tirali Via Wanoshi Kudasa",Banda,Tirali,"WANOSHI KUDASA",MO,8619,Panval,3,,,बांदा,तिराळी,36,12:00,13:35,ST,,,,
94441,"Banda To Tirali Via Wanoshi Kudasa",Banda,Tirali,"WANOSHI KUDASA",MO,8467,"Adali Mauli Mandir",9,,,बांदा,तिराळी,36,12:00,13:35,ST,,,,
94441,"Banda To Tirali Via Wanoshi Kudasa",Banda,Tirali,"WANOSHI KUDASA",MO,2269,"Kalane Sada",15,,,बांदा,तिराळी,36,12:00,13:35,ST,,,,
94441,"Banda To Tirali Via Wanoshi Kudasa",Banda,Tirali,"WANOSHI KUDASA",MO,2260,"Kudasa Fata",18,,,बांदा,तिराळी,36,12:00,13:35,ST,,,,
94441,"Banda To Tirali Via Wanoshi Kudasa",Banda,Tirali,"WANOSHI KUDASA",MO,2288,"Maneri Fata",20,,,बांदा,तिराळी,36,12:00,13:35,ST,,,,
94441,"Banda To Tirali Via Wanoshi Kudasa",Banda,Tirali,"WANOSHI KUDASA",MO,2360,Goutamwadi,21,,,बांदा,तिराळी,36,12:00,13:35,ST,,,,
94441,"Banda To Tirali Via Wanoshi Kudasa",Banda,Tirali,"WANOSHI KUDASA",MO,2342,"Wanoshi Kudasa",23,,,बांदा,तिराळी,36,12:00,13:35,ST,,,,
94441,"Banda To Tirali Via Wanoshi Kudasa",Banda,Tirali,"WANOSHI KUDASA",MO,2244,Dhangarwadi,24,,,बांदा,तिराळी,36,12:00,13:35,ST,,,,
94441,"Banda To Tirali Via Wanoshi Kudasa",Banda,Tirali,"WANOSHI KUDASA",MO,2236,"Bhedshi Nadi",27,,,बांदा,तिराळी,36,12:00,13:35,ST,,,,
94441,"Banda To Tirali Via Wanoshi Kudasa",Banda,Tirali,"WANOSHI KUDASA",MO,2239,Bhedshi,28,,,बांदा,तिराळी,36,12:00,13:35,ST,,,,
94441,"Banda To Tirali Via Wanoshi Kudasa",Banda,Tirali,"WANOSHI KUDASA",MO,2232,Awade,30,,,बांदा,तिराळी,36,12:00,13:35,ST,,,,
94441,"Banda To Tirali Via Wanoshi Kudasa",Banda,Tirali,"WANOSHI KUDASA",MO,2274,"Konal Katta",32,,,बांदा,तिराळी,36,12:00,13:35,ST,,,,
94441,"Banda To Tirali Via Wanoshi Kudasa",Banda,Tirali,"WANOSHI KUDASA",MO,2283,"Londhewadi Mecanic Colony",33,,,बांदा,तिराळी,36,12:00,13:35,ST,,,,
94441,"Banda To Tirali Via Wanoshi Kudasa",Banda,Tirali,"WANOSHI KUDASA",MO,2332,Tirali,36,,,बांदा,तिराळी,36,12:00,13:35,ST,,,,
99613,"Asaniye Mauli Mandir To Sawantwadi Via Zolambe","Asaniye Mauli Mandir",Sawantwadi,ZOLAMBE,MO,8476,"Asaniye Mauli Mandir",,,,असनिये,सावंतवाडी,33.7,14:00,15:15,ST,,,,
99613,"Asaniye Mauli Mandir To Sawantwadi Via Zolambe","Asaniye Mauli Mandir",Sawantwadi,ZOLAMBE,MO,8466,"Asaniye Wainganwadi",1.7,,,असनिये,सावंतवाडी,33.7,14:00,15:15,ST,,,,
99613,"Asaniye Mauli Mandir To Sawantwadi Via Zolambe","Asaniye Mauli Mandir",Sawantwadi,ZOLAMBE,MO,2356,"Zolambe Fukeri Titha",3.6,,,असनिये,सावंतवाडी,33.7,14:00,15:15,ST,,,,
99613,"Asaniye Mauli Mandir To Sawantwadi Via Zolambe","Asaniye Mauli Mandir",Sawantwadi,ZOLAMBE,MO,2357,Zolambe,5.8,,,असनिये,सावंतवाडी,33.7,14:00,15:15,ST,,,,
99613,"Asaniye Mauli Mandir To Sawantwadi Via Zolambe","Asaniye Mauli Mandir",Sawantwadi,ZOLAMBE,MO,2358,"Zolambe Tulpulewadi",7.3,,,असनिये,सावंतवाडी,33.7,14:00,15:15,ST,,,,
99613,"Asaniye Mauli Mandir To Sawantwadi Via Zolambe","Asaniye Mauli Mandir",Sawantwadi,ZOLAMBE,MO,2352,"Talkat Soci",7.9,,,असनिये,सावंतवाडी,33.7,14:00,15:15,ST,,,,
99613,"Asaniye Mauli Mandir To Sawantwadi Via Zolambe","Asaniye Mauli Mandir",Sawantwadi,ZOLAMBE,MO,2353,"Talkat Nursary",10.2,,,असनिये,सावंतवाडी,33.7,14:00,15:15,ST,,,,
99613,"Asaniye Mauli Mandir To Sawantwadi Via Zolambe","Asaniye Mauli Mandir",Sawantwadi,ZOLAMBE,MO,8565,"Margaon Bagwadi",12.5,,,असनिये,सावंतवाडी,33.7,14:00,15:15,ST,,,,
99613,"Asaniye Mauli Mandir To Sawantwadi Via Zolambe","Asaniye Mauli Mandir",Sawantwadi,ZOLAMBE,MO,8620,"Padave Mazgaon",13,,,असनिये,सावंतवाडी,33.7,14:00,15:15,ST,,,,
99613,"Asaniye Mauli Mandir To Sawantwadi Via Zolambe","Asaniye Mauli Mandir",Sawantwadi,ZOLAMBE,MO,8558,"Kumbral Fata",15.1,,,असनिये,सावंतवाडी,33.7,14:00,15:15,ST,,,,
99613,"Asaniye Mauli Mandir To Sawantwadi Via Zolambe","Asaniye Mauli Mandir",Sawantwadi,ZOLAMBE,MO,8503,Degve,17.6,,,असनिये,सावंतवाडी,33.7,14:00,15:15,ST,,,,
99613,"Asaniye Mauli Mandir To Sawantwadi Via Zolambe","Asaniye Mauli Mandir",Sawantwadi,ZOLAMBE,MO,8619,Panval,19.2,,,असनिये,सावंतवाडी,33.7,14:00,15:15,ST,,,,
99613,"Asaniye Mauli Mandir To Sawantwadi Via Zolambe","Asaniye Mauli Mandir",Sawantwadi,ZOLAMBE,MO,8486,Banda,21.6,,,असनिये,सावंतवाडी,33.7,14:00,15:15,ST,,,,
99613,"Asaniye Mauli Mandir To Sawantwadi Via Zolambe","Asaniye Mauli Mandir",Sawantwadi,ZOLAMBE,MO,8560,Kondwada,25.6,,,असनिये,सावंतवाडी,33.7,14:00,15:15,ST,,,,
99613,"Asaniye Mauli Mandir To Sawantwadi Via Zolambe","Asaniye Mauli Mandir",Sawantwadi,ZOLAMBE,MO,8499,"Doba Shel",27.7,,,असनिये,सावंतवाडी,33.7,14:00,15:15,ST,,,,
99613,"Asaniye Mauli Mandir To Sawantwadi Via Zolambe","Asaniye Mauli Mandir",Sawantwadi,ZOLAMBE,MO,8578,"Majgaon Nala",31,,,असनिये,सावंतवाडी,33.7,14:00,15:15,ST,,,,
99613,"Asaniye Mauli Mandir To Sawantwadi Via Zolambe","Asaniye Mauli Mandir",Sawantwadi,ZOLAMBE,MO,8663,Sawantwadi,33.7,,,असनिये,सावंतवाडी,33.7,14:00,15:15,ST,,,,
117645,"Sawantwadi To Madura Titha Via Doba Shel",Sawantwadi,"Madura Titha","DOBA SHEL",MO,8663,Sawantwadi,,,,सावंतवाडी,,25,06:00,06:40,ST,,,,
117645,"Sawantwadi To Madura Titha Via Doba Shel",Sawantwadi,"Madura Titha","DOBA SHEL",MO,8578,"Majgaon Nala",3,,,सावंतवाडी,,25,06:00,06:40,ST,,,,
117645,"Sawantwadi To Madura Titha Via Doba Shel",Sawantwadi,"Madura Titha","DOBA SHEL",MO,8499,"Doba Shel",6,,,सावंतवाडी,,25,06:00,06:40,ST,,,,
117645,"Sawantwadi To Madura Titha Via Doba Shel",Sawantwadi,"Madura Titha","DOBA SHEL",MO,8560,Kondwada,8,,,सावंतवाडी,,25,06:00,06:40,ST,,,,
117645,"Sawantwadi To Madura Titha Via Doba Shel",Sawantwadi,"Madura Titha","DOBA SHEL",MO,8544,"Kudav Temb",10,,,सावंतवाडी,,25,06:00,06:40,ST,,,,
117645,"Sawantwadi To Madura Titha Via Doba Shel",Sawantwadi,"Madura Titha","DOBA SHEL",MO,8542,"Khamdev Naka",11,,,सावंतवाडी,,25,06:00,06:40,ST,,,,
117645,"Sawantwadi To Madura Titha Via Doba Shel",Sawantwadi,"Madura Titha","DOBA SHEL",MO,8643,"Sherla Shop",12,,,सावंतवाडी,,25,06:00,06:40,ST,,,,
117645,"Sawantwadi To Madura Titha Via Doba Shel",Sawantwadi,"Madura Titha","DOBA SHEL",MO,8575,"Madura Titha",18,,,सावंतवाडी,,25,06:00,06:40,ST,,,,
10681,"Sawantwadi To Belgaum Via Dodamarg",Sawantwadi,Belgaum,Dodamarg,MO,8663,Sawantwadi,,,,सावंतवाडी,बेळगांव,127.5,06:00,10:30,NOBL,,,,
10681,"Sawantwadi To Belgaum Via Dodamarg",Sawantwadi,Belgaum,Dodamarg,MO,8578,"Majgaon Nala",3.2,,,सावंतवाडी,बेळगांव,127.5,06:00,10:30,NOBL,,,,
10681,"Sawantwadi To Belgaum Via Dodamarg",Sawantwadi,Belgaum,Dodamarg,MO,8499,"Doba Shel",6.5,,,सावंतवाडी,बेळगांव,127.5,06:00,10:30,NOBL,,,,
10681,"Sawantwadi To Belgaum Via Dodamarg",Sawantwadi,Belgaum,Dodamarg,MO,8560,Kondwada,8.6,,,सावंतवाडी,बेळगांव,127.5,06:00,10:30,NOBL,,,,
10681,"Sawantwadi To Belgaum Via Dodamarg",Sawantwadi,Belgaum,Dodamarg,MO,89315,"Exicise Check Post",9,,,सावंतवाडी,बेळगांव,127.5,06:00,10:30,NOBL,,,,
10681,"Sawantwadi To Belgaum Via Dodamarg",Sawantwadi,Belgaum,Dodamarg,MO,8542,"Khamdev Naka",11,,,सावंतवाडी,बेळगांव,127.5,06:00,10:30,NOBL,,,,
10681,"Sawantwadi To Belgaum Via Dodamarg",Sawantwadi,Belgaum,Dodamarg,MO,8486,Banda,12.6,,,सावंतवाडी,बेळगांव,127.5,06:00,10:30,NOBL,,,,
10681,"Sawantwadi To Belgaum Via Dodamarg",Sawantwadi,Belgaum,Dodamarg,MO,8619,Panval,15,,,सावंतवाडी,बेळगांव,127.5,06:00,10:30,NOBL,,,,
10681,"Sawantwadi To Belgaum Via Dodamarg",Sawantwadi,Belgaum,Dodamarg,MO,8503,Degve,16.6,,,सावंतवाडी,बेळगांव,127.5,06:00,10:30,NOBL,,,,
10681,"Sawantwadi To Belgaum Via Dodamarg",Sawantwadi,Belgaum,Dodamarg,MO,8502,"Degve High School",17,,,सावंतवाडी,बेळगांव,127.5,06:00,10:30,NOBL,,,,
10681,"Sawantwadi To Belgaum Via Dodamarg",Sawantwadi,Belgaum,Dodamarg,MO,8558,"Kumbral Fata",18,,,सावंतवाडी,बेळगांव,127.5,06:00,10:30,NOBL,,,,
10681,"Sawantwadi To Belgaum Via Dodamarg",Sawantwadi,Belgaum,Dodamarg,MO,8588,Morgaon,19.2,,,सावंतवाडी,बेळगांव,127.5,06:00,10:30,NOBL,,,,
10681,"Sawantwadi To Belgaum Via Dodamarg",Sawantwadi,Belgaum,Dodamarg,MO,8467,"Adali Mauli Mandir",20.9,,,सावंतवाडी,बेळगांव,127.5,06:00,10:30,NOBL,,,,
10681,"Sawantwadi To Belgaum Via Dodamarg",Sawantwadi,Belgaum,Dodamarg,MO,2366,Kosumbwadi,22,,,सावंतवाडी,बेळगांव,127.5,06:00,10:30,NOBL,,,,
10681,"Sawantwadi To Belgaum Via Dodamarg",Sawantwadi,Belgaum,Dodamarg,MO,2363,Kalane,25.1,,,सावंतवाडी,बेळगांव,127.5,06:00,10:30,NOBL,,,,
10681,"Sawantwadi To Belgaum Via Dodamarg",Sawantwadi,Belgaum,Dodamarg,MO,2268,"Kalne High School",26,,,सावंतवाडी,बेळगांव,127.5,06:00,10:30,NOBL,,,,
10681,"Sawantwadi To Belgaum Via Dodamarg",Sawantwadi,Belgaum,Dodamarg,MO,2269,"Kalane Sada",27,,,सावंतवाडी,बेळगांव,127.5,06:00,10:30,NOBL,,,,
10681,"Sawantwadi To Belgaum Via Dodamarg",Sawantwadi,Belgaum,Dodamarg,MO,2316,Sasoli,29.6,,,सावंतवाडी,बेळगांव,127.5,06:00,10:30,NOBL,,,,
10681,"Sawantwadi To Belgaum Via Dodamarg",Sawantwadi,Belgaum,Dodamarg,MO,2315,"Sasoli Bharpal Titha",30.4,,,सावंतवाडी,बेळगांव,127.5,06:00,10:30,NOBL,,,,
10681,"Sawantwadi To Belgaum Via Dodamarg",Sawantwadi,Belgaum,Dodamarg,MO,2255,Hedus,31.2,,,सावंतवाडी,बेळगांव,127.5,06:00,10:30,NOBL,,,,
10681,"Sawantwadi To Belgaum Via Dodamarg",Sawantwadi,Belgaum,Dodamarg,MO,2288,"Maneri Fata",32,,,सावंतवाडी,बेळगांव,127.5,06:00,10:30,NOBL,,,,
10681,"Sawantwadi To Belgaum Via Dodamarg",Sawantwadi,Belgaum,Dodamarg,MO,2290,Maneri,33.2,,,सावंतवाडी,बेळगांव,127.5,06:00,10:30,NOBL,,,,
10681,"Sawantwadi To Belgaum Via Dodamarg",Sawantwadi,Belgaum,Dodamarg,MO,2247,Dodamarg,36.9,,,सावंतवाडी,बेळगांव,127.5,06:00,10:30,NOBL,,,,
10681,"Sawantwadi To Belgaum Via Dodamarg",Sawantwadi,Belgaum,Dodamarg,MO,2229,Ambeli,39.6,,,सावंतवाडी,बेळगांव,127.5,06:00,10:30,NOBL,,,,
10681,"Sawantwadi To Belgaum Via Dodamarg",Sawantwadi,Belgaum,Dodamarg,MO,2304,"Pal Punarvasan",40,,,सावंतवाडी,बेळगांव,127.5,06:00,10:30,NOBL,,,,
10681,"Sawantwadi To Belgaum Via Dodamarg",Sawantwadi,Belgaum,Dodamarg,MO,2344,"Zare Bambar",42.3,,,सावंतवाडी,बेळगांव,127.5,06:00,10:30,NOBL,,,,
10681,"Sawantwadi To Belgaum Via Dodamarg",Sawantwadi,Belgaum,Dodamarg,MO,2231,"Ainode Punarvasan",42.9,,,सावंतवाडी,बेळगांव,127.5,06:00,10:30,NOBL,,,,
10681,"Sawantwadi To Belgaum Via Dodamarg",Sawantwadi,Belgaum,Dodamarg,MO,2338,Vimantal,43.3,,,सावंतवाडी,बेळगांव,127.5,06:00,10:30,NOBL,,,,
10681,"Sawantwadi To Belgaum Via Dodamarg",Sawantwadi,Belgaum,Dodamarg,MO,2335,"Usap Titta",45,,,सावंतवाडी,बेळगांव,127.5,06:00,10:30,NOBL,,,,
10681,"Sawantwadi To Belgaum Via Dodamarg",Sawantwadi,Belgaum,Dodamarg,MO,2236,"Bhedshi Nadi",45.1,,,सावंतवाडी,बेळगांव,127.5,06:00,10:30,NOBL,,,,
10681,"Sawantwadi To Belgaum Via Dodamarg",Sawantwadi,Belgaum,Dodamarg,MO,2318,"Sateli Bhedashi",46,,,सावंतवाडी,बेळगांव,127.5,06:00,10:30,NOBL,,,,
10681,"Sawantwadi To Belgaum Via Dodamarg",Sawantwadi,Belgaum,Dodamarg,MO,2239,Bhedshi,46.5,,,सावंतवाडी,बेळगांव,127.5,06:00,10:30,NOBL,,,,
10681,"Sawantwadi To Belgaum Via Dodamarg",Sawantwadi,Belgaum,Dodamarg,MO,2232,Awade,47.2,,,सावंतवाडी,बेळगांव,127.5,06:00,10:30,NOBL,,,,
10681,"Sawantwadi To Belgaum Via Dodamarg",Sawantwadi,Belgaum,Dodamarg,MO,2340,Vayangantad,48.8,,,सावंतवाडी,बेळगांव,127.5,06:00,10:30,NOBL,,,,
10681,"Sawantwadi To Belgaum Via Dodamarg",Sawantwadi,Belgaum,Dodamarg,MO,2274,"Konal Katta",49,,,सावंतवाडी,बेळगांव,127.5,06:00,10:30,NOBL,,,,
10681,"Sawantwadi To Belgaum Via Dodamarg",Sawantwadi,Belgaum,Dodamarg,MO,2283,"Londhewadi Mecanic Colony",49.9,,,सावंतवाडी,बेळगांव,127.5,06:00,10:30,NOBL,,,,
10681,"Sawantwadi To Belgaum Via Dodamarg",Sawantwadi,Belgaum,Dodamarg,MO,2329,"Tillari Bank",50,,,सावंतवाडी,बेळगांव,127.5,06:00,10:30,NOBL,,,,
10681,"Sawantwadi To Belgaum Via Dodamarg",Sawantwadi,Belgaum,Dodamarg,MO,2332,Tirali,52.2,,,सावंतवाडी,बेळगांव,127.5,06:00,10:30,NOBL,,,,
10681,"Sawantwadi To Belgaum Via Dodamarg",Sawantwadi,Belgaum,Dodamarg,MO,2279,"Ker Fata",54,,,सावंतवाडी,बेळगांव,127.5,06:00,10:30,NOBL,,,,
10681,"Sawantwadi To Belgaum Via Dodamarg",Sawantwadi,Belgaum,Dodamarg,MO,2302,"Palye Titta",56,,,सावंतवाडी,बेळगांव,127.5,06:00,10:30,NOBL,,,,
10681,"Sawantwadi To Belgaum Via Dodamarg",Sawantwadi,Belgaum,Dodamarg,MO,2284,Medhe,56.3,,,सावंतवाडी,बेळगांव,127.5,06:00,10:30,NOBL,,,,
10681,"Sawantwadi To Belgaum Via Dodamarg",Sawantwadi,Belgaum,Dodamarg,MO,2298,"Nagnath Mandir",57,,,सावंतवाडी,बेळगांव,127.5,06:00,10:30,NOBL,,,,
10681,"Sawantwadi To Belgaum Via Dodamarg",Sawantwadi,Belgaum,Dodamarg,MO,2296,Mulas,58.3,,,सावंतवाडी,बेळगांव,127.5,06:00,10:30,NOBL,,,,
10681,"Sawantwadi To Belgaum Via Dodamarg",Sawantwadi,Belgaum,Dodamarg,MO,2259,"Kharade Bridge",60.2,,,सावंतवाडी,बेळगांव,127.5,06:00,10:30,NOBL,,,,
10681,"Sawantwadi To Belgaum Via Dodamarg",Sawantwadi,Belgaum,Dodamarg,MO,2309,Ranewadi,63.8,,,सावंतवाडी,बेळगांव,127.5,06:00,10:30,NOBL,,,,
10681,"Sawantwadi To Belgaum Via Dodamarg",Sawantwadi,Belgaum,Dodamarg,MO,2241,"Bijghar Colony",64.8,,,सावंतवाडी,बेळगांव,127.5,06:00,10:30,NOBL,,,,
10681,"Sawantwadi To Belgaum Via Dodamarg",Sawantwadi,Belgaum,Dodamarg,MO,24420,Kodali,71.5,,,सावंतवाडी,बेळगांव,127.5,06:00,10:30,NOBL,,,,
10681,"Sawantwadi To Belgaum Via Dodamarg",Sawantwadi,Belgaum,Dodamarg,MO,25845,"Tillari Nagar",73.1,,,सावंतवाडी,बेळगांव,127.5,06:00,10:30,NOBL,,,,
10681,"Sawantwadi To Belgaum Via Dodamarg",Sawantwadi,Belgaum,Dodamarg,MO,24346,Kalasgade,76.2,,,सावंतवाडी,बेळगांव,127.5,06:00,10:30,NOBL,,,,
10681,"Sawantwadi To Belgaum Via Dodamarg",Sawantwadi,Belgaum,Dodamarg,MO,25248,Parle,77.9,,,सावंतवाडी,बेळगांव,127.5,06:00,10:30,NOBL,,,,
10681,"Sawantwadi To Belgaum Via Dodamarg",Sawantwadi,Belgaum,Dodamarg,MO,26109,Zendewadi,78,,,सावंतवाडी,बेळगांव,127.5,06:00,10:30,NOBL,,,,
10681,"Sawantwadi To Belgaum Via Dodamarg",Sawantwadi,Belgaum,Dodamarg,MO,24880,Motanwadi,79.8,,,सावंतवाडी,बेळगांव,127.5,06:00,10:30,NOBL,,,,
10681,"Sawantwadi To Belgaum Via Dodamarg",Sawantwadi,Belgaum,Dodamarg,MO,23391,"Shinde Wadi",80,,,सावंतवाडी,बेळगांव,127.5,06:00,10:30,NOBL,,,,
10681,"Sawantwadi To Belgaum Via Dodamarg",Sawantwadi,Belgaum,Dodamarg,MO,25278,"Patane Gaon",81.7,,,सावंतवाडी,बेळगांव,127.5,06:00,10:30,NOBL,,,,
10681,"Sawantwadi To Belgaum Via Dodamarg",Sawantwadi,Belgaum,Dodamarg,MO,24487,Karanjgaon,84.5,,,सावंतवाडी,बेळगांव,127.5,06:00,10:30,NOBL,,,,
10681,"Sawantwadi To Belgaum Via Dodamarg",Sawantwadi,Belgaum,Dodamarg,MO,23039,Ambewadi,87.8,,,सावंतवाडी,बेळगांव,127.5,06:00,10:30,NOBL,,,,
10681,"Sawantwadi To Belgaum Via Dodamarg",Sawantwadi,Belgaum,Dodamarg,MO,24552,Kitawade,92.5,,,सावंतवाडी,बेळगांव,127.5,06:00,10:30,NOBL,,,,
10681,"Sawantwadi To Belgaum Via Dodamarg",Sawantwadi,Belgaum,Dodamarg,MO,24057,Jangumhatti,94.9,,,सावंतवाडी,बेळगांव,127.5,06:00,10:30,NOBL,,,,
10681,"Sawantwadi To Belgaum Via Dodamarg",Sawantwadi,Belgaum,Dodamarg,MO,23937,"Halkarni Fata",97.2,,,सावंतवाडी,बेळगांव,127.5,06:00,10:30,NOBL,,,,
10681,"Sawantwadi To Belgaum Via Dodamarg",Sawantwadi,Belgaum,Dodamarg,MO,25133,"Patane Fata",98.5,,,सावंतवाडी,बेळगांव,127.5,06:00,10:30,NOBL,,,,
10681,"Sawantwadi To Belgaum Via Dodamarg",Sawantwadi,Belgaum,Dodamarg,MO,24515,Karve,99.5,,,सावंतवाडी,बेळगांव,127.5,06:00,10:30,NOBL,,,,
10681,"Sawantwadi To Belgaum Via Dodamarg",Sawantwadi,Belgaum,Dodamarg,MO,25884,Turkewadi,101.1,,,सावंतवाडी,बेळगांव,127.5,06:00,10:30,NOBL,,,,
10681,"Sawantwadi To Belgaum Via Dodamarg",Sawantwadi,Belgaum,Dodamarg,MO,24562,Kudremani,104.4,,,सावंतवाडी,बेळगांव,127.5,06:00,10:30,NOBL,,,,
10681,"Sawantwadi To Belgaum Via Dodamarg",Sawantwadi,Belgaum,Dodamarg,MO,25678,Shinoli,105.9,,,सावंतवाडी,बेळगांव,127.5,06:00,10:30,NOBL,,,,
10681,"Sawantwadi To Belgaum Via Dodamarg",Sawantwadi,Belgaum,Dodamarg,MO,24417,"Karnataka State Border",108.5,,,सावंतवाडी,बेळगांव,127.5,06:00,10:30,NOBL,,,,
10681,"Sawantwadi To Belgaum Via Dodamarg",Sawantwadi,Belgaum,Dodamarg,MO,73192,"Bachi Krt Border",108.6,,,सावंतवाडी,बेळगांव,127.5,06:00,10:30,NOBL,,,,
10681,"Sawantwadi To Belgaum Via Dodamarg",Sawantwadi,Belgaum,Dodamarg,MO,73513,Hindalga,117.6,,,सावंतवाडी,बेळगांव,127.5,06:00,10:30,NOBL,,,,
10681,"Sawantwadi To Belgaum Via Dodamarg",Sawantwadi,Belgaum,Dodamarg,MO,73207,"Belgaum Rly. Stn.",122.6,,,सावंतवाडी,बेळगांव,127.5,06:00,10:30,NOBL,,,,
10681,"Sawantwadi To Belgaum Via Dodamarg",Sawantwadi,Belgaum,Dodamarg,MO,73214,Belgaum,127.5,,,सावंतवाडी,बेळगांव,127.5,06:00,10:30,NOBL,,,,
11114,"Sawantwadi To Kiranpani Via Goltuv Wadi",Sawantwadi,Kiranpani,"GOLTUV WADI",MO,8663,Sawantwadi,,,,सावंतवाडी,किरणपाणी,42.4,17:30,19:15,ST,,,,
11114,"Sawantwadi To Kiranpani Via Goltuv Wadi",Sawantwadi,Kiranpani,"GOLTUV WADI",MO,8523,"Gulabi Titha",3.3,,,सावंतवाडी,किरणपाणी,42.4,17:30,19:15,ST,,,,
11114,"Sawantwadi To Kiranpani Via Goltuv Wadi",Sawantwadi,Kiranpani,"GOLTUV WADI",MO,8580,Malgaon,5.9,,,सावंतवाडी,किरणपाणी,42.4,17:30,19:15,ST,,,,
11114,"Sawantwadi To Kiranpani Via Goltuv Wadi",Sawantwadi,Kiranpani,"GOLTUV WADI",MO,8674,"Vengurle Shiroda Titha",6.3,,,सावंतवाडी,किरणपाणी,42.4,17:30,19:15,ST,,,,
11114,"Sawantwadi To Kiranpani Via Goltuv Wadi",Sawantwadi,Kiranpani,"GOLTUV WADI",MO,8665,"Sawantwadi Rly. Stn.",7.4,,,सावंतवाडी,किरणपाणी,42.4,17:30,19:15,ST,,,,
11114,"Sawantwadi To Kiranpani Via Goltuv Wadi",Sawantwadi,Kiranpani,"GOLTUV WADI",MO,8609,"Nirawade Bazar",8.5,,,सावंतवाडी,किरणपाणी,42.4,17:30,19:15,ST,,,,
11114,"Sawantwadi To Kiranpani Via Goltuv Wadi",Sawantwadi,Kiranpani,"GOLTUV WADI",MO,8599,"Nirawade Tiles Factory",9.3,,,सावंतवाडी,किरणपाणी,42.4,17:30,19:15,ST,,,,
11114,"Sawantwadi To Kiranpani Via Goltuv Wadi",Sawantwadi,Kiranpani,"GOLTUV WADI",MO,8614,"Nhaveli School",12.5,,,सावंतवाडी,किरणपाणी,42.4,17:30,19:15,ST,,,,
11114,"Sawantwadi To Kiranpani Via Goltuv Wadi",Sawantwadi,Kiranpani,"GOLTUV WADI",MO,9855,"Ghodemukh Matond",13.9,,,सावंतवाडी,किरणपाणी,42.4,17:30,19:15,ST,,,,
11114,"Sawantwadi To Kiranpani Via Goltuv Wadi",Sawantwadi,Kiranpani,"GOLTUV WADI",MO,8517,"Forest Chouki",15.8,,,सावंतवाडी,किरणपाणी,42.4,17:30,19:15,ST,,,,
11114,"Sawantwadi To Kiranpani Via Goltuv Wadi",Sawantwadi,Kiranpani,"GOLTUV WADI",MO,9833,"Warachi Malewad",16.2,,,सावंतवाडी,किरणपाणी,42.4,17:30,19:15,ST,,,,
11114,"Sawantwadi To Kiranpani Via Goltuv Wadi",Sawantwadi,Kiranpani,"GOLTUV WADI",MO,9703,"Malewad Hedulwadi",18.2,,,सावंतवाडी,किरणपाणी,42.4,17:30,19:15,ST,,,,
11114,"Sawantwadi To Kiranpani Via Goltuv Wadi",Sawantwadi,Kiranpani,"GOLTUV WADI",MO,9704,"Malewad Naka",19.1,,,सावंतवाडी,किरणपाणी,42.4,17:30,19:15,ST,,,,
11114,"Sawantwadi To Kiranpani Via Goltuv Wadi",Sawantwadi,Kiranpani,"GOLTUV WADI",MO,9705,"Malewad Ranewadi",21,,,सावंतवाडी,किरणपाणी,42.4,17:30,19:15,ST,,,,
11114,"Sawantwadi To Kiranpani Via Goltuv Wadi",Sawantwadi,Kiranpani,"GOLTUV WADI",MO,9680,Khari,24.2,,,सावंतवाडी,किरणपाणी,42.4,17:30,19:15,ST,,,,
11114,"Sawantwadi To Kiranpani Via Goltuv Wadi",Sawantwadi,Kiranpani,"GOLTUV WADI",MO,8472,Aronda,26.9,,,सावंतवाडी,किरणपाणी,42.4,17:30,19:15,ST,,,,
11114,"Sawantwadi To Kiranpani Via Goltuv Wadi",Sawantwadi,Kiranpani,"GOLTUV WADI",MO,9687,Kiranpani,27.7,,,सावंतवाडी,किरणपाणी,42.4,17:30,19:15,ST,,,,
11114,"Sawantwadi To Kiranpani Via Goltuv Wadi",Sawantwadi,Kiranpani,"GOLTUV WADI",MO,9588,Agralwadi,30.4,,,सावंतवाडी,किरणपाणी,42.4,17:30,19:15,ST,,,,
11114,"Sawantwadi To Kiranpani Via Goltuv Wadi",Sawantwadi,Kiranpani,"GOLTUV WADI",MO,9614,Bhatpawani,32.1,,,सावंतवाडी,किरणपाणी,42.4,17:30,19:15,ST,,,,
11114,"Sawantwadi To Kiranpani Via Goltuv Wadi",Sawantwadi,Kiranpani,"GOLTUV WADI",MO,9729,"Nagoba Mandir",35.8,,,सावंतवाडी,किरणपाणी,42.4,17:30,19:15,ST,,,,
11114,"Sawantwadi To Kiranpani Via Goltuv Wadi",Sawantwadi,Kiranpani,"GOLTUV WADI",MO,9646,"Goltuv Wadi",36.7,,,सावंतवाडी,किरणपाणी,42.4,17:30,19:15,ST,,,,
11114,"Sawantwadi To Kiranpani Via Goltuv Wadi",Sawantwadi,Kiranpani,"GOLTUV WADI",MO,9729,"Nagoba Mandir",37.6,,,सावंतवाडी,किरणपाणी,42.4,17:30,19:15,ST,,,,
11114,"Sawantwadi To Kiranpani Via Goltuv Wadi",Sawantwadi,Kiranpani,"GOLTUV WADI",MO,9588,Agralwadi,41.4,,,सावंतवाडी,किरणपाणी,42.4,17:30,19:15,ST,,,,
11114,"Sawantwadi To Kiranpani Via Goltuv Wadi",Sawantwadi,Kiranpani,"GOLTUV WADI",MO,9687,Kiranpani,42.4,,,सावंतवाडी,किरणपाणी,42.4,17:30,19:15,ST,,,,
11122,"Sawantwadi To Bhatpawani",Sawantwadi,Bhatpawani,,MO,8663,Sawantwadi,,,,सावंतवाडी,भटपावणी,33,09:00,10:30,OBL,,,,
11122,"Sawantwadi To Bhatpawani",Sawantwadi,Bhatpawani,,MO,8523,"Gulabi Titha",3.3,,,सावंतवाडी,भटपावणी,33,09:00,10:30,OBL,,,,
11122,"Sawantwadi To Bhatpawani",Sawantwadi,Bhatpawani,,MO,8580,Malgaon,5,,,सावंतवाडी,भटपावणी,33,09:00,10:30,OBL,,,,
11122,"Sawantwadi To Bhatpawani",Sawantwadi,Bhatpawani,,MO,8674,"Vengurle Shiroda Titha",6.3,,,सावंतवाडी,भटपावणी,33,09:00,10:30,OBL,,,,
11122,"Sawantwadi To Bhatpawani",Sawantwadi,Bhatpawani,,MO,8665,"Sawantwadi Rly. Stn.",7,,,सावंतवाडी,भटपावणी,33,09:00,10:30,OBL,,,,
11122,"Sawantwadi To Bhatpawani",Sawantwadi,Bhatpawani,,MO,8609,"Nirawade Bazar",9.2,,,सावंतवाडी,भटपावणी,33,09:00,10:30,OBL,,,,
11122,"Sawantwadi To Bhatpawani",Sawantwadi,Bhatpawani,,MO,8599,"Nirawade Tiles Factory",9.3,,,सावंतवाडी,भटपावणी,33,09:00,10:30,OBL,,,,
11122,"Sawantwadi To Bhatpawani",Sawantwadi,Bhatpawani,,MO,8614,"Nhaveli School",12.5,,,सावंतवाडी,भटपावणी,33,09:00,10:30,OBL,,,,
11122,"Sawantwadi To Bhatpawani",Sawantwadi,Bhatpawani,,MO,9855,"Ghodemukh Matond",12.7,,,सावंतवाडी,भटपावणी,33,09:00,10:30,OBL,,,,
11122,"Sawantwadi To Bhatpawani",Sawantwadi,Bhatpawani,,MO,8517,"Forest Chouki",15.8,,,सावंतवाडी,भटपावणी,33,09:00,10:30,OBL,,,,
11122,"Sawantwadi To Bhatpawani",Sawantwadi,Bhatpawani,,MO,9833,"Warachi Malewad",18.1,,,सावंतवाडी,भटपावणी,33,09:00,10:30,OBL,,,,
11122,"Sawantwadi To Bhatpawani",Sawantwadi,Bhatpawani,,MO,9703,"Malewad Hedulwadi",18.2,,,सावंतवाडी,भटपावणी,33,09:00,10:30,OBL,,,,
11122,"Sawantwadi To Bhatpawani",Sawantwadi,Bhatpawani,,MO,9704,"Malewad Naka",19.1,,,सावंतवाडी,भटपावणी,33,09:00,10:30,OBL,,,,
11122,"Sawantwadi To Bhatpawani",Sawantwadi,Bhatpawani,,MO,9705,"Malewad Ranewadi",21,,,सावंतवाडी,भटपावणी,33,09:00,10:30,OBL,,,,
11122,"Sawantwadi To Bhatpawani",Sawantwadi,Bhatpawani,,MO,9680,Khari,24.2,,,सावंतवाडी,भटपावणी,33,09:00,10:30,OBL,,,,
11122,"Sawantwadi To Bhatpawani",Sawantwadi,Bhatpawani,,MO,8472,Aronda,26.9,,,सावंतवाडी,भटपावणी,33,09:00,10:30,OBL,,,,
11122,"Sawantwadi To Bhatpawani",Sawantwadi,Bhatpawani,,MO,9687,Kiranpani,27.7,,,सावंतवाडी,भटपावणी,33,09:00,10:30,OBL,,,,
11122,"Sawantwadi To Bhatpawani",Sawantwadi,Bhatpawani,,MO,8472,Aronda,28.3,,,सावंतवाडी,भटपावणी,33,09:00,10:30,OBL,,,,
11122,"Sawantwadi To Bhatpawani",Sawantwadi,Bhatpawani,,MO,9588,Agralwadi,30.4,,,सावंतवाडी,भटपावणी,33,09:00,10:30,OBL,,,,
11122,"Sawantwadi To Bhatpawani",Sawantwadi,Bhatpawani,,MO,9614,Bhatpawani,33,,,सावंतवाडी,भटपावणी,33,09:00,10:30,OBL,,,,
11123,"Sawantwadi To Dapoli Via Deorukh",Sawantwadi,Dapoli,DEORUKH,MO,8663,Sawantwadi,,,,सावंतवाडी,दापोली,315.1,08:00,17:00,NOBL,,,,
11123,"Sawantwadi To Dapoli Via Deorukh",Sawantwadi,Dapoli,DEORUKH,MO,8551,"Kolgaon Thita",3,,,सावंतवाडी,दापोली,315.1,08:00,17:00,NOBL,,,,
11123,"Sawantwadi To Dapoli Via Deorukh",Sawantwadi,Dapoli,DEORUKH,MO,6101,Akeri,5.9,,,सावंतवाडी,दापोली,315.1,08:00,17:00,NOBL,,,,
11123,"Sawantwadi To Dapoli Via Deorukh",Sawantwadi,Dapoli,DEORUKH,MO,6231,"Khan Mohalla",8.5,,,सावंतवाडी,दापोली,315.1,08:00,17:00,NOBL,,,,
11123,"Sawantwadi To Dapoli Via Deorukh",Sawantwadi,Dapoli,DEORUKH,MO,6474,"Zharap Titha",11.4,,,सावंतवाडी,दापोली,315.1,08:00,17:00,NOBL,,,,
11123,"Sawantwadi To Dapoli Via Deorukh",Sawantwadi,Dapoli,DEORUKH,MO,6322,"Mandkuli Fata",15,,,सावंतवाडी,दापोली,315.1,08:00,17:00,NOBL,,,,
11123,"Sawantwadi To Dapoli Via Deorukh",Sawantwadi,Dapoli,DEORUKH,MO,6302,"Modka Wad Pinguli",16,,,सावंतवाडी,दापोली,315.1,08:00,17:00,NOBL,,,,
11123,"Sawantwadi To Dapoli Via Deorukh",Sawantwadi,Dapoli,DEORUKH,MO,6237,"Kudal St Depot",20.7,,,सावंतवाडी,दापोली,315.1,08:00,17:00,NOBL,,,,
11123,"Sawantwadi To Dapoli Via Deorukh",Sawantwadi,Dapoli,DEORUKH,MO,6240,"Kudal St Depot",21.2,,,सावंतवाडी,दापोली,315.1,08:00,17:00,NOBL,,,,
11123,"Sawantwadi To Dapoli Via Deorukh",Sawantwadi,Dapoli,DEORUKH,MO,6380,"Pawashi Panchayat",23,,,सावंतवाडी,दापोली,315.1,08:00,17:00,NOBL,,,,
11123,"Sawantwadi To Dapoli Via Deorukh",Sawantwadi,Dapoli,DEORUKH,MO,88100,Vetalbambarde,26,,,सावंतवाडी,दापोली,315.1,08:00,17:00,NOBL,,,,
11123,"Sawantwadi To Dapoli Via Deorukh",Sawantwadi,Dapoli,DEORUKH,MO,6961,Pendur,29,,,सावंतवाडी,दापोली,315.1,08:00,17:00,NOBL,,,,
11123,"Sawantwadi To Dapoli Via Deorukh",Sawantwadi,Dapoli,DEORUKH,MO,6206,"Humarmala Rane Dukan",33,,,सावंतवाडी,दापोली,315.1,08:00,17:00,NOBL,,,,
11123,"Sawantwadi To Dapoli Via Deorukh",Sawantwadi,Dapoli,DEORUKH,MO,6362,"Oros Bus Stnad",36,,,सावंतवाडी,दापोली,315.1,08:00,17:00,NOBL,,,,
11123,"Sawantwadi To Dapoli Via Deorukh",Sawantwadi,Dapoli,DEORUKH,MO,6226,"Jaitapkar Colany",37,,,सावंतवाडी,दापोली,315.1,08:00,17:00,NOBL,,,,
11123,"Sawantwadi To Dapoli Via Deorukh",Sawantwadi,Dapoli,DEORUKH,MO,6116,Awali,40,,,सावंतवाडी,दापोली,315.1,08:00,17:00,NOBL,,,,
11123,"Sawantwadi To Dapoli Via Deorukh",Sawantwadi,Dapoli,DEORUKH,MO,6281,Kasal,41.4,,,सावंतवाडी,दापोली,315.1,08:00,17:00,NOBL,,,,
11123,"Sawantwadi To Dapoli Via Deorukh",Sawantwadi,Dapoli,DEORUKH,MO,2890,"Osargaon Post",45.7,,,सावंतवाडी,दापोली,315.1,08:00,17:00,NOBL,,,,
11123,"Sawantwadi To Dapoli Via Deorukh",Sawantwadi,Dapoli,DEORUKH,MO,2891,"Osargaon Talav",48.6,,,सावंतवाडी,दापोली,315.1,08:00,17:00,NOBL,,,,
11123,"Sawantwadi To Dapoli Via Deorukh",Sawantwadi,Dapoli,DEORUKH,MO,2692,Dangalwadi,49.7,,,सावंतवाडी,दापोली,315.1,08:00,17:00,NOBL,,,,
11123,"Sawantwadi To Dapoli Via Deorukh",Sawantwadi,Dapoli,DEORUKH,MO,3001,"Wagade Gpo",50.6,,,सावंतवाडी,दापोली,315.1,08:00,17:00,NOBL,,,,
11123,"Sawantwadi To Dapoli Via Deorukh",Sawantwadi,Dapoli,DEORUKH,MO,2786,Kankavli,55.8,,,सावंतवाडी,दापोली,315.1,08:00,17:00,NOBL,,,,
11123,"Sawantwadi To Dapoli Via Deorukh",Sawantwadi,Dapoli,DEORUKH,MO,2768,"Janavali Gavthanwadi",59.6,,,सावंतवाडी,दापोली,315.1,08:00,17:00,NOBL,,,,
11123,"Sawantwadi To Dapoli Via Deorukh",Sawantwadi,Dapoli,DEORUKH,MO,2756,"Humrat Titha",63.9,,,सावंतवाडी,दापोली,315.1,08:00,17:00,NOBL,,,,
11123,"Sawantwadi To Dapoli Via Deorukh",Sawantwadi,Dapoli,DEORUKH,MO,2655,Belane,66.1,,,सावंतवाडी,दापोली,315.1,08:00,17:00,NOBL,,,,
11123,"Sawantwadi To Dapoli Via Deorukh",Sawantwadi,Dapoli,DEORUKH,MO,2870,"Nandgaon Datta Mandir",68.5,,,सावंतवाडी,दापोली,315.1,08:00,17:00,NOBL,,,,
11123,"Sawantwadi To Dapoli Via Deorukh",Sawantwadi,Dapoli,DEORUKH,MO,2871,"Nandgaon Fata",70,,,सावंतवाडी,दापोली,315.1,08:00,17:00,NOBL,,,,
11123,"Sawantwadi To Dapoli Via Deorukh",Sawantwadi,Dapoli,DEORUKH,MO,2872,"Nandgaon Nursary",72,,,सावंतवाडी,दापोली,315.1,08:00,17:00,NOBL,,,,
11123,"Sawantwadi To Dapoli Via Deorukh",Sawantwadi,Dapoli,DEORUKH,MO,2673,"Bramhan Wadi",75.8,,,सावंतवाडी,दापोली,315.1,08:00,17:00,NOBL,,,,
11123,"Sawantwadi To Dapoli Via Deorukh",Sawantwadi,Dapoli,DEORUKH,MO,2982,Tarla,78.8,,,सावंतवाडी,दापोली,315.1,08:00,17:00,NOBL,,,,
11123,"Sawantwadi To Dapoli Via Deorukh",Sawantwadi,Dapoli,DEORUKH,MO,2941,Saliste,83.7,,,सावंतवाडी,दापोली,315.1,08:00,17:00,NOBL,,,,
11123,"Sawantwadi To Dapoli Via Deorukh",Sawantwadi,Dapoli,DEORUKH,MO,3010,Wargaon,86.4,,,सावंतवाडी,दापोली,315.1,08:00,17:00,NOBL,,,,
11123,"Sawantwadi To Dapoli Via Deorukh",Sawantwadi,Dapoli,DEORUKH,MO,2863,Nadgive,89.6,,,सावंतवाडी,दापोली,315.1,08:00,17:00,NOBL,,,,
11123,"Sawantwadi To Dapoli Via Deorukh",Sawantwadi,Dapoli,DEORUKH,MO,2812,Kharepatan,92.9,,,सावंतवाडी,दापोली,315.1,08:00,17:00,NOBL,,,,
11123,"Sawantwadi To Dapoli Via Deorukh",Sawantwadi,Dapoli,DEORUKH,MO,15236,"Takewadi School",96,,,सावंतवाडी,दापोली,315.1,08:00,17:00,NOBL,,,,
11123,"Sawantwadi To Dapoli Via Deorukh",Sawantwadi,Dapoli,DEORUKH,MO,14879,Panhale,98.4,,,सावंतवाडी,दापोली,315.1,08:00,17:00,NOBL,,,,
11123,"Sawantwadi To Dapoli Via Deorukh",Sawantwadi,Dapoli,DEORUKH,MO,14651,Kondye,101,,,सावंतवाडी,दापोली,315.1,08:00,17:00,NOBL,,,,
11123,"Sawantwadi To Dapoli Via Deorukh",Sawantwadi,Dapoli,DEORUKH,MO,14521,"Hativale Jaitapur Fata",104.9,,,सावंतवाडी,दापोली,315.1,08:00,17:00,NOBL,,,,
11123,"Sawantwadi To Dapoli Via Deorukh",Sawantwadi,Dapoli,DEORUKH,MO,14473,"Ganga Tirtha Fata",109.5,,,सावंतवाडी,दापोली,315.1,08:00,17:00,NOBL,,,,
11123,"Sawantwadi To Dapoli Via Deorukh",Sawantwadi,Dapoli,DEORUKH,MO,15006,Rajapur,113.3,,,सावंतवाडी,दापोली,315.1,08:00,17:00,NOBL,,,,
11123,"Sawantwadi To Dapoli Via Deorukh",Sawantwadi,Dapoli,DEORUKH,MO,14615,"Kodavali School",117,,,सावंतवाडी,दापोली,315.1,08:00,17:00,NOBL,,,,
11123,"Sawantwadi To Dapoli Via Deorukh",Sawantwadi,Dapoli,DEORUKH,MO,14831,Nerke,118.6,,,सावंतवाडी,दापोली,315.1,08:00,17:00,NOBL,,,,
11123,"Sawantwadi To Dapoli Via Deorukh",Sawantwadi,Dapoli,DEORUKH,MO,14574,"Kharavate Village/Sorap Shop",119.4,,,सावंतवाडी,दापोली,315.1,08:00,17:00,NOBL,,,,
11123,"Sawantwadi To Dapoli Via Deorukh",Sawantwadi,Dapoli,DEORUKH,MO,14719,"Kharavate Fata",120.3,,,सावंतवाडी,दापोली,315.1,08:00,17:00,NOBL,,,,
11123,"Sawantwadi To Dapoli Via Deorukh",Sawantwadi,Dapoli,DEORUKH,MO,89331,Oni,124,,,सावंतवाडी,दापोली,315.1,08:00,17:00,NOBL,,,,
11123,"Sawantwadi To Dapoli Via Deorukh",Sawantwadi,Dapoli,DEORUKH,MO,15325,"Yerdav Fata",125.8,,,सावंतवाडी,दापोली,315.1,08:00,17:00,NOBL,,,,
11123,"Sawantwadi To Dapoli Via Deorukh",Sawantwadi,Dapoli,DEORUKH,MO,15316,"Watul Titha",128.7,,,सावंतवाडी,दापोली,315.1,08:00,17:00,NOBL,,,,
11123,"Sawantwadi To Dapoli Via Deorukh",Sawantwadi,Dapoli,DEORUKH,MO,77152,"Vilavade Rashan Shop",132.1,,,सावंतवाडी,दापोली,315.1,08:00,17:00,NOBL,,,,
11123,"Sawantwadi To Dapoli Via Deorukh",Sawantwadi,Dapoli,DEORUKH,MO,77185,"Whel Fata",134.3,,,सावंतवाडी,दापोली,315.1,08:00,17:00,NOBL,,,,
11123,"Sawantwadi To Dapoli Via Deorukh",Sawantwadi,Dapoli,DEORUKH,MO,76109,"Bhambed Sutarwadi",137.3,,,सावंतवाडी,दापोली,315.1,08:00,17:00,NOBL,,,,
11123,"Sawantwadi To Dapoli Via Deorukh",Sawantwadi,Dapoli,DEORUKH,MO,76117,Bhambed,140,,,सावंतवाडी,दापोली,315.1,08:00,17:00,NOBL,,,,
11123,"Sawantwadi To Dapoli Via Deorukh",Sawantwadi,Dapoli,DEORUKH,MO,76592,"Korle Lanja Fata",142,,,सावंतवाडी,दापोली,315.1,08:00,17:00,NOBL,,,,
11123,"Sawantwadi To Dapoli Via Deorukh",Sawantwadi,Dapoli,DEORUKH,MO,76398,"Govil Maruti Mandir",146.4,,,सावंतवाडी,दापोली,315.1,08:00,17:00,NOBL,,,,
11123,"Sawantwadi To Dapoli Via Deorukh",Sawantwadi,Dapoli,DEORUKH,MO,76401,"Govil Pal Fata",147.1,,,सावंतवाडी,दापोली,315.1,08:00,17:00,NOBL,,,,
11123,"Sawantwadi To Dapoli Via Deorukh",Sawantwadi,Dapoli,DEORUKH,MO,77033,"Shiposhi Ozar",150.6,,,सावंतवाडी,दापोली,315.1,08:00,17:00,NOBL,,,,
11123,"Sawantwadi To Dapoli Via Deorukh",Sawantwadi,Dapoli,DEORUKH,MO,77039,"Shiposhi Phanas",151.5,,,सावंतवाडी,दापोली,315.1,08:00,17:00,NOBL,,,,
11123,"Sawantwadi To Dapoli Via Deorukh",Sawantwadi,Dapoli,DEORUKH,MO,11529,Dabhol,156.8,,,सावंतवाडी,दापोली,315.1,08:00,17:00,NOBL,,,,
11123,"Sawantwadi To Dapoli Via Deorukh",Sawantwadi,Dapoli,DEORUKH,MO,76684,"Medhe Supewadi",159.7,,,सावंतवाडी,दापोली,315.1,08:00,17:00,NOBL,,,,
11123,"Sawantwadi To Dapoli Via Deorukh",Sawantwadi,Dapoli,DEORUKH,MO,77000,Sakharpa,163.7,,,सावंतवाडी,दापोली,315.1,08:00,17:00,NOBL,,,,
11123,"Sawantwadi To Dapoli Via Deorukh",Sawantwadi,Dapoli,DEORUKH,MO,76409,"Gowal Shevare Stop",168.8,,,सावंतवाडी,दापोली,315.1,08:00,17:00,NOBL,,,,
11123,"Sawantwadi To Dapoli Via Deorukh",Sawantwadi,Dapoli,DEORUKH,MO,76750,"Marleshwar Fata",174.5,,,सावंतवाडी,दापोली,315.1,08:00,17:00,NOBL,,,,
11123,"Sawantwadi To Dapoli Via Deorukh",Sawantwadi,Dapoli,DEORUKH,MO,76289,"Deorukh Old Road",177.8,,,सावंतवाडी,दापोली,315.1,08:00,17:00,NOBL,,,,
11123,"Sawantwadi To Dapoli Via Deorukh",Sawantwadi,Dapoli,DEORUKH,MO,76288,Deorukh,181.4,,,सावंतवाडी,दापोली,315.1,08:00,17:00,NOBL,,,,
11123,"Sawantwadi To Dapoli Via Deorukh",Sawantwadi,Dapoli,DEORUKH,MO,76944,Sadawali,184.4,,,सावंतवाडी,दापोली,315.1,08:00,17:00,NOBL,,,,
11123,"Sawantwadi To Dapoli Via Deorukh",Sawantwadi,Dapoli,DEORUKH,MO,76476,Kausumb,188.1,,,सावंतवाडी,दापोली,315.1,08:00,17:00,NOBL,,,,
11123,"Sawantwadi To Dapoli Via Deorukh",Sawantwadi,Dapoli,DEORUKH,MO,76168,Burambi,193.4,,,सावंतवाडी,दापोली,315.1,08:00,17:00,NOBL,,,,
11123,"Sawantwadi To Dapoli Via Deorukh",Sawantwadi,Dapoli,DEORUKH,MO,77014,Sangameshwar,195,,,सावंतवाडी,दापोली,315.1,08:00,17:00,NOBL,,,,
11123,"Sawantwadi To Dapoli Via Deorukh",Sawantwadi,Dapoli,DEORUKH,MO,76653,Lovale,196,,,सावंतवाडी,दापोली,315.1,08:00,17:00,NOBL,,,,
11123,"Sawantwadi To Dapoli Via Deorukh",Sawantwadi,Dapoli,DEORUKH,MO,76041,"Ambadi Budruk",202.8,,,सावंतवाडी,दापोली,315.1,08:00,17:00,NOBL,,,,
11123,"Sawantwadi To Dapoli Via Deorukh",Sawantwadi,Dapoli,DEORUKH,MO,77119,Tural,213,,,सावंतवाडी,दापोली,315.1,08:00,17:00,NOBL,,,,
11123,"Sawantwadi To Dapoli Via Deorukh",Sawantwadi,Dapoli,DEORUKH,MO,76077,"Arawali High School",218.2,,,सावंतवाडी,दापोली,315.1,08:00,17:00,NOBL,,,,
11123,"Sawantwadi To Dapoli Via Deorukh",Sawantwadi,Dapoli,DEORUKH,MO,10233,"Asurde .",224.3,,,सावंतवाडी,दापोली,315.1,08:00,17:00,NOBL,,,,
11123,"Sawantwadi To Dapoli Via Deorukh",Sawantwadi,Dapoli,DEORUKH,MO,11229,Sawarde,230.4,,,सावंतवाडी,दापोली,315.1,08:00,17:00,NOBL,,,,
11123,"Sawantwadi To Dapoli Via Deorukh",Sawantwadi,Dapoli,DEORUKH,MO,10602,Kandamale,233.4,,,सावंतवाडी,दापोली,315.1,08:00,17:00,NOBL,,,,
11123,"Sawantwadi To Dapoli Via Deorukh",Sawantwadi,Dapoli,DEORUKH,MO,10612,Kamathe,240.3,,,सावंतवाडी,दापोली,315.1,08:00,17:00,NOBL,,,,
11123,"Sawantwadi To Dapoli Via Deorukh",Sawantwadi,Dapoli,DEORUKH,MO,10761,Kapsal,242.7,,,सावंतवाडी,दापोली,315.1,08:00,17:00,NOBL,,,,
11123,"Sawantwadi To Dapoli Via Deorukh",Sawantwadi,Dapoli,DEORUKH,MO,10379,Chiplun,245.6,,,सावंतवाडी,दापोली,315.1,08:00,17:00,NOBL,,,,
11123,"Sawantwadi To Dapoli Via Deorukh",Sawantwadi,Dapoli,DEORUKH,MO,10242,"Bahadur Shaikh Naka",248.6,,,सावंतवाडी,दापोली,315.1,08:00,17:00,NOBL,,,,
11123,"Sawantwadi To Dapoli Via Deorukh",Sawantwadi,Dapoli,DEORUKH,MO,10988,"Pharshi Titha",254,,,सावंतवाडी,दापोली,315.1,08:00,17:00,NOBL,,,,
11123,"Sawantwadi To Dapoli Via Deorukh",Sawantwadi,Dapoli,DEORUKH,MO,11074,Parshuram,257,,,सावंतवाडी,दापोली,315.1,08:00,17:00,NOBL,,,,
11123,"Sawantwadi To Dapoli Via Deorukh",Sawantwadi,Dapoli,DEORUKH,MO,77914,Pinlote,260,,,सावंतवाडी,दापोली,315.1,08:00,17:00,NOBL,,,,
11123,"Sawantwadi To Dapoli Via Deorukh",Sawantwadi,Dapoli,DEORUKH,MO,77771,Lote,263,,,सावंतवाडी,दापोली,315.1,08:00,17:00,NOBL,,,,
11123,"Sawantwadi To Dapoli Via Deorukh",Sawantwadi,Dapoli,DEORUKH,MO,77265,Awashi,265.6,,,सावंतवाडी,दापोली,315.1,08:00,17:00,NOBL,,,,
11123,"Sawantwadi To Dapoli Via Deorukh",Sawantwadi,Dapoli,DEORUKH,MO,77419,Dabhil,269.6,,,सावंतवाडी,दापोली,315.1,08:00,17:00,NOBL,,,,
11123,"Sawantwadi To Dapoli Via Deorukh",Sawantwadi,Dapoli,DEORUKH,MO,77788,"Morawande High School",275.5,,,सावंतवाडी,दापोली,315.1,08:00,17:00,NOBL,,,,
11123,"Sawantwadi To Dapoli Via Deorukh",Sawantwadi,Dapoli,DEORUKH,MO,76025,"Bharna Naka",280.8,,,सावंतवाडी,दापोली,315.1,08:00,17:00,NOBL,,,,
11123,"Sawantwadi To Dapoli Via Deorukh",Sawantwadi,Dapoli,DEORUKH,MO,77646,Khed,283.5,,,सावंतवाडी,दापोली,315.1,08:00,17:00,NOBL,,,,
11123,"Sawantwadi To Dapoli Via Deorukh",Sawantwadi,Dapoli,DEORUKH,MO,77393,"Chinchghar Tise",287,,,सावंतवाडी,दापोली,315.1,08:00,17:00,NOBL,,,,
11123,"Sawantwadi To Dapoli Via Deorukh",Sawantwadi,Dapoli,DEORUKH,MO,77454,Dasturi,288,,,सावंतवाडी,दापोली,315.1,08:00,17:00,NOBL,,,,
11123,"Sawantwadi To Dapoli Via Deorukh",Sawantwadi,Dapoli,DEORUKH,MO,11810,"Mandangad Fata",289.3,,,सावंतवाडी,दापोली,315.1,08:00,17:00,NOBL,,,,
11123,"Sawantwadi To Dapoli Via Deorukh",Sawantwadi,Dapoli,DEORUKH,MO,77481,Furus,292.4,,,सावंतवाडी,दापोली,315.1,08:00,17:00,NOBL,,,,
11123,"Sawantwadi To Dapoli Via Deorukh",Sawantwadi,Dapoli,DEORUKH,MO,12161,Wakavali,298.4,,,सावंतवाडी,दापोली,315.1,08:00,17:00,NOBL,,,,
11123,"Sawantwadi To Dapoli Via Deorukh",Sawantwadi,Dapoli,DEORUKH,MO,11738,Kumbhar,301,,,सावंतवाडी,दापोली,315.1,08:00,17:00,NOBL,,,,
11123,"Sawantwadi To Dapoli Via Deorukh",Sawantwadi,Dapoli,DEORUKH,MO,11858,Nargoli,303.9,,,सावंतवाडी,दापोली,315.1,08:00,17:00,NOBL,,,,
11123,"Sawantwadi To Dapoli Via Deorukh",Sawantwadi,Dapoli,DEORUKH,MO,12064,"Talsare School",306.5,,,सावंतवाडी,दापोली,315.1,08:00,17:00,NOBL,,,,
11123,"Sawantwadi To Dapoli Via Deorukh",Sawantwadi,Dapoli,DEORUKH,MO,11572,Dapoli,315.05,,,सावंतवाडी,दापोली,315.1,08:00,17:00,NOBL,,,,
11158,"Sawantwadi To Netarde",Sawantwadi,Netarde,,MO,8663,Sawantwadi,,,,सावंतवाडी,नेतार्डा,23.8,12:30,13:35,ST,,,,
11158,"Sawantwadi To Netarde",Sawantwadi,Netarde,,MO,8578,"Majgaon Nala",3.2,,,सावंतवाडी,नेतार्डा,23.8,12:30,13:35,ST,,,,
11158,"Sawantwadi To Netarde",Sawantwadi,Netarde,,MO,8499,"Doba Shel",6.5,,,सावंतवाडी,नेतार्डा,23.8,12:30,13:35,ST,,,,
11158,"Sawantwadi To Netarde",Sawantwadi,Netarde,,MO,8560,Kondwada,8.6,,,सावंतवाडी,नेतार्डा,23.8,12:30,13:35,ST,,,,
11158,"Sawantwadi To Netarde",Sawantwadi,Netarde,,MO,89315,"Exicise Check Post",9,,,सावंतवाडी,नेतार्डा,23.8,12:30,13:35,ST,,,,
11158,"Sawantwadi To Netarde",Sawantwadi,Netarde,,MO,8486,Banda,12.6,,,सावंतवाडी,नेतार्डा,23.8,12:30,13:35,ST,,,,
11158,"Sawantwadi To Netarde",Sawantwadi,Netarde,,MO,8635,"Patradevi Goa Border",15.3,,,सावंतवाडी,नेतार्डा,23.8,12:30,13:35,ST,,,,
11158,"Sawantwadi To Netarde",Sawantwadi,Netarde,,MO,8524,Galel,18.2,,,सावंतवाडी,नेतार्डा,23.8,12:30,13:35,ST,,,,
11158,"Sawantwadi To Netarde",Sawantwadi,Netarde,,MO,8515,"Fakir Fata",19.7,,,सावंतवाडी,नेतार्डा,23.8,12:30,13:35,ST,,,,
11158,"Sawantwadi To Netarde",Sawantwadi,Netarde,,MO,8593,"Netarde Chavata",23.8,,,सावंतवाडी,नेतार्डा,23.8,12:30,13:35,ST,,,,
11158,"Sawantwadi To Netarde",Sawantwadi,Netarde,,MO,8612,Netarde,23.8,,,सावंतवाडी,नेतार्डा,23.8,12:30,13:35,ST,,,,
11178,"Sawantwadi To Shirshinge Gothavewadi",Sawantwadi,"Shirshinge Gothavewadi",,MO,8663,Sawantwadi,,,,सावंतवाडी,शिरशिंगे,30.2,13:00,14:30,ST,,,,
11178,"Sawantwadi To Shirshinge Gothavewadi",Sawantwadi,"Shirshinge Gothavewadi",,MO,8488,"Burdi Pul",3.4,,,सावंतवाडी,शिरशिंगे,30.2,13:00,14:30,ST,,,,
11178,"Sawantwadi To Shirshinge Gothavewadi",Sawantwadi,"Shirshinge Gothavewadi",,MO,8570,Madkhol,7.9,,,सावंतवाडी,शिरशिंगे,30.2,13:00,14:30,ST,,,,
11178,"Sawantwadi To Shirshinge Gothavewadi",Sawantwadi,"Shirshinge Gothavewadi",,MO,8569,"Madkhol Met",9,,,सावंतवाडी,शिरशिंगे,30.2,13:00,14:30,ST,,,,
11178,"Sawantwadi To Shirshinge Gothavewadi",Sawantwadi,"Shirshinge Gothavewadi",,MO,8496,"Dhawadaki Datta Mandir",10.6,,,सावंतवाडी,शिरशिंगे,30.2,13:00,14:30,ST,,,,
11178,"Sawantwadi To Shirshinge Gothavewadi",Sawantwadi,"Shirshinge Gothavewadi",,MO,8610,Nursary,12,,,सावंतवाडी,शिरशिंगे,30.2,13:00,14:30,ST,,,,
11178,"Sawantwadi To Shirshinge Gothavewadi",Sawantwadi,"Shirshinge Gothavewadi",,MO,8644,"Sangeli Wad",15.3,,,सावंतवाडी,शिरशिंगे,30.2,13:00,14:30,ST,,,,
11178,"Sawantwadi To Shirshinge Gothavewadi",Sawantwadi,"Shirshinge Gothavewadi",,MO,8651,Sangeli,15.5,,,सावंतवाडी,शिरशिंगे,30.2,13:00,14:30,ST,,,,
11178,"Sawantwadi To Shirshinge Gothavewadi",Sawantwadi,"Shirshinge Gothavewadi",,MO,8538,Kalambist,18.3,,,सावंतवाडी,शिरशिंगे,30.2,13:00,14:30,ST,,,,
11178,"Sawantwadi To Shirshinge Gothavewadi",Sawantwadi,"Shirshinge Gothavewadi",,MO,8522,Ghanashelwadi,21,,,सावंतवाडी,शिरशिंगे,30.2,13:00,14:30,ST,,,,
11178,"Sawantwadi To Shirshinge Gothavewadi",Sawantwadi,"Shirshinge Gothavewadi",,MO,8647,"Shirshinge Gpo",24.3,,,सावंतवाडी,शिरशिंगे,30.2,13:00,14:30,ST,,,,
11178,"Sawantwadi To Shirshinge Gothavewadi",Sawantwadi,"Shirshinge Gothavewadi",,MO,8511,Dhondwadi,25.2,,,सावंतवाडी,शिरशिंगे,30.2,13:00,14:30,ST,,,,
11178,"Sawantwadi To Shirshinge Gothavewadi",Sawantwadi,"Shirshinge Gothavewadi",,MO,8630,Parabwadi,26.2,,,सावंतवाडी,शिरशिंगे,30.2,13:00,14:30,ST,,,,
11178,"Sawantwadi To Shirshinge Gothavewadi",Sawantwadi,"Shirshinge Gothavewadi",,MO,8566,Malaiwadi,28,,,सावंतवाडी,शिरशिंगे,30.2,13:00,14:30,ST,,,,
11178,"Sawantwadi To Shirshinge Gothavewadi",Sawantwadi,"Shirshinge Gothavewadi",,MO,8645,"Shirshinge Gothavewadi",30.1,,,सावंतवाडी,शिरशिंगे,30.2,13:00,14:30,ST,,,,
11189,"Sawantwadi To Velvewadi Via Aros Bazar",Sawantwadi,Velvewadi,"AROS BAZAR",MO,8663,Sawantwadi,,,,सावंतवाडी,वेळवेवाडी,39.3,12:00,13:30,ST,,,,
11189,"Sawantwadi To Velvewadi Via Aros Bazar",Sawantwadi,Velvewadi,"AROS BAZAR",MO,8523,"Gulabi Titha",3.3,,,सावंतवाडी,वेळवेवाडी,39.3,12:00,13:30,ST,,,,
11189,"Sawantwadi To Velvewadi Via Aros Bazar",Sawantwadi,Velvewadi,"AROS BAZAR",MO,8580,Malgaon,5.9,,,सावंतवाडी,वेळवेवाडी,39.3,12:00,13:30,ST,,,,
11189,"Sawantwadi To Velvewadi Via Aros Bazar",Sawantwadi,Velvewadi,"AROS BAZAR",MO,8674,"Vengurle Shiroda Titha",6.3,,,सावंतवाडी,वेळवेवाडी,39.3,12:00,13:30,ST,,,,
11189,"Sawantwadi To Velvewadi Via Aros Bazar",Sawantwadi,Velvewadi,"AROS BAZAR",MO,8665,"Sawantwadi Rly. Stn.",7.4,,,सावंतवाडी,वेळवेवाडी,39.3,12:00,13:30,ST,,,,
11189,"Sawantwadi To Velvewadi Via Aros Bazar",Sawantwadi,Velvewadi,"AROS BAZAR",MO,8609,"Nirawade Bazar",8.5,,,सावंतवाडी,वेळवेवाडी,39.3,12:00,13:30,ST,,,,
11189,"Sawantwadi To Velvewadi Via Aros Bazar",Sawantwadi,Velvewadi,"AROS BAZAR",MO,8599,"Nirawade Tiles Factory",9.3,,,सावंतवाडी,वेळवेवाडी,39.3,12:00,13:30,ST,,,,
11189,"Sawantwadi To Velvewadi Via Aros Bazar",Sawantwadi,Velvewadi,"AROS BAZAR",MO,8614,"Nhaveli School",12,,,सावंतवाडी,वेळवेवाडी,39.3,12:00,13:30,ST,,,,
11189,"Sawantwadi To Velvewadi Via Aros Bazar",Sawantwadi,Velvewadi,"AROS BAZAR",MO,8475,"Aros Bazar",15.1,,,सावंतवाडी,वेळवेवाडी,39.3,12:00,13:30,ST,,,,
11189,"Sawantwadi To Velvewadi Via Aros Bazar",Sawantwadi,Velvewadi,"AROS BAZAR",MO,8471,"Aros Gawthan 1St Stop",17.8,,,सावंतवाडी,वेळवेवाडी,39.3,12:00,13:30,ST,,,,
11189,"Sawantwadi To Velvewadi Via Aros Bazar",Sawantwadi,Velvewadi,"AROS BAZAR",MO,8528,"Giroba Mandir",20.2,,,सावंतवाडी,वेळवेवाडी,39.3,12:00,13:30,ST,,,,
11189,"Sawantwadi To Velvewadi Via Aros Bazar",Sawantwadi,Velvewadi,"AROS BAZAR",MO,9775,"Sateli Mandir",24.3,,,सावंतवाडी,वेळवेवाडी,39.3,12:00,13:30,ST,,,,
11189,"Sawantwadi To Velvewadi Via Aros Bazar",Sawantwadi,Velvewadi,"AROS BAZAR",MO,9773,"Satarda Bhatwadi",26.3,,,सावंतवाडी,वेळवेवाडी,39.3,12:00,13:30,ST,,,,
11189,"Sawantwadi To Velvewadi Via Aros Bazar",Sawantwadi,Velvewadi,"AROS BAZAR",MO,9774,"Satarda Mandir",27.3,,,सावंतवाडी,वेळवेवाडी,39.3,12:00,13:30,ST,,,,
11189,"Sawantwadi To Velvewadi Via Aros Bazar",Sawantwadi,Velvewadi,"AROS BAZAR",MO,9759,Pool,30,,,सावंतवाडी,वेळवेवाडी,39.3,12:00,13:30,ST,,,,
11189,"Sawantwadi To Velvewadi Via Aros Bazar",Sawantwadi,Velvewadi,"AROS BAZAR",MO,9669,Kawathani,31,,,सावंतवाडी,वेळवेवाडी,39.3,12:00,13:30,ST,,,,
11189,"Sawantwadi To Velvewadi Via Aros Bazar",Sawantwadi,Velvewadi,"AROS BAZAR",MO,9781,"Sawantachi Wadi",33,,,सावंतवाडी,वेळवेवाडी,39.3,12:00,13:30,ST,,,,
11189,"Sawantwadi To Velvewadi Via Aros Bazar",Sawantwadi,Velvewadi,"AROS BAZAR",MO,9686,"Kinale Bhatwadi",36.8,,,सावंतवाडी,वेळवेवाडी,39.3,12:00,13:30,ST,,,,
11189,"Sawantwadi To Velvewadi Via Aros Bazar",Sawantwadi,Velvewadi,"AROS BAZAR",MO,9822,Velvewadi,39.3,,,सावंतवाडी,वेळवेवाडी,39.3,12:00,13:30,ST,,,,
17610,"Mulandawadi To Sawantwadi",Mulandawadi,Sawantwadi,,MO,8581,Mulandawadi,,,,मुलांडावाडी,सावंतवाडी,18,12:50,13:15,ST,,,,
17610,"Mulandawadi To Sawantwadi",Mulandawadi,Sawantwadi,,MO,8490,"Bavlat School",0.8,,,मुलांडावाडी,सावंतवाडी,18,12:50,13:15,ST,,,,
17610,"Mulandawadi To Sawantwadi",Mulandawadi,Sawantwadi,,MO,8661,"Satuli Warachiwadi",3.6,,,मुलांडावाडी,सावंतवाडी,18,12:50,13:15,ST,,,,
17610,"Mulandawadi To Sawantwadi",Mulandawadi,Sawantwadi,,MO,8489,"Bavlat Fata",4,,,मुलांडावाडी,सावंतवाडी,18,12:50,13:15,ST,,,,
17610,"Mulandawadi To Sawantwadi",Mulandawadi,Sawantwadi,,MO,8496,"Dhawadaki Datta Mandir",5,,,मुलांडावाडी,सावंतवाडी,18,12:50,13:15,ST,,,,
17610,"Mulandawadi To Sawantwadi",Mulandawadi,Sawantwadi,,MO,8569,"Madkhol Met",6.6,,,मुलांडावाडी,सावंतवाडी,18,12:50,13:15,ST,,,,
17610,"Mulandawadi To Sawantwadi",Mulandawadi,Sawantwadi,,MO,8570,Madkhol,7.7,,,मुलांडावाडी,सावंतवाडी,18,12:50,13:15,ST,,,,
17610,"Mulandawadi To Sawantwadi",Mulandawadi,Sawantwadi,,MO,8653,"Sapale Stop",12,,,मुलांडावाडी,सावंतवाडी,18,12:50,13:15,ST,,,,
17610,"Mulandawadi To Sawantwadi",Mulandawadi,Sawantwadi,,MO,8488,"Burdi Pul",15,,,मुलांडावाडी,सावंतवाडी,18,12:50,13:15,ST,,,,
17610,"Mulandawadi To Sawantwadi",Mulandawadi,Sawantwadi,,MO,8636,Pedavewadi,16.7,,,मुलांडावाडी,सावंतवाडी,18,12:50,13:15,ST,,,,
17610,"Mulandawadi To Sawantwadi",Mulandawadi,Sawantwadi,,MO,8663,Sawantwadi,18,,,मुलांडावाडी,सावंतवाडी,18,12:50,13:15,ST,,,,
17800,"Hirlok To Sawantwadi Via Gothos Titha",Hirlok,Sawantwadi,"GOTHOS TITHA",MO,6213,Hirlok,,,,हिर्लोक,सावंतवाडी,35,12:55,14:10,ST,,,,
17800,"Hirlok To Sawantwadi Via Gothos Titha",Hirlok,Sawantwadi,"GOTHOS TITHA",MO,6316,"Malawewadi Godown",4.2,,,हिर्लोक,सावंतवाडी,35,12:55,14:10,ST,,,,
17800,"Hirlok To Sawantwadi Via Gothos Titha",Hirlok,Sawantwadi,"GOTHOS TITHA",MO,6346,"Narur Mahalaxmi Mandir",6.3,,,हिर्लोक,सावंतवाडी,35,12:55,14:10,ST,,,,
17800,"Hirlok To Sawantwadi Via Gothos Titha",Hirlok,Sawantwadi,"GOTHOS TITHA",MO,6178,"Gothos School No.1",10.1,,,हिर्लोक,सावंतवाडी,35,12:55,14:10,ST,,,,
17800,"Hirlok To Sawantwadi Via Gothos Titha",Hirlok,Sawantwadi,"GOTHOS TITHA",MO,6188,"Gothos Mandir",11.8,,,हिर्लोक,सावंतवाडी,35,12:55,14:10,ST,,,,
17800,"Hirlok To Sawantwadi Via Gothos Titha",Hirlok,Sawantwadi,"GOTHOS TITHA",MO,6452,"Vinanti Stop",12.8,,,हिर्लोक,सावंतवाडी,35,12:55,14:10,ST,,,,
17800,"Hirlok To Sawantwadi Via Gothos Titha",Hirlok,Sawantwadi,"GOTHOS TITHA",MO,6190,"Gothos Titha",13.8,,,हिर्लोक,सावंतवाडी,35,12:55,14:10,ST,,,,
17800,"Hirlok To Sawantwadi Via Gothos Titha",Hirlok,Sawantwadi,"GOTHOS TITHA",MO,6464,"Wados Bazar",14.7,,,हिर्लोक,सावंतवाडी,35,12:55,14:10,ST,,,,
17800,"Hirlok To Sawantwadi Via Gothos Titha",Hirlok,Sawantwadi,"GOTHOS TITHA",MO,6092,Amberi,18.8,,,हिर्लोक,सावंतवाडी,35,12:55,14:10,ST,,,,
17800,"Hirlok To Sawantwadi Via Gothos Titha",Hirlok,Sawantwadi,"GOTHOS TITHA",MO,6317,Mangaon,21.2,,,हिर्लोक,सावंतवाडी,35,12:55,14:10,ST,,,,
17800,"Hirlok To Sawantwadi Via Gothos Titha",Hirlok,Sawantwadi,"GOTHOS TITHA",MO,6323,"Mangaon Titha",23.1,,,हिर्लोक,सावंतवाडी,35,12:55,14:10,ST,,,,
17800,"Hirlok To Sawantwadi Via Gothos Titha",Hirlok,Sawantwadi,"GOTHOS TITHA",MO,6162,Dholkarwadi,24,,,हिर्लोक,सावंतवाडी,35,12:55,14:10,ST,,,,
17800,"Hirlok To Sawantwadi Via Gothos Titha",Hirlok,Sawantwadi,"GOTHOS TITHA",MO,6207,"Humras Fata",24.9,,,हिर्लोक,सावंतवाडी,35,12:55,14:10,ST,,,,
17800,"Hirlok To Sawantwadi Via Gothos Titha",Hirlok,Sawantwadi,"GOTHOS TITHA",MO,6101,Akeri,27.5,,,हिर्लोक,सावंतवाडी,35,12:55,14:10,ST,,,,
17800,"Hirlok To Sawantwadi Via Gothos Titha",Hirlok,Sawantwadi,"GOTHOS TITHA",MO,8551,"Kolgaon Thita",29.7,,,हिर्लोक,सावंतवाडी,35,12:55,14:10,ST,,,,
17800,"Hirlok To Sawantwadi Via Gothos Titha",Hirlok,Sawantwadi,"GOTHOS TITHA",MO,8663,Sawantwadi,33.4,,,हिर्लोक,सावंतवाडी,35,12:55,14:10,ST,,,,
18451,"Velvewadi To Sawantwadi Via Aros Bazar",Velvewadi,Sawantwadi,"AROS BAZAR",MO,9822,Velvewadi,,,,वेळवेवाडी,सावंतवाडी,39.3,05:45,07:15,ST,,,,
18451,"Velvewadi To Sawantwadi Via Aros Bazar",Velvewadi,Sawantwadi,"AROS BAZAR",MO,9686,"Kinale Bhatwadi",1.7,,,वेळवेवाडी,सावंतवाडी,39.3,05:45,07:15,ST,,,,
18451,"Velvewadi To Sawantwadi Via Aros Bazar",Velvewadi,Sawantwadi,"AROS BAZAR",MO,9781,"Sawantachi Wadi",5.5,,,वेळवेवाडी,सावंतवाडी,39.3,05:45,07:15,ST,,,,
18451,"Velvewadi To Sawantwadi Via Aros Bazar",Velvewadi,Sawantwadi,"AROS BAZAR",MO,9669,Kawathani,7.5,,,वेळवेवाडी,सावंतवाडी,39.3,05:45,07:15,ST,,,,
18451,"Velvewadi To Sawantwadi Via Aros Bazar",Velvewadi,Sawantwadi,"AROS BAZAR",MO,9759,Pool,8.5,,,वेळवेवाडी,सावंतवाडी,39.3,05:45,07:15,ST,,,,
18451,"Velvewadi To Sawantwadi Via Aros Bazar",Velvewadi,Sawantwadi,"AROS BAZAR",MO,9772,"Satarda Bazar",9.2,,,वेळवेवाडी,सावंतवाडी,39.3,05:45,07:15,ST,,,,
18451,"Velvewadi To Sawantwadi Via Aros Bazar",Velvewadi,Sawantwadi,"AROS BAZAR",MO,9774,"Satarda Mandir",11.2,,,वेळवेवाडी,सावंतवाडी,39.3,05:45,07:15,ST,,,,
18451,"Velvewadi To Sawantwadi Via Aros Bazar",Velvewadi,Sawantwadi,"AROS BAZAR",MO,9775,"Sateli Mandir",14.2,,,वेळवेवाडी,सावंतवाडी,39.3,05:45,07:15,ST,,,,
18451,"Velvewadi To Sawantwadi Via Aros Bazar",Velvewadi,Sawantwadi,"AROS BAZAR",MO,9693,"Kondura Aros Titha",16.2,,,वेळवेवाडी,सावंतवाडी,39.3,05:45,07:15,ST,,,,
18451,"Velvewadi To Sawantwadi Via Aros Bazar",Velvewadi,Sawantwadi,"AROS BAZAR",MO,8528,"Giroba Mandir",18.3,,,वेळवेवाडी,सावंतवाडी,39.3,05:45,07:15,ST,,,,
18451,"Velvewadi To Sawantwadi Via Aros Bazar",Velvewadi,Sawantwadi,"AROS BAZAR",MO,8471,"Aros Gawthan 1St Stop",20.7,,,वेळवेवाडी,सावंतवाडी,39.3,05:45,07:15,ST,,,,
18451,"Velvewadi To Sawantwadi Via Aros Bazar",Velvewadi,Sawantwadi,"AROS BAZAR",MO,8475,"Aros Bazar",23.4,,,वेळवेवाडी,सावंतवाडी,39.3,05:45,07:15,ST,,,,
18451,"Velvewadi To Sawantwadi Via Aros Bazar",Velvewadi,Sawantwadi,"AROS BAZAR",MO,8614,"Nhaveli School",26.5,,,वेळवेवाडी,सावंतवाडी,39.3,05:45,07:15,ST,,,,
18451,"Velvewadi To Sawantwadi Via Aros Bazar",Velvewadi,Sawantwadi,"AROS BAZAR",MO,8599,"Nirawade Tiles Factory",29.2,,,वेळवेवाडी,सावंतवाडी,39.3,05:45,07:15,ST,,,,
18451,"Velvewadi To Sawantwadi Via Aros Bazar",Velvewadi,Sawantwadi,"AROS BAZAR",MO,8609,"Nirawade Bazar",30,,,वेळवेवाडी,सावंतवाडी,39.3,05:45,07:15,ST,,,,
18451,"Velvewadi To Sawantwadi Via Aros Bazar",Velvewadi,Sawantwadi,"AROS BAZAR",MO,8665,"Sawantwadi Rly. Stn.",31.1,,,वेळवेवाडी,सावंतवाडी,39.3,05:45,07:15,ST,,,,
18451,"Velvewadi To Sawantwadi Via Aros Bazar",Velvewadi,Sawantwadi,"AROS BAZAR",MO,8674,"Vengurle Shiroda Titha",32.2,,,वेळवेवाडी,सावंतवाडी,39.3,05:45,07:15,ST,,,,
18451,"Velvewadi To Sawantwadi Via Aros Bazar",Velvewadi,Sawantwadi,"AROS BAZAR",MO,8580,Malgaon,32.6,,,वेळवेवाडी,सावंतवाडी,39.3,05:45,07:15,ST,,,,
18451,"Velvewadi To Sawantwadi Via Aros Bazar",Velvewadi,Sawantwadi,"AROS BAZAR",MO,8523,"Gulabi Titha",35.2,,,वेळवेवाडी,सावंतवाडी,39.3,05:45,07:15,ST,,,,
18451,"Velvewadi To Sawantwadi Via Aros Bazar",Velvewadi,Sawantwadi,"AROS BAZAR",MO,8663,Sawantwadi,39.3,,,वेळवेवाडी,सावंतवाडी,39.3,05:45,07:15,ST,,,,
18534,"Redi Kanyal To Sawantwadi Via Shiroda","Redi Kanyal",Sawantwadi,SHIRODA,MO,9768,"Redi Kanyal",,,,"रेडी कनयाळ",सावंतवाडी,34.9,16:30,17:45,ST,,,,
18534,"Redi Kanyal To Sawantwadi Via Shiroda","Redi Kanyal",Sawantwadi,SHIRODA,MO,9769,"Redi Mauli Mandir",1.8,,,"रेडी कनयाळ",सावंतवाडी,34.9,16:30,17:45,ST,,,,
18534,"Redi Kanyal To Sawantwadi Via Shiroda","Redi Kanyal",Sawantwadi,SHIRODA,MO,9653,"Huda Fata",4.7,,,"रेडी कनयाळ",सावंतवाडी,34.9,16:30,17:45,ST,,,,
18534,"Redi Kanyal To Sawantwadi Via Shiroda","Redi Kanyal",Sawantwadi,SHIRODA,MO,9789,Shiroda,7.7,,,"रेडी कनयाळ",सावंतवाडी,34.9,16:30,17:45,ST,,,,
18534,"Redi Kanyal To Sawantwadi Via Shiroda","Redi Kanyal",Sawantwadi,SHIRODA,MO,9592,"Ajgaon Marathi School",9.7,,,"रेडी कनयाळ",सावंतवाडी,34.9,16:30,17:45,ST,,,,
18534,"Redi Kanyal To Sawantwadi Via Shiroda","Redi Kanyal",Sawantwadi,SHIRODA,MO,9589,"Ajagaon Training College",10.2,,,"रेडी कनयाळ",सावंतवाडी,34.9,16:30,17:45,ST,,,,
18534,"Redi Kanyal To Sawantwadi Via Shiroda","Redi Kanyal",Sawantwadi,SHIRODA,MO,9779,Savardev,13.7,,,"रेडी कनयाळ",सावंतवाडी,34.9,16:30,17:45,ST,,,,
18534,"Redi Kanyal To Sawantwadi Via Shiroda","Redi Kanyal",Sawantwadi,SHIRODA,MO,9704,"Malewad Naka",15,,,"रेडी कनयाळ",सावंतवाडी,34.9,16:30,17:45,ST,,,,
18534,"Redi Kanyal To Sawantwadi Via Shiroda","Redi Kanyal",Sawantwadi,SHIRODA,MO,9703,"Malewad Hedulwadi",15.9,,,"रेडी कनयाळ",सावंतवाडी,34.9,16:30,17:45,ST,,,,
18534,"Redi Kanyal To Sawantwadi Via Shiroda","Redi Kanyal",Sawantwadi,SHIRODA,MO,9833,"Warachi Malewad",17.9,,,"रेडी कनयाळ",सावंतवाडी,34.9,16:30,17:45,ST,,,,
18534,"Redi Kanyal To Sawantwadi Via Shiroda","Redi Kanyal",Sawantwadi,SHIRODA,MO,8517,"Forest Chouki",18.3,,,"रेडी कनयाळ",सावंतवाडी,34.9,16:30,17:45,ST,,,,
18534,"Redi Kanyal To Sawantwadi Via Shiroda","Redi Kanyal",Sawantwadi,SHIRODA,MO,8627,"Pendharyachi Wadi",19.5,,,"रेडी कनयाळ",सावंतवाडी,34.9,16:30,17:45,ST,,,,
18534,"Redi Kanyal To Sawantwadi Via Shiroda","Redi Kanyal",Sawantwadi,SHIRODA,MO,9855,"Ghodemukh Matond",20.2,,,"रेडी कनयाळ",सावंतवाडी,34.9,16:30,17:45,ST,,,,
18534,"Redi Kanyal To Sawantwadi Via Shiroda","Redi Kanyal",Sawantwadi,SHIRODA,MO,8614,"Nhaveli School",21.6,,,"रेडी कनयाळ",सावंतवाडी,34.9,16:30,17:45,ST,,,,
18534,"Redi Kanyal To Sawantwadi Via Shiroda","Redi Kanyal",Sawantwadi,SHIRODA,MO,8474,"Aros Titha",23.9,,,"रेडी कनयाळ",सावंतवाडी,34.9,16:30,17:45,ST,,,,
18534,"Redi Kanyal To Sawantwadi Via Shiroda","Redi Kanyal",Sawantwadi,SHIRODA,MO,8599,"Nirawade Tiles Factory",24.8,,,"रेडी कनयाळ",सावंतवाडी,34.9,16:30,17:45,ST,,,,
18534,"Redi Kanyal To Sawantwadi Via Shiroda","Redi Kanyal",Sawantwadi,SHIRODA,MO,8609,"Nirawade Bazar",25.6,,,"रेडी कनयाळ",सावंतवाडी,34.9,16:30,17:45,ST,,,,
18534,"Redi Kanyal To Sawantwadi Via Shiroda","Redi Kanyal",Sawantwadi,SHIRODA,MO,8641,"Railway Station",26.5,,,"रेडी कनयाळ",सावंतवाडी,34.9,16:30,17:45,ST,,,,
18534,"Redi Kanyal To Sawantwadi Via Shiroda","Redi Kanyal",Sawantwadi,SHIRODA,MO,8674,"Vengurle Shiroda Titha",27.8,,,"रेडी कनयाळ",सावंतवाडी,34.9,16:30,17:45,ST,,,,
18534,"Redi Kanyal To Sawantwadi Via Shiroda","Redi Kanyal",Sawantwadi,SHIRODA,MO,8580,Malgaon,28.2,,,"रेडी कनयाळ",सावंतवाडी,34.9,16:30,17:45,ST,,,,
18534,"Redi Kanyal To Sawantwadi Via Shiroda","Redi Kanyal",Sawantwadi,SHIRODA,MO,8523,"Gulabi Titha",30.8,,,"रेडी कनयाळ",सावंतवाडी,34.9,16:30,17:45,ST,,,,
18534,"Redi Kanyal To Sawantwadi Via Shiroda","Redi Kanyal",Sawantwadi,SHIRODA,MO,8663,Sawantwadi,34.1,,,"रेडी कनयाळ",सावंतवाडी,34.9,16:30,17:45,ST,,,,
59624,"Belgaum To Sawantwadi Via Amboli",Belgaum,Sawantwadi,AMBOLI,MO,73214,Belgaum,,,,बेळगांव,सावंतवाडी,103,16:01,20:30,NOBL,,,,
59624,"Belgaum To Sawantwadi Via Amboli",Belgaum,Sawantwadi,AMBOLI,MO,73212,Bogarves,5,,,बेळगांव,सावंतवाडी,103,16:01,20:30,NOBL,,,,
59624,"Belgaum To Sawantwadi Via Amboli",Belgaum,Sawantwadi,AMBOLI,MO,73513,Hindalga,10,,,बेळगांव,सावंतवाडी,103,16:01,20:30,NOBL,,,,
59624,"Belgaum To Sawantwadi Via Amboli",Belgaum,Sawantwadi,AMBOLI,MO,73192,"Bachi Krt Border",19,,,बेळगांव,सावंतवाडी,103,16:01,20:30,NOBL,,,,
59624,"Belgaum To Sawantwadi Via Amboli",Belgaum,Sawantwadi,AMBOLI,MO,23154,Bachi,19.1,,,बेळगांव,सावंतवाडी,103,16:01,20:30,NOBL,,,,
59624,"Belgaum To Sawantwadi Via Amboli",Belgaum,Sawantwadi,AMBOLI,MO,25678,Shinoli,19.5,,,बेळगांव,सावंतवाडी,103,16:01,20:30,NOBL,,,,
59624,"Belgaum To Sawantwadi Via Amboli",Belgaum,Sawantwadi,AMBOLI,MO,24562,Kudremani,23.7,,,बेळगांव,सावंतवाडी,103,16:01,20:30,NOBL,,,,
59624,"Belgaum To Sawantwadi Via Amboli",Belgaum,Sawantwadi,AMBOLI,MO,25884,Turkewadi,27,,,बेळगांव,सावंतवाडी,103,16:01,20:30,NOBL,,,,
59624,"Belgaum To Sawantwadi Via Amboli",Belgaum,Sawantwadi,AMBOLI,MO,25133,"Patane Fata",29.6,,,बेळगांव,सावंतवाडी,103,16:01,20:30,NOBL,,,,
59624,"Belgaum To Sawantwadi Via Amboli",Belgaum,Sawantwadi,AMBOLI,MO,23937,"Halkarni Fata",31.5,,,बेळगांव,सावंतवाडी,103,16:01,20:30,NOBL,,,,
59624,"Belgaum To Sawantwadi Via Amboli",Belgaum,Sawantwadi,AMBOLI,MO,23500,Date,35.7,,,बेळगांव,सावंतवाडी,103,16:01,20:30,NOBL,,,,
59624,"Belgaum To Sawantwadi Via Amboli",Belgaum,Sawantwadi,AMBOLI,MO,23259,Belebhat,37,,,बेळगांव,सावंतवाडी,103,16:01,20:30,NOBL,,,,
59624,"Belgaum To Sawantwadi Via Amboli",Belgaum,Sawantwadi,AMBOLI,MO,24495,Koraj,40.5,,,बेळगांव,सावंतवाडी,103,16:01,20:30,NOBL,,,,
59624,"Belgaum To Sawantwadi Via Amboli",Belgaum,Sawantwadi,AMBOLI,MO,24951,Nagarwadi,40.6,,,बेळगांव,सावंतवाडी,103,16:01,20:30,NOBL,,,,
59624,"Belgaum To Sawantwadi Via Amboli",Belgaum,Sawantwadi,AMBOLI,MO,23443,"Chandgad Fata",43.7,,,बेळगांव,सावंतवाडी,103,16:01,20:30,NOBL,,,,
59624,"Belgaum To Sawantwadi Via Amboli",Belgaum,Sawantwadi,AMBOLI,MO,23971,Hindgaon,47.4,,,बेळगांव,सावंतवाडी,103,16:01,20:30,NOBL,,,,
59624,"Belgaum To Sawantwadi Via Amboli",Belgaum,Sawantwadi,AMBOLI,MO,24762,Mhalunge,49.6,,,बेळगांव,सावंतवाडी,103,16:01,20:30,NOBL,,,,
59624,"Belgaum To Sawantwadi Via Amboli",Belgaum,Sawantwadi,AMBOLI,MO,23326,"Birdi Kanur",53.5,,,बेळगांव,सावंतवाडी,103,16:01,20:30,NOBL,,,,
59624,"Belgaum To Sawantwadi Via Amboli",Belgaum,Sawantwadi,AMBOLI,MO,23361,"Bazar Kanur",56.1,,,बेळगांव,सावंतवाडी,103,16:01,20:30,NOBL,,,,
59624,"Belgaum To Sawantwadi Via Amboli",Belgaum,Sawantwadi,AMBOLI,MO,25484,Sadegudavade,58.4,,,बेळगांव,सावंतवाडी,103,16:01,20:30,NOBL,,,,
59624,"Belgaum To Sawantwadi Via Amboli",Belgaum,Sawantwadi,AMBOLI,MO,25219,Punarvasan,62.1,,,बेळगांव,सावंतवाडी,103,16:01,20:30,NOBL,,,,
59624,"Belgaum To Sawantwadi Via Amboli",Belgaum,Sawantwadi,AMBOLI,MO,8597,Nagartaskari,65.1,,,बेळगांव,सावंतवाडी,103,16:01,20:30,NOBL,,,,
59624,"Belgaum To Sawantwadi Via Amboli",Belgaum,Sawantwadi,AMBOLI,MO,8473,"Ajra Fata",67,,,बेळगांव,सावंतवाडी,103,16:01,20:30,NOBL,,,,
59624,"Belgaum To Sawantwadi Via Amboli",Belgaum,Sawantwadi,AMBOLI,MO,8525,"Gele Fata",68,,,बेळगांव,सावंतवाडी,103,16:01,20:30,NOBL,,,,
59624,"Belgaum To Sawantwadi Via Amboli",Belgaum,Sawantwadi,AMBOLI,MO,8582,Mulvanwadi,70,,,बेळगांव,सावंतवाडी,103,16:01,20:30,NOBL,,,,
59624,"Belgaum To Sawantwadi Via Amboli",Belgaum,Sawantwadi,AMBOLI,MO,8470,Amboli,73.5,,,बेळगांव,सावंतवाडी,103,16:01,20:30,NOBL,,,,
59624,"Belgaum To Sawantwadi Via Amboli",Belgaum,Sawantwadi,AMBOLI,MO,8679,"Water Fall",76,,,बेळगांव,सावंतवाडी,103,16:01,20:30,NOBL,,,,
59624,"Belgaum To Sawantwadi Via Amboli",Belgaum,Sawantwadi,AMBOLI,MO,8607,Nanapani,82,,,बेळगांव,सावंतवाडी,103,16:01,20:30,NOBL,,,,
59624,"Belgaum To Sawantwadi Via Amboli",Belgaum,Sawantwadi,AMBOLI,MO,8564,Kumbheshwar,88,,,बेळगांव,सावंतवाडी,103,16:01,20:30,NOBL,,,,
59624,"Belgaum To Sawantwadi Via Amboli",Belgaum,Sawantwadi,AMBOLI,MO,8510,Danoli,89.9,,,बेळगांव,सावंतवाडी,103,16:01,20:30,NOBL,,,,
59624,"Belgaum To Sawantwadi Via Amboli",Belgaum,Sawantwadi,AMBOLI,MO,8489,"Bavlat Fata",90.1,,,बेळगांव,सावंतवाडी,103,16:01,20:30,NOBL,,,,
59624,"Belgaum To Sawantwadi Via Amboli",Belgaum,Sawantwadi,AMBOLI,MO,8552,"Kalmbist Fata",91,,,बेळगांव,सावंतवाडी,103,16:01,20:30,NOBL,,,,
59624,"Belgaum To Sawantwadi Via Amboli",Belgaum,Sawantwadi,AMBOLI,MO,8496,"Dhawadaki Datta Mandir",92,,,बेळगांव,सावंतवाडी,103,16:01,20:30,NOBL,,,,
59624,"Belgaum To Sawantwadi Via Amboli",Belgaum,Sawantwadi,AMBOLI,MO,8569,"Madkhol Met",94,,,बेळगांव,सावंतवाडी,103,16:01,20:30,NOBL,,,,
59624,"Belgaum To Sawantwadi Via Amboli",Belgaum,Sawantwadi,AMBOLI,MO,8653,"Sapale Stop",97,,,बेळगांव,सावंतवाडी,103,16:01,20:30,NOBL,,,,
59624,"Belgaum To Sawantwadi Via Amboli",Belgaum,Sawantwadi,AMBOLI,MO,8570,Madkhol,99,,,बेळगांव,सावंतवाडी,103,16:01,20:30,NOBL,,,,
59624,"Belgaum To Sawantwadi Via Amboli",Belgaum,Sawantwadi,AMBOLI,MO,8488,"Burdi Pul",100,,,बेळगांव,सावंतवाडी,103,16:01,20:30,NOBL,,,,
59624,"Belgaum To Sawantwadi Via Amboli",Belgaum,Sawantwadi,AMBOLI,MO,8636,Pedavewadi,101,,,बेळगांव,सावंतवाडी,103,16:01,20:30,NOBL,,,,
59624,"Belgaum To Sawantwadi Via Amboli",Belgaum,Sawantwadi,AMBOLI,MO,8663,Sawantwadi,103,,,बेळगांव,सावंतवाडी,103,16:01,20:30,NOBL,,,,
60300,"Dhondwadi To Sawantwadi",Dhondwadi,Sawantwadi,,MO,8511,Dhondwadi,,,,,सावंतवाडी,28.2,09:10,10:10,ST,,,,
60300,"Dhondwadi To Sawantwadi",Dhondwadi,Sawantwadi,,MO,8677,Veerwadi,0.3,,,,सावंतवाडी,28.2,09:10,10:10,ST,,,,
60300,"Dhondwadi To Sawantwadi",Dhondwadi,Sawantwadi,,MO,8647,"Shirshinge Gpo",0.9,,,,सावंतवाडी,28.2,09:10,10:10,ST,,,,
60300,"Dhondwadi To Sawantwadi",Dhondwadi,Sawantwadi,,MO,8522,Ghanashelwadi,4.2,,,,सावंतवाडी,28.2,09:10,10:10,ST,,,,
60300,"Dhondwadi To Sawantwadi",Dhondwadi,Sawantwadi,,MO,8538,Kalambist,6.9,,,,सावंतवाडी,28.2,09:10,10:10,ST,,,,
60300,"Dhondwadi To Sawantwadi",Dhondwadi,Sawantwadi,,MO,8666,Sawarwad,8,,,,सावंतवाडी,28.2,09:10,10:10,ST,,,,
60300,"Dhondwadi To Sawantwadi",Dhondwadi,Sawantwadi,,MO,8651,Sangeli,9.7,,,,सावंतवाडी,28.2,09:10,10:10,ST,,,,
60300,"Dhondwadi To Sawantwadi",Dhondwadi,Sawantwadi,,MO,8644,"Sangeli Wad",9.9,,,,सावंतवाडी,28.2,09:10,10:10,ST,,,,
60300,"Dhondwadi To Sawantwadi",Dhondwadi,Sawantwadi,,MO,8610,Nursary,13.2,,,,सावंतवाडी,28.2,09:10,10:10,ST,,,,
60300,"Dhondwadi To Sawantwadi",Dhondwadi,Sawantwadi,,MO,8552,"Kalmbist Fata",14,,,,सावंतवाडी,28.2,09:10,10:10,ST,,,,
60300,"Dhondwadi To Sawantwadi",Dhondwadi,Sawantwadi,,MO,8496,"Dhawadaki Datta Mandir",14.6,,,,सावंतवाडी,28.2,09:10,10:10,ST,,,,
60300,"Dhondwadi To Sawantwadi",Dhondwadi,Sawantwadi,,MO,8569,"Madkhol Met",16.2,,,,सावंतवाडी,28.2,09:10,10:10,ST,,,,
60300,"Dhondwadi To Sawantwadi",Dhondwadi,Sawantwadi,,MO,8570,Madkhol,17.3,,,,सावंतवाडी,28.2,09:10,10:10,ST,,,,
60300,"Dhondwadi To Sawantwadi",Dhondwadi,Sawantwadi,,MO,8653,"Sapale Stop",21.8,,,,सावंतवाडी,28.2,09:10,10:10,ST,,,,
60300,"Dhondwadi To Sawantwadi",Dhondwadi,Sawantwadi,,MO,8488,"Burdi Pul",22,,,,सावंतवाडी,28.2,09:10,10:10,ST,,,,
60300,"Dhondwadi To Sawantwadi",Dhondwadi,Sawantwadi,,MO,8636,Pedavewadi,27,,,,सावंतवाडी,28.2,09:10,10:10,ST,,,,
60300,"Dhondwadi To Sawantwadi",Dhondwadi,Sawantwadi,,MO,8663,Sawantwadi,28.2,,,,सावंतवाडी,28.2,09:10,10:10,ST,,,,
75079,"Madura Titha To Banda","Madura Titha",Banda,,MO,8575,"Madura Titha",,,,,बांदा,11.6,07:20,07:10,ST,,,,
75079,"Madura Titha To Banda","Madura Titha",Banda,,MO,8487,"Bhogate Shop",3,,,,बांदा,11.6,07:20,07:10,ST,,,,
75079,"Madura Titha To Banda","Madura Titha",Banda,,MO,8600,Nigude,4.2,,,,बांदा,11.6,07:20,07:10,ST,,,,
75079,"Madura Titha To Banda","Madura Titha",Banda,,MO,8170,"Mail Dagad",6.2,,,,बांदा,11.6,07:20,07:10,ST,,,,
75079,"Madura Titha To Banda","Madura Titha",Banda,,MO,8643,"Sherla Shop",9.3,,,,बांदा,11.6,07:20,07:10,ST,,,,
75079,"Madura Titha To Banda","Madura Titha",Banda,,MO,8486,Banda,12.4,,,,बांदा,11.6,07:20,07:10,ST,,,,
75416,"Dhawadaki Datta Mandir To Sawantwadi","Dhawadaki Datta Mandir",Sawantwadi,,MO,8496,"Dhawadaki Datta Mandir",,,,धवडकी,सावंतवाडी,11.5,10:30,01:22,ST,,,,
75416,"Dhawadaki Datta Mandir To Sawantwadi","Dhawadaki Datta Mandir",Sawantwadi,,MO,8569,"Madkhol Met",1.7,,,धवडकी,सावंतवाडी,11.5,10:30,01:22,ST,,,,
75416,"Dhawadaki Datta Mandir To Sawantwadi","Dhawadaki Datta Mandir",Sawantwadi,,MO,8570,Madkhol,4.1,,,धवडकी,सावंतवाडी,11.5,10:30,01:22,ST,,,,
75416,"Dhawadaki Datta Mandir To Sawantwadi","Dhawadaki Datta Mandir",Sawantwadi,,MO,1199,Burdi,7.5,,,धवडकी,सावंतवाडी,11.5,10:30,01:22,ST,,,,
75416,"Dhawadaki Datta Mandir To Sawantwadi","Dhawadaki Datta Mandir",Sawantwadi,,MO,8663,Sawantwadi,11.5,,,धवडकी,सावंतवाडी,11.5,10:30,01:22,ST,,,,
97999,"Madura School To Banda","Madura School",Banda,,MO,8590,"Madura School",,,,,बांदा,12,10:00,10:25,ST,,,,
97999,"Madura School To Banda","Madura School",Banda,,MO,8575,"Madura Titha",2,,,,बांदा,12,10:00,10:25,ST,,,,
97999,"Madura School To Banda","Madura School",Banda,,MO,8487,"Bhogate Shop",4.9,,,,बांदा,12,10:00,10:25,ST,,,,
97999,"Madura School To Banda","Madura School",Banda,,MO,8600,Nigude,6.4,,,,बांदा,12,10:00,10:25,ST,,,,
97999,"Madura School To Banda","Madura School",Banda,,MO,8657,"Sherla Kajikade",8.2,,,,बांदा,12,10:00,10:25,ST,,,,
97999,"Madura School To Banda","Madura School",Banda,,MO,8643,"Sherla Shop",11.2,,,,बांदा,12,10:00,10:25,ST,,,,
97999,"Madura School To Banda","Madura School",Banda,,MO,8486,Banda,12,,,,बांदा,12,10:00,10:25,ST,,,,
100051,"Sawantwadi To Jambhul Mala",Sawantwadi,"Jambhul Mala",,MO,8663,Sawantwadi,,,,सावंतवाडी,वजराट,15,17:00,17:55,ST,,,,
100051,"Sawantwadi To Jambhul Mala",Sawantwadi,"Jambhul Mala",,MO,8551,"Kolgaon Thita",3,,,सावंतवाडी,वजराट,15,17:00,17:55,ST,,,,
100051,"Sawantwadi To Jambhul Mala",Sawantwadi,"Jambhul Mala",,MO,6101,Akeri,6,,,सावंतवाडी,वजराट,15,17:00,17:55,ST,,,,
100051,"Sawantwadi To Jambhul Mala",Sawantwadi,"Jambhul Mala",,MO,6342,"Nemale Fata",9,,,सावंतवाडी,वजराट,15,17:00,17:55,ST,,,,
100051,"Sawantwadi To Jambhul Mala",Sawantwadi,"Jambhul Mala",,MO,9663,Kamaleveer,11,,,सावंतवाडी,वजराट,15,17:00,17:55,ST,,,,
100051,"Sawantwadi To Jambhul Mala",Sawantwadi,"Jambhul Mala",,MO,9820,"Vajrath Chavata",13,,,सावंतवाडी,वजराट,15,17:00,17:55,ST,,,,
100051,"Sawantwadi To Jambhul Mala",Sawantwadi,"Jambhul Mala",,MO,9585,Adeli,13.5,,,सावंतवाडी,वजराट,15,17:00,17:55,ST,,,,
100051,"Sawantwadi To Jambhul Mala",Sawantwadi,"Jambhul Mala",,MO,9655,"Jambhul Mala",14.8,,,सावंतवाडी,वजराट,15,17:00,17:55,ST,,,,
104887,"Marathe House To Banda Via Bhikekonal","Marathe House",Banda,BHIKEKONAL,MO,2349,"Marathe House",,,,कोलझर,बांदा,22.2,09:10,10:10,ST,,,CHANGE,
104887,"Marathe House To Banda Via Bhikekonal","Marathe House",Banda,BHIKEKONAL,MO,2345,"Kolzar Mungi Dukan",2.4,,,कोलझर,बांदा,22.2,09:10,10:10,ST,,,CHANGE,
104887,"Marathe House To Banda Via Bhikekonal","Marathe House",Banda,BHIKEKONAL,MO,2314,"Shirval School",4,,,कोलझर,बांदा,22.2,09:10,10:10,ST,,,CHANGE,
104887,"Marathe House To Banda Via Bhikekonal","Marathe House",Banda,BHIKEKONAL,MO,2272,Kumbral,6,,,कोलझर,बांदा,22.2,09:10,10:10,ST,,,CHANGE,
104887,"Marathe House To Banda Via Bhikekonal","Marathe House",Banda,BHIKEKONAL,MO,8480,Bhikekonal,9.5,,,कोलझर,बांदा,22.2,09:10,10:10,ST,,,CHANGE,
104887,"Marathe House To Banda Via Bhikekonal","Marathe House",Banda,BHIKEKONAL,MO,2359,Dewoolwadi,12,,,कोलझर,बांदा,22.2,09:10,10:10,ST,,,CHANGE,
104887,"Marathe House To Banda Via Bhikekonal","Marathe House",Banda,BHIKEKONAL,MO,2363,Kalane,15,,,कोलझर,बांदा,22.2,09:10,10:10,ST,,,CHANGE,
104887,"Marathe House To Banda Via Bhikekonal","Marathe House",Banda,BHIKEKONAL,MO,8467,"Adali Mauli Mandir",18,,,कोलझर,बांदा,22.2,09:10,10:10,ST,,,CHANGE,
104887,"Marathe House To Banda Via Bhikekonal","Marathe House",Banda,BHIKEKONAL,MO,8588,Morgaon,20,,,कोलझर,बांदा,22.2,09:10,10:10,ST,,,CHANGE,
104887,"Marathe House To Banda Via Bhikekonal","Marathe House",Banda,BHIKEKONAL,MO,8558,"Kumbral Fata",21,,,कोलझर,बांदा,22.2,09:10,10:10,ST,,,CHANGE,
104887,"Marathe House To Banda Via Bhikekonal","Marathe House",Banda,BHIKEKONAL,MO,8619,Panval,24,,,कोलझर,बांदा,22.2,09:10,10:10,ST,,,CHANGE,
104887,"Marathe House To Banda Via Bhikekonal","Marathe House",Banda,BHIKEKONAL,MO,8486,Banda,27,,,कोलझर,बांदा,22.2,09:10,10:10,ST,,,CHANGE,
105547,"Dabhil To Banda Via Kuderanwadi",Dabhil,Banda,KUDERANWADI,MO,8498,Dabhil,,,,दाभिळ,बांदा,14.1,14:40,15:10,ST,,,,
105547,"Dabhil To Banda Via Kuderanwadi",Dabhil,Banda,KUDERANWADI,MO,8615,"Newali Mandir",3,,,दाभिळ,बांदा,14.1,14:40,15:10,ST,,,,
105547,"Dabhil To Banda Via Kuderanwadi",Dabhil,Banda,KUDERANWADI,MO,8608,Nangartas,6,,,दाभिळ,बांदा,14.1,14:40,15:10,ST,,,,
105547,"Dabhil To Banda Via Kuderanwadi",Dabhil,Banda,KUDERANWADI,MO,8655,Sarmale,8,,,दाभिळ,बांदा,14.1,14:40,15:10,ST,,,,
105547,"Dabhil To Banda Via Kuderanwadi",Dabhil,Banda,KUDERANWADI,MO,8649,"Sarmale Danoli Titha",9,,,दाभिळ,बांदा,14.1,14:40,15:10,ST,,,,
105547,"Dabhil To Banda Via Kuderanwadi",Dabhil,Banda,KUDERANWADI,MO,8616,"Otavane Titha",9.8,,,दाभिळ,बांदा,14.1,14:40,15:10,ST,,,,
105547,"Dabhil To Banda Via Kuderanwadi",Dabhil,Banda,KUDERANWADI,MO,8673,"Vilavade Wad",10,,,दाभिळ,बांदा,14.1,14:40,15:10,ST,,,,
105547,"Dabhil To Banda Via Kuderanwadi",Dabhil,Banda,KUDERANWADI,MO,6481,Jambhalikade,11,,,दाभिळ,बांदा,14.1,14:40,15:10,ST,,,,
105547,"Dabhil To Banda Via Kuderanwadi",Dabhil,Banda,KUDERANWADI,MO,8543,Kuderanwadi,13,,,दाभिळ,बांदा,14.1,14:40,15:10,ST,,,,
105547,"Dabhil To Banda Via Kuderanwadi",Dabhil,Banda,KUDERANWADI,MO,8486,Banda,21,,,दाभिळ,बांदा,14.1,14:40,15:10,ST,,,,
118486,"Nidali To Sawantwadi Via Wanoshi Kudasa",Nidali,Sawantwadi,"WANOSHI KUDASA",MO,2297,Nidali,,,,,सावंतवाडी,62.5,06:00,08:45,ST,,,,
118486,"Nidali To Sawantwadi Via Wanoshi Kudasa",Nidali,Sawantwadi,"WANOSHI KUDASA",MO,2278,Ker,9,,,,सावंतवाडी,62.5,06:00,08:45,ST,,,,
118486,"Nidali To Sawantwadi Via Wanoshi Kudasa",Nidali,Sawantwadi,"WANOSHI KUDASA",MO,2292,"Morle Gaon",12,,,,सावंतवाडी,62.5,06:00,08:45,ST,,,,
118486,"Nidali To Sawantwadi Via Wanoshi Kudasa",Nidali,Sawantwadi,"WANOSHI KUDASA",MO,2291,"Morle Bag",14,,,,सावंतवाडी,62.5,06:00,08:45,ST,,,,
118486,"Nidali To Sawantwadi Via Wanoshi Kudasa",Nidali,Sawantwadi,"WANOSHI KUDASA",MO,2252,Ghotagewadi,15,,,,सावंतवाडी,62.5,06:00,08:45,ST,,,,
118486,"Nidali To Sawantwadi Via Wanoshi Kudasa",Nidali,Sawantwadi,"WANOSHI KUDASA",MO,2332,Tirali,18,,,,सावंतवाडी,62.5,06:00,08:45,ST,,,,
118486,"Nidali To Sawantwadi Via Wanoshi Kudasa",Nidali,Sawantwadi,"WANOSHI KUDASA",MO,2283,"Londhewadi Mecanic Colony",21,,,,सावंतवाडी,62.5,06:00,08:45,ST,,,,
118486,"Nidali To Sawantwadi Via Wanoshi Kudasa",Nidali,Sawantwadi,"WANOSHI KUDASA",MO,2274,"Konal Katta",22,,,,सावंतवाडी,62.5,06:00,08:45,ST,,,,
118486,"Nidali To Sawantwadi Via Wanoshi Kudasa",Nidali,Sawantwadi,"WANOSHI KUDASA",MO,2340,Vayangantad,23,,,,सावंतवाडी,62.5,06:00,08:45,ST,,,,
118486,"Nidali To Sawantwadi Via Wanoshi Kudasa",Nidali,Sawantwadi,"WANOSHI KUDASA",MO,2232,Awade,24,,,,सावंतवाडी,62.5,06:00,08:45,ST,,,,
118486,"Nidali To Sawantwadi Via Wanoshi Kudasa",Nidali,Sawantwadi,"WANOSHI KUDASA",MO,2239,Bhedshi,26,,,,सावंतवाडी,62.5,06:00,08:45,ST,,,,
118486,"Nidali To Sawantwadi Via Wanoshi Kudasa",Nidali,Sawantwadi,"WANOSHI KUDASA",MO,2236,"Bhedshi Nadi",27,,,,सावंतवाडी,62.5,06:00,08:45,ST,,,,
118486,"Nidali To Sawantwadi Via Wanoshi Kudasa",Nidali,Sawantwadi,"WANOSHI KUDASA",MO,2263,"Kudase Titha",28,,,,सावंतवाडी,62.5,06:00,08:45,ST,,,,
118486,"Nidali To Sawantwadi Via Wanoshi Kudasa",Nidali,Sawantwadi,"WANOSHI KUDASA",MO,2244,Dhangarwadi,30,,,,सावंतवाडी,62.5,06:00,08:45,ST,,,,
118486,"Nidali To Sawantwadi Via Wanoshi Kudasa",Nidali,Sawantwadi,"WANOSHI KUDASA",MO,2262,"Kudasa High School",31,,,,सावंतवाडी,62.5,06:00,08:45,ST,,,,
118486,"Nidali To Sawantwadi Via Wanoshi Kudasa",Nidali,Sawantwadi,"WANOSHI KUDASA",MO,2342,"Wanoshi Kudasa",32,,,,सावंतवाडी,62.5,06:00,08:45,ST,,,,
118486,"Nidali To Sawantwadi Via Wanoshi Kudasa",Nidali,Sawantwadi,"WANOSHI KUDASA",MO,2360,Goutamwadi,33,,,,सावंतवाडी,62.5,06:00,08:45,ST,,,,
118486,"Nidali To Sawantwadi Via Wanoshi Kudasa",Nidali,Sawantwadi,"WANOSHI KUDASA",MO,2288,"Maneri Fata",34,,,,सावंतवाडी,62.5,06:00,08:45,ST,,,,
118486,"Nidali To Sawantwadi Via Wanoshi Kudasa",Nidali,Sawantwadi,"WANOSHI KUDASA",MO,2255,Hedus,35,,,,सावंतवाडी,62.5,06:00,08:45,ST,,,,
118486,"Nidali To Sawantwadi Via Wanoshi Kudasa",Nidali,Sawantwadi,"WANOSHI KUDASA",MO,2260,"Kudasa Fata",36,,,,सावंतवाडी,62.5,06:00,08:45,ST,,,,
118486,"Nidali To Sawantwadi Via Wanoshi Kudasa",Nidali,Sawantwadi,"WANOSHI KUDASA",MO,2316,Sasoli,37,,,,सावंतवाडी,62.5,06:00,08:45,ST,,,,
118486,"Nidali To Sawantwadi Via Wanoshi Kudasa",Nidali,Sawantwadi,"WANOSHI KUDASA",MO,2269,"Kalane Sada",39,,,,सावंतवाडी,62.5,06:00,08:45,ST,,,,
118486,"Nidali To Sawantwadi Via Wanoshi Kudasa",Nidali,Sawantwadi,"WANOSHI KUDASA",MO,2268,"Kalne High School",41,,,,सावंतवाडी,62.5,06:00,08:45,ST,,,,
118486,"Nidali To Sawantwadi Via Wanoshi Kudasa",Nidali,Sawantwadi,"WANOSHI KUDASA",MO,2363,Kalane,42,,,,सावंतवाडी,62.5,06:00,08:45,ST,,,,
118486,"Nidali To Sawantwadi Via Wanoshi Kudasa",Nidali,Sawantwadi,"WANOSHI KUDASA",MO,2366,Kosumbwadi,44,,,,सावंतवाडी,62.5,06:00,08:45,ST,,,,
118486,"Nidali To Sawantwadi Via Wanoshi Kudasa",Nidali,Sawantwadi,"WANOSHI KUDASA",MO,8467,"Adali Mauli Mandir",45,,,,सावंतवाडी,62.5,06:00,08:45,ST,,,,
118486,"Nidali To Sawantwadi Via Wanoshi Kudasa",Nidali,Sawantwadi,"WANOSHI KUDASA",MO,8588,Morgaon,46,,,,सावंतवाडी,62.5,06:00,08:45,ST,,,,
118486,"Nidali To Sawantwadi Via Wanoshi Kudasa",Nidali,Sawantwadi,"WANOSHI KUDASA",MO,8558,"Kumbral Fata",48,,,,सावंतवाडी,62.5,06:00,08:45,ST,,,,
118486,"Nidali To Sawantwadi Via Wanoshi Kudasa",Nidali,Sawantwadi,"WANOSHI KUDASA",MO,8503,Degve,49,,,,सावंतवाडी,62.5,06:00,08:45,ST,,,,
118486,"Nidali To Sawantwadi Via Wanoshi Kudasa",Nidali,Sawantwadi,"WANOSHI KUDASA",MO,8619,Panval,51,,,,सावंतवाडी,62.5,06:00,08:45,ST,,,,
118486,"Nidali To Sawantwadi Via Wanoshi Kudasa",Nidali,Sawantwadi,"WANOSHI KUDASA",MO,8486,Banda,54,,,,सावंतवाडी,62.5,06:00,08:45,ST,,,,
118486,"Nidali To Sawantwadi Via Wanoshi Kudasa",Nidali,Sawantwadi,"WANOSHI KUDASA",MO,8560,Kondwada,58,,,,सावंतवाडी,62.5,06:00,08:45,ST,,,,
118486,"Nidali To Sawantwadi Via Wanoshi Kudasa",Nidali,Sawantwadi,"WANOSHI KUDASA",MO,8499,"Doba Shel",60,,,,सावंतवाडी,62.5,06:00,08:45,ST,,,,
118486,"Nidali To Sawantwadi Via Wanoshi Kudasa",Nidali,Sawantwadi,"WANOSHI KUDASA",MO,8578,"Majgaon Nala",63,,,,सावंतवाडी,62.5,06:00,08:45,ST,,,,
118486,"Nidali To Sawantwadi Via Wanoshi Kudasa",Nidali,Sawantwadi,"WANOSHI KUDASA",MO,8663,Sawantwadi,66,,,,सावंतवाडी,62.5,06:00,08:45,ST,,,,
118487,"Dodamarg To Nidali",Dodamarg,Nidali,,MO,2247,Dodamarg,,,,दोडामार्ग,"केर निडली",26.5,08:30,09:35,ST,,,,
118487,"Dodamarg To Nidali",Dodamarg,Nidali,,MO,2229,Ambeli,3,,,दोडामार्ग,"केर निडली",26.5,08:30,09:35,ST,,,,
118487,"Dodamarg To Nidali",Dodamarg,Nidali,,MO,2344,"Zare Bambar",6,,,दोडामार्ग,"केर निडली",26.5,08:30,09:35,ST,,,,
118487,"Dodamarg To Nidali",Dodamarg,Nidali,,MO,2236,"Bhedshi Nadi",9,,,दोडामार्ग,"केर निडली",26.5,08:30,09:35,ST,,,,
118487,"Dodamarg To Nidali",Dodamarg,Nidali,,MO,2318,"Sateli Bhedashi",10,,,दोडामार्ग,"केर निडली",26.5,08:30,09:35,ST,,,,
118487,"Dodamarg To Nidali",Dodamarg,Nidali,,MO,2232,Awade,12,,,दोडामार्ग,"केर निडली",26.5,08:30,09:35,ST,,,,
118487,"Dodamarg To Nidali",Dodamarg,Nidali,,MO,2274,"Konal Katta",14,,,दोडामार्ग,"केर निडली",26.5,08:30,09:35,ST,,,,
118487,"Dodamarg To Nidali",Dodamarg,Nidali,,MO,2283,"Londhewadi Mecanic Colony",15,,,दोडामार्ग,"केर निडली",26.5,08:30,09:35,ST,,,,
118487,"Dodamarg To Nidali",Dodamarg,Nidali,,MO,2332,Tirali,18,,,दोडामार्ग,"केर निडली",26.5,08:30,09:35,ST,,,,
118487,"Dodamarg To Nidali",Dodamarg,Nidali,,MO,2252,Ghotagewadi,21,,,दोडामार्ग,"केर निडली",26.5,08:30,09:35,ST,,,,
118487,"Dodamarg To Nidali",Dodamarg,Nidali,,MO,2244,Dhangarwadi,21.4,,,दोडामार्ग,"केर निडली",26.5,08:30,09:35,ST,,,,
118487,"Dodamarg To Nidali",Dodamarg,Nidali,,MO,2292,"Morle Gaon",24,,,दोडामार्ग,"केर निडली",26.5,08:30,09:35,ST,,,,
118487,"Dodamarg To Nidali",Dodamarg,Nidali,,MO,2278,Ker,27,,,दोडामार्ग,"केर निडली",26.5,08:30,09:35,ST,,,,
118487,"Dodamarg To Nidali",Dodamarg,Nidali,,MO,2297,Nidali,29.7,,,दोडामार्ग,"केर निडली",26.5,08:30,09:35,ST,,,,
405,"Sawantwadi To Kolhapur Via Ajra Fata",Sawantwadi,Kolhapur,"AJRA FATA",MO,8663,Sawantwadi,,,,सावंतवाडी,कोल्हापुर,149.6,14:45,18:50,NOBL,,,,
405,"Sawantwadi To Kolhapur Via Ajra Fata",Sawantwadi,Kolhapur,"AJRA FATA",MO,8570,Madkhol,8,,,सावंतवाडी,कोल्हापुर,149.6,14:45,18:50,NOBL,,,,
405,"Sawantwadi To Kolhapur Via Ajra Fata",Sawantwadi,Kolhapur,"AJRA FATA",MO,8569,"Madkhol Met",9,,,सावंतवाडी,कोल्हापुर,149.6,14:45,18:50,NOBL,,,,
405,"Sawantwadi To Kolhapur Via Ajra Fata",Sawantwadi,Kolhapur,"AJRA FATA",MO,8513,"Dhawadaki School",10.6,,,सावंतवाडी,कोल्हापुर,149.6,14:45,18:50,NOBL,,,,
405,"Sawantwadi To Kolhapur Via Ajra Fata",Sawantwadi,Kolhapur,"AJRA FATA",MO,8510,Danoli,13.1,,,सावंतवाडी,कोल्हापुर,149.6,14:45,18:50,NOBL,,,,
405,"Sawantwadi To Kolhapur Via Ajra Fata",Sawantwadi,Kolhapur,"AJRA FATA",MO,8607,Nanapani,21,,,सावंतवाडी,कोल्हापुर,149.6,14:45,18:50,NOBL,,,,
405,"Sawantwadi To Kolhapur Via Ajra Fata",Sawantwadi,Kolhapur,"AJRA FATA",MO,8679,"Water Fall",25,,,सावंतवाडी,कोल्हापुर,149.6,14:45,18:50,NOBL,,,,
405,"Sawantwadi To Kolhapur Via Ajra Fata",Sawantwadi,Kolhapur,"AJRA FATA",MO,8470,Amboli,29.5,,,सावंतवाडी,कोल्हापुर,149.6,14:45,18:50,NOBL,,,,
405,"Sawantwadi To Kolhapur Via Ajra Fata",Sawantwadi,Kolhapur,"AJRA FATA",MO,8469,"Amboli Octroi Naka",31.1,,,सावंतवाडी,कोल्हापुर,149.6,14:45,18:50,NOBL,,,,
405,"Sawantwadi To Kolhapur Via Ajra Fata",Sawantwadi,Kolhapur,"AJRA FATA",MO,8582,Mulvanwadi,33,,,सावंतवाडी,कोल्हापुर,149.6,14:45,18:50,NOBL,,,,
405,"Sawantwadi To Kolhapur Via Ajra Fata",Sawantwadi,Kolhapur,"AJRA FATA",MO,23011,"Ajra Fata",36,,,सावंतवाडी,कोल्हापुर,149.6,14:45,18:50,NOBL,,,,
405,"Sawantwadi To Kolhapur Via Ajra Fata",Sawantwadi,Kolhapur,"AJRA FATA",MO,24833,Menon,42,,,सावंतवाडी,कोल्हापुर,149.6,14:45,18:50,NOBL,,,,
405,"Sawantwadi To Kolhapur Via Ajra Fata",Sawantwadi,Kolhapur,"AJRA FATA",MO,23762,Ghatkarwadi,42.7,,,सावंतवाडी,कोल्हापुर,149.6,14:45,18:50,NOBL,,,,
405,"Sawantwadi To Kolhapur Via Ajra Fata",Sawantwadi,Kolhapur,"AJRA FATA",MO,23010,Ajara,46,,,सावंतवाडी,कोल्हापुर,149.6,14:45,18:50,NOBL,,,,
405,"Sawantwadi To Kolhapur Via Ajra Fata",Sawantwadi,Kolhapur,"AJRA FATA",MO,25615,Suleran,48,,,सावंतवाडी,कोल्हापुर,149.6,14:45,18:50,NOBL,,,,
405,"Sawantwadi To Kolhapur Via Ajra Fata",Sawantwadi,Kolhapur,"AJRA FATA",MO,23872,Gavase,50.5,,,सावंतवाडी,कोल्हापुर,149.6,14:45,18:50,NOBL,,,,
405,"Sawantwadi To Kolhapur Via Ajra Fata",Sawantwadi,Kolhapur,"AJRA FATA",MO,23376,Chaloba,53,,,सावंतवाडी,कोल्हापुर,149.6,14:45,18:50,NOBL,,,,
405,"Sawantwadi To Kolhapur Via Ajra Fata",Sawantwadi,Kolhapur,"AJRA FATA",MO,23949,Hololi,56.1,,,सावंतवाडी,कोल्हापुर,149.6,14:45,18:50,NOBL,,,,
405,"Sawantwadi To Kolhapur Via Ajra Fata",Sawantwadi,Kolhapur,"AJRA FATA",MO,24689,Masoli,59,,,सावंतवाडी,कोल्हापुर,149.6,14:45,18:50,NOBL,,,,
405,"Sawantwadi To Kolhapur Via Ajra Fata",Sawantwadi,Kolhapur,"AJRA FATA",MO,23010,Ajara,62.1,,,सावंतवाडी,कोल्हापुर,149.6,14:45,18:50,NOBL,,,,
405,"Sawantwadi To Kolhapur Via Ajra Fata",Sawantwadi,Kolhapur,"AJRA FATA",MO,25676,Sohale,65,,,सावंतवाडी,कोल्हापुर,149.6,14:45,18:50,NOBL,,,,
405,"Sawantwadi To Kolhapur Via Ajra Fata",Sawantwadi,Kolhapur,"AJRA FATA",MO,24646,Madilage,69,,,सावंतवाडी,कोल्हापुर,149.6,14:45,18:50,NOBL,,,,
405,"Sawantwadi To Kolhapur Via Ajra Fata",Sawantwadi,Kolhapur,"AJRA FATA",MO,25930,"Uttur Fata",72,,,सावंतवाडी,कोल्हापुर,149.6,14:45,18:50,NOBL,,,,
405,"Sawantwadi To Kolhapur Via Ajra Fata",Sawantwadi,Kolhapur,"AJRA FATA",MO,23908,Helewadi,74.1,,,सावंतवाडी,कोल्हापुर,149.6,14:45,18:50,NOBL,,,,
405,"Sawantwadi To Kolhapur Via Ajra Fata",Sawantwadi,Kolhapur,"AJRA FATA",MO,23065,Ardal,75,,,सावंतवाडी,कोल्हापुर,149.6,14:45,18:50,NOBL,,,,
405,"Sawantwadi To Kolhapur Via Ajra Fata",Sawantwadi,Kolhapur,"AJRA FATA",MO,25169,Pendharwadi,78.4,,,सावंतवाडी,कोल्हापुर,149.6,14:45,18:50,NOBL,,,,
405,"Sawantwadi To Kolhapur Via Ajra Fata",Sawantwadi,Kolhapur,"AJRA FATA",MO,25924,Uttur,80.1,,,सावंतवाडी,कोल्हापुर,149.6,14:45,18:50,NOBL,,,,
405,"Sawantwadi To Kolhapur Via Ajra Fata",Sawantwadi,Kolhapur,"AJRA FATA",MO,24830,Mumewadi,83.1,,,सावंतवाडी,कोल्हापुर,149.6,14:45,18:50,NOBL,,,,
405,"Sawantwadi To Kolhapur Via Ajra Fata",Sawantwadi,Kolhapur,"AJRA FATA",MO,73922,"Nagnur Krt Border",103.3,,,सावंतवाडी,कोल्हापुर,149.6,14:45,18:50,NOBL,,,,
405,"Sawantwadi To Kolhapur Via Ajra Fata",Sawantwadi,Kolhapur,"AJRA FATA",MO,74181,"Tawandi Fata",113.3,,,सावंतवाडी,कोल्हापुर,149.6,14:45,18:50,NOBL,,,,
405,"Sawantwadi To Kolhapur Via Ajra Fata",Sawantwadi,Kolhapur,"AJRA FATA",MO,73937,Nipani,118.3,,,सावंतवाडी,कोल्हापुर,149.6,14:45,18:50,NOBL,,,,
405,"Sawantwadi To Kolhapur Via Ajra Fata",Sawantwadi,Kolhapur,"AJRA FATA",MO,74109,Soundalga,130.3,,,सावंतवाडी,कोल्हापुर,149.6,14:45,18:50,NOBL,,,,
405,"Sawantwadi To Kolhapur Via Ajra Fata",Sawantwadi,Kolhapur,"AJRA FATA",MO,73718,Kognoli,135.3,,,सावंतवाडी,कोल्हापुर,149.6,14:45,18:50,NOBL,,,,
405,"Sawantwadi To Kolhapur Via Ajra Fata",Sawantwadi,Kolhapur,"AJRA FATA",MO,73608,Kagal,136.9,,,सावंतवाडी,कोल्हापुर,149.6,14:45,18:50,NOBL,,,,
405,"Sawantwadi To Kolhapur Via Ajra Fata",Sawantwadi,Kolhapur,"AJRA FATA",MO,24756,Ms,142,,,सावंतवाडी,कोल्हापुर,149.6,14:45,18:50,NOBL,,,,
405,"Sawantwadi To Kolhapur Via Ajra Fata",Sawantwadi,Kolhapur,"AJRA FATA",MO,25908,"Ujaliwadi Fata",147,,,सावंतवाडी,कोल्हापुर,149.6,14:45,18:50,NOBL,,,,
405,"Sawantwadi To Kolhapur Via Ajra Fata",Sawantwadi,Kolhapur,"AJRA FATA",MO,24359,Kolhapur,149.6,,,सावंतवाडी,कोल्हापुर,149.6,14:45,18:50,NOBL,,,,
408,"Sawantwadi To Ichalkaranji",Sawantwadi,Ichalkaranji,,MO,8663,Sawantwadi,,,,सावंतवाडी,इचलकरंजी,173.6,12:30,18:15,NOBL,,,,
408,"Sawantwadi To Ichalkaranji",Sawantwadi,Ichalkaranji,,MO,8488,"Burdi Pul",3.4,,,सावंतवाडी,इचलकरंजी,173.6,12:30,18:15,NOBL,,,,
408,"Sawantwadi To Ichalkaranji",Sawantwadi,Ichalkaranji,,MO,8653,"Sapale Stop",6,,,सावंतवाडी,इचलकरंजी,173.6,12:30,18:15,NOBL,,,,
408,"Sawantwadi To Ichalkaranji",Sawantwadi,Ichalkaranji,,MO,8570,Madkhol,7.9,,,सावंतवाडी,इचलकरंजी,173.6,12:30,18:15,NOBL,,,,
408,"Sawantwadi To Ichalkaranji",Sawantwadi,Ichalkaranji,,MO,8569,"Madkhol Met",9,,,सावंतवाडी,इचलकरंजी,173.6,12:30,18:15,NOBL,,,,
408,"Sawantwadi To Ichalkaranji",Sawantwadi,Ichalkaranji,,MO,8505,Dhawadki,10.6,,,सावंतवाडी,इचलकरंजी,173.6,12:30,18:15,NOBL,,,,
408,"Sawantwadi To Ichalkaranji",Sawantwadi,Ichalkaranji,,MO,8510,Danoli,13.1,,,सावंतवाडी,इचलकरंजी,173.6,12:30,18:15,NOBL,,,,
408,"Sawantwadi To Ichalkaranji",Sawantwadi,Ichalkaranji,,MO,8564,Kumbheshwar,16,,,सावंतवाडी,इचलकरंजी,173.6,12:30,18:15,NOBL,,,,
408,"Sawantwadi To Ichalkaranji",Sawantwadi,Ichalkaranji,,MO,8607,Nanapani,21,,,सावंतवाडी,इचलकरंजी,173.6,12:30,18:15,NOBL,,,,
408,"Sawantwadi To Ichalkaranji",Sawantwadi,Ichalkaranji,,MO,8470,Amboli,29.5,,,सावंतवाडी,इचलकरंजी,173.6,12:30,18:15,NOBL,,,,
408,"Sawantwadi To Ichalkaranji",Sawantwadi,Ichalkaranji,,MO,8582,Mulvanwadi,33.3,,,सावंतवाडी,इचलकरंजी,173.6,12:30,18:15,NOBL,,,,
408,"Sawantwadi To Ichalkaranji",Sawantwadi,Ichalkaranji,,MO,8473,"Ajra Fata",36,,,सावंतवाडी,इचलकरंजी,173.6,12:30,18:15,NOBL,,,,
408,"Sawantwadi To Ichalkaranji",Sawantwadi,Ichalkaranji,,MO,8606,"Nangartas Awate Dukan",38.8,,,सावंतवाडी,इचलकरंजी,173.6,12:30,18:15,NOBL,,,,
408,"Sawantwadi To Ichalkaranji",Sawantwadi,Ichalkaranji,,MO,24833,Menon,41.6,,,सावंतवाडी,इचलकरंजी,173.6,12:30,18:15,NOBL,,,,
408,"Sawantwadi To Ichalkaranji",Sawantwadi,Ichalkaranji,,MO,23762,Ghatkarwadi,42.7,,,सावंतवाडी,इचलकरंजी,173.6,12:30,18:15,NOBL,,,,
408,"Sawantwadi To Ichalkaranji",Sawantwadi,Ichalkaranji,,MO,23585,Dhangarmala,45.1,,,सावंतवाडी,इचलकरंजी,173.6,12:30,18:15,NOBL,,,,
408,"Sawantwadi To Ichalkaranji",Sawantwadi,Ichalkaranji,,MO,25615,Suleran,47.1,,,सावंतवाडी,इचलकरंजी,173.6,12:30,18:15,NOBL,,,,
408,"Sawantwadi To Ichalkaranji",Sawantwadi,Ichalkaranji,,MO,23872,Gavase,50.5,,,सावंतवाडी,इचलकरंजी,173.6,12:30,18:15,NOBL,,,,
408,"Sawantwadi To Ichalkaranji",Sawantwadi,Ichalkaranji,,MO,23376,Chaloba,53,,,सावंतवाडी,इचलकरंजी,173.6,12:30,18:15,NOBL,,,,
408,"Sawantwadi To Ichalkaranji",Sawantwadi,Ichalkaranji,,MO,23949,Hololi,56.1,,,सावंतवाडी,इचलकरंजी,173.6,12:30,18:15,NOBL,,,,
408,"Sawantwadi To Ichalkaranji",Sawantwadi,Ichalkaranji,,MO,24689,Masoli,59.7,,,सावंतवाडी,इचलकरंजी,173.6,12:30,18:15,NOBL,,,,
408,"Sawantwadi To Ichalkaranji",Sawantwadi,Ichalkaranji,,MO,23010,Ajara,62.1,,,सावंतवाडी,इचलकरंजी,173.6,12:30,18:15,NOBL,,,,
408,"Sawantwadi To Ichalkaranji",Sawantwadi,Ichalkaranji,,MO,25676,Sohale,65.1,,,सावंतवाडी,इचलकरंजी,173.6,12:30,18:15,NOBL,,,,
408,"Sawantwadi To Ichalkaranji",Sawantwadi,Ichalkaranji,,MO,24646,Madilage,69,,,सावंतवाडी,इचलकरंजी,173.6,12:30,18:15,NOBL,,,,
408,"Sawantwadi To Ichalkaranji",Sawantwadi,Ichalkaranji,,MO,25930,"Uttur Fata",70,,,सावंतवाडी,इचलकरंजी,173.6,12:30,18:15,NOBL,,,,
408,"Sawantwadi To Ichalkaranji",Sawantwadi,Ichalkaranji,,MO,23880,"Halewadi Titta",74.1,,,सावंतवाडी,इचलकरंजी,173.6,12:30,18:15,NOBL,,,,
408,"Sawantwadi To Ichalkaranji",Sawantwadi,Ichalkaranji,,MO,25169,Pendharwadi,78.4,,,सावंतवाडी,इचलकरंजी,173.6,12:30,18:15,NOBL,,,,
408,"Sawantwadi To Ichalkaranji",Sawantwadi,Ichalkaranji,,MO,25924,Uttur,80.1,,,सावंतवाडी,इचलकरंजी,173.6,12:30,18:15,NOBL,,,,
408,"Sawantwadi To Ichalkaranji",Sawantwadi,Ichalkaranji,,MO,23905,"Hadalge Fata",86,,,सावंतवाडी,इचलकरंजी,173.6,12:30,18:15,NOBL,,,,
408,"Sawantwadi To Ichalkaranji",Sawantwadi,Ichalkaranji,,MO,23194,"Bugate Alur",86.5,,,सावंतवाडी,इचलकरंजी,173.6,12:30,18:15,NOBL,,,,
408,"Sawantwadi To Ichalkaranji",Sawantwadi,Ichalkaranji,,MO,24418,"Karnataka State Border",87,,,सावंतवाडी,इचलकरंजी,173.6,12:30,18:15,NOBL,,,,
408,"Sawantwadi To Ichalkaranji",Sawantwadi,Ichalkaranji,,MO,73933,Nangnur,88,,,सावंतवाडी,इचलकरंजी,173.6,12:30,18:15,NOBL,,,,
408,"Sawantwadi To Ichalkaranji",Sawantwadi,Ichalkaranji,,MO,74197,Tawandi,94,,,सावंतवाडी,इचलकरंजी,173.6,12:30,18:15,NOBL,,,,
408,"Sawantwadi To Ichalkaranji",Sawantwadi,Ichalkaranji,,MO,73937,Nipani,102.7,,,सावंतवाडी,इचलकरंजी,173.6,12:30,18:15,NOBL,,,,
408,"Sawantwadi To Ichalkaranji",Sawantwadi,Ichalkaranji,,MO,74109,Soundalga,108,,,सावंतवाडी,इचलकरंजी,173.6,12:30,18:15,NOBL,,,,
408,"Sawantwadi To Ichalkaranji",Sawantwadi,Ichalkaranji,,MO,73718,Kognoli,114,,,सावंतवाडी,इचलकरंजी,173.6,12:30,18:15,NOBL,,,,
408,"Sawantwadi To Ichalkaranji",Sawantwadi,Ichalkaranji,,MO,73608,Kagal,123,,,सावंतवाडी,इचलकरंजी,173.6,12:30,18:15,NOBL,,,,
408,"Sawantwadi To Ichalkaranji",Sawantwadi,Ichalkaranji,,MO,24283,Kagal,124,,,सावंतवाडी,इचलकरंजी,173.6,12:30,18:15,NOBL,,,,
408,"Sawantwadi To Ichalkaranji",Sawantwadi,Ichalkaranji,,MO,24359,Kolhapur,149.6,,,सावंतवाडी,इचलकरंजी,173.6,12:30,18:15,NOBL,,,,
408,"Sawantwadi To Ichalkaranji",Sawantwadi,Ichalkaranji,,MO,25536,"Shahu Market Yard",152,,,सावंतवाडी,इचलकरंजी,173.6,12:30,18:15,NOBL,,,,
408,"Sawantwadi To Ichalkaranji",Sawantwadi,Ichalkaranji,,MO,25591,Shiroli,155,,,सावंतवाडी,इचलकरंजी,173.6,12:30,18:15,NOBL,,,,
408,"Sawantwadi To Ichalkaranji",Sawantwadi,Ichalkaranji,,MO,24025,Ichalkaranji,176.6,,,सावंतवाडी,इचलकरंजी,173.6,12:30,18:15,NOBL,,,,
11126,"Sawantwadi To Deorukh",Sawantwadi,Deorukh,,MO,8663,Sawantwadi,,,,सावंतवाडी,देवरुख,186.1,12:30,18:45,NOBL,,,,
11126,"Sawantwadi To Deorukh",Sawantwadi,Deorukh,,MO,8551,"Kolgaon Thita",3,,,सावंतवाडी,देवरुख,186.1,12:30,18:45,NOBL,,,,
11126,"Sawantwadi To Deorukh",Sawantwadi,Deorukh,,MO,6101,Akeri,5.9,,,सावंतवाडी,देवरुख,186.1,12:30,18:45,NOBL,,,,
11126,"Sawantwadi To Deorukh",Sawantwadi,Deorukh,,MO,6231,"Khan Mohalla",8.5,,,सावंतवाडी,देवरुख,186.1,12:30,18:45,NOBL,,,,
11126,"Sawantwadi To Deorukh",Sawantwadi,Deorukh,,MO,6474,"Zharap Titha",11.5,,,सावंतवाडी,देवरुख,186.1,12:30,18:45,NOBL,,,,
11126,"Sawantwadi To Deorukh",Sawantwadi,Deorukh,,MO,6322,"Mandkuli Fata",15,,,सावंतवाडी,देवरुख,186.1,12:30,18:45,NOBL,,,,
11126,"Sawantwadi To Deorukh",Sawantwadi,Deorukh,,MO,6126,Bibavane,15.5,,,सावंतवाडी,देवरुख,186.1,12:30,18:45,NOBL,,,,
11126,"Sawantwadi To Deorukh",Sawantwadi,Deorukh,,MO,6302,"Modka Wad Pinguli",18,,,सावंतवाडी,देवरुख,186.1,12:30,18:45,NOBL,,,,
11126,"Sawantwadi To Deorukh",Sawantwadi,Deorukh,,MO,6237,"Kudal St Depot",20.7,,,सावंतवाडी,देवरुख,186.1,12:30,18:45,NOBL,,,,
11126,"Sawantwadi To Deorukh",Sawantwadi,Deorukh,,MO,6240,"Kudal St Depot",22,,,सावंतवाडी,देवरुख,186.1,12:30,18:45,NOBL,,,,
11126,"Sawantwadi To Deorukh",Sawantwadi,Deorukh,,MO,6380,"Pawashi Panchayat",23,,,सावंतवाडी,देवरुख,186.1,12:30,18:45,NOBL,,,,
11126,"Sawantwadi To Deorukh",Sawantwadi,Deorukh,,MO,88100,Vetalbambarde,26,,,सावंतवाडी,देवरुख,186.1,12:30,18:45,NOBL,,,,
11126,"Sawantwadi To Deorukh",Sawantwadi,Deorukh,,MO,6365,Pandur,29.7,,,सावंतवाडी,देवरुख,186.1,12:30,18:45,NOBL,,,,
11126,"Sawantwadi To Deorukh",Sawantwadi,Deorukh,,MO,6204,"Humarmala Kasale Dukan",32,,,सावंतवाडी,देवरुख,186.1,12:30,18:45,NOBL,,,,
11126,"Sawantwadi To Deorukh",Sawantwadi,Deorukh,,MO,6362,"Oros Bus Stnad",36.9,,,सावंतवाडी,देवरुख,186.1,12:30,18:45,NOBL,,,,
11126,"Sawantwadi To Deorukh",Sawantwadi,Deorukh,,MO,6226,"Jaitapkar Colany",38,,,सावंतवाडी,देवरुख,186.1,12:30,18:45,NOBL,,,,
11126,"Sawantwadi To Deorukh",Sawantwadi,Deorukh,,MO,6116,Awali,39,,,सावंतवाडी,देवरुख,186.1,12:30,18:45,NOBL,,,,
11126,"Sawantwadi To Deorukh",Sawantwadi,Deorukh,,MO,6281,Kasal,41.4,,,सावंतवाडी,देवरुख,186.1,12:30,18:45,NOBL,,,,
11126,"Sawantwadi To Deorukh",Sawantwadi,Deorukh,,MO,2698,Dewoolwadi,43,,,सावंतवाडी,देवरुख,186.1,12:30,18:45,NOBL,,,,
11126,"Sawantwadi To Deorukh",Sawantwadi,Deorukh,,MO,2890,"Osargaon Post",45.7,,,सावंतवाडी,देवरुख,186.1,12:30,18:45,NOBL,,,,
11126,"Sawantwadi To Deorukh",Sawantwadi,Deorukh,,MO,2891,"Osargaon Talav",48.6,,,सावंतवाडी,देवरुख,186.1,12:30,18:45,NOBL,,,,
11126,"Sawantwadi To Deorukh",Sawantwadi,Deorukh,,MO,2692,Dangalwadi,49.7,,,सावंतवाडी,देवरुख,186.1,12:30,18:45,NOBL,,,,
11126,"Sawantwadi To Deorukh",Sawantwadi,Deorukh,,MO,3001,"Wagade Gpo",50.6,,,सावंतवाडी,देवरुख,186.1,12:30,18:45,NOBL,,,,
11126,"Sawantwadi To Deorukh",Sawantwadi,Deorukh,,MO,2786,Kankavli,55.8,,,सावंतवाडी,देवरुख,186.1,12:30,18:45,NOBL,,,,
11126,"Sawantwadi To Deorukh",Sawantwadi,Deorukh,,MO,2766,Janavali,59.6,,,सावंतवाडी,देवरुख,186.1,12:30,18:45,NOBL,,,,
11126,"Sawantwadi To Deorukh",Sawantwadi,Deorukh,,MO,2756,"Humrat Titha",63.9,,,सावंतवाडी,देवरुख,186.1,12:30,18:45,NOBL,,,,
11126,"Sawantwadi To Deorukh",Sawantwadi,Deorukh,,MO,2655,Belane,66.1,,,सावंतवाडी,देवरुख,186.1,12:30,18:45,NOBL,,,,
11126,"Sawantwadi To Deorukh",Sawantwadi,Deorukh,,MO,2870,"Nandgaon Datta Mandir",68.5,,,सावंतवाडी,देवरुख,186.1,12:30,18:45,NOBL,,,,
11126,"Sawantwadi To Deorukh",Sawantwadi,Deorukh,,MO,2871,"Nandgaon Fata",69,,,सावंतवाडी,देवरुख,186.1,12:30,18:45,NOBL,,,,
11126,"Sawantwadi To Deorukh",Sawantwadi,Deorukh,,MO,2872,"Nandgaon Nursary",72,,,सावंतवाडी,देवरुख,186.1,12:30,18:45,NOBL,,,,
11126,"Sawantwadi To Deorukh",Sawantwadi,Deorukh,,MO,2673,"Bramhan Wadi",75.8,,,सावंतवाडी,देवरुख,186.1,12:30,18:45,NOBL,,,,
11126,"Sawantwadi To Deorukh",Sawantwadi,Deorukh,,MO,2982,Tarla,78.8,,,सावंतवाडी,देवरुख,186.1,12:30,18:45,NOBL,,,,
11126,"Sawantwadi To Deorukh",Sawantwadi,Deorukh,,MO,2941,Saliste,83.7,,,सावंतवाडी,देवरुख,186.1,12:30,18:45,NOBL,,,,
11126,"Sawantwadi To Deorukh",Sawantwadi,Deorukh,,MO,2844,"Mail Stone",84,,,सावंतवाडी,देवरुख,186.1,12:30,18:45,NOBL,,,,
11126,"Sawantwadi To Deorukh",Sawantwadi,Deorukh,,MO,3010,Wargaon,86.4,,,सावंतवाडी,देवरुख,186.1,12:30,18:45,NOBL,,,,
11126,"Sawantwadi To Deorukh",Sawantwadi,Deorukh,,MO,2648,Bambarwadi,87,,,सावंतवाडी,देवरुख,186.1,12:30,18:45,NOBL,,,,
11126,"Sawantwadi To Deorukh",Sawantwadi,Deorukh,,MO,2863,Nadgive,89.6,,,सावंतवाडी,देवरुख,186.1,12:30,18:45,NOBL,,,,
11126,"Sawantwadi To Deorukh",Sawantwadi,Deorukh,,MO,2812,Kharepatan,92.9,,,सावंतवाडी,देवरुख,186.1,12:30,18:45,NOBL,,,,
11126,"Sawantwadi To Deorukh",Sawantwadi,Deorukh,,MO,15236,"Takewadi School",96,,,सावंतवाडी,देवरुख,186.1,12:30,18:45,NOBL,,,,
11126,"Sawantwadi To Deorukh",Sawantwadi,Deorukh,,MO,14879,Panhale,98.4,,,सावंतवाडी,देवरुख,186.1,12:30,18:45,NOBL,,,,
11126,"Sawantwadi To Deorukh",Sawantwadi,Deorukh,,MO,14609,Kodiye,101.4,,,सावंतवाडी,देवरुख,186.1,12:30,18:45,NOBL,,,,
11126,"Sawantwadi To Deorukh",Sawantwadi,Deorukh,,MO,14521,"Hativale Jaitapur Fata",104.9,,,सावंतवाडी,देवरुख,186.1,12:30,18:45,NOBL,,,,
11126,"Sawantwadi To Deorukh",Sawantwadi,Deorukh,,MO,15137,"Shriram Gas Compani",106,,,सावंतवाडी,देवरुख,186.1,12:30,18:45,NOBL,,,,
11126,"Sawantwadi To Deorukh",Sawantwadi,Deorukh,,MO,14473,"Ganga Tirtha Fata",109.5,,,सावंतवाडी,देवरुख,186.1,12:30,18:45,NOBL,,,,
11126,"Sawantwadi To Deorukh",Sawantwadi,Deorukh,,MO,15006,Rajapur,116,,,सावंतवाडी,देवरुख,186.1,12:30,18:45,NOBL,,,,
11126,"Sawantwadi To Deorukh",Sawantwadi,Deorukh,,MO,15005,"Rajapur Bus Stand",117,,,सावंतवाडी,देवरुख,186.1,12:30,18:45,NOBL,,,,
11126,"Sawantwadi To Deorukh",Sawantwadi,Deorukh,,MO,14615,"Kodavali School",120.7,,,सावंतवाडी,देवरुख,186.1,12:30,18:45,NOBL,,,,
11126,"Sawantwadi To Deorukh",Sawantwadi,Deorukh,,MO,14574,"Kharavate Village/Sorap Shop",123.1,,,सावंतवाडी,देवरुख,186.1,12:30,18:45,NOBL,,,,
11126,"Sawantwadi To Deorukh",Sawantwadi,Deorukh,,MO,14719,"Kharavate Fata",124,,,सावंतवाडी,देवरुख,186.1,12:30,18:45,NOBL,,,,
11126,"Sawantwadi To Deorukh",Sawantwadi,Deorukh,,MO,89331,Oni,128,,,सावंतवाडी,देवरुख,186.1,12:30,18:45,NOBL,,,,
11126,"Sawantwadi To Deorukh",Sawantwadi,Deorukh,,MO,15325,"Yerdav Fata",129.5,,,सावंतवाडी,देवरुख,186.1,12:30,18:45,NOBL,,,,
11126,"Sawantwadi To Deorukh",Sawantwadi,Deorukh,,MO,15316,"Watul Titha",132.4,,,सावंतवाडी,देवरुख,186.1,12:30,18:45,NOBL,,,,
11126,"Sawantwadi To Deorukh",Sawantwadi,Deorukh,,MO,77152,"Vilavade Rashan Shop",135.8,,,सावंतवाडी,देवरुख,186.1,12:30,18:45,NOBL,,,,
11126,"Sawantwadi To Deorukh",Sawantwadi,Deorukh,,MO,77185,"Whel Fata",138,,,सावंतवाडी,देवरुख,186.1,12:30,18:45,NOBL,,,,
11126,"Sawantwadi To Deorukh",Sawantwadi,Deorukh,,MO,77176,Waghangaon,139.2,,,सावंतवाडी,देवरुख,186.1,12:30,18:45,NOBL,,,,
11126,"Sawantwadi To Deorukh",Sawantwadi,Deorukh,,MO,76109,"Bhambed Sutarwadi",141,,,सावंतवाडी,देवरुख,186.1,12:30,18:45,NOBL,,,,
11126,"Sawantwadi To Deorukh",Sawantwadi,Deorukh,,MO,76117,Bhambed,143.7,,,सावंतवाडी,देवरुख,186.1,12:30,18:45,NOBL,,,,
11126,"Sawantwadi To Deorukh",Sawantwadi,Deorukh,,MO,76592,"Korle Lanja Fata",145.7,,,सावंतवाडी,देवरुख,186.1,12:30,18:45,NOBL,,,,
11126,"Sawantwadi To Deorukh",Sawantwadi,Deorukh,,MO,76397,"Govil School",149.2,,,सावंतवाडी,देवरुख,186.1,12:30,18:45,NOBL,,,,
11126,"Sawantwadi To Deorukh",Sawantwadi,Deorukh,,MO,76398,"Govil Maruti Mandir",150.1,,,सावंतवाडी,देवरुख,186.1,12:30,18:45,NOBL,,,,
11126,"Sawantwadi To Deorukh",Sawantwadi,Deorukh,,MO,76554,Kelavali,152.8,,,सावंतवाडी,देवरुख,186.1,12:30,18:45,NOBL,,,,
11126,"Sawantwadi To Deorukh",Sawantwadi,Deorukh,,MO,77033,"Shiposhi Ozar",154.3,,,सावंतवाडी,देवरुख,186.1,12:30,18:45,NOBL,,,,
11126,"Sawantwadi To Deorukh",Sawantwadi,Deorukh,,MO,77039,"Shiposhi Phanas",155.2,,,सावंतवाडी,देवरुख,186.1,12:30,18:45,NOBL,,,,
11126,"Sawantwadi To Deorukh",Sawantwadi,Deorukh,,MO,77159,"Vinanti Stop",158,,,सावंतवाडी,देवरुख,186.1,12:30,18:45,NOBL,,,,
11126,"Sawantwadi To Deorukh",Sawantwadi,Deorukh,,MO,76162,Borivale,159.3,,,सावंतवाडी,देवरुख,186.1,12:30,18:45,NOBL,,,,
11126,"Sawantwadi To Deorukh",Sawantwadi,Deorukh,,MO,11529,Dabhol,160.5,,,सावंतवाडी,देवरुख,186.1,12:30,18:45,NOBL,,,,
11126,"Sawantwadi To Deorukh",Sawantwadi,Deorukh,,MO,16236,Malapwadi,161,,,सावंतवाडी,देवरुख,186.1,12:30,18:45,NOBL,,,,
11126,"Sawantwadi To Deorukh",Sawantwadi,Deorukh,,MO,16186,Medhe,162.7,,,सावंतवाडी,देवरुख,186.1,12:30,18:45,NOBL,,,,
11126,"Sawantwadi To Deorukh",Sawantwadi,Deorukh,,MO,76495,"Kond Gaon",165.1,,,सावंतवाडी,देवरुख,186.1,12:30,18:45,NOBL,,,,
11126,"Sawantwadi To Deorukh",Sawantwadi,Deorukh,,MO,77000,Sakharpa,167.4,,,सावंतवाडी,देवरुख,186.1,12:30,18:45,NOBL,,,,
11126,"Sawantwadi To Deorukh",Sawantwadi,Deorukh,,MO,77120,Tower,168,,,सावंतवाडी,देवरुख,186.1,12:30,18:45,NOBL,,,,
11126,"Sawantwadi To Deorukh",Sawantwadi,Deorukh,,MO,76713,"Morde Khind",170,,,सावंतवाडी,देवरुख,186.1,12:30,18:45,NOBL,,,,
11126,"Sawantwadi To Deorukh",Sawantwadi,Deorukh,,MO,76409,"Gowal Shevare Stop",172.5,,,सावंतवाडी,देवरुख,186.1,12:30,18:45,NOBL,,,,
11126,"Sawantwadi To Deorukh",Sawantwadi,Deorukh,,MO,77189,"Wanjole Shop",173.2,,,सावंतवाडी,देवरुख,186.1,12:30,18:45,NOBL,,,,
11126,"Sawantwadi To Deorukh",Sawantwadi,Deorukh,,MO,76218,Dhawadewadi,173.5,,,सावंतवाडी,देवरुख,186.1,12:30,18:45,NOBL,,,,
11126,"Sawantwadi To Deorukh",Sawantwadi,Deorukh,,MO,76181,Bavnadi,174,,,सावंतवाडी,देवरुख,186.1,12:30,18:45,NOBL,,,,
11126,"Sawantwadi To Deorukh",Sawantwadi,Deorukh,,MO,76743,"Marleshwar Darshan Stop",175,,,सावंतवाडी,देवरुख,186.1,12:30,18:45,NOBL,,,,
11126,"Sawantwadi To Deorukh",Sawantwadi,Deorukh,,MO,76737,Muradpur,176,,,सावंतवाडी,देवरुख,186.1,12:30,18:45,NOBL,,,,
11126,"Sawantwadi To Deorukh",Sawantwadi,Deorukh,,MO,76750,"Marleshwar Fata",178.2,,,सावंतवाडी,देवरुख,186.1,12:30,18:45,NOBL,,,,
11126,"Sawantwadi To Deorukh",Sawantwadi,Deorukh,,MO,76288,Deorukh,183.4,,,सावंतवाडी,देवरुख,186.1,12:30,18:45,NOBL,,,,
16566,"Nigadi To Sawantwadi  Banda Via Gadhinglaj",Nigadi,Banda,GADHINGLAJ,MO,8873,Nigadi,,,,निगडी,कोल्हापुर,257,20:30,02:45,NOBL,,,,
16566,"Nigadi To Sawantwadi  Banda Via Gadhinglaj",Nigadi,Banda,GADHINGLAJ,MO,8951,"Vallabha Nagar",6,,,निगडी,कोल्हापुर,257,20:30,02:45,NOBL,,,,
16566,"Nigadi To Sawantwadi  Banda Via Gadhinglaj",Nigadi,Banda,GADHINGLAJ,MO,8922,"New Shivaji Nagar Pune",19,,,निगडी,कोल्हापुर,257,20:30,02:45,NOBL,,,,
16566,"Nigadi To Sawantwadi  Banda Via Gadhinglaj",Nigadi,Banda,GADHINGLAJ,MO,8888,"Pune Rly. Stn.",22.1,,,निगडी,कोल्हापुर,257,20:30,02:45,NOBL,,,,
16566,"Nigadi To Sawantwadi  Banda Via Gadhinglaj",Nigadi,Banda,GADHINGLAJ,MO,8934,"Swargate, Pune",28.6,,,निगडी,कोल्हापुर,257,20:30,02:45,NOBL,,,,
16566,"Nigadi To Sawantwadi  Banda Via Gadhinglaj",Nigadi,Banda,GADHINGLAJ,MO,6685,Sarole,69.4,,,निगडी,कोल्हापुर,257,20:30,02:45,NOBL,,,,
16566,"Nigadi To Sawantwadi  Banda Via Gadhinglaj",Nigadi,Banda,GADHINGLAJ,MO,29233,"Pargaon Khandala",86.1,,,निगडी,कोल्हापुर,257,20:30,02:45,NOBL,,,,
16566,"Nigadi To Sawantwadi  Banda Via Gadhinglaj",Nigadi,Banda,GADHINGLAJ,MO,33588,"Surur Fata",99,,,निगडी,कोल्हापुर,257,20:30,02:45,NOBL,,,,
16566,"Nigadi To Sawantwadi  Banda Via Gadhinglaj",Nigadi,Banda,GADHINGLAJ,MO,33460,Bhuinj,109.5,,,निगडी,कोल्हापुर,257,20:30,02:45,NOBL,,,,
16566,"Nigadi To Sawantwadi  Banda Via Gadhinglaj",Nigadi,Banda,GADHINGLAJ,MO,33566,Pachwad,112,,,निगडी,कोल्हापुर,257,20:30,02:45,NOBL,,,,
16566,"Nigadi To Sawantwadi  Banda Via Gadhinglaj",Nigadi,Banda,GADHINGLAJ,MO,31298,Satara,134.2,,,निगडी,कोल्हापुर,257,20:30,02:45,NOBL,,,,
16566,"Nigadi To Sawantwadi  Banda Via Gadhinglaj",Nigadi,Banda,GADHINGLAJ,MO,30896,Atit,155.4,,,निगडी,कोल्हापुर,257,20:30,02:45,NOBL,,,,
16566,"Nigadi To Sawantwadi  Banda Via Gadhinglaj",Nigadi,Banda,GADHINGLAJ,MO,31099,Kashil,160.7,,,निगडी,कोल्हापुर,257,20:30,02:45,NOBL,,,,
16566,"Nigadi To Sawantwadi  Banda Via Gadhinglaj",Nigadi,Banda,GADHINGLAJ,MO,28340,Umbraj,169.3,,,निगडी,कोल्हापुर,257,20:30,02:45,NOBL,,,,
16566,"Nigadi To Sawantwadi  Banda Via Gadhinglaj",Nigadi,Banda,GADHINGLAJ,MO,28184,Karad,187.4,,,निगडी,कोल्हापुर,257,20:30,02:45,NOBL,,,,
16566,"Nigadi To Sawantwadi  Banda Via Gadhinglaj",Nigadi,Banda,GADHINGLAJ,MO,29764,Nerle,210.3,,,निगडी,कोल्हापुर,257,20:30,02:45,NOBL,,,,
16566,"Nigadi To Sawantwadi  Banda Via Gadhinglaj",Nigadi,Banda,GADHINGLAJ,MO,26070,Wathar,239.2,,,निगडी,कोल्हापुर,257,20:30,02:45,NOBL,,,,
16566,"Nigadi To Sawantwadi  Banda Via Gadhinglaj",Nigadi,Banda,GADHINGLAJ,MO,25591,Shiroli,253,,,निगडी,कोल्हापुर,257,20:30,02:45,NOBL,,,,
16566,"Nigadi To Sawantwadi  Banda Via Gadhinglaj",Nigadi,Banda,GADHINGLAJ,MO,24359,Kolhapur,257.1,,,निगडी,कोल्हापुर,257,20:30,02:45,NOBL,,,,
16566,"Nigadi To Sawantwadi  Banda Via Gadhinglaj",Nigadi,Banda,GADHINGLAJ,MO,24283,Kagal,277,,,निगडी,कोल्हापुर,257,20:30,02:45,NOBL,,,,
16566,"Nigadi To Sawantwadi  Banda Via Gadhinglaj",Nigadi,Banda,GADHINGLAJ,MO,73718,Kognoli,278,,,निगडी,कोल्हापुर,257,20:30,02:45,NOBL,,,,
16566,"Nigadi To Sawantwadi  Banda Via Gadhinglaj",Nigadi,Banda,GADHINGLAJ,MO,73937,Nipani,297.8,,,निगडी,कोल्हापुर,257,20:30,02:45,NOBL,,,,
16566,"Nigadi To Sawantwadi  Banda Via Gadhinglaj",Nigadi,Banda,GADHINGLAJ,MO,73922,"Nagnur Krt Border",312.5,,,निगडी,कोल्हापुर,257,20:30,02:45,NOBL,,,,
16566,"Nigadi To Sawantwadi  Banda Via Gadhinglaj",Nigadi,Banda,GADHINGLAJ,MO,25035,Nangnur,313,,,निगडी,कोल्हापुर,257,20:30,02:45,NOBL,,,,
16566,"Nigadi To Sawantwadi  Banda Via Gadhinglaj",Nigadi,Banda,GADHINGLAJ,MO,23739,Gadhinglaj,328.3,,,निगडी,कोल्हापुर,257,20:30,02:45,NOBL,,,,
16566,"Nigadi To Sawantwadi  Banda Via Gadhinglaj",Nigadi,Banda,GADHINGLAJ,MO,24646,Madilage,339.4,,,निगडी,कोल्हापुर,257,20:30,02:45,NOBL,,,,
16566,"Nigadi To Sawantwadi  Banda Via Gadhinglaj",Nigadi,Banda,GADHINGLAJ,MO,23010,Ajara,346.2,,,निगडी,कोल्हापुर,257,20:30,02:45,NOBL,,,,
16566,"Nigadi To Sawantwadi  Banda Via Gadhinglaj",Nigadi,Banda,GADHINGLAJ,MO,24689,Masoli,348.1,,,निगडी,कोल्हापुर,257,20:30,02:45,NOBL,,,,
16566,"Nigadi To Sawantwadi  Banda Via Gadhinglaj",Nigadi,Banda,GADHINGLAJ,MO,23882,Haloli,352,,,निगडी,कोल्हापुर,257,20:30,02:45,NOBL,,,,
16566,"Nigadi To Sawantwadi  Banda Via Gadhinglaj",Nigadi,Banda,GADHINGLAJ,MO,23376,Chaloba,353,,,निगडी,कोल्हापुर,257,20:30,02:45,NOBL,,,,
16566,"Nigadi To Sawantwadi  Banda Via Gadhinglaj",Nigadi,Banda,GADHINGLAJ,MO,23872,Gavase,357.9,,,निगडी,कोल्हापुर,257,20:30,02:45,NOBL,,,,
16566,"Nigadi To Sawantwadi  Banda Via Gadhinglaj",Nigadi,Banda,GADHINGLAJ,MO,25615,Suleran,359,,,निगडी,कोल्हापुर,257,20:30,02:45,NOBL,,,,
16566,"Nigadi To Sawantwadi  Banda Via Gadhinglaj",Nigadi,Banda,GADHINGLAJ,MO,23585,Dhangarmala,363,,,निगडी,कोल्हापुर,257,20:30,02:45,NOBL,,,,
16566,"Nigadi To Sawantwadi  Banda Via Gadhinglaj",Nigadi,Banda,GADHINGLAJ,MO,23762,Ghatkarwadi,365.7,,,निगडी,कोल्हापुर,257,20:30,02:45,NOBL,,,,
16566,"Nigadi To Sawantwadi  Banda Via Gadhinglaj",Nigadi,Banda,GADHINGLAJ,MO,24833,Menon,367,,,निगडी,कोल्हापुर,257,20:30,02:45,NOBL,,,,
16566,"Nigadi To Sawantwadi  Banda Via Gadhinglaj",Nigadi,Banda,GADHINGLAJ,MO,8606,"Nangartas Awate Dukan",369,,,निगडी,कोल्हापुर,257,20:30,02:45,NOBL,,,,
16566,"Nigadi To Sawantwadi  Banda Via Gadhinglaj",Nigadi,Banda,GADHINGLAJ,MO,8473,"Ajra Fata",372,,,निगडी,कोल्हापुर,257,20:30,02:45,NOBL,,,,
16566,"Nigadi To Sawantwadi  Banda Via Gadhinglaj",Nigadi,Banda,GADHINGLAJ,MO,8582,Mulvanwadi,373,,,निगडी,कोल्हापुर,257,20:30,02:45,NOBL,,,,
16566,"Nigadi To Sawantwadi  Banda Via Gadhinglaj",Nigadi,Banda,GADHINGLAJ,MO,8470,Amboli,378.9,,,निगडी,कोल्हापुर,257,20:30,02:45,NOBL,,,,
16566,"Nigadi To Sawantwadi  Banda Via Gadhinglaj",Nigadi,Banda,GADHINGLAJ,MO,8564,Kumbheshwar,393,,,निगडी,कोल्हापुर,257,20:30,02:45,NOBL,,,,
16566,"Nigadi To Sawantwadi  Banda Via Gadhinglaj",Nigadi,Banda,GADHINGLAJ,MO,8510,Danoli,395.3,,,निगडी,कोल्हापुर,257,20:30,02:45,NOBL,,,,
16566,"Nigadi To Sawantwadi  Banda Via Gadhinglaj",Nigadi,Banda,GADHINGLAJ,MO,8505,Dhawadki,397,,,निगडी,कोल्हापुर,257,20:30,02:45,NOBL,,,,
16566,"Nigadi To Sawantwadi  Banda Via Gadhinglaj",Nigadi,Banda,GADHINGLAJ,MO,8570,Madkhol,399.9,,,निगडी,कोल्हापुर,257,20:30,02:45,NOBL,,,,
16566,"Nigadi To Sawantwadi  Banda Via Gadhinglaj",Nigadi,Banda,GADHINGLAJ,MO,8653,"Sapale Stop",403,,,निगडी,कोल्हापुर,257,20:30,02:45,NOBL,,,,
16566,"Nigadi To Sawantwadi  Banda Via Gadhinglaj",Nigadi,Banda,GADHINGLAJ,MO,8488,"Burdi Pul",406,,,निगडी,कोल्हापुर,257,20:30,02:45,NOBL,,,,
16566,"Nigadi To Sawantwadi  Banda Via Gadhinglaj",Nigadi,Banda,GADHINGLAJ,MO,8663,Sawantwadi,408.3,,,निगडी,कोल्हापुर,257,20:30,02:45,NOBL,,,,
16566,"Nigadi To Sawantwadi  Banda Via Gadhinglaj",Nigadi,Banda,GADHINGLAJ,MO,8578,"Majgaon Nala",415,,,निगडी,कोल्हापुर,257,20:30,02:45,NOBL,,,,
16566,"Nigadi To Sawantwadi  Banda Via Gadhinglaj",Nigadi,Banda,GADHINGLAJ,MO,8499,"Doba Shel",419,,,निगडी,कोल्हापुर,257,20:30,02:45,NOBL,,,,
16566,"Nigadi To Sawantwadi  Banda Via Gadhinglaj",Nigadi,Banda,GADHINGLAJ,MO,89315,"Exicise Check Post",422,,,निगडी,कोल्हापुर,257,20:30,02:45,NOBL,,,,
16566,"Nigadi To Sawantwadi  Banda Via Gadhinglaj",Nigadi,Banda,GADHINGLAJ,MO,8486,Banda,425.5,,,निगडी,कोल्हापुर,257,20:30,02:45,NOBL,,,,
18738,"Shiroda To Sawantwadi Via Phanaskhol Ganesh Mandir",Shiroda,Sawantwadi,"PHANASKHOL GANESH MANDIR",MO,9789,Shiroda,,,,शिरोडा,सावंतवाडी,31.8,11:40,13:00,ST,,,,
18738,"Shiroda To Sawantwadi Via Phanaskhol Ganesh Mandir",Shiroda,Sawantwadi,"PHANASKHOL GANESH MANDIR",MO,9592,"Ajgaon Marathi School",2,,,शिरोडा,सावंतवाडी,31.8,11:40,13:00,ST,,,,
18738,"Shiroda To Sawantwadi Via Phanaskhol Ganesh Mandir",Shiroda,Sawantwadi,"PHANASKHOL GANESH MANDIR",MO,9640,"Gawas Mangar",5.6,,,शिरोडा,सावंतवाडी,31.8,11:40,13:00,ST,,,,
18738,"Shiroda To Sawantwadi Via Phanaskhol Ganesh Mandir",Shiroda,Sawantwadi,"PHANASKHOL GANESH MANDIR",MO,9756,"Phanaskhol Ganesh Mandir",7.9,,,शिरोडा,सावंतवाडी,31.8,11:40,13:00,ST,,,,
18738,"Shiroda To Sawantwadi Via Phanaskhol Ganesh Mandir",Shiroda,Sawantwadi,"PHANASKHOL GANESH MANDIR",MO,9640,"Gawas Mangar",10.2,,,शिरोडा,सावंतवाडी,31.8,11:40,13:00,ST,,,,
18738,"Shiroda To Sawantwadi Via Phanaskhol Ganesh Mandir",Shiroda,Sawantwadi,"PHANASKHOL GANESH MANDIR",MO,9738,"Newale Maruti Mandir",12.9,,,शिरोडा,सावंतवाडी,31.8,11:40,13:00,ST,,,,
18738,"Shiroda To Sawantwadi Via Phanaskhol Ganesh Mandir",Shiroda,Sawantwadi,"PHANASKHOL GANESH MANDIR",MO,9737,Newale,13.8,,,शिरोडा,सावंतवाडी,31.8,11:40,13:00,ST,,,,
18738,"Shiroda To Sawantwadi Via Phanaskhol Ganesh Mandir",Shiroda,Sawantwadi,"PHANASKHOL GANESH MANDIR",MO,9799,"Talawade Parabwada",16.4,,,शिरोडा,सावंतवाडी,31.8,11:40,13:00,ST,,,,
18738,"Shiroda To Sawantwadi Via Phanaskhol Ganesh Mandir",Shiroda,Sawantwadi,"PHANASKHOL GANESH MANDIR",MO,9798,"Talawade Gate",17.5,,,शिरोडा,सावंतवाडी,31.8,11:40,13:00,ST,,,,
18738,"Shiroda To Sawantwadi Via Phanaskhol Ganesh Mandir",Shiroda,Sawantwadi,"PHANASKHOL GANESH MANDIR",MO,9692,"Konapal Bhaid",21.3,,,शिरोडा,सावंतवाडी,31.8,11:40,13:00,ST,,,,
18738,"Shiroda To Sawantwadi Via Phanaskhol Ganesh Mandir",Shiroda,Sawantwadi,"PHANASKHOL GANESH MANDIR",MO,8665,"Sawantwadi Rly. Stn.",23.9,,,शिरोडा,सावंतवाडी,31.8,11:40,13:00,ST,,,,
18738,"Shiroda To Sawantwadi Via Phanaskhol Ganesh Mandir",Shiroda,Sawantwadi,"PHANASKHOL GANESH MANDIR",MO,8674,"Vengurle Shiroda Titha",24.8,,,शिरोडा,सावंतवाडी,31.8,11:40,13:00,ST,,,,
18738,"Shiroda To Sawantwadi Via Phanaskhol Ganesh Mandir",Shiroda,Sawantwadi,"PHANASKHOL GANESH MANDIR",MO,8580,Malgaon,25.2,,,शिरोडा,सावंतवाडी,31.8,11:40,13:00,ST,,,,
18738,"Shiroda To Sawantwadi Via Phanaskhol Ganesh Mandir",Shiroda,Sawantwadi,"PHANASKHOL GANESH MANDIR",MO,8523,"Gulabi Titha",27.8,,,शिरोडा,सावंतवाडी,31.8,11:40,13:00,ST,,,,
18738,"Shiroda To Sawantwadi Via Phanaskhol Ganesh Mandir",Shiroda,Sawantwadi,"PHANASKHOL GANESH MANDIR",MO,8663,Sawantwadi,31.1,,,शिरोडा,सावंतवाडी,31.8,11:40,13:00,ST,,,,
39376,"Dapoli To Sawantwadi Via Hatkhamba",Dapoli,Sawantwadi,HATKHAMBA,MO,11572,Dapoli,,,,दापोली,सावंतवाडी,315.1,08:00,17:00,NOBL,,,,
39376,"Dapoli To Sawantwadi Via Hatkhamba",Dapoli,Sawantwadi,HATKHAMBA,MO,12064,"Talsare School",3.9,,,दापोली,सावंतवाडी,315.1,08:00,17:00,NOBL,,,,
39376,"Dapoli To Sawantwadi Via Hatkhamba",Dapoli,Sawantwadi,HATKHAMBA,MO,11858,Nargoli,6.5,,,दापोली,सावंतवाडी,315.1,08:00,17:00,NOBL,,,,
39376,"Dapoli To Sawantwadi Via Hatkhamba",Dapoli,Sawantwadi,HATKHAMBA,MO,11738,Kumbhar,9.4,,,दापोली,सावंतवाडी,315.1,08:00,17:00,NOBL,,,,
39376,"Dapoli To Sawantwadi Via Hatkhamba",Dapoli,Sawantwadi,HATKHAMBA,MO,12161,Wakavali,12,,,दापोली,सावंतवाडी,315.1,08:00,17:00,NOBL,,,,
39376,"Dapoli To Sawantwadi Via Hatkhamba",Dapoli,Sawantwadi,HATKHAMBA,MO,77481,Furus,18,,,दापोली,सावंतवाडी,315.1,08:00,17:00,NOBL,,,,
39376,"Dapoli To Sawantwadi Via Hatkhamba",Dapoli,Sawantwadi,HATKHAMBA,MO,11810,"Mandangad Fata",21.1,,,दापोली,सावंतवाडी,315.1,08:00,17:00,NOBL,,,,
39376,"Dapoli To Sawantwadi Via Hatkhamba",Dapoli,Sawantwadi,HATKHAMBA,MO,77454,Dasturi,21.3,,,दापोली,सावंतवाडी,315.1,08:00,17:00,NOBL,,,,
39376,"Dapoli To Sawantwadi Via Hatkhamba",Dapoli,Sawantwadi,HATKHAMBA,MO,77393,"Chinchghar Tise",23,,,दापोली,सावंतवाडी,315.1,08:00,17:00,NOBL,,,,
39376,"Dapoli To Sawantwadi Via Hatkhamba",Dapoli,Sawantwadi,HATKHAMBA,MO,77646,Khed,26.9,,,दापोली,सावंतवाडी,315.1,08:00,17:00,NOBL,,,,
39376,"Dapoli To Sawantwadi Via Hatkhamba",Dapoli,Sawantwadi,HATKHAMBA,MO,76025,"Bharna Naka",29.6,,,दापोली,सावंतवाडी,315.1,08:00,17:00,NOBL,,,,
39376,"Dapoli To Sawantwadi Via Hatkhamba",Dapoli,Sawantwadi,HATKHAMBA,MO,77788,"Morawande High School",34.9,,,दापोली,सावंतवाडी,315.1,08:00,17:00,NOBL,,,,
39376,"Dapoli To Sawantwadi Via Hatkhamba",Dapoli,Sawantwadi,HATKHAMBA,MO,77419,Dabhil,40.8,,,दापोली,सावंतवाडी,315.1,08:00,17:00,NOBL,,,,
39376,"Dapoli To Sawantwadi Via Hatkhamba",Dapoli,Sawantwadi,HATKHAMBA,MO,77265,Awashi,44.8,,,दापोली,सावंतवाडी,315.1,08:00,17:00,NOBL,,,,
39376,"Dapoli To Sawantwadi Via Hatkhamba",Dapoli,Sawantwadi,HATKHAMBA,MO,77771,Lote,47,,,दापोली,सावंतवाडी,315.1,08:00,17:00,NOBL,,,,
39376,"Dapoli To Sawantwadi Via Hatkhamba",Dapoli,Sawantwadi,HATKHAMBA,MO,11074,Parshuram,52.9,,,दापोली,सावंतवाडी,315.1,08:00,17:00,NOBL,,,,
39376,"Dapoli To Sawantwadi Via Hatkhamba",Dapoli,Sawantwadi,HATKHAMBA,MO,10988,"Pharshi Titha",56,,,दापोली,सावंतवाडी,315.1,08:00,17:00,NOBL,,,,
39376,"Dapoli To Sawantwadi Via Hatkhamba",Dapoli,Sawantwadi,HATKHAMBA,MO,10242,"Bahadur Shaikh Naka",61.8,,,दापोली,सावंतवाडी,315.1,08:00,17:00,NOBL,,,,
39376,"Dapoli To Sawantwadi Via Hatkhamba",Dapoli,Sawantwadi,HATKHAMBA,MO,10379,Chiplun,64.8,,,दापोली,सावंतवाडी,315.1,08:00,17:00,NOBL,,,,
39376,"Dapoli To Sawantwadi Via Hatkhamba",Dapoli,Sawantwadi,HATKHAMBA,MO,10761,Kapsal,67.7,,,दापोली,सावंतवाडी,315.1,08:00,17:00,NOBL,,,,
39376,"Dapoli To Sawantwadi Via Hatkhamba",Dapoli,Sawantwadi,HATKHAMBA,MO,10612,Kamathe,70.1,,,दापोली,सावंतवाडी,315.1,08:00,17:00,NOBL,,,,
39376,"Dapoli To Sawantwadi Via Hatkhamba",Dapoli,Sawantwadi,HATKHAMBA,MO,10602,Kandamale,77,,,दापोली,सावंतवाडी,315.1,08:00,17:00,NOBL,,,,
39376,"Dapoli To Sawantwadi Via Hatkhamba",Dapoli,Sawantwadi,HATKHAMBA,MO,11229,Sawarde,80,,,दापोली,सावंतवाडी,315.1,08:00,17:00,NOBL,,,,
39376,"Dapoli To Sawantwadi Via Hatkhamba",Dapoli,Sawantwadi,HATKHAMBA,MO,10233,"Asurde .",86.1,,,दापोली,सावंतवाडी,315.1,08:00,17:00,NOBL,,,,
39376,"Dapoli To Sawantwadi Via Hatkhamba",Dapoli,Sawantwadi,HATKHAMBA,MO,76077,"Arawali High School",92.2,,,दापोली,सावंतवाडी,315.1,08:00,17:00,NOBL,,,,
39376,"Dapoli To Sawantwadi Via Hatkhamba",Dapoli,Sawantwadi,HATKHAMBA,MO,77119,Tural,95.2,,,दापोली,सावंतवाडी,315.1,08:00,17:00,NOBL,,,,
39376,"Dapoli To Sawantwadi Via Hatkhamba",Dapoli,Sawantwadi,HATKHAMBA,MO,76041,"Ambadi Budruk",107.6,,,दापोली,सावंतवाडी,315.1,08:00,17:00,NOBL,,,,
39376,"Dapoli To Sawantwadi Via Hatkhamba",Dapoli,Sawantwadi,HATKHAMBA,MO,77014,Sangameshwar,110,,,दापोली,सावंतवाडी,315.1,08:00,17:00,NOBL,,,,
39376,"Dapoli To Sawantwadi Via Hatkhamba",Dapoli,Sawantwadi,HATKHAMBA,MO,76053,Ambed,121.4,,,दापोली,सावंतवाडी,315.1,08:00,17:00,NOBL,,,,
39376,"Dapoli To Sawantwadi Via Hatkhamba",Dapoli,Sawantwadi,HATKHAMBA,MO,77160,"Vandri Mandir",126.8,,,दापोली,सावंतवाडी,315.1,08:00,17:00,NOBL,,,,
39376,"Dapoli To Sawantwadi Via Hatkhamba",Dapoli,Sawantwadi,HATKHAMBA,MO,77191,"Wandri Budhawadi",128,,,दापोली,सावंतवाडी,315.1,08:00,17:00,NOBL,,,,
39376,"Dapoli To Sawantwadi Via Hatkhamba",Dapoli,Sawantwadi,HATKHAMBA,MO,76181,Bavnadi,132.7,,,दापोली,सावंतवाडी,315.1,08:00,17:00,NOBL,,,,
39376,"Dapoli To Sawantwadi Via Hatkhamba",Dapoli,Sawantwadi,HATKHAMBA,MO,16399,Niwali,138.2,,,दापोली,सावंतवाडी,315.1,08:00,17:00,NOBL,,,,
39376,"Dapoli To Sawantwadi Via Hatkhamba",Dapoli,Sawantwadi,HATKHAMBA,MO,15851,Hatkhamba,142.9,,,दापोली,सावंतवाडी,315.1,08:00,17:00,NOBL,,,,
39376,"Dapoli To Sawantwadi Via Hatkhamba",Dapoli,Sawantwadi,HATKHAMBA,MO,15833,"Hatakhamba Gaon",144.5,,,दापोली,सावंतवाडी,315.1,08:00,17:00,NOBL,,,,
39376,"Dapoli To Sawantwadi Via Hatkhamba",Dapoli,Sawantwadi,HATKHAMBA,MO,16628,Shetifarm,147.1,,,दापोली,सावंतवाडी,315.1,08:00,17:00,NOBL,,,,
39376,"Dapoli To Sawantwadi Via Hatkhamba",Dapoli,Sawantwadi,HATKHAMBA,MO,15946,Kapadagaon,149,,,दापोली,सावंतवाडी,315.1,08:00,17:00,NOBL,,,,
39376,"Dapoli To Sawantwadi Via Hatkhamba",Dapoli,Sawantwadi,HATKHAMBA,MO,16416,Pali,154.1,,,दापोली,सावंतवाडी,315.1,08:00,17:00,NOBL,,,,
39376,"Dapoli To Sawantwadi Via Hatkhamba",Dapoli,Sawantwadi,HATKHAMBA,MO,13157,Khanu,155.9,,,दापोली,सावंतवाडी,315.1,08:00,17:00,NOBL,,,,
39376,"Dapoli To Sawantwadi Via Hatkhamba",Dapoli,Sawantwadi,HATKHAMBA,MO,13297,Math,158.3,,,दापोली,सावंतवाडी,315.1,08:00,17:00,NOBL,,,,
39376,"Dapoli To Sawantwadi Via Hatkhamba",Dapoli,Sawantwadi,HATKHAMBA,MO,12889,"Anjanari Bridge",161.8,,,दापोली,सावंतवाडी,315.1,08:00,17:00,NOBL,,,,
39376,"Dapoli To Sawantwadi Via Hatkhamba",Dapoli,Sawantwadi,HATKHAMBA,MO,13573,Veral,164.3,,,दापोली,सावंतवाडी,315.1,08:00,17:00,NOBL,,,,
39376,"Dapoli To Sawantwadi Via Hatkhamba",Dapoli,Sawantwadi,HATKHAMBA,MO,12998,Devdhe,166.7,,,दापोली,सावंतवाडी,315.1,08:00,17:00,NOBL,,,,
39376,"Dapoli To Sawantwadi Via Hatkhamba",Dapoli,Sawantwadi,HATKHAMBA,MO,13276,"Lanja Poultry Farm",170.4,,,दापोली,सावंतवाडी,315.1,08:00,17:00,NOBL,,,,
39376,"Dapoli To Sawantwadi Via Hatkhamba",Dapoli,Sawantwadi,HATKHAMBA,MO,13286,Lanja,172.2,,,दापोली,सावंतवाडी,315.1,08:00,17:00,NOBL,,,,
39376,"Dapoli To Sawantwadi Via Hatkhamba",Dapoli,Sawantwadi,HATKHAMBA,MO,13274,"Kuwa Village",176,,,दापोली,सावंतवाडी,315.1,08:00,17:00,NOBL,,,,
39376,"Dapoli To Sawantwadi Via Hatkhamba",Dapoli,Sawantwadi,HATKHAMBA,MO,15295,"Waked Laxmi Garden",182.3,,,दापोली,सावंतवाडी,315.1,08:00,17:00,NOBL,,,,
39376,"Dapoli To Sawantwadi Via Hatkhamba",Dapoli,Sawantwadi,HATKHAMBA,MO,15316,"Watul Titha",185.3,,,दापोली,सावंतवाडी,315.1,08:00,17:00,NOBL,,,,
39376,"Dapoli To Sawantwadi Via Hatkhamba",Dapoli,Sawantwadi,HATKHAMBA,MO,15325,"Yerdav Fata",188.9,,,दापोली,सावंतवाडी,315.1,08:00,17:00,NOBL,,,,
39376,"Dapoli To Sawantwadi Via Hatkhamba",Dapoli,Sawantwadi,HATKHAMBA,MO,89331,Oni,189,,,दापोली,सावंतवाडी,315.1,08:00,17:00,NOBL,,,,
39376,"Dapoli To Sawantwadi Via Hatkhamba",Dapoli,Sawantwadi,HATKHAMBA,MO,14574,"Kharavate Village/Sorap Shop",195.3,,,दापोली,सावंतवाडी,315.1,08:00,17:00,NOBL,,,,
39376,"Dapoli To Sawantwadi Via Hatkhamba",Dapoli,Sawantwadi,HATKHAMBA,MO,14831,Nerke,196.1,,,दापोली,सावंतवाडी,315.1,08:00,17:00,NOBL,,,,
39376,"Dapoli To Sawantwadi Via Hatkhamba",Dapoli,Sawantwadi,HATKHAMBA,MO,14615,"Kodavali School",197.7,,,दापोली,सावंतवाडी,315.1,08:00,17:00,NOBL,,,,
39376,"Dapoli To Sawantwadi Via Hatkhamba",Dapoli,Sawantwadi,HATKHAMBA,MO,15006,Rajapur,201.4,,,दापोली,सावंतवाडी,315.1,08:00,17:00,NOBL,,,,
39376,"Dapoli To Sawantwadi Via Hatkhamba",Dapoli,Sawantwadi,HATKHAMBA,MO,14473,"Ganga Tirtha Fata",205.2,,,दापोली,सावंतवाडी,315.1,08:00,17:00,NOBL,,,,
39376,"Dapoli To Sawantwadi Via Hatkhamba",Dapoli,Sawantwadi,HATKHAMBA,MO,14521,"Hativale Jaitapur Fata",209.8,,,दापोली,सावंतवाडी,315.1,08:00,17:00,NOBL,,,,
39376,"Dapoli To Sawantwadi Via Hatkhamba",Dapoli,Sawantwadi,HATKHAMBA,MO,14651,Kondye,213,,,दापोली,सावंतवाडी,315.1,08:00,17:00,NOBL,,,,
39376,"Dapoli To Sawantwadi Via Hatkhamba",Dapoli,Sawantwadi,HATKHAMBA,MO,14879,Panhale,216.3,,,दापोली,सावंतवाडी,315.1,08:00,17:00,NOBL,,,,
39376,"Dapoli To Sawantwadi Via Hatkhamba",Dapoli,Sawantwadi,HATKHAMBA,MO,15236,"Takewadi School",218.7,,,दापोली,सावंतवाडी,315.1,08:00,17:00,NOBL,,,,
39376,"Dapoli To Sawantwadi Via Hatkhamba",Dapoli,Sawantwadi,HATKHAMBA,MO,2812,Kharepatan,221.8,,,दापोली,सावंतवाडी,315.1,08:00,17:00,NOBL,,,,
39376,"Dapoli To Sawantwadi Via Hatkhamba",Dapoli,Sawantwadi,HATKHAMBA,MO,2863,Nadgive,225.1,,,दापोली,सावंतवाडी,315.1,08:00,17:00,NOBL,,,,
39376,"Dapoli To Sawantwadi Via Hatkhamba",Dapoli,Sawantwadi,HATKHAMBA,MO,2648,Bambarwadi,227.5,,,दापोली,सावंतवाडी,315.1,08:00,17:00,NOBL,,,,
39376,"Dapoli To Sawantwadi Via Hatkhamba",Dapoli,Sawantwadi,HATKHAMBA,MO,3010,Wargaon,228.3,,,दापोली,सावंतवाडी,315.1,08:00,17:00,NOBL,,,,
39376,"Dapoli To Sawantwadi Via Hatkhamba",Dapoli,Sawantwadi,HATKHAMBA,MO,2941,Saliste,231,,,दापोली,सावंतवाडी,315.1,08:00,17:00,NOBL,,,,
39376,"Dapoli To Sawantwadi Via Hatkhamba",Dapoli,Sawantwadi,HATKHAMBA,MO,2982,Tarla,235.9,,,दापोली,सावंतवाडी,315.1,08:00,17:00,NOBL,,,,
39376,"Dapoli To Sawantwadi Via Hatkhamba",Dapoli,Sawantwadi,HATKHAMBA,MO,2673,"Bramhan Wadi",238.9,,,दापोली,सावंतवाडी,315.1,08:00,17:00,NOBL,,,,
39376,"Dapoli To Sawantwadi Via Hatkhamba",Dapoli,Sawantwadi,HATKHAMBA,MO,2872,"Nandgaon Nursary",242.7,,,दापोली,सावंतवाडी,315.1,08:00,17:00,NOBL,,,,
39376,"Dapoli To Sawantwadi Via Hatkhamba",Dapoli,Sawantwadi,HATKHAMBA,MO,2870,"Nandgaon Datta Mandir",246.2,,,दापोली,सावंतवाडी,315.1,08:00,17:00,NOBL,,,,
39376,"Dapoli To Sawantwadi Via Hatkhamba",Dapoli,Sawantwadi,HATKHAMBA,MO,2871,"Nandgaon Fata",248,,,दापोली,सावंतवाडी,315.1,08:00,17:00,NOBL,,,,
39376,"Dapoli To Sawantwadi Via Hatkhamba",Dapoli,Sawantwadi,HATKHAMBA,MO,2655,Belane,248.6,,,दापोली,सावंतवाडी,315.1,08:00,17:00,NOBL,,,,
39376,"Dapoli To Sawantwadi Via Hatkhamba",Dapoli,Sawantwadi,HATKHAMBA,MO,2756,"Humrat Titha",250.8,,,दापोली,सावंतवाडी,315.1,08:00,17:00,NOBL,,,,
39376,"Dapoli To Sawantwadi Via Hatkhamba",Dapoli,Sawantwadi,HATKHAMBA,MO,2766,Janavali,255.1,,,दापोली,सावंतवाडी,315.1,08:00,17:00,NOBL,,,,
39376,"Dapoli To Sawantwadi Via Hatkhamba",Dapoli,Sawantwadi,HATKHAMBA,MO,2786,Kankavli,258.9,,,दापोली,सावंतवाडी,315.1,08:00,17:00,NOBL,,,,
39376,"Dapoli To Sawantwadi Via Hatkhamba",Dapoli,Sawantwadi,HATKHAMBA,MO,3001,"Wagade Gpo",264.1,,,दापोली,सावंतवाडी,315.1,08:00,17:00,NOBL,,,,
39376,"Dapoli To Sawantwadi Via Hatkhamba",Dapoli,Sawantwadi,HATKHAMBA,MO,2692,Dangalwadi,265,,,दापोली,सावंतवाडी,315.1,08:00,17:00,NOBL,,,,
39376,"Dapoli To Sawantwadi Via Hatkhamba",Dapoli,Sawantwadi,HATKHAMBA,MO,2891,"Osargaon Talav",266.1,,,दापोली,सावंतवाडी,315.1,08:00,17:00,NOBL,,,,
39376,"Dapoli To Sawantwadi Via Hatkhamba",Dapoli,Sawantwadi,HATKHAMBA,MO,2890,"Osargaon Post",269,,,दापोली,सावंतवाडी,315.1,08:00,17:00,NOBL,,,,
39376,"Dapoli To Sawantwadi Via Hatkhamba",Dapoli,Sawantwadi,HATKHAMBA,MO,6281,Kasal,273.3,,,दापोली,सावंतवाडी,315.1,08:00,17:00,NOBL,,,,
39376,"Dapoli To Sawantwadi Via Hatkhamba",Dapoli,Sawantwadi,HATKHAMBA,MO,6116,Awali,274.7,,,दापोली,सावंतवाडी,315.1,08:00,17:00,NOBL,,,,
39376,"Dapoli To Sawantwadi Via Hatkhamba",Dapoli,Sawantwadi,HATKHAMBA,MO,6362,"Oros Bus Stnad",277.1,,,दापोली,सावंतवाडी,315.1,08:00,17:00,NOBL,,,,
39376,"Dapoli To Sawantwadi Via Hatkhamba",Dapoli,Sawantwadi,HATKHAMBA,MO,6206,"Humarmala Rane Dukan",281.7,,,दापोली,सावंतवाडी,315.1,08:00,17:00,NOBL,,,,
39376,"Dapoli To Sawantwadi Via Hatkhamba",Dapoli,Sawantwadi,HATKHAMBA,MO,6365,Pandur,285,,,दापोली,सावंतवाडी,315.1,08:00,17:00,NOBL,,,,
39376,"Dapoli To Sawantwadi Via Hatkhamba",Dapoli,Sawantwadi,HATKHAMBA,MO,88100,Vetalbambarde,286,,,दापोली,सावंतवाडी,315.1,08:00,17:00,NOBL,,,,
39376,"Dapoli To Sawantwadi Via Hatkhamba",Dapoli,Sawantwadi,HATKHAMBA,MO,6380,"Pawashi Panchayat",290,,,दापोली,सावंतवाडी,315.1,08:00,17:00,NOBL,,,,
39376,"Dapoli To Sawantwadi Via Hatkhamba",Dapoli,Sawantwadi,HATKHAMBA,MO,6240,"Kudal St Depot",291.5,,,दापोली,सावंतवाडी,315.1,08:00,17:00,NOBL,,,,
39376,"Dapoli To Sawantwadi Via Hatkhamba",Dapoli,Sawantwadi,HATKHAMBA,MO,6237,"Kudal St Depot",293,,,दापोली,सावंतवाडी,315.1,08:00,17:00,NOBL,,,,
39376,"Dapoli To Sawantwadi Via Hatkhamba",Dapoli,Sawantwadi,HATKHAMBA,MO,6253,"Kudal Old Bus Stand",294,,,दापोली,सावंतवाडी,315.1,08:00,17:00,NOBL,,,,
39376,"Dapoli To Sawantwadi Via Hatkhamba",Dapoli,Sawantwadi,HATKHAMBA,MO,6302,"Modka Wad Pinguli",296,,,दापोली,सावंतवाडी,315.1,08:00,17:00,NOBL,,,,
39376,"Dapoli To Sawantwadi Via Hatkhamba",Dapoli,Sawantwadi,HATKHAMBA,MO,6126,Bibavane,299.2,,,दापोली,सावंतवाडी,315.1,08:00,17:00,NOBL,,,,
39376,"Dapoli To Sawantwadi Via Hatkhamba",Dapoli,Sawantwadi,HATKHAMBA,MO,6322,"Mandkuli Fata",299.7,,,दापोली,सावंतवाडी,315.1,08:00,17:00,NOBL,,,,
39376,"Dapoli To Sawantwadi Via Hatkhamba",Dapoli,Sawantwadi,HATKHAMBA,MO,6441,"Terse Bambarde Fata",302,,,दापोली,सावंतवाडी,315.1,08:00,17:00,NOBL,,,,
39376,"Dapoli To Sawantwadi Via Hatkhamba",Dapoli,Sawantwadi,HATKHAMBA,MO,6474,"Zharap Titha",303,,,दापोली,सावंतवाडी,315.1,08:00,17:00,NOBL,,,,
39376,"Dapoli To Sawantwadi Via Hatkhamba",Dapoli,Sawantwadi,HATKHAMBA,MO,6231,"Khan Mohalla",306.2,,,दापोली,सावंतवाडी,315.1,08:00,17:00,NOBL,,,,
39376,"Dapoli To Sawantwadi Via Hatkhamba",Dapoli,Sawantwadi,HATKHAMBA,MO,6101,Akeri,308.8,,,दापोली,सावंतवाडी,315.1,08:00,17:00,NOBL,,,,
39376,"Dapoli To Sawantwadi Via Hatkhamba",Dapoli,Sawantwadi,HATKHAMBA,MO,8551,"Kolgaon Thita",311,,,दापोली,सावंतवाडी,315.1,08:00,17:00,NOBL,,,,
39376,"Dapoli To Sawantwadi Via Hatkhamba",Dapoli,Sawantwadi,HATKHAMBA,MO,8663,Sawantwadi,314.7,,,दापोली,सावंतवाडी,315.1,08:00,17:00,NOBL,,,,
80542,"Chinchwad To Sawantwadi",Chinchwad,Sawantwadi,,MO,8761,Chinchwad,,,,निगडी,सावंतवाडी,406.7,06:30,16:30,NOBL,,,,
80542,"Chinchwad To Sawantwadi",Chinchwad,Sawantwadi,,MO,8957,"Vallabh Nagar",2.4,,,निगडी,सावंतवाडी,406.7,06:30,16:30,NOBL,,,,
80542,"Chinchwad To Sawantwadi",Chinchwad,Sawantwadi,,MO,8782,Dapodi,7.4,,,निगडी,सावंतवाडी,406.7,06:30,16:30,NOBL,,,,
80542,"Chinchwad To Sawantwadi",Chinchwad,Sawantwadi,,MO,8783,"Dapodi Octroi Naka",8.8,,,निगडी,सावंतवाडी,406.7,06:30,16:30,NOBL,,,,
80542,"Chinchwad To Sawantwadi",Chinchwad,Sawantwadi,,MO,8827,"Kirkee Rly. Stn.",9.6,,,निगडी,सावंतवाडी,406.7,06:30,16:30,NOBL,,,,
80542,"Chinchwad To Sawantwadi",Chinchwad,Sawantwadi,,MO,8922,"New Shivaji Nagar Pune",14.6,,,निगडी,सावंतवाडी,406.7,06:30,16:30,NOBL,,,,
80542,"Chinchwad To Sawantwadi",Chinchwad,Sawantwadi,,MO,8888,"Pune Rly. Stn.",17.7,,,निगडी,सावंतवाडी,406.7,06:30,16:30,NOBL,,,,
80542,"Chinchwad To Sawantwadi",Chinchwad,Sawantwadi,,MO,8934,"Swargate, Pune",24.2,,,निगडी,सावंतवाडी,406.7,06:30,16:30,NOBL,,,,
80542,"Chinchwad To Sawantwadi",Chinchwad,Sawantwadi,,MO,8792,Gogatewadi,38.9,,,निगडी,सावंतवाडी,406.7,06:30,16:30,NOBL,,,,
80542,"Chinchwad To Sawantwadi",Chinchwad,Sawantwadi,,MO,6586,"Khed Shivapur Bag",42.9,,,निगडी,सावंतवाडी,406.7,06:30,16:30,NOBL,,,,
80542,"Chinchwad To Sawantwadi",Chinchwad,Sawantwadi,,MO,6690,Shivale,48.7,,,निगडी,सावंतवाडी,406.7,06:30,16:30,NOBL,,,,
80542,"Chinchwad To Sawantwadi",Chinchwad,Sawantwadi,,MO,6685,Sarole,65,,,निगडी,सावंतवाडी,406.7,06:30,16:30,NOBL,,,,
80542,"Chinchwad To Sawantwadi",Chinchwad,Sawantwadi,,MO,29254,"Shinde Wadi Fata",67.4,,,निगडी,सावंतवाडी,406.7,06:30,16:30,NOBL,,,,
80542,"Chinchwad To Sawantwadi",Chinchwad,Sawantwadi,,MO,29190,"Kesurdi Fata",78.3,,,निगडी,सावंतवाडी,406.7,06:30,16:30,NOBL,,,,
80542,"Chinchwad To Sawantwadi",Chinchwad,Sawantwadi,,MO,29233,"Pargaon Khandala",81.7,,,निगडी,सावंतवाडी,406.7,06:30,16:30,NOBL,,,,
80542,"Chinchwad To Sawantwadi",Chinchwad,Sawantwadi,,MO,29161,"Balaji Temple",86.4,,,निगडी,सावंतवाडी,406.7,06:30,16:30,NOBL,,,,
80542,"Chinchwad To Sawantwadi",Chinchwad,Sawantwadi,,MO,29178,"Ghat Matha",89.2,,,निगडी,सावंतवाडी,406.7,06:30,16:30,NOBL,,,,
80542,"Chinchwad To Sawantwadi",Chinchwad,Sawantwadi,,MO,33588,"Surur Fata",95.1,,,निगडी,सावंतवाडी,406.7,06:30,16:30,NOBL,,,,
80542,"Chinchwad To Sawantwadi",Chinchwad,Sawantwadi,,MO,33521,Kavathe,97.6,,,निगडी,सावंतवाडी,406.7,06:30,16:30,NOBL,,,,
80542,"Chinchwad To Sawantwadi",Chinchwad,Sawantwadi,,MO,34386,Anewadi,101.6,,,निगडी,सावंतवाडी,406.7,06:30,16:30,NOBL,,,,
80542,"Chinchwad To Sawantwadi",Chinchwad,Sawantwadi,,MO,28372,Wathar,102.9,,,निगडी,सावंतवाडी,406.7,06:30,16:30,NOBL,,,,
80542,"Chinchwad To Sawantwadi",Chinchwad,Sawantwadi,,MO,33460,Bhuinj,105.1,,,निगडी,सावंतवाडी,406.7,06:30,16:30,NOBL,,,,
80542,"Chinchwad To Sawantwadi",Chinchwad,Sawantwadi,,MO,31246,"Ramnagar Vasahat",122,,,निगडी,सावंतवाडी,406.7,06:30,16:30,NOBL,,,,
80542,"Chinchwad To Sawantwadi",Chinchwad,Sawantwadi,,MO,31298,Satara,129.8,,,निगडी,सावंतवाडी,406.7,06:30,16:30,NOBL,,,,
80542,"Chinchwad To Sawantwadi",Chinchwad,Sawantwadi,,MO,31269,Shendre,137.2,,,निगडी,सावंतवाडी,406.7,06:30,16:30,NOBL,,,,
80542,"Chinchwad To Sawantwadi",Chinchwad,Sawantwadi,,MO,30923,Borgaon,141.6,,,निगडी,सावंतवाडी,406.7,06:30,16:30,NOBL,,,,
80542,"Chinchwad To Sawantwadi",Chinchwad,Sawantwadi,,MO,30896,Atit,151,,,निगडी,सावंतवाडी,406.7,06:30,16:30,NOBL,,,,
80542,"Chinchwad To Sawantwadi",Chinchwad,Sawantwadi,,MO,31099,Kashil,156.3,,,निगडी,सावंतवाडी,406.7,06:30,16:30,NOBL,,,,
80542,"Chinchwad To Sawantwadi",Chinchwad,Sawantwadi,,MO,28255,Perle,158.7,,,निगडी,सावंतवाडी,406.7,06:30,16:30,NOBL,,,,
80542,"Chinchwad To Sawantwadi",Chinchwad,Sawantwadi,,MO,28340,Umbraj,164.9,,,निगडी,सावंतवाडी,406.7,06:30,16:30,NOBL,,,,
80542,"Chinchwad To Sawantwadi",Chinchwad,Sawantwadi,,MO,28337,Tasawade,169.9,,,निगडी,सावंतवाडी,406.7,06:30,16:30,NOBL,,,,
80542,"Chinchwad To Sawantwadi",Chinchwad,Sawantwadi,,MO,28184,Karad,183,,,निगडी,सावंतवाडी,406.7,06:30,16:30,NOBL,,,,
80542,"Chinchwad To Sawantwadi",Chinchwad,Sawantwadi,,MO,32925,Nandalapur,190.1,,,निगडी,सावंतवाडी,406.7,06:30,16:30,NOBL,,,,
80542,"Chinchwad To Sawantwadi",Chinchwad,Sawantwadi,,MO,29764,Nerle,205.9,,,निगडी,सावंतवाडी,406.7,06:30,16:30,NOBL,,,,
80542,"Chinchwad To Sawantwadi",Chinchwad,Sawantwadi,,MO,35475,"Islampur Fata",212.3,,,निगडी,सावंतवाडी,406.7,06:30,16:30,NOBL,,,,
80542,"Chinchwad To Sawantwadi",Chinchwad,Sawantwadi,,MO,23852,"Ghunki Fata",230.3,,,निगडी,सावंतवाडी,406.7,06:30,16:30,NOBL,,,,
80542,"Chinchwad To Sawantwadi",Chinchwad,Sawantwadi,,MO,26070,Wathar,234.8,,,निगडी,सावंतवाडी,406.7,06:30,16:30,NOBL,,,,
80542,"Chinchwad To Sawantwadi",Chinchwad,Sawantwadi,,MO,30329,"Ambap Fata",237.6,,,निगडी,सावंतवाडी,406.7,06:30,16:30,NOBL,,,,
80542,"Chinchwad To Sawantwadi",Chinchwad,Sawantwadi,,MO,25655,"Sangli Road Fata",248.8,,,निगडी,सावंतवाडी,406.7,06:30,16:30,NOBL,,,,
80542,"Chinchwad To Sawantwadi",Chinchwad,Sawantwadi,,MO,24904,"Market Yard",251.6,,,निगडी,सावंतवाडी,406.7,06:30,16:30,NOBL,,,,
80542,"Chinchwad To Sawantwadi",Chinchwad,Sawantwadi,,MO,24359,Kolhapur,255.1,,,निगडी,सावंतवाडी,406.7,06:30,16:30,NOBL,,,,
80542,"Chinchwad To Sawantwadi",Chinchwad,Sawantwadi,,MO,25908,"Ujaliwadi Fata",261.3,,,निगडी,सावंतवाडी,406.7,06:30,16:30,NOBL,,,,
80542,"Chinchwad To Sawantwadi",Chinchwad,Sawantwadi,,MO,24283,Kagal,270,,,निगडी,सावंतवाडी,406.7,06:30,16:30,NOBL,,,,
80542,"Chinchwad To Sawantwadi",Chinchwad,Sawantwadi,,MO,24830,Mumewadi,320.9,,,निगडी,सावंतवाडी,406.7,06:30,16:30,NOBL,,,,
80542,"Chinchwad To Sawantwadi",Chinchwad,Sawantwadi,,MO,25924,Uttur,323.9,,,निगडी,सावंतवाडी,406.7,06:30,16:30,NOBL,,,,
80542,"Chinchwad To Sawantwadi",Chinchwad,Sawantwadi,,MO,25169,Pendharwadi,325.6,,,निगडी,सावंतवाडी,406.7,06:30,16:30,NOBL,,,,
80542,"Chinchwad To Sawantwadi",Chinchwad,Sawantwadi,,MO,23908,Helewadi,329.9,,,निगडी,सावंतवाडी,406.7,06:30,16:30,NOBL,,,,
80542,"Chinchwad To Sawantwadi",Chinchwad,Sawantwadi,,MO,24646,Madilage,335,,,निगडी,सावंतवाडी,406.7,06:30,16:30,NOBL,,,,
80542,"Chinchwad To Sawantwadi",Chinchwad,Sawantwadi,,MO,23010,Ajara,341.9,,,निगडी,सावंतवाडी,406.7,06:30,16:30,NOBL,,,,
80542,"Chinchwad To Sawantwadi",Chinchwad,Sawantwadi,,MO,23949,Hololi,347.9,,,निगडी,सावंतवाडी,406.7,06:30,16:30,NOBL,,,,
80542,"Chinchwad To Sawantwadi",Chinchwad,Sawantwadi,,MO,23872,Gavase,353.5,,,निगडी,सावंतवाडी,406.7,06:30,16:30,NOBL,,,,
80542,"Chinchwad To Sawantwadi",Chinchwad,Sawantwadi,,MO,25744,Sulegaon,356.9,,,निगडी,सावंतवाडी,406.7,06:30,16:30,NOBL,,,,
80542,"Chinchwad To Sawantwadi",Chinchwad,Sawantwadi,,MO,23010,Ajara,361,,,निगडी,सावंतवाडी,406.7,06:30,16:30,NOBL,,,,
80542,"Chinchwad To Sawantwadi",Chinchwad,Sawantwadi,,MO,23762,Ghatkarwadi,361.3,,,निगडी,सावंतवाडी,406.7,06:30,16:30,NOBL,,,,
80542,"Chinchwad To Sawantwadi",Chinchwad,Sawantwadi,,MO,33961,"Menan Pistan",367.5,,,निगडी,सावंतवाडी,406.7,06:30,16:30,NOBL,,,,
80542,"Chinchwad To Sawantwadi",Chinchwad,Sawantwadi,,MO,23011,"Ajra Fata",368,,,निगडी,सावंतवाडी,406.7,06:30,16:30,NOBL,,,,
80542,"Chinchwad To Sawantwadi",Chinchwad,Sawantwadi,,MO,8582,Mulvanwadi,370.7,,,निगडी,सावंतवाडी,406.7,06:30,16:30,NOBL,,,,
80542,"Chinchwad To Sawantwadi",Chinchwad,Sawantwadi,,MO,8470,Amboli,374.5,,,निगडी,सावंतवाडी,406.7,06:30,16:30,NOBL,,,,
80542,"Chinchwad To Sawantwadi",Chinchwad,Sawantwadi,,MO,8510,Danoli,390.9,,,निगडी,सावंतवाडी,406.7,06:30,16:30,NOBL,,,,
80542,"Chinchwad To Sawantwadi",Chinchwad,Sawantwadi,,MO,8513,"Dhawadaki School",393.4,,,निगडी,सावंतवाडी,406.7,06:30,16:30,NOBL,,,,
80542,"Chinchwad To Sawantwadi",Chinchwad,Sawantwadi,,MO,8570,Madkhol,395.5,,,निगडी,सावंतवाडी,406.7,06:30,16:30,NOBL,,,,
80542,"Chinchwad To Sawantwadi",Chinchwad,Sawantwadi,,MO,8663,Sawantwadi,404,,,निगडी,सावंतवाडी,406.7,06:30,16:30,NOBL,,,,
116986,"Ganpatipule To Panjim Via Are Ware Point",Ganpatipule,Panjim,"ARE WARE POINT",MO,15808,Ganpatipule,,,,,पणजी,61.7,13:15,15:15,OPN,,,,
116986,"Ganpatipule To Panjim Via Are Ware Point",Ganpatipule,Panjim,"ARE WARE POINT",MO,15806,"Ganpatipule Mandir",1.1,,,,पणजी,61.7,13:15,15:15,OPN,,,,
116986,"Ganpatipule To Panjim Via Are Ware Point",Ganpatipule,Panjim,"ARE WARE POINT",MO,15510,"Bhandarpule Fata",1.3,,,,पणजी,61.7,13:15,15:15,OPN,,,,
116986,"Ganpatipule To Panjim Via Are Ware Point",Ganpatipule,Panjim,"ARE WARE POINT",MO,15453,Bhandarpule,3.4,,,,पणजी,61.7,13:15,15:15,OPN,,,,
116986,"Ganpatipule To Panjim Via Are Ware Point",Ganpatipule,Panjim,"ARE WARE POINT",MO,16099,"Krishanli Beach Resort",3.5,,,,पणजी,61.7,13:15,15:15,OPN,,,,
116986,"Ganpatipule To Panjim Via Are Ware Point",Ganpatipule,Panjim,"ARE WARE POINT",MO,16017,"Kajirbhati Bridge End",8.8,,,,पणजी,61.7,13:15,15:15,OPN,,,,
116986,"Ganpatipule To Panjim Via Are Ware Point",Ganpatipule,Panjim,"ARE WARE POINT",MO,15396,"Are Ware Point",11,,,,पणजी,61.7,13:15,15:15,OPN,,,,
116986,"Ganpatipule To Panjim Via Are Ware Point",Ganpatipule,Panjim,"ARE WARE POINT",MO,12605,Nagsari,14.2,,,,पणजी,61.7,13:15,15:15,OPN,,,,
116986,"Ganpatipule To Panjim Via Are Ware Point",Ganpatipule,Panjim,"ARE WARE POINT",MO,16655,"Shetye High School Basani",14.3,,,,पणजी,61.7,13:15,15:15,OPN,,,,
116986,"Ganpatipule To Panjim Via Are Ware Point",Ganpatipule,Panjim,"ARE WARE POINT",MO,16114,Kasarveli,16.9,,,,पणजी,61.7,13:15,15:15,OPN,,,,
116986,"Ganpatipule To Panjim Via Are Ware Point",Ganpatipule,Panjim,"ARE WARE POINT",MO,16662,"Shirgaon Masjid",19.3,,,,पणजी,61.7,13:15,15:15,OPN,,,,
116986,"Ganpatipule To Panjim Via Are Ware Point",Ganpatipule,Panjim,"ARE WARE POINT",MO,16456,"Palkar Hospital",22.3,,,,पणजी,61.7,13:15,15:15,OPN,,,,
116986,"Ganpatipule To Panjim Via Are Ware Point",Ganpatipule,Panjim,"ARE WARE POINT",MO,16801,Udyamnagar,25.2,,,,पणजी,61.7,13:15,15:15,OPN,,,,
116986,"Ganpatipule To Panjim Via Are Ware Point",Ganpatipule,Panjim,"ARE WARE POINT",MO,16267,"Maruti Mandir",26.3,,,,पणजी,61.7,13:15,15:15,OPN,,,,
116986,"Ganpatipule To Panjim Via Are Ware Point",Ganpatipule,Panjim,"ARE WARE POINT",MO,16599,Ratnagiri,28.3,,,,पणजी,61.7,13:15,15:15,OPN,,,,
116986,"Ganpatipule To Panjim Via Are Ware Point",Ganpatipule,Panjim,"ARE WARE POINT",MO,16663,Shivajinagar,31.3,,,,पणजी,61.7,13:15,15:15,OPN,,,,
116986,"Ganpatipule To Panjim Via Are Ware Point",Ganpatipule,Panjim,"ARE WARE POINT",MO,16108,Kuravbao,33.9,,,,पणजी,61.7,13:15,15:15,OPN,,,,
116986,"Ganpatipule To Panjim Via Are Ware Point",Ganpatipule,Panjim,"ARE WARE POINT",MO,15979,"Khedshi Fata",36.9,,,,पणजी,61.7,13:15,15:15,OPN,,,,
116986,"Ganpatipule To Panjim Via Are Ware Point",Ganpatipule,Panjim,"ARE WARE POINT",MO,16466,"Panval Fata",38.9,,,,पणजी,61.7,13:15,15:15,OPN,,,,
116986,"Ganpatipule To Panjim Via Are Ware Point",Ganpatipule,Panjim,"ARE WARE POINT",MO,15851,Hatkhamba,41.3,,,,पणजी,61.7,13:15,15:15,OPN,,,,
116986,"Ganpatipule To Panjim Via Are Ware Point",Ganpatipule,Panjim,"ARE WARE POINT",MO,15833,"Hatakhamba Gaon",41.9,,,,पणजी,61.7,13:15,15:15,OPN,,,,
116986,"Ganpatipule To Panjim Via Are Ware Point",Ganpatipule,Panjim,"ARE WARE POINT",MO,16628,Shetifarm,44.5,,,,पणजी,61.7,13:15,15:15,OPN,,,,
116986,"Ganpatipule To Panjim Via Are Ware Point",Ganpatipule,Panjim,"ARE WARE POINT",MO,15946,Kapadagaon,47.4,,,,पणजी,61.7,13:15,15:15,OPN,,,,
116986,"Ganpatipule To Panjim Via Are Ware Point",Ganpatipule,Panjim,"ARE WARE POINT",MO,16416,Pali,53.3,,,,पणजी,61.7,13:15,15:15,OPN,,,,
116986,"Ganpatipule To Panjim Via Are Ware Point",Ganpatipule,Panjim,"ARE WARE POINT",MO,13157,Khanu,56.1,,,,पणजी,61.7,13:15,15:15,OPN,,,,
116986,"Ganpatipule To Panjim Via Are Ware Point",Ganpatipule,Panjim,"ARE WARE POINT",MO,13297,Math,59.5,,,,पणजी,61.7,13:15,15:15,OPN,,,,
116986,"Ganpatipule To Panjim Via Are Ware Point",Ganpatipule,Panjim,"ARE WARE POINT",MO,12889,"Anjanari Bridge",64.1,,,,पणजी,61.7,13:15,15:15,OPN,,,,
116986,"Ganpatipule To Panjim Via Are Ware Point",Ganpatipule,Panjim,"ARE WARE POINT",MO,13573,Veral,67.1,,,,पणजी,61.7,13:15,15:15,OPN,,,,
116986,"Ganpatipule To Panjim Via Are Ware Point",Ganpatipule,Panjim,"ARE WARE POINT",MO,13011,"Devle Hed Pavas Fata",71,,,,पणजी,61.7,13:15,15:15,OPN,,,,
116986,"Ganpatipule To Panjim Via Are Ware Point",Ganpatipule,Panjim,"ARE WARE POINT",MO,13277,"Lanja Agri. Farm",72.7,,,,पणजी,61.7,13:15,15:15,OPN,,,,
116986,"Ganpatipule To Panjim Via Are Ware Point",Ganpatipule,Panjim,"ARE WARE POINT",MO,13276,"Lanja Poultry Farm",74.4,,,,पणजी,61.7,13:15,15:15,OPN,,,,
116986,"Ganpatipule To Panjim Via Are Ware Point",Ganpatipule,Panjim,"ARE WARE POINT",MO,13286,Lanja,76.2,,,,पणजी,61.7,13:15,15:15,OPN,,,,
116986,"Ganpatipule To Panjim Via Are Ware Point",Ganpatipule,Panjim,"ARE WARE POINT",MO,14720,Kuwa,81.8,,,,पणजी,61.7,13:15,15:15,OPN,,,,
116986,"Ganpatipule To Panjim Via Are Ware Point",Ganpatipule,Panjim,"ARE WARE POINT",MO,15295,"Waked Laxmi Garden",86.3,,,,पणजी,61.7,13:15,15:15,OPN,,,,
116986,"Ganpatipule To Panjim Via Are Ware Point",Ganpatipule,Panjim,"ARE WARE POINT",MO,15316,"Watul Titha",89.3,,,,पणजी,61.7,13:15,15:15,OPN,,,,
116986,"Ganpatipule To Panjim Via Are Ware Point",Ganpatipule,Panjim,"ARE WARE POINT",MO,15325,"Yerdav Fata",93.9,,,,पणजी,61.7,13:15,15:15,OPN,,,,
116986,"Ganpatipule To Panjim Via Are Ware Point",Ganpatipule,Panjim,"ARE WARE POINT",MO,14719,"Kharavate Fata",98.4,,,,पणजी,61.7,13:15,15:15,OPN,,,,
116986,"Ganpatipule To Panjim Via Are Ware Point",Ganpatipule,Panjim,"ARE WARE POINT",MO,14574,"Kharavate Village/Sorap Shop",99.3,,,,पणजी,61.7,13:15,15:15,OPN,,,,
116986,"Ganpatipule To Panjim Via Are Ware Point",Ganpatipule,Panjim,"ARE WARE POINT",MO,14831,Nerke,100.1,,,,पणजी,61.7,13:15,15:15,OPN,,,,
116986,"Ganpatipule To Panjim Via Are Ware Point",Ganpatipule,Panjim,"ARE WARE POINT",MO,14615,"Kodavali School",101.7,,,,पणजी,61.7,13:15,15:15,OPN,,,,
116986,"Ganpatipule To Panjim Via Are Ware Point",Ganpatipule,Panjim,"ARE WARE POINT",MO,15006,Rajapur,105.4,,,,पणजी,61.7,13:15,15:15,OPN,,,,
116986,"Ganpatipule To Panjim Via Are Ware Point",Ganpatipule,Panjim,"ARE WARE POINT",MO,14473,"Ganga Tirtha Fata",109.2,,,,पणजी,61.7,13:15,15:15,OPN,,,,
116986,"Ganpatipule To Panjim Via Are Ware Point",Ganpatipule,Panjim,"ARE WARE POINT",MO,14521,"Hativale Jaitapur Fata",114.8,,,,पणजी,61.7,13:15,15:15,OPN,,,,
116986,"Ganpatipule To Panjim Via Are Ware Point",Ganpatipule,Panjim,"ARE WARE POINT",MO,14609,Kodiye,117.3,,,,पणजी,61.7,13:15,15:15,OPN,,,,
116986,"Ganpatipule To Panjim Via Are Ware Point",Ganpatipule,Panjim,"ARE WARE POINT",MO,14879,Panhale,120.3,,,,पणजी,61.7,13:15,15:15,OPN,,,,
116986,"Ganpatipule To Panjim Via Are Ware Point",Ganpatipule,Panjim,"ARE WARE POINT",MO,15236,"Takewadi School",122.7,,,,पणजी,61.7,13:15,15:15,OPN,,,,
116986,"Ganpatipule To Panjim Via Are Ware Point",Ganpatipule,Panjim,"ARE WARE POINT",MO,2812,Kharepatan,126.8,,,,पणजी,61.7,13:15,15:15,OPN,,,,
116986,"Ganpatipule To Panjim Via Are Ware Point",Ganpatipule,Panjim,"ARE WARE POINT",MO,2863,Nadgive,129.1,,,,पणजी,61.7,13:15,15:15,OPN,,,,
116986,"Ganpatipule To Panjim Via Are Ware Point",Ganpatipule,Panjim,"ARE WARE POINT",MO,3010,Wargaon,132.3,,,,पणजी,61.7,13:15,15:15,OPN,,,,
116986,"Ganpatipule To Panjim Via Are Ware Point",Ganpatipule,Panjim,"ARE WARE POINT",MO,2941,Saliste,136,,,,पणजी,61.7,13:15,15:15,OPN,,,,
116986,"Ganpatipule To Panjim Via Are Ware Point",Ganpatipule,Panjim,"ARE WARE POINT",MO,2982,Tarla,140.9,,,,पणजी,61.7,13:15,15:15,OPN,,,,
116986,"Ganpatipule To Panjim Via Are Ware Point",Ganpatipule,Panjim,"ARE WARE POINT",MO,2797,"Kasarde Fata",141.7,,,,पणजी,61.7,13:15,15:15,OPN,,,,
116986,"Ganpatipule To Panjim Via Are Ware Point",Ganpatipule,Panjim,"ARE WARE POINT",MO,2673,"Bramhan Wadi",143.9,,,,पणजी,61.7,13:15,15:15,OPN,,,,
116986,"Ganpatipule To Panjim Via Are Ware Point",Ganpatipule,Panjim,"ARE WARE POINT",MO,2872,"Nandgaon Nursary",146.7,,,,पणजी,61.7,13:15,15:15,OPN,,,,
116986,"Ganpatipule To Panjim Via Are Ware Point",Ganpatipule,Panjim,"ARE WARE POINT",MO,2870,"Nandgaon Datta Mandir",151.2,,,,पणजी,61.7,13:15,15:15,OPN,,,,
116986,"Ganpatipule To Panjim Via Are Ware Point",Ganpatipule,Panjim,"ARE WARE POINT",MO,2655,Belane,152.6,,,,पणजी,61.7,13:15,15:15,OPN,,,,
116986,"Ganpatipule To Panjim Via Are Ware Point",Ganpatipule,Panjim,"ARE WARE POINT",MO,2756,"Humrat Titha",155.8,,,,पणजी,61.7,13:15,15:15,OPN,,,,
116986,"Ganpatipule To Panjim Via Are Ware Point",Ganpatipule,Panjim,"ARE WARE POINT",MO,2766,Janavali,159.1,,,,पणजी,61.7,13:15,15:15,OPN,,,,
116986,"Ganpatipule To Panjim Via Are Ware Point",Ganpatipule,Panjim,"ARE WARE POINT",MO,2786,Kankavli,163.9,,,,पणजी,61.7,13:15,15:15,OPN,,,,
116986,"Ganpatipule To Panjim Via Are Ware Point",Ganpatipule,Panjim,"ARE WARE POINT",MO,3002,Wagde,167.9,,,,पणजी,61.7,13:15,15:15,OPN,,,,
116986,"Ganpatipule To Panjim Via Are Ware Point",Ganpatipule,Panjim,"ARE WARE POINT",MO,2692,Dangalwadi,169,,,,पणजी,61.7,13:15,15:15,OPN,,,,
116986,"Ganpatipule To Panjim Via Are Ware Point",Ganpatipule,Panjim,"ARE WARE POINT",MO,2891,"Osargaon Talav",170.1,,,,पणजी,61.7,13:15,15:15,OPN,,,,
116986,"Ganpatipule To Panjim Via Are Ware Point",Ganpatipule,Panjim,"ARE WARE POINT",MO,2890,"Osargaon Post",173,,,,पणजी,61.7,13:15,15:15,OPN,,,,
116986,"Ganpatipule To Panjim Via Are Ware Point",Ganpatipule,Panjim,"ARE WARE POINT",MO,24756,Ms,174,,,,पणजी,61.7,13:15,15:15,OPN,,,,
116986,"Ganpatipule To Panjim Via Are Ware Point",Ganpatipule,Panjim,"ARE WARE POINT",MO,6281,Kasal,177.3,,,,पणजी,61.7,13:15,15:15,OPN,,,,
116986,"Ganpatipule To Panjim Via Are Ware Point",Ganpatipule,Panjim,"ARE WARE POINT",MO,6116,Awali,182,,,,पणजी,61.7,13:15,15:15,OPN,,,,
116986,"Ganpatipule To Panjim Via Are Ware Point",Ganpatipule,Panjim,"ARE WARE POINT",MO,6226,"Jaitapkar Colany",182.7,,,,पणजी,61.7,13:15,15:15,OPN,,,,
116986,"Ganpatipule To Panjim Via Are Ware Point",Ganpatipule,Panjim,"ARE WARE POINT",MO,6206,"Humarmala Rane Dukan",189,,,,पणजी,61.7,13:15,15:15,OPN,,,,
116986,"Ganpatipule To Panjim Via Are Ware Point",Ganpatipule,Panjim,"ARE WARE POINT",MO,6204,"Humarmala Kasale Dukan",191.3,,,,पणजी,61.7,13:15,15:15,OPN,,,,
116986,"Ganpatipule To Panjim Via Are Ware Point",Ganpatipule,Panjim,"ARE WARE POINT",MO,6365,Pandur,192.8,,,,पणजी,61.7,13:15,15:15,OPN,,,,
116986,"Ganpatipule To Panjim Via Are Ware Point",Ganpatipule,Panjim,"ARE WARE POINT",MO,6240,"Kudal St Depot",197.9,,,,पणजी,61.7,13:15,15:15,OPN,,,,
116986,"Ganpatipule To Panjim Via Are Ware Point",Ganpatipule,Panjim,"ARE WARE POINT",MO,6253,"Kudal Old Bus Stand",199.4,,,,पणजी,61.7,13:15,15:15,OPN,,,,
116986,"Ganpatipule To Panjim Via Are Ware Point",Ganpatipule,Panjim,"ARE WARE POINT",MO,6241,"Kudal Udyamnagar",202.4,,,,पणजी,61.7,13:15,15:15,OPN,,,,
116986,"Ganpatipule To Panjim Via Are Ware Point",Ganpatipule,Panjim,"ARE WARE POINT",MO,1840,"Modka Vad",203.4,,,,पणजी,61.7,13:15,15:15,OPN,,,,
116986,"Ganpatipule To Panjim Via Are Ware Point",Ganpatipule,Panjim,"ARE WARE POINT",MO,6322,"Mandkuli Fata",204.7,,,,पणजी,61.7,13:15,15:15,OPN,,,,
116986,"Ganpatipule To Panjim Via Are Ware Point",Ganpatipule,Panjim,"ARE WARE POINT",MO,6231,"Khan Mohalla",211.1,,,,पणजी,61.7,13:15,15:15,OPN,,,,
116986,"Ganpatipule To Panjim Via Are Ware Point",Ganpatipule,Panjim,"ARE WARE POINT",MO,6101,Akeri,214.1,,,,पणजी,61.7,13:15,15:15,OPN,,,,
116986,"Ganpatipule To Panjim Via Are Ware Point",Ganpatipule,Panjim,"ARE WARE POINT",MO,8551,"Kolgaon Thita",217.1,,,,पणजी,61.7,13:15,15:15,OPN,,,,
116986,"Ganpatipule To Panjim Via Are Ware Point",Ganpatipule,Panjim,"ARE WARE POINT",MO,8663,Sawantwadi,220.1,,,,पणजी,61.7,13:15,15:15,OPN,,,,
116986,"Ganpatipule To Panjim Via Are Ware Point",Ganpatipule,Panjim,"ARE WARE POINT",MO,8578,"Majgaon Nala",224.8,,,,पणजी,61.7,13:15,15:15,OPN,,,,
116986,"Ganpatipule To Panjim Via Are Ware Point",Ganpatipule,Panjim,"ARE WARE POINT",MO,8560,Kondwada,230,,,,पणजी,61.7,13:15,15:15,OPN,,,,
116986,"Ganpatipule To Panjim Via Are Ware Point",Ganpatipule,Panjim,"ARE WARE POINT",MO,8486,Banda,233.8,,,,पणजी,61.7,13:15,15:15,OPN,,,,
116986,"Ganpatipule To Panjim Via Are Ware Point",Ganpatipule,Panjim,"ARE WARE POINT",MO,71926,Patradevi,235.7,,,,पणजी,61.7,13:15,15:15,OPN,,,,
116986,"Ganpatipule To Panjim Via Are Ware Point",Ganpatipule,Panjim,"ARE WARE POINT",MO,71876,Galel,236.7,,,,पणजी,61.7,13:15,15:15,OPN,,,,
116986,"Ganpatipule To Panjim Via Are Ware Point",Ganpatipule,Panjim,"ARE WARE POINT",MO,71956,Torsem,238.7,,,,पणजी,61.7,13:15,15:15,OPN,,,,
116986,"Ganpatipule To Panjim Via Are Ware Point",Ganpatipule,Panjim,"ARE WARE POINT",MO,71958,Ugavem,240.7,,,,पणजी,61.7,13:15,15:15,OPN,,,,
116986,"Ganpatipule To Panjim Via Are Ware Point",Ganpatipule,Panjim,"ARE WARE POINT",MO,71936,Poraskadem,243.7,,,,पणजी,61.7,13:15,15:15,OPN,,,,
116986,"Ganpatipule To Panjim Via Are Ware Point",Ganpatipule,Panjim,"ARE WARE POINT",MO,71924,"Naibag Bridge",245.7,,,,पणजी,61.7,13:15,15:15,OPN,,,,
116986,"Ganpatipule To Panjim Via Are Ware Point",Ganpatipule,Panjim,"ARE WARE POINT",MO,71937,Pernem,249.7,,,,पणजी,61.7,13:15,15:15,OPN,,,,
116986,"Ganpatipule To Panjim Via Are Ware Point",Ganpatipule,Panjim,"ARE WARE POINT",MO,71901,Malpe,251.7,,,,पणजी,61.7,13:15,15:15,OPN,,,,
116986,"Ganpatipule To Panjim Via Are Ware Point",Ganpatipule,Panjim,"ARE WARE POINT",MO,71873,Dhargal,259.7,,,,पणजी,61.7,13:15,15:15,OPN,,,,
116986,"Ganpatipule To Panjim Via Are Ware Point",Ganpatipule,Panjim,"ARE WARE POINT",MO,71899,"Kolwal Junction",261.7,,,,पणजी,61.7,13:15,15:15,OPN,,,,
116986,"Ganpatipule To Panjim Via Are Ware Point",Ganpatipule,Panjim,"ARE WARE POINT",MO,71886,Kasarwada,264.7,,,,पणजी,61.7,13:15,15:15,OPN,,,,
116986,"Ganpatipule To Panjim Via Are Ware Point",Ganpatipule,Panjim,"ARE WARE POINT",MO,71915,Mapusa,267.7,,,,पणजी,61.7,13:15,15:15,OPN,,,,
116986,"Ganpatipule To Panjim Via Are Ware Point",Ganpatipule,Panjim,"ARE WARE POINT",MO,71935,Panjim,279.7,,,,पणजी,61.7,13:15,15:15,OPN,,,,
117647,"Dukanwad To Sawantwadi",Dukanwad,Sawantwadi,,MO,6161,Dukanwad,,,,दुकानवाड,सावंतवाडी,27,14:10,01:31,,,,,
117647,"Dukanwad To Sawantwadi",Dukanwad,Sawantwadi,,MO,6344,"Nileli Nursery",6,,,दुकानवाड,सावंतवाडी,27,14:10,01:31,,,,,
117647,"Dukanwad To Sawantwadi",Dukanwad,Sawantwadi,,MO,6190,"Gothos Titha",7,,,दुकानवाड,सावंतवाडी,27,14:10,01:31,,,,,
117647,"Dukanwad To Sawantwadi",Dukanwad,Sawantwadi,,MO,6464,"Wados Bazar",9,,,दुकानवाड,सावंतवाडी,27,14:10,01:31,,,,,
117647,"Dukanwad To Sawantwadi",Dukanwad,Sawantwadi,,MO,6092,Amberi,12,,,दुकानवाड,सावंतवाडी,27,14:10,01:31,,,,,
117647,"Dukanwad To Sawantwadi",Dukanwad,Sawantwadi,,MO,6317,Mangaon,15,,,दुकानवाड,सावंतवाडी,27,14:10,01:31,,,,,
117647,"Dukanwad To Sawantwadi",Dukanwad,Sawantwadi,,MO,6162,Dholkarwadi,18,,,दुकानवाड,सावंतवाडी,27,14:10,01:31,,,,,
117647,"Dukanwad To Sawantwadi",Dukanwad,Sawantwadi,,MO,6101,Akeri,21,,,दुकानवाड,सावंतवाडी,27,14:10,01:31,,,,,
117647,"Dukanwad To Sawantwadi",Dukanwad,Sawantwadi,,MO,8551,"Kolgaon Thita",24,,,दुकानवाड,सावंतवाडी,27,14:10,01:31,,,,,
117647,"Dukanwad To Sawantwadi",Dukanwad,Sawantwadi,,MO,8663,Sawantwadi,27,,,दुकानवाड,सावंतवाडी,27,14:10,01:31,,,,,
11154,"Sawantwadi To Kunkeshwar",Sawantwadi,Kunkeshwar,,MO,8663,Sawantwadi,,,,सावंतवाडी,कुणकेश्वर,104,15:45,19:25,NOBL,,,,
11154,"Sawantwadi To Kunkeshwar",Sawantwadi,Kunkeshwar,,MO,8551,"Kolgaon Thita",3.7,,,सावंतवाडी,कुणकेश्वर,104,15:45,19:25,NOBL,,,,
11154,"Sawantwadi To Kunkeshwar",Sawantwadi,Kunkeshwar,,MO,6101,Akeri,5.9,,,सावंतवाडी,कुणकेश्वर,104,15:45,19:25,NOBL,,,,
11154,"Sawantwadi To Kunkeshwar",Sawantwadi,Kunkeshwar,,MO,6231,"Khan Mohalla",8.5,,,सावंतवाडी,कुणकेश्वर,104,15:45,19:25,NOBL,,,,
11154,"Sawantwadi To Kunkeshwar",Sawantwadi,Kunkeshwar,,MO,6473,"Zarap Jambhal",10,,,सावंतवाडी,कुणकेश्वर,104,15:45,19:25,NOBL,,,,
11154,"Sawantwadi To Kunkeshwar",Sawantwadi,Kunkeshwar,,MO,6322,"Mandkuli Fata",15,,,सावंतवाडी,कुणकेश्वर,104,15:45,19:25,NOBL,,,,
11154,"Sawantwadi To Kunkeshwar",Sawantwadi,Kunkeshwar,,MO,6126,Bibavane,15.5,,,सावंतवाडी,कुणकेश्वर,104,15:45,19:25,NOBL,,,,
11154,"Sawantwadi To Kunkeshwar",Sawantwadi,Kunkeshwar,,MO,6376,"Pinguli Titha",16.1,,,सावंतवाडी,कुणकेश्वर,104,15:45,19:25,NOBL,,,,
11154,"Sawantwadi To Kunkeshwar",Sawantwadi,Kunkeshwar,,MO,2069,"Modka Wad",18.7,,,सावंतवाडी,कुणकेश्वर,104,15:45,19:25,NOBL,,,,
11154,"Sawantwadi To Kunkeshwar",Sawantwadi,Kunkeshwar,,MO,6237,"Kudal St Depot",20.7,,,सावंतवाडी,कुणकेश्वर,104,15:45,19:25,NOBL,,,,
11154,"Sawantwadi To Kunkeshwar",Sawantwadi,Kunkeshwar,,MO,6351,"Nerur Jakat",23,,,सावंतवाडी,कुणकेश्वर,104,15:45,19:25,NOBL,,,,
11154,"Sawantwadi To Kunkeshwar",Sawantwadi,Kunkeshwar,,MO,6428,Thakurwadi,24.9,,,सावंतवाडी,कुणकेश्वर,104,15:45,19:25,NOBL,,,,
11154,"Sawantwadi To Kunkeshwar",Sawantwadi,Kunkeshwar,,MO,6335,Nerurpar,27.8,,,सावंतवाडी,कुणकेश्वर,104,15:45,19:25,NOBL,,,,
11154,"Sawantwadi To Kunkeshwar",Sawantwadi,Kunkeshwar,,MO,6979,"Ravalnath Mandir",30.9,,,सावंतवाडी,कुणकेश्वर,104,15:45,19:25,NOBL,,,,
11154,"Sawantwadi To Kunkeshwar",Sawantwadi,Kunkeshwar,,MO,6812,Dhamapur,31.6,,,सावंतवाडी,कुणकेश्वर,104,15:45,19:25,NOBL,,,,
11154,"Sawantwadi To Kunkeshwar",Sawantwadi,Kunkeshwar,,MO,6821,"Gavaldeo Amba",33.8,,,सावंतवाडी,कुणकेश्वर,104,15:45,19:25,NOBL,,,,
11154,"Sawantwadi To Kunkeshwar",Sawantwadi,Kunkeshwar,,MO,6869,Kasartakka,35.9,,,सावंतवाडी,कुणकेश्वर,104,15:45,19:25,NOBL,,,,
11154,"Sawantwadi To Kunkeshwar",Sawantwadi,Kunkeshwar,,MO,6829,Godyachiwadi,36.9,,,सावंतवाडी,कुणकेश्वर,104,15:45,19:25,NOBL,,,,
11154,"Sawantwadi To Kunkeshwar",Sawantwadi,Kunkeshwar,,MO,6799,Chouke,40.4,,,सावंतवाडी,कुणकेश्वर,104,15:45,19:25,NOBL,,,,
11154,"Sawantwadi To Kunkeshwar",Sawantwadi,Kunkeshwar,,MO,6750,"Ajagaonkar Bangala",43,,,सावंतवाडी,कुणकेश्वर,104,15:45,19:25,NOBL,,,,
11154,"Sawantwadi To Kunkeshwar",Sawantwadi,Kunkeshwar,,MO,6755,Anandwahal,43.2,,,सावंतवाडी,कुणकेश्वर,104,15:45,19:25,NOBL,,,,
11154,"Sawantwadi To Kunkeshwar",Sawantwadi,Kunkeshwar,,MO,6897,"Kumbharmath Govekar Dukan",45.3,,,सावंतवाडी,कुणकेश्वर,104,15:45,19:25,NOBL,,,,
11154,"Sawantwadi To Kunkeshwar",Sawantwadi,Kunkeshwar,,MO,6898,"Kumbharmath Post",46.5,,,सावंतवाडी,कुणकेश्वर,104,15:45,19:25,NOBL,,,,
11154,"Sawantwadi To Kunkeshwar",Sawantwadi,Kunkeshwar,,MO,6915,Malvan,49,,,सावंतवाडी,कुणकेश्वर,104,15:45,19:25,NOBL,,,,
11154,"Sawantwadi To Kunkeshwar",Sawantwadi,Kunkeshwar,,MO,6889,Kolamb,52.5,,,सावंतवाडी,कुणकेश्वर,104,15:45,19:25,NOBL,,,,
11154,"Sawantwadi To Kunkeshwar",Sawantwadi,Kunkeshwar,,MO,6876,Khaida,53,,,सावंतवाडी,कुणकेश्वर,104,15:45,19:25,NOBL,,,,
11154,"Sawantwadi To Kunkeshwar",Sawantwadi,Kunkeshwar,,MO,6872,Katwad,53.1,,,सावंतवाडी,कुणकेश्वर,104,15:45,19:25,NOBL,,,,
11154,"Sawantwadi To Kunkeshwar",Sawantwadi,Kunkeshwar,,MO,6950,"Ozar Vishnuchi Wadi",54,,,सावंतवाडी,कुणकेश्वर,104,15:45,19:25,NOBL,,,,
11154,"Sawantwadi To Kunkeshwar",Sawantwadi,Kunkeshwar,,MO,6867,"Kandalgaon Ranewadi",57.6,,,सावंतवाडी,कुणकेश्वर,104,15:45,19:25,NOBL,,,,
11154,"Sawantwadi To Kunkeshwar",Sawantwadi,Kunkeshwar,,MO,6817,"Gadgil Stop",58.1,,,सावंतवाडी,कुणकेश्वर,104,15:45,19:25,NOBL,,,,
11154,"Sawantwadi To Kunkeshwar",Sawantwadi,Kunkeshwar,,MO,6921,Margeshwar,61,,,सावंतवाडी,कुणकेश्वर,104,15:45,19:25,NOBL,,,,
11154,"Sawantwadi To Kunkeshwar",Sawantwadi,Kunkeshwar,,MO,6861,"Kalawal X Rd.",62.8,,,सावंतवाडी,कुणकेश्वर,104,15:45,19:25,NOBL,,,,
11154,"Sawantwadi To Kunkeshwar",Sawantwadi,Kunkeshwar,,MO,6745,"Acharekar Bag",66.4,,,सावंतवाडी,कुणकेश्वर,104,15:45,19:25,NOBL,,,,
11154,"Sawantwadi To Kunkeshwar",Sawantwadi,Kunkeshwar,,MO,6740,Achara,69.9,,,सावंतवाडी,कुणकेश्वर,104,15:45,19:25,NOBL,,,,
11154,"Sawantwadi To Kunkeshwar",Sawantwadi,Kunkeshwar,,MO,6743,"Achara Par",71.3,,,सावंतवाडी,कुणकेश्वर,104,15:45,19:25,NOBL,,,,
11154,"Sawantwadi To Kunkeshwar",Sawantwadi,Kunkeshwar,,MO,6968,"Poyare Dattaguru Chowk",73.7,,,सावंतवाडी,कुणकेश्वर,104,15:45,19:25,NOBL,,,,
11154,"Sawantwadi To Kunkeshwar",Sawantwadi,Kunkeshwar,,MO,1848,Mashavi,74,,,सावंतवाडी,कुणकेश्वर,104,15:45,19:25,NOBL,,,,
11154,"Sawantwadi To Kunkeshwar",Sawantwadi,Kunkeshwar,,MO,2069,"Modka Wad",74.4,,,सावंतवाडी,कुणकेश्वर,104,15:45,19:25,NOBL,,,,
11154,"Sawantwadi To Kunkeshwar",Sawantwadi,Kunkeshwar,,MO,1866,"Munage High School",79.7,,,सावंतवाडी,कुणकेश्वर,104,15:45,19:25,NOBL,,,,
11154,"Sawantwadi To Kunkeshwar",Sawantwadi,Kunkeshwar,,MO,1843,"Munage Bhagvati Mandir",80.5,,,सावंतवाडी,कुणकेश्वर,104,15:45,19:25,NOBL,,,,
11154,"Sawantwadi To Kunkeshwar",Sawantwadi,Kunkeshwar,,MO,6847,"Hindale Teen Pimple",84.2,,,सावंतवाडी,कुणकेश्वर,104,15:45,19:25,NOBL,,,,
11154,"Sawantwadi To Kunkeshwar",Sawantwadi,Kunkeshwar,,MO,6845,"Hindale Aga Shop",85.4,,,सावंतवाडी,कुणकेश्वर,104,15:45,19:25,NOBL,,,,
11154,"Sawantwadi To Kunkeshwar",Sawantwadi,Kunkeshwar,,MO,1747,"Hindale Mithbav Titha",86,,,सावंतवाडी,कुणकेश्वर,104,15:45,19:25,NOBL,,,,
11154,"Sawantwadi To Kunkeshwar",Sawantwadi,Kunkeshwar,,MO,1879,Mithbav,86.9,,,सावंतवाडी,कुणकेश्वर,104,15:45,19:25,NOBL,,,,
11154,"Sawantwadi To Kunkeshwar",Sawantwadi,Kunkeshwar,,MO,1851,"Mithbav Stand",87,,,सावंतवाडी,कुणकेश्वर,104,15:45,19:25,NOBL,,,,
11154,"Sawantwadi To Kunkeshwar",Sawantwadi,Kunkeshwar,,MO,1891,"Mithbav Hospital",88.5,,,सावंतवाडी,कुणकेश्वर,104,15:45,19:25,NOBL,,,,
11154,"Sawantwadi To Kunkeshwar",Sawantwadi,Kunkeshwar,,MO,1882,"Mithbav Katvan",91.9,,,सावंतवाडी,कुणकेश्वर,104,15:45,19:25,NOBL,,,,
11154,"Sawantwadi To Kunkeshwar",Sawantwadi,Kunkeshwar,,MO,1647,Boaring,92,,,सावंतवाडी,कुणकेश्वर,104,15:45,19:25,NOBL,,,,
11154,"Sawantwadi To Kunkeshwar",Sawantwadi,Kunkeshwar,,MO,1799,"Kunkeshwar Katvan",93,,,सावंतवाडी,कुणकेश्वर,104,15:45,19:25,NOBL,,,,
11154,"Sawantwadi To Kunkeshwar",Sawantwadi,Kunkeshwar,,MO,1819,Kunkeshwar,94.7,,,सावंतवाडी,कुणकेश्वर,104,15:45,19:25,NOBL,,,,
17792,"Malaiwadi To Sawantwadi",Malaiwadi,Sawantwadi,,MO,6311,Malaiwadi,,,,,सावंतवाडी,33.6,08:20,09:40,OBL,,,,
17792,"Malaiwadi To Sawantwadi",Malaiwadi,Sawantwadi,,MO,6170,Footbridge,3,,,,सावंतवाडी,33.6,08:20,09:40,OBL,,,,
17792,"Malaiwadi To Sawantwadi",Malaiwadi,Sawantwadi,,MO,6232,"Karyad Narur",5.2,,,,सावंतवाडी,33.6,08:20,09:40,OBL,,,,
17792,"Malaiwadi To Sawantwadi",Malaiwadi,Sawantwadi,,MO,6199,"Haldiche Nerur Titha",7,,,,सावंतवाडी,33.6,08:20,09:40,OBL,,,,
17792,"Malaiwadi To Sawantwadi",Malaiwadi,Sawantwadi,,MO,6147,Chafeli,9,,,,सावंतवाडी,33.6,08:20,09:40,OBL,,,,
17792,"Malaiwadi To Sawantwadi",Malaiwadi,Sawantwadi,,MO,6273,Kerawade,11,,,,सावंतवाडी,33.6,08:20,09:40,OBL,,,,
17792,"Malaiwadi To Sawantwadi",Malaiwadi,Sawantwadi,,MO,6339,"Nileli Gani Dukan",12.6,,,,सावंतवाडी,33.6,08:20,09:40,OBL,,,,
17792,"Malaiwadi To Sawantwadi",Malaiwadi,Sawantwadi,,MO,6190,"Gothos Titha",14,,,,सावंतवाडी,33.6,08:20,09:40,OBL,,,,
17792,"Malaiwadi To Sawantwadi",Malaiwadi,Sawantwadi,,MO,6464,"Wados Bazar",14.9,,,,सावंतवाडी,33.6,08:20,09:40,OBL,,,,
17792,"Malaiwadi To Sawantwadi",Malaiwadi,Sawantwadi,,MO,6463,"Wados Gpo",15.5,,,,सावंतवाडी,33.6,08:20,09:40,OBL,,,,
17792,"Malaiwadi To Sawantwadi",Malaiwadi,Sawantwadi,,MO,6092,Amberi,19,,,,सावंतवाडी,33.6,08:20,09:40,OBL,,,,
17792,"Malaiwadi To Sawantwadi",Malaiwadi,Sawantwadi,,MO,6319,"Mangaon Phc",20,,,,सावंतवाडी,33.6,08:20,09:40,OBL,,,,
17792,"Malaiwadi To Sawantwadi",Malaiwadi,Sawantwadi,,MO,6317,Mangaon,21.4,,,,सावंतवाडी,33.6,08:20,09:40,OBL,,,,
17792,"Malaiwadi To Sawantwadi",Malaiwadi,Sawantwadi,,MO,6323,"Mangaon Titha",23.3,,,,सावंतवाडी,33.6,08:20,09:40,OBL,,,,
17792,"Malaiwadi To Sawantwadi",Malaiwadi,Sawantwadi,,MO,6162,Dholkarwadi,24.2,,,,सावंतवाडी,33.6,08:20,09:40,OBL,,,,
17792,"Malaiwadi To Sawantwadi",Malaiwadi,Sawantwadi,,MO,6207,"Humras Fata",26,,,,सावंतवाडी,33.6,08:20,09:40,OBL,,,,
17792,"Malaiwadi To Sawantwadi",Malaiwadi,Sawantwadi,,MO,6101,Akeri,27.7,,,,सावंतवाडी,33.6,08:20,09:40,OBL,,,,
17792,"Malaiwadi To Sawantwadi",Malaiwadi,Sawantwadi,,MO,8551,"Kolgaon Thita",29.9,,,,सावंतवाडी,33.6,08:20,09:40,OBL,,,,
17792,"Malaiwadi To Sawantwadi",Malaiwadi,Sawantwadi,,MO,8663,Sawantwadi,33.6,,,,सावंतवाडी,33.6,08:20,09:40,OBL,,,,
18779,"Upawade Kerdalwadi To Sawantwadi","Upawade Kerdalwadi",Sawantwadi,,MO,6484,"Upawade Kerdalwadi",,,,उपवडे,सावंतवाडी,33,06:00,07:15,ST,,,,
18779,"Upawade Kerdalwadi To Sawantwadi","Upawade Kerdalwadi",Sawantwadi,,MO,6329,"Marathi Shala",2,,,उपवडे,सावंतवाडी,33,06:00,07:15,ST,,,,
18779,"Upawade Kerdalwadi To Sawantwadi","Upawade Kerdalwadi",Sawantwadi,,MO,6161,Dukanwad,4.7,,,उपवडे,सावंतवाडी,33,06:00,07:15,ST,,,,
18779,"Upawade Kerdalwadi To Sawantwadi","Upawade Kerdalwadi",Sawantwadi,,MO,88081,"Mahadevache Kerawade",9,,,उपवडे,सावंतवाडी,33,06:00,07:15,ST,,,,
18779,"Upawade Kerdalwadi To Sawantwadi","Upawade Kerdalwadi",Sawantwadi,,MO,6344,"Nileli Nursery",12,,,उपवडे,सावंतवाडी,33,06:00,07:15,ST,,,,
18779,"Upawade Kerdalwadi To Sawantwadi","Upawade Kerdalwadi",Sawantwadi,,MO,6464,"Wados Bazar",14.3,,,उपवडे,सावंतवाडी,33,06:00,07:15,ST,,,,
18779,"Upawade Kerdalwadi To Sawantwadi","Upawade Kerdalwadi",Sawantwadi,,MO,6092,Amberi,18.4,,,उपवडे,सावंतवाडी,33,06:00,07:15,ST,,,,
18779,"Upawade Kerdalwadi To Sawantwadi","Upawade Kerdalwadi",Sawantwadi,,MO,6317,Mangaon,20.8,,,उपवडे,सावंतवाडी,33,06:00,07:15,ST,,,,
18779,"Upawade Kerdalwadi To Sawantwadi","Upawade Kerdalwadi",Sawantwadi,,MO,6323,"Mangaon Titha",22.7,,,उपवडे,सावंतवाडी,33,06:00,07:15,ST,,,,
18779,"Upawade Kerdalwadi To Sawantwadi","Upawade Kerdalwadi",Sawantwadi,,MO,6162,Dholkarwadi,23.6,,,उपवडे,सावंतवाडी,33,06:00,07:15,ST,,,,
18779,"Upawade Kerdalwadi To Sawantwadi","Upawade Kerdalwadi",Sawantwadi,,MO,6101,Akeri,27.1,,,उपवडे,सावंतवाडी,33,06:00,07:15,ST,,,,
18779,"Upawade Kerdalwadi To Sawantwadi","Upawade Kerdalwadi",Sawantwadi,,MO,8551,"Kolgaon Thita",29.3,,,उपवडे,सावंतवाडी,33,06:00,07:15,ST,,,,
18779,"Upawade Kerdalwadi To Sawantwadi","Upawade Kerdalwadi",Sawantwadi,,MO,8663,Sawantwadi,33,,,उपवडे,सावंतवाडी,33,06:00,07:15,ST,,,,
80540,"Sawantwadi To Chinchwad Via Bhosari",Sawantwadi,Chinchwad,BHOSARI,MO,8663,Sawantwadi,,,,सावंतवाडी,कोल्हापुर,149.6,17:00,21:35,NOBL,,,,
80540,"Sawantwadi To Chinchwad Via Bhosari",Sawantwadi,Chinchwad,BHOSARI,MO,8570,Madkhol,8.5,,,सावंतवाडी,कोल्हापुर,149.6,17:00,21:35,NOBL,,,,
80540,"Sawantwadi To Chinchwad Via Bhosari",Sawantwadi,Chinchwad,BHOSARI,MO,8513,"Dhawadaki School",10.6,,,सावंतवाडी,कोल्हापुर,149.6,17:00,21:35,NOBL,,,,
80540,"Sawantwadi To Chinchwad Via Bhosari",Sawantwadi,Chinchwad,BHOSARI,MO,8510,Danoli,13.1,,,सावंतवाडी,कोल्हापुर,149.6,17:00,21:35,NOBL,,,,
80540,"Sawantwadi To Chinchwad Via Bhosari",Sawantwadi,Chinchwad,BHOSARI,MO,8470,Amboli,29.5,,,सावंतवाडी,कोल्हापुर,149.6,17:00,21:35,NOBL,,,,
80540,"Sawantwadi To Chinchwad Via Bhosari",Sawantwadi,Chinchwad,BHOSARI,MO,8582,Mulvanwadi,33.3,,,सावंतवाडी,कोल्हापुर,149.6,17:00,21:35,NOBL,,,,
80540,"Sawantwadi To Chinchwad Via Bhosari",Sawantwadi,Chinchwad,BHOSARI,MO,23011,"Ajra Fata",36,,,सावंतवाडी,कोल्हापुर,149.6,17:00,21:35,NOBL,,,,
80540,"Sawantwadi To Chinchwad Via Bhosari",Sawantwadi,Chinchwad,BHOSARI,MO,8586,"Menon Karkhana",40,,,सावंतवाडी,कोल्हापुर,149.6,17:00,21:35,NOBL,,,,
80540,"Sawantwadi To Chinchwad Via Bhosari",Sawantwadi,Chinchwad,BHOSARI,MO,23762,Ghatkarwadi,42.7,,,सावंतवाडी,कोल्हापुर,149.6,17:00,21:35,NOBL,,,,
80540,"Sawantwadi To Chinchwad Via Bhosari",Sawantwadi,Chinchwad,BHOSARI,MO,23010,Ajara,43,,,सावंतवाडी,कोल्हापुर,149.6,17:00,21:35,NOBL,,,,
80540,"Sawantwadi To Chinchwad Via Bhosari",Sawantwadi,Chinchwad,BHOSARI,MO,25744,Sulegaon,47.1,,,सावंतवाडी,कोल्हापुर,149.6,17:00,21:35,NOBL,,,,
80540,"Sawantwadi To Chinchwad Via Bhosari",Sawantwadi,Chinchwad,BHOSARI,MO,23872,Gavase,50.5,,,सावंतवाडी,कोल्हापुर,149.6,17:00,21:35,NOBL,,,,
80540,"Sawantwadi To Chinchwad Via Bhosari",Sawantwadi,Chinchwad,BHOSARI,MO,23949,Hololi,56.1,,,सावंतवाडी,कोल्हापुर,149.6,17:00,21:35,NOBL,,,,
80540,"Sawantwadi To Chinchwad Via Bhosari",Sawantwadi,Chinchwad,BHOSARI,MO,23010,Ajara,62.1,,,सावंतवाडी,कोल्हापुर,149.6,17:00,21:35,NOBL,,,,
80540,"Sawantwadi To Chinchwad Via Bhosari",Sawantwadi,Chinchwad,BHOSARI,MO,24646,Madilage,69,,,सावंतवाडी,कोल्हापुर,149.6,17:00,21:35,NOBL,,,,
80540,"Sawantwadi To Chinchwad Via Bhosari",Sawantwadi,Chinchwad,BHOSARI,MO,23739,Gadhinglaj,80,,,सावंतवाडी,कोल्हापुर,149.6,17:00,21:35,NOBL,,,,
80540,"Sawantwadi To Chinchwad Via Bhosari",Sawantwadi,Chinchwad,BHOSARI,MO,24416,"Karnataka State Border",88,,,सावंतवाडी,कोल्हापुर,149.6,17:00,21:35,NOBL,,,,
80540,"Sawantwadi To Chinchwad Via Bhosari",Sawantwadi,Chinchwad,BHOSARI,MO,73922,"Nagnur Krt Border",90.3,,,सावंतवाडी,कोल्हापुर,149.6,17:00,21:35,NOBL,,,,
80540,"Sawantwadi To Chinchwad Via Bhosari",Sawantwadi,Chinchwad,BHOSARI,MO,73937,Nipani,110.6,,,सावंतवाडी,कोल्हापुर,149.6,17:00,21:35,NOBL,,,,
80540,"Sawantwadi To Chinchwad Via Bhosari",Sawantwadi,Chinchwad,BHOSARI,MO,73608,Kagal,128.8,,,सावंतवाडी,कोल्हापुर,149.6,17:00,21:35,NOBL,,,,
80540,"Sawantwadi To Chinchwad Via Bhosari",Sawantwadi,Chinchwad,BHOSARI,MO,24756,Ms,128.9,,,सावंतवाडी,कोल्हापुर,149.6,17:00,21:35,NOBL,,,,
80540,"Sawantwadi To Chinchwad Via Bhosari",Sawantwadi,Chinchwad,BHOSARI,MO,25908,"Ujaliwadi Fata",142.7,,,सावंतवाडी,कोल्हापुर,149.6,17:00,21:35,NOBL,,,,
80540,"Sawantwadi To Chinchwad Via Bhosari",Sawantwadi,Chinchwad,BHOSARI,MO,24359,Kolhapur,148.9,,,सावंतवाडी,कोल्हापुर,149.6,17:00,21:35,NOBL,,,,
80540,"Sawantwadi To Chinchwad Via Bhosari",Sawantwadi,Chinchwad,BHOSARI,MO,24904,"Market Yard",152.4,,,सावंतवाडी,कोल्हापुर,149.6,17:00,21:35,NOBL,,,,
80540,"Sawantwadi To Chinchwad Via Bhosari",Sawantwadi,Chinchwad,BHOSARI,MO,25655,"Sangli Road Fata",155.2,,,सावंतवाडी,कोल्हापुर,149.6,17:00,21:35,NOBL,,,,
80540,"Sawantwadi To Chinchwad Via Bhosari",Sawantwadi,Chinchwad,BHOSARI,MO,30329,"Ambap Fata",166.4,,,सावंतवाडी,कोल्हापुर,149.6,17:00,21:35,NOBL,,,,
80540,"Sawantwadi To Chinchwad Via Bhosari",Sawantwadi,Chinchwad,BHOSARI,MO,26070,Wathar,169.2,,,सावंतवाडी,कोल्हापुर,149.6,17:00,21:35,NOBL,,,,
80540,"Sawantwadi To Chinchwad Via Bhosari",Sawantwadi,Chinchwad,BHOSARI,MO,23852,"Ghunki Fata",173.7,,,सावंतवाडी,कोल्हापुर,149.6,17:00,21:35,NOBL,,,,
80540,"Sawantwadi To Chinchwad Via Bhosari",Sawantwadi,Chinchwad,BHOSARI,MO,35475,"Islampur Fata",191.7,,,सावंतवाडी,कोल्हापुर,149.6,17:00,21:35,NOBL,,,,
80540,"Sawantwadi To Chinchwad Via Bhosari",Sawantwadi,Chinchwad,BHOSARI,MO,29764,Nerle,198.1,,,सावंतवाडी,कोल्हापुर,149.6,17:00,21:35,NOBL,,,,
80540,"Sawantwadi To Chinchwad Via Bhosari",Sawantwadi,Chinchwad,BHOSARI,MO,32925,Nandalapur,213.9,,,सावंतवाडी,कोल्हापुर,149.6,17:00,21:35,NOBL,,,,
80540,"Sawantwadi To Chinchwad Via Bhosari",Sawantwadi,Chinchwad,BHOSARI,MO,28184,Karad,221,,,सावंतवाडी,कोल्हापुर,149.6,17:00,21:35,NOBL,,,,
80540,"Sawantwadi To Chinchwad Via Bhosari",Sawantwadi,Chinchwad,BHOSARI,MO,28337,Tasawade,234.1,,,सावंतवाडी,कोल्हापुर,149.6,17:00,21:35,NOBL,,,,
80540,"Sawantwadi To Chinchwad Via Bhosari",Sawantwadi,Chinchwad,BHOSARI,MO,28340,Umbraj,239.1,,,सावंतवाडी,कोल्हापुर,149.6,17:00,21:35,NOBL,,,,
80540,"Sawantwadi To Chinchwad Via Bhosari",Sawantwadi,Chinchwad,BHOSARI,MO,28255,Perle,245.3,,,सावंतवाडी,कोल्हापुर,149.6,17:00,21:35,NOBL,,,,
80540,"Sawantwadi To Chinchwad Via Bhosari",Sawantwadi,Chinchwad,BHOSARI,MO,31099,Kashil,247.7,,,सावंतवाडी,कोल्हापुर,149.6,17:00,21:35,NOBL,,,,
80540,"Sawantwadi To Chinchwad Via Bhosari",Sawantwadi,Chinchwad,BHOSARI,MO,30896,Atit,253,,,सावंतवाडी,कोल्हापुर,149.6,17:00,21:35,NOBL,,,,
80540,"Sawantwadi To Chinchwad Via Bhosari",Sawantwadi,Chinchwad,BHOSARI,MO,30923,Borgaon,262.4,,,सावंतवाडी,कोल्हापुर,149.6,17:00,21:35,NOBL,,,,
80540,"Sawantwadi To Chinchwad Via Bhosari",Sawantwadi,Chinchwad,BHOSARI,MO,31269,Shendre,266.8,,,सावंतवाडी,कोल्हापुर,149.6,17:00,21:35,NOBL,,,,
80540,"Sawantwadi To Chinchwad Via Bhosari",Sawantwadi,Chinchwad,BHOSARI,MO,31298,Satara,274.2,,,सावंतवाडी,कोल्हापुर,149.6,17:00,21:35,NOBL,,,,
80540,"Sawantwadi To Chinchwad Via Bhosari",Sawantwadi,Chinchwad,BHOSARI,MO,31246,"Ramnagar Vasahat",282,,,सावंतवाडी,कोल्हापुर,149.6,17:00,21:35,NOBL,,,,
80540,"Sawantwadi To Chinchwad Via Bhosari",Sawantwadi,Chinchwad,BHOSARI,MO,33460,Bhuinj,298.9,,,सावंतवाडी,कोल्हापुर,149.6,17:00,21:35,NOBL,,,,
80540,"Sawantwadi To Chinchwad Via Bhosari",Sawantwadi,Chinchwad,BHOSARI,MO,28372,Wathar,301.1,,,सावंतवाडी,कोल्हापुर,149.6,17:00,21:35,NOBL,,,,
80540,"Sawantwadi To Chinchwad Via Bhosari",Sawantwadi,Chinchwad,BHOSARI,MO,34386,Anewadi,302.4,,,सावंतवाडी,कोल्हापुर,149.6,17:00,21:35,NOBL,,,,
80540,"Sawantwadi To Chinchwad Via Bhosari",Sawantwadi,Chinchwad,BHOSARI,MO,33521,Kavathe,306.4,,,सावंतवाडी,कोल्हापुर,149.6,17:00,21:35,NOBL,,,,
80540,"Sawantwadi To Chinchwad Via Bhosari",Sawantwadi,Chinchwad,BHOSARI,MO,33588,"Surur Fata",308.9,,,सावंतवाडी,कोल्हापुर,149.6,17:00,21:35,NOBL,,,,
80540,"Sawantwadi To Chinchwad Via Bhosari",Sawantwadi,Chinchwad,BHOSARI,MO,29178,"Ghat Matha",314.8,,,सावंतवाडी,कोल्हापुर,149.6,17:00,21:35,NOBL,,,,
80540,"Sawantwadi To Chinchwad Via Bhosari",Sawantwadi,Chinchwad,BHOSARI,MO,29161,"Balaji Temple",317.6,,,सावंतवाडी,कोल्हापुर,149.6,17:00,21:35,NOBL,,,,
80540,"Sawantwadi To Chinchwad Via Bhosari",Sawantwadi,Chinchwad,BHOSARI,MO,29233,"Pargaon Khandala",322.3,,,सावंतवाडी,कोल्हापुर,149.6,17:00,21:35,NOBL,,,,
80540,"Sawantwadi To Chinchwad Via Bhosari",Sawantwadi,Chinchwad,BHOSARI,MO,29190,"Kesurdi Fata",325.7,,,सावंतवाडी,कोल्हापुर,149.6,17:00,21:35,NOBL,,,,
80540,"Sawantwadi To Chinchwad Via Bhosari",Sawantwadi,Chinchwad,BHOSARI,MO,29254,"Shinde Wadi Fata",336.6,,,सावंतवाडी,कोल्हापुर,149.6,17:00,21:35,NOBL,,,,
80540,"Sawantwadi To Chinchwad Via Bhosari",Sawantwadi,Chinchwad,BHOSARI,MO,6685,Sarole,339,,,सावंतवाडी,कोल्हापुर,149.6,17:00,21:35,NOBL,,,,
80540,"Sawantwadi To Chinchwad Via Bhosari",Sawantwadi,Chinchwad,BHOSARI,MO,6690,Shivale,355.3,,,सावंतवाडी,कोल्हापुर,149.6,17:00,21:35,NOBL,,,,
80540,"Sawantwadi To Chinchwad Via Bhosari",Sawantwadi,Chinchwad,BHOSARI,MO,6586,"Khed Shivapur Bag",361.1,,,सावंतवाडी,कोल्हापुर,149.6,17:00,21:35,NOBL,,,,
80540,"Sawantwadi To Chinchwad Via Bhosari",Sawantwadi,Chinchwad,BHOSARI,MO,8792,Gogatewadi,365.1,,,सावंतवाडी,कोल्हापुर,149.6,17:00,21:35,NOBL,,,,
80540,"Sawantwadi To Chinchwad Via Bhosari",Sawantwadi,Chinchwad,BHOSARI,MO,8934,"Swargate, Pune",379.8,,,सावंतवाडी,कोल्हापुर,149.6,17:00,21:35,NOBL,,,,
80540,"Sawantwadi To Chinchwad Via Bhosari",Sawantwadi,Chinchwad,BHOSARI,MO,8888,"Pune Rly. Stn.",383,,,सावंतवाडी,कोल्हापुर,149.6,17:00,21:35,NOBL,,,,
80540,"Sawantwadi To Chinchwad Via Bhosari",Sawantwadi,Chinchwad,BHOSARI,MO,8922,"New Shivaji Nagar Pune",389.4,,,सावंतवाडी,कोल्हापुर,149.6,17:00,21:35,NOBL,,,,
80540,"Sawantwadi To Chinchwad Via Bhosari",Sawantwadi,Chinchwad,BHOSARI,MO,8774,Dighi,399,,,सावंतवाडी,कोल्हापुर,149.6,17:00,21:35,NOBL,,,,
80540,"Sawantwadi To Chinchwad Via Bhosari",Sawantwadi,Chinchwad,BHOSARI,MO,8932,"Sant Tukaram Nagar",402,,,सावंतवाडी,कोल्हापुर,149.6,17:00,21:35,NOBL,,,,
80540,"Sawantwadi To Chinchwad Via Bhosari",Sawantwadi,Chinchwad,BHOSARI,MO,8718,Bhosari,405,,,सावंतवाडी,कोल्हापुर,149.6,17:00,21:35,NOBL,,,,
80540,"Sawantwadi To Chinchwad Via Bhosari",Sawantwadi,Chinchwad,BHOSARI,MO,8957,"Vallabh Nagar",408,,,सावंतवाडी,कोल्हापुर,149.6,17:00,21:35,NOBL,,,,
80540,"Sawantwadi To Chinchwad Via Bhosari",Sawantwadi,Chinchwad,BHOSARI,MO,8761,Chinchwad,409,,,सावंतवाडी,कोल्हापुर,149.6,17:00,21:35,NOBL,,,,
117646,"Sawantwadi To Dukanwad",Sawantwadi,Dukanwad,,MO,8663,Sawantwadi,,,,सावंतवाडी,दुकानवाड,27,11:00,00:12,,,,,
117646,"Sawantwadi To Dukanwad",Sawantwadi,Dukanwad,,MO,8551,"Kolgaon Thita",3,,,सावंतवाडी,दुकानवाड,27,11:00,00:12,,,,,
117646,"Sawantwadi To Dukanwad",Sawantwadi,Dukanwad,,MO,6101,Akeri,6,,,सावंतवाडी,दुकानवाड,27,11:00,00:12,,,,,
117646,"Sawantwadi To Dukanwad",Sawantwadi,Dukanwad,,MO,6162,Dholkarwadi,9,,,सावंतवाडी,दुकानवाड,27,11:00,00:12,,,,,
117646,"Sawantwadi To Dukanwad",Sawantwadi,Dukanwad,,MO,6323,"Mangaon Titha",10,,,सावंतवाडी,दुकानवाड,27,11:00,00:12,,,,,
117646,"Sawantwadi To Dukanwad",Sawantwadi,Dukanwad,,MO,6317,Mangaon,12,,,सावंतवाडी,दुकानवाड,27,11:00,00:12,,,,,
117646,"Sawantwadi To Dukanwad",Sawantwadi,Dukanwad,,MO,6092,Amberi,15,,,सावंतवाडी,दुकानवाड,27,11:00,00:12,,,,,
117646,"Sawantwadi To Dukanwad",Sawantwadi,Dukanwad,,MO,6464,"Wados Bazar",18,,,सावंतवाडी,दुकानवाड,27,11:00,00:12,,,,,
117646,"Sawantwadi To Dukanwad",Sawantwadi,Dukanwad,,MO,6190,"Gothos Titha",20,,,सावंतवाडी,दुकानवाड,27,11:00,00:12,,,,,
117646,"Sawantwadi To Dukanwad",Sawantwadi,Dukanwad,,MO,6339,"Nileli Gani Dukan",21,,,सावंतवाडी,दुकानवाड,27,11:00,00:12,,,,,
117646,"Sawantwadi To Dukanwad",Sawantwadi,Dukanwad,,MO,6273,Kerawade,24,,,सावंतवाडी,दुकानवाड,27,11:00,00:12,,,,,
117646,"Sawantwadi To Dukanwad",Sawantwadi,Dukanwad,,MO,6161,Dukanwad,28.3,,,सावंतवाडी,दुकानवाड,27,11:00,00:12,,,,,
463,"Pune Rly. Stn. To Sawantwadi","Pune Rly. Stn.",Sawantwadi,,MO,8888,"Pune Rly. Stn.",,,,पुणेस्टेशन,सावंतवाडी,384,03:45,13:40,NOBL,,,,
463,"Pune Rly. Stn. To Sawantwadi","Pune Rly. Stn.",Sawantwadi,,MO,8934,"Swargate, Pune",6.5,,,पुणेस्टेशन,सावंतवाडी,384,03:45,13:40,NOBL,,,,
463,"Pune Rly. Stn. To Sawantwadi","Pune Rly. Stn.",Sawantwadi,,MO,8792,Gogatewadi,21.2,,,पुणेस्टेशन,सावंतवाडी,384,03:45,13:40,NOBL,,,,
463,"Pune Rly. Stn. To Sawantwadi","Pune Rly. Stn.",Sawantwadi,,MO,8910,"Shivapur Bag Post Office",25.2,,,पुणेस्टेशन,सावंतवाडी,384,03:45,13:40,NOBL,,,,
463,"Pune Rly. Stn. To Sawantwadi","Pune Rly. Stn.",Sawantwadi,,MO,6690,Shivale,31,,,पुणेस्टेशन,सावंतवाडी,384,03:45,13:40,NOBL,,,,
463,"Pune Rly. Stn. To Sawantwadi","Pune Rly. Stn.",Sawantwadi,,MO,6685,Sarole,47.3,,,पुणेस्टेशन,सावंतवाडी,384,03:45,13:40,NOBL,,,,
463,"Pune Rly. Stn. To Sawantwadi","Pune Rly. Stn.",Sawantwadi,,MO,29254,"Shinde Wadi Fata",49.7,,,पुणेस्टेशन,सावंतवाडी,384,03:45,13:40,NOBL,,,,
463,"Pune Rly. Stn. To Sawantwadi","Pune Rly. Stn.",Sawantwadi,,MO,29190,"Kesurdi Fata",60.6,,,पुणेस्टेशन,सावंतवाडी,384,03:45,13:40,NOBL,,,,
463,"Pune Rly. Stn. To Sawantwadi","Pune Rly. Stn.",Sawantwadi,,MO,29233,"Pargaon Khandala",63.9,,,पुणेस्टेशन,सावंतवाडी,384,03:45,13:40,NOBL,,,,
463,"Pune Rly. Stn. To Sawantwadi","Pune Rly. Stn.",Sawantwadi,,MO,29267,"Temple Fata",68.6,,,पुणेस्टेशन,सावंतवाडी,384,03:45,13:40,NOBL,,,,
463,"Pune Rly. Stn. To Sawantwadi","Pune Rly. Stn.",Sawantwadi,,MO,29178,"Ghat Matha",71.5,,,पुणेस्टेशन,सावंतवाडी,384,03:45,13:40,NOBL,,,,
463,"Pune Rly. Stn. To Sawantwadi","Pune Rly. Stn.",Sawantwadi,,MO,33588,"Surur Fata",77.3,,,पुणेस्टेशन,सावंतवाडी,384,03:45,13:40,NOBL,,,,
463,"Pune Rly. Stn. To Sawantwadi","Pune Rly. Stn.",Sawantwadi,,MO,33521,Kavathe,80.4,,,पुणेस्टेशन,सावंतवाडी,384,03:45,13:40,NOBL,,,,
463,"Pune Rly. Stn. To Sawantwadi","Pune Rly. Stn.",Sawantwadi,,MO,34386,Anewadi,83.8,,,पुणेस्टेशन,सावंतवाडी,384,03:45,13:40,NOBL,,,,
463,"Pune Rly. Stn. To Sawantwadi","Pune Rly. Stn.",Sawantwadi,,MO,33516,"Joshi Vihir Wathar Fata",85.1,,,पुणेस्टेशन,सावंतवाडी,384,03:45,13:40,NOBL,,,,
463,"Pune Rly. Stn. To Sawantwadi","Pune Rly. Stn.",Sawantwadi,,MO,33460,Bhuinj,87.3,,,पुणेस्टेशन,सावंतवाडी,384,03:45,13:40,NOBL,,,,
463,"Pune Rly. Stn. To Sawantwadi","Pune Rly. Stn.",Sawantwadi,,MO,31246,"Ramnagar Vasahat",104.2,,,पुणेस्टेशन,सावंतवाडी,384,03:45,13:40,NOBL,,,,
463,"Pune Rly. Stn. To Sawantwadi","Pune Rly. Stn.",Sawantwadi,,MO,31298,Satara,112.1,,,पुणेस्टेशन,सावंतवाडी,384,03:45,13:40,NOBL,,,,
463,"Pune Rly. Stn. To Sawantwadi","Pune Rly. Stn.",Sawantwadi,,MO,31269,Shendre,122.3,,,पुणेस्टेशन,सावंतवाडी,384,03:45,13:40,NOBL,,,,
463,"Pune Rly. Stn. To Sawantwadi","Pune Rly. Stn.",Sawantwadi,,MO,30923,Borgaon,128.7,,,पुणेस्टेशन,सावंतवाडी,384,03:45,13:40,NOBL,,,,
463,"Pune Rly. Stn. To Sawantwadi","Pune Rly. Stn.",Sawantwadi,,MO,30896,Atit,133.3,,,पुणेस्टेशन,सावंतवाडी,384,03:45,13:40,NOBL,,,,
463,"Pune Rly. Stn. To Sawantwadi","Pune Rly. Stn.",Sawantwadi,,MO,31099,Kashil,138.6,,,पुणेस्टेशन,सावंतवाडी,384,03:45,13:40,NOBL,,,,
463,"Pune Rly. Stn. To Sawantwadi","Pune Rly. Stn.",Sawantwadi,,MO,28255,Perle,141,,,पुणेस्टेशन,सावंतवाडी,384,03:45,13:40,NOBL,,,,
463,"Pune Rly. Stn. To Sawantwadi","Pune Rly. Stn.",Sawantwadi,,MO,28340,Umbraj,147.2,,,पुणेस्टेशन,सावंतवाडी,384,03:45,13:40,NOBL,,,,
463,"Pune Rly. Stn. To Sawantwadi","Pune Rly. Stn.",Sawantwadi,,MO,28337,Tasawade,152,,,पुणेस्टेशन,सावंतवाडी,384,03:45,13:40,NOBL,,,,
463,"Pune Rly. Stn. To Sawantwadi","Pune Rly. Stn.",Sawantwadi,,MO,28184,Karad,165.3,,,पुणेस्टेशन,सावंतवाडी,384,03:45,13:40,NOBL,,,,
463,"Pune Rly. Stn. To Sawantwadi","Pune Rly. Stn.",Sawantwadi,,MO,28183,"Karad Naka",165.7,,,पुणेस्टेशन,सावंतवाडी,384,03:45,13:40,NOBL,,,,
463,"Pune Rly. Stn. To Sawantwadi","Pune Rly. Stn.",Sawantwadi,,MO,32925,Nandalapur,171.4,,,पुणेस्टेशन,सावंतवाडी,384,03:45,13:40,NOBL,,,,
463,"Pune Rly. Stn. To Sawantwadi","Pune Rly. Stn.",Sawantwadi,,MO,29764,Nerle,188.2,,,पुणेस्टेशन,सावंतवाडी,384,03:45,13:40,NOBL,,,,
463,"Pune Rly. Stn. To Sawantwadi","Pune Rly. Stn.",Sawantwadi,,MO,35475,"Islampur Fata",194.6,,,पुणेस्टेशन,सावंतवाडी,384,03:45,13:40,NOBL,,,,
463,"Pune Rly. Stn. To Sawantwadi","Pune Rly. Stn.",Sawantwadi,,MO,23852,"Ghunki Fata",212.6,,,पुणेस्टेशन,सावंतवाडी,384,03:45,13:40,NOBL,,,,
463,"Pune Rly. Stn. To Sawantwadi","Pune Rly. Stn.",Sawantwadi,,MO,26070,Wathar,217.1,,,पुणेस्टेशन,सावंतवाडी,384,03:45,13:40,NOBL,,,,
463,"Pune Rly. Stn. To Sawantwadi","Pune Rly. Stn.",Sawantwadi,,MO,30329,"Ambap Fata",218.5,,,पुणेस्टेशन,सावंतवाडी,384,03:45,13:40,NOBL,,,,
463,"Pune Rly. Stn. To Sawantwadi","Pune Rly. Stn.",Sawantwadi,,MO,25655,"Sangli Road Fata",231.1,,,पुणेस्टेशन,सावंतवाडी,384,03:45,13:40,NOBL,,,,
463,"Pune Rly. Stn. To Sawantwadi","Pune Rly. Stn.",Sawantwadi,,MO,24904,"Market Yard",233.9,,,पुणेस्टेशन,सावंतवाडी,384,03:45,13:40,NOBL,,,,
463,"Pune Rly. Stn. To Sawantwadi","Pune Rly. Stn.",Sawantwadi,,MO,24359,Kolhapur,237.4,,,पुणेस्टेशन,सावंतवाडी,384,03:45,13:40,NOBL,,,,
463,"Pune Rly. Stn. To Sawantwadi","Pune Rly. Stn.",Sawantwadi,,MO,24756,Ms,254.7,,,पुणेस्टेशन,सावंतवाडी,384,03:45,13:40,NOBL,,,,
463,"Pune Rly. Stn. To Sawantwadi","Pune Rly. Stn.",Sawantwadi,,MO,24283,Kagal,254.8,,,पुणेस्टेशन,सावंतवाडी,384,03:45,13:40,NOBL,,,,
463,"Pune Rly. Stn. To Sawantwadi","Pune Rly. Stn.",Sawantwadi,,MO,73616,"Karnataka Ap State Border",255,,,पुणेस्टेशन,सावंतवाडी,384,03:45,13:40,NOBL,,,,
463,"Pune Rly. Stn. To Sawantwadi","Pune Rly. Stn.",Sawantwadi,,MO,73937,Nipani,280,,,पुणेस्टेशन,सावंतवाडी,384,03:45,13:40,NOBL,,,,
463,"Pune Rly. Stn. To Sawantwadi","Pune Rly. Stn.",Sawantwadi,,MO,73933,Nangnur,295,,,पुणेस्टेशन,सावंतवाडी,384,03:45,13:40,NOBL,,,,
463,"Pune Rly. Stn. To Sawantwadi","Pune Rly. Stn.",Sawantwadi,,MO,24418,"Karnataka State Border",296,,,पुणेस्टेशन,सावंतवाडी,384,03:45,13:40,NOBL,,,,
463,"Pune Rly. Stn. To Sawantwadi","Pune Rly. Stn.",Sawantwadi,,MO,23194,"Bugate Alur",297,,,पुणेस्टेशन,सावंतवाडी,384,03:45,13:40,NOBL,,,,
463,"Pune Rly. Stn. To Sawantwadi","Pune Rly. Stn.",Sawantwadi,,MO,25924,Uttur,311.2,,,पुणेस्टेशन,सावंतवाडी,384,03:45,13:40,NOBL,,,,
463,"Pune Rly. Stn. To Sawantwadi","Pune Rly. Stn.",Sawantwadi,,MO,25169,Pendharwadi,312.3,,,पुणेस्टेशन,सावंतवाडी,384,03:45,13:40,NOBL,,,,
463,"Pune Rly. Stn. To Sawantwadi","Pune Rly. Stn.",Sawantwadi,,MO,23908,Helewadi,316.6,,,पुणेस्टेशन,सावंतवाडी,384,03:45,13:40,NOBL,,,,
463,"Pune Rly. Stn. To Sawantwadi","Pune Rly. Stn.",Sawantwadi,,MO,24646,Madilage,321.7,,,पुणेस्टेशन,सावंतवाडी,384,03:45,13:40,NOBL,,,,
463,"Pune Rly. Stn. To Sawantwadi","Pune Rly. Stn.",Sawantwadi,,MO,23010,Ajara,328.6,,,पुणेस्टेशन,सावंतवाडी,384,03:45,13:40,NOBL,,,,
463,"Pune Rly. Stn. To Sawantwadi","Pune Rly. Stn.",Sawantwadi,,MO,24689,Masoli,330,,,पुणेस्टेशन,सावंतवाडी,384,03:45,13:40,NOBL,,,,
463,"Pune Rly. Stn. To Sawantwadi","Pune Rly. Stn.",Sawantwadi,,MO,23949,Hololi,334.6,,,पुणेस्टेशन,सावंतवाडी,384,03:45,13:40,NOBL,,,,
463,"Pune Rly. Stn. To Sawantwadi","Pune Rly. Stn.",Sawantwadi,,MO,23865,"Gavase Factory",339.5,,,पुणेस्टेशन,सावंतवाडी,384,03:45,13:40,NOBL,,,,
463,"Pune Rly. Stn. To Sawantwadi","Pune Rly. Stn.",Sawantwadi,,MO,23872,Gavase,340.2,,,पुणेस्टेशन,सावंतवाडी,384,03:45,13:40,NOBL,,,,
463,"Pune Rly. Stn. To Sawantwadi","Pune Rly. Stn.",Sawantwadi,,MO,25615,Suleran,343.6,,,पुणेस्टेशन,सावंतवाडी,384,03:45,13:40,NOBL,,,,
463,"Pune Rly. Stn. To Sawantwadi","Pune Rly. Stn.",Sawantwadi,,MO,23552,"Dhangar Mala",344.2,,,पुणेस्टेशन,सावंतवाडी,384,03:45,13:40,NOBL,,,,
463,"Pune Rly. Stn. To Sawantwadi","Pune Rly. Stn.",Sawantwadi,,MO,23762,Ghatkarwadi,348,,,पुणेस्टेशन,सावंतवाडी,384,03:45,13:40,NOBL,,,,
463,"Pune Rly. Stn. To Sawantwadi","Pune Rly. Stn.",Sawantwadi,,MO,24833,Menon,350,,,पुणेस्टेशन,सावंतवाडी,384,03:45,13:40,NOBL,,,,
463,"Pune Rly. Stn. To Sawantwadi","Pune Rly. Stn.",Sawantwadi,,MO,23011,"Ajra Fata",354.7,,,पुणेस्टेशन,सावंतवाडी,384,03:45,13:40,NOBL,,,,
463,"Pune Rly. Stn. To Sawantwadi","Pune Rly. Stn.",Sawantwadi,,MO,8582,Mulvanwadi,357.4,,,पुणेस्टेशन,सावंतवाडी,384,03:45,13:40,NOBL,,,,
463,"Pune Rly. Stn. To Sawantwadi","Pune Rly. Stn.",Sawantwadi,,MO,8470,Amboli,361.2,,,पुणेस्टेशन,सावंतवाडी,384,03:45,13:40,NOBL,,,,
463,"Pune Rly. Stn. To Sawantwadi","Pune Rly. Stn.",Sawantwadi,,MO,8607,Nanapani,367,,,पुणेस्टेशन,सावंतवाडी,384,03:45,13:40,NOBL,,,,
463,"Pune Rly. Stn. To Sawantwadi","Pune Rly. Stn.",Sawantwadi,,MO,8564,Kumbheshwar,374,,,पुणेस्टेशन,सावंतवाडी,384,03:45,13:40,NOBL,,,,
463,"Pune Rly. Stn. To Sawantwadi","Pune Rly. Stn.",Sawantwadi,,MO,8510,Danoli,377.6,,,पुणेस्टेशन,सावंतवाडी,384,03:45,13:40,NOBL,,,,
463,"Pune Rly. Stn. To Sawantwadi","Pune Rly. Stn.",Sawantwadi,,MO,8496,"Dhawadaki Datta Mandir",380.1,,,पुणेस्टेशन,सावंतवाडी,384,03:45,13:40,NOBL,,,,
463,"Pune Rly. Stn. To Sawantwadi","Pune Rly. Stn.",Sawantwadi,,MO,8570,Madkhol,382.2,,,पुणेस्टेशन,सावंतवाडी,384,03:45,13:40,NOBL,,,,
463,"Pune Rly. Stn. To Sawantwadi","Pune Rly. Stn.",Sawantwadi,,MO,8653,"Sapale Stop",384,,,पुणेस्टेशन,सावंतवाडी,384,03:45,13:40,NOBL,,,,
463,"Pune Rly. Stn. To Sawantwadi","Pune Rly. Stn.",Sawantwadi,,MO,8488,"Burdi Pul",387,,,पुणेस्टेशन,सावंतवाडी,384,03:45,13:40,NOBL,,,,
463,"Pune Rly. Stn. To Sawantwadi","Pune Rly. Stn.",Sawantwadi,,MO,8663,Sawantwadi,390,,,पुणेस्टेशन,सावंतवाडी,384,03:45,13:40,NOBL,,,,
10919,"Kolhapur To Sawantwadi Via Gaganbawda",Kolhapur,Sawantwadi,GAGANBAWDA,MO,24359,Kolhapur,,,,कोल्हापुर,सावंतवाडी,168,05:00,09:15,NOBL,,,,
10919,"Kolhapur To Sawantwadi Via Gaganbawda",Kolhapur,Sawantwadi,GAGANBAWDA,MO,23625,"Dasara Chwok",2.4,,,कोल्हापुर,सावंतवाडी,168,05:00,09:15,NOBL,,,,
10919,"Kolhapur To Sawantwadi Via Gaganbawda",Kolhapur,Sawantwadi,GAGANBAWDA,MO,25400,Rankala,5,,,कोल्हापुर,सावंतवाडी,168,05:00,09:15,NOBL,,,,
10919,"Kolhapur To Sawantwadi Via Gaganbawda",Kolhapur,Sawantwadi,GAGANBAWDA,MO,23699,"Fulewadi Octroi Naka",8.9,,,कोल्हापुर,सावंतवाडी,168,05:00,09:15,NOBL,,,,
10919,"Kolhapur To Sawantwadi Via Gaganbawda",Kolhapur,Sawantwadi,GAGANBAWDA,MO,25156,"Padal Fata",10.3,,,कोल्हापुर,सावंतवाडी,168,05:00,09:15,NOBL,,,,
10919,"Kolhapur To Sawantwadi Via Gaganbawda",Kolhapur,Sawantwadi,GAGANBAWDA,MO,23598,Donawade,10.5,,,कोल्हापुर,सावंतवाडी,168,05:00,09:15,NOBL,,,,
10919,"Kolhapur To Sawantwadi Via Gaganbawda",Kolhapur,Sawantwadi,GAGANBAWDA,MO,26045,"Wakare Fata",12,,,कोल्हापुर,सावंतवाडी,168,05:00,09:15,NOBL,,,,
10919,"Kolhapur To Sawantwadi Via Gaganbawda",Kolhapur,Sawantwadi,GAGANBAWDA,MO,24253,"Kuditre Factory",14.3,,,कोल्हापुर,सावंतवाडी,168,05:00,09:15,NOBL,,,,
10919,"Kolhapur To Sawantwadi Via Gaganbawda",Kolhapur,Sawantwadi,GAGANBAWDA,MO,30585,Aadoor,16.3,,,कोल्हापुर,सावंतवाडी,168,05:00,09:15,NOBL,,,,
10919,"Kolhapur To Sawantwadi Via Gaganbawda",Kolhapur,Sawantwadi,GAGANBAWDA,MO,23390,Chinchvade,21.1,,,कोल्हापुर,सावंतवाडी,168,05:00,09:15,NOBL,,,,
10919,"Kolhapur To Sawantwadi Via Gaganbawda",Kolhapur,Sawantwadi,GAGANBAWDA,MO,24361,"Kale Canteen",22,,,कोल्हापुर,सावंतवाडी,168,05:00,09:15,NOBL,,,,
10919,"Kolhapur To Sawantwadi Via Gaganbawda",Kolhapur,Sawantwadi,GAGANBAWDA,MO,24616,Longhe,24,,,कोल्हापुर,सावंतवाडी,168,05:00,09:15,NOBL,,,,
10919,"Kolhapur To Sawantwadi Via Gaganbawda",Kolhapur,Sawantwadi,GAGANBAWDA,MO,24941,Mutkeshwar,25.6,,,कोल्हापुर,सावंतवाडी,168,05:00,09:15,NOBL,,,,
10919,"Kolhapur To Sawantwadi Via Gaganbawda",Kolhapur,Sawantwadi,GAGANBAWDA,MO,24332,Kirve,28,,,कोल्हापुर,सावंतवाडी,168,05:00,09:15,NOBL,,,,
10919,"Kolhapur To Sawantwadi Via Gaganbawda",Kolhapur,Sawantwadi,GAGANBAWDA,MO,26015,"Vetwade Fata",31,,,कोल्हापुर,सावंतवाडी,168,05:00,09:15,NOBL,,,,
10919,"Kolhapur To Sawantwadi Via Gaganbawda",Kolhapur,Sawantwadi,GAGANBAWDA,MO,25627,Salvan,31.8,,,कोल्हापुर,सावंतवाडी,168,05:00,09:15,NOBL,,,,
10919,"Kolhapur To Sawantwadi Via Gaganbawda",Kolhapur,Sawantwadi,GAGANBAWDA,MO,24891,"Margewadi Gaon",34.6,,,कोल्हापुर,सावंतवाडी,168,05:00,09:15,NOBL,,,,
10919,"Kolhapur To Sawantwadi Via Gaganbawda",Kolhapur,Sawantwadi,GAGANBAWDA,MO,24452,"Khopadewadi Fata",37.1,,,कोल्हापुर,सावंतवाडी,168,05:00,09:15,NOBL,,,,
10919,"Kolhapur To Sawantwadi Via Gaganbawda",Kolhapur,Sawantwadi,GAGANBAWDA,MO,12209,"Adur Fata",40,,,कोल्हापुर,सावंतवाडी,168,05:00,09:15,NOBL,,,,
10919,"Kolhapur To Sawantwadi Via Gaganbawda",Kolhapur,Sawantwadi,GAGANBAWDA,MO,25155,"Padalwadi Fata",43.5,,,कोल्हापुर,सावंतवाडी,168,05:00,09:15,NOBL,,,,
10919,"Kolhapur To Sawantwadi Via Gaganbawda",Kolhapur,Sawantwadi,GAGANBAWDA,MO,23085,Aslaj,46.5,,,कोल्हापुर,सावंतवाडी,168,05:00,09:15,NOBL,,,,
10919,"Kolhapur To Sawantwadi Via Gaganbawda",Kolhapur,Sawantwadi,GAGANBAWDA,MO,25236,"Pargaonkarwadi Fata",49.2,,,कोल्हापुर,सावंतवाडी,168,05:00,09:15,NOBL,,,,
10919,"Kolhapur To Sawantwadi Via Gaganbawda",Kolhapur,Sawantwadi,GAGANBAWDA,MO,23150,"Borbet Garivade Fata",52.3,,,कोल्हापुर,सावंतवाडी,168,05:00,09:15,NOBL,,,,
10919,"Kolhapur To Sawantwadi Via Gaganbawda",Kolhapur,Sawantwadi,GAGANBAWDA,MO,25406,"Rest House",54.7,,,कोल्हापुर,सावंतवाडी,168,05:00,09:15,NOBL,,,,
10919,"Kolhapur To Sawantwadi Via Gaganbawda",Kolhapur,Sawantwadi,GAGANBAWDA,MO,23733,Gaganbawda,57.7,,,कोल्हापुर,सावंतवाडी,168,05:00,09:15,NOBL,,,,
10919,"Kolhapur To Sawantwadi Via Gaganbawda",Kolhapur,Sawantwadi,GAGANBAWDA,MO,9182,Bhattiwadi,65.4,,,कोल्हापुर,सावंतवाडी,168,05:00,09:15,NOBL,,,,
10919,"Kolhapur To Sawantwadi Via Gaganbawda",Kolhapur,Sawantwadi,GAGANBAWDA,MO,9212,"Karul High School",66.9,,,कोल्हापुर,सावंतवाडी,168,05:00,09:15,NOBL,,,,
10919,"Kolhapur To Sawantwadi Via Gaganbawda",Kolhapur,Sawantwadi,GAGANBAWDA,MO,9208,Jamadarwadi,68.4,,,कोल्हापुर,सावंतवाडी,168,05:00,09:15,NOBL,,,,
10919,"Kolhapur To Sawantwadi Via Gaganbawda",Kolhapur,Sawantwadi,GAGANBAWDA,MO,9297,"Water Tank",71.4,,,कोल्हापुर,सावंतवाडी,168,05:00,09:15,NOBL,,,,
10919,"Kolhapur To Sawantwadi Via Gaganbawda",Kolhapur,Sawantwadi,GAGANBAWDA,MO,9194,Edgaon,72.4,,,कोल्हापुर,सावंतवाडी,168,05:00,09:15,NOBL,,,,
10919,"Kolhapur To Sawantwadi Via Gaganbawda",Kolhapur,Sawantwadi,GAGANBAWDA,MO,9291,Vaibhavwadi,74.4,,,कोल्हापुर,सावंतवाडी,168,05:00,09:15,NOBL,,,,
10919,"Kolhapur To Sawantwadi Via Gaganbawda",Kolhapur,Sawantwadi,GAGANBAWDA,MO,9181,Bandhwadi,77.4,,,कोल्हापुर,सावंतवाडी,168,05:00,09:15,NOBL,,,,
10919,"Kolhapur To Sawantwadi Via Gaganbawda",Kolhapur,Sawantwadi,GAGANBAWDA,MO,9213,"Kasale Wadi",79.4,,,कोल्हापुर,सावंतवाडी,168,05:00,09:15,NOBL,,,,
10919,"Kolhapur To Sawantwadi Via Gaganbawda",Kolhapur,Sawantwadi,GAGANBAWDA,MO,9241,Nadhawade,80.7,,,कोल्हापुर,सावंतवाडी,168,05:00,09:15,NOBL,,,,
10919,"Kolhapur To Sawantwadi Via Gaganbawda",Kolhapur,Sawantwadi,GAGANBAWDA,MO,9278,Tamhanarwadi,83.4,,,कोल्हापुर,सावंतवाडी,168,05:00,09:15,NOBL,,,,
10919,"Kolhapur To Sawantwadi Via Gaganbawda",Kolhapur,Sawantwadi,GAGANBAWDA,MO,2796,"Kasarde Buddhawadi",86.9,,,कोल्हापुर,सावंतवाडी,168,05:00,09:15,NOBL,,,,
10919,"Kolhapur To Sawantwadi Via Gaganbawda",Kolhapur,Sawantwadi,GAGANBAWDA,MO,2982,Tarla,88.6,,,कोल्हापुर,सावंतवाडी,168,05:00,09:15,NOBL,,,,
10919,"Kolhapur To Sawantwadi Via Gaganbawda",Kolhapur,Sawantwadi,GAGANBAWDA,MO,2997,"Vijaydurg Fata",89.5,,,कोल्हापुर,सावंतवाडी,168,05:00,09:15,NOBL,,,,
10919,"Kolhapur To Sawantwadi Via Gaganbawda",Kolhapur,Sawantwadi,GAGANBAWDA,MO,2673,"Bramhan Wadi",91.6,,,कोल्हापुर,सावंतवाडी,168,05:00,09:15,NOBL,,,,
10919,"Kolhapur To Sawantwadi Via Gaganbawda",Kolhapur,Sawantwadi,GAGANBAWDA,MO,2872,"Nandgaon Nursary",95.4,,,कोल्हापुर,सावंतवाडी,168,05:00,09:15,NOBL,,,,
10919,"Kolhapur To Sawantwadi Via Gaganbawda",Kolhapur,Sawantwadi,GAGANBAWDA,MO,2871,"Nandgaon Fata",97,,,कोल्हापुर,सावंतवाडी,168,05:00,09:15,NOBL,,,,
10919,"Kolhapur To Sawantwadi Via Gaganbawda",Kolhapur,Sawantwadi,GAGANBAWDA,MO,2870,"Nandgaon Datta Mandir",98.9,,,कोल्हापुर,सावंतवाडी,168,05:00,09:15,NOBL,,,,
10919,"Kolhapur To Sawantwadi Via Gaganbawda",Kolhapur,Sawantwadi,GAGANBAWDA,MO,2655,Belane,101.3,,,कोल्हापुर,सावंतवाडी,168,05:00,09:15,NOBL,,,,
10919,"Kolhapur To Sawantwadi Via Gaganbawda",Kolhapur,Sawantwadi,GAGANBAWDA,MO,2756,"Humrat Titha",103.5,,,कोल्हापुर,सावंतवाडी,168,05:00,09:15,NOBL,,,,
10919,"Kolhapur To Sawantwadi Via Gaganbawda",Kolhapur,Sawantwadi,GAGANBAWDA,MO,2766,Janavali,107.8,,,कोल्हापुर,सावंतवाडी,168,05:00,09:15,NOBL,,,,
10919,"Kolhapur To Sawantwadi Via Gaganbawda",Kolhapur,Sawantwadi,GAGANBAWDA,MO,2786,Kankavli,111.6,,,कोल्हापुर,सावंतवाडी,168,05:00,09:15,NOBL,,,,
10919,"Kolhapur To Sawantwadi Via Gaganbawda",Kolhapur,Sawantwadi,GAGANBAWDA,MO,3001,"Wagade Gpo",116.8,,,कोल्हापुर,सावंतवाडी,168,05:00,09:15,NOBL,,,,
10919,"Kolhapur To Sawantwadi Via Gaganbawda",Kolhapur,Sawantwadi,GAGANBAWDA,MO,2692,Dangalwadi,117.7,,,कोल्हापुर,सावंतवाडी,168,05:00,09:15,NOBL,,,,
10919,"Kolhapur To Sawantwadi Via Gaganbawda",Kolhapur,Sawantwadi,GAGANBAWDA,MO,2891,"Osargaon Talav",120.7,,,कोल्हापुर,सावंतवाडी,168,05:00,09:15,NOBL,,,,
10919,"Kolhapur To Sawantwadi Via Gaganbawda",Kolhapur,Sawantwadi,GAGANBAWDA,MO,2890,"Osargaon Post",123.7,,,कोल्हापुर,सावंतवाडी,168,05:00,09:15,NOBL,,,,
10919,"Kolhapur To Sawantwadi Via Gaganbawda",Kolhapur,Sawantwadi,GAGANBAWDA,MO,6281,Kasal,126.7,,,कोल्हापुर,सावंतवाडी,168,05:00,09:15,NOBL,,,,
10919,"Kolhapur To Sawantwadi Via Gaganbawda",Kolhapur,Sawantwadi,GAGANBAWDA,MO,6282,"Kasal Balamwadi",127.7,,,कोल्हापुर,सावंतवाडी,168,05:00,09:15,NOBL,,,,
10919,"Kolhapur To Sawantwadi Via Gaganbawda",Kolhapur,Sawantwadi,GAGANBAWDA,MO,6116,Awali,129.7,,,कोल्हापुर,सावंतवाडी,168,05:00,09:15,NOBL,,,,
10919,"Kolhapur To Sawantwadi Via Gaganbawda",Kolhapur,Sawantwadi,GAGANBAWDA,MO,6226,"Jaitapkar Colany",131,,,कोल्हापुर,सावंतवाडी,168,05:00,09:15,NOBL,,,,
10919,"Kolhapur To Sawantwadi Via Gaganbawda",Kolhapur,Sawantwadi,GAGANBAWDA,MO,6362,"Oros Bus Stnad",132,,,कोल्हापुर,सावंतवाडी,168,05:00,09:15,NOBL,,,,
10919,"Kolhapur To Sawantwadi Via Gaganbawda",Kolhapur,Sawantwadi,GAGANBAWDA,MO,6204,"Humarmala Kasale Dukan",135.7,,,कोल्हापुर,सावंतवाडी,168,05:00,09:15,NOBL,,,,
10919,"Kolhapur To Sawantwadi Via Gaganbawda",Kolhapur,Sawantwadi,GAGANBAWDA,MO,6365,Pandur,138.7,,,कोल्हापुर,सावंतवाडी,168,05:00,09:15,NOBL,,,,
10919,"Kolhapur To Sawantwadi Via Gaganbawda",Kolhapur,Sawantwadi,GAGANBAWDA,MO,88100,Vetalbambarde,141,,,कोल्हापुर,सावंतवाडी,168,05:00,09:15,NOBL,,,,
10919,"Kolhapur To Sawantwadi Via Gaganbawda",Kolhapur,Sawantwadi,GAGANBAWDA,MO,6380,"Pawashi Panchayat",144,,,कोल्हापुर,सावंतवाडी,168,05:00,09:15,NOBL,,,,
10919,"Kolhapur To Sawantwadi Via Gaganbawda",Kolhapur,Sawantwadi,GAGANBAWDA,MO,6240,"Kudal St Depot",145.5,,,कोल्हापुर,सावंतवाडी,168,05:00,09:15,NOBL,,,,
10919,"Kolhapur To Sawantwadi Via Gaganbawda",Kolhapur,Sawantwadi,GAGANBAWDA,MO,6237,"Kudal St Depot",147,,,कोल्हापुर,सावंतवाडी,168,05:00,09:15,NOBL,,,,
10919,"Kolhapur To Sawantwadi Via Gaganbawda",Kolhapur,Sawantwadi,GAGANBAWDA,MO,6302,"Modka Wad Pinguli",150,,,कोल्हापुर,सावंतवाडी,168,05:00,09:15,NOBL,,,,
10919,"Kolhapur To Sawantwadi Via Gaganbawda",Kolhapur,Sawantwadi,GAGANBAWDA,MO,6322,"Mandkuli Fata",153,,,कोल्हापुर,सावंतवाडी,168,05:00,09:15,NOBL,,,,
10919,"Kolhapur To Sawantwadi Via Gaganbawda",Kolhapur,Sawantwadi,GAGANBAWDA,MO,6474,"Zharap Titha",156,,,कोल्हापुर,सावंतवाडी,168,05:00,09:15,NOBL,,,,
10919,"Kolhapur To Sawantwadi Via Gaganbawda",Kolhapur,Sawantwadi,GAGANBAWDA,MO,6441,"Terse Bambarde Fata",156,,,कोल्हापुर,सावंतवाडी,168,05:00,09:15,NOBL,,,,
10919,"Kolhapur To Sawantwadi Via Gaganbawda",Kolhapur,Sawantwadi,GAGANBAWDA,MO,6473,"Zarap Jambhal",157,,,कोल्हापुर,सावंतवाडी,168,05:00,09:15,NOBL,,,,
10919,"Kolhapur To Sawantwadi Via Gaganbawda",Kolhapur,Sawantwadi,GAGANBAWDA,MO,6231,"Khan Mohalla",159,,,कोल्हापुर,सावंतवाडी,168,05:00,09:15,NOBL,,,,
10919,"Kolhapur To Sawantwadi Via Gaganbawda",Kolhapur,Sawantwadi,GAGANBAWDA,MO,6101,Akeri,162.1,,,कोल्हापुर,सावंतवाडी,168,05:00,09:15,NOBL,,,,
10919,"Kolhapur To Sawantwadi Via Gaganbawda",Kolhapur,Sawantwadi,GAGANBAWDA,MO,8551,"Kolgaon Thita",165.1,,,कोल्हापुर,सावंतवाडी,168,05:00,09:15,NOBL,,,,
10919,"Kolhapur To Sawantwadi Via Gaganbawda",Kolhapur,Sawantwadi,GAGANBAWDA,MO,8663,Sawantwadi,168,,,कोल्हापुर,सावंतवाडी,168,05:00,09:15,NOBL,,,,
11148,"Sawantwadi To Kudal St Depot",Sawantwadi,"Kudal St Depot",,MO,8663,Sawantwadi,,,,सावंतवाडी,कुडाळ,22.2,17:10,17:50,NOBL,,,,
11148,"Sawantwadi To Kudal St Depot",Sawantwadi,"Kudal St Depot",,MO,8551,"Kolgaon Thita",3.7,,,सावंतवाडी,कुडाळ,22.2,17:10,17:50,NOBL,,,,
11148,"Sawantwadi To Kudal St Depot",Sawantwadi,"Kudal St Depot",,MO,6101,Akeri,6.3,,,सावंतवाडी,कुडाळ,22.2,17:10,17:50,NOBL,,,,
11148,"Sawantwadi To Kudal St Depot",Sawantwadi,"Kudal St Depot",,MO,6205,Humras,7.5,,,सावंतवाडी,कुडाळ,22.2,17:10,17:50,NOBL,,,,
11148,"Sawantwadi To Kudal St Depot",Sawantwadi,"Kudal St Depot",,MO,6231,"Khan Mohalla",8.5,,,सावंतवाडी,कुडाळ,22.2,17:10,17:50,NOBL,,,,
11148,"Sawantwadi To Kudal St Depot",Sawantwadi,"Kudal St Depot",,MO,6473,"Zarap Jambhal",10,,,सावंतवाडी,कुडाळ,22.2,17:10,17:50,NOBL,,,,
11148,"Sawantwadi To Kudal St Depot",Sawantwadi,"Kudal St Depot",,MO,6474,"Zharap Titha",10.8,,,सावंतवाडी,कुडाळ,22.2,17:10,17:50,NOBL,,,,
11148,"Sawantwadi To Kudal St Depot",Sawantwadi,"Kudal St Depot",,MO,6322,"Mandkuli Fata",15.5,,,सावंतवाडी,कुडाळ,22.2,17:10,17:50,NOBL,,,,
11148,"Sawantwadi To Kudal St Depot",Sawantwadi,"Kudal St Depot",,MO,6315,"Mile Stone",16.2,,,सावंतवाडी,कुडाळ,22.2,17:10,17:50,NOBL,,,,
11148,"Sawantwadi To Kudal St Depot",Sawantwadi,"Kudal St Depot",,MO,6126,Bibavane,17,,,सावंतवाडी,कुडाळ,22.2,17:10,17:50,NOBL,,,,
11148,"Sawantwadi To Kudal St Depot",Sawantwadi,"Kudal St Depot",,MO,6376,"Pinguli Titha",17.6,,,सावंतवाडी,कुडाळ,22.2,17:10,17:50,NOBL,,,,
11148,"Sawantwadi To Kudal St Depot",Sawantwadi,"Kudal St Depot",,MO,6302,"Modka Wad Pinguli",19.1,,,सावंतवाडी,कुडाळ,22.2,17:10,17:50,NOBL,,,,
11148,"Sawantwadi To Kudal St Depot",Sawantwadi,"Kudal St Depot",,MO,6237,"Kudal St Depot",20.7,,,सावंतवाडी,कुडाळ,22.2,17:10,17:50,NOBL,,,,
11148,"Sawantwadi To Kudal St Depot",Sawantwadi,"Kudal St Depot",,MO,6240,"Kudal St Depot",22.2,,,सावंतवाडी,कुडाळ,22.2,17:10,17:50,NOBL,,,,
11185,"Sawantwadi To Upawade Kerdalwadi",Sawantwadi,"Upawade Kerdalwadi",,MO,8663,Sawantwadi,,,,सावंतवाडी,उपवडे,33,18:30,20:05,ST,,,,
11185,"Sawantwadi To Upawade Kerdalwadi",Sawantwadi,"Upawade Kerdalwadi",,MO,6249,"Kolgaon Titha",3.7,,,सावंतवाडी,उपवडे,33,18:30,20:05,ST,,,,
11185,"Sawantwadi To Upawade Kerdalwadi",Sawantwadi,"Upawade Kerdalwadi",,MO,6101,Akeri,5.9,,,सावंतवाडी,उपवडे,33,18:30,20:05,ST,,,,
11185,"Sawantwadi To Upawade Kerdalwadi",Sawantwadi,"Upawade Kerdalwadi",,MO,6162,Dholkarwadi,9.4,,,सावंतवाडी,उपवडे,33,18:30,20:05,ST,,,,
11185,"Sawantwadi To Upawade Kerdalwadi",Sawantwadi,"Upawade Kerdalwadi",,MO,6323,"Mangaon Titha",11.5,,,सावंतवाडी,उपवडे,33,18:30,20:05,ST,,,,
11185,"Sawantwadi To Upawade Kerdalwadi",Sawantwadi,"Upawade Kerdalwadi",,MO,6317,Mangaon,12.2,,,सावंतवाडी,उपवडे,33,18:30,20:05,ST,,,,
11185,"Sawantwadi To Upawade Kerdalwadi",Sawantwadi,"Upawade Kerdalwadi",,MO,6092,Amberi,14.6,,,सावंतवाडी,उपवडे,33,18:30,20:05,ST,,,,
11185,"Sawantwadi To Upawade Kerdalwadi",Sawantwadi,"Upawade Kerdalwadi",,MO,6464,"Wados Bazar",18.7,,,सावंतवाडी,उपवडे,33,18:30,20:05,ST,,,,
11185,"Sawantwadi To Upawade Kerdalwadi",Sawantwadi,"Upawade Kerdalwadi",,MO,6190,"Gothos Titha",19.6,,,सावंतवाडी,उपवडे,33,18:30,20:05,ST,,,,
11185,"Sawantwadi To Upawade Kerdalwadi",Sawantwadi,"Upawade Kerdalwadi",,MO,6339,"Nileli Gani Dukan",21,,,सावंतवाडी,उपवडे,33,18:30,20:05,ST,,,,
11185,"Sawantwadi To Upawade Kerdalwadi",Sawantwadi,"Upawade Kerdalwadi",,MO,88081,"Mahadevache Kerawade",24,,,सावंतवाडी,उपवडे,33,18:30,20:05,ST,,,,
11185,"Sawantwadi To Upawade Kerdalwadi",Sawantwadi,"Upawade Kerdalwadi",,MO,6161,Dukanwad,28.3,,,सावंतवाडी,उपवडे,33,18:30,20:05,ST,,,,
11185,"Sawantwadi To Upawade Kerdalwadi",Sawantwadi,"Upawade Kerdalwadi",,MO,6168,Dewoolwadi,30,,,सावंतवाडी,उपवडे,33,18:30,20:05,ST,,,,
11185,"Sawantwadi To Upawade Kerdalwadi",Sawantwadi,"Upawade Kerdalwadi",,MO,6329,"Marathi Shala",31,,,सावंतवाडी,उपवडे,33,18:30,20:05,ST,,,,
11185,"Sawantwadi To Upawade Kerdalwadi",Sawantwadi,"Upawade Kerdalwadi",,MO,6484,"Upawade Kerdalwadi",33,,,सावंतवाडी,उपवडे,33,18:30,20:05,ST,,,,
11246,"Tuljapur To Sawantwadi Via Ajara",Tuljapur,Sawantwadi,AJARA,MO,76023,Tuljapur,,,,तुळजापूर,कोल्हापुर,302.2,10:00,,NOBL,,,,
11246,"Tuljapur To Sawantwadi Via Ajara",Tuljapur,Sawantwadi,AJARA,MO,48932,Solapur,46,,,तुळजापूर,कोल्हापुर,302.2,10:00,,NOBL,,,,
11246,"Tuljapur To Sawantwadi Via Ajara",Tuljapur,Sawantwadi,AJARA,MO,43460,Mohol,77.9,,,तुळजापूर,कोल्हापुर,302.2,10:00,,NOBL,,,,
11246,"Tuljapur To Sawantwadi Via Ajara",Tuljapur,Sawantwadi,AJARA,MO,43487,"Penur Shed",93.8,,,तुळजापूर,कोल्हापुर,302.2,10:00,,NOBL,,,,
11246,"Tuljapur To Sawantwadi Via Ajara",Tuljapur,Sawantwadi,AJARA,MO,43899,Pandharpur,118.5,,,तुळजापूर,कोल्हापुर,302.2,10:00,,NOBL,,,,
11246,"Tuljapur To Sawantwadi Via Ajara",Tuljapur,Sawantwadi,AJARA,MO,43806,Khardi,133.8,,,तुळजापूर,कोल्हापुर,302.2,10:00,,NOBL,,,,
11246,"Tuljapur To Sawantwadi Via Ajara",Tuljapur,Sawantwadi,AJARA,MO,47652,Sangola,153.4,,,तुळजापूर,कोल्हापुर,302.2,10:00,,NOBL,,,,
11246,"Tuljapur To Sawantwadi Via Ajara",Tuljapur,Sawantwadi,AJARA,MO,47679,Vatamare,167.2,,,तुळजापूर,कोल्हापुर,302.2,10:00,,NOBL,,,,
11246,"Tuljapur To Sawantwadi Via Ajara",Tuljapur,Sawantwadi,AJARA,MO,47617,"Nazare Math",169.9,,,तुळजापूर,कोल्हापुर,302.2,10:00,,NOBL,,,,
11246,"Tuljapur To Sawantwadi Via Ajara",Tuljapur,Sawantwadi,AJARA,MO,47548,Junoni,186,,,तुळजापूर,कोल्हापुर,302.2,10:00,,NOBL,,,,
11246,"Tuljapur To Sawantwadi Via Ajara",Tuljapur,Sawantwadi,AJARA,MO,47614,"Nagaj Fata",195.1,,,तुळजापूर,कोल्हापुर,302.2,10:00,,NOBL,,,,
11246,"Tuljapur To Sawantwadi Via Ajara",Tuljapur,Sawantwadi,AJARA,MO,34107,Shirdhon,216.7,,,तुळजापूर,कोल्हापुर,302.2,10:00,,NOBL,,,,
11246,"Tuljapur To Sawantwadi Via Ajara",Tuljapur,Sawantwadi,AJARA,MO,33967,Miraj,247.9,,,तुळजापूर,कोल्हापुर,302.2,10:00,,NOBL,,,,
11246,"Tuljapur To Sawantwadi Via Ajara",Tuljapur,Sawantwadi,AJARA,MO,34093,Sangli,259.8,,,तुळजापूर,कोल्हापुर,302.2,10:00,,NOBL,,,,
11246,"Tuljapur To Sawantwadi Via Ajara",Tuljapur,Sawantwadi,AJARA,MO,24135,Jaisingpur,268.7,,,तुळजापूर,कोल्हापुर,302.2,10:00,,NOBL,,,,
11246,"Tuljapur To Sawantwadi Via Ajara",Tuljapur,Sawantwadi,AJARA,MO,24013,Hatkanangale,280.1,,,तुळजापूर,कोल्हापुर,302.2,10:00,,NOBL,,,,
11246,"Tuljapur To Sawantwadi Via Ajara",Tuljapur,Sawantwadi,AJARA,MO,24359,Kolhapur,306.5,,,तुळजापूर,कोल्हापुर,302.2,10:00,,NOBL,,,,
11246,"Tuljapur To Sawantwadi Via Ajara",Tuljapur,Sawantwadi,AJARA,MO,24283,Kagal,307,,,तुळजापूर,कोल्हापुर,302.2,10:00,,NOBL,,,,
11246,"Tuljapur To Sawantwadi Via Ajara",Tuljapur,Sawantwadi,AJARA,MO,25718,"State Border",308,,,तुळजापूर,कोल्हापुर,302.2,10:00,,NOBL,,,,
11246,"Tuljapur To Sawantwadi Via Ajara",Tuljapur,Sawantwadi,AJARA,MO,74125,"State Border",308.1,,,तुळजापूर,कोल्हापुर,302.2,10:00,,NOBL,,,,
11246,"Tuljapur To Sawantwadi Via Ajara",Tuljapur,Sawantwadi,AJARA,MO,73718,Kognoli,308.5,,,तुळजापूर,कोल्हापुर,302.2,10:00,,NOBL,,,,
11246,"Tuljapur To Sawantwadi Via Ajara",Tuljapur,Sawantwadi,AJARA,MO,86356,"Kognoli Toll Plaza",308.9,,,तुळजापूर,कोल्हापुर,302.2,10:00,,NOBL,,,,
11246,"Tuljapur To Sawantwadi Via Ajara",Tuljapur,Sawantwadi,AJARA,MO,73937,Nipani,342.1,,,तुळजापूर,कोल्हापुर,302.2,10:00,,NOBL,,,,
11246,"Tuljapur To Sawantwadi Via Ajara",Tuljapur,Sawantwadi,AJARA,MO,73986,"Rashing Karnatak State Border",357.1,,,तुळजापूर,कोल्हापुर,302.2,10:00,,NOBL,,,,
11246,"Tuljapur To Sawantwadi Via Ajara",Tuljapur,Sawantwadi,AJARA,MO,24418,"Karnataka State Border",357.2,,,तुळजापूर,कोल्हापुर,302.2,10:00,,NOBL,,,,
11246,"Tuljapur To Sawantwadi Via Ajara",Tuljapur,Sawantwadi,AJARA,MO,23194,"Bugate Alur",363.5,,,तुळजापूर,कोल्हापुर,302.2,10:00,,NOBL,,,,
11246,"Tuljapur To Sawantwadi Via Ajara",Tuljapur,Sawantwadi,AJARA,MO,25924,Uttur,376,,,तुळजापूर,कोल्हापुर,302.2,10:00,,NOBL,,,,
11246,"Tuljapur To Sawantwadi Via Ajara",Tuljapur,Sawantwadi,AJARA,MO,25169,Pendharwadi,377.7,,,तुळजापूर,कोल्हापुर,302.2,10:00,,NOBL,,,,
11246,"Tuljapur To Sawantwadi Via Ajara",Tuljapur,Sawantwadi,AJARA,MO,23880,"Halewadi Titta",382,,,तुळजापूर,कोल्हापुर,302.2,10:00,,NOBL,,,,
11246,"Tuljapur To Sawantwadi Via Ajara",Tuljapur,Sawantwadi,AJARA,MO,25930,"Uttur Fata",385.4,,,तुळजापूर,कोल्हापुर,302.2,10:00,,NOBL,,,,
11246,"Tuljapur To Sawantwadi Via Ajara",Tuljapur,Sawantwadi,AJARA,MO,24646,Madilage,387.1,,,तुळजापूर,कोल्हापुर,302.2,10:00,,NOBL,,,,
11246,"Tuljapur To Sawantwadi Via Ajara",Tuljapur,Sawantwadi,AJARA,MO,25676,Sohale,391,,,तुळजापूर,कोल्हापुर,302.2,10:00,,NOBL,,,,
11246,"Tuljapur To Sawantwadi Via Ajara",Tuljapur,Sawantwadi,AJARA,MO,23010,Ajara,394,,,तुळजापूर,कोल्हापुर,302.2,10:00,,NOBL,,,,
11246,"Tuljapur To Sawantwadi Via Ajara",Tuljapur,Sawantwadi,AJARA,MO,24689,Masoli,396.4,,,तुळजापूर,कोल्हापुर,302.2,10:00,,NOBL,,,,
11246,"Tuljapur To Sawantwadi Via Ajara",Tuljapur,Sawantwadi,AJARA,MO,23882,Haloli,400,,,तुळजापूर,कोल्हापुर,302.2,10:00,,NOBL,,,,
11246,"Tuljapur To Sawantwadi Via Ajara",Tuljapur,Sawantwadi,AJARA,MO,23376,Chaloba,405.5,,,तुळजापूर,कोल्हापुर,302.2,10:00,,NOBL,,,,
11246,"Tuljapur To Sawantwadi Via Ajara",Tuljapur,Sawantwadi,AJARA,MO,23872,Gavase,405.6,,,तुळजापूर,कोल्हापुर,302.2,10:00,,NOBL,,,,
11246,"Tuljapur To Sawantwadi Via Ajara",Tuljapur,Sawantwadi,AJARA,MO,25615,Suleran,409,,,तुळजापूर,कोल्हापुर,302.2,10:00,,NOBL,,,,
11246,"Tuljapur To Sawantwadi Via Ajara",Tuljapur,Sawantwadi,AJARA,MO,23585,Dhangarmala,413,,,तुळजापूर,कोल्हापुर,302.2,10:00,,NOBL,,,,
11246,"Tuljapur To Sawantwadi Via Ajara",Tuljapur,Sawantwadi,AJARA,MO,23762,Ghatkarwadi,413.4,,,तुळजापूर,कोल्हापुर,302.2,10:00,,NOBL,,,,
11246,"Tuljapur To Sawantwadi Via Ajara",Tuljapur,Sawantwadi,AJARA,MO,24833,Menon,414.5,,,तुळजापूर,कोल्हापुर,302.2,10:00,,NOBL,,,,
11246,"Tuljapur To Sawantwadi Via Ajara",Tuljapur,Sawantwadi,AJARA,MO,8606,"Nangartas Awate Dukan",417.3,,,तुळजापूर,कोल्हापुर,302.2,10:00,,NOBL,,,,
11246,"Tuljapur To Sawantwadi Via Ajara",Tuljapur,Sawantwadi,AJARA,MO,8473,"Ajra Fata",420.1,,,तुळजापूर,कोल्हापुर,302.2,10:00,,NOBL,,,,
11246,"Tuljapur To Sawantwadi Via Ajara",Tuljapur,Sawantwadi,AJARA,MO,8582,Mulvanwadi,423.1,,,तुळजापूर,कोल्हापुर,302.2,10:00,,NOBL,,,,
11246,"Tuljapur To Sawantwadi Via Ajara",Tuljapur,Sawantwadi,AJARA,MO,8470,Amboli,426.6,,,तुळजापूर,कोल्हापुर,302.2,10:00,,NOBL,,,,
11246,"Tuljapur To Sawantwadi Via Ajara",Tuljapur,Sawantwadi,AJARA,MO,8607,Nanapani,435.1,,,तुळजापूर,कोल्हापुर,302.2,10:00,,NOBL,,,,
11246,"Tuljapur To Sawantwadi Via Ajara",Tuljapur,Sawantwadi,AJARA,MO,8564,Kumbheshwar,441.1,,,तुळजापूर,कोल्हापुर,302.2,10:00,,NOBL,,,,
11246,"Tuljapur To Sawantwadi Via Ajara",Tuljapur,Sawantwadi,AJARA,MO,8510,Danoli,443,,,तुळजापूर,कोल्हापुर,302.2,10:00,,NOBL,,,,
11246,"Tuljapur To Sawantwadi Via Ajara",Tuljapur,Sawantwadi,AJARA,MO,8505,Dhawadki,446,,,तुळजापूर,कोल्हापुर,302.2,10:00,,NOBL,,,,
11246,"Tuljapur To Sawantwadi Via Ajara",Tuljapur,Sawantwadi,AJARA,MO,8569,"Madkhol Met",447.1,,,तुळजापूर,कोल्हापुर,302.2,10:00,,NOBL,,,,
11246,"Tuljapur To Sawantwadi Via Ajara",Tuljapur,Sawantwadi,AJARA,MO,8570,Madkhol,448.2,,,तुळजापूर,कोल्हापुर,302.2,10:00,,NOBL,,,,
11246,"Tuljapur To Sawantwadi Via Ajara",Tuljapur,Sawantwadi,AJARA,MO,8653,"Sapale Stop",449.2,,,तुळजापूर,कोल्हापुर,302.2,10:00,,NOBL,,,,
11246,"Tuljapur To Sawantwadi Via Ajara",Tuljapur,Sawantwadi,AJARA,MO,8488,"Burdi Pul",450.7,,,तुळजापूर,कोल्हापुर,302.2,10:00,,NOBL,,,,
11246,"Tuljapur To Sawantwadi Via Ajara",Tuljapur,Sawantwadi,AJARA,MO,8663,Sawantwadi,452.6,,,तुळजापूर,कोल्हापुर,302.2,10:00,,NOBL,,,,
60484,"Deorukh To Sawantwadi",Deorukh,Sawantwadi,,MO,76288,Deorukh,,,,देवरुख,सावंतवाडी,186.1,08:00,14:15,NOBL,,,,
60484,"Deorukh To Sawantwadi",Deorukh,Sawantwadi,,MO,76750,"Marleshwar Fata",6.9,,,देवरुख,सावंतवाडी,186.1,08:00,14:15,NOBL,,,,
60484,"Deorukh To Sawantwadi",Deorukh,Sawantwadi,,MO,76737,Muradpur,9.1,,,देवरुख,सावंतवाडी,186.1,08:00,14:15,NOBL,,,,
60484,"Deorukh To Sawantwadi",Deorukh,Sawantwadi,,MO,76743,"Marleshwar Darshan Stop",10.1,,,देवरुख,सावंतवाडी,186.1,08:00,14:15,NOBL,,,,
60484,"Deorukh To Sawantwadi",Deorukh,Sawantwadi,,MO,76181,Bavnadi,11.1,,,देवरुख,सावंतवाडी,186.1,08:00,14:15,NOBL,,,,
60484,"Deorukh To Sawantwadi",Deorukh,Sawantwadi,,MO,77189,"Wanjole Shop",11.9,,,देवरुख,सावंतवाडी,186.1,08:00,14:15,NOBL,,,,
60484,"Deorukh To Sawantwadi",Deorukh,Sawantwadi,,MO,76409,"Gowal Shevare Stop",12.6,,,देवरुख,सावंतवाडी,186.1,08:00,14:15,NOBL,,,,
60484,"Deorukh To Sawantwadi",Deorukh,Sawantwadi,,MO,76713,"Morde Khind",15,,,देवरुख,सावंतवाडी,186.1,08:00,14:15,NOBL,,,,
60484,"Deorukh To Sawantwadi",Deorukh,Sawantwadi,,MO,77120,Tower,16,,,देवरुख,सावंतवाडी,186.1,08:00,14:15,NOBL,,,,
60484,"Deorukh To Sawantwadi",Deorukh,Sawantwadi,,MO,77000,Sakharpa,17.7,,,देवरुख,सावंतवाडी,186.1,08:00,14:15,NOBL,,,,
60484,"Deorukh To Sawantwadi",Deorukh,Sawantwadi,,MO,76495,"Kond Gaon",20,,,देवरुख,सावंतवाडी,186.1,08:00,14:15,NOBL,,,,
60484,"Deorukh To Sawantwadi",Deorukh,Sawantwadi,,MO,16186,Medhe,22.4,,,देवरुख,सावंतवाडी,186.1,08:00,14:15,NOBL,,,,
60484,"Deorukh To Sawantwadi",Deorukh,Sawantwadi,,MO,16236,Malapwadi,23,,,देवरुख,सावंतवाडी,186.1,08:00,14:15,NOBL,,,,
60484,"Deorukh To Sawantwadi",Deorukh,Sawantwadi,,MO,11529,Dabhol,24.6,,,देवरुख,सावंतवाडी,186.1,08:00,14:15,NOBL,,,,
60484,"Deorukh To Sawantwadi",Deorukh,Sawantwadi,,MO,76162,Borivale,25.8,,,देवरुख,सावंतवाडी,186.1,08:00,14:15,NOBL,,,,
60484,"Deorukh To Sawantwadi",Deorukh,Sawantwadi,,MO,77159,"Vinanti Stop",28.1,,,देवरुख,सावंतवाडी,186.1,08:00,14:15,NOBL,,,,
60484,"Deorukh To Sawantwadi",Deorukh,Sawantwadi,,MO,77039,"Shiposhi Phanas",29.9,,,देवरुख,सावंतवाडी,186.1,08:00,14:15,NOBL,,,,
60484,"Deorukh To Sawantwadi",Deorukh,Sawantwadi,,MO,77033,"Shiposhi Ozar",30.8,,,देवरुख,सावंतवाडी,186.1,08:00,14:15,NOBL,,,,
60484,"Deorukh To Sawantwadi",Deorukh,Sawantwadi,,MO,76554,Kelavali,32.3,,,देवरुख,सावंतवाडी,186.1,08:00,14:15,NOBL,,,,
60484,"Deorukh To Sawantwadi",Deorukh,Sawantwadi,,MO,76594,"Kolewadi Stop",33.5,,,देवरुख,सावंतवाडी,186.1,08:00,14:15,NOBL,,,,
60484,"Deorukh To Sawantwadi",Deorukh,Sawantwadi,,MO,76398,"Govil Maruti Mandir",35,,,देवरुख,सावंतवाडी,186.1,08:00,14:15,NOBL,,,,
60484,"Deorukh To Sawantwadi",Deorukh,Sawantwadi,,MO,76397,"Govil School",35.9,,,देवरुख,सावंतवाडी,186.1,08:00,14:15,NOBL,,,,
60484,"Deorukh To Sawantwadi",Deorukh,Sawantwadi,,MO,76592,"Korle Lanja Fata",39.4,,,देवरुख,सावंतवाडी,186.1,08:00,14:15,NOBL,,,,
60484,"Deorukh To Sawantwadi",Deorukh,Sawantwadi,,MO,76117,Bhambed,41.4,,,देवरुख,सावंतवाडी,186.1,08:00,14:15,NOBL,,,,
60484,"Deorukh To Sawantwadi",Deorukh,Sawantwadi,,MO,76109,"Bhambed Sutarwadi",44.1,,,देवरुख,सावंतवाडी,186.1,08:00,14:15,NOBL,,,,
60484,"Deorukh To Sawantwadi",Deorukh,Sawantwadi,,MO,77176,Waghangaon,45.9,,,देवरुख,सावंतवाडी,186.1,08:00,14:15,NOBL,,,,
60484,"Deorukh To Sawantwadi",Deorukh,Sawantwadi,,MO,77185,"Whel Fata",47.1,,,देवरुख,सावंतवाडी,186.1,08:00,14:15,NOBL,,,,
60484,"Deorukh To Sawantwadi",Deorukh,Sawantwadi,,MO,77152,"Vilavade Rashan Shop",49.3,,,देवरुख,सावंतवाडी,186.1,08:00,14:15,NOBL,,,,
60484,"Deorukh To Sawantwadi",Deorukh,Sawantwadi,,MO,15316,"Watul Titha",52.7,,,देवरुख,सावंतवाडी,186.1,08:00,14:15,NOBL,,,,
60484,"Deorukh To Sawantwadi",Deorukh,Sawantwadi,,MO,15325,"Yerdav Fata",55.6,,,देवरुख,सावंतवाडी,186.1,08:00,14:15,NOBL,,,,
60484,"Deorukh To Sawantwadi",Deorukh,Sawantwadi,,MO,14719,"Kharavate Fata",61.1,,,देवरुख,सावंतवाडी,186.1,08:00,14:15,NOBL,,,,
60484,"Deorukh To Sawantwadi",Deorukh,Sawantwadi,,MO,89331,Oni,61.5,,,देवरुख,सावंतवाडी,186.1,08:00,14:15,NOBL,,,,
60484,"Deorukh To Sawantwadi",Deorukh,Sawantwadi,,MO,14574,"Kharavate Village/Sorap Shop",62,,,देवरुख,सावंतवाडी,186.1,08:00,14:15,NOBL,,,,
60484,"Deorukh To Sawantwadi",Deorukh,Sawantwadi,,MO,14615,"Kodavali School",64.4,,,देवरुख,सावंतवाडी,186.1,08:00,14:15,NOBL,,,,
60484,"Deorukh To Sawantwadi",Deorukh,Sawantwadi,,MO,15005,"Rajapur Bus Stand",67,,,देवरुख,सावंतवाडी,186.1,08:00,14:15,NOBL,,,,
60484,"Deorukh To Sawantwadi",Deorukh,Sawantwadi,,MO,15006,Rajapur,68.1,,,देवरुख,सावंतवाडी,186.1,08:00,14:15,NOBL,,,,
60484,"Deorukh To Sawantwadi",Deorukh,Sawantwadi,,MO,14473,"Ganga Tirtha Fata",75.6,,,देवरुख,सावंतवाडी,186.1,08:00,14:15,NOBL,,,,
60484,"Deorukh To Sawantwadi",Deorukh,Sawantwadi,,MO,15137,"Shriram Gas Compani",77,,,देवरुख,सावंतवाडी,186.1,08:00,14:15,NOBL,,,,
60484,"Deorukh To Sawantwadi",Deorukh,Sawantwadi,,MO,14521,"Hativale Jaitapur Fata",80.2,,,देवरुख,सावंतवाडी,186.1,08:00,14:15,NOBL,,,,
60484,"Deorukh To Sawantwadi",Deorukh,Sawantwadi,,MO,14609,Kodiye,83.7,,,देवरुख,सावंतवाडी,186.1,08:00,14:15,NOBL,,,,
60484,"Deorukh To Sawantwadi",Deorukh,Sawantwadi,,MO,14879,Panhale,86.7,,,देवरुख,सावंतवाडी,186.1,08:00,14:15,NOBL,,,,
60484,"Deorukh To Sawantwadi",Deorukh,Sawantwadi,,MO,15236,"Takewadi School",89.1,,,देवरुख,सावंतवाडी,186.1,08:00,14:15,NOBL,,,,
60484,"Deorukh To Sawantwadi",Deorukh,Sawantwadi,,MO,2812,Kharepatan,92.2,,,देवरुख,सावंतवाडी,186.1,08:00,14:15,NOBL,,,,
60484,"Deorukh To Sawantwadi",Deorukh,Sawantwadi,,MO,2863,Nadgive,95.5,,,देवरुख,सावंतवाडी,186.1,08:00,14:15,NOBL,,,,
60484,"Deorukh To Sawantwadi",Deorukh,Sawantwadi,,MO,2648,Bambarwadi,97,,,देवरुख,सावंतवाडी,186.1,08:00,14:15,NOBL,,,,
60484,"Deorukh To Sawantwadi",Deorukh,Sawantwadi,,MO,3010,Wargaon,98.7,,,देवरुख,सावंतवाडी,186.1,08:00,14:15,NOBL,,,,
60484,"Deorukh To Sawantwadi",Deorukh,Sawantwadi,,MO,2844,"Mail Stone",99,,,देवरुख,सावंतवाडी,186.1,08:00,14:15,NOBL,,,,
60484,"Deorukh To Sawantwadi",Deorukh,Sawantwadi,,MO,2941,Saliste,101.4,,,देवरुख,सावंतवाडी,186.1,08:00,14:15,NOBL,,,,
60484,"Deorukh To Sawantwadi",Deorukh,Sawantwadi,,MO,2982,Tarla,106.3,,,देवरुख,सावंतवाडी,186.1,08:00,14:15,NOBL,,,,
60484,"Deorukh To Sawantwadi",Deorukh,Sawantwadi,,MO,2673,"Bramhan Wadi",109.3,,,देवरुख,सावंतवाडी,186.1,08:00,14:15,NOBL,,,,
60484,"Deorukh To Sawantwadi",Deorukh,Sawantwadi,,MO,2872,"Nandgaon Nursary",113.1,,,देवरुख,सावंतवाडी,186.1,08:00,14:15,NOBL,,,,
60484,"Deorukh To Sawantwadi",Deorukh,Sawantwadi,,MO,2871,"Nandgaon Fata",114,,,देवरुख,सावंतवाडी,186.1,08:00,14:15,NOBL,,,,
60484,"Deorukh To Sawantwadi",Deorukh,Sawantwadi,,MO,2870,"Nandgaon Datta Mandir",116.6,,,देवरुख,सावंतवाडी,186.1,08:00,14:15,NOBL,,,,
60484,"Deorukh To Sawantwadi",Deorukh,Sawantwadi,,MO,2655,Belane,119,,,देवरुख,सावंतवाडी,186.1,08:00,14:15,NOBL,,,,
60484,"Deorukh To Sawantwadi",Deorukh,Sawantwadi,,MO,2756,"Humrat Titha",121.2,,,देवरुख,सावंतवाडी,186.1,08:00,14:15,NOBL,,,,
60484,"Deorukh To Sawantwadi",Deorukh,Sawantwadi,,MO,2766,Janavali,125.5,,,देवरुख,सावंतवाडी,186.1,08:00,14:15,NOBL,,,,
60484,"Deorukh To Sawantwadi",Deorukh,Sawantwadi,,MO,2786,Kankavli,129.3,,,देवरुख,सावंतवाडी,186.1,08:00,14:15,NOBL,,,,
60484,"Deorukh To Sawantwadi",Deorukh,Sawantwadi,,MO,3001,"Wagade Gpo",134.5,,,देवरुख,सावंतवाडी,186.1,08:00,14:15,NOBL,,,,
60484,"Deorukh To Sawantwadi",Deorukh,Sawantwadi,,MO,2692,Dangalwadi,135.4,,,देवरुख,सावंतवाडी,186.1,08:00,14:15,NOBL,,,,
60484,"Deorukh To Sawantwadi",Deorukh,Sawantwadi,,MO,2891,"Osargaon Talav",136.5,,,देवरुख,सावंतवाडी,186.1,08:00,14:15,NOBL,,,,
60484,"Deorukh To Sawantwadi",Deorukh,Sawantwadi,,MO,2890,"Osargaon Post",139.4,,,देवरुख,सावंतवाडी,186.1,08:00,14:15,NOBL,,,,
60484,"Deorukh To Sawantwadi",Deorukh,Sawantwadi,,MO,2698,Dewoolwadi,141,,,देवरुख,सावंतवाडी,186.1,08:00,14:15,NOBL,,,,
60484,"Deorukh To Sawantwadi",Deorukh,Sawantwadi,,MO,6281,Kasal,143.7,,,देवरुख,सावंतवाडी,186.1,08:00,14:15,NOBL,,,,
60484,"Deorukh To Sawantwadi",Deorukh,Sawantwadi,,MO,6116,Awali,146,,,देवरुख,सावंतवाडी,186.1,08:00,14:15,NOBL,,,,
60484,"Deorukh To Sawantwadi",Deorukh,Sawantwadi,,MO,6226,"Jaitapkar Colany",147,,,देवरुख,सावंतवाडी,186.1,08:00,14:15,NOBL,,,,
60484,"Deorukh To Sawantwadi",Deorukh,Sawantwadi,,MO,6362,"Oros Bus Stnad",148,,,देवरुख,सावंतवाडी,186.1,08:00,14:15,NOBL,,,,
60484,"Deorukh To Sawantwadi",Deorukh,Sawantwadi,,MO,6204,"Humarmala Kasale Dukan",152.1,,,देवरुख,सावंतवाडी,186.1,08:00,14:15,NOBL,,,,
60484,"Deorukh To Sawantwadi",Deorukh,Sawantwadi,,MO,6365,Pandur,155.4,,,देवरुख,सावंतवाडी,186.1,08:00,14:15,NOBL,,,,
60484,"Deorukh To Sawantwadi",Deorukh,Sawantwadi,,MO,88100,Vetalbambarde,159,,,देवरुख,सावंतवाडी,186.1,08:00,14:15,NOBL,,,,
60484,"Deorukh To Sawantwadi",Deorukh,Sawantwadi,,MO,6380,"Pawashi Panchayat",161,,,देवरुख,सावंतवाडी,186.1,08:00,14:15,NOBL,,,,
60484,"Deorukh To Sawantwadi",Deorukh,Sawantwadi,,MO,6240,"Kudal St Depot",164.5,,,देवरुख,सावंतवाडी,186.1,08:00,14:15,NOBL,,,,
60484,"Deorukh To Sawantwadi",Deorukh,Sawantwadi,,MO,6237,"Kudal St Depot",165,,,देवरुख,सावंतवाडी,186.1,08:00,14:15,NOBL,,,,
60484,"Deorukh To Sawantwadi",Deorukh,Sawantwadi,,MO,6302,"Modka Wad Pinguli",166.4,,,देवरुख,सावंतवाडी,186.1,08:00,14:15,NOBL,,,,
60484,"Deorukh To Sawantwadi",Deorukh,Sawantwadi,,MO,6126,Bibavane,169.6,,,देवरुख,सावंतवाडी,186.1,08:00,14:15,NOBL,,,,
60484,"Deorukh To Sawantwadi",Deorukh,Sawantwadi,,MO,6322,"Mandkuli Fata",170.1,,,देवरुख,सावंतवाडी,186.1,08:00,14:15,NOBL,,,,
60484,"Deorukh To Sawantwadi",Deorukh,Sawantwadi,,MO,6474,"Zharap Titha",173,,,देवरुख,सावंतवाडी,186.1,08:00,14:15,NOBL,,,,
60484,"Deorukh To Sawantwadi",Deorukh,Sawantwadi,,MO,6231,"Khan Mohalla",176.6,,,देवरुख,सावंतवाडी,186.1,08:00,14:15,NOBL,,,,
60484,"Deorukh To Sawantwadi",Deorukh,Sawantwadi,,MO,6101,Akeri,179.2,,,देवरुख,सावंतवाडी,186.1,08:00,14:15,NOBL,,,,
60484,"Deorukh To Sawantwadi",Deorukh,Sawantwadi,,MO,8551,"Kolgaon Thita",182.1,,,देवरुख,सावंतवाडी,186.1,08:00,14:15,NOBL,,,,
60484,"Deorukh To Sawantwadi",Deorukh,Sawantwadi,,MO,8663,Sawantwadi,183.4,,,देवरुख,सावंतवाडी,186.1,08:00,14:15,NOBL,,,,
407,"Sawantwadi To Narsobavadi",Sawantwadi,Narsobavadi,,MO,8663,Sawantwadi,,,,सावंतवाडी,,200,13:45,19:45,NOBL,,,,
407,"Sawantwadi To Narsobavadi",Sawantwadi,Narsobavadi,,MO,8488,"Burdi Pul",3,,,सावंतवाडी,,200,13:45,19:45,NOBL,,,,
407,"Sawantwadi To Narsobavadi",Sawantwadi,Narsobavadi,,MO,8653,"Sapale Stop",6,,,सावंतवाडी,,200,13:45,19:45,NOBL,,,,
407,"Sawantwadi To Narsobavadi",Sawantwadi,Narsobavadi,,MO,8570,Madkhol,8,,,सावंतवाडी,,200,13:45,19:45,NOBL,,,,
407,"Sawantwadi To Narsobavadi",Sawantwadi,Narsobavadi,,MO,8569,"Madkhol Met",9,,,सावंतवाडी,,200,13:45,19:45,NOBL,,,,
407,"Sawantwadi To Narsobavadi",Sawantwadi,Narsobavadi,,MO,8505,Dhawadki,10,,,सावंतवाडी,,200,13:45,19:45,NOBL,,,,
407,"Sawantwadi To Narsobavadi",Sawantwadi,Narsobavadi,,MO,8510,Danoli,13.1,,,सावंतवाडी,,200,13:45,19:45,NOBL,,,,
407,"Sawantwadi To Narsobavadi",Sawantwadi,Narsobavadi,,MO,8607,Nanapani,16,,,सावंतवाडी,,200,13:45,19:45,NOBL,,,,
407,"Sawantwadi To Narsobavadi",Sawantwadi,Narsobavadi,,MO,8470,Amboli,29,,,सावंतवाडी,,200,13:45,19:45,NOBL,,,,
407,"Sawantwadi To Narsobavadi",Sawantwadi,Narsobavadi,,MO,8582,Mulvanwadi,30,,,सावंतवाडी,,200,13:45,19:45,NOBL,,,,
407,"Sawantwadi To Narsobavadi",Sawantwadi,Narsobavadi,,MO,8473,"Ajra Fata",36,,,सावंतवाडी,,200,13:45,19:45,NOBL,,,,
407,"Sawantwadi To Narsobavadi",Sawantwadi,Narsobavadi,,MO,8606,"Nangartas Awate Dukan",38.8,,,सावंतवाडी,,200,13:45,19:45,NOBL,,,,
407,"Sawantwadi To Narsobavadi",Sawantwadi,Narsobavadi,,MO,24833,Menon,41.1,,,सावंतवाडी,,200,13:45,19:45,NOBL,,,,
407,"Sawantwadi To Narsobavadi",Sawantwadi,Narsobavadi,,MO,23762,Ghatkarwadi,42.7,,,सावंतवाडी,,200,13:45,19:45,NOBL,,,,
407,"Sawantwadi To Narsobavadi",Sawantwadi,Narsobavadi,,MO,23585,Dhangarmala,43,,,सावंतवाडी,,200,13:45,19:45,NOBL,,,,
407,"Sawantwadi To Narsobavadi",Sawantwadi,Narsobavadi,,MO,25615,Suleran,44,,,सावंतवाडी,,200,13:45,19:45,NOBL,,,,
407,"Sawantwadi To Narsobavadi",Sawantwadi,Narsobavadi,,MO,23872,Gavase,50.5,,,सावंतवाडी,,200,13:45,19:45,NOBL,,,,
407,"Sawantwadi To Narsobavadi",Sawantwadi,Narsobavadi,,MO,23376,Chaloba,52,,,सावंतवाडी,,200,13:45,19:45,NOBL,,,,
407,"Sawantwadi To Narsobavadi",Sawantwadi,Narsobavadi,,MO,23949,Hololi,56.1,,,सावंतवाडी,,200,13:45,19:45,NOBL,,,,
407,"Sawantwadi To Narsobavadi",Sawantwadi,Narsobavadi,,MO,24689,Masoli,58,,,सावंतवाडी,,200,13:45,19:45,NOBL,,,,
407,"Sawantwadi To Narsobavadi",Sawantwadi,Narsobavadi,,MO,23010,Ajara,62.1,,,सावंतवाडी,,200,13:45,19:45,NOBL,,,,
407,"Sawantwadi To Narsobavadi",Sawantwadi,Narsobavadi,,MO,25676,Sohale,64,,,सावंतवाडी,,200,13:45,19:45,NOBL,,,,
407,"Sawantwadi To Narsobavadi",Sawantwadi,Narsobavadi,,MO,24646,Madilage,69,,,सावंतवाडी,,200,13:45,19:45,NOBL,,,,
407,"Sawantwadi To Narsobavadi",Sawantwadi,Narsobavadi,,MO,25930,"Uttur Fata",70,,,सावंतवाडी,,200,13:45,19:45,NOBL,,,,
407,"Sawantwadi To Narsobavadi",Sawantwadi,Narsobavadi,,MO,23946,Halewadi,74.1,,,सावंतवाडी,,200,13:45,19:45,NOBL,,,,
407,"Sawantwadi To Narsobavadi",Sawantwadi,Narsobavadi,,MO,23065,Ardal,75,,,सावंतवाडी,,200,13:45,19:45,NOBL,,,,
407,"Sawantwadi To Narsobavadi",Sawantwadi,Narsobavadi,,MO,25169,Pendharwadi,78.4,,,सावंतवाडी,,200,13:45,19:45,NOBL,,,,
407,"Sawantwadi To Narsobavadi",Sawantwadi,Narsobavadi,,MO,25924,Uttur,80.1,,,सावंतवाडी,,200,13:45,19:45,NOBL,,,,
407,"Sawantwadi To Narsobavadi",Sawantwadi,Narsobavadi,,MO,23905,"Hadalge Fata",86,,,सावंतवाडी,,200,13:45,19:45,NOBL,,,,
407,"Sawantwadi To Narsobavadi",Sawantwadi,Narsobavadi,,MO,23194,"Bugate Alur",87,,,सावंतवाडी,,200,13:45,19:45,NOBL,,,,
407,"Sawantwadi To Narsobavadi",Sawantwadi,Narsobavadi,,MO,25035,Nangnur,87.5,,,सावंतवाडी,,200,13:45,19:45,NOBL,,,,
407,"Sawantwadi To Narsobavadi",Sawantwadi,Narsobavadi,,MO,73933,Nangnur,87.7,,,सावंतवाडी,,200,13:45,19:45,NOBL,,,,
407,"Sawantwadi To Narsobavadi",Sawantwadi,Narsobavadi,,MO,74083,"Shipur Bungalow",88.2,,,सावंतवाडी,,200,13:45,19:45,NOBL,,,,
407,"Sawantwadi To Narsobavadi",Sawantwadi,Narsobavadi,,MO,74181,"Tawandi Fata",94,,,सावंतवाडी,,200,13:45,19:45,NOBL,,,,
407,"Sawantwadi To Narsobavadi",Sawantwadi,Narsobavadi,,MO,73937,Nipani,102.7,,,सावंतवाडी,,200,13:45,19:45,NOBL,,,,
407,"Sawantwadi To Narsobavadi",Sawantwadi,Narsobavadi,,MO,74109,Soundalga,108,,,सावंतवाडी,,200,13:45,19:45,NOBL,,,,
407,"Sawantwadi To Narsobavadi",Sawantwadi,Narsobavadi,,MO,73714,"Kognoli Toll Stop",121,,,सावंतवाडी,,200,13:45,19:45,NOBL,,,,
407,"Sawantwadi To Narsobavadi",Sawantwadi,Narsobavadi,,MO,24283,Kagal,128.1,,,सावंतवाडी,,200,13:45,19:45,NOBL,,,,
407,"Sawantwadi To Narsobavadi",Sawantwadi,Narsobavadi,,MO,25763,"Shivaji University",146,,,सावंतवाडी,,200,13:45,19:45,NOBL,,,,
407,"Sawantwadi To Narsobavadi",Sawantwadi,Narsobavadi,,MO,24359,Kolhapur,146.6,,,सावंतवाडी,,200,13:45,19:45,NOBL,,,,
407,"Sawantwadi To Narsobavadi",Sawantwadi,Narsobavadi,,MO,24904,"Market Yard",152.8,,,सावंतवाडी,,200,13:45,19:45,NOBL,,,,
407,"Sawantwadi To Narsobavadi",Sawantwadi,Narsobavadi,,MO,25591,Shiroli,155.9,,,सावंतवाडी,,200,13:45,19:45,NOBL,,,,
407,"Sawantwadi To Narsobavadi",Sawantwadi,Narsobavadi,,MO,24217,Kabnoor,171,,,सावंतवाडी,,200,13:45,19:45,NOBL,,,,
407,"Sawantwadi To Narsobavadi",Sawantwadi,Narsobavadi,,MO,24025,Ichalkaranji,173.6,,,सावंतवाडी,,200,13:45,19:45,NOBL,,,,
407,"Sawantwadi To Narsobavadi",Sawantwadi,Narsobavadi,,MO,25352,Rajwada,175,,,सावंतवाडी,,200,13:45,19:45,NOBL,,,,
407,"Sawantwadi To Narsobavadi",Sawantwadi,Narsobavadi,,MO,24953,Nadives,178,,,सावंतवाडी,,200,13:45,19:45,NOBL,,,,
407,"Sawantwadi To Narsobavadi",Sawantwadi,Narsobavadi,,MO,25523,Shirdwad,181,,,सावंतवाडी,,200,13:45,19:45,NOBL,,,,
407,"Sawantwadi To Narsobavadi",Sawantwadi,Narsobavadi,,MO,30622,Abdullat,182,,,सावंतवाडी,,200,13:45,19:45,NOBL,,,,
407,"Sawantwadi To Narsobavadi",Sawantwadi,Narsobavadi,,MO,23911,Herwad,188,,,सावंतवाडी,,200,13:45,19:45,NOBL,,,,
407,"Sawantwadi To Narsobavadi",Sawantwadi,Narsobavadi,,MO,25819,Terwad,191,,,सावंतवाडी,,200,13:45,19:45,NOBL,,,,
407,"Sawantwadi To Narsobavadi",Sawantwadi,Narsobavadi,,MO,24413,Kurundwad,197,,,सावंतवाडी,,200,13:45,19:45,NOBL,,,,
407,"Sawantwadi To Narsobavadi",Sawantwadi,Narsobavadi,,MO,25052,Narsobavadi,197.4,,,सावंतवाडी,,200,13:45,19:45,NOBL,,,,
11082,"Panjim To Sawantwadi Via Majgaon Nala",Panjim,Sawantwadi,"MAJGAON NALA",MO,71935,Panjim,,,,पणजी,सावंतवाडी,61.7,11:30,13:30,NOBL,,,,
11082,"Panjim To Sawantwadi Via Majgaon Nala",Panjim,Sawantwadi,"MAJGAON NALA",MO,71915,Mapusa,12,,,पणजी,सावंतवाडी,61.7,11:30,13:30,NOBL,,,,
11082,"Panjim To Sawantwadi Via Majgaon Nala",Panjim,Sawantwadi,"MAJGAON NALA",MO,71886,Kasarwada,15,,,पणजी,सावंतवाडी,61.7,11:30,13:30,NOBL,,,,
11082,"Panjim To Sawantwadi Via Majgaon Nala",Panjim,Sawantwadi,"MAJGAON NALA",MO,71890,Kolwal,18,,,पणजी,सावंतवाडी,61.7,11:30,13:30,NOBL,,,,
11082,"Panjim To Sawantwadi Via Majgaon Nala",Panjim,Sawantwadi,"MAJGAON NALA",MO,71873,Dhargal,20.5,,,पणजी,सावंतवाडी,61.7,11:30,13:30,NOBL,,,,
11082,"Panjim To Sawantwadi Via Majgaon Nala",Panjim,Sawantwadi,"MAJGAON NALA",MO,71901,Malpe,28,,,पणजी,सावंतवाडी,61.7,11:30,13:30,NOBL,,,,
11082,"Panjim To Sawantwadi Via Majgaon Nala",Panjim,Sawantwadi,"MAJGAON NALA",MO,71937,Pernem,30,,,पणजी,सावंतवाडी,61.7,11:30,13:30,NOBL,,,,
11082,"Panjim To Sawantwadi Via Majgaon Nala",Panjim,Sawantwadi,"MAJGAON NALA",MO,71922,Naibag,34,,,पणजी,सावंतवाडी,61.7,11:30,13:30,NOBL,,,,
11082,"Panjim To Sawantwadi Via Majgaon Nala",Panjim,Sawantwadi,"MAJGAON NALA",MO,71936,Poraskadem,36.3,,,पणजी,सावंतवाडी,61.7,11:30,13:30,NOBL,,,,
11082,"Panjim To Sawantwadi Via Majgaon Nala",Panjim,Sawantwadi,"MAJGAON NALA",MO,71958,Ugavem,39,,,पणजी,सावंतवाडी,61.7,11:30,13:30,NOBL,,,,
11082,"Panjim To Sawantwadi Via Majgaon Nala",Panjim,Sawantwadi,"MAJGAON NALA",MO,71956,Torsem,41,,,पणजी,सावंतवाडी,61.7,11:30,13:30,NOBL,,,,
11082,"Panjim To Sawantwadi Via Majgaon Nala",Panjim,Sawantwadi,"MAJGAON NALA",MO,71876,Galel,43,,,पणजी,सावंतवाडी,61.7,11:30,13:30,NOBL,,,,
11082,"Panjim To Sawantwadi Via Majgaon Nala",Panjim,Sawantwadi,"MAJGAON NALA",MO,71926,Patradevi,43.5,,,पणजी,सावंतवाडी,61.7,11:30,13:30,NOBL,,,,
11082,"Panjim To Sawantwadi Via Majgaon Nala",Panjim,Sawantwadi,"MAJGAON NALA",MO,8486,Banda,46.7,,,पणजी,सावंतवाडी,61.7,11:30,13:30,NOBL,,,,
11082,"Panjim To Sawantwadi Via Majgaon Nala",Panjim,Sawantwadi,"MAJGAON NALA",MO,8499,"Doba Shel",52.8,,,पणजी,सावंतवाडी,61.7,11:30,13:30,NOBL,,,,
11082,"Panjim To Sawantwadi Via Majgaon Nala",Panjim,Sawantwadi,"MAJGAON NALA",MO,8578,"Majgaon Nala",56.1,,,पणजी,सावंतवाडी,61.7,11:30,13:30,NOBL,,,,
11082,"Panjim To Sawantwadi Via Majgaon Nala",Panjim,Sawantwadi,"MAJGAON NALA",MO,8663,Sawantwadi,59.3,,,पणजी,सावंतवाडी,61.7,11:30,13:30,NOBL,,,,
18541,"Kudal St Depot To Sawantwadi","Kudal St Depot",Sawantwadi,,MO,6240,"Kudal St Depot",,,,कुडाळ,सावंतवाडी,22.2,18:05,18:45,NOBL,,,,
18541,"Kudal St Depot To Sawantwadi","Kudal St Depot",Sawantwadi,,MO,6237,"Kudal St Depot",1.5,,,कुडाळ,सावंतवाडी,22.2,18:05,18:45,NOBL,,,,
18541,"Kudal St Depot To Sawantwadi","Kudal St Depot",Sawantwadi,,MO,6302,"Modka Wad Pinguli",3.5,,,कुडाळ,सावंतवाडी,22.2,18:05,18:45,NOBL,,,,
18541,"Kudal St Depot To Sawantwadi","Kudal St Depot",Sawantwadi,,MO,6376,"Pinguli Titha",6.1,,,कुडाळ,सावंतवाडी,22.2,18:05,18:45,NOBL,,,,
18541,"Kudal St Depot To Sawantwadi","Kudal St Depot",Sawantwadi,,MO,6126,Bibavane,6.7,,,कुडाळ,सावंतवाडी,22.2,18:05,18:45,NOBL,,,,
18541,"Kudal St Depot To Sawantwadi","Kudal St Depot",Sawantwadi,,MO,6322,"Mandkuli Fata",6.7,,,कुडाळ,सावंतवाडी,22.2,18:05,18:45,NOBL,,,,
18541,"Kudal St Depot To Sawantwadi","Kudal St Depot",Sawantwadi,,MO,6315,"Mile Stone",7.2,,,कुडाळ,सावंतवाडी,22.2,18:05,18:45,NOBL,,,,
18541,"Kudal St Depot To Sawantwadi","Kudal St Depot",Sawantwadi,,MO,6441,"Terse Bambarde Fata",8.4,,,कुडाळ,सावंतवाडी,22.2,18:05,18:45,NOBL,,,,
18541,"Kudal St Depot To Sawantwadi","Kudal St Depot",Sawantwadi,,MO,6474,"Zharap Titha",11.4,,,कुडाळ,सावंतवाडी,22.2,18:05,18:45,NOBL,,,,
18541,"Kudal St Depot To Sawantwadi","Kudal St Depot",Sawantwadi,,MO,6473,"Zarap Jambhal",12.2,,,कुडाळ,सावंतवाडी,22.2,18:05,18:45,NOBL,,,,
18541,"Kudal St Depot To Sawantwadi","Kudal St Depot",Sawantwadi,,MO,6231,"Khan Mohalla",13.7,,,कुडाळ,सावंतवाडी,22.2,18:05,18:45,NOBL,,,,
18541,"Kudal St Depot To Sawantwadi","Kudal St Depot",Sawantwadi,,MO,6205,Humras,14.2,,,कुडाळ,सावंतवाडी,22.2,18:05,18:45,NOBL,,,,
18541,"Kudal St Depot To Sawantwadi","Kudal St Depot",Sawantwadi,,MO,6101,Akeri,15.9,,,कुडाळ,सावंतवाडी,22.2,18:05,18:45,NOBL,,,,
18541,"Kudal St Depot To Sawantwadi","Kudal St Depot",Sawantwadi,,MO,8551,"Kolgaon Thita",18.5,,,कुडाळ,सावंतवाडी,22.2,18:05,18:45,NOBL,,,,
18541,"Kudal St Depot To Sawantwadi","Kudal St Depot",Sawantwadi,,MO,8663,Sawantwadi,22.2,,,कुडाळ,सावंतवाडी,22.2,18:05,18:45,NOBL,,,,
18773,"Shivapur High School To Sawantwadi","Shivapur High School",Sawantwadi,,MO,6425,"Shivapur High School",,,,शिवापूर,सावंतवाडी,38.6,15:30,17:10,ST,,,,
18773,"Shivapur High School To Sawantwadi","Shivapur High School",Sawantwadi,,MO,6420,"Shivapur Chaloba",3,,,शिवापूर,सावंतवाडी,38.6,15:30,17:10,ST,,,,
18773,"Shivapur High School To Sawantwadi","Shivapur High School",Sawantwadi,,MO,6406,"Satichi Wadi",3.6,,,शिवापूर,सावंतवाडी,38.6,15:30,17:10,ST,,,,
18773,"Shivapur High School To Sawantwadi","Shivapur High School",Sawantwadi,,MO,6465,"Weerwadi Highschool",5,,,शिवापूर,सावंतवाडी,38.6,15:30,17:10,ST,,,,
18773,"Shivapur High School To Sawantwadi","Shivapur High School",Sawantwadi,,MO,6471,"Wasoli Mandir",6.8,,,शिवापूर,सावंतवाडी,38.6,15:30,17:10,ST,,,,
18773,"Shivapur High School To Sawantwadi","Shivapur High School",Sawantwadi,,MO,6472,"Wasoli Khochare Dukan",7.5,,,शिवापूर,सावंतवाडी,38.6,15:30,17:10,ST,,,,
18773,"Shivapur High School To Sawantwadi","Shivapur High School",Sawantwadi,,MO,6098,"Anjiwade Fata",9.7,,,शिवापूर,सावंतवाडी,38.6,15:30,17:10,ST,,,,
18773,"Shivapur High School To Sawantwadi","Shivapur High School",Sawantwadi,,MO,6161,Dukanwad,10.3,,,शिवापूर,सावंतवाडी,38.6,15:30,17:10,ST,,,,
18773,"Shivapur High School To Sawantwadi","Shivapur High School",Sawantwadi,,MO,6148,"Chafeli Nursery",12.9,,,शिवापूर,सावंतवाडी,38.6,15:30,17:10,ST,,,,
18773,"Shivapur High School To Sawantwadi","Shivapur High School",Sawantwadi,,MO,6273,Kerawade,16,,,शिवापूर,सावंतवाडी,38.6,15:30,17:10,ST,,,,
18773,"Shivapur High School To Sawantwadi","Shivapur High School",Sawantwadi,,MO,6344,"Nileli Nursery",17.6,,,शिवापूर,सावंतवाडी,38.6,15:30,17:10,ST,,,,
18773,"Shivapur High School To Sawantwadi","Shivapur High School",Sawantwadi,,MO,6339,"Nileli Gani Dukan",18.5,,,शिवापूर,सावंतवाडी,38.6,15:30,17:10,ST,,,,
18773,"Shivapur High School To Sawantwadi","Shivapur High School",Sawantwadi,,MO,6190,"Gothos Titha",19,,,शिवापूर,सावंतवाडी,38.6,15:30,17:10,ST,,,,
18773,"Shivapur High School To Sawantwadi","Shivapur High School",Sawantwadi,,MO,6464,"Wados Bazar",19.9,,,शिवापूर,सावंतवाडी,38.6,15:30,17:10,ST,,,,
18773,"Shivapur High School To Sawantwadi","Shivapur High School",Sawantwadi,,MO,6463,"Wados Gpo",23,,,शिवापूर,सावंतवाडी,38.6,15:30,17:10,ST,,,,
18773,"Shivapur High School To Sawantwadi","Shivapur High School",Sawantwadi,,MO,6092,Amberi,24,,,शिवापूर,सावंतवाडी,38.6,15:30,17:10,ST,,,,
18773,"Shivapur High School To Sawantwadi","Shivapur High School",Sawantwadi,,MO,6319,"Mangaon Phc",25,,,शिवापूर,सावंतवाडी,38.6,15:30,17:10,ST,,,,
18773,"Shivapur High School To Sawantwadi","Shivapur High School",Sawantwadi,,MO,6317,Mangaon,26.4,,,शिवापूर,सावंतवाडी,38.6,15:30,17:10,ST,,,,
18773,"Shivapur High School To Sawantwadi","Shivapur High School",Sawantwadi,,MO,6323,"Mangaon Titha",28.3,,,शिवापूर,सावंतवाडी,38.6,15:30,17:10,ST,,,,
18773,"Shivapur High School To Sawantwadi","Shivapur High School",Sawantwadi,,MO,6162,Dholkarwadi,29.2,,,शिवापूर,सावंतवाडी,38.6,15:30,17:10,ST,,,,
18773,"Shivapur High School To Sawantwadi","Shivapur High School",Sawantwadi,,MO,6207,"Humras Fata",31,,,शिवापूर,सावंतवाडी,38.6,15:30,17:10,ST,,,,
18773,"Shivapur High School To Sawantwadi","Shivapur High School",Sawantwadi,,MO,6101,Akeri,32.7,,,शिवापूर,सावंतवाडी,38.6,15:30,17:10,ST,,,,
18773,"Shivapur High School To Sawantwadi","Shivapur High School",Sawantwadi,,MO,8551,"Kolgaon Thita",34.9,,,शिवापूर,सावंतवाडी,38.6,15:30,17:10,ST,,,,
18773,"Shivapur High School To Sawantwadi","Shivapur High School",Sawantwadi,,MO,8663,Sawantwadi,38.6,,,शिवापूर,सावंतवाडी,38.6,15:30,17:10,ST,,,,
39180,"Sawantwadi To Kolhapur Via Danoli",Sawantwadi,Kolhapur,DANOLI,MO,8663,Sawantwadi,,,,सावंतवाडी,कोल्हापुर,149.6,08:00,12:30,NOBL,,,,
39180,"Sawantwadi To Kolhapur Via Danoli",Sawantwadi,Kolhapur,DANOLI,MO,8570,Madkhol,7.9,,,सावंतवाडी,कोल्हापुर,149.6,08:00,12:30,NOBL,,,,
39180,"Sawantwadi To Kolhapur Via Danoli",Sawantwadi,Kolhapur,DANOLI,MO,8569,"Madkhol Met",9,,,सावंतवाडी,कोल्हापुर,149.6,08:00,12:30,NOBL,,,,
39180,"Sawantwadi To Kolhapur Via Danoli",Sawantwadi,Kolhapur,DANOLI,MO,8496,"Dhawadaki Datta Mandir",10.6,,,सावंतवाडी,कोल्हापुर,149.6,08:00,12:30,NOBL,,,,
39180,"Sawantwadi To Kolhapur Via Danoli",Sawantwadi,Kolhapur,DANOLI,MO,8510,Danoli,13.1,,,सावंतवाडी,कोल्हापुर,149.6,08:00,12:30,NOBL,,,,
39180,"Sawantwadi To Kolhapur Via Danoli",Sawantwadi,Kolhapur,DANOLI,MO,8564,Kumbheshwar,15,,,सावंतवाडी,कोल्हापुर,149.6,08:00,12:30,NOBL,,,,
39180,"Sawantwadi To Kolhapur Via Danoli",Sawantwadi,Kolhapur,DANOLI,MO,8607,Nanapani,21,,,सावंतवाडी,कोल्हापुर,149.6,08:00,12:30,NOBL,,,,
39180,"Sawantwadi To Kolhapur Via Danoli",Sawantwadi,Kolhapur,DANOLI,MO,8679,"Water Fall",26,,,सावंतवाडी,कोल्हापुर,149.6,08:00,12:30,NOBL,,,,
39180,"Sawantwadi To Kolhapur Via Danoli",Sawantwadi,Kolhapur,DANOLI,MO,8470,Amboli,29.5,,,सावंतवाडी,कोल्हापुर,149.6,08:00,12:30,NOBL,,,,
39180,"Sawantwadi To Kolhapur Via Danoli",Sawantwadi,Kolhapur,DANOLI,MO,8582,Mulvanwadi,33,,,सावंतवाडी,कोल्हापुर,149.6,08:00,12:30,NOBL,,,,
39180,"Sawantwadi To Kolhapur Via Danoli",Sawantwadi,Kolhapur,DANOLI,MO,8473,"Ajra Fata",36,,,सावंतवाडी,कोल्हापुर,149.6,08:00,12:30,NOBL,,,,
39180,"Sawantwadi To Kolhapur Via Danoli",Sawantwadi,Kolhapur,DANOLI,MO,8606,"Nangartas Awate Dukan",38.8,,,सावंतवाडी,कोल्हापुर,149.6,08:00,12:30,NOBL,,,,
39180,"Sawantwadi To Kolhapur Via Danoli",Sawantwadi,Kolhapur,DANOLI,MO,24833,Menon,41.6,,,सावंतवाडी,कोल्हापुर,149.6,08:00,12:30,NOBL,,,,
39180,"Sawantwadi To Kolhapur Via Danoli",Sawantwadi,Kolhapur,DANOLI,MO,23762,Ghatkarwadi,42.7,,,सावंतवाडी,कोल्हापुर,149.6,08:00,12:30,NOBL,,,,
39180,"Sawantwadi To Kolhapur Via Danoli",Sawantwadi,Kolhapur,DANOLI,MO,23010,Ajara,45.1,,,सावंतवाडी,कोल्हापुर,149.6,08:00,12:30,NOBL,,,,
39180,"Sawantwadi To Kolhapur Via Danoli",Sawantwadi,Kolhapur,DANOLI,MO,25615,Suleran,47.1,,,सावंतवाडी,कोल्हापुर,149.6,08:00,12:30,NOBL,,,,
39180,"Sawantwadi To Kolhapur Via Danoli",Sawantwadi,Kolhapur,DANOLI,MO,23872,Gavase,50.5,,,सावंतवाडी,कोल्हापुर,149.6,08:00,12:30,NOBL,,,,
39180,"Sawantwadi To Kolhapur Via Danoli",Sawantwadi,Kolhapur,DANOLI,MO,23376,Chaloba,50.6,,,सावंतवाडी,कोल्हापुर,149.6,08:00,12:30,NOBL,,,,
39180,"Sawantwadi To Kolhapur Via Danoli",Sawantwadi,Kolhapur,DANOLI,MO,23949,Hololi,56.1,,,सावंतवाडी,कोल्हापुर,149.6,08:00,12:30,NOBL,,,,
39180,"Sawantwadi To Kolhapur Via Danoli",Sawantwadi,Kolhapur,DANOLI,MO,24689,Masoli,59.7,,,सावंतवाडी,कोल्हापुर,149.6,08:00,12:30,NOBL,,,,
39180,"Sawantwadi To Kolhapur Via Danoli",Sawantwadi,Kolhapur,DANOLI,MO,23010,Ajara,62.1,,,सावंतवाडी,कोल्हापुर,149.6,08:00,12:30,NOBL,,,,
39180,"Sawantwadi To Kolhapur Via Danoli",Sawantwadi,Kolhapur,DANOLI,MO,25929,"Uttur Titha",70.7,,,सावंतवाडी,कोल्हापुर,149.6,08:00,12:30,NOBL,,,,
39180,"Sawantwadi To Kolhapur Via Danoli",Sawantwadi,Kolhapur,DANOLI,MO,23909,Helewadi,74.1,,,सावंतवाडी,कोल्हापुर,149.6,08:00,12:30,NOBL,,,,
39180,"Sawantwadi To Kolhapur Via Danoli",Sawantwadi,Kolhapur,DANOLI,MO,25924,Uttur,80.1,,,सावंतवाडी,कोल्हापुर,149.6,08:00,12:30,NOBL,,,,
39180,"Sawantwadi To Kolhapur Via Danoli",Sawantwadi,Kolhapur,DANOLI,MO,23194,"Bugate Alur",88,,,सावंतवाडी,कोल्हापुर,149.6,08:00,12:30,NOBL,,,,
39180,"Sawantwadi To Kolhapur Via Danoli",Sawantwadi,Kolhapur,DANOLI,MO,73922,"Nagnur Krt Border",89,,,सावंतवाडी,कोल्हापुर,149.6,08:00,12:30,NOBL,,,,
39180,"Sawantwadi To Kolhapur Via Danoli",Sawantwadi,Kolhapur,DANOLI,MO,74197,Tawandi,98,,,सावंतवाडी,कोल्हापुर,149.6,08:00,12:30,NOBL,,,,
39180,"Sawantwadi To Kolhapur Via Danoli",Sawantwadi,Kolhapur,DANOLI,MO,73937,Nipani,100,,,सावंतवाडी,कोल्हापुर,149.6,08:00,12:30,NOBL,,,,
39180,"Sawantwadi To Kolhapur Via Danoli",Sawantwadi,Kolhapur,DANOLI,MO,74109,Soundalga,115,,,सावंतवाडी,कोल्हापुर,149.6,08:00,12:30,NOBL,,,,
39180,"Sawantwadi To Kolhapur Via Danoli",Sawantwadi,Kolhapur,DANOLI,MO,73718,Kognoli,120.9,,,सावंतवाडी,कोल्हापुर,149.6,08:00,12:30,NOBL,,,,
39180,"Sawantwadi To Kolhapur Via Danoli",Sawantwadi,Kolhapur,DANOLI,MO,73608,Kagal,121,,,सावंतवाडी,कोल्हापुर,149.6,08:00,12:30,NOBL,,,,
39180,"Sawantwadi To Kolhapur Via Danoli",Sawantwadi,Kolhapur,DANOLI,MO,24283,Kagal,123,,,सावंतवाडी,कोल्हापुर,149.6,08:00,12:30,NOBL,,,,
39180,"Sawantwadi To Kolhapur Via Danoli",Sawantwadi,Kolhapur,DANOLI,MO,24756,Ms,128,,,सावंतवाडी,कोल्हापुर,149.6,08:00,12:30,NOBL,,,,
39180,"Sawantwadi To Kolhapur Via Danoli",Sawantwadi,Kolhapur,DANOLI,MO,25908,"Ujaliwadi Fata",143,,,सावंतवाडी,कोल्हापुर,149.6,08:00,12:30,NOBL,,,,
39180,"Sawantwadi To Kolhapur Via Danoli",Sawantwadi,Kolhapur,DANOLI,MO,24359,Kolhapur,149.6,,,सावंतवाडी,कोल्हापुर,149.6,08:00,12:30,NOBL,,,,
404,"Sawantwadi To Tuljapur",Sawantwadi,Tuljapur,,MO,8663,Sawantwadi,,,,सावंतवाडी,कोल्हापुर,149.6,09:00,01:33,NOBL,,,,
404,"Sawantwadi To Tuljapur",Sawantwadi,Tuljapur,,MO,8488,"Burdi Pul",3,,,सावंतवाडी,कोल्हापुर,149.6,09:00,01:33,NOBL,,,,
404,"Sawantwadi To Tuljapur",Sawantwadi,Tuljapur,,MO,8653,"Sapale Stop",5.9,,,सावंतवाडी,कोल्हापुर,149.6,09:00,01:33,NOBL,,,,
404,"Sawantwadi To Tuljapur",Sawantwadi,Tuljapur,,MO,8570,Madkhol,6.5,,,सावंतवाडी,कोल्हापुर,149.6,09:00,01:33,NOBL,,,,
404,"Sawantwadi To Tuljapur",Sawantwadi,Tuljapur,,MO,8569,"Madkhol Met",9,,,सावंतवाडी,कोल्हापुर,149.6,09:00,01:33,NOBL,,,,
404,"Sawantwadi To Tuljapur",Sawantwadi,Tuljapur,,MO,8505,Dhawadki,10.6,,,सावंतवाडी,कोल्हापुर,149.6,09:00,01:33,NOBL,,,,
404,"Sawantwadi To Tuljapur",Sawantwadi,Tuljapur,,MO,8510,Danoli,13.1,,,सावंतवाडी,कोल्हापुर,149.6,09:00,01:33,NOBL,,,,
404,"Sawantwadi To Tuljapur",Sawantwadi,Tuljapur,,MO,8541,"Kumbheshwar Gpo",15,,,सावंतवाडी,कोल्हापुर,149.6,09:00,01:33,NOBL,,,,
404,"Sawantwadi To Tuljapur",Sawantwadi,Tuljapur,,MO,8607,Nanapani,16,,,सावंतवाडी,कोल्हापुर,149.6,09:00,01:33,NOBL,,,,
404,"Sawantwadi To Tuljapur",Sawantwadi,Tuljapur,,MO,8470,Amboli,29.5,,,सावंतवाडी,कोल्हापुर,149.6,09:00,01:33,NOBL,,,,
404,"Sawantwadi To Tuljapur",Sawantwadi,Tuljapur,,MO,8582,Mulvanwadi,31,,,सावंतवाडी,कोल्हापुर,149.6,09:00,01:33,NOBL,,,,
404,"Sawantwadi To Tuljapur",Sawantwadi,Tuljapur,,MO,8473,"Ajra Fata",36,,,सावंतवाडी,कोल्हापुर,149.6,09:00,01:33,NOBL,,,,
404,"Sawantwadi To Tuljapur",Sawantwadi,Tuljapur,,MO,8606,"Nangartas Awate Dukan",38.8,,,सावंतवाडी,कोल्हापुर,149.6,09:00,01:33,NOBL,,,,
404,"Sawantwadi To Tuljapur",Sawantwadi,Tuljapur,,MO,24833,Menon,40,,,सावंतवाडी,कोल्हापुर,149.6,09:00,01:33,NOBL,,,,
404,"Sawantwadi To Tuljapur",Sawantwadi,Tuljapur,,MO,23762,Ghatkarwadi,42.7,,,सावंतवाडी,कोल्हापुर,149.6,09:00,01:33,NOBL,,,,
404,"Sawantwadi To Tuljapur",Sawantwadi,Tuljapur,,MO,23585,Dhangarmala,43,,,सावंतवाडी,कोल्हापुर,149.6,09:00,01:33,NOBL,,,,
404,"Sawantwadi To Tuljapur",Sawantwadi,Tuljapur,,MO,25615,Suleran,44,,,सावंतवाडी,कोल्हापुर,149.6,09:00,01:33,NOBL,,,,
404,"Sawantwadi To Tuljapur",Sawantwadi,Tuljapur,,MO,23872,Gavase,50.5,,,सावंतवाडी,कोल्हापुर,149.6,09:00,01:33,NOBL,,,,
404,"Sawantwadi To Tuljapur",Sawantwadi,Tuljapur,,MO,23376,Chaloba,52,,,सावंतवाडी,कोल्हापुर,149.6,09:00,01:33,NOBL,,,,
404,"Sawantwadi To Tuljapur",Sawantwadi,Tuljapur,,MO,23952,"Haloli Fata",56.1,,,सावंतवाडी,कोल्हापुर,149.6,09:00,01:33,NOBL,,,,
404,"Sawantwadi To Tuljapur",Sawantwadi,Tuljapur,,MO,24689,Masoli,60,,,सावंतवाडी,कोल्हापुर,149.6,09:00,01:33,NOBL,,,,
404,"Sawantwadi To Tuljapur",Sawantwadi,Tuljapur,,MO,23010,Ajara,62.1,,,सावंतवाडी,कोल्हापुर,149.6,09:00,01:33,NOBL,,,,
404,"Sawantwadi To Tuljapur",Sawantwadi,Tuljapur,,MO,25527,"Sohale Fata",63,,,सावंतवाडी,कोल्हापुर,149.6,09:00,01:33,NOBL,,,,
404,"Sawantwadi To Tuljapur",Sawantwadi,Tuljapur,,MO,24646,Madilage,69,,,सावंतवाडी,कोल्हापुर,149.6,09:00,01:33,NOBL,,,,
404,"Sawantwadi To Tuljapur",Sawantwadi,Tuljapur,,MO,25930,"Uttur Fata",70,,,सावंतवाडी,कोल्हापुर,149.6,09:00,01:33,NOBL,,,,
404,"Sawantwadi To Tuljapur",Sawantwadi,Tuljapur,,MO,23880,"Halewadi Titta",74.1,,,सावंतवाडी,कोल्हापुर,149.6,09:00,01:33,NOBL,,,,
404,"Sawantwadi To Tuljapur",Sawantwadi,Tuljapur,,MO,25169,Pendharwadi,78.4,,,सावंतवाडी,कोल्हापुर,149.6,09:00,01:33,NOBL,,,,
404,"Sawantwadi To Tuljapur",Sawantwadi,Tuljapur,,MO,25924,Uttur,80.1,,,सावंतवाडी,कोल्हापुर,149.6,09:00,01:33,NOBL,,,,
404,"Sawantwadi To Tuljapur",Sawantwadi,Tuljapur,,MO,24825,"Mumewadi Titta",83.1,,,सावंतवाडी,कोल्हापुर,149.6,09:00,01:33,NOBL,,,,
404,"Sawantwadi To Tuljapur",Sawantwadi,Tuljapur,,MO,23238,Bhairewadi,85,,,सावंतवाडी,कोल्हापुर,149.6,09:00,01:33,NOBL,,,,
404,"Sawantwadi To Tuljapur",Sawantwadi,Tuljapur,,MO,23906,"Hadalge Fata",86,,,सावंतवाडी,कोल्हापुर,149.6,09:00,01:33,NOBL,,,,
404,"Sawantwadi To Tuljapur",Sawantwadi,Tuljapur,,MO,23194,"Bugate Alur",87,,,सावंतवाडी,कोल्हापुर,149.6,09:00,01:33,NOBL,,,,
404,"Sawantwadi To Tuljapur",Sawantwadi,Tuljapur,,MO,25035,Nangnur,88.9,,,सावंतवाडी,कोल्हापुर,149.6,09:00,01:33,NOBL,,,,
404,"Sawantwadi To Tuljapur",Sawantwadi,Tuljapur,,MO,24418,"Karnataka State Border",89,,,सावंतवाडी,कोल्हापुर,149.6,09:00,01:33,NOBL,,,,
404,"Sawantwadi To Tuljapur",Sawantwadi,Tuljapur,,MO,73986,"Rashing Karnatak State Border",89.1,,,सावंतवाडी,कोल्हापुर,149.6,09:00,01:33,NOBL,,,,
404,"Sawantwadi To Tuljapur",Sawantwadi,Tuljapur,,MO,73937,Nipani,110.5,,,सावंतवाडी,कोल्हापुर,149.6,09:00,01:33,NOBL,,,,
404,"Sawantwadi To Tuljapur",Sawantwadi,Tuljapur,,MO,86356,"Kognoli Toll Plaza",122,,,सावंतवाडी,कोल्हापुर,149.6,09:00,01:33,NOBL,,,,
404,"Sawantwadi To Tuljapur",Sawantwadi,Tuljapur,,MO,73718,Kognoli,123,,,सावंतवाडी,कोल्हापुर,149.6,09:00,01:33,NOBL,,,,
404,"Sawantwadi To Tuljapur",Sawantwadi,Tuljapur,,MO,74125,"State Border",123.5,,,सावंतवाडी,कोल्हापुर,149.6,09:00,01:33,NOBL,,,,
404,"Sawantwadi To Tuljapur",Sawantwadi,Tuljapur,,MO,25718,"State Border",124,,,सावंतवाडी,कोल्हापुर,149.6,09:00,01:33,NOBL,,,,
404,"Sawantwadi To Tuljapur",Sawantwadi,Tuljapur,,MO,24283,Kagal,125,,,सावंतवाडी,कोल्हापुर,149.6,09:00,01:33,NOBL,,,,
404,"Sawantwadi To Tuljapur",Sawantwadi,Tuljapur,,MO,24359,Kolhapur,146.6,,,सावंतवाडी,कोल्हापुर,149.6,09:00,01:33,NOBL,,,,
404,"Sawantwadi To Tuljapur",Sawantwadi,Tuljapur,,MO,25536,"Shahu Market Yard",152,,,सावंतवाडी,कोल्हापुर,149.6,09:00,01:33,NOBL,,,,
404,"Sawantwadi To Tuljapur",Sawantwadi,Tuljapur,,MO,25642,"Sangali Fata",155,,,सावंतवाडी,कोल्हापुर,149.6,09:00,01:33,NOBL,,,,
404,"Sawantwadi To Tuljapur",Sawantwadi,Tuljapur,,MO,24946,"Mouje Vadgaon Fata",158,,,सावंतवाडी,कोल्हापुर,149.6,09:00,01:33,NOBL,,,,
404,"Sawantwadi To Tuljapur",Sawantwadi,Tuljapur,,MO,23093,Atigre,164,,,सावंतवाडी,कोल्हापुर,149.6,09:00,01:33,NOBL,,,,
404,"Sawantwadi To Tuljapur",Sawantwadi,Tuljapur,,MO,23822,"Ghodawat Knowledge City",170,,,सावंतवाडी,कोल्हापुर,149.6,09:00,01:33,NOBL,,,,
404,"Sawantwadi To Tuljapur",Sawantwadi,Tuljapur,,MO,24013,Hatkanangale,171.9,,,सावंतवाडी,कोल्हापुर,149.6,09:00,01:33,NOBL,,,,
404,"Sawantwadi To Tuljapur",Sawantwadi,Tuljapur,,MO,24135,Jaisingpur,186.2,,,सावंतवाडी,कोल्हापुर,149.6,09:00,01:33,NOBL,,,,
404,"Sawantwadi To Tuljapur",Sawantwadi,Tuljapur,,MO,33636,Akali,190,,,सावंतवाडी,कोल्हापुर,149.6,09:00,01:33,NOBL,,,,
404,"Sawantwadi To Tuljapur",Sawantwadi,Tuljapur,,MO,34093,Sangli,196.3,,,सावंतवाडी,कोल्हापुर,149.6,09:00,01:33,NOBL,,,,
404,"Sawantwadi To Tuljapur",Sawantwadi,Tuljapur,,MO,34202,"Vishram Bag",200,,,सावंतवाडी,कोल्हापुर,149.6,09:00,01:33,NOBL,,,,
404,"Sawantwadi To Tuljapur",Sawantwadi,Tuljapur,,MO,33967,Miraj,207.5,,,सावंतवाडी,कोल्हापुर,149.6,09:00,01:33,NOBL,,,,
404,"Sawantwadi To Tuljapur",Sawantwadi,Tuljapur,,MO,34161,"Tasgoan Fata",211,,,सावंतवाडी,कोल्हापुर,149.6,09:00,01:33,NOBL,,,,
404,"Sawantwadi To Tuljapur",Sawantwadi,Tuljapur,,MO,33679,Bhose,221,,,सावंतवाडी,कोल्हापुर,149.6,09:00,01:33,NOBL,,,,
404,"Sawantwadi To Tuljapur",Sawantwadi,Tuljapur,,MO,32805,"Alkud Fata",228,,,सावंतवाडी,कोल्हापुर,149.6,09:00,01:33,NOBL,,,,
404,"Sawantwadi To Tuljapur",Sawantwadi,Tuljapur,,MO,32873,Kuchi,235,,,सावंतवाडी,कोल्हापुर,149.6,09:00,01:33,NOBL,,,,
404,"Sawantwadi To Tuljapur",Sawantwadi,Tuljapur,,MO,32950,Shirdhon,239,,,सावंतवाडी,कोल्हापुर,149.6,09:00,01:33,NOBL,,,,
404,"Sawantwadi To Tuljapur",Sawantwadi,Tuljapur,,MO,47614,"Nagaj Fata",241,,,सावंतवाडी,कोल्हापुर,149.6,09:00,01:33,NOBL,,,,
404,"Sawantwadi To Tuljapur",Sawantwadi,Tuljapur,,MO,47548,Junoni,242,,,सावंतवाडी,कोल्हापुर,149.6,09:00,01:33,NOBL,,,,
404,"Sawantwadi To Tuljapur",Sawantwadi,Tuljapur,,MO,47522,"Ghorpadi Fata.",242.5,,,सावंतवाडी,कोल्हापुर,149.6,09:00,01:33,NOBL,,,,
404,"Sawantwadi To Tuljapur",Sawantwadi,Tuljapur,,MO,47534,Hatit,250,,,सावंतवाडी,कोल्हापुर,149.6,09:00,01:33,NOBL,,,,
404,"Sawantwadi To Tuljapur",Sawantwadi,Tuljapur,,MO,47617,"Nazare Math",286.2,,,सावंतवाडी,कोल्हापुर,149.6,09:00,01:33,NOBL,,,,
404,"Sawantwadi To Tuljapur",Sawantwadi,Tuljapur,,MO,47679,Vatamare,290,,,सावंतवाडी,कोल्हापुर,149.6,09:00,01:33,NOBL,,,,
404,"Sawantwadi To Tuljapur",Sawantwadi,Tuljapur,,MO,47552,Kamalapur,293,,,सावंतवाडी,कोल्हापुर,149.6,09:00,01:33,NOBL,,,,
404,"Sawantwadi To Tuljapur",Sawantwadi,Tuljapur,,MO,47652,Sangola,302,,,सावंतवाडी,कोल्हापुर,149.6,09:00,01:33,NOBL,,,,
404,"Sawantwadi To Tuljapur",Sawantwadi,Tuljapur,,MO,43806,Khardi,303,,,सावंतवाडी,कोल्हापुर,149.6,09:00,01:33,NOBL,,,,
404,"Sawantwadi To Tuljapur",Sawantwadi,Tuljapur,,MO,43899,Pandharpur,336.1,,,सावंतवाडी,कोल्हापुर,149.6,09:00,01:33,NOBL,,,,
404,"Sawantwadi To Tuljapur",Sawantwadi,Tuljapur,,MO,43460,Mohol,375.5,,,सावंतवाडी,कोल्हापुर,149.6,09:00,01:33,NOBL,,,,
404,"Sawantwadi To Tuljapur",Sawantwadi,Tuljapur,,MO,48932,Solapur,407.4,,,सावंतवाडी,कोल्हापुर,149.6,09:00,01:33,NOBL,,,,
404,"Sawantwadi To Tuljapur",Sawantwadi,Tuljapur,,MO,49217,Hagalur,414,,,सावंतवाडी,कोल्हापुर,149.6,09:00,01:33,NOBL,,,,
404,"Sawantwadi To Tuljapur",Sawantwadi,Tuljapur,,MO,49719,Ule,419,,,सावंतवाडी,कोल्हापुर,149.6,09:00,01:33,NOBL,,,,
404,"Sawantwadi To Tuljapur",Sawantwadi,Tuljapur,,MO,49234,Karvandwadi,423,,,सावंतवाडी,कोल्हापुर,149.6,09:00,01:33,NOBL,,,,
404,"Sawantwadi To Tuljapur",Sawantwadi,Tuljapur,,MO,87659,"Taml Wadi",427,,,सावंतवाडी,कोल्हापुर,149.6,09:00,01:33,NOBL,,,,
404,"Sawantwadi To Tuljapur",Sawantwadi,Tuljapur,,MO,87641,Suratgaon,432,,,सावंतवाडी,कोल्हापुर,149.6,09:00,01:33,NOBL,,,,
404,"Sawantwadi To Tuljapur",Sawantwadi,Tuljapur,,MO,87326,Muktinagar,434,,,सावंतवाडी,कोल्हापुर,149.6,09:00,01:33,NOBL,,,,
404,"Sawantwadi To Tuljapur",Sawantwadi,Tuljapur,,MO,39718,Malumbra,436,,,सावंतवाडी,कोल्हापुर,149.6,09:00,01:33,NOBL,,,,
404,"Sawantwadi To Tuljapur",Sawantwadi,Tuljapur,,MO,76023,Tuljapur,454.6,,,सावंतवाडी,कोल्हापुर,149.6,09:00,01:33,NOBL,,,,
10918,"Kolhapur To Sawantwadi Via Danoli",Kolhapur,Sawantwadi,DANOLI,MO,24359,Kolhapur,,,,कोल्हापुर,सावंतवाडी,149.6,06:15,10:20,NOBL,,,,
10918,"Kolhapur To Sawantwadi Via Danoli",Kolhapur,Sawantwadi,DANOLI,MO,25908,"Ujaliwadi Fata",6.2,,,कोल्हापुर,सावंतवाडी,149.6,06:15,10:20,NOBL,,,,
10918,"Kolhapur To Sawantwadi Via Danoli",Kolhapur,Sawantwadi,DANOLI,MO,24283,Kagal,18,,,कोल्हापुर,सावंतवाडी,149.6,06:15,10:20,NOBL,,,,
10918,"Kolhapur To Sawantwadi Via Danoli",Kolhapur,Sawantwadi,DANOLI,MO,73608,Kagal,20,,,कोल्हापुर,सावंतवाडी,149.6,06:15,10:20,NOBL,,,,
10918,"Kolhapur To Sawantwadi Via Danoli",Kolhapur,Sawantwadi,DANOLI,MO,73718,Kognoli,25,,,कोल्हापुर,सावंतवाडी,149.6,06:15,10:20,NOBL,,,,
10918,"Kolhapur To Sawantwadi Via Danoli",Kolhapur,Sawantwadi,DANOLI,MO,74109,Soundalga,31,,,कोल्हापुर,सावंतवाडी,149.6,06:15,10:20,NOBL,,,,
10918,"Kolhapur To Sawantwadi Via Danoli",Kolhapur,Sawantwadi,DANOLI,MO,73937,Nipani,37,,,कोल्हापुर,सावंतवाडी,149.6,06:15,10:20,NOBL,,,,
10918,"Kolhapur To Sawantwadi Via Danoli",Kolhapur,Sawantwadi,DANOLI,MO,74197,Tawandi,44,,,कोल्हापुर,सावंतवाडी,149.6,06:15,10:20,NOBL,,,,
10918,"Kolhapur To Sawantwadi Via Danoli",Kolhapur,Sawantwadi,DANOLI,MO,74112,"Shirpur Bungalow",45,,,कोल्हापुर,सावंतवाडी,149.6,06:15,10:20,NOBL,,,,
10918,"Kolhapur To Sawantwadi Via Danoli",Kolhapur,Sawantwadi,DANOLI,MO,73922,"Nagnur Krt Border",52,,,कोल्हापुर,सावंतवाडी,149.6,06:15,10:20,NOBL,,,,
10918,"Kolhapur To Sawantwadi Via Danoli",Kolhapur,Sawantwadi,DANOLI,MO,23194,"Bugate Alur",57,,,कोल्हापुर,सावंतवाडी,149.6,06:15,10:20,NOBL,,,,
10918,"Kolhapur To Sawantwadi Via Danoli",Kolhapur,Sawantwadi,DANOLI,MO,25924,Uttur,69.5,,,कोल्हापुर,सावंतवाडी,149.6,06:15,10:20,NOBL,,,,
10918,"Kolhapur To Sawantwadi Via Danoli",Kolhapur,Sawantwadi,DANOLI,MO,23909,Helewadi,75.5,,,कोल्हापुर,सावंतवाडी,149.6,06:15,10:20,NOBL,,,,
10918,"Kolhapur To Sawantwadi Via Danoli",Kolhapur,Sawantwadi,DANOLI,MO,25929,"Uttur Titha",78.9,,,कोल्हापुर,सावंतवाडी,149.6,06:15,10:20,NOBL,,,,
10918,"Kolhapur To Sawantwadi Via Danoli",Kolhapur,Sawantwadi,DANOLI,MO,23010,Ajara,87.5,,,कोल्हापुर,सावंतवाडी,149.6,06:15,10:20,NOBL,,,,
10918,"Kolhapur To Sawantwadi Via Danoli",Kolhapur,Sawantwadi,DANOLI,MO,24689,Masoli,89.9,,,कोल्हापुर,सावंतवाडी,149.6,06:15,10:20,NOBL,,,,
10918,"Kolhapur To Sawantwadi Via Danoli",Kolhapur,Sawantwadi,DANOLI,MO,23949,Hololi,93.5,,,कोल्हापुर,सावंतवाडी,149.6,06:15,10:20,NOBL,,,,
10918,"Kolhapur To Sawantwadi Via Danoli",Kolhapur,Sawantwadi,DANOLI,MO,23376,Chaloba,99,,,कोल्हापुर,सावंतवाडी,149.6,06:15,10:20,NOBL,,,,
10918,"Kolhapur To Sawantwadi Via Danoli",Kolhapur,Sawantwadi,DANOLI,MO,23872,Gavase,99.1,,,कोल्हापुर,सावंतवाडी,149.6,06:15,10:20,NOBL,,,,
10918,"Kolhapur To Sawantwadi Via Danoli",Kolhapur,Sawantwadi,DANOLI,MO,25615,Suleran,102.5,,,कोल्हापुर,सावंतवाडी,149.6,06:15,10:20,NOBL,,,,
10918,"Kolhapur To Sawantwadi Via Danoli",Kolhapur,Sawantwadi,DANOLI,MO,23010,Ajara,103,,,कोल्हापुर,सावंतवाडी,149.6,06:15,10:20,NOBL,,,,
10918,"Kolhapur To Sawantwadi Via Danoli",Kolhapur,Sawantwadi,DANOLI,MO,23762,Ghatkarwadi,106.9,,,कोल्हापुर,सावंतवाडी,149.6,06:15,10:20,NOBL,,,,
10918,"Kolhapur To Sawantwadi Via Danoli",Kolhapur,Sawantwadi,DANOLI,MO,24833,Menon,108,,,कोल्हापुर,सावंतवाडी,149.6,06:15,10:20,NOBL,,,,
10918,"Kolhapur To Sawantwadi Via Danoli",Kolhapur,Sawantwadi,DANOLI,MO,8606,"Nangartas Awate Dukan",110.8,,,कोल्हापुर,सावंतवाडी,149.6,06:15,10:20,NOBL,,,,
10918,"Kolhapur To Sawantwadi Via Danoli",Kolhapur,Sawantwadi,DANOLI,MO,8473,"Ajra Fata",113.6,,,कोल्हापुर,सावंतवाडी,149.6,06:15,10:20,NOBL,,,,
10918,"Kolhapur To Sawantwadi Via Danoli",Kolhapur,Sawantwadi,DANOLI,MO,8582,Mulvanwadi,116.6,,,कोल्हापुर,सावंतवाडी,149.6,06:15,10:20,NOBL,,,,
10918,"Kolhapur To Sawantwadi Via Danoli",Kolhapur,Sawantwadi,DANOLI,MO,8470,Amboli,120.1,,,कोल्हापुर,सावंतवाडी,149.6,06:15,10:20,NOBL,,,,
10918,"Kolhapur To Sawantwadi Via Danoli",Kolhapur,Sawantwadi,DANOLI,MO,8679,"Water Fall",124,,,कोल्हापुर,सावंतवाडी,149.6,06:15,10:20,NOBL,,,,
10918,"Kolhapur To Sawantwadi Via Danoli",Kolhapur,Sawantwadi,DANOLI,MO,8607,Nanapani,128.6,,,कोल्हापुर,सावंतवाडी,149.6,06:15,10:20,NOBL,,,,
10918,"Kolhapur To Sawantwadi Via Danoli",Kolhapur,Sawantwadi,DANOLI,MO,8564,Kumbheshwar,134.6,,,कोल्हापुर,सावंतवाडी,149.6,06:15,10:20,NOBL,,,,
10918,"Kolhapur To Sawantwadi Via Danoli",Kolhapur,Sawantwadi,DANOLI,MO,8510,Danoli,136.5,,,कोल्हापुर,सावंतवाडी,149.6,06:15,10:20,NOBL,,,,
10918,"Kolhapur To Sawantwadi Via Danoli",Kolhapur,Sawantwadi,DANOLI,MO,8496,"Dhawadaki Datta Mandir",139,,,कोल्हापुर,सावंतवाडी,149.6,06:15,10:20,NOBL,,,,
10918,"Kolhapur To Sawantwadi Via Danoli",Kolhapur,Sawantwadi,DANOLI,MO,8569,"Madkhol Met",140.6,,,कोल्हापुर,सावंतवाडी,149.6,06:15,10:20,NOBL,,,,
10918,"Kolhapur To Sawantwadi Via Danoli",Kolhapur,Sawantwadi,DANOLI,MO,8570,Madkhol,141.7,,,कोल्हापुर,सावंतवाडी,149.6,06:15,10:20,NOBL,,,,
10918,"Kolhapur To Sawantwadi Via Danoli",Kolhapur,Sawantwadi,DANOLI,MO,8663,Sawantwadi,149.6,,,कोल्हापुर,सावंतवाडी,149.6,06:15,10:20,NOBL,,,,
11078,"Narsobavadi To Sawantwadi",Narsobavadi,Sawantwadi,,MO,25052,Narsobavadi,,,,,सावंतवाडी,206,06:45,12:55,NOBL,,,,
11078,"Narsobavadi To Sawantwadi",Narsobavadi,Sawantwadi,,MO,25700,Shirol,6,,,,सावंतवाडी,206,06:45,12:55,NOBL,,,,
11078,"Narsobavadi To Sawantwadi",Narsobavadi,Sawantwadi,,MO,24135,Jaisingpur,15,,,,सावंतवाडी,206,06:45,12:55,NOBL,,,,
11078,"Narsobavadi To Sawantwadi",Narsobavadi,Sawantwadi,,MO,24013,Hatkanangale,32,,,,सावंतवाडी,206,06:45,12:55,NOBL,,,,
11078,"Narsobavadi To Sawantwadi",Narsobavadi,Sawantwadi,,MO,25591,Shiroli,50,,,,सावंतवाडी,206,06:45,12:55,NOBL,,,,
11078,"Narsobavadi To Sawantwadi",Narsobavadi,Sawantwadi,,MO,24904,"Market Yard",53,,,,सावंतवाडी,206,06:45,12:55,NOBL,,,,
11078,"Narsobavadi To Sawantwadi",Narsobavadi,Sawantwadi,,MO,24359,Kolhapur,56.4,,,,सावंतवाडी,206,06:45,12:55,NOBL,,,,
11078,"Narsobavadi To Sawantwadi",Narsobavadi,Sawantwadi,,MO,24283,Kagal,70.5,,,,सावंतवाडी,206,06:45,12:55,NOBL,,,,
11078,"Narsobavadi To Sawantwadi",Narsobavadi,Sawantwadi,,MO,73608,Kagal,74.4,,,,सावंतवाडी,206,06:45,12:55,NOBL,,,,
11078,"Narsobavadi To Sawantwadi",Narsobavadi,Sawantwadi,,MO,86356,"Kognoli Toll Plaza",75,,,,सावंतवाडी,206,06:45,12:55,NOBL,,,,
11078,"Narsobavadi To Sawantwadi",Narsobavadi,Sawantwadi,,MO,73718,Kognoli,80.4,,,,सावंतवाडी,206,06:45,12:55,NOBL,,,,
11078,"Narsobavadi To Sawantwadi",Narsobavadi,Sawantwadi,,MO,74109,Soundalga,86.4,,,,सावंतवाडी,206,06:45,12:55,NOBL,,,,
11078,"Narsobavadi To Sawantwadi",Narsobavadi,Sawantwadi,,MO,73937,Nipani,91.7,,,,सावंतवाडी,206,06:45,12:55,NOBL,,,,
11078,"Narsobavadi To Sawantwadi",Narsobavadi,Sawantwadi,,MO,74181,"Tawandi Fata",97.4,,,,सावंतवाडी,206,06:45,12:55,NOBL,,,,
11078,"Narsobavadi To Sawantwadi",Narsobavadi,Sawantwadi,,MO,74112,"Shirpur Bungalow",98.4,,,,सावंतवाडी,206,06:45,12:55,NOBL,,,,
11078,"Narsobavadi To Sawantwadi",Narsobavadi,Sawantwadi,,MO,73933,Nangnur,107.4,,,,सावंतवाडी,206,06:45,12:55,NOBL,,,,
11078,"Narsobavadi To Sawantwadi",Narsobavadi,Sawantwadi,,MO,23194,"Bugate Alur",113.4,,,,सावंतवाडी,206,06:45,12:55,NOBL,,,,
11078,"Narsobavadi To Sawantwadi",Narsobavadi,Sawantwadi,,MO,23905,"Hadalge Fata",116.4,,,,सावंतवाडी,206,06:45,12:55,NOBL,,,,
11078,"Narsobavadi To Sawantwadi",Narsobavadi,Sawantwadi,,MO,25924,Uttur,125.9,,,,सावंतवाडी,206,06:45,12:55,NOBL,,,,
11078,"Narsobavadi To Sawantwadi",Narsobavadi,Sawantwadi,,MO,25169,Pendharwadi,127.6,,,,सावंतवाडी,206,06:45,12:55,NOBL,,,,
11078,"Narsobavadi To Sawantwadi",Narsobavadi,Sawantwadi,,MO,23946,Halewadi,131.9,,,,सावंतवाडी,206,06:45,12:55,NOBL,,,,
11078,"Narsobavadi To Sawantwadi",Narsobavadi,Sawantwadi,,MO,25930,"Uttur Fata",135.3,,,,सावंतवाडी,206,06:45,12:55,NOBL,,,,
11078,"Narsobavadi To Sawantwadi",Narsobavadi,Sawantwadi,,MO,24646,Madilage,137,,,,सावंतवाडी,206,06:45,12:55,NOBL,,,,
11078,"Narsobavadi To Sawantwadi",Narsobavadi,Sawantwadi,,MO,25676,Sohale,140.9,,,,सावंतवाडी,206,06:45,12:55,NOBL,,,,
11078,"Narsobavadi To Sawantwadi",Narsobavadi,Sawantwadi,,MO,23010,Ajara,143.9,,,,सावंतवाडी,206,06:45,12:55,NOBL,,,,
11078,"Narsobavadi To Sawantwadi",Narsobavadi,Sawantwadi,,MO,24689,Masoli,146.3,,,,सावंतवाडी,206,06:45,12:55,NOBL,,,,
11078,"Narsobavadi To Sawantwadi",Narsobavadi,Sawantwadi,,MO,23949,Hololi,149.9,,,,सावंतवाडी,206,06:45,12:55,NOBL,,,,
11078,"Narsobavadi To Sawantwadi",Narsobavadi,Sawantwadi,,MO,23376,Chaloba,155.4,,,,सावंतवाडी,206,06:45,12:55,NOBL,,,,
11078,"Narsobavadi To Sawantwadi",Narsobavadi,Sawantwadi,,MO,23872,Gavase,157,,,,सावंतवाडी,206,06:45,12:55,NOBL,,,,
11078,"Narsobavadi To Sawantwadi",Narsobavadi,Sawantwadi,,MO,25615,Suleran,158.9,,,,सावंतवाडी,206,06:45,12:55,NOBL,,,,
11078,"Narsobavadi To Sawantwadi",Narsobavadi,Sawantwadi,,MO,23585,Dhangarmala,159.4,,,,सावंतवाडी,206,06:45,12:55,NOBL,,,,
11078,"Narsobavadi To Sawantwadi",Narsobavadi,Sawantwadi,,MO,23762,Ghatkarwadi,163.3,,,,सावंतवाडी,206,06:45,12:55,NOBL,,,,
11078,"Narsobavadi To Sawantwadi",Narsobavadi,Sawantwadi,,MO,24833,Menon,164.4,,,,सावंतवाडी,206,06:45,12:55,NOBL,,,,
11078,"Narsobavadi To Sawantwadi",Narsobavadi,Sawantwadi,,MO,8606,"Nangartas Awate Dukan",167.2,,,,सावंतवाडी,206,06:45,12:55,NOBL,,,,
11078,"Narsobavadi To Sawantwadi",Narsobavadi,Sawantwadi,,MO,8473,"Ajra Fata",170,,,,सावंतवाडी,206,06:45,12:55,NOBL,,,,
11078,"Narsobavadi To Sawantwadi",Narsobavadi,Sawantwadi,,MO,8582,Mulvanwadi,173,,,,सावंतवाडी,206,06:45,12:55,NOBL,,,,
11078,"Narsobavadi To Sawantwadi",Narsobavadi,Sawantwadi,,MO,8470,Amboli,176.5,,,,सावंतवाडी,206,06:45,12:55,NOBL,,,,
11078,"Narsobavadi To Sawantwadi",Narsobavadi,Sawantwadi,,MO,8607,Nanapani,185,,,,सावंतवाडी,206,06:45,12:55,NOBL,,,,
11078,"Narsobavadi To Sawantwadi",Narsobavadi,Sawantwadi,,MO,8510,Danoli,192.9,,,,सावंतवाडी,206,06:45,12:55,NOBL,,,,
11078,"Narsobavadi To Sawantwadi",Narsobavadi,Sawantwadi,,MO,8505,Dhawadki,195.4,,,,सावंतवाडी,206,06:45,12:55,NOBL,,,,
11078,"Narsobavadi To Sawantwadi",Narsobavadi,Sawantwadi,,MO,8569,"Madkhol Met",197,,,,सावंतवाडी,206,06:45,12:55,NOBL,,,,
11078,"Narsobavadi To Sawantwadi",Narsobavadi,Sawantwadi,,MO,8570,Madkhol,198.1,,,,सावंतवाडी,206,06:45,12:55,NOBL,,,,
11078,"Narsobavadi To Sawantwadi",Narsobavadi,Sawantwadi,,MO,8653,"Sapale Stop",200.1,,,,सावंतवाडी,206,06:45,12:55,NOBL,,,,
11078,"Narsobavadi To Sawantwadi",Narsobavadi,Sawantwadi,,MO,8488,"Burdi Pul",202.6,,,,सावंतवाडी,206,06:45,12:55,NOBL,,,,
11078,"Narsobavadi To Sawantwadi",Narsobavadi,Sawantwadi,,MO,8663,Sawantwadi,205.7,,,,सावंतवाडी,206,06:45,12:55,NOBL,,,,
18296,"Ajara To Kankavli Via Sawantwadi",Ajara,Kankavli,SAWANTWADI,MO,23010,Ajara,,,,आजरा,कणकवली,117.8,07:15,11:00,NOBL,,,,
18296,"Ajara To Kankavli Via Sawantwadi",Ajara,Kankavli,SAWANTWADI,MO,24689,Masoli,2.4,,,आजरा,कणकवली,117.8,07:15,11:00,NOBL,,,,
18296,"Ajara To Kankavli Via Sawantwadi",Ajara,Kankavli,SAWANTWADI,MO,23949,Hololi,6,,,आजरा,कणकवली,117.8,07:15,11:00,NOBL,,,,
18296,"Ajara To Kankavli Via Sawantwadi",Ajara,Kankavli,SAWANTWADI,MO,23376,Chaloba,11.5,,,आजरा,कणकवली,117.8,07:15,11:00,NOBL,,,,
18296,"Ajara To Kankavli Via Sawantwadi",Ajara,Kankavli,SAWANTWADI,MO,23872,Gavase,11.6,,,आजरा,कणकवली,117.8,07:15,11:00,NOBL,,,,
18296,"Ajara To Kankavli Via Sawantwadi",Ajara,Kankavli,SAWANTWADI,MO,25615,Suleran,15,,,आजरा,कणकवली,117.8,07:15,11:00,NOBL,,,,
18296,"Ajara To Kankavli Via Sawantwadi",Ajara,Kankavli,SAWANTWADI,MO,23585,Dhangarmala,17,,,आजरा,कणकवली,117.8,07:15,11:00,NOBL,,,,
18296,"Ajara To Kankavli Via Sawantwadi",Ajara,Kankavli,SAWANTWADI,MO,23762,Ghatkarwadi,19.4,,,आजरा,कणकवली,117.8,07:15,11:00,NOBL,,,,
18296,"Ajara To Kankavli Via Sawantwadi",Ajara,Kankavli,SAWANTWADI,MO,24833,Menon,20.5,,,आजरा,कणकवली,117.8,07:15,11:00,NOBL,,,,
18296,"Ajara To Kankavli Via Sawantwadi",Ajara,Kankavli,SAWANTWADI,MO,8606,"Nangartas Awate Dukan",23.3,,,आजरा,कणकवली,117.8,07:15,11:00,NOBL,,,,
18296,"Ajara To Kankavli Via Sawantwadi",Ajara,Kankavli,SAWANTWADI,MO,8473,"Ajra Fata",26.1,,,आजरा,कणकवली,117.8,07:15,11:00,NOBL,,,,
18296,"Ajara To Kankavli Via Sawantwadi",Ajara,Kankavli,SAWANTWADI,MO,8525,"Gele Fata",27,,,आजरा,कणकवली,117.8,07:15,11:00,NOBL,,,,
18296,"Ajara To Kankavli Via Sawantwadi",Ajara,Kankavli,SAWANTWADI,MO,8516,Fanaswadi,27.5,,,आजरा,कणकवली,117.8,07:15,11:00,NOBL,,,,
18296,"Ajara To Kankavli Via Sawantwadi",Ajara,Kankavli,SAWANTWADI,MO,8582,Mulvanwadi,29.1,,,आजरा,कणकवली,117.8,07:15,11:00,NOBL,,,,
18296,"Ajara To Kankavli Via Sawantwadi",Ajara,Kankavli,SAWANTWADI,MO,8539,Kamatwadi,31.5,,,आजरा,कणकवली,117.8,07:15,11:00,NOBL,,,,
18296,"Ajara To Kankavli Via Sawantwadi",Ajara,Kankavli,SAWANTWADI,MO,8470,Amboli,32.6,,,आजरा,कणकवली,117.8,07:15,11:00,NOBL,,,,
18296,"Ajara To Kankavli Via Sawantwadi",Ajara,Kankavli,SAWANTWADI,MO,8679,"Water Fall",36,,,आजरा,कणकवली,117.8,07:15,11:00,NOBL,,,,
18296,"Ajara To Kankavli Via Sawantwadi",Ajara,Kankavli,SAWANTWADI,MO,8607,Nanapani,41.1,,,आजरा,कणकवली,117.8,07:15,11:00,NOBL,,,,
18296,"Ajara To Kankavli Via Sawantwadi",Ajara,Kankavli,SAWANTWADI,MO,8564,Kumbheshwar,47.1,,,आजरा,कणकवली,117.8,07:15,11:00,NOBL,,,,
18296,"Ajara To Kankavli Via Sawantwadi",Ajara,Kankavli,SAWANTWADI,MO,8510,Danoli,49,,,आजरा,कणकवली,117.8,07:15,11:00,NOBL,,,,
18296,"Ajara To Kankavli Via Sawantwadi",Ajara,Kankavli,SAWANTWADI,MO,8489,"Bavlat Fata",50,,,आजरा,कणकवली,117.8,07:15,11:00,NOBL,,,,
18296,"Ajara To Kankavli Via Sawantwadi",Ajara,Kankavli,SAWANTWADI,MO,8552,"Kalmbist Fata",50.5,,,आजरा,कणकवली,117.8,07:15,11:00,NOBL,,,,
18296,"Ajara To Kankavli Via Sawantwadi",Ajara,Kankavli,SAWANTWADI,MO,8505,Dhawadki,51.5,,,आजरा,कणकवली,117.8,07:15,11:00,NOBL,,,,
18296,"Ajara To Kankavli Via Sawantwadi",Ajara,Kankavli,SAWANTWADI,MO,8569,"Madkhol Met",53.1,,,आजरा,कणकवली,117.8,07:15,11:00,NOBL,,,,
18296,"Ajara To Kankavli Via Sawantwadi",Ajara,Kankavli,SAWANTWADI,MO,8570,Madkhol,54.2,,,आजरा,कणकवली,117.8,07:15,11:00,NOBL,,,,
18296,"Ajara To Kankavli Via Sawantwadi",Ajara,Kankavli,SAWANTWADI,MO,8675,"V P Collage Madkhol",55,,,आजरा,कणकवली,117.8,07:15,11:00,NOBL,,,,
18296,"Ajara To Kankavli Via Sawantwadi",Ajara,Kankavli,SAWANTWADI,MO,8653,"Sapale Stop",56.2,,,आजरा,कणकवली,117.8,07:15,11:00,NOBL,,,,
18296,"Ajara To Kankavli Via Sawantwadi",Ajara,Kankavli,SAWANTWADI,MO,8488,"Burdi Pul",58.7,,,आजरा,कणकवली,117.8,07:15,11:00,NOBL,,,,
18296,"Ajara To Kankavli Via Sawantwadi",Ajara,Kankavli,SAWANTWADI,MO,8636,Pedavewadi,61,,,आजरा,कणकवली,117.8,07:15,11:00,NOBL,,,,
18296,"Ajara To Kankavli Via Sawantwadi",Ajara,Kankavli,SAWANTWADI,MO,8663,Sawantwadi,62.1,,,आजरा,कणकवली,117.8,07:15,11:00,NOBL,,,,
18296,"Ajara To Kankavli Via Sawantwadi",Ajara,Kankavli,SAWANTWADI,MO,8551,"Kolgaon Thita",65.8,,,आजरा,कणकवली,117.8,07:15,11:00,NOBL,,,,
18296,"Ajara To Kankavli Via Sawantwadi",Ajara,Kankavli,SAWANTWADI,MO,6101,Akeri,68,,,आजरा,कणकवली,117.8,07:15,11:00,NOBL,,,,
18296,"Ajara To Kankavli Via Sawantwadi",Ajara,Kankavli,SAWANTWADI,MO,6453,"Vengurle Fata",68.5,,,आजरा,कणकवली,117.8,07:15,11:00,NOBL,,,,
18296,"Ajara To Kankavli Via Sawantwadi",Ajara,Kankavli,SAWANTWADI,MO,6205,Humras,70.1,,,आजरा,कणकवली,117.8,07:15,11:00,NOBL,,,,
18296,"Ajara To Kankavli Via Sawantwadi",Ajara,Kankavli,SAWANTWADI,MO,6231,"Khan Mohalla",70.6,,,आजरा,कणकवली,117.8,07:15,11:00,NOBL,,,,
18296,"Ajara To Kankavli Via Sawantwadi",Ajara,Kankavli,SAWANTWADI,MO,6473,"Zarap Jambhal",72.5,,,आजरा,कणकवली,117.8,07:15,11:00,NOBL,,,,
18296,"Ajara To Kankavli Via Sawantwadi",Ajara,Kankavli,SAWANTWADI,MO,6474,"Zharap Titha",73,,,आजरा,कणकवली,117.8,07:15,11:00,NOBL,,,,
18296,"Ajara To Kankavli Via Sawantwadi",Ajara,Kankavli,SAWANTWADI,MO,6322,"Mandkuli Fata",77.1,,,आजरा,कणकवली,117.8,07:15,11:00,NOBL,,,,
18296,"Ajara To Kankavli Via Sawantwadi",Ajara,Kankavli,SAWANTWADI,MO,6126,Bibavane,77.6,,,आजरा,कणकवली,117.8,07:15,11:00,NOBL,,,,
18296,"Ajara To Kankavli Via Sawantwadi",Ajara,Kankavli,SAWANTWADI,MO,6376,"Pinguli Titha",78.2,,,आजरा,कणकवली,117.8,07:15,11:00,NOBL,,,,
18296,"Ajara To Kankavli Via Sawantwadi",Ajara,Kankavli,SAWANTWADI,MO,6302,"Modka Wad Pinguli",80.8,,,आजरा,कणकवली,117.8,07:15,11:00,NOBL,,,,
18296,"Ajara To Kankavli Via Sawantwadi",Ajara,Kankavli,SAWANTWADI,MO,6237,"Kudal St Depot",84,,,आजरा,कणकवली,117.8,07:15,11:00,NOBL,,,,
18296,"Ajara To Kankavli Via Sawantwadi",Ajara,Kankavli,SAWANTWADI,MO,6240,"Kudal St Depot",85.5,,,आजरा,कणकवली,117.8,07:15,11:00,NOBL,,,,
18296,"Ajara To Kankavli Via Sawantwadi",Ajara,Kankavli,SAWANTWADI,MO,6380,"Pawashi Panchayat",87,,,आजरा,कणकवली,117.8,07:15,11:00,NOBL,,,,
18296,"Ajara To Kankavli Via Sawantwadi",Ajara,Kankavli,SAWANTWADI,MO,88100,Vetalbambarde,90,,,आजरा,कणकवली,117.8,07:15,11:00,NOBL,,,,
18296,"Ajara To Kankavli Via Sawantwadi",Ajara,Kankavli,SAWANTWADI,MO,6365,Pandur,91.8,,,आजरा,कणकवली,117.8,07:15,11:00,NOBL,,,,
18296,"Ajara To Kankavli Via Sawantwadi",Ajara,Kankavli,SAWANTWADI,MO,6204,"Humarmala Kasale Dukan",93.7,,,आजरा,कणकवली,117.8,07:15,11:00,NOBL,,,,
18296,"Ajara To Kankavli Via Sawantwadi",Ajara,Kankavli,SAWANTWADI,MO,6206,"Humarmala Rane Dukan",95.1,,,आजरा,कणकवली,117.8,07:15,11:00,NOBL,,,,
18296,"Ajara To Kankavli Via Sawantwadi",Ajara,Kankavli,SAWANTWADI,MO,6362,"Oros Bus Stnad",98,,,आजरा,कणकवली,117.8,07:15,11:00,NOBL,,,,
18296,"Ajara To Kankavli Via Sawantwadi",Ajara,Kankavli,SAWANTWADI,MO,6226,"Jaitapkar Colany",100,,,आजरा,कणकवली,117.8,07:15,11:00,NOBL,,,,
18296,"Ajara To Kankavli Via Sawantwadi",Ajara,Kankavli,SAWANTWADI,MO,6116,Awali,100.3,,,आजरा,कणकवली,117.8,07:15,11:00,NOBL,,,,
18296,"Ajara To Kankavli Via Sawantwadi",Ajara,Kankavli,SAWANTWADI,MO,6281,Kasal,103.2,,,आजरा,कणकवली,117.8,07:15,11:00,NOBL,,,,
18296,"Ajara To Kankavli Via Sawantwadi",Ajara,Kankavli,SAWANTWADI,MO,2698,Dewoolwadi,109.5,,,आजरा,कणकवली,117.8,07:15,11:00,NOBL,,,,
18296,"Ajara To Kankavli Via Sawantwadi",Ajara,Kankavli,SAWANTWADI,MO,2890,"Osargaon Post",110.4,,,आजरा,कणकवली,117.8,07:15,11:00,NOBL,,,,
18296,"Ajara To Kankavli Via Sawantwadi",Ajara,Kankavli,SAWANTWADI,MO,2891,"Osargaon Talav",110.5,,,आजरा,कणकवली,117.8,07:15,11:00,NOBL,,,,
18296,"Ajara To Kankavli Via Sawantwadi",Ajara,Kankavli,SAWANTWADI,MO,2692,Dangalwadi,112.6,,,आजरा,कणकवली,117.8,07:15,11:00,NOBL,,,,
18296,"Ajara To Kankavli Via Sawantwadi",Ajara,Kankavli,SAWANTWADI,MO,3002,Wagde,114.5,,,आजरा,कणकवली,117.8,07:15,11:00,NOBL,,,,
18296,"Ajara To Kankavli Via Sawantwadi",Ajara,Kankavli,SAWANTWADI,MO,2786,Kankavli,118.2,,,आजरा,कणकवली,117.8,07:15,11:00,NOBL,,,,
64232,"Banda To Dingane Mandir",Banda,"Dingane Mandir",,MO,8486,Banda,,,,बांदा,डिंगणे,7.9,06:50,07:05,ST,,,,
64232,"Banda To Dingane Mandir",Banda,"Dingane Mandir",,MO,8635,"Patradevi Goa Border",3,,,बांदा,डिंगणे,7.9,06:50,07:05,ST,,,,
64232,"Banda To Dingane Mandir",Banda,"Dingane Mandir",,MO,8524,Galel,6,,,बांदा,डिंगणे,7.9,06:50,07:05,ST,,,,
64232,"Banda To Dingane Mandir",Banda,"Dingane Mandir",,MO,8508,"Dingane Gpo",7,,,बांदा,डिंगणे,7.9,06:50,07:05,ST,,,,
64232,"Banda To Dingane Mandir",Banda,"Dingane Mandir",,MO,8504,"Dingane Mandir",7.9,,,बांदा,डिंगणे,7.9,06:50,07:05,ST,,,,
64233,"Dingane Mandir To Banda","Dingane Mandir",Banda,,MO,8504,"Dingane Mandir",,,,डिंगणे,बांदा,7.9,07:10,07:35,ST,,,,
64233,"Dingane Mandir To Banda","Dingane Mandir",Banda,,MO,8508,"Dingane Gpo",2,,,डिंगणे,बांदा,7.9,07:10,07:35,ST,,,,
64233,"Dingane Mandir To Banda","Dingane Mandir",Banda,,MO,8524,Galel,5,,,डिंगणे,बांदा,7.9,07:10,07:35,ST,,,,
64233,"Dingane Mandir To Banda","Dingane Mandir",Banda,,MO,8635,"Patradevi Goa Border",6,,,डिंगणे,बांदा,7.9,07:10,07:35,ST,,,,
64233,"Dingane Mandir To Banda","Dingane Mandir",Banda,,MO,8486,Banda,7.9,,,डिंगणे,बांदा,7.9,07:10,07:35,ST,,,,
18542,"Kunkeshwar To Sawantwadi",Kunkeshwar,Sawantwadi,,MO,1819,Kunkeshwar,,,,कुणकेश्वर,सावंतवाडी,104,07:00,10:30,NOBL,,,,
18542,"Kunkeshwar To Sawantwadi",Kunkeshwar,Sawantwadi,,MO,1799,"Kunkeshwar Katvan",2,,,कुणकेश्वर,सावंतवाडी,104,07:00,10:30,NOBL,,,,
18542,"Kunkeshwar To Sawantwadi",Kunkeshwar,Sawantwadi,,MO,1647,Boaring,2.4,,,कुणकेश्वर,सावंतवाडी,104,07:00,10:30,NOBL,,,,
18542,"Kunkeshwar To Sawantwadi",Kunkeshwar,Sawantwadi,,MO,1882,"Mithbav Katvan",5,,,कुणकेश्वर,सावंतवाडी,104,07:00,10:30,NOBL,,,,
18542,"Kunkeshwar To Sawantwadi",Kunkeshwar,Sawantwadi,,MO,1891,"Mithbav Hospital",6.2,,,कुणकेश्वर,सावंतवाडी,104,07:00,10:30,NOBL,,,,
18542,"Kunkeshwar To Sawantwadi",Kunkeshwar,Sawantwadi,,MO,1851,"Mithbav Stand",6.5,,,कुणकेश्वर,सावंतवाडी,104,07:00,10:30,NOBL,,,,
18542,"Kunkeshwar To Sawantwadi",Kunkeshwar,Sawantwadi,,MO,1879,Mithbav,7.5,,,कुणकेश्वर,सावंतवाडी,104,07:00,10:30,NOBL,,,,
18542,"Kunkeshwar To Sawantwadi",Kunkeshwar,Sawantwadi,,MO,1747,"Hindale Mithbav Titha",8.7,,,कुणकेश्वर,सावंतवाडी,104,07:00,10:30,NOBL,,,,
18542,"Kunkeshwar To Sawantwadi",Kunkeshwar,Sawantwadi,,MO,6845,"Hindale Aga Shop",9.3,,,कुणकेश्वर,सावंतवाडी,104,07:00,10:30,NOBL,,,,
18542,"Kunkeshwar To Sawantwadi",Kunkeshwar,Sawantwadi,,MO,6847,"Hindale Teen Pimple",10.5,,,कुणकेश्वर,सावंतवाडी,104,07:00,10:30,NOBL,,,,
18542,"Kunkeshwar To Sawantwadi",Kunkeshwar,Sawantwadi,,MO,1843,"Munage Bhagvati Mandir",14.2,,,कुणकेश्वर,सावंतवाडी,104,07:00,10:30,NOBL,,,,
18542,"Kunkeshwar To Sawantwadi",Kunkeshwar,Sawantwadi,,MO,1866,"Munage High School",15,,,कुणकेश्वर,सावंतवाडी,104,07:00,10:30,NOBL,,,,
18542,"Kunkeshwar To Sawantwadi",Kunkeshwar,Sawantwadi,,MO,1840,"Modka Vad",18,,,कुणकेश्वर,सावंतवाडी,104,07:00,10:30,NOBL,,,,
18542,"Kunkeshwar To Sawantwadi",Kunkeshwar,Sawantwadi,,MO,6968,"Poyare Dattaguru Chowk",21,,,कुणकेश्वर,सावंतवाडी,104,07:00,10:30,NOBL,,,,
18542,"Kunkeshwar To Sawantwadi",Kunkeshwar,Sawantwadi,,MO,6743,"Achara Par",23.4,,,कुणकेश्वर,सावंतवाडी,104,07:00,10:30,NOBL,,,,
18542,"Kunkeshwar To Sawantwadi",Kunkeshwar,Sawantwadi,,MO,6740,Achara,24.8,,,कुणकेश्वर,सावंतवाडी,104,07:00,10:30,NOBL,,,,
18542,"Kunkeshwar To Sawantwadi",Kunkeshwar,Sawantwadi,,MO,6745,"Acharekar Bag",28.3,,,कुणकेश्वर,सावंतवाडी,104,07:00,10:30,NOBL,,,,
18542,"Kunkeshwar To Sawantwadi",Kunkeshwar,Sawantwadi,,MO,6861,"Kalawal X Rd.",31.9,,,कुणकेश्वर,सावंतवाडी,104,07:00,10:30,NOBL,,,,
18542,"Kunkeshwar To Sawantwadi",Kunkeshwar,Sawantwadi,,MO,6921,Margeshwar,33.7,,,कुणकेश्वर,सावंतवाडी,104,07:00,10:30,NOBL,,,,
18542,"Kunkeshwar To Sawantwadi",Kunkeshwar,Sawantwadi,,MO,6817,"Gadgil Stop",36.6,,,कुणकेश्वर,सावंतवाडी,104,07:00,10:30,NOBL,,,,
18542,"Kunkeshwar To Sawantwadi",Kunkeshwar,Sawantwadi,,MO,6867,"Kandalgaon Ranewadi",37.1,,,कुणकेश्वर,सावंतवाडी,104,07:00,10:30,NOBL,,,,
18542,"Kunkeshwar To Sawantwadi",Kunkeshwar,Sawantwadi,,MO,6950,"Ozar Vishnuchi Wadi",38.2,,,कुणकेश्वर,सावंतवाडी,104,07:00,10:30,NOBL,,,,
18542,"Kunkeshwar To Sawantwadi",Kunkeshwar,Sawantwadi,,MO,6872,Katwad,38.5,,,कुणकेश्वर,सावंतवाडी,104,07:00,10:30,NOBL,,,,
18542,"Kunkeshwar To Sawantwadi",Kunkeshwar,Sawantwadi,,MO,6876,Khaida,40,,,कुणकेश्वर,सावंतवाडी,104,07:00,10:30,NOBL,,,,
18542,"Kunkeshwar To Sawantwadi",Kunkeshwar,Sawantwadi,,MO,6889,Kolamb,42.2,,,कुणकेश्वर,सावंतवाडी,104,07:00,10:30,NOBL,,,,
18542,"Kunkeshwar To Sawantwadi",Kunkeshwar,Sawantwadi,,MO,6915,Malvan,45.7,,,कुणकेश्वर,सावंतवाडी,104,07:00,10:30,NOBL,,,,
18542,"Kunkeshwar To Sawantwadi",Kunkeshwar,Sawantwadi,,MO,6898,"Kumbharmath Post",48.2,,,कुणकेश्वर,सावंतवाडी,104,07:00,10:30,NOBL,,,,
18542,"Kunkeshwar To Sawantwadi",Kunkeshwar,Sawantwadi,,MO,6897,"Kumbharmath Govekar Dukan",49.4,,,कुणकेश्वर,सावंतवाडी,104,07:00,10:30,NOBL,,,,
18542,"Kunkeshwar To Sawantwadi",Kunkeshwar,Sawantwadi,,MO,6755,Anandwahal,51.5,,,कुणकेश्वर,सावंतवाडी,104,07:00,10:30,NOBL,,,,
18542,"Kunkeshwar To Sawantwadi",Kunkeshwar,Sawantwadi,,MO,6750,"Ajagaonkar Bangala",52,,,कुणकेश्वर,सावंतवाडी,104,07:00,10:30,NOBL,,,,
18542,"Kunkeshwar To Sawantwadi",Kunkeshwar,Sawantwadi,,MO,6799,Chouke,54.3,,,कुणकेश्वर,सावंतवाडी,104,07:00,10:30,NOBL,,,,
18542,"Kunkeshwar To Sawantwadi",Kunkeshwar,Sawantwadi,,MO,6829,Godyachiwadi,57.8,,,कुणकेश्वर,सावंतवाडी,104,07:00,10:30,NOBL,,,,
18542,"Kunkeshwar To Sawantwadi",Kunkeshwar,Sawantwadi,,MO,6869,Kasartakka,58.8,,,कुणकेश्वर,सावंतवाडी,104,07:00,10:30,NOBL,,,,
18542,"Kunkeshwar To Sawantwadi",Kunkeshwar,Sawantwadi,,MO,6821,"Gavaldeo Amba",60.9,,,कुणकेश्वर,सावंतवाडी,104,07:00,10:30,NOBL,,,,
18542,"Kunkeshwar To Sawantwadi",Kunkeshwar,Sawantwadi,,MO,6812,Dhamapur,63.1,,,कुणकेश्वर,सावंतवाडी,104,07:00,10:30,NOBL,,,,
18542,"Kunkeshwar To Sawantwadi",Kunkeshwar,Sawantwadi,,MO,6979,"Ravalnath Mandir",63.8,,,कुणकेश्वर,सावंतवाडी,104,07:00,10:30,NOBL,,,,
18542,"Kunkeshwar To Sawantwadi",Kunkeshwar,Sawantwadi,,MO,6863,"Kalse Gpo",64.6,,,कुणकेश्वर,सावंतवाडी,104,07:00,10:30,NOBL,,,,
18542,"Kunkeshwar To Sawantwadi",Kunkeshwar,Sawantwadi,,MO,6856,"Hubalicha Mal",65.6,,,कुणकेश्वर,सावंतवाडी,104,07:00,10:30,NOBL,,,,
18542,"Kunkeshwar To Sawantwadi",Kunkeshwar,Sawantwadi,,MO,6335,Nerurpar,66.9,,,कुणकेश्वर,सावंतवाडी,104,07:00,10:30,NOBL,,,,
18542,"Kunkeshwar To Sawantwadi",Kunkeshwar,Sawantwadi,,MO,6428,Thakurwadi,69.8,,,कुणकेश्वर,सावंतवाडी,104,07:00,10:30,NOBL,,,,
18542,"Kunkeshwar To Sawantwadi",Kunkeshwar,Sawantwadi,,MO,6351,"Nerur Jakat",71,,,कुणकेश्वर,सावंतवाडी,104,07:00,10:30,NOBL,,,,
18542,"Kunkeshwar To Sawantwadi",Kunkeshwar,Sawantwadi,,MO,6237,"Kudal St Depot",74,,,कुणकेश्वर,सावंतवाडी,104,07:00,10:30,NOBL,,,,
18542,"Kunkeshwar To Sawantwadi",Kunkeshwar,Sawantwadi,,MO,1840,"Modka Vad",76,,,कुणकेश्वर,सावंतवाडी,104,07:00,10:30,NOBL,,,,
18542,"Kunkeshwar To Sawantwadi",Kunkeshwar,Sawantwadi,,MO,6376,"Pinguli Titha",78.6,,,कुणकेश्वर,सावंतवाडी,104,07:00,10:30,NOBL,,,,
18542,"Kunkeshwar To Sawantwadi",Kunkeshwar,Sawantwadi,,MO,6126,Bibavane,79.2,,,कुणकेश्वर,सावंतवाडी,104,07:00,10:30,NOBL,,,,
18542,"Kunkeshwar To Sawantwadi",Kunkeshwar,Sawantwadi,,MO,6322,"Mandkuli Fata",79.7,,,कुणकेश्वर,सावंतवाडी,104,07:00,10:30,NOBL,,,,
18542,"Kunkeshwar To Sawantwadi",Kunkeshwar,Sawantwadi,,MO,6400,Salgaon,82.9,,,कुणकेश्वर,सावंतवाडी,104,07:00,10:30,NOBL,,,,
18542,"Kunkeshwar To Sawantwadi",Kunkeshwar,Sawantwadi,,MO,6473,"Zarap Jambhal",84.7,,,कुणकेश्वर,सावंतवाडी,104,07:00,10:30,NOBL,,,,
18542,"Kunkeshwar To Sawantwadi",Kunkeshwar,Sawantwadi,,MO,6231,"Khan Mohalla",86.2,,,कुणकेश्वर,सावंतवाडी,104,07:00,10:30,NOBL,,,,
18542,"Kunkeshwar To Sawantwadi",Kunkeshwar,Sawantwadi,,MO,6205,Humras,86.7,,,कुणकेश्वर,सावंतवाडी,104,07:00,10:30,NOBL,,,,
18542,"Kunkeshwar To Sawantwadi",Kunkeshwar,Sawantwadi,,MO,6453,"Vengurle Fata",88.2,,,कुणकेश्वर,सावंतवाडी,104,07:00,10:30,NOBL,,,,
18542,"Kunkeshwar To Sawantwadi",Kunkeshwar,Sawantwadi,,MO,6101,Akeri,88.8,,,कुणकेश्वर,सावंतवाडी,104,07:00,10:30,NOBL,,,,
18542,"Kunkeshwar To Sawantwadi",Kunkeshwar,Sawantwadi,,MO,6249,"Kolgaon Titha",91,,,कुणकेश्वर,सावंतवाडी,104,07:00,10:30,NOBL,,,,
18542,"Kunkeshwar To Sawantwadi",Kunkeshwar,Sawantwadi,,MO,8663,Sawantwadi,94.7,,,कुणकेश्वर,सावंतवाडी,104,07:00,10:30,NOBL,,,,
45352,"Sawantwadi To Panjim Via Majgaon Nala",Sawantwadi,Panjim,"MAJGAON NALA",MO,8663,Sawantwadi,,,,सावंतवाडी,पणजी,61.7,08:45,10:45,NOBL,,,,
45352,"Sawantwadi To Panjim Via Majgaon Nala",Sawantwadi,Panjim,"MAJGAON NALA",MO,8578,"Majgaon Nala",3.2,,,सावंतवाडी,पणजी,61.7,08:45,10:45,NOBL,,,,
45352,"Sawantwadi To Panjim Via Majgaon Nala",Sawantwadi,Panjim,"MAJGAON NALA",MO,8499,"Doba Shel",6.5,,,सावंतवाडी,पणजी,61.7,08:45,10:45,NOBL,,,,
45352,"Sawantwadi To Panjim Via Majgaon Nala",Sawantwadi,Panjim,"MAJGAON NALA",MO,8486,Banda,12.6,,,सावंतवाडी,पणजी,61.7,08:45,10:45,NOBL,,,,
45352,"Sawantwadi To Panjim Via Majgaon Nala",Sawantwadi,Panjim,"MAJGAON NALA",MO,71926,Patradevi,15.2,,,सावंतवाडी,पणजी,61.7,08:45,10:45,NOBL,,,,
45352,"Sawantwadi To Panjim Via Majgaon Nala",Sawantwadi,Panjim,"MAJGAON NALA",MO,71876,Galel,16.3,,,सावंतवाडी,पणजी,61.7,08:45,10:45,NOBL,,,,
45352,"Sawantwadi To Panjim Via Majgaon Nala",Sawantwadi,Panjim,"MAJGAON NALA",MO,71956,Torsem,18.3,,,सावंतवाडी,पणजी,61.7,08:45,10:45,NOBL,,,,
45352,"Sawantwadi To Panjim Via Majgaon Nala",Sawantwadi,Panjim,"MAJGAON NALA",MO,71958,Ugavem,20.3,,,सावंतवाडी,पणजी,61.7,08:45,10:45,NOBL,,,,
45352,"Sawantwadi To Panjim Via Majgaon Nala",Sawantwadi,Panjim,"MAJGAON NALA",MO,71936,Poraskadem,24.6,,,सावंतवाडी,पणजी,61.7,08:45,10:45,NOBL,,,,
45352,"Sawantwadi To Panjim Via Majgaon Nala",Sawantwadi,Panjim,"MAJGAON NALA",MO,71922,Naibag,25.3,,,सावंतवाडी,पणजी,61.7,08:45,10:45,NOBL,,,,
45352,"Sawantwadi To Panjim Via Majgaon Nala",Sawantwadi,Panjim,"MAJGAON NALA",MO,71937,Pernem,29.3,,,सावंतवाडी,पणजी,61.7,08:45,10:45,NOBL,,,,
45352,"Sawantwadi To Panjim Via Majgaon Nala",Sawantwadi,Panjim,"MAJGAON NALA",MO,71901,Malpe,31.3,,,सावंतवाडी,पणजी,61.7,08:45,10:45,NOBL,,,,
45352,"Sawantwadi To Panjim Via Majgaon Nala",Sawantwadi,Panjim,"MAJGAON NALA",MO,71873,Dhargal,35.3,,,सावंतवाडी,पणजी,61.7,08:45,10:45,NOBL,,,,
45352,"Sawantwadi To Panjim Via Majgaon Nala",Sawantwadi,Panjim,"MAJGAON NALA",MO,71890,Kolwal,40.9,,,सावंतवाडी,पणजी,61.7,08:45,10:45,NOBL,,,,
45352,"Sawantwadi To Panjim Via Majgaon Nala",Sawantwadi,Panjim,"MAJGAON NALA",MO,71886,Kasarwada,44.3,,,सावंतवाडी,पणजी,61.7,08:45,10:45,NOBL,,,,
45352,"Sawantwadi To Panjim Via Majgaon Nala",Sawantwadi,Panjim,"MAJGAON NALA",MO,71915,Mapusa,47.3,,,सावंतवाडी,पणजी,61.7,08:45,10:45,NOBL,,,,
45352,"Sawantwadi To Panjim Via Majgaon Nala",Sawantwadi,Panjim,"MAJGAON NALA",MO,71935,Panjim,59.3,,,सावंतवाडी,पणजी,61.7,08:45,10:45,NOBL,,,,
116982,"Panjim To Ganpatipule Via Are Ware Point",Panjim,Ganpatipule,"ARE WARE POINT",MO,71935,Panjim,,,,पणजी,,61.7,08:45,10:30,OPN,,,,
116982,"Panjim To Ganpatipule Via Are Ware Point",Panjim,Ganpatipule,"ARE WARE POINT",MO,71915,Mapusa,12,,,पणजी,,61.7,08:45,10:30,OPN,,,,
116982,"Panjim To Ganpatipule Via Are Ware Point",Panjim,Ganpatipule,"ARE WARE POINT",MO,71886,Kasarwada,15,,,पणजी,,61.7,08:45,10:30,OPN,,,,
116982,"Panjim To Ganpatipule Via Are Ware Point",Panjim,Ganpatipule,"ARE WARE POINT",MO,71899,"Kolwal Junction",18,,,पणजी,,61.7,08:45,10:30,OPN,,,,
116982,"Panjim To Ganpatipule Via Are Ware Point",Panjim,Ganpatipule,"ARE WARE POINT",MO,71873,Dhargal,20,,,पणजी,,61.7,08:45,10:30,OPN,,,,
116982,"Panjim To Ganpatipule Via Are Ware Point",Panjim,Ganpatipule,"ARE WARE POINT",MO,71901,Malpe,28,,,पणजी,,61.7,08:45,10:30,OPN,,,,
116982,"Panjim To Ganpatipule Via Are Ware Point",Panjim,Ganpatipule,"ARE WARE POINT",MO,71937,Pernem,30,,,पणजी,,61.7,08:45,10:30,OPN,,,,
116982,"Panjim To Ganpatipule Via Are Ware Point",Panjim,Ganpatipule,"ARE WARE POINT",MO,71924,"Naibag Bridge",34,,,पणजी,,61.7,08:45,10:30,OPN,,,,
116982,"Panjim To Ganpatipule Via Are Ware Point",Panjim,Ganpatipule,"ARE WARE POINT",MO,71936,Poraskadem,36,,,पणजी,,61.7,08:45,10:30,OPN,,,,
116982,"Panjim To Ganpatipule Via Are Ware Point",Panjim,Ganpatipule,"ARE WARE POINT",MO,71958,Ugavem,39,,,पणजी,,61.7,08:45,10:30,OPN,,,,
116982,"Panjim To Ganpatipule Via Are Ware Point",Panjim,Ganpatipule,"ARE WARE POINT",MO,71956,Torsem,41,,,पणजी,,61.7,08:45,10:30,OPN,,,,
116982,"Panjim To Ganpatipule Via Are Ware Point",Panjim,Ganpatipule,"ARE WARE POINT",MO,71876,Galel,43,,,पणजी,,61.7,08:45,10:30,OPN,,,,
116982,"Panjim To Ganpatipule Via Are Ware Point",Panjim,Ganpatipule,"ARE WARE POINT",MO,71926,Patradevi,44,,,पणजी,,61.7,08:45,10:30,OPN,,,,
116982,"Panjim To Ganpatipule Via Are Ware Point",Panjim,Ganpatipule,"ARE WARE POINT",MO,8486,Banda,45.9,,,पणजी,,61.7,08:45,10:30,OPN,,,,
116982,"Panjim To Ganpatipule Via Are Ware Point",Panjim,Ganpatipule,"ARE WARE POINT",MO,8560,Kondwada,49.7,,,पणजी,,61.7,08:45,10:30,OPN,,,,
116982,"Panjim To Ganpatipule Via Are Ware Point",Panjim,Ganpatipule,"ARE WARE POINT",MO,8578,"Majgaon Nala",54.9,,,पणजी,,61.7,08:45,10:30,OPN,,,,
116982,"Panjim To Ganpatipule Via Are Ware Point",Panjim,Ganpatipule,"ARE WARE POINT",MO,8663,Sawantwadi,59.6,,,पणजी,,61.7,08:45,10:30,OPN,,,,
116982,"Panjim To Ganpatipule Via Are Ware Point",Panjim,Ganpatipule,"ARE WARE POINT",MO,8551,"Kolgaon Thita",62.6,,,पणजी,,61.7,08:45,10:30,OPN,,,,
116982,"Panjim To Ganpatipule Via Are Ware Point",Panjim,Ganpatipule,"ARE WARE POINT",MO,6101,Akeri,65.6,,,पणजी,,61.7,08:45,10:30,OPN,,,,
116982,"Panjim To Ganpatipule Via Are Ware Point",Panjim,Ganpatipule,"ARE WARE POINT",MO,6231,"Khan Mohalla",68.6,,,पणजी,,61.7,08:45,10:30,OPN,,,,
116982,"Panjim To Ganpatipule Via Are Ware Point",Panjim,Ganpatipule,"ARE WARE POINT",MO,6322,"Mandkuli Fata",75,,,पणजी,,61.7,08:45,10:30,OPN,,,,
116982,"Panjim To Ganpatipule Via Are Ware Point",Panjim,Ganpatipule,"ARE WARE POINT",MO,1840,"Modka Vad",76.3,,,पणजी,,61.7,08:45,10:30,OPN,,,,
116982,"Panjim To Ganpatipule Via Are Ware Point",Panjim,Ganpatipule,"ARE WARE POINT",MO,6241,"Kudal Udyamnagar",77.3,,,पणजी,,61.7,08:45,10:30,OPN,,,,
116982,"Panjim To Ganpatipule Via Are Ware Point",Panjim,Ganpatipule,"ARE WARE POINT",MO,6253,"Kudal Old Bus Stand",80.3,,,पणजी,,61.7,08:45,10:30,OPN,,,,
116982,"Panjim To Ganpatipule Via Are Ware Point",Panjim,Ganpatipule,"ARE WARE POINT",MO,6240,"Kudal St Depot",81.8,,,पणजी,,61.7,08:45,10:30,OPN,,,,
116982,"Panjim To Ganpatipule Via Are Ware Point",Panjim,Ganpatipule,"ARE WARE POINT",MO,6365,Pandur,86.9,,,पणजी,,61.7,08:45,10:30,OPN,,,,
116982,"Panjim To Ganpatipule Via Are Ware Point",Panjim,Ganpatipule,"ARE WARE POINT",MO,6204,"Humarmala Kasale Dukan",88.4,,,पणजी,,61.7,08:45,10:30,OPN,,,,
116982,"Panjim To Ganpatipule Via Are Ware Point",Panjim,Ganpatipule,"ARE WARE POINT",MO,6206,"Humarmala Rane Dukan",90.7,,,पणजी,,61.7,08:45,10:30,OPN,,,,
116982,"Panjim To Ganpatipule Via Are Ware Point",Panjim,Ganpatipule,"ARE WARE POINT",MO,6226,"Jaitapkar Colany",97,,,पणजी,,61.7,08:45,10:30,OPN,,,,
116982,"Panjim To Ganpatipule Via Are Ware Point",Panjim,Ganpatipule,"ARE WARE POINT",MO,6116,Awali,97.7,,,पणजी,,61.7,08:45,10:30,OPN,,,,
116982,"Panjim To Ganpatipule Via Are Ware Point",Panjim,Ganpatipule,"ARE WARE POINT",MO,6281,Kasal,102.4,,,पणजी,,61.7,08:45,10:30,OPN,,,,
116982,"Panjim To Ganpatipule Via Are Ware Point",Panjim,Ganpatipule,"ARE WARE POINT",MO,24756,Ms,105.7,,,पणजी,,61.7,08:45,10:30,OPN,,,,
116982,"Panjim To Ganpatipule Via Are Ware Point",Panjim,Ganpatipule,"ARE WARE POINT",MO,2890,"Osargaon Post",106.7,,,पणजी,,61.7,08:45,10:30,OPN,,,,
116982,"Panjim To Ganpatipule Via Are Ware Point",Panjim,Ganpatipule,"ARE WARE POINT",MO,2891,"Osargaon Talav",109.6,,,पणजी,,61.7,08:45,10:30,OPN,,,,
116982,"Panjim To Ganpatipule Via Are Ware Point",Panjim,Ganpatipule,"ARE WARE POINT",MO,2692,Dangalwadi,110.7,,,पणजी,,61.7,08:45,10:30,OPN,,,,
116982,"Panjim To Ganpatipule Via Are Ware Point",Panjim,Ganpatipule,"ARE WARE POINT",MO,3002,Wagde,111.8,,,पणजी,,61.7,08:45,10:30,OPN,,,,
116982,"Panjim To Ganpatipule Via Are Ware Point",Panjim,Ganpatipule,"ARE WARE POINT",MO,2786,Kankavli,115.8,,,पणजी,,61.7,08:45,10:30,OPN,,,,
116982,"Panjim To Ganpatipule Via Are Ware Point",Panjim,Ganpatipule,"ARE WARE POINT",MO,2766,Janavali,120.6,,,पणजी,,61.7,08:45,10:30,OPN,,,,
116982,"Panjim To Ganpatipule Via Are Ware Point",Panjim,Ganpatipule,"ARE WARE POINT",MO,2756,"Humrat Titha",123.9,,,पणजी,,61.7,08:45,10:30,OPN,,,,
116982,"Panjim To Ganpatipule Via Are Ware Point",Panjim,Ganpatipule,"ARE WARE POINT",MO,2655,Belane,127.1,,,पणजी,,61.7,08:45,10:30,OPN,,,,
116982,"Panjim To Ganpatipule Via Are Ware Point",Panjim,Ganpatipule,"ARE WARE POINT",MO,2870,"Nandgaon Datta Mandir",128.5,,,पणजी,,61.7,08:45,10:30,OPN,,,,
116982,"Panjim To Ganpatipule Via Are Ware Point",Panjim,Ganpatipule,"ARE WARE POINT",MO,2872,"Nandgaon Nursary",133,,,पणजी,,61.7,08:45,10:30,OPN,,,,
116982,"Panjim To Ganpatipule Via Are Ware Point",Panjim,Ganpatipule,"ARE WARE POINT",MO,2673,"Bramhan Wadi",135.8,,,पणजी,,61.7,08:45,10:30,OPN,,,,
116982,"Panjim To Ganpatipule Via Are Ware Point",Panjim,Ganpatipule,"ARE WARE POINT",MO,2797,"Kasarde Fata",138,,,पणजी,,61.7,08:45,10:30,OPN,,,,
116982,"Panjim To Ganpatipule Via Are Ware Point",Panjim,Ganpatipule,"ARE WARE POINT",MO,2982,Tarla,138.8,,,पणजी,,61.7,08:45,10:30,OPN,,,,
116982,"Panjim To Ganpatipule Via Are Ware Point",Panjim,Ganpatipule,"ARE WARE POINT",MO,2941,Saliste,143.7,,,पणजी,,61.7,08:45,10:30,OPN,,,,
116982,"Panjim To Ganpatipule Via Are Ware Point",Panjim,Ganpatipule,"ARE WARE POINT",MO,3010,Wargaon,147.4,,,पणजी,,61.7,08:45,10:30,OPN,,,,
116982,"Panjim To Ganpatipule Via Are Ware Point",Panjim,Ganpatipule,"ARE WARE POINT",MO,2863,Nadgive,150.6,,,पणजी,,61.7,08:45,10:30,OPN,,,,
116982,"Panjim To Ganpatipule Via Are Ware Point",Panjim,Ganpatipule,"ARE WARE POINT",MO,2812,Kharepatan,152.9,,,पणजी,,61.7,08:45,10:30,OPN,,,,
116982,"Panjim To Ganpatipule Via Are Ware Point",Panjim,Ganpatipule,"ARE WARE POINT",MO,15236,"Takewadi School",157,,,पणजी,,61.7,08:45,10:30,OPN,,,,
116982,"Panjim To Ganpatipule Via Are Ware Point",Panjim,Ganpatipule,"ARE WARE POINT",MO,14879,Panhale,159.4,,,पणजी,,61.7,08:45,10:30,OPN,,,,
116982,"Panjim To Ganpatipule Via Are Ware Point",Panjim,Ganpatipule,"ARE WARE POINT",MO,14609,Kodiye,162.4,,,पणजी,,61.7,08:45,10:30,OPN,,,,
116982,"Panjim To Ganpatipule Via Are Ware Point",Panjim,Ganpatipule,"ARE WARE POINT",MO,14521,"Hativale Jaitapur Fata",164.9,,,पणजी,,61.7,08:45,10:30,OPN,,,,
116982,"Panjim To Ganpatipule Via Are Ware Point",Panjim,Ganpatipule,"ARE WARE POINT",MO,14473,"Ganga Tirtha Fata",170.5,,,पणजी,,61.7,08:45,10:30,OPN,,,,
116982,"Panjim To Ganpatipule Via Are Ware Point",Panjim,Ganpatipule,"ARE WARE POINT",MO,15006,Rajapur,174.3,,,पणजी,,61.7,08:45,10:30,OPN,,,,
116982,"Panjim To Ganpatipule Via Are Ware Point",Panjim,Ganpatipule,"ARE WARE POINT",MO,14615,"Kodavali School",178,,,पणजी,,61.7,08:45,10:30,OPN,,,,
116982,"Panjim To Ganpatipule Via Are Ware Point",Panjim,Ganpatipule,"ARE WARE POINT",MO,14831,Nerke,179.6,,,पणजी,,61.7,08:45,10:30,OPN,,,,
116982,"Panjim To Ganpatipule Via Are Ware Point",Panjim,Ganpatipule,"ARE WARE POINT",MO,14574,"Kharavate Village/Sorap Shop",180.4,,,पणजी,,61.7,08:45,10:30,OPN,,,,
116982,"Panjim To Ganpatipule Via Are Ware Point",Panjim,Ganpatipule,"ARE WARE POINT",MO,14719,"Kharavate Fata",181.3,,,पणजी,,61.7,08:45,10:30,OPN,,,,
116982,"Panjim To Ganpatipule Via Are Ware Point",Panjim,Ganpatipule,"ARE WARE POINT",MO,15325,"Yerdav Fata",185.8,,,पणजी,,61.7,08:45,10:30,OPN,,,,
116982,"Panjim To Ganpatipule Via Are Ware Point",Panjim,Ganpatipule,"ARE WARE POINT",MO,15316,"Watul Titha",190.4,,,पणजी,,61.7,08:45,10:30,OPN,,,,
116982,"Panjim To Ganpatipule Via Are Ware Point",Panjim,Ganpatipule,"ARE WARE POINT",MO,15295,"Waked Laxmi Garden",193.4,,,पणजी,,61.7,08:45,10:30,OPN,,,,
116982,"Panjim To Ganpatipule Via Are Ware Point",Panjim,Ganpatipule,"ARE WARE POINT",MO,14720,Kuwa,197.9,,,पणजी,,61.7,08:45,10:30,OPN,,,,
116982,"Panjim To Ganpatipule Via Are Ware Point",Panjim,Ganpatipule,"ARE WARE POINT",MO,13286,Lanja,203.5,,,पणजी,,61.7,08:45,10:30,OPN,,,,
116982,"Panjim To Ganpatipule Via Are Ware Point",Panjim,Ganpatipule,"ARE WARE POINT",MO,13276,"Lanja Poultry Farm",205.3,,,पणजी,,61.7,08:45,10:30,OPN,,,,
116982,"Panjim To Ganpatipule Via Are Ware Point",Panjim,Ganpatipule,"ARE WARE POINT",MO,13277,"Lanja Agri. Farm",207,,,पणजी,,61.7,08:45,10:30,OPN,,,,
116982,"Panjim To Ganpatipule Via Are Ware Point",Panjim,Ganpatipule,"ARE WARE POINT",MO,13011,"Devle Hed Pavas Fata",208.7,,,पणजी,,61.7,08:45,10:30,OPN,,,,
116982,"Panjim To Ganpatipule Via Are Ware Point",Panjim,Ganpatipule,"ARE WARE POINT",MO,13573,Veral,212.6,,,पणजी,,61.7,08:45,10:30,OPN,,,,
116982,"Panjim To Ganpatipule Via Are Ware Point",Panjim,Ganpatipule,"ARE WARE POINT",MO,12889,"Anjanari Bridge",215.6,,,पणजी,,61.7,08:45,10:30,OPN,,,,
116982,"Panjim To Ganpatipule Via Are Ware Point",Panjim,Ganpatipule,"ARE WARE POINT",MO,13297,Math,220.2,,,पणजी,,61.7,08:45,10:30,OPN,,,,
116982,"Panjim To Ganpatipule Via Are Ware Point",Panjim,Ganpatipule,"ARE WARE POINT",MO,13157,Khanu,223.6,,,पणजी,,61.7,08:45,10:30,OPN,,,,
116982,"Panjim To Ganpatipule Via Are Ware Point",Panjim,Ganpatipule,"ARE WARE POINT",MO,16416,Pali,226.4,,,पणजी,,61.7,08:45,10:30,OPN,,,,
116982,"Panjim To Ganpatipule Via Are Ware Point",Panjim,Ganpatipule,"ARE WARE POINT",MO,15946,Kapadagaon,232.3,,,पणजी,,61.7,08:45,10:30,OPN,,,,
116982,"Panjim To Ganpatipule Via Are Ware Point",Panjim,Ganpatipule,"ARE WARE POINT",MO,16628,Shetifarm,235.2,,,पणजी,,61.7,08:45,10:30,OPN,,,,
116982,"Panjim To Ganpatipule Via Are Ware Point",Panjim,Ganpatipule,"ARE WARE POINT",MO,15833,"Hatakhamba Gaon",237.8,,,पणजी,,61.7,08:45,10:30,OPN,,,,
116982,"Panjim To Ganpatipule Via Are Ware Point",Panjim,Ganpatipule,"ARE WARE POINT",MO,15851,Hatkhamba,238.4,,,पणजी,,61.7,08:45,10:30,OPN,,,,
116982,"Panjim To Ganpatipule Via Are Ware Point",Panjim,Ganpatipule,"ARE WARE POINT",MO,16466,"Panval Fata",240.8,,,पणजी,,61.7,08:45,10:30,OPN,,,,
116982,"Panjim To Ganpatipule Via Are Ware Point",Panjim,Ganpatipule,"ARE WARE POINT",MO,15979,"Khedshi Fata",242.8,,,पणजी,,61.7,08:45,10:30,OPN,,,,
116982,"Panjim To Ganpatipule Via Are Ware Point",Panjim,Ganpatipule,"ARE WARE POINT",MO,16108,Kuravbao,245.8,,,पणजी,,61.7,08:45,10:30,OPN,,,,
116982,"Panjim To Ganpatipule Via Are Ware Point",Panjim,Ganpatipule,"ARE WARE POINT",MO,16663,Shivajinagar,248.4,,,पणजी,,61.7,08:45,10:30,OPN,,,,
116982,"Panjim To Ganpatipule Via Are Ware Point",Panjim,Ganpatipule,"ARE WARE POINT",MO,16599,Ratnagiri,251.4,,,पणजी,,61.7,08:45,10:30,OPN,,,,
116982,"Panjim To Ganpatipule Via Are Ware Point",Panjim,Ganpatipule,"ARE WARE POINT",MO,16267,"Maruti Mandir",253.4,,,पणजी,,61.7,08:45,10:30,OPN,,,,
116982,"Panjim To Ganpatipule Via Are Ware Point",Panjim,Ganpatipule,"ARE WARE POINT",MO,16801,Udyamnagar,254.5,,,पणजी,,61.7,08:45,10:30,OPN,,,,
116982,"Panjim To Ganpatipule Via Are Ware Point",Panjim,Ganpatipule,"ARE WARE POINT",MO,16456,"Palkar Hospital",257.4,,,पणजी,,61.7,08:45,10:30,OPN,,,,
116982,"Panjim To Ganpatipule Via Are Ware Point",Panjim,Ganpatipule,"ARE WARE POINT",MO,16662,"Shirgaon Masjid",260.4,,,पणजी,,61.7,08:45,10:30,OPN,,,,
116982,"Panjim To Ganpatipule Via Are Ware Point",Panjim,Ganpatipule,"ARE WARE POINT",MO,16114,Kasarveli,262.8,,,पणजी,,61.7,08:45,10:30,OPN,,,,
116982,"Panjim To Ganpatipule Via Are Ware Point",Panjim,Ganpatipule,"ARE WARE POINT",MO,16655,"Shetye High School Basani",265.4,,,पणजी,,61.7,08:45,10:30,OPN,,,,
116982,"Panjim To Ganpatipule Via Are Ware Point",Panjim,Ganpatipule,"ARE WARE POINT",MO,12605,Nagsari,265.5,,,पणजी,,61.7,08:45,10:30,OPN,,,,
116982,"Panjim To Ganpatipule Via Are Ware Point",Panjim,Ganpatipule,"ARE WARE POINT",MO,15396,"Are Ware Point",268.7,,,पणजी,,61.7,08:45,10:30,OPN,,,,
116982,"Panjim To Ganpatipule Via Are Ware Point",Panjim,Ganpatipule,"ARE WARE POINT",MO,16017,"Kajirbhati Bridge End",270.9,,,पणजी,,61.7,08:45,10:30,OPN,,,,
116982,"Panjim To Ganpatipule Via Are Ware Point",Panjim,Ganpatipule,"ARE WARE POINT",MO,16099,"Krishanli Beach Resort",276.2,,,पणजी,,61.7,08:45,10:30,OPN,,,,
116982,"Panjim To Ganpatipule Via Are Ware Point",Panjim,Ganpatipule,"ARE WARE POINT",MO,15453,Bhandarpule,276.3,,,पणजी,,61.7,08:45,10:30,OPN,,,,
116982,"Panjim To Ganpatipule Via Are Ware Point",Panjim,Ganpatipule,"ARE WARE POINT",MO,15510,"Bhandarpule Fata",278.4,,,पणजी,,61.7,08:45,10:30,OPN,,,,
116982,"Panjim To Ganpatipule Via Are Ware Point",Panjim,Ganpatipule,"ARE WARE POINT",MO,15806,"Ganpatipule Mandir",278.6,,,पणजी,,61.7,08:45,10:30,OPN,,,,
116982,"Panjim To Ganpatipule Via Are Ware Point",Panjim,Ganpatipule,"ARE WARE POINT",MO,15808,Ganpatipule,279.7,,,पणजी,,61.7,08:45,10:30,OPN,,,,
11166,"Sawantwadi To Phanaskhol Ganesh Mandir",Sawantwadi,"Phanaskhol Ganesh Mandir",,MO,8663,Sawantwadi,,,,सावंतवाडी,फणसखोल,35.2,17:00,18:20,ST,,,,
11166,"Sawantwadi To Phanaskhol Ganesh Mandir",Sawantwadi,"Phanaskhol Ganesh Mandir",,MO,8523,"Gulabi Titha",3.3,,,सावंतवाडी,फणसखोल,35.2,17:00,18:20,ST,,,,
11166,"Sawantwadi To Phanaskhol Ganesh Mandir",Sawantwadi,"Phanaskhol Ganesh Mandir",,MO,8580,Malgaon,5.9,,,सावंतवाडी,फणसखोल,35.2,17:00,18:20,ST,,,,
11166,"Sawantwadi To Phanaskhol Ganesh Mandir",Sawantwadi,"Phanaskhol Ganesh Mandir",,MO,8674,"Vengurle Shiroda Titha",6.3,,,सावंतवाडी,फणसखोल,35.2,17:00,18:20,ST,,,,
11166,"Sawantwadi To Phanaskhol Ganesh Mandir",Sawantwadi,"Phanaskhol Ganesh Mandir",,MO,8665,"Sawantwadi Rly. Stn.",7.4,,,सावंतवाडी,फणसखोल,35.2,17:00,18:20,ST,,,,
11166,"Sawantwadi To Phanaskhol Ganesh Mandir",Sawantwadi,"Phanaskhol Ganesh Mandir",,MO,8609,"Nirawade Bazar",8.5,,,सावंतवाडी,फणसखोल,35.2,17:00,18:20,ST,,,,
11166,"Sawantwadi To Phanaskhol Ganesh Mandir",Sawantwadi,"Phanaskhol Ganesh Mandir",,MO,8599,"Nirawade Tiles Factory",9.3,,,सावंतवाडी,फणसखोल,35.2,17:00,18:20,ST,,,,
11166,"Sawantwadi To Phanaskhol Ganesh Mandir",Sawantwadi,"Phanaskhol Ganesh Mandir",,MO,8474,"Aros Titha",10.2,,,सावंतवाडी,फणसखोल,35.2,17:00,18:20,ST,,,,
11166,"Sawantwadi To Phanaskhol Ganesh Mandir",Sawantwadi,"Phanaskhol Ganesh Mandir",,MO,8598,"Nhaveli Bidi Karakhana",11.1,,,सावंतवाडी,फणसखोल,35.2,17:00,18:20,ST,,,,
11166,"Sawantwadi To Phanaskhol Ganesh Mandir",Sawantwadi,"Phanaskhol Ganesh Mandir",,MO,8614,"Nhaveli School",12.5,,,सावंतवाडी,फणसखोल,35.2,17:00,18:20,ST,,,,
11166,"Sawantwadi To Phanaskhol Ganesh Mandir",Sawantwadi,"Phanaskhol Ganesh Mandir",,MO,9855,"Ghodemukh Matond",13.9,,,सावंतवाडी,फणसखोल,35.2,17:00,18:20,ST,,,,
11166,"Sawantwadi To Phanaskhol Ganesh Mandir",Sawantwadi,"Phanaskhol Ganesh Mandir",,MO,8517,"Forest Chouki",15.8,,,सावंतवाडी,फणसखोल,35.2,17:00,18:20,ST,,,,
11166,"Sawantwadi To Phanaskhol Ganesh Mandir",Sawantwadi,"Phanaskhol Ganesh Mandir",,MO,9833,"Warachi Malewad",16.2,,,सावंतवाडी,फणसखोल,35.2,17:00,18:20,ST,,,,
11166,"Sawantwadi To Phanaskhol Ganesh Mandir",Sawantwadi,"Phanaskhol Ganesh Mandir",,MO,9703,"Malewad Hedulwadi",18.2,,,सावंतवाडी,फणसखोल,35.2,17:00,18:20,ST,,,,
11166,"Sawantwadi To Phanaskhol Ganesh Mandir",Sawantwadi,"Phanaskhol Ganesh Mandir",,MO,9704,"Malewad Naka",19.1,,,सावंतवाडी,फणसखोल,35.2,17:00,18:20,ST,,,,
11166,"Sawantwadi To Phanaskhol Ganesh Mandir",Sawantwadi,"Phanaskhol Ganesh Mandir",,MO,9706,"Malewad Savlwadi",20.4,,,सावंतवाडी,फणसखोल,35.2,17:00,18:20,ST,,,,
11166,"Sawantwadi To Phanaskhol Ganesh Mandir",Sawantwadi,"Phanaskhol Ganesh Mandir",,MO,9779,Savardev,21.2,,,सावंतवाडी,फणसखोल,35.2,17:00,18:20,ST,,,,
11166,"Sawantwadi To Phanaskhol Ganesh Mandir",Sawantwadi,"Phanaskhol Ganesh Mandir",,MO,9809,"Tiroda Titha",22.9,,,सावंतवाडी,फणसखोल,35.2,17:00,18:20,ST,,,,
11166,"Sawantwadi To Phanaskhol Ganesh Mandir",Sawantwadi,"Phanaskhol Ganesh Mandir",,MO,9592,"Ajgaon Marathi School",24.4,,,सावंतवाडी,फणसखोल,35.2,17:00,18:20,ST,,,,
11166,"Sawantwadi To Phanaskhol Ganesh Mandir",Sawantwadi,"Phanaskhol Ganesh Mandir",,MO,9789,Shiroda,26.4,,,सावंतवाडी,फणसखोल,35.2,17:00,18:20,ST,,,,
11166,"Sawantwadi To Phanaskhol Ganesh Mandir",Sawantwadi,"Phanaskhol Ganesh Mandir",,MO,9592,"Ajgaon Marathi School",28.4,,,सावंतवाडी,फणसखोल,35.2,17:00,18:20,ST,,,,
11166,"Sawantwadi To Phanaskhol Ganesh Mandir",Sawantwadi,"Phanaskhol Ganesh Mandir",,MO,9724,"Mulik Dukan",30.4,,,सावंतवाडी,फणसखोल,35.2,17:00,18:20,ST,,,,
11166,"Sawantwadi To Phanaskhol Ganesh Mandir",Sawantwadi,"Phanaskhol Ganesh Mandir",,MO,9731,Naikwadi,30.7,,,सावंतवाडी,फणसखोल,35.2,17:00,18:20,ST,,,,
11166,"Sawantwadi To Phanaskhol Ganesh Mandir",Sawantwadi,"Phanaskhol Ganesh Mandir",,MO,9640,"Gawas Mangar",32,,,सावंतवाडी,फणसखोल,35.2,17:00,18:20,ST,,,,
11166,"Sawantwadi To Phanaskhol Ganesh Mandir",Sawantwadi,"Phanaskhol Ganesh Mandir",,MO,9802,Tali,32.7,,,सावंतवाडी,फणसखोल,35.2,17:00,18:20,ST,,,,
11166,"Sawantwadi To Phanaskhol Ganesh Mandir",Sawantwadi,"Phanaskhol Ganesh Mandir",,MO,9641,Gawthan,33.4,,,सावंतवाडी,फणसखोल,35.2,17:00,18:20,ST,,,,
11166,"Sawantwadi To Phanaskhol Ganesh Mandir",Sawantwadi,"Phanaskhol Ganesh Mandir",,MO,9756,"Phanaskhol Ganesh Mandir",34.3,,,सावंतवाडी,फणसखोल,35.2,17:00,18:20,ST,,,,
11180,"Sawantwadi To Shivapur High School",Sawantwadi,"Shivapur High School",,MO,8663,Sawantwadi,,,,सावंतवाडी,शिवापूर,38.6,13:30,15:15,ST,,,,
11180,"Sawantwadi To Shivapur High School",Sawantwadi,"Shivapur High School",,MO,8551,"Kolgaon Thita",3.7,,,सावंतवाडी,शिवापूर,38.6,13:30,15:15,ST,,,,
11180,"Sawantwadi To Shivapur High School",Sawantwadi,"Shivapur High School",,MO,6101,Akeri,5.9,,,सावंतवाडी,शिवापूर,38.6,13:30,15:15,ST,,,,
11180,"Sawantwadi To Shivapur High School",Sawantwadi,"Shivapur High School",,MO,6207,"Humras Fata",7,,,सावंतवाडी,शिवापूर,38.6,13:30,15:15,ST,,,,
11180,"Sawantwadi To Shivapur High School",Sawantwadi,"Shivapur High School",,MO,6162,Dholkarwadi,9.4,,,सावंतवाडी,शिवापूर,38.6,13:30,15:15,ST,,,,
11180,"Sawantwadi To Shivapur High School",Sawantwadi,"Shivapur High School",,MO,6323,"Mangaon Titha",10.3,,,सावंतवाडी,शिवापूर,38.6,13:30,15:15,ST,,,,
11180,"Sawantwadi To Shivapur High School",Sawantwadi,"Shivapur High School",,MO,6317,Mangaon,12.2,,,सावंतवाडी,शिवापूर,38.6,13:30,15:15,ST,,,,
11180,"Sawantwadi To Shivapur High School",Sawantwadi,"Shivapur High School",,MO,6319,"Mangaon Phc",14,,,सावंतवाडी,शिवापूर,38.6,13:30,15:15,ST,,,,
11180,"Sawantwadi To Shivapur High School",Sawantwadi,"Shivapur High School",,MO,6092,Amberi,14.6,,,सावंतवाडी,शिवापूर,38.6,13:30,15:15,ST,,,,
11180,"Sawantwadi To Shivapur High School",Sawantwadi,"Shivapur High School",,MO,6463,"Wados Gpo",18,,,सावंतवाडी,शिवापूर,38.6,13:30,15:15,ST,,,,
11180,"Sawantwadi To Shivapur High School",Sawantwadi,"Shivapur High School",,MO,6464,"Wados Bazar",18.7,,,सावंतवाडी,शिवापूर,38.6,13:30,15:15,ST,,,,
11180,"Sawantwadi To Shivapur High School",Sawantwadi,"Shivapur High School",,MO,6190,"Gothos Titha",19.6,,,सावंतवाडी,शिवापूर,38.6,13:30,15:15,ST,,,,
11180,"Sawantwadi To Shivapur High School",Sawantwadi,"Shivapur High School",,MO,6339,"Nileli Gani Dukan",21,,,सावंतवाडी,शिवापूर,38.6,13:30,15:15,ST,,,,
11180,"Sawantwadi To Shivapur High School",Sawantwadi,"Shivapur High School",,MO,6273,Kerawade,23,,,सावंतवाडी,शिवापूर,38.6,13:30,15:15,ST,,,,
11180,"Sawantwadi To Shivapur High School",Sawantwadi,"Shivapur High School",,MO,6148,"Chafeli Nursery",25.7,,,सावंतवाडी,शिवापूर,38.6,13:30,15:15,ST,,,,
11180,"Sawantwadi To Shivapur High School",Sawantwadi,"Shivapur High School",,MO,6199,"Haldiche Nerur Titha",26,,,सावंतवाडी,शिवापूर,38.6,13:30,15:15,ST,,,,
11180,"Sawantwadi To Shivapur High School",Sawantwadi,"Shivapur High School",,MO,6161,Dukanwad,28.3,,,सावंतवाडी,शिवापूर,38.6,13:30,15:15,ST,,,,
11180,"Sawantwadi To Shivapur High School",Sawantwadi,"Shivapur High School",,MO,6098,"Anjiwade Fata",29,,,सावंतवाडी,शिवापूर,38.6,13:30,15:15,ST,,,,
11180,"Sawantwadi To Shivapur High School",Sawantwadi,"Shivapur High School",,MO,6472,"Wasoli Khochare Dukan",31.8,,,सावंतवाडी,शिवापूर,38.6,13:30,15:15,ST,,,,
11180,"Sawantwadi To Shivapur High School",Sawantwadi,"Shivapur High School",,MO,6471,"Wasoli Mandir",32,,,सावंतवाडी,शिवापूर,38.6,13:30,15:15,ST,,,,
11180,"Sawantwadi To Shivapur High School",Sawantwadi,"Shivapur High School",,MO,6465,"Weerwadi Highschool",33,,,सावंतवाडी,शिवापूर,38.6,13:30,15:15,ST,,,,
11180,"Sawantwadi To Shivapur High School",Sawantwadi,"Shivapur High School",,MO,6406,"Satichi Wadi",35,,,सावंतवाडी,शिवापूर,38.6,13:30,15:15,ST,,,,
11180,"Sawantwadi To Shivapur High School",Sawantwadi,"Shivapur High School",,MO,6420,"Shivapur Chaloba",37.5,,,सावंतवाडी,शिवापूर,38.6,13:30,15:15,ST,,,,
11180,"Sawantwadi To Shivapur High School",Sawantwadi,"Shivapur High School",,MO,6425,"Shivapur High School",38.6,,,सावंतवाडी,शिवापूर,38.6,13:30,15:15,ST,,,,
18754,"Phanaskhol Ganesh Mandir To Sawantwadi","Phanaskhol Ganesh Mandir",Sawantwadi,,MO,9756,"Phanaskhol Ganesh Mandir",,,,फणसखोल,सावंतवाडी,35.2,06:15,07:35,ST,,,,
18754,"Phanaskhol Ganesh Mandir To Sawantwadi","Phanaskhol Ganesh Mandir",Sawantwadi,,MO,9641,Gawthan,0.9,,,फणसखोल,सावंतवाडी,35.2,06:15,07:35,ST,,,,
18754,"Phanaskhol Ganesh Mandir To Sawantwadi","Phanaskhol Ganesh Mandir",Sawantwadi,,MO,9802,Tali,1.6,,,फणसखोल,सावंतवाडी,35.2,06:15,07:35,ST,,,,
18754,"Phanaskhol Ganesh Mandir To Sawantwadi","Phanaskhol Ganesh Mandir",Sawantwadi,,MO,9640,"Gawas Mangar",2.3,,,फणसखोल,सावंतवाडी,35.2,06:15,07:35,ST,,,,
18754,"Phanaskhol Ganesh Mandir To Sawantwadi","Phanaskhol Ganesh Mandir",Sawantwadi,,MO,9592,"Ajgaon Marathi School",5.9,,,फणसखोल,सावंतवाडी,35.2,06:15,07:35,ST,,,,
18754,"Phanaskhol Ganesh Mandir To Sawantwadi","Phanaskhol Ganesh Mandir",Sawantwadi,,MO,9789,Shiroda,7.9,,,फणसखोल,सावंतवाडी,35.2,06:15,07:35,ST,,,,
18754,"Phanaskhol Ganesh Mandir To Sawantwadi","Phanaskhol Ganesh Mandir",Sawantwadi,,MO,9592,"Ajgaon Marathi School",9.9,,,फणसखोल,सावंतवाडी,35.2,06:15,07:35,ST,,,,
18754,"Phanaskhol Ganesh Mandir To Sawantwadi","Phanaskhol Ganesh Mandir",Sawantwadi,,MO,9779,Savardev,13.1,,,फणसखोल,सावंतवाडी,35.2,06:15,07:35,ST,,,,
18754,"Phanaskhol Ganesh Mandir To Sawantwadi","Phanaskhol Ganesh Mandir",Sawantwadi,,MO,9706,"Malewad Savlwadi",13.9,,,फणसखोल,सावंतवाडी,35.2,06:15,07:35,ST,,,,
18754,"Phanaskhol Ganesh Mandir To Sawantwadi","Phanaskhol Ganesh Mandir",Sawantwadi,,MO,9704,"Malewad Naka",15.2,,,फणसखोल,सावंतवाडी,35.2,06:15,07:35,ST,,,,
18754,"Phanaskhol Ganesh Mandir To Sawantwadi","Phanaskhol Ganesh Mandir",Sawantwadi,,MO,9703,"Malewad Hedulwadi",16.1,,,फणसखोल,सावंतवाडी,35.2,06:15,07:35,ST,,,,
18754,"Phanaskhol Ganesh Mandir To Sawantwadi","Phanaskhol Ganesh Mandir",Sawantwadi,,MO,9833,"Warachi Malewad",18.1,,,फणसखोल,सावंतवाडी,35.2,06:15,07:35,ST,,,,
18754,"Phanaskhol Ganesh Mandir To Sawantwadi","Phanaskhol Ganesh Mandir",Sawantwadi,,MO,8517,"Forest Chouki",18.5,,,फणसखोल,सावंतवाडी,35.2,06:15,07:35,ST,,,,
18754,"Phanaskhol Ganesh Mandir To Sawantwadi","Phanaskhol Ganesh Mandir",Sawantwadi,,MO,9855,"Ghodemukh Matond",20.4,,,फणसखोल,सावंतवाडी,35.2,06:15,07:35,ST,,,,
18754,"Phanaskhol Ganesh Mandir To Sawantwadi","Phanaskhol Ganesh Mandir",Sawantwadi,,MO,8614,"Nhaveli School",21.8,,,फणसखोल,सावंतवाडी,35.2,06:15,07:35,ST,,,,
18754,"Phanaskhol Ganesh Mandir To Sawantwadi","Phanaskhol Ganesh Mandir",Sawantwadi,,MO,8598,"Nhaveli Bidi Karakhana",23.2,,,फणसखोल,सावंतवाडी,35.2,06:15,07:35,ST,,,,
18754,"Phanaskhol Ganesh Mandir To Sawantwadi","Phanaskhol Ganesh Mandir",Sawantwadi,,MO,8599,"Nirawade Tiles Factory",25,,,फणसखोल,सावंतवाडी,35.2,06:15,07:35,ST,,,,
18754,"Phanaskhol Ganesh Mandir To Sawantwadi","Phanaskhol Ganesh Mandir",Sawantwadi,,MO,8609,"Nirawade Bazar",25.8,,,फणसखोल,सावंतवाडी,35.2,06:15,07:35,ST,,,,
18754,"Phanaskhol Ganesh Mandir To Sawantwadi","Phanaskhol Ganesh Mandir",Sawantwadi,,MO,8665,"Sawantwadi Rly. Stn.",26.9,,,फणसखोल,सावंतवाडी,35.2,06:15,07:35,ST,,,,
18754,"Phanaskhol Ganesh Mandir To Sawantwadi","Phanaskhol Ganesh Mandir",Sawantwadi,,MO,8674,"Vengurle Shiroda Titha",28,,,फणसखोल,सावंतवाडी,35.2,06:15,07:35,ST,,,,
18754,"Phanaskhol Ganesh Mandir To Sawantwadi","Phanaskhol Ganesh Mandir",Sawantwadi,,MO,8580,Malgaon,28.4,,,फणसखोल,सावंतवाडी,35.2,06:15,07:35,ST,,,,
18754,"Phanaskhol Ganesh Mandir To Sawantwadi","Phanaskhol Ganesh Mandir",Sawantwadi,,MO,8523,"Gulabi Titha",31,,,फणसखोल,सावंतवाडी,35.2,06:15,07:35,ST,,,,
18754,"Phanaskhol Ganesh Mandir To Sawantwadi","Phanaskhol Ganesh Mandir",Sawantwadi,,MO,8663,Sawantwadi,34.3,,,फणसखोल,सावंतवाडी,35.2,06:15,07:35,ST,,,,
11130,"Sawantwadi To Footbridge  Malaiwadi",Sawantwadi,Malaiwadi,,MO,8663,Sawantwadi,,,,सावंतवाडी,,33.6,07:00,08:15,OBL,,,,
11130,"Sawantwadi To Footbridge  Malaiwadi",Sawantwadi,Malaiwadi,,MO,8551,"Kolgaon Thita",3.7,,,सावंतवाडी,,33.6,07:00,08:15,OBL,,,,
11130,"Sawantwadi To Footbridge  Malaiwadi",Sawantwadi,Malaiwadi,,MO,6101,Akeri,5.9,,,सावंतवाडी,,33.6,07:00,08:15,OBL,,,,
11130,"Sawantwadi To Footbridge  Malaiwadi",Sawantwadi,Malaiwadi,,MO,6207,"Humras Fata",7,,,सावंतवाडी,,33.6,07:00,08:15,OBL,,,,
11130,"Sawantwadi To Footbridge  Malaiwadi",Sawantwadi,Malaiwadi,,MO,6162,Dholkarwadi,9.4,,,सावंतवाडी,,33.6,07:00,08:15,OBL,,,,
11130,"Sawantwadi To Footbridge  Malaiwadi",Sawantwadi,Malaiwadi,,MO,6323,"Mangaon Titha",10.3,,,सावंतवाडी,,33.6,07:00,08:15,OBL,,,,
11130,"Sawantwadi To Footbridge  Malaiwadi",Sawantwadi,Malaiwadi,,MO,6317,Mangaon,12.2,,,सावंतवाडी,,33.6,07:00,08:15,OBL,,,,
11130,"Sawantwadi To Footbridge  Malaiwadi",Sawantwadi,Malaiwadi,,MO,6319,"Mangaon Phc",14,,,सावंतवाडी,,33.6,07:00,08:15,OBL,,,,
11130,"Sawantwadi To Footbridge  Malaiwadi",Sawantwadi,Malaiwadi,,MO,6092,Amberi,14.6,,,सावंतवाडी,,33.6,07:00,08:15,OBL,,,,
11130,"Sawantwadi To Footbridge  Malaiwadi",Sawantwadi,Malaiwadi,,MO,6463,"Wados Gpo",18,,,सावंतवाडी,,33.6,07:00,08:15,OBL,,,,
11130,"Sawantwadi To Footbridge  Malaiwadi",Sawantwadi,Malaiwadi,,MO,6464,"Wados Bazar",18.7,,,सावंतवाडी,,33.6,07:00,08:15,OBL,,,,
11130,"Sawantwadi To Footbridge  Malaiwadi",Sawantwadi,Malaiwadi,,MO,6190,"Gothos Titha",19.6,,,सावंतवाडी,,33.6,07:00,08:15,OBL,,,,
11130,"Sawantwadi To Footbridge  Malaiwadi",Sawantwadi,Malaiwadi,,MO,6339,"Nileli Gani Dukan",21,,,सावंतवाडी,,33.6,07:00,08:15,OBL,,,,
11130,"Sawantwadi To Footbridge  Malaiwadi",Sawantwadi,Malaiwadi,,MO,88081,"Mahadevache Kerawade",24,,,सावंतवाडी,,33.6,07:00,08:15,OBL,,,,
11130,"Sawantwadi To Footbridge  Malaiwadi",Sawantwadi,Malaiwadi,,MO,6199,"Haldiche Nerur Titha",27,,,सावंतवाडी,,33.6,07:00,08:15,OBL,,,,
11130,"Sawantwadi To Footbridge  Malaiwadi",Sawantwadi,Malaiwadi,,MO,6232,"Karyad Narur",28.4,,,सावंतवाडी,,33.6,07:00,08:15,OBL,,,,
11130,"Sawantwadi To Footbridge  Malaiwadi",Sawantwadi,Malaiwadi,,MO,6170,Footbridge,30.6,,,सावंतवाडी,,33.6,07:00,08:15,OBL,,,,
11130,"Sawantwadi To Footbridge  Malaiwadi",Sawantwadi,Malaiwadi,,MO,6311,Malaiwadi,33.6,,,सावंतवाडी,,33.6,07:00,08:15,OBL,,,,
40686,"Sawantwadi To Nigadi",Sawantwadi,Nigadi,UTTUR,MO,8663,Sawantwadi,,,,सावंतवाडी,निगडी,406.7,07:15,18:00,NOBL,,,,
40686,"Sawantwadi To Nigadi",Sawantwadi,Nigadi,UTTUR,MO,8488,"Burdi Pul",3,,,सावंतवाडी,निगडी,406.7,07:15,18:00,NOBL,,,,
40686,"Sawantwadi To Nigadi",Sawantwadi,Nigadi,UTTUR,MO,8653,"Sapale Stop",6,,,सावंतवाडी,निगडी,406.7,07:15,18:00,NOBL,,,,
40686,"Sawantwadi To Nigadi",Sawantwadi,Nigadi,UTTUR,MO,8570,Madkhol,8.5,,,सावंतवाडी,निगडी,406.7,07:15,18:00,NOBL,,,,
40686,"Sawantwadi To Nigadi",Sawantwadi,Nigadi,UTTUR,MO,8505,Dhawadki,10,,,सावंतवाडी,निगडी,406.7,07:15,18:00,NOBL,,,,
40686,"Sawantwadi To Nigadi",Sawantwadi,Nigadi,UTTUR,MO,8510,Danoli,13.1,,,सावंतवाडी,निगडी,406.7,07:15,18:00,NOBL,,,,
40686,"Sawantwadi To Nigadi",Sawantwadi,Nigadi,UTTUR,MO,8470,Amboli,29.5,,,सावंतवाडी,निगडी,406.7,07:15,18:00,NOBL,,,,
40686,"Sawantwadi To Nigadi",Sawantwadi,Nigadi,UTTUR,MO,8582,Mulvanwadi,33.3,,,सावंतवाडी,निगडी,406.7,07:15,18:00,NOBL,,,,
40686,"Sawantwadi To Nigadi",Sawantwadi,Nigadi,UTTUR,MO,8473,"Ajra Fata",36,,,सावंतवाडी,निगडी,406.7,07:15,18:00,NOBL,,,,
40686,"Sawantwadi To Nigadi",Sawantwadi,Nigadi,UTTUR,MO,8606,"Nangartas Awate Dukan",39,,,सावंतवाडी,निगडी,406.7,07:15,18:00,NOBL,,,,
40686,"Sawantwadi To Nigadi",Sawantwadi,Nigadi,UTTUR,MO,24833,Menon,41,,,सावंतवाडी,निगडी,406.7,07:15,18:00,NOBL,,,,
40686,"Sawantwadi To Nigadi",Sawantwadi,Nigadi,UTTUR,MO,23762,Ghatkarwadi,42.7,,,सावंतवाडी,निगडी,406.7,07:15,18:00,NOBL,,,,
40686,"Sawantwadi To Nigadi",Sawantwadi,Nigadi,UTTUR,MO,23585,Dhangarmala,43,,,सावंतवाडी,निगडी,406.7,07:15,18:00,NOBL,,,,
40686,"Sawantwadi To Nigadi",Sawantwadi,Nigadi,UTTUR,MO,25615,Suleran,47.1,,,सावंतवाडी,निगडी,406.7,07:15,18:00,NOBL,,,,
40686,"Sawantwadi To Nigadi",Sawantwadi,Nigadi,UTTUR,MO,23872,Gavase,50.5,,,सावंतवाडी,निगडी,406.7,07:15,18:00,NOBL,,,,
40686,"Sawantwadi To Nigadi",Sawantwadi,Nigadi,UTTUR,MO,23882,Haloli,56,,,सावंतवाडी,निगडी,406.7,07:15,18:00,NOBL,,,,
40686,"Sawantwadi To Nigadi",Sawantwadi,Nigadi,UTTUR,MO,23010,Ajara,62.1,,,सावंतवाडी,निगडी,406.7,07:15,18:00,NOBL,,,,
40686,"Sawantwadi To Nigadi",Sawantwadi,Nigadi,UTTUR,MO,24646,Madilage,69,,,सावंतवाडी,निगडी,406.7,07:15,18:00,NOBL,,,,
40686,"Sawantwadi To Nigadi",Sawantwadi,Nigadi,UTTUR,MO,25930,"Uttur Fata",72,,,सावंतवाडी,निगडी,406.7,07:15,18:00,NOBL,,,,
40686,"Sawantwadi To Nigadi",Sawantwadi,Nigadi,UTTUR,MO,23880,"Halewadi Titta",74,,,सावंतवाडी,निगडी,406.7,07:15,18:00,NOBL,,,,
40686,"Sawantwadi To Nigadi",Sawantwadi,Nigadi,UTTUR,MO,25169,Pendharwadi,78.4,,,सावंतवाडी,निगडी,406.7,07:15,18:00,NOBL,,,,
40686,"Sawantwadi To Nigadi",Sawantwadi,Nigadi,UTTUR,MO,25924,Uttur,80.1,,,सावंतवाडी,निगडी,406.7,07:15,18:00,NOBL,,,,
40686,"Sawantwadi To Nigadi",Sawantwadi,Nigadi,UTTUR,MO,24825,"Mumewadi Titta",83,,,सावंतवाडी,निगडी,406.7,07:15,18:00,NOBL,,,,
40686,"Sawantwadi To Nigadi",Sawantwadi,Nigadi,UTTUR,MO,23221,Bahirewadi,86,,,सावंतवाडी,निगडी,406.7,07:15,18:00,NOBL,,,,
40686,"Sawantwadi To Nigadi",Sawantwadi,Nigadi,UTTUR,MO,25035,Nangnur,87.9,,,सावंतवाडी,निगडी,406.7,07:15,18:00,NOBL,,,,
40686,"Sawantwadi To Nigadi",Sawantwadi,Nigadi,UTTUR,MO,73922,"Nagnur Krt Border",90.3,,,सावंतवाडी,निगडी,406.7,07:15,18:00,NOBL,,,,
40686,"Sawantwadi To Nigadi",Sawantwadi,Nigadi,UTTUR,MO,73937,Nipani,100,,,सावंतवाडी,निगडी,406.7,07:15,18:00,NOBL,,,,
40686,"Sawantwadi To Nigadi",Sawantwadi,Nigadi,UTTUR,MO,73608,Kagal,128.8,,,सावंतवाडी,निगडी,406.7,07:15,18:00,NOBL,,,,
40686,"Sawantwadi To Nigadi",Sawantwadi,Nigadi,UTTUR,MO,24283,Kagal,129,,,सावंतवाडी,निगडी,406.7,07:15,18:00,NOBL,,,,
40686,"Sawantwadi To Nigadi",Sawantwadi,Nigadi,UTTUR,MO,24359,Kolhapur,149.6,,,सावंतवाडी,निगडी,406.7,07:15,18:00,NOBL,,,,
40686,"Sawantwadi To Nigadi",Sawantwadi,Nigadi,UTTUR,MO,25591,Shiroli,155,,,सावंतवाडी,निगडी,406.7,07:15,18:00,NOBL,,,,
40686,"Sawantwadi To Nigadi",Sawantwadi,Nigadi,UTTUR,MO,26070,Wathar,169.2,,,सावंतवाडी,निगडी,406.7,07:15,18:00,NOBL,,,,
40686,"Sawantwadi To Nigadi",Sawantwadi,Nigadi,UTTUR,MO,29764,Nerle,198.1,,,सावंतवाडी,निगडी,406.7,07:15,18:00,NOBL,,,,
40686,"Sawantwadi To Nigadi",Sawantwadi,Nigadi,UTTUR,MO,28184,Karad,221,,,सावंतवाडी,निगडी,406.7,07:15,18:00,NOBL,,,,
40686,"Sawantwadi To Nigadi",Sawantwadi,Nigadi,UTTUR,MO,28340,Umbraj,239.1,,,सावंतवाडी,निगडी,406.7,07:15,18:00,NOBL,,,,
40686,"Sawantwadi To Nigadi",Sawantwadi,Nigadi,UTTUR,MO,31099,Kashil,247.7,,,सावंतवाडी,निगडी,406.7,07:15,18:00,NOBL,,,,
40686,"Sawantwadi To Nigadi",Sawantwadi,Nigadi,UTTUR,MO,30896,Atit,253,,,सावंतवाडी,निगडी,406.7,07:15,18:00,NOBL,,,,
40686,"Sawantwadi To Nigadi",Sawantwadi,Nigadi,UTTUR,MO,31298,Satara,274.2,,,सावंतवाडी,निगडी,406.7,07:15,18:00,NOBL,,,,
40686,"Sawantwadi To Nigadi",Sawantwadi,Nigadi,UTTUR,MO,33566,Pachwad,293,,,सावंतवाडी,निगडी,406.7,07:15,18:00,NOBL,,,,
40686,"Sawantwadi To Nigadi",Sawantwadi,Nigadi,UTTUR,MO,33460,Bhuinj,298.9,,,सावंतवाडी,निगडी,406.7,07:15,18:00,NOBL,,,,
40686,"Sawantwadi To Nigadi",Sawantwadi,Nigadi,UTTUR,MO,33588,"Surur Fata",308,,,सावंतवाडी,निगडी,406.7,07:15,18:00,NOBL,,,,
40686,"Sawantwadi To Nigadi",Sawantwadi,Nigadi,UTTUR,MO,29233,"Pargaon Khandala",322.3,,,सावंतवाडी,निगडी,406.7,07:15,18:00,NOBL,,,,
40686,"Sawantwadi To Nigadi",Sawantwadi,Nigadi,UTTUR,MO,29255,Shirwal,334,,,सावंतवाडी,निगडी,406.7,07:15,18:00,NOBL,,,,
40686,"Sawantwadi To Nigadi",Sawantwadi,Nigadi,UTTUR,MO,6685,Sarole,339,,,सावंतवाडी,निगडी,406.7,07:15,18:00,NOBL,,,,
40686,"Sawantwadi To Nigadi",Sawantwadi,Nigadi,UTTUR,MO,8934,"Swargate, Pune",379.8,,,सावंतवाडी,निगडी,406.7,07:15,18:00,NOBL,,,,
40686,"Sawantwadi To Nigadi",Sawantwadi,Nigadi,UTTUR,MO,8888,"Pune Rly. Stn.",386.3,,,सावंतवाडी,निगडी,406.7,07:15,18:00,NOBL,,,,
40686,"Sawantwadi To Nigadi",Sawantwadi,Nigadi,UTTUR,MO,8922,"New Shivaji Nagar Pune",389.4,,,सावंतवाडी,निगडी,406.7,07:15,18:00,NOBL,,,,
40686,"Sawantwadi To Nigadi",Sawantwadi,Nigadi,UTTUR,MO,8782,Dapodi,396.6,,,सावंतवाडी,निगडी,406.7,07:15,18:00,NOBL,,,,
40686,"Sawantwadi To Nigadi",Sawantwadi,Nigadi,UTTUR,MO,8957,"Vallabh Nagar",401.6,,,सावंतवाडी,निगडी,406.7,07:15,18:00,NOBL,,,,
40686,"Sawantwadi To Nigadi",Sawantwadi,Nigadi,UTTUR,MO,8873,Nigadi,412.1,,,सावंतवाडी,निगडी,406.7,07:15,18:00,NOBL,,,,
63798,"Bijghar Colony To Sawantwadi Via Sonaval","Bijghar Colony",Sawantwadi,SONAVAL,MO,2241,"Bijghar Colony",,,,बिजघर,सावंतवाडी,68,10:40,13:10,ST,,,,
63798,"Bijghar Colony To Sawantwadi Via Sonaval","Bijghar Colony",Sawantwadi,SONAVAL,MO,2259,"Kharade Bridge",3,,,बिजघर,सावंतवाडी,68,10:40,13:10,ST,,,,
63798,"Bijghar Colony To Sawantwadi Via Sonaval","Bijghar Colony",Sawantwadi,SONAVAL,MO,2296,Mulas,6,,,बिजघर,सावंतवाडी,68,10:40,13:10,ST,,,,
63798,"Bijghar Colony To Sawantwadi Via Sonaval","Bijghar Colony",Sawantwadi,SONAVAL,MO,2284,Medhe,9,,,बिजघर,सावंतवाडी,68,10:40,13:10,ST,,,,
63798,"Bijghar Colony To Sawantwadi Via Sonaval","Bijghar Colony",Sawantwadi,SONAVAL,MO,2311,Sonaval,10,,,बिजघर,सावंतवाडी,68,10:40,13:10,ST,,,,
63798,"Bijghar Colony To Sawantwadi Via Sonaval","Bijghar Colony",Sawantwadi,SONAVAL,MO,2284,Medhe,12,,,बिजघर,सावंतवाडी,68,10:40,13:10,ST,,,,
63798,"Bijghar Colony To Sawantwadi Via Sonaval","Bijghar Colony",Sawantwadi,SONAVAL,MO,2332,Tirali,15,,,बिजघर,सावंतवाडी,68,10:40,13:10,ST,,,,
63798,"Bijghar Colony To Sawantwadi Via Sonaval","Bijghar Colony",Sawantwadi,SONAVAL,MO,2283,"Londhewadi Mecanic Colony",18,,,बिजघर,सावंतवाडी,68,10:40,13:10,ST,,,,
63798,"Bijghar Colony To Sawantwadi Via Sonaval","Bijghar Colony",Sawantwadi,SONAVAL,MO,2274,"Konal Katta",19,,,बिजघर,सावंतवाडी,68,10:40,13:10,ST,,,,
63798,"Bijghar Colony To Sawantwadi Via Sonaval","Bijghar Colony",Sawantwadi,SONAVAL,MO,2232,Awade,21,,,बिजघर,सावंतवाडी,68,10:40,13:10,ST,,,,
63798,"Bijghar Colony To Sawantwadi Via Sonaval","Bijghar Colony",Sawantwadi,SONAVAL,MO,2239,Bhedshi,22,,,बिजघर,सावंतवाडी,68,10:40,13:10,ST,,,,
63798,"Bijghar Colony To Sawantwadi Via Sonaval","Bijghar Colony",Sawantwadi,SONAVAL,MO,2236,"Bhedshi Nadi",24,,,बिजघर,सावंतवाडी,68,10:40,13:10,ST,,,,
63798,"Bijghar Colony To Sawantwadi Via Sonaval","Bijghar Colony",Sawantwadi,SONAVAL,MO,2344,"Zare Bambar",27,,,बिजघर,सावंतवाडी,68,10:40,13:10,ST,,,,
63798,"Bijghar Colony To Sawantwadi Via Sonaval","Bijghar Colony",Sawantwadi,SONAVAL,MO,2229,Ambeli,30,,,बिजघर,सावंतवाडी,68,10:40,13:10,ST,,,,
63798,"Bijghar Colony To Sawantwadi Via Sonaval","Bijghar Colony",Sawantwadi,SONAVAL,MO,2247,Dodamarg,33,,,बिजघर,सावंतवाडी,68,10:40,13:10,ST,,,,
63798,"Bijghar Colony To Sawantwadi Via Sonaval","Bijghar Colony",Sawantwadi,SONAVAL,MO,2290,Maneri,36,,,बिजघर,सावंतवाडी,68,10:40,13:10,ST,,,,
63798,"Bijghar Colony To Sawantwadi Via Sonaval","Bijghar Colony",Sawantwadi,SONAVAL,MO,2260,"Kudasa Fata",39,,,बिजघर,सावंतवाडी,68,10:40,13:10,ST,,,,
63798,"Bijghar Colony To Sawantwadi Via Sonaval","Bijghar Colony",Sawantwadi,SONAVAL,MO,2316,Sasoli,40,,,बिजघर,सावंतवाडी,68,10:40,13:10,ST,,,,
63798,"Bijghar Colony To Sawantwadi Via Sonaval","Bijghar Colony",Sawantwadi,SONAVAL,MO,2269,"Kalane Sada",42,,,बिजघर,सावंतवाडी,68,10:40,13:10,ST,,,,
63798,"Bijghar Colony To Sawantwadi Via Sonaval","Bijghar Colony",Sawantwadi,SONAVAL,MO,8467,"Adali Mauli Mandir",48,,,बिजघर,सावंतवाडी,68,10:40,13:10,ST,,,,
63798,"Bijghar Colony To Sawantwadi Via Sonaval","Bijghar Colony",Sawantwadi,SONAVAL,MO,8588,Morgaon,49,,,बिजघर,सावंतवाडी,68,10:40,13:10,ST,,,,
63798,"Bijghar Colony To Sawantwadi Via Sonaval","Bijghar Colony",Sawantwadi,SONAVAL,MO,8503,Degve,52,,,बिजघर,सावंतवाडी,68,10:40,13:10,ST,,,,
63798,"Bijghar Colony To Sawantwadi Via Sonaval","Bijghar Colony",Sawantwadi,SONAVAL,MO,8619,Panval,54,,,बिजघर,सावंतवाडी,68,10:40,13:10,ST,,,,
63798,"Bijghar Colony To Sawantwadi Via Sonaval","Bijghar Colony",Sawantwadi,SONAVAL,MO,8486,Banda,57,,,बिजघर,सावंतवाडी,68,10:40,13:10,ST,,,,
63798,"Bijghar Colony To Sawantwadi Via Sonaval","Bijghar Colony",Sawantwadi,SONAVAL,MO,8499,"Doba Shel",63,,,बिजघर,सावंतवाडी,68,10:40,13:10,ST,,,,
63798,"Bijghar Colony To Sawantwadi Via Sonaval","Bijghar Colony",Sawantwadi,SONAVAL,MO,8578,"Majgaon Nala",66,,,बिजघर,सावंतवाडी,68,10:40,13:10,ST,,,,
63798,"Bijghar Colony To Sawantwadi Via Sonaval","Bijghar Colony",Sawantwadi,SONAVAL,MO,8663,Sawantwadi,68,,,बिजघर,सावंतवाडी,68,10:40,13:10,ST,,,,
75166,"Dongarpal To Banda",Dongarpal,Banda,,MO,8170,"Mail Dagad",3,,,,बांदा,12,07:20,08:10,OBL,,,,
75166,"Dongarpal To Banda",Dongarpal,Banda,,MO,8515,"Fakir Fata",3.9,,,,बांदा,12,07:20,08:10,OBL,,,,
75166,"Dongarpal To Banda",Dongarpal,Banda,,MO,87571,School,4.9,,,,बांदा,12,07:20,08:10,OBL,,,,
75166,"Dongarpal To Banda",Dongarpal,Banda,,MO,8524,Galel,5.9,,,,बांदा,12,07:20,08:10,OBL,,,,
75166,"Dongarpal To Banda",Dongarpal,Banda,,MO,8486,Banda,12.1,,,,बांदा,12,07:20,08:10,OBL,,,,
18609,"Civil Hospital Sindhudurgnagari To Sawantwadi","Civil Hospital Sindhudurgnagari",Sawantwadi,,MO,6152,"Civil Hospital Sindhudurgnagari",,,,सिंधुदूर्गनगरी,सावंतवाडी,36.2,18:00,19:00,NOBL,,,,
18609,"Civil Hospital Sindhudurgnagari To Sawantwadi","Civil Hospital Sindhudurgnagari",Sawantwadi,,MO,6392,"Ranbambuli Fata",0.5,,,सिंधुदूर्गनगरी,सावंतवाडी,36.2,18:00,19:00,NOBL,,,,
18609,"Civil Hospital Sindhudurgnagari To Sawantwadi","Civil Hospital Sindhudurgnagari",Sawantwadi,,MO,6152,"Civil Hospital Sindhudurgnagari",0.9,,,सिंधुदूर्गनगरी,सावंतवाडी,36.2,18:00,19:00,NOBL,,,,
18609,"Civil Hospital Sindhudurgnagari To Sawantwadi","Civil Hospital Sindhudurgnagari",Sawantwadi,,MO,6422,"Sindhuduragnagari Water Tank",1,,,सिंधुदूर्गनगरी,सावंतवाडी,36.2,18:00,19:00,NOBL,,,,
18609,"Civil Hospital Sindhudurgnagari To Sawantwadi","Civil Hospital Sindhudurgnagari",Sawantwadi,,MO,6408,Sindhudurgnagari,1.1,,,सिंधुदूर्गनगरी,सावंतवाडी,36.2,18:00,19:00,NOBL,,,,
18609,"Civil Hospital Sindhudurgnagari To Sawantwadi","Civil Hospital Sindhudurgnagari",Sawantwadi,,MO,6329,"Marathi Shala",1.9,,,सिंधुदूर्गनगरी,सावंतवाडी,36.2,18:00,19:00,NOBL,,,,
18609,"Civil Hospital Sindhudurgnagari To Sawantwadi","Civil Hospital Sindhudurgnagari",Sawantwadi,,MO,6224,"Jijamata Hospital",3,,,सिंधुदूर्गनगरी,सावंतवाडी,36.2,18:00,19:00,NOBL,,,,
18609,"Civil Hospital Sindhudurgnagari To Sawantwadi","Civil Hospital Sindhudurgnagari",Sawantwadi,,MO,6206,"Humarmala Rane Dukan",4.4,,,सिंधुदूर्गनगरी,सावंतवाडी,36.2,18:00,19:00,NOBL,,,,
18609,"Civil Hospital Sindhudurgnagari To Sawantwadi","Civil Hospital Sindhudurgnagari",Sawantwadi,,MO,6204,"Humarmala Kasale Dukan",5.8,,,सिंधुदूर्गनगरी,सावंतवाडी,36.2,18:00,19:00,NOBL,,,,
18609,"Civil Hospital Sindhudurgnagari To Sawantwadi","Civil Hospital Sindhudurgnagari",Sawantwadi,,MO,6365,Pandur,7.7,,,सिंधुदूर्गनगरी,सावंतवाडी,36.2,18:00,19:00,NOBL,,,,
18609,"Civil Hospital Sindhudurgnagari To Sawantwadi","Civil Hospital Sindhudurgnagari",Sawantwadi,,MO,88100,Vetalbambarde,10.7,,,सिंधुदूर्गनगरी,सावंतवाडी,36.2,18:00,19:00,NOBL,,,,
18609,"Civil Hospital Sindhudurgnagari To Sawantwadi","Civil Hospital Sindhudurgnagari",Sawantwadi,,MO,6380,"Pawashi Panchayat",12.8,,,सिंधुदूर्गनगरी,सावंतवाडी,36.2,18:00,19:00,NOBL,,,,
18609,"Civil Hospital Sindhudurgnagari To Sawantwadi","Civil Hospital Sindhudurgnagari",Sawantwadi,,MO,6240,"Kudal St Depot",15,,,सिंधुदूर्गनगरी,सावंतवाडी,36.2,18:00,19:00,NOBL,,,,
18609,"Civil Hospital Sindhudurgnagari To Sawantwadi","Civil Hospital Sindhudurgnagari",Sawantwadi,,MO,6237,"Kudal St Depot",16.7,,,सिंधुदूर्गनगरी,सावंतवाडी,36.2,18:00,19:00,NOBL,,,,
18609,"Civil Hospital Sindhudurgnagari To Sawantwadi","Civil Hospital Sindhudurgnagari",Sawantwadi,,MO,2069,"Modka Wad",18.7,,,सिंधुदूर्गनगरी,सावंतवाडी,36.2,18:00,19:00,NOBL,,,,
18609,"Civil Hospital Sindhudurgnagari To Sawantwadi","Civil Hospital Sindhudurgnagari",Sawantwadi,,MO,6376,"Pinguli Titha",21.3,,,सिंधुदूर्गनगरी,सावंतवाडी,36.2,18:00,19:00,NOBL,,,,
18609,"Civil Hospital Sindhudurgnagari To Sawantwadi","Civil Hospital Sindhudurgnagari",Sawantwadi,,MO,6126,Bibavane,21.9,,,सिंधुदूर्गनगरी,सावंतवाडी,36.2,18:00,19:00,NOBL,,,,
18609,"Civil Hospital Sindhudurgnagari To Sawantwadi","Civil Hospital Sindhudurgnagari",Sawantwadi,,MO,6322,"Mandkuli Fata",22.4,,,सिंधुदूर्गनगरी,सावंतवाडी,36.2,18:00,19:00,NOBL,,,,
18609,"Civil Hospital Sindhudurgnagari To Sawantwadi","Civil Hospital Sindhudurgnagari",Sawantwadi,,MO,6441,"Terse Bambarde Fata",23,,,सिंधुदूर्गनगरी,सावंतवाडी,36.2,18:00,19:00,NOBL,,,,
18609,"Civil Hospital Sindhudurgnagari To Sawantwadi","Civil Hospital Sindhudurgnagari",Sawantwadi,,MO,6400,Salgaon,25.6,,,सिंधुदूर्गनगरी,सावंतवाडी,36.2,18:00,19:00,NOBL,,,,
18609,"Civil Hospital Sindhudurgnagari To Sawantwadi","Civil Hospital Sindhudurgnagari",Sawantwadi,,MO,6474,"Zharap Titha",26.6,,,सिंधुदूर्गनगरी,सावंतवाडी,36.2,18:00,19:00,NOBL,,,,
18609,"Civil Hospital Sindhudurgnagari To Sawantwadi","Civil Hospital Sindhudurgnagari",Sawantwadi,,MO,6473,"Zarap Jambhal",27.4,,,सिंधुदूर्गनगरी,सावंतवाडी,36.2,18:00,19:00,NOBL,,,,
18609,"Civil Hospital Sindhudurgnagari To Sawantwadi","Civil Hospital Sindhudurgnagari",Sawantwadi,,MO,6231,"Khan Mohalla",28.9,,,सिंधुदूर्गनगरी,सावंतवाडी,36.2,18:00,19:00,NOBL,,,,
18609,"Civil Hospital Sindhudurgnagari To Sawantwadi","Civil Hospital Sindhudurgnagari",Sawantwadi,,MO,6205,Humras,29.4,,,सिंधुदूर्गनगरी,सावंतवाडी,36.2,18:00,19:00,NOBL,,,,
18609,"Civil Hospital Sindhudurgnagari To Sawantwadi","Civil Hospital Sindhudurgnagari",Sawantwadi,,MO,6453,"Vengurle Fata",30.9,,,सिंधुदूर्गनगरी,सावंतवाडी,36.2,18:00,19:00,NOBL,,,,
18609,"Civil Hospital Sindhudurgnagari To Sawantwadi","Civil Hospital Sindhudurgnagari",Sawantwadi,,MO,6101,Akeri,31.5,,,सिंधुदूर्गनगरी,सावंतवाडी,36.2,18:00,19:00,NOBL,,,,
18609,"Civil Hospital Sindhudurgnagari To Sawantwadi","Civil Hospital Sindhudurgnagari",Sawantwadi,,MO,8551,"Kolgaon Thita",33.7,,,सिंधुदूर्गनगरी,सावंतवाडी,36.2,18:00,19:00,NOBL,,,,
18609,"Civil Hospital Sindhudurgnagari To Sawantwadi","Civil Hospital Sindhudurgnagari",Sawantwadi,,MO,8663,Sawantwadi,37.4,,,सिंधुदूर्गनगरी,सावंतवाडी,36.2,18:00,19:00,NOBL,,,,
88344,"Sawantwadi To Bhekurli",Sawantwadi,Bhekurli,,MO,8663,Sawantwadi,,,,सावंतवाडी,कुंभवडे,54.1,13:30,15:40,ST,,,,
88344,"Sawantwadi To Bhekurli",Sawantwadi,Bhekurli,,MO,8570,Madkhol,7.9,,,सावंतवाडी,कुंभवडे,54.1,13:30,15:40,ST,,,,
88344,"Sawantwadi To Bhekurli",Sawantwadi,Bhekurli,,MO,8569,"Madkhol Met",9,,,सावंतवाडी,कुंभवडे,54.1,13:30,15:40,ST,,,,
88344,"Sawantwadi To Bhekurli",Sawantwadi,Bhekurli,,MO,8496,"Dhawadaki Datta Mandir",10.6,,,सावंतवाडी,कुंभवडे,54.1,13:30,15:40,ST,,,,
88344,"Sawantwadi To Bhekurli",Sawantwadi,Bhekurli,,MO,8510,Danoli,13.1,,,सावंतवाडी,कुंभवडे,54.1,13:30,15:40,ST,,,,
88344,"Sawantwadi To Bhekurli",Sawantwadi,Bhekurli,,MO,8564,Kumbheshwar,15,,,सावंतवाडी,कुंभवडे,54.1,13:30,15:40,ST,,,,
88344,"Sawantwadi To Bhekurli",Sawantwadi,Bhekurli,,MO,8607,Nanapani,21,,,सावंतवाडी,कुंभवडे,54.1,13:30,15:40,ST,,,,
88344,"Sawantwadi To Bhekurli",Sawantwadi,Bhekurli,,MO,8679,"Water Fall",26,,,सावंतवाडी,कुंभवडे,54.1,13:30,15:40,ST,,,,
88344,"Sawantwadi To Bhekurli",Sawantwadi,Bhekurli,,MO,8470,Amboli,29.5,,,सावंतवाडी,कुंभवडे,54.1,13:30,15:40,ST,,,,
88344,"Sawantwadi To Bhekurli",Sawantwadi,Bhekurli,,MO,8567,"Malav Titha",35.4,,,सावंतवाडी,कुंभवडे,54.1,13:30,15:40,ST,,,,
88344,"Sawantwadi To Bhekurli",Sawantwadi,Bhekurli,,MO,8596,Nenewadi,38.6,,,सावंतवाडी,कुंभवडे,54.1,13:30,15:40,ST,,,,
88344,"Sawantwadi To Bhekurli",Sawantwadi,Bhekurli,,MO,8567,"Malav Titha",40.2,,,सावंतवाडी,कुंभवडे,54.1,13:30,15:40,ST,,,,
88344,"Sawantwadi To Bhekurli",Sawantwadi,Bhekurli,,MO,8584,Malav,41.7,,,सावंतवाडी,कुंभवडे,54.1,13:30,15:40,ST,,,,
88344,"Sawantwadi To Bhekurli",Sawantwadi,Bhekurli,,MO,8492,Choukul,45.1,,,सावंतवाडी,कुंभवडे,54.1,13:30,15:40,ST,,,,
88344,"Sawantwadi To Bhekurli",Sawantwadi,Bhekurli,,MO,8669,Torapwadi,46.4,,,सावंतवाडी,कुंभवडे,54.1,13:30,15:40,ST,,,,
88344,"Sawantwadi To Bhekurli",Sawantwadi,Bhekurli,,MO,8585,Mangar,48.1,,,सावंतवाडी,कुंभवडे,54.1,13:30,15:40,ST,,,,
88344,"Sawantwadi To Bhekurli",Sawantwadi,Bhekurli,,MO,8545,Kegadwadi,51.4,,,सावंतवाडी,कुंभवडे,54.1,13:30,15:40,ST,,,,
88344,"Sawantwadi To Bhekurli",Sawantwadi,Bhekurli,,MO,8550,"Kupekar Point",53,,,सावंतवाडी,कुंभवडे,54.1,13:30,15:40,ST,,,,
88344,"Sawantwadi To Bhekurli",Sawantwadi,Bhekurli,,MO,8540,Kumbhawade,56.6,,,सावंतवाडी,कुंभवडे,54.1,13:30,15:40,ST,,,,
88344,"Sawantwadi To Bhekurli",Sawantwadi,Bhekurli,,MO,2240,Bhekurli,59,,,सावंतवाडी,कुंभवडे,54.1,13:30,15:40,ST,,,,
75165,"Banda To Dongarpal",Banda,Dongarpal,,MO,8486,Banda,,,,बांदा,,12,07:15,07:40,OBL,,,,
75165,"Banda To Dongarpal",Banda,Dongarpal,,MO,8524,Galel,6.2,,,बांदा,,12,07:15,07:40,OBL,,,,
75165,"Banda To Dongarpal",Banda,Dongarpal,,MO,87571,School,7.2,,,बांदा,,12,07:15,07:40,OBL,,,,
75165,"Banda To Dongarpal",Banda,Dongarpal,,MO,8515,"Fakir Fata",8.2,,,बांदा,,12,07:15,07:40,OBL,,,,
75165,"Banda To Dongarpal",Banda,Dongarpal,,MO,8170,"Mail Dagad",9.1,,,बांदा,,12,07:15,07:40,OBL,,,,
11183,"Sawantwadi To Sonurli Sateri Mandir",Sawantwadi,"Sonurli Sateri Mandir",,MO,8663,Sawantwadi,,,,सावंतवाडी,सोनुर्ली,14.9,09:15,10:05,ST,,,,
11183,"Sawantwadi To Sonurli Sateri Mandir",Sawantwadi,"Sonurli Sateri Mandir",,MO,8523,"Gulabi Titha",3.3,,,सावंतवाडी,सोनुर्ली,14.9,09:15,10:05,ST,,,,
11183,"Sawantwadi To Sonurli Sateri Mandir",Sawantwadi,"Sonurli Sateri Mandir",,MO,8580,Malgaon,6.1,,,सावंतवाडी,सोनुर्ली,14.9,09:15,10:05,ST,,,,
11183,"Sawantwadi To Sonurli Sateri Mandir",Sawantwadi,"Sonurli Sateri Mandir",,MO,8674,"Vengurle Shiroda Titha",6.3,,,सावंतवाडी,सोनुर्ली,14.9,09:15,10:05,ST,,,,
11183,"Sawantwadi To Sonurli Sateri Mandir",Sawantwadi,"Sonurli Sateri Mandir",,MO,8665,"Sawantwadi Rly. Stn.",7.4,,,सावंतवाडी,सोनुर्ली,14.9,09:15,10:05,ST,,,,
11183,"Sawantwadi To Sonurli Sateri Mandir",Sawantwadi,"Sonurli Sateri Mandir",,MO,8599,"Nirawade Tiles Factory",9.3,,,सावंतवाडी,सोनुर्ली,14.9,09:15,10:05,ST,,,,
11183,"Sawantwadi To Sonurli Sateri Mandir",Sawantwadi,"Sonurli Sateri Mandir",,MO,8598,"Nhaveli Bidi Karakhana",10,,,सावंतवाडी,सोनुर्ली,14.9,09:15,10:05,ST,,,,
11183,"Sawantwadi To Sonurli Sateri Mandir",Sawantwadi,"Sonurli Sateri Mandir",,MO,8623,Pakyachiwadi,13.1,,,सावंतवाडी,सोनुर्ली,14.9,09:15,10:05,ST,,,,
11183,"Sawantwadi To Sonurli Sateri Mandir",Sawantwadi,"Sonurli Sateri Mandir",,MO,88088,"Sonurli Sateri Mandir",14.1,,,सावंतवाडी,सोनुर्ली,14.9,09:15,10:05,ST,,,,
18640,"Sonurli Sateri Mandir To Sawantwadi","Sonurli Sateri Mandir",Sawantwadi,,MO,88088,"Sonurli Sateri Mandir",,,,सोनुर्ली,सावंतवाडी,14.9,09:55,10:30,ST,,,,
18640,"Sonurli Sateri Mandir To Sawantwadi","Sonurli Sateri Mandir",Sawantwadi,,MO,8623,Pakyachiwadi,3,,,सोनुर्ली,सावंतवाडी,14.9,09:55,10:30,ST,,,,
18640,"Sonurli Sateri Mandir To Sawantwadi","Sonurli Sateri Mandir",Sawantwadi,,MO,8598,"Nhaveli Bidi Karakhana",4,,,सोनुर्ली,सावंतवाडी,14.9,09:55,10:30,ST,,,,
18640,"Sonurli Sateri Mandir To Sawantwadi","Sonurli Sateri Mandir",Sawantwadi,,MO,8599,"Nirawade Tiles Factory",4.8,,,सोनुर्ली,सावंतवाडी,14.9,09:55,10:30,ST,,,,
18640,"Sonurli Sateri Mandir To Sawantwadi","Sonurli Sateri Mandir",Sawantwadi,,MO,8665,"Sawantwadi Rly. Stn.",7,,,सोनुर्ली,सावंतवाडी,14.9,09:55,10:30,ST,,,,
18640,"Sonurli Sateri Mandir To Sawantwadi","Sonurli Sateri Mandir",Sawantwadi,,MO,8674,"Vengurle Shiroda Titha",7.8,,,सोनुर्ली,सावंतवाडी,14.9,09:55,10:30,ST,,,,
18640,"Sonurli Sateri Mandir To Sawantwadi","Sonurli Sateri Mandir",Sawantwadi,,MO,8580,Malgaon,9.5,,,सोनुर्ली,सावंतवाडी,14.9,09:55,10:30,ST,,,,
18640,"Sonurli Sateri Mandir To Sawantwadi","Sonurli Sateri Mandir",Sawantwadi,,MO,8523,"Gulabi Titha",10.8,,,सोनुर्ली,सावंतवाडी,14.9,09:55,10:30,ST,,,,
18640,"Sonurli Sateri Mandir To Sawantwadi","Sonurli Sateri Mandir",Sawantwadi,,MO,8663,Sawantwadi,14.9,,,सोनुर्ली,सावंतवाडी,14.9,09:55,10:30,ST,,,,
88345,"Amboli To Bhekurli",Amboli,Bhekurli,,MO,8470,Amboli,,,,आंबोली,भेकुर्ली,24.5,18:15,19:50,ST,,,,
88345,"Amboli To Bhekurli",Amboli,Bhekurli,,MO,8584,Malav,6.2,,,आंबोली,भेकुर्ली,24.5,18:15,19:50,ST,,,,
88345,"Amboli To Bhekurli",Amboli,Bhekurli,,MO,8492,Choukul,9.6,,,आंबोली,भेकुर्ली,24.5,18:15,19:50,ST,,,,
88345,"Amboli To Bhekurli",Amboli,Bhekurli,,MO,8669,Torapwadi,10.9,,,आंबोली,भेकुर्ली,24.5,18:15,19:50,ST,,,,
88345,"Amboli To Bhekurli",Amboli,Bhekurli,,MO,8585,Mangar,12.6,,,आंबोली,भेकुर्ली,24.5,18:15,19:50,ST,,,,
88345,"Amboli To Bhekurli",Amboli,Bhekurli,,MO,8545,Kegadwadi,15.9,,,आंबोली,भेकुर्ली,24.5,18:15,19:50,ST,,,,
88345,"Amboli To Bhekurli",Amboli,Bhekurli,,MO,8550,"Kupekar Point",18,,,आंबोली,भेकुर्ली,24.5,18:15,19:50,ST,,,,
88345,"Amboli To Bhekurli",Amboli,Bhekurli,,MO,8540,Kumbhawade,21.1,,,आंबोली,भेकुर्ली,24.5,18:15,19:50,ST,,,,
88345,"Amboli To Bhekurli",Amboli,Bhekurli,,MO,2240,Bhekurli,24,,,आंबोली,भेकुर्ली,24.5,18:15,19:50,ST,,,,
105608,"Kalane To Banda Via Nabar Highschool",Kalane,Banda,"NABAR HIGHSCHOOL",MO,2363,Kalane,,,,,बांदा,15.5,07:30,07:40,ST,,,,
105608,"Kalane To Banda Via Nabar Highschool",Kalane,Banda,"NABAR HIGHSCHOOL",MO,2363,Kalane,2,,,,बांदा,15.5,07:30,07:40,ST,,,,
105608,"Kalane To Banda Via Nabar Highschool",Kalane,Banda,"NABAR HIGHSCHOOL",MO,8467,"Adali Mauli Mandir",3.1,,,,बांदा,15.5,07:30,07:40,ST,,,,
105608,"Kalane To Banda Via Nabar Highschool",Kalane,Banda,"NABAR HIGHSCHOOL",MO,8588,Morgaon,5.1,,,,बांदा,15.5,07:30,07:40,ST,,,,
105608,"Kalane To Banda Via Nabar Highschool",Kalane,Banda,"NABAR HIGHSCHOOL",MO,8558,"Kumbral Fata",6.1,,,,बांदा,15.5,07:30,07:40,ST,,,,
105608,"Kalane To Banda Via Nabar Highschool",Kalane,Banda,"NABAR HIGHSCHOOL",MO,8503,Degve,8.1,,,,बांदा,15.5,07:30,07:40,ST,,,,
105608,"Kalane To Banda Via Nabar Highschool",Kalane,Banda,"NABAR HIGHSCHOOL",MO,8619,Panval,9.1,,,,बांदा,15.5,07:30,07:40,ST,,,,
105608,"Kalane To Banda Via Nabar Highschool",Kalane,Banda,"NABAR HIGHSCHOOL",MO,8486,Banda,9.3,,,,बांदा,15.5,07:30,07:40,ST,,,,
105608,"Kalane To Banda Via Nabar Highschool",Kalane,Banda,"NABAR HIGHSCHOOL",MO,8594,"Nabar Highschool",10.8,,,,बांदा,15.5,07:30,07:40,ST,,,,
105608,"Kalane To Banda Via Nabar Highschool",Kalane,Banda,"NABAR HIGHSCHOOL",MO,8486,Banda,15.5,,,,बांदा,15.5,07:30,07:40,ST,,,,
105609,"Kalane To Sawantwadi Via Doba Shel",Kalane,Sawantwadi,"DOBA SHEL",MO,2363,Kalane,,,,,सावंतवाडी,25.1,14:25,15:35,ST,,,,
105609,"Kalane To Sawantwadi Via Doba Shel",Kalane,Sawantwadi,"DOBA SHEL",MO,2363,Kalane,2,,,,सावंतवाडी,25.1,14:25,15:35,ST,,,,
105609,"Kalane To Sawantwadi Via Doba Shel",Kalane,Sawantwadi,"DOBA SHEL",MO,8467,"Adali Mauli Mandir",3,,,,सावंतवाडी,25.1,14:25,15:35,ST,,,,
105609,"Kalane To Sawantwadi Via Doba Shel",Kalane,Sawantwadi,"DOBA SHEL",MO,8588,Morgaon,4,,,,सावंतवाडी,25.1,14:25,15:35,ST,,,,
105609,"Kalane To Sawantwadi Via Doba Shel",Kalane,Sawantwadi,"DOBA SHEL",MO,8558,"Kumbral Fata",6,,,,सावंतवाडी,25.1,14:25,15:35,ST,,,,
105609,"Kalane To Sawantwadi Via Doba Shel",Kalane,Sawantwadi,"DOBA SHEL",MO,8503,Degve,8,,,,सावंतवाडी,25.1,14:25,15:35,ST,,,,
105609,"Kalane To Sawantwadi Via Doba Shel",Kalane,Sawantwadi,"DOBA SHEL",MO,8619,Panval,9,,,,सावंतवाडी,25.1,14:25,15:35,ST,,,,
105609,"Kalane To Sawantwadi Via Doba Shel",Kalane,Sawantwadi,"DOBA SHEL",MO,8486,Banda,12,,,,सावंतवाडी,25.1,14:25,15:35,ST,,,,
105609,"Kalane To Sawantwadi Via Doba Shel",Kalane,Sawantwadi,"DOBA SHEL",MO,8560,Kondwada,16,,,,सावंतवाडी,25.1,14:25,15:35,ST,,,,
105609,"Kalane To Sawantwadi Via Doba Shel",Kalane,Sawantwadi,"DOBA SHEL",MO,8499,"Doba Shel",18,,,,सावंतवाडी,25.1,14:25,15:35,ST,,,,
105609,"Kalane To Sawantwadi Via Doba Shel",Kalane,Sawantwadi,"DOBA SHEL",MO,8578,"Majgaon Nala",21,,,,सावंतवाडी,25.1,14:25,15:35,ST,,,,
105609,"Kalane To Sawantwadi Via Doba Shel",Kalane,Sawantwadi,"DOBA SHEL",MO,8663,Sawantwadi,25.1,,,,सावंतवाडी,25.1,14:25,15:35,ST,,,,
88346,"Bhekurli To Amboli",Bhekurli,Amboli,,MO,2240,Bhekurli,,,,कुंभवडे,आंबोली,24.5,15:40,16:50,ST,,,,
88346,"Bhekurli To Amboli",Bhekurli,Amboli,,MO,8540,Kumbhawade,2.9,,,कुंभवडे,आंबोली,24.5,15:40,16:50,ST,,,,
88346,"Bhekurli To Amboli",Bhekurli,Amboli,,MO,8550,"Kupekar Point",5,,,कुंभवडे,आंबोली,24.5,15:40,16:50,ST,,,,
88346,"Bhekurli To Amboli",Bhekurli,Amboli,,MO,8545,Kegadwadi,8.1,,,कुंभवडे,आंबोली,24.5,15:40,16:50,ST,,,,
88346,"Bhekurli To Amboli",Bhekurli,Amboli,,MO,8585,Mangar,11.4,,,कुंभवडे,आंबोली,24.5,15:40,16:50,ST,,,,
88346,"Bhekurli To Amboli",Bhekurli,Amboli,,MO,8669,Torapwadi,13.1,,,कुंभवडे,आंबोली,24.5,15:40,16:50,ST,,,,
88346,"Bhekurli To Amboli",Bhekurli,Amboli,,MO,8492,Choukul,14.4,,,कुंभवडे,आंबोली,24.5,15:40,16:50,ST,,,,
88346,"Bhekurli To Amboli",Bhekurli,Amboli,,MO,8584,Malav,17.8,,,कुंभवडे,आंबोली,24.5,15:40,16:50,ST,,,,
88346,"Bhekurli To Amboli",Bhekurli,Amboli,,MO,8470,Amboli,24,,,कुंभवडे,आंबोली,24.5,15:40,16:50,ST,,,,
11366,"Sawantwadi To Civil Hospital Sindhudurgnagari",Sawantwadi,"Civil Hospital Sindhudurgnagari",,MO,8663,Sawantwadi,,,,सावंतवाडी,सिंधुदूर्गनगरी,36.2,16:20,17:20,NOBL,,,,
11366,"Sawantwadi To Civil Hospital Sindhudurgnagari",Sawantwadi,"Civil Hospital Sindhudurgnagari",,MO,8551,"Kolgaon Thita",3.7,,,सावंतवाडी,सिंधुदूर्गनगरी,36.2,16:20,17:20,NOBL,,,,
11366,"Sawantwadi To Civil Hospital Sindhudurgnagari",Sawantwadi,"Civil Hospital Sindhudurgnagari",,MO,6101,Akeri,5.9,,,सावंतवाडी,सिंधुदूर्गनगरी,36.2,16:20,17:20,NOBL,,,,
11366,"Sawantwadi To Civil Hospital Sindhudurgnagari",Sawantwadi,"Civil Hospital Sindhudurgnagari",,MO,6453,"Vengurle Fata",6.5,,,सावंतवाडी,सिंधुदूर्गनगरी,36.2,16:20,17:20,NOBL,,,,
11366,"Sawantwadi To Civil Hospital Sindhudurgnagari",Sawantwadi,"Civil Hospital Sindhudurgnagari",,MO,6205,Humras,8,,,सावंतवाडी,सिंधुदूर्गनगरी,36.2,16:20,17:20,NOBL,,,,
11366,"Sawantwadi To Civil Hospital Sindhudurgnagari",Sawantwadi,"Civil Hospital Sindhudurgnagari",,MO,6231,"Khan Mohalla",8.5,,,सावंतवाडी,सिंधुदूर्गनगरी,36.2,16:20,17:20,NOBL,,,,
11366,"Sawantwadi To Civil Hospital Sindhudurgnagari",Sawantwadi,"Civil Hospital Sindhudurgnagari",,MO,6473,"Zarap Jambhal",10,,,सावंतवाडी,सिंधुदूर्गनगरी,36.2,16:20,17:20,NOBL,,,,
11366,"Sawantwadi To Civil Hospital Sindhudurgnagari",Sawantwadi,"Civil Hospital Sindhudurgnagari",,MO,6474,"Zharap Titha",10.8,,,सावंतवाडी,सिंधुदूर्गनगरी,36.2,16:20,17:20,NOBL,,,,
11366,"Sawantwadi To Civil Hospital Sindhudurgnagari",Sawantwadi,"Civil Hospital Sindhudurgnagari",,MO,6400,Salgaon,11.8,,,सावंतवाडी,सिंधुदूर्गनगरी,36.2,16:20,17:20,NOBL,,,,
11366,"Sawantwadi To Civil Hospital Sindhudurgnagari",Sawantwadi,"Civil Hospital Sindhudurgnagari",,MO,6322,"Mandkuli Fata",15,,,सावंतवाडी,सिंधुदूर्गनगरी,36.2,16:20,17:20,NOBL,,,,
11366,"Sawantwadi To Civil Hospital Sindhudurgnagari",Sawantwadi,"Civil Hospital Sindhudurgnagari",,MO,6126,Bibavane,15.5,,,सावंतवाडी,सिंधुदूर्गनगरी,36.2,16:20,17:20,NOBL,,,,
11366,"Sawantwadi To Civil Hospital Sindhudurgnagari",Sawantwadi,"Civil Hospital Sindhudurgnagari",,MO,6376,"Pinguli Titha",16.1,,,सावंतवाडी,सिंधुदूर्गनगरी,36.2,16:20,17:20,NOBL,,,,
11366,"Sawantwadi To Civil Hospital Sindhudurgnagari",Sawantwadi,"Civil Hospital Sindhudurgnagari",,MO,2069,"Modka Wad",18.7,,,सावंतवाडी,सिंधुदूर्गनगरी,36.2,16:20,17:20,NOBL,,,,
11366,"Sawantwadi To Civil Hospital Sindhudurgnagari",Sawantwadi,"Civil Hospital Sindhudurgnagari",,MO,6237,"Kudal St Depot",20.7,,,सावंतवाडी,सिंधुदूर्गनगरी,36.2,16:20,17:20,NOBL,,,,
11366,"Sawantwadi To Civil Hospital Sindhudurgnagari",Sawantwadi,"Civil Hospital Sindhudurgnagari",,MO,6380,"Pawashi Panchayat",24.6,,,सावंतवाडी,सिंधुदूर्गनगरी,36.2,16:20,17:20,NOBL,,,,
11366,"Sawantwadi To Civil Hospital Sindhudurgnagari",Sawantwadi,"Civil Hospital Sindhudurgnagari",,MO,88100,Vetalbambarde,26.7,,,सावंतवाडी,सिंधुदूर्गनगरी,36.2,16:20,17:20,NOBL,,,,
11366,"Sawantwadi To Civil Hospital Sindhudurgnagari",Sawantwadi,"Civil Hospital Sindhudurgnagari",,MO,6365,Pandur,29.7,,,सावंतवाडी,सिंधुदूर्गनगरी,36.2,16:20,17:20,NOBL,,,,
11366,"Sawantwadi To Civil Hospital Sindhudurgnagari",Sawantwadi,"Civil Hospital Sindhudurgnagari",,MO,6204,"Humarmala Kasale Dukan",31.6,,,सावंतवाडी,सिंधुदूर्गनगरी,36.2,16:20,17:20,NOBL,,,,
11366,"Sawantwadi To Civil Hospital Sindhudurgnagari",Sawantwadi,"Civil Hospital Sindhudurgnagari",,MO,6206,"Humarmala Rane Dukan",33,,,सावंतवाडी,सिंधुदूर्गनगरी,36.2,16:20,17:20,NOBL,,,,
11366,"Sawantwadi To Civil Hospital Sindhudurgnagari",Sawantwadi,"Civil Hospital Sindhudurgnagari",,MO,6224,"Jijamata Hospital",34.4,,,सावंतवाडी,सिंधुदूर्गनगरी,36.2,16:20,17:20,NOBL,,,,
11366,"Sawantwadi To Civil Hospital Sindhudurgnagari",Sawantwadi,"Civil Hospital Sindhudurgnagari",,MO,6329,"Marathi Shala",35.5,,,सावंतवाडी,सिंधुदूर्गनगरी,36.2,16:20,17:20,NOBL,,,,
11366,"Sawantwadi To Civil Hospital Sindhudurgnagari",Sawantwadi,"Civil Hospital Sindhudurgnagari",,MO,88073,"District Court",36.1,,,सावंतवाडी,सिंधुदूर्गनगरी,36.2,16:20,17:20,NOBL,,,,
11366,"Sawantwadi To Civil Hospital Sindhudurgnagari",Sawantwadi,"Civil Hospital Sindhudurgnagari",,MO,6408,Sindhudurgnagari,36.3,,,सावंतवाडी,सिंधुदूर्गनगरी,36.2,16:20,17:20,NOBL,,,,
11366,"Sawantwadi To Civil Hospital Sindhudurgnagari",Sawantwadi,"Civil Hospital Sindhudurgnagari",,MO,6422,"Sindhuduragnagari Water Tank",36.6,,,सावंतवाडी,सिंधुदूर्गनगरी,36.2,16:20,17:20,NOBL,,,,
11366,"Sawantwadi To Civil Hospital Sindhudurgnagari",Sawantwadi,"Civil Hospital Sindhudurgnagari",,MO,6216,Iti,37,,,सावंतवाडी,सिंधुदूर्गनगरी,36.2,16:20,17:20,NOBL,,,,
11366,"Sawantwadi To Civil Hospital Sindhudurgnagari",Sawantwadi,"Civil Hospital Sindhudurgnagari",,MO,6152,"Civil Hospital Sindhudurgnagari",37.5,,,सावंतवाडी,सिंधुदूर्गनगरी,36.2,16:20,17:20,NOBL,,,,
11366,"Sawantwadi To Civil Hospital Sindhudurgnagari",Sawantwadi,"Civil Hospital Sindhudurgnagari",,MO,6392,"Ranbambuli Fata",38.5,,,सावंतवाडी,सिंधुदूर्गनगरी,36.2,16:20,17:20,NOBL,,,,
11366,"Sawantwadi To Civil Hospital Sindhudurgnagari",Sawantwadi,"Civil Hospital Sindhudurgnagari",,MO,6152,"Civil Hospital Sindhudurgnagari",39.5,,,सावंतवाडी,सिंधुदूर्गनगरी,36.2,16:20,17:20,NOBL,,,,
11138,"Sawantwadi To Kankavli Via Pawashi Panchayat",Sawantwadi,Kankavli,"PAWASHI PANCHAYAT",MO,8663,Sawantwadi,,,,सावंतवाडी,कणकवली,55.7,00:14,01:53,NOBL,,,,
11138,"Sawantwadi To Kankavli Via Pawashi Panchayat",Sawantwadi,Kankavli,"PAWASHI PANCHAYAT",MO,8551,"Kolgaon Thita",3.5,,,सावंतवाडी,कणकवली,55.7,00:14,01:53,NOBL,,,,
11138,"Sawantwadi To Kankavli Via Pawashi Panchayat",Sawantwadi,Kankavli,"PAWASHI PANCHAYAT",MO,6101,Akeri,6.2,,,सावंतवाडी,कणकवली,55.7,00:14,01:53,NOBL,,,,
11138,"Sawantwadi To Kankavli Via Pawashi Panchayat",Sawantwadi,Kankavli,"PAWASHI PANCHAYAT",MO,6231,"Khan Mohalla",8.8,,,सावंतवाडी,कणकवली,55.7,00:14,01:53,NOBL,,,,
11138,"Sawantwadi To Kankavli Via Pawashi Panchayat",Sawantwadi,Kankavli,"PAWASHI PANCHAYAT",MO,6474,"Zharap Titha",11.1,,,सावंतवाडी,कणकवली,55.7,00:14,01:53,NOBL,,,,
11138,"Sawantwadi To Kankavli Via Pawashi Panchayat",Sawantwadi,Kankavli,"PAWASHI PANCHAYAT",MO,6322,"Mandkuli Fata",15.3,,,सावंतवाडी,कणकवली,55.7,00:14,01:53,NOBL,,,,
11138,"Sawantwadi To Kankavli Via Pawashi Panchayat",Sawantwadi,Kankavli,"PAWASHI PANCHAYAT",MO,6302,"Modka Wad Pinguli",17.6,,,सावंतवाडी,कणकवली,55.7,00:14,01:53,NOBL,,,,
11138,"Sawantwadi To Kankavli Via Pawashi Panchayat",Sawantwadi,Kankavli,"PAWASHI PANCHAYAT",MO,6253,"Kudal Old Bus Stand",21,,,सावंतवाडी,कणकवली,55.7,00:14,01:53,NOBL,,,,
11138,"Sawantwadi To Kankavli Via Pawashi Panchayat",Sawantwadi,Kankavli,"PAWASHI PANCHAYAT",MO,6237,"Kudal St Depot",22.7,,,सावंतवाडी,कणकवली,55.7,00:14,01:53,NOBL,,,,
11138,"Sawantwadi To Kankavli Via Pawashi Panchayat",Sawantwadi,Kankavli,"PAWASHI PANCHAYAT",MO,6380,"Pawashi Panchayat",24.9,,,सावंतवाडी,कणकवली,55.7,00:14,01:53,NOBL,,,,
11138,"Sawantwadi To Kankavli Via Pawashi Panchayat",Sawantwadi,Kankavli,"PAWASHI PANCHAYAT",MO,88100,Vetalbambarde,27,,,सावंतवाडी,कणकवली,55.7,00:14,01:53,NOBL,,,,
11138,"Sawantwadi To Kankavli Via Pawashi Panchayat",Sawantwadi,Kankavli,"PAWASHI PANCHAYAT",MO,6365,Pandur,30,,,सावंतवाडी,कणकवली,55.7,00:14,01:53,NOBL,,,,
11138,"Sawantwadi To Kankavli Via Pawashi Panchayat",Sawantwadi,Kankavli,"PAWASHI PANCHAYAT",MO,6204,"Humarmala Kasale Dukan",31.9,,,सावंतवाडी,कणकवली,55.7,00:14,01:53,NOBL,,,,
11138,"Sawantwadi To Kankavli Via Pawashi Panchayat",Sawantwadi,Kankavli,"PAWASHI PANCHAYAT",MO,6224,"Jijamata Hospital",34.1,,,सावंतवाडी,कणकवली,55.7,00:14,01:53,NOBL,,,,
11138,"Sawantwadi To Kankavli Via Pawashi Panchayat",Sawantwadi,Kankavli,"PAWASHI PANCHAYAT",MO,6116,Awali,37.6,,,सावंतवाडी,कणकवली,55.7,00:14,01:53,NOBL,,,,
11138,"Sawantwadi To Kankavli Via Pawashi Panchayat",Sawantwadi,Kankavli,"PAWASHI PANCHAYAT",MO,6281,Kasal,41.4,,,सावंतवाडी,कणकवली,55.7,00:14,01:53,NOBL,,,,
11138,"Sawantwadi To Kankavli Via Pawashi Panchayat",Sawantwadi,Kankavli,"PAWASHI PANCHAYAT",MO,2698,Dewoolwadi,43.6,,,सावंतवाडी,कणकवली,55.7,00:14,01:53,NOBL,,,,
11138,"Sawantwadi To Kankavli Via Pawashi Panchayat",Sawantwadi,Kankavli,"PAWASHI PANCHAYAT",MO,2890,"Osargaon Post",45.5,,,सावंतवाडी,कणकवली,55.7,00:14,01:53,NOBL,,,,
11138,"Sawantwadi To Kankavli Via Pawashi Panchayat",Sawantwadi,Kankavli,"PAWASHI PANCHAYAT",MO,2891,"Osargaon Talav",47.6,,,सावंतवाडी,कणकवली,55.7,00:14,01:53,NOBL,,,,
11138,"Sawantwadi To Kankavli Via Pawashi Panchayat",Sawantwadi,Kankavli,"PAWASHI PANCHAYAT",MO,2692,Dangalwadi,50.8,,,सावंतवाडी,कणकवली,55.7,00:14,01:53,NOBL,,,,
11138,"Sawantwadi To Kankavli Via Pawashi Panchayat",Sawantwadi,Kankavli,"PAWASHI PANCHAYAT",MO,3002,Wagde,52.7,,,सावंतवाडी,कणकवली,55.7,00:14,01:53,NOBL,,,,
11138,"Sawantwadi To Kankavli Via Pawashi Panchayat",Sawantwadi,Kankavli,"PAWASHI PANCHAYAT",MO,2786,Kankavli,56.1,,,सावंतवाडी,कणकवली,55.7,00:14,01:53,NOBL,,,,
18782,"Wasoli Veerwadi To Sawantwadi","Wasoli Veerwadi",Sawantwadi,,MO,88093,"Wasoli Veerwadi",,,,,सावंतवाडी,31.8,10:30,11:40,NOBL,,,,
18782,"Wasoli Veerwadi To Sawantwadi","Wasoli Veerwadi",Sawantwadi,,MO,6462,Wasoli,1.6,,,,सावंतवाडी,31.8,10:30,11:40,NOBL,,,,
18782,"Wasoli Veerwadi To Sawantwadi","Wasoli Veerwadi",Sawantwadi,,MO,6161,Dukanwad,5.1,,,,सावंतवाडी,31.8,10:30,11:40,NOBL,,,,
18782,"Wasoli Veerwadi To Sawantwadi","Wasoli Veerwadi",Sawantwadi,,MO,88081,"Mahadevache Kerawade",9.1,,,,सावंतवाडी,31.8,10:30,11:40,NOBL,,,,
18782,"Wasoli Veerwadi To Sawantwadi","Wasoli Veerwadi",Sawantwadi,,MO,6344,"Nileli Nursery",12.4,,,,सावंतवाडी,31.8,10:30,11:40,NOBL,,,,
18782,"Wasoli Veerwadi To Sawantwadi","Wasoli Veerwadi",Sawantwadi,,MO,6190,"Gothos Titha",13.8,,,,सावंतवाडी,31.8,10:30,11:40,NOBL,,,,
18782,"Wasoli Veerwadi To Sawantwadi","Wasoli Veerwadi",Sawantwadi,,MO,6464,"Wados Bazar",14.7,,,,सावंतवाडी,31.8,10:30,11:40,NOBL,,,,
18782,"Wasoli Veerwadi To Sawantwadi","Wasoli Veerwadi",Sawantwadi,,MO,6463,"Wados Gpo",14.9,,,,सावंतवाडी,31.8,10:30,11:40,NOBL,,,,
18782,"Wasoli Veerwadi To Sawantwadi","Wasoli Veerwadi",Sawantwadi,,MO,6092,Amberi,18.8,,,,सावंतवाडी,31.8,10:30,11:40,NOBL,,,,
18782,"Wasoli Veerwadi To Sawantwadi","Wasoli Veerwadi",Sawantwadi,,MO,6317,Mangaon,21.2,,,,सावंतवाडी,31.8,10:30,11:40,NOBL,,,,
18782,"Wasoli Veerwadi To Sawantwadi","Wasoli Veerwadi",Sawantwadi,,MO,6323,"Mangaon Titha",23.1,,,,सावंतवाडी,31.8,10:30,11:40,NOBL,,,,
18782,"Wasoli Veerwadi To Sawantwadi","Wasoli Veerwadi",Sawantwadi,,MO,6162,Dholkarwadi,24,,,,सावंतवाडी,31.8,10:30,11:40,NOBL,,,,
18782,"Wasoli Veerwadi To Sawantwadi","Wasoli Veerwadi",Sawantwadi,,MO,6207,"Humras Fata",24.9,,,,सावंतवाडी,31.8,10:30,11:40,NOBL,,,,
18782,"Wasoli Veerwadi To Sawantwadi","Wasoli Veerwadi",Sawantwadi,,MO,6101,Akeri,27.5,,,,सावंतवाडी,31.8,10:30,11:40,NOBL,,,,
18782,"Wasoli Veerwadi To Sawantwadi","Wasoli Veerwadi",Sawantwadi,,MO,8551,"Kolgaon Thita",29.7,,,,सावंतवाडी,31.8,10:30,11:40,NOBL,,,,
18782,"Wasoli Veerwadi To Sawantwadi","Wasoli Veerwadi",Sawantwadi,,MO,8663,Sawantwadi,33.4,,,,सावंतवाडी,31.8,10:30,11:40,NOBL,,,,
117643,"Sawantwadi To Kalane Via Pagawadi",Sawantwadi,Kalane,PAGAWADI,MO,8663,Sawantwadi,,,,सावंतवाडी,,25.1,06:15,07:00,ST,,,,
117643,"Sawantwadi To Kalane Via Pagawadi",Sawantwadi,Kalane,PAGAWADI,MO,8578,"Majgaon Nala",3,,,सावंतवाडी,,25.1,06:15,07:00,ST,,,,
117643,"Sawantwadi To Kalane Via Pagawadi",Sawantwadi,Kalane,PAGAWADI,MO,8494,"Charatha Soci",6,,,सावंतवाडी,,25.1,06:15,07:00,ST,,,,
117643,"Sawantwadi To Kalane Via Pagawadi",Sawantwadi,Kalane,PAGAWADI,MO,8622,Pagawadi,8,,,सावंतवाडी,,25.1,06:15,07:00,ST,,,,
117643,"Sawantwadi To Kalane Via Pagawadi",Sawantwadi,Kalane,PAGAWADI,MO,8533,"Insuli Mauli Madir",11,,,सावंतवाडी,,25.1,06:15,07:00,ST,,,,
117643,"Sawantwadi To Kalane Via Pagawadi",Sawantwadi,Kalane,PAGAWADI,MO,8512,Dhuriwada,12,,,सावंतवाडी,,25.1,06:15,07:00,ST,,,,
117643,"Sawantwadi To Kalane Via Pagawadi",Sawantwadi,Kalane,PAGAWADI,MO,8542,"Khamdev Naka",14,,,सावंतवाडी,,25.1,06:15,07:00,ST,,,,
117643,"Sawantwadi To Kalane Via Pagawadi",Sawantwadi,Kalane,PAGAWADI,MO,8486,Banda,15,,,सावंतवाडी,,25.1,06:15,07:00,ST,,,,
117643,"Sawantwadi To Kalane Via Pagawadi",Sawantwadi,Kalane,PAGAWADI,MO,8619,Panval,18,,,सावंतवाडी,,25.1,06:15,07:00,ST,,,,
117643,"Sawantwadi To Kalane Via Pagawadi",Sawantwadi,Kalane,PAGAWADI,MO,8503,Degve,20,,,सावंतवाडी,,25.1,06:15,07:00,ST,,,,
117643,"Sawantwadi To Kalane Via Pagawadi",Sawantwadi,Kalane,PAGAWADI,MO,8558,"Kumbral Fata",21,,,सावंतवाडी,,25.1,06:15,07:00,ST,,,,
117643,"Sawantwadi To Kalane Via Pagawadi",Sawantwadi,Kalane,PAGAWADI,MO,8588,Morgaon,22,,,सावंतवाडी,,25.1,06:15,07:00,ST,,,,
117643,"Sawantwadi To Kalane Via Pagawadi",Sawantwadi,Kalane,PAGAWADI,MO,8467,"Adali Mauli Mandir",24,,,सावंतवाडी,,25.1,06:15,07:00,ST,,,,
117643,"Sawantwadi To Kalane Via Pagawadi",Sawantwadi,Kalane,PAGAWADI,MO,2363,Kalane,27,,,सावंतवाडी,,25.1,06:15,07:00,ST,,,,
18297,"Kankavli To Sawantwadi Via Pawashi Panchayat",Kankavli,Sawantwadi,"PAWASHI PANCHAYAT",MO,2786,Kankavli,,,,कणकवली,सावंतवाडी,55.7,00:20,02:13,NOBL,,,,
18297,"Kankavli To Sawantwadi Via Pawashi Panchayat",Kankavli,Sawantwadi,"PAWASHI PANCHAYAT",MO,3002,Wagde,3,,,कणकवली,सावंतवाडी,55.7,00:20,02:13,NOBL,,,,
18297,"Kankavli To Sawantwadi Via Pawashi Panchayat",Kankavli,Sawantwadi,"PAWASHI PANCHAYAT",MO,2692,Dangalwadi,4.9,,,कणकवली,सावंतवाडी,55.7,00:20,02:13,NOBL,,,,
18297,"Kankavli To Sawantwadi Via Pawashi Panchayat",Kankavli,Sawantwadi,"PAWASHI PANCHAYAT",MO,2891,"Osargaon Talav",8.1,,,कणकवली,सावंतवाडी,55.7,00:20,02:13,NOBL,,,,
18297,"Kankavli To Sawantwadi Via Pawashi Panchayat",Kankavli,Sawantwadi,"PAWASHI PANCHAYAT",MO,2890,"Osargaon Post",10.2,,,कणकवली,सावंतवाडी,55.7,00:20,02:13,NOBL,,,,
18297,"Kankavli To Sawantwadi Via Pawashi Panchayat",Kankavli,Sawantwadi,"PAWASHI PANCHAYAT",MO,2698,Dewoolwadi,12.1,,,कणकवली,सावंतवाडी,55.7,00:20,02:13,NOBL,,,,
18297,"Kankavli To Sawantwadi Via Pawashi Panchayat",Kankavli,Sawantwadi,"PAWASHI PANCHAYAT",MO,6281,Kasal,14.3,,,कणकवली,सावंतवाडी,55.7,00:20,02:13,NOBL,,,,
18297,"Kankavli To Sawantwadi Via Pawashi Panchayat",Kankavli,Sawantwadi,"PAWASHI PANCHAYAT",MO,6116,Awali,18.1,,,कणकवली,सावंतवाडी,55.7,00:20,02:13,NOBL,,,,
18297,"Kankavli To Sawantwadi Via Pawashi Panchayat",Kankavli,Sawantwadi,"PAWASHI PANCHAYAT",MO,6224,"Jijamata Hospital",21.6,,,कणकवली,सावंतवाडी,55.7,00:20,02:13,NOBL,,,,
18297,"Kankavli To Sawantwadi Via Pawashi Panchayat",Kankavli,Sawantwadi,"PAWASHI PANCHAYAT",MO,6204,"Humarmala Kasale Dukan",23.8,,,कणकवली,सावंतवाडी,55.7,00:20,02:13,NOBL,,,,
18297,"Kankavli To Sawantwadi Via Pawashi Panchayat",Kankavli,Sawantwadi,"PAWASHI PANCHAYAT",MO,6365,Pandur,25.7,,,कणकवली,सावंतवाडी,55.7,00:20,02:13,NOBL,,,,
18297,"Kankavli To Sawantwadi Via Pawashi Panchayat",Kankavli,Sawantwadi,"PAWASHI PANCHAYAT",MO,88100,Vetalbambarde,28.7,,,कणकवली,सावंतवाडी,55.7,00:20,02:13,NOBL,,,,
18297,"Kankavli To Sawantwadi Via Pawashi Panchayat",Kankavli,Sawantwadi,"PAWASHI PANCHAYAT",MO,6380,"Pawashi Panchayat",30.8,,,कणकवली,सावंतवाडी,55.7,00:20,02:13,NOBL,,,,
18297,"Kankavli To Sawantwadi Via Pawashi Panchayat",Kankavli,Sawantwadi,"PAWASHI PANCHAYAT",MO,6237,"Kudal St Depot",33,,,कणकवली,सावंतवाडी,55.7,00:20,02:13,NOBL,,,,
18297,"Kankavli To Sawantwadi Via Pawashi Panchayat",Kankavli,Sawantwadi,"PAWASHI PANCHAYAT",MO,6253,"Kudal Old Bus Stand",34.7,,,कणकवली,सावंतवाडी,55.7,00:20,02:13,NOBL,,,,
18297,"Kankavli To Sawantwadi Via Pawashi Panchayat",Kankavli,Sawantwadi,"PAWASHI PANCHAYAT",MO,6302,"Modka Wad Pinguli",38.1,,,कणकवली,सावंतवाडी,55.7,00:20,02:13,NOBL,,,,
18297,"Kankavli To Sawantwadi Via Pawashi Panchayat",Kankavli,Sawantwadi,"PAWASHI PANCHAYAT",MO,6322,"Mandkuli Fata",40.4,,,कणकवली,सावंतवाडी,55.7,00:20,02:13,NOBL,,,,
18297,"Kankavli To Sawantwadi Via Pawashi Panchayat",Kankavli,Sawantwadi,"PAWASHI PANCHAYAT",MO,6474,"Zharap Titha",44.6,,,कणकवली,सावंतवाडी,55.7,00:20,02:13,NOBL,,,,
18297,"Kankavli To Sawantwadi Via Pawashi Panchayat",Kankavli,Sawantwadi,"PAWASHI PANCHAYAT",MO,6231,"Khan Mohalla",46.9,,,कणकवली,सावंतवाडी,55.7,00:20,02:13,NOBL,,,,
18297,"Kankavli To Sawantwadi Via Pawashi Panchayat",Kankavli,Sawantwadi,"PAWASHI PANCHAYAT",MO,6101,Akeri,49.5,,,कणकवली,सावंतवाडी,55.7,00:20,02:13,NOBL,,,,
18297,"Kankavli To Sawantwadi Via Pawashi Panchayat",Kankavli,Sawantwadi,"PAWASHI PANCHAYAT",MO,8551,"Kolgaon Thita",52.2,,,कणकवली,सावंतवाडी,55.7,00:20,02:13,NOBL,,,,
18297,"Kankavli To Sawantwadi Via Pawashi Panchayat",Kankavli,Sawantwadi,"PAWASHI PANCHAYAT",MO,8663,Sawantwadi,55.7,,,कणकवली,सावंतवाडी,55.7,00:20,02:13,NOBL,,,,
18616,"Parpoli School To Sawantwadi","Parpoli School",Sawantwadi,,MO,88084,"Parpoli School",,,,पारपोली,सावंतवाडी,24.7,06:00,06:50,ST,,,,
18616,"Parpoli School To Sawantwadi","Parpoli School",Sawantwadi,,MO,8629,"Parpoli Hanuman Mandir",0.4,,,पारपोली,सावंतवाडी,24.7,06:00,06:50,ST,,,,
18616,"Parpoli School To Sawantwadi","Parpoli School",Sawantwadi,,MO,8495,Chruch,3.2,,,पारपोली,सावंतवाडी,24.7,06:00,06:50,ST,,,,
18616,"Parpoli School To Sawantwadi","Parpoli School",Sawantwadi,,MO,8618,Owaliye,4,,,पारपोली,सावंतवाडी,24.7,06:00,06:50,ST,,,,
18616,"Parpoli School To Sawantwadi","Parpoli School",Sawantwadi,,MO,8507,"Devsu Marathi School",4.2,,,पारपोली,सावंतवाडी,24.7,06:00,06:50,ST,,,,
18616,"Parpoli School To Sawantwadi","Parpoli School",Sawantwadi,,MO,8514,"Dewasu Shop",7.3,,,पारपोली,सावंतवाडी,24.7,06:00,06:50,ST,,,,
18616,"Parpoli School To Sawantwadi","Parpoli School",Sawantwadi,,MO,8510,Danoli,9,,,पारपोली,सावंतवाडी,24.7,06:00,06:50,ST,,,,
18616,"Parpoli School To Sawantwadi","Parpoli School",Sawantwadi,,MO,8496,"Dhawadaki Datta Mandir",11.5,,,पारपोली,सावंतवाडी,24.7,06:00,06:50,ST,,,,
18616,"Parpoli School To Sawantwadi","Parpoli School",Sawantwadi,,MO,8569,"Madkhol Met",13.1,,,पारपोली,सावंतवाडी,24.7,06:00,06:50,ST,,,,
18616,"Parpoli School To Sawantwadi","Parpoli School",Sawantwadi,,MO,8653,"Sapale Stop",16,,,पारपोली,सावंतवाडी,24.7,06:00,06:50,ST,,,,
18616,"Parpoli School To Sawantwadi","Parpoli School",Sawantwadi,,MO,8570,Madkhol,18,,,पारपोली,सावंतवाडी,24.7,06:00,06:50,ST,,,,
18616,"Parpoli School To Sawantwadi","Parpoli School",Sawantwadi,,MO,8488,"Burdi Pul",19,,,पारपोली,सावंतवाडी,24.7,06:00,06:50,ST,,,,
18616,"Parpoli School To Sawantwadi","Parpoli School",Sawantwadi,,MO,8636,Pedavewadi,21,,,पारपोली,सावंतवाडी,24.7,06:00,06:50,ST,,,,
18616,"Parpoli School To Sawantwadi","Parpoli School",Sawantwadi,,MO,8663,Sawantwadi,22.1,,,पारपोली,सावंतवाडी,24.7,06:00,06:50,ST,,,,
77249,"Banda To Kalane Via Nabar Highschool",Banda,Kalane,"NABAR HIGHSCHOOL",MO,8486,Banda,,,,बांदा,,15.5,13:45,14:15,ST,,,,
77249,"Banda To Kalane Via Nabar Highschool",Banda,Kalane,"NABAR HIGHSCHOOL",MO,8594,"Nabar Highschool",1.5,,,बांदा,,15.5,13:45,14:15,ST,,,,
77249,"Banda To Kalane Via Nabar Highschool",Banda,Kalane,"NABAR HIGHSCHOOL",MO,8486,Banda,3,,,बांदा,,15.5,13:45,14:15,ST,,,,
77249,"Banda To Kalane Via Nabar Highschool",Banda,Kalane,"NABAR HIGHSCHOOL",MO,8619,Panval,3.2,,,बांदा,,15.5,13:45,14:15,ST,,,,
77249,"Banda To Kalane Via Nabar Highschool",Banda,Kalane,"NABAR HIGHSCHOOL",MO,8503,Degve,4.2,,,बांदा,,15.5,13:45,14:15,ST,,,,
77249,"Banda To Kalane Via Nabar Highschool",Banda,Kalane,"NABAR HIGHSCHOOL",MO,8558,"Kumbral Fata",6.2,,,बांदा,,15.5,13:45,14:15,ST,,,,
77249,"Banda To Kalane Via Nabar Highschool",Banda,Kalane,"NABAR HIGHSCHOOL",MO,8588,Morgaon,7.2,,,बांदा,,15.5,13:45,14:15,ST,,,,
77249,"Banda To Kalane Via Nabar Highschool",Banda,Kalane,"NABAR HIGHSCHOOL",MO,8467,"Adali Mauli Mandir",9.2,,,बांदा,,15.5,13:45,14:15,ST,,,,
77249,"Banda To Kalane Via Nabar Highschool",Banda,Kalane,"NABAR HIGHSCHOOL",MO,2363,Kalane,11,,,बांदा,,15.5,13:45,14:15,ST,,,,
77249,"Banda To Kalane Via Nabar Highschool",Banda,Kalane,"NABAR HIGHSCHOOL",MO,2363,Kalane,15.5,,,बांदा,,15.5,13:45,14:15,ST,,,,
88347,"Bhekurli To Sawantwadi",Bhekurli,Sawantwadi,,MO,2240,Bhekurli,,,,कुंभवडे,सावंतवाडी,54.1,07:00,09:05,ST,,,,
88347,"Bhekurli To Sawantwadi",Bhekurli,Sawantwadi,,MO,8540,Kumbhawade,2.4,,,कुंभवडे,सावंतवाडी,54.1,07:00,09:05,ST,,,,
88347,"Bhekurli To Sawantwadi",Bhekurli,Sawantwadi,,MO,8550,"Kupekar Point",4,,,कुंभवडे,सावंतवाडी,54.1,07:00,09:05,ST,,,,
88347,"Bhekurli To Sawantwadi",Bhekurli,Sawantwadi,,MO,8545,Kegadwadi,7.6,,,कुंभवडे,सावंतवाडी,54.1,07:00,09:05,ST,,,,
88347,"Bhekurli To Sawantwadi",Bhekurli,Sawantwadi,,MO,8585,Mangar,10.9,,,कुंभवडे,सावंतवाडी,54.1,07:00,09:05,ST,,,,
88347,"Bhekurli To Sawantwadi",Bhekurli,Sawantwadi,,MO,8669,Torapwadi,12.6,,,कुंभवडे,सावंतवाडी,54.1,07:00,09:05,ST,,,,
88347,"Bhekurli To Sawantwadi",Bhekurli,Sawantwadi,,MO,8492,Choukul,13.9,,,कुंभवडे,सावंतवाडी,54.1,07:00,09:05,ST,,,,
88347,"Bhekurli To Sawantwadi",Bhekurli,Sawantwadi,,MO,8584,Malav,17.3,,,कुंभवडे,सावंतवाडी,54.1,07:00,09:05,ST,,,,
88347,"Bhekurli To Sawantwadi",Bhekurli,Sawantwadi,,MO,8470,Amboli,23.5,,,कुंभवडे,सावंतवाडी,54.1,07:00,09:05,ST,,,,
88347,"Bhekurli To Sawantwadi",Bhekurli,Sawantwadi,,MO,8679,"Water Fall",27.5,,,कुंभवडे,सावंतवाडी,54.1,07:00,09:05,ST,,,,
88347,"Bhekurli To Sawantwadi",Bhekurli,Sawantwadi,,MO,8607,Nanapani,32,,,कुंभवडे,सावंतवाडी,54.1,07:00,09:05,ST,,,,
88347,"Bhekurli To Sawantwadi",Bhekurli,Sawantwadi,,MO,8564,Kumbheshwar,38,,,कुंभवडे,सावंतवाडी,54.1,07:00,09:05,ST,,,,
88347,"Bhekurli To Sawantwadi",Bhekurli,Sawantwadi,,MO,8510,Danoli,39.9,,,कुंभवडे,सावंतवाडी,54.1,07:00,09:05,ST,,,,
88347,"Bhekurli To Sawantwadi",Bhekurli,Sawantwadi,,MO,8496,"Dhawadaki Datta Mandir",42.4,,,कुंभवडे,सावंतवाडी,54.1,07:00,09:05,ST,,,,
88347,"Bhekurli To Sawantwadi",Bhekurli,Sawantwadi,,MO,8569,"Madkhol Met",44,,,कुंभवडे,सावंतवाडी,54.1,07:00,09:05,ST,,,,
88347,"Bhekurli To Sawantwadi",Bhekurli,Sawantwadi,,MO,8570,Madkhol,45.1,,,कुंभवडे,सावंतवाडी,54.1,07:00,09:05,ST,,,,
88347,"Bhekurli To Sawantwadi",Bhekurli,Sawantwadi,,MO,8663,Sawantwadi,53,,,कुंभवडे,सावंतवाडी,54.1,07:00,09:05,ST,,,,
11206,"Sawantwadi To Wasoli Veerwadi",Sawantwadi,"Wasoli Veerwadi",,MO,8663,Sawantwadi,,,,सावंतवाडी,,31.8,09:10,10:20,NOBL,,,,
11206,"Sawantwadi To Wasoli Veerwadi",Sawantwadi,"Wasoli Veerwadi",,MO,8551,"Kolgaon Thita",3.7,,,सावंतवाडी,,31.8,09:10,10:20,NOBL,,,,
11206,"Sawantwadi To Wasoli Veerwadi",Sawantwadi,"Wasoli Veerwadi",,MO,6101,Akeri,5.9,,,सावंतवाडी,,31.8,09:10,10:20,NOBL,,,,
11206,"Sawantwadi To Wasoli Veerwadi",Sawantwadi,"Wasoli Veerwadi",,MO,6207,"Humras Fata",8.5,,,सावंतवाडी,,31.8,09:10,10:20,NOBL,,,,
11206,"Sawantwadi To Wasoli Veerwadi",Sawantwadi,"Wasoli Veerwadi",,MO,6162,Dholkarwadi,9.4,,,सावंतवाडी,,31.8,09:10,10:20,NOBL,,,,
11206,"Sawantwadi To Wasoli Veerwadi",Sawantwadi,"Wasoli Veerwadi",,MO,6323,"Mangaon Titha",10.3,,,सावंतवाडी,,31.8,09:10,10:20,NOBL,,,,
11206,"Sawantwadi To Wasoli Veerwadi",Sawantwadi,"Wasoli Veerwadi",,MO,6317,Mangaon,12.2,,,सावंतवाडी,,31.8,09:10,10:20,NOBL,,,,
11206,"Sawantwadi To Wasoli Veerwadi",Sawantwadi,"Wasoli Veerwadi",,MO,6319,"Mangaon Phc",13.9,,,सावंतवाडी,,31.8,09:10,10:20,NOBL,,,,
11206,"Sawantwadi To Wasoli Veerwadi",Sawantwadi,"Wasoli Veerwadi",,MO,6092,Amberi,14.6,,,सावंतवाडी,,31.8,09:10,10:20,NOBL,,,,
11206,"Sawantwadi To Wasoli Veerwadi",Sawantwadi,"Wasoli Veerwadi",,MO,6463,"Wados Gpo",18.5,,,सावंतवाडी,,31.8,09:10,10:20,NOBL,,,,
11206,"Sawantwadi To Wasoli Veerwadi",Sawantwadi,"Wasoli Veerwadi",,MO,6464,"Wados Bazar",18.7,,,सावंतवाडी,,31.8,09:10,10:20,NOBL,,,,
11206,"Sawantwadi To Wasoli Veerwadi",Sawantwadi,"Wasoli Veerwadi",,MO,6190,"Gothos Titha",19.6,,,सावंतवाडी,,31.8,09:10,10:20,NOBL,,,,
11206,"Sawantwadi To Wasoli Veerwadi",Sawantwadi,"Wasoli Veerwadi",,MO,6344,"Nileli Nursery",21,,,सावंतवाडी,,31.8,09:10,10:20,NOBL,,,,
11206,"Sawantwadi To Wasoli Veerwadi",Sawantwadi,"Wasoli Veerwadi",,MO,88081,"Mahadevache Kerawade",24.3,,,सावंतवाडी,,31.8,09:10,10:20,NOBL,,,,
11206,"Sawantwadi To Wasoli Veerwadi",Sawantwadi,"Wasoli Veerwadi",,MO,6161,Dukanwad,28.3,,,सावंतवाडी,,31.8,09:10,10:20,NOBL,,,,
11206,"Sawantwadi To Wasoli Veerwadi",Sawantwadi,"Wasoli Veerwadi",,MO,6462,Wasoli,31.8,,,सावंतवाडी,,31.8,09:10,10:20,NOBL,,,,
11206,"Sawantwadi To Wasoli Veerwadi",Sawantwadi,"Wasoli Veerwadi",,MO,88093,"Wasoli Veerwadi",33.4,,,सावंतवाडी,,31.8,09:10,10:20,NOBL,,,,
11101,"Rahataghar Ratnagiri To Sawantwadi",Rahataghar,Sawantwadi,,MO,16548,Rahataghar,,,,रत्नागिरी,सावंतवाडी,184.8,17:00,21:50,NOBL,,,,
11101,"Rahataghar Ratnagiri To Sawantwadi",Rahataghar,Sawantwadi,,MO,16599,Ratnagiri,2,,,रत्नागिरी,सावंतवाडी,184.8,17:00,21:50,NOBL,,,,
11101,"Rahataghar Ratnagiri To Sawantwadi",Rahataghar,Sawantwadi,,MO,16663,Shivajinagar,5.8,,,रत्नागिरी,सावंतवाडी,184.8,17:00,21:50,NOBL,,,,
11101,"Rahataghar Ratnagiri To Sawantwadi",Rahataghar,Sawantwadi,,MO,16108,Kuravbao,9.4,,,रत्नागिरी,सावंतवाडी,184.8,17:00,21:50,NOBL,,,,
11101,"Rahataghar Ratnagiri To Sawantwadi",Rahataghar,Sawantwadi,,MO,15979,"Khedshi Fata",12.4,,,रत्नागिरी,सावंतवाडी,184.8,17:00,21:50,NOBL,,,,
11101,"Rahataghar Ratnagiri To Sawantwadi",Rahataghar,Sawantwadi,,MO,16466,"Panval Fata",14.4,,,रत्नागिरी,सावंतवाडी,184.8,17:00,21:50,NOBL,,,,
11101,"Rahataghar Ratnagiri To Sawantwadi",Rahataghar,Sawantwadi,,MO,15851,Hatkhamba,15.8,,,रत्नागिरी,सावंतवाडी,184.8,17:00,21:50,NOBL,,,,
11101,"Rahataghar Ratnagiri To Sawantwadi",Rahataghar,Sawantwadi,,MO,15833,"Hatakhamba Gaon",17.4,,,रत्नागिरी,सावंतवाडी,184.8,17:00,21:50,NOBL,,,,
11101,"Rahataghar Ratnagiri To Sawantwadi",Rahataghar,Sawantwadi,,MO,16631,"Sheti Farm",21,,,रत्नागिरी,सावंतवाडी,184.8,17:00,21:50,NOBL,,,,
11101,"Rahataghar Ratnagiri To Sawantwadi",Rahataghar,Sawantwadi,,MO,15482,"Bsnl Tower",21.2,,,रत्नागिरी,सावंतवाडी,184.8,17:00,21:50,NOBL,,,,
11101,"Rahataghar Ratnagiri To Sawantwadi",Rahataghar,Sawantwadi,,MO,15559,Charveli,21.8,,,रत्नागिरी,सावंतवाडी,184.8,17:00,21:50,NOBL,,,,
11101,"Rahataghar Ratnagiri To Sawantwadi",Rahataghar,Sawantwadi,,MO,15946,Kapadagaon,21.9,,,रत्नागिरी,सावंतवाडी,184.8,17:00,21:50,NOBL,,,,
11101,"Rahataghar Ratnagiri To Sawantwadi",Rahataghar,Sawantwadi,,MO,16416,Pali,27,,,रत्नागिरी,सावंतवाडी,184.8,17:00,21:50,NOBL,,,,
11101,"Rahataghar Ratnagiri To Sawantwadi",Rahataghar,Sawantwadi,,MO,15998,Khanu,28.8,,,रत्नागिरी,सावंतवाडी,184.8,17:00,21:50,NOBL,,,,
11101,"Rahataghar Ratnagiri To Sawantwadi",Rahataghar,Sawantwadi,,MO,13297,Math,31.2,,,रत्नागिरी,सावंतवाडी,184.8,17:00,21:50,NOBL,,,,
11101,"Rahataghar Ratnagiri To Sawantwadi",Rahataghar,Sawantwadi,,MO,12889,"Anjanari Bridge",34.7,,,रत्नागिरी,सावंतवाडी,184.8,17:00,21:50,NOBL,,,,
11101,"Rahataghar Ratnagiri To Sawantwadi",Rahataghar,Sawantwadi,,MO,13593,"Veral Vinanti Thamba",37.2,,,रत्नागिरी,सावंतवाडी,184.8,17:00,21:50,NOBL,,,,
11101,"Rahataghar Ratnagiri To Sawantwadi",Rahataghar,Sawantwadi,,MO,13573,Veral,37.3,,,रत्नागिरी,सावंतवाडी,184.8,17:00,21:50,NOBL,,,,
11101,"Rahataghar Ratnagiri To Sawantwadi",Rahataghar,Sawantwadi,,MO,13011,"Devle Hed Pavas Fata",39.6,,,रत्नागिरी,सावंतवाडी,184.8,17:00,21:50,NOBL,,,,
11101,"Rahataghar Ratnagiri To Sawantwadi",Rahataghar,Sawantwadi,,MO,13277,"Lanja Agri. Farm",41.3,,,रत्नागिरी,सावंतवाडी,184.8,17:00,21:50,NOBL,,,,
11101,"Rahataghar Ratnagiri To Sawantwadi",Rahataghar,Sawantwadi,,MO,13276,"Lanja Poultry Farm",43.3,,,रत्नागिरी,सावंतवाडी,184.8,17:00,21:50,NOBL,,,,
11101,"Rahataghar Ratnagiri To Sawantwadi",Rahataghar,Sawantwadi,,MO,13286,Lanja,45.1,,,रत्नागिरी,सावंतवाडी,184.8,17:00,21:50,NOBL,,,,
11101,"Rahataghar Ratnagiri To Sawantwadi",Rahataghar,Sawantwadi,,MO,13274,"Kuwa Village",49.7,,,रत्नागिरी,सावंतवाडी,184.8,17:00,21:50,NOBL,,,,
11101,"Rahataghar Ratnagiri To Sawantwadi",Rahataghar,Sawantwadi,,MO,13279,"Laxmi Bag Waked",55.2,,,रत्नागिरी,सावंतवाडी,184.8,17:00,21:50,NOBL,,,,
11101,"Rahataghar Ratnagiri To Sawantwadi",Rahataghar,Sawantwadi,,MO,15286,"Vatul Titha",58.2,,,रत्नागिरी,सावंतवाडी,184.8,17:00,21:50,NOBL,,,,
11101,"Rahataghar Ratnagiri To Sawantwadi",Rahataghar,Sawantwadi,,MO,15325,"Yerdav Fata",61.8,,,रत्नागिरी,सावंतवाडी,184.8,17:00,21:50,NOBL,,,,
11101,"Rahataghar Ratnagiri To Sawantwadi",Rahataghar,Sawantwadi,,MO,14910,"Pachal Fata",63.3,,,रत्नागिरी,सावंतवाडी,184.8,17:00,21:50,NOBL,,,,
11101,"Rahataghar Ratnagiri To Sawantwadi",Rahataghar,Sawantwadi,,MO,89331,Oni,65,,,रत्नागिरी,सावंतवाडी,184.8,17:00,21:50,NOBL,,,,
11101,"Rahataghar Ratnagiri To Sawantwadi",Rahataghar,Sawantwadi,,MO,14719,"Kharavate Fata",67.3,,,रत्नागिरी,सावंतवाडी,184.8,17:00,21:50,NOBL,,,,
11101,"Rahataghar Ratnagiri To Sawantwadi",Rahataghar,Sawantwadi,,MO,14574,"Kharavate Village/Sorap Shop",68.2,,,रत्नागिरी,सावंतवाडी,184.8,17:00,21:50,NOBL,,,,
11101,"Rahataghar Ratnagiri To Sawantwadi",Rahataghar,Sawantwadi,,MO,14846,"Nerke Pickup Shed",69,,,रत्नागिरी,सावंतवाडी,184.8,17:00,21:50,NOBL,,,,
11101,"Rahataghar Ratnagiri To Sawantwadi",Rahataghar,Sawantwadi,,MO,14615,"Kodavali School",70.6,,,रत्नागिरी,सावंतवाडी,184.8,17:00,21:50,NOBL,,,,
11101,"Rahataghar Ratnagiri To Sawantwadi",Rahataghar,Sawantwadi,,MO,14735,"Musakazi Fata",73.7,,,रत्नागिरी,सावंतवाडी,184.8,17:00,21:50,NOBL,,,,
11101,"Rahataghar Ratnagiri To Sawantwadi",Rahataghar,Sawantwadi,,MO,15006,Rajapur,74.3,,,रत्नागिरी,सावंतवाडी,184.8,17:00,21:50,NOBL,,,,
11101,"Rahataghar Ratnagiri To Sawantwadi",Rahataghar,Sawantwadi,,MO,14473,"Ganga Tirtha Fata",78.1,,,रत्नागिरी,सावंतवाडी,184.8,17:00,21:50,NOBL,,,,
11101,"Rahataghar Ratnagiri To Sawantwadi",Rahataghar,Sawantwadi,,MO,14521,"Hativale Jaitapur Fata",82.7,,,रत्नागिरी,सावंतवाडी,184.8,17:00,21:50,NOBL,,,,
11101,"Rahataghar Ratnagiri To Sawantwadi",Rahataghar,Sawantwadi,,MO,14609,Kodiye,86.2,,,रत्नागिरी,सावंतवाडी,184.8,17:00,21:50,NOBL,,,,
11101,"Rahataghar Ratnagiri To Sawantwadi",Rahataghar,Sawantwadi,,MO,14879,Panhale,89.2,,,रत्नागिरी,सावंतवाडी,184.8,17:00,21:50,NOBL,,,,
11101,"Rahataghar Ratnagiri To Sawantwadi",Rahataghar,Sawantwadi,,MO,15236,"Takewadi School",91.6,,,रत्नागिरी,सावंतवाडी,184.8,17:00,21:50,NOBL,,,,
11101,"Rahataghar Ratnagiri To Sawantwadi",Rahataghar,Sawantwadi,,MO,2812,Kharepatan,94.7,,,रत्नागिरी,सावंतवाडी,184.8,17:00,21:50,NOBL,,,,
11101,"Rahataghar Ratnagiri To Sawantwadi",Rahataghar,Sawantwadi,,MO,2861,"Mutat Fata",95.7,,,रत्नागिरी,सावंतवाडी,184.8,17:00,21:50,NOBL,,,,
11101,"Rahataghar Ratnagiri To Sawantwadi",Rahataghar,Sawantwadi,,MO,2863,Nadgive,98,,,रत्नागिरी,सावंतवाडी,184.8,17:00,21:50,NOBL,,,,
11101,"Rahataghar Ratnagiri To Sawantwadi",Rahataghar,Sawantwadi,,MO,2648,Bambarwadi,100,,,रत्नागिरी,सावंतवाडी,184.8,17:00,21:50,NOBL,,,,
11101,"Rahataghar Ratnagiri To Sawantwadi",Rahataghar,Sawantwadi,,MO,2844,"Mail Stone",100.1,,,रत्नागिरी,सावंतवाडी,184.8,17:00,21:50,NOBL,,,,
11101,"Rahataghar Ratnagiri To Sawantwadi",Rahataghar,Sawantwadi,,MO,3010,Wargaon,101.2,,,रत्नागिरी,सावंतवाडी,184.8,17:00,21:50,NOBL,,,,
11101,"Rahataghar Ratnagiri To Sawantwadi",Rahataghar,Sawantwadi,,MO,2942,"Saliste Boudhawadi",103,,,रत्नागिरी,सावंतवाडी,184.8,17:00,21:50,NOBL,,,,
11101,"Rahataghar Ratnagiri To Sawantwadi",Rahataghar,Sawantwadi,,MO,2941,Saliste,103.9,,,रत्नागिरी,सावंतवाडी,184.8,17:00,21:50,NOBL,,,,
11101,"Rahataghar Ratnagiri To Sawantwadi",Rahataghar,Sawantwadi,,MO,2844,"Mail Stone",107,,,रत्नागिरी,सावंतवाडी,184.8,17:00,21:50,NOBL,,,,
11101,"Rahataghar Ratnagiri To Sawantwadi",Rahataghar,Sawantwadi,,MO,2982,Tarla,108.8,,,रत्नागिरी,सावंतवाडी,184.8,17:00,21:50,NOBL,,,,
11101,"Rahataghar Ratnagiri To Sawantwadi",Rahataghar,Sawantwadi,,MO,2997,"Vijaydurg Fata",109.6,,,रत्नागिरी,सावंतवाडी,184.8,17:00,21:50,NOBL,,,,
11101,"Rahataghar Ratnagiri To Sawantwadi",Rahataghar,Sawantwadi,,MO,2673,"Bramhan Wadi",111.8,,,रत्नागिरी,सावंतवाडी,184.8,17:00,21:50,NOBL,,,,
11101,"Rahataghar Ratnagiri To Sawantwadi",Rahataghar,Sawantwadi,,MO,2872,"Nandgaon Nursary",115.6,,,रत्नागिरी,सावंतवाडी,184.8,17:00,21:50,NOBL,,,,
11101,"Rahataghar Ratnagiri To Sawantwadi",Rahataghar,Sawantwadi,,MO,2871,"Nandgaon Fata",116,,,रत्नागिरी,सावंतवाडी,184.8,17:00,21:50,NOBL,,,,
11101,"Rahataghar Ratnagiri To Sawantwadi",Rahataghar,Sawantwadi,,MO,2870,"Nandgaon Datta Mandir",119.1,,,रत्नागिरी,सावंतवाडी,184.8,17:00,21:50,NOBL,,,,
11101,"Rahataghar Ratnagiri To Sawantwadi",Rahataghar,Sawantwadi,,MO,2655,Belane,121.5,,,रत्नागिरी,सावंतवाडी,184.8,17:00,21:50,NOBL,,,,
11101,"Rahataghar Ratnagiri To Sawantwadi",Rahataghar,Sawantwadi,,MO,2756,"Humrat Titha",123.7,,,रत्नागिरी,सावंतवाडी,184.8,17:00,21:50,NOBL,,,,
11101,"Rahataghar Ratnagiri To Sawantwadi",Rahataghar,Sawantwadi,,MO,2768,"Janavali Gavthanwadi",128,,,रत्नागिरी,सावंतवाडी,184.8,17:00,21:50,NOBL,,,,
11101,"Rahataghar Ratnagiri To Sawantwadi",Rahataghar,Sawantwadi,,MO,2786,Kankavli,131.8,,,रत्नागिरी,सावंतवाडी,184.8,17:00,21:50,NOBL,,,,
11101,"Rahataghar Ratnagiri To Sawantwadi",Rahataghar,Sawantwadi,,MO,3001,"Wagade Gpo",137,,,रत्नागिरी,सावंतवाडी,184.8,17:00,21:50,NOBL,,,,
11101,"Rahataghar Ratnagiri To Sawantwadi",Rahataghar,Sawantwadi,,MO,2692,Dangalwadi,137.9,,,रत्नागिरी,सावंतवाडी,184.8,17:00,21:50,NOBL,,,,
11101,"Rahataghar Ratnagiri To Sawantwadi",Rahataghar,Sawantwadi,,MO,2891,"Osargaon Talav",139,,,रत्नागिरी,सावंतवाडी,184.8,17:00,21:50,NOBL,,,,
11101,"Rahataghar Ratnagiri To Sawantwadi",Rahataghar,Sawantwadi,,MO,2890,"Osargaon Post",141.9,,,रत्नागिरी,सावंतवाडी,184.8,17:00,21:50,NOBL,,,,
11101,"Rahataghar Ratnagiri To Sawantwadi",Rahataghar,Sawantwadi,,MO,6168,Dewoolwadi,145,,,रत्नागिरी,सावंतवाडी,184.8,17:00,21:50,NOBL,,,,
11101,"Rahataghar Ratnagiri To Sawantwadi",Rahataghar,Sawantwadi,,MO,6281,Kasal,146.2,,,रत्नागिरी,सावंतवाडी,184.8,17:00,21:50,NOBL,,,,
11101,"Rahataghar Ratnagiri To Sawantwadi",Rahataghar,Sawantwadi,,MO,6282,"Kasal Balamwadi",147,,,रत्नागिरी,सावंतवाडी,184.8,17:00,21:50,NOBL,,,,
11101,"Rahataghar Ratnagiri To Sawantwadi",Rahataghar,Sawantwadi,,MO,6116,Awali,148.5,,,रत्नागिरी,सावंतवाडी,184.8,17:00,21:50,NOBL,,,,
11101,"Rahataghar Ratnagiri To Sawantwadi",Rahataghar,Sawantwadi,,MO,6226,"Jaitapkar Colany",149,,,रत्नागिरी,सावंतवाडी,184.8,17:00,21:50,NOBL,,,,
11101,"Rahataghar Ratnagiri To Sawantwadi",Rahataghar,Sawantwadi,,MO,6362,"Oros Bus Stnad",151.6,,,रत्नागिरी,सावंतवाडी,184.8,17:00,21:50,NOBL,,,,
11101,"Rahataghar Ratnagiri To Sawantwadi",Rahataghar,Sawantwadi,,MO,6362,"Oros Bus Stnad",152,,,रत्नागिरी,सावंतवाडी,184.8,17:00,21:50,NOBL,,,,
11101,"Rahataghar Ratnagiri To Sawantwadi",Rahataghar,Sawantwadi,,MO,6224,"Jijamata Hospital",154.2,,,रत्नागिरी,सावंतवाडी,184.8,17:00,21:50,NOBL,,,,
11101,"Rahataghar Ratnagiri To Sawantwadi",Rahataghar,Sawantwadi,,MO,6206,"Humarmala Rane Dukan",154.6,,,रत्नागिरी,सावंतवाडी,184.8,17:00,21:50,NOBL,,,,
11101,"Rahataghar Ratnagiri To Sawantwadi",Rahataghar,Sawantwadi,,MO,6204,"Humarmala Kasale Dukan",155.2,,,रत्नागिरी,सावंतवाडी,184.8,17:00,21:50,NOBL,,,,
11101,"Rahataghar Ratnagiri To Sawantwadi",Rahataghar,Sawantwadi,,MO,6378,"Pandur Titha",157.9,,,रत्नागिरी,सावंतवाडी,184.8,17:00,21:50,NOBL,,,,
11101,"Rahataghar Ratnagiri To Sawantwadi",Rahataghar,Sawantwadi,,MO,88100,Vetalbambarde,159,,,रत्नागिरी,सावंतवाडी,184.8,17:00,21:50,NOBL,,,,
11101,"Rahataghar Ratnagiri To Sawantwadi",Rahataghar,Sawantwadi,,MO,6380,"Pawashi Panchayat",162,,,रत्नागिरी,सावंतवाडी,184.8,17:00,21:50,NOBL,,,,
11101,"Rahataghar Ratnagiri To Sawantwadi",Rahataghar,Sawantwadi,,MO,6380,"Pawashi Panchayat",163,,,रत्नागिरी,सावंतवाडी,184.8,17:00,21:50,NOBL,,,,
11101,"Rahataghar Ratnagiri To Sawantwadi",Rahataghar,Sawantwadi,,MO,6240,"Kudal St Depot",165,,,रत्नागिरी,सावंतवाडी,184.8,17:00,21:50,NOBL,,,,
11101,"Rahataghar Ratnagiri To Sawantwadi",Rahataghar,Sawantwadi,,MO,6237,"Kudal St Depot",166.4,,,रत्नागिरी,सावंतवाडी,184.8,17:00,21:50,NOBL,,,,
11101,"Rahataghar Ratnagiri To Sawantwadi",Rahataghar,Sawantwadi,,MO,6302,"Modka Wad Pinguli",169,,,रत्नागिरी,सावंतवाडी,184.8,17:00,21:50,NOBL,,,,
11101,"Rahataghar Ratnagiri To Sawantwadi",Rahataghar,Sawantwadi,,MO,6376,"Pinguli Titha",169.5,,,रत्नागिरी,सावंतवाडी,184.8,17:00,21:50,NOBL,,,,
11101,"Rahataghar Ratnagiri To Sawantwadi",Rahataghar,Sawantwadi,,MO,6126,Bibavane,170,,,रत्नागिरी,सावंतवाडी,184.8,17:00,21:50,NOBL,,,,
11101,"Rahataghar Ratnagiri To Sawantwadi",Rahataghar,Sawantwadi,,MO,6322,"Mandkuli Fata",171,,,रत्नागिरी,सावंतवाडी,184.8,17:00,21:50,NOBL,,,,
11101,"Rahataghar Ratnagiri To Sawantwadi",Rahataghar,Sawantwadi,,MO,6441,"Terse Bambarde Fata",172,,,रत्नागिरी,सावंतवाडी,184.8,17:00,21:50,NOBL,,,,
11101,"Rahataghar Ratnagiri To Sawantwadi",Rahataghar,Sawantwadi,,MO,6474,"Zharap Titha",176,,,रत्नागिरी,सावंतवाडी,184.8,17:00,21:50,NOBL,,,,
11101,"Rahataghar Ratnagiri To Sawantwadi",Rahataghar,Sawantwadi,,MO,6473,"Zarap Jambhal",176.5,,,रत्नागिरी,सावंतवाडी,184.8,17:00,21:50,NOBL,,,,
11101,"Rahataghar Ratnagiri To Sawantwadi",Rahataghar,Sawantwadi,,MO,6231,"Khan Mohalla",178,,,रत्नागिरी,सावंतवाडी,184.8,17:00,21:50,NOBL,,,,
11101,"Rahataghar Ratnagiri To Sawantwadi",Rahataghar,Sawantwadi,,MO,6205,Humras,179,,,रत्नागिरी,सावंतवाडी,184.8,17:00,21:50,NOBL,,,,
11101,"Rahataghar Ratnagiri To Sawantwadi",Rahataghar,Sawantwadi,,MO,6453,"Vengurle Fata",180,,,रत्नागिरी,सावंतवाडी,184.8,17:00,21:50,NOBL,,,,
11101,"Rahataghar Ratnagiri To Sawantwadi",Rahataghar,Sawantwadi,,MO,6101,Akeri,181,,,रत्नागिरी,सावंतवाडी,184.8,17:00,21:50,NOBL,,,,
11101,"Rahataghar Ratnagiri To Sawantwadi",Rahataghar,Sawantwadi,,MO,8551,"Kolgaon Thita",184,,,रत्नागिरी,सावंतवाडी,184.8,17:00,21:50,NOBL,,,,
11101,"Rahataghar Ratnagiri To Sawantwadi",Rahataghar,Sawantwadi,,MO,8663,Sawantwadi,187.1,,,रत्नागिरी,सावंतवाडी,184.8,17:00,21:50,NOBL,,,,
11162,"Sawantwadi To Palaye Via Dodamarg",Sawantwadi,Palye,Dodamarg,MO,8663,Sawantwadi,,,,सावंतवाडी,पाळये,57.1,17:15,19:15,ST,,,,
11162,"Sawantwadi To Palaye Via Dodamarg",Sawantwadi,Palye,Dodamarg,MO,8578,"Majgaon Nala",3.2,,,सावंतवाडी,पाळये,57.1,17:15,19:15,ST,,,,
11162,"Sawantwadi To Palaye Via Dodamarg",Sawantwadi,Palye,Dodamarg,MO,8499,"Doba Shel",6.5,,,सावंतवाडी,पाळये,57.1,17:15,19:15,ST,,,,
11162,"Sawantwadi To Palaye Via Dodamarg",Sawantwadi,Palye,Dodamarg,MO,8560,Kondwada,8.6,,,सावंतवाडी,पाळये,57.1,17:15,19:15,ST,,,,
11162,"Sawantwadi To Palaye Via Dodamarg",Sawantwadi,Palye,Dodamarg,MO,89315,"Exicise Check Post",9,,,सावंतवाडी,पाळये,57.1,17:15,19:15,ST,,,,
11162,"Sawantwadi To Palaye Via Dodamarg",Sawantwadi,Palye,Dodamarg,MO,8542,"Khamdev Naka",11,,,सावंतवाडी,पाळये,57.1,17:15,19:15,ST,,,,
11162,"Sawantwadi To Palaye Via Dodamarg",Sawantwadi,Palye,Dodamarg,MO,8486,Banda,12.6,,,सावंतवाडी,पाळये,57.1,17:15,19:15,ST,,,,
11162,"Sawantwadi To Palaye Via Dodamarg",Sawantwadi,Palye,Dodamarg,MO,8619,Panval,15,,,सावंतवाडी,पाळये,57.1,17:15,19:15,ST,,,,
11162,"Sawantwadi To Palaye Via Dodamarg",Sawantwadi,Palye,Dodamarg,MO,8503,Degve,16.6,,,सावंतवाडी,पाळये,57.1,17:15,19:15,ST,,,,
11162,"Sawantwadi To Palaye Via Dodamarg",Sawantwadi,Palye,Dodamarg,MO,8502,"Degve High School",17,,,सावंतवाडी,पाळये,57.1,17:15,19:15,ST,,,,
11162,"Sawantwadi To Palaye Via Dodamarg",Sawantwadi,Palye,Dodamarg,MO,8558,"Kumbral Fata",18,,,सावंतवाडी,पाळये,57.1,17:15,19:15,ST,,,,
11162,"Sawantwadi To Palaye Via Dodamarg",Sawantwadi,Palye,Dodamarg,MO,8588,Morgaon,19.2,,,सावंतवाडी,पाळये,57.1,17:15,19:15,ST,,,,
11162,"Sawantwadi To Palaye Via Dodamarg",Sawantwadi,Palye,Dodamarg,MO,8467,"Adali Mauli Mandir",20.9,,,सावंतवाडी,पाळये,57.1,17:15,19:15,ST,,,,
11162,"Sawantwadi To Palaye Via Dodamarg",Sawantwadi,Palye,Dodamarg,MO,2366,Kosumbwadi,22,,,सावंतवाडी,पाळये,57.1,17:15,19:15,ST,,,,
11162,"Sawantwadi To Palaye Via Dodamarg",Sawantwadi,Palye,Dodamarg,MO,2363,Kalane,25.1,,,सावंतवाडी,पाळये,57.1,17:15,19:15,ST,,,,
11162,"Sawantwadi To Palaye Via Dodamarg",Sawantwadi,Palye,Dodamarg,MO,2268,"Kalne High School",26,,,सावंतवाडी,पाळये,57.1,17:15,19:15,ST,,,,
11162,"Sawantwadi To Palaye Via Dodamarg",Sawantwadi,Palye,Dodamarg,MO,2269,"Kalane Sada",27,,,सावंतवाडी,पाळये,57.1,17:15,19:15,ST,,,,
11162,"Sawantwadi To Palaye Via Dodamarg",Sawantwadi,Palye,Dodamarg,MO,2316,Sasoli,29.6,,,सावंतवाडी,पाळये,57.1,17:15,19:15,ST,,,,
11162,"Sawantwadi To Palaye Via Dodamarg",Sawantwadi,Palye,Dodamarg,MO,2315,"Sasoli Bharpal Titha",30.4,,,सावंतवाडी,पाळये,57.1,17:15,19:15,ST,,,,
11162,"Sawantwadi To Palaye Via Dodamarg",Sawantwadi,Palye,Dodamarg,MO,2255,Hedus,31.2,,,सावंतवाडी,पाळये,57.1,17:15,19:15,ST,,,,
11162,"Sawantwadi To Palaye Via Dodamarg",Sawantwadi,Palye,Dodamarg,MO,2288,"Maneri Fata",32,,,सावंतवाडी,पाळये,57.1,17:15,19:15,ST,,,,
11162,"Sawantwadi To Palaye Via Dodamarg",Sawantwadi,Palye,Dodamarg,MO,2290,Maneri,33.2,,,सावंतवाडी,पाळये,57.1,17:15,19:15,ST,,,,
11162,"Sawantwadi To Palaye Via Dodamarg",Sawantwadi,Palye,Dodamarg,MO,2247,Dodamarg,36.9,,,सावंतवाडी,पाळये,57.1,17:15,19:15,ST,,,,
11162,"Sawantwadi To Palaye Via Dodamarg",Sawantwadi,Palye,Dodamarg,MO,2229,Ambeli,39.6,,,सावंतवाडी,पाळये,57.1,17:15,19:15,ST,,,,
11162,"Sawantwadi To Palaye Via Dodamarg",Sawantwadi,Palye,Dodamarg,MO,2304,"Pal Punarvasan",40,,,सावंतवाडी,पाळये,57.1,17:15,19:15,ST,,,,
11162,"Sawantwadi To Palaye Via Dodamarg",Sawantwadi,Palye,Dodamarg,MO,2344,"Zare Bambar",42.3,,,सावंतवाडी,पाळये,57.1,17:15,19:15,ST,,,,
11162,"Sawantwadi To Palaye Via Dodamarg",Sawantwadi,Palye,Dodamarg,MO,2231,"Ainode Punarvasan",42.9,,,सावंतवाडी,पाळये,57.1,17:15,19:15,ST,,,,
11162,"Sawantwadi To Palaye Via Dodamarg",Sawantwadi,Palye,Dodamarg,MO,2338,Vimantal,43.3,,,सावंतवाडी,पाळये,57.1,17:15,19:15,ST,,,,
11162,"Sawantwadi To Palaye Via Dodamarg",Sawantwadi,Palye,Dodamarg,MO,2335,"Usap Titta",45,,,सावंतवाडी,पाळये,57.1,17:15,19:15,ST,,,,
11162,"Sawantwadi To Palaye Via Dodamarg",Sawantwadi,Palye,Dodamarg,MO,2236,"Bhedshi Nadi",45.1,,,सावंतवाडी,पाळये,57.1,17:15,19:15,ST,,,,
11162,"Sawantwadi To Palaye Via Dodamarg",Sawantwadi,Palye,Dodamarg,MO,2318,"Sateli Bhedashi",46,,,सावंतवाडी,पाळये,57.1,17:15,19:15,ST,,,,
11162,"Sawantwadi To Palaye Via Dodamarg",Sawantwadi,Palye,Dodamarg,MO,2239,Bhedshi,46.5,,,सावंतवाडी,पाळये,57.1,17:15,19:15,ST,,,,
11162,"Sawantwadi To Palaye Via Dodamarg",Sawantwadi,Palye,Dodamarg,MO,2232,Awade,47.2,,,सावंतवाडी,पाळये,57.1,17:15,19:15,ST,,,,
11162,"Sawantwadi To Palaye Via Dodamarg",Sawantwadi,Palye,Dodamarg,MO,2340,Vayangantad,48.8,,,सावंतवाडी,पाळये,57.1,17:15,19:15,ST,,,,
11162,"Sawantwadi To Palaye Via Dodamarg",Sawantwadi,Palye,Dodamarg,MO,2274,"Konal Katta",49,,,सावंतवाडी,पाळये,57.1,17:15,19:15,ST,,,,
11162,"Sawantwadi To Palaye Via Dodamarg",Sawantwadi,Palye,Dodamarg,MO,2283,"Londhewadi Mecanic Colony",49.9,,,सावंतवाडी,पाळये,57.1,17:15,19:15,ST,,,,
11162,"Sawantwadi To Palaye Via Dodamarg",Sawantwadi,Palye,Dodamarg,MO,2329,"Tillari Bank",50,,,सावंतवाडी,पाळये,57.1,17:15,19:15,ST,,,,
11162,"Sawantwadi To Palaye Via Dodamarg",Sawantwadi,Palye,Dodamarg,MO,2332,Tirali,52.2,,,सावंतवाडी,पाळये,57.1,17:15,19:15,ST,,,,
11162,"Sawantwadi To Palaye Via Dodamarg",Sawantwadi,Palye,Dodamarg,MO,2279,"Ker Fata",54,,,सावंतवाडी,पाळये,57.1,17:15,19:15,ST,,,,
11162,"Sawantwadi To Palaye Via Dodamarg",Sawantwadi,Palye,Dodamarg,MO,2302,"Palye Titta",56,,,सावंतवाडी,पाळये,57.1,17:15,19:15,ST,,,,
11162,"Sawantwadi To Palaye Via Dodamarg",Sawantwadi,Palye,Dodamarg,MO,2303,Palye,57.1,,,सावंतवाडी,पाळये,57.1,17:15,19:15,ST,,,,
11134,"Sawantwadi To Mulas Hewale Via Dodamarg",Sawantwadi,Hewale,Dodamarg,MO,8663,Sawantwadi,,,,सावंतवाडी,हेवाळे,63.2,11:30,14:00,ST,,,,
11134,"Sawantwadi To Mulas Hewale Via Dodamarg",Sawantwadi,Hewale,Dodamarg,MO,8578,"Majgaon Nala",3.2,,,सावंतवाडी,हेवाळे,63.2,11:30,14:00,ST,,,,
11134,"Sawantwadi To Mulas Hewale Via Dodamarg",Sawantwadi,Hewale,Dodamarg,MO,8499,"Doba Shel",6.5,,,सावंतवाडी,हेवाळे,63.2,11:30,14:00,ST,,,,
11134,"Sawantwadi To Mulas Hewale Via Dodamarg",Sawantwadi,Hewale,Dodamarg,MO,8560,Kondwada,8.6,,,सावंतवाडी,हेवाळे,63.2,11:30,14:00,ST,,,,
11134,"Sawantwadi To Mulas Hewale Via Dodamarg",Sawantwadi,Hewale,Dodamarg,MO,89315,"Exicise Check Post",9,,,सावंतवाडी,हेवाळे,63.2,11:30,14:00,ST,,,,
11134,"Sawantwadi To Mulas Hewale Via Dodamarg",Sawantwadi,Hewale,Dodamarg,MO,8542,"Khamdev Naka",11,,,सावंतवाडी,हेवाळे,63.2,11:30,14:00,ST,,,,
11134,"Sawantwadi To Mulas Hewale Via Dodamarg",Sawantwadi,Hewale,Dodamarg,MO,8486,Banda,12.6,,,सावंतवाडी,हेवाळे,63.2,11:30,14:00,ST,,,,
11134,"Sawantwadi To Mulas Hewale Via Dodamarg",Sawantwadi,Hewale,Dodamarg,MO,8619,Panval,15,,,सावंतवाडी,हेवाळे,63.2,11:30,14:00,ST,,,,
11134,"Sawantwadi To Mulas Hewale Via Dodamarg",Sawantwadi,Hewale,Dodamarg,MO,8503,Degve,16.6,,,सावंतवाडी,हेवाळे,63.2,11:30,14:00,ST,,,,
11134,"Sawantwadi To Mulas Hewale Via Dodamarg",Sawantwadi,Hewale,Dodamarg,MO,8502,"Degve High School",17,,,सावंतवाडी,हेवाळे,63.2,11:30,14:00,ST,,,,
11134,"Sawantwadi To Mulas Hewale Via Dodamarg",Sawantwadi,Hewale,Dodamarg,MO,8558,"Kumbral Fata",18,,,सावंतवाडी,हेवाळे,63.2,11:30,14:00,ST,,,,
11134,"Sawantwadi To Mulas Hewale Via Dodamarg",Sawantwadi,Hewale,Dodamarg,MO,8588,Morgaon,19.2,,,सावंतवाडी,हेवाळे,63.2,11:30,14:00,ST,,,,
11134,"Sawantwadi To Mulas Hewale Via Dodamarg",Sawantwadi,Hewale,Dodamarg,MO,8467,"Adali Mauli Mandir",20.9,,,सावंतवाडी,हेवाळे,63.2,11:30,14:00,ST,,,,
11134,"Sawantwadi To Mulas Hewale Via Dodamarg",Sawantwadi,Hewale,Dodamarg,MO,2366,Kosumbwadi,22,,,सावंतवाडी,हेवाळे,63.2,11:30,14:00,ST,,,,
11134,"Sawantwadi To Mulas Hewale Via Dodamarg",Sawantwadi,Hewale,Dodamarg,MO,2363,Kalane,25.1,,,सावंतवाडी,हेवाळे,63.2,11:30,14:00,ST,,,,
11134,"Sawantwadi To Mulas Hewale Via Dodamarg",Sawantwadi,Hewale,Dodamarg,MO,2268,"Kalne High School",26,,,सावंतवाडी,हेवाळे,63.2,11:30,14:00,ST,,,,
11134,"Sawantwadi To Mulas Hewale Via Dodamarg",Sawantwadi,Hewale,Dodamarg,MO,2269,"Kalane Sada",27,,,सावंतवाडी,हेवाळे,63.2,11:30,14:00,ST,,,,
11134,"Sawantwadi To Mulas Hewale Via Dodamarg",Sawantwadi,Hewale,Dodamarg,MO,2316,Sasoli,29.6,,,सावंतवाडी,हेवाळे,63.2,11:30,14:00,ST,,,,
11134,"Sawantwadi To Mulas Hewale Via Dodamarg",Sawantwadi,Hewale,Dodamarg,MO,2315,"Sasoli Bharpal Titha",30.4,,,सावंतवाडी,हेवाळे,63.2,11:30,14:00,ST,,,,
11134,"Sawantwadi To Mulas Hewale Via Dodamarg",Sawantwadi,Hewale,Dodamarg,MO,2255,Hedus,31.2,,,सावंतवाडी,हेवाळे,63.2,11:30,14:00,ST,,,,
11134,"Sawantwadi To Mulas Hewale Via Dodamarg",Sawantwadi,Hewale,Dodamarg,MO,2288,"Maneri Fata",32,,,सावंतवाडी,हेवाळे,63.2,11:30,14:00,ST,,,,
11134,"Sawantwadi To Mulas Hewale Via Dodamarg",Sawantwadi,Hewale,Dodamarg,MO,2290,Maneri,33.2,,,सावंतवाडी,हेवाळे,63.2,11:30,14:00,ST,,,,
11134,"Sawantwadi To Mulas Hewale Via Dodamarg",Sawantwadi,Hewale,Dodamarg,MO,2247,Dodamarg,36.9,,,सावंतवाडी,हेवाळे,63.2,11:30,14:00,ST,,,,
11134,"Sawantwadi To Mulas Hewale Via Dodamarg",Sawantwadi,Hewale,Dodamarg,MO,2229,Ambeli,39.6,,,सावंतवाडी,हेवाळे,63.2,11:30,14:00,ST,,,,
11134,"Sawantwadi To Mulas Hewale Via Dodamarg",Sawantwadi,Hewale,Dodamarg,MO,2304,"Pal Punarvasan",40,,,सावंतवाडी,हेवाळे,63.2,11:30,14:00,ST,,,,
11134,"Sawantwadi To Mulas Hewale Via Dodamarg",Sawantwadi,Hewale,Dodamarg,MO,2344,"Zare Bambar",42.3,,,सावंतवाडी,हेवाळे,63.2,11:30,14:00,ST,,,,
11134,"Sawantwadi To Mulas Hewale Via Dodamarg",Sawantwadi,Hewale,Dodamarg,MO,2231,"Ainode Punarvasan",42.9,,,सावंतवाडी,हेवाळे,63.2,11:30,14:00,ST,,,,
11134,"Sawantwadi To Mulas Hewale Via Dodamarg",Sawantwadi,Hewale,Dodamarg,MO,2338,Vimantal,43.3,,,सावंतवाडी,हेवाळे,63.2,11:30,14:00,ST,,,,
11134,"Sawantwadi To Mulas Hewale Via Dodamarg",Sawantwadi,Hewale,Dodamarg,MO,2335,"Usap Titta",45,,,सावंतवाडी,हेवाळे,63.2,11:30,14:00,ST,,,,
11134,"Sawantwadi To Mulas Hewale Via Dodamarg",Sawantwadi,Hewale,Dodamarg,MO,2236,"Bhedshi Nadi",45.1,,,सावंतवाडी,हेवाळे,63.2,11:30,14:00,ST,,,,
11134,"Sawantwadi To Mulas Hewale Via Dodamarg",Sawantwadi,Hewale,Dodamarg,MO,2318,"Sateli Bhedashi",46,,,सावंतवाडी,हेवाळे,63.2,11:30,14:00,ST,,,,
11134,"Sawantwadi To Mulas Hewale Via Dodamarg",Sawantwadi,Hewale,Dodamarg,MO,2239,Bhedshi,46.5,,,सावंतवाडी,हेवाळे,63.2,11:30,14:00,ST,,,,
11134,"Sawantwadi To Mulas Hewale Via Dodamarg",Sawantwadi,Hewale,Dodamarg,MO,2232,Awade,47.2,,,सावंतवाडी,हेवाळे,63.2,11:30,14:00,ST,,,,
11134,"Sawantwadi To Mulas Hewale Via Dodamarg",Sawantwadi,Hewale,Dodamarg,MO,2340,Vayangantad,48.8,,,सावंतवाडी,हेवाळे,63.2,11:30,14:00,ST,,,,
11134,"Sawantwadi To Mulas Hewale Via Dodamarg",Sawantwadi,Hewale,Dodamarg,MO,2274,"Konal Katta",49,,,सावंतवाडी,हेवाळे,63.2,11:30,14:00,ST,,,,
11134,"Sawantwadi To Mulas Hewale Via Dodamarg",Sawantwadi,Hewale,Dodamarg,MO,2283,"Londhewadi Mecanic Colony",49.9,,,सावंतवाडी,हेवाळे,63.2,11:30,14:00,ST,,,,
11134,"Sawantwadi To Mulas Hewale Via Dodamarg",Sawantwadi,Hewale,Dodamarg,MO,2329,"Tillari Bank",50,,,सावंतवाडी,हेवाळे,63.2,11:30,14:00,ST,,,,
11134,"Sawantwadi To Mulas Hewale Via Dodamarg",Sawantwadi,Hewale,Dodamarg,MO,2332,Tirali,52.2,,,सावंतवाडी,हेवाळे,63.2,11:30,14:00,ST,,,,
11134,"Sawantwadi To Mulas Hewale Via Dodamarg",Sawantwadi,Hewale,Dodamarg,MO,2279,"Ker Fata",54,,,सावंतवाडी,हेवाळे,63.2,11:30,14:00,ST,,,,
11134,"Sawantwadi To Mulas Hewale Via Dodamarg",Sawantwadi,Hewale,Dodamarg,MO,2302,"Palye Titta",56,,,सावंतवाडी,हेवाळे,63.2,11:30,14:00,ST,,,,
11134,"Sawantwadi To Mulas Hewale Via Dodamarg",Sawantwadi,Hewale,Dodamarg,MO,2284,Medhe,56.3,,,सावंतवाडी,हेवाळे,63.2,11:30,14:00,ST,,,,
11134,"Sawantwadi To Mulas Hewale Via Dodamarg",Sawantwadi,Hewale,Dodamarg,MO,2298,"Nagnath Mandir",57,,,सावंतवाडी,हेवाळे,63.2,11:30,14:00,ST,,,,
11134,"Sawantwadi To Mulas Hewale Via Dodamarg",Sawantwadi,Hewale,Dodamarg,MO,2296,Mulas,58.3,,,सावंतवाडी,हेवाळे,63.2,11:30,14:00,ST,,,,
11134,"Sawantwadi To Mulas Hewale Via Dodamarg",Sawantwadi,Hewale,Dodamarg,MO,2361,Hewale,63.2,,,सावंतवाडी,हेवाळे,63.2,11:30,14:00,ST,,,,
18295,"Hewale Mulas  To Sawantwadi Via Dodamarg","Bijghar Colony",Sawantwadi,Dodamarg,MO,2361,Hewale,,,,हेवाळे,सावंतवाडी,63.2,14:15,16:40,ST,,,,
18295,"Hewale Mulas  To Sawantwadi Via Dodamarg","Bijghar Colony",Sawantwadi,Dodamarg,MO,2296,Mulas,2.6,,,हेवाळे,सावंतवाडी,63.2,14:15,16:40,ST,,,,
18295,"Hewale Mulas  To Sawantwadi Via Dodamarg","Bijghar Colony",Sawantwadi,Dodamarg,MO,2298,"Nagnath Mandir",3,,,हेवाळे,सावंतवाडी,63.2,14:15,16:40,ST,,,,
18295,"Hewale Mulas  To Sawantwadi Via Dodamarg","Bijghar Colony",Sawantwadi,Dodamarg,MO,2284,Medhe,6,,,हेवाळे,सावंतवाडी,63.2,14:15,16:40,ST,,,,
18295,"Hewale Mulas  To Sawantwadi Via Dodamarg","Bijghar Colony",Sawantwadi,Dodamarg,MO,2302,"Palye Titta",7,,,हेवाळे,सावंतवाडी,63.2,14:15,16:40,ST,,,,
18295,"Hewale Mulas  To Sawantwadi Via Dodamarg","Bijghar Colony",Sawantwadi,Dodamarg,MO,2279,"Ker Fata",8,,,हेवाळे,सावंतवाडी,63.2,14:15,16:40,ST,,,,
18295,"Hewale Mulas  To Sawantwadi Via Dodamarg","Bijghar Colony",Sawantwadi,Dodamarg,MO,2332,Tirali,8.3,,,हेवाळे,सावंतवाडी,63.2,14:15,16:40,ST,,,,
18295,"Hewale Mulas  To Sawantwadi Via Dodamarg","Bijghar Colony",Sawantwadi,Dodamarg,MO,2329,"Tillari Bank",9,,,हेवाळे,सावंतवाडी,63.2,14:15,16:40,ST,,,,
18295,"Hewale Mulas  To Sawantwadi Via Dodamarg","Bijghar Colony",Sawantwadi,Dodamarg,MO,2283,"Londhewadi Mecanic Colony",11,,,हेवाळे,सावंतवाडी,63.2,14:15,16:40,ST,,,,
18295,"Hewale Mulas  To Sawantwadi Via Dodamarg","Bijghar Colony",Sawantwadi,Dodamarg,MO,2274,"Konal Katta",12,,,हेवाळे,सावंतवाडी,63.2,14:15,16:40,ST,,,,
18295,"Hewale Mulas  To Sawantwadi Via Dodamarg","Bijghar Colony",Sawantwadi,Dodamarg,MO,2340,Vayangantad,13,,,हेवाळे,सावंतवाडी,63.2,14:15,16:40,ST,,,,
18295,"Hewale Mulas  To Sawantwadi Via Dodamarg","Bijghar Colony",Sawantwadi,Dodamarg,MO,2232,Awade,14,,,हेवाळे,सावंतवाडी,63.2,14:15,16:40,ST,,,,
18295,"Hewale Mulas  To Sawantwadi Via Dodamarg","Bijghar Colony",Sawantwadi,Dodamarg,MO,2239,Bhedshi,15,,,हेवाळे,सावंतवाडी,63.2,14:15,16:40,ST,,,,
18295,"Hewale Mulas  To Sawantwadi Via Dodamarg","Bijghar Colony",Sawantwadi,Dodamarg,MO,2318,"Sateli Bhedashi",15.5,,,हेवाळे,सावंतवाडी,63.2,14:15,16:40,ST,,,,
18295,"Hewale Mulas  To Sawantwadi Via Dodamarg","Bijghar Colony",Sawantwadi,Dodamarg,MO,2236,"Bhedshi Nadi",17,,,हेवाळे,सावंतवाडी,63.2,14:15,16:40,ST,,,,
18295,"Hewale Mulas  To Sawantwadi Via Dodamarg","Bijghar Colony",Sawantwadi,Dodamarg,MO,2335,"Usap Titta",17.5,,,हेवाळे,सावंतवाडी,63.2,14:15,16:40,ST,,,,
18295,"Hewale Mulas  To Sawantwadi Via Dodamarg","Bijghar Colony",Sawantwadi,Dodamarg,MO,2338,Vimantal,18,,,हेवाळे,सावंतवाडी,63.2,14:15,16:40,ST,,,,
18295,"Hewale Mulas  To Sawantwadi Via Dodamarg","Bijghar Colony",Sawantwadi,Dodamarg,MO,2231,"Ainode Punarvasan",19,,,हेवाळे,सावंतवाडी,63.2,14:15,16:40,ST,,,,
18295,"Hewale Mulas  To Sawantwadi Via Dodamarg","Bijghar Colony",Sawantwadi,Dodamarg,MO,2344,"Zare Bambar",20,,,हेवाळे,सावंतवाडी,63.2,14:15,16:40,ST,,,,
18295,"Hewale Mulas  To Sawantwadi Via Dodamarg","Bijghar Colony",Sawantwadi,Dodamarg,MO,2304,"Pal Punarvasan",20.5,,,हेवाळे,सावंतवाडी,63.2,14:15,16:40,ST,,,,
18295,"Hewale Mulas  To Sawantwadi Via Dodamarg","Bijghar Colony",Sawantwadi,Dodamarg,MO,2229,Ambeli,23,,,हेवाळे,सावंतवाडी,63.2,14:15,16:40,ST,,,,
18295,"Hewale Mulas  To Sawantwadi Via Dodamarg","Bijghar Colony",Sawantwadi,Dodamarg,MO,2247,Dodamarg,26.4,,,हेवाळे,सावंतवाडी,63.2,14:15,16:40,ST,,,,
18295,"Hewale Mulas  To Sawantwadi Via Dodamarg","Bijghar Colony",Sawantwadi,Dodamarg,MO,2290,Maneri,29,,,हेवाळे,सावंतवाडी,63.2,14:15,16:40,ST,,,,
18295,"Hewale Mulas  To Sawantwadi Via Dodamarg","Bijghar Colony",Sawantwadi,Dodamarg,MO,2288,"Maneri Fata",29.5,,,हेवाळे,सावंतवाडी,63.2,14:15,16:40,ST,,,,
18295,"Hewale Mulas  To Sawantwadi Via Dodamarg","Bijghar Colony",Sawantwadi,Dodamarg,MO,2255,Hedus,30.5,,,हेवाळे,सावंतवाडी,63.2,14:15,16:40,ST,,,,
18295,"Hewale Mulas  To Sawantwadi Via Dodamarg","Bijghar Colony",Sawantwadi,Dodamarg,MO,2315,"Sasoli Bharpal Titha",32,,,हेवाळे,सावंतवाडी,63.2,14:15,16:40,ST,,,,
18295,"Hewale Mulas  To Sawantwadi Via Dodamarg","Bijghar Colony",Sawantwadi,Dodamarg,MO,2316,Sasoli,33,,,हेवाळे,सावंतवाडी,63.2,14:15,16:40,ST,,,,
18295,"Hewale Mulas  To Sawantwadi Via Dodamarg","Bijghar Colony",Sawantwadi,Dodamarg,MO,2269,"Kalane Sada",35,,,हेवाळे,सावंतवाडी,63.2,14:15,16:40,ST,,,,
18295,"Hewale Mulas  To Sawantwadi Via Dodamarg","Bijghar Colony",Sawantwadi,Dodamarg,MO,2268,"Kalne High School",37,,,हेवाळे,सावंतवाडी,63.2,14:15,16:40,ST,,,,
18295,"Hewale Mulas  To Sawantwadi Via Dodamarg","Bijghar Colony",Sawantwadi,Dodamarg,MO,2363,Kalane,38,,,हेवाळे,सावंतवाडी,63.2,14:15,16:40,ST,,,,
18295,"Hewale Mulas  To Sawantwadi Via Dodamarg","Bijghar Colony",Sawantwadi,Dodamarg,MO,2366,Kosumbwadi,39,,,हेवाळे,सावंतवाडी,63.2,14:15,16:40,ST,,,,
18295,"Hewale Mulas  To Sawantwadi Via Dodamarg","Bijghar Colony",Sawantwadi,Dodamarg,MO,8467,"Adali Mauli Mandir",41,,,हेवाळे,सावंतवाडी,63.2,14:15,16:40,ST,,,,
18295,"Hewale Mulas  To Sawantwadi Via Dodamarg","Bijghar Colony",Sawantwadi,Dodamarg,MO,8588,Morgaon,42,,,हेवाळे,सावंतवाडी,63.2,14:15,16:40,ST,,,,
18295,"Hewale Mulas  To Sawantwadi Via Dodamarg","Bijghar Colony",Sawantwadi,Dodamarg,MO,8558,"Kumbral Fata",44,,,हेवाळे,सावंतवाडी,63.2,14:15,16:40,ST,,,,
18295,"Hewale Mulas  To Sawantwadi Via Dodamarg","Bijghar Colony",Sawantwadi,Dodamarg,MO,8502,"Degve High School",45,,,हेवाळे,सावंतवाडी,63.2,14:15,16:40,ST,,,,
18295,"Hewale Mulas  To Sawantwadi Via Dodamarg","Bijghar Colony",Sawantwadi,Dodamarg,MO,8503,Degve,45.8,,,हेवाळे,सावंतवाडी,63.2,14:15,16:40,ST,,,,
18295,"Hewale Mulas  To Sawantwadi Via Dodamarg","Bijghar Colony",Sawantwadi,Dodamarg,MO,8619,Panval,47,,,हेवाळे,सावंतवाडी,63.2,14:15,16:40,ST,,,,
18295,"Hewale Mulas  To Sawantwadi Via Dodamarg","Bijghar Colony",Sawantwadi,Dodamarg,MO,8486,Banda,50,,,हेवाळे,सावंतवाडी,63.2,14:15,16:40,ST,,,,
18295,"Hewale Mulas  To Sawantwadi Via Dodamarg","Bijghar Colony",Sawantwadi,Dodamarg,MO,8542,"Khamdev Naka",52,,,हेवाळे,सावंतवाडी,63.2,14:15,16:40,ST,,,,
18295,"Hewale Mulas  To Sawantwadi Via Dodamarg","Bijghar Colony",Sawantwadi,Dodamarg,MO,89315,"Exicise Check Post",53,,,हेवाळे,सावंतवाडी,63.2,14:15,16:40,ST,,,,
18295,"Hewale Mulas  To Sawantwadi Via Dodamarg","Bijghar Colony",Sawantwadi,Dodamarg,MO,8560,Kondwada,54,,,हेवाळे,सावंतवाडी,63.2,14:15,16:40,ST,,,,
18295,"Hewale Mulas  To Sawantwadi Via Dodamarg","Bijghar Colony",Sawantwadi,Dodamarg,MO,8499,"Doba Shel",56,,,हेवाळे,सावंतवाडी,63.2,14:15,16:40,ST,,,,
18295,"Hewale Mulas  To Sawantwadi Via Dodamarg","Bijghar Colony",Sawantwadi,Dodamarg,MO,8578,"Majgaon Nala",59,,,हेवाळे,सावंतवाडी,63.2,14:15,16:40,ST,,,,
18295,"Hewale Mulas  To Sawantwadi Via Dodamarg","Bijghar Colony",Sawantwadi,Dodamarg,MO,8663,Sawantwadi,63.2,,,हेवाळे,सावंतवाडी,63.2,14:15,16:40,ST,,,,
10789,"Dodamarg To Palaye Via Zharebambar",Dodamarg,Palye,"ZARE BAMBAR",MO,2247,Dodamarg,,,,दोडामार्ग,पाळये,21,09:00,09:45,ST,,,,
10789,"Dodamarg To Palaye Via Zharebambar",Dodamarg,Palye,"ZARE BAMBAR",MO,2229,Ambeli,3,,,दोडामार्ग,पाळये,21,09:00,09:45,ST,,,,
10789,"Dodamarg To Palaye Via Zharebambar",Dodamarg,Palye,"ZARE BAMBAR",MO,2304,"Pal Punarvasan",4,,,दोडामार्ग,पाळये,21,09:00,09:45,ST,,,,
10789,"Dodamarg To Palaye Via Zharebambar",Dodamarg,Palye,"ZARE BAMBAR",MO,2344,"Zare Bambar",6,,,दोडामार्ग,पाळये,21,09:00,09:45,ST,,,,
10789,"Dodamarg To Palaye Via Zharebambar",Dodamarg,Palye,"ZARE BAMBAR",MO,2231,"Ainode Punarvasan",6.5,,,दोडामार्ग,पाळये,21,09:00,09:45,ST,,,,
10789,"Dodamarg To Palaye Via Zharebambar",Dodamarg,Palye,"ZARE BAMBAR",MO,2338,Vimantal,7.5,,,दोडामार्ग,पाळये,21,09:00,09:45,ST,,,,
10789,"Dodamarg To Palaye Via Zharebambar",Dodamarg,Palye,"ZARE BAMBAR",MO,2335,"Usap Titta",8,,,दोडामार्ग,पाळये,21,09:00,09:45,ST,,,,
10789,"Dodamarg To Palaye Via Zharebambar",Dodamarg,Palye,"ZARE BAMBAR",MO,2236,"Bhedshi Nadi",9,,,दोडामार्ग,पाळये,21,09:00,09:45,ST,,,,
10789,"Dodamarg To Palaye Via Zharebambar",Dodamarg,Palye,"ZARE BAMBAR",MO,2318,"Sateli Bhedashi",10,,,दोडामार्ग,पाळये,21,09:00,09:45,ST,,,,
10789,"Dodamarg To Palaye Via Zharebambar",Dodamarg,Palye,"ZARE BAMBAR",MO,2239,Bhedshi,11,,,दोडामार्ग,पाळये,21,09:00,09:45,ST,,,,
10789,"Dodamarg To Palaye Via Zharebambar",Dodamarg,Palye,"ZARE BAMBAR",MO,2232,Awade,12,,,दोडामार्ग,पाळये,21,09:00,09:45,ST,,,,
10789,"Dodamarg To Palaye Via Zharebambar",Dodamarg,Palye,"ZARE BAMBAR",MO,2340,Vayangantad,13,,,दोडामार्ग,पाळये,21,09:00,09:45,ST,,,,
10789,"Dodamarg To Palaye Via Zharebambar",Dodamarg,Palye,"ZARE BAMBAR",MO,2274,"Konal Katta",15,,,दोडामार्ग,पाळये,21,09:00,09:45,ST,,,,
10789,"Dodamarg To Palaye Via Zharebambar",Dodamarg,Palye,"ZARE BAMBAR",MO,2283,"Londhewadi Mecanic Colony",15.5,,,दोडामार्ग,पाळये,21,09:00,09:45,ST,,,,
10789,"Dodamarg To Palaye Via Zharebambar",Dodamarg,Palye,"ZARE BAMBAR",MO,2329,"Tillari Bank",17,,,दोडामार्ग,पाळये,21,09:00,09:45,ST,,,,
10789,"Dodamarg To Palaye Via Zharebambar",Dodamarg,Palye,"ZARE BAMBAR",MO,2332,Tirali,18,,,दोडामार्ग,पाळये,21,09:00,09:45,ST,,,,
10789,"Dodamarg To Palaye Via Zharebambar",Dodamarg,Palye,"ZARE BAMBAR",MO,2279,"Ker Fata",19,,,दोडामार्ग,पाळये,21,09:00,09:45,ST,,,,
10789,"Dodamarg To Palaye Via Zharebambar",Dodamarg,Palye,"ZARE BAMBAR",MO,2302,"Palye Titta",19.5,,,दोडामार्ग,पाळये,21,09:00,09:45,ST,,,,
10789,"Dodamarg To Palaye Via Zharebambar",Dodamarg,Palye,"ZARE BAMBAR",MO,2303,Palye,20.2,,,दोडामार्ग,पाळये,21,09:00,09:45,ST,,,,
17707,"Palaye To Sawantwadi Via Dodamarg",Palye,Sawantwadi,Dodamarg,MO,2303,Palye,,,,पाळये,सावंतवाडी,57.1,06:30,08:30,ST,,,,
17707,"Palaye To Sawantwadi Via Dodamarg",Palye,Sawantwadi,Dodamarg,MO,2302,"Palye Titta",1,,,पाळये,सावंतवाडी,57.1,06:30,08:30,ST,,,,
17707,"Palaye To Sawantwadi Via Dodamarg",Palye,Sawantwadi,Dodamarg,MO,2279,"Ker Fata",2,,,पाळये,सावंतवाडी,57.1,06:30,08:30,ST,,,,
17707,"Palaye To Sawantwadi Via Dodamarg",Palye,Sawantwadi,Dodamarg,MO,2332,Tirali,3,,,पाळये,सावंतवाडी,57.1,06:30,08:30,ST,,,,
17707,"Palaye To Sawantwadi Via Dodamarg",Palye,Sawantwadi,Dodamarg,MO,2329,"Tillari Bank",4,,,पाळये,सावंतवाडी,57.1,06:30,08:30,ST,,,,
17707,"Palaye To Sawantwadi Via Dodamarg",Palye,Sawantwadi,Dodamarg,MO,2283,"Londhewadi Mecanic Colony",6,,,पाळये,सावंतवाडी,57.1,06:30,08:30,ST,,,,
17707,"Palaye To Sawantwadi Via Dodamarg",Palye,Sawantwadi,Dodamarg,MO,2274,"Konal Katta",7,,,पाळये,सावंतवाडी,57.1,06:30,08:30,ST,,,,
17707,"Palaye To Sawantwadi Via Dodamarg",Palye,Sawantwadi,Dodamarg,MO,2340,Vayangantad,8,,,पाळये,सावंतवाडी,57.1,06:30,08:30,ST,,,,
17707,"Palaye To Sawantwadi Via Dodamarg",Palye,Sawantwadi,Dodamarg,MO,2232,Awade,9,,,पाळये,सावंतवाडी,57.1,06:30,08:30,ST,,,,
17707,"Palaye To Sawantwadi Via Dodamarg",Palye,Sawantwadi,Dodamarg,MO,2239,Bhedshi,10,,,पाळये,सावंतवाडी,57.1,06:30,08:30,ST,,,,
17707,"Palaye To Sawantwadi Via Dodamarg",Palye,Sawantwadi,Dodamarg,MO,2318,"Sateli Bhedashi",10.5,,,पाळये,सावंतवाडी,57.1,06:30,08:30,ST,,,,
17707,"Palaye To Sawantwadi Via Dodamarg",Palye,Sawantwadi,Dodamarg,MO,2236,"Bhedshi Nadi",12,,,पाळये,सावंतवाडी,57.1,06:30,08:30,ST,,,,
17707,"Palaye To Sawantwadi Via Dodamarg",Palye,Sawantwadi,Dodamarg,MO,2335,"Usap Titta",12.5,,,पाळये,सावंतवाडी,57.1,06:30,08:30,ST,,,,
17707,"Palaye To Sawantwadi Via Dodamarg",Palye,Sawantwadi,Dodamarg,MO,2338,Vimantal,13.5,,,पाळये,सावंतवाडी,57.1,06:30,08:30,ST,,,,
17707,"Palaye To Sawantwadi Via Dodamarg",Palye,Sawantwadi,Dodamarg,MO,2231,"Ainode Punarvasan",14,,,पाळये,सावंतवाडी,57.1,06:30,08:30,ST,,,,
17707,"Palaye To Sawantwadi Via Dodamarg",Palye,Sawantwadi,Dodamarg,MO,2344,"Zare Bambar",15,,,पाळये,सावंतवाडी,57.1,06:30,08:30,ST,,,,
17707,"Palaye To Sawantwadi Via Dodamarg",Palye,Sawantwadi,Dodamarg,MO,2304,"Pal Punarvasan",16,,,पाळये,सावंतवाडी,57.1,06:30,08:30,ST,,,,
17707,"Palaye To Sawantwadi Via Dodamarg",Palye,Sawantwadi,Dodamarg,MO,2229,Ambeli,18,,,पाळये,सावंतवाडी,57.1,06:30,08:30,ST,,,,
17707,"Palaye To Sawantwadi Via Dodamarg",Palye,Sawantwadi,Dodamarg,MO,2247,Dodamarg,20.2,,,पाळये,सावंतवाडी,57.1,06:30,08:30,ST,,,,
17707,"Palaye To Sawantwadi Via Dodamarg",Palye,Sawantwadi,Dodamarg,MO,2290,Maneri,23,,,पाळये,सावंतवाडी,57.1,06:30,08:30,ST,,,,
17707,"Palaye To Sawantwadi Via Dodamarg",Palye,Sawantwadi,Dodamarg,MO,2288,"Maneri Fata",23.5,,,पाळये,सावंतवाडी,57.1,06:30,08:30,ST,,,,
17707,"Palaye To Sawantwadi Via Dodamarg",Palye,Sawantwadi,Dodamarg,MO,2255,Hedus,24.5,,,पाळये,सावंतवाडी,57.1,06:30,08:30,ST,,,,
17707,"Palaye To Sawantwadi Via Dodamarg",Palye,Sawantwadi,Dodamarg,MO,2315,"Sasoli Bharpal Titha",26,,,पाळये,सावंतवाडी,57.1,06:30,08:30,ST,,,,
17707,"Palaye To Sawantwadi Via Dodamarg",Palye,Sawantwadi,Dodamarg,MO,2316,Sasoli,27,,,पाळये,सावंतवाडी,57.1,06:30,08:30,ST,,,,
17707,"Palaye To Sawantwadi Via Dodamarg",Palye,Sawantwadi,Dodamarg,MO,2269,"Kalane Sada",29,,,पाळये,सावंतवाडी,57.1,06:30,08:30,ST,,,,
17707,"Palaye To Sawantwadi Via Dodamarg",Palye,Sawantwadi,Dodamarg,MO,2268,"Kalne High School",31,,,पाळये,सावंतवाडी,57.1,06:30,08:30,ST,,,,
17707,"Palaye To Sawantwadi Via Dodamarg",Palye,Sawantwadi,Dodamarg,MO,2363,Kalane,32,,,पाळये,सावंतवाडी,57.1,06:30,08:30,ST,,,,
17707,"Palaye To Sawantwadi Via Dodamarg",Palye,Sawantwadi,Dodamarg,MO,2366,Kosumbwadi,33,,,पाळये,सावंतवाडी,57.1,06:30,08:30,ST,,,,
17707,"Palaye To Sawantwadi Via Dodamarg",Palye,Sawantwadi,Dodamarg,MO,8467,"Adali Mauli Mandir",35,,,पाळये,सावंतवाडी,57.1,06:30,08:30,ST,,,,
17707,"Palaye To Sawantwadi Via Dodamarg",Palye,Sawantwadi,Dodamarg,MO,8588,Morgaon,36,,,पाळये,सावंतवाडी,57.1,06:30,08:30,ST,,,,
17707,"Palaye To Sawantwadi Via Dodamarg",Palye,Sawantwadi,Dodamarg,MO,8558,"Kumbral Fata",38,,,पाळये,सावंतवाडी,57.1,06:30,08:30,ST,,,,
17707,"Palaye To Sawantwadi Via Dodamarg",Palye,Sawantwadi,Dodamarg,MO,8502,"Degve High School",39,,,पाळये,सावंतवाडी,57.1,06:30,08:30,ST,,,,
17707,"Palaye To Sawantwadi Via Dodamarg",Palye,Sawantwadi,Dodamarg,MO,8503,Degve,39.8,,,पाळये,सावंतवाडी,57.1,06:30,08:30,ST,,,,
17707,"Palaye To Sawantwadi Via Dodamarg",Palye,Sawantwadi,Dodamarg,MO,8619,Panval,41,,,पाळये,सावंतवाडी,57.1,06:30,08:30,ST,,,,
17707,"Palaye To Sawantwadi Via Dodamarg",Palye,Sawantwadi,Dodamarg,MO,8486,Banda,44.2,,,पाळये,सावंतवाडी,57.1,06:30,08:30,ST,,,,
17707,"Palaye To Sawantwadi Via Dodamarg",Palye,Sawantwadi,Dodamarg,MO,8542,"Khamdev Naka",46,,,पाळये,सावंतवाडी,57.1,06:30,08:30,ST,,,,
17707,"Palaye To Sawantwadi Via Dodamarg",Palye,Sawantwadi,Dodamarg,MO,89315,"Exicise Check Post",47,,,पाळये,सावंतवाडी,57.1,06:30,08:30,ST,,,,
17707,"Palaye To Sawantwadi Via Dodamarg",Palye,Sawantwadi,Dodamarg,MO,8560,Kondwada,48,,,पाळये,सावंतवाडी,57.1,06:30,08:30,ST,,,,
17707,"Palaye To Sawantwadi Via Dodamarg",Palye,Sawantwadi,Dodamarg,MO,8499,"Doba Shel",50,,,पाळये,सावंतवाडी,57.1,06:30,08:30,ST,,,,
17707,"Palaye To Sawantwadi Via Dodamarg",Palye,Sawantwadi,Dodamarg,MO,8578,"Majgaon Nala",54,,,पाळये,सावंतवाडी,57.1,06:30,08:30,ST,,,,
17707,"Palaye To Sawantwadi Via Dodamarg",Palye,Sawantwadi,Dodamarg,MO,8663,Sawantwadi,57.1,,,पाळये,सावंतवाडी,57.1,06:30,08:30,ST,,,,
98087,"Palaye To  Dodamarg Via Zharebambar",Palye,Dodamarg,"ZARE BAMBAR",MO,2303,Palye,,,,पाळये,दोडामार्ग,21,16:00,16:35,ST,,,,
98087,"Palaye To  Dodamarg Via Zharebambar",Palye,Dodamarg,"ZARE BAMBAR",MO,2302,"Palye Titta",1,,,पाळये,दोडामार्ग,21,16:00,16:35,ST,,,,
98087,"Palaye To  Dodamarg Via Zharebambar",Palye,Dodamarg,"ZARE BAMBAR",MO,2279,"Ker Fata",2,,,पाळये,दोडामार्ग,21,16:00,16:35,ST,,,,
98087,"Palaye To  Dodamarg Via Zharebambar",Palye,Dodamarg,"ZARE BAMBAR",MO,2332,Tirali,3,,,पाळये,दोडामार्ग,21,16:00,16:35,ST,,,,
98087,"Palaye To  Dodamarg Via Zharebambar",Palye,Dodamarg,"ZARE BAMBAR",MO,2329,"Tillari Bank",4,,,पाळये,दोडामार्ग,21,16:00,16:35,ST,,,,
98087,"Palaye To  Dodamarg Via Zharebambar",Palye,Dodamarg,"ZARE BAMBAR",MO,2283,"Londhewadi Mecanic Colony",6,,,पाळये,दोडामार्ग,21,16:00,16:35,ST,,,,
98087,"Palaye To  Dodamarg Via Zharebambar",Palye,Dodamarg,"ZARE BAMBAR",MO,2274,"Konal Katta",7,,,पाळये,दोडामार्ग,21,16:00,16:35,ST,,,,
98087,"Palaye To  Dodamarg Via Zharebambar",Palye,Dodamarg,"ZARE BAMBAR",MO,2340,Vayangantad,8,,,पाळये,दोडामार्ग,21,16:00,16:35,ST,,,,
98087,"Palaye To  Dodamarg Via Zharebambar",Palye,Dodamarg,"ZARE BAMBAR",MO,2232,Awade,9,,,पाळये,दोडामार्ग,21,16:00,16:35,ST,,,,
98087,"Palaye To  Dodamarg Via Zharebambar",Palye,Dodamarg,"ZARE BAMBAR",MO,2239,Bhedshi,10,,,पाळये,दोडामार्ग,21,16:00,16:35,ST,,,,
98087,"Palaye To  Dodamarg Via Zharebambar",Palye,Dodamarg,"ZARE BAMBAR",MO,2318,"Sateli Bhedashi",10.5,,,पाळये,दोडामार्ग,21,16:00,16:35,ST,,,,
98087,"Palaye To  Dodamarg Via Zharebambar",Palye,Dodamarg,"ZARE BAMBAR",MO,2236,"Bhedshi Nadi",12,,,पाळये,दोडामार्ग,21,16:00,16:35,ST,,,,
98087,"Palaye To  Dodamarg Via Zharebambar",Palye,Dodamarg,"ZARE BAMBAR",MO,2335,"Usap Titta",12.5,,,पाळये,दोडामार्ग,21,16:00,16:35,ST,,,,
98087,"Palaye To  Dodamarg Via Zharebambar",Palye,Dodamarg,"ZARE BAMBAR",MO,2338,Vimantal,13.5,,,पाळये,दोडामार्ग,21,16:00,16:35,ST,,,,
98087,"Palaye To  Dodamarg Via Zharebambar",Palye,Dodamarg,"ZARE BAMBAR",MO,2231,"Ainode Punarvasan",14,,,पाळये,दोडामार्ग,21,16:00,16:35,ST,,,,
98087,"Palaye To  Dodamarg Via Zharebambar",Palye,Dodamarg,"ZARE BAMBAR",MO,2344,"Zare Bambar",15,,,पाळये,दोडामार्ग,21,16:00,16:35,ST,,,,
98087,"Palaye To  Dodamarg Via Zharebambar",Palye,Dodamarg,"ZARE BAMBAR",MO,2304,"Pal Punarvasan",16,,,पाळये,दोडामार्ग,21,16:00,16:35,ST,,,,
98087,"Palaye To  Dodamarg Via Zharebambar",Palye,Dodamarg,"ZARE BAMBAR",MO,2229,Ambeli,18,,,पाळये,दोडामार्ग,21,16:00,16:35,ST,,,,
98087,"Palaye To  Dodamarg Via Zharebambar",Palye,Dodamarg,"ZARE BAMBAR",MO,2247,Dodamarg,20.2,,,पाळये,दोडामार्ग,21,16:00,16:35,ST,,,,
73183,"Sawantwadi To Zhare Bambar Via Dodamarg",Sawantwadi,"Zare Bambar",Dodamarg,MO,8663,Sawantwadi,,,,सावंतवाडी,झरेबांबर,42.1,19:30,21:05,ST,,,,
73183,"Sawantwadi To Zhare Bambar Via Dodamarg",Sawantwadi,"Zare Bambar",Dodamarg,MO,8578,"Majgaon Nala",3.2,,,सावंतवाडी,झरेबांबर,42.1,19:30,21:05,ST,,,,
73183,"Sawantwadi To Zhare Bambar Via Dodamarg",Sawantwadi,"Zare Bambar",Dodamarg,MO,8499,"Doba Shel",6.5,,,सावंतवाडी,झरेबांबर,42.1,19:30,21:05,ST,,,,
73183,"Sawantwadi To Zhare Bambar Via Dodamarg",Sawantwadi,"Zare Bambar",Dodamarg,MO,8560,Kondwada,8.6,,,सावंतवाडी,झरेबांबर,42.1,19:30,21:05,ST,,,,
73183,"Sawantwadi To Zhare Bambar Via Dodamarg",Sawantwadi,"Zare Bambar",Dodamarg,MO,89315,"Exicise Check Post",9,,,सावंतवाडी,झरेबांबर,42.1,19:30,21:05,ST,,,,
73183,"Sawantwadi To Zhare Bambar Via Dodamarg",Sawantwadi,"Zare Bambar",Dodamarg,MO,8542,"Khamdev Naka",11,,,सावंतवाडी,झरेबांबर,42.1,19:30,21:05,ST,,,,
73183,"Sawantwadi To Zhare Bambar Via Dodamarg",Sawantwadi,"Zare Bambar",Dodamarg,MO,8486,Banda,12.6,,,सावंतवाडी,झरेबांबर,42.1,19:30,21:05,ST,,,,
73183,"Sawantwadi To Zhare Bambar Via Dodamarg",Sawantwadi,"Zare Bambar",Dodamarg,MO,8619,Panval,15,,,सावंतवाडी,झरेबांबर,42.1,19:30,21:05,ST,,,,
73183,"Sawantwadi To Zhare Bambar Via Dodamarg",Sawantwadi,"Zare Bambar",Dodamarg,MO,8503,Degve,16.6,,,सावंतवाडी,झरेबांबर,42.1,19:30,21:05,ST,,,,
73183,"Sawantwadi To Zhare Bambar Via Dodamarg",Sawantwadi,"Zare Bambar",Dodamarg,MO,8502,"Degve High School",17,,,सावंतवाडी,झरेबांबर,42.1,19:30,21:05,ST,,,,
73183,"Sawantwadi To Zhare Bambar Via Dodamarg",Sawantwadi,"Zare Bambar",Dodamarg,MO,8558,"Kumbral Fata",18,,,सावंतवाडी,झरेबांबर,42.1,19:30,21:05,ST,,,,
73183,"Sawantwadi To Zhare Bambar Via Dodamarg",Sawantwadi,"Zare Bambar",Dodamarg,MO,8588,Morgaon,19.2,,,सावंतवाडी,झरेबांबर,42.1,19:30,21:05,ST,,,,
73183,"Sawantwadi To Zhare Bambar Via Dodamarg",Sawantwadi,"Zare Bambar",Dodamarg,MO,8467,"Adali Mauli Mandir",20.9,,,सावंतवाडी,झरेबांबर,42.1,19:30,21:05,ST,,,,
73183,"Sawantwadi To Zhare Bambar Via Dodamarg",Sawantwadi,"Zare Bambar",Dodamarg,MO,2366,Kosumbwadi,22,,,सावंतवाडी,झरेबांबर,42.1,19:30,21:05,ST,,,,
73183,"Sawantwadi To Zhare Bambar Via Dodamarg",Sawantwadi,"Zare Bambar",Dodamarg,MO,2363,Kalane,25.1,,,सावंतवाडी,झरेबांबर,42.1,19:30,21:05,ST,,,,
73183,"Sawantwadi To Zhare Bambar Via Dodamarg",Sawantwadi,"Zare Bambar",Dodamarg,MO,2268,"Kalne High School",26,,,सावंतवाडी,झरेबांबर,42.1,19:30,21:05,ST,,,,
73183,"Sawantwadi To Zhare Bambar Via Dodamarg",Sawantwadi,"Zare Bambar",Dodamarg,MO,2269,"Kalane Sada",27,,,सावंतवाडी,झरेबांबर,42.1,19:30,21:05,ST,,,,
73183,"Sawantwadi To Zhare Bambar Via Dodamarg",Sawantwadi,"Zare Bambar",Dodamarg,MO,2316,Sasoli,29.6,,,सावंतवाडी,झरेबांबर,42.1,19:30,21:05,ST,,,,
73183,"Sawantwadi To Zhare Bambar Via Dodamarg",Sawantwadi,"Zare Bambar",Dodamarg,MO,2315,"Sasoli Bharpal Titha",30.4,,,सावंतवाडी,झरेबांबर,42.1,19:30,21:05,ST,,,,
73183,"Sawantwadi To Zhare Bambar Via Dodamarg",Sawantwadi,"Zare Bambar",Dodamarg,MO,2255,Hedus,31.2,,,सावंतवाडी,झरेबांबर,42.1,19:30,21:05,ST,,,,
73183,"Sawantwadi To Zhare Bambar Via Dodamarg",Sawantwadi,"Zare Bambar",Dodamarg,MO,2288,"Maneri Fata",32,,,सावंतवाडी,झरेबांबर,42.1,19:30,21:05,ST,,,,
73183,"Sawantwadi To Zhare Bambar Via Dodamarg",Sawantwadi,"Zare Bambar",Dodamarg,MO,2290,Maneri,33.2,,,सावंतवाडी,झरेबांबर,42.1,19:30,21:05,ST,,,,
73183,"Sawantwadi To Zhare Bambar Via Dodamarg",Sawantwadi,"Zare Bambar",Dodamarg,MO,2247,Dodamarg,36.9,,,सावंतवाडी,झरेबांबर,42.1,19:30,21:05,ST,,,,
73183,"Sawantwadi To Zhare Bambar Via Dodamarg",Sawantwadi,"Zare Bambar",Dodamarg,MO,2229,Ambeli,39.6,,,सावंतवाडी,झरेबांबर,42.1,19:30,21:05,ST,,,,
73183,"Sawantwadi To Zhare Bambar Via Dodamarg",Sawantwadi,"Zare Bambar",Dodamarg,MO,2304,"Pal Punarvasan",40,,,सावंतवाडी,झरेबांबर,42.1,19:30,21:05,ST,,,,
73183,"Sawantwadi To Zhare Bambar Via Dodamarg",Sawantwadi,"Zare Bambar",Dodamarg,MO,2344,"Zare Bambar",42.3,,,सावंतवाडी,झरेबांबर,42.1,19:30,21:05,ST,,,,
74125,"Zhare Bambar To Sawantwadi Via Dodamarg","Zare Bambar",Sawantwadi,Dodamarg,MO,2344,"Zare Bambar",,,,झरेबांबर,सावंतवाडी,42.1,06:15,07:50,ST,,,,
74125,"Zhare Bambar To Sawantwadi Via Dodamarg","Zare Bambar",Sawantwadi,Dodamarg,MO,2304,"Pal Punarvasan",0.05,,,झरेबांबर,सावंतवाडी,42.1,06:15,07:50,ST,,,,
74125,"Zhare Bambar To Sawantwadi Via Dodamarg","Zare Bambar",Sawantwadi,Dodamarg,MO,2229,Ambeli,3,,,झरेबांबर,सावंतवाडी,42.1,06:15,07:50,ST,,,,
74125,"Zhare Bambar To Sawantwadi Via Dodamarg","Zare Bambar",Sawantwadi,Dodamarg,MO,2247,Dodamarg,6,,,झरेबांबर,सावंतवाडी,42.1,06:15,07:50,ST,,,,
74125,"Zhare Bambar To Sawantwadi Via Dodamarg","Zare Bambar",Sawantwadi,Dodamarg,MO,2290,Maneri,9,,,झरेबांबर,सावंतवाडी,42.1,06:15,07:50,ST,,,,
74125,"Zhare Bambar To Sawantwadi Via Dodamarg","Zare Bambar",Sawantwadi,Dodamarg,MO,2288,"Maneri Fata",9.5,,,झरेबांबर,सावंतवाडी,42.1,06:15,07:50,ST,,,,
74125,"Zhare Bambar To Sawantwadi Via Dodamarg","Zare Bambar",Sawantwadi,Dodamarg,MO,2255,Hedus,11,,,झरेबांबर,सावंतवाडी,42.1,06:15,07:50,ST,,,,
74125,"Zhare Bambar To Sawantwadi Via Dodamarg","Zare Bambar",Sawantwadi,Dodamarg,MO,2315,"Sasoli Bharpal Titha",12,,,झरेबांबर,सावंतवाडी,42.1,06:15,07:50,ST,,,,
74125,"Zhare Bambar To Sawantwadi Via Dodamarg","Zare Bambar",Sawantwadi,Dodamarg,MO,2316,Sasoli,13,,,झरेबांबर,सावंतवाडी,42.1,06:15,07:50,ST,,,,
74125,"Zhare Bambar To Sawantwadi Via Dodamarg","Zare Bambar",Sawantwadi,Dodamarg,MO,2269,"Kalane Sada",15,,,झरेबांबर,सावंतवाडी,42.1,06:15,07:50,ST,,,,
74125,"Zhare Bambar To Sawantwadi Via Dodamarg","Zare Bambar",Sawantwadi,Dodamarg,MO,2268,"Kalne High School",17.5,,,झरेबांबर,सावंतवाडी,42.1,06:15,07:50,ST,,,,
74125,"Zhare Bambar To Sawantwadi Via Dodamarg","Zare Bambar",Sawantwadi,Dodamarg,MO,2363,Kalane,18,,,झरेबांबर,सावंतवाडी,42.1,06:15,07:50,ST,,,,
74125,"Zhare Bambar To Sawantwadi Via Dodamarg","Zare Bambar",Sawantwadi,Dodamarg,MO,2366,Kosumbwadi,19,,,झरेबांबर,सावंतवाडी,42.1,06:15,07:50,ST,,,,
74125,"Zhare Bambar To Sawantwadi Via Dodamarg","Zare Bambar",Sawantwadi,Dodamarg,MO,8467,"Adali Mauli Mandir",21,,,झरेबांबर,सावंतवाडी,42.1,06:15,07:50,ST,,,,
74125,"Zhare Bambar To Sawantwadi Via Dodamarg","Zare Bambar",Sawantwadi,Dodamarg,MO,8588,Morgaon,22,,,झरेबांबर,सावंतवाडी,42.1,06:15,07:50,ST,,,,
74125,"Zhare Bambar To Sawantwadi Via Dodamarg","Zare Bambar",Sawantwadi,Dodamarg,MO,8558,"Kumbral Fata",24,,,झरेबांबर,सावंतवाडी,42.1,06:15,07:50,ST,,,,
74125,"Zhare Bambar To Sawantwadi Via Dodamarg","Zare Bambar",Sawantwadi,Dodamarg,MO,8502,"Degve High School",25,,,झरेबांबर,सावंतवाडी,42.1,06:15,07:50,ST,,,,
74125,"Zhare Bambar To Sawantwadi Via Dodamarg","Zare Bambar",Sawantwadi,Dodamarg,MO,8503,Degve,25.8,,,झरेबांबर,सावंतवाडी,42.1,06:15,07:50,ST,,,,
74125,"Zhare Bambar To Sawantwadi Via Dodamarg","Zare Bambar",Sawantwadi,Dodamarg,MO,8619,Panval,27,,,झरेबांबर,सावंतवाडी,42.1,06:15,07:50,ST,,,,
74125,"Zhare Bambar To Sawantwadi Via Dodamarg","Zare Bambar",Sawantwadi,Dodamarg,MO,8486,Banda,30,,,झरेबांबर,सावंतवाडी,42.1,06:15,07:50,ST,,,,
74125,"Zhare Bambar To Sawantwadi Via Dodamarg","Zare Bambar",Sawantwadi,Dodamarg,MO,8542,"Khamdev Naka",32,,,झरेबांबर,सावंतवाडी,42.1,06:15,07:50,ST,,,,
74125,"Zhare Bambar To Sawantwadi Via Dodamarg","Zare Bambar",Sawantwadi,Dodamarg,MO,89315,"Exicise Check Post",33,,,झरेबांबर,सावंतवाडी,42.1,06:15,07:50,ST,,,,
74125,"Zhare Bambar To Sawantwadi Via Dodamarg","Zare Bambar",Sawantwadi,Dodamarg,MO,8560,Kondwada,34,,,झरेबांबर,सावंतवाडी,42.1,06:15,07:50,ST,,,,
74125,"Zhare Bambar To Sawantwadi Via Dodamarg","Zare Bambar",Sawantwadi,Dodamarg,MO,8499,"Doba Shel",36,,,झरेबांबर,सावंतवाडी,42.1,06:15,07:50,ST,,,,
74125,"Zhare Bambar To Sawantwadi Via Dodamarg","Zare Bambar",Sawantwadi,Dodamarg,MO,8578,"Majgaon Nala",39,,,झरेबांबर,सावंतवाडी,42.1,06:15,07:50,ST,,,,
74125,"Zhare Bambar To Sawantwadi Via Dodamarg","Zare Bambar",Sawantwadi,Dodamarg,MO,8663,Sawantwadi,42.1,,,झरेबांबर,सावंतवाडी,42.1,06:15,07:50,ST,,,,
18781,"Usap To Sawantwadi Via Dodamarg",Usap,Sawantwadi,Dodamarg,MO,2334,Usap,,,,उसप,सावंतवाडी,54.1,08:00,10:00,OPN,,,,
18781,"Usap To Sawantwadi Via Dodamarg",Usap,Sawantwadi,Dodamarg,MO,2266,"Khokral Titha",2.9,,,उसप,सावंतवाडी,54.1,08:00,10:00,OPN,,,,
18781,"Usap To Sawantwadi Via Dodamarg",Usap,Sawantwadi,Dodamarg,MO,2300,"Pikule Usap Titha",4.1,,,उसप,सावंतवाडी,54.1,08:00,10:00,OPN,,,,
18781,"Usap To Sawantwadi Via Dodamarg",Usap,Sawantwadi,Dodamarg,MO,2265,"Kajulwadi Titha",5,,,उसप,सावंतवाडी,54.1,08:00,10:00,OPN,,,,
18781,"Usap To Sawantwadi Via Dodamarg",Usap,Sawantwadi,Dodamarg,MO,2335,"Usap Titta",6.8,,,उसप,सावंतवाडी,54.1,08:00,10:00,OPN,,,,
18781,"Usap To Sawantwadi Via Dodamarg",Usap,Sawantwadi,Dodamarg,MO,2338,Vimantal,7,,,उसप,सावंतवाडी,54.1,08:00,10:00,OPN,,,,
18781,"Usap To Sawantwadi Via Dodamarg",Usap,Sawantwadi,Dodamarg,MO,2231,"Ainode Punarvasan",7.5,,,उसप,सावंतवाडी,54.1,08:00,10:00,OPN,,,,
18781,"Usap To Sawantwadi Via Dodamarg",Usap,Sawantwadi,Dodamarg,MO,2344,"Zare Bambar",8,,,उसप,सावंतवाडी,54.1,08:00,10:00,OPN,,,,
18781,"Usap To Sawantwadi Via Dodamarg",Usap,Sawantwadi,Dodamarg,MO,2304,"Pal Punarvasan",8.5,,,उसप,सावंतवाडी,54.1,08:00,10:00,OPN,,,,
18781,"Usap To Sawantwadi Via Dodamarg",Usap,Sawantwadi,Dodamarg,MO,2229,Ambeli,11,,,उसप,सावंतवाडी,54.1,08:00,10:00,OPN,,,,
18781,"Usap To Sawantwadi Via Dodamarg",Usap,Sawantwadi,Dodamarg,MO,2247,Dodamarg,14.5,,,उसप,सावंतवाडी,54.1,08:00,10:00,OPN,,,,
18781,"Usap To Sawantwadi Via Dodamarg",Usap,Sawantwadi,Dodamarg,MO,2290,Maneri,17.5,,,उसप,सावंतवाडी,54.1,08:00,10:00,OPN,,,,
18781,"Usap To Sawantwadi Via Dodamarg",Usap,Sawantwadi,Dodamarg,MO,2288,"Maneri Fata",18,,,उसप,सावंतवाडी,54.1,08:00,10:00,OPN,,,,
18781,"Usap To Sawantwadi Via Dodamarg",Usap,Sawantwadi,Dodamarg,MO,2255,Hedus,18.5,,,उसप,सावंतवाडी,54.1,08:00,10:00,OPN,,,,
18781,"Usap To Sawantwadi Via Dodamarg",Usap,Sawantwadi,Dodamarg,MO,2315,"Sasoli Bharpal Titha",20,,,उसप,सावंतवाडी,54.1,08:00,10:00,OPN,,,,
18781,"Usap To Sawantwadi Via Dodamarg",Usap,Sawantwadi,Dodamarg,MO,2316,Sasoli,21,,,उसप,सावंतवाडी,54.1,08:00,10:00,OPN,,,,
18781,"Usap To Sawantwadi Via Dodamarg",Usap,Sawantwadi,Dodamarg,MO,2269,"Kalane Sada",23,,,उसप,सावंतवाडी,54.1,08:00,10:00,OPN,,,,
18781,"Usap To Sawantwadi Via Dodamarg",Usap,Sawantwadi,Dodamarg,MO,2268,"Kalne High School",25.5,,,उसप,सावंतवाडी,54.1,08:00,10:00,OPN,,,,
18781,"Usap To Sawantwadi Via Dodamarg",Usap,Sawantwadi,Dodamarg,MO,2363,Kalane,26,,,उसप,सावंतवाडी,54.1,08:00,10:00,OPN,,,,
18781,"Usap To Sawantwadi Via Dodamarg",Usap,Sawantwadi,Dodamarg,MO,2366,Kosumbwadi,27,,,उसप,सावंतवाडी,54.1,08:00,10:00,OPN,,,,
18781,"Usap To Sawantwadi Via Dodamarg",Usap,Sawantwadi,Dodamarg,MO,8467,"Adali Mauli Mandir",29,,,उसप,सावंतवाडी,54.1,08:00,10:00,OPN,,,,
18781,"Usap To Sawantwadi Via Dodamarg",Usap,Sawantwadi,Dodamarg,MO,8588,Morgaon,30,,,उसप,सावंतवाडी,54.1,08:00,10:00,OPN,,,,
18781,"Usap To Sawantwadi Via Dodamarg",Usap,Sawantwadi,Dodamarg,MO,8558,"Kumbral Fata",32,,,उसप,सावंतवाडी,54.1,08:00,10:00,OPN,,,,
18781,"Usap To Sawantwadi Via Dodamarg",Usap,Sawantwadi,Dodamarg,MO,8502,"Degve High School",33,,,उसप,सावंतवाडी,54.1,08:00,10:00,OPN,,,,
18781,"Usap To Sawantwadi Via Dodamarg",Usap,Sawantwadi,Dodamarg,MO,8503,Degve,33.8,,,उसप,सावंतवाडी,54.1,08:00,10:00,OPN,,,,
18781,"Usap To Sawantwadi Via Dodamarg",Usap,Sawantwadi,Dodamarg,MO,8619,Panval,35,,,उसप,सावंतवाडी,54.1,08:00,10:00,OPN,,,,
18781,"Usap To Sawantwadi Via Dodamarg",Usap,Sawantwadi,Dodamarg,MO,8486,Banda,38,,,उसप,सावंतवाडी,54.1,08:00,10:00,OPN,,,,
18781,"Usap To Sawantwadi Via Dodamarg",Usap,Sawantwadi,Dodamarg,MO,8542,"Khamdev Naka",40,,,उसप,सावंतवाडी,54.1,08:00,10:00,OPN,,,,
18781,"Usap To Sawantwadi Via Dodamarg",Usap,Sawantwadi,Dodamarg,MO,89315,"Exicise Check Post",41,,,उसप,सावंतवाडी,54.1,08:00,10:00,OPN,,,,
18781,"Usap To Sawantwadi Via Dodamarg",Usap,Sawantwadi,Dodamarg,MO,8560,Kondwada,42,,,उसप,सावंतवाडी,54.1,08:00,10:00,OPN,,,,
18781,"Usap To Sawantwadi Via Dodamarg",Usap,Sawantwadi,Dodamarg,MO,8499,"Doba Shel",44,,,उसप,सावंतवाडी,54.1,08:00,10:00,OPN,,,,
18781,"Usap To Sawantwadi Via Dodamarg",Usap,Sawantwadi,Dodamarg,MO,8578,"Majgaon Nala",47,,,उसप,सावंतवाडी,54.1,08:00,10:00,OPN,,,,
18781,"Usap To Sawantwadi Via Dodamarg",Usap,Sawantwadi,Dodamarg,MO,8663,Sawantwadi,51.4,,,उसप,सावंतवाडी,54.1,08:00,10:00,OPN,,,,
11186,"Sawantwadi To Usap Via Dodamarg",Sawantwadi,Usap,Dodamarg,MO,8663,Sawantwadi,,,,सावंतवाडी,उसप,54.1,15:00,17:00,ST,,,,
11186,"Sawantwadi To Usap Via Dodamarg",Sawantwadi,Usap,Dodamarg,MO,8578,"Majgaon Nala",3.2,,,सावंतवाडी,उसप,54.1,15:00,17:00,ST,,,,
11186,"Sawantwadi To Usap Via Dodamarg",Sawantwadi,Usap,Dodamarg,MO,8499,"Doba Shel",6.5,,,सावंतवाडी,उसप,54.1,15:00,17:00,ST,,,,
11186,"Sawantwadi To Usap Via Dodamarg",Sawantwadi,Usap,Dodamarg,MO,8560,Kondwada,8.6,,,सावंतवाडी,उसप,54.1,15:00,17:00,ST,,,,
11186,"Sawantwadi To Usap Via Dodamarg",Sawantwadi,Usap,Dodamarg,MO,89315,"Exicise Check Post",9,,,सावंतवाडी,उसप,54.1,15:00,17:00,ST,,,,
11186,"Sawantwadi To Usap Via Dodamarg",Sawantwadi,Usap,Dodamarg,MO,8542,"Khamdev Naka",11,,,सावंतवाडी,उसप,54.1,15:00,17:00,ST,,,,
11186,"Sawantwadi To Usap Via Dodamarg",Sawantwadi,Usap,Dodamarg,MO,8486,Banda,12.6,,,सावंतवाडी,उसप,54.1,15:00,17:00,ST,,,,
11186,"Sawantwadi To Usap Via Dodamarg",Sawantwadi,Usap,Dodamarg,MO,8619,Panval,15,,,सावंतवाडी,उसप,54.1,15:00,17:00,ST,,,,
11186,"Sawantwadi To Usap Via Dodamarg",Sawantwadi,Usap,Dodamarg,MO,8503,Degve,16.6,,,सावंतवाडी,उसप,54.1,15:00,17:00,ST,,,,
11186,"Sawantwadi To Usap Via Dodamarg",Sawantwadi,Usap,Dodamarg,MO,8502,"Degve High School",17,,,सावंतवाडी,उसप,54.1,15:00,17:00,ST,,,,
11186,"Sawantwadi To Usap Via Dodamarg",Sawantwadi,Usap,Dodamarg,MO,8558,"Kumbral Fata",18,,,सावंतवाडी,उसप,54.1,15:00,17:00,ST,,,,
11186,"Sawantwadi To Usap Via Dodamarg",Sawantwadi,Usap,Dodamarg,MO,8588,Morgaon,19.2,,,सावंतवाडी,उसप,54.1,15:00,17:00,ST,,,,
11186,"Sawantwadi To Usap Via Dodamarg",Sawantwadi,Usap,Dodamarg,MO,8467,"Adali Mauli Mandir",20.9,,,सावंतवाडी,उसप,54.1,15:00,17:00,ST,,,,
11186,"Sawantwadi To Usap Via Dodamarg",Sawantwadi,Usap,Dodamarg,MO,2366,Kosumbwadi,22,,,सावंतवाडी,उसप,54.1,15:00,17:00,ST,,,,
11186,"Sawantwadi To Usap Via Dodamarg",Sawantwadi,Usap,Dodamarg,MO,2363,Kalane,25.1,,,सावंतवाडी,उसप,54.1,15:00,17:00,ST,,,,
11186,"Sawantwadi To Usap Via Dodamarg",Sawantwadi,Usap,Dodamarg,MO,2268,"Kalne High School",26,,,सावंतवाडी,उसप,54.1,15:00,17:00,ST,,,,
11186,"Sawantwadi To Usap Via Dodamarg",Sawantwadi,Usap,Dodamarg,MO,2269,"Kalane Sada",27,,,सावंतवाडी,उसप,54.1,15:00,17:00,ST,,,,
11186,"Sawantwadi To Usap Via Dodamarg",Sawantwadi,Usap,Dodamarg,MO,2316,Sasoli,29.6,,,सावंतवाडी,उसप,54.1,15:00,17:00,ST,,,,
11186,"Sawantwadi To Usap Via Dodamarg",Sawantwadi,Usap,Dodamarg,MO,2315,"Sasoli Bharpal Titha",30.4,,,सावंतवाडी,उसप,54.1,15:00,17:00,ST,,,,
11186,"Sawantwadi To Usap Via Dodamarg",Sawantwadi,Usap,Dodamarg,MO,2255,Hedus,31.2,,,सावंतवाडी,उसप,54.1,15:00,17:00,ST,,,,
11186,"Sawantwadi To Usap Via Dodamarg",Sawantwadi,Usap,Dodamarg,MO,2288,"Maneri Fata",32,,,सावंतवाडी,उसप,54.1,15:00,17:00,ST,,,,
11186,"Sawantwadi To Usap Via Dodamarg",Sawantwadi,Usap,Dodamarg,MO,2290,Maneri,33.2,,,सावंतवाडी,उसप,54.1,15:00,17:00,ST,,,,
11186,"Sawantwadi To Usap Via Dodamarg",Sawantwadi,Usap,Dodamarg,MO,2247,Dodamarg,36.9,,,सावंतवाडी,उसप,54.1,15:00,17:00,ST,,,,
11186,"Sawantwadi To Usap Via Dodamarg",Sawantwadi,Usap,Dodamarg,MO,2229,Ambeli,39.6,,,सावंतवाडी,उसप,54.1,15:00,17:00,ST,,,,
11186,"Sawantwadi To Usap Via Dodamarg",Sawantwadi,Usap,Dodamarg,MO,2304,"Pal Punarvasan",40,,,सावंतवाडी,उसप,54.1,15:00,17:00,ST,,,,
11186,"Sawantwadi To Usap Via Dodamarg",Sawantwadi,Usap,Dodamarg,MO,2344,"Zare Bambar",42.3,,,सावंतवाडी,उसप,54.1,15:00,17:00,ST,,,,
11186,"Sawantwadi To Usap Via Dodamarg",Sawantwadi,Usap,Dodamarg,MO,2231,"Ainode Punarvasan",42.9,,,सावंतवाडी,उसप,54.1,15:00,17:00,ST,,,,
11186,"Sawantwadi To Usap Via Dodamarg",Sawantwadi,Usap,Dodamarg,MO,2338,Vimantal,43.3,,,सावंतवाडी,उसप,54.1,15:00,17:00,ST,,,,
11186,"Sawantwadi To Usap Via Dodamarg",Sawantwadi,Usap,Dodamarg,MO,2335,"Usap Titta",45,,,सावंतवाडी,उसप,54.1,15:00,17:00,ST,,,,
11186,"Sawantwadi To Usap Via Dodamarg",Sawantwadi,Usap,Dodamarg,MO,2265,"Kajulwadi Titha",46.8,,,सावंतवाडी,उसप,54.1,15:00,17:00,ST,,,,
11186,"Sawantwadi To Usap Via Dodamarg",Sawantwadi,Usap,Dodamarg,MO,2300,"Pikule Usap Titha",47.7,,,सावंतवाडी,उसप,54.1,15:00,17:00,ST,,,,
11186,"Sawantwadi To Usap Via Dodamarg",Sawantwadi,Usap,Dodamarg,MO,2266,"Khokral Titha",48.9,,,सावंतवाडी,उसप,54.1,15:00,17:00,ST,,,,
11186,"Sawantwadi To Usap Via Dodamarg",Sawantwadi,Usap,Dodamarg,MO,2334,Usap,51.4,,,सावंतवाडी,उसप,54.1,15:00,17:00,ST,,,,
117648,"Sawantwadi To Phanaswadi Via Dodamarg",Sawantwadi,Phanaswadi,Dodamarg,MO,8663,Sawantwadi,,,,सावंतवाडी,फणसवाडी,65.9,11:00,01:33,NOBL,,,,
117648,"Sawantwadi To Phanaswadi Via Dodamarg",Sawantwadi,Phanaswadi,Dodamarg,MO,8578,"Majgaon Nala",3.2,,,सावंतवाडी,फणसवाडी,65.9,11:00,01:33,NOBL,,,,
117648,"Sawantwadi To Phanaswadi Via Dodamarg",Sawantwadi,Phanaswadi,Dodamarg,MO,8499,"Doba Shel",6.5,,,सावंतवाडी,फणसवाडी,65.9,11:00,01:33,NOBL,,,,
117648,"Sawantwadi To Phanaswadi Via Dodamarg",Sawantwadi,Phanaswadi,Dodamarg,MO,8560,Kondwada,8.6,,,सावंतवाडी,फणसवाडी,65.9,11:00,01:33,NOBL,,,,
117648,"Sawantwadi To Phanaswadi Via Dodamarg",Sawantwadi,Phanaswadi,Dodamarg,MO,89315,"Exicise Check Post",9,,,सावंतवाडी,फणसवाडी,65.9,11:00,01:33,NOBL,,,,
117648,"Sawantwadi To Phanaswadi Via Dodamarg",Sawantwadi,Phanaswadi,Dodamarg,MO,8542,"Khamdev Naka",11,,,सावंतवाडी,फणसवाडी,65.9,11:00,01:33,NOBL,,,,
117648,"Sawantwadi To Phanaswadi Via Dodamarg",Sawantwadi,Phanaswadi,Dodamarg,MO,8486,Banda,12.6,,,सावंतवाडी,फणसवाडी,65.9,11:00,01:33,NOBL,,,,
117648,"Sawantwadi To Phanaswadi Via Dodamarg",Sawantwadi,Phanaswadi,Dodamarg,MO,8619,Panval,15,,,सावंतवाडी,फणसवाडी,65.9,11:00,01:33,NOBL,,,,
117648,"Sawantwadi To Phanaswadi Via Dodamarg",Sawantwadi,Phanaswadi,Dodamarg,MO,8503,Degve,16.6,,,सावंतवाडी,फणसवाडी,65.9,11:00,01:33,NOBL,,,,
117648,"Sawantwadi To Phanaswadi Via Dodamarg",Sawantwadi,Phanaswadi,Dodamarg,MO,8502,"Degve High School",17,,,सावंतवाडी,फणसवाडी,65.9,11:00,01:33,NOBL,,,,
117648,"Sawantwadi To Phanaswadi Via Dodamarg",Sawantwadi,Phanaswadi,Dodamarg,MO,8558,"Kumbral Fata",18,,,सावंतवाडी,फणसवाडी,65.9,11:00,01:33,NOBL,,,,
117648,"Sawantwadi To Phanaswadi Via Dodamarg",Sawantwadi,Phanaswadi,Dodamarg,MO,8588,Morgaon,19.2,,,सावंतवाडी,फणसवाडी,65.9,11:00,01:33,NOBL,,,,
117648,"Sawantwadi To Phanaswadi Via Dodamarg",Sawantwadi,Phanaswadi,Dodamarg,MO,8467,"Adali Mauli Mandir",20.9,,,सावंतवाडी,फणसवाडी,65.9,11:00,01:33,NOBL,,,,
117648,"Sawantwadi To Phanaswadi Via Dodamarg",Sawantwadi,Phanaswadi,Dodamarg,MO,2366,Kosumbwadi,22,,,सावंतवाडी,फणसवाडी,65.9,11:00,01:33,NOBL,,,,
117648,"Sawantwadi To Phanaswadi Via Dodamarg",Sawantwadi,Phanaswadi,Dodamarg,MO,2363,Kalane,25.1,,,सावंतवाडी,फणसवाडी,65.9,11:00,01:33,NOBL,,,,
117648,"Sawantwadi To Phanaswadi Via Dodamarg",Sawantwadi,Phanaswadi,Dodamarg,MO,2268,"Kalne High School",26,,,सावंतवाडी,फणसवाडी,65.9,11:00,01:33,NOBL,,,,
117648,"Sawantwadi To Phanaswadi Via Dodamarg",Sawantwadi,Phanaswadi,Dodamarg,MO,2269,"Kalane Sada",27,,,सावंतवाडी,फणसवाडी,65.9,11:00,01:33,NOBL,,,,
117648,"Sawantwadi To Phanaswadi Via Dodamarg",Sawantwadi,Phanaswadi,Dodamarg,MO,2316,Sasoli,29.6,,,सावंतवाडी,फणसवाडी,65.9,11:00,01:33,NOBL,,,,
117648,"Sawantwadi To Phanaswadi Via Dodamarg",Sawantwadi,Phanaswadi,Dodamarg,MO,2315,"Sasoli Bharpal Titha",30.4,,,सावंतवाडी,फणसवाडी,65.9,11:00,01:33,NOBL,,,,
117648,"Sawantwadi To Phanaswadi Via Dodamarg",Sawantwadi,Phanaswadi,Dodamarg,MO,2255,Hedus,31.2,,,सावंतवाडी,फणसवाडी,65.9,11:00,01:33,NOBL,,,,
117648,"Sawantwadi To Phanaswadi Via Dodamarg",Sawantwadi,Phanaswadi,Dodamarg,MO,2288,"Maneri Fata",32,,,सावंतवाडी,फणसवाडी,65.9,11:00,01:33,NOBL,,,,
117648,"Sawantwadi To Phanaswadi Via Dodamarg",Sawantwadi,Phanaswadi,Dodamarg,MO,2290,Maneri,33.2,,,सावंतवाडी,फणसवाडी,65.9,11:00,01:33,NOBL,,,,
117648,"Sawantwadi To Phanaswadi Via Dodamarg",Sawantwadi,Phanaswadi,Dodamarg,MO,2247,Dodamarg,36.9,,,सावंतवाडी,फणसवाडी,65.9,11:00,01:33,NOBL,,,,
117648,"Sawantwadi To Phanaswadi Via Dodamarg",Sawantwadi,Phanaswadi,Dodamarg,MO,2229,Ambeli,39.6,,,सावंतवाडी,फणसवाडी,65.9,11:00,01:33,NOBL,,,,
117648,"Sawantwadi To Phanaswadi Via Dodamarg",Sawantwadi,Phanaswadi,Dodamarg,MO,2304,"Pal Punarvasan",40,,,सावंतवाडी,फणसवाडी,65.9,11:00,01:33,NOBL,,,,
117648,"Sawantwadi To Phanaswadi Via Dodamarg",Sawantwadi,Phanaswadi,Dodamarg,MO,2344,"Zare Bambar",42.3,,,सावंतवाडी,फणसवाडी,65.9,11:00,01:33,NOBL,,,,
117648,"Sawantwadi To Phanaswadi Via Dodamarg",Sawantwadi,Phanaswadi,Dodamarg,MO,2231,"Ainode Punarvasan",42.9,,,सावंतवाडी,फणसवाडी,65.9,11:00,01:33,NOBL,,,,
117648,"Sawantwadi To Phanaswadi Via Dodamarg",Sawantwadi,Phanaswadi,Dodamarg,MO,2338,Vimantal,43.3,,,सावंतवाडी,फणसवाडी,65.9,11:00,01:33,NOBL,,,,
117648,"Sawantwadi To Phanaswadi Via Dodamarg",Sawantwadi,Phanaswadi,Dodamarg,MO,2335,"Usap Titta",45,,,सावंतवाडी,फणसवाडी,65.9,11:00,01:33,NOBL,,,,
117648,"Sawantwadi To Phanaswadi Via Dodamarg",Sawantwadi,Phanaswadi,Dodamarg,MO,2236,"Bhedshi Nadi",45.1,,,सावंतवाडी,फणसवाडी,65.9,11:00,01:33,NOBL,,,,
117648,"Sawantwadi To Phanaswadi Via Dodamarg",Sawantwadi,Phanaswadi,Dodamarg,MO,2318,"Sateli Bhedashi",46,,,सावंतवाडी,फणसवाडी,65.9,11:00,01:33,NOBL,,,,
117648,"Sawantwadi To Phanaswadi Via Dodamarg",Sawantwadi,Phanaswadi,Dodamarg,MO,2239,Bhedshi,46.5,,,सावंतवाडी,फणसवाडी,65.9,11:00,01:33,NOBL,,,,
117648,"Sawantwadi To Phanaswadi Via Dodamarg",Sawantwadi,Phanaswadi,Dodamarg,MO,2267,Kalva,48,,,सावंतवाडी,फणसवाडी,65.9,11:00,01:33,NOBL,,,,
117648,"Sawantwadi To Phanaswadi Via Dodamarg",Sawantwadi,Phanaswadi,Dodamarg,MO,2235,Bodade,49,,,सावंतवाडी,फणसवाडी,65.9,11:00,01:33,NOBL,,,,
117648,"Sawantwadi To Phanaswadi Via Dodamarg",Sawantwadi,Phanaswadi,Dodamarg,MO,2277,Khokral,51,,,सावंतवाडी,फणसवाडी,65.9,11:00,01:33,NOBL,,,,
117648,"Sawantwadi To Phanaswadi Via Dodamarg",Sawantwadi,Phanaswadi,Dodamarg,MO,2326,"Talwewadi Fata",54,,,सावंतवाडी,फणसवाडी,65.9,11:00,01:33,NOBL,,,,
117648,"Sawantwadi To Phanaswadi Via Dodamarg",Sawantwadi,Phanaswadi,Dodamarg,MO,2242,Bokarwadi,59,,,सावंतवाडी,फणसवाडी,65.9,11:00,01:33,NOBL,,,,
117648,"Sawantwadi To Phanaswadi Via Dodamarg",Sawantwadi,Phanaswadi,Dodamarg,MO,2330,"Talewadi Wad",60.5,,,सावंतवाडी,फणसवाडी,65.9,11:00,01:33,NOBL,,,,
117648,"Sawantwadi To Phanaswadi Via Dodamarg",Sawantwadi,Phanaswadi,Dodamarg,MO,2299,Phanaswadi,65.9,,,सावंतवाडी,फणसवाडी,65.9,11:00,01:33,NOBL,,,,
10793,"Dodamarg To Phanaswadi Via Khokaral",Dodamarg,Phanaswadi,KHOKRAL,MO,2247,Dodamarg,,,,दोडामार्ग,फणसवाडी,29,08:00,09:10,NOBL,,,,
10793,"Dodamarg To Phanaswadi Via Khokaral",Dodamarg,Phanaswadi,KHOKRAL,MO,2229,Ambeli,3,,,दोडामार्ग,फणसवाडी,29,08:00,09:10,NOBL,,,,
10793,"Dodamarg To Phanaswadi Via Khokaral",Dodamarg,Phanaswadi,KHOKRAL,MO,2304,"Pal Punarvasan",4,,,दोडामार्ग,फणसवाडी,29,08:00,09:10,NOBL,,,,
10793,"Dodamarg To Phanaswadi Via Khokaral",Dodamarg,Phanaswadi,KHOKRAL,MO,2344,"Zare Bambar",6,,,दोडामार्ग,फणसवाडी,29,08:00,09:10,NOBL,,,,
10793,"Dodamarg To Phanaswadi Via Khokaral",Dodamarg,Phanaswadi,KHOKRAL,MO,2231,"Ainode Punarvasan",6.5,,,दोडामार्ग,फणसवाडी,29,08:00,09:10,NOBL,,,,
10793,"Dodamarg To Phanaswadi Via Khokaral",Dodamarg,Phanaswadi,KHOKRAL,MO,2338,Vimantal,7,,,दोडामार्ग,फणसवाडी,29,08:00,09:10,NOBL,,,,
10793,"Dodamarg To Phanaswadi Via Khokaral",Dodamarg,Phanaswadi,KHOKRAL,MO,2335,"Usap Titta",8,,,दोडामार्ग,फणसवाडी,29,08:00,09:10,NOBL,,,,
10793,"Dodamarg To Phanaswadi Via Khokaral",Dodamarg,Phanaswadi,KHOKRAL,MO,2236,"Bhedshi Nadi",9,,,दोडामार्ग,फणसवाडी,29,08:00,09:10,NOBL,,,,
10793,"Dodamarg To Phanaswadi Via Khokaral",Dodamarg,Phanaswadi,KHOKRAL,MO,2318,"Sateli Bhedashi",9.5,,,दोडामार्ग,फणसवाडी,29,08:00,09:10,NOBL,,,,
10793,"Dodamarg To Phanaswadi Via Khokaral",Dodamarg,Phanaswadi,KHOKRAL,MO,2239,Bhedshi,10,,,दोडामार्ग,फणसवाडी,29,08:00,09:10,NOBL,,,,
10793,"Dodamarg To Phanaswadi Via Khokaral",Dodamarg,Phanaswadi,KHOKRAL,MO,2267,Kalva,12,,,दोडामार्ग,फणसवाडी,29,08:00,09:10,NOBL,,,,
10793,"Dodamarg To Phanaswadi Via Khokaral",Dodamarg,Phanaswadi,KHOKRAL,MO,2235,Bodade,13,,,दोडामार्ग,फणसवाडी,29,08:00,09:10,NOBL,,,,
10793,"Dodamarg To Phanaswadi Via Khokaral",Dodamarg,Phanaswadi,KHOKRAL,MO,2277,Khokral,15,,,दोडामार्ग,फणसवाडी,29,08:00,09:10,NOBL,,,,
10793,"Dodamarg To Phanaswadi Via Khokaral",Dodamarg,Phanaswadi,KHOKRAL,MO,2326,"Talwewadi Fata",18,,,दोडामार्ग,फणसवाडी,29,08:00,09:10,NOBL,,,,
10793,"Dodamarg To Phanaswadi Via Khokaral",Dodamarg,Phanaswadi,KHOKRAL,MO,2242,Bokarwadi,21,,,दोडामार्ग,फणसवाडी,29,08:00,09:10,NOBL,,,,
10793,"Dodamarg To Phanaswadi Via Khokaral",Dodamarg,Phanaswadi,KHOKRAL,MO,2330,"Talewadi Wad",25,,,दोडामार्ग,फणसवाडी,29,08:00,09:10,NOBL,,,,
10793,"Dodamarg To Phanaswadi Via Khokaral",Dodamarg,Phanaswadi,KHOKRAL,MO,2299,Phanaswadi,29,,,दोडामार्ग,फणसवाडी,29,08:00,09:10,NOBL,,,,
60668,"Phanaswadi To  Dodamarg Via Zharebambar",Phanaswadi,Dodamarg,"ZARE BAMBAR",MO,2299,Phanaswadi,,,,फणसवाडी,दोडामार्ग,29,09:10,10:10,NOBL,,,,
60668,"Phanaswadi To  Dodamarg Via Zharebambar",Phanaswadi,Dodamarg,"ZARE BAMBAR",MO,2256,Harijanwada,1.3,,,फणसवाडी,दोडामार्ग,29,09:10,10:10,NOBL,,,,
60668,"Phanaswadi To  Dodamarg Via Zharebambar",Phanaswadi,Dodamarg,"ZARE BAMBAR",MO,2330,"Talewadi Wad",3,,,फणसवाडी,दोडामार्ग,29,09:10,10:10,NOBL,,,,
60668,"Phanaswadi To  Dodamarg Via Zharebambar",Phanaswadi,Dodamarg,"ZARE BAMBAR",MO,2242,Bokarwadi,6,,,फणसवाडी,दोडामार्ग,29,09:10,10:10,NOBL,,,,
60668,"Phanaswadi To  Dodamarg Via Zharebambar",Phanaswadi,Dodamarg,"ZARE BAMBAR",MO,2326,"Talwewadi Fata",12,,,फणसवाडी,दोडामार्ग,29,09:10,10:10,NOBL,,,,
60668,"Phanaswadi To  Dodamarg Via Zharebambar",Phanaswadi,Dodamarg,"ZARE BAMBAR",MO,2277,Khokral,15,,,फणसवाडी,दोडामार्ग,29,09:10,10:10,NOBL,,,,
60668,"Phanaswadi To  Dodamarg Via Zharebambar",Phanaswadi,Dodamarg,"ZARE BAMBAR",MO,2235,Bodade,16,,,फणसवाडी,दोडामार्ग,29,09:10,10:10,NOBL,,,,
60668,"Phanaswadi To  Dodamarg Via Zharebambar",Phanaswadi,Dodamarg,"ZARE BAMBAR",MO,2267,Kalva,18,,,फणसवाडी,दोडामार्ग,29,09:10,10:10,NOBL,,,,
60668,"Phanaswadi To  Dodamarg Via Zharebambar",Phanaswadi,Dodamarg,"ZARE BAMBAR",MO,2318,"Sateli Bhedashi",19,,,फणसवाडी,दोडामार्ग,29,09:10,10:10,NOBL,,,,
60668,"Phanaswadi To  Dodamarg Via Zharebambar",Phanaswadi,Dodamarg,"ZARE BAMBAR",MO,2239,Bhedshi,20,,,फणसवाडी,दोडामार्ग,29,09:10,10:10,NOBL,,,,
60668,"Phanaswadi To  Dodamarg Via Zharebambar",Phanaswadi,Dodamarg,"ZARE BAMBAR",MO,2236,"Bhedshi Nadi",20.5,,,फणसवाडी,दोडामार्ग,29,09:10,10:10,NOBL,,,,
60668,"Phanaswadi To  Dodamarg Via Zharebambar",Phanaswadi,Dodamarg,"ZARE BAMBAR",MO,2335,"Usap Titta",21,,,फणसवाडी,दोडामार्ग,29,09:10,10:10,NOBL,,,,
60668,"Phanaswadi To  Dodamarg Via Zharebambar",Phanaswadi,Dodamarg,"ZARE BAMBAR",MO,2338,Vimantal,22,,,फणसवाडी,दोडामार्ग,29,09:10,10:10,NOBL,,,,
60668,"Phanaswadi To  Dodamarg Via Zharebambar",Phanaswadi,Dodamarg,"ZARE BAMBAR",MO,2231,"Ainode Punarvasan",22.5,,,फणसवाडी,दोडामार्ग,29,09:10,10:10,NOBL,,,,
60668,"Phanaswadi To  Dodamarg Via Zharebambar",Phanaswadi,Dodamarg,"ZARE BAMBAR",MO,2344,"Zare Bambar",23,,,फणसवाडी,दोडामार्ग,29,09:10,10:10,NOBL,,,,
60668,"Phanaswadi To  Dodamarg Via Zharebambar",Phanaswadi,Dodamarg,"ZARE BAMBAR",MO,2304,"Pal Punarvasan",24,,,फणसवाडी,दोडामार्ग,29,09:10,10:10,NOBL,,,,
60668,"Phanaswadi To  Dodamarg Via Zharebambar",Phanaswadi,Dodamarg,"ZARE BAMBAR",MO,2229,Ambeli,26,,,फणसवाडी,दोडामार्ग,29,09:10,10:10,NOBL,,,,
60668,"Phanaswadi To  Dodamarg Via Zharebambar",Phanaswadi,Dodamarg,"ZARE BAMBAR",MO,2247,Dodamarg,29,,,फणसवाडी,दोडामार्ग,29,09:10,10:10,NOBL,,,,
11100,"Rahataghar Ratnagiri To Panajim Via Patradevi",Rahataghar,Panjim,PATRADEVI,MO,16548,Rahataghar,,,,रत्नागिरी,,184.8,05:30,10:00,NOBL,,,"Limited Stops upto Swd",
11100,"Rahataghar Ratnagiri To Panajim Via Patradevi",Rahataghar,Panjim,PATRADEVI,MO,16599,Ratnagiri,2,,,रत्नागिरी,,184.8,05:30,10:00,NOBL,,,"Limited Stops upto Swd",
11100,"Rahataghar Ratnagiri To Panajim Via Patradevi",Rahataghar,Panjim,PATRADEVI,MO,16663,Shivajinagar,5.8,,,रत्नागिरी,,184.8,05:30,10:00,NOBL,,,"Limited Stops upto Swd",
11100,"Rahataghar Ratnagiri To Panajim Via Patradevi",Rahataghar,Panjim,PATRADEVI,MO,16108,Kuravbao,9.4,,,रत्नागिरी,,184.8,05:30,10:00,NOBL,,,"Limited Stops upto Swd",
11100,"Rahataghar Ratnagiri To Panajim Via Patradevi",Rahataghar,Panjim,PATRADEVI,MO,15979,"Khedshi Fata",12.4,,,रत्नागिरी,,184.8,05:30,10:00,NOBL,,,"Limited Stops upto Swd",
11100,"Rahataghar Ratnagiri To Panajim Via Patradevi",Rahataghar,Panjim,PATRADEVI,MO,16466,"Panval Fata",14.4,,,रत्नागिरी,,184.8,05:30,10:00,NOBL,,,"Limited Stops upto Swd",
11100,"Rahataghar Ratnagiri To Panajim Via Patradevi",Rahataghar,Panjim,PATRADEVI,MO,15851,Hatkhamba,15.8,,,रत्नागिरी,,184.8,05:30,10:00,NOBL,,,"Limited Stops upto Swd",
11100,"Rahataghar Ratnagiri To Panajim Via Patradevi",Rahataghar,Panjim,PATRADEVI,MO,15833,"Hatakhamba Gaon",17.4,,,रत्नागिरी,,184.8,05:30,10:00,NOBL,,,"Limited Stops upto Swd",
11100,"Rahataghar Ratnagiri To Panajim Via Patradevi",Rahataghar,Panjim,PATRADEVI,MO,16631,"Sheti Farm",21,,,रत्नागिरी,,184.8,05:30,10:00,NOBL,,,"Limited Stops upto Swd",
11100,"Rahataghar Ratnagiri To Panajim Via Patradevi",Rahataghar,Panjim,PATRADEVI,MO,15482,"Bsnl Tower",21.2,,,रत्नागिरी,,184.8,05:30,10:00,NOBL,,,"Limited Stops upto Swd",
11100,"Rahataghar Ratnagiri To Panajim Via Patradevi",Rahataghar,Panjim,PATRADEVI,MO,15559,Charveli,21.8,,,रत्नागिरी,,184.8,05:30,10:00,NOBL,,,"Limited Stops upto Swd",
11100,"Rahataghar Ratnagiri To Panajim Via Patradevi",Rahataghar,Panjim,PATRADEVI,MO,15946,Kapadagaon,21.9,,,रत्नागिरी,,184.8,05:30,10:00,NOBL,,,"Limited Stops upto Swd",
11100,"Rahataghar Ratnagiri To Panajim Via Patradevi",Rahataghar,Panjim,PATRADEVI,MO,16416,Pali,27,,,रत्नागिरी,,184.8,05:30,10:00,NOBL,,,"Limited Stops upto Swd",
11100,"Rahataghar Ratnagiri To Panajim Via Patradevi",Rahataghar,Panjim,PATRADEVI,MO,15998,Khanu,28.8,,,रत्नागिरी,,184.8,05:30,10:00,NOBL,,,"Limited Stops upto Swd",
11100,"Rahataghar Ratnagiri To Panajim Via Patradevi",Rahataghar,Panjim,PATRADEVI,MO,13297,Math,31.2,,,रत्नागिरी,,184.8,05:30,10:00,NOBL,,,"Limited Stops upto Swd",
11100,"Rahataghar Ratnagiri To Panajim Via Patradevi",Rahataghar,Panjim,PATRADEVI,MO,12889,"Anjanari Bridge",34.7,,,रत्नागिरी,,184.8,05:30,10:00,NOBL,,,"Limited Stops upto Swd",
11100,"Rahataghar Ratnagiri To Panajim Via Patradevi",Rahataghar,Panjim,PATRADEVI,MO,13593,"Veral Vinanti Thamba",37.2,,,रत्नागिरी,,184.8,05:30,10:00,NOBL,,,"Limited Stops upto Swd",
11100,"Rahataghar Ratnagiri To Panajim Via Patradevi",Rahataghar,Panjim,PATRADEVI,MO,13573,Veral,37.3,,,रत्नागिरी,,184.8,05:30,10:00,NOBL,,,"Limited Stops upto Swd",
11100,"Rahataghar Ratnagiri To Panajim Via Patradevi",Rahataghar,Panjim,PATRADEVI,MO,13011,"Devle Hed Pavas Fata",39.6,,,रत्नागिरी,,184.8,05:30,10:00,NOBL,,,"Limited Stops upto Swd",
11100,"Rahataghar Ratnagiri To Panajim Via Patradevi",Rahataghar,Panjim,PATRADEVI,MO,13277,"Lanja Agri. Farm",41.3,,,रत्नागिरी,,184.8,05:30,10:00,NOBL,,,"Limited Stops upto Swd",
11100,"Rahataghar Ratnagiri To Panajim Via Patradevi",Rahataghar,Panjim,PATRADEVI,MO,13276,"Lanja Poultry Farm",43.3,,,रत्नागिरी,,184.8,05:30,10:00,NOBL,,,"Limited Stops upto Swd",
11100,"Rahataghar Ratnagiri To Panajim Via Patradevi",Rahataghar,Panjim,PATRADEVI,MO,13286,Lanja,45.1,,,रत्नागिरी,,184.8,05:30,10:00,NOBL,,,"Limited Stops upto Swd",
11100,"Rahataghar Ratnagiri To Panajim Via Patradevi",Rahataghar,Panjim,PATRADEVI,MO,13274,"Kuwa Village",49.7,,,रत्नागिरी,,184.8,05:30,10:00,NOBL,,,"Limited Stops upto Swd",
11100,"Rahataghar Ratnagiri To Panajim Via Patradevi",Rahataghar,Panjim,PATRADEVI,MO,13279,"Laxmi Bag Waked",55.2,,,रत्नागिरी,,184.8,05:30,10:00,NOBL,,,"Limited Stops upto Swd",
11100,"Rahataghar Ratnagiri To Panajim Via Patradevi",Rahataghar,Panjim,PATRADEVI,MO,15286,"Vatul Titha",58.2,,,रत्नागिरी,,184.8,05:30,10:00,NOBL,,,"Limited Stops upto Swd",
11100,"Rahataghar Ratnagiri To Panajim Via Patradevi",Rahataghar,Panjim,PATRADEVI,MO,89331,Oni,59,,,रत्नागिरी,,184.8,05:30,10:00,NOBL,,,"Limited Stops upto Swd",
11100,"Rahataghar Ratnagiri To Panajim Via Patradevi",Rahataghar,Panjim,PATRADEVI,MO,15159,"Shivane Fata",63.3,,,रत्नागिरी,,184.8,05:30,10:00,NOBL,,,"Limited Stops upto Swd",
11100,"Rahataghar Ratnagiri To Panajim Via Patradevi",Rahataghar,Panjim,PATRADEVI,MO,14719,"Kharavate Fata",67.3,,,रत्नागिरी,,184.8,05:30,10:00,NOBL,,,"Limited Stops upto Swd",
11100,"Rahataghar Ratnagiri To Panajim Via Patradevi",Rahataghar,Panjim,PATRADEVI,MO,14574,"Kharavate Village/Sorap Shop",68.2,,,रत्नागिरी,,184.8,05:30,10:00,NOBL,,,"Limited Stops upto Swd",
11100,"Rahataghar Ratnagiri To Panajim Via Patradevi",Rahataghar,Panjim,PATRADEVI,MO,14846,"Nerke Pickup Shed",69,,,रत्नागिरी,,184.8,05:30,10:00,NOBL,,,"Limited Stops upto Swd",
11100,"Rahataghar Ratnagiri To Panajim Via Patradevi",Rahataghar,Panjim,PATRADEVI,MO,14615,"Kodavali School",70.6,,,रत्नागिरी,,184.8,05:30,10:00,NOBL,,,"Limited Stops upto Swd",
11100,"Rahataghar Ratnagiri To Panajim Via Patradevi",Rahataghar,Panjim,PATRADEVI,MO,14735,"Musakazi Fata",73.7,,,रत्नागिरी,,184.8,05:30,10:00,NOBL,,,"Limited Stops upto Swd",
11100,"Rahataghar Ratnagiri To Panajim Via Patradevi",Rahataghar,Panjim,PATRADEVI,MO,15006,Rajapur,74.3,,,रत्नागिरी,,184.8,05:30,10:00,NOBL,,,"Limited Stops upto Swd",
11100,"Rahataghar Ratnagiri To Panajim Via Patradevi",Rahataghar,Panjim,PATRADEVI,MO,14473,"Ganga Tirtha Fata",78.1,,,रत्नागिरी,,184.8,05:30,10:00,NOBL,,,"Limited Stops upto Swd",
11100,"Rahataghar Ratnagiri To Panajim Via Patradevi",Rahataghar,Panjim,PATRADEVI,MO,14521,"Hativale Jaitapur Fata",82.7,,,रत्नागिरी,,184.8,05:30,10:00,NOBL,,,"Limited Stops upto Swd",
11100,"Rahataghar Ratnagiri To Panajim Via Patradevi",Rahataghar,Panjim,PATRADEVI,MO,14609,Kodiye,86.2,,,रत्नागिरी,,184.8,05:30,10:00,NOBL,,,"Limited Stops upto Swd",
11100,"Rahataghar Ratnagiri To Panajim Via Patradevi",Rahataghar,Panjim,PATRADEVI,MO,14879,Panhale,89.2,,,रत्नागिरी,,184.8,05:30,10:00,NOBL,,,"Limited Stops upto Swd",
11100,"Rahataghar Ratnagiri To Panajim Via Patradevi",Rahataghar,Panjim,PATRADEVI,MO,15236,"Takewadi School",91.6,,,रत्नागिरी,,184.8,05:30,10:00,NOBL,,,"Limited Stops upto Swd",
11100,"Rahataghar Ratnagiri To Panajim Via Patradevi",Rahataghar,Panjim,PATRADEVI,MO,2812,Kharepatan,94.7,,,रत्नागिरी,,184.8,05:30,10:00,NOBL,,,"Limited Stops upto Swd",
11100,"Rahataghar Ratnagiri To Panajim Via Patradevi",Rahataghar,Panjim,PATRADEVI,MO,2861,"Mutat Fata",95.7,,,रत्नागिरी,,184.8,05:30,10:00,NOBL,,,"Limited Stops upto Swd",
11100,"Rahataghar Ratnagiri To Panajim Via Patradevi",Rahataghar,Panjim,PATRADEVI,MO,2863,Nadgive,98,,,रत्नागिरी,,184.8,05:30,10:00,NOBL,,,"Limited Stops upto Swd",
11100,"Rahataghar Ratnagiri To Panajim Via Patradevi",Rahataghar,Panjim,PATRADEVI,MO,2648,Bambarwadi,100,,,रत्नागिरी,,184.8,05:30,10:00,NOBL,,,"Limited Stops upto Swd",
11100,"Rahataghar Ratnagiri To Panajim Via Patradevi",Rahataghar,Panjim,PATRADEVI,MO,2844,"Mail Stone",100.1,,,रत्नागिरी,,184.8,05:30,10:00,NOBL,,,"Limited Stops upto Swd",
11100,"Rahataghar Ratnagiri To Panajim Via Patradevi",Rahataghar,Panjim,PATRADEVI,MO,3010,Wargaon,101.2,,,रत्नागिरी,,184.8,05:30,10:00,NOBL,,,"Limited Stops upto Swd",
11100,"Rahataghar Ratnagiri To Panajim Via Patradevi",Rahataghar,Panjim,PATRADEVI,MO,2942,"Saliste Boudhawadi",103,,,रत्नागिरी,,184.8,05:30,10:00,NOBL,,,"Limited Stops upto Swd",
11100,"Rahataghar Ratnagiri To Panajim Via Patradevi",Rahataghar,Panjim,PATRADEVI,MO,2941,Saliste,103.9,,,रत्नागिरी,,184.8,05:30,10:00,NOBL,,,"Limited Stops upto Swd",
11100,"Rahataghar Ratnagiri To Panajim Via Patradevi",Rahataghar,Panjim,PATRADEVI,MO,2844,"Mail Stone",107,,,रत्नागिरी,,184.8,05:30,10:00,NOBL,,,"Limited Stops upto Swd",
11100,"Rahataghar Ratnagiri To Panajim Via Patradevi",Rahataghar,Panjim,PATRADEVI,MO,2982,Tarla,108.8,,,रत्नागिरी,,184.8,05:30,10:00,NOBL,,,"Limited Stops upto Swd",
11100,"Rahataghar Ratnagiri To Panajim Via Patradevi",Rahataghar,Panjim,PATRADEVI,MO,2997,"Vijaydurg Fata",109.6,,,रत्नागिरी,,184.8,05:30,10:00,NOBL,,,"Limited Stops upto Swd",
11100,"Rahataghar Ratnagiri To Panajim Via Patradevi",Rahataghar,Panjim,PATRADEVI,MO,2673,"Bramhan Wadi",111.8,,,रत्नागिरी,,184.8,05:30,10:00,NOBL,,,"Limited Stops upto Swd",
11100,"Rahataghar Ratnagiri To Panajim Via Patradevi",Rahataghar,Panjim,PATRADEVI,MO,2872,"Nandgaon Nursary",115.6,,,रत्नागिरी,,184.8,05:30,10:00,NOBL,,,"Limited Stops upto Swd",
11100,"Rahataghar Ratnagiri To Panajim Via Patradevi",Rahataghar,Panjim,PATRADEVI,MO,2871,"Nandgaon Fata",116,,,रत्नागिरी,,184.8,05:30,10:00,NOBL,,,"Limited Stops upto Swd",
11100,"Rahataghar Ratnagiri To Panajim Via Patradevi",Rahataghar,Panjim,PATRADEVI,MO,2870,"Nandgaon Datta Mandir",119.1,,,रत्नागिरी,,184.8,05:30,10:00,NOBL,,,"Limited Stops upto Swd",
11100,"Rahataghar Ratnagiri To Panajim Via Patradevi",Rahataghar,Panjim,PATRADEVI,MO,2655,Belane,121.5,,,रत्नागिरी,,184.8,05:30,10:00,NOBL,,,"Limited Stops upto Swd",
11100,"Rahataghar Ratnagiri To Panajim Via Patradevi",Rahataghar,Panjim,PATRADEVI,MO,2756,"Humrat Titha",123.7,,,रत्नागिरी,,184.8,05:30,10:00,NOBL,,,"Limited Stops upto Swd",
11100,"Rahataghar Ratnagiri To Panajim Via Patradevi",Rahataghar,Panjim,PATRADEVI,MO,2768,"Janavali Gavthanwadi",128,,,रत्नागिरी,,184.8,05:30,10:00,NOBL,,,"Limited Stops upto Swd",
11100,"Rahataghar Ratnagiri To Panajim Via Patradevi",Rahataghar,Panjim,PATRADEVI,MO,2786,Kankavli,131.8,,,रत्नागिरी,,184.8,05:30,10:00,NOBL,,,"Limited Stops upto Swd",
11100,"Rahataghar Ratnagiri To Panajim Via Patradevi",Rahataghar,Panjim,PATRADEVI,MO,3001,"Wagade Gpo",137,,,रत्नागिरी,,184.8,05:30,10:00,NOBL,,,"Limited Stops upto Swd",
11100,"Rahataghar Ratnagiri To Panajim Via Patradevi",Rahataghar,Panjim,PATRADEVI,MO,2692,Dangalwadi,137.9,,,रत्नागिरी,,184.8,05:30,10:00,NOBL,,,"Limited Stops upto Swd",
11100,"Rahataghar Ratnagiri To Panajim Via Patradevi",Rahataghar,Panjim,PATRADEVI,MO,2891,"Osargaon Talav",139,,,रत्नागिरी,,184.8,05:30,10:00,NOBL,,,"Limited Stops upto Swd",
11100,"Rahataghar Ratnagiri To Panajim Via Patradevi",Rahataghar,Panjim,PATRADEVI,MO,2890,"Osargaon Post",141.9,,,रत्नागिरी,,184.8,05:30,10:00,NOBL,,,"Limited Stops upto Swd",
11100,"Rahataghar Ratnagiri To Panajim Via Patradevi",Rahataghar,Panjim,PATRADEVI,MO,6168,Dewoolwadi,145,,,रत्नागिरी,,184.8,05:30,10:00,NOBL,,,"Limited Stops upto Swd",
11100,"Rahataghar Ratnagiri To Panajim Via Patradevi",Rahataghar,Panjim,PATRADEVI,MO,6281,Kasal,146.2,,,रत्नागिरी,,184.8,05:30,10:00,NOBL,,,"Limited Stops upto Swd",
11100,"Rahataghar Ratnagiri To Panajim Via Patradevi",Rahataghar,Panjim,PATRADEVI,MO,6116,Awali,148.5,,,रत्नागिरी,,184.8,05:30,10:00,NOBL,,,"Limited Stops upto Swd",
11100,"Rahataghar Ratnagiri To Panajim Via Patradevi",Rahataghar,Panjim,PATRADEVI,MO,6226,"Jaitapkar Colany",150,,,रत्नागिरी,,184.8,05:30,10:00,NOBL,,,"Limited Stops upto Swd",
11100,"Rahataghar Ratnagiri To Panajim Via Patradevi",Rahataghar,Panjim,PATRADEVI,MO,6362,"Oros Bus Stnad",151.6,,,रत्नागिरी,,184.8,05:30,10:00,NOBL,,,"Limited Stops upto Swd",
11100,"Rahataghar Ratnagiri To Panajim Via Patradevi",Rahataghar,Panjim,PATRADEVI,MO,6224,"Jijamata Hospital",154.2,,,रत्नागिरी,,184.8,05:30,10:00,NOBL,,,"Limited Stops upto Swd",
11100,"Rahataghar Ratnagiri To Panajim Via Patradevi",Rahataghar,Panjim,PATRADEVI,MO,6206,"Humarmala Rane Dukan",154.6,,,रत्नागिरी,,184.8,05:30,10:00,NOBL,,,"Limited Stops upto Swd",
11100,"Rahataghar Ratnagiri To Panajim Via Patradevi",Rahataghar,Panjim,PATRADEVI,MO,6204,"Humarmala Kasale Dukan",155.2,,,रत्नागिरी,,184.8,05:30,10:00,NOBL,,,"Limited Stops upto Swd",
11100,"Rahataghar Ratnagiri To Panajim Via Patradevi",Rahataghar,Panjim,PATRADEVI,MO,6378,"Pandur Titha",157.9,,,रत्नागिरी,,184.8,05:30,10:00,NOBL,,,"Limited Stops upto Swd",
11100,"Rahataghar Ratnagiri To Panajim Via Patradevi",Rahataghar,Panjim,PATRADEVI,MO,88100,Vetalbambarde,159,,,रत्नागिरी,,184.8,05:30,10:00,NOBL,,,"Limited Stops upto Swd",
11100,"Rahataghar Ratnagiri To Panajim Via Patradevi",Rahataghar,Panjim,PATRADEVI,MO,6240,"Kudal St Depot",165,,,रत्नागिरी,,184.8,05:30,10:00,NOBL,,,"Limited Stops upto Swd",
11100,"Rahataghar Ratnagiri To Panajim Via Patradevi",Rahataghar,Panjim,PATRADEVI,MO,6237,"Kudal St Depot",166.4,,,रत्नागिरी,,184.8,05:30,10:00,NOBL,,,"Limited Stops upto Swd",
11100,"Rahataghar Ratnagiri To Panajim Via Patradevi",Rahataghar,Panjim,PATRADEVI,MO,6474,"Zharap Titha",177,,,रत्नागिरी,,184.8,05:30,10:00,NOBL,,,"Limited Stops upto Swd",
11100,"Rahataghar Ratnagiri To Panajim Via Patradevi",Rahataghar,Panjim,PATRADEVI,MO,8663,Sawantwadi,187.1,,,रत्नागिरी,,184.8,05:30,10:00,NOBL,,,"Limited Stops upto Swd",
11100,"Rahataghar Ratnagiri To Panajim Via Patradevi",Rahataghar,Panjim,PATRADEVI,MO,8578,"Majgaon Nala",190,,,रत्नागिरी,,184.8,05:30,10:00,NOBL,,,"Limited Stops upto Swd",
11100,"Rahataghar Ratnagiri To Panajim Via Patradevi",Rahataghar,Panjim,PATRADEVI,MO,8499,"Doba Shel",193,,,रत्नागिरी,,184.8,05:30,10:00,NOBL,,,"Limited Stops upto Swd",
11100,"Rahataghar Ratnagiri To Panajim Via Patradevi",Rahataghar,Panjim,PATRADEVI,MO,8560,Kondwada,195,,,रत्नागिरी,,184.8,05:30,10:00,NOBL,,,"Limited Stops upto Swd",
11100,"Rahataghar Ratnagiri To Panajim Via Patradevi",Rahataghar,Panjim,PATRADEVI,MO,89315,"Exicise Check Post",196,,,रत्नागिरी,,184.8,05:30,10:00,NOBL,,,"Limited Stops upto Swd",
11100,"Rahataghar Ratnagiri To Panajim Via Patradevi",Rahataghar,Panjim,PATRADEVI,MO,8544,"Kudav Temb",197,,,रत्नागिरी,,184.8,05:30,10:00,NOBL,,,"Limited Stops upto Swd",
11100,"Rahataghar Ratnagiri To Panajim Via Patradevi",Rahataghar,Panjim,PATRADEVI,MO,8542,"Khamdev Naka",198,,,रत्नागिरी,,184.8,05:30,10:00,NOBL,,,"Limited Stops upto Swd",
11100,"Rahataghar Ratnagiri To Panajim Via Patradevi",Rahataghar,Panjim,PATRADEVI,MO,8486,Banda,199.7,,,रत्नागिरी,,184.8,05:30,10:00,NOBL,,,"Limited Stops upto Swd",
11100,"Rahataghar Ratnagiri To Panajim Via Patradevi",Rahataghar,Panjim,PATRADEVI,MO,8635,"Patradevi Goa Border",203.7,,,रत्नागिरी,,184.8,05:30,10:00,NOBL,,,"Limited Stops upto Swd",
11100,"Rahataghar Ratnagiri To Panajim Via Patradevi",Rahataghar,Panjim,PATRADEVI,MO,71926,Patradevi,203.8,,,रत्नागिरी,,184.8,05:30,10:00,NOBL,,,"Limited Stops upto Swd",
11100,"Rahataghar Ratnagiri To Panajim Via Patradevi",Rahataghar,Panjim,PATRADEVI,MO,71876,Galel,205,,,रत्नागिरी,,184.8,05:30,10:00,NOBL,,,"Limited Stops upto Swd",
11100,"Rahataghar Ratnagiri To Panajim Via Patradevi",Rahataghar,Panjim,PATRADEVI,MO,71956,Torsem,207,,,रत्नागिरी,,184.8,05:30,10:00,NOBL,,,"Limited Stops upto Swd",
11100,"Rahataghar Ratnagiri To Panajim Via Patradevi",Rahataghar,Panjim,PATRADEVI,MO,71958,Ugavem,209,,,रत्नागिरी,,184.8,05:30,10:00,NOBL,,,"Limited Stops upto Swd",
11100,"Rahataghar Ratnagiri To Panajim Via Patradevi",Rahataghar,Panjim,PATRADEVI,MO,71936,Poraskadem,211,,,रत्नागिरी,,184.8,05:30,10:00,NOBL,,,"Limited Stops upto Swd",
11100,"Rahataghar Ratnagiri To Panajim Via Patradevi",Rahataghar,Panjim,PATRADEVI,MO,71924,"Naibag Bridge",212,,,रत्नागिरी,,184.8,05:30,10:00,NOBL,,,"Limited Stops upto Swd",
11100,"Rahataghar Ratnagiri To Panajim Via Patradevi",Rahataghar,Panjim,PATRADEVI,MO,71937,Pernem,215,,,रत्नागिरी,,184.8,05:30,10:00,NOBL,,,"Limited Stops upto Swd",
11100,"Rahataghar Ratnagiri To Panajim Via Patradevi",Rahataghar,Panjim,PATRADEVI,MO,71901,Malpe,216.5,,,रत्नागिरी,,184.8,05:30,10:00,NOBL,,,"Limited Stops upto Swd",
11100,"Rahataghar Ratnagiri To Panajim Via Patradevi",Rahataghar,Panjim,PATRADEVI,MO,71873,Dhargal,218,,,रत्नागिरी,,184.8,05:30,10:00,NOBL,,,"Limited Stops upto Swd",
11100,"Rahataghar Ratnagiri To Panajim Via Patradevi",Rahataghar,Panjim,PATRADEVI,MO,71890,Kolwal,220,,,रत्नागिरी,,184.8,05:30,10:00,NOBL,,,"Limited Stops upto Swd",
11100,"Rahataghar Ratnagiri To Panajim Via Patradevi",Rahataghar,Panjim,PATRADEVI,MO,71886,Kasarwada,225,,,रत्नागिरी,,184.8,05:30,10:00,NOBL,,,"Limited Stops upto Swd",
11100,"Rahataghar Ratnagiri To Panajim Via Patradevi",Rahataghar,Panjim,PATRADEVI,MO,71915,Mapusa,230,,,रत्नागिरी,,184.8,05:30,10:00,NOBL,,,"Limited Stops upto Swd",
11100,"Rahataghar Ratnagiri To Panajim Via Patradevi",Rahataghar,Panjim,PATRADEVI,MO,71927,Parvari,240,,,रत्नागिरी,,184.8,05:30,10:00,NOBL,,,"Limited Stops upto Swd",
11100,"Rahataghar Ratnagiri To Panajim Via Patradevi",Rahataghar,Panjim,PATRADEVI,MO,71935,Panjim,248.8,,,रत्नागिरी,,184.8,05:30,10:00,NOBL,,,"Limited Stops upto Swd",
11140,"Sawantwadi To Redi Kanyal Via Aronda Kiranpani",Sawantwadi,"Redi Kanyal",KIRANPANI,MO,8663,Sawantwadi,,,,सावंतवाडी,"रेडी कनयाळ",39.3,18:40,20:30,ST,,,,
11140,"Sawantwadi To Redi Kanyal Via Aronda Kiranpani",Sawantwadi,"Redi Kanyal",KIRANPANI,MO,8523,"Gulabi Titha",3,,,सावंतवाडी,"रेडी कनयाळ",39.3,18:40,20:30,ST,,,,
11140,"Sawantwadi To Redi Kanyal Via Aronda Kiranpani",Sawantwadi,"Redi Kanyal",KIRANPANI,MO,8580,Malgaon,5,,,सावंतवाडी,"रेडी कनयाळ",39.3,18:40,20:30,ST,,,,
11140,"Sawantwadi To Redi Kanyal Via Aronda Kiranpani",Sawantwadi,"Redi Kanyal",KIRANPANI,MO,8674,"Vengurle Shiroda Titha",5.9,,,सावंतवाडी,"रेडी कनयाळ",39.3,18:40,20:30,ST,,,,
11140,"Sawantwadi To Redi Kanyal Via Aronda Kiranpani",Sawantwadi,"Redi Kanyal",KIRANPANI,MO,8665,"Sawantwadi Rly. Stn.",7,,,सावंतवाडी,"रेडी कनयाळ",39.3,18:40,20:30,ST,,,,
11140,"Sawantwadi To Redi Kanyal Via Aronda Kiranpani",Sawantwadi,"Redi Kanyal",KIRANPANI,MO,8609,"Nirawade Bazar",8,,,सावंतवाडी,"रेडी कनयाळ",39.3,18:40,20:30,ST,,,,
11140,"Sawantwadi To Redi Kanyal Via Aronda Kiranpani",Sawantwadi,"Redi Kanyal",KIRANPANI,MO,8599,"Nirawade Tiles Factory",9.3,,,सावंतवाडी,"रेडी कनयाळ",39.3,18:40,20:30,ST,,,,
11140,"Sawantwadi To Redi Kanyal Via Aronda Kiranpani",Sawantwadi,"Redi Kanyal",KIRANPANI,MO,8614,"Nhaveli School",12.3,,,सावंतवाडी,"रेडी कनयाळ",39.3,18:40,20:30,ST,,,,
11140,"Sawantwadi To Redi Kanyal Via Aronda Kiranpani",Sawantwadi,"Redi Kanyal",KIRANPANI,MO,9855,"Ghodemukh Matond",13,,,सावंतवाडी,"रेडी कनयाळ",39.3,18:40,20:30,ST,,,,
11140,"Sawantwadi To Redi Kanyal Via Aronda Kiranpani",Sawantwadi,"Redi Kanyal",KIRANPANI,MO,8627,"Pendharyachi Wadi",14,,,सावंतवाडी,"रेडी कनयाळ",39.3,18:40,20:30,ST,,,,
11140,"Sawantwadi To Redi Kanyal Via Aronda Kiranpani",Sawantwadi,"Redi Kanyal",KIRANPANI,MO,8517,"Forest Chouki",15,,,सावंतवाडी,"रेडी कनयाळ",39.3,18:40,20:30,ST,,,,
11140,"Sawantwadi To Redi Kanyal Via Aronda Kiranpani",Sawantwadi,"Redi Kanyal",KIRANPANI,MO,9833,"Warachi Malewad",16,,,सावंतवाडी,"रेडी कनयाळ",39.3,18:40,20:30,ST,,,,
11140,"Sawantwadi To Redi Kanyal Via Aronda Kiranpani",Sawantwadi,"Redi Kanyal",KIRANPANI,MO,9703,"Malewad Hedulwadi",18,,,सावंतवाडी,"रेडी कनयाळ",39.3,18:40,20:30,ST,,,,
11140,"Sawantwadi To Redi Kanyal Via Aronda Kiranpani",Sawantwadi,"Redi Kanyal",KIRANPANI,MO,9704,"Malewad Naka",19,,,सावंतवाडी,"रेडी कनयाळ",39.3,18:40,20:30,ST,,,,
11140,"Sawantwadi To Redi Kanyal Via Aronda Kiranpani",Sawantwadi,"Redi Kanyal",KIRANPANI,MO,9705,"Malewad Ranewadi",21,,,सावंतवाडी,"रेडी कनयाळ",39.3,18:40,20:30,ST,,,,
11140,"Sawantwadi To Redi Kanyal Via Aronda Kiranpani",Sawantwadi,"Redi Kanyal",KIRANPANI,MO,9680,Khari,24,,,सावंतवाडी,"रेडी कनयाळ",39.3,18:40,20:30,ST,,,,
11140,"Sawantwadi To Redi Kanyal Via Aronda Kiranpani",Sawantwadi,"Redi Kanyal",KIRANPANI,MO,8472,Aronda,27,,,सावंतवाडी,"रेडी कनयाळ",39.3,18:40,20:30,ST,,,,
11140,"Sawantwadi To Redi Kanyal Via Aronda Kiranpani",Sawantwadi,"Redi Kanyal",KIRANPANI,MO,9687,Kiranpani,28,,,सावंतवाडी,"रेडी कनयाळ",39.3,18:40,20:30,ST,,,,
11140,"Sawantwadi To Redi Kanyal Via Aronda Kiranpani",Sawantwadi,"Redi Kanyal",KIRANPANI,MO,9588,Agralwadi,31,,,सावंतवाडी,"रेडी कनयाळ",39.3,18:40,20:30,ST,,,,
11140,"Sawantwadi To Redi Kanyal Via Aronda Kiranpani",Sawantwadi,"Redi Kanyal",KIRANPANI,MO,9615,"Bhatpawani Fata",32,,,सावंतवाडी,"रेडी कनयाळ",39.3,18:40,20:30,ST,,,,
11140,"Sawantwadi To Redi Kanyal Via Aronda Kiranpani",Sawantwadi,"Redi Kanyal",KIRANPANI,MO,9653,"Huda Fata",34,,,सावंतवाडी,"रेडी कनयाळ",39.3,18:40,20:30,ST,,,,
11140,"Sawantwadi To Redi Kanyal Via Aronda Kiranpani",Sawantwadi,"Redi Kanyal",KIRANPANI,MO,9769,"Redi Mauli Mandir",37,,,सावंतवाडी,"रेडी कनयाळ",39.3,18:40,20:30,ST,,,,
11140,"Sawantwadi To Redi Kanyal Via Aronda Kiranpani",Sawantwadi,"Redi Kanyal",KIRANPANI,MO,9768,"Redi Kanyal",38.5,,,सावंतवाडी,"रेडी कनयाळ",39.3,18:40,20:30,ST,,,,
18535,"Redikanyal To Sawantwadi Via Kiranpani","Redi Kanyal",Sawantwadi,,MO,9768,"Redi Kanyal",,,,"रेडी कनयाळ",सावंतवाडी,39.3,05:50,07:15,ST,,,,
18535,"Redikanyal To Sawantwadi Via Kiranpani","Redi Kanyal",Sawantwadi,,MO,9769,"Redi Mauli Mandir",3,,,"रेडी कनयाळ",सावंतवाडी,39.3,05:50,07:15,ST,,,,
18535,"Redikanyal To Sawantwadi Via Kiranpani","Redi Kanyal",Sawantwadi,,MO,9653,"Huda Fata",5,,,"रेडी कनयाळ",सावंतवाडी,39.3,05:50,07:15,ST,,,,
18535,"Redikanyal To Sawantwadi Via Kiranpani","Redi Kanyal",Sawantwadi,,MO,9615,"Bhatpawani Fata",6,,,"रेडी कनयाळ",सावंतवाडी,39.3,05:50,07:15,ST,,,,
18535,"Redikanyal To Sawantwadi Via Kiranpani","Redi Kanyal",Sawantwadi,,MO,9588,Agralwadi,8.1,,,"रेडी कनयाळ",सावंतवाडी,39.3,05:50,07:15,ST,,,,
18535,"Redikanyal To Sawantwadi Via Kiranpani","Redi Kanyal",Sawantwadi,,MO,8472,Aronda,11,,,"रेडी कनयाळ",सावंतवाडी,39.3,05:50,07:15,ST,,,,
18535,"Redikanyal To Sawantwadi Via Kiranpani","Redi Kanyal",Sawantwadi,,MO,9687,Kiranpani,12,,,"रेडी कनयाळ",सावंतवाडी,39.3,05:50,07:15,ST,,,,
18535,"Redikanyal To Sawantwadi Via Kiranpani","Redi Kanyal",Sawantwadi,,MO,8472,Aronda,13,,,"रेडी कनयाळ",सावंतवाडी,39.3,05:50,07:15,ST,,,,
18535,"Redikanyal To Sawantwadi Via Kiranpani","Redi Kanyal",Sawantwadi,,MO,9680,Khari,15,,,"रेडी कनयाळ",सावंतवाडी,39.3,05:50,07:15,ST,,,,
18535,"Redikanyal To Sawantwadi Via Kiranpani","Redi Kanyal",Sawantwadi,,MO,9788,Shetkarwadi,16,,,"रेडी कनयाळ",सावंतवाडी,39.3,05:50,07:15,ST,,,,
18535,"Redikanyal To Sawantwadi Via Kiranpani","Redi Kanyal",Sawantwadi,,MO,9705,"Malewad Ranewadi",17,,,"रेडी कनयाळ",सावंतवाडी,39.3,05:50,07:15,ST,,,,
18535,"Redikanyal To Sawantwadi Via Kiranpani","Redi Kanyal",Sawantwadi,,MO,9704,"Malewad Naka",18,,,"रेडी कनयाळ",सावंतवाडी,39.3,05:50,07:15,ST,,,,
18535,"Redikanyal To Sawantwadi Via Kiranpani","Redi Kanyal",Sawantwadi,,MO,9703,"Malewad Hedulwadi",20.3,,,"रेडी कनयाळ",सावंतवाडी,39.3,05:50,07:15,ST,,,,
18535,"Redikanyal To Sawantwadi Via Kiranpani","Redi Kanyal",Sawantwadi,,MO,9833,"Warachi Malewad",22,,,"रेडी कनयाळ",सावंतवाडी,39.3,05:50,07:15,ST,,,,
18535,"Redikanyal To Sawantwadi Via Kiranpani","Redi Kanyal",Sawantwadi,,MO,8517,"Forest Chouki",24,,,"रेडी कनयाळ",सावंतवाडी,39.3,05:50,07:15,ST,,,,
18535,"Redikanyal To Sawantwadi Via Kiranpani","Redi Kanyal",Sawantwadi,,MO,8627,"Pendharyachi Wadi",25,,,"रेडी कनयाळ",सावंतवाडी,39.3,05:50,07:15,ST,,,,
18535,"Redikanyal To Sawantwadi Via Kiranpani","Redi Kanyal",Sawantwadi,,MO,9855,"Ghodemukh Matond",25,,,"रेडी कनयाळ",सावंतवाडी,39.3,05:50,07:15,ST,,,,
18535,"Redikanyal To Sawantwadi Via Kiranpani","Redi Kanyal",Sawantwadi,,MO,8614,"Nhaveli School",26,,,"रेडी कनयाळ",सावंतवाडी,39.3,05:50,07:15,ST,,,,
18535,"Redikanyal To Sawantwadi Via Kiranpani","Redi Kanyal",Sawantwadi,,MO,8598,"Nhaveli Bidi Karakhana",27,,,"रेडी कनयाळ",सावंतवाडी,39.3,05:50,07:15,ST,,,,
18535,"Redikanyal To Sawantwadi Via Kiranpani","Redi Kanyal",Sawantwadi,,MO,8474,"Aros Titha",28,,,"रेडी कनयाळ",सावंतवाडी,39.3,05:50,07:15,ST,,,,
18535,"Redikanyal To Sawantwadi Via Kiranpani","Redi Kanyal",Sawantwadi,,MO,8599,"Nirawade Tiles Factory",29,,,"रेडी कनयाळ",सावंतवाडी,39.3,05:50,07:15,ST,,,,
18535,"Redikanyal To Sawantwadi Via Kiranpani","Redi Kanyal",Sawantwadi,,MO,8609,"Nirawade Bazar",29.5,,,"रेडी कनयाळ",सावंतवाडी,39.3,05:50,07:15,ST,,,,
18535,"Redikanyal To Sawantwadi Via Kiranpani","Redi Kanyal",Sawantwadi,,MO,8665,"Sawantwadi Rly. Stn.",30,,,"रेडी कनयाळ",सावंतवाडी,39.3,05:50,07:15,ST,,,,
18535,"Redikanyal To Sawantwadi Via Kiranpani","Redi Kanyal",Sawantwadi,,MO,8674,"Vengurle Shiroda Titha",32,,,"रेडी कनयाळ",सावंतवाडी,39.3,05:50,07:15,ST,,,,
18535,"Redikanyal To Sawantwadi Via Kiranpani","Redi Kanyal",Sawantwadi,,MO,8580,Malgaon,33,,,"रेडी कनयाळ",सावंतवाडी,39.3,05:50,07:15,ST,,,,
18535,"Redikanyal To Sawantwadi Via Kiranpani","Redi Kanyal",Sawantwadi,,MO,8523,"Gulabi Titha",35,,,"रेडी कनयाळ",सावंतवाडी,39.3,05:50,07:15,ST,,,,
18535,"Redikanyal To Sawantwadi Via Kiranpani","Redi Kanyal",Sawantwadi,,MO,8663,Sawantwadi,39.3,,,"रेडी कनयाळ",सावंतवाडी,39.3,05:50,07:15,ST,,,,
11139,"Kankavli To Kajarghati Via Bidwadi",Kankavli,Chinchawali,"BIDWADI GPO",MO,2786,Kankavli,,,,सावंतवाडी,कणकवली,58.7,00:10,01:14,NOBL,,,,
11139,"Kankavli To Kajarghati Via Bidwadi",Kankavli,Chinchawali,"BIDWADI GPO",MO,3008,"Warawade Bridge",3.1,,,सावंतवाडी,कणकवली,58.7,00:10,01:14,NOBL,,,,
11139,"Kankavli To Kajarghati Via Bidwadi",Kankavli,Chinchawali,"BIDWADI GPO",MO,2836,"Kuweskar Dukan",5.2,,,सावंतवाडी,कणकवली,58.7,00:10,01:14,NOBL,,,,
11139,"Kankavli To Kajarghati Via Bidwadi",Kankavli,Chinchawali,"BIDWADI GPO",MO,2844,"Mail Stone",6,,,सावंतवाडी,कणकवली,58.7,00:10,01:14,NOBL,,,,
11139,"Kankavli To Kajarghati Via Bidwadi",Kankavli,Chinchawali,"BIDWADI GPO",MO,2910,"Pise Kamte School",7.8,,,सावंतवाडी,कणकवली,58.7,00:10,01:14,NOBL,,,,
11139,"Kankavli To Kajarghati Via Bidwadi",Kankavli,Chinchawali,"BIDWADI GPO",MO,2666,"Bidwadi Gpo",9.2,,,सावंतवाडी,कणकवली,58.7,00:10,01:14,NOBL,,,,
11139,"Kankavli To Kajarghati Via Bidwadi",Kankavli,Chinchawali,"BIDWADI GPO",MO,2683,Chinchawali,10,,,सावंतवाडी,कणकवली,58.7,00:10,01:14,NOBL,,,,
18298,"Chinchwali  To Kankavli Via Bidwadi",Chinchawali,Kankavli,"BIDWADI GPO",MO,2683,Chinchawali,,,,कणकवली,सावंतवाडी,58.7,11:15,13:15,NOBL,,,,
18298,"Chinchwali  To Kankavli Via Bidwadi",Chinchawali,Kankavli,"BIDWADI GPO",MO,2666,"Bidwadi Gpo",1.2,,,कणकवली,सावंतवाडी,58.7,11:15,13:15,NOBL,,,,
18298,"Chinchwali  To Kankavli Via Bidwadi",Chinchawali,Kankavli,"BIDWADI GPO",MO,2910,"Pise Kamte School",2.2,,,कणकवली,सावंतवाडी,58.7,11:15,13:15,NOBL,,,,
18298,"Chinchwali  To Kankavli Via Bidwadi",Chinchawali,Kankavli,"BIDWADI GPO",MO,2844,"Mail Stone",4,,,कणकवली,सावंतवाडी,58.7,11:15,13:15,NOBL,,,,
18298,"Chinchwali  To Kankavli Via Bidwadi",Chinchawali,Kankavli,"BIDWADI GPO",MO,2836,"Kuweskar Dukan",4.8,,,कणकवली,सावंतवाडी,58.7,11:15,13:15,NOBL,,,,
18298,"Chinchwali  To Kankavli Via Bidwadi",Chinchawali,Kankavli,"BIDWADI GPO",MO,3008,"Warawade Bridge",6.9,,,कणकवली,सावंतवाडी,58.7,11:15,13:15,NOBL,,,,
18298,"Chinchwali  To Kankavli Via Bidwadi",Chinchawali,Kankavli,"BIDWADI GPO",MO,2786,Kankavli,10,,,कणकवली,सावंतवाडी,58.7,11:15,13:15,NOBL,,,,
40687,"Banda To Nigadi Via Gadhinglaj",Banda,Nigadi,GADHINGLAJ,MO,8486,Banda,,,,सावंतवाडी,कोल्हापुर,149.6,18:45,23:20,NOBL,,,,
40687,"Banda To Nigadi Via Gadhinglaj",Banda,Nigadi,GADHINGLAJ,MO,8542,"Khamdev Naka",1.5,,,सावंतवाडी,कोल्हापुर,149.6,18:45,23:20,NOBL,,,,
40687,"Banda To Nigadi Via Gadhinglaj",Banda,Nigadi,GADHINGLAJ,MO,89315,"Exicise Check Post",3,,,सावंतवाडी,कोल्हापुर,149.6,18:45,23:20,NOBL,,,,
40687,"Banda To Nigadi Via Gadhinglaj",Banda,Nigadi,GADHINGLAJ,MO,8499,"Doba Shel",6,,,सावंतवाडी,कोल्हापुर,149.6,18:45,23:20,NOBL,,,,
40687,"Banda To Nigadi Via Gadhinglaj",Banda,Nigadi,GADHINGLAJ,MO,8578,"Majgaon Nala",10,,,सावंतवाडी,कोल्हापुर,149.6,18:45,23:20,NOBL,,,,
40687,"Banda To Nigadi Via Gadhinglaj",Banda,Nigadi,GADHINGLAJ,MO,8663,Sawantwadi,12.6,,,सावंतवाडी,कोल्हापुर,149.6,18:45,23:20,NOBL,,,,
40687,"Banda To Nigadi Via Gadhinglaj",Banda,Nigadi,GADHINGLAJ,MO,8488,"Burdi Pul",15,,,सावंतवाडी,कोल्हापुर,149.6,18:45,23:20,NOBL,,,,
40687,"Banda To Nigadi Via Gadhinglaj",Banda,Nigadi,GADHINGLAJ,MO,8653,"Sapale Stop",18,,,सावंतवाडी,कोल्हापुर,149.6,18:45,23:20,NOBL,,,,
40687,"Banda To Nigadi Via Gadhinglaj",Banda,Nigadi,GADHINGLAJ,MO,8570,Madkhol,19,,,सावंतवाडी,कोल्हापुर,149.6,18:45,23:20,NOBL,,,,
40687,"Banda To Nigadi Via Gadhinglaj",Banda,Nigadi,GADHINGLAJ,MO,8569,"Madkhol Met",20,,,सावंतवाडी,कोल्हापुर,149.6,18:45,23:20,NOBL,,,,
40687,"Banda To Nigadi Via Gadhinglaj",Banda,Nigadi,GADHINGLAJ,MO,8505,Dhawadki,21,,,सावंतवाडी,कोल्हापुर,149.6,18:45,23:20,NOBL,,,,
40687,"Banda To Nigadi Via Gadhinglaj",Banda,Nigadi,GADHINGLAJ,MO,8510,Danoli,24,,,सावंतवाडी,कोल्हापुर,149.6,18:45,23:20,NOBL,,,,
40687,"Banda To Nigadi Via Gadhinglaj",Banda,Nigadi,GADHINGLAJ,MO,8564,Kumbheshwar,27,,,सावंतवाडी,कोल्हापुर,149.6,18:45,23:20,NOBL,,,,
40687,"Banda To Nigadi Via Gadhinglaj",Banda,Nigadi,GADHINGLAJ,MO,8470,Amboli,42,,,सावंतवाडी,कोल्हापुर,149.6,18:45,23:20,NOBL,,,,
40687,"Banda To Nigadi Via Gadhinglaj",Banda,Nigadi,GADHINGLAJ,MO,8582,Mulvanwadi,45,,,सावंतवाडी,कोल्हापुर,149.6,18:45,23:20,NOBL,,,,
40687,"Banda To Nigadi Via Gadhinglaj",Banda,Nigadi,GADHINGLAJ,MO,8473,"Ajra Fata",48,,,सावंतवाडी,कोल्हापुर,149.6,18:45,23:20,NOBL,,,,
40687,"Banda To Nigadi Via Gadhinglaj",Banda,Nigadi,GADHINGLAJ,MO,8606,"Nangartas Awate Dukan",51,,,सावंतवाडी,कोल्हापुर,149.6,18:45,23:20,NOBL,,,,
40687,"Banda To Nigadi Via Gadhinglaj",Banda,Nigadi,GADHINGLAJ,MO,24833,Menon,54,,,सावंतवाडी,कोल्हापुर,149.6,18:45,23:20,NOBL,,,,
40687,"Banda To Nigadi Via Gadhinglaj",Banda,Nigadi,GADHINGLAJ,MO,23762,Ghatkarwadi,55,,,सावंतवाडी,कोल्हापुर,149.6,18:45,23:20,NOBL,,,,
40687,"Banda To Nigadi Via Gadhinglaj",Banda,Nigadi,GADHINGLAJ,MO,23585,Dhangarmala,56,,,सावंतवाडी,कोल्हापुर,149.6,18:45,23:20,NOBL,,,,
40687,"Banda To Nigadi Via Gadhinglaj",Banda,Nigadi,GADHINGLAJ,MO,25615,Suleran,60,,,सावंतवाडी,कोल्हापुर,149.6,18:45,23:20,NOBL,,,,
40687,"Banda To Nigadi Via Gadhinglaj",Banda,Nigadi,GADHINGLAJ,MO,23872,Gavase,63,,,सावंतवाडी,कोल्हापुर,149.6,18:45,23:20,NOBL,,,,
40687,"Banda To Nigadi Via Gadhinglaj",Banda,Nigadi,GADHINGLAJ,MO,23376,Chaloba,66,,,सावंतवाडी,कोल्हापुर,149.6,18:45,23:20,NOBL,,,,
40687,"Banda To Nigadi Via Gadhinglaj",Banda,Nigadi,GADHINGLAJ,MO,23882,Haloli,69,,,सावंतवाडी,कोल्हापुर,149.6,18:45,23:20,NOBL,,,,
40687,"Banda To Nigadi Via Gadhinglaj",Banda,Nigadi,GADHINGLAJ,MO,24689,Masoli,72,,,सावंतवाडी,कोल्हापुर,149.6,18:45,23:20,NOBL,,,,
40687,"Banda To Nigadi Via Gadhinglaj",Banda,Nigadi,GADHINGLAJ,MO,23010,Ajara,75,,,सावंतवाडी,कोल्हापुर,149.6,18:45,23:20,NOBL,,,,
40687,"Banda To Nigadi Via Gadhinglaj",Banda,Nigadi,GADHINGLAJ,MO,24646,Madilage,78,,,सावंतवाडी,कोल्हापुर,149.6,18:45,23:20,NOBL,,,,
40687,"Banda To Nigadi Via Gadhinglaj",Banda,Nigadi,GADHINGLAJ,MO,23739,Gadhinglaj,96,,,सावंतवाडी,कोल्हापुर,149.6,18:45,23:20,NOBL,,,,
40687,"Banda To Nigadi Via Gadhinglaj",Banda,Nigadi,GADHINGLAJ,MO,25035,Nangnur,122.9,,,सावंतवाडी,कोल्हापुर,149.6,18:45,23:20,NOBL,,,,
40687,"Banda To Nigadi Via Gadhinglaj",Banda,Nigadi,GADHINGLAJ,MO,73922,"Nagnur Krt Border",123.4,,,सावंतवाडी,कोल्हापुर,149.6,18:45,23:20,NOBL,,,,
40687,"Banda To Nigadi Via Gadhinglaj",Banda,Nigadi,GADHINGLAJ,MO,73937,Nipani,124,,,सावंतवाडी,कोल्हापुर,149.6,18:45,23:20,NOBL,,,,
40687,"Banda To Nigadi Via Gadhinglaj",Banda,Nigadi,GADHINGLAJ,MO,73718,Kognoli,140,,,सावंतवाडी,कोल्हापुर,149.6,18:45,23:20,NOBL,,,,
40687,"Banda To Nigadi Via Gadhinglaj",Banda,Nigadi,GADHINGLAJ,MO,24283,Kagal,142,,,सावंतवाडी,कोल्हापुर,149.6,18:45,23:20,NOBL,,,,
40687,"Banda To Nigadi Via Gadhinglaj",Banda,Nigadi,GADHINGLAJ,MO,24359,Kolhapur,160,,,सावंतवाडी,कोल्हापुर,149.6,18:45,23:20,NOBL,,,,
40687,"Banda To Nigadi Via Gadhinglaj",Banda,Nigadi,GADHINGLAJ,MO,25591,Shiroli,182.9,,,सावंतवाडी,कोल्हापुर,149.6,18:45,23:20,NOBL,,,,
40687,"Banda To Nigadi Via Gadhinglaj",Banda,Nigadi,GADHINGLAJ,MO,26070,Wathar,196.7,,,सावंतवाडी,कोल्हापुर,149.6,18:45,23:20,NOBL,,,,
40687,"Banda To Nigadi Via Gadhinglaj",Banda,Nigadi,GADHINGLAJ,MO,29764,Nerle,225.6,,,सावंतवाडी,कोल्हापुर,149.6,18:45,23:20,NOBL,,,,
40687,"Banda To Nigadi Via Gadhinglaj",Banda,Nigadi,GADHINGLAJ,MO,28184,Karad,235,,,सावंतवाडी,कोल्हापुर,149.6,18:45,23:20,NOBL,,,,
40687,"Banda To Nigadi Via Gadhinglaj",Banda,Nigadi,GADHINGLAJ,MO,28340,Umbraj,251,,,सावंतवाडी,कोल्हापुर,149.6,18:45,23:20,NOBL,,,,
40687,"Banda To Nigadi Via Gadhinglaj",Banda,Nigadi,GADHINGLAJ,MO,31099,Kashil,275.2,,,सावंतवाडी,कोल्हापुर,149.6,18:45,23:20,NOBL,,,,
40687,"Banda To Nigadi Via Gadhinglaj",Banda,Nigadi,GADHINGLAJ,MO,30896,Atit,280.5,,,सावंतवाडी,कोल्हापुर,149.6,18:45,23:20,NOBL,,,,
40687,"Banda To Nigadi Via Gadhinglaj",Banda,Nigadi,GADHINGLAJ,MO,31298,Satara,304,,,सावंतवाडी,कोल्हापुर,149.6,18:45,23:20,NOBL,,,,
40687,"Banda To Nigadi Via Gadhinglaj",Banda,Nigadi,GADHINGLAJ,MO,33566,Pachwad,323.9,,,सावंतवाडी,कोल्हापुर,149.6,18:45,23:20,NOBL,,,,
40687,"Banda To Nigadi Via Gadhinglaj",Banda,Nigadi,GADHINGLAJ,MO,33460,Bhuinj,326.4,,,सावंतवाडी,कोल्हापुर,149.6,18:45,23:20,NOBL,,,,
40687,"Banda To Nigadi Via Gadhinglaj",Banda,Nigadi,GADHINGLAJ,MO,33588,"Surur Fata",336.9,,,सावंतवाडी,कोल्हापुर,149.6,18:45,23:20,NOBL,,,,
40687,"Banda To Nigadi Via Gadhinglaj",Banda,Nigadi,GADHINGLAJ,MO,29233,"Pargaon Khandala",349.8,,,सावंतवाडी,कोल्हापुर,149.6,18:45,23:20,NOBL,,,,
40687,"Banda To Nigadi Via Gadhinglaj",Banda,Nigadi,GADHINGLAJ,MO,6685,Sarole,366.5,,,सावंतवाडी,कोल्हापुर,149.6,18:45,23:20,NOBL,,,,
40687,"Banda To Nigadi Via Gadhinglaj",Banda,Nigadi,GADHINGLAJ,MO,8934,"Swargate, Pune",407.3,,,सावंतवाडी,कोल्हापुर,149.6,18:45,23:20,NOBL,,,,
40687,"Banda To Nigadi Via Gadhinglaj",Banda,Nigadi,GADHINGLAJ,MO,8888,"Pune Rly. Stn.",413.8,,,सावंतवाडी,कोल्हापुर,149.6,18:45,23:20,NOBL,,,,
40687,"Banda To Nigadi Via Gadhinglaj",Banda,Nigadi,GADHINGLAJ,MO,8922,"New Shivaji Nagar Pune",416.9,,,सावंतवाडी,कोल्हापुर,149.6,18:45,23:20,NOBL,,,,
40687,"Banda To Nigadi Via Gadhinglaj",Banda,Nigadi,GADHINGLAJ,MO,8951,"Vallabha Nagar",420,,,सावंतवाडी,कोल्हापुर,149.6,18:45,23:20,NOBL,,,,
40687,"Banda To Nigadi Via Gadhinglaj",Banda,Nigadi,GADHINGLAJ,MO,8873,Nigadi,425,,,सावंतवाडी,कोल्हापुर,149.6,18:45,23:20,NOBL,,,,
17715,"Dodamarg To Tilari Colony Via Kudasa",Dodamarg,"Tilari Colony",KUDASA,MO,2247,Dodamarg,,,,दोडामार्ग,सावंतवाडी,36.9,13:30,15:00,OPN,,,,
17715,"Dodamarg To Tilari Colony Via Kudasa",Dodamarg,"Tilari Colony",KUDASA,MO,2229,Ambeli,4,,,दोडामार्ग,सावंतवाडी,36.9,13:30,15:00,OPN,,,,
17715,"Dodamarg To Tilari Colony Via Kudasa",Dodamarg,"Tilari Colony",KUDASA,MO,2304,"Pal Punarvasan",6,,,दोडामार्ग,सावंतवाडी,36.9,13:30,15:00,OPN,,,,
17715,"Dodamarg To Tilari Colony Via Kudasa",Dodamarg,"Tilari Colony",KUDASA,MO,2344,"Zare Bambar",6.5,,,दोडामार्ग,सावंतवाडी,36.9,13:30,15:00,OPN,,,,
17715,"Dodamarg To Tilari Colony Via Kudasa",Dodamarg,"Tilari Colony",KUDASA,MO,2338,Vimantal,7,,,दोडामार्ग,सावंतवाडी,36.9,13:30,15:00,OPN,,,,
17715,"Dodamarg To Tilari Colony Via Kudasa",Dodamarg,"Tilari Colony",KUDASA,MO,2263,"Kudase Titha",9,,,दोडामार्ग,सावंतवाडी,36.9,13:30,15:00,OPN,,,,
17715,"Dodamarg To Tilari Colony Via Kudasa",Dodamarg,"Tilari Colony",KUDASA,MO,2244,Dhangarwadi,11,,,दोडामार्ग,सावंतवाडी,36.9,13:30,15:00,OPN,,,,
17715,"Dodamarg To Tilari Colony Via Kudasa",Dodamarg,"Tilari Colony",KUDASA,MO,2282,Kudasa,13,,,दोडामार्ग,सावंतवाडी,36.9,13:30,15:00,OPN,,,,
17715,"Dodamarg To Tilari Colony Via Kudasa",Dodamarg,"Tilari Colony",KUDASA,MO,2244,Dhangarwadi,15,,,दोडामार्ग,सावंतवाडी,36.9,13:30,15:00,OPN,,,,
17715,"Dodamarg To Tilari Colony Via Kudasa",Dodamarg,"Tilari Colony",KUDASA,MO,2236,"Bhedshi Nadi",17,,,दोडामार्ग,सावंतवाडी,36.9,13:30,15:00,OPN,,,,
17715,"Dodamarg To Tilari Colony Via Kudasa",Dodamarg,"Tilari Colony",KUDASA,MO,2232,Awade,19,,,दोडामार्ग,सावंतवाडी,36.9,13:30,15:00,OPN,,,,
17715,"Dodamarg To Tilari Colony Via Kudasa",Dodamarg,"Tilari Colony",KUDASA,MO,2274,"Konal Katta",20,,,दोडामार्ग,सावंतवाडी,36.9,13:30,15:00,OPN,,,,
17715,"Dodamarg To Tilari Colony Via Kudasa",Dodamarg,"Tilari Colony",KUDASA,MO,2283,"Londhewadi Mecanic Colony",21,,,दोडामार्ग,सावंतवाडी,36.9,13:30,15:00,OPN,,,,
17715,"Dodamarg To Tilari Colony Via Kudasa",Dodamarg,"Tilari Colony",KUDASA,MO,2329,"Tillari Bank",22,,,दोडामार्ग,सावंतवाडी,36.9,13:30,15:00,OPN,,,,
17715,"Dodamarg To Tilari Colony Via Kudasa",Dodamarg,"Tilari Colony",KUDASA,MO,2327,"Tilari Colony",23,,,दोडामार्ग,सावंतवाडी,36.9,13:30,15:00,OPN,,,,
63686,"More Dhangarwadi To Sawantwadi","More Dhangarwadi",Sawantwadi,,MO,6476,"More Dhangarwadi",,,,मोरे,सावंतवाडी,24,10:50,11:00,OBL,,,,
63686,"More Dhangarwadi To Sawantwadi","More Dhangarwadi",Sawantwadi,,MO,6477,"More Temple",3,,,मोरे,सावंतवाडी,24,10:50,11:00,OBL,,,,
63686,"More Dhangarwadi To Sawantwadi","More Dhangarwadi",Sawantwadi,,MO,2844,"Mail Stone",6,,,मोरे,सावंतवाडी,24,10:50,11:00,OBL,,,,
63686,"More Dhangarwadi To Sawantwadi","More Dhangarwadi",Sawantwadi,,MO,6910,"Mail Dagad",9,,,मोरे,सावंतवाडी,24,10:50,11:00,OBL,,,,
63686,"More Dhangarwadi To Sawantwadi","More Dhangarwadi",Sawantwadi,,MO,6319,"Mangaon Phc",11,,,मोरे,सावंतवाडी,24,10:50,11:00,OBL,,,,
63686,"More Dhangarwadi To Sawantwadi","More Dhangarwadi",Sawantwadi,,MO,6317,Mangaon,12,,,मोरे,सावंतवाडी,24,10:50,11:00,OBL,,,,
63686,"More Dhangarwadi To Sawantwadi","More Dhangarwadi",Sawantwadi,,MO,6323,"Mangaon Titha",14,,,मोरे,सावंतवाडी,24,10:50,11:00,OBL,,,,
63686,"More Dhangarwadi To Sawantwadi","More Dhangarwadi",Sawantwadi,,MO,6162,Dholkarwadi,15,,,मोरे,सावंतवाडी,24,10:50,11:00,OBL,,,,
63686,"More Dhangarwadi To Sawantwadi","More Dhangarwadi",Sawantwadi,,MO,6101,Akeri,18,,,मोरे,सावंतवाडी,24,10:50,11:00,OBL,,,,
63686,"More Dhangarwadi To Sawantwadi","More Dhangarwadi",Sawantwadi,,MO,8551,"Kolgaon Thita",21,,,मोरे,सावंतवाडी,24,10:50,11:00,OBL,,,,
63686,"More Dhangarwadi To Sawantwadi","More Dhangarwadi",Sawantwadi,,MO,8663,Sawantwadi,24,,,मोरे,सावंतवाडी,24,10:50,11:00,OBL,,,,
