"Route No","Route Name","From Stop Name","Till Stop Name","Via Stop Name","Route Type","Bstop ID","Bstop Name","DIST KM","IN ACTIVE","DTL IN ACTIVE",Source_Marathi,Destination_Marathi,Distance_KM,Departure_Time,Arrival_Time,Trip_Type,Frequency,Rest_Remark,Remark,School_Trip
10661,"Banda To Fukeri",Banda,Fukeri,,MO,8486,Banda,,,,बांदा,फुकेरी,22.8,10:35,11:35,SC-TPL,DAILY,शालेय,शालेय,SCHOOL
10661,"Banda To Fukeri",Banda,Fukeri,,MO,8619,Panval,2.4,,,बांदा,फुकेरी,22.8,10:35,11:35,SC-TPL,DAILY,शालेय,शालेय,SCHOOL
10661,"Banda To Fukeri",Banda,Fukeri,,MO,8503,Degve,4,,,बांदा,फुकेरी,22.8,10:35,11:35,SC-TPL,DAILY,शालेय,शालेय,SCHOOL
10661,"Banda To Fukeri",Banda,Fukeri,,MO,8502,"Degve High School",4.9,,,बांदा,फुकेरी,22.8,10:35,11:35,SC-TPL,DAILY,शालेय,शालेय,SCHOOL
10661,"Banda To Fukeri",Banda,Fukeri,,MO,8558,"Kumbral Fata",6.5,,,बांदा,फुकेरी,22.8,10:35,11:35,SC-TPL,DAILY,शालेय,शालेय,SCHOOL
10661,"Banda To Fukeri",Banda,Fukeri,,MO,8620,"Padave Mazgaon",8.6,,,बांदा,फुकेरी,22.8,10:35,11:35,SC-TPL,DAILY,शालेय,शालेय,SCHOOL
10661,"Banda To Fukeri",Banda,Fukeri,,MO,8565,"Margaon Bagwadi",9.1,,,बांदा,फुकेरी,22.8,10:35,11:35,SC-TPL,DAILY,शालेय,शालेय,SCHOOL
10661,"Banda To Fukeri",Banda,Fukeri,,MO,2353,"Talkat Nursary",11.4,,,बांदा,फुकेरी,22.8,10:35,11:35,SC-TPL,DAILY,शालेय,शालेय,SCHOOL
10661,"Banda To Fukeri",Banda,Fukeri,,MO,2352,"Talkat Soci",13.7,,,बांदा,फुकेरी,22.8,10:35,11:35,SC-TPL,DAILY,शालेय,शालेय,SCHOOL
10661,"Banda To Fukeri",Banda,Fukeri,,MO,2358,"Zolambe Tulpulewadi",14.3,,,बांदा,फुकेरी,22.8,10:35,11:35,SC-TPL,DAILY,शालेय,शालेय,SCHOOL
10661,"Banda To Fukeri",Banda,Fukeri,,MO,2357,Zolambe,15.8,,,बांदा,फुकेरी,22.8,10:35,11:35,SC-TPL,DAILY,शालेय,शालेय,SCHOOL
10661,"Banda To Fukeri",Banda,Fukeri,,MO,2356,"Zolambe Fukeri Titha",18,,,बांदा,फुकेरी,22.8,10:35,11:35,SC-TPL,DAILY,शालेय,शालेय,SCHOOL
10661,"Banda To Fukeri",Banda,Fukeri,,MO,2362,"Kolte House",20.7,,,बांदा,फुकेरी,22.8,10:35,11:35,SC-TPL,DAILY,शालेय,शालेय,SCHOOL
10661,"Banda To Fukeri",Banda,Fukeri,,MO,8519,Fukeri,22.8,,,बांदा,फुकेरी,22.8,10:35,11:35,SC-TPL,DAILY,शालेय,शालेय,SCHOOL
11281,"Vengurle To Kelus Mobarwadi",Vengurle,"Kelus Mobarwadi",,MO,9824,Vengurle,,,,वेंगुर्ला,"केळूस मोबार",19.3,08:20,09:00,,,,,
11281,"Vengurle To Kelus Mobarwadi",Vengurle,"Kelus Mobarwadi",,MO,9696,Lokhandewadi,2.8,,,वेंगुर्ला,"केळूस मोबार",19.3,08:20,09:00,,,,,
11281,"Vengurle To Kelus Mobarwadi",Vengurle,"Kelus Mobarwadi",,MO,9625,"Dabholi Matha",5.8,,,वेंगुर्ला,"केळूस मोबार",19.3,08:20,09:00,,,,,
11281,"Vengurle To Kelus Mobarwadi",Vengurle,"Kelus Mobarwadi",,MO,9677,"Khanoli Ganapati Mandir",8.8,,,वेंगुर्ला,"केळूस मोबार",19.3,08:20,09:00,,,,,
11281,"Vengurle To Kelus Mobarwadi",Vengurle,"Kelus Mobarwadi",,MO,9605,"Awere Bridge",11.9,,,वेंगुर्ला,"केळूस मोबार",19.3,08:20,09:00,,,,,
11281,"Vengurle To Kelus Mobarwadi",Vengurle,"Kelus Mobarwadi",,MO,9608,"Bagalachi Rai Chidanand Math",14.9,,,वेंगुर्ला,"केळूस मोबार",19.3,08:20,09:00,,,,,
11281,"Vengurle To Kelus Mobarwadi",Vengurle,"Kelus Mobarwadi",,MO,9662,"Kalvi Titha",15.4,,,वेंगुर्ला,"केळूस मोबार",19.3,08:20,09:00,,,,,
11281,"Vengurle To Kelus Mobarwadi",Vengurle,"Kelus Mobarwadi",,MO,9661,"Kalvi Bandar",17,,,वेंगुर्ला,"केळूस मोबार",19.3,08:20,09:00,,,,,
11281,"Vengurle To Kelus Mobarwadi",Vengurle,"Kelus Mobarwadi",,MO,9674,"Kelus Titha",18,,,वेंगुर्ला,"केळूस मोबार",19.3,08:20,09:00,,,,,
11281,"Vengurle To Kelus Mobarwadi",Vengurle,"Kelus Mobarwadi",,MO,9673,"Kelus Taradevi Mandir",18.1,,,वेंगुर्ला,"केळूस मोबार",19.3,08:20,09:00,,,,,
11281,"Vengurle To Kelus Mobarwadi",Vengurle,"Kelus Mobarwadi",,MO,9672,"Kelus Mobarwadi",18.3,,,वेंगुर्ला,"केळूस मोबार",19.3,08:20,09:00,,,,,
11286,"Vengurle To Redi Kanyal Via Ansur Ghati",Vengurle,"Redi Kanyal","ANSUR GHATI",MO,9824,Vengurle,,,,वेंगुर्ला,कनयाळ,24.7,12:00,12:50,SC,DAILY,शालेय,शालेय,SCHOOL
11286,"Vengurle To Redi Kanyal Via Ansur Ghati",Vengurle,"Redi Kanyal","ANSUR GHATI",MO,9765,"Rameshwar Mandir",2.1,,,वेंगुर्ला,कनयाळ,24.7,12:00,12:50,SC,DAILY,शालेय,शालेय,SCHOOL
11286,"Vengurle To Redi Kanyal Via Ansur Ghati",Vengurle,"Redi Kanyal","ANSUR GHATI",MO,9599,"Ansur Titha",2.9,,,वेंगुर्ला,कनयाळ,24.7,12:00,12:50,SC,DAILY,शालेय,शालेय,SCHOOL
11286,"Vengurle To Redi Kanyal Via Ansur Ghati",Vengurle,"Redi Kanyal","ANSUR GHATI",MO,9597,"Ansur Ghati",5,,,वेंगुर्ला,कनयाळ,24.7,12:00,12:50,SC,DAILY,शालेय,शालेय,SCHOOL
11286,"Vengurle To Redi Kanyal Via Ansur Ghati",Vengurle,"Redi Kanyal","ANSUR GHATI",MO,9598,"Ansur School",7.9,,,वेंगुर्ला,कनयाळ,24.7,12:00,12:50,SC,DAILY,शालेय,शालेय,SCHOOL
11286,"Vengurle To Redi Kanyal Via Ansur Ghati",Vengurle,"Redi Kanyal","ANSUR GHATI",MO,9645,"Godawane Mangar",8.5,,,वेंगुर्ला,कनयाळ,24.7,12:00,12:50,SC,DAILY,शालेय,शालेय,SCHOOL
11286,"Vengurle To Redi Kanyal Via Ansur Ghati",Vengurle,"Redi Kanyal","ANSUR GHATI",MO,9730,Naichiad,11.2,,,वेंगुर्ला,कनयाळ,24.7,12:00,12:50,SC,DAILY,शालेय,शालेय,SCHOOL
11286,"Vengurle To Redi Kanyal Via Ansur Ghati",Vengurle,"Redi Kanyal","ANSUR GHATI",MO,9797,"Tak Maruti Mandir",12.6,,,वेंगुर्ला,कनयाळ,24.7,12:00,12:50,SC,DAILY,शालेय,शालेय,SCHOOL
11286,"Vengurle To Redi Kanyal Via Ansur Ghati",Vengurle,"Redi Kanyal","ANSUR GHATI",MO,9630,Darusta,12.8,,,वेंगुर्ला,कनयाळ,24.7,12:00,12:50,SC,DAILY,शालेय,शालेय,SCHOOL
11286,"Vengurle To Redi Kanyal Via Ansur Ghati",Vengurle,"Redi Kanyal","ANSUR GHATI",MO,9601,Arawali,12.9,,,वेंगुर्ला,कनयाळ,24.7,12:00,12:50,SC,DAILY,शालेय,शालेय,SCHOOL
11286,"Vengurle To Redi Kanyal Via Ansur Ghati",Vengurle,"Redi Kanyal","ANSUR GHATI",MO,9835,"Arawali Hospital",15.5,,,वेंगुर्ला,कनयाळ,24.7,12:00,12:50,SC,DAILY,शालेय,शालेय,SCHOOL
11286,"Vengurle To Redi Kanyal Via Ansur Ghati",Vengurle,"Redi Kanyal","ANSUR GHATI",MO,9789,Shiroda,17.2,,,वेंगुर्ला,कनयाळ,24.7,12:00,12:50,SC,DAILY,शालेय,शालेय,SCHOOL
11286,"Vengurle To Redi Kanyal Via Ansur Ghati",Vengurle,"Redi Kanyal","ANSUR GHATI",MO,9653,"Huda Fata",20,,,वेंगुर्ला,कनयाळ,24.7,12:00,12:50,SC,DAILY,शालेय,शालेय,SCHOOL
11286,"Vengurle To Redi Kanyal Via Ansur Ghati",Vengurle,"Redi Kanyal","ANSUR GHATI",MO,9769,"Redi Mauli Mandir",22.9,,,वेंगुर्ला,कनयाळ,24.7,12:00,12:50,SC,DAILY,शालेय,शालेय,SCHOOL
11286,"Vengurle To Redi Kanyal Via Ansur Ghati",Vengurle,"Redi Kanyal","ANSUR GHATI",MO,9768,"Redi Kanyal",24.7,,,वेंगुर्ला,कनयाळ,24.7,12:00,12:50,SC,DAILY,शालेय,शालेय,SCHOOL
11299,"Vengurle To Vengurle Via Waingani",Vengurle,Vengurle,WAINGANI,MO,9824,Vengurle,,,,वेंगुर्ला,"वायंगणी वेंगुर्ला",19,08:30,09:15,OBL,DAILY,,,
11299,"Vengurle To Vengurle Via Waingani",Vengurle,Vengurle,WAINGANI,MO,9696,Lokhandewadi,2.8,,,वेंगुर्ला,"वायंगणी वेंगुर्ला",19,08:30,09:15,OBL,DAILY,,,
11299,"Vengurle To Vengurle Via Waingani",Vengurle,Vengurle,WAINGANI,MO,9713,"Mestri House",6.2,,,वेंगुर्ला,"वायंगणी वेंगुर्ला",19,08:30,09:15,OBL,DAILY,,,
11299,"Vengurle To Vengurle Via Waingani",Vengurle,Vengurle,WAINGANI,MO,9832,Waingani,9.5,,,वेंगुर्ला,"वायंगणी वेंगुर्ला",19,08:30,09:15,OBL,DAILY,,,
11299,"Vengurle To Vengurle Via Waingani",Vengurle,Vengurle,WAINGANI,MO,9713,"Mestri House",12.8,,,वेंगुर्ला,"वायंगणी वेंगुर्ला",19,08:30,09:15,OBL,DAILY,,,
11299,"Vengurle To Vengurle Via Waingani",Vengurle,Vengurle,WAINGANI,MO,9696,Lokhandewadi,16.2,,,वेंगुर्ला,"वायंगणी वेंगुर्ला",19,08:30,09:15,OBL,DAILY,,,
11299,"Vengurle To Vengurle Via Waingani",Vengurle,Vengurle,WAINGANI,MO,9824,Vengurle,19,,,वेंगुर्ला,"वायंगणी वेंगुर्ला",19,08:30,09:15,OBL,DAILY,,,
17592,"Fukeri To Banda",Fukeri,Banda,,MO,8519,Fukeri,,,,फुकेरी,बांदा,22.8,11:40,12:40,SC-TPL,DAILY,,,
17592,"Fukeri To Banda",Fukeri,Banda,,MO,2362,"Kolte House",3.1,,,फुकेरी,बांदा,22.8,11:40,12:40,SC-TPL,DAILY,,,
17592,"Fukeri To Banda",Fukeri,Banda,,MO,2356,"Zolambe Fukeri Titha",5.8,,,फुकेरी,बांदा,22.8,11:40,12:40,SC-TPL,DAILY,,,
17592,"Fukeri To Banda",Fukeri,Banda,,MO,2357,Zolambe,8,,,फुकेरी,बांदा,22.8,11:40,12:40,SC-TPL,DAILY,,,
17592,"Fukeri To Banda",Fukeri,Banda,,MO,2358,"Zolambe Tulpulewadi",9.5,,,फुकेरी,बांदा,22.8,11:40,12:40,SC-TPL,DAILY,,,
17592,"Fukeri To Banda",Fukeri,Banda,,MO,2352,"Talkat Soci",10.1,,,फुकेरी,बांदा,22.8,11:40,12:40,SC-TPL,DAILY,,,
17592,"Fukeri To Banda",Fukeri,Banda,,MO,2353,"Talkat Nursary",12.4,,,फुकेरी,बांदा,22.8,11:40,12:40,SC-TPL,DAILY,,,
17592,"Fukeri To Banda",Fukeri,Banda,,MO,8565,"Margaon Bagwadi",14.7,,,फुकेरी,बांदा,22.8,11:40,12:40,SC-TPL,DAILY,,,
17592,"Fukeri To Banda",Fukeri,Banda,,MO,8620,"Padave Mazgaon",15.2,,,फुकेरी,बांदा,22.8,11:40,12:40,SC-TPL,DAILY,,,
17592,"Fukeri To Banda",Fukeri,Banda,,MO,8558,"Kumbral Fata",17.3,,,फुकेरी,बांदा,22.8,11:40,12:40,SC-TPL,DAILY,,,
17592,"Fukeri To Banda",Fukeri,Banda,,MO,8503,Degve,19.8,,,फुकेरी,बांदा,22.8,11:40,12:40,SC-TPL,DAILY,,,
17592,"Fukeri To Banda",Fukeri,Banda,,MO,8619,Panval,21.4,,,फुकेरी,बांदा,22.8,11:40,12:40,SC-TPL,DAILY,,,
17592,"Fukeri To Banda",Fukeri,Banda,,MO,8486,Banda,22.8,,,फुकेरी,बांदा,22.8,11:40,12:40,SC-TPL,DAILY,,,
19981,"Shiroda To Banda",Shiroda,Banda,,MO,9789,Shiroda,,,,शिरोडा,बांदा,30.2,16:40,17:40,SC,DAILY,,,
19981,"Shiroda To Banda",Shiroda,Banda,,MO,9592,"Ajgaon Marathi School",3,,,शिरोडा,बांदा,30.2,16:40,17:40,SC,DAILY,,,
19981,"Shiroda To Banda",Shiroda,Banda,,MO,9779,Savardev,6,,,शिरोडा,बांदा,30.2,16:40,17:40,SC,DAILY,,,
19981,"Shiroda To Banda",Shiroda,Banda,,MO,9704,"Malewad Naka",6.7,,,शिरोडा,बांदा,30.2,16:40,17:40,SC,DAILY,,,
19981,"Shiroda To Banda",Shiroda,Banda,,MO,9694,"Kondura Titha",9.2,,,शिरोडा,बांदा,30.2,16:40,17:40,SC,DAILY,,,
19981,"Shiroda To Banda",Shiroda,Banda,,MO,8527,"Giroba Wadi",12.3,,,शिरोडा,बांदा,30.2,16:40,17:40,SC,DAILY,,,
19981,"Shiroda To Banda",Shiroda,Banda,,MO,8471,"Aros Gawthan 1St Stop",15.7,,,शिरोडा,बांदा,30.2,16:40,17:40,SC,DAILY,,,
19981,"Shiroda To Banda",Shiroda,Banda,,MO,8475,"Aros Bazar",18.9,,,शिरोडा,बांदा,30.2,16:40,17:40,SC,DAILY,,,
19981,"Shiroda To Banda",Shiroda,Banda,,MO,8638,Rewathewadi,19,,,शिरोडा,बांदा,30.2,16:40,17:40,SC,DAILY,,,
19981,"Shiroda To Banda",Shiroda,Banda,,MO,8621,"Padlos Keniwada",21.3,,,शिरोडा,बांदा,30.2,16:40,17:40,SC,DAILY,,,
19981,"Shiroda To Banda",Shiroda,Banda,,MO,8625,"Padlos Mandir",24.3,,,शिरोडा,बांदा,30.2,16:40,17:40,SC,DAILY,,,
19981,"Shiroda To Banda",Shiroda,Banda,,MO,8575,"Madura Titha",26.2,,,शिरोडा,बांदा,30.2,16:40,17:40,SC,DAILY,,,
19981,"Shiroda To Banda",Shiroda,Banda,,MO,8590,"Madura School",27.2,,,शिरोडा,बांदा,30.2,16:40,17:40,SC,DAILY,,,
19981,"Shiroda To Banda",Shiroda,Banda,,MO,8642,"Sherla Nadi",30,,,शिरोडा,बांदा,30.2,16:40,17:40,SC,DAILY,,,
19981,"Shiroda To Banda",Shiroda,Banda,,MO,8486,Banda,30.2,,,शिरोडा,बांदा,30.2,16:40,17:40,SC,DAILY,,,
20022,"Kelus Mobarwadi To Vengurle","Kelus Mobarwadi",Vengurle,,MO,9672,"Kelus Mobarwadi",,,,"केळूस मोबार",वेंगुर्ला,25.9,09:15,10:10,"कालवी बंदर मार्गे",,,,
20022,"Kelus Mobarwadi To Vengurle","Kelus Mobarwadi",Vengurle,,MO,9673,"Kelus Taradevi Mandir",0.2,,,"केळूस मोबार",वेंगुर्ला,25.9,09:15,10:10,"कालवी बंदर मार्गे",,,,
20022,"Kelus Mobarwadi To Vengurle","Kelus Mobarwadi",Vengurle,,MO,9674,"Kelus Titha",0.3,,,"केळूस मोबार",वेंगुर्ला,25.9,09:15,10:10,"कालवी बंदर मार्गे",,,,
20022,"Kelus Mobarwadi To Vengurle","Kelus Mobarwadi",Vengurle,,MO,9661,"Kalvi Bandar",3,,,"केळूस मोबार",वेंगुर्ला,25.9,09:15,10:10,"कालवी बंदर मार्गे",,,,
20022,"Kelus Mobarwadi To Vengurle","Kelus Mobarwadi",Vengurle,,MO,9662,"Kalvi Titha",5.9,,,"केळूस मोबार",वेंगुर्ला,25.9,09:15,10:10,"कालवी बंदर मार्गे",,,,
20022,"Kelus Mobarwadi To Vengurle","Kelus Mobarwadi",Vengurle,,MO,9608,"Bagalachi Rai Chidanand Math",8.4,,,"केळूस मोबार",वेंगुर्ला,25.9,09:15,10:10,"कालवी बंदर मार्गे",,,,
20022,"Kelus Mobarwadi To Vengurle","Kelus Mobarwadi",Vengurle,,MO,9605,"Awere Bridge",11.4,,,"केळूस मोबार",वेंगुर्ला,25.9,09:15,10:10,"कालवी बंदर मार्गे",,,,
20022,"Kelus Mobarwadi To Vengurle","Kelus Mobarwadi",Vengurle,,MO,9677,"Khanoli Ganapati Mandir",15.4,,,"केळूस मोबार",वेंगुर्ला,25.9,09:15,10:10,"कालवी बंदर मार्गे",,,,
20022,"Kelus Mobarwadi To Vengurle","Kelus Mobarwadi",Vengurle,,MO,9625,"Dabholi Matha",20.2,,,"केळूस मोबार",वेंगुर्ला,25.9,09:15,10:10,"कालवी बंदर मार्गे",,,,
20022,"Kelus Mobarwadi To Vengurle","Kelus Mobarwadi",Vengurle,,MO,9696,Lokhandewadi,23.5,,,"केळूस मोबार",वेंगुर्ला,25.9,09:15,10:10,"कालवी बंदर मार्गे",,,,
20022,"Kelus Mobarwadi To Vengurle","Kelus Mobarwadi",Vengurle,,MO,9824,Vengurle,25.9,,,"केळूस मोबार",वेंगुर्ला,25.9,09:15,10:10,"कालवी बंदर मार्गे",,,,
20069,"Tendoli Gpo To Vengurle","Tendoli Gpo",Vengurle,,MO,6440,"Tendoli Gpo",,,,तेंडोली,वेंगुर्ला,13,11:00,11:30,,DAILY,,,
20069,"Tendoli Gpo To Vengurle","Tendoli Gpo",Vengurle,,MO,9618,Biba,1.8,,,तेंडोली,वेंगुर्ला,13,11:00,11:30,,DAILY,,,
20069,"Tendoli Gpo To Vengurle","Tendoli Gpo",Vengurle,,MO,9787,"Sheti Shala",5,,,तेंडोली,वेंगुर्ला,13,11:00,11:30,,DAILY,,,
20069,"Tendoli Gpo To Vengurle","Tendoli Gpo",Vengurle,,MO,9625,"Dabholi Matha",8.4,,,तेंडोली,वेंगुर्ला,13,11:00,11:30,,DAILY,,,
20069,"Tendoli Gpo To Vengurle","Tendoli Gpo",Vengurle,,MO,9696,Lokhandewadi,11.1,,,तेंडोली,वेंगुर्ला,13,11:00,11:30,,DAILY,,,
20069,"Tendoli Gpo To Vengurle","Tendoli Gpo",Vengurle,,MO,9824,Vengurle,13,,,तेंडोली,वेंगुर्ला,13,11:00,11:30,,DAILY,,,
60731,"Banda To Shiroda Via Malewad Savlwadi",Banda,Shiroda,"MALEWAD SAVLWADI",MO,8486,Banda,,,,बांदा,शिरोडा,27,15:30,16:30,NON,DAILY,,,
60731,"Banda To Shiroda Via Malewad Savlwadi",Banda,Shiroda,"MALEWAD SAVLWADI",MO,8542,"Khamdev Naka",2,,,बांदा,शिरोडा,27,15:30,16:30,NON,DAILY,,,
60731,"Banda To Shiroda Via Malewad Savlwadi",Banda,Shiroda,"MALEWAD SAVLWADI",MO,8642,"Sherla Nadi",3.6,,,बांदा,शिरोडा,27,15:30,16:30,NON,DAILY,,,
60731,"Banda To Shiroda Via Malewad Savlwadi",Banda,Shiroda,"MALEWAD SAVLWADI",MO,8590,"Madura School",5.8,,,बांदा,शिरोडा,27,15:30,16:30,NON,DAILY,,,
60731,"Banda To Shiroda Via Malewad Savlwadi",Banda,Shiroda,"MALEWAD SAVLWADI",MO,8625,"Padlos Mandir",8.8,,,बांदा,शिरोडा,27,15:30,16:30,NON,DAILY,,,
60731,"Banda To Shiroda Via Malewad Savlwadi",Banda,Shiroda,"MALEWAD SAVLWADI",MO,8621,"Padlos Keniwada",12.3,,,बांदा,शिरोडा,27,15:30,16:30,NON,DAILY,,,
60731,"Banda To Shiroda Via Malewad Savlwadi",Banda,Shiroda,"MALEWAD SAVLWADI",MO,8475,"Aros Bazar",15.1,,,बांदा,शिरोडा,27,15:30,16:30,NON,DAILY,,,
60731,"Banda To Shiroda Via Malewad Savlwadi",Banda,Shiroda,"MALEWAD SAVLWADI",MO,9694,"Kondura Titha",18,,,बांदा,शिरोडा,27,15:30,16:30,NON,DAILY,,,
60731,"Banda To Shiroda Via Malewad Savlwadi",Banda,Shiroda,"MALEWAD SAVLWADI",MO,9704,"Malewad Naka",19,,,बांदा,शिरोडा,27,15:30,16:30,NON,DAILY,,,
60731,"Banda To Shiroda Via Malewad Savlwadi",Banda,Shiroda,"MALEWAD SAVLWADI",MO,9706,"Malewad Savlwadi",20,,,बांदा,शिरोडा,27,15:30,16:30,NON,DAILY,,,
60731,"Banda To Shiroda Via Malewad Savlwadi",Banda,Shiroda,"MALEWAD SAVLWADI",MO,63273,Gawalewadi,21,,,बांदा,शिरोडा,27,15:30,16:30,NON,DAILY,,,
60731,"Banda To Shiroda Via Malewad Savlwadi",Banda,Shiroda,"MALEWAD SAVLWADI",MO,9592,"Ajgaon Marathi School",24,,,बांदा,शिरोडा,27,15:30,16:30,NON,DAILY,,,
60731,"Banda To Shiroda Via Malewad Savlwadi",Banda,Shiroda,"MALEWAD SAVLWADI",MO,9789,Shiroda,27,,,बांदा,शिरोडा,27,15:30,16:30,NON,DAILY,,,
87292,"Kiranpani To Satarda",Kiranpani,Satarda,,MO,9687,Kiranpani,,,,"किरण पाणी",सातार्डा,15.5,16:50,17:20,OBL,SAT,शालेय,शालेय,SCHOOL
87292,"Kiranpani To Satarda",Kiranpani,Satarda,,MO,8472,Aronda,2,,,"किरण पाणी",सातार्डा,15.5,16:50,17:20,OBL,SAT,शालेय,शालेय,SCHOOL
87292,"Kiranpani To Satarda",Kiranpani,Satarda,,MO,9680,Khari,3,,,"किरण पाणी",सातार्डा,15.5,16:50,17:20,OBL,SAT,शालेय,शालेय,SCHOOL
87292,"Kiranpani To Satarda",Kiranpani,Satarda,,MO,9788,Shetkarwadi,4,,,"किरण पाणी",सातार्डा,15.5,16:50,17:20,OBL,SAT,शालेय,शालेय,SCHOOL
87292,"Kiranpani To Satarda",Kiranpani,Satarda,,MO,9705,"Malewad Ranewadi",6,,,"किरण पाणी",सातार्डा,15.5,16:50,17:20,OBL,SAT,शालेय,शालेय,SCHOOL
87292,"Kiranpani To Satarda",Kiranpani,Satarda,,MO,9704,"Malewad Naka",7,,,"किरण पाणी",सातार्डा,15.5,16:50,17:20,OBL,SAT,शालेय,शालेय,SCHOOL
87292,"Kiranpani To Satarda",Kiranpani,Satarda,,MO,9779,Savardev,9,,,"किरण पाणी",सातार्डा,15.5,16:50,17:20,OBL,SAT,शालेय,शालेय,SCHOOL
87292,"Kiranpani To Satarda",Kiranpani,Satarda,,MO,9591,Ajgaon,10,,,"किरण पाणी",सातार्डा,15.5,16:50,17:20,OBL,SAT,शालेय,शालेय,SCHOOL
87292,"Kiranpani To Satarda",Kiranpani,Satarda,,MO,9592,"Ajgaon Marathi School",12,,,"किरण पाणी",सातार्डा,15.5,16:50,17:20,OBL,SAT,शालेय,शालेय,SCHOOL
87292,"Kiranpani To Satarda",Kiranpani,Satarda,,MO,9789,Shiroda,15,,,"किरण पाणी",सातार्डा,15.5,16:50,17:20,OBL,SAT,शालेय,शालेय,SCHOOL
87292,"Kiranpani To Satarda",Kiranpani,Satarda,,MO,9592,"Ajgaon Marathi School",18,,,"किरण पाणी",सातार्डा,15.5,16:50,17:20,OBL,SAT,शालेय,शालेय,SCHOOL
87292,"Kiranpani To Satarda",Kiranpani,Satarda,,MO,9591,Ajgaon,19,,,"किरण पाणी",सातार्डा,15.5,16:50,17:20,OBL,SAT,शालेय,शालेय,SCHOOL
87292,"Kiranpani To Satarda",Kiranpani,Satarda,,MO,9779,Savardev,21,,,"किरण पाणी",सातार्डा,15.5,16:50,17:20,OBL,SAT,शालेय,शालेय,SCHOOL
87292,"Kiranpani To Satarda",Kiranpani,Satarda,,MO,9704,"Malewad Naka",22,,,"किरण पाणी",सातार्डा,15.5,16:50,17:20,OBL,SAT,शालेय,शालेय,SCHOOL
87292,"Kiranpani To Satarda",Kiranpani,Satarda,,MO,9693,"Kondura Aros Titha",24,,,"किरण पाणी",सातार्डा,15.5,16:50,17:20,OBL,SAT,शालेय,शालेय,SCHOOL
87292,"Kiranpani To Satarda",Kiranpani,Satarda,,MO,9775,"Sateli Mandir",27,,,"किरण पाणी",सातार्डा,15.5,16:50,17:20,OBL,SAT,शालेय,शालेय,SCHOOL
87292,"Kiranpani To Satarda",Kiranpani,Satarda,,MO,9774,"Satarda Mandir",30,,,"किरण पाणी",सातार्डा,15.5,16:50,17:20,OBL,SAT,शालेय,शालेय,SCHOOL
87292,"Kiranpani To Satarda",Kiranpani,Satarda,,MO,8659,Satarda,35,,,"किरण पाणी",सातार्डा,15.5,16:50,17:20,OBL,SAT,शालेय,शालेय,SCHOOL
120232,"Vetore High School To Vengurle","Vetore High School",Vengurle,,MO,6457,"Vetore High School",,,,"वेतोरे हायस्कूल",वेंगुर्ला,15,16:45,17:15,SC,SAT-SUN,शालेय,शालेय,SCHOOL
120232,"Vetore High School To Vengurle","Vetore High School",Vengurle,,MO,6458,"Vetore Titha",0.9,,,"वेतोरे हायस्कूल",वेंगुर्ला,15,16:45,17:15,SC,SAT-SUN,शालेय,शालेय,SCHOOL
120232,"Vetore High School To Vengurle","Vetore High School",Vengurle,,MO,9776,"Sateri Mandir",1.9,,,"वेतोरे हायस्कूल",वेंगुर्ला,15,16:45,17:15,SC,SAT-SUN,शालेय,शालेय,SCHOOL
120232,"Vetore High School To Vengurle","Vetore High School",Vengurle,,MO,9678,"Khanoli Rawalnath Mandir",5.2,,,"वेतोरे हायस्कूल",वेंगुर्ला,15,16:45,17:15,SC,SAT-SUN,शालेय,शालेय,SCHOOL
120232,"Vetore High School To Vengurle","Vetore High School",Vengurle,,MO,9620,"Bowalekar Wadi",8.4,,,"वेतोरे हायस्कूल",वेंगुर्ला,15,16:45,17:15,SC,SAT-SUN,शालेय,शालेय,SCHOOL
120232,"Vetore High School To Vengurle","Vetore High School",Vengurle,,MO,9627,"Dabholi Waingani Titha",9.9,,,"वेतोरे हायस्कूल",वेंगुर्ला,15,16:45,17:15,SC,SAT-SUN,शालेय,शालेय,SCHOOL
120232,"Vetore High School To Vengurle","Vetore High School",Vengurle,,MO,9697,"Lokhandewadi Titha",11,,,"वेतोरे हायस्कूल",वेंगुर्ला,15,16:45,17:15,SC,SAT-SUN,शालेय,शालेय,SCHOOL
120232,"Vetore High School To Vengurle","Vetore High School",Vengurle,,MO,9824,Vengurle,15,,,"वेतोरे हायस्कूल",वेंगुर्ला,15,16:45,17:15,SC,SAT-SUN,शालेय,शालेय,SCHOOL
121035,"Sawantwadi To Vengurle Via Dharam Gawadewadi",Sawantwadi,Vengurle,"DHARAM GAWADEWADI",MO,8663,Sawantwadi,,,,सावंतवाडी,वेंगुर्ला,36.2,14:15,15:35,NON,DAILY,,,
121035,"Sawantwadi To Vengurle Via Dharam Gawadewadi",Sawantwadi,Vengurle,"DHARAM GAWADEWADI",MO,8523,"Gulabi Titha",3.3,,,सावंतवाडी,वेंगुर्ला,36.2,14:15,15:35,NON,DAILY,,,
121035,"Sawantwadi To Vengurle Via Dharam Gawadewadi",Sawantwadi,Vengurle,"DHARAM GAWADEWADI",MO,8580,Malgaon,5.9,,,सावंतवाडी,वेंगुर्ला,36.2,14:15,15:35,NON,DAILY,,,
121035,"Sawantwadi To Vengurle Via Dharam Gawadewadi",Sawantwadi,Vengurle,"DHARAM GAWADEWADI",MO,8674,"Vengurle Shiroda Titha",6.3,,,सावंतवाडी,वेंगुर्ला,36.2,14:15,15:35,NON,DAILY,,,
121035,"Sawantwadi To Vengurle Via Dharam Gawadewadi",Sawantwadi,Vengurle,"DHARAM GAWADEWADI",MO,8665,"Sawantwadi Rly. Stn.",7.2,,,सावंतवाडी,वेंगुर्ला,36.2,14:15,15:35,NON,DAILY,,,
121035,"Sawantwadi To Vengurle Via Dharam Gawadewadi",Sawantwadi,Vengurle,"DHARAM GAWADEWADI",MO,9692,"Konapal Bhaid",9.8,,,सावंतवाडी,वेंगुर्ला,36.2,14:15,15:35,NON,DAILY,,,
121035,"Sawantwadi To Vengurle Via Dharam Gawadewadi",Sawantwadi,Vengurle,"DHARAM GAWADEWADI",MO,9798,"Talawade Gate",13.6,,,सावंतवाडी,वेंगुर्ला,36.2,14:15,15:35,NON,DAILY,,,
121035,"Sawantwadi To Vengurle Via Dharam Gawadewadi",Sawantwadi,Vengurle,"DHARAM GAWADEWADI",MO,9854,"Talawade Parabwada",14.7,,,सावंतवाडी,वेंगुर्ला,36.2,14:15,15:35,NON,DAILY,,,
121035,"Sawantwadi To Vengurle Via Dharam Gawadewadi",Sawantwadi,Vengurle,"DHARAM GAWADEWADI",MO,9712,"Matond Sateri Mandir",18.2,,,सावंतवाडी,वेंगुर्ला,36.2,14:15,15:35,NON,DAILY,,,
121035,"Sawantwadi To Vengurle Via Dharam Gawadewadi",Sawantwadi,Vengurle,"DHARAM GAWADEWADI",MO,9782,Sawantwada,18.3,,,सावंतवाडी,वेंगुर्ला,36.2,14:15,15:35,NON,DAILY,,,
121035,"Sawantwadi To Vengurle Via Dharam Gawadewadi",Sawantwadi,Vengurle,"DHARAM GAWADEWADI",MO,9621,Chavata,18.7,,,सावंतवाडी,वेंगुर्ला,36.2,14:15,15:35,NON,DAILY,,,
121035,"Sawantwadi To Vengurle Via Dharam Gawadewadi",Sawantwadi,Vengurle,"DHARAM GAWADEWADI",MO,9604,"Asuli Pal Fata",20.4,,,सावंतवाडी,वेंगुर्ला,36.2,14:15,15:35,NON,DAILY,,,
121035,"Sawantwadi To Vengurle Via Dharam Gawadewadi",Sawantwadi,Vengurle,"DHARAM GAWADEWADI",MO,9788,Shetkarwadi,21.8,,,सावंतवाडी,वेंगुर्ला,36.2,14:15,15:35,NON,DAILY,,,
121035,"Sawantwadi To Vengurle Via Dharam Gawadewadi",Sawantwadi,Vengurle,"DHARAM GAWADEWADI",MO,9731,Naikwadi,22.8,,,सावंतवाडी,वेंगुर्ला,36.2,14:15,15:35,NON,DAILY,,,
121035,"Sawantwadi To Vengurle Via Dharam Gawadewadi",Sawantwadi,Vengurle,"DHARAM GAWADEWADI",MO,9744,"Pal Gpo",23.1,,,सावंतवाडी,वेंगुर्ला,36.2,14:15,15:35,NON,DAILY,,,
121035,"Sawantwadi To Vengurle Via Dharam Gawadewadi",Sawantwadi,Vengurle,"DHARAM GAWADEWADI",MO,9819,Vadalwadi,23.9,,,सावंतवाडी,वेंगुर्ला,36.2,14:15,15:35,NON,DAILY,,,
121035,"Sawantwadi To Vengurle Via Dharam Gawadewadi",Sawantwadi,Vengurle,"DHARAM GAWADEWADI",MO,9825,"Vetaleshwar Stop",24.4,,,सावंतवाडी,वेंगुर्ला,36.2,14:15,15:35,NON,DAILY,,,
121035,"Sawantwadi To Vengurle Via Dharam Gawadewadi",Sawantwadi,Vengurle,"DHARAM GAWADEWADI",MO,9634,"Dharam Gawadewadi",25,,,सावंतवाडी,वेंगुर्ला,36.2,14:15,15:35,NON,DAILY,,,
121035,"Sawantwadi To Vengurle Via Dharam Gawadewadi",Sawantwadi,Vengurle,"DHARAM GAWADEWADI",MO,9766,"Rameshwar Stop",25.5,,,सावंतवाडी,वेंगुर्ला,36.2,14:15,15:35,NON,DAILY,,,
121035,"Sawantwadi To Vengurle Via Dharam Gawadewadi",Sawantwadi,Vengurle,"DHARAM GAWADEWADI",MO,9597,"Ansur Ghati",26.5,,,सावंतवाडी,वेंगुर्ला,36.2,14:15,15:35,NON,DAILY,,,
121035,"Sawantwadi To Vengurle Via Dharam Gawadewadi",Sawantwadi,Vengurle,"DHARAM GAWADEWADI",MO,9599,"Ansur Titha",28.5,,,सावंतवाडी,वेंगुर्ला,36.2,14:15,15:35,NON,DAILY,,,
121035,"Sawantwadi To Vengurle Via Dharam Gawadewadi",Sawantwadi,Vengurle,"DHARAM GAWADEWADI",MO,9765,"Rameshwar Mandir",31.4,,,सावंतवाडी,वेंगुर्ला,36.2,14:15,15:35,NON,DAILY,,,
121035,"Sawantwadi To Vengurle Via Dharam Gawadewadi",Sawantwadi,Vengurle,"DHARAM GAWADEWADI",MO,9824,Vengurle,36.2,,,सावंतवाडी,वेंगुर्ला,36.2,14:15,15:35,NON,DAILY,,,
125981,"Devgad To Vengurle",Devgad,Vengurle,,MO,1685,Devgad,,,,देवगड,वेंगुर्ला,116.3,17:00,20:40,SD,DAIL,शालेय,शालेय,SCHOOL
125981,"Devgad To Vengurle",Devgad,Vengurle,,MO,1759,Jamsande,2.5,,,देवगड,वेंगुर्ला,116.3,17:00,20:40,SD,DAIL,शालेय,शालेय,SCHOOL
125981,"Devgad To Vengurle",Devgad,Vengurle,,MO,1715,"Gadaiche Pani",6.8,,,देवगड,वेंगुर्ला,116.3,17:00,20:40,SD,DAIL,शालेय,शालेय,SCHOOL
125981,"Devgad To Vengurle",Devgad,Vengurle,,MO,1871,"Mond-Dhabhol Titha",8.5,,,देवगड,वेंगुर्ला,116.3,17:00,20:40,SD,DAIL,शालेय,शालेय,SCHOOL
125981,"Devgad To Vengurle",Devgad,Vengurle,,MO,1773,Kodamba,9.9,,,देवगड,वेंगुर्ला,116.3,17:00,20:40,SD,DAIL,शालेय,शालेय,SCHOOL
125981,"Devgad To Vengurle",Devgad,Vengurle,,MO,1640,"Bhekar Taka",12.4,,,देवगड,वेंगुर्ला,116.3,17:00,20:40,SD,DAIL,शालेय,शालेय,SCHOOL
125981,"Devgad To Vengurle",Devgad,Vengurle,,MO,1997,"Tale Bazar",13.3,,,देवगड,वेंगुर्ला,116.3,17:00,20:40,SD,DAIL,शालेय,शालेय,SCHOOL
125981,"Devgad To Vengurle",Devgad,Vengurle,,MO,1831,"Lingdal Titha",17.1,,,देवगड,वेंगुर्ला,116.3,17:00,20:40,SD,DAIL,शालेय,शालेय,SCHOOL
125981,"Devgad To Vengurle",Devgad,Vengurle,,MO,1630,"Are Fata",18.2,,,देवगड,वेंगुर्ला,116.3,17:00,20:40,SD,DAIL,शालेय,शालेय,SCHOOL
125981,"Devgad To Vengurle",Devgad,Vengurle,,MO,2042,Waliwande,19.5,,,देवगड,वेंगुर्ला,116.3,17:00,20:40,SD,DAIL,शालेय,शालेय,SCHOOL
125981,"Devgad To Vengurle",Devgad,Vengurle,,MO,1697,Dhopatewadi,22.1,,,देवगड,वेंगुर्ला,116.3,17:00,20:40,SD,DAIL,शालेय,शालेय,SCHOOL
125981,"Devgad To Vengurle",Devgad,Vengurle,,MO,1978,Shirgaon,24.9,,,देवगड,वेंगुर्ला,116.3,17:00,20:40,SD,DAIL,शालेय,शालेय,SCHOOL
125981,"Devgad To Vengurle",Devgad,Vengurle,,MO,1971,Rakasghati,27.7,,,देवगड,वेंगुर्ला,116.3,17:00,20:40,SD,DAIL,शालेय,शालेय,SCHOOL
125981,"Devgad To Vengurle",Devgad,Vengurle,,MO,1743,Hadpid,30.3,,,देवगड,वेंगुर्ला,116.3,17:00,20:40,SD,DAIL,शालेय,शालेय,SCHOOL
125981,"Devgad To Vengurle",Devgad,Vengurle,,MO,1742,"Hadpid Bridge",31,,,देवगड,वेंगुर्ला,116.3,17:00,20:40,SD,DAIL,शालेय,शालेय,SCHOOL
125981,"Devgad To Vengurle",Devgad,Vengurle,,MO,1789,Koloshiwadi,33.9,,,देवगड,वेंगुर्ला,116.3,17:00,20:40,SD,DAIL,शालेय,शालेय,SCHOOL
125981,"Devgad To Vengurle",Devgad,Vengurle,,MO,2642,Asalade,36.3,,,देवगड,वेंगुर्ला,116.3,17:00,20:40,SD,DAIL,शालेय,शालेय,SCHOOL
125981,"Devgad To Vengurle",Devgad,Vengurle,,MO,2871,"Nandgaon Fata",38,,,देवगड,वेंगुर्ला,116.3,17:00,20:40,SD,DAIL,शालेय,शालेय,SCHOOL
125981,"Devgad To Vengurle",Devgad,Vengurle,,MO,2870,"Nandgaon Datta Mandir",40.6,,,देवगड,वेंगुर्ला,116.3,17:00,20:40,SD,DAIL,शालेय,शालेय,SCHOOL
125981,"Devgad To Vengurle",Devgad,Vengurle,,MO,2655,Belane,43,,,देवगड,वेंगुर्ला,116.3,17:00,20:40,SD,DAIL,शालेय,शालेय,SCHOOL
125981,"Devgad To Vengurle",Devgad,Vengurle,,MO,2756,"Humrat Titha",45.2,,,देवगड,वेंगुर्ला,116.3,17:00,20:40,SD,DAIL,शालेय,शालेय,SCHOOL
125981,"Devgad To Vengurle",Devgad,Vengurle,,MO,2766,Janavali,49.5,,,देवगड,वेंगुर्ला,116.3,17:00,20:40,SD,DAIL,शालेय,शालेय,SCHOOL
125981,"Devgad To Vengurle",Devgad,Vengurle,,MO,2786,Kankavli,53.3,,,देवगड,वेंगुर्ला,116.3,17:00,20:40,SD,DAIL,शालेय,शालेय,SCHOOL
125981,"Devgad To Vengurle",Devgad,Vengurle,,MO,3001,"Wagade Gpo",58.5,,,देवगड,वेंगुर्ला,116.3,17:00,20:40,SD,DAIL,शालेय,शालेय,SCHOOL
125981,"Devgad To Vengurle",Devgad,Vengurle,,MO,2692,Dangalwadi,59.4,,,देवगड,वेंगुर्ला,116.3,17:00,20:40,SD,DAIL,शालेय,शालेय,SCHOOL
125981,"Devgad To Vengurle",Devgad,Vengurle,,MO,2891,"Osargaon Talav",60.5,,,देवगड,वेंगुर्ला,116.3,17:00,20:40,SD,DAIL,शालेय,शालेय,SCHOOL
125981,"Devgad To Vengurle",Devgad,Vengurle,,MO,2890,"Osargaon Post",63.4,,,देवगड,वेंगुर्ला,116.3,17:00,20:40,SD,DAIL,शालेय,शालेय,SCHOOL
125981,"Devgad To Vengurle",Devgad,Vengurle,,MO,6315,"Mile Stone",65.3,,,देवगड,वेंगुर्ला,116.3,17:00,20:40,SD,DAIL,शालेय,शालेय,SCHOOL
125981,"Devgad To Vengurle",Devgad,Vengurle,,MO,6281,Kasal,67.7,,,देवगड,वेंगुर्ला,116.3,17:00,20:40,SD,DAIL,शालेय,शालेय,SCHOOL
125981,"Devgad To Vengurle",Devgad,Vengurle,,MO,6282,"Kasal Balamwadi",69.1,,,देवगड,वेंगुर्ला,116.3,17:00,20:40,SD,DAIL,शालेय,शालेय,SCHOOL
125981,"Devgad To Vengurle",Devgad,Vengurle,,MO,6116,Awali,70.2,,,देवगड,वेंगुर्ला,116.3,17:00,20:40,SD,DAIL,शालेय,शालेय,SCHOOL
125981,"Devgad To Vengurle",Devgad,Vengurle,,MO,6362,"Oros Bus Stnad",72,,,देवगड,वेंगुर्ला,116.3,17:00,20:40,SD,DAIL,शालेय,शालेय,SCHOOL
125981,"Devgad To Vengurle",Devgad,Vengurle,,MO,6408,Sindhudurgnagari,75.5,,,देवगड,वेंगुर्ला,116.3,17:00,20:40,SD,DAIL,शालेय,शालेय,SCHOOL
125981,"Devgad To Vengurle",Devgad,Vengurle,,MO,6204,"Humarmala Kasale Dukan",77,,,देवगड,वेंगुर्ला,116.3,17:00,20:40,SD,DAIL,शालेय,शालेय,SCHOOL
125981,"Devgad To Vengurle",Devgad,Vengurle,,MO,6365,Pandur,77,,,देवगड,वेंगुर्ला,116.3,17:00,20:40,SD,DAIL,शालेय,शालेय,SCHOOL
125981,"Devgad To Vengurle",Devgad,Vengurle,,MO,88100,Vetalbambarde,79.4,,,देवगड,वेंगुर्ला,116.3,17:00,20:40,SD,DAIL,शालेय,शालेय,SCHOOL
125981,"Devgad To Vengurle",Devgad,Vengurle,,MO,6380,"Pawashi Panchayat",86,,,देवगड,वेंगुर्ला,116.3,17:00,20:40,SD,DAIL,शालेय,शालेय,SCHOOL
125981,"Devgad To Vengurle",Devgad,Vengurle,,MO,6237,"Kudal St Depot",88.5,,,देवगड,वेंगुर्ला,116.3,17:00,20:40,SD,DAIL,शालेय,शालेय,SCHOOL
125981,"Devgad To Vengurle",Devgad,Vengurle,,MO,6376,"Pinguli Titha",91.3,,,देवगड,वेंगुर्ला,116.3,17:00,20:40,SD,DAIL,शालेय,शालेय,SCHOOL
125981,"Devgad To Vengurle",Devgad,Vengurle,,MO,6423,Sativan,94.7,,,देवगड,वेंगुर्ला,116.3,17:00,20:40,SD,DAIL,शालेय,शालेय,SCHOOL
125981,"Devgad To Vengurle",Devgad,Vengurle,,MO,6461,Wadiwarawade,95.6,,,देवगड,वेंगुर्ला,116.3,17:00,20:40,SD,DAIL,शालेय,शालेय,SCHOOL
125981,"Devgad To Vengurle",Devgad,Vengurle,,MO,6459,"Vetore Sub Stage",97,,,देवगड,वेंगुर्ला,116.3,17:00,20:40,SD,DAIL,शालेय,शालेय,SCHOOL
125981,"Devgad To Vengurle",Devgad,Vengurle,,MO,9829,"Vetore Sateri Mandir",99.7,,,देवगड,वेंगुर्ला,116.3,17:00,20:40,SD,DAIL,शालेय,शालेय,SCHOOL
125981,"Devgad To Vengurle",Devgad,Vengurle,,MO,9827,"Vetore Digawewadi",102.1,,,देवगड,वेंगुर्ला,116.3,17:00,20:40,SD,DAIL,शालेय,शालेय,SCHOOL
125981,"Devgad To Vengurle",Devgad,Vengurle,,MO,9668,"Katarniche Bhatale",102.5,,,देवगड,वेंगुर्ला,116.3,17:00,20:40,SD,DAIL,शालेय,शालेय,SCHOOL
125981,"Devgad To Vengurle",Devgad,Vengurle,,MO,9678,"Khanoli Rawalnath Mandir",103.7,,,देवगड,वेंगुर्ला,116.3,17:00,20:40,SD,DAIL,शालेय,शालेय,SCHOOL
125981,"Devgad To Vengurle",Devgad,Vengurle,,MO,9643,Ghogalewadi,104.5,,,देवगड,वेंगुर्ला,116.3,17:00,20:40,SD,DAIL,शालेय,शालेय,SCHOOL
125981,"Devgad To Vengurle",Devgad,Vengurle,,MO,9620,"Bowalekar Wadi",106.9,,,देवगड,वेंगुर्ला,116.3,17:00,20:40,SD,DAIL,शालेय,शालेय,SCHOOL
125981,"Devgad To Vengurle",Devgad,Vengurle,,MO,9627,"Dabholi Waingani Titha",108.4,,,देवगड,वेंगुर्ला,116.3,17:00,20:40,SD,DAIL,शालेय,शालेय,SCHOOL
125981,"Devgad To Vengurle",Devgad,Vengurle,,MO,9697,"Lokhandewadi Titha",109.5,,,देवगड,वेंगुर्ला,116.3,17:00,20:40,SD,DAIL,शालेय,शालेय,SCHOOL
125981,"Devgad To Vengurle",Devgad,Vengurle,,MO,9824,Vengurle,116.3,,,देवगड,वेंगुर्ला,116.3,17:00,20:40,SD,DAIL,शालेय,शालेय,SCHOOL
126223,"Kiranpani To Vengurle Via Agralwadi",Kiranpani,Vengurle,AGRALWADI,MO,9687,Kiranpani,,,,"किरण पाणी",वेंगुर्ला,28.1,06:30,07:30,SC,DAILY,शालेय,शालेय,SCHOOL
126223,"Kiranpani To Vengurle Via Agralwadi",Kiranpani,Vengurle,AGRALWADI,MO,8472,Aronda,0.6,,,"किरण पाणी",वेंगुर्ला,28.1,06:30,07:30,SC,DAILY,शालेय,शालेय,SCHOOL
126223,"Kiranpani To Vengurle Via Agralwadi",Kiranpani,Vengurle,AGRALWADI,MO,9588,Agralwadi,2.7,,,"किरण पाणी",वेंगुर्ला,28.1,06:30,07:30,SC,DAILY,शालेय,शालेय,SCHOOL
126223,"Kiranpani To Vengurle Via Agralwadi",Kiranpani,Vengurle,AGRALWADI,MO,9653,"Huda Fata",6.1,,,"किरण पाणी",वेंगुर्ला,28.1,06:30,07:30,SC,DAILY,शालेय,शालेय,SCHOOL
126223,"Kiranpani To Vengurle Via Agralwadi",Kiranpani,Vengurle,AGRALWADI,MO,9789,Shiroda,8.9,,,"किरण पाणी",वेंगुर्ला,28.1,06:30,07:30,SC,DAILY,शालेय,शालेय,SCHOOL
126223,"Kiranpani To Vengurle Via Agralwadi",Kiranpani,Vengurle,AGRALWADI,MO,9601,Arawali,13.3,,,"किरण पाणी",वेंगुर्ला,28.1,06:30,07:30,SC,DAILY,शालेय,शालेय,SCHOOL
126223,"Kiranpani To Vengurle Via Agralwadi",Kiranpani,Vengurle,AGRALWADI,MO,9730,Naichiad,14.9,,,"किरण पाणी",वेंगुर्ला,28.1,06:30,07:30,SC,DAILY,शालेय,शालेय,SCHOOL
126223,"Kiranpani To Vengurle Via Agralwadi",Kiranpani,Vengurle,AGRALWADI,MO,9699,"Mail Dagad",15,,,"किरण पाणी",वेंगुर्ला,28.1,06:30,07:30,SC,DAILY,शालेय,शालेय,SCHOOL
126223,"Kiranpani To Vengurle Via Agralwadi",Kiranpani,Vengurle,AGRALWADI,MO,9722,Mochemand,17.7,,,"किरण पाणी",वेंगुर्ला,28.1,06:30,07:30,SC,DAILY,शालेय,शालेय,SCHOOL
126223,"Kiranpani To Vengurle Via Agralwadi",Kiranpani,Vengurle,AGRALWADI,MO,9726,"Mundale Shop",18.9,,,"किरण पाणी",वेंगुर्ला,28.1,06:30,07:30,SC,DAILY,शालेय,शालेय,SCHOOL
126223,"Kiranpani To Vengurle Via Agralwadi",Kiranpani,Vengurle,AGRALWADI,MO,9817,"Ubhadanda School -2",21.1,,,"किरण पाणी",वेंगुर्ला,28.1,06:30,07:30,SC,DAILY,शालेय,शालेय,SCHOOL
126223,"Kiranpani To Vengurle Via Agralwadi",Kiranpani,Vengurle,AGRALWADI,MO,9824,Vengurle,28.1,,,"किरण पाणी",वेंगुर्ला,28.1,06:30,07:30,SC,DAILY,शालेय,शालेय,SCHOOL
126230,"Kiranpani To Vengurle Via Naichiad",Kiranpani,Vengurle,NAICHIAD,MO,9687,Kiranpani,,,,"किरण पाणी",वेंगुर्ला,26.5,12:35,13:30,SC,DAILY,,,
126230,"Kiranpani To Vengurle Via Naichiad",Kiranpani,Vengurle,NAICHIAD,MO,8472,Aronda,0.6,,,"किरण पाणी",वेंगुर्ला,26.5,12:35,13:30,SC,DAILY,,,
126230,"Kiranpani To Vengurle Via Naichiad",Kiranpani,Vengurle,NAICHIAD,MO,9588,Agralwadi,2.7,,,"किरण पाणी",वेंगुर्ला,26.5,12:35,13:30,SC,DAILY,,,
126230,"Kiranpani To Vengurle Via Naichiad",Kiranpani,Vengurle,NAICHIAD,MO,9653,"Huda Fata",6.1,,,"किरण पाणी",वेंगुर्ला,26.5,12:35,13:30,SC,DAILY,,,
126230,"Kiranpani To Vengurle Via Naichiad",Kiranpani,Vengurle,NAICHIAD,MO,9789,Shiroda,8.9,,,"किरण पाणी",वेंगुर्ला,26.5,12:35,13:30,SC,DAILY,,,
126230,"Kiranpani To Vengurle Via Naichiad",Kiranpani,Vengurle,NAICHIAD,MO,9601,Arawali,13.3,,,"किरण पाणी",वेंगुर्ला,26.5,12:35,13:30,SC,DAILY,,,
126230,"Kiranpani To Vengurle Via Naichiad",Kiranpani,Vengurle,NAICHIAD,MO,9730,Naichiad,14.9,,,"किरण पाणी",वेंगुर्ला,26.5,12:35,13:30,SC,DAILY,,,
126230,"Kiranpani To Vengurle Via Naichiad",Kiranpani,Vengurle,NAICHIAD,MO,9699,"Mail Dagad",15,,,"किरण पाणी",वेंगुर्ला,26.5,12:35,13:30,SC,DAILY,,,
126230,"Kiranpani To Vengurle Via Naichiad",Kiranpani,Vengurle,NAICHIAD,MO,9722,Mochemand,17.7,,,"किरण पाणी",वेंगुर्ला,26.5,12:35,13:30,SC,DAILY,,,
126230,"Kiranpani To Vengurle Via Naichiad",Kiranpani,Vengurle,NAICHIAD,MO,9726,"Mundale Shop",18.9,,,"किरण पाणी",वेंगुर्ला,26.5,12:35,13:30,SC,DAILY,,,
126230,"Kiranpani To Vengurle Via Naichiad",Kiranpani,Vengurle,NAICHIAD,MO,9817,"Ubhadanda School -2",21.1,,,"किरण पाणी",वेंगुर्ला,26.5,12:35,13:30,SC,DAILY,,,
126230,"Kiranpani To Vengurle Via Naichiad",Kiranpani,Vengurle,NAICHIAD,MO,9824,Vengurle,26.5,,,"किरण पाणी",वेंगुर्ला,26.5,12:35,13:30,SC,DAILY,,,
20072,"Bhogave To Vengurle",Bhogave,Vengurle,,MO,9617,Bhogave,,,,भोगवे,वेंगुर्ला,35.6,06:30,07:50,SC,DAILY,शालेय,शालेय,SCHOOL
20072,"Bhogave To Vengurle",Bhogave,Vengurle,,MO,9623,"Chindar Amba",2.7,,,भोगवे,वेंगुर्ला,35.6,06:30,07:50,SC,DAILY,शालेय,शालेय,SCHOOL
20072,"Bhogave To Vengurle",Bhogave,Vengurle,,MO,9785,"Shelpi Dutond Fata",5.9,,,भोगवे,वेंगुर्ला,35.6,06:30,07:50,SC,DAILY,शालेय,शालेय,SCHOOL
20072,"Bhogave To Vengurle",Bhogave,Vengurle,,MO,9750,Parule,7.9,,,भोगवे,वेंगुर्ला,35.6,06:30,07:50,SC,DAILY,शालेय,शालेय,SCHOOL
20072,"Bhogave To Vengurle",Bhogave,Vengurle,,MO,9587,"Adinarayan Mandir",8.5,,,भोगवे,वेंगुर्ला,35.6,06:30,07:50,SC,DAILY,शालेय,शालेय,SCHOOL
20072,"Bhogave To Vengurle",Bhogave,Vengurle,,MO,9590,"Ajarwadi P.H.C.",11.8,,,भोगवे,वेंगुर्ला,35.6,06:30,07:50,SC,DAILY,शालेय,शालेय,SCHOOL
20072,"Bhogave To Vengurle",Bhogave,Vengurle,,MO,6384,"Pat Titha",14.1,,,भोगवे,वेंगुर्ला,35.6,06:30,07:50,SC,DAILY,शालेय,शालेय,SCHOOL
20072,"Bhogave To Vengurle",Bhogave,Vengurle,,MO,9714,Mhapan,15.2,,,भोगवे,वेंगुर्ला,35.6,06:30,07:50,SC,DAILY,शालेय,शालेय,SCHOOL
20072,"Bhogave To Vengurle",Bhogave,Vengurle,,MO,9682,"Khavane Fata",16.7,,,भोगवे,वेंगुर्ला,35.6,06:30,07:50,SC,DAILY,शालेय,शालेय,SCHOOL
20072,"Bhogave To Vengurle",Bhogave,Vengurle,,MO,9670,"Kelus Dhakka",19.6,,,भोगवे,वेंगुर्ला,35.6,06:30,07:50,SC,DAILY,शालेय,शालेय,SCHOOL
20072,"Bhogave To Vengurle",Bhogave,Vengurle,,MO,9662,"Kalvi Titha",22,,,भोगवे,वेंगुर्ला,35.6,06:30,07:50,SC,DAILY,शालेय,शालेय,SCHOOL
20072,"Bhogave To Vengurle",Bhogave,Vengurle,,MO,9605,"Awere Bridge",25.5,,,भोगवे,वेंगुर्ला,35.6,06:30,07:50,SC,DAILY,शालेय,शालेय,SCHOOL
20072,"Bhogave To Vengurle",Bhogave,Vengurle,,MO,9677,"Khanoli Ganapati Mandir",28.6,,,भोगवे,वेंगुर्ला,35.6,06:30,07:50,SC,DAILY,शालेय,शालेय,SCHOOL
20072,"Bhogave To Vengurle",Bhogave,Vengurle,,MO,9625,"Dabholi Matha",31.6,,,भोगवे,वेंगुर्ला,35.6,06:30,07:50,SC,DAILY,शालेय,शालेय,SCHOOL
20072,"Bhogave To Vengurle",Bhogave,Vengurle,,MO,9696,Lokhandewadi,34.6,,,भोगवे,वेंगुर्ला,35.6,06:30,07:50,SC,DAILY,शालेय,शालेय,SCHOOL
20072,"Bhogave To Vengurle",Bhogave,Vengurle,,MO,9824,Vengurle,35.6,,,भोगवे,वेंगुर्ला,35.6,06:30,07:50,SC,DAILY,शालेय,शालेय,SCHOOL
20096,"Sawantwada To Vengurle Via Tulus Nabar Road",Sawantwada,Vengurle,"TULUS NABAR ROAD",MO,9782,Sawantwada,,,,सावंतवाडी,वेंगुर्ला,24.6,06:00,06:50,SC,DAILY,शालेय,शालेय,SCHOOL
20096,"Sawantwada To Vengurle Via Tulus Nabar Road",Sawantwada,Vengurle,"TULUS NABAR ROAD",MO,9676,"Khalche Bambar",1.1,,,सावंतवाडी,वेंगुर्ला,24.6,06:00,06:50,SC,DAILY,शालेय,शालेय,SCHOOL
20096,"Sawantwada To Vengurle Via Tulus Nabar Road",Sawantwada,Vengurle,"TULUS NABAR ROAD",MO,9621,Chavata,2.6,,,सावंतवाडी,वेंगुर्ला,24.6,06:00,06:50,SC,DAILY,शालेय,शालेय,SCHOOL
20096,"Sawantwada To Vengurle Via Tulus Nabar Road",Sawantwada,Vengurle,"TULUS NABAR ROAD",MO,9712,"Matond Sateri Mandir",3,,,सावंतवाडी,वेंगुर्ला,24.6,06:00,06:50,SC,DAILY,शालेय,शालेय,SCHOOL
20096,"Sawantwada To Vengurle Via Tulus Nabar Road",Sawantwada,Vengurle,"TULUS NABAR ROAD",MO,9799,"Talawade Parabwada",6.8,,,सावंतवाडी,वेंगुर्ला,24.6,06:00,06:50,SC,DAILY,शालेय,शालेय,SCHOOL
20096,"Sawantwada To Vengurle Via Tulus Nabar Road",Sawantwada,Vengurle,"TULUS NABAR ROAD",MO,9798,"Talawade Gate",7.9,,,सावंतवाडी,वेंगुर्ला,24.6,06:00,06:50,SC,DAILY,शालेय,शालेय,SCHOOL
20096,"Sawantwada To Vengurle Via Tulus Nabar Road",Sawantwada,Vengurle,"TULUS NABAR ROAD",MO,9650,Hodawada,9.1,,,सावंतवाडी,वेंगुर्ला,24.6,06:00,06:50,SC,DAILY,शालेय,शालेय,SCHOOL
20096,"Sawantwada To Vengurle Via Tulus Nabar Road",Sawantwada,Vengurle,"TULUS NABAR ROAD",MO,9814,"Tulas Shiwaji School",11.7,,,सावंतवाडी,वेंगुर्ला,24.6,06:00,06:50,SC,DAILY,शालेय,शालेय,SCHOOL
20096,"Sawantwada To Vengurle Via Tulus Nabar Road",Sawantwada,Vengurle,"TULUS NABAR ROAD",MO,9812,"Tulas Jaitir Mandir",14.4,,,सावंतवाडी,वेंगुर्ला,24.6,06:00,06:50,SC,DAILY,शालेय,शालेय,SCHOOL
20096,"Sawantwada To Vengurle Via Tulus Nabar Road",Sawantwada,Vengurle,"TULUS NABAR ROAD",MO,9816,"Tulus Nabar Road",15.4,,,सावंतवाडी,वेंगुर्ला,24.6,06:00,06:50,SC,DAILY,शालेय,शालेय,SCHOOL
20096,"Sawantwada To Vengurle Via Tulus Nabar Road",Sawantwada,Vengurle,"TULUS NABAR ROAD",MO,9782,Sawantwada,18,,,सावंतवाडी,वेंगुर्ला,24.6,06:00,06:50,SC,DAILY,शालेय,शालेय,SCHOOL
20096,"Sawantwada To Vengurle Via Tulus Nabar Road",Sawantwada,Vengurle,"TULUS NABAR ROAD",MO,9597,"Ansur Ghati",19.2,,,सावंतवाडी,वेंगुर्ला,24.6,06:00,06:50,SC,DAILY,शालेय,शालेय,SCHOOL
20096,"Sawantwada To Vengurle Via Tulus Nabar Road",Sawantwada,Vengurle,"TULUS NABAR ROAD",MO,9742,"Octroi Naka Ansur Fata",20,,,सावंतवाडी,वेंगुर्ला,24.6,06:00,06:50,SC,DAILY,शालेय,शालेय,SCHOOL
20096,"Sawantwada To Vengurle Via Tulus Nabar Road",Sawantwada,Vengurle,"TULUS NABAR ROAD",MO,9765,"Rameshwar Mandir",22.6,,,सावंतवाडी,वेंगुर्ला,24.6,06:00,06:50,SC,DAILY,शालेय,शालेय,SCHOOL
20096,"Sawantwada To Vengurle Via Tulus Nabar Road",Sawantwada,Vengurle,"TULUS NABAR ROAD",MO,9824,Vengurle,24.6,,,सावंतवाडी,वेंगुर्ला,24.6,06:00,06:50,SC,DAILY,शालेय,शालेय,SCHOOL
67746,"Vengurle To Wadkhol",Vengurle,Wadkhol,,MO,9824,Vengurle,,,,वेंगुर्ला,"वडखोल वेंगुर्ला",19,09:30,10:15,OBL,SUN,शालेय,शालेय,SCHOOL
67746,"Vengurle To Wadkhol",Vengurle,Wadkhol,,MO,9765,"Rameshwar Mandir",1.6,,,वेंगुर्ला,"वडखोल वेंगुर्ला",19,09:30,10:15,OBL,SUN,शालेय,शालेय,SCHOOL
67746,"Vengurle To Wadkhol",Vengurle,Wadkhol,,MO,9699,"Mail Dagad",3.1,,,वेंगुर्ला,"वडखोल वेंगुर्ला",19,09:30,10:15,OBL,SUN,शालेय,शालेय,SCHOOL
67746,"Vengurle To Wadkhol",Vengurle,Wadkhol,,MO,9699,"Mail Dagad",6,,,वेंगुर्ला,"वडखोल वेंगुर्ला",19,09:30,10:15,OBL,SUN,शालेय,शालेय,SCHOOL
67746,"Vengurle To Wadkhol",Vengurle,Wadkhol,,MO,9831,Wadkhol,9.5,,,वेंगुर्ला,"वडखोल वेंगुर्ला",19,09:30,10:15,OBL,SUN,शालेय,शालेय,SCHOOL
120231,"Vengurle To Vetore High School",Vengurle,"Vetore High School",,MO,9824,Vengurle,,,,वेंगुर्ला,"वेतोरे हायस्कूल",15,16:10,16:40,SC,SAT-SUN,शालेय,शालेय,SCHOOL
120231,"Vengurle To Vetore High School",Vengurle,"Vetore High School",,MO,9697,"Lokhandewadi Titha",4,,,वेंगुर्ला,"वेतोरे हायस्कूल",15,16:10,16:40,SC,SAT-SUN,शालेय,शालेय,SCHOOL
120231,"Vengurle To Vetore High School",Vengurle,"Vetore High School",,MO,9627,"Dabholi Waingani Titha",5.1,,,वेंगुर्ला,"वेतोरे हायस्कूल",15,16:10,16:40,SC,SAT-SUN,शालेय,शालेय,SCHOOL
120231,"Vengurle To Vetore High School",Vengurle,"Vetore High School",,MO,9620,"Bowalekar Wadi",6.6,,,वेंगुर्ला,"वेतोरे हायस्कूल",15,16:10,16:40,SC,SAT-SUN,शालेय,शालेय,SCHOOL
120231,"Vengurle To Vetore High School",Vengurle,"Vetore High School",,MO,9678,"Khanoli Rawalnath Mandir",9.8,,,वेंगुर्ला,"वेतोरे हायस्कूल",15,16:10,16:40,SC,SAT-SUN,शालेय,शालेय,SCHOOL
120231,"Vengurle To Vetore High School",Vengurle,"Vetore High School",,MO,9776,"Sateri Mandir",13.1,,,वेंगुर्ला,"वेतोरे हायस्कूल",15,16:10,16:40,SC,SAT-SUN,शालेय,शालेय,SCHOOL
120231,"Vengurle To Vetore High School",Vengurle,"Vetore High School",,MO,6458,"Vetore Titha",14.1,,,वेंगुर्ला,"वेतोरे हायस्कूल",15,16:10,16:40,SC,SAT-SUN,शालेय,शालेय,SCHOOL
120231,"Vengurle To Vetore High School",Vengurle,"Vetore High School",,MO,6457,"Vetore High School",15,,,वेंगुर्ला,"वेतोरे हायस्कूल",15,16:10,16:40,SC,SAT-SUN,शालेय,शालेय,SCHOOL
121034,"Vengurle To Sawantwadi Via Dharam Gawadewadi",Vengurle,Sawantwadi,"DHARAM GAWADEWADI",MO,9824,Vengurle,,,,वेंगुर्ला,सावंतवाडी,36.2,12:30,13:50,SC,DAILY,शालेय,शालेय,SCHOOL
121034,"Vengurle To Sawantwadi Via Dharam Gawadewadi",Vengurle,Sawantwadi,"DHARAM GAWADEWADI",MO,9765,"Rameshwar Mandir",0.9,,,वेंगुर्ला,सावंतवाडी,36.2,12:30,13:50,SC,DAILY,शालेय,शालेय,SCHOOL
121034,"Vengurle To Sawantwadi Via Dharam Gawadewadi",Vengurle,Sawantwadi,"DHARAM GAWADEWADI",MO,9599,"Ansur Titha",3.8,,,वेंगुर्ला,सावंतवाडी,36.2,12:30,13:50,SC,DAILY,शालेय,शालेय,SCHOOL
121034,"Vengurle To Sawantwadi Via Dharam Gawadewadi",Vengurle,Sawantwadi,"DHARAM GAWADEWADI",MO,9597,"Ansur Ghati",5.8,,,वेंगुर्ला,सावंतवाडी,36.2,12:30,13:50,SC,DAILY,शालेय,शालेय,SCHOOL
121034,"Vengurle To Sawantwadi Via Dharam Gawadewadi",Vengurle,Sawantwadi,"DHARAM GAWADEWADI",MO,9739,Nilgawadewadi,6.1,,,वेंगुर्ला,सावंतवाडी,36.2,12:30,13:50,SC,DAILY,शालेय,शालेय,SCHOOL
121034,"Vengurle To Sawantwadi Via Dharam Gawadewadi",Vengurle,Sawantwadi,"DHARAM GAWADEWADI",MO,9834,"Warchi Ansur School",6.3,,,वेंगुर्ला,सावंतवाडी,36.2,12:30,13:50,SC,DAILY,शालेय,शालेय,SCHOOL
121034,"Vengurle To Sawantwadi Via Dharam Gawadewadi",Vengurle,Sawantwadi,"DHARAM GAWADEWADI",MO,9766,"Rameshwar Stop",6.8,,,वेंगुर्ला,सावंतवाडी,36.2,12:30,13:50,SC,DAILY,शालेय,शालेय,SCHOOL
121034,"Vengurle To Sawantwadi Via Dharam Gawadewadi",Vengurle,Sawantwadi,"DHARAM GAWADEWADI",MO,9611,"Bhad Gawadewadi",6.9,,,वेंगुर्ला,सावंतवाडी,36.2,12:30,13:50,SC,DAILY,शालेय,शालेय,SCHOOL
121034,"Vengurle To Sawantwadi Via Dharam Gawadewadi",Vengurle,Sawantwadi,"DHARAM GAWADEWADI",MO,9634,"Dharam Gawadewadi",7.3,,,वेंगुर्ला,सावंतवाडी,36.2,12:30,13:50,SC,DAILY,शालेय,शालेय,SCHOOL
121034,"Vengurle To Sawantwadi Via Dharam Gawadewadi",Vengurle,Sawantwadi,"DHARAM GAWADEWADI",MO,9698,Madkilwadi,7.6,,,वेंगुर्ला,सावंतवाडी,36.2,12:30,13:50,SC,DAILY,शालेय,शालेय,SCHOOL
121034,"Vengurle To Sawantwadi Via Dharam Gawadewadi",Vengurle,Sawantwadi,"DHARAM GAWADEWADI",MO,9825,"Vetaleshwar Stop",7.9,,,वेंगुर्ला,सावंतवाडी,36.2,12:30,13:50,SC,DAILY,शालेय,शालेय,SCHOOL
121034,"Vengurle To Sawantwadi Via Dharam Gawadewadi",Vengurle,Sawantwadi,"DHARAM GAWADEWADI",MO,9819,Vadalwadi,8.4,,,वेंगुर्ला,सावंतवाडी,36.2,12:30,13:50,SC,DAILY,शालेय,शालेय,SCHOOL
121034,"Vengurle To Sawantwadi Via Dharam Gawadewadi",Vengurle,Sawantwadi,"DHARAM GAWADEWADI",MO,9744,"Pal Gpo",9.2,,,वेंगुर्ला,सावंतवाडी,36.2,12:30,13:50,SC,DAILY,शालेय,शालेय,SCHOOL
121034,"Vengurle To Sawantwadi Via Dharam Gawadewadi",Vengurle,Sawantwadi,"DHARAM GAWADEWADI",MO,9731,Naikwadi,9.5,,,वेंगुर्ला,सावंतवाडी,36.2,12:30,13:50,SC,DAILY,शालेय,शालेय,SCHOOL
121034,"Vengurle To Sawantwadi Via Dharam Gawadewadi",Vengurle,Sawantwadi,"DHARAM GAWADEWADI",MO,9633,Dewoolwadi,9.8,,,वेंगुर्ला,सावंतवाडी,36.2,12:30,13:50,SC,DAILY,शालेय,शालेय,SCHOOL
121034,"Vengurle To Sawantwadi Via Dharam Gawadewadi",Vengurle,Sawantwadi,"DHARAM GAWADEWADI",MO,9659,Kadamwadi,10.1,,,वेंगुर्ला,सावंतवाडी,36.2,12:30,13:50,SC,DAILY,शालेय,शालेय,SCHOOL
121034,"Vengurle To Sawantwadi Via Dharam Gawadewadi",Vengurle,Sawantwadi,"DHARAM GAWADEWADI",MO,9788,Shetkarwadi,10.5,,,वेंगुर्ला,सावंतवाडी,36.2,12:30,13:50,SC,DAILY,शालेय,शालेय,SCHOOL
121034,"Vengurle To Sawantwadi Via Dharam Gawadewadi",Vengurle,Sawantwadi,"DHARAM GAWADEWADI",MO,9604,"Asuli Pal Fata",11.9,,,वेंगुर्ला,सावंतवाडी,36.2,12:30,13:50,SC,DAILY,शालेय,शालेय,SCHOOL
121034,"Vengurle To Sawantwadi Via Dharam Gawadewadi",Vengurle,Sawantwadi,"DHARAM GAWADEWADI",MO,9621,Chavata,13.6,,,वेंगुर्ला,सावंतवाडी,36.2,12:30,13:50,SC,DAILY,शालेय,शालेय,SCHOOL
121034,"Vengurle To Sawantwadi Via Dharam Gawadewadi",Vengurle,Sawantwadi,"DHARAM GAWADEWADI",MO,9782,Sawantwada,14,,,वेंगुर्ला,सावंतवाडी,36.2,12:30,13:50,SC,DAILY,शालेय,शालेय,SCHOOL
121034,"Vengurle To Sawantwadi Via Dharam Gawadewadi",Vengurle,Sawantwadi,"DHARAM GAWADEWADI",MO,9621,Chavata,14.5,,,वेंगुर्ला,सावंतवाडी,36.2,12:30,13:50,SC,DAILY,शालेय,शालेय,SCHOOL
121034,"Vengurle To Sawantwadi Via Dharam Gawadewadi",Vengurle,Sawantwadi,"DHARAM GAWADEWADI",MO,9712,"Matond Sateri Mandir",15.8,,,वेंगुर्ला,सावंतवाडी,36.2,12:30,13:50,SC,DAILY,शालेय,शालेय,SCHOOL
121034,"Vengurle To Sawantwadi Via Dharam Gawadewadi",Vengurle,Sawantwadi,"DHARAM GAWADEWADI",MO,9854,"Talawade Parabwada",17.6,,,वेंगुर्ला,सावंतवाडी,36.2,12:30,13:50,SC,DAILY,शालेय,शालेय,SCHOOL
121034,"Vengurle To Sawantwadi Via Dharam Gawadewadi",Vengurle,Sawantwadi,"DHARAM GAWADEWADI",MO,9798,"Talawade Gate",18.7,,,वेंगुर्ला,सावंतवाडी,36.2,12:30,13:50,SC,DAILY,शालेय,शालेय,SCHOOL
121034,"Vengurle To Sawantwadi Via Dharam Gawadewadi",Vengurle,Sawantwadi,"DHARAM GAWADEWADI",MO,9692,"Konapal Bhaid",22.5,,,वेंगुर्ला,सावंतवाडी,36.2,12:30,13:50,SC,DAILY,शालेय,शालेय,SCHOOL
121034,"Vengurle To Sawantwadi Via Dharam Gawadewadi",Vengurle,Sawantwadi,"DHARAM GAWADEWADI",MO,8665,"Sawantwadi Rly. Stn.",25.1,,,वेंगुर्ला,सावंतवाडी,36.2,12:30,13:50,SC,DAILY,शालेय,शालेय,SCHOOL
121034,"Vengurle To Sawantwadi Via Dharam Gawadewadi",Vengurle,Sawantwadi,"DHARAM GAWADEWADI",MO,8674,"Vengurle Shiroda Titha",29.9,,,वेंगुर्ला,सावंतवाडी,36.2,12:30,13:50,SC,DAILY,शालेय,शालेय,SCHOOL
121034,"Vengurle To Sawantwadi Via Dharam Gawadewadi",Vengurle,Sawantwadi,"DHARAM GAWADEWADI",MO,8580,Malgaon,30.3,,,वेंगुर्ला,सावंतवाडी,36.2,12:30,13:50,SC,DAILY,शालेय,शालेय,SCHOOL
121034,"Vengurle To Sawantwadi Via Dharam Gawadewadi",Vengurle,Sawantwadi,"DHARAM GAWADEWADI",MO,8523,"Gulabi Titha",32.9,,,वेंगुर्ला,सावंतवाडी,36.2,12:30,13:50,SC,DAILY,शालेय,शालेय,SCHOOL
121034,"Vengurle To Sawantwadi Via Dharam Gawadewadi",Vengurle,Sawantwadi,"DHARAM GAWADEWADI",MO,8663,Sawantwadi,36.2,,,वेंगुर्ला,सावंतवाडी,36.2,12:30,13:50,SC,DAILY,शालेय,शालेय,SCHOOL
125695,"Vengurle To Panjim Via Pernem",Vengurle,Panjim,PERNEM,MO,9824,Vengurle,,,,वेंगुर्ला,पणजी,67.7,05:45,08:00,NON,DAILY,,,
125695,"Vengurle To Panjim Via Pernem",Vengurle,Panjim,PERNEM,MO,9817,"Ubhadanda School -2",2.5,,,वेंगुर्ला,पणजी,67.7,05:45,08:00,NON,DAILY,,,
125695,"Vengurle To Panjim Via Pernem",Vengurle,Panjim,PERNEM,MO,9726,"Mundale Shop",4.7,,,वेंगुर्ला,पणजी,67.7,05:45,08:00,NON,DAILY,,,
125695,"Vengurle To Panjim Via Pernem",Vengurle,Panjim,PERNEM,MO,9722,Mochemand,6,,,वेंगुर्ला,पणजी,67.7,05:45,08:00,NON,DAILY,,,
125695,"Vengurle To Panjim Via Pernem",Vengurle,Panjim,PERNEM,MO,9699,"Mail Dagad",9.2,,,वेंगुर्ला,पणजी,67.7,05:45,08:00,NON,DAILY,,,
125695,"Vengurle To Panjim Via Pernem",Vengurle,Panjim,PERNEM,MO,9730,Naichiad,10,,,वेंगुर्ला,पणजी,67.7,05:45,08:00,NON,DAILY,,,
125695,"Vengurle To Panjim Via Pernem",Vengurle,Panjim,PERNEM,MO,9797,"Tak Maruti Mandir",10.2,,,वेंगुर्ला,पणजी,67.7,05:45,08:00,NON,DAILY,,,
125695,"Vengurle To Panjim Via Pernem",Vengurle,Panjim,PERNEM,MO,9601,Arawali,12.2,,,वेंगुर्ला,पणजी,67.7,05:45,08:00,NON,DAILY,,,
125695,"Vengurle To Panjim Via Pernem",Vengurle,Panjim,PERNEM,MO,9789,Shiroda,14.7,,,वेंगुर्ला,पणजी,67.7,05:45,08:00,NON,DAILY,,,
125695,"Vengurle To Panjim Via Pernem",Vengurle,Panjim,PERNEM,MO,9592,"Ajgaon Marathi School",16.7,,,वेंगुर्ला,पणजी,67.7,05:45,08:00,NON,DAILY,,,
125695,"Vengurle To Panjim Via Pernem",Vengurle,Panjim,PERNEM,MO,9779,Savardev,18.3,,,वेंगुर्ला,पणजी,67.7,05:45,08:00,NON,DAILY,,,
125695,"Vengurle To Panjim Via Pernem",Vengurle,Panjim,PERNEM,MO,9704,"Malewad Naka",22,,,वेंगुर्ला,पणजी,67.7,05:45,08:00,NON,DAILY,,,
125695,"Vengurle To Panjim Via Pernem",Vengurle,Panjim,PERNEM,MO,9693,"Kondura Aros Titha",24.2,,,वेंगुर्ला,पणजी,67.7,05:45,08:00,NON,DAILY,,,
125695,"Vengurle To Panjim Via Pernem",Vengurle,Panjim,PERNEM,MO,9775,"Sateli Mandir",27.2,,,वेंगुर्ला,पणजी,67.7,05:45,08:00,NON,DAILY,,,
125695,"Vengurle To Panjim Via Pernem",Vengurle,Panjim,PERNEM,MO,9774,"Satarda Mandir",30.2,,,वेंगुर्ला,पणजी,67.7,05:45,08:00,NON,DAILY,,,
125695,"Vengurle To Panjim Via Pernem",Vengurle,Panjim,PERNEM,MO,9772,"Satarda Bazar",30.8,,,वेंगुर्ला,पणजी,67.7,05:45,08:00,NON,DAILY,,,
125695,"Vengurle To Panjim Via Pernem",Vengurle,Panjim,PERNEM,MO,71923,"Naibag Goa Border",32.2,,,वेंगुर्ला,पणजी,67.7,05:45,08:00,NON,DAILY,,,
125695,"Vengurle To Panjim Via Pernem",Vengurle,Panjim,PERNEM,MO,71937,Pernem,35.8,,,वेंगुर्ला,पणजी,67.7,05:45,08:00,NON,DAILY,,,
125695,"Vengurle To Panjim Via Pernem",Vengurle,Panjim,PERNEM,MO,71901,Malpe,36.8,,,वेंगुर्ला,पणजी,67.7,05:45,08:00,NON,DAILY,,,
125695,"Vengurle To Panjim Via Pernem",Vengurle,Panjim,PERNEM,MO,71873,Dhargal,41.8,,,वेंगुर्ला,पणजी,67.7,05:45,08:00,NON,DAILY,,,
125695,"Vengurle To Panjim Via Pernem",Vengurle,Panjim,PERNEM,MO,71899,"Kolwal Junction",43.8,,,वेंगुर्ला,पणजी,67.7,05:45,08:00,NON,DAILY,,,
125695,"Vengurle To Panjim Via Pernem",Vengurle,Panjim,PERNEM,MO,71886,Kasarwada,48.8,,,वेंगुर्ला,पणजी,67.7,05:45,08:00,NON,DAILY,,,
125695,"Vengurle To Panjim Via Pernem",Vengurle,Panjim,PERNEM,MO,71915,Mapusa,51.8,,,वेंगुर्ला,पणजी,67.7,05:45,08:00,NON,DAILY,,,
125695,"Vengurle To Panjim Via Pernem",Vengurle,Panjim,PERNEM,MO,71935,Panjim,67.7,,,वेंगुर्ला,पणजी,67.7,05:45,08:00,NON,DAILY,,,
126184,"Vengurle To Sawantwadi Via Jambhul Mala",Vengurle,Sawantwadi,"JAMBHUL MALA",MO,9824,Vengurle,,,,वेंगुर्ला,सावंतवाडी,28,10:30,11:30,NON,DAILY,,,
126184,"Vengurle To Sawantwadi Via Jambhul Mala",Vengurle,Sawantwadi,"JAMBHUL MALA",MO,9708,"Maruti Mandir",0.5,,,वेंगुर्ला,सावंतवाडी,28,10:30,11:30,NON,DAILY,,,
126184,"Vengurle To Sawantwadi Via Jambhul Mala",Vengurle,Sawantwadi,"JAMBHUL MALA",MO,9665,Kankewadi,6,,,वेंगुर्ला,सावंतवाडी,28,10:30,11:30,NON,DAILY,,,
126184,"Vengurle To Sawantwadi Via Jambhul Mala",Vengurle,Sawantwadi,"JAMBHUL MALA",MO,9709,"Math High School",7,,,वेंगुर्ला,सावंतवाडी,28,10:30,11:30,NON,DAILY,,,
126184,"Vengurle To Sawantwadi Via Jambhul Mala",Vengurle,Sawantwadi,"JAMBHUL MALA",MO,9710,Mathkarwadi,7.5,,,वेंगुर्ला,सावंतवाडी,28,10:30,11:30,NON,DAILY,,,
126184,"Vengurle To Sawantwadi Via Jambhul Mala",Vengurle,Sawantwadi,"JAMBHUL MALA",MO,9620,"Bowalekar Wadi",8.8,,,वेंगुर्ला,सावंतवाडी,28,10:30,11:30,NON,DAILY,,,
126184,"Vengurle To Sawantwadi Via Jambhul Mala",Vengurle,Sawantwadi,"JAMBHUL MALA",MO,9655,"Jambhul Mala",12.6,,,वेंगुर्ला,सावंतवाडी,28,10:30,11:30,NON,DAILY,,,
126184,"Vengurle To Sawantwadi Via Jambhul Mala",Vengurle,Sawantwadi,"JAMBHUL MALA",MO,9585,Adeli,15.2,,,वेंगुर्ला,सावंतवाडी,28,10:30,11:30,NON,DAILY,,,
126184,"Vengurle To Sawantwadi Via Jambhul Mala",Vengurle,Sawantwadi,"JAMBHUL MALA",MO,6200,"Hodawade Vajarat Titha",15.6,,,वेंगुर्ला,सावंतवाडी,28,10:30,11:30,NON,DAILY,,,
126184,"Vengurle To Sawantwadi Via Jambhul Mala",Vengurle,Sawantwadi,"JAMBHUL MALA",MO,9699,"Mail Dagad",16,,,वेंगुर्ला,सावंतवाडी,28,10:30,11:30,NON,DAILY,,,
126184,"Vengurle To Sawantwadi Via Jambhul Mala",Vengurle,Sawantwadi,"JAMBHUL MALA",MO,9663,Kamaleveer,17.3,,,वेंगुर्ला,सावंतवाडी,28,10:30,11:30,NON,DAILY,,,
126184,"Vengurle To Sawantwadi Via Jambhul Mala",Vengurle,Sawantwadi,"JAMBHUL MALA",MO,8603,"Nemale Fata",20,,,वेंगुर्ला,सावंतवाडी,28,10:30,11:30,NON,DAILY,,,
126184,"Vengurle To Sawantwadi Via Jambhul Mala",Vengurle,Sawantwadi,"JAMBHUL MALA",MO,6101,Akeri,22.2,,,वेंगुर्ला,सावंतवाडी,28,10:30,11:30,NON,DAILY,,,
126184,"Vengurle To Sawantwadi Via Jambhul Mala",Vengurle,Sawantwadi,"JAMBHUL MALA",MO,8551,"Kolgaon Thita",24.1,,,वेंगुर्ला,सावंतवाडी,28,10:30,11:30,NON,DAILY,,,
126184,"Vengurle To Sawantwadi Via Jambhul Mala",Vengurle,Sawantwadi,"JAMBHUL MALA",MO,8663,Sawantwadi,28,,,वेंगुर्ला,सावंतवाडी,28,10:30,11:30,NON,DAILY,,,
126189,"Shiroda To Vengurle Via Mochemand",Shiroda,Vengurle,MOCHEMAND,MO,9789,Shiroda,,,,शिरोडा,वेंगुर्ला,14.7,07:45,08:15,NON,DAILY,बंधनकारक,बंधनकारक,
126189,"Shiroda To Vengurle Via Mochemand",Shiroda,Vengurle,MOCHEMAND,MO,9826,"Vetoba Mandir",3,,,शिरोडा,वेंगुर्ला,14.7,07:45,08:15,NON,DAILY,बंधनकारक,बंधनकारक,
126189,"Shiroda To Vengurle Via Mochemand",Shiroda,Vengurle,MOCHEMAND,MO,9630,Darusta,4.4,,,शिरोडा,वेंगुर्ला,14.7,07:45,08:15,NON,DAILY,बंधनकारक,बंधनकारक,
126189,"Shiroda To Vengurle Via Mochemand",Shiroda,Vengurle,MOCHEMAND,MO,9797,"Tak Maruti Mandir",5.3,,,शिरोडा,वेंगुर्ला,14.7,07:45,08:15,NON,DAILY,बंधनकारक,बंधनकारक,
126189,"Shiroda To Vengurle Via Mochemand",Shiroda,Vengurle,MOCHEMAND,MO,9699,"Mail Dagad",6.2,,,शिरोडा,वेंगुर्ला,14.7,07:45,08:15,NON,DAILY,बंधनकारक,बंधनकारक,
126189,"Shiroda To Vengurle Via Mochemand",Shiroda,Vengurle,MOCHEMAND,MO,9723,"Mochemand Pool",7.2,,,शिरोडा,वेंगुर्ला,14.7,07:45,08:15,NON,DAILY,बंधनकारक,बंधनकारक,
126189,"Shiroda To Vengurle Via Mochemand",Shiroda,Vengurle,MOCHEMAND,MO,9722,Mochemand,8.8,,,शिरोडा,वेंगुर्ला,14.7,07:45,08:15,NON,DAILY,बंधनकारक,बंधनकारक,
126189,"Shiroda To Vengurle Via Mochemand",Shiroda,Vengurle,MOCHEMAND,MO,9726,"Mundale Shop",10,,,शिरोडा,वेंगुर्ला,14.7,07:45,08:15,NON,DAILY,बंधनकारक,बंधनकारक,
126189,"Shiroda To Vengurle Via Mochemand",Shiroda,Vengurle,MOCHEMAND,MO,9817,"Ubhadanda School -2",12.2,,,शिरोडा,वेंगुर्ला,14.7,07:45,08:15,NON,DAILY,बंधनकारक,बंधनकारक,
126189,"Shiroda To Vengurle Via Mochemand",Shiroda,Vengurle,MOCHEMAND,MO,9824,Vengurle,14.7,,,शिरोडा,वेंगुर्ला,14.7,07:45,08:15,NON,DAILY,बंधनकारक,बंधनकारक,
126222,"Vengurle To Kiranpani",Vengurle,Kiranpani,,MO,9824,Vengurle,,,,वेंगुर्ला,"किरण पाणी",28.1,19:10,20:10,NON,DAILY,,,
126222,"Vengurle To Kiranpani",Vengurle,Kiranpani,,MO,9817,"Ubhadanda School -2",2.5,,,वेंगुर्ला,"किरण पाणी",28.1,19:10,20:10,NON,DAILY,,,
126222,"Vengurle To Kiranpani",Vengurle,Kiranpani,,MO,9726,"Mundale Shop",4.7,,,वेंगुर्ला,"किरण पाणी",28.1,19:10,20:10,NON,DAILY,,,
126222,"Vengurle To Kiranpani",Vengurle,Kiranpani,,MO,9722,Mochemand,5.9,,,वेंगुर्ला,"किरण पाणी",28.1,19:10,20:10,NON,DAILY,,,
126222,"Vengurle To Kiranpani",Vengurle,Kiranpani,,MO,9723,"Mochemand Pool",7.5,,,वेंगुर्ला,"किरण पाणी",28.1,19:10,20:10,NON,DAILY,,,
126222,"Vengurle To Kiranpani",Vengurle,Kiranpani,,MO,9699,"Mail Dagad",8,,,वेंगुर्ला,"किरण पाणी",28.1,19:10,20:10,NON,DAILY,,,
126222,"Vengurle To Kiranpani",Vengurle,Kiranpani,,MO,9730,Naichiad,8.7,,,वेंगुर्ला,"किरण पाणी",28.1,19:10,20:10,NON,DAILY,,,
126222,"Vengurle To Kiranpani",Vengurle,Kiranpani,,MO,9797,"Tak Maruti Mandir",10.1,,,वेंगुर्ला,"किरण पाणी",28.1,19:10,20:10,NON,DAILY,,,
126222,"Vengurle To Kiranpani",Vengurle,Kiranpani,,MO,9601,Arawali,10.3,,,वेंगुर्ला,"किरण पाणी",28.1,19:10,20:10,NON,DAILY,,,
126222,"Vengurle To Kiranpani",Vengurle,Kiranpani,,MO,9789,Shiroda,14.7,,,वेंगुर्ला,"किरण पाणी",28.1,19:10,20:10,NON,DAILY,,,
126222,"Vengurle To Kiranpani",Vengurle,Kiranpani,,MO,9653,"Huda Fata",17.5,,,वेंगुर्ला,"किरण पाणी",28.1,19:10,20:10,NON,DAILY,,,
126222,"Vengurle To Kiranpani",Vengurle,Kiranpani,,MO,9615,"Bhatpawani Fata",20,,,वेंगुर्ला,"किरण पाणी",28.1,19:10,20:10,NON,DAILY,,,
126222,"Vengurle To Kiranpani",Vengurle,Kiranpani,,MO,9588,Agralwadi,20.9,,,वेंगुर्ला,"किरण पाणी",28.1,19:10,20:10,NON,DAILY,,,
126222,"Vengurle To Kiranpani",Vengurle,Kiranpani,,MO,8472,Aronda,23,,,वेंगुर्ला,"किरण पाणी",28.1,19:10,20:10,NON,DAILY,,,
126222,"Vengurle To Kiranpani",Vengurle,Kiranpani,,MO,9687,Kiranpani,28.1,,,वेंगुर्ला,"किरण पाणी",28.1,19:10,20:10,NON,DAILY,,,
148892,"Redi Kanyal To Kudal Via Dabholi Waingani Titha","Redi Kanyal","Kudal St Depot","DABHOLI WAINGANI TITHA",MO,9768,"Redi Kanyal",,,,"रेडी कनयाळ",कुडाळ,49.5,06:15,08:50,OBL,DAILY,,,
148892,"Redi Kanyal To Kudal Via Dabholi Waingani Titha","Redi Kanyal","Kudal St Depot","DABHOLI WAINGANI TITHA",MO,9769,"Redi Mauli Mandir",1.8,,,"रेडी कनयाळ",कुडाळ,49.5,06:15,08:50,OBL,DAILY,,,
148892,"Redi Kanyal To Kudal Via Dabholi Waingani Titha","Redi Kanyal","Kudal St Depot","DABHOLI WAINGANI TITHA",MO,9653,"Huda Fata",4.7,,,"रेडी कनयाळ",कुडाळ,49.5,06:15,08:50,OBL,DAILY,,,
148892,"Redi Kanyal To Kudal Via Dabholi Waingani Titha","Redi Kanyal","Kudal St Depot","DABHOLI WAINGANI TITHA",MO,9789,Shiroda,7.5,,,"रेडी कनयाळ",कुडाळ,49.5,06:15,08:50,OBL,DAILY,,,
148892,"Redi Kanyal To Kudal Via Dabholi Waingani Titha","Redi Kanyal","Kudal St Depot","DABHOLI WAINGANI TITHA",MO,9601,Arawali,11.9,,,"रेडी कनयाळ",कुडाळ,49.5,06:15,08:50,OBL,DAILY,,,
148892,"Redi Kanyal To Kudal Via Dabholi Waingani Titha","Redi Kanyal","Kudal St Depot","DABHOLI WAINGANI TITHA",MO,9797,"Tak Maruti Mandir",12.1,,,"रेडी कनयाळ",कुडाळ,49.5,06:15,08:50,OBL,DAILY,,,
148892,"Redi Kanyal To Kudal Via Dabholi Waingani Titha","Redi Kanyal","Kudal St Depot","DABHOLI WAINGANI TITHA",MO,9699,"Mail Dagad",12.2,,,"रेडी कनयाळ",कुडाळ,49.5,06:15,08:50,OBL,DAILY,,,
148892,"Redi Kanyal To Kudal Via Dabholi Waingani Titha","Redi Kanyal","Kudal St Depot","DABHOLI WAINGANI TITHA",MO,9723,"Mochemand Pool",14.7,,,"रेडी कनयाळ",कुडाळ,49.5,06:15,08:50,OBL,DAILY,,,
148892,"Redi Kanyal To Kudal Via Dabholi Waingani Titha","Redi Kanyal","Kudal St Depot","DABHOLI WAINGANI TITHA",MO,9726,"Mundale Shop",17.5,,,"रेडी कनयाळ",कुडाळ,49.5,06:15,08:50,OBL,DAILY,,,
148892,"Redi Kanyal To Kudal Via Dabholi Waingani Titha","Redi Kanyal","Kudal St Depot","DABHOLI WAINGANI TITHA",MO,9817,"Ubhadanda School -2",19.7,,,"रेडी कनयाळ",कुडाळ,49.5,06:15,08:50,OBL,DAILY,,,
148892,"Redi Kanyal To Kudal Via Dabholi Waingani Titha","Redi Kanyal","Kudal St Depot","DABHOLI WAINGANI TITHA",MO,9824,Vengurle,23,,,"रेडी कनयाळ",कुडाळ,49.5,06:15,08:50,OBL,DAILY,,,
148892,"Redi Kanyal To Kudal Via Dabholi Waingani Titha","Redi Kanyal","Kudal St Depot","DABHOLI WAINGANI TITHA",MO,9697,"Lokhandewadi Titha",26,,,"रेडी कनयाळ",कुडाळ,49.5,06:15,08:50,OBL,DAILY,,,
148892,"Redi Kanyal To Kudal Via Dabholi Waingani Titha","Redi Kanyal","Kudal St Depot","DABHOLI WAINGANI TITHA",MO,9627,"Dabholi Waingani Titha",29.15,,,"रेडी कनयाळ",कुडाळ,49.5,06:15,08:50,OBL,DAILY,,,
148892,"Redi Kanyal To Kudal Via Dabholi Waingani Titha","Redi Kanyal","Kudal St Depot","DABHOLI WAINGANI TITHA",MO,9620,"Bowalekar Wadi",30.65,,,"रेडी कनयाळ",कुडाळ,49.5,06:15,08:50,OBL,DAILY,,,
148892,"Redi Kanyal To Kudal Via Dabholi Waingani Titha","Redi Kanyal","Kudal St Depot","DABHOLI WAINGANI TITHA",MO,9678,"Khanoli Rawalnath Mandir",33.85,,,"रेडी कनयाळ",कुडाळ,49.5,06:15,08:50,OBL,DAILY,,,
148892,"Redi Kanyal To Kudal Via Dabholi Waingani Titha","Redi Kanyal","Kudal St Depot","DABHOLI WAINGANI TITHA",MO,9776,"Sateri Mandir",37.15,,,"रेडी कनयाळ",कुडाळ,49.5,06:15,08:50,OBL,DAILY,,,
148892,"Redi Kanyal To Kudal Via Dabholi Waingani Titha","Redi Kanyal","Kudal St Depot","DABHOLI WAINGANI TITHA",MO,6458,"Vetore Titha",38.15,,,"रेडी कनयाळ",कुडाळ,49.5,06:15,08:50,OBL,DAILY,,,
148892,"Redi Kanyal To Kudal Via Dabholi Waingani Titha","Redi Kanyal","Kudal St Depot","DABHOLI WAINGANI TITHA",MO,6459,"Vetore Sub Stage",40.05,,,"रेडी कनयाळ",कुडाळ,49.5,06:15,08:50,OBL,DAILY,,,
148892,"Redi Kanyal To Kudal Via Dabholi Waingani Titha","Redi Kanyal","Kudal St Depot","DABHOLI WAINGANI TITHA",MO,6423,Sativan,42.85,,,"रेडी कनयाळ",कुडाळ,49.5,06:15,08:50,OBL,DAILY,,,
148892,"Redi Kanyal To Kudal Via Dabholi Waingani Titha","Redi Kanyal","Kudal St Depot","DABHOLI WAINGANI TITHA",MO,6376,"Pinguli Titha",46.25,,,"रेडी कनयाळ",कुडाळ,49.5,06:15,08:50,OBL,DAILY,,,
148892,"Redi Kanyal To Kudal Via Dabholi Waingani Titha","Redi Kanyal","Kudal St Depot","DABHOLI WAINGANI TITHA",MO,6253,"Kudal Old Bus Stand",47.55,,,"रेडी कनयाळ",कुडाळ,49.5,06:15,08:50,OBL,DAILY,,,
148892,"Redi Kanyal To Kudal Via Dabholi Waingani Titha","Redi Kanyal","Kudal St Depot","DABHOLI WAINGANI TITHA",MO,6237,"Kudal St Depot",49.5,,,"रेडी कनयाळ",कुडाळ,49.5,06:15,08:50,OBL,DAILY,,,
11275,"Vengurle To Korjai Via Karli",Vengurle,Korjai,KARLI,MO,9824,Vengurle,,,,वेंगुर्ला,कोरजाई,38.1,12:00,13:20,SC,DAIL,शालेय,शालेय,SCHOOL
11275,"Vengurle To Korjai Via Karli",Vengurle,Korjai,KARLI,MO,9697,"Lokhandewadi Titha",4,,,वेंगुर्ला,कोरजाई,38.1,12:00,13:20,SC,DAIL,शालेय,शालेय,SCHOOL
11275,"Vengurle To Korjai Via Karli",Vengurle,Korjai,KARLI,MO,9625,"Dabholi Matha",5.8,,,वेंगुर्ला,कोरजाई,38.1,12:00,13:20,SC,DAIL,शालेय,शालेय,SCHOOL
11275,"Vengurle To Korjai Via Karli",Vengurle,Korjai,KARLI,MO,9677,"Khanoli Ganapati Mandir",8.8,,,वेंगुर्ला,कोरजाई,38.1,12:00,13:20,SC,DAIL,शालेय,शालेय,SCHOOL
11275,"Vengurle To Korjai Via Karli",Vengurle,Korjai,KARLI,MO,9605,"Awere Bridge",11.9,,,वेंगुर्ला,कोरजाई,38.1,12:00,13:20,SC,DAIL,शालेय,शालेय,SCHOOL
11275,"Vengurle To Korjai Via Karli",Vengurle,Korjai,KARLI,MO,9662,"Kalvi Titha",15.4,,,वेंगुर्ला,कोरजाई,38.1,12:00,13:20,SC,DAIL,शालेय,शालेय,SCHOOL
11275,"Vengurle To Korjai Via Karli",Vengurle,Korjai,KARLI,MO,9670,"Kelus Dhakka",17.8,,,वेंगुर्ला,कोरजाई,38.1,12:00,13:20,SC,DAIL,शालेय,शालेय,SCHOOL
11275,"Vengurle To Korjai Via Karli",Vengurle,Korjai,KARLI,MO,9682,"Khavane Fata",20.7,,,वेंगुर्ला,कोरजाई,38.1,12:00,13:20,SC,DAIL,शालेय,शालेय,SCHOOL
11275,"Vengurle To Korjai Via Karli",Vengurle,Korjai,KARLI,MO,9714,Mhapan,21.1,,,वेंगुर्ला,कोरजाई,38.1,12:00,13:20,SC,DAIL,शालेय,शालेय,SCHOOL
11275,"Vengurle To Korjai Via Karli",Vengurle,Korjai,KARLI,MO,6384,"Pat Titha",23.3,,,वेंगुर्ला,कोरजाई,38.1,12:00,13:20,SC,DAIL,शालेय,शालेय,SCHOOL
11275,"Vengurle To Korjai Via Karli",Vengurle,Korjai,KARLI,MO,9590,"Ajarwadi P.H.C.",25.6,,,वेंगुर्ला,कोरजाई,38.1,12:00,13:20,SC,DAIL,शालेय,शालेय,SCHOOL
11275,"Vengurle To Korjai Via Karli",Vengurle,Korjai,KARLI,MO,9587,"Adinarayan Mandir",28.9,,,वेंगुर्ला,कोरजाई,38.1,12:00,13:20,SC,DAIL,शालेय,शालेय,SCHOOL
11275,"Vengurle To Korjai Via Karli",Vengurle,Korjai,KARLI,MO,9750,Parule,29.5,,,वेंगुर्ला,कोरजाई,38.1,12:00,13:20,SC,DAIL,शालेय,शालेय,SCHOOL
11275,"Vengurle To Korjai Via Karli",Vengurle,Korjai,KARLI,MO,9609,"Bandhalela Amba",30.9,,,वेंगुर्ला,कोरजाई,38.1,12:00,13:20,SC,DAIL,शालेय,शालेय,SCHOOL
11275,"Vengurle To Korjai Via Karli",Vengurle,Korjai,KARLI,MO,9666,Karli,33.6,,,वेंगुर्ला,कोरजाई,38.1,12:00,13:20,SC,DAIL,शालेय,शालेय,SCHOOL
11275,"Vengurle To Korjai Via Karli",Vengurle,Korjai,KARLI,MO,9609,"Bandhalela Amba",36.3,,,वेंगुर्ला,कोरजाई,38.1,12:00,13:20,SC,DAIL,शालेय,शालेय,SCHOOL
11275,"Vengurle To Korjai Via Karli",Vengurle,Korjai,KARLI,MO,6270,Korjai,38.1,,,वेंगुर्ला,कोरजाई,38.1,12:00,13:20,SC,DAIL,शालेय,शालेय,SCHOOL
11276,"Vengurle To Kudal  Via Dabholi Waingani Titha",Vengurle,"Kudal St Depot","DABHOLI WAINGANI TITHA",MO,9824,Vengurle,,,,वेंगुर्ला,कुडाळ,25,12:20,13:20,NON,DAILY,,,
11276,"Vengurle To Kudal  Via Dabholi Waingani Titha",Vengurle,"Kudal St Depot","DABHOLI WAINGANI TITHA",MO,9740,Nimusga,2.8,,,वेंगुर्ला,कुडाळ,25,12:20,13:20,NON,DAILY,,,
11276,"Vengurle To Kudal  Via Dabholi Waingani Titha",Vengurle,"Kudal St Depot","DABHOLI WAINGANI TITHA",MO,9697,"Lokhandewadi Titha",4,,,वेंगुर्ला,कुडाळ,25,12:20,13:20,NON,DAILY,,,
11276,"Vengurle To Kudal  Via Dabholi Waingani Titha",Vengurle,"Kudal St Depot","DABHOLI WAINGANI TITHA",MO,9627,"Dabholi Waingani Titha",5.1,,,वेंगुर्ला,कुडाळ,25,12:20,13:20,NON,DAILY,,,
11276,"Vengurle To Kudal  Via Dabholi Waingani Titha",Vengurle,"Kudal St Depot","DABHOLI WAINGANI TITHA",MO,9620,"Bowalekar Wadi",6.6,,,वेंगुर्ला,कुडाळ,25,12:20,13:20,NON,DAILY,,,
11276,"Vengurle To Kudal  Via Dabholi Waingani Titha",Vengurle,"Kudal St Depot","DABHOLI WAINGANI TITHA",MO,9678,"Khanoli Rawalnath Mandir",9.8,,,वेंगुर्ला,कुडाळ,25,12:20,13:20,NON,DAILY,,,
11276,"Vengurle To Kudal  Via Dabholi Waingani Titha",Vengurle,"Kudal St Depot","DABHOLI WAINGANI TITHA",MO,9829,"Vetore Sateri Mandir",12.8,,,वेंगुर्ला,कुडाळ,25,12:20,13:20,NON,DAILY,,,
11276,"Vengurle To Kudal  Via Dabholi Waingani Titha",Vengurle,"Kudal St Depot","DABHOLI WAINGANI TITHA",MO,6458,"Vetore Titha",14.2,,,वेंगुर्ला,कुडाळ,25,12:20,13:20,NON,DAILY,,,
11276,"Vengurle To Kudal  Via Dabholi Waingani Titha",Vengurle,"Kudal St Depot","DABHOLI WAINGANI TITHA",MO,6459,"Vetore Sub Stage",16,,,वेंगुर्ला,कुडाळ,25,12:20,13:20,NON,DAILY,,,
11276,"Vengurle To Kudal  Via Dabholi Waingani Titha",Vengurle,"Kudal St Depot","DABHOLI WAINGANI TITHA",MO,6423,Sativan,18.8,,,वेंगुर्ला,कुडाळ,25,12:20,13:20,NON,DAILY,,,
11276,"Vengurle To Kudal  Via Dabholi Waingani Titha",Vengurle,"Kudal St Depot","DABHOLI WAINGANI TITHA",MO,6376,"Pinguli Titha",22.2,,,वेंगुर्ला,कुडाळ,25,12:20,13:20,NON,DAILY,,,
11276,"Vengurle To Kudal  Via Dabholi Waingani Titha",Vengurle,"Kudal St Depot","DABHOLI WAINGANI TITHA",MO,6237,"Kudal St Depot",25,,,वेंगुर्ला,कुडाळ,25,12:20,13:20,NON,DAILY,,,
17588,"Konshi To Banda Via Vafoli Sosc",Konshi,Banda,"VAFOLI SOSC",MO,8559,Konshi,,,,कोनशी,बांदा,14.5,08:10,08:40,NON,DAILY,,,
17588,"Konshi To Banda Via Vafoli Sosc",Konshi,Banda,"VAFOLI SOSC",MO,8497,Dhangarwadi,1.2,,,कोनशी,बांदा,14.5,08:10,08:40,NON,DAILY,,,
17588,"Konshi To Banda Via Vafoli Sosc",Konshi,Banda,"VAFOLI SOSC",MO,8680,"Wetal Mandir",3,,,कोनशी,बांदा,14.5,08:10,08:40,NON,DAILY,,,
17588,"Konshi To Banda Via Vafoli Sosc",Konshi,Banda,"VAFOLI SOSC",MO,8483,"Bhalawal Gpo",3.5,,,कोनशी,बांदा,14.5,08:10,08:40,NON,DAILY,,,
17588,"Konshi To Banda Via Vafoli Sosc",Konshi,Banda,"VAFOLI SOSC",MO,8477,"Bhalawal Shop",4,,,कोनशी,बांदा,14.5,08:10,08:40,NON,DAILY,,,
17588,"Konshi To Banda Via Vafoli Sosc",Konshi,Banda,"VAFOLI SOSC",MO,8616,"Otavane Titha",6,,,कोनशी,बांदा,14.5,08:10,08:40,NON,DAILY,,,
17588,"Konshi To Banda Via Vafoli Sosc",Konshi,Banda,"VAFOLI SOSC",MO,8673,"Vilavade Wad",7,,,कोनशी,बांदा,14.5,08:10,08:40,NON,DAILY,,,
17588,"Konshi To Banda Via Vafoli Sosc",Konshi,Banda,"VAFOLI SOSC",MO,8672,"Vafoli Sosc",10.2,,,कोनशी,बांदा,14.5,08:10,08:40,NON,DAILY,,,
17588,"Konshi To Banda Via Vafoli Sosc",Konshi,Banda,"VAFOLI SOSC",MO,8486,Banda,14.5,,,कोनशी,बांदा,14.5,08:10,08:40,NON,DAILY,,,
19963,"Kudal To Vengurle Via Dabholi Waingani Titha","Kudal St Depot",Vengurle,"DABHOLI WAINGANI TITHA",MO,6237,"Kudal St Depot",,,,कुडाळ,वेंगुर्ला,25,12:00,13:00,NON,DAILY,,,
19963,"Kudal To Vengurle Via Dabholi Waingani Titha","Kudal St Depot",Vengurle,"DABHOLI WAINGANI TITHA",MO,6376,"Pinguli Titha",2.8,,,कुडाळ,वेंगुर्ला,25,12:00,13:00,NON,DAILY,,,
19963,"Kudal To Vengurle Via Dabholi Waingani Titha","Kudal St Depot",Vengurle,"DABHOLI WAINGANI TITHA",MO,6423,Sativan,6.2,,,कुडाळ,वेंगुर्ला,25,12:00,13:00,NON,DAILY,,,
19963,"Kudal To Vengurle Via Dabholi Waingani Titha","Kudal St Depot",Vengurle,"DABHOLI WAINGANI TITHA",MO,6459,"Vetore Sub Stage",9.4,,,कुडाळ,वेंगुर्ला,25,12:00,13:00,NON,DAILY,,,
19963,"Kudal To Vengurle Via Dabholi Waingani Titha","Kudal St Depot",Vengurle,"DABHOLI WAINGANI TITHA",MO,6458,"Vetore Titha",10.8,,,कुडाळ,वेंगुर्ला,25,12:00,13:00,NON,DAILY,,,
19963,"Kudal To Vengurle Via Dabholi Waingani Titha","Kudal St Depot",Vengurle,"DABHOLI WAINGANI TITHA",MO,9829,"Vetore Sateri Mandir",12.2,,,कुडाळ,वेंगुर्ला,25,12:00,13:00,NON,DAILY,,,
19963,"Kudal To Vengurle Via Dabholi Waingani Titha","Kudal St Depot",Vengurle,"DABHOLI WAINGANI TITHA",MO,9678,"Khanoli Rawalnath Mandir",15.2,,,कुडाळ,वेंगुर्ला,25,12:00,13:00,NON,DAILY,,,
19963,"Kudal To Vengurle Via Dabholi Waingani Titha","Kudal St Depot",Vengurle,"DABHOLI WAINGANI TITHA",MO,9620,"Bowalekar Wadi",18.4,,,कुडाळ,वेंगुर्ला,25,12:00,13:00,NON,DAILY,,,
19963,"Kudal To Vengurle Via Dabholi Waingani Titha","Kudal St Depot",Vengurle,"DABHOLI WAINGANI TITHA",MO,9627,"Dabholi Waingani Titha",19.9,,,कुडाळ,वेंगुर्ला,25,12:00,13:00,NON,DAILY,,,
19963,"Kudal To Vengurle Via Dabholi Waingani Titha","Kudal St Depot",Vengurle,"DABHOLI WAINGANI TITHA",MO,9697,"Lokhandewadi Titha",21,,,कुडाळ,वेंगुर्ला,25,12:00,13:00,NON,DAILY,,,
19963,"Kudal To Vengurle Via Dabholi Waingani Titha","Kudal St Depot",Vengurle,"DABHOLI WAINGANI TITHA",MO,9740,Nimusga,22.2,,,कुडाळ,वेंगुर्ला,25,12:00,13:00,NON,DAILY,,,
19963,"Kudal To Vengurle Via Dabholi Waingani Titha","Kudal St Depot",Vengurle,"DABHOLI WAINGANI TITHA",MO,9824,Vengurle,25,,,कुडाळ,वेंगुर्ला,25,12:00,13:00,NON,DAILY,,,
19979,"Netarde To Banda",Netarde,Banda,,MO,8612,Netarde,,,,नेतर्डे,बांदा,14,06:45,07:15,SC,DAILY,शालेय,शालेय,SCHOOL
19979,"Netarde To Banda",Netarde,Banda,,MO,8593,"Netarde Chavata",0.9,,,नेतर्डे,बांदा,14,06:45,07:15,SC,DAILY,शालेय,शालेय,SCHOOL
19979,"Netarde To Banda",Netarde,Banda,,MO,8515,"Fakir Fata",5,,,नेतर्डे,बांदा,14,06:45,07:15,SC,DAILY,शालेय,शालेय,SCHOOL
19979,"Netarde To Banda",Netarde,Banda,,MO,8524,Galel,6.5,,,नेतर्डे,बांदा,14,06:45,07:15,SC,DAILY,शालेय,शालेय,SCHOOL
19979,"Netarde To Banda",Netarde,Banda,,MO,8635,"Patradevi Goa Border",9.4,,,नेतर्डे,बांदा,14,06:45,07:15,SC,DAILY,शालेय,शालेय,SCHOOL
19979,"Netarde To Banda",Netarde,Banda,,MO,8486,Banda,14,,,नेतर्डे,बांदा,14,06:45,07:15,SC,DAILY,शालेय,शालेय,SCHOOL
19986,"Vengurle To Sawantwadi Via Tulas Jaitir Mandir",Vengurle,Sawantwadi,"TULAS JAITIR MANDIR",MO,9824,Vengurle,,,,वेंगुर्ला,सावंतवाडी,31.8,12:30,13:30,SC,DAILY,शालेय,शालेय,SCHOOL
19986,"Vengurle To Sawantwadi Via Tulas Jaitir Mandir",Vengurle,Sawantwadi,"TULAS JAITIR MANDIR",MO,9765,"Rameshwar Mandir",2.9,,,वेंगुर्ला,सावंतवाडी,31.8,12:30,13:30,SC,DAILY,शालेय,शालेय,SCHOOL
19986,"Vengurle To Sawantwadi Via Tulas Jaitir Mandir",Vengurle,Sawantwadi,"TULAS JAITIR MANDIR",MO,9742,"Octroi Naka Ansur Fata",5.5,,,वेंगुर्ला,सावंतवाडी,31.8,12:30,13:30,SC,DAILY,शालेय,शालेय,SCHOOL
19986,"Vengurle To Sawantwadi Via Tulas Jaitir Mandir",Vengurle,Sawantwadi,"TULAS JAITIR MANDIR",MO,9815,"Tulus Gorewadi",7.5,,,वेंगुर्ला,सावंतवाडी,31.8,12:30,13:30,SC,DAILY,शालेय,शालेय,SCHOOL
19986,"Vengurle To Sawantwadi Via Tulas Jaitir Mandir",Vengurle,Sawantwadi,"TULAS JAITIR MANDIR",MO,9812,"Tulas Jaitir Mandir",11.1,,,वेंगुर्ला,सावंतवाडी,31.8,12:30,13:30,SC,DAILY,शालेय,शालेय,SCHOOL
19986,"Vengurle To Sawantwadi Via Tulas Jaitir Mandir",Vengurle,Sawantwadi,"TULAS JAITIR MANDIR",MO,9650,Hodawada,15.3,,,वेंगुर्ला,सावंतवाडी,31.8,12:30,13:30,SC,DAILY,शालेय,शालेय,SCHOOL
19986,"Vengurle To Sawantwadi Via Tulas Jaitir Mandir",Vengurle,Sawantwadi,"TULAS JAITIR MANDIR",MO,9798,"Talawade Gate",16.5,,,वेंगुर्ला,सावंतवाडी,31.8,12:30,13:30,SC,DAILY,शालेय,शालेय,SCHOOL
19986,"Vengurle To Sawantwadi Via Tulas Jaitir Mandir",Vengurle,Sawantwadi,"TULAS JAITIR MANDIR",MO,9692,"Konapal Bhaid",20.3,,,वेंगुर्ला,सावंतवाडी,31.8,12:30,13:30,SC,DAILY,शालेय,शालेय,SCHOOL
19986,"Vengurle To Sawantwadi Via Tulas Jaitir Mandir",Vengurle,Sawantwadi,"TULAS JAITIR MANDIR",MO,8641,"Railway Station",21.2,,,वेंगुर्ला,सावंतवाडी,31.8,12:30,13:30,SC,DAILY,शालेय,शालेय,SCHOOL
19986,"Vengurle To Sawantwadi Via Tulas Jaitir Mandir",Vengurle,Sawantwadi,"TULAS JAITIR MANDIR",MO,8674,"Vengurle Shiroda Titha",23.8,,,वेंगुर्ला,सावंतवाडी,31.8,12:30,13:30,SC,DAILY,शालेय,शालेय,SCHOOL
19986,"Vengurle To Sawantwadi Via Tulas Jaitir Mandir",Vengurle,Sawantwadi,"TULAS JAITIR MANDIR",MO,8580,Malgaon,24.2,,,वेंगुर्ला,सावंतवाडी,31.8,12:30,13:30,SC,DAILY,शालेय,शालेय,SCHOOL
19986,"Vengurle To Sawantwadi Via Tulas Jaitir Mandir",Vengurle,Sawantwadi,"TULAS JAITIR MANDIR",MO,8523,"Gulabi Titha",26.8,,,वेंगुर्ला,सावंतवाडी,31.8,12:30,13:30,SC,DAILY,शालेय,शालेय,SCHOOL
19986,"Vengurle To Sawantwadi Via Tulas Jaitir Mandir",Vengurle,Sawantwadi,"TULAS JAITIR MANDIR",MO,8663,Sawantwadi,31.8,,,वेंगुर्ला,सावंतवाडी,31.8,12:30,13:30,SC,DAILY,शालेय,शालेय,SCHOOL
20011,"Haricharangiri To Vengurle",Haricharangiri,Vengurle,,MO,9648,Haricharangiri,,,,हरिचरणगिरी,वेंगुर्ला,13.7,08:55,09:25,SC,DAILY,शालेय,शालेय,SCHOOL
20011,"Haricharangiri To Vengurle",Haricharangiri,Vengurle,,MO,9677,"Khanoli Ganapati Mandir",3.3,,,हरिचरणगिरी,वेंगुर्ला,13.7,08:55,09:25,SC,DAILY,शालेय,शालेय,SCHOOL
20011,"Haricharangiri To Vengurle",Haricharangiri,Vengurle,,MO,9625,"Dabholi Matha",6.3,,,हरिचरणगिरी,वेंगुर्ला,13.7,08:55,09:25,SC,DAILY,शालेय,शालेय,SCHOOL
20011,"Haricharangiri To Vengurle",Haricharangiri,Vengurle,,MO,9696,Lokhandewadi,10.3,,,हरिचरणगिरी,वेंगुर्ला,13.7,08:55,09:25,SC,DAILY,शालेय,शालेय,SCHOOL
20011,"Haricharangiri To Vengurle",Haricharangiri,Vengurle,,MO,9824,Vengurle,13.7,,,हरिचरणगिरी,वेंगुर्ला,13.7,08:55,09:25,SC,DAILY,शालेय,शालेय,SCHOOL
125510,"Redi Kanyal To Banda Via Kondura Aros Titha","Redi Kanyal",Banda,"KONDURA AROS TITHA",MO,9768,"Redi Kanyal",,,,कनयाळ,बांदा,38.3,13:30,14:55,NON,DAILY,,,
125510,"Redi Kanyal To Banda Via Kondura Aros Titha","Redi Kanyal",Banda,"KONDURA AROS TITHA",MO,9769,"Redi Mauli Mandir",1.8,,,कनयाळ,बांदा,38.3,13:30,14:55,NON,DAILY,,,
125510,"Redi Kanyal To Banda Via Kondura Aros Titha","Redi Kanyal",Banda,"KONDURA AROS TITHA",MO,9653,"Huda Fata",4.7,,,कनयाळ,बांदा,38.3,13:30,14:55,NON,DAILY,,,
125510,"Redi Kanyal To Banda Via Kondura Aros Titha","Redi Kanyal",Banda,"KONDURA AROS TITHA",MO,9789,Shiroda,7.7,,,कनयाळ,बांदा,38.3,13:30,14:55,NON,DAILY,,,
125510,"Redi Kanyal To Banda Via Kondura Aros Titha","Redi Kanyal",Banda,"KONDURA AROS TITHA",MO,9592,"Ajgaon Marathi School",9.7,,,कनयाळ,बांदा,38.3,13:30,14:55,NON,DAILY,,,
125510,"Redi Kanyal To Banda Via Kondura Aros Titha","Redi Kanyal",Banda,"KONDURA AROS TITHA",MO,9779,Savardev,11,,,कनयाळ,बांदा,38.3,13:30,14:55,NON,DAILY,,,
125510,"Redi Kanyal To Banda Via Kondura Aros Titha","Redi Kanyal",Banda,"KONDURA AROS TITHA",MO,9704,"Malewad Naka",15,,,कनयाळ,बांदा,38.3,13:30,14:55,NON,DAILY,,,
125510,"Redi Kanyal To Banda Via Kondura Aros Titha","Redi Kanyal",Banda,"KONDURA AROS TITHA",MO,9693,"Kondura Aros Titha",15.6,,,कनयाळ,बांदा,38.3,13:30,14:55,NON,DAILY,,,
125510,"Redi Kanyal To Banda Via Kondura Aros Titha","Redi Kanyal",Banda,"KONDURA AROS TITHA",MO,8528,"Giroba Mandir",18.6,,,कनयाळ,बांदा,38.3,13:30,14:55,NON,DAILY,,,
125510,"Redi Kanyal To Banda Via Kondura Aros Titha","Redi Kanyal",Banda,"KONDURA AROS TITHA",MO,8471,"Aros Gawthan 1St Stop",21,,,कनयाळ,बांदा,38.3,13:30,14:55,NON,DAILY,,,
125510,"Redi Kanyal To Banda Via Kondura Aros Titha","Redi Kanyal",Banda,"KONDURA AROS TITHA",MO,8475,"Aros Bazar",23.7,,,कनयाळ,बांदा,38.3,13:30,14:55,NON,DAILY,,,
125510,"Redi Kanyal To Banda Via Kondura Aros Titha","Redi Kanyal",Banda,"KONDURA AROS TITHA",MO,8621,"Padlos Keniwada",26.5,,,कनयाळ,बांदा,38.3,13:30,14:55,NON,DAILY,,,
125510,"Redi Kanyal To Banda Via Kondura Aros Titha","Redi Kanyal",Banda,"KONDURA AROS TITHA",MO,8625,"Padlos Mandir",30,,,कनयाळ,बांदा,38.3,13:30,14:55,NON,DAILY,,,
125510,"Redi Kanyal To Banda Via Kondura Aros Titha","Redi Kanyal",Banda,"KONDURA AROS TITHA",MO,8590,"Madura School",33,,,कनयाळ,बांदा,38.3,13:30,14:55,NON,DAILY,,,
125510,"Redi Kanyal To Banda Via Kondura Aros Titha","Redi Kanyal",Banda,"KONDURA AROS TITHA",MO,8642,"Sherla Nadi",35.2,,,कनयाळ,बांदा,38.3,13:30,14:55,NON,DAILY,,,
125510,"Redi Kanyal To Banda Via Kondura Aros Titha","Redi Kanyal",Banda,"KONDURA AROS TITHA",MO,8542,"Khamdev Naka",36,,,कनयाळ,बांदा,38.3,13:30,14:55,NON,DAILY,,,
125510,"Redi Kanyal To Banda Via Kondura Aros Titha","Redi Kanyal",Banda,"KONDURA AROS TITHA",MO,8486,Banda,38.3,,,कनयाळ,बांदा,38.3,13:30,14:55,NON,DAILY,,,
125780,"Banda To Vengurle",Banda,Vengurle,,MO,8486,Banda,,,,बांदा,वेंगुर्ला,47.7,13:00,14:45,SC-TPL,DAILY,शालेय,शालेय,SCHOOL
125780,"Banda To Vengurle",Banda,Vengurle,,MO,8642,"Sherla Nadi",3,,,बांदा,वेंगुर्ला,47.7,13:00,14:45,SC-TPL,DAILY,शालेय,शालेय,SCHOOL
125780,"Banda To Vengurle",Banda,Vengurle,,MO,8590,"Madura School",6.2,,,बांदा,वेंगुर्ला,47.7,13:00,14:45,SC-TPL,DAILY,शालेय,शालेय,SCHOOL
125780,"Banda To Vengurle",Banda,Vengurle,,MO,8575,"Madura Titha",7.2,,,बांदा,वेंगुर्ला,47.7,13:00,14:45,SC-TPL,DAILY,शालेय,शालेय,SCHOOL
125780,"Banda To Vengurle",Banda,Vengurle,,MO,8625,"Padlos Mandir",9.2,,,बांदा,वेंगुर्ला,47.7,13:00,14:45,SC-TPL,DAILY,शालेय,शालेय,SCHOOL
125780,"Banda To Vengurle",Banda,Vengurle,,MO,8621,"Padlos Keniwada",12.2,,,बांदा,वेंगुर्ला,47.7,13:00,14:45,SC-TPL,DAILY,शालेय,शालेय,SCHOOL
125780,"Banda To Vengurle",Banda,Vengurle,,MO,8638,Rewathewadi,14.2,,,बांदा,वेंगुर्ला,47.7,13:00,14:45,SC-TPL,DAILY,शालेय,शालेय,SCHOOL
125780,"Banda To Vengurle",Banda,Vengurle,,MO,8475,"Aros Bazar",15.2,,,बांदा,वेंगुर्ला,47.7,13:00,14:45,SC-TPL,DAILY,शालेय,शालेय,SCHOOL
125780,"Banda To Vengurle",Banda,Vengurle,,MO,8471,"Aros Gawthan 1St Stop",18.2,,,बांदा,वेंगुर्ला,47.7,13:00,14:45,SC-TPL,DAILY,शालेय,शालेय,SCHOOL
125780,"Banda To Vengurle",Banda,Vengurle,,MO,8527,"Giroba Wadi",21.1,,,बांदा,वेंगुर्ला,47.7,13:00,14:45,SC-TPL,DAILY,शालेय,शालेय,SCHOOL
125780,"Banda To Vengurle",Banda,Vengurle,,MO,8528,"Giroba Mandir",22.3,,,बांदा,वेंगुर्ला,47.7,13:00,14:45,SC-TPL,DAILY,शालेय,शालेय,SCHOOL
125780,"Banda To Vengurle",Banda,Vengurle,,MO,9693,"Kondura Aros Titha",24.3,,,बांदा,वेंगुर्ला,47.7,13:00,14:45,SC-TPL,DAILY,शालेय,शालेय,SCHOOL
125780,"Banda To Vengurle",Banda,Vengurle,,MO,9704,"Malewad Naka",25.2,,,बांदा,वेंगुर्ला,47.7,13:00,14:45,SC-TPL,DAILY,शालेय,शालेय,SCHOOL
125780,"Banda To Vengurle",Banda,Vengurle,,MO,9779,Savardev,27.2,,,बांदा,वेंगुर्ला,47.7,13:00,14:45,SC-TPL,DAILY,शालेय,शालेय,SCHOOL
125780,"Banda To Vengurle",Banda,Vengurle,,MO,9592,"Ajgaon Marathi School",30.2,,,बांदा,वेंगुर्ला,47.7,13:00,14:45,SC-TPL,DAILY,शालेय,शालेय,SCHOOL
125780,"Banda To Vengurle",Banda,Vengurle,,MO,9789,Shiroda,33.2,,,बांदा,वेंगुर्ला,47.7,13:00,14:45,SC-TPL,DAILY,शालेय,शालेय,SCHOOL
125780,"Banda To Vengurle",Banda,Vengurle,,MO,9601,Arawali,36.2,,,बांदा,वेंगुर्ला,47.7,13:00,14:45,SC-TPL,DAILY,शालेय,शालेय,SCHOOL
125780,"Banda To Vengurle",Banda,Vengurle,,MO,9797,"Tak Maruti Mandir",37.1,,,बांदा,वेंगुर्ला,47.7,13:00,14:45,SC-TPL,DAILY,शालेय,शालेय,SCHOOL
125780,"Banda To Vengurle",Banda,Vengurle,,MO,9730,Naichiad,37.9,,,बांदा,वेंगुर्ला,47.7,13:00,14:45,SC-TPL,DAILY,शालेय,शालेय,SCHOOL
125780,"Banda To Vengurle",Banda,Vengurle,,MO,9699,"Mail Dagad",39.3,,,बांदा,वेंगुर्ला,47.7,13:00,14:45,SC-TPL,DAILY,शालेय,शालेय,SCHOOL
125780,"Banda To Vengurle",Banda,Vengurle,,MO,9722,Mochemand,40.2,,,बांदा,वेंगुर्ला,47.7,13:00,14:45,SC-TPL,DAILY,शालेय,शालेय,SCHOOL
125780,"Banda To Vengurle",Banda,Vengurle,,MO,9726,"Mundale Shop",42.2,,,बांदा,वेंगुर्ला,47.7,13:00,14:45,SC-TPL,DAILY,शालेय,शालेय,SCHOOL
125780,"Banda To Vengurle",Banda,Vengurle,,MO,9817,"Ubhadanda School -2",45.5,,,बांदा,वेंगुर्ला,47.7,13:00,14:45,SC-TPL,DAILY,शालेय,शालेय,SCHOOL
125780,"Banda To Vengurle",Banda,Vengurle,,MO,9824,Vengurle,47.7,,,बांदा,वेंगुर्ला,47.7,13:00,14:45,SC-TPL,DAILY,शालेय,शालेय,SCHOOL
125980,"Kudal To Devgad Via Nandgaon Datta Mandir","Kudal St Depot",Devgad,"NANDGAON DATTA MANDIR",MO,6240,"Kudal St Depot",,,,कुडाळ,देवगड,90.2,13:30,16:15,SC,DAIL,,,
125980,"Kudal To Devgad Via Nandgaon Datta Mandir","Kudal St Depot",Devgad,"NANDGAON DATTA MANDIR",MO,6237,"Kudal St Depot",1.5,,,कुडाळ,देवगड,90.2,13:30,16:15,SC,DAIL,,,
125980,"Kudal To Devgad Via Nandgaon Datta Mandir","Kudal St Depot",Devgad,"NANDGAON DATTA MANDIR",MO,6380,"Pawashi Panchayat",4.5,,,कुडाळ,देवगड,90.2,13:30,16:15,SC,DAIL,,,
125980,"Kudal To Devgad Via Nandgaon Datta Mandir","Kudal St Depot",Devgad,"NANDGAON DATTA MANDIR",MO,88100,Vetalbambarde,7,,,कुडाळ,देवगड,90.2,13:30,16:15,SC,DAIL,,,
125980,"Kudal To Devgad Via Nandgaon Datta Mandir","Kudal St Depot",Devgad,"NANDGAON DATTA MANDIR",MO,6365,Pandur,10.5,,,कुडाळ,देवगड,90.2,13:30,16:15,SC,DAIL,,,
125980,"Kudal To Devgad Via Nandgaon Datta Mandir","Kudal St Depot",Devgad,"NANDGAON DATTA MANDIR",MO,6204,"Humarmala Kasale Dukan",12.4,,,कुडाळ,देवगड,90.2,13:30,16:15,SC,DAIL,,,
125980,"Kudal To Devgad Via Nandgaon Datta Mandir","Kudal St Depot",Devgad,"NANDGAON DATTA MANDIR",MO,6362,"Oros Bus Stnad",16,,,कुडाळ,देवगड,90.2,13:30,16:15,SC,DAIL,,,
125980,"Kudal To Devgad Via Nandgaon Datta Mandir","Kudal St Depot",Devgad,"NANDGAON DATTA MANDIR",MO,6116,Awali,18.7,,,कुडाळ,देवगड,90.2,13:30,16:15,SC,DAIL,,,
125980,"Kudal To Devgad Via Nandgaon Datta Mandir","Kudal St Depot",Devgad,"NANDGAON DATTA MANDIR",MO,6282,"Kasal Balamwadi",20.5,,,कुडाळ,देवगड,90.2,13:30,16:15,SC,DAIL,,,
125980,"Kudal To Devgad Via Nandgaon Datta Mandir","Kudal St Depot",Devgad,"NANDGAON DATTA MANDIR",MO,6281,Kasal,21.9,,,कुडाळ,देवगड,90.2,13:30,16:15,SC,DAIL,,,
125980,"Kudal To Devgad Via Nandgaon Datta Mandir","Kudal St Depot",Devgad,"NANDGAON DATTA MANDIR",MO,6168,Dewoolwadi,24.2,,,कुडाळ,देवगड,90.2,13:30,16:15,SC,DAIL,,,
125980,"Kudal To Devgad Via Nandgaon Datta Mandir","Kudal St Depot",Devgad,"NANDGAON DATTA MANDIR",MO,2890,"Osargaon Post",29.1,,,कुडाळ,देवगड,90.2,13:30,16:15,SC,DAIL,,,
125980,"Kudal To Devgad Via Nandgaon Datta Mandir","Kudal St Depot",Devgad,"NANDGAON DATTA MANDIR",MO,2891,"Osargaon Talav",29.4,,,कुडाळ,देवगड,90.2,13:30,16:15,SC,DAIL,,,
125980,"Kudal To Devgad Via Nandgaon Datta Mandir","Kudal St Depot",Devgad,"NANDGAON DATTA MANDIR",MO,2692,Dangalwadi,31.3,,,कुडाळ,देवगड,90.2,13:30,16:15,SC,DAIL,,,
125980,"Kudal To Devgad Via Nandgaon Datta Mandir","Kudal St Depot",Devgad,"NANDGAON DATTA MANDIR",MO,3002,Wagde,33.2,,,कुडाळ,देवगड,90.2,13:30,16:15,SC,DAIL,,,
125980,"Kudal To Devgad Via Nandgaon Datta Mandir","Kudal St Depot",Devgad,"NANDGAON DATTA MANDIR",MO,2786,Kankavli,36.2,,,कुडाळ,देवगड,90.2,13:30,16:15,SC,DAIL,,,
125980,"Kudal To Devgad Via Nandgaon Datta Mandir","Kudal St Depot",Devgad,"NANDGAON DATTA MANDIR",MO,2766,Janavali,40,,,कुडाळ,देवगड,90.2,13:30,16:15,SC,DAIL,,,
125980,"Kudal To Devgad Via Nandgaon Datta Mandir","Kudal St Depot",Devgad,"NANDGAON DATTA MANDIR",MO,2756,"Humrat Titha",44.3,,,कुडाळ,देवगड,90.2,13:30,16:15,SC,DAIL,,,
125980,"Kudal To Devgad Via Nandgaon Datta Mandir","Kudal St Depot",Devgad,"NANDGAON DATTA MANDIR",MO,2655,Belane,46.5,,,कुडाळ,देवगड,90.2,13:30,16:15,SC,DAIL,,,
125980,"Kudal To Devgad Via Nandgaon Datta Mandir","Kudal St Depot",Devgad,"NANDGAON DATTA MANDIR",MO,2870,"Nandgaon Datta Mandir",48.9,,,कुडाळ,देवगड,90.2,13:30,16:15,SC,DAIL,,,
125980,"Kudal To Devgad Via Nandgaon Datta Mandir","Kudal St Depot",Devgad,"NANDGAON DATTA MANDIR",MO,2871,"Nandgaon Fata",50,,,कुडाळ,देवगड,90.2,13:30,16:15,SC,DAIL,,,
125980,"Kudal To Devgad Via Nandgaon Datta Mandir","Kudal St Depot",Devgad,"NANDGAON DATTA MANDIR",MO,2642,Asalade,53.2,,,कुडाळ,देवगड,90.2,13:30,16:15,SC,DAIL,,,
125980,"Kudal To Devgad Via Nandgaon Datta Mandir","Kudal St Depot",Devgad,"NANDGAON DATTA MANDIR",MO,3009,Warchiwadi,54.3,,,कुडाळ,देवगड,90.2,13:30,16:15,SC,DAIL,,,
125980,"Kudal To Devgad Via Nandgaon Datta Mandir","Kudal St Depot",Devgad,"NANDGAON DATTA MANDIR",MO,1742,"Hadpid Bridge",55,,,कुडाळ,देवगड,90.2,13:30,16:15,SC,DAIL,,,
125980,"Kudal To Devgad Via Nandgaon Datta Mandir","Kudal St Depot",Devgad,"NANDGAON DATTA MANDIR",MO,1743,Hadpid,59.2,,,कुडाळ,देवगड,90.2,13:30,16:15,SC,DAIL,,,
125980,"Kudal To Devgad Via Nandgaon Datta Mandir","Kudal St Depot",Devgad,"NANDGAON DATTA MANDIR",MO,1971,Rakasghati,61.8,,,कुडाळ,देवगड,90.2,13:30,16:15,SC,DAIL,,,
125980,"Kudal To Devgad Via Nandgaon Datta Mandir","Kudal St Depot",Devgad,"NANDGAON DATTA MANDIR",MO,1978,Shirgaon,64.6,,,कुडाळ,देवगड,90.2,13:30,16:15,SC,DAIL,,,
125980,"Kudal To Devgad Via Nandgaon Datta Mandir","Kudal St Depot",Devgad,"NANDGAON DATTA MANDIR",MO,1697,Dhopatewadi,67.4,,,कुडाळ,देवगड,90.2,13:30,16:15,SC,DAIL,,,
125980,"Kudal To Devgad Via Nandgaon Datta Mandir","Kudal St Depot",Devgad,"NANDGAON DATTA MANDIR",MO,2042,Waliwande,70,,,कुडाळ,देवगड,90.2,13:30,16:15,SC,DAIL,,,
125980,"Kudal To Devgad Via Nandgaon Datta Mandir","Kudal St Depot",Devgad,"NANDGAON DATTA MANDIR",MO,1630,"Are Fata",71.3,,,कुडाळ,देवगड,90.2,13:30,16:15,SC,DAIL,,,
125980,"Kudal To Devgad Via Nandgaon Datta Mandir","Kudal St Depot",Devgad,"NANDGAON DATTA MANDIR",MO,1831,"Lingdal Titha",72.4,,,कुडाळ,देवगड,90.2,13:30,16:15,SC,DAIL,,,
125980,"Kudal To Devgad Via Nandgaon Datta Mandir","Kudal St Depot",Devgad,"NANDGAON DATTA MANDIR",MO,1772,Kumbharkhari,74.3,,,कुडाळ,देवगड,90.2,13:30,16:15,SC,DAIL,,,
125980,"Kudal To Devgad Via Nandgaon Datta Mandir","Kudal St Depot",Devgad,"NANDGAON DATTA MANDIR",MO,1997,"Tale Bazar",76.2,,,कुडाळ,देवगड,90.2,13:30,16:15,SC,DAIL,,,
125980,"Kudal To Devgad Via Nandgaon Datta Mandir","Kudal St Depot",Devgad,"NANDGAON DATTA MANDIR",MO,1640,"Bhekar Taka",77.1,,,कुडाळ,देवगड,90.2,13:30,16:15,SC,DAIL,,,
125980,"Kudal To Devgad Via Nandgaon Datta Mandir","Kudal St Depot",Devgad,"NANDGAON DATTA MANDIR",MO,1773,Kodamba,79.6,,,कुडाळ,देवगड,90.2,13:30,16:15,SC,DAIL,,,
125980,"Kudal To Devgad Via Nandgaon Datta Mandir","Kudal St Depot",Devgad,"NANDGAON DATTA MANDIR",MO,1871,"Mond-Dhabhol Titha",81,,,कुडाळ,देवगड,90.2,13:30,16:15,SC,DAIL,,,
125980,"Kudal To Devgad Via Nandgaon Datta Mandir","Kudal St Depot",Devgad,"NANDGAON DATTA MANDIR",MO,1715,"Gadaiche Pani",82.7,,,कुडाळ,देवगड,90.2,13:30,16:15,SC,DAIL,,,
125980,"Kudal To Devgad Via Nandgaon Datta Mandir","Kudal St Depot",Devgad,"NANDGAON DATTA MANDIR",MO,1759,Jamsande,87,,,कुडाळ,देवगड,90.2,13:30,16:15,SC,DAIL,,,
125980,"Kudal To Devgad Via Nandgaon Datta Mandir","Kudal St Depot",Devgad,"NANDGAON DATTA MANDIR",MO,1685,Devgad,90.2,,,कुडाळ,देवगड,90.2,13:30,16:15,SC,DAIL,,,
126226,"Vengurle To Karul High School",Vengurle,"Karul High School",,MO,9824,Vengurle,,,,वेंगुर्ला,करूळ,100,15:00,18:50,SC,DAILY,शालेय,शालेय,SCHOOL
126226,"Vengurle To Karul High School",Vengurle,"Karul High School",,MO,9708,"Maruti Mandir",3.2,,,वेंगुर्ला,करूळ,100,15:00,18:50,SC,DAILY,शालेय,शालेय,SCHOOL
126226,"Vengurle To Karul High School",Vengurle,"Karul High School",,MO,9665,Kankewadi,6,,,वेंगुर्ला,करूळ,100,15:00,18:50,SC,DAILY,शालेय,शालेय,SCHOOL
126226,"Vengurle To Karul High School",Vengurle,"Karul High School",,MO,9709,"Math High School",7,,,वेंगुर्ला,करूळ,100,15:00,18:50,SC,DAILY,शालेय,शालेय,SCHOOL
126226,"Vengurle To Karul High School",Vengurle,"Karul High School",,MO,9620,"Bowalekar Wadi",8.8,,,वेंगुर्ला,करूळ,100,15:00,18:50,SC,DAILY,शालेय,शालेय,SCHOOL
126226,"Vengurle To Karul High School",Vengurle,"Karul High School",,MO,6398,"Shambhu Bhavani",12.1,,,वेंगुर्ला,करूळ,100,15:00,18:50,SC,DAILY,शालेय,शालेय,SCHOOL
126226,"Vengurle To Karul High School",Vengurle,"Karul High School",,MO,6458,"Vetore Titha",12.9,,,वेंगुर्ला,करूळ,100,15:00,18:50,SC,DAILY,शालेय,शालेय,SCHOOL
126226,"Vengurle To Karul High School",Vengurle,"Karul High School",,MO,6112,"Adosewadi Fata",14.3,,,वेंगुर्ला,करूळ,100,15:00,18:50,SC,DAILY,शालेय,शालेय,SCHOOL
126226,"Vengurle To Karul High School",Vengurle,"Karul High School",,MO,6423,Sativan,17.5,,,वेंगुर्ला,करूळ,100,15:00,18:50,SC,DAILY,शालेय,शालेय,SCHOOL
126226,"Vengurle To Karul High School",Vengurle,"Karul High School",,MO,6376,"Pinguli Titha",20.9,,,वेंगुर्ला,करूळ,100,15:00,18:50,SC,DAILY,शालेय,शालेय,SCHOOL
126226,"Vengurle To Karul High School",Vengurle,"Karul High School",,MO,6237,"Kudal St Depot",23.7,,,वेंगुर्ला,करूळ,100,15:00,18:50,SC,DAILY,शालेय,शालेय,SCHOOL
126226,"Vengurle To Karul High School",Vengurle,"Karul High School",,MO,6380,"Pawashi Panchayat",26,,,वेंगुर्ला,करूळ,100,15:00,18:50,SC,DAILY,शालेय,शालेय,SCHOOL
126226,"Vengurle To Karul High School",Vengurle,"Karul High School",,MO,88100,Vetalbambarde,29,,,वेंगुर्ला,करूळ,100,15:00,18:50,SC,DAILY,शालेय,शालेय,SCHOOL
126226,"Vengurle To Karul High School",Vengurle,"Karul High School",,MO,6365,Pandur,32.8,,,वेंगुर्ला,करूळ,100,15:00,18:50,SC,DAILY,शालेय,शालेय,SCHOOL
126226,"Vengurle To Karul High School",Vengurle,"Karul High School",,MO,6204,"Humarmala Kasale Dukan",35,,,वेंगुर्ला,करूळ,100,15:00,18:50,SC,DAILY,शालेय,शालेय,SCHOOL
126226,"Vengurle To Karul High School",Vengurle,"Karul High School",,MO,6362,"Oros Bus Stnad",38,,,वेंगुर्ला,करूळ,100,15:00,18:50,SC,DAILY,शालेय,शालेय,SCHOOL
126226,"Vengurle To Karul High School",Vengurle,"Karul High School",,MO,6116,Awali,42,,,वेंगुर्ला,करूळ,100,15:00,18:50,SC,DAILY,शालेय,शालेय,SCHOOL
126226,"Vengurle To Karul High School",Vengurle,"Karul High School",,MO,6281,Kasal,44.5,,,वेंगुर्ला,करूळ,100,15:00,18:50,SC,DAILY,शालेय,शालेय,SCHOOL
126226,"Vengurle To Karul High School",Vengurle,"Karul High School",,MO,6315,"Mile Stone",46,,,वेंगुर्ला,करूळ,100,15:00,18:50,SC,DAILY,शालेय,शालेय,SCHOOL
126226,"Vengurle To Karul High School",Vengurle,"Karul High School",,MO,2890,"Osargaon Post",48.8,,,वेंगुर्ला,करूळ,100,15:00,18:50,SC,DAILY,शालेय,शालेय,SCHOOL
126226,"Vengurle To Karul High School",Vengurle,"Karul High School",,MO,2891,"Osargaon Talav",51.7,,,वेंगुर्ला,करूळ,100,15:00,18:50,SC,DAILY,शालेय,शालेय,SCHOOL
126226,"Vengurle To Karul High School",Vengurle,"Karul High School",,MO,2692,Dangalwadi,52.8,,,वेंगुर्ला,करूळ,100,15:00,18:50,SC,DAILY,शालेय,शालेय,SCHOOL
126226,"Vengurle To Karul High School",Vengurle,"Karul High School",,MO,3001,"Wagade Gpo",53.7,,,वेंगुर्ला,करूळ,100,15:00,18:50,SC,DAILY,शालेय,शालेय,SCHOOL
126226,"Vengurle To Karul High School",Vengurle,"Karul High School",,MO,2786,Kankavli,58.9,,,वेंगुर्ला,करूळ,100,15:00,18:50,SC,DAILY,शालेय,शालेय,SCHOOL
126226,"Vengurle To Karul High School",Vengurle,"Karul High School",,MO,2766,Janavali,62.7,,,वेंगुर्ला,करूळ,100,15:00,18:50,SC,DAILY,शालेय,शालेय,SCHOOL
126226,"Vengurle To Karul High School",Vengurle,"Karul High School",,MO,2756,"Humrat Titha",65.8,,,वेंगुर्ला,करूळ,100,15:00,18:50,SC,DAILY,शालेय,शालेय,SCHOOL
126226,"Vengurle To Karul High School",Vengurle,"Karul High School",,MO,2757,"Humrath Mal Ghorpiwadi",67.3,,,वेंगुर्ला,करूळ,100,15:00,18:50,SC,DAILY,शालेय,शालेय,SCHOOL
126226,"Vengurle To Karul High School",Vengurle,"Karul High School",,MO,2790,Karul,69.7,,,वेंगुर्ला,करूळ,100,15:00,18:50,SC,DAILY,शालेय,शालेय,SCHOOL
126226,"Vengurle To Karul High School",Vengurle,"Karul High School",,MO,2781,Kanadewadi,71.1,,,वेंगुर्ला,करूळ,100,15:00,18:50,SC,DAILY,शालेय,शालेय,SCHOOL
126226,"Vengurle To Karul High School",Vengurle,"Karul High School",,MO,2787,"Kankavli Nandgaon Fata",73.9,,,वेंगुर्ला,करूळ,100,15:00,18:50,SC,DAILY,शालेय,शालेय,SCHOOL
126226,"Vengurle To Karul High School",Vengurle,"Karul High School",,MO,2904,Phonda,76.8,,,वेंगुर्ला,करूळ,100,15:00,18:50,SC,DAILY,शालेय,शालेय,SCHOOL
126226,"Vengurle To Karul High School",Vengurle,"Karul High School",,MO,2858,"Mona Wahal",79.8,,,वेंगुर्ला,करूळ,100,15:00,18:50,SC,DAILY,शालेय,शालेय,SCHOOL
126226,"Vengurle To Karul High School",Vengurle,"Karul High School",,MO,2839,"Lore Bangala",83.1,,,वेंगुर्ला,करूळ,100,15:00,18:50,SC,DAILY,शालेय,शालेय,SCHOOL
126226,"Vengurle To Karul High School",Vengurle,"Karul High School",,MO,9171,"Achirne Wad",84.7,,,वेंगुर्ला,करूळ,100,15:00,18:50,SC,DAILY,शालेय,शालेय,SCHOOL
126226,"Vengurle To Karul High School",Vengurle,"Karul High School",,MO,9215,Khambale,89.5,,,वेंगुर्ला,करूळ,100,15:00,18:50,SC,DAILY,शालेय,शालेय,SCHOOL
126226,"Vengurle To Karul High School",Vengurle,"Karul High School",,MO,9189,Dand,92.1,,,वेंगुर्ला,करूळ,100,15:00,18:50,SC,DAILY,शालेय,शालेय,SCHOOL
126226,"Vengurle To Karul High School",Vengurle,"Karul High School",,MO,9291,Vaibhavwadi,93.3,,,वेंगुर्ला,करूळ,100,15:00,18:50,SC,DAILY,शालेय,शालेय,SCHOOL
126226,"Vengurle To Karul High School",Vengurle,"Karul High School",,MO,9297,"Water Tank",96.3,,,वेंगुर्ला,करूळ,100,15:00,18:50,SC,DAILY,शालेय,शालेय,SCHOOL
126226,"Vengurle To Karul High School",Vengurle,"Karul High School",,MO,9208,Jamadarwadi,99.3,,,वेंगुर्ला,करूळ,100,15:00,18:50,SC,DAILY,शालेय,शालेय,SCHOOL
126226,"Vengurle To Karul High School",Vengurle,"Karul High School",,MO,9212,"Karul High School",100,,,वेंगुर्ला,करूळ,100,15:00,18:50,SC,DAILY,शालेय,शालेय,SCHOOL
126245,"Redi Kanyal To Vengurle Via Wadkhol","Redi Kanyal",Vengurle,WADKHOL,MO,9768,"Redi Kanyal",,,,"रेडी कनयाळ",वेंगुर्ला,32.4,12:15,13:25,SC,DAILY,शालेय,शालेय,SCHOOL
126245,"Redi Kanyal To Vengurle Via Wadkhol","Redi Kanyal",Vengurle,WADKHOL,MO,9769,"Redi Mauli Mandir",1.8,,,"रेडी कनयाळ",वेंगुर्ला,32.4,12:15,13:25,SC,DAILY,शालेय,शालेय,SCHOOL
126245,"Redi Kanyal To Vengurle Via Wadkhol","Redi Kanyal",Vengurle,WADKHOL,MO,9653,"Huda Fata",4.7,,,"रेडी कनयाळ",वेंगुर्ला,32.4,12:15,13:25,SC,DAILY,शालेय,शालेय,SCHOOL
126245,"Redi Kanyal To Vengurle Via Wadkhol","Redi Kanyal",Vengurle,WADKHOL,MO,9789,Shiroda,7.5,,,"रेडी कनयाळ",वेंगुर्ला,32.4,12:15,13:25,SC,DAILY,शालेय,शालेय,SCHOOL
126245,"Redi Kanyal To Vengurle Via Wadkhol","Redi Kanyal",Vengurle,WADKHOL,MO,9601,Arawali,10,,,"रेडी कनयाळ",वेंगुर्ला,32.4,12:15,13:25,SC,DAILY,शालेय,शालेय,SCHOOL
126245,"Redi Kanyal To Vengurle Via Wadkhol","Redi Kanyal",Vengurle,WADKHOL,MO,9797,"Tak Maruti Mandir",12,,,"रेडी कनयाळ",वेंगुर्ला,32.4,12:15,13:25,SC,DAILY,शालेय,शालेय,SCHOOL
126245,"Redi Kanyal To Vengurle Via Wadkhol","Redi Kanyal",Vengurle,WADKHOL,MO,9649,Harijanwada,13,,,"रेडी कनयाळ",वेंगुर्ला,32.4,12:15,13:25,SC,DAILY,शालेय,शालेय,SCHOOL
126245,"Redi Kanyal To Vengurle Via Wadkhol","Redi Kanyal",Vengurle,WADKHOL,MO,9603,"Asoli Vetoba Mandir",15,,,"रेडी कनयाळ",वेंगुर्ला,32.4,12:15,13:25,SC,DAILY,शालेय,शालेय,SCHOOL
126245,"Redi Kanyal To Vengurle Via Wadkhol","Redi Kanyal",Vengurle,WADKHOL,MO,9763,Rajdhuriwadi,17.5,,,"रेडी कनयाळ",वेंगुर्ला,32.4,12:15,13:25,SC,DAILY,शालेय,शालेय,SCHOOL
126245,"Redi Kanyal To Vengurle Via Wadkhol","Redi Kanyal",Vengurle,WADKHOL,MO,9831,Wadkhol,20.7,,,"रेडी कनयाळ",वेंगुर्ला,32.4,12:15,13:25,SC,DAILY,शालेय,शालेय,SCHOOL
126245,"Redi Kanyal To Vengurle Via Wadkhol","Redi Kanyal",Vengurle,WADKHOL,MO,9763,Rajdhuriwadi,23.9,,,"रेडी कनयाळ",वेंगुर्ला,32.4,12:15,13:25,SC,DAILY,शालेय,शालेय,SCHOOL
126245,"Redi Kanyal To Vengurle Via Wadkhol","Redi Kanyal",Vengurle,WADKHOL,MO,9603,"Asoli Vetoba Mandir",24.6,,,"रेडी कनयाळ",वेंगुर्ला,32.4,12:15,13:25,SC,DAILY,शालेय,शालेय,SCHOOL
126245,"Redi Kanyal To Vengurle Via Wadkhol","Redi Kanyal",Vengurle,WADKHOL,MO,9649,Harijanwada,25.1,,,"रेडी कनयाळ",वेंगुर्ला,32.4,12:15,13:25,SC,DAILY,शालेय,शालेय,SCHOOL
126245,"Redi Kanyal To Vengurle Via Wadkhol","Redi Kanyal",Vengurle,WADKHOL,MO,9797,"Tak Maruti Mandir",26.5,,,"रेडी कनयाळ",वेंगुर्ला,32.4,12:15,13:25,SC,DAILY,शालेय,शालेय,SCHOOL
126245,"Redi Kanyal To Vengurle Via Wadkhol","Redi Kanyal",Vengurle,WADKHOL,MO,9699,"Mail Dagad",28,,,"रेडी कनयाळ",वेंगुर्ला,32.4,12:15,13:25,SC,DAILY,शालेय,शालेय,SCHOOL
126245,"Redi Kanyal To Vengurle Via Wadkhol","Redi Kanyal",Vengurle,WADKHOL,MO,9722,Mochemand,30.7,,,"रेडी कनयाळ",वेंगुर्ला,32.4,12:15,13:25,SC,DAILY,शालेय,शालेय,SCHOOL
126245,"Redi Kanyal To Vengurle Via Wadkhol","Redi Kanyal",Vengurle,WADKHOL,MO,9726,"Mundale Shop",31,,,"रेडी कनयाळ",वेंगुर्ला,32.4,12:15,13:25,SC,DAILY,शालेय,शालेय,SCHOOL
126245,"Redi Kanyal To Vengurle Via Wadkhol","Redi Kanyal",Vengurle,WADKHOL,MO,9817,"Ubhadanda School -2",31.3,,,"रेडी कनयाळ",वेंगुर्ला,32.4,12:15,13:25,SC,DAILY,शालेय,शालेय,SCHOOL
126245,"Redi Kanyal To Vengurle Via Wadkhol","Redi Kanyal",Vengurle,WADKHOL,MO,9824,Vengurle,32.4,,,"रेडी कनयाळ",वेंगुर्ला,32.4,12:15,13:25,SC,DAILY,शालेय,शालेय,SCHOOL
126286,"Vasco To Vengurle Via Pernem",Vasco,Vengurle,PERNEM,MO,71959,Vasco,,,,वास्को,वेंगुर्ला,97,09:30,12:50,NON,DAILY,,,
126286,"Vasco To Vengurle Via Pernem",Vasco,Vengurle,PERNEM,MO,71871,"Chikalim Hospital",4,,,वास्को,वेंगुर्ला,97,09:30,12:50,NON,DAILY,,,
126286,"Vasco To Vengurle Via Pernem",Vasco,Vengurle,PERNEM,MO,71897,Kuthali,14,,,वास्को,वेंगुर्ला,97,09:30,12:50,NON,DAILY,,,
126286,"Vasco To Vengurle Via Pernem",Vasco,Vengurle,PERNEM,MO,71864,Bambuli,25,,,वास्को,वेंगुर्ला,97,09:30,12:50,NON,DAILY,,,
126286,"Vasco To Vengurle Via Pernem",Vasco,Vengurle,PERNEM,MO,71935,Panjim,30,,,वास्को,वेंगुर्ला,97,09:30,12:50,NON,DAILY,,,
126286,"Vasco To Vengurle Via Pernem",Vasco,Vengurle,PERNEM,MO,71915,Mapusa,42,,,वास्को,वेंगुर्ला,97,09:30,12:50,NON,DAILY,,,
126286,"Vasco To Vengurle Via Pernem",Vasco,Vengurle,PERNEM,MO,71894,Karaswada,45,,,वास्को,वेंगुर्ला,97,09:30,12:50,NON,DAILY,,,
126286,"Vasco To Vengurle Via Pernem",Vasco,Vengurle,PERNEM,MO,71890,Kolwal,50,,,वास्को,वेंगुर्ला,97,09:30,12:50,NON,DAILY,,,
126286,"Vasco To Vengurle Via Pernem",Vasco,Vengurle,PERNEM,MO,71873,Dhargal,52,,,वास्को,वेंगुर्ला,97,09:30,12:50,NON,DAILY,,,
126286,"Vasco To Vengurle Via Pernem",Vasco,Vengurle,PERNEM,MO,71901,Malpe,57,,,वास्को,वेंगुर्ला,97,09:30,12:50,NON,DAILY,,,
126286,"Vasco To Vengurle Via Pernem",Vasco,Vengurle,PERNEM,MO,71937,Pernem,58,,,वास्को,वेंगुर्ला,97,09:30,12:50,NON,DAILY,,,
126286,"Vasco To Vengurle Via Pernem",Vasco,Vengurle,PERNEM,MO,71923,"Naibag Goa Border",63,,,वास्को,वेंगुर्ला,97,09:30,12:50,NON,DAILY,,,
126286,"Vasco To Vengurle Via Pernem",Vasco,Vengurle,PERNEM,MO,9772,"Satarda Bazar",74.3,,,वास्को,वेंगुर्ला,97,09:30,12:50,NON,DAILY,,,
126286,"Vasco To Vengurle Via Pernem",Vasco,Vengurle,PERNEM,MO,9774,"Satarda Mandir",74.9,,,वास्को,वेंगुर्ला,97,09:30,12:50,NON,DAILY,,,
126286,"Vasco To Vengurle Via Pernem",Vasco,Vengurle,PERNEM,MO,9775,"Sateli Mandir",77.9,,,वास्को,वेंगुर्ला,97,09:30,12:50,NON,DAILY,,,
126286,"Vasco To Vengurle Via Pernem",Vasco,Vengurle,PERNEM,MO,9694,"Kondura Titha",80.9,,,वास्को,वेंगुर्ला,97,09:30,12:50,NON,DAILY,,,
126286,"Vasco To Vengurle Via Pernem",Vasco,Vengurle,PERNEM,MO,9704,"Malewad Naka",83.1,,,वास्को,वेंगुर्ला,97,09:30,12:50,NON,DAILY,,,
126286,"Vasco To Vengurle Via Pernem",Vasco,Vengurle,PERNEM,MO,9779,Savardev,84,,,वास्को,वेंगुर्ला,97,09:30,12:50,NON,DAILY,,,
126286,"Vasco To Vengurle Via Pernem",Vasco,Vengurle,PERNEM,MO,9592,"Ajgaon Marathi School",85,,,वास्को,वेंगुर्ला,97,09:30,12:50,NON,DAILY,,,
126286,"Vasco To Vengurle Via Pernem",Vasco,Vengurle,PERNEM,MO,9789,Shiroda,87,,,वास्को,वेंगुर्ला,97,09:30,12:50,NON,DAILY,,,
126286,"Vasco To Vengurle Via Pernem",Vasco,Vengurle,PERNEM,MO,9601,Arawali,89,,,वास्को,वेंगुर्ला,97,09:30,12:50,NON,DAILY,,,
126286,"Vasco To Vengurle Via Pernem",Vasco,Vengurle,PERNEM,MO,9730,Naichiad,91,,,वास्को,वेंगुर्ला,97,09:30,12:50,NON,DAILY,,,
126286,"Vasco To Vengurle Via Pernem",Vasco,Vengurle,PERNEM,MO,9699,"Mail Dagad",92,,,वास्को,वेंगुर्ला,97,09:30,12:50,NON,DAILY,,,
126286,"Vasco To Vengurle Via Pernem",Vasco,Vengurle,PERNEM,MO,9722,Mochemand,93,,,वास्को,वेंगुर्ला,97,09:30,12:50,NON,DAILY,,,
126286,"Vasco To Vengurle Via Pernem",Vasco,Vengurle,PERNEM,MO,9726,"Mundale Shop",94,,,वास्को,वेंगुर्ला,97,09:30,12:50,NON,DAILY,,,
126286,"Vasco To Vengurle Via Pernem",Vasco,Vengurle,PERNEM,MO,9817,"Ubhadanda School -2",95,,,वास्को,वेंगुर्ला,97,09:30,12:50,NON,DAILY,,,
126286,"Vasco To Vengurle Via Pernem",Vasco,Vengurle,PERNEM,MO,9824,Vengurle,97,,,वास्को,वेंगुर्ला,97,09:30,12:50,NON,DAILY,,,
126328,"Sawantwadi To Konshi Via Banda",Sawantwadi,Konshi,BANDA,MO,8663,Sawantwadi,,,,सावंतवाडी,कोनशी,25.7,20:00,21:00,OBL,DAILY,,,
126328,"Sawantwadi To Konshi Via Banda",Sawantwadi,Konshi,BANDA,MO,8578,"Majgaon Nala",3.2,,,सावंतवाडी,कोनशी,25.7,20:00,21:00,OBL,DAILY,,,
126328,"Sawantwadi To Konshi Via Banda",Sawantwadi,Konshi,BANDA,MO,8499,"Doba Shel",6.5,,,सावंतवाडी,कोनशी,25.7,20:00,21:00,OBL,DAILY,,,
126328,"Sawantwadi To Konshi Via Banda",Sawantwadi,Konshi,BANDA,MO,89315,"Exicise Check Post",9,,,सावंतवाडी,कोनशी,25.7,20:00,21:00,OBL,DAILY,,,
126328,"Sawantwadi To Konshi Via Banda",Sawantwadi,Konshi,BANDA,MO,8542,"Khamdev Naka",11,,,सावंतवाडी,कोनशी,25.7,20:00,21:00,OBL,DAILY,,,
126328,"Sawantwadi To Konshi Via Banda",Sawantwadi,Konshi,BANDA,MO,8486,Banda,12.6,,,सावंतवाडी,कोनशी,25.7,20:00,21:00,OBL,DAILY,,,
126328,"Sawantwadi To Konshi Via Banda",Sawantwadi,Konshi,BANDA,MO,1855,"Mail Dagad",15,,,सावंतवाडी,कोनशी,25.7,20:00,21:00,OBL,DAILY,,,
126328,"Sawantwadi To Konshi Via Banda",Sawantwadi,Konshi,BANDA,MO,6482,Janbal,16.2,,,सावंतवाडी,कोनशी,25.7,20:00,21:00,OBL,DAILY,,,
126328,"Sawantwadi To Konshi Via Banda",Sawantwadi,Konshi,BANDA,MO,8673,"Vilavade Wad",19.9,,,सावंतवाडी,कोनशी,25.7,20:00,21:00,OBL,DAILY,,,
126328,"Sawantwadi To Konshi Via Banda",Sawantwadi,Konshi,BANDA,MO,8616,"Otavane Titha",20.2,,,सावंतवाडी,कोनशी,25.7,20:00,21:00,OBL,DAILY,,,
126328,"Sawantwadi To Konshi Via Banda",Sawantwadi,Konshi,BANDA,MO,8477,"Bhalawal Shop",21.3,,,सावंतवाडी,कोनशी,25.7,20:00,21:00,OBL,DAILY,,,
126328,"Sawantwadi To Konshi Via Banda",Sawantwadi,Konshi,BANDA,MO,8680,"Wetal Mandir",22.6,,,सावंतवाडी,कोनशी,25.7,20:00,21:00,OBL,DAILY,,,
126328,"Sawantwadi To Konshi Via Banda",Sawantwadi,Konshi,BANDA,MO,8497,Dhangarwadi,25.3,,,सावंतवाडी,कोनशी,25.7,20:00,21:00,OBL,DAILY,,,
126328,"Sawantwadi To Konshi Via Banda",Sawantwadi,Konshi,BANDA,MO,8559,Konshi,25.7,,,सावंतवाडी,कोनशी,25.7,20:00,21:00,OBL,DAILY,,,
10665,"Banda To Konshi Via Vafoli Sosc",Banda,Konshi,"VAFOLI SOSC",MO,8486,Banda,,,,बांदा,कोनशी,14.5,07:30,08:00,NON,DAILY,,,
10665,"Banda To Konshi Via Vafoli Sosc",Banda,Konshi,"VAFOLI SOSC",MO,8672,"Vafoli Sosc",2.3,,,बांदा,कोनशी,14.5,07:30,08:00,NON,DAILY,,,
10665,"Banda To Konshi Via Vafoli Sosc",Banda,Konshi,"VAFOLI SOSC",MO,8673,"Vilavade Wad",5.5,,,बांदा,कोनशी,14.5,07:30,08:00,NON,DAILY,,,
10665,"Banda To Konshi Via Vafoli Sosc",Banda,Konshi,"VAFOLI SOSC",MO,8477,"Bhalawal Shop",8.5,,,बांदा,कोनशी,14.5,07:30,08:00,NON,DAILY,,,
10665,"Banda To Konshi Via Vafoli Sosc",Banda,Konshi,"VAFOLI SOSC",MO,8616,"Otavane Titha",9,,,बांदा,कोनशी,14.5,07:30,08:00,NON,DAILY,,,
10665,"Banda To Konshi Via Vafoli Sosc",Banda,Konshi,"VAFOLI SOSC",MO,8680,"Wetal Mandir",10.5,,,बांदा,कोनशी,14.5,07:30,08:00,NON,DAILY,,,
10665,"Banda To Konshi Via Vafoli Sosc",Banda,Konshi,"VAFOLI SOSC",MO,8497,Dhangarwadi,11.3,,,बांदा,कोनशी,14.5,07:30,08:00,NON,DAILY,,,
10665,"Banda To Konshi Via Vafoli Sosc",Banda,Konshi,"VAFOLI SOSC",MO,8559,Konshi,14.5,,,बांदा,कोनशी,14.5,07:30,08:00,NON,DAILY,,,
19985,"Shiroda To Sawantwadi Via Wadkhol",Shiroda,Sawantwadi,WADKHOL,MO,9789,Shiroda,,,,शिरोडा,सावंतवाडी,33,06:40,07:50,NON,DAILY,,,
19985,"Shiroda To Sawantwadi Via Wadkhol",Shiroda,Sawantwadi,WADKHOL,MO,9601,Arawali,4.4,,,शिरोडा,सावंतवाडी,33,06:40,07:50,NON,DAILY,,,
19985,"Shiroda To Sawantwadi Via Wadkhol",Shiroda,Sawantwadi,WADKHOL,MO,9797,"Tak Maruti Mandir",4.6,,,शिरोडा,सावंतवाडी,33,06:40,07:50,NON,DAILY,,,
19985,"Shiroda To Sawantwadi Via Wadkhol",Shiroda,Sawantwadi,WADKHOL,MO,9649,Harijanwada,6,,,शिरोडा,सावंतवाडी,33,06:40,07:50,NON,DAILY,,,
19985,"Shiroda To Sawantwadi Via Wadkhol",Shiroda,Sawantwadi,WADKHOL,MO,9603,"Asoli Vetoba Mandir",6.5,,,शिरोडा,सावंतवाडी,33,06:40,07:50,NON,DAILY,,,
19985,"Shiroda To Sawantwadi Via Wadkhol",Shiroda,Sawantwadi,WADKHOL,MO,9763,Rajdhuriwadi,7.2,,,शिरोडा,सावंतवाडी,33,06:40,07:50,NON,DAILY,,,
19985,"Shiroda To Sawantwadi Via Wadkhol",Shiroda,Sawantwadi,WADKHOL,MO,9831,Wadkhol,10.4,,,शिरोडा,सावंतवाडी,33,06:40,07:50,NON,DAILY,,,
19985,"Shiroda To Sawantwadi Via Wadkhol",Shiroda,Sawantwadi,WADKHOL,MO,9604,"Asuli Pal Fata",11.7,,,शिरोडा,सावंतवाडी,33,06:40,07:50,NON,DAILY,,,
19985,"Shiroda To Sawantwadi Via Wadkhol",Shiroda,Sawantwadi,WADKHOL,MO,9712,"Matond Sateri Mandir",13.9,,,शिरोडा,सावंतवाडी,33,06:40,07:50,NON,DAILY,,,
19985,"Shiroda To Sawantwadi Via Wadkhol",Shiroda,Sawantwadi,WADKHOL,MO,9799,"Talawade Parabwada",17.4,,,शिरोडा,सावंतवाडी,33,06:40,07:50,NON,DAILY,,,
19985,"Shiroda To Sawantwadi Via Wadkhol",Shiroda,Sawantwadi,WADKHOL,MO,9798,"Talawade Gate",18.5,,,शिरोडा,सावंतवाडी,33,06:40,07:50,NON,DAILY,,,
19985,"Shiroda To Sawantwadi Via Wadkhol",Shiroda,Sawantwadi,WADKHOL,MO,9692,"Konapal Bhaid",22.3,,,शिरोडा,सावंतवाडी,33,06:40,07:50,NON,DAILY,,,
19985,"Shiroda To Sawantwadi Via Wadkhol",Shiroda,Sawantwadi,WADKHOL,MO,8641,"Railway Station",24.9,,,शिरोडा,सावंतवाडी,33,06:40,07:50,NON,DAILY,,,
19985,"Shiroda To Sawantwadi Via Wadkhol",Shiroda,Sawantwadi,WADKHOL,MO,8674,"Vengurle Shiroda Titha",25.8,,,शिरोडा,सावंतवाडी,33,06:40,07:50,NON,DAILY,,,
19985,"Shiroda To Sawantwadi Via Wadkhol",Shiroda,Sawantwadi,WADKHOL,MO,8580,Malgaon,26.2,,,शिरोडा,सावंतवाडी,33,06:40,07:50,NON,DAILY,,,
19985,"Shiroda To Sawantwadi Via Wadkhol",Shiroda,Sawantwadi,WADKHOL,MO,8523,"Gulabi Titha",28.8,,,शिरोडा,सावंतवाडी,33,06:40,07:50,NON,DAILY,,,
19985,"Shiroda To Sawantwadi Via Wadkhol",Shiroda,Sawantwadi,WADKHOL,MO,8663,Sawantwadi,33,,,शिरोडा,सावंतवाडी,33,06:40,07:50,NON,DAILY,,,
19997,"Vengurle To Sawantwadi Via Kajarmali",Vengurle,Sawantwadi,KAJARMALI,MO,9824,Vengurle,,,,वेंगुर्ला,सावंतवाडी,35.4,09:40,11:00,NON-TPL,DAILY,शालेय,शालेय,SCHOOL
19997,"Vengurle To Sawantwadi Via Kajarmali",Vengurle,Sawantwadi,KAJARMALI,MO,9765,"Rameshwar Mandir",2.9,,,वेंगुर्ला,सावंतवाडी,35.4,09:40,11:00,NON-TPL,DAILY,शालेय,शालेय,SCHOOL
19997,"Vengurle To Sawantwadi Via Kajarmali",Vengurle,Sawantwadi,KAJARMALI,MO,9742,"Octroi Naka Ansur Fata",5.5,,,वेंगुर्ला,सावंतवाडी,35.4,09:40,11:00,NON-TPL,DAILY,शालेय,शालेय,SCHOOL
19997,"Vengurle To Sawantwadi Via Kajarmali",Vengurle,Sawantwadi,KAJARMALI,MO,9642,"Ghat Matha",6.5,,,वेंगुर्ला,सावंतवाडी,35.4,09:40,11:00,NON-TPL,DAILY,शालेय,शालेय,SCHOOL
19997,"Vengurle To Sawantwadi Via Kajarmali",Vengurle,Sawantwadi,KAJARMALI,MO,9815,"Tulus Gorewadi",7.5,,,वेंगुर्ला,सावंतवाडी,35.4,09:40,11:00,NON-TPL,DAILY,शालेय,शालेय,SCHOOL
19997,"Vengurle To Sawantwadi Via Kajarmali",Vengurle,Sawantwadi,KAJARMALI,MO,9812,"Tulas Jaitir Mandir",11.1,,,वेंगुर्ला,सावंतवाडी,35.4,09:40,11:00,NON-TPL,DAILY,शालेय,शालेय,SCHOOL
19997,"Vengurle To Sawantwadi Via Kajarmali",Vengurle,Sawantwadi,KAJARMALI,MO,9660,Kajarmali,12.5,,,वेंगुर्ला,सावंतवाडी,35.4,09:40,11:00,NON-TPL,DAILY,शालेय,शालेय,SCHOOL
19997,"Vengurle To Sawantwadi Via Kajarmali",Vengurle,Sawantwadi,KAJARMALI,MO,9812,"Tulas Jaitir Mandir",13.9,,,वेंगुर्ला,सावंतवाडी,35.4,09:40,11:00,NON-TPL,DAILY,शालेय,शालेय,SCHOOL
19997,"Vengurle To Sawantwadi Via Kajarmali",Vengurle,Sawantwadi,KAJARMALI,MO,9813,"Tulas Satiwada",15,,,वेंगुर्ला,सावंतवाडी,35.4,09:40,11:00,NON-TPL,DAILY,शालेय,शालेय,SCHOOL
19997,"Vengurle To Sawantwadi Via Kajarmali",Vengurle,Sawantwadi,KAJARMALI,MO,9650,Hodawada,18.1,,,वेंगुर्ला,सावंतवाडी,35.4,09:40,11:00,NON-TPL,DAILY,शालेय,शालेय,SCHOOL
19997,"Vengurle To Sawantwadi Via Kajarmali",Vengurle,Sawantwadi,KAJARMALI,MO,9798,"Talawade Gate",19.3,,,वेंगुर्ला,सावंतवाडी,35.4,09:40,11:00,NON-TPL,DAILY,शालेय,शालेय,SCHOOL
19997,"Vengurle To Sawantwadi Via Kajarmali",Vengurle,Sawantwadi,KAJARMALI,MO,9692,"Konapal Bhaid",23.1,,,वेंगुर्ला,सावंतवाडी,35.4,09:40,11:00,NON-TPL,DAILY,शालेय,शालेय,SCHOOL
19997,"Vengurle To Sawantwadi Via Kajarmali",Vengurle,Sawantwadi,KAJARMALI,MO,8641,"Railway Station",25.5,,,वेंगुर्ला,सावंतवाडी,35.4,09:40,11:00,NON-TPL,DAILY,शालेय,शालेय,SCHOOL
19997,"Vengurle To Sawantwadi Via Kajarmali",Vengurle,Sawantwadi,KAJARMALI,MO,8674,"Vengurle Shiroda Titha",26.6,,,वेंगुर्ला,सावंतवाडी,35.4,09:40,11:00,NON-TPL,DAILY,शालेय,शालेय,SCHOOL
19997,"Vengurle To Sawantwadi Via Kajarmali",Vengurle,Sawantwadi,KAJARMALI,MO,8580,Malgaon,27,,,वेंगुर्ला,सावंतवाडी,35.4,09:40,11:00,NON-TPL,DAILY,शालेय,शालेय,SCHOOL
19997,"Vengurle To Sawantwadi Via Kajarmali",Vengurle,Sawantwadi,KAJARMALI,MO,8523,"Gulabi Titha",29.6,,,वेंगुर्ला,सावंतवाडी,35.4,09:40,11:00,NON-TPL,DAILY,शालेय,शालेय,SCHOOL
19997,"Vengurle To Sawantwadi Via Kajarmali",Vengurle,Sawantwadi,KAJARMALI,MO,8663,Sawantwadi,35.4,,,वेंगुर्ला,सावंतवाडी,35.4,09:40,11:00,NON-TPL,DAILY,शालेय,शालेय,SCHOOL
20013,"Kankavli To Vengurle Via Dabholi Waingani Titha",Kankavli,Vengurle,"DABHOLI WAINGANI TITHA",MO,2786,Kankavli,,,,कणकवली,वेंगुर्ला,60.2,15:15,17:15,SC,DAILY,,,
20013,"Kankavli To Vengurle Via Dabholi Waingani Titha",Kankavli,Vengurle,"DABHOLI WAINGANI TITHA",MO,3001,"Wagade Gpo",5.2,,,कणकवली,वेंगुर्ला,60.2,15:15,17:15,SC,DAILY,,,
20013,"Kankavli To Vengurle Via Dabholi Waingani Titha",Kankavli,Vengurle,"DABHOLI WAINGANI TITHA",MO,2692,Dangalwadi,6.1,,,कणकवली,वेंगुर्ला,60.2,15:15,17:15,SC,DAILY,,,
20013,"Kankavli To Vengurle Via Dabholi Waingani Titha",Kankavli,Vengurle,"DABHOLI WAINGANI TITHA",MO,2891,"Osargaon Talav",7.2,,,कणकवली,वेंगुर्ला,60.2,15:15,17:15,SC,DAILY,,,
20013,"Kankavli To Vengurle Via Dabholi Waingani Titha",Kankavli,Vengurle,"DABHOLI WAINGANI TITHA",MO,2890,"Osargaon Post",10.1,,,कणकवली,वेंगुर्ला,60.2,15:15,17:15,SC,DAILY,,,
20013,"Kankavli To Vengurle Via Dabholi Waingani Titha",Kankavli,Vengurle,"DABHOLI WAINGANI TITHA",MO,6168,Dewoolwadi,12,,,कणकवली,वेंगुर्ला,60.2,15:15,17:15,SC,DAILY,,,
20013,"Kankavli To Vengurle Via Dabholi Waingani Titha",Kankavli,Vengurle,"DABHOLI WAINGANI TITHA",MO,6281,Kasal,14.4,,,कणकवली,वेंगुर्ला,60.2,15:15,17:15,SC,DAILY,,,
20013,"Kankavli To Vengurle Via Dabholi Waingani Titha",Kankavli,Vengurle,"DABHOLI WAINGANI TITHA",MO,6116,Awali,16,,,कणकवली,वेंगुर्ला,60.2,15:15,17:15,SC,DAILY,,,
20013,"Kankavli To Vengurle Via Dabholi Waingani Titha",Kankavli,Vengurle,"DABHOLI WAINGANI TITHA",MO,6362,"Oros Bus Stnad",18,,,कणकवली,वेंगुर्ला,60.2,15:15,17:15,SC,DAILY,,,
20013,"Kankavli To Vengurle Via Dabholi Waingani Titha",Kankavli,Vengurle,"DABHOLI WAINGANI TITHA",MO,6204,"Humarmala Kasale Dukan",22.7,,,कणकवली,वेंगुर्ला,60.2,15:15,17:15,SC,DAILY,,,
20013,"Kankavli To Vengurle Via Dabholi Waingani Titha",Kankavli,Vengurle,"DABHOLI WAINGANI TITHA",MO,6365,Pandur,26.1,,,कणकवली,वेंगुर्ला,60.2,15:15,17:15,SC,DAILY,,,
20013,"Kankavli To Vengurle Via Dabholi Waingani Titha",Kankavli,Vengurle,"DABHOLI WAINGANI TITHA",MO,88100,Vetalbambarde,29,,,कणकवली,वेंगुर्ला,60.2,15:15,17:15,SC,DAILY,,,
20013,"Kankavli To Vengurle Via Dabholi Waingani Titha",Kankavli,Vengurle,"DABHOLI WAINGANI TITHA",MO,6380,"Pawashi Panchayat",33,,,कणकवली,वेंगुर्ला,60.2,15:15,17:15,SC,DAILY,,,
20013,"Kankavli To Vengurle Via Dabholi Waingani Titha",Kankavli,Vengurle,"DABHOLI WAINGANI TITHA",MO,6237,"Kudal St Depot",35.2,,,कणकवली,वेंगुर्ला,60.2,15:15,17:15,SC,DAILY,,,
20013,"Kankavli To Vengurle Via Dabholi Waingani Titha",Kankavli,Vengurle,"DABHOLI WAINGANI TITHA",MO,6376,"Pinguli Titha",38,,,कणकवली,वेंगुर्ला,60.2,15:15,17:15,SC,DAILY,,,
20013,"Kankavli To Vengurle Via Dabholi Waingani Titha",Kankavli,Vengurle,"DABHOLI WAINGANI TITHA",MO,6423,Sativan,41.4,,,कणकवली,वेंगुर्ला,60.2,15:15,17:15,SC,DAILY,,,
20013,"Kankavli To Vengurle Via Dabholi Waingani Titha",Kankavli,Vengurle,"DABHOLI WAINGANI TITHA",MO,6459,"Vetore Sub Stage",44.6,,,कणकवली,वेंगुर्ला,60.2,15:15,17:15,SC,DAILY,,,
20013,"Kankavli To Vengurle Via Dabholi Waingani Titha",Kankavli,Vengurle,"DABHOLI WAINGANI TITHA",MO,9776,"Sateri Mandir",47,,,कणकवली,वेंगुर्ला,60.2,15:15,17:15,SC,DAILY,,,
20013,"Kankavli To Vengurle Via Dabholi Waingani Titha",Kankavli,Vengurle,"DABHOLI WAINGANI TITHA",MO,9678,"Khanoli Rawalnath Mandir",50.4,,,कणकवली,वेंगुर्ला,60.2,15:15,17:15,SC,DAILY,,,
20013,"Kankavli To Vengurle Via Dabholi Waingani Titha",Kankavli,Vengurle,"DABHOLI WAINGANI TITHA",MO,9620,"Bowalekar Wadi",53.6,,,कणकवली,वेंगुर्ला,60.2,15:15,17:15,SC,DAILY,,,
20013,"Kankavli To Vengurle Via Dabholi Waingani Titha",Kankavli,Vengurle,"DABHOLI WAINGANI TITHA",MO,9627,"Dabholi Waingani Titha",55.1,,,कणकवली,वेंगुर्ला,60.2,15:15,17:15,SC,DAILY,,,
20013,"Kankavli To Vengurle Via Dabholi Waingani Titha",Kankavli,Vengurle,"DABHOLI WAINGANI TITHA",MO,9696,Lokhandewadi,57.2,,,कणकवली,वेंगुर्ला,60.2,15:15,17:15,SC,DAILY,,,
20013,"Kankavli To Vengurle Via Dabholi Waingani Titha",Kankavli,Vengurle,"DABHOLI WAINGANI TITHA",MO,9824,Vengurle,60.2,,,कणकवली,वेंगुर्ला,60.2,15:15,17:15,SC,DAILY,,,
20017,"Korjai To Vengurle Via Pat Titha",Korjai,Vengurle,"PAT TITHA",MO,6270,Korjai,,,,कोरजाई,वेंगुर्ला,32.7,13:30,14:40,NON,DAIL,परत,परत,
20017,"Korjai To Vengurle Via Pat Titha",Korjai,Vengurle,"PAT TITHA",MO,9609,"Bandhalela Amba",1.8,,,कोरजाई,वेंगुर्ला,32.7,13:30,14:40,NON,DAIL,परत,परत,
20017,"Korjai To Vengurle Via Pat Titha",Korjai,Vengurle,"PAT TITHA",MO,6274,"Korjai Titha",2,,,कोरजाई,वेंगुर्ला,32.7,13:30,14:40,NON,DAIL,परत,परत,
20017,"Korjai To Vengurle Via Pat Titha",Korjai,Vengurle,"PAT TITHA",MO,9750,Parule,3.2,,,कोरजाई,वेंगुर्ला,32.7,13:30,14:40,NON,DAIL,परत,परत,
20017,"Korjai To Vengurle Via Pat Titha",Korjai,Vengurle,"PAT TITHA",MO,9587,"Adinarayan Mandir",3.8,,,कोरजाई,वेंगुर्ला,32.7,13:30,14:40,NON,DAIL,परत,परत,
20017,"Korjai To Vengurle Via Pat Titha",Korjai,Vengurle,"PAT TITHA",MO,9590,"Ajarwadi P.H.C.",7.1,,,कोरजाई,वेंगुर्ला,32.7,13:30,14:40,NON,DAIL,परत,परत,
20017,"Korjai To Vengurle Via Pat Titha",Korjai,Vengurle,"PAT TITHA",MO,9754,"Pat Titha",9.4,,,कोरजाई,वेंगुर्ला,32.7,13:30,14:40,NON,DAIL,परत,परत,
20017,"Korjai To Vengurle Via Pat Titha",Korjai,Vengurle,"PAT TITHA",MO,9714,Mhapan,10.7,,,कोरजाई,वेंगुर्ला,32.7,13:30,14:40,NON,DAIL,परत,परत,
20017,"Korjai To Vengurle Via Pat Titha",Korjai,Vengurle,"PAT TITHA",MO,9682,"Khavane Fata",12,,,कोरजाई,वेंगुर्ला,32.7,13:30,14:40,NON,DAIL,परत,परत,
20017,"Korjai To Vengurle Via Pat Titha",Korjai,Vengurle,"PAT TITHA",MO,9670,"Kelus Dhakka",14.9,,,कोरजाई,वेंगुर्ला,32.7,13:30,14:40,NON,DAIL,परत,परत,
20017,"Korjai To Vengurle Via Pat Titha",Korjai,Vengurle,"PAT TITHA",MO,9662,"Kalvi Titha",17.3,,,कोरजाई,वेंगुर्ला,32.7,13:30,14:40,NON,DAIL,परत,परत,
20017,"Korjai To Vengurle Via Pat Titha",Korjai,Vengurle,"PAT TITHA",MO,9605,"Awere Bridge",20.8,,,कोरजाई,वेंगुर्ला,32.7,13:30,14:40,NON,DAIL,परत,परत,
20017,"Korjai To Vengurle Via Pat Titha",Korjai,Vengurle,"PAT TITHA",MO,9677,"Khanoli Ganapati Mandir",23.9,,,कोरजाई,वेंगुर्ला,32.7,13:30,14:40,NON,DAIL,परत,परत,
20017,"Korjai To Vengurle Via Pat Titha",Korjai,Vengurle,"PAT TITHA",MO,9625,"Dabholi Matha",26.9,,,कोरजाई,वेंगुर्ला,32.7,13:30,14:40,NON,DAIL,परत,परत,
20017,"Korjai To Vengurle Via Pat Titha",Korjai,Vengurle,"PAT TITHA",MO,9696,Lokhandewadi,29.9,,,कोरजाई,वेंगुर्ला,32.7,13:30,14:40,NON,DAIL,परत,परत,
20017,"Korjai To Vengurle Via Pat Titha",Korjai,Vengurle,"PAT TITHA",MO,9824,Vengurle,32.7,,,कोरजाई,वेंगुर्ला,32.7,13:30,14:40,NON,DAIL,परत,परत,
60690,"Kiranpani To Vengurle Via Shiroda",Kiranpani,Vengurle,SHIRODA,MO,9687,Kiranpani,,,,"किरण पाणी आरोंदा",वेंगुर्ला,26.5,11:15,11:55,NON,DAILY,,,
60690,"Kiranpani To Vengurle Via Shiroda",Kiranpani,Vengurle,SHIRODA,MO,8472,Aronda,0.6,,,"किरण पाणी आरोंदा",वेंगुर्ला,26.5,11:15,11:55,NON,DAILY,,,
60690,"Kiranpani To Vengurle Via Shiroda",Kiranpani,Vengurle,SHIRODA,MO,9588,Agralwadi,2.7,,,"किरण पाणी आरोंदा",वेंगुर्ला,26.5,11:15,11:55,NON,DAILY,,,
60690,"Kiranpani To Vengurle Via Shiroda",Kiranpani,Vengurle,SHIRODA,MO,9653,"Huda Fata",6.1,,,"किरण पाणी आरोंदा",वेंगुर्ला,26.5,11:15,11:55,NON,DAILY,,,
60690,"Kiranpani To Vengurle Via Shiroda",Kiranpani,Vengurle,SHIRODA,MO,9789,Shiroda,8.9,,,"किरण पाणी आरोंदा",वेंगुर्ला,26.5,11:15,11:55,NON,DAILY,,,
60690,"Kiranpani To Vengurle Via Shiroda",Kiranpani,Vengurle,SHIRODA,MO,9601,Arawali,13.3,,,"किरण पाणी आरोंदा",वेंगुर्ला,26.5,11:15,11:55,NON,DAILY,,,
60690,"Kiranpani To Vengurle Via Shiroda",Kiranpani,Vengurle,SHIRODA,MO,9730,Naichiad,14.9,,,"किरण पाणी आरोंदा",वेंगुर्ला,26.5,11:15,11:55,NON,DAILY,,,
60690,"Kiranpani To Vengurle Via Shiroda",Kiranpani,Vengurle,SHIRODA,MO,8170,"Mail Dagad",15,,,"किरण पाणी आरोंदा",वेंगुर्ला,26.5,11:15,11:55,NON,DAILY,,,
60690,"Kiranpani To Vengurle Via Shiroda",Kiranpani,Vengurle,SHIRODA,MO,9722,Mochemand,17.7,,,"किरण पाणी आरोंदा",वेंगुर्ला,26.5,11:15,11:55,NON,DAILY,,,
60690,"Kiranpani To Vengurle Via Shiroda",Kiranpani,Vengurle,SHIRODA,MO,9726,"Mundale Shop",18.9,,,"किरण पाणी आरोंदा",वेंगुर्ला,26.5,11:15,11:55,NON,DAILY,,,
60690,"Kiranpani To Vengurle Via Shiroda",Kiranpani,Vengurle,SHIRODA,MO,9817,"Ubhadanda School -2",21.1,,,"किरण पाणी आरोंदा",वेंगुर्ला,26.5,11:15,11:55,NON,DAILY,,,
60690,"Kiranpani To Vengurle Via Shiroda",Kiranpani,Vengurle,SHIRODA,MO,9824,Vengurle,26.5,,,"किरण पाणी आरोंदा",वेंगुर्ला,26.5,11:15,11:55,NON,DAILY,,,
125521,"Banda To Redi Kanyal Via Giroba Wadi",Banda,"Redi Kanyal","GIROBA WADI",MO,8486,Banda,,,,बांदा,"रेडी कनयाळ",38.3,09:00,10:30,NON,DAILY,,,
125521,"Banda To Redi Kanyal Via Giroba Wadi",Banda,"Redi Kanyal","GIROBA WADI",MO,8643,"Sherla Shop",3.6,,,बांदा,"रेडी कनयाळ",38.3,09:00,10:30,NON,DAILY,,,
125521,"Banda To Redi Kanyal Via Giroba Wadi",Banda,"Redi Kanyal","GIROBA WADI",MO,8590,"Madura School",5.8,,,बांदा,"रेडी कनयाळ",38.3,09:00,10:30,NON,DAILY,,,
125521,"Banda To Redi Kanyal Via Giroba Wadi",Banda,"Redi Kanyal","GIROBA WADI",MO,8625,"Padlos Mandir",8.8,,,बांदा,"रेडी कनयाळ",38.3,09:00,10:30,NON,DAILY,,,
125521,"Banda To Redi Kanyal Via Giroba Wadi",Banda,"Redi Kanyal","GIROBA WADI",MO,8621,"Padlos Keniwada",12.3,,,बांदा,"रेडी कनयाळ",38.3,09:00,10:30,NON,DAILY,,,
125521,"Banda To Redi Kanyal Via Giroba Wadi",Banda,"Redi Kanyal","GIROBA WADI",MO,8638,Rewathewadi,13.5,,,बांदा,"रेडी कनयाळ",38.3,09:00,10:30,NON,DAILY,,,
125521,"Banda To Redi Kanyal Via Giroba Wadi",Banda,"Redi Kanyal","GIROBA WADI",MO,8475,"Aros Bazar",15.1,,,बांदा,"रेडी कनयाळ",38.3,09:00,10:30,NON,DAILY,,,
125521,"Banda To Redi Kanyal Via Giroba Wadi",Banda,"Redi Kanyal","GIROBA WADI",MO,8471,"Aros Gawthan 1St Stop",17.8,,,बांदा,"रेडी कनयाळ",38.3,09:00,10:30,NON,DAILY,,,
125521,"Banda To Redi Kanyal Via Giroba Wadi",Banda,"Redi Kanyal","GIROBA WADI",MO,8527,"Giroba Wadi",19.7,,,बांदा,"रेडी कनयाळ",38.3,09:00,10:30,NON,DAILY,,,
125521,"Banda To Redi Kanyal Via Giroba Wadi",Banda,"Redi Kanyal","GIROBA WADI",MO,8528,"Giroba Mandir",20.2,,,बांदा,"रेडी कनयाळ",38.3,09:00,10:30,NON,DAILY,,,
125521,"Banda To Redi Kanyal Via Giroba Wadi",Banda,"Redi Kanyal","GIROBA WADI",MO,9693,"Kondura Aros Titha",23.2,,,बांदा,"रेडी कनयाळ",38.3,09:00,10:30,NON,DAILY,,,
125521,"Banda To Redi Kanyal Via Giroba Wadi",Banda,"Redi Kanyal","GIROBA WADI",MO,9704,"Malewad Naka",23.8,,,बांदा,"रेडी कनयाळ",38.3,09:00,10:30,NON,DAILY,,,
125521,"Banda To Redi Kanyal Via Giroba Wadi",Banda,"Redi Kanyal","GIROBA WADI",MO,9779,Savardev,25.1,,,बांदा,"रेडी कनयाळ",38.3,09:00,10:30,NON,DAILY,,,
125521,"Banda To Redi Kanyal Via Giroba Wadi",Banda,"Redi Kanyal","GIROBA WADI",MO,9592,"Ajgaon Marathi School",29.1,,,बांदा,"रेडी कनयाळ",38.3,09:00,10:30,NON,DAILY,,,
125521,"Banda To Redi Kanyal Via Giroba Wadi",Banda,"Redi Kanyal","GIROBA WADI",MO,9789,Shiroda,31.1,,,बांदा,"रेडी कनयाळ",38.3,09:00,10:30,NON,DAILY,,,
125521,"Banda To Redi Kanyal Via Giroba Wadi",Banda,"Redi Kanyal","GIROBA WADI",MO,9653,"Huda Fata",34.1,,,बांदा,"रेडी कनयाळ",38.3,09:00,10:30,NON,DAILY,,,
125521,"Banda To Redi Kanyal Via Giroba Wadi",Banda,"Redi Kanyal","GIROBA WADI",MO,9769,"Redi Mauli Mandir",37,,,बांदा,"रेडी कनयाळ",38.3,09:00,10:30,NON,DAILY,,,
125521,"Banda To Redi Kanyal Via Giroba Wadi",Banda,"Redi Kanyal","GIROBA WADI",MO,9768,"Redi Kanyal",38.3,,,बांदा,"रेडी कनयाळ",38.3,09:00,10:30,NON,DAILY,,,
125562,"Sawantwadi To Vengurle Via Tulus Gorewadi",Sawantwadi,Vengurle,"TULUS GOREWADI",MO,8663,Sawantwadi,,,,सावंतवाडी,वेंगुर्ला,31.8,10:30,11:35,NON,DAILY,,,
125562,"Sawantwadi To Vengurle Via Tulus Gorewadi",Sawantwadi,Vengurle,"TULUS GOREWADI",MO,8523,"Gulabi Titha",3.3,,,सावंतवाडी,वेंगुर्ला,31.8,10:30,11:35,NON,DAILY,,,
125562,"Sawantwadi To Vengurle Via Tulus Gorewadi",Sawantwadi,Vengurle,"TULUS GOREWADI",MO,8580,Malgaon,5,,,सावंतवाडी,वेंगुर्ला,31.8,10:30,11:35,NON,DAILY,,,
125562,"Sawantwadi To Vengurle Via Tulus Gorewadi",Sawantwadi,Vengurle,"TULUS GOREWADI",MO,8674,"Vengurle Shiroda Titha",6.3,,,सावंतवाडी,वेंगुर्ला,31.8,10:30,11:35,NON,DAILY,,,
125562,"Sawantwadi To Vengurle Via Tulus Gorewadi",Sawantwadi,Vengurle,"TULUS GOREWADI",MO,8641,"Railway Station",7.2,,,सावंतवाडी,वेंगुर्ला,31.8,10:30,11:35,NON,DAILY,,,
125562,"Sawantwadi To Vengurle Via Tulus Gorewadi",Sawantwadi,Vengurle,"TULUS GOREWADI",MO,9692,"Konapal Bhaid",9.8,,,सावंतवाडी,वेंगुर्ला,31.8,10:30,11:35,NON,DAILY,,,
125562,"Sawantwadi To Vengurle Via Tulus Gorewadi",Sawantwadi,Vengurle,"TULUS GOREWADI",MO,9798,"Talawade Gate",13.6,,,सावंतवाडी,वेंगुर्ला,31.8,10:30,11:35,NON,DAILY,,,
125562,"Sawantwadi To Vengurle Via Tulus Gorewadi",Sawantwadi,Vengurle,"TULUS GOREWADI",MO,9650,Hodawada,14.8,,,सावंतवाडी,वेंगुर्ला,31.8,10:30,11:35,NON,DAILY,,,
125562,"Sawantwadi To Vengurle Via Tulus Gorewadi",Sawantwadi,Vengurle,"TULUS GOREWADI",MO,9812,"Tulas Jaitir Mandir",19,,,सावंतवाडी,वेंगुर्ला,31.8,10:30,11:35,NON,DAILY,,,
125562,"Sawantwadi To Vengurle Via Tulus Gorewadi",Sawantwadi,Vengurle,"TULUS GOREWADI",MO,9815,"Tulus Gorewadi",22.6,,,सावंतवाडी,वेंगुर्ला,31.8,10:30,11:35,NON,DAILY,,,
125562,"Sawantwadi To Vengurle Via Tulus Gorewadi",Sawantwadi,Vengurle,"TULUS GOREWADI",MO,9742,"Octroi Naka Ansur Fata",24.6,,,सावंतवाडी,वेंगुर्ला,31.8,10:30,11:35,NON,DAILY,,,
125562,"Sawantwadi To Vengurle Via Tulus Gorewadi",Sawantwadi,Vengurle,"TULUS GOREWADI",MO,9765,"Rameshwar Mandir",27.2,,,सावंतवाडी,वेंगुर्ला,31.8,10:30,11:35,NON,DAILY,,,
125562,"Sawantwadi To Vengurle Via Tulus Gorewadi",Sawantwadi,Vengurle,"TULUS GOREWADI",MO,9824,Vengurle,31.8,,,सावंतवाडी,वेंगुर्ला,31.8,10:30,11:35,NON,DAILY,,,
126179,"Vengurle To Redi Kanyal",Vengurle,"Redi Kanyal",,MO,9824,Vengurle,,,,वेंगुर्ला,कनयाळ,22.4,14:00,14:50,NON,DAILY,,,
126179,"Vengurle To Redi Kanyal",Vengurle,"Redi Kanyal",,MO,9817,"Ubhadanda School -2",2.5,,,वेंगुर्ला,कनयाळ,22.4,14:00,14:50,NON,DAILY,,,
126179,"Vengurle To Redi Kanyal",Vengurle,"Redi Kanyal",,MO,9726,"Mundale Shop",6,,,वेंगुर्ला,कनयाळ,22.4,14:00,14:50,NON,DAILY,,,
126179,"Vengurle To Redi Kanyal",Vengurle,"Redi Kanyal",,MO,9723,"Mochemand Pool",8,,,वेंगुर्ला,कनयाळ,22.4,14:00,14:50,NON,DAILY,,,
126179,"Vengurle To Redi Kanyal",Vengurle,"Redi Kanyal",,MO,9699,"Mail Dagad",9,,,वेंगुर्ला,कनयाळ,22.4,14:00,14:50,NON,DAILY,,,
126179,"Vengurle To Redi Kanyal",Vengurle,"Redi Kanyal",,MO,9797,"Tak Maruti Mandir",10.1,,,वेंगुर्ला,कनयाळ,22.4,14:00,14:50,NON,DAILY,,,
126179,"Vengurle To Redi Kanyal",Vengurle,"Redi Kanyal",,MO,9826,"Vetoba Mandir",12,,,वेंगुर्ला,कनयाळ,22.4,14:00,14:50,NON,DAILY,,,
126179,"Vengurle To Redi Kanyal",Vengurle,"Redi Kanyal",,MO,9789,Shiroda,14.7,,,वेंगुर्ला,कनयाळ,22.4,14:00,14:50,NON,DAILY,,,
126179,"Vengurle To Redi Kanyal",Vengurle,"Redi Kanyal",,MO,9653,"Huda Fata",17.5,,,वेंगुर्ला,कनयाळ,22.4,14:00,14:50,NON,DAILY,,,
126179,"Vengurle To Redi Kanyal",Vengurle,"Redi Kanyal",,MO,9769,"Redi Mauli Mandir",20.4,,,वेंगुर्ला,कनयाळ,22.4,14:00,14:50,NON,DAILY,,,
126179,"Vengurle To Redi Kanyal",Vengurle,"Redi Kanyal",,MO,9768,"Redi Kanyal",22.4,,,वेंगुर्ला,कनयाळ,22.4,14:00,14:50,NON,DAILY,,,
126190,"Vengurle To Kiranpani Via Huda Fata",Vengurle,Kiranpani,"HUDA FATA",MO,9824,Vengurle,,,,वेंगुर्ला,"किरण पाणी",26.5,15:50,16:45,NON,SAT,,,
126190,"Vengurle To Kiranpani Via Huda Fata",Vengurle,Kiranpani,"HUDA FATA",MO,9817,"Ubhadanda School -2",2.5,,,वेंगुर्ला,"किरण पाणी",26.5,15:50,16:45,NON,SAT,,,
126190,"Vengurle To Kiranpani Via Huda Fata",Vengurle,Kiranpani,"HUDA FATA",MO,9726,"Mundale Shop",4.7,,,वेंगुर्ला,"किरण पाणी",26.5,15:50,16:45,NON,SAT,,,
126190,"Vengurle To Kiranpani Via Huda Fata",Vengurle,Kiranpani,"HUDA FATA",MO,9722,Mochemand,5.9,,,वेंगुर्ला,"किरण पाणी",26.5,15:50,16:45,NON,SAT,,,
126190,"Vengurle To Kiranpani Via Huda Fata",Vengurle,Kiranpani,"HUDA FATA",MO,9723,"Mochemand Pool",7.5,,,वेंगुर्ला,"किरण पाणी",26.5,15:50,16:45,NON,SAT,,,
126190,"Vengurle To Kiranpani Via Huda Fata",Vengurle,Kiranpani,"HUDA FATA",MO,9699,"Mail Dagad",8,,,वेंगुर्ला,"किरण पाणी",26.5,15:50,16:45,NON,SAT,,,
126190,"Vengurle To Kiranpani Via Huda Fata",Vengurle,Kiranpani,"HUDA FATA",MO,9730,Naichiad,8.7,,,वेंगुर्ला,"किरण पाणी",26.5,15:50,16:45,NON,SAT,,,
126190,"Vengurle To Kiranpani Via Huda Fata",Vengurle,Kiranpani,"HUDA FATA",MO,9797,"Tak Maruti Mandir",10.1,,,वेंगुर्ला,"किरण पाणी",26.5,15:50,16:45,NON,SAT,,,
126190,"Vengurle To Kiranpani Via Huda Fata",Vengurle,Kiranpani,"HUDA FATA",MO,9601,Arawali,10.3,,,वेंगुर्ला,"किरण पाणी",26.5,15:50,16:45,NON,SAT,,,
126190,"Vengurle To Kiranpani Via Huda Fata",Vengurle,Kiranpani,"HUDA FATA",MO,9789,Shiroda,14.7,,,वेंगुर्ला,"किरण पाणी",26.5,15:50,16:45,NON,SAT,,,
126190,"Vengurle To Kiranpani Via Huda Fata",Vengurle,Kiranpani,"HUDA FATA",MO,9653,"Huda Fata",17.5,,,वेंगुर्ला,"किरण पाणी",26.5,15:50,16:45,NON,SAT,,,
126190,"Vengurle To Kiranpani Via Huda Fata",Vengurle,Kiranpani,"HUDA FATA",MO,9615,"Bhatpawani Fata",20,,,वेंगुर्ला,"किरण पाणी",26.5,15:50,16:45,NON,SAT,,,
126190,"Vengurle To Kiranpani Via Huda Fata",Vengurle,Kiranpani,"HUDA FATA",MO,9588,Agralwadi,20.9,,,वेंगुर्ला,"किरण पाणी",26.5,15:50,16:45,NON,SAT,,,
126190,"Vengurle To Kiranpani Via Huda Fata",Vengurle,Kiranpani,"HUDA FATA",MO,8472,Aronda,23,,,वेंगुर्ला,"किरण पाणी",26.5,15:50,16:45,NON,SAT,,,
126190,"Vengurle To Kiranpani Via Huda Fata",Vengurle,Kiranpani,"HUDA FATA",MO,9687,Kiranpani,26.5,,,वेंगुर्ला,"किरण पाणी",26.5,15:50,16:45,NON,SAT,,,
126228,"Karul High School To Vengurle","Karul High School",Vengurle,,MO,9212,"Karul High School",,,,करूळ,वेंगुर्ला,103,07:15,11:10,SC,DAILY,शालेय,शालेय,SCHOOL
126228,"Karul High School To Vengurle","Karul High School",Vengurle,,MO,9193,Dindvane,1.4,,,करूळ,वेंगुर्ला,103,07:15,11:10,SC,DAILY,शालेय,शालेय,SCHOOL
126228,"Karul High School To Vengurle","Karul High School",Vengurle,,MO,9212,"Karul High School",2.8,,,करूळ,वेंगुर्ला,103,07:15,11:10,SC,DAILY,शालेय,शालेय,SCHOOL
126228,"Karul High School To Vengurle","Karul High School",Vengurle,,MO,9208,Jamadarwadi,4.3,,,करूळ,वेंगुर्ला,103,07:15,11:10,SC,DAILY,शालेय,शालेय,SCHOOL
126228,"Karul High School To Vengurle","Karul High School",Vengurle,,MO,9297,"Water Tank",7.3,,,करूळ,वेंगुर्ला,103,07:15,11:10,SC,DAILY,शालेय,शालेय,SCHOOL
126228,"Karul High School To Vengurle","Karul High School",Vengurle,,MO,9291,Vaibhavwadi,10.3,,,करूळ,वेंगुर्ला,103,07:15,11:10,SC,DAILY,शालेय,शालेय,SCHOOL
126228,"Karul High School To Vengurle","Karul High School",Vengurle,,MO,9189,Dand,11.5,,,करूळ,वेंगुर्ला,103,07:15,11:10,SC,DAILY,शालेय,शालेय,SCHOOL
126228,"Karul High School To Vengurle","Karul High School",Vengurle,,MO,9215,Khambale,13.8,,,करूळ,वेंगुर्ला,103,07:15,11:10,SC,DAILY,शालेय,शालेय,SCHOOL
126228,"Karul High School To Vengurle","Karul High School",Vengurle,,MO,9171,"Achirne Wad",18.9,,,करूळ,वेंगुर्ला,103,07:15,11:10,SC,DAILY,शालेय,शालेय,SCHOOL
126228,"Karul High School To Vengurle","Karul High School",Vengurle,,MO,2839,"Lore Bangala",20.5,,,करूळ,वेंगुर्ला,103,07:15,11:10,SC,DAILY,शालेय,शालेय,SCHOOL
126228,"Karul High School To Vengurle","Karul High School",Vengurle,,MO,2858,"Mona Wahal",23.8,,,करूळ,वेंगुर्ला,103,07:15,11:10,SC,DAILY,शालेय,शालेय,SCHOOL
126228,"Karul High School To Vengurle","Karul High School",Vengurle,,MO,2904,Phonda,26.8,,,करूळ,वेंगुर्ला,103,07:15,11:10,SC,DAILY,शालेय,शालेय,SCHOOL
126228,"Karul High School To Vengurle","Karul High School",Vengurle,,MO,2871,"Nandgaon Fata",29.7,,,करूळ,वेंगुर्ला,103,07:15,11:10,SC,DAILY,शालेय,शालेय,SCHOOL
126228,"Karul High School To Vengurle","Karul High School",Vengurle,,MO,2781,Kanadewadi,32.5,,,करूळ,वेंगुर्ला,103,07:15,11:10,SC,DAILY,शालेय,शालेय,SCHOOL
126228,"Karul High School To Vengurle","Karul High School",Vengurle,,MO,2757,"Humrath Mal Ghorpiwadi",36.3,,,करूळ,वेंगुर्ला,103,07:15,11:10,SC,DAILY,शालेय,शालेय,SCHOOL
126228,"Karul High School To Vengurle","Karul High School",Vengurle,,MO,2756,"Humrat Titha",37.8,,,करूळ,वेंगुर्ला,103,07:15,11:10,SC,DAILY,शालेय,शालेय,SCHOOL
126228,"Karul High School To Vengurle","Karul High School",Vengurle,,MO,2766,Janavali,40.9,,,करूळ,वेंगुर्ला,103,07:15,11:10,SC,DAILY,शालेय,शालेय,SCHOOL
126228,"Karul High School To Vengurle","Karul High School",Vengurle,,MO,2844,"Mail Stone",41.3,,,करूळ,वेंगुर्ला,103,07:15,11:10,SC,DAILY,शालेय,शालेय,SCHOOL
126228,"Karul High School To Vengurle","Karul High School",Vengurle,,MO,2786,Kankavli,44.7,,,करूळ,वेंगुर्ला,103,07:15,11:10,SC,DAILY,शालेय,शालेय,SCHOOL
126228,"Karul High School To Vengurle","Karul High School",Vengurle,,MO,3001,"Wagade Gpo",49.9,,,करूळ,वेंगुर्ला,103,07:15,11:10,SC,DAILY,शालेय,शालेय,SCHOOL
126228,"Karul High School To Vengurle","Karul High School",Vengurle,,MO,2692,Dangalwadi,50.8,,,करूळ,वेंगुर्ला,103,07:15,11:10,SC,DAILY,शालेय,शालेय,SCHOOL
126228,"Karul High School To Vengurle","Karul High School",Vengurle,,MO,2891,"Osargaon Talav",51.9,,,करूळ,वेंगुर्ला,103,07:15,11:10,SC,DAILY,शालेय,शालेय,SCHOOL
126228,"Karul High School To Vengurle","Karul High School",Vengurle,,MO,2890,"Osargaon Post",54.8,,,करूळ,वेंगुर्ला,103,07:15,11:10,SC,DAILY,शालेय,शालेय,SCHOOL
126228,"Karul High School To Vengurle","Karul High School",Vengurle,,MO,6315,"Mile Stone",55.8,,,करूळ,वेंगुर्ला,103,07:15,11:10,SC,DAILY,शालेय,शालेय,SCHOOL
126228,"Karul High School To Vengurle","Karul High School",Vengurle,,MO,6281,Kasal,59.1,,,करूळ,वेंगुर्ला,103,07:15,11:10,SC,DAILY,शालेय,शालेय,SCHOOL
126228,"Karul High School To Vengurle","Karul High School",Vengurle,,MO,6116,Awali,59.8,,,करूळ,वेंगुर्ला,103,07:15,11:10,SC,DAILY,शालेय,शालेय,SCHOOL
126228,"Karul High School To Vengurle","Karul High School",Vengurle,,MO,6362,"Oros Bus Stnad",63,,,करूळ,वेंगुर्ला,103,07:15,11:10,SC,DAILY,शालेय,शालेय,SCHOOL
126228,"Karul High School To Vengurle","Karul High School",Vengurle,,MO,6152,"Civil Hospital Sindhudurgnagari",66.8,,,करूळ,वेंगुर्ला,103,07:15,11:10,SC,DAILY,शालेय,शालेय,SCHOOL
126228,"Karul High School To Vengurle","Karul High School",Vengurle,,MO,6408,Sindhudurgnagari,67.8,,,करूळ,वेंगुर्ला,103,07:15,11:10,SC,DAILY,शालेय,शालेय,SCHOOL
126228,"Karul High School To Vengurle","Karul High School",Vengurle,,MO,6204,"Humarmala Kasale Dukan",72.6,,,करूळ,वेंगुर्ला,103,07:15,11:10,SC,DAILY,शालेय,शालेय,SCHOOL
126228,"Karul High School To Vengurle","Karul High School",Vengurle,,MO,6365,Pandur,74.5,,,करूळ,वेंगुर्ला,103,07:15,11:10,SC,DAILY,शालेय,शालेय,SCHOOL
126228,"Karul High School To Vengurle","Karul High School",Vengurle,,MO,88100,Vetalbambarde,77,,,करूळ,वेंगुर्ला,103,07:15,11:10,SC,DAILY,शालेय,शालेय,SCHOOL
126228,"Karul High School To Vengurle","Karul High School",Vengurle,,MO,6380,"Pawashi Panchayat",80,,,करूळ,वेंगुर्ला,103,07:15,11:10,SC,DAILY,शालेय,शालेय,SCHOOL
126228,"Karul High School To Vengurle","Karul High School",Vengurle,,MO,6237,"Kudal St Depot",83.5,,,करूळ,वेंगुर्ला,103,07:15,11:10,SC,DAILY,शालेय,शालेय,SCHOOL
126228,"Karul High School To Vengurle","Karul High School",Vengurle,,MO,6376,"Pinguli Titha",86.3,,,करूळ,वेंगुर्ला,103,07:15,11:10,SC,DAILY,शालेय,शालेय,SCHOOL
126228,"Karul High School To Vengurle","Karul High School",Vengurle,,MO,6423,Sativan,89.7,,,करूळ,वेंगुर्ला,103,07:15,11:10,SC,DAILY,शालेय,शालेय,SCHOOL
126228,"Karul High School To Vengurle","Karul High School",Vengurle,,MO,6112,"Adosewadi Fata",92.9,,,करूळ,वेंगुर्ला,103,07:15,11:10,SC,DAILY,शालेय,शालेय,SCHOOL
126228,"Karul High School To Vengurle","Karul High School",Vengurle,,MO,9776,"Sateri Mandir",94.8,,,करूळ,वेंगुर्ला,103,07:15,11:10,SC,DAILY,शालेय,शालेय,SCHOOL
126228,"Karul High School To Vengurle","Karul High School",Vengurle,,MO,9678,"Khanoli Rawalnath Mandir",98.7,,,करूळ,वेंगुर्ला,103,07:15,11:10,SC,DAILY,शालेय,शालेय,SCHOOL
126228,"Karul High School To Vengurle","Karul High School",Vengurle,,MO,9620,"Bowalekar Wadi",101.9,,,करूळ,वेंगुर्ला,103,07:15,11:10,SC,DAILY,शालेय,शालेय,SCHOOL
126228,"Karul High School To Vengurle","Karul High School",Vengurle,,MO,9696,Lokhandewadi,102,,,करूळ,वेंगुर्ला,103,07:15,11:10,SC,DAILY,शालेय,शालेय,SCHOOL
126228,"Karul High School To Vengurle","Karul High School",Vengurle,,MO,9824,Vengurle,103,,,करूळ,वेंगुर्ला,103,07:15,11:10,SC,DAILY,शालेय,शालेय,SCHOOL
126284,"Vengurle To Vasco Via Pernem",Vengurle,Vasco,PERNEM,MO,9824,Vengurle,,,,वेंगुर्ला,वास्को,97,06:00,09:20,NON,DAILY,,,
126284,"Vengurle To Vasco Via Pernem",Vengurle,Vasco,PERNEM,MO,9817,"Ubhadanda School -2",2.5,,,वेंगुर्ला,वास्को,97,06:00,09:20,NON,DAILY,,,
126284,"Vengurle To Vasco Via Pernem",Vengurle,Vasco,PERNEM,MO,9726,"Mundale Shop",4.7,,,वेंगुर्ला,वास्को,97,06:00,09:20,NON,DAILY,,,
126284,"Vengurle To Vasco Via Pernem",Vengurle,Vasco,PERNEM,MO,9723,"Mochemand Pool",7.5,,,वेंगुर्ला,वास्को,97,06:00,09:20,NON,DAILY,,,
126284,"Vengurle To Vasco Via Pernem",Vengurle,Vasco,PERNEM,MO,9699,"Mail Dagad",8,,,वेंगुर्ला,वास्को,97,06:00,09:20,NON,DAILY,,,
126284,"Vengurle To Vasco Via Pernem",Vengurle,Vasco,PERNEM,MO,9730,Naichiad,8.7,,,वेंगुर्ला,वास्को,97,06:00,09:20,NON,DAILY,,,
126284,"Vengurle To Vasco Via Pernem",Vengurle,Vasco,PERNEM,MO,9797,"Tak Maruti Mandir",10.1,,,वेंगुर्ला,वास्को,97,06:00,09:20,NON,DAILY,,,
126284,"Vengurle To Vasco Via Pernem",Vengurle,Vasco,PERNEM,MO,9601,Arawali,10.4,,,वेंगुर्ला,वास्को,97,06:00,09:20,NON,DAILY,,,
126284,"Vengurle To Vasco Via Pernem",Vengurle,Vasco,PERNEM,MO,9789,Shiroda,14.7,,,वेंगुर्ला,वास्को,97,06:00,09:20,NON,DAILY,,,
126284,"Vengurle To Vasco Via Pernem",Vengurle,Vasco,PERNEM,MO,9592,"Ajgaon Marathi School",16.7,,,वेंगुर्ला,वास्को,97,06:00,09:20,NON,DAILY,,,
126284,"Vengurle To Vasco Via Pernem",Vengurle,Vasco,PERNEM,MO,9779,Savardev,20,,,वेंगुर्ला,वास्को,97,06:00,09:20,NON,DAILY,,,
126284,"Vengurle To Vasco Via Pernem",Vengurle,Vasco,PERNEM,MO,9704,"Malewad Naka",22,,,वेंगुर्ला,वास्को,97,06:00,09:20,NON,DAILY,,,
126284,"Vengurle To Vasco Via Pernem",Vengurle,Vasco,PERNEM,MO,9694,"Kondura Titha",24.2,,,वेंगुर्ला,वास्को,97,06:00,09:20,NON,DAILY,,,
126284,"Vengurle To Vasco Via Pernem",Vengurle,Vasco,PERNEM,MO,9775,"Sateli Mandir",27.2,,,वेंगुर्ला,वास्को,97,06:00,09:20,NON,DAILY,,,
126284,"Vengurle To Vasco Via Pernem",Vengurle,Vasco,PERNEM,MO,9774,"Satarda Mandir",30.2,,,वेंगुर्ला,वास्को,97,06:00,09:20,NON,DAILY,,,
126284,"Vengurle To Vasco Via Pernem",Vengurle,Vasco,PERNEM,MO,9772,"Satarda Bazar",30.8,,,वेंगुर्ला,वास्को,97,06:00,09:20,NON,DAILY,,,
126284,"Vengurle To Vasco Via Pernem",Vengurle,Vasco,PERNEM,MO,71923,"Naibag Goa Border",33.1,,,वेंगुर्ला,वास्को,97,06:00,09:20,NON,DAILY,,,
126284,"Vengurle To Vasco Via Pernem",Vengurle,Vasco,PERNEM,MO,71937,Pernem,36,,,वेंगुर्ला,वास्को,97,06:00,09:20,NON,DAILY,,,
126284,"Vengurle To Vasco Via Pernem",Vengurle,Vasco,PERNEM,MO,71901,Malpe,36.8,,,वेंगुर्ला,वास्को,97,06:00,09:20,NON,DAILY,,,
126284,"Vengurle To Vasco Via Pernem",Vengurle,Vasco,PERNEM,MO,71873,Dhargal,41.8,,,वेंगुर्ला,वास्को,97,06:00,09:20,NON,DAILY,,,
126284,"Vengurle To Vasco Via Pernem",Vengurle,Vasco,PERNEM,MO,71890,Kolwal,43.8,,,वेंगुर्ला,वास्को,97,06:00,09:20,NON,DAILY,,,
126284,"Vengurle To Vasco Via Pernem",Vengurle,Vasco,PERNEM,MO,71894,Karaswada,48.8,,,वेंगुर्ला,वास्को,97,06:00,09:20,NON,DAILY,,,
126284,"Vengurle To Vasco Via Pernem",Vengurle,Vasco,PERNEM,MO,71915,Mapusa,51.8,,,वेंगुर्ला,वास्को,97,06:00,09:20,NON,DAILY,,,
126284,"Vengurle To Vasco Via Pernem",Vengurle,Vasco,PERNEM,MO,71935,Panjim,67.7,,,वेंगुर्ला,वास्को,97,06:00,09:20,NON,DAILY,,,
126284,"Vengurle To Vasco Via Pernem",Vengurle,Vasco,PERNEM,MO,71864,Bambuli,68.8,,,वेंगुर्ला,वास्को,97,06:00,09:20,NON,DAILY,,,
126284,"Vengurle To Vasco Via Pernem",Vengurle,Vasco,PERNEM,MO,71897,Kuthali,79.8,,,वेंगुर्ला,वास्को,97,06:00,09:20,NON,DAILY,,,
126284,"Vengurle To Vasco Via Pernem",Vengurle,Vasco,PERNEM,MO,71871,"Chikalim Hospital",89.8,,,वेंगुर्ला,वास्को,97,06:00,09:20,NON,DAILY,,,
126284,"Vengurle To Vasco Via Pernem",Vengurle,Vasco,PERNEM,MO,71959,Vasco,93.8,,,वेंगुर्ला,वास्को,97,06:00,09:20,NON,DAILY,,,
128591,"Kalvi Bandar To Vengurle","Kalvi Bandar",Vengurle,,MO,9661,"Kalvi Bandar",,,,"कालवी बंदर",वेंगुर्ला,18.6,14:30,15:10,NON,DAILY,,,
128591,"Kalvi Bandar To Vengurle","Kalvi Bandar",Vengurle,,MO,9662,"Kalvi Titha",3.2,,,"कालवी बंदर",वेंगुर्ला,18.6,14:30,15:10,NON,DAILY,,,
128591,"Kalvi Bandar To Vengurle","Kalvi Bandar",Vengurle,,MO,9727,"Mungi School",3.5,,,"कालवी बंदर",वेंगुर्ला,18.6,14:30,15:10,NON,DAILY,,,
128591,"Kalvi Bandar To Vengurle","Kalvi Bandar",Vengurle,,MO,9606,"Awere School",6.3,,,"कालवी बंदर",वेंगुर्ला,18.6,14:30,15:10,NON,DAILY,,,
128591,"Kalvi Bandar To Vengurle","Kalvi Bandar",Vengurle,,MO,9605,"Awere Bridge",6.7,,,"कालवी बंदर",वेंगुर्ला,18.6,14:30,15:10,NON,DAILY,,,
128591,"Kalvi Bandar To Vengurle","Kalvi Bandar",Vengurle,,MO,9639,"Ganesh Mandir",9.8,,,"कालवी बंदर",वेंगुर्ला,18.6,14:30,15:10,NON,DAILY,,,
128591,"Kalvi Bandar To Vengurle","Kalvi Bandar",Vengurle,,MO,9625,"Dabholi Matha",13.3,,,"कालवी बंदर",वेंगुर्ला,18.6,14:30,15:10,NON,DAILY,,,
128591,"Kalvi Bandar To Vengurle","Kalvi Bandar",Vengurle,,MO,9697,"Lokhandewadi Titha",14.6,,,"कालवी बंदर",वेंगुर्ला,18.6,14:30,15:10,NON,DAILY,,,
128591,"Kalvi Bandar To Vengurle","Kalvi Bandar",Vengurle,,MO,9740,Nimusga,15.6,,,"कालवी बंदर",वेंगुर्ला,18.6,14:30,15:10,NON,DAILY,,,
128591,"Kalvi Bandar To Vengurle","Kalvi Bandar",Vengurle,,MO,9824,Vengurle,18.6,,,"कालवी बंदर",वेंगुर्ला,18.6,14:30,15:10,NON,DAILY,,,
152454,"Vengurle To Sawantwada Via Dharam Gawadewadi",Vengurle,Sawantwada,"DHARAM GAWADEWADI",MO,9824,Vengurle,,,,वेंगुर्ला,सावंतवाडी,30,17:20,18:20,OBL,DAILY,"सावंतवाडी वस्ती","सावंतवाडी वस्ती",
152454,"Vengurle To Sawantwada Via Dharam Gawadewadi",Vengurle,Sawantwada,"DHARAM GAWADEWADI",MO,9599,"Ansur Titha",3,,,वेंगुर्ला,सावंतवाडी,30,17:20,18:20,OBL,DAILY,"सावंतवाडी वस्ती","सावंतवाडी वस्ती",
152454,"Vengurle To Sawantwada Via Dharam Gawadewadi",Vengurle,Sawantwada,"DHARAM GAWADEWADI",MO,9597,"Ansur Ghati",6.1,,,वेंगुर्ला,सावंतवाडी,30,17:20,18:20,OBL,DAILY,"सावंतवाडी वस्ती","सावंतवाडी वस्ती",
152454,"Vengurle To Sawantwada Via Dharam Gawadewadi",Vengurle,Sawantwada,"DHARAM GAWADEWADI",MO,9739,Nilgawadewadi,7,,,वेंगुर्ला,सावंतवाडी,30,17:20,18:20,OBL,DAILY,"सावंतवाडी वस्ती","सावंतवाडी वस्ती",
152454,"Vengurle To Sawantwada Via Dharam Gawadewadi",Vengurle,Sawantwada,"DHARAM GAWADEWADI",MO,9766,"Rameshwar Stop",7.5,,,वेंगुर्ला,सावंतवाडी,30,17:20,18:20,OBL,DAILY,"सावंतवाडी वस्ती","सावंतवाडी वस्ती",
152454,"Vengurle To Sawantwada Via Dharam Gawadewadi",Vengurle,Sawantwada,"DHARAM GAWADEWADI",MO,9634,"Dharam Gawadewadi",8,,,वेंगुर्ला,सावंतवाडी,30,17:20,18:20,OBL,DAILY,"सावंतवाडी वस्ती","सावंतवाडी वस्ती",
152454,"Vengurle To Sawantwada Via Dharam Gawadewadi",Vengurle,Sawantwada,"DHARAM GAWADEWADI",MO,9825,"Vetaleshwar Stop",8.2,,,वेंगुर्ला,सावंतवाडी,30,17:20,18:20,OBL,DAILY,"सावंतवाडी वस्ती","सावंतवाडी वस्ती",
152454,"Vengurle To Sawantwada Via Dharam Gawadewadi",Vengurle,Sawantwada,"DHARAM GAWADEWADI",MO,9819,Vadalwadi,9,,,वेंगुर्ला,सावंतवाडी,30,17:20,18:20,OBL,DAILY,"सावंतवाडी वस्ती","सावंतवाडी वस्ती",
152454,"Vengurle To Sawantwada Via Dharam Gawadewadi",Vengurle,Sawantwada,"DHARAM GAWADEWADI",MO,9744,"Pal Gpo",9.2,,,वेंगुर्ला,सावंतवाडी,30,17:20,18:20,OBL,DAILY,"सावंतवाडी वस्ती","सावंतवाडी वस्ती",
152454,"Vengurle To Sawantwada Via Dharam Gawadewadi",Vengurle,Sawantwada,"DHARAM GAWADEWADI",MO,9788,Shetkarwadi,12.2,,,वेंगुर्ला,सावंतवाडी,30,17:20,18:20,OBL,DAILY,"सावंतवाडी वस्ती","सावंतवाडी वस्ती",
152454,"Vengurle To Sawantwada Via Dharam Gawadewadi",Vengurle,Sawantwada,"DHARAM GAWADEWADI",MO,9604,"Asuli Pal Fata",15.1,,,वेंगुर्ला,सावंतवाडी,30,17:20,18:20,OBL,DAILY,"सावंतवाडी वस्ती","सावंतवाडी वस्ती",
152454,"Vengurle To Sawantwada Via Dharam Gawadewadi",Vengurle,Sawantwada,"DHARAM GAWADEWADI",MO,9621,Chavata,16.2,,,वेंगुर्ला,सावंतवाडी,30,17:20,18:20,OBL,DAILY,"सावंतवाडी वस्ती","सावंतवाडी वस्ती",
152454,"Vengurle To Sawantwada Via Dharam Gawadewadi",Vengurle,Sawantwada,"DHARAM GAWADEWADI",MO,9712,"Matond Sateri Mandir",17.9,,,वेंगुर्ला,सावंतवाडी,30,17:20,18:20,OBL,DAILY,"सावंतवाडी वस्ती","सावंतवाडी वस्ती",
152454,"Vengurle To Sawantwada Via Dharam Gawadewadi",Vengurle,Sawantwada,"DHARAM GAWADEWADI",MO,9748,Parabwadi,18,,,वेंगुर्ला,सावंतवाडी,30,17:20,18:20,OBL,DAILY,"सावंतवाडी वस्ती","सावंतवाडी वस्ती",
152454,"Vengurle To Sawantwada Via Dharam Gawadewadi",Vengurle,Sawantwada,"DHARAM GAWADEWADI",MO,9798,"Talawade Gate",18.1,,,वेंगुर्ला,सावंतवाडी,30,17:20,18:20,OBL,DAILY,"सावंतवाडी वस्ती","सावंतवाडी वस्ती",
152454,"Vengurle To Sawantwada Via Dharam Gawadewadi",Vengurle,Sawantwada,"DHARAM GAWADEWADI",MO,9799,"Talawade Parabwada",19.1,,,वेंगुर्ला,सावंतवाडी,30,17:20,18:20,OBL,DAILY,"सावंतवाडी वस्ती","सावंतवाडी वस्ती",
152454,"Vengurle To Sawantwada Via Dharam Gawadewadi",Vengurle,Sawantwada,"DHARAM GAWADEWADI",MO,9712,"Matond Sateri Mandir",22.6,,,वेंगुर्ला,सावंतवाडी,30,17:20,18:20,OBL,DAILY,"सावंतवाडी वस्ती","सावंतवाडी वस्ती",
152454,"Vengurle To Sawantwada Via Dharam Gawadewadi",Vengurle,Sawantwada,"DHARAM GAWADEWADI",MO,9621,Chavata,23.3,,,वेंगुर्ला,सावंतवाडी,30,17:20,18:20,OBL,DAILY,"सावंतवाडी वस्ती","सावंतवाडी वस्ती",
152454,"Vengurle To Sawantwada Via Dharam Gawadewadi",Vengurle,Sawantwada,"DHARAM GAWADEWADI",MO,9782,Sawantwada,30,,,वेंगुर्ला,सावंतवाडी,30,17:20,18:20,OBL,DAILY,"सावंतवाडी वस्ती","सावंतवाडी वस्ती",
11197,"Sawantwadi To Vengurle Via Tulas Jaitir Mandir",Sawantwadi,Vengurle,"TULAS JAITIR MANDIR",MO,8663,Sawantwadi,,,,सावंतवाडी,वेंगुर्ला,31.8,12:15,13:15,SC,DAILY,,,
11197,"Sawantwadi To Vengurle Via Tulas Jaitir Mandir",Sawantwadi,Vengurle,"TULAS JAITIR MANDIR",MO,8523,"Gulabi Titha",3.3,,,सावंतवाडी,वेंगुर्ला,31.8,12:15,13:15,SC,DAILY,,,
11197,"Sawantwadi To Vengurle Via Tulas Jaitir Mandir",Sawantwadi,Vengurle,"TULAS JAITIR MANDIR",MO,8580,Malgaon,5,,,सावंतवाडी,वेंगुर्ला,31.8,12:15,13:15,SC,DAILY,,,
11197,"Sawantwadi To Vengurle Via Tulas Jaitir Mandir",Sawantwadi,Vengurle,"TULAS JAITIR MANDIR",MO,8674,"Vengurle Shiroda Titha",6.3,,,सावंतवाडी,वेंगुर्ला,31.8,12:15,13:15,SC,DAILY,,,
11197,"Sawantwadi To Vengurle Via Tulas Jaitir Mandir",Sawantwadi,Vengurle,"TULAS JAITIR MANDIR",MO,8641,"Railway Station",7.2,,,सावंतवाडी,वेंगुर्ला,31.8,12:15,13:15,SC,DAILY,,,
11197,"Sawantwadi To Vengurle Via Tulas Jaitir Mandir",Sawantwadi,Vengurle,"TULAS JAITIR MANDIR",MO,9692,"Konapal Bhaid",9.8,,,सावंतवाडी,वेंगुर्ला,31.8,12:15,13:15,SC,DAILY,,,
11197,"Sawantwadi To Vengurle Via Tulas Jaitir Mandir",Sawantwadi,Vengurle,"TULAS JAITIR MANDIR",MO,9798,"Talawade Gate",13.6,,,सावंतवाडी,वेंगुर्ला,31.8,12:15,13:15,SC,DAILY,,,
11197,"Sawantwadi To Vengurle Via Tulas Jaitir Mandir",Sawantwadi,Vengurle,"TULAS JAITIR MANDIR",MO,9650,Hodawada,14.8,,,सावंतवाडी,वेंगुर्ला,31.8,12:15,13:15,SC,DAILY,,,
11197,"Sawantwadi To Vengurle Via Tulas Jaitir Mandir",Sawantwadi,Vengurle,"TULAS JAITIR MANDIR",MO,9812,"Tulas Jaitir Mandir",19,,,सावंतवाडी,वेंगुर्ला,31.8,12:15,13:15,SC,DAILY,,,
11197,"Sawantwadi To Vengurle Via Tulas Jaitir Mandir",Sawantwadi,Vengurle,"TULAS JAITIR MANDIR",MO,9815,"Tulus Gorewadi",22.6,,,सावंतवाडी,वेंगुर्ला,31.8,12:15,13:15,SC,DAILY,,,
11197,"Sawantwadi To Vengurle Via Tulas Jaitir Mandir",Sawantwadi,Vengurle,"TULAS JAITIR MANDIR",MO,9742,"Octroi Naka Ansur Fata",24.6,,,सावंतवाडी,वेंगुर्ला,31.8,12:15,13:15,SC,DAILY,,,
11197,"Sawantwadi To Vengurle Via Tulas Jaitir Mandir",Sawantwadi,Vengurle,"TULAS JAITIR MANDIR",MO,9765,"Rameshwar Mandir",27.2,,,सावंतवाडी,वेंगुर्ला,31.8,12:15,13:15,SC,DAILY,,,
11197,"Sawantwadi To Vengurle Via Tulas Jaitir Mandir",Sawantwadi,Vengurle,"TULAS JAITIR MANDIR",MO,9824,Vengurle,31.8,,,सावंतवाडी,वेंगुर्ला,31.8,12:15,13:15,SC,DAILY,,,
11271,"Vengurle To Kochara Shriramwadi Via Tendoli Harijanwadi",Vengurle,"Kochara Shriramwadi","TENDOLI HARIJANWADI",MO,9824,Vengurle,,,,वेंगुर्ला,श्रीरामवाडी,28.9,12:30,13:35,SC,DAILY,शालेय,शालेय,SCHOOL
11271,"Vengurle To Kochara Shriramwadi Via Tendoli Harijanwadi",Vengurle,"Kochara Shriramwadi","TENDOLI HARIJANWADI",MO,9696,Lokhandewadi,2.8,,,वेंगुर्ला,श्रीरामवाडी,28.9,12:30,13:35,SC,DAILY,शालेय,शालेय,SCHOOL
11271,"Vengurle To Kochara Shriramwadi Via Tendoli Harijanwadi",Vengurle,"Kochara Shriramwadi","TENDOLI HARIJANWADI",MO,9627,"Dabholi Waingani Titha",5.1,,,वेंगुर्ला,श्रीरामवाडी,28.9,12:30,13:35,SC,DAILY,शालेय,शालेय,SCHOOL
11271,"Vengurle To Kochara Shriramwadi Via Tendoli Harijanwadi",Vengurle,"Kochara Shriramwadi","TENDOLI HARIJANWADI",MO,9625,"Dabholi Matha",5.5,,,वेंगुर्ला,श्रीरामवाडी,28.9,12:30,13:35,SC,DAILY,शालेय,शालेय,SCHOOL
11271,"Vengurle To Kochara Shriramwadi Via Tendoli Harijanwadi",Vengurle,"Kochara Shriramwadi","TENDOLI HARIJANWADI",MO,9787,"Sheti Shala",8.9,,,वेंगुर्ला,श्रीरामवाडी,28.9,12:30,13:35,SC,DAILY,शालेय,शालेय,SCHOOL
11271,"Vengurle To Kochara Shriramwadi Via Tendoli Harijanwadi",Vengurle,"Kochara Shriramwadi","TENDOLI HARIJANWADI",MO,9618,Biba,12.1,,,वेंगुर्ला,श्रीरामवाडी,28.9,12:30,13:35,SC,DAILY,शालेय,शालेय,SCHOOL
11271,"Vengurle To Kochara Shriramwadi Via Tendoli Harijanwadi",Vengurle,"Kochara Shriramwadi","TENDOLI HARIJANWADI",MO,9805,"Tendoli Harijanwadi",12.2,,,वेंगुर्ला,श्रीरामवाडी,28.9,12:30,13:35,SC,DAILY,शालेय,शालेय,SCHOOL
11271,"Vengurle To Kochara Shriramwadi Via Tendoli Harijanwadi",Vengurle,"Kochara Shriramwadi","TENDOLI HARIJANWADI",MO,9830,Visapur,15,,,वेंगुर्ला,श्रीरामवाडी,28.9,12:30,13:35,SC,DAILY,शालेय,शालेय,SCHOOL
11271,"Vengurle To Kochara Shriramwadi Via Tendoli Harijanwadi",Vengurle,"Kochara Shriramwadi","TENDOLI HARIJANWADI",MO,9674,"Kelus Titha",16.9,,,वेंगुर्ला,श्रीरामवाडी,28.9,12:30,13:35,SC,DAILY,शालेय,शालेय,SCHOOL
11271,"Vengurle To Kochara Shriramwadi Via Tendoli Harijanwadi",Vengurle,"Kochara Shriramwadi","TENDOLI HARIJANWADI",MO,9846,"Kelus Sada",18.3,,,वेंगुर्ला,श्रीरामवाडी,28.9,12:30,13:35,SC,DAILY,शालेय,शालेय,SCHOOL
11271,"Vengurle To Kochara Shriramwadi Via Tendoli Harijanwadi",Vengurle,"Kochara Shriramwadi","TENDOLI HARIJANWADI",MO,9682,"Khavane Fata",21.2,,,वेंगुर्ला,श्रीरामवाडी,28.9,12:30,13:35,SC,DAILY,शालेय,शालेय,SCHOOL
11271,"Vengurle To Kochara Shriramwadi Via Tendoli Harijanwadi",Vengurle,"Kochara Shriramwadi","TENDOLI HARIJANWADI",MO,9714,Mhapan,22.2,,,वेंगुर्ला,श्रीरामवाडी,28.9,12:30,13:35,SC,DAILY,शालेय,शालेय,SCHOOL
11271,"Vengurle To Kochara Shriramwadi Via Tendoli Harijanwadi",Vengurle,"Kochara Shriramwadi","TENDOLI HARIJANWADI",MO,9632,"Devacha Chafa",23.7,,,वेंगुर्ला,श्रीरामवाडी,28.9,12:30,13:35,SC,DAILY,शालेय,शालेय,SCHOOL
11271,"Vengurle To Kochara Shriramwadi Via Tendoli Harijanwadi",Vengurle,"Kochara Shriramwadi","TENDOLI HARIJANWADI",MO,9688,Kochara,25.2,,,वेंगुर्ला,श्रीरामवाडी,28.9,12:30,13:35,SC,DAILY,शालेय,शालेय,SCHOOL
11271,"Vengurle To Kochara Shriramwadi Via Tendoli Harijanwadi",Vengurle,"Kochara Shriramwadi","TENDOLI HARIJANWADI",MO,9786,"Shelpi Fata",26.8,,,वेंगुर्ला,श्रीरामवाडी,28.9,12:30,13:35,SC,DAILY,शालेय,शालेय,SCHOOL
11271,"Vengurle To Kochara Shriramwadi Via Tendoli Harijanwadi",Vengurle,"Kochara Shriramwadi","TENDOLI HARIJANWADI",MO,9691,"Kochara Shriramwadi",28.9,,,वेंगुर्ला,श्रीरामवाडी,28.9,12:30,13:35,SC,DAILY,शालेय,शालेय,SCHOOL
11290,"Vengurle To Shiroda Via Wadkhol",Vengurle,Shiroda,WADKHOL,MO,9824,Vengurle,,,,वेंगुर्ला,शिरोडा,26.3,06:15,07:15,SC,DAILY,शालेय,शालेय,SCHOOL
11290,"Vengurle To Shiroda Via Wadkhol",Vengurle,Shiroda,WADKHOL,MO,9817,"Ubhadanda School -2",2.5,,,वेंगुर्ला,शिरोडा,26.3,06:15,07:15,SC,DAILY,शालेय,शालेय,SCHOOL
11290,"Vengurle To Shiroda Via Wadkhol",Vengurle,Shiroda,WADKHOL,MO,9726,"Mundale Shop",4.7,,,वेंगुर्ला,शिरोडा,26.3,06:15,07:15,SC,DAILY,शालेय,शालेय,SCHOOL
11290,"Vengurle To Shiroda Via Wadkhol",Vengurle,Shiroda,WADKHOL,MO,9722,Mochemand,5.9,,,वेंगुर्ला,शिरोडा,26.3,06:15,07:15,SC,DAILY,शालेय,शालेय,SCHOOL
11290,"Vengurle To Shiroda Via Wadkhol",Vengurle,Shiroda,WADKHOL,MO,8170,"Mail Dagad",6,,,वेंगुर्ला,शिरोडा,26.3,06:15,07:15,SC,DAILY,शालेय,शालेय,SCHOOL
11290,"Vengurle To Shiroda Via Wadkhol",Vengurle,Shiroda,WADKHOL,MO,9730,Naichiad,8.7,,,वेंगुर्ला,शिरोडा,26.3,06:15,07:15,SC,DAILY,शालेय,शालेय,SCHOOL
11290,"Vengurle To Shiroda Via Wadkhol",Vengurle,Shiroda,WADKHOL,MO,9797,"Tak Maruti Mandir",10.1,,,वेंगुर्ला,शिरोडा,26.3,06:15,07:15,SC,DAILY,शालेय,शालेय,SCHOOL
11290,"Vengurle To Shiroda Via Wadkhol",Vengurle,Shiroda,WADKHOL,MO,9763,Rajdhuriwadi,12.7,,,वेंगुर्ला,शिरोडा,26.3,06:15,07:15,SC,DAILY,शालेय,शालेय,SCHOOL
11290,"Vengurle To Shiroda Via Wadkhol",Vengurle,Shiroda,WADKHOL,MO,9831,Wadkhol,15.9,,,वेंगुर्ला,शिरोडा,26.3,06:15,07:15,SC,DAILY,शालेय,शालेय,SCHOOL
11290,"Vengurle To Shiroda Via Wadkhol",Vengurle,Shiroda,WADKHOL,MO,9763,Rajdhuriwadi,19.1,,,वेंगुर्ला,शिरोडा,26.3,06:15,07:15,SC,DAILY,शालेय,शालेय,SCHOOL
11290,"Vengurle To Shiroda Via Wadkhol",Vengurle,Shiroda,WADKHOL,MO,9649,Harijanwada,20.3,,,वेंगुर्ला,शिरोडा,26.3,06:15,07:15,SC,DAILY,शालेय,शालेय,SCHOOL
11290,"Vengurle To Shiroda Via Wadkhol",Vengurle,Shiroda,WADKHOL,MO,9601,Arawali,21.9,,,वेंगुर्ला,शिरोडा,26.3,06:15,07:15,SC,DAILY,शालेय,शालेय,SCHOOL
11290,"Vengurle To Shiroda Via Wadkhol",Vengurle,Shiroda,WADKHOL,MO,9789,Shiroda,26.3,,,वेंगुर्ला,शिरोडा,26.3,06:15,07:15,SC,DAILY,शालेय,शालेय,SCHOOL
11294,"Vengurle To Tendoli Gpo",Vengurle,"Tendoli Gpo",,MO,9824,Vengurle,,,,वेंगुर्ला,तेंडोली,13,10:20,10:50,,DAILY,शालेय,शालेय,SCHOOL
11294,"Vengurle To Tendoli Gpo",Vengurle,"Tendoli Gpo",,MO,9696,Lokhandewadi,2.8,,,वेंगुर्ला,तेंडोली,13,10:20,10:50,,DAILY,शालेय,शालेय,SCHOOL
11294,"Vengurle To Tendoli Gpo",Vengurle,"Tendoli Gpo",,MO,9625,"Dabholi Matha",5.5,,,वेंगुर्ला,तेंडोली,13,10:20,10:50,,DAILY,शालेय,शालेय,SCHOOL
11294,"Vengurle To Tendoli Gpo",Vengurle,"Tendoli Gpo",,MO,9787,"Sheti Shala",8.9,,,वेंगुर्ला,तेंडोली,13,10:20,10:50,,DAILY,शालेय,शालेय,SCHOOL
11294,"Vengurle To Tendoli Gpo",Vengurle,"Tendoli Gpo",,MO,9618,Biba,12.1,,,वेंगुर्ला,तेंडोली,13,10:20,10:50,,DAILY,शालेय,शालेय,SCHOOL
11294,"Vengurle To Tendoli Gpo",Vengurle,"Tendoli Gpo",,MO,6440,"Tendoli Gpo",13,,,वेंगुर्ला,तेंडोली,13,10:20,10:50,,DAILY,शालेय,शालेय,SCHOOL
11368,"Shiroda To Redi Kanyal",Shiroda,"Redi Kanyal",,MO,9789,Shiroda,,,,शिरोडा,"रेडी कनयाळ",7.2,11:45,12:00,SC,DAILY,,,
11368,"Shiroda To Redi Kanyal",Shiroda,"Redi Kanyal",,MO,9653,"Huda Fata",2.8,,,शिरोडा,"रेडी कनयाळ",7.2,11:45,12:00,SC,DAILY,,,
11368,"Shiroda To Redi Kanyal",Shiroda,"Redi Kanyal",,MO,9769,"Redi Mauli Mandir",5.7,,,शिरोडा,"रेडी कनयाळ",7.2,11:45,12:00,SC,DAILY,,,
11368,"Shiroda To Redi Kanyal",Shiroda,"Redi Kanyal",,MO,9768,"Redi Kanyal",7.2,,,शिरोडा,"रेडी कनयाळ",7.2,11:45,12:00,SC,DAILY,,,
19964,"Kudal To Vengurle Via Math High School","Kudal St Depot",Vengurle,"MATH HIGH SCHOOL",MO,6237,"Kudal St Depot",,,,कुडाळ,वेंगुर्ला,23.7,13:30,14:30,NON,DAILY,,,
19964,"Kudal To Vengurle Via Math High School","Kudal St Depot",Vengurle,"MATH HIGH SCHOOL",MO,6376,"Pinguli Titha",2.8,,,कुडाळ,वेंगुर्ला,23.7,13:30,14:30,NON,DAILY,,,
19964,"Kudal To Vengurle Via Math High School","Kudal St Depot",Vengurle,"MATH HIGH SCHOOL",MO,6191,"Goveri Bhagatwadi Fata",3.8,,,कुडाळ,वेंगुर्ला,23.7,13:30,14:30,NON,DAILY,,,
19964,"Kudal To Vengurle Via Math High School","Kudal St Depot",Vengurle,"MATH HIGH SCHOOL",MO,6245,"Kalepani Fata",4.8,,,कुडाळ,वेंगुर्ला,23.7,13:30,14:30,NON,DAILY,,,
19964,"Kudal To Vengurle Via Math High School","Kudal St Depot",Vengurle,"MATH HIGH SCHOOL",MO,6423,Sativan,6.2,,,कुडाळ,वेंगुर्ला,23.7,13:30,14:30,NON,DAILY,,,
19964,"Kudal To Vengurle Via Math High School","Kudal St Depot",Vengurle,"MATH HIGH SCHOOL",MO,6461,Wadiwarawade,7.1,,,कुडाळ,वेंगुर्ला,23.7,13:30,14:30,NON,DAILY,,,
19964,"Kudal To Vengurle Via Math High School","Kudal St Depot",Vengurle,"MATH HIGH SCHOOL",MO,6459,"Vetore Sub Stage",9.4,,,कुडाळ,वेंगुर्ला,23.7,13:30,14:30,NON,DAILY,,,
19964,"Kudal To Vengurle Via Math High School","Kudal St Depot",Vengurle,"MATH HIGH SCHOOL",MO,6457,"Vetore High School",10,,,कुडाळ,वेंगुर्ला,23.7,13:30,14:30,NON,DAILY,,,
19964,"Kudal To Vengurle Via Math High School","Kudal St Depot",Vengurle,"MATH HIGH SCHOOL",MO,6458,"Vetore Titha",10.8,,,कुडाळ,वेंगुर्ला,23.7,13:30,14:30,NON,DAILY,,,
19964,"Kudal To Vengurle Via Math High School","Kudal St Depot",Vengurle,"MATH HIGH SCHOOL",MO,6398,"Shambhu Bhavani",11.6,,,कुडाळ,वेंगुर्ला,23.7,13:30,14:30,NON,DAILY,,,
19964,"Kudal To Vengurle Via Math High School","Kudal St Depot",Vengurle,"MATH HIGH SCHOOL",MO,9620,"Bowalekar Wadi",14.9,,,कुडाळ,वेंगुर्ला,23.7,13:30,14:30,NON,DAILY,,,
19964,"Kudal To Vengurle Via Math High School","Kudal St Depot",Vengurle,"MATH HIGH SCHOOL",MO,9709,"Math High School",15.9,,,कुडाळ,वेंगुर्ला,23.7,13:30,14:30,NON,DAILY,,,
19964,"Kudal To Vengurle Via Math High School","Kudal St Depot",Vengurle,"MATH HIGH SCHOOL",MO,9665,Kankewadi,17.7,,,कुडाळ,वेंगुर्ला,23.7,13:30,14:30,NON,DAILY,,,
19964,"Kudal To Vengurle Via Math High School","Kudal St Depot",Vengurle,"MATH HIGH SCHOOL",MO,9708,"Maruti Mandir",20.6,,,कुडाळ,वेंगुर्ला,23.7,13:30,14:30,NON,DAILY,,,
19964,"Kudal To Vengurle Via Math High School","Kudal St Depot",Vengurle,"MATH HIGH SCHOOL",MO,9765,"Rameshwar Mandir",22.8,,,कुडाळ,वेंगुर्ला,23.7,13:30,14:30,NON,DAILY,,,
19964,"Kudal To Vengurle Via Math High School","Kudal St Depot",Vengurle,"MATH HIGH SCHOOL",MO,9824,Vengurle,23.7,,,कुडाळ,वेंगुर्ला,23.7,13:30,14:30,NON,DAILY,,,
20001,"Kiranpani To Vengurle Via Redi Mauli Mandir",Kiranpani,Vengurle,"REDI MAULI MANDIR",MO,9687,Kiranpani,,,,आरोंदा,वेंगुर्ला,31,14:30,16:10,NON,DAILY,,,
20001,"Kiranpani To Vengurle Via Redi Mauli Mandir",Kiranpani,Vengurle,"REDI MAULI MANDIR",MO,8472,Aronda,0.6,,,आरोंदा,वेंगुर्ला,31,14:30,16:10,NON,DAILY,,,
20001,"Kiranpani To Vengurle Via Redi Mauli Mandir",Kiranpani,Vengurle,"REDI MAULI MANDIR",MO,9588,Agralwadi,2.7,,,आरोंदा,वेंगुर्ला,31,14:30,16:10,NON,DAILY,,,
20001,"Kiranpani To Vengurle Via Redi Mauli Mandir",Kiranpani,Vengurle,"REDI MAULI MANDIR",MO,9653,"Huda Fata",6.1,,,आरोंदा,वेंगुर्ला,31,14:30,16:10,NON,DAILY,,,
20001,"Kiranpani To Vengurle Via Redi Mauli Mandir",Kiranpani,Vengurle,"REDI MAULI MANDIR",MO,9769,"Redi Mauli Mandir",6.2,,,आरोंदा,वेंगुर्ला,31,14:30,16:10,NON,DAILY,,,
20001,"Kiranpani To Vengurle Via Redi Mauli Mandir",Kiranpani,Vengurle,"REDI MAULI MANDIR",MO,9653,"Huda Fata",6.3,,,आरोंदा,वेंगुर्ला,31,14:30,16:10,NON,DAILY,,,
20001,"Kiranpani To Vengurle Via Redi Mauli Mandir",Kiranpani,Vengurle,"REDI MAULI MANDIR",MO,9789,Shiroda,8.9,,,आरोंदा,वेंगुर्ला,31,14:30,16:10,NON,DAILY,,,
20001,"Kiranpani To Vengurle Via Redi Mauli Mandir",Kiranpani,Vengurle,"REDI MAULI MANDIR",MO,9601,Arawali,13.3,,,आरोंदा,वेंगुर्ला,31,14:30,16:10,NON,DAILY,,,
20001,"Kiranpani To Vengurle Via Redi Mauli Mandir",Kiranpani,Vengurle,"REDI MAULI MANDIR",MO,8170,"Mail Dagad",13.4,,,आरोंदा,वेंगुर्ला,31,14:30,16:10,NON,DAILY,,,
20001,"Kiranpani To Vengurle Via Redi Mauli Mandir",Kiranpani,Vengurle,"REDI MAULI MANDIR",MO,9722,Mochemand,15.4,,,आरोंदा,वेंगुर्ला,31,14:30,16:10,NON,DAILY,,,
20001,"Kiranpani To Vengurle Via Redi Mauli Mandir",Kiranpani,Vengurle,"REDI MAULI MANDIR",MO,9726,"Mundale Shop",18.9,,,आरोंदा,वेंगुर्ला,31,14:30,16:10,NON,DAILY,,,
20001,"Kiranpani To Vengurle Via Redi Mauli Mandir",Kiranpani,Vengurle,"REDI MAULI MANDIR",MO,9817,"Ubhadanda School -2",21.1,,,आरोंदा,वेंगुर्ला,31,14:30,16:10,NON,DAILY,,,
20001,"Kiranpani To Vengurle Via Redi Mauli Mandir",Kiranpani,Vengurle,"REDI MAULI MANDIR",MO,9824,Vengurle,23.6,,,आरोंदा,वेंगुर्ला,31,14:30,16:10,NON,DAILY,,,
20016,"Kochara Shriramwadi To Vengurle Via Tendoli Harijanwadi","Kochara Shriramwadi",Vengurle,"TENDOLI HARIJANWADI",MO,9691,"Kochara Shriramwadi",,,,श्रीरामवाडी,वेंगुर्ला,28.9,13:45,14:50,NON,DAILY,,,
20016,"Kochara Shriramwadi To Vengurle Via Tendoli Harijanwadi","Kochara Shriramwadi",Vengurle,"TENDOLI HARIJANWADI",MO,9786,"Shelpi Fata",2.1,,,श्रीरामवाडी,वेंगुर्ला,28.9,13:45,14:50,NON,DAILY,,,
20016,"Kochara Shriramwadi To Vengurle Via Tendoli Harijanwadi","Kochara Shriramwadi",Vengurle,"TENDOLI HARIJANWADI",MO,9688,Kochara,3.7,,,श्रीरामवाडी,वेंगुर्ला,28.9,13:45,14:50,NON,DAILY,,,
20016,"Kochara Shriramwadi To Vengurle Via Tendoli Harijanwadi","Kochara Shriramwadi",Vengurle,"TENDOLI HARIJANWADI",MO,9632,"Devacha Chafa",6,,,श्रीरामवाडी,वेंगुर्ला,28.9,13:45,14:50,NON,DAILY,,,
20016,"Kochara Shriramwadi To Vengurle Via Tendoli Harijanwadi","Kochara Shriramwadi",Vengurle,"TENDOLI HARIJANWADI",MO,9714,Mhapan,6.5,,,श्रीरामवाडी,वेंगुर्ला,28.9,13:45,14:50,NON,DAILY,,,
20016,"Kochara Shriramwadi To Vengurle Via Tendoli Harijanwadi","Kochara Shriramwadi",Vengurle,"TENDOLI HARIJANWADI",MO,9682,"Khavane Fata",7.7,,,श्रीरामवाडी,वेंगुर्ला,28.9,13:45,14:50,NON,DAILY,,,
20016,"Kochara Shriramwadi To Vengurle Via Tendoli Harijanwadi","Kochara Shriramwadi",Vengurle,"TENDOLI HARIJANWADI",MO,9846,"Kelus Sada",10.6,,,श्रीरामवाडी,वेंगुर्ला,28.9,13:45,14:50,NON,DAILY,,,
20016,"Kochara Shriramwadi To Vengurle Via Tendoli Harijanwadi","Kochara Shriramwadi",Vengurle,"TENDOLI HARIJANWADI",MO,9674,"Kelus Titha",12,,,श्रीरामवाडी,वेंगुर्ला,28.9,13:45,14:50,NON,DAILY,,,
20016,"Kochara Shriramwadi To Vengurle Via Tendoli Harijanwadi","Kochara Shriramwadi",Vengurle,"TENDOLI HARIJANWADI",MO,9830,Visapur,13.9,,,श्रीरामवाडी,वेंगुर्ला,28.9,13:45,14:50,NON,DAILY,,,
20016,"Kochara Shriramwadi To Vengurle Via Tendoli Harijanwadi","Kochara Shriramwadi",Vengurle,"TENDOLI HARIJANWADI",MO,9805,"Tendoli Harijanwadi",15,,,श्रीरामवाडी,वेंगुर्ला,28.9,13:45,14:50,NON,DAILY,,,
20016,"Kochara Shriramwadi To Vengurle Via Tendoli Harijanwadi","Kochara Shriramwadi",Vengurle,"TENDOLI HARIJANWADI",MO,9618,Biba,16.8,,,श्रीरामवाडी,वेंगुर्ला,28.9,13:45,14:50,NON,DAILY,,,
20016,"Kochara Shriramwadi To Vengurle Via Tendoli Harijanwadi","Kochara Shriramwadi",Vengurle,"TENDOLI HARIJANWADI",MO,9787,"Sheti Shala",20,,,श्रीरामवाडी,वेंगुर्ला,28.9,13:45,14:50,NON,DAILY,,,
20016,"Kochara Shriramwadi To Vengurle Via Tendoli Harijanwadi","Kochara Shriramwadi",Vengurle,"TENDOLI HARIJANWADI",MO,9625,"Dabholi Matha",23.4,,,श्रीरामवाडी,वेंगुर्ला,28.9,13:45,14:50,NON,DAILY,,,
20016,"Kochara Shriramwadi To Vengurle Via Tendoli Harijanwadi","Kochara Shriramwadi",Vengurle,"TENDOLI HARIJANWADI",MO,9696,Lokhandewadi,26.1,,,श्रीरामवाडी,वेंगुर्ला,28.9,13:45,14:50,NON,DAILY,,,
20016,"Kochara Shriramwadi To Vengurle Via Tendoli Harijanwadi","Kochara Shriramwadi",Vengurle,"TENDOLI HARIJANWADI",MO,9824,Vengurle,28.9,,,श्रीरामवाडी,वेंगुर्ला,28.9,13:45,14:50,NON,DAILY,,,
54255,"Vengurle To Panjim",Vengurle,Panjim,,MO,9824,Vengurle,,,,वेंगुर्ला,पणजी,67.7,14:45,17:00,NON,DAILY,,,
54255,"Vengurle To Panjim",Vengurle,Panjim,,MO,9817,"Ubhadanda School -2",2.5,,,वेंगुर्ला,पणजी,67.7,14:45,17:00,NON,DAILY,,,
54255,"Vengurle To Panjim",Vengurle,Panjim,,MO,9726,"Mundale Shop",4.7,,,वेंगुर्ला,पणजी,67.7,14:45,17:00,NON,DAILY,,,
54255,"Vengurle To Panjim",Vengurle,Panjim,,MO,9722,Mochemand,6,,,वेंगुर्ला,पणजी,67.7,14:45,17:00,NON,DAILY,,,
54255,"Vengurle To Panjim",Vengurle,Panjim,,MO,9730,Naichiad,10,,,वेंगुर्ला,पणजी,67.7,14:45,17:00,NON,DAILY,,,
54255,"Vengurle To Panjim",Vengurle,Panjim,,MO,9797,"Tak Maruti Mandir",10.2,,,वेंगुर्ला,पणजी,67.7,14:45,17:00,NON,DAILY,,,
54255,"Vengurle To Panjim",Vengurle,Panjim,,MO,9601,Arawali,12.2,,,वेंगुर्ला,पणजी,67.7,14:45,17:00,NON,DAILY,,,
54255,"Vengurle To Panjim",Vengurle,Panjim,,MO,9789,Shiroda,14.7,,,वेंगुर्ला,पणजी,67.7,14:45,17:00,NON,DAILY,,,
54255,"Vengurle To Panjim",Vengurle,Panjim,,MO,9592,"Ajgaon Marathi School",16.7,,,वेंगुर्ला,पणजी,67.7,14:45,17:00,NON,DAILY,,,
54255,"Vengurle To Panjim",Vengurle,Panjim,,MO,9779,Savardev,18.3,,,वेंगुर्ला,पणजी,67.7,14:45,17:00,NON,DAILY,,,
54255,"Vengurle To Panjim",Vengurle,Panjim,,MO,9704,"Malewad Naka",22,,,वेंगुर्ला,पणजी,67.7,14:45,17:00,NON,DAILY,,,
54255,"Vengurle To Panjim",Vengurle,Panjim,,MO,9694,"Kondura Titha",24.2,,,वेंगुर्ला,पणजी,67.7,14:45,17:00,NON,DAILY,,,
54255,"Vengurle To Panjim",Vengurle,Panjim,,MO,9775,"Sateli Mandir",27.2,,,वेंगुर्ला,पणजी,67.7,14:45,17:00,NON,DAILY,,,
54255,"Vengurle To Panjim",Vengurle,Panjim,,MO,9774,"Satarda Mandir",30.2,,,वेंगुर्ला,पणजी,67.7,14:45,17:00,NON,DAILY,,,
54255,"Vengurle To Panjim",Vengurle,Panjim,,MO,9772,"Satarda Bazar",30.8,,,वेंगुर्ला,पणजी,67.7,14:45,17:00,NON,DAILY,,,
54255,"Vengurle To Panjim",Vengurle,Panjim,,MO,71923,"Naibag Goa Border",32.2,,,वेंगुर्ला,पणजी,67.7,14:45,17:00,NON,DAILY,,,
54255,"Vengurle To Panjim",Vengurle,Panjim,,MO,71937,Pernem,35.8,,,वेंगुर्ला,पणजी,67.7,14:45,17:00,NON,DAILY,,,
54255,"Vengurle To Panjim",Vengurle,Panjim,,MO,71901,Malpe,36.8,,,वेंगुर्ला,पणजी,67.7,14:45,17:00,NON,DAILY,,,
54255,"Vengurle To Panjim",Vengurle,Panjim,,MO,71873,Dhargal,41.8,,,वेंगुर्ला,पणजी,67.7,14:45,17:00,NON,DAILY,,,
54255,"Vengurle To Panjim",Vengurle,Panjim,,MO,71899,"Kolwal Junction",43.8,,,वेंगुर्ला,पणजी,67.7,14:45,17:00,NON,DAILY,,,
54255,"Vengurle To Panjim",Vengurle,Panjim,,MO,71886,Kasarwada,48.8,,,वेंगुर्ला,पणजी,67.7,14:45,17:00,NON,DAILY,,,
54255,"Vengurle To Panjim",Vengurle,Panjim,,MO,71915,Mapusa,51.8,,,वेंगुर्ला,पणजी,67.7,14:45,17:00,NON,DAILY,,,
54255,"Vengurle To Panjim",Vengurle,Panjim,,MO,71935,Panjim,67.7,,,वेंगुर्ला,पणजी,67.7,14:45,17:00,NON,DAILY,,,
125700,"Panjim To Vengurle Via Pernem",Panjim,Vengurle,PERNEM,MO,71935,Panjim,,,,पणजी,वेंगुर्ला,67.7,17:15,19:30,NON,DAILY,,,
125700,"Panjim To Vengurle Via Pernem",Panjim,Vengurle,PERNEM,MO,71915,Mapusa,12.9,,,पणजी,वेंगुर्ला,67.7,17:15,19:30,NON,DAILY,,,
125700,"Panjim To Vengurle Via Pernem",Panjim,Vengurle,PERNEM,MO,71886,Kasarwada,15,,,पणजी,वेंगुर्ला,67.7,17:15,19:30,NON,DAILY,,,
125700,"Panjim To Vengurle Via Pernem",Panjim,Vengurle,PERNEM,MO,71899,"Kolwal Junction",20,,,पणजी,वेंगुर्ला,67.7,17:15,19:30,NON,DAILY,,,
125700,"Panjim To Vengurle Via Pernem",Panjim,Vengurle,PERNEM,MO,71873,Dhargal,22,,,पणजी,वेंगुर्ला,67.7,17:15,19:30,NON,DAILY,,,
125700,"Panjim To Vengurle Via Pernem",Panjim,Vengurle,PERNEM,MO,71901,Malpe,27,,,पणजी,वेंगुर्ला,67.7,17:15,19:30,NON,DAILY,,,
125700,"Panjim To Vengurle Via Pernem",Panjim,Vengurle,PERNEM,MO,71937,Pernem,28,,,पणजी,वेंगुर्ला,67.7,17:15,19:30,NON,DAILY,,,
125700,"Panjim To Vengurle Via Pernem",Panjim,Vengurle,PERNEM,MO,71923,"Naibag Goa Border",33,,,पणजी,वेंगुर्ला,67.7,17:15,19:30,NON,DAILY,,,
125700,"Panjim To Vengurle Via Pernem",Panjim,Vengurle,PERNEM,MO,9772,"Satarda Bazar",37.3,,,पणजी,वेंगुर्ला,67.7,17:15,19:30,NON,DAILY,,,
125700,"Panjim To Vengurle Via Pernem",Panjim,Vengurle,PERNEM,MO,9774,"Satarda Mandir",37.9,,,पणजी,वेंगुर्ला,67.7,17:15,19:30,NON,DAILY,,,
125700,"Panjim To Vengurle Via Pernem",Panjim,Vengurle,PERNEM,MO,9775,"Sateli Mandir",40.9,,,पणजी,वेंगुर्ला,67.7,17:15,19:30,NON,DAILY,,,
125700,"Panjim To Vengurle Via Pernem",Panjim,Vengurle,PERNEM,MO,9693,"Kondura Aros Titha",43.9,,,पणजी,वेंगुर्ला,67.7,17:15,19:30,NON,DAILY,,,
125700,"Panjim To Vengurle Via Pernem",Panjim,Vengurle,PERNEM,MO,9704,"Malewad Naka",46.1,,,पणजी,वेंगुर्ला,67.7,17:15,19:30,NON,DAILY,,,
125700,"Panjim To Vengurle Via Pernem",Panjim,Vengurle,PERNEM,MO,9779,Savardev,49.8,,,पणजी,वेंगुर्ला,67.7,17:15,19:30,NON,DAILY,,,
125700,"Panjim To Vengurle Via Pernem",Panjim,Vengurle,PERNEM,MO,9592,"Ajgaon Marathi School",51.4,,,पणजी,वेंगुर्ला,67.7,17:15,19:30,NON,DAILY,,,
125700,"Panjim To Vengurle Via Pernem",Panjim,Vengurle,PERNEM,MO,9789,Shiroda,53.4,,,पणजी,वेंगुर्ला,67.7,17:15,19:30,NON,DAILY,,,
125700,"Panjim To Vengurle Via Pernem",Panjim,Vengurle,PERNEM,MO,9601,Arawali,55.9,,,पणजी,वेंगुर्ला,67.7,17:15,19:30,NON,DAILY,,,
125700,"Panjim To Vengurle Via Pernem",Panjim,Vengurle,PERNEM,MO,9797,"Tak Maruti Mandir",57.9,,,पणजी,वेंगुर्ला,67.7,17:15,19:30,NON,DAILY,,,
125700,"Panjim To Vengurle Via Pernem",Panjim,Vengurle,PERNEM,MO,9730,Naichiad,58.1,,,पणजी,वेंगुर्ला,67.7,17:15,19:30,NON,DAILY,,,
125700,"Panjim To Vengurle Via Pernem",Panjim,Vengurle,PERNEM,MO,9699,"Mail Dagad",58.9,,,पणजी,वेंगुर्ला,67.7,17:15,19:30,NON,DAILY,,,
125700,"Panjim To Vengurle Via Pernem",Panjim,Vengurle,PERNEM,MO,9722,Mochemand,62.1,,,पणजी,वेंगुर्ला,67.7,17:15,19:30,NON,DAILY,,,
125700,"Panjim To Vengurle Via Pernem",Panjim,Vengurle,PERNEM,MO,9726,"Mundale Shop",63.4,,,पणजी,वेंगुर्ला,67.7,17:15,19:30,NON,DAILY,,,
125700,"Panjim To Vengurle Via Pernem",Panjim,Vengurle,PERNEM,MO,9817,"Ubhadanda School -2",65.6,,,पणजी,वेंगुर्ला,67.7,17:15,19:30,NON,DAILY,,,
125700,"Panjim To Vengurle Via Pernem",Panjim,Vengurle,PERNEM,MO,9824,Vengurle,67.7,,,पणजी,वेंगुर्ला,67.7,17:15,19:30,NON,DAILY,,,
125782,"Vengurle To Banda",Vengurle,Banda,,MO,9824,Vengurle,,,,वेंगुर्ला,बांदा,59.6,08:10,10:20,SC-TPL,DAILY,,,
125782,"Vengurle To Banda",Vengurle,Banda,,MO,9817,"Ubhadanda School -2",2.5,,,वेंगुर्ला,बांदा,59.6,08:10,10:20,SC-TPL,DAILY,,,
125782,"Vengurle To Banda",Vengurle,Banda,,MO,9726,"Mundale Shop",4.7,,,वेंगुर्ला,बांदा,59.6,08:10,10:20,SC-TPL,DAILY,,,
125782,"Vengurle To Banda",Vengurle,Banda,,MO,9722,Mochemand,5.9,,,वेंगुर्ला,बांदा,59.6,08:10,10:20,SC-TPL,DAILY,,,
125782,"Vengurle To Banda",Vengurle,Banda,,MO,9699,"Mail Dagad",8,,,वेंगुर्ला,बांदा,59.6,08:10,10:20,SC-TPL,DAILY,,,
125782,"Vengurle To Banda",Vengurle,Banda,,MO,9730,Naichiad,8.7,,,वेंगुर्ला,बांदा,59.6,08:10,10:20,SC-TPL,DAILY,,,
125782,"Vengurle To Banda",Vengurle,Banda,,MO,9797,"Tak Maruti Mandir",10.1,,,वेंगुर्ला,बांदा,59.6,08:10,10:20,SC-TPL,DAILY,,,
125782,"Vengurle To Banda",Vengurle,Banda,,MO,9603,"Asoli Vetoba Mandir",12,,,वेंगुर्ला,बांदा,59.6,08:10,10:20,SC-TPL,DAILY,,,
125782,"Vengurle To Banda",Vengurle,Banda,,MO,9763,Rajdhuriwadi,12.7,,,वेंगुर्ला,बांदा,59.6,08:10,10:20,SC-TPL,DAILY,,,
125782,"Vengurle To Banda",Vengurle,Banda,,MO,9831,Wadkhol,15.9,,,वेंगुर्ला,बांदा,59.6,08:10,10:20,SC-TPL,DAILY,,,
125782,"Vengurle To Banda",Vengurle,Banda,,MO,9763,Rajdhuriwadi,19.1,,,वेंगुर्ला,बांदा,59.6,08:10,10:20,SC-TPL,DAILY,,,
125782,"Vengurle To Banda",Vengurle,Banda,,MO,9603,"Asoli Vetoba Mandir",19.8,,,वेंगुर्ला,बांदा,59.6,08:10,10:20,SC-TPL,DAILY,,,
125782,"Vengurle To Banda",Vengurle,Banda,,MO,9658,"Josoli Bridge",21.9,,,वेंगुर्ला,बांदा,59.6,08:10,10:20,SC-TPL,DAILY,,,
125782,"Vengurle To Banda",Vengurle,Banda,,MO,9622,Chinch,25.1,,,वेंगुर्ला,बांदा,59.6,08:10,10:20,SC-TPL,DAILY,,,
125782,"Vengurle To Banda",Vengurle,Banda,,MO,9792,"Sonsure Fata",27.3,,,वेंगुर्ला,बांदा,59.6,08:10,10:20,SC-TPL,DAILY,,,
125782,"Vengurle To Banda",Vengurle,Banda,,MO,9789,Shiroda,29.1,,,वेंगुर्ला,बांदा,59.6,08:10,10:20,SC-TPL,DAILY,,,
125782,"Vengurle To Banda",Vengurle,Banda,,MO,9592,"Ajgaon Marathi School",31.1,,,वेंगुर्ला,बांदा,59.6,08:10,10:20,SC-TPL,DAILY,,,
125782,"Vengurle To Banda",Vengurle,Banda,,MO,9779,Savardev,33,,,वेंगुर्ला,बांदा,59.6,08:10,10:20,SC-TPL,DAILY,,,
125782,"Vengurle To Banda",Vengurle,Banda,,MO,9704,"Malewad Naka",35.8,,,वेंगुर्ला,बांदा,59.6,08:10,10:20,SC-TPL,DAILY,,,
125782,"Vengurle To Banda",Vengurle,Banda,,MO,9693,"Kondura Aros Titha",36.4,,,वेंगुर्ला,बांदा,59.6,08:10,10:20,SC-TPL,DAILY,,,
125782,"Vengurle To Banda",Vengurle,Banda,,MO,8528,"Giroba Mandir",39.4,,,वेंगुर्ला,बांदा,59.6,08:10,10:20,SC-TPL,DAILY,,,
125782,"Vengurle To Banda",Vengurle,Banda,,MO,8471,"Aros Gawthan 1St Stop",41.8,,,वेंगुर्ला,बांदा,59.6,08:10,10:20,SC-TPL,DAILY,,,
125782,"Vengurle To Banda",Vengurle,Banda,,MO,8475,"Aros Bazar",44.5,,,वेंगुर्ला,बांदा,59.6,08:10,10:20,SC-TPL,DAILY,,,
125782,"Vengurle To Banda",Vengurle,Banda,,MO,8638,Rewathewadi,46.1,,,वेंगुर्ला,बांदा,59.6,08:10,10:20,SC-TPL,DAILY,,,
125782,"Vengurle To Banda",Vengurle,Banda,,MO,8621,"Padlos Keniwada",47.3,,,वेंगुर्ला,बांदा,59.6,08:10,10:20,SC-TPL,DAILY,,,
125782,"Vengurle To Banda",Vengurle,Banda,,MO,8625,"Padlos Mandir",50.8,,,वेंगुर्ला,बांदा,59.6,08:10,10:20,SC-TPL,DAILY,,,
125782,"Vengurle To Banda",Vengurle,Banda,,MO,8575,"Madura Titha",51.5,,,वेंगुर्ला,बांदा,59.6,08:10,10:20,SC-TPL,DAILY,,,
125782,"Vengurle To Banda",Vengurle,Banda,,MO,8590,"Madura School",53.8,,,वेंगुर्ला,बांदा,59.6,08:10,10:20,SC-TPL,DAILY,,,
125782,"Vengurle To Banda",Vengurle,Banda,,MO,8637,"Pawaskar Shop",55.3,,,वेंगुर्ला,बांदा,59.6,08:10,10:20,SC-TPL,DAILY,,,
125782,"Vengurle To Banda",Vengurle,Banda,,MO,8642,"Sherla Nadi",56,,,वेंगुर्ला,बांदा,59.6,08:10,10:20,SC-TPL,DAILY,,,
125782,"Vengurle To Banda",Vengurle,Banda,,MO,8486,Banda,59.6,,,वेंगुर्ला,बांदा,59.6,08:10,10:20,SC-TPL,DAILY,,,
126180,"Redi Kanyal To Vengurle","Redi Kanyal",Vengurle,,MO,9768,"Redi Kanyal",,,,कनयाळ,वेंगुर्ला,22.4,15:40,16:30,NON,DAILY,,,
126180,"Redi Kanyal To Vengurle","Redi Kanyal",Vengurle,,MO,9769,"Redi Mauli Mandir",1.8,,,कनयाळ,वेंगुर्ला,22.4,15:40,16:30,NON,DAILY,,,
126180,"Redi Kanyal To Vengurle","Redi Kanyal",Vengurle,,MO,9653,"Huda Fata",4.7,,,कनयाळ,वेंगुर्ला,22.4,15:40,16:30,NON,DAILY,,,
126180,"Redi Kanyal To Vengurle","Redi Kanyal",Vengurle,,MO,9789,Shiroda,7.5,,,कनयाळ,वेंगुर्ला,22.4,15:40,16:30,NON,DAILY,,,
126180,"Redi Kanyal To Vengurle","Redi Kanyal",Vengurle,,MO,9601,Arawali,11.9,,,कनयाळ,वेंगुर्ला,22.4,15:40,16:30,NON,DAILY,,,
126180,"Redi Kanyal To Vengurle","Redi Kanyal",Vengurle,,MO,9797,"Tak Maruti Mandir",12.1,,,कनयाळ,वेंगुर्ला,22.4,15:40,16:30,NON,DAILY,,,
126180,"Redi Kanyal To Vengurle","Redi Kanyal",Vengurle,,MO,9699,"Mail Dagad",12.2,,,कनयाळ,वेंगुर्ला,22.4,15:40,16:30,NON,DAILY,,,
126180,"Redi Kanyal To Vengurle","Redi Kanyal",Vengurle,,MO,9723,"Mochemand Pool",14.7,,,कनयाळ,वेंगुर्ला,22.4,15:40,16:30,NON,DAILY,,,
126180,"Redi Kanyal To Vengurle","Redi Kanyal",Vengurle,,MO,9726,"Mundale Shop",17.5,,,कनयाळ,वेंगुर्ला,22.4,15:40,16:30,NON,DAILY,,,
126180,"Redi Kanyal To Vengurle","Redi Kanyal",Vengurle,,MO,9817,"Ubhadanda School -2",19.7,,,कनयाळ,वेंगुर्ला,22.4,15:40,16:30,NON,DAILY,,,
126180,"Redi Kanyal To Vengurle","Redi Kanyal",Vengurle,,MO,9824,Vengurle,22.4,,,कनयाळ,वेंगुर्ला,22.4,15:40,16:30,NON,DAILY,,,
126310,"Shiroda To Vengurle Via Asoli Vetoba Mandir",Shiroda,Vengurle,"ASOLI VETOBA MANDIR",MO,9789,Shiroda,,,,शिरोडा,वेंगुर्ला,26.9,17:00,18:00,SC,DAILY,,,
126310,"Shiroda To Vengurle Via Asoli Vetoba Mandir",Shiroda,Vengurle,"ASOLI VETOBA MANDIR",MO,9835,"Arawali Hospital",3,,,शिरोडा,वेंगुर्ला,26.9,17:00,18:00,SC,DAILY,,,
126310,"Shiroda To Vengurle Via Asoli Vetoba Mandir",Shiroda,Vengurle,"ASOLI VETOBA MANDIR",MO,9797,"Tak Maruti Mandir",5,,,शिरोडा,वेंगुर्ला,26.9,17:00,18:00,SC,DAILY,,,
126310,"Shiroda To Vengurle Via Asoli Vetoba Mandir",Shiroda,Vengurle,"ASOLI VETOBA MANDIR",MO,9649,Harijanwada,7.2,,,शिरोडा,वेंगुर्ला,26.9,17:00,18:00,SC,DAILY,,,
126310,"Shiroda To Vengurle Via Asoli Vetoba Mandir",Shiroda,Vengurle,"ASOLI VETOBA MANDIR",MO,9603,"Asoli Vetoba Mandir",9.3,,,शिरोडा,वेंगुर्ला,26.9,17:00,18:00,SC,DAILY,,,
126310,"Shiroda To Vengurle Via Asoli Vetoba Mandir",Shiroda,Vengurle,"ASOLI VETOBA MANDIR",MO,9763,Rajdhuriwadi,10,,,शिरोडा,वेंगुर्ला,26.9,17:00,18:00,SC,DAILY,,,
126310,"Shiroda To Vengurle Via Asoli Vetoba Mandir",Shiroda,Vengurle,"ASOLI VETOBA MANDIR",MO,9831,Wadkhol,13.2,,,शिरोडा,वेंगुर्ला,26.9,17:00,18:00,SC,DAILY,,,
126310,"Shiroda To Vengurle Via Asoli Vetoba Mandir",Shiroda,Vengurle,"ASOLI VETOBA MANDIR",MO,9763,Rajdhuriwadi,16.4,,,शिरोडा,वेंगुर्ला,26.9,17:00,18:00,SC,DAILY,,,
126310,"Shiroda To Vengurle Via Asoli Vetoba Mandir",Shiroda,Vengurle,"ASOLI VETOBA MANDIR",MO,9797,"Tak Maruti Mandir",19,,,शिरोडा,वेंगुर्ला,26.9,17:00,18:00,SC,DAILY,,,
126310,"Shiroda To Vengurle Via Asoli Vetoba Mandir",Shiroda,Vengurle,"ASOLI VETOBA MANDIR",MO,9730,Naichiad,20.4,,,शिरोडा,वेंगुर्ला,26.9,17:00,18:00,SC,DAILY,,,
126310,"Shiroda To Vengurle Via Asoli Vetoba Mandir",Shiroda,Vengurle,"ASOLI VETOBA MANDIR",MO,9699,"Mail Dagad",21,,,शिरोडा,वेंगुर्ला,26.9,17:00,18:00,SC,DAILY,,,
126310,"Shiroda To Vengurle Via Asoli Vetoba Mandir",Shiroda,Vengurle,"ASOLI VETOBA MANDIR",MO,9722,Mochemand,23.2,,,शिरोडा,वेंगुर्ला,26.9,17:00,18:00,SC,DAILY,,,
126310,"Shiroda To Vengurle Via Asoli Vetoba Mandir",Shiroda,Vengurle,"ASOLI VETOBA MANDIR",MO,9726,"Mundale Shop",24.4,,,शिरोडा,वेंगुर्ला,26.9,17:00,18:00,SC,DAILY,,,
126310,"Shiroda To Vengurle Via Asoli Vetoba Mandir",Shiroda,Vengurle,"ASOLI VETOBA MANDIR",MO,9817,"Ubhadanda School -2",26.6,,,शिरोडा,वेंगुर्ला,26.9,17:00,18:00,SC,DAILY,,,
126310,"Shiroda To Vengurle Via Asoli Vetoba Mandir",Shiroda,Vengurle,"ASOLI VETOBA MANDIR",MO,9824,Vengurle,26.9,,,शिरोडा,वेंगुर्ला,26.9,17:00,18:00,SC,DAILY,,,
126329,"Konshi To Sawantwadi Via Banda",Konshi,Sawantwadi,BANDA,MO,8559,Konshi,,,,कोनशी,सावंतवाडी,25.7,06:15,07:05,SC,DAILY,शालेय,शालेय,SCHOOL
126329,"Konshi To Sawantwadi Via Banda",Konshi,Sawantwadi,BANDA,MO,8497,Dhangarwadi,2.8,,,कोनशी,सावंतवाडी,25.7,06:15,07:05,SC,DAILY,शालेय,शालेय,SCHOOL
126329,"Konshi To Sawantwadi Via Banda",Konshi,Sawantwadi,BANDA,MO,8680,"Wetal Mandir",5.5,,,कोनशी,सावंतवाडी,25.7,06:15,07:05,SC,DAILY,शालेय,शालेय,SCHOOL
126329,"Konshi To Sawantwadi Via Banda",Konshi,Sawantwadi,BANDA,MO,8477,"Bhalawal Shop",6.8,,,कोनशी,सावंतवाडी,25.7,06:15,07:05,SC,DAILY,शालेय,शालेय,SCHOOL
126329,"Konshi To Sawantwadi Via Banda",Konshi,Sawantwadi,BANDA,MO,8616,"Otavane Titha",7.9,,,कोनशी,सावंतवाडी,25.7,06:15,07:05,SC,DAILY,शालेय,शालेय,SCHOOL
126329,"Konshi To Sawantwadi Via Banda",Konshi,Sawantwadi,BANDA,MO,8673,"Vilavade Wad",8.2,,,कोनशी,सावंतवाडी,25.7,06:15,07:05,SC,DAILY,शालेय,शालेय,SCHOOL
126329,"Konshi To Sawantwadi Via Banda",Konshi,Sawantwadi,BANDA,MO,6482,Janbal,11.9,,,कोनशी,सावंतवाडी,25.7,06:15,07:05,SC,DAILY,शालेय,शालेय,SCHOOL
126329,"Konshi To Sawantwadi Via Banda",Konshi,Sawantwadi,BANDA,MO,1855,"Mail Dagad",13,,,कोनशी,सावंतवाडी,25.7,06:15,07:05,SC,DAILY,शालेय,शालेय,SCHOOL
126329,"Konshi To Sawantwadi Via Banda",Konshi,Sawantwadi,BANDA,MO,8486,Banda,15.5,,,कोनशी,सावंतवाडी,25.7,06:15,07:05,SC,DAILY,शालेय,शालेय,SCHOOL
126329,"Konshi To Sawantwadi Via Banda",Konshi,Sawantwadi,BANDA,MO,8542,"Khamdev Naka",17,,,कोनशी,सावंतवाडी,25.7,06:15,07:05,SC,DAILY,शालेय,शालेय,SCHOOL
126329,"Konshi To Sawantwadi Via Banda",Konshi,Sawantwadi,BANDA,MO,8544,"Kudav Temb",17.5,,,कोनशी,सावंतवाडी,25.7,06:15,07:05,SC,DAILY,शालेय,शालेय,SCHOOL
126329,"Konshi To Sawantwadi Via Banda",Konshi,Sawantwadi,BANDA,MO,89315,"Exicise Check Post",18,,,कोनशी,सावंतवाडी,25.7,06:15,07:05,SC,DAILY,शालेय,शालेय,SCHOOL
126329,"Konshi To Sawantwadi Via Banda",Konshi,Sawantwadi,BANDA,MO,5017,Kondawada,19,,,कोनशी,सावंतवाडी,25.7,06:15,07:05,SC,DAILY,शालेय,शालेय,SCHOOL
126329,"Konshi To Sawantwadi Via Banda",Konshi,Sawantwadi,BANDA,MO,8499,"Doba Shel",21.6,,,कोनशी,सावंतवाडी,25.7,06:15,07:05,SC,DAILY,शालेय,शालेय,SCHOOL
126329,"Konshi To Sawantwadi Via Banda",Konshi,Sawantwadi,BANDA,MO,8578,"Majgaon Nala",24.9,,,कोनशी,सावंतवाडी,25.7,06:15,07:05,SC,DAILY,शालेय,शालेय,SCHOOL
126329,"Konshi To Sawantwadi Via Banda",Konshi,Sawantwadi,BANDA,MO,8663,Sawantwadi,25.7,,,कोनशी,सावंतवाडी,25.7,06:15,07:05,SC,DAILY,शालेय,शालेय,SCHOOL
10668,"Banda To Netarde",Banda,Netarde,,MO,8486,Banda,,,,बांदा,नेतर्डे,14,18:00,18:35,OBL,DAILY,नेतर्डे,नेतर्डे,
10668,"Banda To Netarde",Banda,Netarde,,MO,8635,"Patradevi Goa Border",2.7,,,बांदा,नेतर्डे,14,18:00,18:35,OBL,DAILY,नेतर्डे,नेतर्डे,
10668,"Banda To Netarde",Banda,Netarde,,MO,8524,Galel,5.6,,,बांदा,नेतर्डे,14,18:00,18:35,OBL,DAILY,नेतर्डे,नेतर्डे,
10668,"Banda To Netarde",Banda,Netarde,,MO,8515,"Fakir Fata",7.1,,,बांदा,नेतर्डे,14,18:00,18:35,OBL,DAILY,नेतर्डे,नेतर्डे,
10668,"Banda To Netarde",Banda,Netarde,,MO,8548,"Khalbhag Netarde",8.8,,,बांदा,नेतर्डे,14,18:00,18:35,OBL,DAILY,नेतर्डे,नेतर्डे,
10668,"Banda To Netarde",Banda,Netarde,,MO,8611,"Netarde Fata/Forest Office",9.9,,,बांदा,नेतर्डे,14,18:00,18:35,OBL,DAILY,नेतर्डे,नेतर्डे,
10668,"Banda To Netarde",Banda,Netarde,,MO,8593,"Netarde Chavata",11.2,,,बांदा,नेतर्डे,14,18:00,18:35,OBL,DAILY,नेतर्डे,नेतर्डे,
10668,"Banda To Netarde",Banda,Netarde,,MO,8612,Netarde,14,,,बांदा,नेतर्डे,14,18:00,18:35,OBL,DAILY,नेतर्डे,नेतर्डे,
11262,"Vengurle To Haricharangiri",Vengurle,Haricharangiri,,MO,9824,Vengurle,,,,वेंगुर्ला,हरिचरणगिरी,13.7,08:20,08:50,NON,DAILY,,,
11262,"Vengurle To Haricharangiri",Vengurle,Haricharangiri,,MO,9696,Lokhandewadi,2.8,,,वेंगुर्ला,हरिचरणगिरी,13.7,08:20,08:50,NON,DAILY,,,
11262,"Vengurle To Haricharangiri",Vengurle,Haricharangiri,,MO,9625,"Dabholi Matha",5.8,,,वेंगुर्ला,हरिचरणगिरी,13.7,08:20,08:50,NON,DAILY,,,
11262,"Vengurle To Haricharangiri",Vengurle,Haricharangiri,,MO,9677,"Khanoli Ganapati Mandir",8.8,,,वेंगुर्ला,हरिचरणगिरी,13.7,08:20,08:50,NON,DAILY,,,
11262,"Vengurle To Haricharangiri",Vengurle,Haricharangiri,,MO,9648,Haricharangiri,13.7,,,वेंगुर्ला,हरिचरणगिरी,13.7,08:20,08:50,NON,DAILY,,,
11278,"Vengurle To Kudal Via Math High School",Vengurle,"Kudal St Depot","MATH HIGH SCHOOL",MO,9824,Vengurle,,,,वेंगुर्ला,कुडाळ,23.7,10:10,11:00,मठ,,,,
11278,"Vengurle To Kudal Via Math High School",Vengurle,"Kudal St Depot","MATH HIGH SCHOOL",MO,9708,"Maruti Mandir",2.2,,,वेंगुर्ला,कुडाळ,23.7,10:10,11:00,मठ,,,,
11278,"Vengurle To Kudal Via Math High School",Vengurle,"Kudal St Depot","MATH HIGH SCHOOL",MO,9665,Kankewadi,5.8,,,वेंगुर्ला,कुडाळ,23.7,10:10,11:00,मठ,,,,
11278,"Vengurle To Kudal Via Math High School",Vengurle,"Kudal St Depot","MATH HIGH SCHOOL",MO,9709,"Math High School",7,,,वेंगुर्ला,कुडाळ,23.7,10:10,11:00,मठ,,,,
11278,"Vengurle To Kudal Via Math High School",Vengurle,"Kudal St Depot","MATH HIGH SCHOOL",MO,9620,"Bowalekar Wadi",8.6,,,वेंगुर्ला,कुडाळ,23.7,10:10,11:00,मठ,,,,
11278,"Vengurle To Kudal Via Math High School",Vengurle,"Kudal St Depot","MATH HIGH SCHOOL",MO,6398,"Shambhu Bhavani",12.1,,,वेंगुर्ला,कुडाळ,23.7,10:10,11:00,मठ,,,,
11278,"Vengurle To Kudal Via Math High School",Vengurle,"Kudal St Depot","MATH HIGH SCHOOL",MO,6458,"Vetore Titha",12.7,,,वेंगुर्ला,कुडाळ,23.7,10:10,11:00,मठ,,,,
11278,"Vengurle To Kudal Via Math High School",Vengurle,"Kudal St Depot","MATH HIGH SCHOOL",MO,6457,"Vetore High School",13.6,,,वेंगुर्ला,कुडाळ,23.7,10:10,11:00,मठ,,,,
11278,"Vengurle To Kudal Via Math High School",Vengurle,"Kudal St Depot","MATH HIGH SCHOOL",MO,6459,"Vetore Sub Stage",14.1,,,वेंगुर्ला,कुडाळ,23.7,10:10,11:00,मठ,,,,
11278,"Vengurle To Kudal Via Math High School",Vengurle,"Kudal St Depot","MATH HIGH SCHOOL",MO,6461,Wadiwarawade,16.6,,,वेंगुर्ला,कुडाळ,23.7,10:10,11:00,मठ,,,,
11278,"Vengurle To Kudal Via Math High School",Vengurle,"Kudal St Depot","MATH HIGH SCHOOL",MO,6423,Sativan,17.5,,,वेंगुर्ला,कुडाळ,23.7,10:10,11:00,मठ,,,,
11278,"Vengurle To Kudal Via Math High School",Vengurle,"Kudal St Depot","MATH HIGH SCHOOL",MO,6376,"Pinguli Titha",20.7,,,वेंगुर्ला,कुडाळ,23.7,10:10,11:00,मठ,,,,
11278,"Vengurle To Kudal Via Math High School",Vengurle,"Kudal St Depot","MATH HIGH SCHOOL",MO,6237,"Kudal St Depot",23.7,,,वेंगुर्ला,कुडाळ,23.7,10:10,11:00,मठ,,,,
11279,"Vengurle To Malvan Via Parule",Vengurle,Malvan,PARULE,MO,9824,Vengurle,,,,वेंगुर्ला,मालवण,48,09:10,10:30,NON,DAILY,,,
11279,"Vengurle To Malvan Via Parule",Vengurle,Malvan,PARULE,MO,9697,"Lokhandewadi Titha",2.8,,,वेंगुर्ला,मालवण,48,09:10,10:30,NON,DAILY,,,
11279,"Vengurle To Malvan Via Parule",Vengurle,Malvan,PARULE,MO,9625,"Dabholi Matha",5.8,,,वेंगुर्ला,मालवण,48,09:10,10:30,NON,DAILY,,,
11279,"Vengurle To Malvan Via Parule",Vengurle,Malvan,PARULE,MO,9677,"Khanoli Ganapati Mandir",8.8,,,वेंगुर्ला,मालवण,48,09:10,10:30,NON,DAILY,,,
11279,"Vengurle To Malvan Via Parule",Vengurle,Malvan,PARULE,MO,9605,"Awere Bridge",11.9,,,वेंगुर्ला,मालवण,48,09:10,10:30,NON,DAILY,,,
11279,"Vengurle To Malvan Via Parule",Vengurle,Malvan,PARULE,MO,9662,"Kalvi Titha",15.4,,,वेंगुर्ला,मालवण,48,09:10,10:30,NON,DAILY,,,
11279,"Vengurle To Malvan Via Parule",Vengurle,Malvan,PARULE,MO,9670,"Kelus Dhakka",17.8,,,वेंगुर्ला,मालवण,48,09:10,10:30,NON,DAILY,,,
11279,"Vengurle To Malvan Via Parule",Vengurle,Malvan,PARULE,MO,9682,"Khavane Fata",20.7,,,वेंगुर्ला,मालवण,48,09:10,10:30,NON,DAILY,,,
11279,"Vengurle To Malvan Via Parule",Vengurle,Malvan,PARULE,MO,9714,Mhapan,21.8,,,वेंगुर्ला,मालवण,48,09:10,10:30,NON,DAILY,,,
11279,"Vengurle To Malvan Via Parule",Vengurle,Malvan,PARULE,MO,9590,"Ajarwadi P.H.C.",23.1,,,वेंगुर्ला,मालवण,48,09:10,10:30,NON,DAILY,,,
11279,"Vengurle To Malvan Via Parule",Vengurle,Malvan,PARULE,MO,9587,"Adinarayan Mandir",25.7,,,वेंगुर्ला,मालवण,48,09:10,10:30,NON,DAILY,,,
11279,"Vengurle To Malvan Via Parule",Vengurle,Malvan,PARULE,MO,9750,Parule,26.2,,,वेंगुर्ला,मालवण,48,09:10,10:30,NON,DAILY,,,
11279,"Vengurle To Malvan Via Parule",Vengurle,Malvan,PARULE,MO,9609,"Bandhalela Amba",27.2,,,वेंगुर्ला,मालवण,48,09:10,10:30,NON,DAILY,,,
11279,"Vengurle To Malvan Via Parule",Vengurle,Malvan,PARULE,MO,6274,"Korjai Titha",28.9,,,वेंगुर्ला,मालवण,48,09:10,10:30,NON,DAILY,,,
11279,"Vengurle To Malvan Via Parule",Vengurle,Malvan,PARULE,MO,9654,"Jai Bhavani",30.2,,,वेंगुर्ला,मालवण,48,09:10,10:30,NON,DAILY,,,
11279,"Vengurle To Malvan Via Parule",Vengurle,Malvan,PARULE,MO,6810,"Dewali Pool",32,,,वेंगुर्ला,मालवण,48,09:10,10:30,NON,DAILY,,,
11279,"Vengurle To Malvan Via Parule",Vengurle,Malvan,PARULE,MO,6903,"Madi Dukan",33.8,,,वेंगुर्ला,मालवण,48,09:10,10:30,NON,DAILY,,,
11279,"Vengurle To Malvan Via Parule",Vengurle,Malvan,PARULE,MO,7013,"Vamanshet Hotel",36.1,,,वेंगुर्ला,मालवण,48,09:10,10:30,NON,DAILY,,,
11279,"Vengurle To Malvan Via Parule",Vengurle,Malvan,PARULE,MO,6849,"Hirloskar House",39.1,,,वेंगुर्ला,मालवण,48,09:10,10:30,NON,DAILY,,,
11279,"Vengurle To Malvan Via Parule",Vengurle,Malvan,PARULE,MO,6896,Kumbharmath,39.6,,,वेंगुर्ला,मालवण,48,09:10,10:30,NON,DAILY,,,
11279,"Vengurle To Malvan Via Parule",Vengurle,Malvan,PARULE,MO,6915,Malvan,48,,,वेंगुर्ला,मालवण,48,09:10,10:30,NON,DAILY,,,
11288,"Vengurle To Shiroda Via Mochemand",Vengurle,Shiroda,MOCHEMAND,MO,9824,Vengurle,,,,वेंगुर्ला,शिरोडा,14.7,16:10,16:40,NON,DAILY,,,
11288,"Vengurle To Shiroda Via Mochemand",Vengurle,Shiroda,MOCHEMAND,MO,9817,"Ubhadanda School -2",2.5,,,वेंगुर्ला,शिरोडा,14.7,16:10,16:40,NON,DAILY,,,
11288,"Vengurle To Shiroda Via Mochemand",Vengurle,Shiroda,MOCHEMAND,MO,9726,"Mundale Shop",4.7,,,वेंगुर्ला,शिरोडा,14.7,16:10,16:40,NON,DAILY,,,
11288,"Vengurle To Shiroda Via Mochemand",Vengurle,Shiroda,MOCHEMAND,MO,9722,Mochemand,5.9,,,वेंगुर्ला,शिरोडा,14.7,16:10,16:40,NON,DAILY,,,
11288,"Vengurle To Shiroda Via Mochemand",Vengurle,Shiroda,MOCHEMAND,MO,9730,Naichiad,8.7,,,वेंगुर्ला,शिरोडा,14.7,16:10,16:40,NON,DAILY,,,
11288,"Vengurle To Shiroda Via Mochemand",Vengurle,Shiroda,MOCHEMAND,MO,9797,"Tak Maruti Mandir",10.1,,,वेंगुर्ला,शिरोडा,14.7,16:10,16:40,NON,DAILY,,,
11288,"Vengurle To Shiroda Via Mochemand",Vengurle,Shiroda,MOCHEMAND,MO,9601,Arawali,11,,,वेंगुर्ला,शिरोडा,14.7,16:10,16:40,NON,DAILY,,,
11288,"Vengurle To Shiroda Via Mochemand",Vengurle,Shiroda,MOCHEMAND,MO,9789,Shiroda,14.7,,,वेंगुर्ला,शिरोडा,14.7,16:10,16:40,NON,DAILY,,,
11300,"Vengurle To Bhogave",Vengurle,Bhogave,,MO,9824,Vengurle,,,,वेंगुर्ला,भोगवे,35.6,17:40,19:00,OBL,DAILY,"भोगवे वस्ती","भोगवे वस्ती",
11300,"Vengurle To Bhogave",Vengurle,Bhogave,,MO,9696,Lokhandewadi,2.8,,,वेंगुर्ला,भोगवे,35.6,17:40,19:00,OBL,DAILY,"भोगवे वस्ती","भोगवे वस्ती",
11300,"Vengurle To Bhogave",Vengurle,Bhogave,,MO,9625,"Dabholi Matha",5.8,,,वेंगुर्ला,भोगवे,35.6,17:40,19:00,OBL,DAILY,"भोगवे वस्ती","भोगवे वस्ती",
11300,"Vengurle To Bhogave",Vengurle,Bhogave,,MO,9677,"Khanoli Ganapati Mandir",8.8,,,वेंगुर्ला,भोगवे,35.6,17:40,19:00,OBL,DAILY,"भोगवे वस्ती","भोगवे वस्ती",
11300,"Vengurle To Bhogave",Vengurle,Bhogave,,MO,9605,"Awere Bridge",11.9,,,वेंगुर्ला,भोगवे,35.6,17:40,19:00,OBL,DAILY,"भोगवे वस्ती","भोगवे वस्ती",
11300,"Vengurle To Bhogave",Vengurle,Bhogave,,MO,9662,"Kalvi Titha",15.4,,,वेंगुर्ला,भोगवे,35.6,17:40,19:00,OBL,DAILY,"भोगवे वस्ती","भोगवे वस्ती",
11300,"Vengurle To Bhogave",Vengurle,Bhogave,,MO,9670,"Kelus Dhakka",17.8,,,वेंगुर्ला,भोगवे,35.6,17:40,19:00,OBL,DAILY,"भोगवे वस्ती","भोगवे वस्ती",
11300,"Vengurle To Bhogave",Vengurle,Bhogave,,MO,9682,"Khavane Fata",20.7,,,वेंगुर्ला,भोगवे,35.6,17:40,19:00,OBL,DAILY,"भोगवे वस्ती","भोगवे वस्ती",
11300,"Vengurle To Bhogave",Vengurle,Bhogave,,MO,9714,Mhapan,21.5,,,वेंगुर्ला,भोगवे,35.6,17:40,19:00,OBL,DAILY,"भोगवे वस्ती","भोगवे वस्ती",
11300,"Vengurle To Bhogave",Vengurle,Bhogave,,MO,6384,"Pat Titha",23.3,,,वेंगुर्ला,भोगवे,35.6,17:40,19:00,OBL,DAILY,"भोगवे वस्ती","भोगवे वस्ती",
11300,"Vengurle To Bhogave",Vengurle,Bhogave,,MO,9590,"Ajarwadi P.H.C.",25.6,,,वेंगुर्ला,भोगवे,35.6,17:40,19:00,OBL,DAILY,"भोगवे वस्ती","भोगवे वस्ती",
11300,"Vengurle To Bhogave",Vengurle,Bhogave,,MO,9587,"Adinarayan Mandir",28.9,,,वेंगुर्ला,भोगवे,35.6,17:40,19:00,OBL,DAILY,"भोगवे वस्ती","भोगवे वस्ती",
11300,"Vengurle To Bhogave",Vengurle,Bhogave,,MO,9750,Parule,29.5,,,वेंगुर्ला,भोगवे,35.6,17:40,19:00,OBL,DAILY,"भोगवे वस्ती","भोगवे वस्ती",
11300,"Vengurle To Bhogave",Vengurle,Bhogave,,MO,9785,"Shelpi Dutond Fata",31.5,,,वेंगुर्ला,भोगवे,35.6,17:40,19:00,OBL,DAILY,"भोगवे वस्ती","भोगवे वस्ती",
11300,"Vengurle To Bhogave",Vengurle,Bhogave,,MO,9623,"Chindar Amba",34.7,,,वेंगुर्ला,भोगवे,35.6,17:40,19:00,OBL,DAILY,"भोगवे वस्ती","भोगवे वस्ती",
11300,"Vengurle To Bhogave",Vengurle,Bhogave,,MO,9617,Bhogave,35.6,,,वेंगुर्ला,भोगवे,35.6,17:40,19:00,OBL,DAILY,"भोगवे वस्ती","भोगवे वस्ती",
20024,"Niwati Bandar To Vengurle Via Kochara Fata","Niwati Bandar",Vengurle,"KOCHARA FATA",MO,9741,"Niwati Bandar",,,,निवती,वेंगुर्ला,28.6,10:20,11:20,NON,DAILY,,,
20024,"Niwati Bandar To Vengurle Via Kochara Fata","Niwati Bandar",Vengurle,"KOCHARA FATA",MO,9777,Sati,3.1,,,निवती,वेंगुर्ला,28.6,10:20,11:20,NON,DAILY,,,
20024,"Niwati Bandar To Vengurle Via Kochara Fata","Niwati Bandar",Vengurle,"KOCHARA FATA",MO,9720,"Mhapan Sateri Mandir",5.8,,,निवती,वेंगुर्ला,28.6,10:20,11:20,NON,DAILY,,,
20024,"Niwati Bandar To Vengurle Via Kochara Fata","Niwati Bandar",Vengurle,"KOCHARA FATA",MO,9682,"Khavane Fata",7.6,,,निवती,वेंगुर्ला,28.6,10:20,11:20,NON,DAILY,,,
20024,"Niwati Bandar To Vengurle Via Kochara Fata","Niwati Bandar",Vengurle,"KOCHARA FATA",MO,9670,"Kelus Dhakka",10.5,,,निवती,वेंगुर्ला,28.6,10:20,11:20,NON,DAILY,,,
20024,"Niwati Bandar To Vengurle Via Kochara Fata","Niwati Bandar",Vengurle,"KOCHARA FATA",MO,9662,"Kalvi Titha",12.9,,,निवती,वेंगुर्ला,28.6,10:20,11:20,NON,DAILY,,,
20024,"Niwati Bandar To Vengurle Via Kochara Fata","Niwati Bandar",Vengurle,"KOCHARA FATA",MO,9605,"Awere Bridge",16.4,,,निवती,वेंगुर्ला,28.6,10:20,11:20,NON,DAILY,,,
20024,"Niwati Bandar To Vengurle Via Kochara Fata","Niwati Bandar",Vengurle,"KOCHARA FATA",MO,9677,"Khanoli Ganapati Mandir",19.5,,,निवती,वेंगुर्ला,28.6,10:20,11:20,NON,DAILY,,,
20024,"Niwati Bandar To Vengurle Via Kochara Fata","Niwati Bandar",Vengurle,"KOCHARA FATA",MO,9625,"Dabholi Matha",22.5,,,निवती,वेंगुर्ला,28.6,10:20,11:20,NON,DAILY,,,
20024,"Niwati Bandar To Vengurle Via Kochara Fata","Niwati Bandar",Vengurle,"KOCHARA FATA",MO,9690,"Kochara Fata",23,,,निवती,वेंगुर्ला,28.6,10:20,11:20,NON,DAILY,,,
20024,"Niwati Bandar To Vengurle Via Kochara Fata","Niwati Bandar",Vengurle,"KOCHARA FATA",MO,9696,Lokhandewadi,26.2,,,निवती,वेंगुर्ला,28.6,10:20,11:20,NON,DAILY,,,
20024,"Niwati Bandar To Vengurle Via Kochara Fata","Niwati Bandar",Vengurle,"KOCHARA FATA",MO,9824,Vengurle,28.6,,,निवती,वेंगुर्ला,28.6,10:20,11:20,NON,DAILY,,,
120920,"Vengurle To Shetkarwadi",Vengurle,Shetkarwadi,,MO,9824,Vengurle,,,,वेंगुर्ला,शेटकरवाडी,9.7,09:30,09:45,NON-TPL,DAILY,,,
120920,"Vengurle To Shetkarwadi",Vengurle,Shetkarwadi,,MO,9765,"Rameshwar Mandir",0.9,,,वेंगुर्ला,शेटकरवाडी,9.7,09:30,09:45,NON-TPL,DAILY,,,
120920,"Vengurle To Shetkarwadi",Vengurle,Shetkarwadi,,MO,9599,"Ansur Titha",3.8,,,वेंगुर्ला,शेटकरवाडी,9.7,09:30,09:45,NON-TPL,DAILY,,,
120920,"Vengurle To Shetkarwadi",Vengurle,Shetkarwadi,,MO,9597,"Ansur Ghati",5.8,,,वेंगुर्ला,शेटकरवाडी,9.7,09:30,09:45,NON-TPL,DAILY,,,
120920,"Vengurle To Shetkarwadi",Vengurle,Shetkarwadi,,MO,9766,"Rameshwar Stop",6.8,,,वेंगुर्ला,शेटकरवाडी,9.7,09:30,09:45,NON-TPL,DAILY,,,
120920,"Vengurle To Shetkarwadi",Vengurle,Shetkarwadi,,MO,9634,"Dharam Gawadewadi",7.3,,,वेंगुर्ला,शेटकरवाडी,9.7,09:30,09:45,NON-TPL,DAILY,,,
120920,"Vengurle To Shetkarwadi",Vengurle,Shetkarwadi,,MO,9819,Vadalwadi,8.4,,,वेंगुर्ला,शेटकरवाडी,9.7,09:30,09:45,NON-TPL,DAILY,,,
120920,"Vengurle To Shetkarwadi",Vengurle,Shetkarwadi,,MO,9744,"Pal Gpo",9.2,,,वेंगुर्ला,शेटकरवाडी,9.7,09:30,09:45,NON-TPL,DAILY,,,
120920,"Vengurle To Shetkarwadi",Vengurle,Shetkarwadi,,MO,9731,Naikwadi,9.4,,,वेंगुर्ला,शेटकरवाडी,9.7,09:30,09:45,NON-TPL,DAILY,,,
120920,"Vengurle To Shetkarwadi",Vengurle,Shetkarwadi,,MO,9788,Shetkarwadi,9.7,,,वेंगुर्ला,शेटकरवाडी,9.7,09:30,09:45,NON-TPL,DAILY,,,
125971,"Vengurle To Devgad Via Humarmala Kasale Dukan",Vengurle,Devgad,"HUMARMALA KASALE DUKAN",MO,9824,Vengurle,,,,वेंगुर्ला,देवगड,113.7,06:00,09:35,SC,DAIL,शालेय,शालेय,SCHOOL
125971,"Vengurle To Devgad Via Humarmala Kasale Dukan",Vengurle,Devgad,"HUMARMALA KASALE DUKAN",MO,9697,"Lokhandewadi Titha",4,,,वेंगुर्ला,देवगड,113.7,06:00,09:35,SC,DAIL,शालेय,शालेय,SCHOOL
125971,"Vengurle To Devgad Via Humarmala Kasale Dukan",Vengurle,Devgad,"HUMARMALA KASALE DUKAN",MO,9627,"Dabholi Waingani Titha",5.1,,,वेंगुर्ला,देवगड,113.7,06:00,09:35,SC,DAIL,शालेय,शालेय,SCHOOL
125971,"Vengurle To Devgad Via Humarmala Kasale Dukan",Vengurle,Devgad,"HUMARMALA KASALE DUKAN",MO,9620,"Bowalekar Wadi",6.6,,,वेंगुर्ला,देवगड,113.7,06:00,09:35,SC,DAIL,शालेय,शालेय,SCHOOL
125971,"Vengurle To Devgad Via Humarmala Kasale Dukan",Vengurle,Devgad,"HUMARMALA KASALE DUKAN",MO,9678,"Khanoli Rawalnath Mandir",9.8,,,वेंगुर्ला,देवगड,113.7,06:00,09:35,SC,DAIL,शालेय,शालेय,SCHOOL
125971,"Vengurle To Devgad Via Humarmala Kasale Dukan",Vengurle,Devgad,"HUMARMALA KASALE DUKAN",MO,9829,"Vetore Sateri Mandir",13.4,,,वेंगुर्ला,देवगड,113.7,06:00,09:35,SC,DAIL,शालेय,शालेय,SCHOOL
125971,"Vengurle To Devgad Via Humarmala Kasale Dukan",Vengurle,Devgad,"HUMARMALA KASALE DUKAN",MO,6458,"Vetore Titha",14.2,,,वेंगुर्ला,देवगड,113.7,06:00,09:35,SC,DAIL,शालेय,शालेय,SCHOOL
125971,"Vengurle To Devgad Via Humarmala Kasale Dukan",Vengurle,Devgad,"HUMARMALA KASALE DUKAN",MO,6112,"Adosewadi Fata",15.6,,,वेंगुर्ला,देवगड,113.7,06:00,09:35,SC,DAIL,शालेय,शालेय,SCHOOL
125971,"Vengurle To Devgad Via Humarmala Kasale Dukan",Vengurle,Devgad,"HUMARMALA KASALE DUKAN",MO,6461,Wadiwarawade,17.9,,,वेंगुर्ला,देवगड,113.7,06:00,09:35,SC,DAIL,शालेय,शालेय,SCHOOL
125971,"Vengurle To Devgad Via Humarmala Kasale Dukan",Vengurle,Devgad,"HUMARMALA KASALE DUKAN",MO,6423,Sativan,18.8,,,वेंगुर्ला,देवगड,113.7,06:00,09:35,SC,DAIL,शालेय,शालेय,SCHOOL
125971,"Vengurle To Devgad Via Humarmala Kasale Dukan",Vengurle,Devgad,"HUMARMALA KASALE DUKAN",MO,6376,"Pinguli Titha",22.2,,,वेंगुर्ला,देवगड,113.7,06:00,09:35,SC,DAIL,शालेय,शालेय,SCHOOL
125971,"Vengurle To Devgad Via Humarmala Kasale Dukan",Vengurle,Devgad,"HUMARMALA KASALE DUKAN",MO,6237,"Kudal St Depot",25,,,वेंगुर्ला,देवगड,113.7,06:00,09:35,SC,DAIL,शालेय,शालेय,SCHOOL
125971,"Vengurle To Devgad Via Humarmala Kasale Dukan",Vengurle,Devgad,"HUMARMALA KASALE DUKAN",MO,6240,"Kudal St Depot",26.5,,,वेंगुर्ला,देवगड,113.7,06:00,09:35,SC,DAIL,शालेय,शालेय,SCHOOL
125971,"Vengurle To Devgad Via Humarmala Kasale Dukan",Vengurle,Devgad,"HUMARMALA KASALE DUKAN",MO,6380,"Pawashi Panchayat",27.5,,,वेंगुर्ला,देवगड,113.7,06:00,09:35,SC,DAIL,शालेय,शालेय,SCHOOL
125971,"Vengurle To Devgad Via Humarmala Kasale Dukan",Vengurle,Devgad,"HUMARMALA KASALE DUKAN",MO,88100,Vetalbambarde,29,,,वेंगुर्ला,देवगड,113.7,06:00,09:35,SC,DAIL,शालेय,शालेय,SCHOOL
125971,"Vengurle To Devgad Via Humarmala Kasale Dukan",Vengurle,Devgad,"HUMARMALA KASALE DUKAN",MO,6365,Pandur,34.1,,,वेंगुर्ला,देवगड,113.7,06:00,09:35,SC,DAIL,शालेय,शालेय,SCHOOL
125971,"Vengurle To Devgad Via Humarmala Kasale Dukan",Vengurle,Devgad,"HUMARMALA KASALE DUKAN",MO,6204,"Humarmala Kasale Dukan",37,,,वेंगुर्ला,देवगड,113.7,06:00,09:35,SC,DAIL,शालेय,शालेय,SCHOOL
125971,"Vengurle To Devgad Via Humarmala Kasale Dukan",Vengurle,Devgad,"HUMARMALA KASALE DUKAN",MO,6362,"Oros Bus Stnad",40,,,वेंगुर्ला,देवगड,113.7,06:00,09:35,SC,DAIL,शालेय,शालेय,SCHOOL
125971,"Vengurle To Devgad Via Humarmala Kasale Dukan",Vengurle,Devgad,"HUMARMALA KASALE DUKAN",MO,6116,Awali,43,,,वेंगुर्ला,देवगड,113.7,06:00,09:35,SC,DAIL,शालेय,शालेय,SCHOOL
125971,"Vengurle To Devgad Via Humarmala Kasale Dukan",Vengurle,Devgad,"HUMARMALA KASALE DUKAN",MO,6282,"Kasal Balamwadi",44.4,,,वेंगुर्ला,देवगड,113.7,06:00,09:35,SC,DAIL,शालेय,शालेय,SCHOOL
125971,"Vengurle To Devgad Via Humarmala Kasale Dukan",Vengurle,Devgad,"HUMARMALA KASALE DUKAN",MO,6281,Kasal,45.8,,,वेंगुर्ला,देवगड,113.7,06:00,09:35,SC,DAIL,शालेय,शालेय,SCHOOL
125971,"Vengurle To Devgad Via Humarmala Kasale Dukan",Vengurle,Devgad,"HUMARMALA KASALE DUKAN",MO,6315,"Mile Stone",47.2,,,वेंगुर्ला,देवगड,113.7,06:00,09:35,SC,DAIL,शालेय,शालेय,SCHOOL
125971,"Vengurle To Devgad Via Humarmala Kasale Dukan",Vengurle,Devgad,"HUMARMALA KASALE DUKAN",MO,2890,"Osargaon Post",50.1,,,वेंगुर्ला,देवगड,113.7,06:00,09:35,SC,DAIL,शालेय,शालेय,SCHOOL
125971,"Vengurle To Devgad Via Humarmala Kasale Dukan",Vengurle,Devgad,"HUMARMALA KASALE DUKAN",MO,2891,"Osargaon Talav",53,,,वेंगुर्ला,देवगड,113.7,06:00,09:35,SC,DAIL,शालेय,शालेय,SCHOOL
125971,"Vengurle To Devgad Via Humarmala Kasale Dukan",Vengurle,Devgad,"HUMARMALA KASALE DUKAN",MO,2692,Dangalwadi,54.1,,,वेंगुर्ला,देवगड,113.7,06:00,09:35,SC,DAIL,शालेय,शालेय,SCHOOL
125971,"Vengurle To Devgad Via Humarmala Kasale Dukan",Vengurle,Devgad,"HUMARMALA KASALE DUKAN",MO,3001,"Wagade Gpo",55,,,वेंगुर्ला,देवगड,113.7,06:00,09:35,SC,DAIL,शालेय,शालेय,SCHOOL
125971,"Vengurle To Devgad Via Humarmala Kasale Dukan",Vengurle,Devgad,"HUMARMALA KASALE DUKAN",MO,2786,Kankavli,60.7,,,वेंगुर्ला,देवगड,113.7,06:00,09:35,SC,DAIL,शालेय,शालेय,SCHOOL
125971,"Vengurle To Devgad Via Humarmala Kasale Dukan",Vengurle,Devgad,"HUMARMALA KASALE DUKAN",MO,2766,Janavali,64,,,वेंगुर्ला,देवगड,113.7,06:00,09:35,SC,DAIL,शालेय,शालेय,SCHOOL
125971,"Vengurle To Devgad Via Humarmala Kasale Dukan",Vengurle,Devgad,"HUMARMALA KASALE DUKAN",MO,2756,"Humrat Titha",68.3,,,वेंगुर्ला,देवगड,113.7,06:00,09:35,SC,DAIL,शालेय,शालेय,SCHOOL
125971,"Vengurle To Devgad Via Humarmala Kasale Dukan",Vengurle,Devgad,"HUMARMALA KASALE DUKAN",MO,2655,Belane,70.5,,,वेंगुर्ला,देवगड,113.7,06:00,09:35,SC,DAIL,शालेय,शालेय,SCHOOL
125971,"Vengurle To Devgad Via Humarmala Kasale Dukan",Vengurle,Devgad,"HUMARMALA KASALE DUKAN",MO,2870,"Nandgaon Datta Mandir",72.9,,,वेंगुर्ला,देवगड,113.7,06:00,09:35,SC,DAIL,शालेय,शालेय,SCHOOL
125971,"Vengurle To Devgad Via Humarmala Kasale Dukan",Vengurle,Devgad,"HUMARMALA KASALE DUKAN",MO,2871,"Nandgaon Fata",75,,,वेंगुर्ला,देवगड,113.7,06:00,09:35,SC,DAIL,शालेय,शालेय,SCHOOL
125971,"Vengurle To Devgad Via Humarmala Kasale Dukan",Vengurle,Devgad,"HUMARMALA KASALE DUKAN",MO,2642,Asalade,77.2,,,वेंगुर्ला,देवगड,113.7,06:00,09:35,SC,DAIL,शालेय,शालेय,SCHOOL
125971,"Vengurle To Devgad Via Humarmala Kasale Dukan",Vengurle,Devgad,"HUMARMALA KASALE DUKAN",MO,1789,Koloshiwadi,79.6,,,वेंगुर्ला,देवगड,113.7,06:00,09:35,SC,DAIL,शालेय,शालेय,SCHOOL
125971,"Vengurle To Devgad Via Humarmala Kasale Dukan",Vengurle,Devgad,"HUMARMALA KASALE DUKAN",MO,1742,"Hadpid Bridge",81,,,वेंगुर्ला,देवगड,113.7,06:00,09:35,SC,DAIL,शालेय,शालेय,SCHOOL
125971,"Vengurle To Devgad Via Humarmala Kasale Dukan",Vengurle,Devgad,"HUMARMALA KASALE DUKAN",MO,1743,Hadpid,83.2,,,वेंगुर्ला,देवगड,113.7,06:00,09:35,SC,DAIL,शालेय,शालेय,SCHOOL
125971,"Vengurle To Devgad Via Humarmala Kasale Dukan",Vengurle,Devgad,"HUMARMALA KASALE DUKAN",MO,1971,Rakasghati,85.8,,,वेंगुर्ला,देवगड,113.7,06:00,09:35,SC,DAIL,शालेय,शालेय,SCHOOL
125971,"Vengurle To Devgad Via Humarmala Kasale Dukan",Vengurle,Devgad,"HUMARMALA KASALE DUKAN",MO,1978,Shirgaon,88.6,,,वेंगुर्ला,देवगड,113.7,06:00,09:35,SC,DAIL,शालेय,शालेय,SCHOOL
125971,"Vengurle To Devgad Via Humarmala Kasale Dukan",Vengurle,Devgad,"HUMARMALA KASALE DUKAN",MO,1697,Dhopatewadi,91.4,,,वेंगुर्ला,देवगड,113.7,06:00,09:35,SC,DAIL,शालेय,शालेय,SCHOOL
125971,"Vengurle To Devgad Via Humarmala Kasale Dukan",Vengurle,Devgad,"HUMARMALA KASALE DUKAN",MO,2042,Waliwande,94,,,वेंगुर्ला,देवगड,113.7,06:00,09:35,SC,DAIL,शालेय,शालेय,SCHOOL
125971,"Vengurle To Devgad Via Humarmala Kasale Dukan",Vengurle,Devgad,"HUMARMALA KASALE DUKAN",MO,1630,"Are Fata",95.3,,,वेंगुर्ला,देवगड,113.7,06:00,09:35,SC,DAIL,शालेय,शालेय,SCHOOL
125971,"Vengurle To Devgad Via Humarmala Kasale Dukan",Vengurle,Devgad,"HUMARMALA KASALE DUKAN",MO,1831,"Lingdal Titha",96.4,,,वेंगुर्ला,देवगड,113.7,06:00,09:35,SC,DAIL,शालेय,शालेय,SCHOOL
125971,"Vengurle To Devgad Via Humarmala Kasale Dukan",Vengurle,Devgad,"HUMARMALA KASALE DUKAN",MO,1772,Kumbharkhari,98.2,,,वेंगुर्ला,देवगड,113.7,06:00,09:35,SC,DAIL,शालेय,शालेय,SCHOOL
125971,"Vengurle To Devgad Via Humarmala Kasale Dukan",Vengurle,Devgad,"HUMARMALA KASALE DUKAN",MO,1997,"Tale Bazar",100.2,,,वेंगुर्ला,देवगड,113.7,06:00,09:35,SC,DAIL,शालेय,शालेय,SCHOOL
125971,"Vengurle To Devgad Via Humarmala Kasale Dukan",Vengurle,Devgad,"HUMARMALA KASALE DUKAN",MO,1640,"Bhekar Taka",101.1,,,वेंगुर्ला,देवगड,113.7,06:00,09:35,SC,DAIL,शालेय,शालेय,SCHOOL
125971,"Vengurle To Devgad Via Humarmala Kasale Dukan",Vengurle,Devgad,"HUMARMALA KASALE DUKAN",MO,2022,Tembavli,102.9,,,वेंगुर्ला,देवगड,113.7,06:00,09:35,SC,DAIL,शालेय,शालेय,SCHOOL
125971,"Vengurle To Devgad Via Humarmala Kasale Dukan",Vengurle,Devgad,"HUMARMALA KASALE DUKAN",MO,1773,Kodamba,103.6,,,वेंगुर्ला,देवगड,113.7,06:00,09:35,SC,DAIL,शालेय,शालेय,SCHOOL
125971,"Vengurle To Devgad Via Humarmala Kasale Dukan",Vengurle,Devgad,"HUMARMALA KASALE DUKAN",MO,1871,"Mond-Dhabhol Titha",105,,,वेंगुर्ला,देवगड,113.7,06:00,09:35,SC,DAIL,शालेय,शालेय,SCHOOL
125971,"Vengurle To Devgad Via Humarmala Kasale Dukan",Vengurle,Devgad,"HUMARMALA KASALE DUKAN",MO,1715,"Gadaiche Pani",106.7,,,वेंगुर्ला,देवगड,113.7,06:00,09:35,SC,DAIL,शालेय,शालेय,SCHOOL
125971,"Vengurle To Devgad Via Humarmala Kasale Dukan",Vengurle,Devgad,"HUMARMALA KASALE DUKAN",MO,1759,Jamsande,111,,,वेंगुर्ला,देवगड,113.7,06:00,09:35,SC,DAIL,शालेय,शालेय,SCHOOL
125971,"Vengurle To Devgad Via Humarmala Kasale Dukan",Vengurle,Devgad,"HUMARMALA KASALE DUKAN",MO,1685,Devgad,113.7,,,वेंगुर्ला,देवगड,113.7,06:00,09:35,SC,DAIL,शालेय,शालेय,SCHOOL
126340,"Vengurle To Mapusa Via Dhargal",Vengurle,Mapusa,DHARGAL,MO,9824,Vengurle,,,,वेंगुर्ला,म्हापसा,55,15:30,17:10,NON,DAILY,,,
126340,"Vengurle To Mapusa Via Dhargal",Vengurle,Mapusa,DHARGAL,MO,9817,"Ubhadanda School -2",2.5,,,वेंगुर्ला,म्हापसा,55,15:30,17:10,NON,DAILY,,,
126340,"Vengurle To Mapusa Via Dhargal",Vengurle,Mapusa,DHARGAL,MO,9726,"Mundale Shop",4.7,,,वेंगुर्ला,म्हापसा,55,15:30,17:10,NON,DAILY,,,
126340,"Vengurle To Mapusa Via Dhargal",Vengurle,Mapusa,DHARGAL,MO,9722,Mochemand,6,,,वेंगुर्ला,म्हापसा,55,15:30,17:10,NON,DAILY,,,
126340,"Vengurle To Mapusa Via Dhargal",Vengurle,Mapusa,DHARGAL,MO,9699,"Mail Dagad",9.2,,,वेंगुर्ला,म्हापसा,55,15:30,17:10,NON,DAILY,,,
126340,"Vengurle To Mapusa Via Dhargal",Vengurle,Mapusa,DHARGAL,MO,9730,Naichiad,10,,,वेंगुर्ला,म्हापसा,55,15:30,17:10,NON,DAILY,,,
126340,"Vengurle To Mapusa Via Dhargal",Vengurle,Mapusa,DHARGAL,MO,9797,"Tak Maruti Mandir",10.2,,,वेंगुर्ला,म्हापसा,55,15:30,17:10,NON,DAILY,,,
126340,"Vengurle To Mapusa Via Dhargal",Vengurle,Mapusa,DHARGAL,MO,9601,Arawali,12.2,,,वेंगुर्ला,म्हापसा,55,15:30,17:10,NON,DAILY,,,
126340,"Vengurle To Mapusa Via Dhargal",Vengurle,Mapusa,DHARGAL,MO,9789,Shiroda,14.7,,,वेंगुर्ला,म्हापसा,55,15:30,17:10,NON,DAILY,,,
126340,"Vengurle To Mapusa Via Dhargal",Vengurle,Mapusa,DHARGAL,MO,9592,"Ajgaon Marathi School",16.7,,,वेंगुर्ला,म्हापसा,55,15:30,17:10,NON,DAILY,,,
126340,"Vengurle To Mapusa Via Dhargal",Vengurle,Mapusa,DHARGAL,MO,9779,Savardev,18.3,,,वेंगुर्ला,म्हापसा,55,15:30,17:10,NON,DAILY,,,
126340,"Vengurle To Mapusa Via Dhargal",Vengurle,Mapusa,DHARGAL,MO,9704,"Malewad Naka",22,,,वेंगुर्ला,म्हापसा,55,15:30,17:10,NON,DAILY,,,
126340,"Vengurle To Mapusa Via Dhargal",Vengurle,Mapusa,DHARGAL,MO,9693,"Kondura Aros Titha",24.2,,,वेंगुर्ला,म्हापसा,55,15:30,17:10,NON,DAILY,,,
126340,"Vengurle To Mapusa Via Dhargal",Vengurle,Mapusa,DHARGAL,MO,9775,"Sateli Mandir",27.2,,,वेंगुर्ला,म्हापसा,55,15:30,17:10,NON,DAILY,,,
126340,"Vengurle To Mapusa Via Dhargal",Vengurle,Mapusa,DHARGAL,MO,9774,"Satarda Mandir",30.2,,,वेंगुर्ला,म्हापसा,55,15:30,17:10,NON,DAILY,,,
126340,"Vengurle To Mapusa Via Dhargal",Vengurle,Mapusa,DHARGAL,MO,9772,"Satarda Bazar",30.8,,,वेंगुर्ला,म्हापसा,55,15:30,17:10,NON,DAILY,,,
126340,"Vengurle To Mapusa Via Dhargal",Vengurle,Mapusa,DHARGAL,MO,71923,"Naibag Goa Border",32.2,,,वेंगुर्ला,म्हापसा,55,15:30,17:10,NON,DAILY,,,
126340,"Vengurle To Mapusa Via Dhargal",Vengurle,Mapusa,DHARGAL,MO,71937,Pernem,36.4,,,वेंगुर्ला,म्हापसा,55,15:30,17:10,NON,DAILY,,,
126340,"Vengurle To Mapusa Via Dhargal",Vengurle,Mapusa,DHARGAL,MO,71901,Malpe,38.5,,,वेंगुर्ला,म्हापसा,55,15:30,17:10,NON,DAILY,,,
126340,"Vengurle To Mapusa Via Dhargal",Vengurle,Mapusa,DHARGAL,MO,71873,Dhargal,42.7,,,वेंगुर्ला,म्हापसा,55,15:30,17:10,NON,DAILY,,,
126340,"Vengurle To Mapusa Via Dhargal",Vengurle,Mapusa,DHARGAL,MO,71899,"Kolwal Junction",46.9,,,वेंगुर्ला,म्हापसा,55,15:30,17:10,NON,DAILY,,,
126340,"Vengurle To Mapusa Via Dhargal",Vengurle,Mapusa,DHARGAL,MO,71886,Kasarwada,52,,,वेंगुर्ला,म्हापसा,55,15:30,17:10,NON,DAILY,,,
126340,"Vengurle To Mapusa Via Dhargal",Vengurle,Mapusa,DHARGAL,MO,71915,Mapusa,55,,,वेंगुर्ला,म्हापसा,55,15:30,17:10,NON,DAILY,,,
127206,"Mapusa To Vengurle Via Dhargal",Mapusa,Vengurle,DHARGAL,MO,71915,Mapusa,,,,म्हापसा,वेंगुर्ला,55,17:15,18:55,NON,DAILY,,,
127206,"Mapusa To Vengurle Via Dhargal",Mapusa,Vengurle,DHARGAL,MO,71886,Kasarwada,4.1,,,म्हापसा,वेंगुर्ला,55,17:15,18:55,NON,DAILY,,,
127206,"Mapusa To Vengurle Via Dhargal",Mapusa,Vengurle,DHARGAL,MO,71899,"Kolwal Junction",9.2,,,म्हापसा,वेंगुर्ला,55,17:15,18:55,NON,DAILY,,,
127206,"Mapusa To Vengurle Via Dhargal",Mapusa,Vengurle,DHARGAL,MO,71873,Dhargal,13.4,,,म्हापसा,वेंगुर्ला,55,17:15,18:55,NON,DAILY,,,
127206,"Mapusa To Vengurle Via Dhargal",Mapusa,Vengurle,DHARGAL,MO,71901,Malpe,17.6,,,म्हापसा,वेंगुर्ला,55,17:15,18:55,NON,DAILY,,,
127206,"Mapusa To Vengurle Via Dhargal",Mapusa,Vengurle,DHARGAL,MO,71937,Pernem,19.7,,,म्हापसा,वेंगुर्ला,55,17:15,18:55,NON,DAILY,,,
127206,"Mapusa To Vengurle Via Dhargal",Mapusa,Vengurle,DHARGAL,MO,71923,"Naibag Goa Border",23.9,,,म्हापसा,वेंगुर्ला,55,17:15,18:55,NON,DAILY,,,
127206,"Mapusa To Vengurle Via Dhargal",Mapusa,Vengurle,DHARGAL,MO,9772,"Satarda Bazar",25.3,,,म्हापसा,वेंगुर्ला,55,17:15,18:55,NON,DAILY,,,
127206,"Mapusa To Vengurle Via Dhargal",Mapusa,Vengurle,DHARGAL,MO,9774,"Satarda Mandir",25.9,,,म्हापसा,वेंगुर्ला,55,17:15,18:55,NON,DAILY,,,
127206,"Mapusa To Vengurle Via Dhargal",Mapusa,Vengurle,DHARGAL,MO,9775,"Sateli Mandir",28.9,,,म्हापसा,वेंगुर्ला,55,17:15,18:55,NON,DAILY,,,
127206,"Mapusa To Vengurle Via Dhargal",Mapusa,Vengurle,DHARGAL,MO,9693,"Kondura Aros Titha",31.9,,,म्हापसा,वेंगुर्ला,55,17:15,18:55,NON,DAILY,,,
127206,"Mapusa To Vengurle Via Dhargal",Mapusa,Vengurle,DHARGAL,MO,9704,"Malewad Naka",34.1,,,म्हापसा,वेंगुर्ला,55,17:15,18:55,NON,DAILY,,,
127206,"Mapusa To Vengurle Via Dhargal",Mapusa,Vengurle,DHARGAL,MO,9779,Savardev,37.8,,,म्हापसा,वेंगुर्ला,55,17:15,18:55,NON,DAILY,,,
127206,"Mapusa To Vengurle Via Dhargal",Mapusa,Vengurle,DHARGAL,MO,9592,"Ajgaon Marathi School",39.4,,,म्हापसा,वेंगुर्ला,55,17:15,18:55,NON,DAILY,,,
127206,"Mapusa To Vengurle Via Dhargal",Mapusa,Vengurle,DHARGAL,MO,9789,Shiroda,41.4,,,म्हापसा,वेंगुर्ला,55,17:15,18:55,NON,DAILY,,,
127206,"Mapusa To Vengurle Via Dhargal",Mapusa,Vengurle,DHARGAL,MO,9601,Arawali,43.9,,,म्हापसा,वेंगुर्ला,55,17:15,18:55,NON,DAILY,,,
127206,"Mapusa To Vengurle Via Dhargal",Mapusa,Vengurle,DHARGAL,MO,9797,"Tak Maruti Mandir",45.9,,,म्हापसा,वेंगुर्ला,55,17:15,18:55,NON,DAILY,,,
127206,"Mapusa To Vengurle Via Dhargal",Mapusa,Vengurle,DHARGAL,MO,9730,Naichiad,46.1,,,म्हापसा,वेंगुर्ला,55,17:15,18:55,NON,DAILY,,,
127206,"Mapusa To Vengurle Via Dhargal",Mapusa,Vengurle,DHARGAL,MO,9699,"Mail Dagad",46.9,,,म्हापसा,वेंगुर्ला,55,17:15,18:55,NON,DAILY,,,
127206,"Mapusa To Vengurle Via Dhargal",Mapusa,Vengurle,DHARGAL,MO,9722,Mochemand,50.1,,,म्हापसा,वेंगुर्ला,55,17:15,18:55,NON,DAILY,,,
127206,"Mapusa To Vengurle Via Dhargal",Mapusa,Vengurle,DHARGAL,MO,9726,"Mundale Shop",51.4,,,म्हापसा,वेंगुर्ला,55,17:15,18:55,NON,DAILY,,,
127206,"Mapusa To Vengurle Via Dhargal",Mapusa,Vengurle,DHARGAL,MO,9817,"Ubhadanda School -2",53.6,,,म्हापसा,वेंगुर्ला,55,17:15,18:55,NON,DAILY,,,
127206,"Mapusa To Vengurle Via Dhargal",Mapusa,Vengurle,DHARGAL,MO,9824,Vengurle,55,,,म्हापसा,वेंगुर्ला,55,17:15,18:55,NON,DAILY,,,
149220,"Vengurle To Kolhapur Via Dabholi Waingani Titha",Vengurle,Kolhapur,"DABHOLI WAINGANI TITHA",MO,9824,Vengurle,,,,वेंगुर्ला,कोल्हापूर,172.1,09:15,14:20,NON,DAILY,,,
149220,"Vengurle To Kolhapur Via Dabholi Waingani Titha",Vengurle,Kolhapur,"DABHOLI WAINGANI TITHA",MO,9697,"Lokhandewadi Titha",3,,,वेंगुर्ला,कोल्हापूर,172.1,09:15,14:20,NON,DAILY,,,
149220,"Vengurle To Kolhapur Via Dabholi Waingani Titha",Vengurle,Kolhapur,"DABHOLI WAINGANI TITHA",MO,9627,"Dabholi Waingani Titha",4,,,वेंगुर्ला,कोल्हापूर,172.1,09:15,14:20,NON,DAILY,,,
149220,"Vengurle To Kolhapur Via Dabholi Waingani Titha",Vengurle,Kolhapur,"DABHOLI WAINGANI TITHA",MO,9620,"Bowalekar Wadi",6,,,वेंगुर्ला,कोल्हापूर,172.1,09:15,14:20,NON,DAILY,,,
149220,"Vengurle To Kolhapur Via Dabholi Waingani Titha",Vengurle,Kolhapur,"DABHOLI WAINGANI TITHA",MO,9678,"Khanoli Rawalnath Mandir",9,,,वेंगुर्ला,कोल्हापूर,172.1,09:15,14:20,NON,DAILY,,,
149220,"Vengurle To Kolhapur Via Dabholi Waingani Titha",Vengurle,Kolhapur,"DABHOLI WAINGANI TITHA",MO,9776,"Sateri Mandir",12,,,वेंगुर्ला,कोल्हापूर,172.1,09:15,14:20,NON,DAILY,,,
149220,"Vengurle To Kolhapur Via Dabholi Waingani Titha",Vengurle,Kolhapur,"DABHOLI WAINGANI TITHA",MO,6458,"Vetore Titha",13,,,वेंगुर्ला,कोल्हापूर,172.1,09:15,14:20,NON,DAILY,,,
149220,"Vengurle To Kolhapur Via Dabholi Waingani Titha",Vengurle,Kolhapur,"DABHOLI WAINGANI TITHA",MO,6459,"Vetore Sub Stage",14.3,,,वेंगुर्ला,कोल्हापूर,172.1,09:15,14:20,NON,DAILY,,,
149220,"Vengurle To Kolhapur Via Dabholi Waingani Titha",Vengurle,Kolhapur,"DABHOLI WAINGANI TITHA",MO,6423,Sativan,17.5,,,वेंगुर्ला,कोल्हापूर,172.1,09:15,14:20,NON,DAILY,,,
149220,"Vengurle To Kolhapur Via Dabholi Waingani Titha",Vengurle,Kolhapur,"DABHOLI WAINGANI TITHA",MO,6376,"Pinguli Titha",23,,,वेंगुर्ला,कोल्हापूर,172.1,09:15,14:20,NON,DAILY,,,
149220,"Vengurle To Kolhapur Via Dabholi Waingani Titha",Vengurle,Kolhapur,"DABHOLI WAINGANI TITHA",MO,6237,"Kudal St Depot",25,,,वेंगुर्ला,कोल्हापूर,172.1,09:15,14:20,NON,DAILY,,,
149220,"Vengurle To Kolhapur Via Dabholi Waingani Titha",Vengurle,Kolhapur,"DABHOLI WAINGANI TITHA",MO,6240,"Kudal St Depot",26,,,वेंगुर्ला,कोल्हापूर,172.1,09:15,14:20,NON,DAILY,,,
149220,"Vengurle To Kolhapur Via Dabholi Waingani Titha",Vengurle,Kolhapur,"DABHOLI WAINGANI TITHA",MO,6380,"Pawashi Panchayat",28,,,वेंगुर्ला,कोल्हापूर,172.1,09:15,14:20,NON,DAILY,,,
149220,"Vengurle To Kolhapur Via Dabholi Waingani Titha",Vengurle,Kolhapur,"DABHOLI WAINGANI TITHA",MO,88100,Vetalbambarde,31,,,वेंगुर्ला,कोल्हापूर,172.1,09:15,14:20,NON,DAILY,,,
149220,"Vengurle To Kolhapur Via Dabholi Waingani Titha",Vengurle,Kolhapur,"DABHOLI WAINGANI TITHA",MO,6378,"Pandur Titha",33,,,वेंगुर्ला,कोल्हापूर,172.1,09:15,14:20,NON,DAILY,,,
149220,"Vengurle To Kolhapur Via Dabholi Waingani Titha",Vengurle,Kolhapur,"DABHOLI WAINGANI TITHA",MO,6204,"Humarmala Kasale Dukan",36.1,,,वेंगुर्ला,कोल्हापूर,172.1,09:15,14:20,NON,DAILY,,,
149220,"Vengurle To Kolhapur Via Dabholi Waingani Titha",Vengurle,Kolhapur,"DABHOLI WAINGANI TITHA",MO,6362,"Oros Bus Stnad",39.1,,,वेंगुर्ला,कोल्हापूर,172.1,09:15,14:20,NON,DAILY,,,
149220,"Vengurle To Kolhapur Via Dabholi Waingani Titha",Vengurle,Kolhapur,"DABHOLI WAINGANI TITHA",MO,6116,Awali,43.1,,,वेंगुर्ला,कोल्हापूर,172.1,09:15,14:20,NON,DAILY,,,
149220,"Vengurle To Kolhapur Via Dabholi Waingani Titha",Vengurle,Kolhapur,"DABHOLI WAINGANI TITHA",MO,6281,Kasal,44.5,,,वेंगुर्ला,कोल्हापूर,172.1,09:15,14:20,NON,DAILY,,,
149220,"Vengurle To Kolhapur Via Dabholi Waingani Titha",Vengurle,Kolhapur,"DABHOLI WAINGANI TITHA",MO,2889,"Osargaon Godaoon",48,,,वेंगुर्ला,कोल्हापूर,172.1,09:15,14:20,NON,DAILY,,,
149220,"Vengurle To Kolhapur Via Dabholi Waingani Titha",Vengurle,Kolhapur,"DABHOLI WAINGANI TITHA",MO,2890,"Osargaon Post",48.8,,,वेंगुर्ला,कोल्हापूर,172.1,09:15,14:20,NON,DAILY,,,
149220,"Vengurle To Kolhapur Via Dabholi Waingani Titha",Vengurle,Kolhapur,"DABHOLI WAINGANI TITHA",MO,2891,"Osargaon Talav",51.7,,,वेंगुर्ला,कोल्हापूर,172.1,09:15,14:20,NON,DAILY,,,
149220,"Vengurle To Kolhapur Via Dabholi Waingani Titha",Vengurle,Kolhapur,"DABHOLI WAINGANI TITHA",MO,2692,Dangalwadi,52.8,,,वेंगुर्ला,कोल्हापूर,172.1,09:15,14:20,NON,DAILY,,,
149220,"Vengurle To Kolhapur Via Dabholi Waingani Titha",Vengurle,Kolhapur,"DABHOLI WAINGANI TITHA",MO,3001,"Wagade Gpo",53.7,,,वेंगुर्ला,कोल्हापूर,172.1,09:15,14:20,NON,DAILY,,,
149220,"Vengurle To Kolhapur Via Dabholi Waingani Titha",Vengurle,Kolhapur,"DABHOLI WAINGANI TITHA",MO,2786,Kankavli,58.9,,,वेंगुर्ला,कोल्हापूर,172.1,09:15,14:20,NON,DAILY,,,
149220,"Vengurle To Kolhapur Via Dabholi Waingani Titha",Vengurle,Kolhapur,"DABHOLI WAINGANI TITHA",MO,2768,"Janavali Gavthanwadi",62.7,,,वेंगुर्ला,कोल्हापूर,172.1,09:15,14:20,NON,DAILY,,,
149220,"Vengurle To Kolhapur Via Dabholi Waingani Titha",Vengurle,Kolhapur,"DABHOLI WAINGANI TITHA",MO,2756,"Humrat Titha",67,,,वेंगुर्ला,कोल्हापूर,172.1,09:15,14:20,NON,DAILY,,,
149220,"Vengurle To Kolhapur Via Dabholi Waingani Titha",Vengurle,Kolhapur,"DABHOLI WAINGANI TITHA",MO,2655,Belane,69.2,,,वेंगुर्ला,कोल्हापूर,172.1,09:15,14:20,NON,DAILY,,,
149220,"Vengurle To Kolhapur Via Dabholi Waingani Titha",Vengurle,Kolhapur,"DABHOLI WAINGANI TITHA",MO,2870,"Nandgaon Datta Mandir",71.6,,,वेंगुर्ला,कोल्हापूर,172.1,09:15,14:20,NON,DAILY,,,
149220,"Vengurle To Kolhapur Via Dabholi Waingani Titha",Vengurle,Kolhapur,"DABHOLI WAINGANI TITHA",MO,2871,"Nandgaon Fata",73,,,वेंगुर्ला,कोल्हापूर,172.1,09:15,14:20,NON,DAILY,,,
149220,"Vengurle To Kolhapur Via Dabholi Waingani Titha",Vengurle,Kolhapur,"DABHOLI WAINGANI TITHA",MO,2872,"Nandgaon Nursary",75.1,,,वेंगुर्ला,कोल्हापूर,172.1,09:15,14:20,NON,DAILY,,,
149220,"Vengurle To Kolhapur Via Dabholi Waingani Titha",Vengurle,Kolhapur,"DABHOLI WAINGANI TITHA",MO,2673,"Bramhan Wadi",78.9,,,वेंगुर्ला,कोल्हापूर,172.1,09:15,14:20,NON,DAILY,,,
149220,"Vengurle To Kolhapur Via Dabholi Waingani Titha",Vengurle,Kolhapur,"DABHOLI WAINGANI TITHA",MO,2982,Tarla,81.9,,,वेंगुर्ला,कोल्हापूर,172.1,09:15,14:20,NON,DAILY,,,
149220,"Vengurle To Kolhapur Via Dabholi Waingani Titha",Vengurle,Kolhapur,"DABHOLI WAINGANI TITHA",MO,2796,"Kasarde Buddhawadi",83.6,,,वेंगुर्ला,कोल्हापूर,172.1,09:15,14:20,NON,DAILY,,,
149220,"Vengurle To Kolhapur Via Dabholi Waingani Titha",Vengurle,Kolhapur,"DABHOLI WAINGANI TITHA",MO,2841,Mahadevwadi,87.1,,,वेंगुर्ला,कोल्हापूर,172.1,09:15,14:20,NON,DAILY,,,
149220,"Vengurle To Kolhapur Via Dabholi Waingani Titha",Vengurle,Kolhapur,"DABHOLI WAINGANI TITHA",MO,9213,"Kasale Wadi",91.1,,,वेंगुर्ला,कोल्हापूर,172.1,09:15,14:20,NON,DAILY,,,
149220,"Vengurle To Kolhapur Via Dabholi Waingani Titha",Vengurle,Kolhapur,"DABHOLI WAINGANI TITHA",MO,9181,Bandhwadi,93.1,,,वेंगुर्ला,कोल्हापूर,172.1,09:15,14:20,NON,DAILY,,,
149220,"Vengurle To Kolhapur Via Dabholi Waingani Titha",Vengurle,Kolhapur,"DABHOLI WAINGANI TITHA",MO,9291,Vaibhavwadi,96.1,,,वेंगुर्ला,कोल्हापूर,172.1,09:15,14:20,NON,DAILY,,,
149220,"Vengurle To Kolhapur Via Dabholi Waingani Titha",Vengurle,Kolhapur,"DABHOLI WAINGANI TITHA",MO,9197,"Gawalwadi Dattamandir",99.1,,,वेंगुर्ला,कोल्हापूर,172.1,09:15,14:20,NON,DAILY,,,
149220,"Vengurle To Kolhapur Via Dabholi Waingani Titha",Vengurle,Kolhapur,"DABHOLI WAINGANI TITHA",MO,9186,Bhuibavada,102.1,,,वेंगुर्ला,कोल्हापूर,172.1,09:15,14:20,NON,DAILY,,,
149220,"Vengurle To Kolhapur Via Dabholi Waingani Titha",Vengurle,Kolhapur,"DABHOLI WAINGANI TITHA",MO,9172,"Ainare Fata",103.6,,,वेंगुर्ला,कोल्हापूर,172.1,09:15,14:20,NON,DAILY,,,
149220,"Vengurle To Kolhapur Via Dabholi Waingani Titha",Vengurle,Kolhapur,"DABHOLI WAINGANI TITHA",MO,9264,Ringewadi,105.1,,,वेंगुर्ला,कोल्हापूर,172.1,09:15,14:20,NON,DAILY,,,
149220,"Vengurle To Kolhapur Via Dabholi Waingani Titha",Vengurle,Kolhapur,"DABHOLI WAINGANI TITHA",MO,23733,Gaganbawda,114.1,,,वेंगुर्ला,कोल्हापूर,172.1,09:15,14:20,NON,DAILY,,,
149220,"Vengurle To Kolhapur Via Dabholi Waingani Titha",Vengurle,Kolhapur,"DABHOLI WAINGANI TITHA",MO,24105,Jambulnewadi,118.2,,,वेंगुर्ला,कोल्हापूर,172.1,09:15,14:20,NON,DAILY,,,
149220,"Vengurle To Kolhapur Via Dabholi Waingani Titha",Vengurle,Kolhapur,"DABHOLI WAINGANI TITHA",MO,25662,"Sangshi Fata",121,,,वेंगुर्ला,कोल्हापूर,172.1,09:15,14:20,NON,DAILY,,,
149220,"Vengurle To Kolhapur Via Dabholi Waingani Titha",Vengurle,Kolhapur,"DABHOLI WAINGANI TITHA",MO,25139,Pargavkarwadi,121.3,,,वेंगुर्ला,कोल्हापूर,172.1,09:15,14:20,NON,DAILY,,,
149220,"Vengurle To Kolhapur Via Dabholi Waingani Titha",Vengurle,Kolhapur,"DABHOLI WAINGANI TITHA",MO,30324,"Asalaj Canteen",124,,,वेंगुर्ला,कोल्हापूर,172.1,09:15,14:20,NON,DAILY,,,
149220,"Vengurle To Kolhapur Via Dabholi Waingani Titha",Vengurle,Kolhapur,"DABHOLI WAINGANI TITHA",MO,23085,Aslaj,125,,,वेंगुर्ला,कोल्हापूर,172.1,09:15,14:20,NON,DAILY,,,
149220,"Vengurle To Kolhapur Via Dabholi Waingani Titha",Vengurle,Kolhapur,"DABHOLI WAINGANI TITHA",MO,25155,"Padalwadi Fata",127,,,वेंगुर्ला,कोल्हापूर,172.1,09:15,14:20,NON,DAILY,,,
149220,"Vengurle To Kolhapur Via Dabholi Waingani Titha",Vengurle,Kolhapur,"DABHOLI WAINGANI TITHA",MO,30326,"Andur Fata",130.3,,,वेंगुर्ला,कोल्हापूर,172.1,09:15,14:20,NON,DAILY,,,
149220,"Vengurle To Kolhapur Via Dabholi Waingani Titha",Vengurle,Kolhapur,"DABHOLI WAINGANI TITHA",MO,24454,Khopadewadi,133.4,,,वेंगुर्ला,कोल्हापूर,172.1,09:15,14:20,NON,DAILY,,,
149220,"Vengurle To Kolhapur Via Dabholi Waingani Titha",Vengurle,Kolhapur,"DABHOLI WAINGANI TITHA",MO,24894,Margaiwadi,135.9,,,वेंगुर्ला,कोल्हापूर,172.1,09:15,14:20,NON,DAILY,,,
149220,"Vengurle To Kolhapur Via Dabholi Waingani Titha",Vengurle,Kolhapur,"DABHOLI WAINGANI TITHA",MO,25627,Salvan,138.7,,,वेंगुर्ला,कोल्हापूर,172.1,09:15,14:20,NON,DAILY,,,
149220,"Vengurle To Kolhapur Via Dabholi Waingani Titha",Vengurle,Kolhapur,"DABHOLI WAINGANI TITHA",MO,26015,"Vetwade Fata",139.5,,,वेंगुर्ला,कोल्हापूर,172.1,09:15,14:20,NON,DAILY,,,
149220,"Vengurle To Kolhapur Via Dabholi Waingani Titha",Vengurle,Kolhapur,"DABHOLI WAINGANI TITHA",MO,24332,Kirve,142,,,वेंगुर्ला,कोल्हापूर,172.1,09:15,14:20,NON,DAILY,,,
149220,"Vengurle To Kolhapur Via Dabholi Waingani Titha",Vengurle,Kolhapur,"DABHOLI WAINGANI TITHA",MO,24941,Mutkeshwar,144.9,,,वेंगुर्ला,कोल्हापूर,172.1,09:15,14:20,NON,DAILY,,,
149220,"Vengurle To Kolhapur Via Dabholi Waingani Titha",Vengurle,Kolhapur,"DABHOLI WAINGANI TITHA",MO,24361,"Kale Canteen",149.3,,,वेंगुर्ला,कोल्हापूर,172.1,09:15,14:20,NON,DAILY,,,
149220,"Vengurle To Kolhapur Via Dabholi Waingani Titha",Vengurle,Kolhapur,"DABHOLI WAINGANI TITHA",MO,24163,Kalambe,153.3,,,वेंगुर्ला,कोल्हापूर,172.1,09:15,14:20,NON,DAILY,,,
149220,"Vengurle To Kolhapur Via Dabholi Waingani Titha",Vengurle,Kolhapur,"DABHOLI WAINGANI TITHA",MO,30585,Aadoor,154.2,,,वेंगुर्ला,कोल्हापूर,172.1,09:15,14:20,NON,DAILY,,,
149220,"Vengurle To Kolhapur Via Dabholi Waingani Titha",Vengurle,Kolhapur,"DABHOLI WAINGANI TITHA",MO,24253,"Kuditre Factory",156.2,,,वेंगुर्ला,कोल्हापूर,172.1,09:15,14:20,NON,DAILY,,,
149220,"Vengurle To Kolhapur Via Dabholi Waingani Titha",Vengurle,Kolhapur,"DABHOLI WAINGANI TITHA",MO,23598,Donawade,160.2,,,वेंगुर्ला,कोल्हापूर,172.1,09:15,14:20,NON,DAILY,,,
149220,"Vengurle To Kolhapur Via Dabholi Waingani Titha",Vengurle,Kolhapur,"DABHOLI WAINGANI TITHA",MO,24309,Khandsari,163,,,वेंगुर्ला,कोल्हापूर,172.1,09:15,14:20,NON,DAILY,,,
149220,"Vengurle To Kolhapur Via Dabholi Waingani Titha",Vengurle,Kolhapur,"DABHOLI WAINGANI TITHA",MO,23694,"Fulewadi Naka",164,,,वेंगुर्ला,कोल्हापूर,172.1,09:15,14:20,NON,DAILY,,,
149220,"Vengurle To Kolhapur Via Dabholi Waingani Titha",Vengurle,Kolhapur,"DABHOLI WAINGANI TITHA",MO,25400,Rankala,165.8,,,वेंगुर्ला,कोल्हापूर,172.1,09:15,14:20,NON,DAILY,,,
149220,"Vengurle To Kolhapur Via Dabholi Waingani Titha",Vengurle,Kolhapur,"DABHOLI WAINGANI TITHA",MO,25888,"Town Hall",168,,,वेंगुर्ला,कोल्हापूर,172.1,09:15,14:20,NON,DAILY,,,
149220,"Vengurle To Kolhapur Via Dabholi Waingani Titha",Vengurle,Kolhapur,"DABHOLI WAINGANI TITHA",MO,24359,Kolhapur,172.1,,,वेंगुर्ला,कोल्हापूर,172.1,09:15,14:20,NON,DAILY,,,
11195,"Sawantwadi To Vengurle Via Sawantwada",Sawantwadi,Vengurle,SAWANTWADA,MO,8663,Sawantwadi,,,,सावंतवाडी,वेंगुर्ला,36.2,12:00,13:30,NON,DAILY,,,
11195,"Sawantwadi To Vengurle Via Sawantwada",Sawantwadi,Vengurle,SAWANTWADA,MO,8523,"Gulabi Titha",3.3,,,सावंतवाडी,वेंगुर्ला,36.2,12:00,13:30,NON,DAILY,,,
11195,"Sawantwadi To Vengurle Via Sawantwada",Sawantwadi,Vengurle,SAWANTWADA,MO,8580,Malgaon,5.9,,,सावंतवाडी,वेंगुर्ला,36.2,12:00,13:30,NON,DAILY,,,
11195,"Sawantwadi To Vengurle Via Sawantwada",Sawantwadi,Vengurle,SAWANTWADA,MO,8674,"Vengurle Shiroda Titha",6.3,,,सावंतवाडी,वेंगुर्ला,36.2,12:00,13:30,NON,DAILY,,,
11195,"Sawantwadi To Vengurle Via Sawantwada",Sawantwadi,Vengurle,SAWANTWADA,MO,8641,"Railway Station",7.4,,,सावंतवाडी,वेंगुर्ला,36.2,12:00,13:30,NON,DAILY,,,
11195,"Sawantwadi To Vengurle Via Sawantwada",Sawantwadi,Vengurle,SAWANTWADA,MO,9692,"Konapal Bhaid",9.8,,,सावंतवाडी,वेंगुर्ला,36.2,12:00,13:30,NON,DAILY,,,
11195,"Sawantwadi To Vengurle Via Sawantwada",Sawantwadi,Vengurle,SAWANTWADA,MO,9798,"Talawade Gate",13.6,,,सावंतवाडी,वेंगुर्ला,36.2,12:00,13:30,NON,DAILY,,,
11195,"Sawantwadi To Vengurle Via Sawantwada",Sawantwadi,Vengurle,SAWANTWADA,MO,9799,"Talawade Parabwada",14.7,,,सावंतवाडी,वेंगुर्ला,36.2,12:00,13:30,NON,DAILY,,,
11195,"Sawantwadi To Vengurle Via Sawantwada",Sawantwadi,Vengurle,SAWANTWADA,MO,9711,"Matond High School",17.9,,,सावंतवाडी,वेंगुर्ला,36.2,12:00,13:30,NON,DAILY,,,
11195,"Sawantwadi To Vengurle Via Sawantwada",Sawantwadi,Vengurle,SAWANTWADA,MO,9712,"Matond Sateri Mandir",18.2,,,सावंतवाडी,वेंगुर्ला,36.2,12:00,13:30,NON,DAILY,,,
11195,"Sawantwadi To Vengurle Via Sawantwada",Sawantwadi,Vengurle,SAWANTWADA,MO,9782,Sawantwada,21.5,,,सावंतवाडी,वेंगुर्ला,36.2,12:00,13:30,NON,DAILY,,,
11195,"Sawantwadi To Vengurle Via Sawantwada",Sawantwadi,Vengurle,SAWANTWADA,MO,9604,"Asuli Pal Fata",25.8,,,सावंतवाडी,वेंगुर्ला,36.2,12:00,13:30,NON,DAILY,,,
11195,"Sawantwadi To Vengurle Via Sawantwada",Sawantwadi,Vengurle,SAWANTWADA,MO,9746,"Pal Shetkar Shop",28.6,,,सावंतवाडी,वेंगुर्ला,36.2,12:00,13:30,NON,DAILY,,,
11195,"Sawantwadi To Vengurle Via Sawantwada",Sawantwadi,Vengurle,SAWANTWADA,MO,9597,"Ansur Ghati",33.4,,,सावंतवाडी,वेंगुर्ला,36.2,12:00,13:30,NON,DAILY,,,
11195,"Sawantwadi To Vengurle Via Sawantwada",Sawantwadi,Vengurle,SAWANTWADA,MO,9599,"Ansur Titha",34,,,सावंतवाडी,वेंगुर्ला,36.2,12:00,13:30,NON,DAILY,,,
11195,"Sawantwadi To Vengurle Via Sawantwada",Sawantwadi,Vengurle,SAWANTWADA,MO,9765,"Rameshwar Mandir",36.1,,,सावंतवाडी,वेंगुर्ला,36.2,12:00,13:30,NON,DAILY,,,
11195,"Sawantwadi To Vengurle Via Sawantwada",Sawantwadi,Vengurle,SAWANTWADA,MO,9824,Vengurle,36.2,,,सावंतवाडी,वेंगुर्ला,36.2,12:00,13:30,NON,DAILY,,,
81036,"Vengurle To Shiroda Via Wadkhol",Vengurle,Shiroda,WADKHOL,MO,9824,Vengurle,,,,वेंगुर्ला,शिरोडा,21,10:10,10:50,NON,DAILY,शालेय,शालेय,SCHOOL
81036,"Vengurle To Shiroda Via Wadkhol",Vengurle,Shiroda,WADKHOL,MO,9817,"Ubhadanda School -2",3.2,,,वेंगुर्ला,शिरोडा,21,10:10,10:50,NON,DAILY,शालेय,शालेय,SCHOOL
81036,"Vengurle To Shiroda Via Wadkhol",Vengurle,Shiroda,WADKHOL,MO,9726,"Mundale Shop",6.3,,,वेंगुर्ला,शिरोडा,21,10:10,10:50,NON,DAILY,शालेय,शालेय,SCHOOL
81036,"Vengurle To Shiroda Via Wadkhol",Vengurle,Shiroda,WADKHOL,MO,9723,"Mochemand Pool",8.3,,,वेंगुर्ला,शिरोडा,21,10:10,10:50,NON,DAILY,शालेय,शालेय,SCHOOL
81036,"Vengurle To Shiroda Via Wadkhol",Vengurle,Shiroda,WADKHOL,MO,16215,Maildagad,9.3,,,वेंगुर्ला,शिरोडा,21,10:10,10:50,NON,DAILY,शालेय,शालेय,SCHOOL
81036,"Vengurle To Shiroda Via Wadkhol",Vengurle,Shiroda,WADKHOL,MO,9730,Naichiad,10.2,,,वेंगुर्ला,शिरोडा,21,10:10,10:50,NON,DAILY,शालेय,शालेय,SCHOOL
81036,"Vengurle To Shiroda Via Wadkhol",Vengurle,Shiroda,WADKHOL,MO,9797,"Tak Maruti Mandir",11.2,,,वेंगुर्ला,शिरोडा,21,10:10,10:50,NON,DAILY,शालेय,शालेय,SCHOOL
81036,"Vengurle To Shiroda Via Wadkhol",Vengurle,Shiroda,WADKHOL,MO,9603,"Asoli Vetoba Mandir",11.6,,,वेंगुर्ला,शिरोडा,21,10:10,10:50,NON,DAILY,शालेय,शालेय,SCHOOL
81036,"Vengurle To Shiroda Via Wadkhol",Vengurle,Shiroda,WADKHOL,MO,9763,Rajdhuriwadi,12.3,,,वेंगुर्ला,शिरोडा,21,10:10,10:50,NON,DAILY,शालेय,शालेय,SCHOOL
81036,"Vengurle To Shiroda Via Wadkhol",Vengurle,Shiroda,WADKHOL,MO,9831,Wadkhol,13.2,,,वेंगुर्ला,शिरोडा,21,10:10,10:50,NON,DAILY,शालेय,शालेय,SCHOOL
81036,"Vengurle To Shiroda Via Wadkhol",Vengurle,Shiroda,WADKHOL,MO,9763,Rajdhuriwadi,14.1,,,वेंगुर्ला,शिरोडा,21,10:10,10:50,NON,DAILY,शालेय,शालेय,SCHOOL
81036,"Vengurle To Shiroda Via Wadkhol",Vengurle,Shiroda,WADKHOL,MO,9603,"Asoli Vetoba Mandir",14.8,,,वेंगुर्ला,शिरोडा,21,10:10,10:50,NON,DAILY,शालेय,शालेय,SCHOOL
81036,"Vengurle To Shiroda Via Wadkhol",Vengurle,Shiroda,WADKHOL,MO,9601,Arawali,18.5,,,वेंगुर्ला,शिरोडा,21,10:10,10:50,NON,DAILY,शालेय,शालेय,SCHOOL
81036,"Vengurle To Shiroda Via Wadkhol",Vengurle,Shiroda,WADKHOL,MO,9789,Shiroda,20.3,,,वेंगुर्ला,शिरोडा,21,10:10,10:50,NON,DAILY,शालेय,शालेय,SCHOOL
121017,"Shetkarwadi To Vengurle",Shetkarwadi,Vengurle,,MO,9788,Shetkarwadi,,,,शेटकरवाडी,वेंगुर्ला,9.7,09:50,10:10,SC-TPL,DAILY,शालेय,शालेय,SCHOOL
121017,"Shetkarwadi To Vengurle",Shetkarwadi,Vengurle,,MO,9731,Naikwadi,1,,,शेटकरवाडी,वेंगुर्ला,9.7,09:50,10:10,SC-TPL,DAILY,शालेय,शालेय,SCHOOL
121017,"Shetkarwadi To Vengurle",Shetkarwadi,Vengurle,,MO,9744,"Pal Gpo",1.3,,,शेटकरवाडी,वेंगुर्ला,9.7,09:50,10:10,SC-TPL,DAILY,शालेय,शालेय,SCHOOL
121017,"Shetkarwadi To Vengurle",Shetkarwadi,Vengurle,,MO,9819,Vadalwadi,2.1,,,शेटकरवाडी,वेंगुर्ला,9.7,09:50,10:10,SC-TPL,DAILY,शालेय,शालेय,SCHOOL
121017,"Shetkarwadi To Vengurle",Shetkarwadi,Vengurle,,MO,9634,"Dharam Gawadewadi",3.2,,,शेटकरवाडी,वेंगुर्ला,9.7,09:50,10:10,SC-TPL,DAILY,शालेय,शालेय,SCHOOL
121017,"Shetkarwadi To Vengurle",Shetkarwadi,Vengurle,,MO,9766,"Rameshwar Stop",3.7,,,शेटकरवाडी,वेंगुर्ला,9.7,09:50,10:10,SC-TPL,DAILY,शालेय,शालेय,SCHOOL
121017,"Shetkarwadi To Vengurle",Shetkarwadi,Vengurle,,MO,9597,"Ansur Ghati",4.7,,,शेटकरवाडी,वेंगुर्ला,9.7,09:50,10:10,SC-TPL,DAILY,शालेय,शालेय,SCHOOL
121017,"Shetkarwadi To Vengurle",Shetkarwadi,Vengurle,,MO,9599,"Ansur Titha",6.7,,,शेटकरवाडी,वेंगुर्ला,9.7,09:50,10:10,SC-TPL,DAILY,शालेय,शालेय,SCHOOL
121017,"Shetkarwadi To Vengurle",Shetkarwadi,Vengurle,,MO,9765,"Rameshwar Mandir",9.5,,,शेटकरवाडी,वेंगुर्ला,9.7,09:50,10:10,SC-TPL,DAILY,शालेय,शालेय,SCHOOL
121017,"Shetkarwadi To Vengurle",Shetkarwadi,Vengurle,,MO,9824,Vengurle,9.7,,,शेटकरवाडी,वेंगुर्ला,9.7,09:50,10:10,SC-TPL,DAILY,शालेय,शालेय,SCHOOL
125972,"Devgad To Kudal Via Nandgaon Datta Mandir",Devgad,"Kudal St Depot","NANDGAON DATTA MANDIR",MO,1685,Devgad,,,,देवगड,कुडाळ,90.2,10:15,12:50,SC,DAIL,"कुडाळ वस्ती","कुडाळ वस्ती",
125972,"Devgad To Kudal Via Nandgaon Datta Mandir",Devgad,"Kudal St Depot","NANDGAON DATTA MANDIR",MO,1759,Jamsande,2.5,,,देवगड,कुडाळ,90.2,10:15,12:50,SC,DAIL,"कुडाळ वस्ती","कुडाळ वस्ती",
125972,"Devgad To Kudal Via Nandgaon Datta Mandir",Devgad,"Kudal St Depot","NANDGAON DATTA MANDIR",MO,1715,"Gadaiche Pani",6.8,,,देवगड,कुडाळ,90.2,10:15,12:50,SC,DAIL,"कुडाळ वस्ती","कुडाळ वस्ती",
125972,"Devgad To Kudal Via Nandgaon Datta Mandir",Devgad,"Kudal St Depot","NANDGAON DATTA MANDIR",MO,1871,"Mond-Dhabhol Titha",8.5,,,देवगड,कुडाळ,90.2,10:15,12:50,SC,DAIL,"कुडाळ वस्ती","कुडाळ वस्ती",
125972,"Devgad To Kudal Via Nandgaon Datta Mandir",Devgad,"Kudal St Depot","NANDGAON DATTA MANDIR",MO,1773,Kodamba,9.9,,,देवगड,कुडाळ,90.2,10:15,12:50,SC,DAIL,"कुडाळ वस्ती","कुडाळ वस्ती",
125972,"Devgad To Kudal Via Nandgaon Datta Mandir",Devgad,"Kudal St Depot","NANDGAON DATTA MANDIR",MO,1640,"Bhekar Taka",12.4,,,देवगड,कुडाळ,90.2,10:15,12:50,SC,DAIL,"कुडाळ वस्ती","कुडाळ वस्ती",
125972,"Devgad To Kudal Via Nandgaon Datta Mandir",Devgad,"Kudal St Depot","NANDGAON DATTA MANDIR",MO,1997,"Tale Bazar",13.3,,,देवगड,कुडाळ,90.2,10:15,12:50,SC,DAIL,"कुडाळ वस्ती","कुडाळ वस्ती",
125972,"Devgad To Kudal Via Nandgaon Datta Mandir",Devgad,"Kudal St Depot","NANDGAON DATTA MANDIR",MO,1772,Kumbharkhari,15.2,,,देवगड,कुडाळ,90.2,10:15,12:50,SC,DAIL,"कुडाळ वस्ती","कुडाळ वस्ती",
125972,"Devgad To Kudal Via Nandgaon Datta Mandir",Devgad,"Kudal St Depot","NANDGAON DATTA MANDIR",MO,1831,"Lingdal Titha",17.1,,,देवगड,कुडाळ,90.2,10:15,12:50,SC,DAIL,"कुडाळ वस्ती","कुडाळ वस्ती",
125972,"Devgad To Kudal Via Nandgaon Datta Mandir",Devgad,"Kudal St Depot","NANDGAON DATTA MANDIR",MO,1630,"Are Fata",18.2,,,देवगड,कुडाळ,90.2,10:15,12:50,SC,DAIL,"कुडाळ वस्ती","कुडाळ वस्ती",
125972,"Devgad To Kudal Via Nandgaon Datta Mandir",Devgad,"Kudal St Depot","NANDGAON DATTA MANDIR",MO,2042,Waliwande,19.5,,,देवगड,कुडाळ,90.2,10:15,12:50,SC,DAIL,"कुडाळ वस्ती","कुडाळ वस्ती",
125972,"Devgad To Kudal Via Nandgaon Datta Mandir",Devgad,"Kudal St Depot","NANDGAON DATTA MANDIR",MO,1697,Dhopatewadi,22.1,,,देवगड,कुडाळ,90.2,10:15,12:50,SC,DAIL,"कुडाळ वस्ती","कुडाळ वस्ती",
125972,"Devgad To Kudal Via Nandgaon Datta Mandir",Devgad,"Kudal St Depot","NANDGAON DATTA MANDIR",MO,1978,Shirgaon,24.9,,,देवगड,कुडाळ,90.2,10:15,12:50,SC,DAIL,"कुडाळ वस्ती","कुडाळ वस्ती",
125972,"Devgad To Kudal Via Nandgaon Datta Mandir",Devgad,"Kudal St Depot","NANDGAON DATTA MANDIR",MO,1971,Rakasghati,27.7,,,देवगड,कुडाळ,90.2,10:15,12:50,SC,DAIL,"कुडाळ वस्ती","कुडाळ वस्ती",
125972,"Devgad To Kudal Via Nandgaon Datta Mandir",Devgad,"Kudal St Depot","NANDGAON DATTA MANDIR",MO,1742,"Hadpid Bridge",30,,,देवगड,कुडाळ,90.2,10:15,12:50,SC,DAIL,"कुडाळ वस्ती","कुडाळ वस्ती",
125972,"Devgad To Kudal Via Nandgaon Datta Mandir",Devgad,"Kudal St Depot","NANDGAON DATTA MANDIR",MO,1743,Hadpid,30.3,,,देवगड,कुडाळ,90.2,10:15,12:50,SC,DAIL,"कुडाळ वस्ती","कुडाळ वस्ती",
125972,"Devgad To Kudal Via Nandgaon Datta Mandir",Devgad,"Kudal St Depot","NANDGAON DATTA MANDIR",MO,3009,Warchiwadi,35.2,,,देवगड,कुडाळ,90.2,10:15,12:50,SC,DAIL,"कुडाळ वस्ती","कुडाळ वस्ती",
125972,"Devgad To Kudal Via Nandgaon Datta Mandir",Devgad,"Kudal St Depot","NANDGAON DATTA MANDIR",MO,2642,Asalade,36.3,,,देवगड,कुडाळ,90.2,10:15,12:50,SC,DAIL,"कुडाळ वस्ती","कुडाळ वस्ती",
125972,"Devgad To Kudal Via Nandgaon Datta Mandir",Devgad,"Kudal St Depot","NANDGAON DATTA MANDIR",MO,2871,"Nandgaon Fata",38.4,,,देवगड,कुडाळ,90.2,10:15,12:50,SC,DAIL,"कुडाळ वस्ती","कुडाळ वस्ती",
125972,"Devgad To Kudal Via Nandgaon Datta Mandir",Devgad,"Kudal St Depot","NANDGAON DATTA MANDIR",MO,2870,"Nandgaon Datta Mandir",40.6,,,देवगड,कुडाळ,90.2,10:15,12:50,SC,DAIL,"कुडाळ वस्ती","कुडाळ वस्ती",
125972,"Devgad To Kudal Via Nandgaon Datta Mandir",Devgad,"Kudal St Depot","NANDGAON DATTA MANDIR",MO,2655,Belane,43,,,देवगड,कुडाळ,90.2,10:15,12:50,SC,DAIL,"कुडाळ वस्ती","कुडाळ वस्ती",
125972,"Devgad To Kudal Via Nandgaon Datta Mandir",Devgad,"Kudal St Depot","NANDGAON DATTA MANDIR",MO,2756,"Humrat Titha",45.2,,,देवगड,कुडाळ,90.2,10:15,12:50,SC,DAIL,"कुडाळ वस्ती","कुडाळ वस्ती",
125972,"Devgad To Kudal Via Nandgaon Datta Mandir",Devgad,"Kudal St Depot","NANDGAON DATTA MANDIR",MO,2766,Janavali,49.5,,,देवगड,कुडाळ,90.2,10:15,12:50,SC,DAIL,"कुडाळ वस्ती","कुडाळ वस्ती",
125972,"Devgad To Kudal Via Nandgaon Datta Mandir",Devgad,"Kudal St Depot","NANDGAON DATTA MANDIR",MO,2786,Kankavli,53.3,,,देवगड,कुडाळ,90.2,10:15,12:50,SC,DAIL,"कुडाळ वस्ती","कुडाळ वस्ती",
125972,"Devgad To Kudal Via Nandgaon Datta Mandir",Devgad,"Kudal St Depot","NANDGAON DATTA MANDIR",MO,3002,Wagde,56.3,,,देवगड,कुडाळ,90.2,10:15,12:50,SC,DAIL,"कुडाळ वस्ती","कुडाळ वस्ती",
125972,"Devgad To Kudal Via Nandgaon Datta Mandir",Devgad,"Kudal St Depot","NANDGAON DATTA MANDIR",MO,2692,Dangalwadi,58.2,,,देवगड,कुडाळ,90.2,10:15,12:50,SC,DAIL,"कुडाळ वस्ती","कुडाळ वस्ती",
125972,"Devgad To Kudal Via Nandgaon Datta Mandir",Devgad,"Kudal St Depot","NANDGAON DATTA MANDIR",MO,2891,"Osargaon Talav",60.1,,,देवगड,कुडाळ,90.2,10:15,12:50,SC,DAIL,"कुडाळ वस्ती","कुडाळ वस्ती",
125972,"Devgad To Kudal Via Nandgaon Datta Mandir",Devgad,"Kudal St Depot","NANDGAON DATTA MANDIR",MO,2890,"Osargaon Post",60.4,,,देवगड,कुडाळ,90.2,10:15,12:50,SC,DAIL,"कुडाळ वस्ती","कुडाळ वस्ती",
125972,"Devgad To Kudal Via Nandgaon Datta Mandir",Devgad,"Kudal St Depot","NANDGAON DATTA MANDIR",MO,6168,Dewoolwadi,65.3,,,देवगड,कुडाळ,90.2,10:15,12:50,SC,DAIL,"कुडाळ वस्ती","कुडाळ वस्ती",
125972,"Devgad To Kudal Via Nandgaon Datta Mandir",Devgad,"Kudal St Depot","NANDGAON DATTA MANDIR",MO,6281,Kasal,67.9,,,देवगड,कुडाळ,90.2,10:15,12:50,SC,DAIL,"कुडाळ वस्ती","कुडाळ वस्ती",
125972,"Devgad To Kudal Via Nandgaon Datta Mandir",Devgad,"Kudal St Depot","NANDGAON DATTA MANDIR",MO,6282,"Kasal Balamwadi",69,,,देवगड,कुडाळ,90.2,10:15,12:50,SC,DAIL,"कुडाळ वस्ती","कुडाळ वस्ती",
125972,"Devgad To Kudal Via Nandgaon Datta Mandir",Devgad,"Kudal St Depot","NANDGAON DATTA MANDIR",MO,6116,Awali,70.8,,,देवगड,कुडाळ,90.2,10:15,12:50,SC,DAIL,"कुडाळ वस्ती","कुडाळ वस्ती",
125972,"Devgad To Kudal Via Nandgaon Datta Mandir",Devgad,"Kudal St Depot","NANDGAON DATTA MANDIR",MO,6362,"Oros Bus Stnad",74,,,देवगड,कुडाळ,90.2,10:15,12:50,SC,DAIL,"कुडाळ वस्ती","कुडाळ वस्ती",
125972,"Devgad To Kudal Via Nandgaon Datta Mandir",Devgad,"Kudal St Depot","NANDGAON DATTA MANDIR",MO,6204,"Humarmala Kasale Dukan",77.1,,,देवगड,कुडाळ,90.2,10:15,12:50,SC,DAIL,"कुडाळ वस्ती","कुडाळ वस्ती",
125972,"Devgad To Kudal Via Nandgaon Datta Mandir",Devgad,"Kudal St Depot","NANDGAON DATTA MANDIR",MO,6378,"Pandur Titha",79,,,देवगड,कुडाळ,90.2,10:15,12:50,SC,DAIL,"कुडाळ वस्ती","कुडाळ वस्ती",
125972,"Devgad To Kudal Via Nandgaon Datta Mandir",Devgad,"Kudal St Depot","NANDGAON DATTA MANDIR",MO,88100,Vetalbambarde,82,,,देवगड,कुडाळ,90.2,10:15,12:50,SC,DAIL,"कुडाळ वस्ती","कुडाळ वस्ती",
125972,"Devgad To Kudal Via Nandgaon Datta Mandir",Devgad,"Kudal St Depot","NANDGAON DATTA MANDIR",MO,6380,"Pawashi Panchayat",85.2,,,देवगड,कुडाळ,90.2,10:15,12:50,SC,DAIL,"कुडाळ वस्ती","कुडाळ वस्ती",
125972,"Devgad To Kudal Via Nandgaon Datta Mandir",Devgad,"Kudal St Depot","NANDGAON DATTA MANDIR",MO,6240,"Kudal St Depot",87.3,,,देवगड,कुडाळ,90.2,10:15,12:50,SC,DAIL,"कुडाळ वस्ती","कुडाळ वस्ती",
125972,"Devgad To Kudal Via Nandgaon Datta Mandir",Devgad,"Kudal St Depot","NANDGAON DATTA MANDIR",MO,6237,"Kudal St Depot",88.7,,,देवगड,कुडाळ,90.2,10:15,12:50,SC,DAIL,"कुडाळ वस्ती","कुडाळ वस्ती",
125972,"Devgad To Kudal Via Nandgaon Datta Mandir",Devgad,"Kudal St Depot","NANDGAON DATTA MANDIR",MO,6240,"Kudal St Depot",90.2,,,देवगड,कुडाळ,90.2,10:15,12:50,SC,DAIL,"कुडाळ वस्ती","कुडाळ वस्ती",
126187,"Malvan To Vengurle Via Mhapan",Malvan,Vengurle,MHAPAN,MO,6915,Malvan,,,,मालवण,वेंगुर्ला,48,13:00,14:20,SC,DAILY,,,
126187,"Malvan To Vengurle Via Mhapan",Malvan,Vengurle,MHAPAN,MO,6896,Kumbharmath,2.5,,,मालवण,वेंगुर्ला,48,13:00,14:20,SC,DAILY,,,
126187,"Malvan To Vengurle Via Mhapan",Malvan,Vengurle,MHAPAN,MO,6849,"Hirloskar House",3,,,मालवण,वेंगुर्ला,48,13:00,14:20,SC,DAILY,,,
126187,"Malvan To Vengurle Via Mhapan",Malvan,Vengurle,MHAPAN,MO,7013,"Vamanshet Hotel",6,,,मालवण,वेंगुर्ला,48,13:00,14:20,SC,DAILY,,,
126187,"Malvan To Vengurle Via Mhapan",Malvan,Vengurle,MHAPAN,MO,6903,"Madi Dukan",8.3,,,मालवण,वेंगुर्ला,48,13:00,14:20,SC,DAILY,,,
126187,"Malvan To Vengurle Via Mhapan",Malvan,Vengurle,MHAPAN,MO,6810,"Dewali Pool",9.9,,,मालवण,वेंगुर्ला,48,13:00,14:20,SC,DAILY,,,
126187,"Malvan To Vengurle Via Mhapan",Malvan,Vengurle,MHAPAN,MO,9654,"Jai Bhavani",11.9,,,मालवण,वेंगुर्ला,48,13:00,14:20,SC,DAILY,,,
126187,"Malvan To Vengurle Via Mhapan",Malvan,Vengurle,MHAPAN,MO,6274,"Korjai Titha",13.2,,,मालवण,वेंगुर्ला,48,13:00,14:20,SC,DAILY,,,
126187,"Malvan To Vengurle Via Mhapan",Malvan,Vengurle,MHAPAN,MO,9609,"Bandhalela Amba",14.2,,,मालवण,वेंगुर्ला,48,13:00,14:20,SC,DAILY,,,
126187,"Malvan To Vengurle Via Mhapan",Malvan,Vengurle,MHAPAN,MO,9750,Parule,15.9,,,मालवण,वेंगुर्ला,48,13:00,14:20,SC,DAILY,,,
126187,"Malvan To Vengurle Via Mhapan",Malvan,Vengurle,MHAPAN,MO,9587,"Adinarayan Mandir",16.4,,,मालवण,वेंगुर्ला,48,13:00,14:20,SC,DAILY,,,
126187,"Malvan To Vengurle Via Mhapan",Malvan,Vengurle,MHAPAN,MO,9590,"Ajarwadi P.H.C.",19,,,मालवण,वेंगुर्ला,48,13:00,14:20,SC,DAILY,,,
126187,"Malvan To Vengurle Via Mhapan",Malvan,Vengurle,MHAPAN,MO,9714,Mhapan,20.3,,,मालवण,वेंगुर्ला,48,13:00,14:20,SC,DAILY,,,
126187,"Malvan To Vengurle Via Mhapan",Malvan,Vengurle,MHAPAN,MO,9682,"Khavane Fata",21.4,,,मालवण,वेंगुर्ला,48,13:00,14:20,SC,DAILY,,,
126187,"Malvan To Vengurle Via Mhapan",Malvan,Vengurle,MHAPAN,MO,9670,"Kelus Dhakka",24.3,,,मालवण,वेंगुर्ला,48,13:00,14:20,SC,DAILY,,,
126187,"Malvan To Vengurle Via Mhapan",Malvan,Vengurle,MHAPAN,MO,9662,"Kalvi Titha",26.7,,,मालवण,वेंगुर्ला,48,13:00,14:20,SC,DAILY,,,
126187,"Malvan To Vengurle Via Mhapan",Malvan,Vengurle,MHAPAN,MO,9605,"Awere Bridge",30.2,,,मालवण,वेंगुर्ला,48,13:00,14:20,SC,DAILY,,,
126187,"Malvan To Vengurle Via Mhapan",Malvan,Vengurle,MHAPAN,MO,9677,"Khanoli Ganapati Mandir",33.3,,,मालवण,वेंगुर्ला,48,13:00,14:20,SC,DAILY,,,
126187,"Malvan To Vengurle Via Mhapan",Malvan,Vengurle,MHAPAN,MO,9625,"Dabholi Matha",36.3,,,मालवण,वेंगुर्ला,48,13:00,14:20,SC,DAILY,,,
126187,"Malvan To Vengurle Via Mhapan",Malvan,Vengurle,MHAPAN,MO,9697,"Lokhandewadi Titha",39.3,,,मालवण,वेंगुर्ला,48,13:00,14:20,SC,DAILY,,,
126187,"Malvan To Vengurle Via Mhapan",Malvan,Vengurle,MHAPAN,MO,9824,Vengurle,48,,,मालवण,वेंगुर्ला,48,13:00,14:20,SC,DAILY,,,
126389,"Belgaum To Vengurle Via Danoli",Belgaum,Vengurle,DANOLI,MO,73214,Belgaum,,,,बेळगाव,वेंगुर्ला,132.7,13:45,18:45,NON,DAILY,,,
126389,"Belgaum To Vengurle Via Danoli",Belgaum,Vengurle,DANOLI,MO,73207,"Belgaum Rly. Stn.",5.3,,,बेळगाव,वेंगुर्ला,132.7,13:45,18:45,NON,DAILY,,,
126389,"Belgaum To Vengurle Via Danoli",Belgaum,Vengurle,DANOLI,MO,73513,Hindalga,11.5,,,बेळगाव,वेंगुर्ला,132.7,13:45,18:45,NON,DAILY,,,
126389,"Belgaum To Vengurle Via Danoli",Belgaum,Vengurle,DANOLI,MO,74211,"Uchagaon Fata",16.4,,,बेळगाव,वेंगुर्ला,132.7,13:45,18:45,NON,DAILY,,,
126389,"Belgaum To Vengurle Via Danoli",Belgaum,Vengurle,DANOLI,MO,73192,"Bachi Krt Border",20.4,,,बेळगाव,वेंगुर्ला,132.7,13:45,18:45,NON,DAILY,,,
126389,"Belgaum To Vengurle Via Danoli",Belgaum,Vengurle,DANOLI,MO,25678,Shinoli,23.2,,,बेळगाव,वेंगुर्ला,132.7,13:45,18:45,NON,DAILY,,,
126389,"Belgaum To Vengurle Via Danoli",Belgaum,Vengurle,DANOLI,MO,24562,Kudremani,24.7,,,बेळगाव,वेंगुर्ला,132.7,13:45,18:45,NON,DAILY,,,
126389,"Belgaum To Vengurle Via Danoli",Belgaum,Vengurle,DANOLI,MO,25884,Turkewadi,27,,,बेळगाव,वेंगुर्ला,132.7,13:45,18:45,NON,DAILY,,,
126389,"Belgaum To Vengurle Via Danoli",Belgaum,Vengurle,DANOLI,MO,26084,"Yashwant Nagar",28.4,,,बेळगाव,वेंगुर्ला,132.7,13:45,18:45,NON,DAILY,,,
126389,"Belgaum To Vengurle Via Danoli",Belgaum,Vengurle,DANOLI,MO,24515,Karve,28.6,,,बेळगाव,वेंगुर्ला,132.7,13:45,18:45,NON,DAILY,,,
126389,"Belgaum To Vengurle Via Danoli",Belgaum,Vengurle,DANOLI,MO,25133,"Patane Fata",29.6,,,बेळगाव,वेंगुर्ला,132.7,13:45,18:45,NON,DAILY,,,
126389,"Belgaum To Vengurle Via Danoli",Belgaum,Vengurle,DANOLI,MO,23937,"Halkarni Fata",31.5,,,बेळगाव,वेंगुर्ला,132.7,13:45,18:45,NON,DAILY,,,
126389,"Belgaum To Vengurle Via Danoli",Belgaum,Vengurle,DANOLI,MO,23500,Date,35.7,,,बेळगाव,वेंगुर्ला,132.7,13:45,18:45,NON,DAILY,,,
126389,"Belgaum To Vengurle Via Danoli",Belgaum,Vengurle,DANOLI,MO,23259,Belebhat,40.5,,,बेळगाव,वेंगुर्ला,132.7,13:45,18:45,NON,DAILY,,,
126389,"Belgaum To Vengurle Via Danoli",Belgaum,Vengurle,DANOLI,MO,24951,Nagarwadi,40.6,,,बेळगाव,वेंगुर्ला,132.7,13:45,18:45,NON,DAILY,,,
126389,"Belgaum To Vengurle Via Danoli",Belgaum,Vengurle,DANOLI,MO,23443,"Chandgad Fata",43.7,,,बेळगाव,वेंगुर्ला,132.7,13:45,18:45,NON,DAILY,,,
126389,"Belgaum To Vengurle Via Danoli",Belgaum,Vengurle,DANOLI,MO,23971,Hindgaon,47.4,,,बेळगाव,वेंगुर्ला,132.7,13:45,18:45,NON,DAILY,,,
126389,"Belgaum To Vengurle Via Danoli",Belgaum,Vengurle,DANOLI,MO,23861,Gavse,48.1,,,बेळगाव,वेंगुर्ला,132.7,13:45,18:45,NON,DAILY,,,
126389,"Belgaum To Vengurle Via Danoli",Belgaum,Vengurle,DANOLI,MO,24762,Mhalunge,49.6,,,बेळगाव,वेंगुर्ला,132.7,13:45,18:45,NON,DAILY,,,
126389,"Belgaum To Vengurle Via Danoli",Belgaum,Vengurle,DANOLI,MO,23326,"Birdi Kanur",53.5,,,बेळगाव,वेंगुर्ला,132.7,13:45,18:45,NON,DAILY,,,
126389,"Belgaum To Vengurle Via Danoli",Belgaum,Vengurle,DANOLI,MO,23361,"Bazar Kanur",56.1,,,बेळगाव,वेंगुर्ला,132.7,13:45,18:45,NON,DAILY,,,
126389,"Belgaum To Vengurle Via Danoli",Belgaum,Vengurle,DANOLI,MO,25484,Sadegudavade,58.4,,,बेळगाव,वेंगुर्ला,132.7,13:45,18:45,NON,DAILY,,,
126389,"Belgaum To Vengurle Via Danoli",Belgaum,Vengurle,DANOLI,MO,25219,Punarvasan,61.4,,,बेळगाव,वेंगुर्ला,132.7,13:45,18:45,NON,DAILY,,,
126389,"Belgaum To Vengurle Via Danoli",Belgaum,Vengurle,DANOLI,MO,8597,Nagartaskari,65.1,,,बेळगाव,वेंगुर्ला,132.7,13:45,18:45,NON,DAILY,,,
126389,"Belgaum To Vengurle Via Danoli",Belgaum,Vengurle,DANOLI,MO,8473,"Ajra Fata",67,,,बेळगाव,वेंगुर्ला,132.7,13:45,18:45,NON,DAILY,,,
126389,"Belgaum To Vengurle Via Danoli",Belgaum,Vengurle,DANOLI,MO,8582,Mulvanwadi,70,,,बेळगाव,वेंगुर्ला,132.7,13:45,18:45,NON,DAILY,,,
126389,"Belgaum To Vengurle Via Danoli",Belgaum,Vengurle,DANOLI,MO,8469,"Amboli Octroi Naka",71.9,,,बेळगाव,वेंगुर्ला,132.7,13:45,18:45,NON,DAILY,,,
126389,"Belgaum To Vengurle Via Danoli",Belgaum,Vengurle,DANOLI,MO,8470,Amboli,73.5,,,बेळगाव,वेंगुर्ला,132.7,13:45,18:45,NON,DAILY,,,
126389,"Belgaum To Vengurle Via Danoli",Belgaum,Vengurle,DANOLI,MO,8607,Nanapani,82,,,बेळगाव,वेंगुर्ला,132.7,13:45,18:45,NON,DAILY,,,
126389,"Belgaum To Vengurle Via Danoli",Belgaum,Vengurle,DANOLI,MO,8564,Kumbheshwar,88,,,बेळगाव,वेंगुर्ला,132.7,13:45,18:45,NON,DAILY,,,
126389,"Belgaum To Vengurle Via Danoli",Belgaum,Vengurle,DANOLI,MO,8510,Danoli,89.9,,,बेळगाव,वेंगुर्ला,132.7,13:45,18:45,NON,DAILY,,,
126389,"Belgaum To Vengurle Via Danoli",Belgaum,Vengurle,DANOLI,MO,8496,"Dhawadaki Datta Mandir",92.4,,,बेळगाव,वेंगुर्ला,132.7,13:45,18:45,NON,DAILY,,,
126389,"Belgaum To Vengurle Via Danoli",Belgaum,Vengurle,DANOLI,MO,8569,"Madkhol Met",94,,,बेळगाव,वेंगुर्ला,132.7,13:45,18:45,NON,DAILY,,,
126389,"Belgaum To Vengurle Via Danoli",Belgaum,Vengurle,DANOLI,MO,8570,Madkhol,95.1,,,बेळगाव,वेंगुर्ला,132.7,13:45,18:45,NON,DAILY,,,
126389,"Belgaum To Vengurle Via Danoli",Belgaum,Vengurle,DANOLI,MO,8663,Sawantwadi,103,,,बेळगाव,वेंगुर्ला,132.7,13:45,18:45,NON,DAILY,,,
126389,"Belgaum To Vengurle Via Danoli",Belgaum,Vengurle,DANOLI,MO,8523,"Gulabi Titha",106.3,,,बेळगाव,वेंगुर्ला,132.7,13:45,18:45,NON,DAILY,,,
126389,"Belgaum To Vengurle Via Danoli",Belgaum,Vengurle,DANOLI,MO,8580,Malgaon,107.5,,,बेळगाव,वेंगुर्ला,132.7,13:45,18:45,NON,DAILY,,,
126389,"Belgaum To Vengurle Via Danoli",Belgaum,Vengurle,DANOLI,MO,8674,"Vengurle Shiroda Titha",109.3,,,बेळगाव,वेंगुर्ला,132.7,13:45,18:45,NON,DAILY,,,
126389,"Belgaum To Vengurle Via Danoli",Belgaum,Vengurle,DANOLI,MO,8641,"Railway Station",111.2,,,बेळगाव,वेंगुर्ला,132.7,13:45,18:45,NON,DAILY,,,
126389,"Belgaum To Vengurle Via Danoli",Belgaum,Vengurle,DANOLI,MO,9692,"Konapal Bhaid",112.8,,,बेळगाव,वेंगुर्ला,132.7,13:45,18:45,NON,DAILY,,,
126389,"Belgaum To Vengurle Via Danoli",Belgaum,Vengurle,DANOLI,MO,9798,"Talawade Gate",116.6,,,बेळगाव,वेंगुर्ला,132.7,13:45,18:45,NON,DAILY,,,
126389,"Belgaum To Vengurle Via Danoli",Belgaum,Vengurle,DANOLI,MO,9650,Hodawada,117.8,,,बेळगाव,वेंगुर्ला,132.7,13:45,18:45,NON,DAILY,,,
126389,"Belgaum To Vengurle Via Danoli",Belgaum,Vengurle,DANOLI,MO,9814,"Tulas Shiwaji School",120.4,,,बेळगाव,वेंगुर्ला,132.7,13:45,18:45,NON,DAILY,,,
126389,"Belgaum To Vengurle Via Danoli",Belgaum,Vengurle,DANOLI,MO,9812,"Tulas Jaitir Mandir",122,,,बेळगाव,वेंगुर्ला,132.7,13:45,18:45,NON,DAILY,,,
126389,"Belgaum To Vengurle Via Danoli",Belgaum,Vengurle,DANOLI,MO,9815,"Tulus Gorewadi",125.6,,,बेळगाव,वेंगुर्ला,132.7,13:45,18:45,NON,DAILY,,,
126389,"Belgaum To Vengurle Via Danoli",Belgaum,Vengurle,DANOLI,MO,9742,"Octroi Naka Ansur Fata",127.6,,,बेळगाव,वेंगुर्ला,132.7,13:45,18:45,NON,DAILY,,,
126389,"Belgaum To Vengurle Via Danoli",Belgaum,Vengurle,DANOLI,MO,9762,"Power House",129.3,,,बेळगाव,वेंगुर्ला,132.7,13:45,18:45,NON,DAILY,,,
126389,"Belgaum To Vengurle Via Danoli",Belgaum,Vengurle,DANOLI,MO,9765,"Rameshwar Mandir",130.2,,,बेळगाव,वेंगुर्ला,132.7,13:45,18:45,NON,DAILY,,,
126389,"Belgaum To Vengurle Via Danoli",Belgaum,Vengurle,DANOLI,MO,9824,Vengurle,132.7,,,बेळगाव,वेंगुर्ला,132.7,13:45,18:45,NON,DAILY,,,
150655,"Vengurle To Kudal Via Adeli",Vengurle,"Kudal St Depot",ADELI,MO,9824,Vengurle,,,,वेंगुर्ला,कुडाळ,28.9,07:30,08:40,,,,,
150655,"Vengurle To Kudal Via Adeli",Vengurle,"Kudal St Depot",ADELI,MO,9764,"Rameshwar / Maruti Mandir",2.1,,,वेंगुर्ला,कुडाळ,28.9,07:30,08:40,,,,,
150655,"Vengurle To Kudal Via Adeli",Vengurle,"Kudal St Depot",ADELI,MO,9665,Kankewadi,5.8,,,वेंगुर्ला,कुडाळ,28.9,07:30,08:40,,,,,
150655,"Vengurle To Kudal Via Adeli",Vengurle,"Kudal St Depot",ADELI,MO,9709,"Math High School",7,,,वेंगुर्ला,कुडाळ,28.9,07:30,08:40,,,,,
150655,"Vengurle To Kudal Via Adeli",Vengurle,"Kudal St Depot",ADELI,MO,9620,"Bowalekar Wadi",8.6,,,वेंगुर्ला,कुडाळ,28.9,07:30,08:40,,,,,
150655,"Vengurle To Kudal Via Adeli",Vengurle,"Kudal St Depot",ADELI,MO,9695,"Kudal Titha",10,,,वेंगुर्ला,कुडाळ,28.9,07:30,08:40,,,,,
150655,"Vengurle To Kudal Via Adeli",Vengurle,"Kudal St Depot",ADELI,MO,6103,"Adeli G.P.O.",13,,,वेंगुर्ला,कुडाळ,28.9,07:30,08:40,,,,,
150655,"Vengurle To Kudal Via Adeli",Vengurle,"Kudal St Depot",ADELI,MO,9585,Adeli,13.3,,,वेंगुर्ला,कुडाळ,28.9,07:30,08:40,,,,,
150655,"Vengurle To Kudal Via Adeli",Vengurle,"Kudal St Depot",ADELI,MO,6185,Gopinath,13.9,,,वेंगुर्ला,कुडाळ,28.9,07:30,08:40,,,,,
150655,"Vengurle To Kudal Via Adeli",Vengurle,"Kudal St Depot",ADELI,MO,6174,Gawaliwada,15.1,,,वेंगुर्ला,कुडाळ,28.9,07:30,08:40,,,,,
150655,"Vengurle To Kudal Via Adeli",Vengurle,"Kudal St Depot",ADELI,MO,6474,"Zharap Titha",18.3,,,वेंगुर्ला,कुडाळ,28.9,07:30,08:40,,,,,
150655,"Vengurle To Kudal Via Adeli",Vengurle,"Kudal St Depot",ADELI,MO,6322,"Mandkuli Fata",23.2,,,वेंगुर्ला,कुडाळ,28.9,07:30,08:40,,,,,
150655,"Vengurle To Kudal Via Adeli",Vengurle,"Kudal St Depot",ADELI,MO,2069,"Modka Wad",23.2,,,वेंगुर्ला,कुडाळ,28.9,07:30,08:40,,,,,
150655,"Vengurle To Kudal Via Adeli",Vengurle,"Kudal St Depot",ADELI,MO,6302,"Modka Wad Pinguli",26.9,,,वेंगुर्ला,कुडाळ,28.9,07:30,08:40,,,,,
150655,"Vengurle To Kudal Via Adeli",Vengurle,"Kudal St Depot",ADELI,MO,6237,"Kudal St Depot",28.9,,,वेंगुर्ला,कुडाळ,28.9,07:30,08:40,,,,,
11256,"Vengurle To Kiranpani Via Shiroda",Vengurle,Kiranpani,SHIRODA,MO,9824,Vengurle,,,,वेंगुर्ला,"आरोंदा किरण पाणी",26.5,10:00,10:55,NON,DAILY,,,
11256,"Vengurle To Kiranpani Via Shiroda",Vengurle,Kiranpani,SHIRODA,MO,9817,"Ubhadanda School -2",2.5,,,वेंगुर्ला,"आरोंदा किरण पाणी",26.5,10:00,10:55,NON,DAILY,,,
11256,"Vengurle To Kiranpani Via Shiroda",Vengurle,Kiranpani,SHIRODA,MO,9726,"Mundale Shop",4.7,,,वेंगुर्ला,"आरोंदा किरण पाणी",26.5,10:00,10:55,NON,DAILY,,,
11256,"Vengurle To Kiranpani Via Shiroda",Vengurle,Kiranpani,SHIRODA,MO,9722,Mochemand,5.9,,,वेंगुर्ला,"आरोंदा किरण पाणी",26.5,10:00,10:55,NON,DAILY,,,
11256,"Vengurle To Kiranpani Via Shiroda",Vengurle,Kiranpani,SHIRODA,MO,9723,"Mochemand Pool",7.5,,,वेंगुर्ला,"आरोंदा किरण पाणी",26.5,10:00,10:55,NON,DAILY,,,
11256,"Vengurle To Kiranpani Via Shiroda",Vengurle,Kiranpani,SHIRODA,MO,9730,Naichiad,8.7,,,वेंगुर्ला,"आरोंदा किरण पाणी",26.5,10:00,10:55,NON,DAILY,,,
11256,"Vengurle To Kiranpani Via Shiroda",Vengurle,Kiranpani,SHIRODA,MO,9797,"Tak Maruti Mandir",10.1,,,वेंगुर्ला,"आरोंदा किरण पाणी",26.5,10:00,10:55,NON,DAILY,,,
11256,"Vengurle To Kiranpani Via Shiroda",Vengurle,Kiranpani,SHIRODA,MO,9601,Arawali,10.3,,,वेंगुर्ला,"आरोंदा किरण पाणी",26.5,10:00,10:55,NON,DAILY,,,
11256,"Vengurle To Kiranpani Via Shiroda",Vengurle,Kiranpani,SHIRODA,MO,9789,Shiroda,14.7,,,वेंगुर्ला,"आरोंदा किरण पाणी",26.5,10:00,10:55,NON,DAILY,,,
11256,"Vengurle To Kiranpani Via Shiroda",Vengurle,Kiranpani,SHIRODA,MO,9653,"Huda Fata",17.5,,,वेंगुर्ला,"आरोंदा किरण पाणी",26.5,10:00,10:55,NON,DAILY,,,
11256,"Vengurle To Kiranpani Via Shiroda",Vengurle,Kiranpani,SHIRODA,MO,9615,"Bhatpawani Fata",20,,,वेंगुर्ला,"आरोंदा किरण पाणी",26.5,10:00,10:55,NON,DAILY,,,
11256,"Vengurle To Kiranpani Via Shiroda",Vengurle,Kiranpani,SHIRODA,MO,9588,Agralwadi,20.9,,,वेंगुर्ला,"आरोंदा किरण पाणी",26.5,10:00,10:55,NON,DAILY,,,
11256,"Vengurle To Kiranpani Via Shiroda",Vengurle,Kiranpani,SHIRODA,MO,8472,Aronda,23,,,वेंगुर्ला,"आरोंदा किरण पाणी",26.5,10:00,10:55,NON,DAILY,,,
11256,"Vengurle To Kiranpani Via Shiroda",Vengurle,Kiranpani,SHIRODA,MO,9687,Kiranpani,26.5,,,वेंगुर्ला,"आरोंदा किरण पाणी",26.5,10:00,10:55,NON,DAILY,,,
18534,"Redi Kanyal To Sawantwadi Via Shiroda","Redi Kanyal",Sawantwadi,SHIRODA,MO,9768,"Redi Kanyal",,,,"कनयाळ रेडी",सावंतवाडी,34.1,07:00,08:30,SC,SUN,,,
18534,"Redi Kanyal To Sawantwadi Via Shiroda","Redi Kanyal",Sawantwadi,SHIRODA,MO,9769,"Redi Mauli Mandir",1.8,,,"कनयाळ रेडी",सावंतवाडी,34.1,07:00,08:30,SC,SUN,,,
18534,"Redi Kanyal To Sawantwadi Via Shiroda","Redi Kanyal",Sawantwadi,SHIRODA,MO,9653,"Huda Fata",4.7,,,"कनयाळ रेडी",सावंतवाडी,34.1,07:00,08:30,SC,SUN,,,
18534,"Redi Kanyal To Sawantwadi Via Shiroda","Redi Kanyal",Sawantwadi,SHIRODA,MO,9789,Shiroda,7.7,,,"कनयाळ रेडी",सावंतवाडी,34.1,07:00,08:30,SC,SUN,,,
18534,"Redi Kanyal To Sawantwadi Via Shiroda","Redi Kanyal",Sawantwadi,SHIRODA,MO,9592,"Ajgaon Marathi School",9.7,,,"कनयाळ रेडी",सावंतवाडी,34.1,07:00,08:30,SC,SUN,,,
18534,"Redi Kanyal To Sawantwadi Via Shiroda","Redi Kanyal",Sawantwadi,SHIRODA,MO,9589,"Ajagaon Training College",10.2,,,"कनयाळ रेडी",सावंतवाडी,34.1,07:00,08:30,SC,SUN,,,
18534,"Redi Kanyal To Sawantwadi Via Shiroda","Redi Kanyal",Sawantwadi,SHIRODA,MO,9779,Savardev,13.7,,,"कनयाळ रेडी",सावंतवाडी,34.1,07:00,08:30,SC,SUN,,,
18534,"Redi Kanyal To Sawantwadi Via Shiroda","Redi Kanyal",Sawantwadi,SHIRODA,MO,9704,"Malewad Naka",15,,,"कनयाळ रेडी",सावंतवाडी,34.1,07:00,08:30,SC,SUN,,,
18534,"Redi Kanyal To Sawantwadi Via Shiroda","Redi Kanyal",Sawantwadi,SHIRODA,MO,9703,"Malewad Hedulwadi",15.9,,,"कनयाळ रेडी",सावंतवाडी,34.1,07:00,08:30,SC,SUN,,,
18534,"Redi Kanyal To Sawantwadi Via Shiroda","Redi Kanyal",Sawantwadi,SHIRODA,MO,9833,"Warachi Malewad",17.9,,,"कनयाळ रेडी",सावंतवाडी,34.1,07:00,08:30,SC,SUN,,,
18534,"Redi Kanyal To Sawantwadi Via Shiroda","Redi Kanyal",Sawantwadi,SHIRODA,MO,8517,"Forest Chouki",18.3,,,"कनयाळ रेडी",सावंतवाडी,34.1,07:00,08:30,SC,SUN,,,
18534,"Redi Kanyal To Sawantwadi Via Shiroda","Redi Kanyal",Sawantwadi,SHIRODA,MO,8627,"Pendharyachi Wadi",19.5,,,"कनयाळ रेडी",सावंतवाडी,34.1,07:00,08:30,SC,SUN,,,
18534,"Redi Kanyal To Sawantwadi Via Shiroda","Redi Kanyal",Sawantwadi,SHIRODA,MO,9855,"Ghodemukh Matond",20.2,,,"कनयाळ रेडी",सावंतवाडी,34.1,07:00,08:30,SC,SUN,,,
18534,"Redi Kanyal To Sawantwadi Via Shiroda","Redi Kanyal",Sawantwadi,SHIRODA,MO,8614,"Nhaveli School",21.6,,,"कनयाळ रेडी",सावंतवाडी,34.1,07:00,08:30,SC,SUN,,,
18534,"Redi Kanyal To Sawantwadi Via Shiroda","Redi Kanyal",Sawantwadi,SHIRODA,MO,8474,"Aros Titha",23.9,,,"कनयाळ रेडी",सावंतवाडी,34.1,07:00,08:30,SC,SUN,,,
18534,"Redi Kanyal To Sawantwadi Via Shiroda","Redi Kanyal",Sawantwadi,SHIRODA,MO,8599,"Nirawade Tiles Factory",24.8,,,"कनयाळ रेडी",सावंतवाडी,34.1,07:00,08:30,SC,SUN,,,
18534,"Redi Kanyal To Sawantwadi Via Shiroda","Redi Kanyal",Sawantwadi,SHIRODA,MO,8609,"Nirawade Bazar",25.6,,,"कनयाळ रेडी",सावंतवाडी,34.1,07:00,08:30,SC,SUN,,,
18534,"Redi Kanyal To Sawantwadi Via Shiroda","Redi Kanyal",Sawantwadi,SHIRODA,MO,8641,"Railway Station",26.5,,,"कनयाळ रेडी",सावंतवाडी,34.1,07:00,08:30,SC,SUN,,,
18534,"Redi Kanyal To Sawantwadi Via Shiroda","Redi Kanyal",Sawantwadi,SHIRODA,MO,8674,"Vengurle Shiroda Titha",27.8,,,"कनयाळ रेडी",सावंतवाडी,34.1,07:00,08:30,SC,SUN,,,
18534,"Redi Kanyal To Sawantwadi Via Shiroda","Redi Kanyal",Sawantwadi,SHIRODA,MO,8580,Malgaon,28.2,,,"कनयाळ रेडी",सावंतवाडी,34.1,07:00,08:30,SC,SUN,,,
18534,"Redi Kanyal To Sawantwadi Via Shiroda","Redi Kanyal",Sawantwadi,SHIRODA,MO,8523,"Gulabi Titha",30.8,,,"कनयाळ रेडी",सावंतवाडी,34.1,07:00,08:30,SC,SUN,,,
18534,"Redi Kanyal To Sawantwadi Via Shiroda","Redi Kanyal",Sawantwadi,SHIRODA,MO,8663,Sawantwadi,34.1,,,"कनयाळ रेडी",सावंतवाडी,34.1,07:00,08:30,SC,SUN,,,
19995,"Vengurle To Sawantwadi Via Pal Khajanadevi Mandir",Vengurle,Sawantwadi,"PAL KHAJANADEVI MANDIR",MO,9824,Vengurle,,,,वेंगुर्ला,सावंतवाडी,33,10:30,11:40,NON,DAILY,,,
19995,"Vengurle To Sawantwadi Via Pal Khajanadevi Mandir",Vengurle,Sawantwadi,"PAL KHAJANADEVI MANDIR",MO,9765,"Rameshwar Mandir",2.1,,,वेंगुर्ला,सावंतवाडी,33,10:30,11:40,NON,DAILY,,,
19995,"Vengurle To Sawantwadi Via Pal Khajanadevi Mandir",Vengurle,Sawantwadi,"PAL KHAJANADEVI MANDIR",MO,9599,"Ansur Titha",3.2,,,वेंगुर्ला,सावंतवाडी,33,10:30,11:40,NON,DAILY,,,
19995,"Vengurle To Sawantwadi Via Pal Khajanadevi Mandir",Vengurle,Sawantwadi,"PAL KHAJANADEVI MANDIR",MO,9597,"Ansur Ghati",5,,,वेंगुर्ला,सावंतवाडी,33,10:30,11:40,NON,DAILY,,,
19995,"Vengurle To Sawantwadi Via Pal Khajanadevi Mandir",Vengurle,Sawantwadi,"PAL KHAJANADEVI MANDIR",MO,9745,"Pal Khajanadevi Mandir",9.8,,,वेंगुर्ला,सावंतवाडी,33,10:30,11:40,NON,DAILY,,,
19995,"Vengurle To Sawantwadi Via Pal Khajanadevi Mandir",Vengurle,Sawantwadi,"PAL KHAJANADEVI MANDIR",MO,9788,Shetkarwadi,11.2,,,वेंगुर्ला,सावंतवाडी,33,10:30,11:40,NON,DAILY,,,
19995,"Vengurle To Sawantwadi Via Pal Khajanadevi Mandir",Vengurle,Sawantwadi,"PAL KHAJANADEVI MANDIR",MO,9604,"Asuli Pal Fata",12.6,,,वेंगुर्ला,सावंतवाडी,33,10:30,11:40,NON,DAILY,,,
19995,"Vengurle To Sawantwadi Via Pal Khajanadevi Mandir",Vengurle,Sawantwadi,"PAL KHAJANADEVI MANDIR",MO,9621,Chavata,14.3,,,वेंगुर्ला,सावंतवाडी,33,10:30,11:40,NON,DAILY,,,
19995,"Vengurle To Sawantwadi Via Pal Khajanadevi Mandir",Vengurle,Sawantwadi,"PAL KHAJANADEVI MANDIR",MO,9712,"Matond Sateri Mandir",14.8,,,वेंगुर्ला,सावंतवाडी,33,10:30,11:40,NON,DAILY,,,
19995,"Vengurle To Sawantwadi Via Pal Khajanadevi Mandir",Vengurle,Sawantwadi,"PAL KHAJANADEVI MANDIR",MO,9799,"Talawade Parabwada",18.3,,,वेंगुर्ला,सावंतवाडी,33,10:30,11:40,NON,DAILY,,,
19995,"Vengurle To Sawantwadi Via Pal Khajanadevi Mandir",Vengurle,Sawantwadi,"PAL KHAJANADEVI MANDIR",MO,9798,"Talawade Gate",19.4,,,वेंगुर्ला,सावंतवाडी,33,10:30,11:40,NON,DAILY,,,
19995,"Vengurle To Sawantwadi Via Pal Khajanadevi Mandir",Vengurle,Sawantwadi,"PAL KHAJANADEVI MANDIR",MO,9692,"Konapal Bhaid",23.2,,,वेंगुर्ला,सावंतवाडी,33,10:30,11:40,NON,DAILY,,,
19995,"Vengurle To Sawantwadi Via Pal Khajanadevi Mandir",Vengurle,Sawantwadi,"PAL KHAJANADEVI MANDIR",MO,8641,"Railway Station",25.8,,,वेंगुर्ला,सावंतवाडी,33,10:30,11:40,NON,DAILY,,,
19995,"Vengurle To Sawantwadi Via Pal Khajanadevi Mandir",Vengurle,Sawantwadi,"PAL KHAJANADEVI MANDIR",MO,8674,"Vengurle Shiroda Titha",26.7,,,वेंगुर्ला,सावंतवाडी,33,10:30,11:40,NON,DAILY,,,
19995,"Vengurle To Sawantwadi Via Pal Khajanadevi Mandir",Vengurle,Sawantwadi,"PAL KHAJANADEVI MANDIR",MO,8580,Malgaon,27.1,,,वेंगुर्ला,सावंतवाडी,33,10:30,11:40,NON,DAILY,,,
19995,"Vengurle To Sawantwadi Via Pal Khajanadevi Mandir",Vengurle,Sawantwadi,"PAL KHAJANADEVI MANDIR",MO,8523,"Gulabi Titha",29.7,,,वेंगुर्ला,सावंतवाडी,33,10:30,11:40,NON,DAILY,,,
19995,"Vengurle To Sawantwadi Via Pal Khajanadevi Mandir",Vengurle,Sawantwadi,"PAL KHAJANADEVI MANDIR",MO,8663,Sawantwadi,33,,,वेंगुर्ला,सावंतवाडी,33,10:30,11:40,NON,DAILY,,,
62091,"Kiranpani To Vengurle Via Nanos Konkan Pharma",Kiranpani,Vengurle,"NANOS KONKAN PHARMA",MO,9687,Kiranpani,,,,"किरण पाणी आरोंदा",वेंगुर्ला,30.1,08:45,09:50,NON,DAILY,,,
62091,"Kiranpani To Vengurle Via Nanos Konkan Pharma",Kiranpani,Vengurle,"NANOS KONKAN PHARMA",MO,8472,Aronda,0.6,,,"किरण पाणी आरोंदा",वेंगुर्ला,30.1,08:45,09:50,NON,DAILY,,,
62091,"Kiranpani To Vengurle Via Nanos Konkan Pharma",Kiranpani,Vengurle,"NANOS KONKAN PHARMA",MO,9588,Agralwadi,3,,Y,"किरण पाणी आरोंदा",वेंगुर्ला,30.1,08:45,09:50,NON,DAILY,,,
62091,"Kiranpani To Vengurle Via Nanos Konkan Pharma",Kiranpani,Vengurle,"NANOS KONKAN PHARMA",MO,9653,"Huda Fata",6,,Y,"किरण पाणी आरोंदा",वेंगुर्ला,30.1,08:45,09:50,NON,DAILY,,,
62091,"Kiranpani To Vengurle Via Nanos Konkan Pharma",Kiranpani,Vengurle,"NANOS KONKAN PHARMA",MO,9680,Khari,9.2,,,"किरण पाणी आरोंदा",वेंगुर्ला,30.1,08:45,09:50,NON,DAILY,,,
62091,"Kiranpani To Vengurle Via Nanos Konkan Pharma",Kiranpani,Vengurle,"NANOS KONKAN PHARMA",MO,9733,"Nanos Konkan Pharma",10.1,,,"किरण पाणी आरोंदा",वेंगुर्ला,30.1,08:45,09:50,NON,DAILY,,,
62091,"Kiranpani To Vengurle Via Nanos Konkan Pharma",Kiranpani,Vengurle,"NANOS KONKAN PHARMA",MO,9794,Soundagarwadi,11.1,,,"किरण पाणी आरोंदा",वेंगुर्ला,30.1,08:45,09:50,NON,DAILY,,,
62091,"Kiranpani To Vengurle Via Nanos Konkan Pharma",Kiranpani,Vengurle,"NANOS KONKAN PHARMA",MO,9789,Shiroda,13.1,,,"किरण पाणी आरोंदा",वेंगुर्ला,30.1,08:45,09:50,NON,DAILY,,,
62091,"Kiranpani To Vengurle Via Nanos Konkan Pharma",Kiranpani,Vengurle,"NANOS KONKAN PHARMA",MO,9601,Arawali,15,,,"किरण पाणी आरोंदा",वेंगुर्ला,30.1,08:45,09:50,NON,DAILY,,,
62091,"Kiranpani To Vengurle Via Nanos Konkan Pharma",Kiranpani,Vengurle,"NANOS KONKAN PHARMA",MO,9797,"Tak Maruti Mandir",16.2,,,"किरण पाणी आरोंदा",वेंगुर्ला,30.1,08:45,09:50,NON,DAILY,,,
62091,"Kiranpani To Vengurle Via Nanos Konkan Pharma",Kiranpani,Vengurle,"NANOS KONKAN PHARMA",MO,9730,Naichiad,17.2,,,"किरण पाणी आरोंदा",वेंगुर्ला,30.1,08:45,09:50,NON,DAILY,,,
62091,"Kiranpani To Vengurle Via Nanos Konkan Pharma",Kiranpani,Vengurle,"NANOS KONKAN PHARMA",MO,8170,"Mail Dagad",18,,,"किरण पाणी आरोंदा",वेंगुर्ला,30.1,08:45,09:50,NON,DAILY,,,
62091,"Kiranpani To Vengurle Via Nanos Konkan Pharma",Kiranpani,Vengurle,"NANOS KONKAN PHARMA",MO,9723,"Mochemand Pool",20.3,,,"किरण पाणी आरोंदा",वेंगुर्ला,30.1,08:45,09:50,NON,DAILY,,,
62091,"Kiranpani To Vengurle Via Nanos Konkan Pharma",Kiranpani,Vengurle,"NANOS KONKAN PHARMA",MO,9628,"Dadoba Mandir",21.2,,,"किरण पाणी आरोंदा",वेंगुर्ला,30.1,08:45,09:50,NON,DAILY,,,
62091,"Kiranpani To Vengurle Via Nanos Konkan Pharma",Kiranpani,Vengurle,"NANOS KONKAN PHARMA",MO,9597,"Ansur Ghati",24.2,,,"किरण पाणी आरोंदा",वेंगुर्ला,30.1,08:45,09:50,NON,DAILY,,,
62091,"Kiranpani To Vengurle Via Nanos Konkan Pharma",Kiranpani,Vengurle,"NANOS KONKAN PHARMA",MO,9599,"Ansur Titha",27.3,,,"किरण पाणी आरोंदा",वेंगुर्ला,30.1,08:45,09:50,NON,DAILY,,,
62091,"Kiranpani To Vengurle Via Nanos Konkan Pharma",Kiranpani,Vengurle,"NANOS KONKAN PHARMA",MO,9824,Vengurle,30.1,,,"किरण पाणी आरोंदा",वेंगुर्ला,30.1,08:45,09:50,NON,DAILY,,,
152892,"Sawantwadi To Vengurle Via Chavata",Sawantwadi,Vengurle,CHAVATA,MO,8663,Sawantwadi,,,,सावंतवाडी,वेंगुर्ला,33,07:40,08:50,SC,DAILY,शालेय,शालेय,SCHOOL
152892,"Sawantwadi To Vengurle Via Chavata",Sawantwadi,Vengurle,CHAVATA,MO,8523,"Gulabi Titha",3.3,,,सावंतवाडी,वेंगुर्ला,33,07:40,08:50,SC,DAILY,शालेय,शालेय,SCHOOL
152892,"Sawantwadi To Vengurle Via Chavata",Sawantwadi,Vengurle,CHAVATA,MO,8580,Malgaon,5.9,,,सावंतवाडी,वेंगुर्ला,33,07:40,08:50,SC,DAILY,शालेय,शालेय,SCHOOL
152892,"Sawantwadi To Vengurle Via Chavata",Sawantwadi,Vengurle,CHAVATA,MO,8674,"Vengurle Shiroda Titha",6.3,,,सावंतवाडी,वेंगुर्ला,33,07:40,08:50,SC,DAILY,शालेय,शालेय,SCHOOL
152892,"Sawantwadi To Vengurle Via Chavata",Sawantwadi,Vengurle,CHAVATA,MO,8665,"Sawantwadi Rly. Stn.",7.2,,,सावंतवाडी,वेंगुर्ला,33,07:40,08:50,SC,DAILY,शालेय,शालेय,SCHOOL
152892,"Sawantwadi To Vengurle Via Chavata",Sawantwadi,Vengurle,CHAVATA,MO,9692,"Konapal Bhaid",9.8,,,सावंतवाडी,वेंगुर्ला,33,07:40,08:50,SC,DAILY,शालेय,शालेय,SCHOOL
152892,"Sawantwadi To Vengurle Via Chavata",Sawantwadi,Vengurle,CHAVATA,MO,9798,"Talawade Gate",13.6,,,सावंतवाडी,वेंगुर्ला,33,07:40,08:50,SC,DAILY,शालेय,शालेय,SCHOOL
152892,"Sawantwadi To Vengurle Via Chavata",Sawantwadi,Vengurle,CHAVATA,MO,9854,"Talawade Parabwada",14.7,,,सावंतवाडी,वेंगुर्ला,33,07:40,08:50,SC,DAILY,शालेय,शालेय,SCHOOL
152892,"Sawantwadi To Vengurle Via Chavata",Sawantwadi,Vengurle,CHAVATA,MO,9712,"Matond Sateri Mandir",18.2,,,सावंतवाडी,वेंगुर्ला,33,07:40,08:50,SC,DAILY,शालेय,शालेय,SCHOOL
152892,"Sawantwadi To Vengurle Via Chavata",Sawantwadi,Vengurle,CHAVATA,MO,9621,Chavata,18.7,,,सावंतवाडी,वेंगुर्ला,33,07:40,08:50,SC,DAILY,शालेय,शालेय,SCHOOL
152892,"Sawantwadi To Vengurle Via Chavata",Sawantwadi,Vengurle,CHAVATA,MO,9604,"Asuli Pal Fata",20.4,,,सावंतवाडी,वेंगुर्ला,33,07:40,08:50,SC,DAILY,शालेय,शालेय,SCHOOL
152892,"Sawantwadi To Vengurle Via Chavata",Sawantwadi,Vengurle,CHAVATA,MO,9788,Shetkarwadi,21.8,,,सावंतवाडी,वेंगुर्ला,33,07:40,08:50,SC,DAILY,शालेय,शालेय,SCHOOL
152892,"Sawantwadi To Vengurle Via Chavata",Sawantwadi,Vengurle,CHAVATA,MO,9731,Naikwadi,22.8,,,सावंतवाडी,वेंगुर्ला,33,07:40,08:50,SC,DAILY,शालेय,शालेय,SCHOOL
152892,"Sawantwadi To Vengurle Via Chavata",Sawantwadi,Vengurle,CHAVATA,MO,9744,"Pal Gpo",23.1,,,सावंतवाडी,वेंगुर्ला,33,07:40,08:50,SC,DAILY,शालेय,शालेय,SCHOOL
152892,"Sawantwadi To Vengurle Via Chavata",Sawantwadi,Vengurle,CHAVATA,MO,9819,Vadalwadi,23.9,,,सावंतवाडी,वेंगुर्ला,33,07:40,08:50,SC,DAILY,शालेय,शालेय,SCHOOL
152892,"Sawantwadi To Vengurle Via Chavata",Sawantwadi,Vengurle,CHAVATA,MO,9825,"Vetaleshwar Stop",24.4,,,सावंतवाडी,वेंगुर्ला,33,07:40,08:50,SC,DAILY,शालेय,शालेय,SCHOOL
152892,"Sawantwadi To Vengurle Via Chavata",Sawantwadi,Vengurle,CHAVATA,MO,9634,"Dharam Gawadewadi",25,,,सावंतवाडी,वेंगुर्ला,33,07:40,08:50,SC,DAILY,शालेय,शालेय,SCHOOL
152892,"Sawantwadi To Vengurle Via Chavata",Sawantwadi,Vengurle,CHAVATA,MO,9766,"Rameshwar Stop",25.5,,,सावंतवाडी,वेंगुर्ला,33,07:40,08:50,SC,DAILY,शालेय,शालेय,SCHOOL
152892,"Sawantwadi To Vengurle Via Chavata",Sawantwadi,Vengurle,CHAVATA,MO,9597,"Ansur Ghati",26.5,,,सावंतवाडी,वेंगुर्ला,33,07:40,08:50,SC,DAILY,शालेय,शालेय,SCHOOL
152892,"Sawantwadi To Vengurle Via Chavata",Sawantwadi,Vengurle,CHAVATA,MO,9599,"Ansur Titha",28.5,,,सावंतवाडी,वेंगुर्ला,33,07:40,08:50,SC,DAILY,शालेय,शालेय,SCHOOL
152892,"Sawantwadi To Vengurle Via Chavata",Sawantwadi,Vengurle,CHAVATA,MO,9765,"Rameshwar Mandir",31.4,,,सावंतवाडी,वेंगुर्ला,33,07:40,08:50,SC,DAILY,शालेय,शालेय,SCHOOL
152892,"Sawantwadi To Vengurle Via Chavata",Sawantwadi,Vengurle,CHAVATA,MO,9824,Vengurle,33,,,सावंतवाडी,वेंगुर्ला,33,07:40,08:50,SC,DAILY,शालेय,शालेय,SCHOOL
10673,"Vengurle To Belgaum Via Danoli",Vengurle,Belgaum,DANOLI,MO,9824,Vengurle,,,,वेंगुर्ला,बेळगाव,130.7,08:00,12:15,NON,DAILY,,,
10673,"Vengurle To Belgaum Via Danoli",Vengurle,Belgaum,DANOLI,MO,9764,"Rameshwar / Maruti Mandir",0.9,,,वेंगुर्ला,बेळगाव,130.7,08:00,12:15,NON,DAILY,,,
10673,"Vengurle To Belgaum Via Danoli",Vengurle,Belgaum,DANOLI,MO,9665,Kankewadi,6,,,वेंगुर्ला,बेळगाव,130.7,08:00,12:15,NON,DAILY,,,
10673,"Vengurle To Belgaum Via Danoli",Vengurle,Belgaum,DANOLI,MO,9620,"Bowalekar Wadi",8.8,,,वेंगुर्ला,बेळगाव,130.7,08:00,12:15,NON,DAILY,,,
10673,"Vengurle To Belgaum Via Danoli",Vengurle,Belgaum,DANOLI,MO,9585,Adeli,10.9,,,वेंगुर्ला,बेळगाव,130.7,08:00,12:15,NON,DAILY,,,
10673,"Vengurle To Belgaum Via Danoli",Vengurle,Belgaum,DANOLI,MO,9655,"Jambhul Mala",12.6,,,वेंगुर्ला,बेळगाव,130.7,08:00,12:15,NON,DAILY,,,
10673,"Vengurle To Belgaum Via Danoli",Vengurle,Belgaum,DANOLI,MO,9652,"Hodawada Vazrath Tita",14,,,वेंगुर्ला,बेळगाव,130.7,08:00,12:15,NON,DAILY,,,
10673,"Vengurle To Belgaum Via Danoli",Vengurle,Belgaum,DANOLI,MO,6230,"Kamaleveer Dharan",15.3,,,वेंगुर्ला,बेळगाव,130.7,08:00,12:15,NON,DAILY,,,
10673,"Vengurle To Belgaum Via Danoli",Vengurle,Belgaum,DANOLI,MO,6342,"Nemale Fata",20,,,वेंगुर्ला,बेळगाव,130.7,08:00,12:15,NON,DAILY,,,
10673,"Vengurle To Belgaum Via Danoli",Vengurle,Belgaum,DANOLI,MO,6101,Akeri,22.2,,,वेंगुर्ला,बेळगाव,130.7,08:00,12:15,NON,DAILY,,,
10673,"Vengurle To Belgaum Via Danoli",Vengurle,Belgaum,DANOLI,MO,8551,"Kolgaon Thita",24.4,,,वेंगुर्ला,बेळगाव,130.7,08:00,12:15,NON,DAILY,,,
10673,"Vengurle To Belgaum Via Danoli",Vengurle,Belgaum,DANOLI,MO,8663,Sawantwadi,28.1,,,वेंगुर्ला,बेळगाव,130.7,08:00,12:15,NON,DAILY,,,
10673,"Vengurle To Belgaum Via Danoli",Vengurle,Belgaum,DANOLI,MO,8570,Madkhol,36,,,वेंगुर्ला,बेळगाव,130.7,08:00,12:15,NON,DAILY,,,
10673,"Vengurle To Belgaum Via Danoli",Vengurle,Belgaum,DANOLI,MO,8569,"Madkhol Met",37.1,,,वेंगुर्ला,बेळगाव,130.7,08:00,12:15,NON,DAILY,,,
10673,"Vengurle To Belgaum Via Danoli",Vengurle,Belgaum,DANOLI,MO,8496,"Dhawadaki Datta Mandir",38.7,,,वेंगुर्ला,बेळगाव,130.7,08:00,12:15,NON,DAILY,,,
10673,"Vengurle To Belgaum Via Danoli",Vengurle,Belgaum,DANOLI,MO,8510,Danoli,41.2,,,वेंगुर्ला,बेळगाव,130.7,08:00,12:15,NON,DAILY,,,
10673,"Vengurle To Belgaum Via Danoli",Vengurle,Belgaum,DANOLI,MO,8564,Kumbheshwar,43.1,,,वेंगुर्ला,बेळगाव,130.7,08:00,12:15,NON,DAILY,,,
10673,"Vengurle To Belgaum Via Danoli",Vengurle,Belgaum,DANOLI,MO,8607,Nanapani,49.1,,,वेंगुर्ला,बेळगाव,130.7,08:00,12:15,NON,DAILY,,,
10673,"Vengurle To Belgaum Via Danoli",Vengurle,Belgaum,DANOLI,MO,8470,Amboli,57.6,,,वेंगुर्ला,बेळगाव,130.7,08:00,12:15,NON,DAILY,,,
10673,"Vengurle To Belgaum Via Danoli",Vengurle,Belgaum,DANOLI,MO,8582,Mulvanwadi,61.1,,,वेंगुर्ला,बेळगाव,130.7,08:00,12:15,NON,DAILY,,,
10673,"Vengurle To Belgaum Via Danoli",Vengurle,Belgaum,DANOLI,MO,8473,"Ajra Fata",64.1,,,वेंगुर्ला,बेळगाव,130.7,08:00,12:15,NON,DAILY,,,
10673,"Vengurle To Belgaum Via Danoli",Vengurle,Belgaum,DANOLI,MO,8597,Nagartaskari,66,,,वेंगुर्ला,बेळगाव,130.7,08:00,12:15,NON,DAILY,,,
10673,"Vengurle To Belgaum Via Danoli",Vengurle,Belgaum,DANOLI,MO,25219,Punarvasan,69,,,वेंगुर्ला,बेळगाव,130.7,08:00,12:15,NON,DAILY,,,
10673,"Vengurle To Belgaum Via Danoli",Vengurle,Belgaum,DANOLI,MO,25484,Sadegudavade,72.7,,,वेंगुर्ला,बेळगाव,130.7,08:00,12:15,NON,DAILY,,,
10673,"Vengurle To Belgaum Via Danoli",Vengurle,Belgaum,DANOLI,MO,23361,"Bazar Kanur",75,,,वेंगुर्ला,बेळगाव,130.7,08:00,12:15,NON,DAILY,,,
10673,"Vengurle To Belgaum Via Danoli",Vengurle,Belgaum,DANOLI,MO,23326,"Birdi Kanur",77.6,,,वेंगुर्ला,बेळगाव,130.7,08:00,12:15,NON,DAILY,,,
10673,"Vengurle To Belgaum Via Danoli",Vengurle,Belgaum,DANOLI,MO,24762,Mhalunge,81.5,,,वेंगुर्ला,बेळगाव,130.7,08:00,12:15,NON,DAILY,,,
10673,"Vengurle To Belgaum Via Danoli",Vengurle,Belgaum,DANOLI,MO,23971,Hindgaon,83.7,,,वेंगुर्ला,बेळगाव,130.7,08:00,12:15,NON,DAILY,,,
10673,"Vengurle To Belgaum Via Danoli",Vengurle,Belgaum,DANOLI,MO,23443,"Chandgad Fata",87.4,,,वेंगुर्ला,बेळगाव,130.7,08:00,12:15,NON,DAILY,,,
10673,"Vengurle To Belgaum Via Danoli",Vengurle,Belgaum,DANOLI,MO,24951,Nagarwadi,90.5,,,वेंगुर्ला,बेळगाव,130.7,08:00,12:15,NON,DAILY,,,
10673,"Vengurle To Belgaum Via Danoli",Vengurle,Belgaum,DANOLI,MO,23259,Belebhat,90.6,,,वेंगुर्ला,बेळगाव,130.7,08:00,12:15,NON,DAILY,,,
10673,"Vengurle To Belgaum Via Danoli",Vengurle,Belgaum,DANOLI,MO,23500,Date,95.4,,,वेंगुर्ला,बेळगाव,130.7,08:00,12:15,NON,DAILY,,,
10673,"Vengurle To Belgaum Via Danoli",Vengurle,Belgaum,DANOLI,MO,23937,"Halkarni Fata",99.6,,,वेंगुर्ला,बेळगाव,130.7,08:00,12:15,NON,DAILY,,,
10673,"Vengurle To Belgaum Via Danoli",Vengurle,Belgaum,DANOLI,MO,25133,"Patane Fata",101.5,,,वेंगुर्ला,बेळगाव,130.7,08:00,12:15,NON,DAILY,,,
10673,"Vengurle To Belgaum Via Danoli",Vengurle,Belgaum,DANOLI,MO,25884,Turkewadi,104.1,,,वेंगुर्ला,बेळगाव,130.7,08:00,12:15,NON,DAILY,,,
10673,"Vengurle To Belgaum Via Danoli",Vengurle,Belgaum,DANOLI,MO,24562,Kudremani,107.4,,,वेंगुर्ला,बेळगाव,130.7,08:00,12:15,NON,DAILY,,,
10673,"Vengurle To Belgaum Via Danoli",Vengurle,Belgaum,DANOLI,MO,25678,Shinoli,108.9,,,वेंगुर्ला,बेळगाव,130.7,08:00,12:15,NON,DAILY,,,
10673,"Vengurle To Belgaum Via Danoli",Vengurle,Belgaum,DANOLI,MO,73192,"Bachi Krt Border",111.6,,,वेंगुर्ला,बेळगाव,130.7,08:00,12:15,NON,DAILY,,,
10673,"Vengurle To Belgaum Via Danoli",Vengurle,Belgaum,DANOLI,MO,73513,Hindalga,120,,,वेंगुर्ला,बेळगाव,130.7,08:00,12:15,NON,DAILY,,,
10673,"Vengurle To Belgaum Via Danoli",Vengurle,Belgaum,DANOLI,MO,73212,Bogarves,123.8,,,वेंगुर्ला,बेळगाव,130.7,08:00,12:15,NON,DAILY,,,
10673,"Vengurle To Belgaum Via Danoli",Vengurle,Belgaum,DANOLI,MO,73207,"Belgaum Rly. Stn.",126.1,,,वेंगुर्ला,बेळगाव,130.7,08:00,12:15,NON,DAILY,,,
10673,"Vengurle To Belgaum Via Danoli",Vengurle,Belgaum,DANOLI,MO,73214,Belgaum,130.7,,,वेंगुर्ला,बेळगाव,130.7,08:00,12:15,NON,DAILY,,,
125496,"Sawantwadi To Vengurle Via Adeli G.P.O.",Sawantwadi,Vengurle,"ADELI G.P.O.",MO,8663,Sawantwadi,,,,सावंतवाडी,वेंगुर्ला,33,12:00,13:10,NON,DAILY,,,
125496,"Sawantwadi To Vengurle Via Adeli G.P.O.",Sawantwadi,Vengurle,"ADELI G.P.O.",MO,8551,"Kolgaon Thita",3,,,सावंतवाडी,वेंगुर्ला,33,12:00,13:10,NON,DAILY,,,
125496,"Sawantwadi To Vengurle Via Adeli G.P.O.",Sawantwadi,Vengurle,"ADELI G.P.O.",MO,6479,"Akeri Tita",5.9,,,सावंतवाडी,वेंगुर्ला,33,12:00,13:10,NON,DAILY,,,
125496,"Sawantwadi To Vengurle Via Adeli G.P.O.",Sawantwadi,Vengurle,"ADELI G.P.O.",MO,8603,"Nemale Fata",8.1,,,सावंतवाडी,वेंगुर्ला,33,12:00,13:10,NON,DAILY,,,
125496,"Sawantwadi To Vengurle Via Adeli G.P.O.",Sawantwadi,Vengurle,"ADELI G.P.O.",MO,9853,"Kamble Vihir",10.5,,,सावंतवाडी,वेंगुर्ला,33,12:00,13:10,NON,DAILY,,,
125496,"Sawantwadi To Vengurle Via Adeli G.P.O.",Sawantwadi,Vengurle,"ADELI G.P.O.",MO,6200,"Hodawade Vajarat Titha",14.1,,,सावंतवाडी,वेंगुर्ला,33,12:00,13:10,NON,DAILY,,,
125496,"Sawantwadi To Vengurle Via Adeli G.P.O.",Sawantwadi,Vengurle,"ADELI G.P.O.",MO,6404,"Someshwar Mandir",16.3,,,सावंतवाडी,वेंगुर्ला,33,12:00,13:10,NON,DAILY,,,
125496,"Sawantwadi To Vengurle Via Adeli G.P.O.",Sawantwadi,Vengurle,"ADELI G.P.O.",MO,6103,"Adeli G.P.O.",16.9,,,सावंतवाडी,वेंगुर्ला,33,12:00,13:10,NON,DAILY,,,
125496,"Sawantwadi To Vengurle Via Adeli G.P.O.",Sawantwadi,Vengurle,"ADELI G.P.O.",MO,9695,"Kudal Titha",19.7,,,सावंतवाडी,वेंगुर्ला,33,12:00,13:10,NON,DAILY,,,
125496,"Sawantwadi To Vengurle Via Adeli G.P.O.",Sawantwadi,Vengurle,"ADELI G.P.O.",MO,9620,"Bowalekar Wadi",21.1,,,सावंतवाडी,वेंगुर्ला,33,12:00,13:10,NON,DAILY,,,
125496,"Sawantwadi To Vengurle Via Adeli G.P.O.",Sawantwadi,Vengurle,"ADELI G.P.O.",MO,9709,"Math High School",22.9,,,सावंतवाडी,वेंगुर्ला,33,12:00,13:10,NON,DAILY,,,
125496,"Sawantwadi To Vengurle Via Adeli G.P.O.",Sawantwadi,Vengurle,"ADELI G.P.O.",MO,9665,Kankewadi,23.9,,,सावंतवाडी,वेंगुर्ला,33,12:00,13:10,NON,DAILY,,,
125496,"Sawantwadi To Vengurle Via Adeli G.P.O.",Sawantwadi,Vengurle,"ADELI G.P.O.",MO,9708,"Maruti Mandir",26,,,सावंतवाडी,वेंगुर्ला,33,12:00,13:10,NON,DAILY,,,
125496,"Sawantwadi To Vengurle Via Adeli G.P.O.",Sawantwadi,Vengurle,"ADELI G.P.O.",MO,9765,"Rameshwar Mandir",28,,,सावंतवाडी,वेंगुर्ला,33,12:00,13:10,NON,DAILY,,,
125496,"Sawantwadi To Vengurle Via Adeli G.P.O.",Sawantwadi,Vengurle,"ADELI G.P.O.",MO,9758,"Piracha Darga",28.4,,,सावंतवाडी,वेंगुर्ला,33,12:00,13:10,NON,DAILY,,,
125496,"Sawantwadi To Vengurle Via Adeli G.P.O.",Sawantwadi,Vengurle,"ADELI G.P.O.",MO,9824,Vengurle,33,,,सावंतवाडी,वेंगुर्ला,33,12:00,13:10,NON,DAILY,,,
125854,"Sawantwadi To Vengurle Via Hodawada Chavata",Sawantwadi,Vengurle,"HODAWADA CHAVATA",MO,8663,Sawantwadi,,,,सावंतवाडी,वेंगुर्ला,37.8,10:10,11:40,NON,DAILY,,,
125854,"Sawantwadi To Vengurle Via Hodawada Chavata",Sawantwadi,Vengurle,"HODAWADA CHAVATA",MO,8551,"Kolgaon Thita",0.3,,,सावंतवाडी,वेंगुर्ला,37.8,10:10,11:40,NON,DAILY,,,
125854,"Sawantwadi To Vengurle Via Hodawada Chavata",Sawantwadi,Vengurle,"HODAWADA CHAVATA",MO,6479,"Akeri Tita",5.9,,,सावंतवाडी,वेंगुर्ला,37.8,10:10,11:40,NON,DAILY,,,
125854,"Sawantwadi To Vengurle Via Hodawada Chavata",Sawantwadi,Vengurle,"HODAWADA CHAVATA",MO,8603,"Nemale Fata",8.1,,,सावंतवाडी,वेंगुर्ला,37.8,10:10,11:40,NON,DAILY,,,
125854,"Sawantwadi To Vengurle Via Hodawada Chavata",Sawantwadi,Vengurle,"HODAWADA CHAVATA",MO,9853,"Kamble Vihir",10.5,,,सावंतवाडी,वेंगुर्ला,37.8,10:10,11:40,NON,DAILY,,,
125854,"Sawantwadi To Vengurle Via Hodawada Chavata",Sawantwadi,Vengurle,"HODAWADA CHAVATA",MO,6200,"Hodawade Vajarat Titha",14.1,,,सावंतवाडी,वेंगुर्ला,37.8,10:10,11:40,NON,DAILY,,,
125854,"Sawantwadi To Vengurle Via Hodawada Chavata",Sawantwadi,Vengurle,"HODAWADA CHAVATA",MO,9644,"Giroba Mandir",15.3,,,सावंतवाडी,वेंगुर्ला,37.8,10:10,11:40,NON,DAILY,,,
125854,"Sawantwadi To Vengurle Via Hodawada Chavata",Sawantwadi,Vengurle,"HODAWADA CHAVATA",MO,9651,"Hodawada Chavata",17.7,,,सावंतवाडी,वेंगुर्ला,37.8,10:10,11:40,NON,DAILY,,,
125854,"Sawantwadi To Vengurle Via Hodawada Chavata",Sawantwadi,Vengurle,"HODAWADA CHAVATA",MO,9644,"Giroba Mandir",20.1,,,सावंतवाडी,वेंगुर्ला,37.8,10:10,11:40,NON,DAILY,,,
125854,"Sawantwadi To Vengurle Via Hodawada Chavata",Sawantwadi,Vengurle,"HODAWADA CHAVATA",MO,9652,"Hodawada Vazrath Tita",21.3,,,सावंतवाडी,वेंगुर्ला,37.8,10:10,11:40,NON,DAILY,,,
125854,"Sawantwadi To Vengurle Via Hodawada Chavata",Sawantwadi,Vengurle,"HODAWADA CHAVATA",MO,9586,"Adeli High School",22,,,सावंतवाडी,वेंगुर्ला,37.8,10:10,11:40,NON,DAILY,,,
125854,"Sawantwadi To Vengurle Via Hodawada Chavata",Sawantwadi,Vengurle,"HODAWADA CHAVATA",MO,9655,"Jambhul Mala",22.7,,,सावंतवाडी,वेंगुर्ला,37.8,10:10,11:40,NON,DAILY,,,
125854,"Sawantwadi To Vengurle Via Hodawada Chavata",Sawantwadi,Vengurle,"HODAWADA CHAVATA",MO,9695,"Kudal Titha",25.1,,,सावंतवाडी,वेंगुर्ला,37.8,10:10,11:40,NON,DAILY,,,
125854,"Sawantwadi To Vengurle Via Hodawada Chavata",Sawantwadi,Vengurle,"HODAWADA CHAVATA",MO,9620,"Bowalekar Wadi",26.5,,,सावंतवाडी,वेंगुर्ला,37.8,10:10,11:40,NON,DAILY,,,
125854,"Sawantwadi To Vengurle Via Hodawada Chavata",Sawantwadi,Vengurle,"HODAWADA CHAVATA",MO,9709,"Math High School",28.3,,,सावंतवाडी,वेंगुर्ला,37.8,10:10,11:40,NON,DAILY,,,
125854,"Sawantwadi To Vengurle Via Hodawada Chavata",Sawantwadi,Vengurle,"HODAWADA CHAVATA",MO,9665,Kankewadi,29.3,,,सावंतवाडी,वेंगुर्ला,37.8,10:10,11:40,NON,DAILY,,,
125854,"Sawantwadi To Vengurle Via Hodawada Chavata",Sawantwadi,Vengurle,"HODAWADA CHAVATA",MO,9699,"Mail Dagad",31,,,सावंतवाडी,वेंगुर्ला,37.8,10:10,11:40,NON,DAILY,,,
125854,"Sawantwadi To Vengurle Via Hodawada Chavata",Sawantwadi,Vengurle,"HODAWADA CHAVATA",MO,9765,"Rameshwar Mandir",34.4,,,सावंतवाडी,वेंगुर्ला,37.8,10:10,11:40,NON,DAILY,,,
125854,"Sawantwadi To Vengurle Via Hodawada Chavata",Sawantwadi,Vengurle,"HODAWADA CHAVATA",MO,9758,"Piracha Darga",35.2,,,सावंतवाडी,वेंगुर्ला,37.8,10:10,11:40,NON,DAILY,,,
125854,"Sawantwadi To Vengurle Via Hodawada Chavata",Sawantwadi,Vengurle,"HODAWADA CHAVATA",MO,9824,Vengurle,37.8,,,सावंतवाडी,वेंगुर्ला,37.8,10:10,11:40,NON,DAILY,,,
148437,"Nigadi To Vengurle Via Tulas Jaitir Mandir",Nigadi,Vengurle,"TULAS JAITIR MANDIR",MO,8873,Nigadi,,,,चिंचवड,कोल्हापूर,260.7,19:15,01:20,NON,DAILY,,,
148437,"Nigadi To Vengurle Via Tulas Jaitir Mandir",Nigadi,Vengurle,"TULAS JAITIR MANDIR",MO,8951,"Vallabha Nagar",6,,,चिंचवड,कोल्हापूर,260.7,19:15,01:20,NON,DAILY,,,
148437,"Nigadi To Vengurle Via Tulas Jaitir Mandir",Nigadi,Vengurle,"TULAS JAITIR MANDIR",MO,8922,"New Shivaji Nagar Pune",19,,,चिंचवड,कोल्हापूर,260.7,19:15,01:20,NON,DAILY,,,
148437,"Nigadi To Vengurle Via Tulas Jaitir Mandir",Nigadi,Vengurle,"TULAS JAITIR MANDIR",MO,8888,"Pune Rly. Stn.",22.1,,,चिंचवड,कोल्हापूर,260.7,19:15,01:20,NON,DAILY,,,
148437,"Nigadi To Vengurle Via Tulas Jaitir Mandir",Nigadi,Vengurle,"TULAS JAITIR MANDIR",MO,8934,"Swargate, Pune",28.6,,,चिंचवड,कोल्हापूर,260.7,19:15,01:20,NON,DAILY,,,
148437,"Nigadi To Vengurle Via Tulas Jaitir Mandir",Nigadi,Vengurle,"TULAS JAITIR MANDIR",MO,6685,Sarole,69.4,,,चिंचवड,कोल्हापूर,260.7,19:15,01:20,NON,DAILY,,,
148437,"Nigadi To Vengurle Via Tulas Jaitir Mandir",Nigadi,Vengurle,"TULAS JAITIR MANDIR",MO,29233,"Pargaon Khandala",86.1,,,चिंचवड,कोल्हापूर,260.7,19:15,01:20,NON,DAILY,,,
148437,"Nigadi To Vengurle Via Tulas Jaitir Mandir",Nigadi,Vengurle,"TULAS JAITIR MANDIR",MO,33588,"Surur Fata",99,,,चिंचवड,कोल्हापूर,260.7,19:15,01:20,NON,DAILY,,,
148437,"Nigadi To Vengurle Via Tulas Jaitir Mandir",Nigadi,Vengurle,"TULAS JAITIR MANDIR",MO,33460,Bhuinj,109.5,,,चिंचवड,कोल्हापूर,260.7,19:15,01:20,NON,DAILY,,,
148437,"Nigadi To Vengurle Via Tulas Jaitir Mandir",Nigadi,Vengurle,"TULAS JAITIR MANDIR",MO,33566,Pachwad,112,,,चिंचवड,कोल्हापूर,260.7,19:15,01:20,NON,DAILY,,,
148437,"Nigadi To Vengurle Via Tulas Jaitir Mandir",Nigadi,Vengurle,"TULAS JAITIR MANDIR",MO,31298,Satara,134.2,,,चिंचवड,कोल्हापूर,260.7,19:15,01:20,NON,DAILY,,,
148437,"Nigadi To Vengurle Via Tulas Jaitir Mandir",Nigadi,Vengurle,"TULAS JAITIR MANDIR",MO,30896,Atit,155.4,,,चिंचवड,कोल्हापूर,260.7,19:15,01:20,NON,DAILY,,,
148437,"Nigadi To Vengurle Via Tulas Jaitir Mandir",Nigadi,Vengurle,"TULAS JAITIR MANDIR",MO,31099,Kashil,160.7,,,चिंचवड,कोल्हापूर,260.7,19:15,01:20,NON,DAILY,,,
148437,"Nigadi To Vengurle Via Tulas Jaitir Mandir",Nigadi,Vengurle,"TULAS JAITIR MANDIR",MO,28340,Umbraj,169.3,,,चिंचवड,कोल्हापूर,260.7,19:15,01:20,NON,DAILY,,,
148437,"Nigadi To Vengurle Via Tulas Jaitir Mandir",Nigadi,Vengurle,"TULAS JAITIR MANDIR",MO,28184,Karad,187.4,,,चिंचवड,कोल्हापूर,260.7,19:15,01:20,NON,DAILY,,,
148437,"Nigadi To Vengurle Via Tulas Jaitir Mandir",Nigadi,Vengurle,"TULAS JAITIR MANDIR",MO,29764,Nerle,210.3,,,चिंचवड,कोल्हापूर,260.7,19:15,01:20,NON,DAILY,,,
148437,"Nigadi To Vengurle Via Tulas Jaitir Mandir",Nigadi,Vengurle,"TULAS JAITIR MANDIR",MO,26070,Wathar,239.2,,,चिंचवड,कोल्हापूर,260.7,19:15,01:20,NON,DAILY,,,
148437,"Nigadi To Vengurle Via Tulas Jaitir Mandir",Nigadi,Vengurle,"TULAS JAITIR MANDIR",MO,25591,Shiroli,253,,,चिंचवड,कोल्हापूर,260.7,19:15,01:20,NON,DAILY,,,
148437,"Nigadi To Vengurle Via Tulas Jaitir Mandir",Nigadi,Vengurle,"TULAS JAITIR MANDIR",MO,24359,Kolhapur,257.1,,,चिंचवड,कोल्हापूर,260.7,19:15,01:20,NON,DAILY,,,
148437,"Nigadi To Vengurle Via Tulas Jaitir Mandir",Nigadi,Vengurle,"TULAS JAITIR MANDIR",MO,24283,Kagal,277,,,चिंचवड,कोल्हापूर,260.7,19:15,01:20,NON,DAILY,,,
148437,"Nigadi To Vengurle Via Tulas Jaitir Mandir",Nigadi,Vengurle,"TULAS JAITIR MANDIR",MO,73718,Kognoli,278,,,चिंचवड,कोल्हापूर,260.7,19:15,01:20,NON,DAILY,,,
148437,"Nigadi To Vengurle Via Tulas Jaitir Mandir",Nigadi,Vengurle,"TULAS JAITIR MANDIR",MO,73937,Nipani,297.8,,,चिंचवड,कोल्हापूर,260.7,19:15,01:20,NON,DAILY,,,
148437,"Nigadi To Vengurle Via Tulas Jaitir Mandir",Nigadi,Vengurle,"TULAS JAITIR MANDIR",MO,73922,"Nagnur Krt Border",310,,,चिंचवड,कोल्हापूर,260.7,19:15,01:20,NON,DAILY,,,
148437,"Nigadi To Vengurle Via Tulas Jaitir Mandir",Nigadi,Vengurle,"TULAS JAITIR MANDIR",MO,25035,Nangnur,310.5,,,चिंचवड,कोल्हापूर,260.7,19:15,01:20,NON,DAILY,,,
148437,"Nigadi To Vengurle Via Tulas Jaitir Mandir",Nigadi,Vengurle,"TULAS JAITIR MANDIR",MO,23739,Gadhinglaj,325.8,,,चिंचवड,कोल्हापूर,260.7,19:15,01:20,NON,DAILY,,,
148437,"Nigadi To Vengurle Via Tulas Jaitir Mandir",Nigadi,Vengurle,"TULAS JAITIR MANDIR",MO,24646,Madilage,336.9,,,चिंचवड,कोल्हापूर,260.7,19:15,01:20,NON,DAILY,,,
148437,"Nigadi To Vengurle Via Tulas Jaitir Mandir",Nigadi,Vengurle,"TULAS JAITIR MANDIR",MO,23010,Ajara,343.7,,,चिंचवड,कोल्हापूर,260.7,19:15,01:20,NON,DAILY,,,
148437,"Nigadi To Vengurle Via Tulas Jaitir Mandir",Nigadi,Vengurle,"TULAS JAITIR MANDIR",MO,24689,Masoli,345.6,,,चिंचवड,कोल्हापूर,260.7,19:15,01:20,NON,DAILY,,,
148437,"Nigadi To Vengurle Via Tulas Jaitir Mandir",Nigadi,Vengurle,"TULAS JAITIR MANDIR",MO,23882,Haloli,349.5,,,चिंचवड,कोल्हापूर,260.7,19:15,01:20,NON,DAILY,,,
148437,"Nigadi To Vengurle Via Tulas Jaitir Mandir",Nigadi,Vengurle,"TULAS JAITIR MANDIR",MO,23376,Chaloba,350.5,,,चिंचवड,कोल्हापूर,260.7,19:15,01:20,NON,DAILY,,,
148437,"Nigadi To Vengurle Via Tulas Jaitir Mandir",Nigadi,Vengurle,"TULAS JAITIR MANDIR",MO,23872,Gavase,355.4,,,चिंचवड,कोल्हापूर,260.7,19:15,01:20,NON,DAILY,,,
148437,"Nigadi To Vengurle Via Tulas Jaitir Mandir",Nigadi,Vengurle,"TULAS JAITIR MANDIR",MO,25615,Suleran,356.5,,,चिंचवड,कोल्हापूर,260.7,19:15,01:20,NON,DAILY,,,
148437,"Nigadi To Vengurle Via Tulas Jaitir Mandir",Nigadi,Vengurle,"TULAS JAITIR MANDIR",MO,23585,Dhangarmala,360.5,,,चिंचवड,कोल्हापूर,260.7,19:15,01:20,NON,DAILY,,,
148437,"Nigadi To Vengurle Via Tulas Jaitir Mandir",Nigadi,Vengurle,"TULAS JAITIR MANDIR",MO,23762,Ghatkarwadi,363.2,,,चिंचवड,कोल्हापूर,260.7,19:15,01:20,NON,DAILY,,,
148437,"Nigadi To Vengurle Via Tulas Jaitir Mandir",Nigadi,Vengurle,"TULAS JAITIR MANDIR",MO,24833,Menon,364.5,,,चिंचवड,कोल्हापूर,260.7,19:15,01:20,NON,DAILY,,,
148437,"Nigadi To Vengurle Via Tulas Jaitir Mandir",Nigadi,Vengurle,"TULAS JAITIR MANDIR",MO,8606,"Nangartas Awate Dukan",366.5,,,चिंचवड,कोल्हापूर,260.7,19:15,01:20,NON,DAILY,,,
148437,"Nigadi To Vengurle Via Tulas Jaitir Mandir",Nigadi,Vengurle,"TULAS JAITIR MANDIR",MO,8473,"Ajra Fata",369.5,,,चिंचवड,कोल्हापूर,260.7,19:15,01:20,NON,DAILY,,,
148437,"Nigadi To Vengurle Via Tulas Jaitir Mandir",Nigadi,Vengurle,"TULAS JAITIR MANDIR",MO,8582,Mulvanwadi,370.5,,,चिंचवड,कोल्हापूर,260.7,19:15,01:20,NON,DAILY,,,
148437,"Nigadi To Vengurle Via Tulas Jaitir Mandir",Nigadi,Vengurle,"TULAS JAITIR MANDIR",MO,8470,Amboli,376.4,,,चिंचवड,कोल्हापूर,260.7,19:15,01:20,NON,DAILY,,,
148437,"Nigadi To Vengurle Via Tulas Jaitir Mandir",Nigadi,Vengurle,"TULAS JAITIR MANDIR",MO,8564,Kumbheshwar,390.5,,,चिंचवड,कोल्हापूर,260.7,19:15,01:20,NON,DAILY,,,
148437,"Nigadi To Vengurle Via Tulas Jaitir Mandir",Nigadi,Vengurle,"TULAS JAITIR MANDIR",MO,8510,Danoli,392.8,,,चिंचवड,कोल्हापूर,260.7,19:15,01:20,NON,DAILY,,,
148437,"Nigadi To Vengurle Via Tulas Jaitir Mandir",Nigadi,Vengurle,"TULAS JAITIR MANDIR",MO,8505,Dhawadki,394.5,,,चिंचवड,कोल्हापूर,260.7,19:15,01:20,NON,DAILY,,,
148437,"Nigadi To Vengurle Via Tulas Jaitir Mandir",Nigadi,Vengurle,"TULAS JAITIR MANDIR",MO,8570,Madkhol,397.4,,,चिंचवड,कोल्हापूर,260.7,19:15,01:20,NON,DAILY,,,
148437,"Nigadi To Vengurle Via Tulas Jaitir Mandir",Nigadi,Vengurle,"TULAS JAITIR MANDIR",MO,8653,"Sapale Stop",400.5,,,चिंचवड,कोल्हापूर,260.7,19:15,01:20,NON,DAILY,,,
148437,"Nigadi To Vengurle Via Tulas Jaitir Mandir",Nigadi,Vengurle,"TULAS JAITIR MANDIR",MO,8488,"Burdi Pul",403.5,,,चिंचवड,कोल्हापूर,260.7,19:15,01:20,NON,DAILY,,,
148437,"Nigadi To Vengurle Via Tulas Jaitir Mandir",Nigadi,Vengurle,"TULAS JAITIR MANDIR",MO,8663,Sawantwadi,405.9,,,चिंचवड,कोल्हापूर,260.7,19:15,01:20,NON,DAILY,,,
148437,"Nigadi To Vengurle Via Tulas Jaitir Mandir",Nigadi,Vengurle,"TULAS JAITIR MANDIR",MO,8523,"Gulabi Titha",409.2,,,चिंचवड,कोल्हापूर,260.7,19:15,01:20,NON,DAILY,,,
148437,"Nigadi To Vengurle Via Tulas Jaitir Mandir",Nigadi,Vengurle,"TULAS JAITIR MANDIR",MO,8580,Malgaon,410.9,,,चिंचवड,कोल्हापूर,260.7,19:15,01:20,NON,DAILY,,,
148437,"Nigadi To Vengurle Via Tulas Jaitir Mandir",Nigadi,Vengurle,"TULAS JAITIR MANDIR",MO,8674,"Vengurle Shiroda Titha",412.2,,,चिंचवड,कोल्हापूर,260.7,19:15,01:20,NON,DAILY,,,
148437,"Nigadi To Vengurle Via Tulas Jaitir Mandir",Nigadi,Vengurle,"TULAS JAITIR MANDIR",MO,8641,"Railway Station",413.1,,,चिंचवड,कोल्हापूर,260.7,19:15,01:20,NON,DAILY,,,
148437,"Nigadi To Vengurle Via Tulas Jaitir Mandir",Nigadi,Vengurle,"TULAS JAITIR MANDIR",MO,9692,"Konapal Bhaid",415.7,,,चिंचवड,कोल्हापूर,260.7,19:15,01:20,NON,DAILY,,,
148437,"Nigadi To Vengurle Via Tulas Jaitir Mandir",Nigadi,Vengurle,"TULAS JAITIR MANDIR",MO,9798,"Talawade Gate",419.5,,,चिंचवड,कोल्हापूर,260.7,19:15,01:20,NON,DAILY,,,
148437,"Nigadi To Vengurle Via Tulas Jaitir Mandir",Nigadi,Vengurle,"TULAS JAITIR MANDIR",MO,9650,Hodawada,420.9,,,चिंचवड,कोल्हापूर,260.7,19:15,01:20,NON,DAILY,,,
148437,"Nigadi To Vengurle Via Tulas Jaitir Mandir",Nigadi,Vengurle,"TULAS JAITIR MANDIR",MO,9812,"Tulas Jaitir Mandir",424.9,,,चिंचवड,कोल्हापूर,260.7,19:15,01:20,NON,DAILY,,,
148437,"Nigadi To Vengurle Via Tulas Jaitir Mandir",Nigadi,Vengurle,"TULAS JAITIR MANDIR",MO,9815,"Tulus Gorewadi",428.5,,,चिंचवड,कोल्हापूर,260.7,19:15,01:20,NON,DAILY,,,
148437,"Nigadi To Vengurle Via Tulas Jaitir Mandir",Nigadi,Vengurle,"TULAS JAITIR MANDIR",MO,9742,"Octroi Naka Ansur Fata",430.5,,,चिंचवड,कोल्हापूर,260.7,19:15,01:20,NON,DAILY,,,
148437,"Nigadi To Vengurle Via Tulas Jaitir Mandir",Nigadi,Vengurle,"TULAS JAITIR MANDIR",MO,9765,"Rameshwar Mandir",433.1,,,चिंचवड,कोल्हापूर,260.7,19:15,01:20,NON,DAILY,,,
148437,"Nigadi To Vengurle Via Tulas Jaitir Mandir",Nigadi,Vengurle,"TULAS JAITIR MANDIR",MO,9824,Vengurle,436,,,चिंचवड,कोल्हापूर,260.7,19:15,01:20,NON,DAILY,,,
148442,"Vengurle To Nigadi Via Tulas Jaitir Mandir",Vengurle,Nigadi,"TULAS JAITIR MANDIR",MO,9824,Vengurle,,,,वेंगुर्ला,कोल्हापूर,180.3,16:00,20:45,NON,DAILY,,,
148442,"Vengurle To Nigadi Via Tulas Jaitir Mandir",Vengurle,Nigadi,"TULAS JAITIR MANDIR",MO,9765,"Rameshwar Mandir",2.9,,,वेंगुर्ला,कोल्हापूर,180.3,16:00,20:45,NON,DAILY,,,
148442,"Vengurle To Nigadi Via Tulas Jaitir Mandir",Vengurle,Nigadi,"TULAS JAITIR MANDIR",MO,9742,"Octroi Naka Ansur Fata",5.5,,,वेंगुर्ला,कोल्हापूर,180.3,16:00,20:45,NON,DAILY,,,
148442,"Vengurle To Nigadi Via Tulas Jaitir Mandir",Vengurle,Nigadi,"TULAS JAITIR MANDIR",MO,9815,"Tulus Gorewadi",7.5,,,वेंगुर्ला,कोल्हापूर,180.3,16:00,20:45,NON,DAILY,,,
148442,"Vengurle To Nigadi Via Tulas Jaitir Mandir",Vengurle,Nigadi,"TULAS JAITIR MANDIR",MO,9812,"Tulas Jaitir Mandir",11.1,,,वेंगुर्ला,कोल्हापूर,180.3,16:00,20:45,NON,DAILY,,,
148442,"Vengurle To Nigadi Via Tulas Jaitir Mandir",Vengurle,Nigadi,"TULAS JAITIR MANDIR",MO,9650,Hodawada,15.1,,,वेंगुर्ला,कोल्हापूर,180.3,16:00,20:45,NON,DAILY,,,
148442,"Vengurle To Nigadi Via Tulas Jaitir Mandir",Vengurle,Nigadi,"TULAS JAITIR MANDIR",MO,9798,"Talawade Gate",16.5,,,वेंगुर्ला,कोल्हापूर,180.3,16:00,20:45,NON,DAILY,,,
148442,"Vengurle To Nigadi Via Tulas Jaitir Mandir",Vengurle,Nigadi,"TULAS JAITIR MANDIR",MO,9692,"Konapal Bhaid",20.3,,,वेंगुर्ला,कोल्हापूर,180.3,16:00,20:45,NON,DAILY,,,
148442,"Vengurle To Nigadi Via Tulas Jaitir Mandir",Vengurle,Nigadi,"TULAS JAITIR MANDIR",MO,8641,"Railway Station",22.9,,,वेंगुर्ला,कोल्हापूर,180.3,16:00,20:45,NON,DAILY,,,
148442,"Vengurle To Nigadi Via Tulas Jaitir Mandir",Vengurle,Nigadi,"TULAS JAITIR MANDIR",MO,8674,"Vengurle Shiroda Titha",23.8,,,वेंगुर्ला,कोल्हापूर,180.3,16:00,20:45,NON,DAILY,,,
148442,"Vengurle To Nigadi Via Tulas Jaitir Mandir",Vengurle,Nigadi,"TULAS JAITIR MANDIR",MO,8580,Malgaon,25.1,,,वेंगुर्ला,कोल्हापूर,180.3,16:00,20:45,NON,DAILY,,,
148442,"Vengurle To Nigadi Via Tulas Jaitir Mandir",Vengurle,Nigadi,"TULAS JAITIR MANDIR",MO,8523,"Gulabi Titha",26.8,,,वेंगुर्ला,कोल्हापूर,180.3,16:00,20:45,NON,DAILY,,,
148442,"Vengurle To Nigadi Via Tulas Jaitir Mandir",Vengurle,Nigadi,"TULAS JAITIR MANDIR",MO,8663,Sawantwadi,30.1,,,वेंगुर्ला,कोल्हापूर,180.3,16:00,20:45,NON,DAILY,,,
148442,"Vengurle To Nigadi Via Tulas Jaitir Mandir",Vengurle,Nigadi,"TULAS JAITIR MANDIR",MO,8488,"Burdi Pul",32.5,,,वेंगुर्ला,कोल्हापूर,180.3,16:00,20:45,NON,DAILY,,,
148442,"Vengurle To Nigadi Via Tulas Jaitir Mandir",Vengurle,Nigadi,"TULAS JAITIR MANDIR",MO,8653,"Sapale Stop",35.5,,,वेंगुर्ला,कोल्हापूर,180.3,16:00,20:45,NON,DAILY,,,
148442,"Vengurle To Nigadi Via Tulas Jaitir Mandir",Vengurle,Nigadi,"TULAS JAITIR MANDIR",MO,8570,Madkhol,38.6,,,वेंगुर्ला,कोल्हापूर,180.3,16:00,20:45,NON,DAILY,,,
148442,"Vengurle To Nigadi Via Tulas Jaitir Mandir",Vengurle,Nigadi,"TULAS JAITIR MANDIR",MO,8505,Dhawadki,41.5,,,वेंगुर्ला,कोल्हापूर,180.3,16:00,20:45,NON,DAILY,,,
148442,"Vengurle To Nigadi Via Tulas Jaitir Mandir",Vengurle,Nigadi,"TULAS JAITIR MANDIR",MO,8510,Danoli,43.2,,,वेंगुर्ला,कोल्हापूर,180.3,16:00,20:45,NON,DAILY,,,
148442,"Vengurle To Nigadi Via Tulas Jaitir Mandir",Vengurle,Nigadi,"TULAS JAITIR MANDIR",MO,8564,Kumbheshwar,45.5,,,वेंगुर्ला,कोल्हापूर,180.3,16:00,20:45,NON,DAILY,,,
148442,"Vengurle To Nigadi Via Tulas Jaitir Mandir",Vengurle,Nigadi,"TULAS JAITIR MANDIR",MO,8470,Amboli,59.6,,,वेंगुर्ला,कोल्हापूर,180.3,16:00,20:45,NON,DAILY,,,
148442,"Vengurle To Nigadi Via Tulas Jaitir Mandir",Vengurle,Nigadi,"TULAS JAITIR MANDIR",MO,8582,Mulvanwadi,65.5,,,वेंगुर्ला,कोल्हापूर,180.3,16:00,20:45,NON,DAILY,,,
148442,"Vengurle To Nigadi Via Tulas Jaitir Mandir",Vengurle,Nigadi,"TULAS JAITIR MANDIR",MO,8473,"Ajra Fata",66.5,,,वेंगुर्ला,कोल्हापूर,180.3,16:00,20:45,NON,DAILY,,,
148442,"Vengurle To Nigadi Via Tulas Jaitir Mandir",Vengurle,Nigadi,"TULAS JAITIR MANDIR",MO,8606,"Nangartas Awate Dukan",69.5,,,वेंगुर्ला,कोल्हापूर,180.3,16:00,20:45,NON,DAILY,,,
148442,"Vengurle To Nigadi Via Tulas Jaitir Mandir",Vengurle,Nigadi,"TULAS JAITIR MANDIR",MO,24833,Menon,71.5,,,वेंगुर्ला,कोल्हापूर,180.3,16:00,20:45,NON,DAILY,,,
148442,"Vengurle To Nigadi Via Tulas Jaitir Mandir",Vengurle,Nigadi,"TULAS JAITIR MANDIR",MO,23762,Ghatkarwadi,72.8,,,वेंगुर्ला,कोल्हापूर,180.3,16:00,20:45,NON,DAILY,,,
148442,"Vengurle To Nigadi Via Tulas Jaitir Mandir",Vengurle,Nigadi,"TULAS JAITIR MANDIR",MO,23585,Dhangarmala,75.5,,,वेंगुर्ला,कोल्हापूर,180.3,16:00,20:45,NON,DAILY,,,
148442,"Vengurle To Nigadi Via Tulas Jaitir Mandir",Vengurle,Nigadi,"TULAS JAITIR MANDIR",MO,25615,Suleran,79.5,,,वेंगुर्ला,कोल्हापूर,180.3,16:00,20:45,NON,DAILY,,,
148442,"Vengurle To Nigadi Via Tulas Jaitir Mandir",Vengurle,Nigadi,"TULAS JAITIR MANDIR",MO,23872,Gavase,80.6,,,वेंगुर्ला,कोल्हापूर,180.3,16:00,20:45,NON,DAILY,,,
148442,"Vengurle To Nigadi Via Tulas Jaitir Mandir",Vengurle,Nigadi,"TULAS JAITIR MANDIR",MO,23376,Chaloba,85.5,,,वेंगुर्ला,कोल्हापूर,180.3,16:00,20:45,NON,DAILY,,,
148442,"Vengurle To Nigadi Via Tulas Jaitir Mandir",Vengurle,Nigadi,"TULAS JAITIR MANDIR",MO,23882,Haloli,86.5,,,वेंगुर्ला,कोल्हापूर,180.3,16:00,20:45,NON,DAILY,,,
148442,"Vengurle To Nigadi Via Tulas Jaitir Mandir",Vengurle,Nigadi,"TULAS JAITIR MANDIR",MO,24689,Masoli,90.4,,,वेंगुर्ला,कोल्हापूर,180.3,16:00,20:45,NON,DAILY,,,
148442,"Vengurle To Nigadi Via Tulas Jaitir Mandir",Vengurle,Nigadi,"TULAS JAITIR MANDIR",MO,23010,Ajara,92.3,,,वेंगुर्ला,कोल्हापूर,180.3,16:00,20:45,NON,DAILY,,,
148442,"Vengurle To Nigadi Via Tulas Jaitir Mandir",Vengurle,Nigadi,"TULAS JAITIR MANDIR",MO,24646,Madilage,99.1,,,वेंगुर्ला,कोल्हापूर,180.3,16:00,20:45,NON,DAILY,,,
148442,"Vengurle To Nigadi Via Tulas Jaitir Mandir",Vengurle,Nigadi,"TULAS JAITIR MANDIR",MO,25924,Uttur,100,,,वेंगुर्ला,कोल्हापूर,180.3,16:00,20:45,NON,DAILY,,,
148442,"Vengurle To Nigadi Via Tulas Jaitir Mandir",Vengurle,Nigadi,"TULAS JAITIR MANDIR",MO,23739,Gadhinglaj,110.2,,,वेंगुर्ला,कोल्हापूर,180.3,16:00,20:45,NON,DAILY,,,
148442,"Vengurle To Nigadi Via Tulas Jaitir Mandir",Vengurle,Nigadi,"TULAS JAITIR MANDIR",MO,25035,Nangnur,125.5,,,वेंगुर्ला,कोल्हापूर,180.3,16:00,20:45,NON,DAILY,,,
148442,"Vengurle To Nigadi Via Tulas Jaitir Mandir",Vengurle,Nigadi,"TULAS JAITIR MANDIR",MO,73922,"Nagnur Krt Border",126,,,वेंगुर्ला,कोल्हापूर,180.3,16:00,20:45,NON,DAILY,,,
148442,"Vengurle To Nigadi Via Tulas Jaitir Mandir",Vengurle,Nigadi,"TULAS JAITIR MANDIR",MO,73937,Nipani,138.2,,,वेंगुर्ला,कोल्हापूर,180.3,16:00,20:45,NON,DAILY,,,
148442,"Vengurle To Nigadi Via Tulas Jaitir Mandir",Vengurle,Nigadi,"TULAS JAITIR MANDIR",MO,73718,Kognoli,158,,,वेंगुर्ला,कोल्हापूर,180.3,16:00,20:45,NON,DAILY,,,
148442,"Vengurle To Nigadi Via Tulas Jaitir Mandir",Vengurle,Nigadi,"TULAS JAITIR MANDIR",MO,24283,Kagal,159,,,वेंगुर्ला,कोल्हापूर,180.3,16:00,20:45,NON,DAILY,,,
148442,"Vengurle To Nigadi Via Tulas Jaitir Mandir",Vengurle,Nigadi,"TULAS JAITIR MANDIR",MO,24359,Kolhapur,178.9,,,वेंगुर्ला,कोल्हापूर,180.3,16:00,20:45,NON,DAILY,,,
148442,"Vengurle To Nigadi Via Tulas Jaitir Mandir",Vengurle,Nigadi,"TULAS JAITIR MANDIR",MO,25591,Shiroli,183,,,वेंगुर्ला,कोल्हापूर,180.3,16:00,20:45,NON,DAILY,,,
148442,"Vengurle To Nigadi Via Tulas Jaitir Mandir",Vengurle,Nigadi,"TULAS JAITIR MANDIR",MO,26070,Wathar,196.8,,,वेंगुर्ला,कोल्हापूर,180.3,16:00,20:45,NON,DAILY,,,
148442,"Vengurle To Nigadi Via Tulas Jaitir Mandir",Vengurle,Nigadi,"TULAS JAITIR MANDIR",MO,29764,Nerle,225.7,,,वेंगुर्ला,कोल्हापूर,180.3,16:00,20:45,NON,DAILY,,,
148442,"Vengurle To Nigadi Via Tulas Jaitir Mandir",Vengurle,Nigadi,"TULAS JAITIR MANDIR",MO,28184,Karad,248.6,,,वेंगुर्ला,कोल्हापूर,180.3,16:00,20:45,NON,DAILY,,,
148442,"Vengurle To Nigadi Via Tulas Jaitir Mandir",Vengurle,Nigadi,"TULAS JAITIR MANDIR",MO,28340,Umbraj,266.7,,,वेंगुर्ला,कोल्हापूर,180.3,16:00,20:45,NON,DAILY,,,
148442,"Vengurle To Nigadi Via Tulas Jaitir Mandir",Vengurle,Nigadi,"TULAS JAITIR MANDIR",MO,31099,Kashil,275.3,,,वेंगुर्ला,कोल्हापूर,180.3,16:00,20:45,NON,DAILY,,,
148442,"Vengurle To Nigadi Via Tulas Jaitir Mandir",Vengurle,Nigadi,"TULAS JAITIR MANDIR",MO,30896,Atit,280.6,,,वेंगुर्ला,कोल्हापूर,180.3,16:00,20:45,NON,DAILY,,,
148442,"Vengurle To Nigadi Via Tulas Jaitir Mandir",Vengurle,Nigadi,"TULAS JAITIR MANDIR",MO,31298,Satara,301.8,,,वेंगुर्ला,कोल्हापूर,180.3,16:00,20:45,NON,DAILY,,,
148442,"Vengurle To Nigadi Via Tulas Jaitir Mandir",Vengurle,Nigadi,"TULAS JAITIR MANDIR",MO,33566,Pachwad,324,,,वेंगुर्ला,कोल्हापूर,180.3,16:00,20:45,NON,DAILY,,,
148442,"Vengurle To Nigadi Via Tulas Jaitir Mandir",Vengurle,Nigadi,"TULAS JAITIR MANDIR",MO,33460,Bhuinj,326.5,,,वेंगुर्ला,कोल्हापूर,180.3,16:00,20:45,NON,DAILY,,,
148442,"Vengurle To Nigadi Via Tulas Jaitir Mandir",Vengurle,Nigadi,"TULAS JAITIR MANDIR",MO,33588,"Surur Fata",337,,,वेंगुर्ला,कोल्हापूर,180.3,16:00,20:45,NON,DAILY,,,
148442,"Vengurle To Nigadi Via Tulas Jaitir Mandir",Vengurle,Nigadi,"TULAS JAITIR MANDIR",MO,29233,"Pargaon Khandala",349.9,,,वेंगुर्ला,कोल्हापूर,180.3,16:00,20:45,NON,DAILY,,,
148442,"Vengurle To Nigadi Via Tulas Jaitir Mandir",Vengurle,Nigadi,"TULAS JAITIR MANDIR",MO,6685,Sarole,366.6,,,वेंगुर्ला,कोल्हापूर,180.3,16:00,20:45,NON,DAILY,,,
148442,"Vengurle To Nigadi Via Tulas Jaitir Mandir",Vengurle,Nigadi,"TULAS JAITIR MANDIR",MO,8934,"Swargate, Pune",407.4,,,वेंगुर्ला,कोल्हापूर,180.3,16:00,20:45,NON,DAILY,,,
148442,"Vengurle To Nigadi Via Tulas Jaitir Mandir",Vengurle,Nigadi,"TULAS JAITIR MANDIR",MO,8888,"Pune Rly. Stn.",413.9,,,वेंगुर्ला,कोल्हापूर,180.3,16:00,20:45,NON,DAILY,,,
148442,"Vengurle To Nigadi Via Tulas Jaitir Mandir",Vengurle,Nigadi,"TULAS JAITIR MANDIR",MO,8922,"New Shivaji Nagar Pune",417,,,वेंगुर्ला,कोल्हापूर,180.3,16:00,20:45,NON,DAILY,,,
148442,"Vengurle To Nigadi Via Tulas Jaitir Mandir",Vengurle,Nigadi,"TULAS JAITIR MANDIR",MO,8774,Dighi,425.5,,,वेंगुर्ला,कोल्हापूर,180.3,16:00,20:45,NON,DAILY,,,
148442,"Vengurle To Nigadi Via Tulas Jaitir Mandir",Vengurle,Nigadi,"TULAS JAITIR MANDIR",MO,8718,Bhosari,428.5,,,वेंगुर्ला,कोल्हापूर,180.3,16:00,20:45,NON,DAILY,,,
148442,"Vengurle To Nigadi Via Tulas Jaitir Mandir",Vengurle,Nigadi,"TULAS JAITIR MANDIR",MO,8951,"Vallabha Nagar",430,,,वेंगुर्ला,कोल्हापूर,180.3,16:00,20:45,NON,DAILY,,,
148442,"Vengurle To Nigadi Via Tulas Jaitir Mandir",Vengurle,Nigadi,"TULAS JAITIR MANDIR",MO,8873,Nigadi,436,,,वेंगुर्ला,कोल्हापूर,180.3,16:00,20:45,NON,DAILY,,,
11192,"Sawantwadi To Vengurle Via Math High School",Sawantwadi,Vengurle,"MATH HIGH SCHOOL",MO,8663,Sawantwadi,,,,सावंतवाडी,वेंगुर्ला,28.1,17:05,18:05,NON,DAILY,,,
11192,"Sawantwadi To Vengurle Via Math High School",Sawantwadi,Vengurle,"MATH HIGH SCHOOL",MO,8551,"Kolgaon Thita",4,,,सावंतवाडी,वेंगुर्ला,28.1,17:05,18:05,NON,DAILY,,,
11192,"Sawantwadi To Vengurle Via Math High School",Sawantwadi,Vengurle,"MATH HIGH SCHOOL",MO,6101,Akeri,5.9,,,सावंतवाडी,वेंगुर्ला,28.1,17:05,18:05,NON,DAILY,,,
11192,"Sawantwadi To Vengurle Via Math High School",Sawantwadi,Vengurle,"MATH HIGH SCHOOL",MO,6342,"Nemale Fata",8.1,,,सावंतवाडी,वेंगुर्ला,28.1,17:05,18:05,NON,DAILY,,,
11192,"Sawantwadi To Vengurle Via Math High School",Sawantwadi,Vengurle,"MATH HIGH SCHOOL",MO,6479,"Akeri Tita",9,,,सावंतवाडी,वेंगुर्ला,28.1,17:05,18:05,NON,DAILY,,,
11192,"Sawantwadi To Vengurle Via Math High School",Sawantwadi,Vengurle,"MATH HIGH SCHOOL",MO,9663,Kamaleveer,12,,,सावंतवाडी,वेंगुर्ला,28.1,17:05,18:05,NON,DAILY,,,
11192,"Sawantwadi To Vengurle Via Math High School",Sawantwadi,Vengurle,"MATH HIGH SCHOOL",MO,9699,"Mail Dagad",13.5,,,सावंतवाडी,वेंगुर्ला,28.1,17:05,18:05,NON,DAILY,,,
11192,"Sawantwadi To Vengurle Via Math High School",Sawantwadi,Vengurle,"MATH HIGH SCHOOL",MO,9585,Adeli,14.2,,,सावंतवाडी,वेंगुर्ला,28.1,17:05,18:05,NON,DAILY,,,
11192,"Sawantwadi To Vengurle Via Math High School",Sawantwadi,Vengurle,"MATH HIGH SCHOOL",MO,9655,"Jambhul Mala",15.5,,,सावंतवाडी,वेंगुर्ला,28.1,17:05,18:05,NON,DAILY,,,
11192,"Sawantwadi To Vengurle Via Math High School",Sawantwadi,Vengurle,"MATH HIGH SCHOOL",MO,9620,"Bowalekar Wadi",19.3,,,सावंतवाडी,वेंगुर्ला,28.1,17:05,18:05,NON,DAILY,,,
11192,"Sawantwadi To Vengurle Via Math High School",Sawantwadi,Vengurle,"MATH HIGH SCHOOL",MO,9710,Mathkarwadi,20.3,,,सावंतवाडी,वेंगुर्ला,28.1,17:05,18:05,NON,DAILY,,,
11192,"Sawantwadi To Vengurle Via Math High School",Sawantwadi,Vengurle,"MATH HIGH SCHOOL",MO,9709,"Math High School",21.1,,,सावंतवाडी,वेंगुर्ला,28.1,17:05,18:05,NON,DAILY,,,
11192,"Sawantwadi To Vengurle Via Math High School",Sawantwadi,Vengurle,"MATH HIGH SCHOOL",MO,9665,Kankewadi,22.1,,,सावंतवाडी,वेंगुर्ला,28.1,17:05,18:05,NON,DAILY,,,
11192,"Sawantwadi To Vengurle Via Math High School",Sawantwadi,Vengurle,"MATH HIGH SCHOOL",MO,9708,"Maruti Mandir",27.3,,,सावंतवाडी,वेंगुर्ला,28.1,17:05,18:05,NON,DAILY,,,
11192,"Sawantwadi To Vengurle Via Math High School",Sawantwadi,Vengurle,"MATH HIGH SCHOOL",MO,9765,"Rameshwar Mandir",27.4,,,सावंतवाडी,वेंगुर्ला,28.1,17:05,18:05,NON,DAILY,,,
11192,"Sawantwadi To Vengurle Via Math High School",Sawantwadi,Vengurle,"MATH HIGH SCHOOL",MO,9758,"Piracha Darga",27.6,,,सावंतवाडी,वेंगुर्ला,28.1,17:05,18:05,NON,DAILY,,,
11192,"Sawantwadi To Vengurle Via Math High School",Sawantwadi,Vengurle,"MATH HIGH SCHOOL",MO,9824,Vengurle,28.1,,,सावंतवाडी,वेंगुर्ला,28.1,17:05,18:05,NON,DAILY,,,
10904,"Shiroda To Deobag Via Kudal",Shiroda,Deobag,"Kudal St Depot",MO,9789,Shiroda,,,,शिरोडा,देवबाग,83.4,16:50,19:50,OBL,DAILY,,,
10904,"Shiroda To Deobag Via Kudal",Shiroda,Deobag,"Kudal St Depot",MO,9826,"Vetoba Mandir",2.5,,,शिरोडा,देवबाग,83.4,16:50,19:50,OBL,DAILY,,,
10904,"Shiroda To Deobag Via Kudal",Shiroda,Deobag,"Kudal St Depot",MO,9730,Naichiad,6,,,शिरोडा,देवबाग,83.4,16:50,19:50,OBL,DAILY,,,
10904,"Shiroda To Deobag Via Kudal",Shiroda,Deobag,"Kudal St Depot",MO,9722,Mochemand,8.8,,,शिरोडा,देवबाग,83.4,16:50,19:50,OBL,DAILY,,,
10904,"Shiroda To Deobag Via Kudal",Shiroda,Deobag,"Kudal St Depot",MO,9726,"Mundale Shop",10,,,शिरोडा,देवबाग,83.4,16:50,19:50,OBL,DAILY,,,
10904,"Shiroda To Deobag Via Kudal",Shiroda,Deobag,"Kudal St Depot",MO,9817,"Ubhadanda School -2",12.2,,,शिरोडा,देवबाग,83.4,16:50,19:50,OBL,DAILY,,,
10904,"Shiroda To Deobag Via Kudal",Shiroda,Deobag,"Kudal St Depot",MO,9824,Vengurle,14.7,,,शिरोडा,देवबाग,83.4,16:50,19:50,OBL,DAILY,,,
10904,"Shiroda To Deobag Via Kudal",Shiroda,Deobag,"Kudal St Depot",MO,9708,"Maruti Mandir",15.5,,,शिरोडा,देवबाग,83.4,16:50,19:50,OBL,DAILY,,,
10904,"Shiroda To Deobag Via Kudal",Shiroda,Deobag,"Kudal St Depot",MO,9665,Kankewadi,20.7,,,शिरोडा,देवबाग,83.4,16:50,19:50,OBL,DAILY,,,
10904,"Shiroda To Deobag Via Kudal",Shiroda,Deobag,"Kudal St Depot",MO,9709,"Math High School",21.7,,,शिरोडा,देवबाग,83.4,16:50,19:50,OBL,DAILY,,,
10904,"Shiroda To Deobag Via Kudal",Shiroda,Deobag,"Kudal St Depot",MO,9620,"Bowalekar Wadi",23.5,,,शिरोडा,देवबाग,83.4,16:50,19:50,OBL,DAILY,,,
10904,"Shiroda To Deobag Via Kudal",Shiroda,Deobag,"Kudal St Depot",MO,6238,"Kudal Titha",24.9,,,शिरोडा,देवबाग,83.4,16:50,19:50,OBL,DAILY,,,
10904,"Shiroda To Deobag Via Kudal",Shiroda,Deobag,"Kudal St Depot",MO,6398,"Shambhu Bhavani",26.8,,,शिरोडा,देवबाग,83.4,16:50,19:50,OBL,DAILY,,,
10904,"Shiroda To Deobag Via Kudal",Shiroda,Deobag,"Kudal St Depot",MO,6458,"Vetore Titha",27.6,,,शिरोडा,देवबाग,83.4,16:50,19:50,OBL,DAILY,,,
10904,"Shiroda To Deobag Via Kudal",Shiroda,Deobag,"Kudal St Depot",MO,6459,"Vetore Sub Stage",28.5,,,शिरोडा,देवबाग,83.4,16:50,19:50,OBL,DAILY,,,
10904,"Shiroda To Deobag Via Kudal",Shiroda,Deobag,"Kudal St Depot",MO,6461,Wadiwarawade,31.3,,,शिरोडा,देवबाग,83.4,16:50,19:50,OBL,DAILY,,,
10904,"Shiroda To Deobag Via Kudal",Shiroda,Deobag,"Kudal St Depot",MO,6423,Sativan,32.2,,,शिरोडा,देवबाग,83.4,16:50,19:50,OBL,DAILY,,,
10904,"Shiroda To Deobag Via Kudal",Shiroda,Deobag,"Kudal St Depot",MO,6376,"Pinguli Titha",35.6,,,शिरोडा,देवबाग,83.4,16:50,19:50,OBL,DAILY,,,
10904,"Shiroda To Deobag Via Kudal",Shiroda,Deobag,"Kudal St Depot",MO,6237,"Kudal St Depot",36.8,,,शिरोडा,देवबाग,83.4,16:50,19:50,OBL,DAILY,,,
10904,"Shiroda To Deobag Via Kudal",Shiroda,Deobag,"Kudal St Depot",MO,6351,"Nerur Jakat",39,,,शिरोडा,देवबाग,83.4,16:50,19:50,OBL,DAILY,,,
10904,"Shiroda To Deobag Via Kudal",Shiroda,Deobag,"Kudal St Depot",MO,6337,"Nagda Maruti",42.6,,,शिरोडा,देवबाग,83.4,16:50,19:50,OBL,DAILY,,,
10904,"Shiroda To Deobag Via Kudal",Shiroda,Deobag,"Kudal St Depot",MO,6428,Thakurwadi,44,,,शिरोडा,देवबाग,83.4,16:50,19:50,OBL,DAILY,,,
10904,"Shiroda To Deobag Via Kudal",Shiroda,Deobag,"Kudal St Depot",MO,6335,Nerurpar,45.5,,,शिरोडा,देवबाग,83.4,16:50,19:50,OBL,DAILY,,,
10904,"Shiroda To Deobag Via Kudal",Shiroda,Deobag,"Kudal St Depot",MO,6856,"Hubalicha Mal",46.8,,,शिरोडा,देवबाग,83.4,16:50,19:50,OBL,DAILY,,,
10904,"Shiroda To Deobag Via Kudal",Shiroda,Deobag,"Kudal St Depot",MO,6958,Parad,49.6,,,शिरोडा,देवबाग,83.4,16:50,19:50,OBL,DAILY,,,
10904,"Shiroda To Deobag Via Kudal",Shiroda,Deobag,"Kudal St Depot",MO,6962,"Pendur Naka",52.1,,,शिरोडा,देवबाग,83.4,16:50,19:50,OBL,DAILY,,,
10904,"Shiroda To Deobag Via Kudal",Shiroda,Deobag,"Kudal St Depot",MO,6825,Ghotale,52.5,,,शिरोडा,देवबाग,83.4,16:50,19:50,OBL,DAILY,,,
10904,"Shiroda To Deobag Via Kudal",Shiroda,Deobag,"Kudal St Depot",MO,6870,Katta,55.4,,,शिरोडा,देवबाग,83.4,16:50,19:50,OBL,DAILY,,,
10904,"Shiroda To Deobag Via Kudal",Shiroda,Deobag,"Kudal St Depot",MO,6770,Bagwadi,56.8,,,शिरोडा,देवबाग,83.4,16:50,19:50,OBL,DAILY,,,
10904,"Shiroda To Deobag Via Kudal",Shiroda,Deobag,"Kudal St Depot",MO,6901,"Kunkawale Masure Fata",58.5,,,शिरोडा,देवबाग,83.4,16:50,19:50,OBL,DAILY,,,
10904,"Shiroda To Deobag Via Kudal",Shiroda,Deobag,"Kudal St Depot",MO,6985,"Salel Nangarbhat",60.5,,,शिरोडा,देवबाग,83.4,16:50,19:50,OBL,DAILY,,,
10904,"Shiroda To Deobag Via Kudal",Shiroda,Deobag,"Kudal St Depot",MO,6799,Chouke,64.8,,,शिरोडा,देवबाग,83.4,16:50,19:50,OBL,DAILY,,,
10904,"Shiroda To Deobag Via Kudal",Shiroda,Deobag,"Kudal St Depot",MO,6750,"Ajagaonkar Bangala",66.5,,,शिरोडा,देवबाग,83.4,16:50,19:50,OBL,DAILY,,,
10904,"Shiroda To Deobag Via Kudal",Shiroda,Deobag,"Kudal St Depot",MO,6755,Anandwahal,67.6,,,शिरोडा,देवबाग,83.4,16:50,19:50,OBL,DAILY,,,
10904,"Shiroda To Deobag Via Kudal",Shiroda,Deobag,"Kudal St Depot",MO,6897,"Kumbharmath Govekar Dukan",70,,,शिरोडा,देवबाग,83.4,16:50,19:50,OBL,DAILY,,,
10904,"Shiroda To Deobag Via Kudal",Shiroda,Deobag,"Kudal St Depot",MO,6898,"Kumbharmath Post",71,,,शिरोडा,देवबाग,83.4,16:50,19:50,OBL,DAILY,,,
10904,"Shiroda To Deobag Via Kudal",Shiroda,Deobag,"Kudal St Depot",MO,6915,Malvan,73.4,,,शिरोडा,देवबाग,83.4,16:50,19:50,OBL,DAILY,,,
10904,"Shiroda To Deobag Via Kudal",Shiroda,Deobag,"Kudal St Depot",MO,6996,"Shivaji Putala",76.9,,,शिरोडा,देवबाग,83.4,16:50,19:50,OBL,DAILY,,,
10904,"Shiroda To Deobag Via Kudal",Shiroda,Deobag,"Kudal St Depot",MO,6972,"Ranjeswar Mandir",79.6,,,शिरोडा,देवबाग,83.4,16:50,19:50,OBL,DAILY,,,
10904,"Shiroda To Deobag Via Kudal",Shiroda,Deobag,"Kudal St Depot",MO,6808,"Deobag Vitthal Mandir",82.3,,,शिरोडा,देवबाग,83.4,16:50,19:50,OBL,DAILY,,,
10904,"Shiroda To Deobag Via Kudal",Shiroda,Deobag,"Kudal St Depot",MO,6807,Deobag,83.4,,,शिरोडा,देवबाग,83.4,16:50,19:50,OBL,DAILY,,,
10922,"Kolhapur To Vengurle Via Tulas Gpo",Kolhapur,Vengurle,"TULAS GPO",MO,24359,Kolhapur,,,,कोल्हापूर,वेंगुर्ला,182.1,07:00,12:50,NON,DAILY,,,
10922,"Kolhapur To Vengurle Via Tulas Gpo",Kolhapur,Vengurle,"TULAS GPO",MO,25908,"Ujaliwadi Fata",6.2,,,कोल्हापूर,वेंगुर्ला,182.1,07:00,12:50,NON,DAILY,,,
10922,"Kolhapur To Vengurle Via Tulas Gpo",Kolhapur,Vengurle,"TULAS GPO",MO,24283,Kagal,17.6,,,कोल्हापूर,वेंगुर्ला,182.1,07:00,12:50,NON,DAILY,,,
10922,"Kolhapur To Vengurle Via Tulas Gpo",Kolhapur,Vengurle,"TULAS GPO",MO,73752,"Karnataka State Border",20,,,कोल्हापूर,वेंगुर्ला,182.1,07:00,12:50,NON,DAILY,,,
10922,"Kolhapur To Vengurle Via Tulas Gpo",Kolhapur,Vengurle,"TULAS GPO",MO,73718,Kognoli,22.6,,,कोल्हापूर,वेंगुर्ला,182.1,07:00,12:50,NON,DAILY,,,
10922,"Kolhapur To Vengurle Via Tulas Gpo",Kolhapur,Vengurle,"TULAS GPO",MO,86356,"Kognoli Toll Plaza",30,,,कोल्हापूर,वेंगुर्ला,182.1,07:00,12:50,NON,DAILY,,,
10922,"Kolhapur To Vengurle Via Tulas Gpo",Kolhapur,Vengurle,"TULAS GPO",MO,74109,Soundalga,32.4,,,कोल्हापूर,वेंगुर्ला,182.1,07:00,12:50,NON,DAILY,,,
10922,"Kolhapur To Vengurle Via Tulas Gpo",Kolhapur,Vengurle,"TULAS GPO",MO,73937,Nipani,41.8,,,कोल्हापूर,वेंगुर्ला,182.1,07:00,12:50,NON,DAILY,,,
10922,"Kolhapur To Vengurle Via Tulas Gpo",Kolhapur,Vengurle,"TULAS GPO",MO,74197,Tawandi,48.1,,,कोल्हापूर,वेंगुर्ला,182.1,07:00,12:50,NON,DAILY,,,
10922,"Kolhapur To Vengurle Via Tulas Gpo",Kolhapur,Vengurle,"TULAS GPO",MO,73986,"Rashing Karnatak State Border",56.7,,,कोल्हापूर,वेंगुर्ला,182.1,07:00,12:50,NON,DAILY,,,
10922,"Kolhapur To Vengurle Via Tulas Gpo",Kolhapur,Vengurle,"TULAS GPO",MO,24418,"Karnataka State Border",59,,,कोल्हापूर,वेंगुर्ला,182.1,07:00,12:50,NON,DAILY,,,
10922,"Kolhapur To Vengurle Via Tulas Gpo",Kolhapur,Vengurle,"TULAS GPO",MO,25035,Nangnur,60,,,कोल्हापूर,वेंगुर्ला,182.1,07:00,12:50,NON,DAILY,,,
10922,"Kolhapur To Vengurle Via Tulas Gpo",Kolhapur,Vengurle,"TULAS GPO",MO,23905,"Hadalge Fata",61,,,कोल्हापूर,वेंगुर्ला,182.1,07:00,12:50,NON,DAILY,,,
10922,"Kolhapur To Vengurle Via Tulas Gpo",Kolhapur,Vengurle,"TULAS GPO",MO,23238,Bhairewadi,63,,,कोल्हापूर,वेंगुर्ला,182.1,07:00,12:50,NON,DAILY,,,
10922,"Kolhapur To Vengurle Via Tulas Gpo",Kolhapur,Vengurle,"TULAS GPO",MO,23468,"Chothe Khop",65,,,कोल्हापूर,वेंगुर्ला,182.1,07:00,12:50,NON,DAILY,,,
10922,"Kolhapur To Vengurle Via Tulas Gpo",Kolhapur,Vengurle,"TULAS GPO",MO,24830,Mumewadi,67,,,कोल्हापूर,वेंगुर्ला,182.1,07:00,12:50,NON,DAILY,,,
10922,"Kolhapur To Vengurle Via Tulas Gpo",Kolhapur,Vengurle,"TULAS GPO",MO,25924,Uttur,72.5,,,कोल्हापूर,वेंगुर्ला,182.1,07:00,12:50,NON,DAILY,,,
10922,"Kolhapur To Vengurle Via Tulas Gpo",Kolhapur,Vengurle,"TULAS GPO",MO,25169,Pendharwadi,74.2,,,कोल्हापूर,वेंगुर्ला,182.1,07:00,12:50,NON,DAILY,,,
10922,"Kolhapur To Vengurle Via Tulas Gpo",Kolhapur,Vengurle,"TULAS GPO",MO,23908,Helewadi,78.5,,,कोल्हापूर,वेंगुर्ला,182.1,07:00,12:50,NON,DAILY,,,
10922,"Kolhapur To Vengurle Via Tulas Gpo",Kolhapur,Vengurle,"TULAS GPO",MO,25930,"Uttur Fata",81.9,,,कोल्हापूर,वेंगुर्ला,182.1,07:00,12:50,NON,DAILY,,,
10922,"Kolhapur To Vengurle Via Tulas Gpo",Kolhapur,Vengurle,"TULAS GPO",MO,24646,Madilage,83.6,,,कोल्हापूर,वेंगुर्ला,182.1,07:00,12:50,NON,DAILY,,,
10922,"Kolhapur To Vengurle Via Tulas Gpo",Kolhapur,Vengurle,"TULAS GPO",MO,25676,Sohale,87.5,,,कोल्हापूर,वेंगुर्ला,182.1,07:00,12:50,NON,DAILY,,,
10922,"Kolhapur To Vengurle Via Tulas Gpo",Kolhapur,Vengurle,"TULAS GPO",MO,23010,Ajara,90.5,,,कोल्हापूर,वेंगुर्ला,182.1,07:00,12:50,NON,DAILY,,,
10922,"Kolhapur To Vengurle Via Tulas Gpo",Kolhapur,Vengurle,"TULAS GPO",MO,24689,Masoli,92.9,,,कोल्हापूर,वेंगुर्ला,182.1,07:00,12:50,NON,DAILY,,,
10922,"Kolhapur To Vengurle Via Tulas Gpo",Kolhapur,Vengurle,"TULAS GPO",MO,23949,Hololi,96.5,,,कोल्हापूर,वेंगुर्ला,182.1,07:00,12:50,NON,DAILY,,,
10922,"Kolhapur To Vengurle Via Tulas Gpo",Kolhapur,Vengurle,"TULAS GPO",MO,23376,Chaloba,102,,,कोल्हापूर,वेंगुर्ला,182.1,07:00,12:50,NON,DAILY,,,
10922,"Kolhapur To Vengurle Via Tulas Gpo",Kolhapur,Vengurle,"TULAS GPO",MO,23872,Gavase,102.1,,,कोल्हापूर,वेंगुर्ला,182.1,07:00,12:50,NON,DAILY,,,
10922,"Kolhapur To Vengurle Via Tulas Gpo",Kolhapur,Vengurle,"TULAS GPO",MO,25615,Suleran,105.5,,,कोल्हापूर,वेंगुर्ला,182.1,07:00,12:50,NON,DAILY,,,
10922,"Kolhapur To Vengurle Via Tulas Gpo",Kolhapur,Vengurle,"TULAS GPO",MO,23585,Dhangarmala,106,,,कोल्हापूर,वेंगुर्ला,182.1,07:00,12:50,NON,DAILY,,,
10922,"Kolhapur To Vengurle Via Tulas Gpo",Kolhapur,Vengurle,"TULAS GPO",MO,23762,Ghatkarwadi,109.9,,,कोल्हापूर,वेंगुर्ला,182.1,07:00,12:50,NON,DAILY,,,
10922,"Kolhapur To Vengurle Via Tulas Gpo",Kolhapur,Vengurle,"TULAS GPO",MO,24833,Menon,111,,,कोल्हापूर,वेंगुर्ला,182.1,07:00,12:50,NON,DAILY,,,
10922,"Kolhapur To Vengurle Via Tulas Gpo",Kolhapur,Vengurle,"TULAS GPO",MO,8606,"Nangartas Awate Dukan",113.8,,,कोल्हापूर,वेंगुर्ला,182.1,07:00,12:50,NON,DAILY,,,
10922,"Kolhapur To Vengurle Via Tulas Gpo",Kolhapur,Vengurle,"TULAS GPO",MO,8473,"Ajra Fata",116.6,,,कोल्हापूर,वेंगुर्ला,182.1,07:00,12:50,NON,DAILY,,,
10922,"Kolhapur To Vengurle Via Tulas Gpo",Kolhapur,Vengurle,"TULAS GPO",MO,8582,Mulvanwadi,119.6,,,कोल्हापूर,वेंगुर्ला,182.1,07:00,12:50,NON,DAILY,,,
10922,"Kolhapur To Vengurle Via Tulas Gpo",Kolhapur,Vengurle,"TULAS GPO",MO,8469,"Amboli Octroi Naka",121.5,,,कोल्हापूर,वेंगुर्ला,182.1,07:00,12:50,NON,DAILY,,,
10922,"Kolhapur To Vengurle Via Tulas Gpo",Kolhapur,Vengurle,"TULAS GPO",MO,8470,Amboli,123.1,,,कोल्हापूर,वेंगुर्ला,182.1,07:00,12:50,NON,DAILY,,,
10922,"Kolhapur To Vengurle Via Tulas Gpo",Kolhapur,Vengurle,"TULAS GPO",MO,8607,Nanapani,131.6,,,कोल्हापूर,वेंगुर्ला,182.1,07:00,12:50,NON,DAILY,,,
10922,"Kolhapur To Vengurle Via Tulas Gpo",Kolhapur,Vengurle,"TULAS GPO",MO,8564,Kumbheshwar,137.6,,,कोल्हापूर,वेंगुर्ला,182.1,07:00,12:50,NON,DAILY,,,
10922,"Kolhapur To Vengurle Via Tulas Gpo",Kolhapur,Vengurle,"TULAS GPO",MO,8510,Danoli,139.5,,,कोल्हापूर,वेंगुर्ला,182.1,07:00,12:50,NON,DAILY,,,
10922,"Kolhapur To Vengurle Via Tulas Gpo",Kolhapur,Vengurle,"TULAS GPO",MO,8496,"Dhawadaki Datta Mandir",142,,,कोल्हापूर,वेंगुर्ला,182.1,07:00,12:50,NON,DAILY,,,
10922,"Kolhapur To Vengurle Via Tulas Gpo",Kolhapur,Vengurle,"TULAS GPO",MO,8569,"Madkhol Met",143.6,,,कोल्हापूर,वेंगुर्ला,182.1,07:00,12:50,NON,DAILY,,,
10922,"Kolhapur To Vengurle Via Tulas Gpo",Kolhapur,Vengurle,"TULAS GPO",MO,8570,Madkhol,144.7,,,कोल्हापूर,वेंगुर्ला,182.1,07:00,12:50,NON,DAILY,,,
10922,"Kolhapur To Vengurle Via Tulas Gpo",Kolhapur,Vengurle,"TULAS GPO",MO,8663,Sawantwadi,152.6,,,कोल्हापूर,वेंगुर्ला,182.1,07:00,12:50,NON,DAILY,,,
10922,"Kolhapur To Vengurle Via Tulas Gpo",Kolhapur,Vengurle,"TULAS GPO",MO,8523,"Gulabi Titha",155.9,,,कोल्हापूर,वेंगुर्ला,182.1,07:00,12:50,NON,DAILY,,,
10922,"Kolhapur To Vengurle Via Tulas Gpo",Kolhapur,Vengurle,"TULAS GPO",MO,8580,Malgaon,158.5,,,कोल्हापूर,वेंगुर्ला,182.1,07:00,12:50,NON,DAILY,,,
10922,"Kolhapur To Vengurle Via Tulas Gpo",Kolhapur,Vengurle,"TULAS GPO",MO,8674,"Vengurle Shiroda Titha",158.9,,,कोल्हापूर,वेंगुर्ला,182.1,07:00,12:50,NON,DAILY,,,
10922,"Kolhapur To Vengurle Via Tulas Gpo",Kolhapur,Vengurle,"TULAS GPO",MO,8641,"Railway Station",159,,,कोल्हापूर,वेंगुर्ला,182.1,07:00,12:50,NON,DAILY,,,
10922,"Kolhapur To Vengurle Via Tulas Gpo",Kolhapur,Vengurle,"TULAS GPO",MO,9692,"Konapal Bhaid",162.4,,,कोल्हापूर,वेंगुर्ला,182.1,07:00,12:50,NON,DAILY,,,
10922,"Kolhapur To Vengurle Via Tulas Gpo",Kolhapur,Vengurle,"TULAS GPO",MO,9798,"Talawade Gate",166.2,,,कोल्हापूर,वेंगुर्ला,182.1,07:00,12:50,NON,DAILY,,,
10922,"Kolhapur To Vengurle Via Tulas Gpo",Kolhapur,Vengurle,"TULAS GPO",MO,9650,Hodawada,167.4,,,कोल्हापूर,वेंगुर्ला,182.1,07:00,12:50,NON,DAILY,,,
10922,"Kolhapur To Vengurle Via Tulas Gpo",Kolhapur,Vengurle,"TULAS GPO",MO,9811,"Tulas Gpo",168.9,,,कोल्हापूर,वेंगुर्ला,182.1,07:00,12:50,NON,DAILY,,,
10922,"Kolhapur To Vengurle Via Tulas Gpo",Kolhapur,Vengurle,"TULAS GPO",MO,9812,"Tulas Jaitir Mandir",171.6,,,कोल्हापूर,वेंगुर्ला,182.1,07:00,12:50,NON,DAILY,,,
10922,"Kolhapur To Vengurle Via Tulas Gpo",Kolhapur,Vengurle,"TULAS GPO",MO,9815,"Tulus Gorewadi",175.2,,,कोल्हापूर,वेंगुर्ला,182.1,07:00,12:50,NON,DAILY,,,
10922,"Kolhapur To Vengurle Via Tulas Gpo",Kolhapur,Vengurle,"TULAS GPO",MO,9742,"Octroi Naka Ansur Fata",177.2,,,कोल्हापूर,वेंगुर्ला,182.1,07:00,12:50,NON,DAILY,,,
10922,"Kolhapur To Vengurle Via Tulas Gpo",Kolhapur,Vengurle,"TULAS GPO",MO,9765,"Rameshwar Mandir",179.8,,,कोल्हापूर,वेंगुर्ला,182.1,07:00,12:50,NON,DAILY,,,
10922,"Kolhapur To Vengurle Via Tulas Gpo",Kolhapur,Vengurle,"TULAS GPO",MO,9824,Vengurle,182.1,,,कोल्हापूर,वेंगुर्ला,182.1,07:00,12:50,NON,DAILY,,,
11109,"Sangli To Vengurle",Sangli,Vengurle,,MO,34093,Sangli,,,,सांगली,वेंगुर्ला,220.3,07:00,13:30,NON,DAILY,,,
11109,"Sangli To Vengurle",Sangli,Vengurle,,MO,33649,Ankali,5.2,,,सांगली,वेंगुर्ला,220.3,07:00,13:30,NON,DAILY,,,
11109,"Sangli To Vengurle",Sangli,Vengurle,,MO,24134,Jaisingpur,8.9,,,सांगली,वेंगुर्ला,220.3,07:00,13:30,NON,DAILY,,,
11109,"Sangli To Vengurle",Sangli,Vengurle,,MO,23465,"Chipari Fata",14.4,,,सांगली,वेंगुर्ला,220.3,07:00,13:30,NON,DAILY,,,
11109,"Sangli To Vengurle",Sangli,Vengurle,,MO,24279,"Kondigre Chouki",15,,,सांगली,वेंगुर्ला,220.3,07:00,13:30,NON,DAILY,,,
11109,"Sangli To Vengurle",Sangli,Vengurle,,MO,25000,Nimshirgaon,17.2,,,सांगली,वेंगुर्ला,220.3,07:00,13:30,NON,DAILY,,,
11109,"Sangli To Vengurle",Sangli,Vengurle,,MO,25809,Tambadege,19.3,,,सांगली,वेंगुर्ला,220.3,07:00,13:30,NON,DAILY,,,
11109,"Sangli To Vengurle",Sangli,Vengurle,,MO,24013,Hatkanangale,25.6,,,सांगली,वेंगुर्ला,220.3,07:00,13:30,NON,DAILY,,,
11109,"Sangli To Vengurle",Sangli,Vengurle,,MO,25373,"Ramling Fata",27.8,,,सांगली,वेंगुर्ला,220.3,07:00,13:30,NON,DAILY,,,
11109,"Sangli To Vengurle",Sangli,Vengurle,,MO,23093,Atigre,34.4,,,सांगली,वेंगुर्ला,220.3,07:00,13:30,NON,DAILY,,,
11109,"Sangli To Vengurle",Sangli,Vengurle,,MO,23235,"Bhikar Kadgaon Fata",40,,,सांगली,वेंगुर्ला,220.3,07:00,13:30,NON,DAILY,,,
11109,"Sangli To Vengurle",Sangli,Vengurle,,MO,25701,"Shiroli Fata",43,,,सांगली,वेंगुर्ला,220.3,07:00,13:30,NON,DAILY,,,
11109,"Sangli To Vengurle",Sangli,Vengurle,,MO,25536,"Shahu Market Yard",44.1,,,सांगली,वेंगुर्ला,220.3,07:00,13:30,NON,DAILY,,,
11109,"Sangli To Vengurle",Sangli,Vengurle,,MO,24359,Kolhapur,46.7,,,सांगली,वेंगुर्ला,220.3,07:00,13:30,NON,DAILY,,,
11109,"Sangli To Vengurle",Sangli,Vengurle,,MO,23625,"Dasara Chwok",48.8,,,सांगली,वेंगुर्ला,220.3,07:00,13:30,NON,DAILY,,,
11109,"Sangli To Vengurle",Sangli,Vengurle,,MO,25400,Rankala,51.4,,,सांगली,वेंगुर्ला,220.3,07:00,13:30,NON,DAILY,,,
11109,"Sangli To Vengurle",Sangli,Vengurle,,MO,23699,"Fulewadi Octroi Naka",55.6,,,सांगली,वेंगुर्ला,220.3,07:00,13:30,NON,DAILY,,,
11109,"Sangli To Vengurle",Sangli,Vengurle,,MO,25156,"Padal Fata",57,,,सांगली,वेंगुर्ला,220.3,07:00,13:30,NON,DAILY,,,
11109,"Sangli To Vengurle",Sangli,Vengurle,,MO,23598,Donawade,57.2,,,सांगली,वेंगुर्ला,220.3,07:00,13:30,NON,DAILY,,,
11109,"Sangli To Vengurle",Sangli,Vengurle,,MO,24253,"Kuditre Factory",61,,,सांगली,वेंगुर्ला,220.3,07:00,13:30,NON,DAILY,,,
11109,"Sangli To Vengurle",Sangli,Vengurle,,MO,30585,Aadoor,63,,,सांगली,वेंगुर्ला,220.3,07:00,13:30,NON,DAILY,,,
11109,"Sangli To Vengurle",Sangli,Vengurle,,MO,24352,Kalamba,63.9,,,सांगली,वेंगुर्ला,220.3,07:00,13:30,NON,DAILY,,,
11109,"Sangli To Vengurle",Sangli,Vengurle,,MO,23119,Bhamate,64.8,,,सांगली,वेंगुर्ला,220.3,07:00,13:30,NON,DAILY,,,
11109,"Sangli To Vengurle",Sangli,Vengurle,,MO,23390,Chinchvade,65.7,,,सांगली,वेंगुर्ला,220.3,07:00,13:30,NON,DAILY,,,
11109,"Sangli To Vengurle",Sangli,Vengurle,,MO,24361,"Kale Canteen",67.9,,,सांगली,वेंगुर्ला,220.3,07:00,13:30,NON,DAILY,,,
11109,"Sangli To Vengurle",Sangli,Vengurle,,MO,24940,Mukteshwar,72.3,,,सांगली,वेंगुर्ला,220.3,07:00,13:30,NON,DAILY,,,
11109,"Sangli To Vengurle",Sangli,Vengurle,,MO,24614,Londhe,72.9,,,सांगली,वेंगुर्ला,220.3,07:00,13:30,NON,DAILY,,,
11109,"Sangli To Vengurle",Sangli,Vengurle,,MO,24331,Kirve,72.9,,,सांगली,वेंगुर्ला,220.3,07:00,13:30,NON,DAILY,,,
11109,"Sangli To Vengurle",Sangli,Vengurle,,MO,25612,Sakhari,75.9,,,सांगली,वेंगुर्ला,220.3,07:00,13:30,NON,DAILY,,,
11109,"Sangli To Vengurle",Sangli,Vengurle,,MO,26015,"Vetwade Fata",77.7,,,सांगली,वेंगुर्ला,220.3,07:00,13:30,NON,DAILY,,,
11109,"Sangli To Vengurle",Sangli,Vengurle,,MO,25627,Salvan,78.5,,,सांगली,वेंगुर्ला,220.3,07:00,13:30,NON,DAILY,,,
11109,"Sangli To Vengurle",Sangli,Vengurle,,MO,24891,"Margewadi Gaon",81.3,,,सांगली,वेंगुर्ला,220.3,07:00,13:30,NON,DAILY,,,
11109,"Sangli To Vengurle",Sangli,Vengurle,,MO,24452,"Khopadewadi Fata",83.8,,,सांगली,वेंगुर्ला,220.3,07:00,13:30,NON,DAILY,,,
11109,"Sangli To Vengurle",Sangli,Vengurle,,MO,30326,"Andur Fata",86.9,,,सांगली,वेंगुर्ला,220.3,07:00,13:30,NON,DAILY,,,
11109,"Sangli To Vengurle",Sangli,Vengurle,,MO,25155,"Padalwadi Fata",90.2,,,सांगली,वेंगुर्ला,220.3,07:00,13:30,NON,DAILY,,,
11109,"Sangli To Vengurle",Sangli,Vengurle,,MO,23085,Aslaj,93.2,,,सांगली,वेंगुर्ला,220.3,07:00,13:30,NON,DAILY,,,
11109,"Sangli To Vengurle",Sangli,Vengurle,,MO,25236,"Pargaonkarwadi Fata",95.9,,,सांगली,वेंगुर्ला,220.3,07:00,13:30,NON,DAILY,,,
11109,"Sangli To Vengurle",Sangli,Vengurle,,MO,25139,Pargavkarwadi,97.9,,,सांगली,वेंगुर्ला,220.3,07:00,13:30,NON,DAILY,,,
11109,"Sangli To Vengurle",Sangli,Vengurle,,MO,23150,"Borbet Garivade Fata",99,,,सांगली,वेंगुर्ला,220.3,07:00,13:30,NON,DAILY,,,
11109,"Sangli To Vengurle",Sangli,Vengurle,,MO,25406,"Rest House",101.4,,,सांगली,वेंगुर्ला,220.3,07:00,13:30,NON,DAILY,,,
11109,"Sangli To Vengurle",Sangli,Vengurle,,MO,23733,Gaganbawda,103.1,,,सांगली,वेंगुर्ला,220.3,07:00,13:30,NON,DAILY,,,
11109,"Sangli To Vengurle",Sangli,Vengurle,,MO,9182,Bhattiwadi,112.1,,,सांगली,वेंगुर्ला,220.3,07:00,13:30,NON,DAILY,,,
11109,"Sangli To Vengurle",Sangli,Vengurle,,MO,9212,"Karul High School",113.6,,,सांगली,वेंगुर्ला,220.3,07:00,13:30,NON,DAILY,,,
11109,"Sangli To Vengurle",Sangli,Vengurle,,MO,9208,Jamadarwadi,115.1,,,सांगली,वेंगुर्ला,220.3,07:00,13:30,NON,DAILY,,,
11109,"Sangli To Vengurle",Sangli,Vengurle,,MO,9297,"Water Tank",118.1,,,सांगली,वेंगुर्ला,220.3,07:00,13:30,NON,DAILY,,,
11109,"Sangli To Vengurle",Sangli,Vengurle,,MO,9194,Edgaon,119.2,,,सांगली,वेंगुर्ला,220.3,07:00,13:30,NON,DAILY,,,
11109,"Sangli To Vengurle",Sangli,Vengurle,,MO,9291,Vaibhavwadi,121.1,,,सांगली,वेंगुर्ला,220.3,07:00,13:30,NON,DAILY,,,
11109,"Sangli To Vengurle",Sangli,Vengurle,,MO,9181,Bandhwadi,124.1,,,सांगली,वेंगुर्ला,220.3,07:00,13:30,NON,DAILY,,,
11109,"Sangli To Vengurle",Sangli,Vengurle,,MO,9213,"Kasale Wadi",126.1,,,सांगली,वेंगुर्ला,220.3,07:00,13:30,NON,DAILY,,,
11109,"Sangli To Vengurle",Sangli,Vengurle,,MO,9241,Nadhawade,127.4,,,सांगली,वेंगुर्ला,220.3,07:00,13:30,NON,DAILY,,,
11109,"Sangli To Vengurle",Sangli,Vengurle,,MO,9278,Tamhanarwadi,130.1,,,सांगली,वेंगुर्ला,220.3,07:00,13:30,NON,DAILY,,,
11109,"Sangli To Vengurle",Sangli,Vengurle,,MO,2796,"Kasarde Buddhawadi",133.6,,,सांगली,वेंगुर्ला,220.3,07:00,13:30,NON,DAILY,,,
11109,"Sangli To Vengurle",Sangli,Vengurle,,MO,2982,Tarla,135.3,,,सांगली,वेंगुर्ला,220.3,07:00,13:30,NON,DAILY,,,
11109,"Sangli To Vengurle",Sangli,Vengurle,,MO,2673,"Bramhan Wadi",138.3,,,सांगली,वेंगुर्ला,220.3,07:00,13:30,NON,DAILY,,,
11109,"Sangli To Vengurle",Sangli,Vengurle,,MO,2872,"Nandgaon Nursary",142.1,,,सांगली,वेंगुर्ला,220.3,07:00,13:30,NON,DAILY,,,
11109,"Sangli To Vengurle",Sangli,Vengurle,,MO,2871,"Nandgaon Fata",143.4,,,सांगली,वेंगुर्ला,220.3,07:00,13:30,NON,DAILY,,,
11109,"Sangli To Vengurle",Sangli,Vengurle,,MO,2870,"Nandgaon Datta Mandir",145.6,,,सांगली,वेंगुर्ला,220.3,07:00,13:30,NON,DAILY,,,
11109,"Sangli To Vengurle",Sangli,Vengurle,,MO,2655,Belane,148,,,सांगली,वेंगुर्ला,220.3,07:00,13:30,NON,DAILY,,,
11109,"Sangli To Vengurle",Sangli,Vengurle,,MO,2756,"Humrat Titha",150.2,,,सांगली,वेंगुर्ला,220.3,07:00,13:30,NON,DAILY,,,
11109,"Sangli To Vengurle",Sangli,Vengurle,,MO,2766,Janavali,154.5,,,सांगली,वेंगुर्ला,220.3,07:00,13:30,NON,DAILY,,,
11109,"Sangli To Vengurle",Sangli,Vengurle,,MO,2786,Kankavli,158.3,,,सांगली,वेंगुर्ला,220.3,07:00,13:30,NON,DAILY,,,
11109,"Sangli To Vengurle",Sangli,Vengurle,,MO,3001,"Wagade Gpo",163.5,,,सांगली,वेंगुर्ला,220.3,07:00,13:30,NON,DAILY,,,
11109,"Sangli To Vengurle",Sangli,Vengurle,,MO,2692,Dangalwadi,164.4,,,सांगली,वेंगुर्ला,220.3,07:00,13:30,NON,DAILY,,,
11109,"Sangli To Vengurle",Sangli,Vengurle,,MO,2891,"Osargaon Talav",165.5,,,सांगली,वेंगुर्ला,220.3,07:00,13:30,NON,DAILY,,,
11109,"Sangli To Vengurle",Sangli,Vengurle,,MO,2890,"Osargaon Post",168.4,,,सांगली,वेंगुर्ला,220.3,07:00,13:30,NON,DAILY,,,
11109,"Sangli To Vengurle",Sangli,Vengurle,,MO,6281,Kasal,172.7,,,सांगली,वेंगुर्ला,220.3,07:00,13:30,NON,DAILY,,,
11109,"Sangli To Vengurle",Sangli,Vengurle,,MO,6116,Awali,175.3,,,सांगली,वेंगुर्ला,220.3,07:00,13:30,NON,DAILY,,,
11109,"Sangli To Vengurle",Sangli,Vengurle,,MO,6362,"Oros Bus Stnad",178.1,,,सांगली,वेंगुर्ला,220.3,07:00,13:30,NON,DAILY,,,
11109,"Sangli To Vengurle",Sangli,Vengurle,,MO,6204,"Humarmala Kasale Dukan",181.6,,,सांगली,वेंगुर्ला,220.3,07:00,13:30,NON,DAILY,,,
11109,"Sangli To Vengurle",Sangli,Vengurle,,MO,6365,Pandur,184.4,,,सांगली,वेंगुर्ला,220.3,07:00,13:30,NON,DAILY,,,
11109,"Sangli To Vengurle",Sangli,Vengurle,,MO,88100,Vetalbambarde,187,,,सांगली,वेंगुर्ला,220.3,07:00,13:30,NON,DAILY,,,
11109,"Sangli To Vengurle",Sangli,Vengurle,,MO,6380,"Pawashi Panchayat",190,,,सांगली,वेंगुर्ला,220.3,07:00,13:30,NON,DAILY,,,
11109,"Sangli To Vengurle",Sangli,Vengurle,,MO,6240,"Kudal St Depot",191,,,सांगली,वेंगुर्ला,220.3,07:00,13:30,NON,DAILY,,,
11109,"Sangli To Vengurle",Sangli,Vengurle,,MO,6237,"Kudal St Depot",193.5,,,सांगली,वेंगुर्ला,220.3,07:00,13:30,NON,DAILY,,,
11109,"Sangli To Vengurle",Sangli,Vengurle,,MO,6376,"Pinguli Titha",196.3,,,सांगली,वेंगुर्ला,220.3,07:00,13:30,NON,DAILY,,,
11109,"Sangli To Vengurle",Sangli,Vengurle,,MO,6423,Sativan,199.7,,,सांगली,वेंगुर्ला,220.3,07:00,13:30,NON,DAILY,,,
11109,"Sangli To Vengurle",Sangli,Vengurle,,MO,6459,"Vetore Sub Stage",200.1,,,सांगली,वेंगुर्ला,220.3,07:00,13:30,NON,DAILY,,,
11109,"Sangli To Vengurle",Sangli,Vengurle,,MO,9829,"Vetore Sateri Mandir",201.1,,,सांगली,वेंगुर्ला,220.3,07:00,13:30,NON,DAILY,,,
11109,"Sangli To Vengurle",Sangli,Vengurle,,MO,9678,"Khanoli Rawalnath Mandir",204.2,,,सांगली,वेंगुर्ला,220.3,07:00,13:30,NON,DAILY,,,
11109,"Sangli To Vengurle",Sangli,Vengurle,,MO,9620,"Bowalekar Wadi",207.9,,,सांगली,वेंगुर्ला,220.3,07:00,13:30,NON,DAILY,,,
11109,"Sangli To Vengurle",Sangli,Vengurle,,MO,9627,"Dabholi Waingani Titha",213.4,,,सांगली,वेंगुर्ला,220.3,07:00,13:30,NON,DAILY,,,
11109,"Sangli To Vengurle",Sangli,Vengurle,,MO,9697,"Lokhandewadi Titha",214.5,,,सांगली,वेंगुर्ला,220.3,07:00,13:30,NON,DAILY,,,
11109,"Sangli To Vengurle",Sangli,Vengurle,,MO,9824,Vengurle,220.3,,,सांगली,वेंगुर्ला,220.3,07:00,13:30,NON,DAILY,,,
79531,"Vengurle To Chinchwad Via Tarla",Vengurle,Chinchwad,TARLA,MO,9824,Vengurle,,,,वेंगुर्ला,"कोल्हापूर (शिवशाही)",172.6,08:00,12:45,NON,DAILY,,,
79531,"Vengurle To Chinchwad Via Tarla",Vengurle,Chinchwad,TARLA,MO,9708,"Maruti Mandir",3.1,,,वेंगुर्ला,"कोल्हापूर (शिवशाही)",172.6,08:00,12:45,NON,DAILY,,,
79531,"Vengurle To Chinchwad Via Tarla",Vengurle,Chinchwad,TARLA,MO,9665,Kankewadi,6.1,,,वेंगुर्ला,"कोल्हापूर (शिवशाही)",172.6,08:00,12:45,NON,DAILY,,,
79531,"Vengurle To Chinchwad Via Tarla",Vengurle,Chinchwad,TARLA,MO,9620,"Bowalekar Wadi",9,,,वेंगुर्ला,"कोल्हापूर (शिवशाही)",172.6,08:00,12:45,NON,DAILY,,,
79531,"Vengurle To Chinchwad Via Tarla",Vengurle,Chinchwad,TARLA,MO,6398,"Shambhu Bhavani",12.1,,,वेंगुर्ला,"कोल्हापूर (शिवशाही)",172.6,08:00,12:45,NON,DAILY,,,
79531,"Vengurle To Chinchwad Via Tarla",Vengurle,Chinchwad,TARLA,MO,6459,"Vetore Sub Stage",15,,,वेंगुर्ला,"कोल्हापूर (शिवशाही)",172.6,08:00,12:45,NON,DAILY,,,
79531,"Vengurle To Chinchwad Via Tarla",Vengurle,Chinchwad,TARLA,MO,6423,Sativan,18,,,वेंगुर्ला,"कोल्हापूर (शिवशाही)",172.6,08:00,12:45,NON,DAILY,,,
79531,"Vengurle To Chinchwad Via Tarla",Vengurle,Chinchwad,TARLA,MO,6376,"Pinguli Titha",20,,,वेंगुर्ला,"कोल्हापूर (शिवशाही)",172.6,08:00,12:45,NON,DAILY,,,
79531,"Vengurle To Chinchwad Via Tarla",Vengurle,Chinchwad,TARLA,MO,6237,"Kudal St Depot",23.7,,,वेंगुर्ला,"कोल्हापूर (शिवशाही)",172.6,08:00,12:45,NON,DAILY,,,
79531,"Vengurle To Chinchwad Via Tarla",Vengurle,Chinchwad,TARLA,MO,6240,"Kudal St Depot",25.2,,,वेंगुर्ला,"कोल्हापूर (शिवशाही)",172.6,08:00,12:45,NON,DAILY,,,
79531,"Vengurle To Chinchwad Via Tarla",Vengurle,Chinchwad,TARLA,MO,6380,"Pawashi Panchayat",26.8,,,वेंगुर्ला,"कोल्हापूर (शिवशाही)",172.6,08:00,12:45,NON,DAILY,,,
79531,"Vengurle To Chinchwad Via Tarla",Vengurle,Chinchwad,TARLA,MO,88100,Vetalbambarde,29.8,,,वेंगुर्ला,"कोल्हापूर (शिवशाही)",172.6,08:00,12:45,NON,DAILY,,,
79531,"Vengurle To Chinchwad Via Tarla",Vengurle,Chinchwad,TARLA,MO,6378,"Pandur Titha",32,,,वेंगुर्ला,"कोल्हापूर (शिवशाही)",172.6,08:00,12:45,NON,DAILY,,,
79531,"Vengurle To Chinchwad Via Tarla",Vengurle,Chinchwad,TARLA,MO,6204,"Humarmala Kasale Dukan",36,,,वेंगुर्ला,"कोल्हापूर (शिवशाही)",172.6,08:00,12:45,NON,DAILY,,,
79531,"Vengurle To Chinchwad Via Tarla",Vengurle,Chinchwad,TARLA,MO,6224,"Jijamata Hospital",38,,,वेंगुर्ला,"कोल्हापूर (शिवशाही)",172.6,08:00,12:45,NON,DAILY,,,
79531,"Vengurle To Chinchwad Via Tarla",Vengurle,Chinchwad,TARLA,MO,6362,"Oros Bus Stnad",39,,,वेंगुर्ला,"कोल्हापूर (शिवशाही)",172.6,08:00,12:45,NON,DAILY,,,
79531,"Vengurle To Chinchwad Via Tarla",Vengurle,Chinchwad,TARLA,MO,6226,"Jaitapkar Colany",40,,,वेंगुर्ला,"कोल्हापूर (शिवशाही)",172.6,08:00,12:45,NON,DAILY,,,
79531,"Vengurle To Chinchwad Via Tarla",Vengurle,Chinchwad,TARLA,MO,6116,Awali,40.2,,,वेंगुर्ला,"कोल्हापूर (शिवशाही)",172.6,08:00,12:45,NON,DAILY,,,
79531,"Vengurle To Chinchwad Via Tarla",Vengurle,Chinchwad,TARLA,MO,6281,Kasal,44.8,,,वेंगुर्ला,"कोल्हापूर (शिवशाही)",172.6,08:00,12:45,NON,DAILY,,,
79531,"Vengurle To Chinchwad Via Tarla",Vengurle,Chinchwad,TARLA,MO,2889,"Osargaon Godaoon",47,,,वेंगुर्ला,"कोल्हापूर (शिवशाही)",172.6,08:00,12:45,NON,DAILY,,,
79531,"Vengurle To Chinchwad Via Tarla",Vengurle,Chinchwad,TARLA,MO,2890,"Osargaon Post",48,,,वेंगुर्ला,"कोल्हापूर (शिवशाही)",172.6,08:00,12:45,NON,DAILY,,,
79531,"Vengurle To Chinchwad Via Tarla",Vengurle,Chinchwad,TARLA,MO,2891,"Osargaon Talav",50,,,वेंगुर्ला,"कोल्हापूर (शिवशाही)",172.6,08:00,12:45,NON,DAILY,,,
79531,"Vengurle To Chinchwad Via Tarla",Vengurle,Chinchwad,TARLA,MO,2692,Dangalwadi,53,,,वेंगुर्ला,"कोल्हापूर (शिवशाही)",172.6,08:00,12:45,NON,DAILY,,,
79531,"Vengurle To Chinchwad Via Tarla",Vengurle,Chinchwad,TARLA,MO,3001,"Wagade Gpo",56,,,वेंगुर्ला,"कोल्हापूर (शिवशाही)",172.6,08:00,12:45,NON,DAILY,,,
79531,"Vengurle To Chinchwad Via Tarla",Vengurle,Chinchwad,TARLA,MO,2786,Kankavli,60,,,वेंगुर्ला,"कोल्हापूर (शिवशाही)",172.6,08:00,12:45,NON,DAILY,,,
79531,"Vengurle To Chinchwad Via Tarla",Vengurle,Chinchwad,TARLA,MO,2768,"Janavali Gavthanwadi",63,,,वेंगुर्ला,"कोल्हापूर (शिवशाही)",172.6,08:00,12:45,NON,DAILY,,,
79531,"Vengurle To Chinchwad Via Tarla",Vengurle,Chinchwad,TARLA,MO,2756,"Humrat Titha",66,,,वेंगुर्ला,"कोल्हापूर (शिवशाही)",172.6,08:00,12:45,NON,DAILY,,,
79531,"Vengurle To Chinchwad Via Tarla",Vengurle,Chinchwad,TARLA,MO,2655,Belane,69,,,वेंगुर्ला,"कोल्हापूर (शिवशाही)",172.6,08:00,12:45,NON,DAILY,,,
79531,"Vengurle To Chinchwad Via Tarla",Vengurle,Chinchwad,TARLA,MO,2870,"Nandgaon Datta Mandir",71,,,वेंगुर्ला,"कोल्हापूर (शिवशाही)",172.6,08:00,12:45,NON,DAILY,,,
79531,"Vengurle To Chinchwad Via Tarla",Vengurle,Chinchwad,TARLA,MO,2871,"Nandgaon Fata",72,,,वेंगुर्ला,"कोल्हापूर (शिवशाही)",172.6,08:00,12:45,NON,DAILY,,,
79531,"Vengurle To Chinchwad Via Tarla",Vengurle,Chinchwad,TARLA,MO,2872,"Nandgaon Nursary",74,,,वेंगुर्ला,"कोल्हापूर (शिवशाही)",172.6,08:00,12:45,NON,DAILY,,,
79531,"Vengurle To Chinchwad Via Tarla",Vengurle,Chinchwad,TARLA,MO,2673,"Bramhan Wadi",77,,,वेंगुर्ला,"कोल्हापूर (शिवशाही)",172.6,08:00,12:45,NON,DAILY,,,
79531,"Vengurle To Chinchwad Via Tarla",Vengurle,Chinchwad,TARLA,MO,2997,"Vijaydurg Fata",79,,,वेंगुर्ला,"कोल्हापूर (शिवशाही)",172.6,08:00,12:45,NON,DAILY,,,
79531,"Vengurle To Chinchwad Via Tarla",Vengurle,Chinchwad,TARLA,MO,2982,Tarla,80,,,वेंगुर्ला,"कोल्हापूर (शिवशाही)",172.6,08:00,12:45,NON,DAILY,,,
79531,"Vengurle To Chinchwad Via Tarla",Vengurle,Chinchwad,TARLA,MO,2796,"Kasarde Buddhawadi",83,,,वेंगुर्ला,"कोल्हापूर (शिवशाही)",172.6,08:00,12:45,NON,DAILY,,,
79531,"Vengurle To Chinchwad Via Tarla",Vengurle,Chinchwad,TARLA,MO,2780,"Kambale Hotel",84,,,वेंगुर्ला,"कोल्हापूर (शिवशाही)",172.6,08:00,12:45,NON,DAILY,,,
79531,"Vengurle To Chinchwad Via Tarla",Vengurle,Chinchwad,TARLA,MO,2841,Mahadevwadi,87,,,वेंगुर्ला,"कोल्हापूर (शिवशाही)",172.6,08:00,12:45,NON,DAILY,,,
79531,"Vengurle To Chinchwad Via Tarla",Vengurle,Chinchwad,TARLA,MO,9241,Nadhawade,88,,,वेंगुर्ला,"कोल्हापूर (शिवशाही)",172.6,08:00,12:45,NON,DAILY,,,
79531,"Vengurle To Chinchwad Via Tarla",Vengurle,Chinchwad,TARLA,MO,9213,"Kasale Wadi",90,,,वेंगुर्ला,"कोल्हापूर (शिवशाही)",172.6,08:00,12:45,NON,DAILY,,,
79531,"Vengurle To Chinchwad Via Tarla",Vengurle,Chinchwad,TARLA,MO,9181,Bandhwadi,93,,,वेंगुर्ला,"कोल्हापूर (शिवशाही)",172.6,08:00,12:45,NON,DAILY,,,
79531,"Vengurle To Chinchwad Via Tarla",Vengurle,Chinchwad,TARLA,MO,9291,Vaibhavwadi,96.2,,,वेंगुर्ला,"कोल्हापूर (शिवशाही)",172.6,08:00,12:45,NON,DAILY,,,
79531,"Vengurle To Chinchwad Via Tarla",Vengurle,Chinchwad,TARLA,MO,9194,Edgaon,97,,,वेंगुर्ला,"कोल्हापूर (शिवशाही)",172.6,08:00,12:45,NON,DAILY,,,
79531,"Vengurle To Chinchwad Via Tarla",Vengurle,Chinchwad,TARLA,MO,9297,"Water Tank",99,,,वेंगुर्ला,"कोल्हापूर (शिवशाही)",172.6,08:00,12:45,NON,DAILY,,,
79531,"Vengurle To Chinchwad Via Tarla",Vengurle,Chinchwad,TARLA,MO,9208,Jamadarwadi,102,,,वेंगुर्ला,"कोल्हापूर (शिवशाही)",172.6,08:00,12:45,NON,DAILY,,,
79531,"Vengurle To Chinchwad Via Tarla",Vengurle,Chinchwad,TARLA,MO,9212,"Karul High School",103,,,वेंगुर्ला,"कोल्हापूर (शिवशाही)",172.6,08:00,12:45,NON,DAILY,,,
79531,"Vengurle To Chinchwad Via Tarla",Vengurle,Chinchwad,TARLA,MO,9182,Bhattiwadi,105,,,वेंगुर्ला,"कोल्हापूर (शिवशाही)",172.6,08:00,12:45,NON,DAILY,,,
79531,"Vengurle To Chinchwad Via Tarla",Vengurle,Chinchwad,TARLA,MO,23733,Gaganbawda,114.2,,,वेंगुर्ला,"कोल्हापूर (शिवशाही)",172.6,08:00,12:45,NON,DAILY,,,
79531,"Vengurle To Chinchwad Via Tarla",Vengurle,Chinchwad,TARLA,MO,24105,Jambulnewadi,121,,,वेंगुर्ला,"कोल्हापूर (शिवशाही)",172.6,08:00,12:45,NON,DAILY,,,
79531,"Vengurle To Chinchwad Via Tarla",Vengurle,Chinchwad,TARLA,MO,25662,"Sangshi Fata",124,,,वेंगुर्ला,"कोल्हापूर (शिवशाही)",172.6,08:00,12:45,NON,DAILY,,,
79531,"Vengurle To Chinchwad Via Tarla",Vengurle,Chinchwad,TARLA,MO,25648,"Sangshi Canteen",125,,,वेंगुर्ला,"कोल्हापूर (शिवशाही)",172.6,08:00,12:45,NON,DAILY,,,
79531,"Vengurle To Chinchwad Via Tarla",Vengurle,Chinchwad,TARLA,MO,25139,Pargavkarwadi,127,,,वेंगुर्ला,"कोल्हापूर (शिवशाही)",172.6,08:00,12:45,NON,DAILY,,,
79531,"Vengurle To Chinchwad Via Tarla",Vengurle,Chinchwad,TARLA,MO,30324,"Asalaj Canteen",130,,,वेंगुर्ला,"कोल्हापूर (शिवशाही)",172.6,08:00,12:45,NON,DAILY,,,
79531,"Vengurle To Chinchwad Via Tarla",Vengurle,Chinchwad,TARLA,MO,23085,Aslaj,131,,,वेंगुर्ला,"कोल्हापूर (शिवशाही)",172.6,08:00,12:45,NON,DAILY,,,
79531,"Vengurle To Chinchwad Via Tarla",Vengurle,Chinchwad,TARLA,MO,25155,"Padalwadi Fata",133,,,वेंगुर्ला,"कोल्हापूर (शिवशाही)",172.6,08:00,12:45,NON,DAILY,,,
79531,"Vengurle To Chinchwad Via Tarla",Vengurle,Chinchwad,TARLA,MO,30326,"Andur Fata",136,,,वेंगुर्ला,"कोल्हापूर (शिवशाही)",172.6,08:00,12:45,NON,DAILY,,,
79531,"Vengurle To Chinchwad Via Tarla",Vengurle,Chinchwad,TARLA,MO,24454,Khopadewadi,139,,,वेंगुर्ला,"कोल्हापूर (शिवशाही)",172.6,08:00,12:45,NON,DAILY,,,
79531,"Vengurle To Chinchwad Via Tarla",Vengurle,Chinchwad,TARLA,MO,24894,Margaiwadi,141,,,वेंगुर्ला,"कोल्हापूर (शिवशाही)",172.6,08:00,12:45,NON,DAILY,,,
79531,"Vengurle To Chinchwad Via Tarla",Vengurle,Chinchwad,TARLA,MO,25627,Salvan,142,,,वेंगुर्ला,"कोल्हापूर (शिवशाही)",172.6,08:00,12:45,NON,DAILY,,,
79531,"Vengurle To Chinchwad Via Tarla",Vengurle,Chinchwad,TARLA,MO,26015,"Vetwade Fata",144,,,वेंगुर्ला,"कोल्हापूर (शिवशाही)",172.6,08:00,12:45,NON,DAILY,,,
79531,"Vengurle To Chinchwad Via Tarla",Vengurle,Chinchwad,TARLA,MO,24332,Kirve,147,,,वेंगुर्ला,"कोल्हापूर (शिवशाही)",172.6,08:00,12:45,NON,DAILY,,,
79531,"Vengurle To Chinchwad Via Tarla",Vengurle,Chinchwad,TARLA,MO,24941,Mutkeshwar,150,,,वेंगुर्ला,"कोल्हापूर (शिवशाही)",172.6,08:00,12:45,NON,DAILY,,,
79531,"Vengurle To Chinchwad Via Tarla",Vengurle,Chinchwad,TARLA,MO,24361,"Kale Canteen",153,,,वेंगुर्ला,"कोल्हापूर (शिवशाही)",172.6,08:00,12:45,NON,DAILY,,,
79531,"Vengurle To Chinchwad Via Tarla",Vengurle,Chinchwad,TARLA,MO,23390,Chinchvade,156,,,वेंगुर्ला,"कोल्हापूर (शिवशाही)",172.6,08:00,12:45,NON,DAILY,,,
79531,"Vengurle To Chinchwad Via Tarla",Vengurle,Chinchwad,TARLA,MO,30585,Aadoor,159,,,वेंगुर्ला,"कोल्हापूर (शिवशाही)",172.6,08:00,12:45,NON,DAILY,,,
79531,"Vengurle To Chinchwad Via Tarla",Vengurle,Chinchwad,TARLA,MO,23598,Donawade,165,,,वेंगुर्ला,"कोल्हापूर (शिवशाही)",172.6,08:00,12:45,NON,DAILY,,,
79531,"Vengurle To Chinchwad Via Tarla",Vengurle,Chinchwad,TARLA,MO,24309,Khandsari,168,,,वेंगुर्ला,"कोल्हापूर (शिवशाही)",172.6,08:00,12:45,NON,DAILY,,,
79531,"Vengurle To Chinchwad Via Tarla",Vengurle,Chinchwad,TARLA,MO,23694,"Fulewadi Naka",170,,,वेंगुर्ला,"कोल्हापूर (शिवशाही)",172.6,08:00,12:45,NON,DAILY,,,
79531,"Vengurle To Chinchwad Via Tarla",Vengurle,Chinchwad,TARLA,MO,25400,Rankala,171,,,वेंगुर्ला,"कोल्हापूर (शिवशाही)",172.6,08:00,12:45,NON,DAILY,,,
79531,"Vengurle To Chinchwad Via Tarla",Vengurle,Chinchwad,TARLA,MO,24359,Kolhapur,172.6,,,वेंगुर्ला,"कोल्हापूर (शिवशाही)",172.6,08:00,12:45,NON,DAILY,,,
79531,"Vengurle To Chinchwad Via Tarla",Vengurle,Chinchwad,TARLA,MO,24904,"Market Yard",177,,,वेंगुर्ला,"कोल्हापूर (शिवशाही)",172.6,08:00,12:45,NON,DAILY,,,
79531,"Vengurle To Chinchwad Via Tarla",Vengurle,Chinchwad,TARLA,MO,25438,"Sangli Fata",179.7,,,वेंगुर्ला,"कोल्हापूर (शिवशाही)",172.6,08:00,12:45,NON,DAILY,,,
79531,"Vengurle To Chinchwad Via Tarla",Vengurle,Chinchwad,TARLA,MO,25575,"Shiye Fata",186,,,वेंगुर्ला,"कोल्हापूर (शिवशाही)",172.6,08:00,12:45,NON,DAILY,,,
79531,"Vengurle To Chinchwad Via Tarla",Vengurle,Chinchwad,TARLA,MO,26070,Wathar,200,,,वेंगुर्ला,"कोल्हापूर (शिवशाही)",172.6,08:00,12:45,NON,DAILY,,,
79531,"Vengurle To Chinchwad Via Tarla",Vengurle,Chinchwad,TARLA,MO,24328,Kini,201.1,,,वेंगुर्ला,"कोल्हापूर (शिवशाही)",172.6,08:00,12:45,NON,DAILY,,,
79531,"Vengurle To Chinchwad Via Tarla",Vengurle,Chinchwad,TARLA,MO,23772,Ghunaki,205,,,वेंगुर्ला,"कोल्हापूर (शिवशाही)",172.6,08:00,12:45,NON,DAILY,,,
79531,"Vengurle To Chinchwad Via Tarla",Vengurle,Chinchwad,TARLA,MO,35651,Tandalwadi,218,,,वेंगुर्ला,"कोल्हापूर (शिवशाही)",172.6,08:00,12:45,NON,DAILY,,,
79531,"Vengurle To Chinchwad Via Tarla",Vengurle,Chinchwad,TARLA,MO,35490,Kameri,219.7,,,वेंगुर्ला,"कोल्हापूर (शिवशाही)",172.6,08:00,12:45,NON,DAILY,,,
79531,"Vengurle To Chinchwad Via Tarla",Vengurle,Chinchwad,TARLA,MO,35664,Vithalwadi,220.9,,,वेंगुर्ला,"कोल्हापूर (शिवशाही)",172.6,08:00,12:45,NON,DAILY,,,
79531,"Vengurle To Chinchwad Via Tarla",Vengurle,Chinchwad,TARLA,MO,35595,Pehtnaka,225,,,वेंगुर्ला,"कोल्हापूर (शिवशाही)",172.6,08:00,12:45,NON,DAILY,,,
79531,"Vengurle To Chinchwad Via Tarla",Vengurle,Chinchwad,TARLA,MO,35572,Narle,228,,,वेंगुर्ला,"कोल्हापूर (शिवशाही)",172.6,08:00,12:45,NON,DAILY,,,
79531,"Vengurle To Chinchwad Via Tarla",Vengurle,Chinchwad,TARLA,MO,35496,Kasegaon,234,,,वेंगुर्ला,"कोल्हापूर (शिवशाही)",172.6,08:00,12:45,NON,DAILY,,,
79531,"Vengurle To Chinchwad Via Tarla",Vengurle,Chinchwad,TARLA,MO,28216,Malkhed,237,,,वेंगुर्ला,"कोल्हापूर (शिवशाही)",172.6,08:00,12:45,NON,DAILY,,,
79531,"Vengurle To Chinchwad Via Tarla",Vengurle,Chinchwad,TARLA,MO,28170,Kalawde,238.4,,,वेंगुर्ला,"कोल्हापूर (शिवशाही)",172.6,08:00,12:45,NON,DAILY,,,
79531,"Vengurle To Chinchwad Via Tarla",Vengurle,Chinchwad,TARLA,MO,28234,Nandlapur,240,,,वेंगुर्ला,"कोल्हापूर (शिवशाही)",172.6,08:00,12:45,NON,DAILY,,,
79531,"Vengurle To Chinchwad Via Tarla",Vengurle,Chinchwad,TARLA,MO,28132,Jakhinwadi,241,,,वेंगुर्ला,"कोल्हापूर (शिवशाही)",172.6,08:00,12:45,NON,DAILY,,,
79531,"Vengurle To Chinchwad Via Tarla",Vengurle,Chinchwad,TARLA,MO,28197,"Krushna Hospital",243,,,वेंगुर्ला,"कोल्हापूर (शिवशाही)",172.6,08:00,12:45,NON,DAILY,,,
79531,"Vengurle To Chinchwad Via Tarla",Vengurle,Chinchwad,TARLA,MO,28184,Karad,246,,,वेंगुर्ला,"कोल्हापूर (शिवशाही)",172.6,08:00,12:45,NON,DAILY,,,
79531,"Vengurle To Chinchwad Via Tarla",Vengurle,Chinchwad,TARLA,MO,28347,Vanvasmachi,252,,,वेंगुर्ला,"कोल्हापूर (शिवशाही)",172.6,08:00,12:45,NON,DAILY,,,
79531,"Vengurle To Chinchwad Via Tarla",Vengurle,Chinchwad,TARLA,MO,28343,Vahagaon,255.1,,,वेंगुर्ला,"कोल्हापूर (शिवशाही)",172.6,08:00,12:45,NON,DAILY,,,
79531,"Vengurle To Chinchwad Via Tarla",Vengurle,Chinchwad,TARLA,MO,28337,Tasawade,259.1,,,वेंगुर्ला,"कोल्हापूर (शिवशाही)",172.6,08:00,12:45,NON,DAILY,,,
79531,"Vengurle To Chinchwad Via Tarla",Vengurle,Chinchwad,TARLA,MO,28340,Umbraj,264.1,,,वेंगुर्ला,"कोल्हापूर (शिवशाही)",172.6,08:00,12:45,NON,DAILY,,,
79531,"Vengurle To Chinchwad Via Tarla",Vengurle,Chinchwad,TARLA,MO,28256,"Perle Fata",270.1,,,वेंगुर्ला,"कोल्हापूर (शिवशाही)",172.6,08:00,12:45,NON,DAILY,,,
79531,"Vengurle To Chinchwad Via Tarla",Vengurle,Chinchwad,TARLA,MO,31099,Kashil,272.7,,,वेंगुर्ला,"कोल्हापूर (शिवशाही)",172.6,08:00,12:45,NON,DAILY,,,
79531,"Vengurle To Chinchwad Via Tarla",Vengurle,Chinchwad,TARLA,MO,30896,Atit,278,,,वेंगुर्ला,"कोल्हापूर (शिवशाही)",172.6,08:00,12:45,NON,DAILY,,,
79531,"Vengurle To Chinchwad Via Tarla",Vengurle,Chinchwad,TARLA,MO,31174,Nagthane,282,,,वेंगुर्ला,"कोल्हापूर (शिवशाही)",172.6,08:00,12:45,NON,DAILY,,,
79531,"Vengurle To Chinchwad Via Tarla",Vengurle,Chinchwad,TARLA,MO,30923,Borgaon,287.4,,,वेंगुर्ला,"कोल्हापूर (शिवशाही)",172.6,08:00,12:45,NON,DAILY,,,
79531,"Vengurle To Chinchwad Via Tarla",Vengurle,Chinchwad,TARLA,MO,31269,Shendre,292.7,,,वेंगुर्ला,"कोल्हापूर (शिवशाही)",172.6,08:00,12:45,NON,DAILY,,,
79531,"Vengurle To Chinchwad Via Tarla",Vengurle,Chinchwad,TARLA,MO,31066,Khindwadi,295.7,,,वेंगुर्ला,"कोल्हापूर (शिवशाही)",172.6,08:00,12:45,NON,DAILY,,,
79531,"Vengurle To Chinchwad Via Tarla",Vengurle,Chinchwad,TARLA,MO,31298,Satara,301.7,,,वेंगुर्ला,"कोल्हापूर (शिवशाही)",172.6,08:00,12:45,NON,DAILY,,,
79531,"Vengurle To Chinchwad Via Tarla",Vengurle,Chinchwad,TARLA,MO,31246,"Ramnagar Vasahat",307.7,,,वेंगुर्ला,"कोल्हापूर (शिवशाही)",172.6,08:00,12:45,NON,DAILY,,,
79531,"Vengurle To Chinchwad Via Tarla",Vengurle,Chinchwad,TARLA,MO,34529,Raygaon,313.7,,,वेंगुर्ला,"कोल्हापूर (शिवशाही)",172.6,08:00,12:45,NON,DAILY,,,
79531,"Vengurle To Chinchwad Via Tarla",Vengurle,Chinchwad,TARLA,MO,33460,Bhuinj,323.9,,,वेंगुर्ला,"कोल्हापूर (शिवशाही)",172.6,08:00,12:45,NON,DAILY,,,
79531,"Vengurle To Chinchwad Via Tarla",Vengurle,Chinchwad,TARLA,MO,34386,Anewadi,327.4,,,वेंगुर्ला,"कोल्हापूर (शिवशाही)",172.6,08:00,12:45,NON,DAILY,,,
79531,"Vengurle To Chinchwad Via Tarla",Vengurle,Chinchwad,TARLA,MO,33521,Kavathe,329.7,,,वेंगुर्ला,"कोल्हापूर (शिवशाही)",172.6,08:00,12:45,NON,DAILY,,,
79531,"Vengurle To Chinchwad Via Tarla",Vengurle,Chinchwad,TARLA,MO,33588,"Surur Fata",333.9,,,वेंगुर्ला,"कोल्हापूर (शिवशाही)",172.6,08:00,12:45,NON,DAILY,,,
79531,"Vengurle To Chinchwad Via Tarla",Vengurle,Chinchwad,TARLA,MO,29233,"Pargaon Khandala",347.3,,,वेंगुर्ला,"कोल्हापूर (शिवशाही)",172.6,08:00,12:45,NON,DAILY,,,
79531,"Vengurle To Chinchwad Via Tarla",Vengurle,Chinchwad,TARLA,MO,29190,"Kesurdi Fata",352.7,,,वेंगुर्ला,"कोल्हापूर (शिवशाही)",172.6,08:00,12:45,NON,DAILY,,,
79531,"Vengurle To Chinchwad Via Tarla",Vengurle,Chinchwad,TARLA,MO,29255,Shirwal,357.7,,,वेंगुर्ला,"कोल्हापूर (शिवशाही)",172.6,08:00,12:45,NON,DAILY,,,
79531,"Vengurle To Chinchwad Via Tarla",Vengurle,Chinchwad,TARLA,MO,29254,"Shinde Wadi Fata",361.6,,,वेंगुर्ला,"कोल्हापूर (शिवशाही)",172.6,08:00,12:45,NON,DAILY,,,
79531,"Vengurle To Chinchwad Via Tarla",Vengurle,Chinchwad,TARLA,MO,6590,Kikavi,366,,,वेंगुर्ला,"कोल्हापूर (शिवशाही)",172.6,08:00,12:45,NON,DAILY,,,
79531,"Vengurle To Chinchwad Via Tarla",Vengurle,Chinchwad,TARLA,MO,6582,"Kalubai Mandir",378.9,,,वेंगुर्ला,"कोल्हापूर (शिवशाही)",172.6,08:00,12:45,NON,DAILY,,,
79531,"Vengurle To Chinchwad Via Tarla",Vengurle,Chinchwad,TARLA,MO,6696,Shivare,385.2,,,वेंगुर्ला,"कोल्हापूर (शिवशाही)",172.6,08:00,12:45,NON,DAILY,,,
79531,"Vengurle To Chinchwad Via Tarla",Vengurle,Chinchwad,TARLA,MO,8794,Gogalwadi,390.1,,,वेंगुर्ला,"कोल्हापूर (शिवशाही)",172.6,08:00,12:45,NON,DAILY,,,
79531,"Vengurle To Chinchwad Via Tarla",Vengurle,Chinchwad,TARLA,MO,8934,"Swargate, Pune",404.8,,,वेंगुर्ला,"कोल्हापूर (शिवशाही)",172.6,08:00,12:45,NON,DAILY,,,
79531,"Vengurle To Chinchwad Via Tarla",Vengurle,Chinchwad,TARLA,MO,8888,"Pune Rly. Stn.",411.3,,,वेंगुर्ला,"कोल्हापूर (शिवशाही)",172.6,08:00,12:45,NON,DAILY,,,
79531,"Vengurle To Chinchwad Via Tarla",Vengurle,Chinchwad,TARLA,MO,8783,"Dapodi Octroi Naka",420.2,,,वेंगुर्ला,"कोल्हापूर (शिवशाही)",172.6,08:00,12:45,NON,DAILY,,,
79531,"Vengurle To Chinchwad Via Tarla",Vengurle,Chinchwad,TARLA,MO,8957,"Vallabh Nagar",422.5,,,वेंगुर्ला,"कोल्हापूर (शिवशाही)",172.6,08:00,12:45,NON,DAILY,,,
79531,"Vengurle To Chinchwad Via Tarla",Vengurle,Chinchwad,TARLA,MO,8761,Chinchwad,427.3,,,वेंगुर्ला,"कोल्हापूर (शिवशाही)",172.6,08:00,12:45,NON,DAILY,,,
10923,"Kolhapur To Vengurle Via Gaganbawda",Kolhapur,Vengurle,GAGANBAWDA,MO,24359,Kolhapur,,,,कोल्हापूर,वेंगुर्ला,173.3,07:00,12:15,NON,DAILY,,,
10923,"Kolhapur To Vengurle Via Gaganbawda",Kolhapur,Vengurle,GAGANBAWDA,MO,25888,"Town Hall",3,,,कोल्हापूर,वेंगुर्ला,173.3,07:00,12:15,NON,DAILY,,,
10923,"Kolhapur To Vengurle Via Gaganbawda",Kolhapur,Vengurle,GAGANBAWDA,MO,25400,Rankala,4.7,,,कोल्हापूर,वेंगुर्ला,173.3,07:00,12:15,NON,DAILY,,,
10923,"Kolhapur To Vengurle Via Gaganbawda",Kolhapur,Vengurle,GAGANBAWDA,MO,23694,"Fulewadi Naka",8.9,,,कोल्हापूर,वेंगुर्ला,173.3,07:00,12:15,NON,DAILY,,,
10923,"Kolhapur To Vengurle Via Gaganbawda",Kolhapur,Vengurle,GAGANBAWDA,MO,24309,Khandsari,9,,,कोल्हापूर,वेंगुर्ला,173.3,07:00,12:15,NON,DAILY,,,
10923,"Kolhapur To Vengurle Via Gaganbawda",Kolhapur,Vengurle,GAGANBAWDA,MO,23598,Donawade,12,,,कोल्हापूर,वेंगुर्ला,173.3,07:00,12:15,NON,DAILY,,,
10923,"Kolhapur To Vengurle Via Gaganbawda",Kolhapur,Vengurle,GAGANBAWDA,MO,24253,"Kuditre Factory",14.3,,,कोल्हापूर,वेंगुर्ला,173.3,07:00,12:15,NON,DAILY,,,
10923,"Kolhapur To Vengurle Via Gaganbawda",Kolhapur,Vengurle,GAGANBAWDA,MO,30585,Aadoor,16.3,,,कोल्हापूर,वेंगुर्ला,173.3,07:00,12:15,NON,DAILY,,,
10923,"Kolhapur To Vengurle Via Gaganbawda",Kolhapur,Vengurle,GAGANBAWDA,MO,24163,Kalambe,17.2,,,कोल्हापूर,वेंगुर्ला,173.3,07:00,12:15,NON,DAILY,,,
10923,"Kolhapur To Vengurle Via Gaganbawda",Kolhapur,Vengurle,GAGANBAWDA,MO,23224,Bhamte,18.1,,,कोल्हापूर,वेंगुर्ला,173.3,07:00,12:15,NON,DAILY,,,
10923,"Kolhapur To Vengurle Via Gaganbawda",Kolhapur,Vengurle,GAGANBAWDA,MO,23390,Chinchvade,19,,,कोल्हापूर,वेंगुर्ला,173.3,07:00,12:15,NON,DAILY,,,
10923,"Kolhapur To Vengurle Via Gaganbawda",Kolhapur,Vengurle,GAGANBAWDA,MO,24361,"Kale Canteen",21.2,,,कोल्हापूर,वेंगुर्ला,173.3,07:00,12:15,NON,DAILY,,,
10923,"Kolhapur To Vengurle Via Gaganbawda",Kolhapur,Vengurle,GAGANBAWDA,MO,30595,Asgaon,23,,,कोल्हापूर,वेंगुर्ला,173.3,07:00,12:15,NON,DAILY,,,
10923,"Kolhapur To Vengurle Via Gaganbawda",Kolhapur,Vengurle,GAGANBAWDA,MO,24941,Mutkeshwar,25.6,,,कोल्हापूर,वेंगुर्ला,173.3,07:00,12:15,NON,DAILY,,,
10923,"Kolhapur To Vengurle Via Gaganbawda",Kolhapur,Vengurle,GAGANBAWDA,MO,24616,Longhe,26.2,,,कोल्हापूर,वेंगुर्ला,173.3,07:00,12:15,NON,DAILY,,,
10923,"Kolhapur To Vengurle Via Gaganbawda",Kolhapur,Vengurle,GAGANBAWDA,MO,24332,Kirve,28.5,,,कोल्हापूर,वेंगुर्ला,173.3,07:00,12:15,NON,DAILY,,,
10923,"Kolhapur To Vengurle Via Gaganbawda",Kolhapur,Vengurle,GAGANBAWDA,MO,25612,Sakhari,29.2,,,कोल्हापूर,वेंगुर्ला,173.3,07:00,12:15,NON,DAILY,,,
10923,"Kolhapur To Vengurle Via Gaganbawda",Kolhapur,Vengurle,GAGANBAWDA,MO,26015,"Vetwade Fata",31,,,कोल्हापूर,वेंगुर्ला,173.3,07:00,12:15,NON,DAILY,,,
10923,"Kolhapur To Vengurle Via Gaganbawda",Kolhapur,Vengurle,GAGANBAWDA,MO,25627,Salvan,31.8,,,कोल्हापूर,वेंगुर्ला,173.3,07:00,12:15,NON,DAILY,,,
10923,"Kolhapur To Vengurle Via Gaganbawda",Kolhapur,Vengurle,GAGANBAWDA,MO,24894,Margaiwadi,34.6,,,कोल्हापूर,वेंगुर्ला,173.3,07:00,12:15,NON,DAILY,,,
10923,"Kolhapur To Vengurle Via Gaganbawda",Kolhapur,Vengurle,GAGANBAWDA,MO,24454,Khopadewadi,37.1,,,कोल्हापूर,वेंगुर्ला,173.3,07:00,12:15,NON,DAILY,,,
10923,"Kolhapur To Vengurle Via Gaganbawda",Kolhapur,Vengurle,GAGANBAWDA,MO,30326,"Andur Fata",40.2,,,कोल्हापूर,वेंगुर्ला,173.3,07:00,12:15,NON,DAILY,,,
10923,"Kolhapur To Vengurle Via Gaganbawda",Kolhapur,Vengurle,GAGANBAWDA,MO,25155,"Padalwadi Fata",43.5,,,कोल्हापूर,वेंगुर्ला,173.3,07:00,12:15,NON,DAILY,,,
10923,"Kolhapur To Vengurle Via Gaganbawda",Kolhapur,Vengurle,GAGANBAWDA,MO,30324,"Asalaj Canteen",47,,,कोल्हापूर,वेंगुर्ला,173.3,07:00,12:15,NON,DAILY,,,
10923,"Kolhapur To Vengurle Via Gaganbawda",Kolhapur,Vengurle,GAGANBAWDA,MO,25139,Pargavkarwadi,49.2,,,कोल्हापूर,वेंगुर्ला,173.3,07:00,12:15,NON,DAILY,,,
10923,"Kolhapur To Vengurle Via Gaganbawda",Kolhapur,Vengurle,GAGANBAWDA,MO,25662,"Sangshi Fata",52,,,कोल्हापूर,वेंगुर्ला,173.3,07:00,12:15,NON,DAILY,,,
10923,"Kolhapur To Vengurle Via Gaganbawda",Kolhapur,Vengurle,GAGANBAWDA,MO,24105,Jambulnewadi,55,,,कोल्हापूर,वेंगुर्ला,173.3,07:00,12:15,NON,DAILY,,,
10923,"Kolhapur To Vengurle Via Gaganbawda",Kolhapur,Vengurle,GAGANBAWDA,MO,23733,Gaganbawda,56.4,,,कोल्हापूर,वेंगुर्ला,173.3,07:00,12:15,NON,DAILY,,,
10923,"Kolhapur To Vengurle Via Gaganbawda",Kolhapur,Vengurle,GAGANBAWDA,MO,9182,Bhattiwadi,65.4,,,कोल्हापूर,वेंगुर्ला,173.3,07:00,12:15,NON,DAILY,,,
10923,"Kolhapur To Vengurle Via Gaganbawda",Kolhapur,Vengurle,GAGANBAWDA,MO,9212,"Karul High School",66.9,,,कोल्हापूर,वेंगुर्ला,173.3,07:00,12:15,NON,DAILY,,,
10923,"Kolhapur To Vengurle Via Gaganbawda",Kolhapur,Vengurle,GAGANBAWDA,MO,9208,Jamadarwadi,68.4,,,कोल्हापूर,वेंगुर्ला,173.3,07:00,12:15,NON,DAILY,,,
10923,"Kolhapur To Vengurle Via Gaganbawda",Kolhapur,Vengurle,GAGANBAWDA,MO,9297,"Water Tank",71.4,,,कोल्हापूर,वेंगुर्ला,173.3,07:00,12:15,NON,DAILY,,,
10923,"Kolhapur To Vengurle Via Gaganbawda",Kolhapur,Vengurle,GAGANBAWDA,MO,9194,Edgaon,72.5,,,कोल्हापूर,वेंगुर्ला,173.3,07:00,12:15,NON,DAILY,,,
10923,"Kolhapur To Vengurle Via Gaganbawda",Kolhapur,Vengurle,GAGANBAWDA,MO,9291,Vaibhavwadi,74.4,,,कोल्हापूर,वेंगुर्ला,173.3,07:00,12:15,NON,DAILY,,,
10923,"Kolhapur To Vengurle Via Gaganbawda",Kolhapur,Vengurle,GAGANBAWDA,MO,9181,Bandhwadi,77.4,,,कोल्हापूर,वेंगुर्ला,173.3,07:00,12:15,NON,DAILY,,,
10923,"Kolhapur To Vengurle Via Gaganbawda",Kolhapur,Vengurle,GAGANBAWDA,MO,9213,"Kasale Wadi",79.4,,,कोल्हापूर,वेंगुर्ला,173.3,07:00,12:15,NON,DAILY,,,
10923,"Kolhapur To Vengurle Via Gaganbawda",Kolhapur,Vengurle,GAGANBAWDA,MO,9241,Nadhawade,80.7,,,कोल्हापूर,वेंगुर्ला,173.3,07:00,12:15,NON,DAILY,,,
10923,"Kolhapur To Vengurle Via Gaganbawda",Kolhapur,Vengurle,GAGANBAWDA,MO,9278,Tamhanarwadi,83.4,,,कोल्हापूर,वेंगुर्ला,173.3,07:00,12:15,NON,DAILY,,,
10923,"Kolhapur To Vengurle Via Gaganbawda",Kolhapur,Vengurle,GAGANBAWDA,MO,2796,"Kasarde Buddhawadi",86.9,,,कोल्हापूर,वेंगुर्ला,173.3,07:00,12:15,NON,DAILY,,,
10923,"Kolhapur To Vengurle Via Gaganbawda",Kolhapur,Vengurle,GAGANBAWDA,MO,2982,Tarla,88.6,,,कोल्हापूर,वेंगुर्ला,173.3,07:00,12:15,NON,DAILY,,,
10923,"Kolhapur To Vengurle Via Gaganbawda",Kolhapur,Vengurle,GAGANBAWDA,MO,2997,"Vijaydurg Fata",89.4,,,कोल्हापूर,वेंगुर्ला,173.3,07:00,12:15,NON,DAILY,,,
10923,"Kolhapur To Vengurle Via Gaganbawda",Kolhapur,Vengurle,GAGANBAWDA,MO,2673,"Bramhan Wadi",91.6,,,कोल्हापूर,वेंगुर्ला,173.3,07:00,12:15,NON,DAILY,,,
10923,"Kolhapur To Vengurle Via Gaganbawda",Kolhapur,Vengurle,GAGANBAWDA,MO,2872,"Nandgaon Nursary",95.4,,,कोल्हापूर,वेंगुर्ला,173.3,07:00,12:15,NON,DAILY,,,
10923,"Kolhapur To Vengurle Via Gaganbawda",Kolhapur,Vengurle,GAGANBAWDA,MO,2871,"Nandgaon Fata",96.7,,,कोल्हापूर,वेंगुर्ला,173.3,07:00,12:15,NON,DAILY,,,
10923,"Kolhapur To Vengurle Via Gaganbawda",Kolhapur,Vengurle,GAGANBAWDA,MO,2870,"Nandgaon Datta Mandir",98.9,,,कोल्हापूर,वेंगुर्ला,173.3,07:00,12:15,NON,DAILY,,,
10923,"Kolhapur To Vengurle Via Gaganbawda",Kolhapur,Vengurle,GAGANBAWDA,MO,2655,Belane,101.3,,,कोल्हापूर,वेंगुर्ला,173.3,07:00,12:15,NON,DAILY,,,
10923,"Kolhapur To Vengurle Via Gaganbawda",Kolhapur,Vengurle,GAGANBAWDA,MO,2756,"Humrat Titha",103.5,,,कोल्हापूर,वेंगुर्ला,173.3,07:00,12:15,NON,DAILY,,,
10923,"Kolhapur To Vengurle Via Gaganbawda",Kolhapur,Vengurle,GAGANBAWDA,MO,2768,"Janavali Gavthanwadi",107.8,,,कोल्हापूर,वेंगुर्ला,173.3,07:00,12:15,NON,DAILY,,,
10923,"Kolhapur To Vengurle Via Gaganbawda",Kolhapur,Vengurle,GAGANBAWDA,MO,2786,Kankavli,111.6,,,कोल्हापूर,वेंगुर्ला,173.3,07:00,12:15,NON,DAILY,,,
10923,"Kolhapur To Vengurle Via Gaganbawda",Kolhapur,Vengurle,GAGANBAWDA,MO,3001,"Wagade Gpo",113.6,,,कोल्हापूर,वेंगुर्ला,173.3,07:00,12:15,NON,DAILY,,,
10923,"Kolhapur To Vengurle Via Gaganbawda",Kolhapur,Vengurle,GAGANBAWDA,MO,2692,Dangalwadi,117.7,,,कोल्हापूर,वेंगुर्ला,173.3,07:00,12:15,NON,DAILY,,,
10923,"Kolhapur To Vengurle Via Gaganbawda",Kolhapur,Vengurle,GAGANBAWDA,MO,2891,"Osargaon Talav",118.8,,,कोल्हापूर,वेंगुर्ला,173.3,07:00,12:15,NON,DAILY,,,
10923,"Kolhapur To Vengurle Via Gaganbawda",Kolhapur,Vengurle,GAGANBAWDA,MO,2890,"Osargaon Post",121.7,,,कोल्हापूर,वेंगुर्ला,173.3,07:00,12:15,NON,DAILY,,,
10923,"Kolhapur To Vengurle Via Gaganbawda",Kolhapur,Vengurle,GAGANBAWDA,MO,2889,"Osargaon Godaoon",123,,,कोल्हापूर,वेंगुर्ला,173.3,07:00,12:15,NON,DAILY,,,
10923,"Kolhapur To Vengurle Via Gaganbawda",Kolhapur,Vengurle,GAGANBAWDA,MO,6281,Kasal,126,,,कोल्हापूर,वेंगुर्ला,173.3,07:00,12:15,NON,DAILY,,,
10923,"Kolhapur To Vengurle Via Gaganbawda",Kolhapur,Vengurle,GAGANBAWDA,MO,6282,"Kasal Balamwadi",127.4,,,कोल्हापूर,वेंगुर्ला,173.3,07:00,12:15,NON,DAILY,,,
10923,"Kolhapur To Vengurle Via Gaganbawda",Kolhapur,Vengurle,GAGANBAWDA,MO,6362,"Oros Bus Stnad",131.7,,,कोल्हापूर,वेंगुर्ला,173.3,07:00,12:15,NON,DAILY,,,
10923,"Kolhapur To Vengurle Via Gaganbawda",Kolhapur,Vengurle,GAGANBAWDA,MO,6206,"Humarmala Rane Dukan",134.4,,,कोल्हापूर,वेंगुर्ला,173.3,07:00,12:15,NON,DAILY,,,
10923,"Kolhapur To Vengurle Via Gaganbawda",Kolhapur,Vengurle,GAGANBAWDA,MO,6378,"Pandur Titha",137,,,कोल्हापूर,वेंगुर्ला,173.3,07:00,12:15,NON,DAILY,,,
10923,"Kolhapur To Vengurle Via Gaganbawda",Kolhapur,Vengurle,GAGANBAWDA,MO,6378,"Pandur Titha",137.7,,Y,कोल्हापूर,वेंगुर्ला,173.3,07:00,12:15,NON,DAILY,,,
10923,"Kolhapur To Vengurle Via Gaganbawda",Kolhapur,Vengurle,GAGANBAWDA,MO,88100,Vetalbambarde,139,,,कोल्हापूर,वेंगुर्ला,173.3,07:00,12:15,NON,DAILY,,,
10923,"Kolhapur To Vengurle Via Gaganbawda",Kolhapur,Vengurle,GAGANBAWDA,MO,6380,"Pawashi Panchayat",140,,,कोल्हापूर,वेंगुर्ला,173.3,07:00,12:15,NON,DAILY,,,
10923,"Kolhapur To Vengurle Via Gaganbawda",Kolhapur,Vengurle,GAGANBAWDA,MO,6240,"Kudal St Depot",144,,,कोल्हापूर,वेंगुर्ला,173.3,07:00,12:15,NON,DAILY,,,
10923,"Kolhapur To Vengurle Via Gaganbawda",Kolhapur,Vengurle,GAGANBAWDA,MO,6237,"Kudal St Depot",146.8,,,कोल्हापूर,वेंगुर्ला,173.3,07:00,12:15,NON,DAILY,,,
10923,"Kolhapur To Vengurle Via Gaganbawda",Kolhapur,Vengurle,GAGANBAWDA,MO,6376,"Pinguli Titha",149.6,,,कोल्हापूर,वेंगुर्ला,173.3,07:00,12:15,NON,DAILY,,,
10923,"Kolhapur To Vengurle Via Gaganbawda",Kolhapur,Vengurle,GAGANBAWDA,MO,6423,Sativan,153,,,कोल्हापूर,वेंगुर्ला,173.3,07:00,12:15,NON,DAILY,,,
10923,"Kolhapur To Vengurle Via Gaganbawda",Kolhapur,Vengurle,GAGANBAWDA,MO,6112,"Adosewadi Fata",156.2,,,कोल्हापूर,वेंगुर्ला,173.3,07:00,12:15,NON,DAILY,,,
10923,"Kolhapur To Vengurle Via Gaganbawda",Kolhapur,Vengurle,GAGANBAWDA,MO,6458,"Vetore Titha",157.6,,,कोल्हापूर,वेंगुर्ला,173.3,07:00,12:15,NON,DAILY,,,
10923,"Kolhapur To Vengurle Via Gaganbawda",Kolhapur,Vengurle,GAGANBAWDA,MO,6398,"Shambhu Bhavani",158.4,,,कोल्हापूर,वेंगुर्ला,173.3,07:00,12:15,NON,DAILY,,,
10923,"Kolhapur To Vengurle Via Gaganbawda",Kolhapur,Vengurle,GAGANBAWDA,MO,6238,"Kudal Titha",160.3,,,कोल्हापूर,वेंगुर्ला,173.3,07:00,12:15,NON,DAILY,,,
10923,"Kolhapur To Vengurle Via Gaganbawda",Kolhapur,Vengurle,GAGANBAWDA,MO,9620,"Bowalekar Wadi",161.7,,,कोल्हापूर,वेंगुर्ला,173.3,07:00,12:15,NON,DAILY,,,
10923,"Kolhapur To Vengurle Via Gaganbawda",Kolhapur,Vengurle,GAGANBAWDA,MO,9709,"Math High School",163.5,,,कोल्हापूर,वेंगुर्ला,173.3,07:00,12:15,NON,DAILY,,,
10923,"Kolhapur To Vengurle Via Gaganbawda",Kolhapur,Vengurle,GAGANBAWDA,MO,9665,Kankewadi,164.5,,,कोल्हापूर,वेंगुर्ला,173.3,07:00,12:15,NON,DAILY,,,
10923,"Kolhapur To Vengurle Via Gaganbawda",Kolhapur,Vengurle,GAGANBAWDA,MO,9708,"Maruti Mandir",167,,,कोल्हापूर,वेंगुर्ला,173.3,07:00,12:15,NON,DAILY,,,
10923,"Kolhapur To Vengurle Via Gaganbawda",Kolhapur,Vengurle,GAGANBAWDA,MO,9765,"Rameshwar Mandir",169.6,,,कोल्हापूर,वेंगुर्ला,173.3,07:00,12:15,NON,DAILY,,,
10923,"Kolhapur To Vengurle Via Gaganbawda",Kolhapur,Vengurle,GAGANBAWDA,MO,9758,"Piracha Darga",170,,,कोल्हापूर,वेंगुर्ला,173.3,07:00,12:15,NON,DAILY,,,
10923,"Kolhapur To Vengurle Via Gaganbawda",Kolhapur,Vengurle,GAGANBAWDA,MO,9824,Vengurle,173.3,,,कोल्हापूर,वेंगुर्ला,173.3,07:00,12:15,NON,DAILY,,,
19999,"Gawaliwada To Vengurle",Gawaliwada,Vengurle,,MO,6174,Gawaliwada,,,,"गवळीवाडा आंजिवडे",वेंगुर्ला,49.2,06:10,08:00,SC,DAILY,शालेय,शालेय,SCHOOL
19999,"Gawaliwada To Vengurle",Gawaliwada,Vengurle,,MO,6099,Anjiwade,0.9,,,"गवळीवाडा आंजिवडे",वेंगुर्ला,49.2,06:10,08:00,SC,DAILY,शालेय,शालेय,SCHOOL
19999,"Gawaliwada To Vengurle",Gawaliwada,Vengurle,,MO,6451,"Vasoli Ranewadi",2.5,,,"गवळीवाडा आंजिवडे",वेंगुर्ला,49.2,06:10,08:00,SC,DAILY,शालेय,शालेय,SCHOOL
19999,"Gawaliwada To Vengurle",Gawaliwada,Vengurle,,MO,2074,Sadewadi,3.2,,,"गवळीवाडा आंजिवडे",वेंगुर्ला,49.2,06:10,08:00,SC,DAILY,शालेय,शालेय,SCHOOL
19999,"Gawaliwada To Vengurle",Gawaliwada,Vengurle,,MO,6161,Dukanwad,6.7,,,"गवळीवाडा आंजिवडे",वेंगुर्ला,49.2,06:10,08:00,SC,DAILY,शालेय,शालेय,SCHOOL
19999,"Gawaliwada To Vengurle",Gawaliwada,Vengurle,,MO,88081,"Mahadevache Kerawade",7,,,"गवळीवाडा आंजिवडे",वेंगुर्ला,49.2,06:10,08:00,SC,DAILY,शालेय,शालेय,SCHOOL
19999,"Gawaliwada To Vengurle",Gawaliwada,Vengurle,,MO,6148,"Chafeli Nursery",9.3,,,"गवळीवाडा आंजिवडे",वेंगुर्ला,49.2,06:10,08:00,SC,DAILY,शालेय,शालेय,SCHOOL
19999,"Gawaliwada To Vengurle",Gawaliwada,Vengurle,,MO,6344,"Nileli Nursery",14,,,"गवळीवाडा आंजिवडे",वेंगुर्ला,49.2,06:10,08:00,SC,DAILY,शालेय,शालेय,SCHOOL
19999,"Gawaliwada To Vengurle",Gawaliwada,Vengurle,,MO,6190,"Gothos Titha",15.4,,,"गवळीवाडा आंजिवडे",वेंगुर्ला,49.2,06:10,08:00,SC,DAILY,शालेय,शालेय,SCHOOL
19999,"Gawaliwada To Vengurle",Gawaliwada,Vengurle,,MO,6464,"Wados Bazar",16.3,,,"गवळीवाडा आंजिवडे",वेंगुर्ला,49.2,06:10,08:00,SC,DAILY,शालेय,शालेय,SCHOOL
19999,"Gawaliwada To Vengurle",Gawaliwada,Vengurle,,MO,6092,Amberi,20.4,,,"गवळीवाडा आंजिवडे",वेंगुर्ला,49.2,06:10,08:00,SC,DAILY,शालेय,शालेय,SCHOOL
19999,"Gawaliwada To Vengurle",Gawaliwada,Vengurle,,MO,6317,Mangaon,22.8,,,"गवळीवाडा आंजिवडे",वेंगुर्ला,49.2,06:10,08:00,SC,DAILY,शालेय,शालेय,SCHOOL
19999,"Gawaliwada To Vengurle",Gawaliwada,Vengurle,,MO,6323,"Mangaon Titha",24.7,,,"गवळीवाडा आंजिवडे",वेंगुर्ला,49.2,06:10,08:00,SC,DAILY,शालेय,शालेय,SCHOOL
19999,"Gawaliwada To Vengurle",Gawaliwada,Vengurle,,MO,6386,"Power House",25,,,"गवळीवाडा आंजिवडे",वेंगुर्ला,49.2,06:10,08:00,SC,DAILY,शालेय,शालेय,SCHOOL
19999,"Gawaliwada To Vengurle",Gawaliwada,Vengurle,,MO,6412,"Salgaon Harijanwadi",28.1,,,"गवळीवाडा आंजिवडे",वेंगुर्ला,49.2,06:10,08:00,SC,DAILY,शालेय,शालेय,SCHOOL
19999,"Gawaliwada To Vengurle",Gawaliwada,Vengurle,,MO,6474,"Zharap Titha",30,,,"गवळीवाडा आंजिवडे",वेंगुर्ला,49.2,06:10,08:00,SC,DAILY,शालेय,शालेय,SCHOOL
19999,"Gawaliwada To Vengurle",Gawaliwada,Vengurle,,MO,6390,"Railway Gate",33.8,,,"गवळीवाडा आंजिवडे",वेंगुर्ला,49.2,06:10,08:00,SC,DAILY,शालेय,शालेय,SCHOOL
19999,"Gawaliwada To Vengurle",Gawaliwada,Vengurle,,MO,6197,Gawadewadi,34.4,,,"गवळीवाडा आंजिवडे",वेंगुर्ला,49.2,06:10,08:00,SC,DAILY,शालेय,शालेय,SCHOOL
19999,"Gawaliwada To Vengurle",Gawaliwada,Vengurle,,MO,8685,Gawaliwadi,34.7,,,"गवळीवाडा आंजिवडे",वेंगुर्ला,49.2,06:10,08:00,SC,DAILY,शालेय,शालेय,SCHOOL
19999,"Gawaliwada To Vengurle",Gawaliwada,Vengurle,,MO,6404,"Someshwar Mandir",35.1,,,"गवळीवाडा आंजिवडे",वेंगुर्ला,49.2,06:10,08:00,SC,DAILY,शालेय,शालेय,SCHOOL
19999,"Gawaliwada To Vengurle",Gawaliwada,Vengurle,,MO,6103,"Adeli G.P.O.",35.4,,,"गवळीवाडा आंजिवडे",वेंगुर्ला,49.2,06:10,08:00,SC,DAILY,शालेय,शालेय,SCHOOL
19999,"Gawaliwada To Vengurle",Gawaliwada,Vengurle,,MO,6247,Kashalikar,37.5,,,"गवळीवाडा आंजिवडे",वेंगुर्ला,49.2,06:10,08:00,SC,DAILY,शालेय,शालेय,SCHOOL
19999,"Gawaliwada To Vengurle",Gawaliwada,Vengurle,,MO,6238,"Kudal Titha",38.2,,,"गवळीवाडा आंजिवडे",वेंगुर्ला,49.2,06:10,08:00,SC,DAILY,शालेय,शालेय,SCHOOL
19999,"Gawaliwada To Vengurle",Gawaliwada,Vengurle,,MO,9620,"Bowalekar Wadi",39.6,,,"गवळीवाडा आंजिवडे",वेंगुर्ला,49.2,06:10,08:00,SC,DAILY,शालेय,शालेय,SCHOOL
19999,"Gawaliwada To Vengurle",Gawaliwada,Vengurle,,MO,9709,"Math High School",41.4,,,"गवळीवाडा आंजिवडे",वेंगुर्ला,49.2,06:10,08:00,SC,DAILY,शालेय,शालेय,SCHOOL
19999,"Gawaliwada To Vengurle",Gawaliwada,Vengurle,,MO,9665,Kankewadi,42.4,,,"गवळीवाडा आंजिवडे",वेंगुर्ला,49.2,06:10,08:00,SC,DAILY,शालेय,शालेय,SCHOOL
19999,"Gawaliwada To Vengurle",Gawaliwada,Vengurle,,MO,9708,"Maruti Mandir",45,,,"गवळीवाडा आंजिवडे",वेंगुर्ला,49.2,06:10,08:00,SC,DAILY,शालेय,शालेय,SCHOOL
19999,"Gawaliwada To Vengurle",Gawaliwada,Vengurle,,MO,9823,"Vengurla Camp",46,,,"गवळीवाडा आंजिवडे",वेंगुर्ला,49.2,06:10,08:00,SC,DAILY,शालेय,शालेय,SCHOOL
19999,"Gawaliwada To Vengurle",Gawaliwada,Vengurle,,MO,9764,"Rameshwar / Maruti Mandir",47.5,,,"गवळीवाडा आंजिवडे",वेंगुर्ला,49.2,06:10,08:00,SC,DAILY,शालेय,शालेय,SCHOOL
19999,"Gawaliwada To Vengurle",Gawaliwada,Vengurle,,MO,9824,Vengurle,49.2,,,"गवळीवाडा आंजिवडे",वेंगुर्ला,49.2,06:10,08:00,SC,DAILY,शालेय,शालेय,SCHOOL
98265,"Kolhapur To Vengurle Via Phonda",Kolhapur,Vengurle,PHONDA,MO,24359,Kolhapur,,,,कोल्हापूर,वेंगुर्ला,173.7,16:15,21:35,NON,DAILY,,,
98265,"Kolhapur To Vengurle Via Phonda",Kolhapur,Vengurle,PHONDA,MO,25400,Rankala,4.7,,,कोल्हापूर,वेंगुर्ला,173.7,16:15,21:35,NON,DAILY,,,
98265,"Kolhapur To Vengurle Via Phonda",Kolhapur,Vengurle,PHONDA,MO,25069,"New Vashi Naka",10.8,,,कोल्हापूर,वेंगुर्ला,173.7,16:15,21:35,NON,DAILY,,,
98265,"Kolhapur To Vengurle Via Phonda",Kolhapur,Vengurle,PHONDA,MO,23945,Haldi,19.6,,,कोल्हापूर,वेंगुर्ला,173.7,16:15,21:35,NON,DAILY,,,
98265,"Kolhapur To Vengurle Via Phonda",Kolhapur,Vengurle,PHONDA,MO,23216,"Bhogavati Sugar Factory",27.7,,,कोल्हापूर,वेंगुर्ला,173.7,16:15,21:35,NON,DAILY,,,
98265,"Kolhapur To Vengurle Via Phonda",Kolhapur,Vengurle,PHONDA,MO,23049,Anaje,39.1,,,कोल्हापूर,वेंगुर्ला,173.7,16:15,21:35,NON,DAILY,,,
98265,"Kolhapur To Vengurle Via Phonda",Kolhapur,Vengurle,PHONDA,MO,23720,Gaibi,47.6,,,कोल्हापूर,वेंगुर्ला,173.7,16:15,21:35,NON,DAILY,,,
98265,"Kolhapur To Vengurle Via Phonda",Kolhapur,Vengurle,PHONDA,MO,25336,Radhanagari,52.4,,,कोल्हापूर,वेंगुर्ला,173.7,16:15,21:35,NON,DAILY,,,
98265,"Kolhapur To Vengurle Via Phonda",Kolhapur,Vengurle,PHONDA,MO,24014,Hatimahal,54,,,कोल्हापूर,वेंगुर्ला,173.7,16:15,21:35,NON,DAILY,,,
98265,"Kolhapur To Vengurle Via Phonda",Kolhapur,Vengurle,PHONDA,MO,25393,"Radhanagri Dam",60,,,कोल्हापूर,वेंगुर्ला,173.7,16:15,21:35,NON,DAILY,,,
98265,"Kolhapur To Vengurle Via Phonda",Kolhapur,Vengurle,PHONDA,MO,23601,Daoudwadi,62.5,,,कोल्हापूर,वेंगुर्ला,173.7,16:15,21:35,NON,DAILY,,,
98265,"Kolhapur To Vengurle Via Phonda",Kolhapur,Vengurle,PHONDA,MO,30607,Ajiwade,63.5,,,कोल्हापूर,वेंगुर्ला,173.7,16:15,21:35,NON,DAILY,,,
98265,"Kolhapur To Vengurle Via Phonda",Kolhapur,Vengurle,PHONDA,MO,25530,Shelap,66.2,,,कोल्हापूर,वेंगुर्ला,173.7,16:15,21:35,NON,DAILY,,,
98265,"Kolhapur To Vengurle Via Phonda",Kolhapur,Vengurle,PHONDA,MO,23137,Bambar,69.5,,,कोल्हापूर,वेंगुर्ला,173.7,16:15,21:35,NON,DAILY,,,
98265,"Kolhapur To Vengurle Via Phonda",Kolhapur,Vengurle,PHONDA,MO,25038,Naniwade,72,,,कोल्हापूर,वेंगुर्ला,173.7,16:15,21:35,NON,DAILY,,,
98265,"Kolhapur To Vengurle Via Phonda",Kolhapur,Vengurle,PHONDA,MO,24004,Hasane,75.2,,,कोल्हापूर,वेंगुर्ला,173.7,16:15,21:35,NON,DAILY,,,
98265,"Kolhapur To Vengurle Via Phonda",Kolhapur,Vengurle,PHONDA,MO,23566,Dajipur,81.7,,,कोल्हापूर,वेंगुर्ला,173.7,16:15,21:35,NON,DAILY,,,
98265,"Kolhapur To Vengurle Via Phonda",Kolhapur,Vengurle,PHONDA,MO,2904,Phonda,93.6,,,कोल्हापूर,वेंगुर्ला,173.7,16:15,21:35,NON,DAILY,,,
98265,"Kolhapur To Vengurle Via Phonda",Kolhapur,Vengurle,PHONDA,MO,2905,"Phonda Fata",95,,,कोल्हापूर,वेंगुर्ला,173.7,16:15,21:35,NON,DAILY,,,
98265,"Kolhapur To Vengurle Via Phonda",Kolhapur,Vengurle,PHONDA,MO,2781,Kanadewadi,97,,,कोल्हापूर,वेंगुर्ला,173.7,16:15,21:35,NON,DAILY,,,
98265,"Kolhapur To Vengurle Via Phonda",Kolhapur,Vengurle,PHONDA,MO,2790,Karul,98,,,कोल्हापूर,वेंगुर्ला,173.7,16:15,21:35,NON,DAILY,,,
98265,"Kolhapur To Vengurle Via Phonda",Kolhapur,Vengurle,PHONDA,MO,2757,"Humrath Mal Ghorpiwadi",100,,,कोल्हापूर,वेंगुर्ला,173.7,16:15,21:35,NON,DAILY,,,
98265,"Kolhapur To Vengurle Via Phonda",Kolhapur,Vengurle,PHONDA,MO,2756,"Humrat Titha",108.9,,,कोल्हापूर,वेंगुर्ला,173.7,16:15,21:35,NON,DAILY,,,
98265,"Kolhapur To Vengurle Via Phonda",Kolhapur,Vengurle,PHONDA,MO,2768,"Janavali Gavthanwadi",112,,,कोल्हापूर,वेंगुर्ला,173.7,16:15,21:35,NON,DAILY,,,
98265,"Kolhapur To Vengurle Via Phonda",Kolhapur,Vengurle,PHONDA,MO,2786,Kankavli,115.8,,,कोल्हापूर,वेंगुर्ला,173.7,16:15,21:35,NON,DAILY,,,
98265,"Kolhapur To Vengurle Via Phonda",Kolhapur,Vengurle,PHONDA,MO,3001,"Wagade Gpo",120.9,,,कोल्हापूर,वेंगुर्ला,173.7,16:15,21:35,NON,DAILY,,,
98265,"Kolhapur To Vengurle Via Phonda",Kolhapur,Vengurle,PHONDA,MO,3003,"Waghada Dangalwadi",123,,,कोल्हापूर,वेंगुर्ला,173.7,16:15,21:35,NON,DAILY,,,
98265,"Kolhapur To Vengurle Via Phonda",Kolhapur,Vengurle,PHONDA,MO,2891,"Osargaon Talav",126,,,कोल्हापूर,वेंगुर्ला,173.7,16:15,21:35,NON,DAILY,,,
98265,"Kolhapur To Vengurle Via Phonda",Kolhapur,Vengurle,PHONDA,MO,2890,"Osargaon Post",127,,,कोल्हापूर,वेंगुर्ला,173.7,16:15,21:35,NON,DAILY,,,
98265,"Kolhapur To Vengurle Via Phonda",Kolhapur,Vengurle,PHONDA,MO,2889,"Osargaon Godaoon",129,,,कोल्हापूर,वेंगुर्ला,173.7,16:15,21:35,NON,DAILY,,,
98265,"Kolhapur To Vengurle Via Phonda",Kolhapur,Vengurle,PHONDA,MO,6281,Kasal,131,,,कोल्हापूर,वेंगुर्ला,173.7,16:15,21:35,NON,DAILY,,,
98265,"Kolhapur To Vengurle Via Phonda",Kolhapur,Vengurle,PHONDA,MO,6116,Awali,133.1,,,कोल्हापूर,वेंगुर्ला,173.7,16:15,21:35,NON,DAILY,,,
98265,"Kolhapur To Vengurle Via Phonda",Kolhapur,Vengurle,PHONDA,MO,6362,"Oros Bus Stnad",136,,,कोल्हापूर,वेंगुर्ला,173.7,16:15,21:35,NON,DAILY,,,
98265,"Kolhapur To Vengurle Via Phonda",Kolhapur,Vengurle,PHONDA,MO,6204,"Humarmala Kasale Dukan",139,,,कोल्हापूर,वेंगुर्ला,173.7,16:15,21:35,NON,DAILY,,,
98265,"Kolhapur To Vengurle Via Phonda",Kolhapur,Vengurle,PHONDA,MO,6365,Pandur,141.8,,,कोल्हापूर,वेंगुर्ला,173.7,16:15,21:35,NON,DAILY,,,
98265,"Kolhapur To Vengurle Via Phonda",Kolhapur,Vengurle,PHONDA,MO,88100,Vetalbambarde,144,,,कोल्हापूर,वेंगुर्ला,173.7,16:15,21:35,NON,DAILY,,,
98265,"Kolhapur To Vengurle Via Phonda",Kolhapur,Vengurle,PHONDA,MO,6380,"Pawashi Panchayat",147,,,कोल्हापूर,वेंगुर्ला,173.7,16:15,21:35,NON,DAILY,,,
98265,"Kolhapur To Vengurle Via Phonda",Kolhapur,Vengurle,PHONDA,MO,6237,"Kudal St Depot",150.9,,,कोल्हापूर,वेंगुर्ला,173.7,16:15,21:35,NON,DAILY,,,
98265,"Kolhapur To Vengurle Via Phonda",Kolhapur,Vengurle,PHONDA,MO,6376,"Pinguli Titha",153.7,,,कोल्हापूर,वेंगुर्ला,173.7,16:15,21:35,NON,DAILY,,,
98265,"Kolhapur To Vengurle Via Phonda",Kolhapur,Vengurle,PHONDA,MO,6423,Sativan,156.7,,,कोल्हापूर,वेंगुर्ला,173.7,16:15,21:35,NON,DAILY,,,
98265,"Kolhapur To Vengurle Via Phonda",Kolhapur,Vengurle,PHONDA,MO,6459,"Vetore Sub Stage",159.7,,,कोल्हापूर,वेंगुर्ला,173.7,16:15,21:35,NON,DAILY,,,
98265,"Kolhapur To Vengurle Via Phonda",Kolhapur,Vengurle,PHONDA,MO,6398,"Shambhu Bhavani",162.7,,,कोल्हापूर,वेंगुर्ला,173.7,16:15,21:35,NON,DAILY,,,
98265,"Kolhapur To Vengurle Via Phonda",Kolhapur,Vengurle,PHONDA,MO,9695,"Kudal Titha",163.7,,,कोल्हापूर,वेंगुर्ला,173.7,16:15,21:35,NON,DAILY,,,
98265,"Kolhapur To Vengurle Via Phonda",Kolhapur,Vengurle,PHONDA,MO,9620,"Bowalekar Wadi",165.7,,,कोल्हापूर,वेंगुर्ला,173.7,16:15,21:35,NON,DAILY,,,
98265,"Kolhapur To Vengurle Via Phonda",Kolhapur,Vengurle,PHONDA,MO,9665,Kankewadi,168.7,,,कोल्हापूर,वेंगुर्ला,173.7,16:15,21:35,NON,DAILY,,,
98265,"Kolhapur To Vengurle Via Phonda",Kolhapur,Vengurle,PHONDA,MO,9708,"Maruti Mandir",170,,,कोल्हापूर,वेंगुर्ला,173.7,16:15,21:35,NON,DAILY,,,
98265,"Kolhapur To Vengurle Via Phonda",Kolhapur,Vengurle,PHONDA,MO,9824,Vengurle,173.3,,,कोल्हापूर,वेंगुर्ला,173.7,16:15,21:35,NON,DAILY,,,
60691,"Hodawada Chavata To Vengurle","Hodawada Chavata",Vengurle,,MO,9651,"Hodawada Chavata",,,,"होडावडा (वजराट)",वेंगुर्ला,22.5,06:10,06:55,SC,DAILY,शालेय,शालेय,SCHOOL
60691,"Hodawada Chavata To Vengurle","Hodawada Chavata",Vengurle,,MO,9644,"Giroba Mandir",2.4,,,"होडावडा (वजराट)",वेंगुर्ला,22.5,06:10,06:55,SC,DAILY,शालेय,शालेय,SCHOOL
60691,"Hodawada Chavata To Vengurle","Hodawada Chavata",Vengurle,,MO,9652,"Hodawada Vazrath Tita",3.6,,,"होडावडा (वजराट)",वेंगुर्ला,22.5,06:10,06:55,SC,DAILY,शालेय,शालेय,SCHOOL
60691,"Hodawada Chavata To Vengurle","Hodawada Chavata",Vengurle,,MO,9586,"Adeli High School",4.3,,,"होडावडा (वजराट)",वेंगुर्ला,22.5,06:10,06:55,SC,DAILY,शालेय,शालेय,SCHOOL
60691,"Hodawada Chavata To Vengurle","Hodawada Chavata",Vengurle,,MO,9655,"Jambhul Mala",5,,,"होडावडा (वजराट)",वेंगुर्ला,22.5,06:10,06:55,SC,DAILY,शालेय,शालेय,SCHOOL
60691,"Hodawada Chavata To Vengurle","Hodawada Chavata",Vengurle,,MO,9620,"Bowalekar Wadi",8.8,,,"होडावडा (वजराट)",वेंगुर्ला,22.5,06:10,06:55,SC,DAILY,शालेय,शालेय,SCHOOL
60691,"Hodawada Chavata To Vengurle","Hodawada Chavata",Vengurle,,MO,9709,"Math High School",10.6,,,"होडावडा (वजराट)",वेंगुर्ला,22.5,06:10,06:55,SC,DAILY,शालेय,शालेय,SCHOOL
60691,"Hodawada Chavata To Vengurle","Hodawada Chavata",Vengurle,,MO,9665,Kankewadi,11.6,,,"होडावडा (वजराट)",वेंगुर्ला,22.5,06:10,06:55,SC,DAILY,शालेय,शालेय,SCHOOL
60691,"Hodawada Chavata To Vengurle","Hodawada Chavata",Vengurle,,MO,9708,"Maruti Mandir",16,,,"होडावडा (वजराट)",वेंगुर्ला,22.5,06:10,06:55,SC,DAILY,शालेय,शालेय,SCHOOL
60691,"Hodawada Chavata To Vengurle","Hodawada Chavata",Vengurle,,MO,9824,Vengurle,22.5,,,"होडावडा (वजराट)",वेंगुर्ला,22.5,06:10,06:55,SC,DAILY,शालेय,शालेय,SCHOOL
11102,"Rahataghar To Vengurle",Rahataghar,Vengurle,,MO,16548,Rahataghar,,,,"रत्नागिरी रहाटघर",वेंगुर्ला,189.1,13:45,20:05,NON,DAILY,,,
11102,"Rahataghar To Vengurle",Rahataghar,Vengurle,,MO,16599,Ratnagiri,1,,,"रत्नागिरी रहाटघर",वेंगुर्ला,189.1,13:45,20:05,NON,DAILY,,,
11102,"Rahataghar To Vengurle",Rahataghar,Vengurle,,MO,16277,"Maruti Dewoul",1.5,,,"रत्नागिरी रहाटघर",वेंगुर्ला,189.1,13:45,20:05,NON,DAILY,,,
11102,"Rahataghar To Vengurle",Rahataghar,Vengurle,,MO,16663,Shivajinagar,3,,,"रत्नागिरी रहाटघर",वेंगुर्ला,189.1,13:45,20:05,NON,DAILY,,,
11102,"Rahataghar To Vengurle",Rahataghar,Vengurle,,MO,16781,Trp,4,,,"रत्नागिरी रहाटघर",वेंगुर्ला,189.1,13:45,20:05,NON,DAILY,,,
11102,"Rahataghar To Vengurle",Rahataghar,Vengurle,,MO,16679,"Salvi Stop",5,,,"रत्नागिरी रहाटघर",वेंगुर्ला,189.1,13:45,20:05,NON,DAILY,,,
11102,"Rahataghar To Vengurle",Rahataghar,Vengurle,,MO,16108,Kuravbao,6.6,,,"रत्नागिरी रहाटघर",वेंगुर्ला,189.1,13:45,20:05,NON,DAILY,,,
11102,"Rahataghar To Vengurle",Rahataghar,Vengurle,,MO,16563,"Railway Station",7.1,,,"रत्नागिरी रहाटघर",वेंगुर्ला,189.1,13:45,20:05,NON,DAILY,,,
11102,"Rahataghar To Vengurle",Rahataghar,Vengurle,,MO,15979,"Khedshi Fata",9.6,,,"रत्नागिरी रहाटघर",वेंगुर्ला,189.1,13:45,20:05,NON,DAILY,,,
11102,"Rahataghar To Vengurle",Rahataghar,Vengurle,,MO,16466,"Panval Fata",11.6,,,"रत्नागिरी रहाटघर",वेंगुर्ला,189.1,13:45,20:05,NON,DAILY,,,
11102,"Rahataghar To Vengurle",Rahataghar,Vengurle,,MO,15851,Hatkhamba,13,,,"रत्नागिरी रहाटघर",वेंगुर्ला,189.1,13:45,20:05,NON,DAILY,,,
11102,"Rahataghar To Vengurle",Rahataghar,Vengurle,,MO,15833,"Hatakhamba Gaon",14.6,,,"रत्नागिरी रहाटघर",वेंगुर्ला,189.1,13:45,20:05,NON,DAILY,,,
11102,"Rahataghar To Vengurle",Rahataghar,Vengurle,,MO,16628,Shetifarm,17.2,,,"रत्नागिरी रहाटघर",वेंगुर्ला,189.1,13:45,20:05,NON,DAILY,,,
11102,"Rahataghar To Vengurle",Rahataghar,Vengurle,,MO,15946,Kapadagaon,19.1,,,"रत्नागिरी रहाटघर",वेंगुर्ला,189.1,13:45,20:05,NON,DAILY,,,
11102,"Rahataghar To Vengurle",Rahataghar,Vengurle,,MO,16416,Pali,24.2,,,"रत्नागिरी रहाटघर",वेंगुर्ला,189.1,13:45,20:05,NON,DAILY,,,
11102,"Rahataghar To Vengurle",Rahataghar,Vengurle,,MO,13157,Khanu,26,,,"रत्नागिरी रहाटघर",वेंगुर्ला,189.1,13:45,20:05,NON,DAILY,,,
11102,"Rahataghar To Vengurle",Rahataghar,Vengurle,,MO,13297,Math,28.5,,,"रत्नागिरी रहाटघर",वेंगुर्ला,189.1,13:45,20:05,NON,DAILY,,,
11102,"Rahataghar To Vengurle",Rahataghar,Vengurle,,MO,12889,"Anjanari Bridge",31.9,,,"रत्नागिरी रहाटघर",वेंगुर्ला,189.1,13:45,20:05,NON,DAILY,,,
11102,"Rahataghar To Vengurle",Rahataghar,Vengurle,,MO,13573,Veral,34.4,,,"रत्नागिरी रहाटघर",वेंगुर्ला,189.1,13:45,20:05,NON,DAILY,,,
11102,"Rahataghar To Vengurle",Rahataghar,Vengurle,,MO,13011,"Devle Hed Pavas Fata",36.8,,,"रत्नागिरी रहाटघर",वेंगुर्ला,189.1,13:45,20:05,NON,DAILY,,,
11102,"Rahataghar To Vengurle",Rahataghar,Vengurle,,MO,13277,"Lanja Agri. Farm",38.5,,,"रत्नागिरी रहाटघर",वेंगुर्ला,189.1,13:45,20:05,NON,DAILY,,,
11102,"Rahataghar To Vengurle",Rahataghar,Vengurle,,MO,13276,"Lanja Poultry Farm",40.5,,,"रत्नागिरी रहाटघर",वेंगुर्ला,189.1,13:45,20:05,NON,DAILY,,,
11102,"Rahataghar To Vengurle",Rahataghar,Vengurle,,MO,13286,Lanja,42.3,,,"रत्नागिरी रहाटघर",वेंगुर्ला,189.1,13:45,20:05,NON,DAILY,,,
11102,"Rahataghar To Vengurle",Rahataghar,Vengurle,,MO,14720,Kuwa,46.9,,,"रत्नागिरी रहाटघर",वेंगुर्ला,189.1,13:45,20:05,NON,DAILY,,,
11102,"Rahataghar To Vengurle",Rahataghar,Vengurle,,MO,15295,"Waked Laxmi Garden",52.4,,,"रत्नागिरी रहाटघर",वेंगुर्ला,189.1,13:45,20:05,NON,DAILY,,,
11102,"Rahataghar To Vengurle",Rahataghar,Vengurle,,MO,15316,"Watul Titha",55.4,,,"रत्नागिरी रहाटघर",वेंगुर्ला,189.1,13:45,20:05,NON,DAILY,,,
11102,"Rahataghar To Vengurle",Rahataghar,Vengurle,,MO,15325,"Yerdav Fata",59,,,"रत्नागिरी रहाटघर",वेंगुर्ला,189.1,13:45,20:05,NON,DAILY,,,
11102,"Rahataghar To Vengurle",Rahataghar,Vengurle,,MO,15159,"Shivane Fata",60.5,,,"रत्नागिरी रहाटघर",वेंगुर्ला,189.1,13:45,20:05,NON,DAILY,,,
11102,"Rahataghar To Vengurle",Rahataghar,Vengurle,,MO,89331,Oni,60.8,,,"रत्नागिरी रहाटघर",वेंगुर्ला,189.1,13:45,20:05,NON,DAILY,,,
11102,"Rahataghar To Vengurle",Rahataghar,Vengurle,,MO,14719,"Kharavate Fata",64.5,,,"रत्नागिरी रहाटघर",वेंगुर्ला,189.1,13:45,20:05,NON,DAILY,,,
11102,"Rahataghar To Vengurle",Rahataghar,Vengurle,,MO,14574,"Kharavate Village/Sorap Shop",65.4,,,"रत्नागिरी रहाटघर",वेंगुर्ला,189.1,13:45,20:05,NON,DAILY,,,
11102,"Rahataghar To Vengurle",Rahataghar,Vengurle,,MO,14831,Nerke,66.2,,,"रत्नागिरी रहाटघर",वेंगुर्ला,189.1,13:45,20:05,NON,DAILY,,,
11102,"Rahataghar To Vengurle",Rahataghar,Vengurle,,MO,14615,"Kodavali School",67.8,,,"रत्नागिरी रहाटघर",वेंगुर्ला,189.1,13:45,20:05,NON,DAILY,,,
11102,"Rahataghar To Vengurle",Rahataghar,Vengurle,,MO,14735,"Musakazi Fata",70.9,,,"रत्नागिरी रहाटघर",वेंगुर्ला,189.1,13:45,20:05,NON,DAILY,,,
11102,"Rahataghar To Vengurle",Rahataghar,Vengurle,,MO,15006,Rajapur,71.5,,,"रत्नागिरी रहाटघर",वेंगुर्ला,189.1,13:45,20:05,NON,DAILY,,,
11102,"Rahataghar To Vengurle",Rahataghar,Vengurle,,MO,14473,"Ganga Tirtha Fata",75.3,,,"रत्नागिरी रहाटघर",वेंगुर्ला,189.1,13:45,20:05,NON,DAILY,,,
11102,"Rahataghar To Vengurle",Rahataghar,Vengurle,,MO,14521,"Hativale Jaitapur Fata",79.9,,,"रत्नागिरी रहाटघर",वेंगुर्ला,189.1,13:45,20:05,NON,DAILY,,,
11102,"Rahataghar To Vengurle",Rahataghar,Vengurle,,MO,14609,Kodiye,83.4,,,"रत्नागिरी रहाटघर",वेंगुर्ला,189.1,13:45,20:05,NON,DAILY,,,
11102,"Rahataghar To Vengurle",Rahataghar,Vengurle,,MO,14879,Panhale,86.4,,,"रत्नागिरी रहाटघर",वेंगुर्ला,189.1,13:45,20:05,NON,DAILY,,,
11102,"Rahataghar To Vengurle",Rahataghar,Vengurle,,MO,15236,"Takewadi School",88.8,,,"रत्नागिरी रहाटघर",वेंगुर्ला,189.1,13:45,20:05,NON,DAILY,,,
11102,"Rahataghar To Vengurle",Rahataghar,Vengurle,,MO,2812,Kharepatan,91.9,,,"रत्नागिरी रहाटघर",वेंगुर्ला,189.1,13:45,20:05,NON,DAILY,,,
11102,"Rahataghar To Vengurle",Rahataghar,Vengurle,,MO,2861,"Mutat Fata",92.9,,,"रत्नागिरी रहाटघर",वेंगुर्ला,189.1,13:45,20:05,NON,DAILY,,,
11102,"Rahataghar To Vengurle",Rahataghar,Vengurle,,MO,2863,Nadgive,95.2,,,"रत्नागिरी रहाटघर",वेंगुर्ला,189.1,13:45,20:05,NON,DAILY,,,
11102,"Rahataghar To Vengurle",Rahataghar,Vengurle,,MO,2648,Bambarwadi,97.6,,,"रत्नागिरी रहाटघर",वेंगुर्ला,189.1,13:45,20:05,NON,DAILY,,,
11102,"Rahataghar To Vengurle",Rahataghar,Vengurle,,MO,3010,Wargaon,98.4,,,"रत्नागिरी रहाटघर",वेंगुर्ला,189.1,13:45,20:05,NON,DAILY,,,
11102,"Rahataghar To Vengurle",Rahataghar,Vengurle,,MO,2942,"Saliste Boudhawadi",99,,,"रत्नागिरी रहाटघर",वेंगुर्ला,189.1,13:45,20:05,NON,DAILY,,,
11102,"Rahataghar To Vengurle",Rahataghar,Vengurle,,MO,2941,Saliste,101.1,,,"रत्नागिरी रहाटघर",वेंगुर्ला,189.1,13:45,20:05,NON,DAILY,,,
11102,"Rahataghar To Vengurle",Rahataghar,Vengurle,,MO,2844,"Mail Stone",103.2,,,"रत्नागिरी रहाटघर",वेंगुर्ला,189.1,13:45,20:05,NON,DAILY,,,
11102,"Rahataghar To Vengurle",Rahataghar,Vengurle,,MO,2982,Tarla,106,,,"रत्नागिरी रहाटघर",वेंगुर्ला,189.1,13:45,20:05,NON,DAILY,,,
11102,"Rahataghar To Vengurle",Rahataghar,Vengurle,,MO,2997,"Vijaydurg Fata",106.8,,,"रत्नागिरी रहाटघर",वेंगुर्ला,189.1,13:45,20:05,NON,DAILY,,,
11102,"Rahataghar To Vengurle",Rahataghar,Vengurle,,MO,2673,"Bramhan Wadi",109,,,"रत्नागिरी रहाटघर",वेंगुर्ला,189.1,13:45,20:05,NON,DAILY,,,
11102,"Rahataghar To Vengurle",Rahataghar,Vengurle,,MO,2872,"Nandgaon Nursary",112.8,,,"रत्नागिरी रहाटघर",वेंगुर्ला,189.1,13:45,20:05,NON,DAILY,,,
11102,"Rahataghar To Vengurle",Rahataghar,Vengurle,,MO,2871,"Nandgaon Fata",114.1,,,"रत्नागिरी रहाटघर",वेंगुर्ला,189.1,13:45,20:05,NON,DAILY,,,
11102,"Rahataghar To Vengurle",Rahataghar,Vengurle,,MO,2870,"Nandgaon Datta Mandir",116.3,,,"रत्नागिरी रहाटघर",वेंगुर्ला,189.1,13:45,20:05,NON,DAILY,,,
11102,"Rahataghar To Vengurle",Rahataghar,Vengurle,,MO,2655,Belane,118.7,,,"रत्नागिरी रहाटघर",वेंगुर्ला,189.1,13:45,20:05,NON,DAILY,,,
11102,"Rahataghar To Vengurle",Rahataghar,Vengurle,,MO,2756,"Humrat Titha",120.9,,,"रत्नागिरी रहाटघर",वेंगुर्ला,189.1,13:45,20:05,NON,DAILY,,,
11102,"Rahataghar To Vengurle",Rahataghar,Vengurle,,MO,2766,Janavali,125.2,,,"रत्नागिरी रहाटघर",वेंगुर्ला,189.1,13:45,20:05,NON,DAILY,,,
11102,"Rahataghar To Vengurle",Rahataghar,Vengurle,,MO,2786,Kankavli,129,,,"रत्नागिरी रहाटघर",वेंगुर्ला,189.1,13:45,20:05,NON,DAILY,,,
11102,"Rahataghar To Vengurle",Rahataghar,Vengurle,,MO,3001,"Wagade Gpo",134.2,,,"रत्नागिरी रहाटघर",वेंगुर्ला,189.1,13:45,20:05,NON,DAILY,,,
11102,"Rahataghar To Vengurle",Rahataghar,Vengurle,,MO,2692,Dangalwadi,135.1,,,"रत्नागिरी रहाटघर",वेंगुर्ला,189.1,13:45,20:05,NON,DAILY,,,
11102,"Rahataghar To Vengurle",Rahataghar,Vengurle,,MO,2891,"Osargaon Talav",136.2,,,"रत्नागिरी रहाटघर",वेंगुर्ला,189.1,13:45,20:05,NON,DAILY,,,
11102,"Rahataghar To Vengurle",Rahataghar,Vengurle,,MO,2890,"Osargaon Post",139.1,,,"रत्नागिरी रहाटघर",वेंगुर्ला,189.1,13:45,20:05,NON,DAILY,,,
11102,"Rahataghar To Vengurle",Rahataghar,Vengurle,,MO,2889,"Osargaon Godaoon",140.1,,,"रत्नागिरी रहाटघर",वेंगुर्ला,189.1,13:45,20:05,NON,DAILY,,,
11102,"Rahataghar To Vengurle",Rahataghar,Vengurle,,MO,6281,Kasal,143.4,,,"रत्नागिरी रहाटघर",वेंगुर्ला,189.1,13:45,20:05,NON,DAILY,,,
11102,"Rahataghar To Vengurle",Rahataghar,Vengurle,,MO,6282,"Kasal Balamwadi",144.8,,,"रत्नागिरी रहाटघर",वेंगुर्ला,189.1,13:45,20:05,NON,DAILY,,,
11102,"Rahataghar To Vengurle",Rahataghar,Vengurle,,MO,6116,Awali,145.6,,,"रत्नागिरी रहाटघर",वेंगुर्ला,189.1,13:45,20:05,NON,DAILY,,,
11102,"Rahataghar To Vengurle",Rahataghar,Vengurle,,MO,6362,"Oros Bus Stnad",148.8,,,"रत्नागिरी रहाटघर",वेंगुर्ला,189.1,13:45,20:05,NON,DAILY,,,
11102,"Rahataghar To Vengurle",Rahataghar,Vengurle,,MO,6206,"Humarmala Rane Dukan",151.8,,,"रत्नागिरी रहाटघर",वेंगुर्ला,189.1,13:45,20:05,NON,DAILY,,,
11102,"Rahataghar To Vengurle",Rahataghar,Vengurle,,MO,6378,"Pandur Titha",155.1,,,"रत्नागिरी रहाटघर",वेंगुर्ला,189.1,13:45,20:05,NON,DAILY,,,
11102,"Rahataghar To Vengurle",Rahataghar,Vengurle,,MO,88100,Vetalbambarde,156,,,"रत्नागिरी रहाटघर",वेंगुर्ला,189.1,13:45,20:05,NON,DAILY,,,
11102,"Rahataghar To Vengurle",Rahataghar,Vengurle,,MO,6380,"Pawashi Panchayat",161,,,"रत्नागिरी रहाटघर",वेंगुर्ला,189.1,13:45,20:05,NON,DAILY,,,
11102,"Rahataghar To Vengurle",Rahataghar,Vengurle,,MO,6240,"Kudal St Depot",162,,,"रत्नागिरी रहाटघर",वेंगुर्ला,189.1,13:45,20:05,NON,DAILY,,,
11102,"Rahataghar To Vengurle",Rahataghar,Vengurle,,MO,6237,"Kudal St Depot",164.2,,,"रत्नागिरी रहाटघर",वेंगुर्ला,189.1,13:45,20:05,NON,DAILY,,,
11102,"Rahataghar To Vengurle",Rahataghar,Vengurle,,MO,6376,"Pinguli Titha",167,,,"रत्नागिरी रहाटघर",वेंगुर्ला,189.1,13:45,20:05,NON,DAILY,,,
11102,"Rahataghar To Vengurle",Rahataghar,Vengurle,,MO,6423,Sativan,170.4,,,"रत्नागिरी रहाटघर",वेंगुर्ला,189.1,13:45,20:05,NON,DAILY,,,
11102,"Rahataghar To Vengurle",Rahataghar,Vengurle,,MO,6461,Wadiwarawade,171.3,,,"रत्नागिरी रहाटघर",वेंगुर्ला,189.1,13:45,20:05,NON,DAILY,,,
11102,"Rahataghar To Vengurle",Rahataghar,Vengurle,,MO,6160,"Dukanwad Fata",173.1,,,"रत्नागिरी रहाटघर",वेंगुर्ला,189.1,13:45,20:05,NON,DAILY,,,
11102,"Rahataghar To Vengurle",Rahataghar,Vengurle,,MO,6459,"Vetore Sub Stage",173.6,,,"रत्नागिरी रहाटघर",वेंगुर्ला,189.1,13:45,20:05,NON,DAILY,,,
11102,"Rahataghar To Vengurle",Rahataghar,Vengurle,,MO,6458,"Vetore Titha",175,,,"रत्नागिरी रहाटघर",वेंगुर्ला,189.1,13:45,20:05,NON,DAILY,,,
11102,"Rahataghar To Vengurle",Rahataghar,Vengurle,,MO,6398,"Shambhu Bhavani",175.8,,,"रत्नागिरी रहाटघर",वेंगुर्ला,189.1,13:45,20:05,NON,DAILY,,,
11102,"Rahataghar To Vengurle",Rahataghar,Vengurle,,MO,6238,"Kudal Titha",177.7,,,"रत्नागिरी रहाटघर",वेंगुर्ला,189.1,13:45,20:05,NON,DAILY,,,
11102,"Rahataghar To Vengurle",Rahataghar,Vengurle,,MO,9620,"Bowalekar Wadi",179.1,,,"रत्नागिरी रहाटघर",वेंगुर्ला,189.1,13:45,20:05,NON,DAILY,,,
11102,"Rahataghar To Vengurle",Rahataghar,Vengurle,,MO,9709,"Math High School",180.9,,,"रत्नागिरी रहाटघर",वेंगुर्ला,189.1,13:45,20:05,NON,DAILY,,,
11102,"Rahataghar To Vengurle",Rahataghar,Vengurle,,MO,9665,Kankewadi,181.9,,,"रत्नागिरी रहाटघर",वेंगुर्ला,189.1,13:45,20:05,NON,DAILY,,,
11102,"Rahataghar To Vengurle",Rahataghar,Vengurle,,MO,9765,"Rameshwar Mandir",186,,,"रत्नागिरी रहाटघर",वेंगुर्ला,189.1,13:45,20:05,NON,DAILY,,,
11102,"Rahataghar To Vengurle",Rahataghar,Vengurle,,MO,9824,Vengurle,189.1,,,"रत्नागिरी रहाटघर",वेंगुर्ला,189.1,13:45,20:05,NON,DAILY,,,
11265,"Vengurle To Kankavli Via Math High School",Vengurle,Kankavli,"MATH HIGH SCHOOL",MO,9824,Vengurle,,,,वेंगुर्ला,कणकवली,58.9,11:15,13:15,NON,DAILY,,,
11265,"Vengurle To Kankavli Via Math High School",Vengurle,Kankavli,"MATH HIGH SCHOOL",MO,9708,"Maruti Mandir",1.8,,,वेंगुर्ला,कणकवली,58.9,11:15,13:15,NON,DAILY,,,
11265,"Vengurle To Kankavli Via Math High School",Vengurle,Kankavli,"MATH HIGH SCHOOL",MO,9665,Kankewadi,6,,,वेंगुर्ला,कणकवली,58.9,11:15,13:15,NON,DAILY,,,
11265,"Vengurle To Kankavli Via Math High School",Vengurle,Kankavli,"MATH HIGH SCHOOL",MO,9709,"Math High School",7,,,वेंगुर्ला,कणकवली,58.9,11:15,13:15,NON,DAILY,,,
11265,"Vengurle To Kankavli Via Math High School",Vengurle,Kankavli,"MATH HIGH SCHOOL",MO,9620,"Bowalekar Wadi",8.8,,,वेंगुर्ला,कणकवली,58.9,11:15,13:15,NON,DAILY,,,
11265,"Vengurle To Kankavli Via Math High School",Vengurle,Kankavli,"MATH HIGH SCHOOL",MO,6398,"Shambhu Bhavani",12.1,,,वेंगुर्ला,कणकवली,58.9,11:15,13:15,NON,DAILY,,,
11265,"Vengurle To Kankavli Via Math High School",Vengurle,Kankavli,"MATH HIGH SCHOOL",MO,6458,"Vetore Titha",12.9,,,वेंगुर्ला,कणकवली,58.9,11:15,13:15,NON,DAILY,,,
11265,"Vengurle To Kankavli Via Math High School",Vengurle,Kankavli,"MATH HIGH SCHOOL",MO,6459,"Vetore Sub Stage",14.9,,,वेंगुर्ला,कणकवली,58.9,11:15,13:15,NON,DAILY,,,
11265,"Vengurle To Kankavli Via Math High School",Vengurle,Kankavli,"MATH HIGH SCHOOL",MO,6461,Wadiwarawade,16.6,,,वेंगुर्ला,कणकवली,58.9,11:15,13:15,NON,DAILY,,,
11265,"Vengurle To Kankavli Via Math High School",Vengurle,Kankavli,"MATH HIGH SCHOOL",MO,6423,Sativan,17.5,,,वेंगुर्ला,कणकवली,58.9,11:15,13:15,NON,DAILY,,,
11265,"Vengurle To Kankavli Via Math High School",Vengurle,Kankavli,"MATH HIGH SCHOOL",MO,6376,"Pinguli Titha",20.9,,,वेंगुर्ला,कणकवली,58.9,11:15,13:15,NON,DAILY,,,
11265,"Vengurle To Kankavli Via Math High School",Vengurle,Kankavli,"MATH HIGH SCHOOL",MO,6237,"Kudal St Depot",23.7,,,वेंगुर्ला,कणकवली,58.9,11:15,13:15,NON,DAILY,,,
11265,"Vengurle To Kankavli Via Math High School",Vengurle,Kankavli,"MATH HIGH SCHOOL",MO,6380,"Pawashi Panchayat",29,,,वेंगुर्ला,कणकवली,58.9,11:15,13:15,NON,DAILY,,,
11265,"Vengurle To Kankavli Via Math High School",Vengurle,Kankavli,"MATH HIGH SCHOOL",MO,88100,Vetalbambarde,30.2,,,वेंगुर्ला,कणकवली,58.9,11:15,13:15,NON,DAILY,,,
11265,"Vengurle To Kankavli Via Math High School",Vengurle,Kankavli,"MATH HIGH SCHOOL",MO,6365,Pandur,32.8,,,वेंगुर्ला,कणकवली,58.9,11:15,13:15,NON,DAILY,,,
11265,"Vengurle To Kankavli Via Math High School",Vengurle,Kankavli,"MATH HIGH SCHOOL",MO,6204,"Humarmala Kasale Dukan",36.1,,,वेंगुर्ला,कणकवली,58.9,11:15,13:15,NON,DAILY,,,
11265,"Vengurle To Kankavli Via Math High School",Vengurle,Kankavli,"MATH HIGH SCHOOL",MO,6362,"Oros Bus Stnad",40,,,वेंगुर्ला,कणकवली,58.9,11:15,13:15,NON,DAILY,,,
11265,"Vengurle To Kankavli Via Math High School",Vengurle,Kankavli,"MATH HIGH SCHOOL",MO,6116,Awali,42,,,वेंगुर्ला,कणकवली,58.9,11:15,13:15,NON,DAILY,,,
11265,"Vengurle To Kankavli Via Math High School",Vengurle,Kankavli,"MATH HIGH SCHOOL",MO,6281,Kasal,44.5,,,वेंगुर्ला,कणकवली,58.9,11:15,13:15,NON,DAILY,,,
11265,"Vengurle To Kankavli Via Math High School",Vengurle,Kankavli,"MATH HIGH SCHOOL",MO,2889,"Osargaon Godaoon",46.5,,,वेंगुर्ला,कणकवली,58.9,11:15,13:15,NON,DAILY,,,
11265,"Vengurle To Kankavli Via Math High School",Vengurle,Kankavli,"MATH HIGH SCHOOL",MO,2890,"Osargaon Post",48.8,,,वेंगुर्ला,कणकवली,58.9,11:15,13:15,NON,DAILY,,,
11265,"Vengurle To Kankavli Via Math High School",Vengurle,Kankavli,"MATH HIGH SCHOOL",MO,2891,"Osargaon Talav",51.7,,,वेंगुर्ला,कणकवली,58.9,11:15,13:15,NON,DAILY,,,
11265,"Vengurle To Kankavli Via Math High School",Vengurle,Kankavli,"MATH HIGH SCHOOL",MO,2692,Dangalwadi,52.8,,,वेंगुर्ला,कणकवली,58.9,11:15,13:15,NON,DAILY,,,
11265,"Vengurle To Kankavli Via Math High School",Vengurle,Kankavli,"MATH HIGH SCHOOL",MO,3002,Wagde,54.4,,,वेंगुर्ला,कणकवली,58.9,11:15,13:15,NON,DAILY,,,
11265,"Vengurle To Kankavli Via Math High School",Vengurle,Kankavli,"MATH HIGH SCHOOL",MO,2786,Kankavli,58.9,,,वेंगुर्ला,कणकवली,58.9,11:15,13:15,NON,DAILY,,,
10653,"Akkalkot To Vengurle",Akkalkot,Vengurle,,MO,19911,"Akkalkot Mandir",,,,"अक्कलकोट वस्ती",कोल्हापूर,299.7,05:00,13:00,NON,DAILY,"कोल्हापूर वस्ती","कोल्हापूर वस्ती",
10653,"Akkalkot To Vengurle",Akkalkot,Vengurle,,MO,19910,Akkalkot,1.4,,,"अक्कलकोट वस्ती",कोल्हापूर,299.7,05:00,13:00,NON,DAILY,"कोल्हापूर वस्ती","कोल्हापूर वस्ती",
10653,"Akkalkot To Vengurle",Akkalkot,Vengurle,,MO,19978,"Gajanan Maharaj Goshala",6.8,,,"अक्कलकोट वस्ती",कोल्हापूर,299.7,05:00,13:00,NON,DAILY,"कोल्हापूर वस्ती","कोल्हापूर वस्ती",
10653,"Akkalkot To Vengurle",Akkalkot,Vengurle,,MO,20011,Kohhali,8,,,"अक्कलकोट वस्ती",कोल्हापूर,299.7,05:00,13:00,NON,DAILY,"कोल्हापूर वस्ती","कोल्हापूर वस्ती",
10653,"Akkalkot To Vengurle",Akkalkot,Vengurle,,MO,20005,Karjal,12.2,,,"अक्कलकोट वस्ती",कोल्हापूर,299.7,05:00,13:00,NON,DAILY,"कोल्हापूर वस्ती","कोल्हापूर वस्ती",
10653,"Akkalkot To Vengurle",Akkalkot,Vengurle,,MO,48946,Valsang,15.6,,,"अक्कलकोट वस्ती",कोल्हापूर,299.7,05:00,13:00,NON,DAILY,"कोल्हापूर वस्ती","कोल्हापूर वस्ती",
10653,"Akkalkot To Vengurle",Akkalkot,Vengurle,,MO,49611,Chincholi,18.5,,,"अक्कलकोट वस्ती",कोल्हापूर,299.7,05:00,13:00,NON,DAILY,"कोल्हापूर वस्ती","कोल्हापूर वस्ती",
10653,"Akkalkot To Vengurle",Akkalkot,Vengurle,,MO,49294,Tograli,23.5,,,"अक्कलकोट वस्ती",कोल्हापूर,299.7,05:00,13:00,NON,DAILY,"कोल्हापूर वस्ती","कोल्हापूर वस्ती",
10653,"Akkalkot To Vengurle",Akkalkot,Vengurle,,MO,49647,Kumbhari,28.2,,,"अक्कलकोट वस्ती",कोल्हापूर,299.7,05:00,13:00,NON,DAILY,"कोल्हापूर वस्ती","कोल्हापूर वस्ती",
10653,"Akkalkot To Vengurle",Akkalkot,Vengurle,,MO,49260,"Polytechnic Chowk",35.9,,,"अक्कलकोट वस्ती",कोल्हापूर,299.7,05:00,13:00,NON,DAILY,"कोल्हापूर वस्ती","कोल्हापूर वस्ती",
10653,"Akkalkot To Vengurle",Akkalkot,Vengurle,,MO,49268,"Ranga Bhavan",37.9,,,"अक्कलकोट वस्ती",कोल्हापूर,299.7,05:00,13:00,NON,DAILY,"कोल्हापूर वस्ती","कोल्हापूर वस्ती",
10653,"Akkalkot To Vengurle",Akkalkot,Vengurle,,MO,48932,Solapur,44.1,,,"अक्कलकोट वस्ती",कोल्हापूर,299.7,05:00,13:00,NON,DAILY,"कोल्हापूर वस्ती","कोल्हापूर वस्ती",
10653,"Akkalkot To Vengurle",Akkalkot,Vengurle,,MO,48933,"Solapur University",47.2,,,"अक्कलकोट वस्ती",कोल्हापूर,299.7,05:00,13:00,NON,DAILY,"कोल्हापूर वस्ती","कोल्हापूर वस्ती",
10653,"Akkalkot To Vengurle",Akkalkot,Vengurle,,MO,49177,Bale,48.2,,,"अक्कलकोट वस्ती",कोल्हापूर,299.7,05:00,13:00,NON,DAILY,"कोल्हापूर वस्ती","कोल्हापूर वस्ती",
10653,"Akkalkot To Vengurle",Akkalkot,Vengurle,,MO,49229,Kegaon,50.2,,,"अक्कलकोट वस्ती",कोल्हापूर,299.7,05:00,13:00,NON,DAILY,"कोल्हापूर वस्ती","कोल्हापूर वस्ती",
10653,"Akkalkot To Vengurle",Akkalkot,Vengurle,,MO,49232,Kondhi,53.1,,,"अक्कलकोट वस्ती",कोल्हापूर,299.7,05:00,13:00,NON,DAILY,"कोल्हापूर वस्ती","कोल्हापूर वस्ती",
10653,"Akkalkot To Vengurle",Akkalkot,Vengurle,,MO,49258,"Pakani / Chincholi",55.8,,,"अक्कलकोट वस्ती",कोल्हापूर,299.7,05:00,13:00,NON,DAILY,"कोल्हापूर वस्ती","कोल्हापूर वस्ती",
10653,"Akkalkot To Vengurle",Akkalkot,Vengurle,,MO,43501,Savaleshwar,60.7,,,"अक्कलकोट वस्ती",कोल्हापूर,299.7,05:00,13:00,NON,DAILY,"कोल्हापूर वस्ती","कोल्हापूर वस्ती",
10653,"Akkalkot To Vengurle",Akkalkot,Vengurle,,MO,43568,Lamboti,64.4,,,"अक्कलकोट वस्ती",कोल्हापूर,299.7,05:00,13:00,NON,DAILY,"कोल्हापूर वस्ती","कोल्हापूर वस्ती",
10653,"Akkalkot To Vengurle",Akkalkot,Vengurle,,MO,43430,"Kolegaon Fata",70.4,,,"अक्कलकोट वस्ती",कोल्हापूर,299.7,05:00,13:00,NON,DAILY,"कोल्हापूर वस्ती","कोल्हापूर वस्ती",
10653,"Akkalkot To Vengurle",Akkalkot,Vengurle,,MO,43543,"Wadval Fata",73.4,,,"अक्कलकोट वस्ती",कोल्हापूर,299.7,05:00,13:00,NON,DAILY,"कोल्हापूर वस्ती","कोल्हापूर वस्ती",
10653,"Akkalkot To Vengurle",Akkalkot,Vengurle,,MO,43460,Mohol,75.3,,,"अक्कलकोट वस्ती",कोल्हापूर,299.7,05:00,13:00,NON,DAILY,"कोल्हापूर वस्ती","कोल्हापूर वस्ती",
10653,"Akkalkot To Vengurle",Akkalkot,Vengurle,,MO,43490,Pokharpur,76.4,,,"अक्कलकोट वस्ती",कोल्हापूर,299.7,05:00,13:00,NON,DAILY,"कोल्हापूर वस्ती","कोल्हापूर वस्ती",
10653,"Akkalkot To Vengurle",Akkalkot,Vengurle,,MO,43449,"Khavani Fata",77.5,,,"अक्कलकोट वस्ती",कोल्हापूर,299.7,05:00,13:00,NON,DAILY,"कोल्हापूर वस्ती","कोल्हापूर वस्ती",
10653,"Akkalkot To Vengurle",Akkalkot,Vengurle,,MO,43514,"Sarole Fata",81.2,,,"अक्कलकोट वस्ती",कोल्हापूर,299.7,05:00,13:00,NON,DAILY,"कोल्हापूर वस्ती","कोल्हापूर वस्ती",
10653,"Akkalkot To Vengurle",Akkalkot,Vengurle,,MO,43487,"Penur Shed",87.3,,,"अक्कलकोट वस्ती",कोल्हापूर,299.7,05:00,13:00,NON,DAILY,"कोल्हापूर वस्ती","कोल्हापूर वस्ती",
10653,"Akkalkot To Vengurle",Akkalkot,Vengurle,,MO,43555,"Ashti Canal",93.1,,,"अक्कलकोट वस्ती",कोल्हापूर,299.7,05:00,13:00,NON,DAILY,"कोल्हापूर वस्ती","कोल्हापूर वस्ती",
10653,"Akkalkot To Vengurle",Akkalkot,Vengurle,,MO,43523,Tungat,101.9,,,"अक्कलकोट वस्ती",कोल्हापूर,299.7,05:00,13:00,NON,DAILY,"कोल्हापूर वस्ती","कोल्हापूर वस्ती",
10653,"Akkalkot To Vengurle",Akkalkot,Vengurle,,MO,43775,"Ishwar Wathar",105.6,,,"अक्कलकोट वस्ती",कोल्हापूर,299.7,05:00,13:00,NON,DAILY,"कोल्हापूर वस्ती","कोल्हापूर वस्ती",
10653,"Akkalkot To Vengurle",Akkalkot,Vengurle,,MO,43875,"Narayan Chincheli",105.8,,,"अक्कलकोट वस्ती",कोल्हापूर,299.7,05:00,13:00,NON,DAILY,"कोल्हापूर वस्ती","कोल्हापूर वस्ती",
10653,"Akkalkot To Vengurle",Akkalkot,Vengurle,,MO,43722,"Degaon X Rd.",106,,,"अक्कलकोट वस्ती",कोल्हापूर,299.7,05:00,13:00,NON,DAILY,"कोल्हापूर वस्ती","कोल्हापूर वस्ती",
10653,"Akkalkot To Vengurle",Akkalkot,Vengurle,,MO,44014,Visava,108.5,,,"अक्कलकोट वस्ती",कोल्हापूर,299.7,05:00,13:00,NON,DAILY,"कोल्हापूर वस्ती","कोल्हापूर वस्ती",
10653,"Akkalkot To Vengurle",Akkalkot,Vengurle,,MO,43899,Pandharpur,111.9,,,"अक्कलकोट वस्ती",कोल्हापूर,299.7,05:00,13:00,NON,DAILY,"कोल्हापूर वस्ती","कोल्हापूर वस्ती",
10653,"Akkalkot To Vengurle",Akkalkot,Vengurle,,MO,43827,"Kasegaon Fata",119.3,,,"अक्कलकोट वस्ती",कोल्हापूर,299.7,05:00,13:00,NON,DAILY,"कोल्हापूर वस्ती","कोल्हापूर वस्ती",
10653,"Akkalkot To Vengurle",Akkalkot,Vengurle,,MO,43806,Khardi,127.4,,,"अक्कलकोट वस्ती",कोल्हापूर,299.7,05:00,13:00,NON,DAILY,"कोल्हापूर वस्ती","कोल्हापूर वस्ती",
10653,"Akkalkot To Vengurle",Akkalkot,Vengurle,,MO,47639,Sangewadi,131.3,,,"अक्कलकोट वस्ती",कोल्हापूर,299.7,05:00,13:00,NON,DAILY,"कोल्हापूर वस्ती","कोल्हापूर वस्ती",
10653,"Akkalkot To Vengurle",Akkalkot,Vengurle,,MO,47449,Bamani,136.3,,,"अक्कलकोट वस्ती",कोल्हापूर,299.7,05:00,13:00,NON,DAILY,"कोल्हापूर वस्ती","कोल्हापूर वस्ती",
10653,"Akkalkot To Vengurle",Akkalkot,Vengurle,,MO,47652,Sangola,146,,,"अक्कलकोट वस्ती",कोल्हापूर,299.7,05:00,13:00,NON,DAILY,"कोल्हापूर वस्ती","कोल्हापूर वस्ती",
10653,"Akkalkot To Vengurle",Akkalkot,Vengurle,,MO,47552,Kamalapur,155.2,,,"अक्कलकोट वस्ती",कोल्हापूर,299.7,05:00,13:00,NON,DAILY,"कोल्हापूर वस्ती","कोल्हापूर वस्ती",
10653,"Akkalkot To Vengurle",Akkalkot,Vengurle,,MO,47679,Vatamare,163.4,,,"अक्कलकोट वस्ती",कोल्हापूर,299.7,05:00,13:00,NON,DAILY,"कोल्हापूर वस्ती","कोल्हापूर वस्ती",
10653,"Akkalkot To Vengurle",Akkalkot,Vengurle,,MO,47617,"Nazare Math",166.1,,,"अक्कलकोट वस्ती",कोल्हापूर,299.7,05:00,13:00,NON,DAILY,"कोल्हापूर वस्ती","कोल्हापूर वस्ती",
10653,"Akkalkot To Vengurle",Akkalkot,Vengurle,,MO,47534,Hatit,172.8,,,"अक्कलकोट वस्ती",कोल्हापूर,299.7,05:00,13:00,NON,DAILY,"कोल्हापूर वस्ती","कोल्हापूर वस्ती",
10653,"Akkalkot To Vengurle",Akkalkot,Vengurle,,MO,47548,Junoni,182.2,,,"अक्कलकोट वस्ती",कोल्हापूर,299.7,05:00,13:00,NON,DAILY,"कोल्हापूर वस्ती","कोल्हापूर वस्ती",
10653,"Akkalkot To Vengurle",Akkalkot,Vengurle,,MO,47522,"Ghorpadi Fata.",190,,,"अक्कलकोट वस्ती",कोल्हापूर,299.7,05:00,13:00,NON,DAILY,"कोल्हापूर वस्ती","कोल्हापूर वस्ती",
10653,"Akkalkot To Vengurle",Akkalkot,Vengurle,,MO,32930,"Nagaj Fata",197.2,,,"अक्कलकोट वस्ती",कोल्हापूर,299.7,05:00,13:00,NON,DAILY,"कोल्हापूर वस्ती","कोल्हापूर वस्ती",
10653,"Akkalkot To Vengurle",Akkalkot,Vengurle,,MO,32896,Kuchi,201,,,"अक्कलकोट वस्ती",कोल्हापूर,299.7,05:00,13:00,NON,DAILY,"कोल्हापूर वस्ती","कोल्हापूर वस्ती",
10653,"Akkalkot To Vengurle",Akkalkot,Vengurle,,MO,32950,Shirdhon,217,,,"अक्कलकोट वस्ती",कोल्हापूर,299.7,05:00,13:00,NON,DAILY,"कोल्हापूर वस्ती","कोल्हापूर वस्ती",
10653,"Akkalkot To Vengurle",Akkalkot,Vengurle,,MO,33808,Halkud,223,,,"अक्कलकोट वस्ती",कोल्हापूर,299.7,05:00,13:00,NON,DAILY,"कोल्हापूर वस्ती","कोल्हापूर वस्ती",
10653,"Akkalkot To Vengurle",Akkalkot,Vengurle,,MO,33679,Bhose,230,,,"अक्कलकोट वस्ती",कोल्हापूर,299.7,05:00,13:00,NON,DAILY,"कोल्हापूर वस्ती","कोल्हापूर वस्ती",
10653,"Akkalkot To Vengurle",Akkalkot,Vengurle,,MO,34161,"Tasgoan Fata",237,,,"अक्कलकोट वस्ती",कोल्हापूर,299.7,05:00,13:00,NON,DAILY,"कोल्हापूर वस्ती","कोल्हापूर वस्ती",
10653,"Akkalkot To Vengurle",Akkalkot,Vengurle,,MO,33967,Miraj,240.5,,,"अक्कलकोट वस्ती",कोल्हापूर,299.7,05:00,13:00,NON,DAILY,"कोल्हापूर वस्ती","कोल्हापूर वस्ती",
10653,"Akkalkot To Vengurle",Akkalkot,Vengurle,,MO,34093,Sangli,252.4,,,"अक्कलकोट वस्ती",कोल्हापूर,299.7,05:00,13:00,NON,DAILY,"कोल्हापूर वस्ती","कोल्हापूर वस्ती",
10653,"Akkalkot To Vengurle",Akkalkot,Vengurle,,MO,33636,Akali,259.9,,,"अक्कलकोट वस्ती",कोल्हापूर,299.7,05:00,13:00,NON,DAILY,"कोल्हापूर वस्ती","कोल्हापूर वस्ती",
10653,"Akkalkot To Vengurle",Akkalkot,Vengurle,,MO,24134,Jaisingpur,261.3,,,"अक्कलकोट वस्ती",कोल्हापूर,299.7,05:00,13:00,NON,DAILY,"कोल्हापूर वस्ती","कोल्हापूर वस्ती",
10653,"Akkalkot To Vengurle",Akkalkot,Vengurle,,MO,24279,"Kondigre Chouki",266.7,,,"अक्कलकोट वस्ती",कोल्हापूर,299.7,05:00,13:00,NON,DAILY,"कोल्हापूर वस्ती","कोल्हापूर वस्ती",
10653,"Akkalkot To Vengurle",Akkalkot,Vengurle,,MO,25000,Nimshirgaon,269.7,,,"अक्कलकोट वस्ती",कोल्हापूर,299.7,05:00,13:00,NON,DAILY,"कोल्हापूर वस्ती","कोल्हापूर वस्ती",
10653,"Akkalkot To Vengurle",Akkalkot,Vengurle,,MO,24013,Hatkanangale,276.6,,,"अक्कलकोट वस्ती",कोल्हापूर,299.7,05:00,13:00,NON,DAILY,"कोल्हापूर वस्ती","कोल्हापूर वस्ती",
10653,"Akkalkot To Vengurle",Akkalkot,Vengurle,,MO,23822,"Ghodawat Knowledge City",277.6,,,"अक्कलकोट वस्ती",कोल्हापूर,299.7,05:00,13:00,NON,DAILY,"कोल्हापूर वस्ती","कोल्हापूर वस्ती",
10653,"Akkalkot To Vengurle",Akkalkot,Vengurle,,MO,23093,Atigre,283.6,,,"अक्कलकोट वस्ती",कोल्हापूर,299.7,05:00,13:00,NON,DAILY,"कोल्हापूर वस्ती","कोल्हापूर वस्ती",
10653,"Akkalkot To Vengurle",Akkalkot,Vengurle,,MO,23258,"Bhikar Wadgaonfata",289.6,,,"अक्कलकोट वस्ती",कोल्हापूर,299.7,05:00,13:00,NON,DAILY,"कोल्हापूर वस्ती","कोल्हापूर वस्ती",
10653,"Akkalkot To Vengurle",Akkalkot,Vengurle,,MO,24946,"Mouje Vadgaon Fata",289.6,,,"अक्कलकोट वस्ती",कोल्हापूर,299.7,05:00,13:00,NON,DAILY,"कोल्हापूर वस्ती","कोल्हापूर वस्ती",
10653,"Akkalkot To Vengurle",Akkalkot,Vengurle,,MO,25438,"Sangli Fata",292.4,,,"अक्कलकोट वस्ती",कोल्हापूर,299.7,05:00,13:00,NON,DAILY,"कोल्हापूर वस्ती","कोल्हापूर वस्ती",
10653,"Akkalkot To Vengurle",Akkalkot,Vengurle,,MO,25536,"Shahu Market Yard",296.5,,,"अक्कलकोट वस्ती",कोल्हापूर,299.7,05:00,13:00,NON,DAILY,"कोल्हापूर वस्ती","कोल्हापूर वस्ती",
10653,"Akkalkot To Vengurle",Akkalkot,Vengurle,,MO,24359,Kolhapur,299.1,,,"अक्कलकोट वस्ती",कोल्हापूर,299.7,05:00,13:00,NON,DAILY,"कोल्हापूर वस्ती","कोल्हापूर वस्ती",
10653,"Akkalkot To Vengurle",Akkalkot,Vengurle,,MO,23625,"Dasara Chwok",302.1,,,"अक्कलकोट वस्ती",कोल्हापूर,299.7,05:00,13:00,NON,DAILY,"कोल्हापूर वस्ती","कोल्हापूर वस्ती",
10653,"Akkalkot To Vengurle",Akkalkot,Vengurle,,MO,25400,Rankala,304.7,,,"अक्कलकोट वस्ती",कोल्हापूर,299.7,05:00,13:00,NON,DAILY,"कोल्हापूर वस्ती","कोल्हापूर वस्ती",
10653,"Akkalkot To Vengurle",Akkalkot,Vengurle,,MO,23694,"Fulewadi Naka",307.4,,,"अक्कलकोट वस्ती",कोल्हापूर,299.7,05:00,13:00,NON,DAILY,"कोल्हापूर वस्ती","कोल्हापूर वस्ती",
10653,"Akkalkot To Vengurle",Akkalkot,Vengurle,,MO,23598,Donawade,311.2,,,"अक्कलकोट वस्ती",कोल्हापूर,299.7,05:00,13:00,NON,DAILY,"कोल्हापूर वस्ती","कोल्हापूर वस्ती",
10653,"Akkalkot To Vengurle",Akkalkot,Vengurle,,MO,30585,Aadoor,317.2,,,"अक्कलकोट वस्ती",कोल्हापूर,299.7,05:00,13:00,NON,DAILY,"कोल्हापूर वस्ती","कोल्हापूर वस्ती",
10653,"Akkalkot To Vengurle",Akkalkot,Vengurle,,MO,23390,Chinchvade,319,,,"अक्कलकोट वस्ती",कोल्हापूर,299.7,05:00,13:00,NON,DAILY,"कोल्हापूर वस्ती","कोल्हापूर वस्ती",
10653,"Akkalkot To Vengurle",Akkalkot,Vengurle,,MO,24361,"Kale Canteen",323,,,"अक्कलकोट वस्ती",कोल्हापूर,299.7,05:00,13:00,NON,DAILY,"कोल्हापूर वस्ती","कोल्हापूर वस्ती",
10653,"Akkalkot To Vengurle",Akkalkot,Vengurle,,MO,24941,Mutkeshwar,326.7,,,"अक्कलकोट वस्ती",कोल्हापूर,299.7,05:00,13:00,NON,DAILY,"कोल्हापूर वस्ती","कोल्हापूर वस्ती",
10653,"Akkalkot To Vengurle",Akkalkot,Vengurle,,MO,24332,Kirve,329.6,,,"अक्कलकोट वस्ती",कोल्हापूर,299.7,05:00,13:00,NON,DAILY,"कोल्हापूर वस्ती","कोल्हापूर वस्ती",
10653,"Akkalkot To Vengurle",Akkalkot,Vengurle,,MO,26015,"Vetwade Fata",332.1,,,"अक्कलकोट वस्ती",कोल्हापूर,299.7,05:00,13:00,NON,DAILY,"कोल्हापूर वस्ती","कोल्हापूर वस्ती",
10653,"Akkalkot To Vengurle",Akkalkot,Vengurle,,MO,25627,Salvan,335.1,,,"अक्कलकोट वस्ती",कोल्हापूर,299.7,05:00,13:00,NON,DAILY,"कोल्हापूर वस्ती","कोल्हापूर वस्ती",
10653,"Akkalkot To Vengurle",Akkalkot,Vengurle,,MO,24894,Margaiwadi,335.7,,,"अक्कलकोट वस्ती",कोल्हापूर,299.7,05:00,13:00,NON,DAILY,"कोल्हापूर वस्ती","कोल्हापूर वस्ती",
10653,"Akkalkot To Vengurle",Akkalkot,Vengurle,,MO,24454,Khopadewadi,338.6,,,"अक्कलकोट वस्ती",कोल्हापूर,299.7,05:00,13:00,NON,DAILY,"कोल्हापूर वस्ती","कोल्हापूर वस्ती",
10653,"Akkalkot To Vengurle",Akkalkot,Vengurle,,MO,30326,"Andur Fata",340.9,,,"अक्कलकोट वस्ती",कोल्हापूर,299.7,05:00,13:00,NON,DAILY,"कोल्हापूर वस्ती","कोल्हापूर वस्ती",
10653,"Akkalkot To Vengurle",Akkalkot,Vengurle,,MO,25155,"Padalwadi Fata",344.6,,,"अक्कलकोट वस्ती",कोल्हापूर,299.7,05:00,13:00,NON,DAILY,"कोल्हापूर वस्ती","कोल्हापूर वस्ती",
10653,"Akkalkot To Vengurle",Akkalkot,Vengurle,,MO,23085,Aslaj,347.4,,,"अक्कलकोट वस्ती",कोल्हापूर,299.7,05:00,13:00,NON,DAILY,"कोल्हापूर वस्ती","कोल्हापूर वस्ती",
10653,"Akkalkot To Vengurle",Akkalkot,Vengurle,,MO,30324,"Asalaj Canteen",347.6,,,"अक्कलकोट वस्ती",कोल्हापूर,299.7,05:00,13:00,NON,DAILY,"कोल्हापूर वस्ती","कोल्हापूर वस्ती",
10653,"Akkalkot To Vengurle",Akkalkot,Vengurle,,MO,25139,Pargavkarwadi,350.3,,,"अक्कलकोट वस्ती",कोल्हापूर,299.7,05:00,13:00,NON,DAILY,"कोल्हापूर वस्ती","कोल्हापूर वस्ती",
10653,"Akkalkot To Vengurle",Akkalkot,Vengurle,,MO,25662,"Sangshi Fata",353.7,,,"अक्कलकोट वस्ती",कोल्हापूर,299.7,05:00,13:00,NON,DAILY,"कोल्हापूर वस्ती","कोल्हापूर वस्ती",
10653,"Akkalkot To Vengurle",Akkalkot,Vengurle,,MO,24105,Jambulnewadi,354.8,,,"अक्कलकोट वस्ती",कोल्हापूर,299.7,05:00,13:00,NON,DAILY,"कोल्हापूर वस्ती","कोल्हापूर वस्ती",
10653,"Akkalkot To Vengurle",Akkalkot,Vengurle,,MO,23733,Gaganbawda,357.5,,,"अक्कलकोट वस्ती",कोल्हापूर,299.7,05:00,13:00,NON,DAILY,"कोल्हापूर वस्ती","कोल्हापूर वस्ती",
10653,"Akkalkot To Vengurle",Akkalkot,Vengurle,,MO,9182,Bhattiwadi,366.5,,,"अक्कलकोट वस्ती",कोल्हापूर,299.7,05:00,13:00,NON,DAILY,"कोल्हापूर वस्ती","कोल्हापूर वस्ती",
10653,"Akkalkot To Vengurle",Akkalkot,Vengurle,,MO,9212,"Karul High School",367.8,,,"अक्कलकोट वस्ती",कोल्हापूर,299.7,05:00,13:00,NON,DAILY,"कोल्हापूर वस्ती","कोल्हापूर वस्ती",
10653,"Akkalkot To Vengurle",Akkalkot,Vengurle,,MO,9208,Jamadarwadi,369.5,,,"अक्कलकोट वस्ती",कोल्हापूर,299.7,05:00,13:00,NON,DAILY,"कोल्हापूर वस्ती","कोल्हापूर वस्ती",
10653,"Akkalkot To Vengurle",Akkalkot,Vengurle,,MO,9297,"Water Tank",372.8,,,"अक्कलकोट वस्ती",कोल्हापूर,299.7,05:00,13:00,NON,DAILY,"कोल्हापूर वस्ती","कोल्हापूर वस्ती",
10653,"Akkalkot To Vengurle",Akkalkot,Vengurle,,MO,9291,Vaibhavwadi,375.5,,,"अक्कलकोट वस्ती",कोल्हापूर,299.7,05:00,13:00,NON,DAILY,"कोल्हापूर वस्ती","कोल्हापूर वस्ती",
10653,"Akkalkot To Vengurle",Akkalkot,Vengurle,,MO,9181,Bandhwadi,380,,,"अक्कलकोट वस्ती",कोल्हापूर,299.7,05:00,13:00,NON,DAILY,"कोल्हापूर वस्ती","कोल्हापूर वस्ती",
10653,"Akkalkot To Vengurle",Akkalkot,Vengurle,,MO,9213,"Kasale Wadi",383,,,"अक्कलकोट वस्ती",कोल्हापूर,299.7,05:00,13:00,NON,DAILY,"कोल्हापूर वस्ती","कोल्हापूर वस्ती",
10653,"Akkalkot To Vengurle",Akkalkot,Vengurle,,MO,9241,Nadhawade,385,,,"अक्कलकोट वस्ती",कोल्हापूर,299.7,05:00,13:00,NON,DAILY,"कोल्हापूर वस्ती","कोल्हापूर वस्ती",
10653,"Akkalkot To Vengurle",Akkalkot,Vengurle,,MO,9278,Tamhanarwadi,386,,,"अक्कलकोट वस्ती",कोल्हापूर,299.7,05:00,13:00,NON,DAILY,"कोल्हापूर वस्ती","कोल्हापूर वस्ती",
10653,"Akkalkot To Vengurle",Akkalkot,Vengurle,,MO,2796,"Kasarde Buddhawadi",389,,,"अक्कलकोट वस्ती",कोल्हापूर,299.7,05:00,13:00,NON,DAILY,"कोल्हापूर वस्ती","कोल्हापूर वस्ती",
10653,"Akkalkot To Vengurle",Akkalkot,Vengurle,,MO,2982,Tarla,389.7,,,"अक्कलकोट वस्ती",कोल्हापूर,299.7,05:00,13:00,NON,DAILY,"कोल्हापूर वस्ती","कोल्हापूर वस्ती",
10653,"Akkalkot To Vengurle",Akkalkot,Vengurle,,MO,2673,"Bramhan Wadi",394.8,,,"अक्कलकोट वस्ती",कोल्हापूर,299.7,05:00,13:00,NON,DAILY,"कोल्हापूर वस्ती","कोल्हापूर वस्ती",
10653,"Akkalkot To Vengurle",Akkalkot,Vengurle,,MO,2872,"Nandgaon Nursary",397.8,,,"अक्कलकोट वस्ती",कोल्हापूर,299.7,05:00,13:00,NON,DAILY,"कोल्हापूर वस्ती","कोल्हापूर वस्ती",
10653,"Akkalkot To Vengurle",Akkalkot,Vengurle,,MO,2871,"Nandgaon Fata",398,,,"अक्कलकोट वस्ती",कोल्हापूर,299.7,05:00,13:00,NON,DAILY,"कोल्हापूर वस्ती","कोल्हापूर वस्ती",
10653,"Akkalkot To Vengurle",Akkalkot,Vengurle,,MO,2870,"Nandgaon Datta Mandir",400.8,,,"अक्कलकोट वस्ती",कोल्हापूर,299.7,05:00,13:00,NON,DAILY,"कोल्हापूर वस्ती","कोल्हापूर वस्ती",
10653,"Akkalkot To Vengurle",Akkalkot,Vengurle,,MO,2655,Belane,403.7,,,"अक्कलकोट वस्ती",कोल्हापूर,299.7,05:00,13:00,NON,DAILY,"कोल्हापूर वस्ती","कोल्हापूर वस्ती",
10653,"Akkalkot To Vengurle",Akkalkot,Vengurle,,MO,2756,"Humrat Titha",406.9,,,"अक्कलकोट वस्ती",कोल्हापूर,299.7,05:00,13:00,NON,DAILY,"कोल्हापूर वस्ती","कोल्हापूर वस्ती",
10653,"Akkalkot To Vengurle",Akkalkot,Vengurle,,MO,2768,"Janavali Gavthanwadi",409.2,,,"अक्कलकोट वस्ती",कोल्हापूर,299.7,05:00,13:00,NON,DAILY,"कोल्हापूर वस्ती","कोल्हापूर वस्ती",
10653,"Akkalkot To Vengurle",Akkalkot,Vengurle,,MO,2786,Kankavli,412.8,,,"अक्कलकोट वस्ती",कोल्हापूर,299.7,05:00,13:00,NON,DAILY,"कोल्हापूर वस्ती","कोल्हापूर वस्ती",
10653,"Akkalkot To Vengurle",Akkalkot,Vengurle,,MO,3001,"Wagade Gpo",414.9,,,"अक्कलकोट वस्ती",कोल्हापूर,299.7,05:00,13:00,NON,DAILY,"कोल्हापूर वस्ती","कोल्हापूर वस्ती",
10653,"Akkalkot To Vengurle",Akkalkot,Vengurle,,MO,2692,Dangalwadi,417.1,,,"अक्कलकोट वस्ती",कोल्हापूर,299.7,05:00,13:00,NON,DAILY,"कोल्हापूर वस्ती","कोल्हापूर वस्ती",
10653,"Akkalkot To Vengurle",Akkalkot,Vengurle,,MO,2891,"Osargaon Talav",420,,,"अक्कलकोट वस्ती",कोल्हापूर,299.7,05:00,13:00,NON,DAILY,"कोल्हापूर वस्ती","कोल्हापूर वस्ती",
10653,"Akkalkot To Vengurle",Akkalkot,Vengurle,,MO,2890,"Osargaon Post",421,,,"अक्कलकोट वस्ती",कोल्हापूर,299.7,05:00,13:00,NON,DAILY,"कोल्हापूर वस्ती","कोल्हापूर वस्ती",
10653,"Akkalkot To Vengurle",Akkalkot,Vengurle,,MO,2889,"Osargaon Godaoon",423,,,"अक्कलकोट वस्ती",कोल्हापूर,299.7,05:00,13:00,NON,DAILY,"कोल्हापूर वस्ती","कोल्हापूर वस्ती",
10653,"Akkalkot To Vengurle",Akkalkot,Vengurle,,MO,6281,Kasal,427.1,,,"अक्कलकोट वस्ती",कोल्हापूर,299.7,05:00,13:00,NON,DAILY,"कोल्हापूर वस्ती","कोल्हापूर वस्ती",
10653,"Akkalkot To Vengurle",Akkalkot,Vengurle,,MO,6116,Awali,430.8,,,"अक्कलकोट वस्ती",कोल्हापूर,299.7,05:00,13:00,NON,DAILY,"कोल्हापूर वस्ती","कोल्हापूर वस्ती",
10653,"Akkalkot To Vengurle",Akkalkot,Vengurle,,MO,6226,"Jaitapkar Colany",431.5,,,"अक्कलकोट वस्ती",कोल्हापूर,299.7,05:00,13:00,NON,DAILY,"कोल्हापूर वस्ती","कोल्हापूर वस्ती",
10653,"Akkalkot To Vengurle",Akkalkot,Vengurle,,MO,6362,"Oros Bus Stnad",432.7,,,"अक्कलकोट वस्ती",कोल्हापूर,299.7,05:00,13:00,NON,DAILY,"कोल्हापूर वस्ती","कोल्हापूर वस्ती",
10653,"Akkalkot To Vengurle",Akkalkot,Vengurle,,MO,6204,"Humarmala Kasale Dukan",435.8,,,"अक्कलकोट वस्ती",कोल्हापूर,299.7,05:00,13:00,NON,DAILY,"कोल्हापूर वस्ती","कोल्हापूर वस्ती",
10653,"Akkalkot To Vengurle",Akkalkot,Vengurle,,MO,6365,Pandur,439.8,,,"अक्कलकोट वस्ती",कोल्हापूर,299.7,05:00,13:00,NON,DAILY,"कोल्हापूर वस्ती","कोल्हापूर वस्ती",
10653,"Akkalkot To Vengurle",Akkalkot,Vengurle,,MO,88100,Vetalbambarde,442,,,"अक्कलकोट वस्ती",कोल्हापूर,299.7,05:00,13:00,NON,DAILY,"कोल्हापूर वस्ती","कोल्हापूर वस्ती",
10653,"Akkalkot To Vengurle",Akkalkot,Vengurle,,MO,6380,"Pawashi Panchayat",445,,,"अक्कलकोट वस्ती",कोल्हापूर,299.7,05:00,13:00,NON,DAILY,"कोल्हापूर वस्ती","कोल्हापूर वस्ती",
10653,"Akkalkot To Vengurle",Akkalkot,Vengurle,,MO,6240,"Kudal St Depot",446.7,,,"अक्कलकोट वस्ती",कोल्हापूर,299.7,05:00,13:00,NON,DAILY,"कोल्हापूर वस्ती","कोल्हापूर वस्ती",
10653,"Akkalkot To Vengurle",Akkalkot,Vengurle,,MO,6237,"Kudal St Depot",448.2,,,"अक्कलकोट वस्ती",कोल्हापूर,299.7,05:00,13:00,NON,DAILY,"कोल्हापूर वस्ती","कोल्हापूर वस्ती",
10653,"Akkalkot To Vengurle",Akkalkot,Vengurle,,MO,6376,"Pinguli Titha",453,,,"अक्कलकोट वस्ती",कोल्हापूर,299.7,05:00,13:00,NON,DAILY,"कोल्हापूर वस्ती","कोल्हापूर वस्ती",
10653,"Akkalkot To Vengurle",Akkalkot,Vengurle,,MO,6423,Sativan,456.4,,,"अक्कलकोट वस्ती",कोल्हापूर,299.7,05:00,13:00,NON,DAILY,"कोल्हापूर वस्ती","कोल्हापूर वस्ती",
10653,"Akkalkot To Vengurle",Akkalkot,Vengurle,,MO,6461,Wadiwarawade,458,,,"अक्कलकोट वस्ती",कोल्हापूर,299.7,05:00,13:00,NON,DAILY,"कोल्हापूर वस्ती","कोल्हापूर वस्ती",
10653,"Akkalkot To Vengurle",Akkalkot,Vengurle,,MO,6112,"Adosewadi Fata",459.6,,,"अक्कलकोट वस्ती",कोल्हापूर,299.7,05:00,13:00,NON,DAILY,"कोल्हापूर वस्ती","कोल्हापूर वस्ती",
10653,"Akkalkot To Vengurle",Akkalkot,Vengurle,,MO,6457,"Vetore High School",460,,,"अक्कलकोट वस्ती",कोल्हापूर,299.7,05:00,13:00,NON,DAILY,"कोल्हापूर वस्ती","कोल्हापूर वस्ती",
10653,"Akkalkot To Vengurle",Akkalkot,Vengurle,,MO,6458,"Vetore Titha",461,,,"अक्कलकोट वस्ती",कोल्हापूर,299.7,05:00,13:00,NON,DAILY,"कोल्हापूर वस्ती","कोल्हापूर वस्ती",
10653,"Akkalkot To Vengurle",Akkalkot,Vengurle,,MO,6398,"Shambhu Bhavani",462,,,"अक्कलकोट वस्ती",कोल्हापूर,299.7,05:00,13:00,NON,DAILY,"कोल्हापूर वस्ती","कोल्हापूर वस्ती",
10653,"Akkalkot To Vengurle",Akkalkot,Vengurle,,MO,9620,"Bowalekar Wadi",465,,,"अक्कलकोट वस्ती",कोल्हापूर,299.7,05:00,13:00,NON,DAILY,"कोल्हापूर वस्ती","कोल्हापूर वस्ती",
10653,"Akkalkot To Vengurle",Akkalkot,Vengurle,,MO,9709,"Math High School",467,,,"अक्कलकोट वस्ती",कोल्हापूर,299.7,05:00,13:00,NON,DAILY,"कोल्हापूर वस्ती","कोल्हापूर वस्ती",
10653,"Akkalkot To Vengurle",Akkalkot,Vengurle,,MO,9665,Kankewadi,469,,,"अक्कलकोट वस्ती",कोल्हापूर,299.7,05:00,13:00,NON,DAILY,"कोल्हापूर वस्ती","कोल्हापूर वस्ती",
10653,"Akkalkot To Vengurle",Akkalkot,Vengurle,,MO,9708,"Maruti Mandir",470.5,,,"अक्कलकोट वस्ती",कोल्हापूर,299.7,05:00,13:00,NON,DAILY,"कोल्हापूर वस्ती","कोल्हापूर वस्ती",
10653,"Akkalkot To Vengurle",Akkalkot,Vengurle,,MO,9824,Vengurle,471.9,,,"अक्कलकोट वस्ती",कोल्हापूर,299.7,05:00,13:00,NON,DAILY,"कोल्हापूर वस्ती","कोल्हापूर वस्ती",
11263,"Vengurle To Hodawada Chavata",Vengurle,"Hodawada Chavata",,MO,9824,Vengurle,,,,वेंगुर्ला,"होडावडा (वजराट)",21,18:15,19:00,OBL,DAILY,"वजराट वस्ती","वजराट वस्ती",
11263,"Vengurle To Hodawada Chavata",Vengurle,"Hodawada Chavata",,MO,9708,"Maruti Mandir",3,,,वेंगुर्ला,"होडावडा (वजराट)",21,18:15,19:00,OBL,DAILY,"वजराट वस्ती","वजराट वस्ती",
11263,"Vengurle To Hodawada Chavata",Vengurle,"Hodawada Chavata",,MO,9665,Kankewadi,6,,,वेंगुर्ला,"होडावडा (वजराट)",21,18:15,19:00,OBL,DAILY,"वजराट वस्ती","वजराट वस्ती",
11263,"Vengurle To Hodawada Chavata",Vengurle,"Hodawada Chavata",,MO,9709,"Math High School",7,,,वेंगुर्ला,"होडावडा (वजराट)",21,18:15,19:00,OBL,DAILY,"वजराट वस्ती","वजराट वस्ती",
11263,"Vengurle To Hodawada Chavata",Vengurle,"Hodawada Chavata",,MO,9620,"Bowalekar Wadi",8.8,,,वेंगुर्ला,"होडावडा (वजराट)",21,18:15,19:00,OBL,DAILY,"वजराट वस्ती","वजराट वस्ती",
11263,"Vengurle To Hodawada Chavata",Vengurle,"Hodawada Chavata",,MO,9655,"Jambhul Mala",12.6,,,वेंगुर्ला,"होडावडा (वजराट)",21,18:15,19:00,OBL,DAILY,"वजराट वस्ती","वजराट वस्ती",
11263,"Vengurle To Hodawada Chavata",Vengurle,"Hodawada Chavata",,MO,9586,"Adeli High School",13.3,,,वेंगुर्ला,"होडावडा (वजराट)",21,18:15,19:00,OBL,DAILY,"वजराट वस्ती","वजराट वस्ती",
11263,"Vengurle To Hodawada Chavata",Vengurle,"Hodawada Chavata",,MO,9652,"Hodawada Vazrath Tita",14,,,वेंगुर्ला,"होडावडा (वजराट)",21,18:15,19:00,OBL,DAILY,"वजराट वस्ती","वजराट वस्ती",
11263,"Vengurle To Hodawada Chavata",Vengurle,"Hodawada Chavata",,MO,9644,"Giroba Mandir",15.2,,,वेंगुर्ला,"होडावडा (वजराट)",21,18:15,19:00,OBL,DAILY,"वजराट वस्ती","वजराट वस्ती",
11263,"Vengurle To Hodawada Chavata",Vengurle,"Hodawada Chavata",,MO,9651,"Hodawada Chavata",21,,,वेंगुर्ला,"होडावडा (वजराट)",21,18:15,19:00,OBL,DAILY,"वजराट वस्ती","वजराट वस्ती",
11283,"Vengurle To Niwati Bandar",Vengurle,"Niwati Bandar",,MO,9824,Vengurle,,,,वेंगुर्ला,निवती,41.6,08:30,10:10,SC,DAILY,,,
11283,"Vengurle To Niwati Bandar",Vengurle,"Niwati Bandar",,MO,9696,Lokhandewadi,2.8,,,वेंगुर्ला,निवती,41.6,08:30,10:10,SC,DAILY,,,
11283,"Vengurle To Niwati Bandar",Vengurle,"Niwati Bandar",,MO,9625,"Dabholi Matha",5.8,,,वेंगुर्ला,निवती,41.6,08:30,10:10,SC,DAILY,,,
11283,"Vengurle To Niwati Bandar",Vengurle,"Niwati Bandar",,MO,9677,"Khanoli Ganapati Mandir",8.8,,,वेंगुर्ला,निवती,41.6,08:30,10:10,SC,DAILY,,,
11283,"Vengurle To Niwati Bandar",Vengurle,"Niwati Bandar",,MO,9605,"Awere Bridge",11.9,,,वेंगुर्ला,निवती,41.6,08:30,10:10,SC,DAILY,,,
11283,"Vengurle To Niwati Bandar",Vengurle,"Niwati Bandar",,MO,9662,"Kalvi Titha",15.4,,,वेंगुर्ला,निवती,41.6,08:30,10:10,SC,DAILY,,,
11283,"Vengurle To Niwati Bandar",Vengurle,"Niwati Bandar",,MO,9736,"New Society",19.3,,,वेंगुर्ला,निवती,41.6,08:30,10:10,SC,DAILY,,,
11283,"Vengurle To Niwati Bandar",Vengurle,"Niwati Bandar",,MO,6377,"Pendurkar Dukan",23.3,,,वेंगुर्ला,निवती,41.6,08:30,10:10,SC,DAILY,,,
11283,"Vengurle To Niwati Bandar",Vengurle,"Niwati Bandar",,MO,6384,"Pat Titha",25.1,,,वेंगुर्ला,निवती,41.6,08:30,10:10,SC,DAILY,,,
11283,"Vengurle To Niwati Bandar",Vengurle,"Niwati Bandar",,MO,9714,Mhapan,26.2,,,वेंगुर्ला,निवती,41.6,08:30,10:10,SC,DAILY,,,
11283,"Vengurle To Niwati Bandar",Vengurle,"Niwati Bandar",,MO,9718,"Mhapan Khavane Titha",26.9,,,वेंगुर्ला,निवती,41.6,08:30,10:10,SC,DAILY,,,
11283,"Vengurle To Niwati Bandar",Vengurle,"Niwati Bandar",,MO,9681,Khavane,30,,,वेंगुर्ला,निवती,41.6,08:30,10:10,SC,DAILY,,,
11283,"Vengurle To Niwati Bandar",Vengurle,"Niwati Bandar",,MO,9718,"Mhapan Khavane Titha",33.1,,,वेंगुर्ला,निवती,41.6,08:30,10:10,SC,DAILY,,,
11283,"Vengurle To Niwati Bandar",Vengurle,"Niwati Bandar",,MO,9720,"Mhapan Sateri Mandir",34.9,,,वेंगुर्ला,निवती,41.6,08:30,10:10,SC,DAILY,,,
11283,"Vengurle To Niwati Bandar",Vengurle,"Niwati Bandar",,MO,9791,"Siddheswar Mandir",35,,,वेंगुर्ला,निवती,41.6,08:30,10:10,SC,DAILY,,,
11283,"Vengurle To Niwati Bandar",Vengurle,"Niwati Bandar",,MO,9777,Sati,37.6,,,वेंगुर्ला,निवती,41.6,08:30,10:10,SC,DAILY,,,
11283,"Vengurle To Niwati Bandar",Vengurle,"Niwati Bandar",,MO,9741,"Niwati Bandar",41.6,,,वेंगुर्ला,निवती,41.6,08:30,10:10,SC,DAILY,,,
60638,"Vengurle To Kolhapur Via Gaganbawda",Vengurle,Kolhapur,GAGANBAWDA,MO,9824,Vengurle,,,,वेंगुर्ला,कोल्हापूर,171.8,13:15,18:20,NON,DAILY,,,
60638,"Vengurle To Kolhapur Via Gaganbawda",Vengurle,Kolhapur,GAGANBAWDA,MO,9708,"Maruti Mandir",3,,,वेंगुर्ला,कोल्हापूर,171.8,13:15,18:20,NON,DAILY,,,
60638,"Vengurle To Kolhapur Via Gaganbawda",Vengurle,Kolhapur,GAGANBAWDA,MO,9665,Kankewadi,6,,,वेंगुर्ला,कोल्हापूर,171.8,13:15,18:20,NON,DAILY,,,
60638,"Vengurle To Kolhapur Via Gaganbawda",Vengurle,Kolhapur,GAGANBAWDA,MO,9709,"Math High School",7,,,वेंगुर्ला,कोल्हापूर,171.8,13:15,18:20,NON,DAILY,,,
60638,"Vengurle To Kolhapur Via Gaganbawda",Vengurle,Kolhapur,GAGANBAWDA,MO,9620,"Bowalekar Wadi",8.8,,,वेंगुर्ला,कोल्हापूर,171.8,13:15,18:20,NON,DAILY,,,
60638,"Vengurle To Kolhapur Via Gaganbawda",Vengurle,Kolhapur,GAGANBAWDA,MO,9695,"Kudal Titha",9,,,वेंगुर्ला,कोल्हापूर,171.8,13:15,18:20,NON,DAILY,,,
60638,"Vengurle To Kolhapur Via Gaganbawda",Vengurle,Kolhapur,GAGANBAWDA,MO,6398,"Shambhu Bhavani",12.1,,,वेंगुर्ला,कोल्हापूर,171.8,13:15,18:20,NON,DAILY,,,
60638,"Vengurle To Kolhapur Via Gaganbawda",Vengurle,Kolhapur,GAGANBAWDA,MO,6458,"Vetore Titha",12.9,,,वेंगुर्ला,कोल्हापूर,171.8,13:15,18:20,NON,DAILY,,,
60638,"Vengurle To Kolhapur Via Gaganbawda",Vengurle,Kolhapur,GAGANBAWDA,MO,6459,"Vetore Sub Stage",14.3,,,वेंगुर्ला,कोल्हापूर,171.8,13:15,18:20,NON,DAILY,,,
60638,"Vengurle To Kolhapur Via Gaganbawda",Vengurle,Kolhapur,GAGANBAWDA,MO,6423,Sativan,17.5,,,वेंगुर्ला,कोल्हापूर,171.8,13:15,18:20,NON,DAILY,,,
60638,"Vengurle To Kolhapur Via Gaganbawda",Vengurle,Kolhapur,GAGANBAWDA,MO,6376,"Pinguli Titha",21,,,वेंगुर्ला,कोल्हापूर,171.8,13:15,18:20,NON,DAILY,,,
60638,"Vengurle To Kolhapur Via Gaganbawda",Vengurle,Kolhapur,GAGANBAWDA,MO,6237,"Kudal St Depot",23.7,,,वेंगुर्ला,कोल्हापूर,171.8,13:15,18:20,NON,DAILY,,,
60638,"Vengurle To Kolhapur Via Gaganbawda",Vengurle,Kolhapur,GAGANBAWDA,MO,6240,"Kudal St Depot",26,,,वेंगुर्ला,कोल्हापूर,171.8,13:15,18:20,NON,DAILY,,,
60638,"Vengurle To Kolhapur Via Gaganbawda",Vengurle,Kolhapur,GAGANBAWDA,MO,6380,"Pawashi Panchayat",27.7,,,वेंगुर्ला,कोल्हापूर,171.8,13:15,18:20,NON,DAILY,,,
60638,"Vengurle To Kolhapur Via Gaganbawda",Vengurle,Kolhapur,GAGANBAWDA,MO,88100,Vetalbambarde,30,,,वेंगुर्ला,कोल्हापूर,171.8,13:15,18:20,NON,DAILY,,,
60638,"Vengurle To Kolhapur Via Gaganbawda",Vengurle,Kolhapur,GAGANBAWDA,MO,6378,"Pandur Titha",32.8,,,वेंगुर्ला,कोल्हापूर,171.8,13:15,18:20,NON,DAILY,,,
60638,"Vengurle To Kolhapur Via Gaganbawda",Vengurle,Kolhapur,GAGANBAWDA,MO,6206,"Humarmala Rane Dukan",36.1,,,वेंगुर्ला,कोल्हापूर,171.8,13:15,18:20,NON,DAILY,,,
60638,"Vengurle To Kolhapur Via Gaganbawda",Vengurle,Kolhapur,GAGANBAWDA,MO,6362,"Oros Bus Stnad",39.1,,,वेंगुर्ला,कोल्हापूर,171.8,13:15,18:20,NON,DAILY,,,
60638,"Vengurle To Kolhapur Via Gaganbawda",Vengurle,Kolhapur,GAGANBAWDA,MO,6282,"Kasal Balamwadi",43.1,,,वेंगुर्ला,कोल्हापूर,171.8,13:15,18:20,NON,DAILY,,,
60638,"Vengurle To Kolhapur Via Gaganbawda",Vengurle,Kolhapur,GAGANBAWDA,MO,6281,Kasal,44.5,,,वेंगुर्ला,कोल्हापूर,171.8,13:15,18:20,NON,DAILY,,,
60638,"Vengurle To Kolhapur Via Gaganbawda",Vengurle,Kolhapur,GAGANBAWDA,MO,2889,"Osargaon Godaoon",48,,,वेंगुर्ला,कोल्हापूर,171.8,13:15,18:20,NON,DAILY,,,
60638,"Vengurle To Kolhapur Via Gaganbawda",Vengurle,Kolhapur,GAGANBAWDA,MO,2890,"Osargaon Post",48.8,,,वेंगुर्ला,कोल्हापूर,171.8,13:15,18:20,NON,DAILY,,,
60638,"Vengurle To Kolhapur Via Gaganbawda",Vengurle,Kolhapur,GAGANBAWDA,MO,2891,"Osargaon Talav",51.7,,,वेंगुर्ला,कोल्हापूर,171.8,13:15,18:20,NON,DAILY,,,
60638,"Vengurle To Kolhapur Via Gaganbawda",Vengurle,Kolhapur,GAGANBAWDA,MO,2692,Dangalwadi,52.8,,,वेंगुर्ला,कोल्हापूर,171.8,13:15,18:20,NON,DAILY,,,
60638,"Vengurle To Kolhapur Via Gaganbawda",Vengurle,Kolhapur,GAGANBAWDA,MO,3001,"Wagade Gpo",53.7,,,वेंगुर्ला,कोल्हापूर,171.8,13:15,18:20,NON,DAILY,,,
60638,"Vengurle To Kolhapur Via Gaganbawda",Vengurle,Kolhapur,GAGANBAWDA,MO,2786,Kankavli,58.9,,,वेंगुर्ला,कोल्हापूर,171.8,13:15,18:20,NON,DAILY,,,
60638,"Vengurle To Kolhapur Via Gaganbawda",Vengurle,Kolhapur,GAGANBAWDA,MO,2768,"Janavali Gavthanwadi",62.7,,,वेंगुर्ला,कोल्हापूर,171.8,13:15,18:20,NON,DAILY,,,
60638,"Vengurle To Kolhapur Via Gaganbawda",Vengurle,Kolhapur,GAGANBAWDA,MO,2756,"Humrat Titha",67,,,वेंगुर्ला,कोल्हापूर,171.8,13:15,18:20,NON,DAILY,,,
60638,"Vengurle To Kolhapur Via Gaganbawda",Vengurle,Kolhapur,GAGANBAWDA,MO,2655,Belane,69.2,,,वेंगुर्ला,कोल्हापूर,171.8,13:15,18:20,NON,DAILY,,,
60638,"Vengurle To Kolhapur Via Gaganbawda",Vengurle,Kolhapur,GAGANBAWDA,MO,2870,"Nandgaon Datta Mandir",71.6,,,वेंगुर्ला,कोल्हापूर,171.8,13:15,18:20,NON,DAILY,,,
60638,"Vengurle To Kolhapur Via Gaganbawda",Vengurle,Kolhapur,GAGANBAWDA,MO,2871,"Nandgaon Fata",73.8,,,वेंगुर्ला,कोल्हापूर,171.8,13:15,18:20,NON,DAILY,,,
60638,"Vengurle To Kolhapur Via Gaganbawda",Vengurle,Kolhapur,GAGANBAWDA,MO,2872,"Nandgaon Nursary",75.1,,,वेंगुर्ला,कोल्हापूर,171.8,13:15,18:20,NON,DAILY,,,
60638,"Vengurle To Kolhapur Via Gaganbawda",Vengurle,Kolhapur,GAGANBAWDA,MO,2673,"Bramhan Wadi",78.9,,,वेंगुर्ला,कोल्हापूर,171.8,13:15,18:20,NON,DAILY,,,
60638,"Vengurle To Kolhapur Via Gaganbawda",Vengurle,Kolhapur,GAGANBAWDA,MO,2982,Tarla,81.9,,,वेंगुर्ला,कोल्हापूर,171.8,13:15,18:20,NON,DAILY,,,
60638,"Vengurle To Kolhapur Via Gaganbawda",Vengurle,Kolhapur,GAGANBAWDA,MO,2796,"Kasarde Buddhawadi",83.6,,,वेंगुर्ला,कोल्हापूर,171.8,13:15,18:20,NON,DAILY,,,
60638,"Vengurle To Kolhapur Via Gaganbawda",Vengurle,Kolhapur,GAGANBAWDA,MO,2841,Mahadevwadi,87.1,,,वेंगुर्ला,कोल्हापूर,171.8,13:15,18:20,NON,DAILY,,,
60638,"Vengurle To Kolhapur Via Gaganbawda",Vengurle,Kolhapur,GAGANBAWDA,MO,9241,Nadhawade,88,,,वेंगुर्ला,कोल्हापूर,171.8,13:15,18:20,NON,DAILY,,,
60638,"Vengurle To Kolhapur Via Gaganbawda",Vengurle,Kolhapur,GAGANBAWDA,MO,9213,"Kasale Wadi",91.1,,,वेंगुर्ला,कोल्हापूर,171.8,13:15,18:20,NON,DAILY,,,
60638,"Vengurle To Kolhapur Via Gaganbawda",Vengurle,Kolhapur,GAGANBAWDA,MO,9181,Bandhwadi,93.1,,,वेंगुर्ला,कोल्हापूर,171.8,13:15,18:20,NON,DAILY,,,
60638,"Vengurle To Kolhapur Via Gaganbawda",Vengurle,Kolhapur,GAGANBAWDA,MO,9291,Vaibhavwadi,96.1,,,वेंगुर्ला,कोल्हापूर,171.8,13:15,18:20,NON,DAILY,,,
60638,"Vengurle To Kolhapur Via Gaganbawda",Vengurle,Kolhapur,GAGANBAWDA,MO,9297,"Water Tank",99.1,,,वेंगुर्ला,कोल्हापूर,171.8,13:15,18:20,NON,DAILY,,,
60638,"Vengurle To Kolhapur Via Gaganbawda",Vengurle,Kolhapur,GAGANBAWDA,MO,9208,Jamadarwadi,102.1,,,वेंगुर्ला,कोल्हापूर,171.8,13:15,18:20,NON,DAILY,,,
60638,"Vengurle To Kolhapur Via Gaganbawda",Vengurle,Kolhapur,GAGANBAWDA,MO,9212,"Karul High School",103.6,,,वेंगुर्ला,कोल्हापूर,171.8,13:15,18:20,NON,DAILY,,,
60638,"Vengurle To Kolhapur Via Gaganbawda",Vengurle,Kolhapur,GAGANBAWDA,MO,9182,Bhattiwadi,105.1,,,वेंगुर्ला,कोल्हापूर,171.8,13:15,18:20,NON,DAILY,,,
60638,"Vengurle To Kolhapur Via Gaganbawda",Vengurle,Kolhapur,GAGANBAWDA,MO,23733,Gaganbawda,114.1,,,वेंगुर्ला,कोल्हापूर,171.8,13:15,18:20,NON,DAILY,,,
60638,"Vengurle To Kolhapur Via Gaganbawda",Vengurle,Kolhapur,GAGANBAWDA,MO,24105,Jambulnewadi,118.2,,,वेंगुर्ला,कोल्हापूर,171.8,13:15,18:20,NON,DAILY,,,
60638,"Vengurle To Kolhapur Via Gaganbawda",Vengurle,Kolhapur,GAGANBAWDA,MO,25662,"Sangshi Fata",121,,,वेंगुर्ला,कोल्हापूर,171.8,13:15,18:20,NON,DAILY,,,
60638,"Vengurle To Kolhapur Via Gaganbawda",Vengurle,Kolhapur,GAGANBAWDA,MO,25139,Pargavkarwadi,121.3,,,वेंगुर्ला,कोल्हापूर,171.8,13:15,18:20,NON,DAILY,,,
60638,"Vengurle To Kolhapur Via Gaganbawda",Vengurle,Kolhapur,GAGANBAWDA,MO,30324,"Asalaj Canteen",124,,,वेंगुर्ला,कोल्हापूर,171.8,13:15,18:20,NON,DAILY,,,
60638,"Vengurle To Kolhapur Via Gaganbawda",Vengurle,Kolhapur,GAGANBAWDA,MO,23085,Aslaj,125,,,वेंगुर्ला,कोल्हापूर,171.8,13:15,18:20,NON,DAILY,,,
60638,"Vengurle To Kolhapur Via Gaganbawda",Vengurle,Kolhapur,GAGANBAWDA,MO,25155,"Padalwadi Fata",127,,,वेंगुर्ला,कोल्हापूर,171.8,13:15,18:20,NON,DAILY,,,
60638,"Vengurle To Kolhapur Via Gaganbawda",Vengurle,Kolhapur,GAGANBAWDA,MO,30326,"Andur Fata",130.3,,,वेंगुर्ला,कोल्हापूर,171.8,13:15,18:20,NON,DAILY,,,
60638,"Vengurle To Kolhapur Via Gaganbawda",Vengurle,Kolhapur,GAGANBAWDA,MO,24454,Khopadewadi,133.4,,,वेंगुर्ला,कोल्हापूर,171.8,13:15,18:20,NON,DAILY,,,
60638,"Vengurle To Kolhapur Via Gaganbawda",Vengurle,Kolhapur,GAGANBAWDA,MO,24894,Margaiwadi,135.9,,,वेंगुर्ला,कोल्हापूर,171.8,13:15,18:20,NON,DAILY,,,
60638,"Vengurle To Kolhapur Via Gaganbawda",Vengurle,Kolhapur,GAGANBAWDA,MO,25627,Salvan,138.7,,,वेंगुर्ला,कोल्हापूर,171.8,13:15,18:20,NON,DAILY,,,
60638,"Vengurle To Kolhapur Via Gaganbawda",Vengurle,Kolhapur,GAGANBAWDA,MO,26015,"Vetwade Fata",139.5,,,वेंगुर्ला,कोल्हापूर,171.8,13:15,18:20,NON,DAILY,,,
60638,"Vengurle To Kolhapur Via Gaganbawda",Vengurle,Kolhapur,GAGANBAWDA,MO,24332,Kirve,142,,,वेंगुर्ला,कोल्हापूर,171.8,13:15,18:20,NON,DAILY,,,
60638,"Vengurle To Kolhapur Via Gaganbawda",Vengurle,Kolhapur,GAGANBAWDA,MO,24941,Mutkeshwar,144.9,,,वेंगुर्ला,कोल्हापूर,171.8,13:15,18:20,NON,DAILY,,,
60638,"Vengurle To Kolhapur Via Gaganbawda",Vengurle,Kolhapur,GAGANBAWDA,MO,24361,"Kale Canteen",149.3,,,वेंगुर्ला,कोल्हापूर,171.8,13:15,18:20,NON,DAILY,,,
60638,"Vengurle To Kolhapur Via Gaganbawda",Vengurle,Kolhapur,GAGANBAWDA,MO,24163,Kalambe,153.3,,,वेंगुर्ला,कोल्हापूर,171.8,13:15,18:20,NON,DAILY,,,
60638,"Vengurle To Kolhapur Via Gaganbawda",Vengurle,Kolhapur,GAGANBAWDA,MO,30585,Aadoor,154.2,,,वेंगुर्ला,कोल्हापूर,171.8,13:15,18:20,NON,DAILY,,,
60638,"Vengurle To Kolhapur Via Gaganbawda",Vengurle,Kolhapur,GAGANBAWDA,MO,24253,"Kuditre Factory",156.2,,,वेंगुर्ला,कोल्हापूर,171.8,13:15,18:20,NON,DAILY,,,
60638,"Vengurle To Kolhapur Via Gaganbawda",Vengurle,Kolhapur,GAGANBAWDA,MO,23598,Donawade,160.2,,,वेंगुर्ला,कोल्हापूर,171.8,13:15,18:20,NON,DAILY,,,
60638,"Vengurle To Kolhapur Via Gaganbawda",Vengurle,Kolhapur,GAGANBAWDA,MO,24309,Khandsari,163,,,वेंगुर्ला,कोल्हापूर,171.8,13:15,18:20,NON,DAILY,,,
60638,"Vengurle To Kolhapur Via Gaganbawda",Vengurle,Kolhapur,GAGANBAWDA,MO,23694,"Fulewadi Naka",164,,,वेंगुर्ला,कोल्हापूर,171.8,13:15,18:20,NON,DAILY,,,
60638,"Vengurle To Kolhapur Via Gaganbawda",Vengurle,Kolhapur,GAGANBAWDA,MO,25400,Rankala,165.8,,,वेंगुर्ला,कोल्हापूर,171.8,13:15,18:20,NON,DAILY,,,
60638,"Vengurle To Kolhapur Via Gaganbawda",Vengurle,Kolhapur,GAGANBAWDA,MO,25888,"Town Hall",168,,,वेंगुर्ला,कोल्हापूर,171.8,13:15,18:20,NON,DAILY,,,
60638,"Vengurle To Kolhapur Via Gaganbawda",Vengurle,Kolhapur,GAGANBAWDA,MO,24359,Kolhapur,171.8,,,वेंगुर्ला,कोल्हापूर,171.8,13:15,18:20,NON,DAILY,,,
126363,"Vengurle To Gawaliwada Via Someshwar Mandir",Vengurle,Gawaliwada,"SOMESHWAR MANDIR",MO,9824,Vengurle,,,,वेंगुर्ला,"आंजिवडे गवळीवाडा",47.7,17:00,18:50,OBL,DAILY,आंजिवडे,आंजिवडे,
126363,"Vengurle To Gawaliwada Via Someshwar Mandir",Vengurle,Gawaliwada,"SOMESHWAR MANDIR",MO,9708,"Maruti Mandir",3,,,वेंगुर्ला,"आंजिवडे गवळीवाडा",47.7,17:00,18:50,OBL,DAILY,आंजिवडे,आंजिवडे,
126363,"Vengurle To Gawaliwada Via Someshwar Mandir",Vengurle,Gawaliwada,"SOMESHWAR MANDIR",MO,9665,Kankewadi,6,,,वेंगुर्ला,"आंजिवडे गवळीवाडा",47.7,17:00,18:50,OBL,DAILY,आंजिवडे,आंजिवडे,
126363,"Vengurle To Gawaliwada Via Someshwar Mandir",Vengurle,Gawaliwada,"SOMESHWAR MANDIR",MO,9709,"Math High School",7,,,वेंगुर्ला,"आंजिवडे गवळीवाडा",47.7,17:00,18:50,OBL,DAILY,आंजिवडे,आंजिवडे,
126363,"Vengurle To Gawaliwada Via Someshwar Mandir",Vengurle,Gawaliwada,"SOMESHWAR MANDIR",MO,9620,"Bowalekar Wadi",8.8,,,वेंगुर्ला,"आंजिवडे गवळीवाडा",47.7,17:00,18:50,OBL,DAILY,आंजिवडे,आंजिवडे,
126363,"Vengurle To Gawaliwada Via Someshwar Mandir",Vengurle,Gawaliwada,"SOMESHWAR MANDIR",MO,6238,"Kudal Titha",10.2,,,वेंगुर्ला,"आंजिवडे गवळीवाडा",47.7,17:00,18:50,OBL,DAILY,आंजिवडे,आंजिवडे,
126363,"Vengurle To Gawaliwada Via Someshwar Mandir",Vengurle,Gawaliwada,"SOMESHWAR MANDIR",MO,6103,"Adeli G.P.O.",13,,,वेंगुर्ला,"आंजिवडे गवळीवाडा",47.7,17:00,18:50,OBL,DAILY,आंजिवडे,आंजिवडे,
126363,"Vengurle To Gawaliwada Via Someshwar Mandir",Vengurle,Gawaliwada,"SOMESHWAR MANDIR",MO,6404,"Someshwar Mandir",13.3,,,वेंगुर्ला,"आंजिवडे गवळीवाडा",47.7,17:00,18:50,OBL,DAILY,आंजिवडे,आंजिवडे,
126363,"Vengurle To Gawaliwada Via Someshwar Mandir",Vengurle,Gawaliwada,"SOMESHWAR MANDIR",MO,8685,Gawaliwadi,16.7,,,वेंगुर्ला,"आंजिवडे गवळीवाडा",47.7,17:00,18:50,OBL,DAILY,आंजिवडे,आंजिवडे,
126363,"Vengurle To Gawaliwada Via Someshwar Mandir",Vengurle,Gawaliwada,"SOMESHWAR MANDIR",MO,6197,Gawadewadi,17,,,वेंगुर्ला,"आंजिवडे गवळीवाडा",47.7,17:00,18:50,OBL,DAILY,आंजिवडे,आंजिवडे,
126363,"Vengurle To Gawaliwada Via Someshwar Mandir",Vengurle,Gawaliwada,"SOMESHWAR MANDIR",MO,6474,"Zharap Titha",18,,,वेंगुर्ला,"आंजिवडे गवळीवाडा",47.7,17:00,18:50,OBL,DAILY,आंजिवडे,आंजिवडे,
126363,"Vengurle To Gawaliwada Via Someshwar Mandir",Vengurle,Gawaliwada,"SOMESHWAR MANDIR",MO,6412,"Salgaon Harijanwadi",20.3,,,वेंगुर्ला,"आंजिवडे गवळीवाडा",47.7,17:00,18:50,OBL,DAILY,आंजिवडे,आंजिवडे,
126363,"Vengurle To Gawaliwada Via Someshwar Mandir",Vengurle,Gawaliwada,"SOMESHWAR MANDIR",MO,6386,"Power House",23.4,,,वेंगुर्ला,"आंजिवडे गवळीवाडा",47.7,17:00,18:50,OBL,DAILY,आंजिवडे,आंजिवडे,
126363,"Vengurle To Gawaliwada Via Someshwar Mandir",Vengurle,Gawaliwada,"SOMESHWAR MANDIR",MO,6323,"Mangaon Titha",23.7,,,वेंगुर्ला,"आंजिवडे गवळीवाडा",47.7,17:00,18:50,OBL,DAILY,आंजिवडे,आंजिवडे,
126363,"Vengurle To Gawaliwada Via Someshwar Mandir",Vengurle,Gawaliwada,"SOMESHWAR MANDIR",MO,6317,Mangaon,25.6,,,वेंगुर्ला,"आंजिवडे गवळीवाडा",47.7,17:00,18:50,OBL,DAILY,आंजिवडे,आंजिवडे,
126363,"Vengurle To Gawaliwada Via Someshwar Mandir",Vengurle,Gawaliwada,"SOMESHWAR MANDIR",MO,6092,Amberi,28,,,वेंगुर्ला,"आंजिवडे गवळीवाडा",47.7,17:00,18:50,OBL,DAILY,आंजिवडे,आंजिवडे,
126363,"Vengurle To Gawaliwada Via Someshwar Mandir",Vengurle,Gawaliwada,"SOMESHWAR MANDIR",MO,6464,"Wados Bazar",32.1,,,वेंगुर्ला,"आंजिवडे गवळीवाडा",47.7,17:00,18:50,OBL,DAILY,आंजिवडे,आंजिवडे,
126363,"Vengurle To Gawaliwada Via Someshwar Mandir",Vengurle,Gawaliwada,"SOMESHWAR MANDIR",MO,6190,"Gothos Titha",33,,,वेंगुर्ला,"आंजिवडे गवळीवाडा",47.7,17:00,18:50,OBL,DAILY,आंजिवडे,आंजिवडे,
126363,"Vengurle To Gawaliwada Via Someshwar Mandir",Vengurle,Gawaliwada,"SOMESHWAR MANDIR",MO,6344,"Nileli Nursery",34.4,,,वेंगुर्ला,"आंजिवडे गवळीवाडा",47.7,17:00,18:50,OBL,DAILY,आंजिवडे,आंजिवडे,
126363,"Vengurle To Gawaliwada Via Someshwar Mandir",Vengurle,Gawaliwada,"SOMESHWAR MANDIR",MO,88081,"Mahadevache Kerawade",37.7,,,वेंगुर्ला,"आंजिवडे गवळीवाडा",47.7,17:00,18:50,OBL,DAILY,आंजिवडे,आंजिवडे,
126363,"Vengurle To Gawaliwada Via Someshwar Mandir",Vengurle,Gawaliwada,"SOMESHWAR MANDIR",MO,6148,"Chafeli Nursery",39.1,,,वेंगुर्ला,"आंजिवडे गवळीवाडा",47.7,17:00,18:50,OBL,DAILY,आंजिवडे,आंजिवडे,
126363,"Vengurle To Gawaliwada Via Someshwar Mandir",Vengurle,Gawaliwada,"SOMESHWAR MANDIR",MO,6161,Dukanwad,41.7,,,वेंगुर्ला,"आंजिवडे गवळीवाडा",47.7,17:00,18:50,OBL,DAILY,आंजिवडे,आंजिवडे,
126363,"Vengurle To Gawaliwada Via Someshwar Mandir",Vengurle,Gawaliwada,"SOMESHWAR MANDIR",MO,6452,"Vinanti Stop",42.1,,,वेंगुर्ला,"आंजिवडे गवळीवाडा",47.7,17:00,18:50,OBL,DAILY,आंजिवडे,आंजिवडे,
126363,"Vengurle To Gawaliwada Via Someshwar Mandir",Vengurle,Gawaliwada,"SOMESHWAR MANDIR",MO,6099,Anjiwade,47.5,,,वेंगुर्ला,"आंजिवडे गवळीवाडा",47.7,17:00,18:50,OBL,DAILY,आंजिवडे,आंजिवडे,
126363,"Vengurle To Gawaliwada Via Someshwar Mandir",Vengurle,Gawaliwada,"SOMESHWAR MANDIR",MO,6174,Gawaliwada,47.7,,,वेंगुर्ला,"आंजिवडे गवळीवाडा",47.7,17:00,18:50,OBL,DAILY,आंजिवडे,आंजिवडे,
410,"Vengurle To Kolhapur Via Akeri Tita",Vengurle,Kolhapur,"AKERI TITA",MO,9824,Vengurle,,,,वेंगुर्ला,कोल्हापूर,174.6,05:00,09:50,NON,DAILY,,,
410,"Vengurle To Kolhapur Via Akeri Tita",Vengurle,Kolhapur,"AKERI TITA",MO,9758,"Piracha Darga",1,,,वेंगुर्ला,कोल्हापूर,174.6,05:00,09:50,NON,DAILY,,,
410,"Vengurle To Kolhapur Via Akeri Tita",Vengurle,Kolhapur,"AKERI TITA",MO,9708,"Maruti Mandir",2.2,,,वेंगुर्ला,कोल्हापूर,174.6,05:00,09:50,NON,DAILY,,,
410,"Vengurle To Kolhapur Via Akeri Tita",Vengurle,Kolhapur,"AKERI TITA",MO,9810,"Torane Cashew Factory",4,,,वेंगुर्ला,कोल्हापूर,174.6,05:00,09:50,NON,DAILY,,,
410,"Vengurle To Kolhapur Via Akeri Tita",Vengurle,Kolhapur,"AKERI TITA",MO,9821,"Varaskar Stop",5.1,,,वेंगुर्ला,कोल्हापूर,174.6,05:00,09:50,NON,DAILY,,,
410,"Vengurle To Kolhapur Via Akeri Tita",Vengurle,Kolhapur,"AKERI TITA",MO,9665,Kankewadi,6.6,,,वेंगुर्ला,कोल्हापूर,174.6,05:00,09:50,NON,DAILY,,,
410,"Vengurle To Kolhapur Via Akeri Tita",Vengurle,Kolhapur,"AKERI TITA",MO,9620,"Bowalekar Wadi",8.6,,,वेंगुर्ला,कोल्हापूर,174.6,05:00,09:50,NON,DAILY,,,
410,"Vengurle To Kolhapur Via Akeri Tita",Vengurle,Kolhapur,"AKERI TITA",MO,9656,Jambhulwadi,12.4,,,वेंगुर्ला,कोल्हापूर,174.6,05:00,09:50,NON,DAILY,,,
410,"Vengurle To Kolhapur Via Akeri Tita",Vengurle,Kolhapur,"AKERI TITA",MO,9652,"Hodawada Vazrath Tita",14,,,वेंगुर्ला,कोल्हापूर,174.6,05:00,09:50,NON,DAILY,,,
410,"Vengurle To Kolhapur Via Akeri Tita",Vengurle,Kolhapur,"AKERI TITA",MO,9664,"Kamleveer High School",16.9,,,वेंगुर्ला,कोल्हापूर,174.6,05:00,09:50,NON,DAILY,,,
410,"Vengurle To Kolhapur Via Akeri Tita",Vengurle,Kolhapur,"AKERI TITA",MO,8603,"Nemale Fata",19.1,,,वेंगुर्ला,कोल्हापूर,174.6,05:00,09:50,NON,DAILY,,,
410,"Vengurle To Kolhapur Via Akeri Tita",Vengurle,Kolhapur,"AKERI TITA",MO,6479,"Akeri Tita",22.1,,,वेंगुर्ला,कोल्हापूर,174.6,05:00,09:50,NON,DAILY,,,
410,"Vengurle To Kolhapur Via Akeri Tita",Vengurle,Kolhapur,"AKERI TITA",MO,8551,"Kolgaon Thita",24.3,,,वेंगुर्ला,कोल्हापूर,174.6,05:00,09:50,NON,DAILY,,,
410,"Vengurle To Kolhapur Via Akeri Tita",Vengurle,Kolhapur,"AKERI TITA",MO,8663,Sawantwadi,28,,,वेंगुर्ला,कोल्हापूर,174.6,05:00,09:50,NON,DAILY,,,
410,"Vengurle To Kolhapur Via Akeri Tita",Vengurle,Kolhapur,"AKERI TITA",MO,8488,"Burdi Pul",30.5,,,वेंगुर्ला,कोल्हापूर,174.6,05:00,09:50,NON,DAILY,,,
410,"Vengurle To Kolhapur Via Akeri Tita",Vengurle,Kolhapur,"AKERI TITA",MO,8570,Madkhol,32,,,वेंगुर्ला,कोल्हापूर,174.6,05:00,09:50,NON,DAILY,,,
410,"Vengurle To Kolhapur Via Akeri Tita",Vengurle,Kolhapur,"AKERI TITA",MO,8505,Dhawadki,38.6,,,वेंगुर्ला,कोल्हापूर,174.6,05:00,09:50,NON,DAILY,,,
410,"Vengurle To Kolhapur Via Akeri Tita",Vengurle,Kolhapur,"AKERI TITA",MO,8510,Danoli,41.1,,,वेंगुर्ला,कोल्हापूर,174.6,05:00,09:50,NON,DAILY,,,
410,"Vengurle To Kolhapur Via Akeri Tita",Vengurle,Kolhapur,"AKERI TITA",MO,8541,"Kumbheshwar Gpo",43,,,वेंगुर्ला,कोल्हापूर,174.6,05:00,09:50,NON,DAILY,,,
410,"Vengurle To Kolhapur Via Akeri Tita",Vengurle,Kolhapur,"AKERI TITA",MO,8470,Amboli,57.5,,,वेंगुर्ला,कोल्हापूर,174.6,05:00,09:50,NON,DAILY,,,
410,"Vengurle To Kolhapur Via Akeri Tita",Vengurle,Kolhapur,"AKERI TITA",MO,8582,Mulvanwadi,60,,,वेंगुर्ला,कोल्हापूर,174.6,05:00,09:50,NON,DAILY,,,
410,"Vengurle To Kolhapur Via Akeri Tita",Vengurle,Kolhapur,"AKERI TITA",MO,8473,"Ajra Fata",64,,,वेंगुर्ला,कोल्हापूर,174.6,05:00,09:50,NON,DAILY,,,
410,"Vengurle To Kolhapur Via Akeri Tita",Vengurle,Kolhapur,"AKERI TITA",MO,8606,"Nangartas Awate Dukan",66.8,,,वेंगुर्ला,कोल्हापूर,174.6,05:00,09:50,NON,DAILY,,,
410,"Vengurle To Kolhapur Via Akeri Tita",Vengurle,Kolhapur,"AKERI TITA",MO,8586,"Menon Karkhana",69,,,वेंगुर्ला,कोल्हापूर,174.6,05:00,09:50,NON,DAILY,,,
410,"Vengurle To Kolhapur Via Akeri Tita",Vengurle,Kolhapur,"AKERI TITA",MO,23762,Ghatkarwadi,70.7,,,वेंगुर्ला,कोल्हापूर,174.6,05:00,09:50,NON,DAILY,,,
410,"Vengurle To Kolhapur Via Akeri Tita",Vengurle,Kolhapur,"AKERI TITA",MO,23585,Dhangarmala,74,,,वेंगुर्ला,कोल्हापूर,174.6,05:00,09:50,NON,DAILY,,,
410,"Vengurle To Kolhapur Via Akeri Tita",Vengurle,Kolhapur,"AKERI TITA",MO,25615,Suleran,75.1,,,वेंगुर्ला,कोल्हापूर,174.6,05:00,09:50,NON,DAILY,,,
410,"Vengurle To Kolhapur Via Akeri Tita",Vengurle,Kolhapur,"AKERI TITA",MO,23872,Gavase,78.5,,,वेंगुर्ला,कोल्हापूर,174.6,05:00,09:50,NON,DAILY,,,
410,"Vengurle To Kolhapur Via Akeri Tita",Vengurle,Kolhapur,"AKERI TITA",MO,23949,Hololi,84.1,,,वेंगुर्ला,कोल्हापूर,174.6,05:00,09:50,NON,DAILY,,,
410,"Vengurle To Kolhapur Via Akeri Tita",Vengurle,Kolhapur,"AKERI TITA",MO,23010,Ajara,90.1,,,वेंगुर्ला,कोल्हापूर,174.6,05:00,09:50,NON,DAILY,,,
410,"Vengurle To Kolhapur Via Akeri Tita",Vengurle,Kolhapur,"AKERI TITA",MO,24646,Madilage,97,,,वेंगुर्ला,कोल्हापूर,174.6,05:00,09:50,NON,DAILY,,,
410,"Vengurle To Kolhapur Via Akeri Tita",Vengurle,Kolhapur,"AKERI TITA",MO,25930,"Uttur Fata",100,,,वेंगुर्ला,कोल्हापूर,174.6,05:00,09:50,NON,DAILY,,,
410,"Vengurle To Kolhapur Via Akeri Tita",Vengurle,Kolhapur,"AKERI TITA",MO,23908,Helewadi,102.1,,,वेंगुर्ला,कोल्हापूर,174.6,05:00,09:50,NON,DAILY,,,
410,"Vengurle To Kolhapur Via Akeri Tita",Vengurle,Kolhapur,"AKERI TITA",MO,25169,Pendharwadi,106.4,,,वेंगुर्ला,कोल्हापूर,174.6,05:00,09:50,NON,DAILY,,,
410,"Vengurle To Kolhapur Via Akeri Tita",Vengurle,Kolhapur,"AKERI TITA",MO,25924,Uttur,108.1,,,वेंगुर्ला,कोल्हापूर,174.6,05:00,09:50,NON,DAILY,,,
410,"Vengurle To Kolhapur Via Akeri Tita",Vengurle,Kolhapur,"AKERI TITA",MO,23774,"Gadhinglaj Fata",111.1,,,वेंगुर्ला,कोल्हापूर,174.6,05:00,09:50,NON,DAILY,,,
410,"Vengurle To Kolhapur Via Akeri Tita",Vengurle,Kolhapur,"AKERI TITA",MO,24418,"Karnataka State Border",123.9,,,वेंगुर्ला,कोल्हापूर,174.6,05:00,09:50,NON,DAILY,,,
410,"Vengurle To Kolhapur Via Akeri Tita",Vengurle,Kolhapur,"AKERI TITA",MO,73986,"Rashing Karnatak State Border",124,,,वेंगुर्ला,कोल्हापूर,174.6,05:00,09:50,NON,DAILY,,,
410,"Vengurle To Kolhapur Via Akeri Tita",Vengurle,Kolhapur,"AKERI TITA",MO,74061,"Shipur Thita",131.9,,,वेंगुर्ला,कोल्हापूर,174.6,05:00,09:50,NON,DAILY,,,
410,"Vengurle To Kolhapur Via Akeri Tita",Vengurle,Kolhapur,"AKERI TITA",MO,74197,Tawandi,132,,,वेंगुर्ला,कोल्हापूर,174.6,05:00,09:50,NON,DAILY,,,
410,"Vengurle To Kolhapur Via Akeri Tita",Vengurle,Kolhapur,"AKERI TITA",MO,73937,Nipani,135.9,,,वेंगुर्ला,कोल्हापूर,174.6,05:00,09:50,NON,DAILY,,,
410,"Vengurle To Kolhapur Via Akeri Tita",Vengurle,Kolhapur,"AKERI TITA",MO,74109,Soundalga,145.3,,,वेंगुर्ला,कोल्हापूर,174.6,05:00,09:50,NON,DAILY,,,
410,"Vengurle To Kolhapur Via Akeri Tita",Vengurle,Kolhapur,"AKERI TITA",MO,86356,"Kognoli Toll Plaza",152.7,,,वेंगुर्ला,कोल्हापूर,174.6,05:00,09:50,NON,DAILY,,,
410,"Vengurle To Kolhapur Via Akeri Tita",Vengurle,Kolhapur,"AKERI TITA",MO,73718,Kognoli,152.8,,,वेंगुर्ला,कोल्हापूर,174.6,05:00,09:50,NON,DAILY,,,
410,"Vengurle To Kolhapur Via Akeri Tita",Vengurle,Kolhapur,"AKERI TITA",MO,74125,"State Border",152.9,,,वेंगुर्ला,कोल्हापूर,174.6,05:00,09:50,NON,DAILY,,,
410,"Vengurle To Kolhapur Via Akeri Tita",Vengurle,Kolhapur,"AKERI TITA",MO,25718,"State Border",153,,,वेंगुर्ला,कोल्हापूर,174.6,05:00,09:50,NON,DAILY,,,
410,"Vengurle To Kolhapur Via Akeri Tita",Vengurle,Kolhapur,"AKERI TITA",MO,24283,Kagal,162.6,,,वेंगुर्ला,कोल्हापूर,174.6,05:00,09:50,NON,DAILY,,,
410,"Vengurle To Kolhapur Via Akeri Tita",Vengurle,Kolhapur,"AKERI TITA",MO,25908,"Ujaliwadi Fata",162.9,,,वेंगुर्ला,कोल्हापूर,174.6,05:00,09:50,NON,DAILY,,,
410,"Vengurle To Kolhapur Via Akeri Tita",Vengurle,Kolhapur,"AKERI TITA",MO,24359,Kolhapur,174.6,,,वेंगुर्ला,कोल्हापूर,174.6,05:00,09:50,NON,DAILY,,,
126185,"Sawantwadi To Vengurle Via Jambhul Mala",Sawantwadi,Vengurle,"JAMBHUL MALA",MO,8663,Sawantwadi,,,,सावंतवाडी,वेंगुर्ला,30,09:30,10:30,NON,SUN,,,
126185,"Sawantwadi To Vengurle Via Jambhul Mala",Sawantwadi,Vengurle,"JAMBHUL MALA",MO,8551,"Kolgaon Thita",4,,,सावंतवाडी,वेंगुर्ला,30,09:30,10:30,NON,SUN,,,
126185,"Sawantwadi To Vengurle Via Jambhul Mala",Sawantwadi,Vengurle,"JAMBHUL MALA",MO,6101,Akeri,6,,,सावंतवाडी,वेंगुर्ला,30,09:30,10:30,NON,SUN,,,
126185,"Sawantwadi To Vengurle Via Jambhul Mala",Sawantwadi,Vengurle,"JAMBHUL MALA",MO,8603,"Nemale Fata",8.1,,,सावंतवाडी,वेंगुर्ला,30,09:30,10:30,NON,SUN,,,
126185,"Sawantwadi To Vengurle Via Jambhul Mala",Sawantwadi,Vengurle,"JAMBHUL MALA",MO,6256,Kamaleveer,9.5,,,सावंतवाडी,वेंगुर्ला,30,09:30,10:30,NON,SUN,,,
126185,"Sawantwadi To Vengurle Via Jambhul Mala",Sawantwadi,Vengurle,"JAMBHUL MALA",MO,9699,"Mail Dagad",12,,,सावंतवाडी,वेंगुर्ला,30,09:30,10:30,NON,SUN,,,
126185,"Sawantwadi To Vengurle Via Jambhul Mala",Sawantwadi,Vengurle,"JAMBHUL MALA",MO,9585,Adeli,14.2,,,सावंतवाडी,वेंगुर्ला,30,09:30,10:30,NON,SUN,,,
126185,"Sawantwadi To Vengurle Via Jambhul Mala",Sawantwadi,Vengurle,"JAMBHUL MALA",MO,9655,"Jambhul Mala",15.5,,,सावंतवाडी,वेंगुर्ला,30,09:30,10:30,NON,SUN,,,
126185,"Sawantwadi To Vengurle Via Jambhul Mala",Sawantwadi,Vengurle,"JAMBHUL MALA",MO,9620,"Bowalekar Wadi",19.3,,,सावंतवाडी,वेंगुर्ला,30,09:30,10:30,NON,SUN,,,
126185,"Sawantwadi To Vengurle Via Jambhul Mala",Sawantwadi,Vengurle,"JAMBHUL MALA",MO,9710,Mathkarwadi,20.3,,,सावंतवाडी,वेंगुर्ला,30,09:30,10:30,NON,SUN,,,
126185,"Sawantwadi To Vengurle Via Jambhul Mala",Sawantwadi,Vengurle,"JAMBHUL MALA",MO,9709,"Math High School",21.1,,,सावंतवाडी,वेंगुर्ला,30,09:30,10:30,NON,SUN,,,
126185,"Sawantwadi To Vengurle Via Jambhul Mala",Sawantwadi,Vengurle,"JAMBHUL MALA",MO,9665,Kankewadi,22.1,,,सावंतवाडी,वेंगुर्ला,30,09:30,10:30,NON,SUN,,,
126185,"Sawantwadi To Vengurle Via Jambhul Mala",Sawantwadi,Vengurle,"JAMBHUL MALA",MO,9708,"Maruti Mandir",27.3,,,सावंतवाडी,वेंगुर्ला,30,09:30,10:30,NON,SUN,,,
126185,"Sawantwadi To Vengurle Via Jambhul Mala",Sawantwadi,Vengurle,"JAMBHUL MALA",MO,9765,"Rameshwar Mandir",27.4,,,सावंतवाडी,वेंगुर्ला,30,09:30,10:30,NON,SUN,,,
126185,"Sawantwadi To Vengurle Via Jambhul Mala",Sawantwadi,Vengurle,"JAMBHUL MALA",MO,9758,"Piracha Darga",27.6,,,सावंतवाडी,वेंगुर्ला,30,09:30,10:30,NON,SUN,,,
126185,"Sawantwadi To Vengurle Via Jambhul Mala",Sawantwadi,Vengurle,"JAMBHUL MALA",MO,9824,Vengurle,30,,,सावंतवाडी,वेंगुर्ला,30,09:30,10:30,NON,SUN,,,
20094,"Pat High School To Vengurle","Pat High School",Vengurle,,MO,88085,"Pat High School",,,,पाट,वेंगुर्ला,25.1,07:00,07:50,SC,SUN,बंधनकारक,बंधनकारक,
20094,"Pat High School To Vengurle","Pat High School",Vengurle,,MO,9714,Mhapan,1,,,पाट,वेंगुर्ला,25.1,07:00,07:50,SC,SUN,बंधनकारक,बंधनकारक,
20094,"Pat High School To Vengurle","Pat High School",Vengurle,,MO,9682,"Khavane Fata",3.3,,,पाट,वेंगुर्ला,25.1,07:00,07:50,SC,SUN,बंधनकारक,बंधनकारक,
20094,"Pat High School To Vengurle","Pat High School",Vengurle,,MO,9670,"Kelus Dhakka",6.2,,,पाट,वेंगुर्ला,25.1,07:00,07:50,SC,SUN,बंधनकारक,बंधनकारक,
20094,"Pat High School To Vengurle","Pat High School",Vengurle,,MO,9674,"Kelus Titha",7,,,पाट,वेंगुर्ला,25.1,07:00,07:50,SC,SUN,बंधनकारक,बंधनकारक,
20094,"Pat High School To Vengurle","Pat High School",Vengurle,,MO,9830,Visapur,9,,,पाट,वेंगुर्ला,25.1,07:00,07:50,SC,SUN,बंधनकारक,बंधनकारक,
20094,"Pat High School To Vengurle","Pat High School",Vengurle,,MO,9805,"Tendoli Harijanwadi",10,,,पाट,वेंगुर्ला,25.1,07:00,07:50,SC,SUN,बंधनकारक,बंधनकारक,
20094,"Pat High School To Vengurle","Pat High School",Vengurle,,MO,9618,Biba,12,,,पाट,वेंगुर्ला,25.1,07:00,07:50,SC,SUN,बंधनकारक,बंधनकारक,
20094,"Pat High School To Vengurle","Pat High School",Vengurle,,MO,9787,"Sheti Shala",15,,,पाट,वेंगुर्ला,25.1,07:00,07:50,SC,SUN,बंधनकारक,बंधनकारक,
20094,"Pat High School To Vengurle","Pat High School",Vengurle,,MO,9625,"Dabholi Matha",18,,,पाट,वेंगुर्ला,25.1,07:00,07:50,SC,SUN,बंधनकारक,बंधनकारक,
20094,"Pat High School To Vengurle","Pat High School",Vengurle,,MO,9696,Lokhandewadi,21.2,,,पाट,वेंगुर्ला,25.1,07:00,07:50,SC,SUN,बंधनकारक,बंधनकारक,
20094,"Pat High School To Vengurle","Pat High School",Vengurle,,MO,9824,Vengurle,24,,,पाट,वेंगुर्ला,25.1,07:00,07:50,SC,SUN,बंधनकारक,बंधनकारक,
20068,"Civil Hospital Sindhudurgnagari To Vengurle","Civil Hospital Sindhudurgnagari",Vengurle,,MO,6152,"Civil Hospital Sindhudurgnagari",,,,सिंधुदुर्गनगरी,वेंगुर्ला,42,10:15,11:35,NON,DAILY,,,
20068,"Civil Hospital Sindhudurgnagari To Vengurle","Civil Hospital Sindhudurgnagari",Vengurle,,MO,6408,Sindhudurgnagari,0.8,,,सिंधुदुर्गनगरी,वेंगुर्ला,42,10:15,11:35,NON,DAILY,,,
20068,"Civil Hospital Sindhudurgnagari To Vengurle","Civil Hospital Sindhudurgnagari",Vengurle,,MO,6204,"Humarmala Kasale Dukan",5.8,,,सिंधुदुर्गनगरी,वेंगुर्ला,42,10:15,11:35,NON,DAILY,,,
20068,"Civil Hospital Sindhudurgnagari To Vengurle","Civil Hospital Sindhudurgnagari",Vengurle,,MO,6365,Pandur,7.7,,,सिंधुदुर्गनगरी,वेंगुर्ला,42,10:15,11:35,NON,DAILY,,,
20068,"Civil Hospital Sindhudurgnagari To Vengurle","Civil Hospital Sindhudurgnagari",Vengurle,,MO,88100,Vetalbambarde,10.7,,,सिंधुदुर्गनगरी,वेंगुर्ला,42,10:15,11:35,NON,DAILY,,,
20068,"Civil Hospital Sindhudurgnagari To Vengurle","Civil Hospital Sindhudurgnagari",Vengurle,,MO,6380,"Pawashi Panchayat",12.8,,,सिंधुदुर्गनगरी,वेंगुर्ला,42,10:15,11:35,NON,DAILY,,,
20068,"Civil Hospital Sindhudurgnagari To Vengurle","Civil Hospital Sindhudurgnagari",Vengurle,,MO,6237,"Kudal St Depot",16.7,,,सिंधुदुर्गनगरी,वेंगुर्ला,42,10:15,11:35,NON,DAILY,,,
20068,"Civil Hospital Sindhudurgnagari To Vengurle","Civil Hospital Sindhudurgnagari",Vengurle,,MO,6376,"Pinguli Titha",19.5,,,सिंधुदुर्गनगरी,वेंगुर्ला,42,10:15,11:35,NON,DAILY,,,
20068,"Civil Hospital Sindhudurgnagari To Vengurle","Civil Hospital Sindhudurgnagari",Vengurle,,MO,6423,Sativan,22.9,,,सिंधुदुर्गनगरी,वेंगुर्ला,42,10:15,11:35,NON,DAILY,,,
20068,"Civil Hospital Sindhudurgnagari To Vengurle","Civil Hospital Sindhudurgnagari",Vengurle,,MO,6112,"Adosewadi Fata",26.1,,,सिंधुदुर्गनगरी,वेंगुर्ला,42,10:15,11:35,NON,DAILY,,,
20068,"Civil Hospital Sindhudurgnagari To Vengurle","Civil Hospital Sindhudurgnagari",Vengurle,,MO,6398,"Shambhu Bhavani",28.3,,,सिंधुदुर्गनगरी,वेंगुर्ला,42,10:15,11:35,NON,DAILY,,,
20068,"Civil Hospital Sindhudurgnagari To Vengurle","Civil Hospital Sindhudurgnagari",Vengurle,,MO,9620,"Bowalekar Wadi",31.6,,,सिंधुदुर्गनगरी,वेंगुर्ला,42,10:15,11:35,NON,DAILY,,,
20068,"Civil Hospital Sindhudurgnagari To Vengurle","Civil Hospital Sindhudurgnagari",Vengurle,,MO,9709,"Math High School",33.4,,,सिंधुदुर्गनगरी,वेंगुर्ला,42,10:15,11:35,NON,DAILY,,,
20068,"Civil Hospital Sindhudurgnagari To Vengurle","Civil Hospital Sindhudurgnagari",Vengurle,,MO,9665,Kankewadi,34.4,,,सिंधुदुर्गनगरी,वेंगुर्ला,42,10:15,11:35,NON,DAILY,,,
20068,"Civil Hospital Sindhudurgnagari To Vengurle","Civil Hospital Sindhudurgnagari",Vengurle,,MO,9699,"Mail Dagad",37,,,सिंधुदुर्गनगरी,वेंगुर्ला,42,10:15,11:35,NON,DAILY,,,
20068,"Civil Hospital Sindhudurgnagari To Vengurle","Civil Hospital Sindhudurgnagari",Vengurle,,MO,9824,Vengurle,42,,,सिंधुदुर्गनगरी,वेंगुर्ला,42,10:15,11:35,NON,DAILY,,,
62078,"Vengurle To Pat High School Via Andurle Khind",Vengurle,"Pat High School","ANDURLE KHIND",MO,9824,Vengurle,,,,वेंगुर्ला,पाट,27,06:00,06:50,SC,SUN,शालेय,शालेय,SCHOOL
62078,"Vengurle To Pat High School Via Andurle Khind",Vengurle,"Pat High School","ANDURLE KHIND",MO,9696,Lokhandewadi,2.8,,,वेंगुर्ला,पाट,27,06:00,06:50,SC,SUN,शालेय,शालेय,SCHOOL
62078,"Vengurle To Pat High School Via Andurle Khind",Vengurle,"Pat High School","ANDURLE KHIND",MO,9625,"Dabholi Matha",5.8,,,वेंगुर्ला,पाट,27,06:00,06:50,SC,SUN,शालेय,शालेय,SCHOOL
62078,"Vengurle To Pat High School Via Andurle Khind",Vengurle,"Pat High School","ANDURLE KHIND",MO,9677,"Khanoli Ganapati Mandir",8.7,,,वेंगुर्ला,पाट,27,06:00,06:50,SC,SUN,शालेय,शालेय,SCHOOL
62078,"Vengurle To Pat High School Via Andurle Khind",Vengurle,"Pat High School","ANDURLE KHIND",MO,9605,"Awere Bridge",8.8,,,वेंगुर्ला,पाट,27,06:00,06:50,SC,SUN,शालेय,शालेय,SCHOOL
62078,"Vengurle To Pat High School Via Andurle Khind",Vengurle,"Pat High School","ANDURLE KHIND",MO,9606,"Awere School",8.9,,,वेंगुर्ला,पाट,27,06:00,06:50,SC,SUN,शालेय,शालेय,SCHOOL
62078,"Vengurle To Pat High School Via Andurle Khind",Vengurle,"Pat High School","ANDURLE KHIND",MO,9662,"Kalvi Titha",9,,,वेंगुर्ला,पाट,27,06:00,06:50,SC,SUN,शालेय,शालेय,SCHOOL
62078,"Vengurle To Pat High School Via Andurle Khind",Vengurle,"Pat High School","ANDURLE KHIND",MO,9674,"Kelus Titha",10,,,वेंगुर्ला,पाट,27,06:00,06:50,SC,SUN,शालेय,शालेय,SCHOOL
62078,"Vengurle To Pat High School Via Andurle Khind",Vengurle,"Pat High School","ANDURLE KHIND",MO,9594,"Andurle Pimpal",11,,,वेंगुर्ला,पाट,27,06:00,06:50,SC,SUN,शालेय,शालेय,SCHOOL
62078,"Vengurle To Pat High School Via Andurle Khind",Vengurle,"Pat High School","ANDURLE KHIND",MO,9736,"New Society",12,,,वेंगुर्ला,पाट,27,06:00,06:50,SC,SUN,शालेय,शालेय,SCHOOL
62078,"Vengurle To Pat High School Via Andurle Khind",Vengurle,"Pat High School","ANDURLE KHIND",MO,6094,"Andurle Khind",14,,,वेंगुर्ला,पाट,27,06:00,06:50,SC,SUN,शालेय,शालेय,SCHOOL
62078,"Vengurle To Pat High School Via Andurle Khind",Vengurle,"Pat High School","ANDURLE KHIND",MO,6377,"Pendurkar Dukan",15,,,वेंगुर्ला,पाट,27,06:00,06:50,SC,SUN,शालेय,शालेय,SCHOOL
62078,"Vengurle To Pat High School Via Andurle Khind",Vengurle,"Pat High School","ANDURLE KHIND",MO,6384,"Pat Titha",21,,,वेंगुर्ला,पाट,27,06:00,06:50,SC,SUN,शालेय,शालेय,SCHOOL
62078,"Vengurle To Pat High School Via Andurle Khind",Vengurle,"Pat High School","ANDURLE KHIND",MO,88085,"Pat High School",27,,,वेंगुर्ला,पाट,27,06:00,06:50,SC,SUN,शालेय,शालेय,SCHOOL
11293,"Vengurle To Civil Hospital Sindhudurgnagari",Vengurle,"Civil Hospital Sindhudurgnagari",,MO,9824,Vengurle,,,,वेंगुर्ला,सिंधुदुर्गनगरी,40.5,08:45,10:05,NON,DAILY,,,
11293,"Vengurle To Civil Hospital Sindhudurgnagari",Vengurle,"Civil Hospital Sindhudurgnagari",,MO,9708,"Maruti Mandir",2.3,,,वेंगुर्ला,सिंधुदुर्गनगरी,40.5,08:45,10:05,NON,DAILY,,,
11293,"Vengurle To Civil Hospital Sindhudurgnagari",Vengurle,"Civil Hospital Sindhudurgnagari",,MO,9665,Kankewadi,6,,,वेंगुर्ला,सिंधुदुर्गनगरी,40.5,08:45,10:05,NON,DAILY,,,
11293,"Vengurle To Civil Hospital Sindhudurgnagari",Vengurle,"Civil Hospital Sindhudurgnagari",,MO,9709,"Math High School",7,,,वेंगुर्ला,सिंधुदुर्गनगरी,40.5,08:45,10:05,NON,DAILY,,,
11293,"Vengurle To Civil Hospital Sindhudurgnagari",Vengurle,"Civil Hospital Sindhudurgnagari",,MO,9620,"Bowalekar Wadi",8.8,,,वेंगुर्ला,सिंधुदुर्गनगरी,40.5,08:45,10:05,NON,DAILY,,,
11293,"Vengurle To Civil Hospital Sindhudurgnagari",Vengurle,"Civil Hospital Sindhudurgnagari",,MO,6398,"Shambhu Bhavani",12.1,,,वेंगुर्ला,सिंधुदुर्गनगरी,40.5,08:45,10:05,NON,DAILY,,,
11293,"Vengurle To Civil Hospital Sindhudurgnagari",Vengurle,"Civil Hospital Sindhudurgnagari",,MO,6112,"Adosewadi Fata",14.3,,,वेंगुर्ला,सिंधुदुर्गनगरी,40.5,08:45,10:05,NON,DAILY,,,
11293,"Vengurle To Civil Hospital Sindhudurgnagari",Vengurle,"Civil Hospital Sindhudurgnagari",,MO,6423,Sativan,17.5,,,वेंगुर्ला,सिंधुदुर्गनगरी,40.5,08:45,10:05,NON,DAILY,,,
11293,"Vengurle To Civil Hospital Sindhudurgnagari",Vengurle,"Civil Hospital Sindhudurgnagari",,MO,6376,"Pinguli Titha",20.9,,,वेंगुर्ला,सिंधुदुर्गनगरी,40.5,08:45,10:05,NON,DAILY,,,
11293,"Vengurle To Civil Hospital Sindhudurgnagari",Vengurle,"Civil Hospital Sindhudurgnagari",,MO,6237,"Kudal St Depot",23.7,,,वेंगुर्ला,सिंधुदुर्गनगरी,40.5,08:45,10:05,NON,DAILY,,,
11293,"Vengurle To Civil Hospital Sindhudurgnagari",Vengurle,"Civil Hospital Sindhudurgnagari",,MO,6240,"Kudal St Depot",24.4,,,वेंगुर्ला,सिंधुदुर्गनगरी,40.5,08:45,10:05,NON,DAILY,,,
11293,"Vengurle To Civil Hospital Sindhudurgnagari",Vengurle,"Civil Hospital Sindhudurgnagari",,MO,6380,"Pawashi Panchayat",27.6,,,वेंगुर्ला,सिंधुदुर्गनगरी,40.5,08:45,10:05,NON,DAILY,,,
11293,"Vengurle To Civil Hospital Sindhudurgnagari",Vengurle,"Civil Hospital Sindhudurgnagari",,MO,88100,Vetalbambarde,29.7,,,वेंगुर्ला,सिंधुदुर्गनगरी,40.5,08:45,10:05,NON,DAILY,,,
11293,"Vengurle To Civil Hospital Sindhudurgnagari",Vengurle,"Civil Hospital Sindhudurgnagari",,MO,6365,Pandur,32.7,,,वेंगुर्ला,सिंधुदुर्गनगरी,40.5,08:45,10:05,NON,DAILY,,,
11293,"Vengurle To Civil Hospital Sindhudurgnagari",Vengurle,"Civil Hospital Sindhudurgnagari",,MO,6204,"Humarmala Kasale Dukan",34.6,,,वेंगुर्ला,सिंधुदुर्गनगरी,40.5,08:45,10:05,NON,DAILY,,,
11293,"Vengurle To Civil Hospital Sindhudurgnagari",Vengurle,"Civil Hospital Sindhudurgnagari",,MO,6408,Sindhudurgnagari,39.5,,,वेंगुर्ला,सिंधुदुर्गनगरी,40.5,08:45,10:05,NON,DAILY,,,
11293,"Vengurle To Civil Hospital Sindhudurgnagari",Vengurle,"Civil Hospital Sindhudurgnagari",,MO,6152,"Civil Hospital Sindhudurgnagari",40.5,,,वेंगुर्ला,सिंधुदुर्गनगरी,40.5,08:45,10:05,NON,DAILY,,,
11194,"Sawantwadi To Vengurle Via Matond",Sawantwadi,Vengurle,,MO,8663,Sawantwadi,,,,सावंतवाडी,वेंगुर्ला,47.4,09:15,11:10,SC-TPL,DAIL,,,
11194,"Sawantwadi To Vengurle Via Matond",Sawantwadi,Vengurle,,MO,8523,"Gulabi Titha",3.3,,,सावंतवाडी,वेंगुर्ला,47.4,09:15,11:10,SC-TPL,DAIL,,,
11194,"Sawantwadi To Vengurle Via Matond",Sawantwadi,Vengurle,,MO,8580,Malgaon,5.3,,,सावंतवाडी,वेंगुर्ला,47.4,09:15,11:10,SC-TPL,DAIL,,,
11194,"Sawantwadi To Vengurle Via Matond",Sawantwadi,Vengurle,,MO,8674,"Vengurle Shiroda Titha",6.3,,,सावंतवाडी,वेंगुर्ला,47.4,09:15,11:10,SC-TPL,DAIL,,,
11194,"Sawantwadi To Vengurle Via Matond",Sawantwadi,Vengurle,,MO,8665,"Sawantwadi Rly. Stn.",7.4,,,सावंतवाडी,वेंगुर्ला,47.4,09:15,11:10,SC-TPL,DAIL,,,
11194,"Sawantwadi To Vengurle Via Matond",Sawantwadi,Vengurle,,MO,9692,"Konapal Bhaid",9.8,,,सावंतवाडी,वेंगुर्ला,47.4,09:15,11:10,SC-TPL,DAIL,,,
11194,"Sawantwadi To Vengurle Via Matond",Sawantwadi,Vengurle,,MO,9798,"Talawade Gate",13.6,,,सावंतवाडी,वेंगुर्ला,47.4,09:15,11:10,SC-TPL,DAIL,,,
11194,"Sawantwadi To Vengurle Via Matond",Sawantwadi,Vengurle,,MO,9799,"Talawade Parabwada",14.7,,,सावंतवाडी,वेंगुर्ला,47.4,09:15,11:10,SC-TPL,DAIL,,,
11194,"Sawantwadi To Vengurle Via Matond",Sawantwadi,Vengurle,,MO,9712,"Matond Sateri Mandir",18.2,,,सावंतवाडी,वेंगुर्ला,47.4,09:15,11:10,SC-TPL,DAIL,,,
11194,"Sawantwadi To Vengurle Via Matond",Sawantwadi,Vengurle,,MO,9621,Chavata,18.9,,,सावंतवाडी,वेंगुर्ला,47.4,09:15,11:10,SC-TPL,DAIL,,,
11194,"Sawantwadi To Vengurle Via Matond",Sawantwadi,Vengurle,,MO,9782,Sawantwada,21.5,,,सावंतवाडी,वेंगुर्ला,47.4,09:15,11:10,SC-TPL,DAIL,,,
11194,"Sawantwadi To Vengurle Via Matond",Sawantwadi,Vengurle,,MO,9712,"Matond Sateri Mandir",24.8,,,सावंतवाडी,वेंगुर्ला,47.4,09:15,11:10,SC-TPL,DAIL,,,
11194,"Sawantwadi To Vengurle Via Matond",Sawantwadi,Vengurle,,MO,9712,"Matond Sateri Mandir",24.8,,,सावंतवाडी,वेंगुर्ला,47.4,09:15,11:10,SC-TPL,DAIL,,,
11194,"Sawantwadi To Vengurle Via Matond",Sawantwadi,Vengurle,,MO,9799,"Talawade Parabwada",28.3,,,सावंतवाडी,वेंगुर्ला,47.4,09:15,11:10,SC-TPL,DAIL,,,
11194,"Sawantwadi To Vengurle Via Matond",Sawantwadi,Vengurle,,MO,9798,"Talawade Gate",29.4,,,सावंतवाडी,वेंगुर्ला,47.4,09:15,11:10,SC-TPL,DAIL,,,
11194,"Sawantwadi To Vengurle Via Matond",Sawantwadi,Vengurle,,MO,9650,Hodawada,30.6,,,सावंतवाडी,वेंगुर्ला,47.4,09:15,11:10,SC-TPL,DAIL,,,
11194,"Sawantwadi To Vengurle Via Matond",Sawantwadi,Vengurle,,MO,9812,"Tulas Jaitir Mandir",35.9,,,सावंतवाडी,वेंगुर्ला,47.4,09:15,11:10,SC-TPL,DAIL,,,
11194,"Sawantwadi To Vengurle Via Matond",Sawantwadi,Vengurle,,MO,9815,"Tulus Gorewadi",39.5,,,सावंतवाडी,वेंगुर्ला,47.4,09:15,11:10,SC-TPL,DAIL,,,
11194,"Sawantwadi To Vengurle Via Matond",Sawantwadi,Vengurle,,MO,9742,"Octroi Naka Ansur Fata",41.5,,,सावंतवाडी,वेंगुर्ला,47.4,09:15,11:10,SC-TPL,DAIL,,,
11194,"Sawantwadi To Vengurle Via Matond",Sawantwadi,Vengurle,,MO,9765,"Rameshwar Mandir",44.1,,,सावंतवाडी,वेंगुर्ला,47.4,09:15,11:10,SC-TPL,DAIL,,,
11194,"Sawantwadi To Vengurle Via Matond",Sawantwadi,Vengurle,,MO,9824,Vengurle,47.4,,,सावंतवाडी,वेंगुर्ला,47.4,09:15,11:10,SC-TPL,DAIL,,,
117817,"Deobag To Vengurle",Deobag,Vengurle,"PENDUR NAKA",MO,6807,Deobag,,,,देवबाग,वेंगुर्ला,70.3,06:30,08:50,SC,DAILY,शालेय,शालेय,SCHOOL
117817,"Deobag To Vengurle",Deobag,Vengurle,"PENDUR NAKA",MO,6808,"Deobag Vitthal Mandir",1.3,,,देवबाग,वेंगुर्ला,70.3,06:30,08:50,SC,DAILY,शालेय,शालेय,SCHOOL
117817,"Deobag To Vengurle",Deobag,Vengurle,"PENDUR NAKA",MO,6972,"Ranjeswar Mandir",3.8,,,देवबाग,वेंगुर्ला,70.3,06:30,08:50,SC,DAILY,शालेय,शालेय,SCHOOL
117817,"Deobag To Vengurle",Deobag,Vengurle,"PENDUR NAKA",MO,6996,"Shivaji Putala",6.5,,,देवबाग,वेंगुर्ला,70.3,06:30,08:50,SC,DAILY,शालेय,शालेय,SCHOOL
117817,"Deobag To Vengurle",Deobag,Vengurle,"PENDUR NAKA",MO,6915,Malvan,10,,,देवबाग,वेंगुर्ला,70.3,06:30,08:50,SC,DAILY,शालेय,शालेय,SCHOOL
117817,"Deobag To Vengurle",Deobag,Vengurle,"PENDUR NAKA",MO,6898,"Kumbharmath Post",12.3,,,देवबाग,वेंगुर्ला,70.3,06:30,08:50,SC,DAILY,शालेय,शालेय,SCHOOL
117817,"Deobag To Vengurle",Deobag,Vengurle,"PENDUR NAKA",MO,6897,"Kumbharmath Govekar Dukan",13.7,,,देवबाग,वेंगुर्ला,70.3,06:30,08:50,SC,DAILY,शालेय,शालेय,SCHOOL
117817,"Deobag To Vengurle",Deobag,Vengurle,"PENDUR NAKA",MO,6755,Anandwahal,15.8,,,देवबाग,वेंगुर्ला,70.3,06:30,08:50,SC,DAILY,शालेय,शालेय,SCHOOL
117817,"Deobag To Vengurle",Deobag,Vengurle,"PENDUR NAKA",MO,6750,"Ajagaonkar Bangala",16.9,,,देवबाग,वेंगुर्ला,70.3,06:30,08:50,SC,DAILY,शालेय,शालेय,SCHOOL
117817,"Deobag To Vengurle",Deobag,Vengurle,"PENDUR NAKA",MO,6799,Chouke,18.6,,,देवबाग,वेंगुर्ला,70.3,06:30,08:50,SC,DAILY,शालेय,शालेय,SCHOOL
117817,"Deobag To Vengurle",Deobag,Vengurle,"PENDUR NAKA",MO,6985,"Salel Nangarbhat",21.2,,,देवबाग,वेंगुर्ला,70.3,06:30,08:50,SC,DAILY,शालेय,शालेय,SCHOOL
117817,"Deobag To Vengurle",Deobag,Vengurle,"PENDUR NAKA",MO,6901,"Kunkawale Masure Fata",23.9,,,देवबाग,वेंगुर्ला,70.3,06:30,08:50,SC,DAILY,शालेय,शालेय,SCHOOL
117817,"Deobag To Vengurle",Deobag,Vengurle,"PENDUR NAKA",MO,6770,Bagwadi,25.4,,,देवबाग,वेंगुर्ला,70.3,06:30,08:50,SC,DAILY,शालेय,शालेय,SCHOOL
117817,"Deobag To Vengurle",Deobag,Vengurle,"PENDUR NAKA",MO,6870,Katta,28,,,देवबाग,वेंगुर्ला,70.3,06:30,08:50,SC,DAILY,शालेय,शालेय,SCHOOL
117817,"Deobag To Vengurle",Deobag,Vengurle,"PENDUR NAKA",MO,6825,Ghotale,31.4,,,देवबाग,वेंगुर्ला,70.3,06:30,08:50,SC,DAILY,शालेय,शालेय,SCHOOL
117817,"Deobag To Vengurle",Deobag,Vengurle,"PENDUR NAKA",MO,6962,"Pendur Naka",37.2,,,देवबाग,वेंगुर्ला,70.3,06:30,08:50,SC,DAILY,शालेय,शालेय,SCHOOL
117817,"Deobag To Vengurle",Deobag,Vengurle,"PENDUR NAKA",MO,6958,Parad,38,,,देवबाग,वेंगुर्ला,70.3,06:30,08:50,SC,DAILY,शालेय,शालेय,SCHOOL
117817,"Deobag To Vengurle",Deobag,Vengurle,"PENDUR NAKA",MO,6856,"Hubalicha Mal",38.2,,,देवबाग,वेंगुर्ला,70.3,06:30,08:50,SC,DAILY,शालेय,शालेय,SCHOOL
117817,"Deobag To Vengurle",Deobag,Vengurle,"PENDUR NAKA",MO,6335,Nerurpar,38.7,,,देवबाग,वेंगुर्ला,70.3,06:30,08:50,SC,DAILY,शालेय,शालेय,SCHOOL
117817,"Deobag To Vengurle",Deobag,Vengurle,"PENDUR NAKA",MO,6428,Thakurwadi,40.2,,,देवबाग,वेंगुर्ला,70.3,06:30,08:50,SC,DAILY,शालेय,शालेय,SCHOOL
117817,"Deobag To Vengurle",Deobag,Vengurle,"PENDUR NAKA",MO,6337,"Nagda Maruti",42.2,,,देवबाग,वेंगुर्ला,70.3,06:30,08:50,SC,DAILY,शालेय,शालेय,SCHOOL
117817,"Deobag To Vengurle",Deobag,Vengurle,"PENDUR NAKA",MO,6351,"Nerur Jakat",42.6,,,देवबाग,वेंगुर्ला,70.3,06:30,08:50,SC,DAILY,शालेय,शालेय,SCHOOL
117817,"Deobag To Vengurle",Deobag,Vengurle,"PENDUR NAKA",MO,6237,"Kudal St Depot",46.6,,,देवबाग,वेंगुर्ला,70.3,06:30,08:50,SC,DAILY,शालेय,शालेय,SCHOOL
117817,"Deobag To Vengurle",Deobag,Vengurle,"PENDUR NAKA",MO,6376,"Pinguli Titha",49.4,,,देवबाग,वेंगुर्ला,70.3,06:30,08:50,SC,DAILY,शालेय,शालेय,SCHOOL
117817,"Deobag To Vengurle",Deobag,Vengurle,"PENDUR NAKA",MO,6423,Sativan,51.2,,,देवबाग,वेंगुर्ला,70.3,06:30,08:50,SC,DAILY,शालेय,शालेय,SCHOOL
117817,"Deobag To Vengurle",Deobag,Vengurle,"PENDUR NAKA",MO,6461,Wadiwarawade,52.8,,,देवबाग,वेंगुर्ला,70.3,06:30,08:50,SC,DAILY,शालेय,शालेय,SCHOOL
117817,"Deobag To Vengurle",Deobag,Vengurle,"PENDUR NAKA",MO,6459,"Vetore Sub Stage",54.9,,,देवबाग,वेंगुर्ला,70.3,06:30,08:50,SC,DAILY,शालेय,शालेय,SCHOOL
117817,"Deobag To Vengurle",Deobag,Vengurle,"PENDUR NAKA",MO,6458,"Vetore Titha",57.4,,,देवबाग,वेंगुर्ला,70.3,06:30,08:50,SC,DAILY,शालेय,शालेय,SCHOOL
117817,"Deobag To Vengurle",Deobag,Vengurle,"PENDUR NAKA",MO,6398,"Shambhu Bhavani",59.1,,,देवबाग,वेंगुर्ला,70.3,06:30,08:50,SC,DAILY,शालेय,शालेय,SCHOOL
117817,"Deobag To Vengurle",Deobag,Vengurle,"PENDUR NAKA",MO,6238,"Kudal Titha",60.1,,,देवबाग,वेंगुर्ला,70.3,06:30,08:50,SC,DAILY,शालेय,शालेय,SCHOOL
117817,"Deobag To Vengurle",Deobag,Vengurle,"PENDUR NAKA",MO,9620,"Bowalekar Wadi",61.5,,,देवबाग,वेंगुर्ला,70.3,06:30,08:50,SC,DAILY,शालेय,शालेय,SCHOOL
117817,"Deobag To Vengurle",Deobag,Vengurle,"PENDUR NAKA",MO,9709,"Math High School",62.5,,,देवबाग,वेंगुर्ला,70.3,06:30,08:50,SC,DAILY,शालेय,शालेय,SCHOOL
117817,"Deobag To Vengurle",Deobag,Vengurle,"PENDUR NAKA",MO,9665,Kankewadi,62.7,,,देवबाग,वेंगुर्ला,70.3,06:30,08:50,SC,DAILY,शालेय,शालेय,SCHOOL
117817,"Deobag To Vengurle",Deobag,Vengurle,"PENDUR NAKA",MO,9708,"Maruti Mandir",65.6,,,देवबाग,वेंगुर्ला,70.3,06:30,08:50,SC,DAILY,शालेय,शालेय,SCHOOL
117817,"Deobag To Vengurle",Deobag,Vengurle,"PENDUR NAKA",MO,9824,Vengurle,70.3,,,देवबाग,वेंगुर्ला,70.3,06:30,08:50,SC,DAILY,शालेय,शालेय,SCHOOL
139367,"Vengurle-Kalvi Bandar",Vengurle,"Kalvi Bandar",,MO,9824,Vengurle,,,,वेंगुर्ला,"कालवी बंदर",18.6,13:40,14:20,SC,DAILY,,,
139367,"Vengurle-Kalvi Bandar",Vengurle,"Kalvi Bandar",,MO,9740,Nimusga,3,,,वेंगुर्ला,"कालवी बंदर",18.6,13:40,14:20,SC,DAILY,,,
139367,"Vengurle-Kalvi Bandar",Vengurle,"Kalvi Bandar",,MO,9697,"Lokhandewadi Titha",4,,,वेंगुर्ला,"कालवी बंदर",18.6,13:40,14:20,SC,DAILY,,,
139367,"Vengurle-Kalvi Bandar",Vengurle,"Kalvi Bandar",,MO,9625,"Dabholi Matha",5.3,,,वेंगुर्ला,"कालवी बंदर",18.6,13:40,14:20,SC,DAILY,,,
139367,"Vengurle-Kalvi Bandar",Vengurle,"Kalvi Bandar",,MO,9639,"Ganesh Mandir",8.8,,,वेंगुर्ला,"कालवी बंदर",18.6,13:40,14:20,SC,DAILY,,,
139367,"Vengurle-Kalvi Bandar",Vengurle,"Kalvi Bandar",,MO,9605,"Awere Bridge",11.9,,,वेंगुर्ला,"कालवी बंदर",18.6,13:40,14:20,SC,DAILY,,,
139367,"Vengurle-Kalvi Bandar",Vengurle,"Kalvi Bandar",,MO,9606,"Awere School",12.3,,,वेंगुर्ला,"कालवी बंदर",18.6,13:40,14:20,SC,DAILY,,,
139367,"Vengurle-Kalvi Bandar",Vengurle,"Kalvi Bandar",,MO,9727,"Mungi School",15.1,,,वेंगुर्ला,"कालवी बंदर",18.6,13:40,14:20,SC,DAILY,,,
139367,"Vengurle-Kalvi Bandar",Vengurle,"Kalvi Bandar",,MO,9662,"Kalvi Titha",15.4,,,वेंगुर्ला,"कालवी बंदर",18.6,13:40,14:20,SC,DAILY,,,
139367,"Vengurle-Kalvi Bandar",Vengurle,"Kalvi Bandar",,MO,9661,"Kalvi Bandar",18.6,,,वेंगुर्ला,"कालवी बंदर",18.6,13:40,14:20,SC,DAILY,,,
154666,"Satarda To Shiroda Via Malewad Naka",Satarda,Shiroda,,MO,9771,Satarda,,,,सातार्डा,शिरोडा,16.7,06:00,06:30,OBL,SUN,शालेय,शालेय,SCHOOL
154666,"Satarda To Shiroda Via Malewad Naka",Satarda,Shiroda,,MO,9774,"Satarda Mandir",1.2,,,सातार्डा,शिरोडा,16.7,06:00,06:30,OBL,SUN,शालेय,शालेय,SCHOOL
154666,"Satarda To Shiroda Via Malewad Naka",Satarda,Shiroda,,MO,9775,"Sateli Mandir",4.2,,,सातार्डा,शिरोडा,16.7,06:00,06:30,OBL,SUN,शालेय,शालेय,SCHOOL
154666,"Satarda To Shiroda Via Malewad Naka",Satarda,Shiroda,,MO,9694,"Kondura Titha",7.2,,,सातार्डा,शिरोडा,16.7,06:00,06:30,OBL,SUN,शालेय,शालेय,SCHOOL
154666,"Satarda To Shiroda Via Malewad Naka",Satarda,Shiroda,,MO,9704,"Malewad Naka",9.4,,,सातार्डा,शिरोडा,16.7,06:00,06:30,OBL,SUN,शालेय,शालेय,SCHOOL
154666,"Satarda To Shiroda Via Malewad Naka",Satarda,Shiroda,,MO,9779,Savardev,13.8,,,सातार्डा,शिरोडा,16.7,06:00,06:30,OBL,SUN,शालेय,शालेय,SCHOOL
154666,"Satarda To Shiroda Via Malewad Naka",Satarda,Shiroda,,MO,9592,"Ajgaon Marathi School",14.7,,,सातार्डा,शिरोडा,16.7,06:00,06:30,OBL,SUN,शालेय,शालेय,SCHOOL
154666,"Satarda To Shiroda Via Malewad Naka",Satarda,Shiroda,,MO,9789,Shiroda,16.7,,,सातार्डा,शिरोडा,16.7,06:00,06:30,OBL,SUN,शालेय,शालेय,SCHOOL
81002,"Chinchwad To Vengurle Via Tarla",Chinchwad,Vengurle,TARLA,MO,8761,Chinchwad,,,,चिंचवड,"कोल्हापूर (शिवशाही)",254.7,08:00,14:00,NON,DAILY,,,
81002,"Chinchwad To Vengurle Via Tarla",Chinchwad,Vengurle,TARLA,MO,8957,"Vallabh Nagar",4.8,,,चिंचवड,"कोल्हापूर (शिवशाही)",254.7,08:00,14:00,NON,DAILY,,,
81002,"Chinchwad To Vengurle Via Tarla",Chinchwad,Vengurle,TARLA,MO,8783,"Dapodi Octroi Naka",7.1,,,चिंचवड,"कोल्हापूर (शिवशाही)",254.7,08:00,14:00,NON,DAILY,,,
81002,"Chinchwad To Vengurle Via Tarla",Chinchwad,Vengurle,TARLA,MO,8888,"Pune Rly. Stn.",16,,,चिंचवड,"कोल्हापूर (शिवशाही)",254.7,08:00,14:00,NON,DAILY,,,
81002,"Chinchwad To Vengurle Via Tarla",Chinchwad,Vengurle,TARLA,MO,8934,"Swargate, Pune",22.5,,,चिंचवड,"कोल्हापूर (शिवशाही)",254.7,08:00,14:00,NON,DAILY,,,
81002,"Chinchwad To Vengurle Via Tarla",Chinchwad,Vengurle,TARLA,MO,8794,Gogalwadi,37.2,,,चिंचवड,"कोल्हापूर (शिवशाही)",254.7,08:00,14:00,NON,DAILY,,,
81002,"Chinchwad To Vengurle Via Tarla",Chinchwad,Vengurle,TARLA,MO,6696,Shivare,42.1,,,चिंचवड,"कोल्हापूर (शिवशाही)",254.7,08:00,14:00,NON,DAILY,,,
81002,"Chinchwad To Vengurle Via Tarla",Chinchwad,Vengurle,TARLA,MO,6582,"Kalubai Mandir",48.4,,,चिंचवड,"कोल्हापूर (शिवशाही)",254.7,08:00,14:00,NON,DAILY,,,
81002,"Chinchwad To Vengurle Via Tarla",Chinchwad,Vengurle,TARLA,MO,6590,Kikavi,61.3,,,चिंचवड,"कोल्हापूर (शिवशाही)",254.7,08:00,14:00,NON,DAILY,,,
81002,"Chinchwad To Vengurle Via Tarla",Chinchwad,Vengurle,TARLA,MO,29254,"Shinde Wadi Fata",65.7,,,चिंचवड,"कोल्हापूर (शिवशाही)",254.7,08:00,14:00,NON,DAILY,,,
81002,"Chinchwad To Vengurle Via Tarla",Chinchwad,Vengurle,TARLA,MO,29255,Shirwal,69.6,,,चिंचवड,"कोल्हापूर (शिवशाही)",254.7,08:00,14:00,NON,DAILY,,,
81002,"Chinchwad To Vengurle Via Tarla",Chinchwad,Vengurle,TARLA,MO,29190,"Kesurdi Fata",74.6,,,चिंचवड,"कोल्हापूर (शिवशाही)",254.7,08:00,14:00,NON,DAILY,,,
81002,"Chinchwad To Vengurle Via Tarla",Chinchwad,Vengurle,TARLA,MO,29233,"Pargaon Khandala",80,,,चिंचवड,"कोल्हापूर (शिवशाही)",254.7,08:00,14:00,NON,DAILY,,,
81002,"Chinchwad To Vengurle Via Tarla",Chinchwad,Vengurle,TARLA,MO,33588,"Surur Fata",93.4,,,चिंचवड,"कोल्हापूर (शिवशाही)",254.7,08:00,14:00,NON,DAILY,,,
81002,"Chinchwad To Vengurle Via Tarla",Chinchwad,Vengurle,TARLA,MO,33521,Kavathe,97.6,,,चिंचवड,"कोल्हापूर (शिवशाही)",254.7,08:00,14:00,NON,DAILY,,,
81002,"Chinchwad To Vengurle Via Tarla",Chinchwad,Vengurle,TARLA,MO,34386,Anewadi,99.9,,,चिंचवड,"कोल्हापूर (शिवशाही)",254.7,08:00,14:00,NON,DAILY,,,
81002,"Chinchwad To Vengurle Via Tarla",Chinchwad,Vengurle,TARLA,MO,33460,Bhuinj,103.4,,,चिंचवड,"कोल्हापूर (शिवशाही)",254.7,08:00,14:00,NON,DAILY,,,
81002,"Chinchwad To Vengurle Via Tarla",Chinchwad,Vengurle,TARLA,MO,34529,Raygaon,113.6,,,चिंचवड,"कोल्हापूर (शिवशाही)",254.7,08:00,14:00,NON,DAILY,,,
81002,"Chinchwad To Vengurle Via Tarla",Chinchwad,Vengurle,TARLA,MO,31246,"Ramnagar Vasahat",119.6,,,चिंचवड,"कोल्हापूर (शिवशाही)",254.7,08:00,14:00,NON,DAILY,,,
81002,"Chinchwad To Vengurle Via Tarla",Chinchwad,Vengurle,TARLA,MO,31298,Satara,125.6,,,चिंचवड,"कोल्हापूर (शिवशाही)",254.7,08:00,14:00,NON,DAILY,,,
81002,"Chinchwad To Vengurle Via Tarla",Chinchwad,Vengurle,TARLA,MO,31066,Khindwadi,131.6,,,चिंचवड,"कोल्हापूर (शिवशाही)",254.7,08:00,14:00,NON,DAILY,,,
81002,"Chinchwad To Vengurle Via Tarla",Chinchwad,Vengurle,TARLA,MO,31269,Shendre,134.6,,,चिंचवड,"कोल्हापूर (शिवशाही)",254.7,08:00,14:00,NON,DAILY,,,
81002,"Chinchwad To Vengurle Via Tarla",Chinchwad,Vengurle,TARLA,MO,30923,Borgaon,139.9,,,चिंचवड,"कोल्हापूर (शिवशाही)",254.7,08:00,14:00,NON,DAILY,,,
81002,"Chinchwad To Vengurle Via Tarla",Chinchwad,Vengurle,TARLA,MO,31174,Nagthane,145.3,,,चिंचवड,"कोल्हापूर (शिवशाही)",254.7,08:00,14:00,NON,DAILY,,,
81002,"Chinchwad To Vengurle Via Tarla",Chinchwad,Vengurle,TARLA,MO,30896,Atit,149.3,,,चिंचवड,"कोल्हापूर (शिवशाही)",254.7,08:00,14:00,NON,DAILY,,,
81002,"Chinchwad To Vengurle Via Tarla",Chinchwad,Vengurle,TARLA,MO,31099,Kashil,154.6,,,चिंचवड,"कोल्हापूर (शिवशाही)",254.7,08:00,14:00,NON,DAILY,,,
81002,"Chinchwad To Vengurle Via Tarla",Chinchwad,Vengurle,TARLA,MO,28256,"Perle Fata",157.2,,,चिंचवड,"कोल्हापूर (शिवशाही)",254.7,08:00,14:00,NON,DAILY,,,
81002,"Chinchwad To Vengurle Via Tarla",Chinchwad,Vengurle,TARLA,MO,28340,Umbraj,163.2,,,चिंचवड,"कोल्हापूर (शिवशाही)",254.7,08:00,14:00,NON,DAILY,,,
81002,"Chinchwad To Vengurle Via Tarla",Chinchwad,Vengurle,TARLA,MO,28337,Tasawade,168.2,,,चिंचवड,"कोल्हापूर (शिवशाही)",254.7,08:00,14:00,NON,DAILY,,,
81002,"Chinchwad To Vengurle Via Tarla",Chinchwad,Vengurle,TARLA,MO,28343,Vahagaon,172.2,,,चिंचवड,"कोल्हापूर (शिवशाही)",254.7,08:00,14:00,NON,DAILY,,,
81002,"Chinchwad To Vengurle Via Tarla",Chinchwad,Vengurle,TARLA,MO,28347,Vanvasmachi,175.3,,,चिंचवड,"कोल्हापूर (शिवशाही)",254.7,08:00,14:00,NON,DAILY,,,
81002,"Chinchwad To Vengurle Via Tarla",Chinchwad,Vengurle,TARLA,MO,28184,Karad,181.3,,,चिंचवड,"कोल्हापूर (शिवशाही)",254.7,08:00,14:00,NON,DAILY,,,
81002,"Chinchwad To Vengurle Via Tarla",Chinchwad,Vengurle,TARLA,MO,28197,"Krushna Hospital",184.3,,,चिंचवड,"कोल्हापूर (शिवशाही)",254.7,08:00,14:00,NON,DAILY,,,
81002,"Chinchwad To Vengurle Via Tarla",Chinchwad,Vengurle,TARLA,MO,28132,Jakhinwadi,186.3,,,चिंचवड,"कोल्हापूर (शिवशाही)",254.7,08:00,14:00,NON,DAILY,,,
81002,"Chinchwad To Vengurle Via Tarla",Chinchwad,Vengurle,TARLA,MO,28234,Nandlapur,187.3,,,चिंचवड,"कोल्हापूर (शिवशाही)",254.7,08:00,14:00,NON,DAILY,,,
81002,"Chinchwad To Vengurle Via Tarla",Chinchwad,Vengurle,TARLA,MO,28170,Kalawde,188.9,,,चिंचवड,"कोल्हापूर (शिवशाही)",254.7,08:00,14:00,NON,DAILY,,,
81002,"Chinchwad To Vengurle Via Tarla",Chinchwad,Vengurle,TARLA,MO,28216,Malkhed,190.3,,,चिंचवड,"कोल्हापूर (शिवशाही)",254.7,08:00,14:00,NON,DAILY,,,
81002,"Chinchwad To Vengurle Via Tarla",Chinchwad,Vengurle,TARLA,MO,35496,Kasegaon,193.3,,,चिंचवड,"कोल्हापूर (शिवशाही)",254.7,08:00,14:00,NON,DAILY,,,
81002,"Chinchwad To Vengurle Via Tarla",Chinchwad,Vengurle,TARLA,MO,35572,Narle,199.3,,,चिंचवड,"कोल्हापूर (शिवशाही)",254.7,08:00,14:00,NON,DAILY,,,
81002,"Chinchwad To Vengurle Via Tarla",Chinchwad,Vengurle,TARLA,MO,35595,Pehtnaka,202.3,,,चिंचवड,"कोल्हापूर (शिवशाही)",254.7,08:00,14:00,NON,DAILY,,,
81002,"Chinchwad To Vengurle Via Tarla",Chinchwad,Vengurle,TARLA,MO,35664,Vithalwadi,206.4,,,चिंचवड,"कोल्हापूर (शिवशाही)",254.7,08:00,14:00,NON,DAILY,,,
81002,"Chinchwad To Vengurle Via Tarla",Chinchwad,Vengurle,TARLA,MO,35490,Kameri,207.6,,,चिंचवड,"कोल्हापूर (शिवशाही)",254.7,08:00,14:00,NON,DAILY,,,
81002,"Chinchwad To Vengurle Via Tarla",Chinchwad,Vengurle,TARLA,MO,35651,Tandalwadi,209.3,,,चिंचवड,"कोल्हापूर (शिवशाही)",254.7,08:00,14:00,NON,DAILY,,,
81002,"Chinchwad To Vengurle Via Tarla",Chinchwad,Vengurle,TARLA,MO,23772,Ghunaki,222.3,,,चिंचवड,"कोल्हापूर (शिवशाही)",254.7,08:00,14:00,NON,DAILY,,,
81002,"Chinchwad To Vengurle Via Tarla",Chinchwad,Vengurle,TARLA,MO,24328,Kini,226.2,,,चिंचवड,"कोल्हापूर (शिवशाही)",254.7,08:00,14:00,NON,DAILY,,,
81002,"Chinchwad To Vengurle Via Tarla",Chinchwad,Vengurle,TARLA,MO,26070,Wathar,227.3,,,चिंचवड,"कोल्हापूर (शिवशाही)",254.7,08:00,14:00,NON,DAILY,,,
81002,"Chinchwad To Vengurle Via Tarla",Chinchwad,Vengurle,TARLA,MO,25575,"Shiye Fata",241.3,,,चिंचवड,"कोल्हापूर (शिवशाही)",254.7,08:00,14:00,NON,DAILY,,,
81002,"Chinchwad To Vengurle Via Tarla",Chinchwad,Vengurle,TARLA,MO,25438,"Sangli Fata",247.6,,,चिंचवड,"कोल्हापूर (शिवशाही)",254.7,08:00,14:00,NON,DAILY,,,
81002,"Chinchwad To Vengurle Via Tarla",Chinchwad,Vengurle,TARLA,MO,24904,"Market Yard",250.3,,,चिंचवड,"कोल्हापूर (शिवशाही)",254.7,08:00,14:00,NON,DAILY,,,
81002,"Chinchwad To Vengurle Via Tarla",Chinchwad,Vengurle,TARLA,MO,24359,Kolhapur,254.7,,,चिंचवड,"कोल्हापूर (शिवशाही)",254.7,08:00,14:00,NON,DAILY,,,
81002,"Chinchwad To Vengurle Via Tarla",Chinchwad,Vengurle,TARLA,MO,25400,Rankala,256.3,,,चिंचवड,"कोल्हापूर (शिवशाही)",254.7,08:00,14:00,NON,DAILY,,,
81002,"Chinchwad To Vengurle Via Tarla",Chinchwad,Vengurle,TARLA,MO,23694,"Fulewadi Naka",257.3,,,चिंचवड,"कोल्हापूर (शिवशाही)",254.7,08:00,14:00,NON,DAILY,,,
81002,"Chinchwad To Vengurle Via Tarla",Chinchwad,Vengurle,TARLA,MO,24309,Khandsari,259.3,,,चिंचवड,"कोल्हापूर (शिवशाही)",254.7,08:00,14:00,NON,DAILY,,,
81002,"Chinchwad To Vengurle Via Tarla",Chinchwad,Vengurle,TARLA,MO,23598,Donawade,262.3,,,चिंचवड,"कोल्हापूर (शिवशाही)",254.7,08:00,14:00,NON,DAILY,,,
81002,"Chinchwad To Vengurle Via Tarla",Chinchwad,Vengurle,TARLA,MO,30585,Aadoor,268.3,,,चिंचवड,"कोल्हापूर (शिवशाही)",254.7,08:00,14:00,NON,DAILY,,,
81002,"Chinchwad To Vengurle Via Tarla",Chinchwad,Vengurle,TARLA,MO,23390,Chinchvade,271.3,,,चिंचवड,"कोल्हापूर (शिवशाही)",254.7,08:00,14:00,NON,DAILY,,,
81002,"Chinchwad To Vengurle Via Tarla",Chinchwad,Vengurle,TARLA,MO,24361,"Kale Canteen",274.3,,,चिंचवड,"कोल्हापूर (शिवशाही)",254.7,08:00,14:00,NON,DAILY,,,
81002,"Chinchwad To Vengurle Via Tarla",Chinchwad,Vengurle,TARLA,MO,24941,Mutkeshwar,277.3,,,चिंचवड,"कोल्हापूर (शिवशाही)",254.7,08:00,14:00,NON,DAILY,,,
81002,"Chinchwad To Vengurle Via Tarla",Chinchwad,Vengurle,TARLA,MO,24332,Kirve,280.3,,,चिंचवड,"कोल्हापूर (शिवशाही)",254.7,08:00,14:00,NON,DAILY,,,
81002,"Chinchwad To Vengurle Via Tarla",Chinchwad,Vengurle,TARLA,MO,26015,"Vetwade Fata",283.3,,,चिंचवड,"कोल्हापूर (शिवशाही)",254.7,08:00,14:00,NON,DAILY,,,
81002,"Chinchwad To Vengurle Via Tarla",Chinchwad,Vengurle,TARLA,MO,25627,Salvan,285.3,,,चिंचवड,"कोल्हापूर (शिवशाही)",254.7,08:00,14:00,NON,DAILY,,,
81002,"Chinchwad To Vengurle Via Tarla",Chinchwad,Vengurle,TARLA,MO,24894,Margaiwadi,286.3,,,चिंचवड,"कोल्हापूर (शिवशाही)",254.7,08:00,14:00,NON,DAILY,,,
81002,"Chinchwad To Vengurle Via Tarla",Chinchwad,Vengurle,TARLA,MO,24454,Khopadewadi,288.3,,,चिंचवड,"कोल्हापूर (शिवशाही)",254.7,08:00,14:00,NON,DAILY,,,
81002,"Chinchwad To Vengurle Via Tarla",Chinchwad,Vengurle,TARLA,MO,30326,"Andur Fata",291.3,,,चिंचवड,"कोल्हापूर (शिवशाही)",254.7,08:00,14:00,NON,DAILY,,,
81002,"Chinchwad To Vengurle Via Tarla",Chinchwad,Vengurle,TARLA,MO,25155,"Padalwadi Fata",294.3,,,चिंचवड,"कोल्हापूर (शिवशाही)",254.7,08:00,14:00,NON,DAILY,,,
81002,"Chinchwad To Vengurle Via Tarla",Chinchwad,Vengurle,TARLA,MO,23085,Aslaj,296.3,,,चिंचवड,"कोल्हापूर (शिवशाही)",254.7,08:00,14:00,NON,DAILY,,,
81002,"Chinchwad To Vengurle Via Tarla",Chinchwad,Vengurle,TARLA,MO,30324,"Asalaj Canteen",297.3,,,चिंचवड,"कोल्हापूर (शिवशाही)",254.7,08:00,14:00,NON,DAILY,,,
81002,"Chinchwad To Vengurle Via Tarla",Chinchwad,Vengurle,TARLA,MO,25139,Pargavkarwadi,300.3,,,चिंचवड,"कोल्हापूर (शिवशाही)",254.7,08:00,14:00,NON,DAILY,,,
81002,"Chinchwad To Vengurle Via Tarla",Chinchwad,Vengurle,TARLA,MO,25648,"Sangshi Canteen",302.3,,,चिंचवड,"कोल्हापूर (शिवशाही)",254.7,08:00,14:00,NON,DAILY,,,
81002,"Chinchwad To Vengurle Via Tarla",Chinchwad,Vengurle,TARLA,MO,25662,"Sangshi Fata",303.3,,,चिंचवड,"कोल्हापूर (शिवशाही)",254.7,08:00,14:00,NON,DAILY,,,
81002,"Chinchwad To Vengurle Via Tarla",Chinchwad,Vengurle,TARLA,MO,24105,Jambulnewadi,306.3,,,चिंचवड,"कोल्हापूर (शिवशाही)",254.7,08:00,14:00,NON,DAILY,,,
81002,"Chinchwad To Vengurle Via Tarla",Chinchwad,Vengurle,TARLA,MO,23733,Gaganbawda,313.1,,,चिंचवड,"कोल्हापूर (शिवशाही)",254.7,08:00,14:00,NON,DAILY,,,
81002,"Chinchwad To Vengurle Via Tarla",Chinchwad,Vengurle,TARLA,MO,9182,Bhattiwadi,322.3,,,चिंचवड,"कोल्हापूर (शिवशाही)",254.7,08:00,14:00,NON,DAILY,,,
81002,"Chinchwad To Vengurle Via Tarla",Chinchwad,Vengurle,TARLA,MO,9212,"Karul High School",324.3,,,चिंचवड,"कोल्हापूर (शिवशाही)",254.7,08:00,14:00,NON,DAILY,,,
81002,"Chinchwad To Vengurle Via Tarla",Chinchwad,Vengurle,TARLA,MO,9208,Jamadarwadi,325.3,,,चिंचवड,"कोल्हापूर (शिवशाही)",254.7,08:00,14:00,NON,DAILY,,,
81002,"Chinchwad To Vengurle Via Tarla",Chinchwad,Vengurle,TARLA,MO,9297,"Water Tank",328.3,,,चिंचवड,"कोल्हापूर (शिवशाही)",254.7,08:00,14:00,NON,DAILY,,,
81002,"Chinchwad To Vengurle Via Tarla",Chinchwad,Vengurle,TARLA,MO,9194,Edgaon,330.3,,,चिंचवड,"कोल्हापूर (शिवशाही)",254.7,08:00,14:00,NON,DAILY,,,
81002,"Chinchwad To Vengurle Via Tarla",Chinchwad,Vengurle,TARLA,MO,9291,Vaibhavwadi,331.1,,,चिंचवड,"कोल्हापूर (शिवशाही)",254.7,08:00,14:00,NON,DAILY,,,
81002,"Chinchwad To Vengurle Via Tarla",Chinchwad,Vengurle,TARLA,MO,9181,Bandhwadi,334.3,,,चिंचवड,"कोल्हापूर (शिवशाही)",254.7,08:00,14:00,NON,DAILY,,,
81002,"Chinchwad To Vengurle Via Tarla",Chinchwad,Vengurle,TARLA,MO,9213,"Kasale Wadi",337.3,,,चिंचवड,"कोल्हापूर (शिवशाही)",254.7,08:00,14:00,NON,DAILY,,,
81002,"Chinchwad To Vengurle Via Tarla",Chinchwad,Vengurle,TARLA,MO,9241,Nadhawade,339.3,,,चिंचवड,"कोल्हापूर (शिवशाही)",254.7,08:00,14:00,NON,DAILY,,,
81002,"Chinchwad To Vengurle Via Tarla",Chinchwad,Vengurle,TARLA,MO,2841,Mahadevwadi,340.3,,,चिंचवड,"कोल्हापूर (शिवशाही)",254.7,08:00,14:00,NON,DAILY,,,
81002,"Chinchwad To Vengurle Via Tarla",Chinchwad,Vengurle,TARLA,MO,2780,"Kambale Hotel",343.3,,,चिंचवड,"कोल्हापूर (शिवशाही)",254.7,08:00,14:00,NON,DAILY,,,
81002,"Chinchwad To Vengurle Via Tarla",Chinchwad,Vengurle,TARLA,MO,2796,"Kasarde Buddhawadi",344.3,,,चिंचवड,"कोल्हापूर (शिवशाही)",254.7,08:00,14:00,NON,DAILY,,,
81002,"Chinchwad To Vengurle Via Tarla",Chinchwad,Vengurle,TARLA,MO,2982,Tarla,347.3,,,चिंचवड,"कोल्हापूर (शिवशाही)",254.7,08:00,14:00,NON,DAILY,,,
81002,"Chinchwad To Vengurle Via Tarla",Chinchwad,Vengurle,TARLA,MO,2997,"Vijaydurg Fata",348.3,,,चिंचवड,"कोल्हापूर (शिवशाही)",254.7,08:00,14:00,NON,DAILY,,,
81002,"Chinchwad To Vengurle Via Tarla",Chinchwad,Vengurle,TARLA,MO,2673,"Bramhan Wadi",350.3,,,चिंचवड,"कोल्हापूर (शिवशाही)",254.7,08:00,14:00,NON,DAILY,,,
81002,"Chinchwad To Vengurle Via Tarla",Chinchwad,Vengurle,TARLA,MO,2872,"Nandgaon Nursary",353.3,,,चिंचवड,"कोल्हापूर (शिवशाही)",254.7,08:00,14:00,NON,DAILY,,,
81002,"Chinchwad To Vengurle Via Tarla",Chinchwad,Vengurle,TARLA,MO,2871,"Nandgaon Fata",355.3,,,चिंचवड,"कोल्हापूर (शिवशाही)",254.7,08:00,14:00,NON,DAILY,,,
81002,"Chinchwad To Vengurle Via Tarla",Chinchwad,Vengurle,TARLA,MO,2870,"Nandgaon Datta Mandir",356.3,,,चिंचवड,"कोल्हापूर (शिवशाही)",254.7,08:00,14:00,NON,DAILY,,,
81002,"Chinchwad To Vengurle Via Tarla",Chinchwad,Vengurle,TARLA,MO,2655,Belane,358.3,,,चिंचवड,"कोल्हापूर (शिवशाही)",254.7,08:00,14:00,NON,DAILY,,,
81002,"Chinchwad To Vengurle Via Tarla",Chinchwad,Vengurle,TARLA,MO,2756,"Humrat Titha",361.3,,,चिंचवड,"कोल्हापूर (शिवशाही)",254.7,08:00,14:00,NON,DAILY,,,
81002,"Chinchwad To Vengurle Via Tarla",Chinchwad,Vengurle,TARLA,MO,2768,"Janavali Gavthanwadi",364.3,,,चिंचवड,"कोल्हापूर (शिवशाही)",254.7,08:00,14:00,NON,DAILY,,,
81002,"Chinchwad To Vengurle Via Tarla",Chinchwad,Vengurle,TARLA,MO,2786,Kankavli,367.3,,,चिंचवड,"कोल्हापूर (शिवशाही)",254.7,08:00,14:00,NON,DAILY,,,
81002,"Chinchwad To Vengurle Via Tarla",Chinchwad,Vengurle,TARLA,MO,3001,"Wagade Gpo",371.3,,,चिंचवड,"कोल्हापूर (शिवशाही)",254.7,08:00,14:00,NON,DAILY,,,
81002,"Chinchwad To Vengurle Via Tarla",Chinchwad,Vengurle,TARLA,MO,2692,Dangalwadi,374.3,,,चिंचवड,"कोल्हापूर (शिवशाही)",254.7,08:00,14:00,NON,DAILY,,,
81002,"Chinchwad To Vengurle Via Tarla",Chinchwad,Vengurle,TARLA,MO,2891,"Osargaon Talav",377.3,,,चिंचवड,"कोल्हापूर (शिवशाही)",254.7,08:00,14:00,NON,DAILY,,,
81002,"Chinchwad To Vengurle Via Tarla",Chinchwad,Vengurle,TARLA,MO,2890,"Osargaon Post",379.3,,,चिंचवड,"कोल्हापूर (शिवशाही)",254.7,08:00,14:00,NON,DAILY,,,
81002,"Chinchwad To Vengurle Via Tarla",Chinchwad,Vengurle,TARLA,MO,2889,"Osargaon Godaoon",380.3,,,चिंचवड,"कोल्हापूर (शिवशाही)",254.7,08:00,14:00,NON,DAILY,,,
81002,"Chinchwad To Vengurle Via Tarla",Chinchwad,Vengurle,TARLA,MO,6281,Kasal,382.5,,,चिंचवड,"कोल्हापूर (शिवशाही)",254.7,08:00,14:00,NON,DAILY,,,
81002,"Chinchwad To Vengurle Via Tarla",Chinchwad,Vengurle,TARLA,MO,6116,Awali,387.1,,,चिंचवड,"कोल्हापूर (शिवशाही)",254.7,08:00,14:00,NON,DAILY,,,
81002,"Chinchwad To Vengurle Via Tarla",Chinchwad,Vengurle,TARLA,MO,6226,"Jaitapkar Colany",387.3,,,चिंचवड,"कोल्हापूर (शिवशाही)",254.7,08:00,14:00,NON,DAILY,,,
81002,"Chinchwad To Vengurle Via Tarla",Chinchwad,Vengurle,TARLA,MO,6362,"Oros Bus Stnad",388.3,,,चिंचवड,"कोल्हापूर (शिवशाही)",254.7,08:00,14:00,NON,DAILY,,,
81002,"Chinchwad To Vengurle Via Tarla",Chinchwad,Vengurle,TARLA,MO,6224,"Jijamata Hospital",389.3,,,चिंचवड,"कोल्हापूर (शिवशाही)",254.7,08:00,14:00,NON,DAILY,,,
81002,"Chinchwad To Vengurle Via Tarla",Chinchwad,Vengurle,TARLA,MO,6204,"Humarmala Kasale Dukan",391.3,,,चिंचवड,"कोल्हापूर (शिवशाही)",254.7,08:00,14:00,NON,DAILY,,,
81002,"Chinchwad To Vengurle Via Tarla",Chinchwad,Vengurle,TARLA,MO,6378,"Pandur Titha",395.3,,,चिंचवड,"कोल्हापूर (शिवशाही)",254.7,08:00,14:00,NON,DAILY,,,
81002,"Chinchwad To Vengurle Via Tarla",Chinchwad,Vengurle,TARLA,MO,88100,Vetalbambarde,397.5,,,चिंचवड,"कोल्हापूर (शिवशाही)",254.7,08:00,14:00,NON,DAILY,,,
81002,"Chinchwad To Vengurle Via Tarla",Chinchwad,Vengurle,TARLA,MO,6380,"Pawashi Panchayat",400.5,,,चिंचवड,"कोल्हापूर (शिवशाही)",254.7,08:00,14:00,NON,DAILY,,,
81002,"Chinchwad To Vengurle Via Tarla",Chinchwad,Vengurle,TARLA,MO,6240,"Kudal St Depot",402.1,,,चिंचवड,"कोल्हापूर (शिवशाही)",254.7,08:00,14:00,NON,DAILY,,,
81002,"Chinchwad To Vengurle Via Tarla",Chinchwad,Vengurle,TARLA,MO,6237,"Kudal St Depot",403.6,,,चिंचवड,"कोल्हापूर (शिवशाही)",254.7,08:00,14:00,NON,DAILY,,,
81002,"Chinchwad To Vengurle Via Tarla",Chinchwad,Vengurle,TARLA,MO,6376,"Pinguli Titha",404,,,चिंचवड,"कोल्हापूर (शिवशाही)",254.7,08:00,14:00,NON,DAILY,,,
81002,"Chinchwad To Vengurle Via Tarla",Chinchwad,Vengurle,TARLA,MO,6423,Sativan,409.3,,,चिंचवड,"कोल्हापूर (शिवशाही)",254.7,08:00,14:00,NON,DAILY,,,
81002,"Chinchwad To Vengurle Via Tarla",Chinchwad,Vengurle,TARLA,MO,6459,"Vetore Sub Stage",412.3,,,चिंचवड,"कोल्हापूर (शिवशाही)",254.7,08:00,14:00,NON,DAILY,,,
81002,"Chinchwad To Vengurle Via Tarla",Chinchwad,Vengurle,TARLA,MO,6398,"Shambhu Bhavani",415.2,,,चिंचवड,"कोल्हापूर (शिवशाही)",254.7,08:00,14:00,NON,DAILY,,,
81002,"Chinchwad To Vengurle Via Tarla",Chinchwad,Vengurle,TARLA,MO,9620,"Bowalekar Wadi",418.3,,,चिंचवड,"कोल्हापूर (शिवशाही)",254.7,08:00,14:00,NON,DAILY,,,
81002,"Chinchwad To Vengurle Via Tarla",Chinchwad,Vengurle,TARLA,MO,9665,Kankewadi,421.2,,,चिंचवड,"कोल्हापूर (शिवशाही)",254.7,08:00,14:00,NON,DAILY,,,
81002,"Chinchwad To Vengurle Via Tarla",Chinchwad,Vengurle,TARLA,MO,9708,"Maruti Mandir",424.2,,,चिंचवड,"कोल्हापूर (शिवशाही)",254.7,08:00,14:00,NON,DAILY,,,
81002,"Chinchwad To Vengurle Via Tarla",Chinchwad,Vengurle,TARLA,MO,9824,Vengurle,427.3,,,चिंचवड,"कोल्हापूर (शिवशाही)",254.7,08:00,14:00,NON,DAILY,,,
1330,"Nigadi To Vengurle Via Ajara",Nigadi,Vengurle,AJARA,MO,8873,Nigadi,,,,"पुणे निगडी",कोल्हापूर,261.4,07:00,13:05,NON,DAILY,"कोल्हापूर वस्ती","कोल्हापूर वस्ती",
1330,"Nigadi To Vengurle Via Ajara",Nigadi,Vengurle,AJARA,MO,8761,Chinchwad,4,,,"पुणे निगडी",कोल्हापूर,261.4,07:00,13:05,NON,DAILY,"कोल्हापूर वस्ती","कोल्हापूर वस्ती",
1330,"Nigadi To Vengurle Via Ajara",Nigadi,Vengurle,AJARA,MO,8951,"Vallabha Nagar",6,,,"पुणे निगडी",कोल्हापूर,261.4,07:00,13:05,NON,DAILY,"कोल्हापूर वस्ती","कोल्हापूर वस्ती",
1330,"Nigadi To Vengurle Via Ajara",Nigadi,Vengurle,AJARA,MO,8922,"New Shivaji Nagar Pune",19,,,"पुणे निगडी",कोल्हापूर,261.4,07:00,13:05,NON,DAILY,"कोल्हापूर वस्ती","कोल्हापूर वस्ती",
1330,"Nigadi To Vengurle Via Ajara",Nigadi,Vengurle,AJARA,MO,8888,"Pune Rly. Stn.",22.1,,,"पुणे निगडी",कोल्हापूर,261.4,07:00,13:05,NON,DAILY,"कोल्हापूर वस्ती","कोल्हापूर वस्ती",
1330,"Nigadi To Vengurle Via Ajara",Nigadi,Vengurle,AJARA,MO,8934,"Swargate, Pune",28.6,,,"पुणे निगडी",कोल्हापूर,261.4,07:00,13:05,NON,DAILY,"कोल्हापूर वस्ती","कोल्हापूर वस्ती",
1330,"Nigadi To Vengurle Via Ajara",Nigadi,Vengurle,AJARA,MO,29233,"Pargaon Khandala",86.1,,,"पुणे निगडी",कोल्हापूर,261.4,07:00,13:05,NON,DAILY,"कोल्हापूर वस्ती","कोल्हापूर वस्ती",
1330,"Nigadi To Vengurle Via Ajara",Nigadi,Vengurle,AJARA,MO,33588,"Surur Fata",99,,,"पुणे निगडी",कोल्हापूर,261.4,07:00,13:05,NON,DAILY,"कोल्हापूर वस्ती","कोल्हापूर वस्ती",
1330,"Nigadi To Vengurle Via Ajara",Nigadi,Vengurle,AJARA,MO,33460,Bhuinj,109.5,,,"पुणे निगडी",कोल्हापूर,261.4,07:00,13:05,NON,DAILY,"कोल्हापूर वस्ती","कोल्हापूर वस्ती",
1330,"Nigadi To Vengurle Via Ajara",Nigadi,Vengurle,AJARA,MO,33566,Pachwad,114,,,"पुणे निगडी",कोल्हापूर,261.4,07:00,13:05,NON,DAILY,"कोल्हापूर वस्ती","कोल्हापूर वस्ती",
1330,"Nigadi To Vengurle Via Ajara",Nigadi,Vengurle,AJARA,MO,31298,Satara,134.2,,,"पुणे निगडी",कोल्हापूर,261.4,07:00,13:05,NON,DAILY,"कोल्हापूर वस्ती","कोल्हापूर वस्ती",
1330,"Nigadi To Vengurle Via Ajara",Nigadi,Vengurle,AJARA,MO,30896,Atit,155.4,,,"पुणे निगडी",कोल्हापूर,261.4,07:00,13:05,NON,DAILY,"कोल्हापूर वस्ती","कोल्हापूर वस्ती",
1330,"Nigadi To Vengurle Via Ajara",Nigadi,Vengurle,AJARA,MO,31099,Kashil,160.7,,,"पुणे निगडी",कोल्हापूर,261.4,07:00,13:05,NON,DAILY,"कोल्हापूर वस्ती","कोल्हापूर वस्ती",
1330,"Nigadi To Vengurle Via Ajara",Nigadi,Vengurle,AJARA,MO,28340,Umbraj,169.3,,,"पुणे निगडी",कोल्हापूर,261.4,07:00,13:05,NON,DAILY,"कोल्हापूर वस्ती","कोल्हापूर वस्ती",
1330,"Nigadi To Vengurle Via Ajara",Nigadi,Vengurle,AJARA,MO,28184,Karad,187.4,,,"पुणे निगडी",कोल्हापूर,261.4,07:00,13:05,NON,DAILY,"कोल्हापूर वस्ती","कोल्हापूर वस्ती",
1330,"Nigadi To Vengurle Via Ajara",Nigadi,Vengurle,AJARA,MO,29764,Nerle,210.3,,,"पुणे निगडी",कोल्हापूर,261.4,07:00,13:05,NON,DAILY,"कोल्हापूर वस्ती","कोल्हापूर वस्ती",
1330,"Nigadi To Vengurle Via Ajara",Nigadi,Vengurle,AJARA,MO,26070,Wathar,239.2,,,"पुणे निगडी",कोल्हापूर,261.4,07:00,13:05,NON,DAILY,"कोल्हापूर वस्ती","कोल्हापूर वस्ती",
1330,"Nigadi To Vengurle Via Ajara",Nigadi,Vengurle,AJARA,MO,25591,Shiroli,253,,,"पुणे निगडी",कोल्हापूर,261.4,07:00,13:05,NON,DAILY,"कोल्हापूर वस्ती","कोल्हापूर वस्ती",
1330,"Nigadi To Vengurle Via Ajara",Nigadi,Vengurle,AJARA,MO,24359,Kolhapur,257.1,,,"पुणे निगडी",कोल्हापूर,261.4,07:00,13:05,NON,DAILY,"कोल्हापूर वस्ती","कोल्हापूर वस्ती",
1330,"Nigadi To Vengurle Via Ajara",Nigadi,Vengurle,AJARA,MO,24283,Kagal,277,,,"पुणे निगडी",कोल्हापूर,261.4,07:00,13:05,NON,DAILY,"कोल्हापूर वस्ती","कोल्हापूर वस्ती",
1330,"Nigadi To Vengurle Via Ajara",Nigadi,Vengurle,AJARA,MO,25718,"State Border",277.1,,,"पुणे निगडी",कोल्हापूर,261.4,07:00,13:05,NON,DAILY,"कोल्हापूर वस्ती","कोल्हापूर वस्ती",
1330,"Nigadi To Vengurle Via Ajara",Nigadi,Vengurle,AJARA,MO,74125,"State Border",277.8,,,"पुणे निगडी",कोल्हापूर,261.4,07:00,13:05,NON,DAILY,"कोल्हापूर वस्ती","कोल्हापूर वस्ती",
1330,"Nigadi To Vengurle Via Ajara",Nigadi,Vengurle,AJARA,MO,73718,Kognoli,278,,,"पुणे निगडी",कोल्हापूर,261.4,07:00,13:05,NON,DAILY,"कोल्हापूर वस्ती","कोल्हापूर वस्ती",
1330,"Nigadi To Vengurle Via Ajara",Nigadi,Vengurle,AJARA,MO,86356,"Kognoli Toll Plaza",279.6,,,"पुणे निगडी",कोल्हापूर,261.4,07:00,13:05,NON,DAILY,"कोल्हापूर वस्ती","कोल्हापूर वस्ती",
1330,"Nigadi To Vengurle Via Ajara",Nigadi,Vengurle,AJARA,MO,73937,Nipani,311.6,,,"पुणे निगडी",कोल्हापूर,261.4,07:00,13:05,NON,DAILY,"कोल्हापूर वस्ती","कोल्हापूर वस्ती",
1330,"Nigadi To Vengurle Via Ajara",Nigadi,Vengurle,AJARA,MO,73986,"Rashing Karnatak State Border",312.62,,,"पुणे निगडी",कोल्हापूर,261.4,07:00,13:05,NON,DAILY,"कोल्हापूर वस्ती","कोल्हापूर वस्ती",
1330,"Nigadi To Vengurle Via Ajara",Nigadi,Vengurle,AJARA,MO,24418,"Karnataka State Border",312.7,,,"पुणे निगडी",कोल्हापूर,261.4,07:00,13:05,NON,DAILY,"कोल्हापूर वस्ती","कोल्हापूर वस्ती",
1330,"Nigadi To Vengurle Via Ajara",Nigadi,Vengurle,AJARA,MO,25035,Nangnur,312.8,,,"पुणे निगडी",कोल्हापूर,261.4,07:00,13:05,NON,DAILY,"कोल्हापूर वस्ती","कोल्हापूर वस्ती",
1330,"Nigadi To Vengurle Via Ajara",Nigadi,Vengurle,AJARA,MO,23221,Bahirewadi,320,,,"पुणे निगडी",कोल्हापूर,261.4,07:00,13:05,NON,DAILY,"कोल्हापूर वस्ती","कोल्हापूर वस्ती",
1330,"Nigadi To Vengurle Via Ajara",Nigadi,Vengurle,AJARA,MO,24825,"Mumewadi Titta",325,,,"पुणे निगडी",कोल्हापूर,261.4,07:00,13:05,NON,DAILY,"कोल्हापूर वस्ती","कोल्हापूर वस्ती",
1330,"Nigadi To Vengurle Via Ajara",Nigadi,Vengurle,AJARA,MO,25924,Uttur,328.3,,,"पुणे निगडी",कोल्हापूर,261.4,07:00,13:05,NON,DAILY,"कोल्हापूर वस्ती","कोल्हापूर वस्ती",
1330,"Nigadi To Vengurle Via Ajara",Nigadi,Vengurle,AJARA,MO,25169,Pendharwadi,330,,,"पुणे निगडी",कोल्हापूर,261.4,07:00,13:05,NON,DAILY,"कोल्हापूर वस्ती","कोल्हापूर वस्ती",
1330,"Nigadi To Vengurle Via Ajara",Nigadi,Vengurle,AJARA,MO,23880,"Halewadi Titta",334,,,"पुणे निगडी",कोल्हापूर,261.4,07:00,13:05,NON,DAILY,"कोल्हापूर वस्ती","कोल्हापूर वस्ती",
1330,"Nigadi To Vengurle Via Ajara",Nigadi,Vengurle,AJARA,MO,24646,Madilage,339.4,,,"पुणे निगडी",कोल्हापूर,261.4,07:00,13:05,NON,DAILY,"कोल्हापूर वस्ती","कोल्हापूर वस्ती",
1330,"Nigadi To Vengurle Via Ajara",Nigadi,Vengurle,AJARA,MO,23010,Ajara,346.3,,,"पुणे निगडी",कोल्हापूर,261.4,07:00,13:05,NON,DAILY,"कोल्हापूर वस्ती","कोल्हापूर वस्ती",
1330,"Nigadi To Vengurle Via Ajara",Nigadi,Vengurle,AJARA,MO,24689,Masoli,348,,,"पुणे निगडी",कोल्हापूर,261.4,07:00,13:05,NON,DAILY,"कोल्हापूर वस्ती","कोल्हापूर वस्ती",
1330,"Nigadi To Vengurle Via Ajara",Nigadi,Vengurle,AJARA,MO,23882,Haloli,352,,,"पुणे निगडी",कोल्हापूर,261.4,07:00,13:05,NON,DAILY,"कोल्हापूर वस्ती","कोल्हापूर वस्ती",
1330,"Nigadi To Vengurle Via Ajara",Nigadi,Vengurle,AJARA,MO,23872,Gavase,357.9,,,"पुणे निगडी",कोल्हापूर,261.4,07:00,13:05,NON,DAILY,"कोल्हापूर वस्ती","कोल्हापूर वस्ती",
1330,"Nigadi To Vengurle Via Ajara",Nigadi,Vengurle,AJARA,MO,25615,Suleran,361,,,"पुणे निगडी",कोल्हापूर,261.4,07:00,13:05,NON,DAILY,"कोल्हापूर वस्ती","कोल्हापूर वस्ती",
1330,"Nigadi To Vengurle Via Ajara",Nigadi,Vengurle,AJARA,MO,23585,Dhangarmala,363,,,"पुणे निगडी",कोल्हापूर,261.4,07:00,13:05,NON,DAILY,"कोल्हापूर वस्ती","कोल्हापूर वस्ती",
1330,"Nigadi To Vengurle Via Ajara",Nigadi,Vengurle,AJARA,MO,23762,Ghatkarwadi,365.7,,,"पुणे निगडी",कोल्हापूर,261.4,07:00,13:05,NON,DAILY,"कोल्हापूर वस्ती","कोल्हापूर वस्ती",
1330,"Nigadi To Vengurle Via Ajara",Nigadi,Vengurle,AJARA,MO,24833,Menon,367,,,"पुणे निगडी",कोल्हापूर,261.4,07:00,13:05,NON,DAILY,"कोल्हापूर वस्ती","कोल्हापूर वस्ती",
1330,"Nigadi To Vengurle Via Ajara",Nigadi,Vengurle,AJARA,MO,8606,"Nangartas Awate Dukan",369,,,"पुणे निगडी",कोल्हापूर,261.4,07:00,13:05,NON,DAILY,"कोल्हापूर वस्ती","कोल्हापूर वस्ती",
1330,"Nigadi To Vengurle Via Ajara",Nigadi,Vengurle,AJARA,MO,8473,"Ajra Fata",372,,,"पुणे निगडी",कोल्हापूर,261.4,07:00,13:05,NON,DAILY,"कोल्हापूर वस्ती","कोल्हापूर वस्ती",
1330,"Nigadi To Vengurle Via Ajara",Nigadi,Vengurle,AJARA,MO,8582,Mulvanwadi,373.4,,,"पुणे निगडी",कोल्हापूर,261.4,07:00,13:05,NON,DAILY,"कोल्हापूर वस्ती","कोल्हापूर वस्ती",
1330,"Nigadi To Vengurle Via Ajara",Nigadi,Vengurle,AJARA,MO,8470,Amboli,378.9,,,"पुणे निगडी",कोल्हापूर,261.4,07:00,13:05,NON,DAILY,"कोल्हापूर वस्ती","कोल्हापूर वस्ती",
1330,"Nigadi To Vengurle Via Ajara",Nigadi,Vengurle,AJARA,MO,8564,Kumbheshwar,393,,,"पुणे निगडी",कोल्हापूर,261.4,07:00,13:05,NON,DAILY,"कोल्हापूर वस्ती","कोल्हापूर वस्ती",
1330,"Nigadi To Vengurle Via Ajara",Nigadi,Vengurle,AJARA,MO,8510,Danoli,395.3,,,"पुणे निगडी",कोल्हापूर,261.4,07:00,13:05,NON,DAILY,"कोल्हापूर वस्ती","कोल्हापूर वस्ती",
1330,"Nigadi To Vengurle Via Ajara",Nigadi,Vengurle,AJARA,MO,8505,Dhawadki,397,,,"पुणे निगडी",कोल्हापूर,261.4,07:00,13:05,NON,DAILY,"कोल्हापूर वस्ती","कोल्हापूर वस्ती",
1330,"Nigadi To Vengurle Via Ajara",Nigadi,Vengurle,AJARA,MO,8570,Madkhol,399.9,,,"पुणे निगडी",कोल्हापूर,261.4,07:00,13:05,NON,DAILY,"कोल्हापूर वस्ती","कोल्हापूर वस्ती",
1330,"Nigadi To Vengurle Via Ajara",Nigadi,Vengurle,AJARA,MO,8653,"Sapale Stop",403,,,"पुणे निगडी",कोल्हापूर,261.4,07:00,13:05,NON,DAILY,"कोल्हापूर वस्ती","कोल्हापूर वस्ती",
1330,"Nigadi To Vengurle Via Ajara",Nigadi,Vengurle,AJARA,MO,8488,"Burdi Pul",405,,,"पुणे निगडी",कोल्हापूर,261.4,07:00,13:05,NON,DAILY,"कोल्हापूर वस्ती","कोल्हापूर वस्ती",
1330,"Nigadi To Vengurle Via Ajara",Nigadi,Vengurle,AJARA,MO,8663,Sawantwadi,412.1,,,"पुणे निगडी",कोल्हापूर,261.4,07:00,13:05,NON,DAILY,"कोल्हापूर वस्ती","कोल्हापूर वस्ती",
1330,"Nigadi To Vengurle Via Ajara",Nigadi,Vengurle,AJARA,MO,8551,"Kolgaon Thita",416,,,"पुणे निगडी",कोल्हापूर,261.4,07:00,13:05,NON,DAILY,"कोल्हापूर वस्ती","कोल्हापूर वस्ती",
1330,"Nigadi To Vengurle Via Ajara",Nigadi,Vengurle,AJARA,MO,6101,Akeri,416.1,,,"पुणे निगडी",कोल्हापूर,261.4,07:00,13:05,NON,DAILY,"कोल्हापूर वस्ती","कोल्हापूर वस्ती",
1330,"Nigadi To Vengurle Via Ajara",Nigadi,Vengurle,AJARA,MO,8603,"Nemale Fata",421.5,,,"पुणे निगडी",कोल्हापूर,261.4,07:00,13:05,NON,DAILY,"कोल्हापूर वस्ती","कोल्हापूर वस्ती",
1330,"Nigadi To Vengurle Via Ajara",Nigadi,Vengurle,AJARA,MO,9853,"Kamble Vihir",423.6,,,"पुणे निगडी",कोल्हापूर,261.4,07:00,13:05,NON,DAILY,"कोल्हापूर वस्ती","कोल्हापूर वस्ती",
1330,"Nigadi To Vengurle Via Ajara",Nigadi,Vengurle,AJARA,MO,9699,"Mail Dagad",425.6,,,"पुणे निगडी",कोल्हापूर,261.4,07:00,13:05,NON,DAILY,"कोल्हापूर वस्ती","कोल्हापूर वस्ती",
1330,"Nigadi To Vengurle Via Ajara",Nigadi,Vengurle,AJARA,MO,9652,"Hodawada Vazrath Tita",426.8,,,"पुणे निगडी",कोल्हापूर,261.4,07:00,13:05,NON,DAILY,"कोल्हापूर वस्ती","कोल्हापूर वस्ती",
1330,"Nigadi To Vengurle Via Ajara",Nigadi,Vengurle,AJARA,MO,9656,Jambhulwadi,428.5,,,"पुणे निगडी",कोल्हापूर,261.4,07:00,13:05,NON,DAILY,"कोल्हापूर वस्ती","कोल्हापूर वस्ती",
1330,"Nigadi To Vengurle Via Ajara",Nigadi,Vengurle,AJARA,MO,9620,"Bowalekar Wadi",432.4,,,"पुणे निगडी",कोल्हापूर,261.4,07:00,13:05,NON,DAILY,"कोल्हापूर वस्ती","कोल्हापूर वस्ती",
1330,"Nigadi To Vengurle Via Ajara",Nigadi,Vengurle,AJARA,MO,9709,"Math High School",433.2,,,"पुणे निगडी",कोल्हापूर,261.4,07:00,13:05,NON,DAILY,"कोल्हापूर वस्ती","कोल्हापूर वस्ती",
1330,"Nigadi To Vengurle Via Ajara",Nigadi,Vengurle,AJARA,MO,9665,Kankewadi,434.6,,,"पुणे निगडी",कोल्हापूर,261.4,07:00,13:05,NON,DAILY,"कोल्हापूर वस्ती","कोल्हापूर वस्ती",
1330,"Nigadi To Vengurle Via Ajara",Nigadi,Vengurle,AJARA,MO,9764,"Rameshwar / Maruti Mandir",437.3,,,"पुणे निगडी",कोल्हापूर,261.4,07:00,13:05,NON,DAILY,"कोल्हापूर वस्ती","कोल्हापूर वस्ती",
1330,"Nigadi To Vengurle Via Ajara",Nigadi,Vengurle,AJARA,MO,9758,"Piracha Darga",439.4,,,"पुणे निगडी",कोल्हापूर,261.4,07:00,13:05,NON,DAILY,"कोल्हापूर वस्ती","कोल्हापूर वस्ती",
1330,"Nigadi To Vengurle Via Ajara",Nigadi,Vengurle,AJARA,MO,9824,Vengurle,439.6,,,"पुणे निगडी",कोल्हापूर,261.4,07:00,13:05,NON,DAILY,"कोल्हापूर वस्ती","कोल्हापूर वस्ती",
409,"Vengurle To Nigadi Via Ajara",Vengurle,Nigadi,AJARA,MO,9824,Vengurle,,,,वेंगुर्ला,कोल्हापूर,182.5,08:30,13:20,NON,DAILY,"कोल्हापूर वस्ती","कोल्हापूर वस्ती",
409,"Vengurle To Nigadi Via Ajara",Vengurle,Nigadi,AJARA,MO,9758,"Piracha Darga",0.2,,,वेंगुर्ला,कोल्हापूर,182.5,08:30,13:20,NON,DAILY,"कोल्हापूर वस्ती","कोल्हापूर वस्ती",
409,"Vengurle To Nigadi Via Ajara",Vengurle,Nigadi,AJARA,MO,9764,"Rameshwar / Maruti Mandir",2.3,,,वेंगुर्ला,कोल्हापूर,182.5,08:30,13:20,NON,DAILY,"कोल्हापूर वस्ती","कोल्हापूर वस्ती",
409,"Vengurle To Nigadi Via Ajara",Vengurle,Nigadi,AJARA,MO,9665,Kankewadi,5,,,वेंगुर्ला,कोल्हापूर,182.5,08:30,13:20,NON,DAILY,"कोल्हापूर वस्ती","कोल्हापूर वस्ती",
409,"Vengurle To Nigadi Via Ajara",Vengurle,Nigadi,AJARA,MO,9709,"Math High School",6.4,,,वेंगुर्ला,कोल्हापूर,182.5,08:30,13:20,NON,DAILY,"कोल्हापूर वस्ती","कोल्हापूर वस्ती",
409,"Vengurle To Nigadi Via Ajara",Vengurle,Nigadi,AJARA,MO,9620,"Bowalekar Wadi",7.2,,,वेंगुर्ला,कोल्हापूर,182.5,08:30,13:20,NON,DAILY,"कोल्हापूर वस्ती","कोल्हापूर वस्ती",
409,"Vengurle To Nigadi Via Ajara",Vengurle,Nigadi,AJARA,MO,9656,Jambhulwadi,11.1,,,वेंगुर्ला,कोल्हापूर,182.5,08:30,13:20,NON,DAILY,"कोल्हापूर वस्ती","कोल्हापूर वस्ती",
409,"Vengurle To Nigadi Via Ajara",Vengurle,Nigadi,AJARA,MO,9652,"Hodawada Vazrath Tita",12.8,,,वेंगुर्ला,कोल्हापूर,182.5,08:30,13:20,NON,DAILY,"कोल्हापूर वस्ती","कोल्हापूर वस्ती",
409,"Vengurle To Nigadi Via Ajara",Vengurle,Nigadi,AJARA,MO,9699,"Mail Dagad",14,,,वेंगुर्ला,कोल्हापूर,182.5,08:30,13:20,NON,DAILY,"कोल्हापूर वस्ती","कोल्हापूर वस्ती",
409,"Vengurle To Nigadi Via Ajara",Vengurle,Nigadi,AJARA,MO,9853,"Kamble Vihir",16,,,वेंगुर्ला,कोल्हापूर,182.5,08:30,13:20,NON,DAILY,"कोल्हापूर वस्ती","कोल्हापूर वस्ती",
409,"Vengurle To Nigadi Via Ajara",Vengurle,Nigadi,AJARA,MO,8603,"Nemale Fata",18.1,,,वेंगुर्ला,कोल्हापूर,182.5,08:30,13:20,NON,DAILY,"कोल्हापूर वस्ती","कोल्हापूर वस्ती",
409,"Vengurle To Nigadi Via Ajara",Vengurle,Nigadi,AJARA,MO,6101,Akeri,23.5,,,वेंगुर्ला,कोल्हापूर,182.5,08:30,13:20,NON,DAILY,"कोल्हापूर वस्ती","कोल्हापूर वस्ती",
409,"Vengurle To Nigadi Via Ajara",Vengurle,Nigadi,AJARA,MO,8551,"Kolgaon Thita",23.6,,,वेंगुर्ला,कोल्हापूर,182.5,08:30,13:20,NON,DAILY,"कोल्हापूर वस्ती","कोल्हापूर वस्ती",
409,"Vengurle To Nigadi Via Ajara",Vengurle,Nigadi,AJARA,MO,8663,Sawantwadi,27.5,,,वेंगुर्ला,कोल्हापूर,182.5,08:30,13:20,NON,DAILY,"कोल्हापूर वस्ती","कोल्हापूर वस्ती",
409,"Vengurle To Nigadi Via Ajara",Vengurle,Nigadi,AJARA,MO,8488,"Burdi Pul",34.6,,,वेंगुर्ला,कोल्हापूर,182.5,08:30,13:20,NON,DAILY,"कोल्हापूर वस्ती","कोल्हापूर वस्ती",
409,"Vengurle To Nigadi Via Ajara",Vengurle,Nigadi,AJARA,MO,8653,"Sapale Stop",36.6,,,वेंगुर्ला,कोल्हापूर,182.5,08:30,13:20,NON,DAILY,"कोल्हापूर वस्ती","कोल्हापूर वस्ती",
409,"Vengurle To Nigadi Via Ajara",Vengurle,Nigadi,AJARA,MO,8570,Madkhol,39.7,,,वेंगुर्ला,कोल्हापूर,182.5,08:30,13:20,NON,DAILY,"कोल्हापूर वस्ती","कोल्हापूर वस्ती",
409,"Vengurle To Nigadi Via Ajara",Vengurle,Nigadi,AJARA,MO,8505,Dhawadki,42.6,,,वेंगुर्ला,कोल्हापूर,182.5,08:30,13:20,NON,DAILY,"कोल्हापूर वस्ती","कोल्हापूर वस्ती",
409,"Vengurle To Nigadi Via Ajara",Vengurle,Nigadi,AJARA,MO,8510,Danoli,44.3,,,वेंगुर्ला,कोल्हापूर,182.5,08:30,13:20,NON,DAILY,"कोल्हापूर वस्ती","कोल्हापूर वस्ती",
409,"Vengurle To Nigadi Via Ajara",Vengurle,Nigadi,AJARA,MO,8564,Kumbheshwar,46.6,,,वेंगुर्ला,कोल्हापूर,182.5,08:30,13:20,NON,DAILY,"कोल्हापूर वस्ती","कोल्हापूर वस्ती",
409,"Vengurle To Nigadi Via Ajara",Vengurle,Nigadi,AJARA,MO,8470,Amboli,60.7,,,वेंगुर्ला,कोल्हापूर,182.5,08:30,13:20,NON,DAILY,"कोल्हापूर वस्ती","कोल्हापूर वस्ती",
409,"Vengurle To Nigadi Via Ajara",Vengurle,Nigadi,AJARA,MO,8582,Mulvanwadi,66.2,,,वेंगुर्ला,कोल्हापूर,182.5,08:30,13:20,NON,DAILY,"कोल्हापूर वस्ती","कोल्हापूर वस्ती",
409,"Vengurle To Nigadi Via Ajara",Vengurle,Nigadi,AJARA,MO,8473,"Ajra Fata",67.6,,,वेंगुर्ला,कोल्हापूर,182.5,08:30,13:20,NON,DAILY,"कोल्हापूर वस्ती","कोल्हापूर वस्ती",
409,"Vengurle To Nigadi Via Ajara",Vengurle,Nigadi,AJARA,MO,8606,"Nangartas Awate Dukan",70.6,,,वेंगुर्ला,कोल्हापूर,182.5,08:30,13:20,NON,DAILY,"कोल्हापूर वस्ती","कोल्हापूर वस्ती",
409,"Vengurle To Nigadi Via Ajara",Vengurle,Nigadi,AJARA,MO,24833,Menon,72.6,,,वेंगुर्ला,कोल्हापूर,182.5,08:30,13:20,NON,DAILY,"कोल्हापूर वस्ती","कोल्हापूर वस्ती",
409,"Vengurle To Nigadi Via Ajara",Vengurle,Nigadi,AJARA,MO,23762,Ghatkarwadi,73.9,,,वेंगुर्ला,कोल्हापूर,182.5,08:30,13:20,NON,DAILY,"कोल्हापूर वस्ती","कोल्हापूर वस्ती",
409,"Vengurle To Nigadi Via Ajara",Vengurle,Nigadi,AJARA,MO,23585,Dhangarmala,76.6,,,वेंगुर्ला,कोल्हापूर,182.5,08:30,13:20,NON,DAILY,"कोल्हापूर वस्ती","कोल्हापूर वस्ती",
409,"Vengurle To Nigadi Via Ajara",Vengurle,Nigadi,AJARA,MO,25615,Suleran,78.6,,,वेंगुर्ला,कोल्हापूर,182.5,08:30,13:20,NON,DAILY,"कोल्हापूर वस्ती","कोल्हापूर वस्ती",
409,"Vengurle To Nigadi Via Ajara",Vengurle,Nigadi,AJARA,MO,23872,Gavase,81.7,,,वेंगुर्ला,कोल्हापूर,182.5,08:30,13:20,NON,DAILY,"कोल्हापूर वस्ती","कोल्हापूर वस्ती",
409,"Vengurle To Nigadi Via Ajara",Vengurle,Nigadi,AJARA,MO,23882,Haloli,87.6,,,वेंगुर्ला,कोल्हापूर,182.5,08:30,13:20,NON,DAILY,"कोल्हापूर वस्ती","कोल्हापूर वस्ती",
409,"Vengurle To Nigadi Via Ajara",Vengurle,Nigadi,AJARA,MO,24689,Masoli,91.6,,,वेंगुर्ला,कोल्हापूर,182.5,08:30,13:20,NON,DAILY,"कोल्हापूर वस्ती","कोल्हापूर वस्ती",
409,"Vengurle To Nigadi Via Ajara",Vengurle,Nigadi,AJARA,MO,23010,Ajara,93.3,,,वेंगुर्ला,कोल्हापूर,182.5,08:30,13:20,NON,DAILY,"कोल्हापूर वस्ती","कोल्हापूर वस्ती",
409,"Vengurle To Nigadi Via Ajara",Vengurle,Nigadi,AJARA,MO,24646,Madilage,100.2,,,वेंगुर्ला,कोल्हापूर,182.5,08:30,13:20,NON,DAILY,"कोल्हापूर वस्ती","कोल्हापूर वस्ती",
409,"Vengurle To Nigadi Via Ajara",Vengurle,Nigadi,AJARA,MO,23880,"Halewadi Titta",105.6,,,वेंगुर्ला,कोल्हापूर,182.5,08:30,13:20,NON,DAILY,"कोल्हापूर वस्ती","कोल्हापूर वस्ती",
409,"Vengurle To Nigadi Via Ajara",Vengurle,Nigadi,AJARA,MO,25169,Pendharwadi,109.6,,,वेंगुर्ला,कोल्हापूर,182.5,08:30,13:20,NON,DAILY,"कोल्हापूर वस्ती","कोल्हापूर वस्ती",
409,"Vengurle To Nigadi Via Ajara",Vengurle,Nigadi,AJARA,MO,25924,Uttur,111.3,,,वेंगुर्ला,कोल्हापूर,182.5,08:30,13:20,NON,DAILY,"कोल्हापूर वस्ती","कोल्हापूर वस्ती",
409,"Vengurle To Nigadi Via Ajara",Vengurle,Nigadi,AJARA,MO,24825,"Mumewadi Titta",114.6,,,वेंगुर्ला,कोल्हापूर,182.5,08:30,13:20,NON,DAILY,"कोल्हापूर वस्ती","कोल्हापूर वस्ती",
409,"Vengurle To Nigadi Via Ajara",Vengurle,Nigadi,AJARA,MO,23221,Bahirewadi,119.6,,,वेंगुर्ला,कोल्हापूर,182.5,08:30,13:20,NON,DAILY,"कोल्हापूर वस्ती","कोल्हापूर वस्ती",
409,"Vengurle To Nigadi Via Ajara",Vengurle,Nigadi,AJARA,MO,23194,"Bugate Alur",126,,,वेंगुर्ला,कोल्हापूर,182.5,08:30,13:20,NON,DAILY,"कोल्हापूर वस्ती","कोल्हापूर वस्ती",
409,"Vengurle To Nigadi Via Ajara",Vengurle,Nigadi,AJARA,MO,24418,"Karnataka State Border",126.1,,,वेंगुर्ला,कोल्हापूर,182.5,08:30,13:20,NON,DAILY,"कोल्हापूर वस्ती","कोल्हापूर वस्ती",
409,"Vengurle To Nigadi Via Ajara",Vengurle,Nigadi,AJARA,MO,73986,"Rashing Karnatak State Border",126.2,,,वेंगुर्ला,कोल्हापूर,182.5,08:30,13:20,NON,DAILY,"कोल्हापूर वस्ती","कोल्हापूर वस्ती",
409,"Vengurle To Nigadi Via Ajara",Vengurle,Nigadi,AJARA,MO,73937,Nipani,128,,,वेंगुर्ला,कोल्हापूर,182.5,08:30,13:20,NON,DAILY,"कोल्हापूर वस्ती","कोल्हापूर वस्ती",
409,"Vengurle To Nigadi Via Ajara",Vengurle,Nigadi,AJARA,MO,73714,"Kognoli Toll Stop",159,,,वेंगुर्ला,कोल्हापूर,182.5,08:30,13:20,NON,DAILY,"कोल्हापूर वस्ती","कोल्हापूर वस्ती",
409,"Vengurle To Nigadi Via Ajara",Vengurle,Nigadi,AJARA,MO,73718,Kognoli,160,,,वेंगुर्ला,कोल्हापूर,182.5,08:30,13:20,NON,DAILY,"कोल्हापूर वस्ती","कोल्हापूर वस्ती",
409,"Vengurle To Nigadi Via Ajara",Vengurle,Nigadi,AJARA,MO,74125,"State Border",161,,,वेंगुर्ला,कोल्हापूर,182.5,08:30,13:20,NON,DAILY,"कोल्हापूर वस्ती","कोल्हापूर वस्ती",
409,"Vengurle To Nigadi Via Ajara",Vengurle,Nigadi,AJARA,MO,24418,"Karnataka State Border",161.1,,,वेंगुर्ला,कोल्हापूर,182.5,08:30,13:20,NON,DAILY,"कोल्हापूर वस्ती","कोल्हापूर वस्ती",
409,"Vengurle To Nigadi Via Ajara",Vengurle,Nigadi,AJARA,MO,24283,Kagal,162.6,,,वेंगुर्ला,कोल्हापूर,182.5,08:30,13:20,NON,DAILY,"कोल्हापूर वस्ती","कोल्हापूर वस्ती",
409,"Vengurle To Nigadi Via Ajara",Vengurle,Nigadi,AJARA,MO,24359,Kolhapur,182.5,,,वेंगुर्ला,कोल्हापूर,182.5,08:30,13:20,NON,DAILY,"कोल्हापूर वस्ती","कोल्हापूर वस्ती",
409,"Vengurle To Nigadi Via Ajara",Vengurle,Nigadi,AJARA,MO,25591,Shiroli,186.6,,,वेंगुर्ला,कोल्हापूर,182.5,08:30,13:20,NON,DAILY,"कोल्हापूर वस्ती","कोल्हापूर वस्ती",
409,"Vengurle To Nigadi Via Ajara",Vengurle,Nigadi,AJARA,MO,26070,Wathar,200.4,,,वेंगुर्ला,कोल्हापूर,182.5,08:30,13:20,NON,DAILY,"कोल्हापूर वस्ती","कोल्हापूर वस्ती",
409,"Vengurle To Nigadi Via Ajara",Vengurle,Nigadi,AJARA,MO,29764,Nerle,229.3,,,वेंगुर्ला,कोल्हापूर,182.5,08:30,13:20,NON,DAILY,"कोल्हापूर वस्ती","कोल्हापूर वस्ती",
409,"Vengurle To Nigadi Via Ajara",Vengurle,Nigadi,AJARA,MO,28184,Karad,252.2,,,वेंगुर्ला,कोल्हापूर,182.5,08:30,13:20,NON,DAILY,"कोल्हापूर वस्ती","कोल्हापूर वस्ती",
409,"Vengurle To Nigadi Via Ajara",Vengurle,Nigadi,AJARA,MO,28340,Umbraj,270.3,,,वेंगुर्ला,कोल्हापूर,182.5,08:30,13:20,NON,DAILY,"कोल्हापूर वस्ती","कोल्हापूर वस्ती",
409,"Vengurle To Nigadi Via Ajara",Vengurle,Nigadi,AJARA,MO,31099,Kashil,278.9,,,वेंगुर्ला,कोल्हापूर,182.5,08:30,13:20,NON,DAILY,"कोल्हापूर वस्ती","कोल्हापूर वस्ती",
409,"Vengurle To Nigadi Via Ajara",Vengurle,Nigadi,AJARA,MO,30896,Atit,284.2,,,वेंगुर्ला,कोल्हापूर,182.5,08:30,13:20,NON,DAILY,"कोल्हापूर वस्ती","कोल्हापूर वस्ती",
409,"Vengurle To Nigadi Via Ajara",Vengurle,Nigadi,AJARA,MO,31298,Satara,305.4,,,वेंगुर्ला,कोल्हापूर,182.5,08:30,13:20,NON,DAILY,"कोल्हापूर वस्ती","कोल्हापूर वस्ती",
409,"Vengurle To Nigadi Via Ajara",Vengurle,Nigadi,AJARA,MO,33566,Pachwad,325.6,,,वेंगुर्ला,कोल्हापूर,182.5,08:30,13:20,NON,DAILY,"कोल्हापूर वस्ती","कोल्हापूर वस्ती",
409,"Vengurle To Nigadi Via Ajara",Vengurle,Nigadi,AJARA,MO,33460,Bhuinj,330.1,,,वेंगुर्ला,कोल्हापूर,182.5,08:30,13:20,NON,DAILY,"कोल्हापूर वस्ती","कोल्हापूर वस्ती",
409,"Vengurle To Nigadi Via Ajara",Vengurle,Nigadi,AJARA,MO,33588,"Surur Fata",340.6,,,वेंगुर्ला,कोल्हापूर,182.5,08:30,13:20,NON,DAILY,"कोल्हापूर वस्ती","कोल्हापूर वस्ती",
409,"Vengurle To Nigadi Via Ajara",Vengurle,Nigadi,AJARA,MO,29233,"Pargaon Khandala",353.5,,,वेंगुर्ला,कोल्हापूर,182.5,08:30,13:20,NON,DAILY,"कोल्हापूर वस्ती","कोल्हापूर वस्ती",
409,"Vengurle To Nigadi Via Ajara",Vengurle,Nigadi,AJARA,MO,8934,"Swargate, Pune",411,,,वेंगुर्ला,कोल्हापूर,182.5,08:30,13:20,NON,DAILY,"कोल्हापूर वस्ती","कोल्हापूर वस्ती",
409,"Vengurle To Nigadi Via Ajara",Vengurle,Nigadi,AJARA,MO,8888,"Pune Rly. Stn.",417.5,,,वेंगुर्ला,कोल्हापूर,182.5,08:30,13:20,NON,DAILY,"कोल्हापूर वस्ती","कोल्हापूर वस्ती",
409,"Vengurle To Nigadi Via Ajara",Vengurle,Nigadi,AJARA,MO,8922,"New Shivaji Nagar Pune",420.6,,,वेंगुर्ला,कोल्हापूर,182.5,08:30,13:20,NON,DAILY,"कोल्हापूर वस्ती","कोल्हापूर वस्ती",
409,"Vengurle To Nigadi Via Ajara",Vengurle,Nigadi,AJARA,MO,8951,"Vallabha Nagar",433.6,,,वेंगुर्ला,कोल्हापूर,182.5,08:30,13:20,NON,DAILY,"कोल्हापूर वस्ती","कोल्हापूर वस्ती",
409,"Vengurle To Nigadi Via Ajara",Vengurle,Nigadi,AJARA,MO,8761,Chinchwad,435.6,,,वेंगुर्ला,कोल्हापूर,182.5,08:30,13:20,NON,DAILY,"कोल्हापूर वस्ती","कोल्हापूर वस्ती",
409,"Vengurle To Nigadi Via Ajara",Vengurle,Nigadi,AJARA,MO,8873,Nigadi,439.6,,,वेंगुर्ला,कोल्हापूर,182.5,08:30,13:20,NON,DAILY,"कोल्हापूर वस्ती","कोल्हापूर वस्ती",
40937,"Vengurle To Rahatghar Ratnagiri Via Math",Vengurle,Rahataghar,,MO,9824,Vengurle,,,,वेंगुर्ला,"रत्नागिरी रहाटघर",189.1,06:30,12:45,NON,DAILY,,,
40937,"Vengurle To Rahatghar Ratnagiri Via Math",Vengurle,Rahataghar,,MO,9765,"Rameshwar Mandir",3.1,,,वेंगुर्ला,"रत्नागिरी रहाटघर",189.1,06:30,12:45,NON,DAILY,,,
40937,"Vengurle To Rahatghar Ratnagiri Via Math",Vengurle,Rahataghar,,MO,9665,Kankewadi,7.2,,,वेंगुर्ला,"रत्नागिरी रहाटघर",189.1,06:30,12:45,NON,DAILY,,,
40937,"Vengurle To Rahatghar Ratnagiri Via Math",Vengurle,Rahataghar,,MO,9709,"Math High School",8.2,,,वेंगुर्ला,"रत्नागिरी रहाटघर",189.1,06:30,12:45,NON,DAILY,,,
40937,"Vengurle To Rahatghar Ratnagiri Via Math",Vengurle,Rahataghar,,MO,9620,"Bowalekar Wadi",10,,,वेंगुर्ला,"रत्नागिरी रहाटघर",189.1,06:30,12:45,NON,DAILY,,,
40937,"Vengurle To Rahatghar Ratnagiri Via Math",Vengurle,Rahataghar,,MO,6238,"Kudal Titha",11.4,,,वेंगुर्ला,"रत्नागिरी रहाटघर",189.1,06:30,12:45,NON,DAILY,,,
40937,"Vengurle To Rahatghar Ratnagiri Via Math",Vengurle,Rahataghar,,MO,6398,"Shambhu Bhavani",13.3,,,वेंगुर्ला,"रत्नागिरी रहाटघर",189.1,06:30,12:45,NON,DAILY,,,
40937,"Vengurle To Rahatghar Ratnagiri Via Math",Vengurle,Rahataghar,,MO,6458,"Vetore Titha",14.1,,,वेंगुर्ला,"रत्नागिरी रहाटघर",189.1,06:30,12:45,NON,DAILY,,,
40937,"Vengurle To Rahatghar Ratnagiri Via Math",Vengurle,Rahataghar,,MO,6459,"Vetore Sub Stage",15.5,,,वेंगुर्ला,"रत्नागिरी रहाटघर",189.1,06:30,12:45,NON,DAILY,,,
40937,"Vengurle To Rahatghar Ratnagiri Via Math",Vengurle,Rahataghar,,MO,6160,"Dukanwad Fata",16,,,वेंगुर्ला,"रत्नागिरी रहाटघर",189.1,06:30,12:45,NON,DAILY,,,
40937,"Vengurle To Rahatghar Ratnagiri Via Math",Vengurle,Rahataghar,,MO,6461,Wadiwarawade,17.8,,,वेंगुर्ला,"रत्नागिरी रहाटघर",189.1,06:30,12:45,NON,DAILY,,,
40937,"Vengurle To Rahatghar Ratnagiri Via Math",Vengurle,Rahataghar,,MO,6423,Sativan,18.7,,,वेंगुर्ला,"रत्नागिरी रहाटघर",189.1,06:30,12:45,NON,DAILY,,,
40937,"Vengurle To Rahatghar Ratnagiri Via Math",Vengurle,Rahataghar,,MO,6376,"Pinguli Titha",22.1,,,वेंगुर्ला,"रत्नागिरी रहाटघर",189.1,06:30,12:45,NON,DAILY,,,
40937,"Vengurle To Rahatghar Ratnagiri Via Math",Vengurle,Rahataghar,,MO,6237,"Kudal St Depot",24.9,,,वेंगुर्ला,"रत्नागिरी रहाटघर",189.1,06:30,12:45,NON,DAILY,,,
40937,"Vengurle To Rahatghar Ratnagiri Via Math",Vengurle,Rahataghar,,MO,6240,"Kudal St Depot",27.1,,,वेंगुर्ला,"रत्नागिरी रहाटघर",189.1,06:30,12:45,NON,DAILY,,,
40937,"Vengurle To Rahatghar Ratnagiri Via Math",Vengurle,Rahataghar,,MO,6380,"Pawashi Panchayat",28.1,,,वेंगुर्ला,"रत्नागिरी रहाटघर",189.1,06:30,12:45,NON,DAILY,,,
40937,"Vengurle To Rahatghar Ratnagiri Via Math",Vengurle,Rahataghar,,MO,88100,Vetalbambarde,33.1,,,वेंगुर्ला,"रत्नागिरी रहाटघर",189.1,06:30,12:45,NON,DAILY,,,
40937,"Vengurle To Rahatghar Ratnagiri Via Math",Vengurle,Rahataghar,,MO,6378,"Pandur Titha",34,,,वेंगुर्ला,"रत्नागिरी रहाटघर",189.1,06:30,12:45,NON,DAILY,,,
40937,"Vengurle To Rahatghar Ratnagiri Via Math",Vengurle,Rahataghar,,MO,6206,"Humarmala Rane Dukan",37.3,,,वेंगुर्ला,"रत्नागिरी रहाटघर",189.1,06:30,12:45,NON,DAILY,,,
40937,"Vengurle To Rahatghar Ratnagiri Via Math",Vengurle,Rahataghar,,MO,6362,"Oros Bus Stnad",40.3,,,वेंगुर्ला,"रत्नागिरी रहाटघर",189.1,06:30,12:45,NON,DAILY,,,
40937,"Vengurle To Rahatghar Ratnagiri Via Math",Vengurle,Rahataghar,,MO,6116,Awali,43.5,,,वेंगुर्ला,"रत्नागिरी रहाटघर",189.1,06:30,12:45,NON,DAILY,,,
40937,"Vengurle To Rahatghar Ratnagiri Via Math",Vengurle,Rahataghar,,MO,6282,"Kasal Balamwadi",44.3,,,वेंगुर्ला,"रत्नागिरी रहाटघर",189.1,06:30,12:45,NON,DAILY,,,
40937,"Vengurle To Rahatghar Ratnagiri Via Math",Vengurle,Rahataghar,,MO,6281,Kasal,45.7,,,वेंगुर्ला,"रत्नागिरी रहाटघर",189.1,06:30,12:45,NON,DAILY,,,
40937,"Vengurle To Rahatghar Ratnagiri Via Math",Vengurle,Rahataghar,,MO,2889,"Osargaon Godaoon",49,,,वेंगुर्ला,"रत्नागिरी रहाटघर",189.1,06:30,12:45,NON,DAILY,,,
40937,"Vengurle To Rahatghar Ratnagiri Via Math",Vengurle,Rahataghar,,MO,2890,"Osargaon Post",50,,,वेंगुर्ला,"रत्नागिरी रहाटघर",189.1,06:30,12:45,NON,DAILY,,,
40937,"Vengurle To Rahatghar Ratnagiri Via Math",Vengurle,Rahataghar,,MO,2891,"Osargaon Talav",52.9,,,वेंगुर्ला,"रत्नागिरी रहाटघर",189.1,06:30,12:45,NON,DAILY,,,
40937,"Vengurle To Rahatghar Ratnagiri Via Math",Vengurle,Rahataghar,,MO,2692,Dangalwadi,54,,,वेंगुर्ला,"रत्नागिरी रहाटघर",189.1,06:30,12:45,NON,DAILY,,,
40937,"Vengurle To Rahatghar Ratnagiri Via Math",Vengurle,Rahataghar,,MO,3001,"Wagade Gpo",54.9,,,वेंगुर्ला,"रत्नागिरी रहाटघर",189.1,06:30,12:45,NON,DAILY,,,
40937,"Vengurle To Rahatghar Ratnagiri Via Math",Vengurle,Rahataghar,,MO,2786,Kankavli,60.1,,,वेंगुर्ला,"रत्नागिरी रहाटघर",189.1,06:30,12:45,NON,DAILY,,,
40937,"Vengurle To Rahatghar Ratnagiri Via Math",Vengurle,Rahataghar,,MO,2766,Janavali,63.9,,,वेंगुर्ला,"रत्नागिरी रहाटघर",189.1,06:30,12:45,NON,DAILY,,,
40937,"Vengurle To Rahatghar Ratnagiri Via Math",Vengurle,Rahataghar,,MO,2756,"Humrat Titha",68.2,,,वेंगुर्ला,"रत्नागिरी रहाटघर",189.1,06:30,12:45,NON,DAILY,,,
40937,"Vengurle To Rahatghar Ratnagiri Via Math",Vengurle,Rahataghar,,MO,2655,Belane,70.4,,,वेंगुर्ला,"रत्नागिरी रहाटघर",189.1,06:30,12:45,NON,DAILY,,,
40937,"Vengurle To Rahatghar Ratnagiri Via Math",Vengurle,Rahataghar,,MO,2870,"Nandgaon Datta Mandir",72.8,,,वेंगुर्ला,"रत्नागिरी रहाटघर",189.1,06:30,12:45,NON,DAILY,,,
40937,"Vengurle To Rahatghar Ratnagiri Via Math",Vengurle,Rahataghar,,MO,2871,"Nandgaon Fata",75,,,वेंगुर्ला,"रत्नागिरी रहाटघर",189.1,06:30,12:45,NON,DAILY,,,
40937,"Vengurle To Rahatghar Ratnagiri Via Math",Vengurle,Rahataghar,,MO,2872,"Nandgaon Nursary",76.3,,,वेंगुर्ला,"रत्नागिरी रहाटघर",189.1,06:30,12:45,NON,DAILY,,,
40937,"Vengurle To Rahatghar Ratnagiri Via Math",Vengurle,Rahataghar,,MO,2673,"Bramhan Wadi",80.1,,,वेंगुर्ला,"रत्नागिरी रहाटघर",189.1,06:30,12:45,NON,DAILY,,,
40937,"Vengurle To Rahatghar Ratnagiri Via Math",Vengurle,Rahataghar,,MO,2997,"Vijaydurg Fata",82.3,,,वेंगुर्ला,"रत्नागिरी रहाटघर",189.1,06:30,12:45,NON,DAILY,,,
40937,"Vengurle To Rahatghar Ratnagiri Via Math",Vengurle,Rahataghar,,MO,2982,Tarla,83.1,,,वेंगुर्ला,"रत्नागिरी रहाटघर",189.1,06:30,12:45,NON,DAILY,,,
40937,"Vengurle To Rahatghar Ratnagiri Via Math",Vengurle,Rahataghar,,MO,2844,"Mail Stone",85.9,,,वेंगुर्ला,"रत्नागिरी रहाटघर",189.1,06:30,12:45,NON,DAILY,,,
40937,"Vengurle To Rahatghar Ratnagiri Via Math",Vengurle,Rahataghar,,MO,2941,Saliste,88,,,वेंगुर्ला,"रत्नागिरी रहाटघर",189.1,06:30,12:45,NON,DAILY,,,
40937,"Vengurle To Rahatghar Ratnagiri Via Math",Vengurle,Rahataghar,,MO,2942,"Saliste Boudhawadi",90.1,,,वेंगुर्ला,"रत्नागिरी रहाटघर",189.1,06:30,12:45,NON,DAILY,,,
40937,"Vengurle To Rahatghar Ratnagiri Via Math",Vengurle,Rahataghar,,MO,3010,Wargaon,90.7,,,वेंगुर्ला,"रत्नागिरी रहाटघर",189.1,06:30,12:45,NON,DAILY,,,
40937,"Vengurle To Rahatghar Ratnagiri Via Math",Vengurle,Rahataghar,,MO,2648,Bambarwadi,91.5,,,वेंगुर्ला,"रत्नागिरी रहाटघर",189.1,06:30,12:45,NON,DAILY,,,
40937,"Vengurle To Rahatghar Ratnagiri Via Math",Vengurle,Rahataghar,,MO,2863,Nadgive,93.9,,,वेंगुर्ला,"रत्नागिरी रहाटघर",189.1,06:30,12:45,NON,DAILY,,,
40937,"Vengurle To Rahatghar Ratnagiri Via Math",Vengurle,Rahataghar,,MO,2861,"Mutat Fata",96.2,,,वेंगुर्ला,"रत्नागिरी रहाटघर",189.1,06:30,12:45,NON,DAILY,,,
40937,"Vengurle To Rahatghar Ratnagiri Via Math",Vengurle,Rahataghar,,MO,2812,Kharepatan,97.2,,,वेंगुर्ला,"रत्नागिरी रहाटघर",189.1,06:30,12:45,NON,DAILY,,,
40937,"Vengurle To Rahatghar Ratnagiri Via Math",Vengurle,Rahataghar,,MO,15236,"Takewadi School",100.3,,,वेंगुर्ला,"रत्नागिरी रहाटघर",189.1,06:30,12:45,NON,DAILY,,,
40937,"Vengurle To Rahatghar Ratnagiri Via Math",Vengurle,Rahataghar,,MO,14879,Panhale,102.7,,,वेंगुर्ला,"रत्नागिरी रहाटघर",189.1,06:30,12:45,NON,DAILY,,,
40937,"Vengurle To Rahatghar Ratnagiri Via Math",Vengurle,Rahataghar,,MO,14609,Kodiye,105.7,,,वेंगुर्ला,"रत्नागिरी रहाटघर",189.1,06:30,12:45,NON,DAILY,,,
40937,"Vengurle To Rahatghar Ratnagiri Via Math",Vengurle,Rahataghar,,MO,14521,"Hativale Jaitapur Fata",109.2,,,वेंगुर्ला,"रत्नागिरी रहाटघर",189.1,06:30,12:45,NON,DAILY,,,
40937,"Vengurle To Rahatghar Ratnagiri Via Math",Vengurle,Rahataghar,,MO,14473,"Ganga Tirtha Fata",113.8,,,वेंगुर्ला,"रत्नागिरी रहाटघर",189.1,06:30,12:45,NON,DAILY,,,
40937,"Vengurle To Rahatghar Ratnagiri Via Math",Vengurle,Rahataghar,,MO,15006,Rajapur,117.6,,,वेंगुर्ला,"रत्नागिरी रहाटघर",189.1,06:30,12:45,NON,DAILY,,,
40937,"Vengurle To Rahatghar Ratnagiri Via Math",Vengurle,Rahataghar,,MO,14735,"Musakazi Fata",118.2,,,वेंगुर्ला,"रत्नागिरी रहाटघर",189.1,06:30,12:45,NON,DAILY,,,
40937,"Vengurle To Rahatghar Ratnagiri Via Math",Vengurle,Rahataghar,,MO,14615,"Kodavali School",121.3,,,वेंगुर्ला,"रत्नागिरी रहाटघर",189.1,06:30,12:45,NON,DAILY,,,
40937,"Vengurle To Rahatghar Ratnagiri Via Math",Vengurle,Rahataghar,,MO,14831,Nerke,122.9,,,वेंगुर्ला,"रत्नागिरी रहाटघर",189.1,06:30,12:45,NON,DAILY,,,
40937,"Vengurle To Rahatghar Ratnagiri Via Math",Vengurle,Rahataghar,,MO,14574,"Kharavate Village/Sorap Shop",123.7,,,वेंगुर्ला,"रत्नागिरी रहाटघर",189.1,06:30,12:45,NON,DAILY,,,
40937,"Vengurle To Rahatghar Ratnagiri Via Math",Vengurle,Rahataghar,,MO,14719,"Kharavate Fata",124.6,,,वेंगुर्ला,"रत्नागिरी रहाटघर",189.1,06:30,12:45,NON,DAILY,,,
40937,"Vengurle To Rahatghar Ratnagiri Via Math",Vengurle,Rahataghar,,MO,89331,Oni,128.3,,,वेंगुर्ला,"रत्नागिरी रहाटघर",189.1,06:30,12:45,NON,DAILY,,,
40937,"Vengurle To Rahatghar Ratnagiri Via Math",Vengurle,Rahataghar,,MO,15159,"Shivane Fata",128.6,,,वेंगुर्ला,"रत्नागिरी रहाटघर",189.1,06:30,12:45,NON,DAILY,,,
40937,"Vengurle To Rahatghar Ratnagiri Via Math",Vengurle,Rahataghar,,MO,15325,"Yerdav Fata",130.1,,,वेंगुर्ला,"रत्नागिरी रहाटघर",189.1,06:30,12:45,NON,DAILY,,,
40937,"Vengurle To Rahatghar Ratnagiri Via Math",Vengurle,Rahataghar,,MO,15316,"Watul Titha",133.7,,,वेंगुर्ला,"रत्नागिरी रहाटघर",189.1,06:30,12:45,NON,DAILY,,,
40937,"Vengurle To Rahatghar Ratnagiri Via Math",Vengurle,Rahataghar,,MO,15295,"Waked Laxmi Garden",136.7,,,वेंगुर्ला,"रत्नागिरी रहाटघर",189.1,06:30,12:45,NON,DAILY,,,
40937,"Vengurle To Rahatghar Ratnagiri Via Math",Vengurle,Rahataghar,,MO,14720,Kuwa,142.2,,,वेंगुर्ला,"रत्नागिरी रहाटघर",189.1,06:30,12:45,NON,DAILY,,,
40937,"Vengurle To Rahatghar Ratnagiri Via Math",Vengurle,Rahataghar,,MO,13286,Lanja,146.8,,,वेंगुर्ला,"रत्नागिरी रहाटघर",189.1,06:30,12:45,NON,DAILY,,,
40937,"Vengurle To Rahatghar Ratnagiri Via Math",Vengurle,Rahataghar,,MO,13276,"Lanja Poultry Farm",148.6,,,वेंगुर्ला,"रत्नागिरी रहाटघर",189.1,06:30,12:45,NON,DAILY,,,
40937,"Vengurle To Rahatghar Ratnagiri Via Math",Vengurle,Rahataghar,,MO,13277,"Lanja Agri. Farm",150.6,,,वेंगुर्ला,"रत्नागिरी रहाटघर",189.1,06:30,12:45,NON,DAILY,,,
40937,"Vengurle To Rahatghar Ratnagiri Via Math",Vengurle,Rahataghar,,MO,13011,"Devle Hed Pavas Fata",152.3,,,वेंगुर्ला,"रत्नागिरी रहाटघर",189.1,06:30,12:45,NON,DAILY,,,
40937,"Vengurle To Rahatghar Ratnagiri Via Math",Vengurle,Rahataghar,,MO,13573,Veral,154.7,,,वेंगुर्ला,"रत्नागिरी रहाटघर",189.1,06:30,12:45,NON,DAILY,,,
40937,"Vengurle To Rahatghar Ratnagiri Via Math",Vengurle,Rahataghar,,MO,12889,"Anjanari Bridge",157.2,,,वेंगुर्ला,"रत्नागिरी रहाटघर",189.1,06:30,12:45,NON,DAILY,,,
40937,"Vengurle To Rahatghar Ratnagiri Via Math",Vengurle,Rahataghar,,MO,13297,Math,160.6,,,वेंगुर्ला,"रत्नागिरी रहाटघर",189.1,06:30,12:45,NON,DAILY,,,
40937,"Vengurle To Rahatghar Ratnagiri Via Math",Vengurle,Rahataghar,,MO,13157,Khanu,163.1,,,वेंगुर्ला,"रत्नागिरी रहाटघर",189.1,06:30,12:45,NON,DAILY,,,
40937,"Vengurle To Rahatghar Ratnagiri Via Math",Vengurle,Rahataghar,,MO,16416,Pali,164.9,,,वेंगुर्ला,"रत्नागिरी रहाटघर",189.1,06:30,12:45,NON,DAILY,,,
40937,"Vengurle To Rahatghar Ratnagiri Via Math",Vengurle,Rahataghar,,MO,15946,Kapadagaon,170,,,वेंगुर्ला,"रत्नागिरी रहाटघर",189.1,06:30,12:45,NON,DAILY,,,
40937,"Vengurle To Rahatghar Ratnagiri Via Math",Vengurle,Rahataghar,,MO,16628,Shetifarm,171.9,,,वेंगुर्ला,"रत्नागिरी रहाटघर",189.1,06:30,12:45,NON,DAILY,,,
40937,"Vengurle To Rahatghar Ratnagiri Via Math",Vengurle,Rahataghar,,MO,15833,"Hatakhamba Gaon",174.5,,,वेंगुर्ला,"रत्नागिरी रहाटघर",189.1,06:30,12:45,NON,DAILY,,,
40937,"Vengurle To Rahatghar Ratnagiri Via Math",Vengurle,Rahataghar,,MO,15851,Hatkhamba,176.1,,,वेंगुर्ला,"रत्नागिरी रहाटघर",189.1,06:30,12:45,NON,DAILY,,,
40937,"Vengurle To Rahatghar Ratnagiri Via Math",Vengurle,Rahataghar,,MO,16466,"Panval Fata",177.5,,,वेंगुर्ला,"रत्नागिरी रहाटघर",189.1,06:30,12:45,NON,DAILY,,,
40937,"Vengurle To Rahatghar Ratnagiri Via Math",Vengurle,Rahataghar,,MO,15979,"Khedshi Fata",179.5,,,वेंगुर्ला,"रत्नागिरी रहाटघर",189.1,06:30,12:45,NON,DAILY,,,
40937,"Vengurle To Rahatghar Ratnagiri Via Math",Vengurle,Rahataghar,,MO,16563,"Railway Station",182,,,वेंगुर्ला,"रत्नागिरी रहाटघर",189.1,06:30,12:45,NON,DAILY,,,
40937,"Vengurle To Rahatghar Ratnagiri Via Math",Vengurle,Rahataghar,,MO,16108,Kuravbao,182.5,,,वेंगुर्ला,"रत्नागिरी रहाटघर",189.1,06:30,12:45,NON,DAILY,,,
40937,"Vengurle To Rahatghar Ratnagiri Via Math",Vengurle,Rahataghar,,MO,16679,"Salvi Stop",184.1,,,वेंगुर्ला,"रत्नागिरी रहाटघर",189.1,06:30,12:45,NON,DAILY,,,
40937,"Vengurle To Rahatghar Ratnagiri Via Math",Vengurle,Rahataghar,,MO,16781,Trp,185.1,,,वेंगुर्ला,"रत्नागिरी रहाटघर",189.1,06:30,12:45,NON,DAILY,,,
40937,"Vengurle To Rahatghar Ratnagiri Via Math",Vengurle,Rahataghar,,MO,16663,Shivajinagar,186.1,,,वेंगुर्ला,"रत्नागिरी रहाटघर",189.1,06:30,12:45,NON,DAILY,,,
40937,"Vengurle To Rahatghar Ratnagiri Via Math",Vengurle,Rahataghar,,MO,16277,"Maruti Dewoul",187.6,,,वेंगुर्ला,"रत्नागिरी रहाटघर",189.1,06:30,12:45,NON,DAILY,,,
40937,"Vengurle To Rahatghar Ratnagiri Via Math",Vengurle,Rahataghar,,MO,16599,Ratnagiri,188.1,,,वेंगुर्ला,"रत्नागिरी रहाटघर",189.1,06:30,12:45,NON,DAILY,,,
40937,"Vengurle To Rahatghar Ratnagiri Via Math",Vengurle,Rahataghar,,MO,16548,Rahataghar,189.1,,,वेंगुर्ला,"रत्नागिरी रहाटघर",189.1,06:30,12:45,NON,DAILY,,,
40009,"Vengurle To Sangli Via Gbd Dabholi",Vengurle,Sangli,,MO,9824,Vengurle,,,,वेंगुर्ला,सांगली,220.3,11:30,18:00,NON,DAILY,,,
40009,"Vengurle To Sangli Via Gbd Dabholi",Vengurle,Sangli,,MO,9697,"Lokhandewadi Titha",5.8,,,वेंगुर्ला,सांगली,220.3,11:30,18:00,NON,DAILY,,,
40009,"Vengurle To Sangli Via Gbd Dabholi",Vengurle,Sangli,,MO,9627,"Dabholi Waingani Titha",6.9,,,वेंगुर्ला,सांगली,220.3,11:30,18:00,NON,DAILY,,,
40009,"Vengurle To Sangli Via Gbd Dabholi",Vengurle,Sangli,,MO,9620,"Bowalekar Wadi",12.4,,,वेंगुर्ला,सांगली,220.3,11:30,18:00,NON,DAILY,,,
40009,"Vengurle To Sangli Via Gbd Dabholi",Vengurle,Sangli,,MO,9678,"Khanoli Rawalnath Mandir",16.1,,,वेंगुर्ला,सांगली,220.3,11:30,18:00,NON,DAILY,,,
40009,"Vengurle To Sangli Via Gbd Dabholi",Vengurle,Sangli,,MO,9829,"Vetore Sateri Mandir",19.2,,,वेंगुर्ला,सांगली,220.3,11:30,18:00,NON,DAILY,,,
40009,"Vengurle To Sangli Via Gbd Dabholi",Vengurle,Sangli,,MO,6459,"Vetore Sub Stage",20.2,,,वेंगुर्ला,सांगली,220.3,11:30,18:00,NON,DAILY,,,
40009,"Vengurle To Sangli Via Gbd Dabholi",Vengurle,Sangli,,MO,6423,Sativan,20.6,,,वेंगुर्ला,सांगली,220.3,11:30,18:00,NON,DAILY,,,
40009,"Vengurle To Sangli Via Gbd Dabholi",Vengurle,Sangli,,MO,6376,"Pinguli Titha",24,,,वेंगुर्ला,सांगली,220.3,11:30,18:00,NON,DAILY,,,
40009,"Vengurle To Sangli Via Gbd Dabholi",Vengurle,Sangli,,MO,6237,"Kudal St Depot",26.8,,,वेंगुर्ला,सांगली,220.3,11:30,18:00,NON,DAILY,,,
40009,"Vengurle To Sangli Via Gbd Dabholi",Vengurle,Sangli,,MO,6240,"Kudal St Depot",29.3,,,वेंगुर्ला,सांगली,220.3,11:30,18:00,NON,DAILY,,,
40009,"Vengurle To Sangli Via Gbd Dabholi",Vengurle,Sangli,,MO,6380,"Pawashi Panchayat",30.3,,,वेंगुर्ला,सांगली,220.3,11:30,18:00,NON,DAILY,,,
40009,"Vengurle To Sangli Via Gbd Dabholi",Vengurle,Sangli,,MO,88100,Vetalbambarde,33.3,,,वेंगुर्ला,सांगली,220.3,11:30,18:00,NON,DAILY,,,
40009,"Vengurle To Sangli Via Gbd Dabholi",Vengurle,Sangli,,MO,6365,Pandur,35.9,,,वेंगुर्ला,सांगली,220.3,11:30,18:00,NON,DAILY,,,
40009,"Vengurle To Sangli Via Gbd Dabholi",Vengurle,Sangli,,MO,6204,"Humarmala Kasale Dukan",38.7,,,वेंगुर्ला,सांगली,220.3,11:30,18:00,NON,DAILY,,,
40009,"Vengurle To Sangli Via Gbd Dabholi",Vengurle,Sangli,,MO,6362,"Oros Bus Stnad",42.2,,,वेंगुर्ला,सांगली,220.3,11:30,18:00,NON,DAILY,,,
40009,"Vengurle To Sangli Via Gbd Dabholi",Vengurle,Sangli,,MO,6116,Awali,45,,,वेंगुर्ला,सांगली,220.3,11:30,18:00,NON,DAILY,,,
40009,"Vengurle To Sangli Via Gbd Dabholi",Vengurle,Sangli,,MO,6281,Kasal,47.6,,,वेंगुर्ला,सांगली,220.3,11:30,18:00,NON,DAILY,,,
40009,"Vengurle To Sangli Via Gbd Dabholi",Vengurle,Sangli,,MO,2890,"Osargaon Post",51.9,,,वेंगुर्ला,सांगली,220.3,11:30,18:00,NON,DAILY,,,
40009,"Vengurle To Sangli Via Gbd Dabholi",Vengurle,Sangli,,MO,2891,"Osargaon Talav",54.8,,,वेंगुर्ला,सांगली,220.3,11:30,18:00,NON,DAILY,,,
40009,"Vengurle To Sangli Via Gbd Dabholi",Vengurle,Sangli,,MO,2692,Dangalwadi,55.9,,,वेंगुर्ला,सांगली,220.3,11:30,18:00,NON,DAILY,,,
40009,"Vengurle To Sangli Via Gbd Dabholi",Vengurle,Sangli,,MO,3001,"Wagade Gpo",56.8,,,वेंगुर्ला,सांगली,220.3,11:30,18:00,NON,DAILY,,,
40009,"Vengurle To Sangli Via Gbd Dabholi",Vengurle,Sangli,,MO,2786,Kankavli,62,,,वेंगुर्ला,सांगली,220.3,11:30,18:00,NON,DAILY,,,
40009,"Vengurle To Sangli Via Gbd Dabholi",Vengurle,Sangli,,MO,2766,Janavali,65.8,,,वेंगुर्ला,सांगली,220.3,11:30,18:00,NON,DAILY,,,
40009,"Vengurle To Sangli Via Gbd Dabholi",Vengurle,Sangli,,MO,2756,"Humrat Titha",70.1,,,वेंगुर्ला,सांगली,220.3,11:30,18:00,NON,DAILY,,,
40009,"Vengurle To Sangli Via Gbd Dabholi",Vengurle,Sangli,,MO,2655,Belane,72.3,,,वेंगुर्ला,सांगली,220.3,11:30,18:00,NON,DAILY,,,
40009,"Vengurle To Sangli Via Gbd Dabholi",Vengurle,Sangli,,MO,2870,"Nandgaon Datta Mandir",74.7,,,वेंगुर्ला,सांगली,220.3,11:30,18:00,NON,DAILY,,,
40009,"Vengurle To Sangli Via Gbd Dabholi",Vengurle,Sangli,,MO,2871,"Nandgaon Fata",76.9,,,वेंगुर्ला,सांगली,220.3,11:30,18:00,NON,DAILY,,,
40009,"Vengurle To Sangli Via Gbd Dabholi",Vengurle,Sangli,,MO,2872,"Nandgaon Nursary",78.2,,,वेंगुर्ला,सांगली,220.3,11:30,18:00,NON,DAILY,,,
40009,"Vengurle To Sangli Via Gbd Dabholi",Vengurle,Sangli,,MO,2673,"Bramhan Wadi",82,,,वेंगुर्ला,सांगली,220.3,11:30,18:00,NON,DAILY,,,
40009,"Vengurle To Sangli Via Gbd Dabholi",Vengurle,Sangli,,MO,2982,Tarla,85,,,वेंगुर्ला,सांगली,220.3,11:30,18:00,NON,DAILY,,,
40009,"Vengurle To Sangli Via Gbd Dabholi",Vengurle,Sangli,,MO,2796,"Kasarde Buddhawadi",86.7,,,वेंगुर्ला,सांगली,220.3,11:30,18:00,NON,DAILY,,,
40009,"Vengurle To Sangli Via Gbd Dabholi",Vengurle,Sangli,,MO,9278,Tamhanarwadi,90.2,,,वेंगुर्ला,सांगली,220.3,11:30,18:00,NON,DAILY,,,
40009,"Vengurle To Sangli Via Gbd Dabholi",Vengurle,Sangli,,MO,9241,Nadhawade,92.9,,,वेंगुर्ला,सांगली,220.3,11:30,18:00,NON,DAILY,,,
40009,"Vengurle To Sangli Via Gbd Dabholi",Vengurle,Sangli,,MO,9213,"Kasale Wadi",94.2,,,वेंगुर्ला,सांगली,220.3,11:30,18:00,NON,DAILY,,,
40009,"Vengurle To Sangli Via Gbd Dabholi",Vengurle,Sangli,,MO,9181,Bandhwadi,96.2,,,वेंगुर्ला,सांगली,220.3,11:30,18:00,NON,DAILY,,,
40009,"Vengurle To Sangli Via Gbd Dabholi",Vengurle,Sangli,,MO,9291,Vaibhavwadi,99.2,,,वेंगुर्ला,सांगली,220.3,11:30,18:00,NON,DAILY,,,
40009,"Vengurle To Sangli Via Gbd Dabholi",Vengurle,Sangli,,MO,9194,Edgaon,101.1,,,वेंगुर्ला,सांगली,220.3,11:30,18:00,NON,DAILY,,,
40009,"Vengurle To Sangli Via Gbd Dabholi",Vengurle,Sangli,,MO,9297,"Water Tank",102.2,,,वेंगुर्ला,सांगली,220.3,11:30,18:00,NON,DAILY,,,
40009,"Vengurle To Sangli Via Gbd Dabholi",Vengurle,Sangli,,MO,9208,Jamadarwadi,105.2,,,वेंगुर्ला,सांगली,220.3,11:30,18:00,NON,DAILY,,,
40009,"Vengurle To Sangli Via Gbd Dabholi",Vengurle,Sangli,,MO,9212,"Karul High School",106.7,,,वेंगुर्ला,सांगली,220.3,11:30,18:00,NON,DAILY,,,
40009,"Vengurle To Sangli Via Gbd Dabholi",Vengurle,Sangli,,MO,9182,Bhattiwadi,108.2,,,वेंगुर्ला,सांगली,220.3,11:30,18:00,NON,DAILY,,,
40009,"Vengurle To Sangli Via Gbd Dabholi",Vengurle,Sangli,,MO,23733,Gaganbawda,117.2,,,वेंगुर्ला,सांगली,220.3,11:30,18:00,NON,DAILY,,,
40009,"Vengurle To Sangli Via Gbd Dabholi",Vengurle,Sangli,,MO,25406,"Rest House",118.9,,,वेंगुर्ला,सांगली,220.3,11:30,18:00,NON,DAILY,,,
40009,"Vengurle To Sangli Via Gbd Dabholi",Vengurle,Sangli,,MO,23150,"Borbet Garivade Fata",121.3,,,वेंगुर्ला,सांगली,220.3,11:30,18:00,NON,DAILY,,,
40009,"Vengurle To Sangli Via Gbd Dabholi",Vengurle,Sangli,,MO,25139,Pargavkarwadi,122.4,,,वेंगुर्ला,सांगली,220.3,11:30,18:00,NON,DAILY,,,
40009,"Vengurle To Sangli Via Gbd Dabholi",Vengurle,Sangli,,MO,25236,"Pargaonkarwadi Fata",124.4,,,वेंगुर्ला,सांगली,220.3,11:30,18:00,NON,DAILY,,,
40009,"Vengurle To Sangli Via Gbd Dabholi",Vengurle,Sangli,,MO,23085,Aslaj,127.1,,,वेंगुर्ला,सांगली,220.3,11:30,18:00,NON,DAILY,,,
40009,"Vengurle To Sangli Via Gbd Dabholi",Vengurle,Sangli,,MO,25155,"Padalwadi Fata",130.1,,,वेंगुर्ला,सांगली,220.3,11:30,18:00,NON,DAILY,,,
40009,"Vengurle To Sangli Via Gbd Dabholi",Vengurle,Sangli,,MO,30326,"Andur Fata",133.4,,,वेंगुर्ला,सांगली,220.3,11:30,18:00,NON,DAILY,,,
40009,"Vengurle To Sangli Via Gbd Dabholi",Vengurle,Sangli,,MO,24452,"Khopadewadi Fata",136.5,,,वेंगुर्ला,सांगली,220.3,11:30,18:00,NON,DAILY,,,
40009,"Vengurle To Sangli Via Gbd Dabholi",Vengurle,Sangli,,MO,24891,"Margewadi Gaon",139,,,वेंगुर्ला,सांगली,220.3,11:30,18:00,NON,DAILY,,,
40009,"Vengurle To Sangli Via Gbd Dabholi",Vengurle,Sangli,,MO,25627,Salvan,141.8,,,वेंगुर्ला,सांगली,220.3,11:30,18:00,NON,DAILY,,,
40009,"Vengurle To Sangli Via Gbd Dabholi",Vengurle,Sangli,,MO,26015,"Vetwade Fata",142.6,,,वेंगुर्ला,सांगली,220.3,11:30,18:00,NON,DAILY,,,
40009,"Vengurle To Sangli Via Gbd Dabholi",Vengurle,Sangli,,MO,25612,Sakhari,144.4,,,वेंगुर्ला,सांगली,220.3,11:30,18:00,NON,DAILY,,,
40009,"Vengurle To Sangli Via Gbd Dabholi",Vengurle,Sangli,,MO,24331,Kirve,147.4,,,वेंगुर्ला,सांगली,220.3,11:30,18:00,NON,DAILY,,,
40009,"Vengurle To Sangli Via Gbd Dabholi",Vengurle,Sangli,,MO,24614,Londhe,147.4,,,वेंगुर्ला,सांगली,220.3,11:30,18:00,NON,DAILY,,,
40009,"Vengurle To Sangli Via Gbd Dabholi",Vengurle,Sangli,,MO,24940,Mukteshwar,148,,,वेंगुर्ला,सांगली,220.3,11:30,18:00,NON,DAILY,,,
40009,"Vengurle To Sangli Via Gbd Dabholi",Vengurle,Sangli,,MO,24361,"Kale Canteen",152.4,,,वेंगुर्ला,सांगली,220.3,11:30,18:00,NON,DAILY,,,
40009,"Vengurle To Sangli Via Gbd Dabholi",Vengurle,Sangli,,MO,23390,Chinchvade,154.6,,,वेंगुर्ला,सांगली,220.3,11:30,18:00,NON,DAILY,,,
40009,"Vengurle To Sangli Via Gbd Dabholi",Vengurle,Sangli,,MO,23119,Bhamate,155.5,,,वेंगुर्ला,सांगली,220.3,11:30,18:00,NON,DAILY,,,
40009,"Vengurle To Sangli Via Gbd Dabholi",Vengurle,Sangli,,MO,24352,Kalamba,156.4,,,वेंगुर्ला,सांगली,220.3,11:30,18:00,NON,DAILY,,,
40009,"Vengurle To Sangli Via Gbd Dabholi",Vengurle,Sangli,,MO,30585,Aadoor,157.3,,,वेंगुर्ला,सांगली,220.3,11:30,18:00,NON,DAILY,,,
40009,"Vengurle To Sangli Via Gbd Dabholi",Vengurle,Sangli,,MO,24253,"Kuditre Factory",159.3,,,वेंगुर्ला,सांगली,220.3,11:30,18:00,NON,DAILY,,,
40009,"Vengurle To Sangli Via Gbd Dabholi",Vengurle,Sangli,,MO,23598,Donawade,163.1,,,वेंगुर्ला,सांगली,220.3,11:30,18:00,NON,DAILY,,,
40009,"Vengurle To Sangli Via Gbd Dabholi",Vengurle,Sangli,,MO,25156,"Padal Fata",163.3,,,वेंगुर्ला,सांगली,220.3,11:30,18:00,NON,DAILY,,,
40009,"Vengurle To Sangli Via Gbd Dabholi",Vengurle,Sangli,,MO,23699,"Fulewadi Octroi Naka",164.7,,,वेंगुर्ला,सांगली,220.3,11:30,18:00,NON,DAILY,,,
40009,"Vengurle To Sangli Via Gbd Dabholi",Vengurle,Sangli,,MO,25400,Rankala,168.9,,,वेंगुर्ला,सांगली,220.3,11:30,18:00,NON,DAILY,,,
40009,"Vengurle To Sangli Via Gbd Dabholi",Vengurle,Sangli,,MO,23625,"Dasara Chwok",171.5,,,वेंगुर्ला,सांगली,220.3,11:30,18:00,NON,DAILY,,,
40009,"Vengurle To Sangli Via Gbd Dabholi",Vengurle,Sangli,,MO,24359,Kolhapur,173.6,,,वेंगुर्ला,सांगली,220.3,11:30,18:00,NON,DAILY,,,
40009,"Vengurle To Sangli Via Gbd Dabholi",Vengurle,Sangli,,MO,25536,"Shahu Market Yard",176.2,,,वेंगुर्ला,सांगली,220.3,11:30,18:00,NON,DAILY,,,
40009,"Vengurle To Sangli Via Gbd Dabholi",Vengurle,Sangli,,MO,25701,"Shiroli Fata",177.3,,,वेंगुर्ला,सांगली,220.3,11:30,18:00,NON,DAILY,,,
40009,"Vengurle To Sangli Via Gbd Dabholi",Vengurle,Sangli,,MO,23235,"Bhikar Kadgaon Fata",180.3,,,वेंगुर्ला,सांगली,220.3,11:30,18:00,NON,DAILY,,,
40009,"Vengurle To Sangli Via Gbd Dabholi",Vengurle,Sangli,,MO,23093,Atigre,185.9,,,वेंगुर्ला,सांगली,220.3,11:30,18:00,NON,DAILY,,,
40009,"Vengurle To Sangli Via Gbd Dabholi",Vengurle,Sangli,,MO,25373,"Ramling Fata",192.5,,,वेंगुर्ला,सांगली,220.3,11:30,18:00,NON,DAILY,,,
40009,"Vengurle To Sangli Via Gbd Dabholi",Vengurle,Sangli,,MO,24013,Hatkanangale,194.7,,,वेंगुर्ला,सांगली,220.3,11:30,18:00,NON,DAILY,,,
40009,"Vengurle To Sangli Via Gbd Dabholi",Vengurle,Sangli,,MO,25809,Tambadege,201,,,वेंगुर्ला,सांगली,220.3,11:30,18:00,NON,DAILY,,,
40009,"Vengurle To Sangli Via Gbd Dabholi",Vengurle,Sangli,,MO,25000,Nimshirgaon,203.1,,,वेंगुर्ला,सांगली,220.3,11:30,18:00,NON,DAILY,,,
40009,"Vengurle To Sangli Via Gbd Dabholi",Vengurle,Sangli,,MO,24279,"Kondigre Chouki",205.3,,,वेंगुर्ला,सांगली,220.3,11:30,18:00,NON,DAILY,,,
40009,"Vengurle To Sangli Via Gbd Dabholi",Vengurle,Sangli,,MO,23465,"Chipari Fata",205.9,,,वेंगुर्ला,सांगली,220.3,11:30,18:00,NON,DAILY,,,
40009,"Vengurle To Sangli Via Gbd Dabholi",Vengurle,Sangli,,MO,24134,Jaisingpur,211.4,,,वेंगुर्ला,सांगली,220.3,11:30,18:00,NON,DAILY,,,
40009,"Vengurle To Sangli Via Gbd Dabholi",Vengurle,Sangli,,MO,33649,Ankali,215.1,,,वेंगुर्ला,सांगली,220.3,11:30,18:00,NON,DAILY,,,
40009,"Vengurle To Sangli Via Gbd Dabholi",Vengurle,Sangli,,MO,34093,Sangli,220.3,,,वेंगुर्ला,सांगली,220.3,11:30,18:00,NON,DAILY,,,
40516,"Vengurle To Akkalkot Via Gbd",Vengurle,Akkalkot,,MO,9824,Vengurle,,,,वेंगुर्ला,कोल्हापूर,172.8,07:00,11:45,NON,DAILY,"कोल्हापूर वस्ती","कोल्हापूर वस्ती",
40516,"Vengurle To Akkalkot Via Gbd",Vengurle,Akkalkot,,MO,9708,"Maruti Mandir",1.4,,,वेंगुर्ला,कोल्हापूर,172.8,07:00,11:45,NON,DAILY,"कोल्हापूर वस्ती","कोल्हापूर वस्ती",
40516,"Vengurle To Akkalkot Via Gbd",Vengurle,Akkalkot,,MO,9665,Kankewadi,2.9,,,वेंगुर्ला,कोल्हापूर,172.8,07:00,11:45,NON,DAILY,"कोल्हापूर वस्ती","कोल्हापूर वस्ती",
40516,"Vengurle To Akkalkot Via Gbd",Vengurle,Akkalkot,,MO,9709,"Math High School",4.9,,,वेंगुर्ला,कोल्हापूर,172.8,07:00,11:45,NON,DAILY,"कोल्हापूर वस्ती","कोल्हापूर वस्ती",
40516,"Vengurle To Akkalkot Via Gbd",Vengurle,Akkalkot,,MO,9620,"Bowalekar Wadi",6.9,,,वेंगुर्ला,कोल्हापूर,172.8,07:00,11:45,NON,DAILY,"कोल्हापूर वस्ती","कोल्हापूर वस्ती",
40516,"Vengurle To Akkalkot Via Gbd",Vengurle,Akkalkot,,MO,6398,"Shambhu Bhavani",9.9,,,वेंगुर्ला,कोल्हापूर,172.8,07:00,11:45,NON,DAILY,"कोल्हापूर वस्ती","कोल्हापूर वस्ती",
40516,"Vengurle To Akkalkot Via Gbd",Vengurle,Akkalkot,,MO,6458,"Vetore Titha",10.9,,,वेंगुर्ला,कोल्हापूर,172.8,07:00,11:45,NON,DAILY,"कोल्हापूर वस्ती","कोल्हापूर वस्ती",
40516,"Vengurle To Akkalkot Via Gbd",Vengurle,Akkalkot,,MO,6457,"Vetore High School",11.9,,,वेंगुर्ला,कोल्हापूर,172.8,07:00,11:45,NON,DAILY,"कोल्हापूर वस्ती","कोल्हापूर वस्ती",
40516,"Vengurle To Akkalkot Via Gbd",Vengurle,Akkalkot,,MO,6112,"Adosewadi Fata",12.3,,,वेंगुर्ला,कोल्हापूर,172.8,07:00,11:45,NON,DAILY,"कोल्हापूर वस्ती","कोल्हापूर वस्ती",
40516,"Vengurle To Akkalkot Via Gbd",Vengurle,Akkalkot,,MO,6461,Wadiwarawade,13.9,,,वेंगुर्ला,कोल्हापूर,172.8,07:00,11:45,NON,DAILY,"कोल्हापूर वस्ती","कोल्हापूर वस्ती",
40516,"Vengurle To Akkalkot Via Gbd",Vengurle,Akkalkot,,MO,6423,Sativan,15.5,,,वेंगुर्ला,कोल्हापूर,172.8,07:00,11:45,NON,DAILY,"कोल्हापूर वस्ती","कोल्हापूर वस्ती",
40516,"Vengurle To Akkalkot Via Gbd",Vengurle,Akkalkot,,MO,6376,"Pinguli Titha",18.9,,,वेंगुर्ला,कोल्हापूर,172.8,07:00,11:45,NON,DAILY,"कोल्हापूर वस्ती","कोल्हापूर वस्ती",
40516,"Vengurle To Akkalkot Via Gbd",Vengurle,Akkalkot,,MO,6237,"Kudal St Depot",23.7,,,वेंगुर्ला,कोल्हापूर,172.8,07:00,11:45,NON,DAILY,"कोल्हापूर वस्ती","कोल्हापूर वस्ती",
40516,"Vengurle To Akkalkot Via Gbd",Vengurle,Akkalkot,,MO,6240,"Kudal St Depot",25.2,,,वेंगुर्ला,कोल्हापूर,172.8,07:00,11:45,NON,DAILY,"कोल्हापूर वस्ती","कोल्हापूर वस्ती",
40516,"Vengurle To Akkalkot Via Gbd",Vengurle,Akkalkot,,MO,6380,"Pawashi Panchayat",26.9,,,वेंगुर्ला,कोल्हापूर,172.8,07:00,11:45,NON,DAILY,"कोल्हापूर वस्ती","कोल्हापूर वस्ती",
40516,"Vengurle To Akkalkot Via Gbd",Vengurle,Akkalkot,,MO,88100,Vetalbambarde,29.9,,,वेंगुर्ला,कोल्हापूर,172.8,07:00,11:45,NON,DAILY,"कोल्हापूर वस्ती","कोल्हापूर वस्ती",
40516,"Vengurle To Akkalkot Via Gbd",Vengurle,Akkalkot,,MO,6365,Pandur,32.1,,,वेंगुर्ला,कोल्हापूर,172.8,07:00,11:45,NON,DAILY,"कोल्हापूर वस्ती","कोल्हापूर वस्ती",
40516,"Vengurle To Akkalkot Via Gbd",Vengurle,Akkalkot,,MO,6204,"Humarmala Kasale Dukan",36.1,,,वेंगुर्ला,कोल्हापूर,172.8,07:00,11:45,NON,DAILY,"कोल्हापूर वस्ती","कोल्हापूर वस्ती",
40516,"Vengurle To Akkalkot Via Gbd",Vengurle,Akkalkot,,MO,6362,"Oros Bus Stnad",39.2,,,वेंगुर्ला,कोल्हापूर,172.8,07:00,11:45,NON,DAILY,"कोल्हापूर वस्ती","कोल्हापूर वस्ती",
40516,"Vengurle To Akkalkot Via Gbd",Vengurle,Akkalkot,,MO,6226,"Jaitapkar Colany",40.4,,,वेंगुर्ला,कोल्हापूर,172.8,07:00,11:45,NON,DAILY,"कोल्हापूर वस्ती","कोल्हापूर वस्ती",
40516,"Vengurle To Akkalkot Via Gbd",Vengurle,Akkalkot,,MO,6116,Awali,41.1,,,वेंगुर्ला,कोल्हापूर,172.8,07:00,11:45,NON,DAILY,"कोल्हापूर वस्ती","कोल्हापूर वस्ती",
40516,"Vengurle To Akkalkot Via Gbd",Vengurle,Akkalkot,,MO,6281,Kasal,44.8,,,वेंगुर्ला,कोल्हापूर,172.8,07:00,11:45,NON,DAILY,"कोल्हापूर वस्ती","कोल्हापूर वस्ती",
40516,"Vengurle To Akkalkot Via Gbd",Vengurle,Akkalkot,,MO,2889,"Osargaon Godaoon",48.9,,,वेंगुर्ला,कोल्हापूर,172.8,07:00,11:45,NON,DAILY,"कोल्हापूर वस्ती","कोल्हापूर वस्ती",
40516,"Vengurle To Akkalkot Via Gbd",Vengurle,Akkalkot,,MO,2890,"Osargaon Post",50.9,,,वेंगुर्ला,कोल्हापूर,172.8,07:00,11:45,NON,DAILY,"कोल्हापूर वस्ती","कोल्हापूर वस्ती",
40516,"Vengurle To Akkalkot Via Gbd",Vengurle,Akkalkot,,MO,2891,"Osargaon Talav",51.9,,,वेंगुर्ला,कोल्हापूर,172.8,07:00,11:45,NON,DAILY,"कोल्हापूर वस्ती","कोल्हापूर वस्ती",
40516,"Vengurle To Akkalkot Via Gbd",Vengurle,Akkalkot,,MO,2692,Dangalwadi,54.8,,,वेंगुर्ला,कोल्हापूर,172.8,07:00,11:45,NON,DAILY,"कोल्हापूर वस्ती","कोल्हापूर वस्ती",
40516,"Vengurle To Akkalkot Via Gbd",Vengurle,Akkalkot,,MO,3001,"Wagade Gpo",57,,,वेंगुर्ला,कोल्हापूर,172.8,07:00,11:45,NON,DAILY,"कोल्हापूर वस्ती","कोल्हापूर वस्ती",
40516,"Vengurle To Akkalkot Via Gbd",Vengurle,Akkalkot,,MO,2786,Kankavli,59.1,,,वेंगुर्ला,कोल्हापूर,172.8,07:00,11:45,NON,DAILY,"कोल्हापूर वस्ती","कोल्हापूर वस्ती",
40516,"Vengurle To Akkalkot Via Gbd",Vengurle,Akkalkot,,MO,2768,"Janavali Gavthanwadi",62.7,,,वेंगुर्ला,कोल्हापूर,172.8,07:00,11:45,NON,DAILY,"कोल्हापूर वस्ती","कोल्हापूर वस्ती",
40516,"Vengurle To Akkalkot Via Gbd",Vengurle,Akkalkot,,MO,2756,"Humrat Titha",65,,,वेंगुर्ला,कोल्हापूर,172.8,07:00,11:45,NON,DAILY,"कोल्हापूर वस्ती","कोल्हापूर वस्ती",
40516,"Vengurle To Akkalkot Via Gbd",Vengurle,Akkalkot,,MO,2655,Belane,68.2,,,वेंगुर्ला,कोल्हापूर,172.8,07:00,11:45,NON,DAILY,"कोल्हापूर वस्ती","कोल्हापूर वस्ती",
40516,"Vengurle To Akkalkot Via Gbd",Vengurle,Akkalkot,,MO,2870,"Nandgaon Datta Mandir",71.1,,,वेंगुर्ला,कोल्हापूर,172.8,07:00,11:45,NON,DAILY,"कोल्हापूर वस्ती","कोल्हापूर वस्ती",
40516,"Vengurle To Akkalkot Via Gbd",Vengurle,Akkalkot,,MO,2871,"Nandgaon Fata",73.9,,,वेंगुर्ला,कोल्हापूर,172.8,07:00,11:45,NON,DAILY,"कोल्हापूर वस्ती","कोल्हापूर वस्ती",
40516,"Vengurle To Akkalkot Via Gbd",Vengurle,Akkalkot,,MO,2872,"Nandgaon Nursary",74.1,,,वेंगुर्ला,कोल्हापूर,172.8,07:00,11:45,NON,DAILY,"कोल्हापूर वस्ती","कोल्हापूर वस्ती",
40516,"Vengurle To Akkalkot Via Gbd",Vengurle,Akkalkot,,MO,2673,"Bramhan Wadi",77.1,,,वेंगुर्ला,कोल्हापूर,172.8,07:00,11:45,NON,DAILY,"कोल्हापूर वस्ती","कोल्हापूर वस्ती",
40516,"Vengurle To Akkalkot Via Gbd",Vengurle,Akkalkot,,MO,2982,Tarla,82.2,,,वेंगुर्ला,कोल्हापूर,172.8,07:00,11:45,NON,DAILY,"कोल्हापूर वस्ती","कोल्हापूर वस्ती",
40516,"Vengurle To Akkalkot Via Gbd",Vengurle,Akkalkot,,MO,2796,"Kasarde Buddhawadi",82.9,,,वेंगुर्ला,कोल्हापूर,172.8,07:00,11:45,NON,DAILY,"कोल्हापूर वस्ती","कोल्हापूर वस्ती",
40516,"Vengurle To Akkalkot Via Gbd",Vengurle,Akkalkot,,MO,9278,Tamhanarwadi,85.9,,,वेंगुर्ला,कोल्हापूर,172.8,07:00,11:45,NON,DAILY,"कोल्हापूर वस्ती","कोल्हापूर वस्ती",
40516,"Vengurle To Akkalkot Via Gbd",Vengurle,Akkalkot,,MO,9241,Nadhawade,86.9,,,वेंगुर्ला,कोल्हापूर,172.8,07:00,11:45,NON,DAILY,"कोल्हापूर वस्ती","कोल्हापूर वस्ती",
40516,"Vengurle To Akkalkot Via Gbd",Vengurle,Akkalkot,,MO,9213,"Kasale Wadi",88.9,,,वेंगुर्ला,कोल्हापूर,172.8,07:00,11:45,NON,DAILY,"कोल्हापूर वस्ती","कोल्हापूर वस्ती",
40516,"Vengurle To Akkalkot Via Gbd",Vengurle,Akkalkot,,MO,9181,Bandhwadi,91.9,,,वेंगुर्ला,कोल्हापूर,172.8,07:00,11:45,NON,DAILY,"कोल्हापूर वस्ती","कोल्हापूर वस्ती",
40516,"Vengurle To Akkalkot Via Gbd",Vengurle,Akkalkot,,MO,9291,Vaibhavwadi,96.4,,,वेंगुर्ला,कोल्हापूर,172.8,07:00,11:45,NON,DAILY,"कोल्हापूर वस्ती","कोल्हापूर वस्ती",
40516,"Vengurle To Akkalkot Via Gbd",Vengurle,Akkalkot,,MO,9297,"Water Tank",99.1,,,वेंगुर्ला,कोल्हापूर,172.8,07:00,11:45,NON,DAILY,"कोल्हापूर वस्ती","कोल्हापूर वस्ती",
40516,"Vengurle To Akkalkot Via Gbd",Vengurle,Akkalkot,,MO,9208,Jamadarwadi,102.4,,,वेंगुर्ला,कोल्हापूर,172.8,07:00,11:45,NON,DAILY,"कोल्हापूर वस्ती","कोल्हापूर वस्ती",
40516,"Vengurle To Akkalkot Via Gbd",Vengurle,Akkalkot,,MO,9212,"Karul High School",104.1,,,वेंगुर्ला,कोल्हापूर,172.8,07:00,11:45,NON,DAILY,"कोल्हापूर वस्ती","कोल्हापूर वस्ती",
40516,"Vengurle To Akkalkot Via Gbd",Vengurle,Akkalkot,,MO,9182,Bhattiwadi,105.4,,,वेंगुर्ला,कोल्हापूर,172.8,07:00,11:45,NON,DAILY,"कोल्हापूर वस्ती","कोल्हापूर वस्ती",
40516,"Vengurle To Akkalkot Via Gbd",Vengurle,Akkalkot,,MO,23733,Gaganbawda,114.4,,,वेंगुर्ला,कोल्हापूर,172.8,07:00,11:45,NON,DAILY,"कोल्हापूर वस्ती","कोल्हापूर वस्ती",
40516,"Vengurle To Akkalkot Via Gbd",Vengurle,Akkalkot,,MO,24105,Jambulnewadi,117.1,,,वेंगुर्ला,कोल्हापूर,172.8,07:00,11:45,NON,DAILY,"कोल्हापूर वस्ती","कोल्हापूर वस्ती",
40516,"Vengurle To Akkalkot Via Gbd",Vengurle,Akkalkot,,MO,25662,"Sangshi Fata",118.2,,,वेंगुर्ला,कोल्हापूर,172.8,07:00,11:45,NON,DAILY,"कोल्हापूर वस्ती","कोल्हापूर वस्ती",
40516,"Vengurle To Akkalkot Via Gbd",Vengurle,Akkalkot,,MO,25139,Pargavkarwadi,121.6,,,वेंगुर्ला,कोल्हापूर,172.8,07:00,11:45,NON,DAILY,"कोल्हापूर वस्ती","कोल्हापूर वस्ती",
40516,"Vengurle To Akkalkot Via Gbd",Vengurle,Akkalkot,,MO,30324,"Asalaj Canteen",124.3,,,वेंगुर्ला,कोल्हापूर,172.8,07:00,11:45,NON,DAILY,"कोल्हापूर वस्ती","कोल्हापूर वस्ती",
40516,"Vengurle To Akkalkot Via Gbd",Vengurle,Akkalkot,,MO,23085,Aslaj,124.5,,,वेंगुर्ला,कोल्हापूर,172.8,07:00,11:45,NON,DAILY,"कोल्हापूर वस्ती","कोल्हापूर वस्ती",
40516,"Vengurle To Akkalkot Via Gbd",Vengurle,Akkalkot,,MO,25155,"Padalwadi Fata",127.3,,,वेंगुर्ला,कोल्हापूर,172.8,07:00,11:45,NON,DAILY,"कोल्हापूर वस्ती","कोल्हापूर वस्ती",
40516,"Vengurle To Akkalkot Via Gbd",Vengurle,Akkalkot,,MO,30326,"Andur Fata",131,,,वेंगुर्ला,कोल्हापूर,172.8,07:00,11:45,NON,DAILY,"कोल्हापूर वस्ती","कोल्हापूर वस्ती",
40516,"Vengurle To Akkalkot Via Gbd",Vengurle,Akkalkot,,MO,24454,Khopadewadi,133.3,,,वेंगुर्ला,कोल्हापूर,172.8,07:00,11:45,NON,DAILY,"कोल्हापूर वस्ती","कोल्हापूर वस्ती",
40516,"Vengurle To Akkalkot Via Gbd",Vengurle,Akkalkot,,MO,24894,Margaiwadi,136.2,,,वेंगुर्ला,कोल्हापूर,172.8,07:00,11:45,NON,DAILY,"कोल्हापूर वस्ती","कोल्हापूर वस्ती",
40516,"Vengurle To Akkalkot Via Gbd",Vengurle,Akkalkot,,MO,25627,Salvan,136.8,,,वेंगुर्ला,कोल्हापूर,172.8,07:00,11:45,NON,DAILY,"कोल्हापूर वस्ती","कोल्हापूर वस्ती",
40516,"Vengurle To Akkalkot Via Gbd",Vengurle,Akkalkot,,MO,26015,"Vetwade Fata",139.8,,,वेंगुर्ला,कोल्हापूर,172.8,07:00,11:45,NON,DAILY,"कोल्हापूर वस्ती","कोल्हापूर वस्ती",
40516,"Vengurle To Akkalkot Via Gbd",Vengurle,Akkalkot,,MO,24332,Kirve,142.3,,,वेंगुर्ला,कोल्हापूर,172.8,07:00,11:45,NON,DAILY,"कोल्हापूर वस्ती","कोल्हापूर वस्ती",
40516,"Vengurle To Akkalkot Via Gbd",Vengurle,Akkalkot,,MO,24941,Mutkeshwar,145.2,,,वेंगुर्ला,कोल्हापूर,172.8,07:00,11:45,NON,DAILY,"कोल्हापूर वस्ती","कोल्हापूर वस्ती",
40516,"Vengurle To Akkalkot Via Gbd",Vengurle,Akkalkot,,MO,24361,"Kale Canteen",148.9,,,वेंगुर्ला,कोल्हापूर,172.8,07:00,11:45,NON,DAILY,"कोल्हापूर वस्ती","कोल्हापूर वस्ती",
40516,"Vengurle To Akkalkot Via Gbd",Vengurle,Akkalkot,,MO,23390,Chinchvade,152.9,,,वेंगुर्ला,कोल्हापूर,172.8,07:00,11:45,NON,DAILY,"कोल्हापूर वस्ती","कोल्हापूर वस्ती",
40516,"Vengurle To Akkalkot Via Gbd",Vengurle,Akkalkot,,MO,30585,Aadoor,154.7,,,वेंगुर्ला,कोल्हापूर,172.8,07:00,11:45,NON,DAILY,"कोल्हापूर वस्ती","कोल्हापूर वस्ती",
40516,"Vengurle To Akkalkot Via Gbd",Vengurle,Akkalkot,,MO,23598,Donawade,160.7,,,वेंगुर्ला,कोल्हापूर,172.8,07:00,11:45,NON,DAILY,"कोल्हापूर वस्ती","कोल्हापूर वस्ती",
40516,"Vengurle To Akkalkot Via Gbd",Vengurle,Akkalkot,,MO,23694,"Fulewadi Naka",164.5,,,वेंगुर्ला,कोल्हापूर,172.8,07:00,11:45,NON,DAILY,"कोल्हापूर वस्ती","कोल्हापूर वस्ती",
40516,"Vengurle To Akkalkot Via Gbd",Vengurle,Akkalkot,,MO,25400,Rankala,167.2,,,वेंगुर्ला,कोल्हापूर,172.8,07:00,11:45,NON,DAILY,"कोल्हापूर वस्ती","कोल्हापूर वस्ती",
40516,"Vengurle To Akkalkot Via Gbd",Vengurle,Akkalkot,,MO,23625,"Dasara Chwok",169.8,,,वेंगुर्ला,कोल्हापूर,172.8,07:00,11:45,NON,DAILY,"कोल्हापूर वस्ती","कोल्हापूर वस्ती",
40516,"Vengurle To Akkalkot Via Gbd",Vengurle,Akkalkot,,MO,24359,Kolhapur,172.8,,,वेंगुर्ला,कोल्हापूर,172.8,07:00,11:45,NON,DAILY,"कोल्हापूर वस्ती","कोल्हापूर वस्ती",
40516,"Vengurle To Akkalkot Via Gbd",Vengurle,Akkalkot,,MO,25536,"Shahu Market Yard",175.4,,,वेंगुर्ला,कोल्हापूर,172.8,07:00,11:45,NON,DAILY,"कोल्हापूर वस्ती","कोल्हापूर वस्ती",
40516,"Vengurle To Akkalkot Via Gbd",Vengurle,Akkalkot,,MO,25438,"Sangli Fata",179.5,,,वेंगुर्ला,कोल्हापूर,172.8,07:00,11:45,NON,DAILY,"कोल्हापूर वस्ती","कोल्हापूर वस्ती",
40516,"Vengurle To Akkalkot Via Gbd",Vengurle,Akkalkot,,MO,24946,"Mouje Vadgaon Fata",182.3,,,वेंगुर्ला,कोल्हापूर,172.8,07:00,11:45,NON,DAILY,"कोल्हापूर वस्ती","कोल्हापूर वस्ती",
40516,"Vengurle To Akkalkot Via Gbd",Vengurle,Akkalkot,,MO,23258,"Bhikar Wadgaonfata",182.3,,,वेंगुर्ला,कोल्हापूर,172.8,07:00,11:45,NON,DAILY,"कोल्हापूर वस्ती","कोल्हापूर वस्ती",
40516,"Vengurle To Akkalkot Via Gbd",Vengurle,Akkalkot,,MO,23093,Atigre,188.3,,,वेंगुर्ला,कोल्हापूर,172.8,07:00,11:45,NON,DAILY,"कोल्हापूर वस्ती","कोल्हापूर वस्ती",
40516,"Vengurle To Akkalkot Via Gbd",Vengurle,Akkalkot,,MO,23822,"Ghodawat Knowledge City",194.3,,,वेंगुर्ला,कोल्हापूर,172.8,07:00,11:45,NON,DAILY,"कोल्हापूर वस्ती","कोल्हापूर वस्ती",
40516,"Vengurle To Akkalkot Via Gbd",Vengurle,Akkalkot,,MO,24013,Hatkanangale,195.3,,,वेंगुर्ला,कोल्हापूर,172.8,07:00,11:45,NON,DAILY,"कोल्हापूर वस्ती","कोल्हापूर वस्ती",
40516,"Vengurle To Akkalkot Via Gbd",Vengurle,Akkalkot,,MO,25000,Nimshirgaon,202.2,,,वेंगुर्ला,कोल्हापूर,172.8,07:00,11:45,NON,DAILY,"कोल्हापूर वस्ती","कोल्हापूर वस्ती",
40516,"Vengurle To Akkalkot Via Gbd",Vengurle,Akkalkot,,MO,24279,"Kondigre Chouki",205.2,,,वेंगुर्ला,कोल्हापूर,172.8,07:00,11:45,NON,DAILY,"कोल्हापूर वस्ती","कोल्हापूर वस्ती",
40516,"Vengurle To Akkalkot Via Gbd",Vengurle,Akkalkot,,MO,24134,Jaisingpur,210.6,,,वेंगुर्ला,कोल्हापूर,172.8,07:00,11:45,NON,DAILY,"कोल्हापूर वस्ती","कोल्हापूर वस्ती",
40516,"Vengurle To Akkalkot Via Gbd",Vengurle,Akkalkot,,MO,33636,Akali,212,,,वेंगुर्ला,कोल्हापूर,172.8,07:00,11:45,NON,DAILY,"कोल्हापूर वस्ती","कोल्हापूर वस्ती",
40516,"Vengurle To Akkalkot Via Gbd",Vengurle,Akkalkot,,MO,34093,Sangli,219.5,,,वेंगुर्ला,कोल्हापूर,172.8,07:00,11:45,NON,DAILY,"कोल्हापूर वस्ती","कोल्हापूर वस्ती",
40516,"Vengurle To Akkalkot Via Gbd",Vengurle,Akkalkot,,MO,33967,Miraj,231.4,,,वेंगुर्ला,कोल्हापूर,172.8,07:00,11:45,NON,DAILY,"कोल्हापूर वस्ती","कोल्हापूर वस्ती",
40516,"Vengurle To Akkalkot Via Gbd",Vengurle,Akkalkot,,MO,34161,"Tasgoan Fata",234.9,,,वेंगुर्ला,कोल्हापूर,172.8,07:00,11:45,NON,DAILY,"कोल्हापूर वस्ती","कोल्हापूर वस्ती",
40516,"Vengurle To Akkalkot Via Gbd",Vengurle,Akkalkot,,MO,33679,Bhose,241.9,,,वेंगुर्ला,कोल्हापूर,172.8,07:00,11:45,NON,DAILY,"कोल्हापूर वस्ती","कोल्हापूर वस्ती",
40516,"Vengurle To Akkalkot Via Gbd",Vengurle,Akkalkot,,MO,33808,Halkud,248.9,,,वेंगुर्ला,कोल्हापूर,172.8,07:00,11:45,NON,DAILY,"कोल्हापूर वस्ती","कोल्हापूर वस्ती",
40516,"Vengurle To Akkalkot Via Gbd",Vengurle,Akkalkot,,MO,32950,Shirdhon,254.9,,,वेंगुर्ला,कोल्हापूर,172.8,07:00,11:45,NON,DAILY,"कोल्हापूर वस्ती","कोल्हापूर वस्ती",
40516,"Vengurle To Akkalkot Via Gbd",Vengurle,Akkalkot,,MO,32896,Kuchi,270.9,,,वेंगुर्ला,कोल्हापूर,172.8,07:00,11:45,NON,DAILY,"कोल्हापूर वस्ती","कोल्हापूर वस्ती",
40516,"Vengurle To Akkalkot Via Gbd",Vengurle,Akkalkot,,MO,32930,"Nagaj Fata",274.7,,,वेंगुर्ला,कोल्हापूर,172.8,07:00,11:45,NON,DAILY,"कोल्हापूर वस्ती","कोल्हापूर वस्ती",
40516,"Vengurle To Akkalkot Via Gbd",Vengurle,Akkalkot,,MO,47522,"Ghorpadi Fata.",281.9,,,वेंगुर्ला,कोल्हापूर,172.8,07:00,11:45,NON,DAILY,"कोल्हापूर वस्ती","कोल्हापूर वस्ती",
40516,"Vengurle To Akkalkot Via Gbd",Vengurle,Akkalkot,,MO,47548,Junoni,289.7,,,वेंगुर्ला,कोल्हापूर,172.8,07:00,11:45,NON,DAILY,"कोल्हापूर वस्ती","कोल्हापूर वस्ती",
40516,"Vengurle To Akkalkot Via Gbd",Vengurle,Akkalkot,,MO,47534,Hatit,299.1,,,वेंगुर्ला,कोल्हापूर,172.8,07:00,11:45,NON,DAILY,"कोल्हापूर वस्ती","कोल्हापूर वस्ती",
40516,"Vengurle To Akkalkot Via Gbd",Vengurle,Akkalkot,,MO,47617,"Nazare Math",305.8,,,वेंगुर्ला,कोल्हापूर,172.8,07:00,11:45,NON,DAILY,"कोल्हापूर वस्ती","कोल्हापूर वस्ती",
40516,"Vengurle To Akkalkot Via Gbd",Vengurle,Akkalkot,,MO,47679,Vatamare,308.5,,,वेंगुर्ला,कोल्हापूर,172.8,07:00,11:45,NON,DAILY,"कोल्हापूर वस्ती","कोल्हापूर वस्ती",
40516,"Vengurle To Akkalkot Via Gbd",Vengurle,Akkalkot,,MO,47552,Kamalapur,316.7,,,वेंगुर्ला,कोल्हापूर,172.8,07:00,11:45,NON,DAILY,"कोल्हापूर वस्ती","कोल्हापूर वस्ती",
40516,"Vengurle To Akkalkot Via Gbd",Vengurle,Akkalkot,,MO,47652,Sangola,325.9,,,वेंगुर्ला,कोल्हापूर,172.8,07:00,11:45,NON,DAILY,"कोल्हापूर वस्ती","कोल्हापूर वस्ती",
40516,"Vengurle To Akkalkot Via Gbd",Vengurle,Akkalkot,,MO,47449,Bamani,335.6,,,वेंगुर्ला,कोल्हापूर,172.8,07:00,11:45,NON,DAILY,"कोल्हापूर वस्ती","कोल्हापूर वस्ती",
40516,"Vengurle To Akkalkot Via Gbd",Vengurle,Akkalkot,,MO,47639,Sangewadi,340.6,,,वेंगुर्ला,कोल्हापूर,172.8,07:00,11:45,NON,DAILY,"कोल्हापूर वस्ती","कोल्हापूर वस्ती",
40516,"Vengurle To Akkalkot Via Gbd",Vengurle,Akkalkot,,MO,43806,Khardi,344.5,,,वेंगुर्ला,कोल्हापूर,172.8,07:00,11:45,NON,DAILY,"कोल्हापूर वस्ती","कोल्हापूर वस्ती",
40516,"Vengurle To Akkalkot Via Gbd",Vengurle,Akkalkot,,MO,43827,"Kasegaon Fata",352.6,,,वेंगुर्ला,कोल्हापूर,172.8,07:00,11:45,NON,DAILY,"कोल्हापूर वस्ती","कोल्हापूर वस्ती",
40516,"Vengurle To Akkalkot Via Gbd",Vengurle,Akkalkot,,MO,43899,Pandharpur,360,,,वेंगुर्ला,कोल्हापूर,172.8,07:00,11:45,NON,DAILY,"कोल्हापूर वस्ती","कोल्हापूर वस्ती",
40516,"Vengurle To Akkalkot Via Gbd",Vengurle,Akkalkot,,MO,44014,Visava,363.4,,,वेंगुर्ला,कोल्हापूर,172.8,07:00,11:45,NON,DAILY,"कोल्हापूर वस्ती","कोल्हापूर वस्ती",
40516,"Vengurle To Akkalkot Via Gbd",Vengurle,Akkalkot,,MO,43722,"Degaon X Rd.",365.9,,,वेंगुर्ला,कोल्हापूर,172.8,07:00,11:45,NON,DAILY,"कोल्हापूर वस्ती","कोल्हापूर वस्ती",
40516,"Vengurle To Akkalkot Via Gbd",Vengurle,Akkalkot,,MO,43875,"Narayan Chincheli",366.1,,,वेंगुर्ला,कोल्हापूर,172.8,07:00,11:45,NON,DAILY,"कोल्हापूर वस्ती","कोल्हापूर वस्ती",
40516,"Vengurle To Akkalkot Via Gbd",Vengurle,Akkalkot,,MO,43775,"Ishwar Wathar",366.3,,,वेंगुर्ला,कोल्हापूर,172.8,07:00,11:45,NON,DAILY,"कोल्हापूर वस्ती","कोल्हापूर वस्ती",
40516,"Vengurle To Akkalkot Via Gbd",Vengurle,Akkalkot,,MO,43523,Tungat,370,,,वेंगुर्ला,कोल्हापूर,172.8,07:00,11:45,NON,DAILY,"कोल्हापूर वस्ती","कोल्हापूर वस्ती",
40516,"Vengurle To Akkalkot Via Gbd",Vengurle,Akkalkot,,MO,43555,"Ashti Canal",378.8,,,वेंगुर्ला,कोल्हापूर,172.8,07:00,11:45,NON,DAILY,"कोल्हापूर वस्ती","कोल्हापूर वस्ती",
40516,"Vengurle To Akkalkot Via Gbd",Vengurle,Akkalkot,,MO,43487,"Penur Shed",384.6,,,वेंगुर्ला,कोल्हापूर,172.8,07:00,11:45,NON,DAILY,"कोल्हापूर वस्ती","कोल्हापूर वस्ती",
40516,"Vengurle To Akkalkot Via Gbd",Vengurle,Akkalkot,,MO,43514,"Sarole Fata",390.7,,,वेंगुर्ला,कोल्हापूर,172.8,07:00,11:45,NON,DAILY,"कोल्हापूर वस्ती","कोल्हापूर वस्ती",
40516,"Vengurle To Akkalkot Via Gbd",Vengurle,Akkalkot,,MO,43449,"Khavani Fata",394.4,,,वेंगुर्ला,कोल्हापूर,172.8,07:00,11:45,NON,DAILY,"कोल्हापूर वस्ती","कोल्हापूर वस्ती",
40516,"Vengurle To Akkalkot Via Gbd",Vengurle,Akkalkot,,MO,43490,Pokharpur,395.5,,,वेंगुर्ला,कोल्हापूर,172.8,07:00,11:45,NON,DAILY,"कोल्हापूर वस्ती","कोल्हापूर वस्ती",
40516,"Vengurle To Akkalkot Via Gbd",Vengurle,Akkalkot,,MO,43460,Mohol,396.6,,,वेंगुर्ला,कोल्हापूर,172.8,07:00,11:45,NON,DAILY,"कोल्हापूर वस्ती","कोल्हापूर वस्ती",
40516,"Vengurle To Akkalkot Via Gbd",Vengurle,Akkalkot,,MO,43543,"Wadval Fata",398.5,,,वेंगुर्ला,कोल्हापूर,172.8,07:00,11:45,NON,DAILY,"कोल्हापूर वस्ती","कोल्हापूर वस्ती",
40516,"Vengurle To Akkalkot Via Gbd",Vengurle,Akkalkot,,MO,43430,"Kolegaon Fata",401.5,,,वेंगुर्ला,कोल्हापूर,172.8,07:00,11:45,NON,DAILY,"कोल्हापूर वस्ती","कोल्हापूर वस्ती",
40516,"Vengurle To Akkalkot Via Gbd",Vengurle,Akkalkot,,MO,43568,Lamboti,407.5,,,वेंगुर्ला,कोल्हापूर,172.8,07:00,11:45,NON,DAILY,"कोल्हापूर वस्ती","कोल्हापूर वस्ती",
40516,"Vengurle To Akkalkot Via Gbd",Vengurle,Akkalkot,,MO,43501,Savaleshwar,411.2,,,वेंगुर्ला,कोल्हापूर,172.8,07:00,11:45,NON,DAILY,"कोल्हापूर वस्ती","कोल्हापूर वस्ती",
40516,"Vengurle To Akkalkot Via Gbd",Vengurle,Akkalkot,,MO,49258,"Pakani / Chincholi",416.1,,,वेंगुर्ला,कोल्हापूर,172.8,07:00,11:45,NON,DAILY,"कोल्हापूर वस्ती","कोल्हापूर वस्ती",
40516,"Vengurle To Akkalkot Via Gbd",Vengurle,Akkalkot,,MO,49232,Kondhi,418.8,,,वेंगुर्ला,कोल्हापूर,172.8,07:00,11:45,NON,DAILY,"कोल्हापूर वस्ती","कोल्हापूर वस्ती",
40516,"Vengurle To Akkalkot Via Gbd",Vengurle,Akkalkot,,MO,49229,Kegaon,421.7,,,वेंगुर्ला,कोल्हापूर,172.8,07:00,11:45,NON,DAILY,"कोल्हापूर वस्ती","कोल्हापूर वस्ती",
40516,"Vengurle To Akkalkot Via Gbd",Vengurle,Akkalkot,,MO,49177,Bale,423.7,,,वेंगुर्ला,कोल्हापूर,172.8,07:00,11:45,NON,DAILY,"कोल्हापूर वस्ती","कोल्हापूर वस्ती",
40516,"Vengurle To Akkalkot Via Gbd",Vengurle,Akkalkot,,MO,48933,"Solapur University",424.7,,,वेंगुर्ला,कोल्हापूर,172.8,07:00,11:45,NON,DAILY,"कोल्हापूर वस्ती","कोल्हापूर वस्ती",
40516,"Vengurle To Akkalkot Via Gbd",Vengurle,Akkalkot,,MO,48932,Solapur,427.8,,,वेंगुर्ला,कोल्हापूर,172.8,07:00,11:45,NON,DAILY,"कोल्हापूर वस्ती","कोल्हापूर वस्ती",
40516,"Vengurle To Akkalkot Via Gbd",Vengurle,Akkalkot,,MO,49268,"Ranga Bhavan",434,,,वेंगुर्ला,कोल्हापूर,172.8,07:00,11:45,NON,DAILY,"कोल्हापूर वस्ती","कोल्हापूर वस्ती",
40516,"Vengurle To Akkalkot Via Gbd",Vengurle,Akkalkot,,MO,49260,"Polytechnic Chowk",436,,,वेंगुर्ला,कोल्हापूर,172.8,07:00,11:45,NON,DAILY,"कोल्हापूर वस्ती","कोल्हापूर वस्ती",
40516,"Vengurle To Akkalkot Via Gbd",Vengurle,Akkalkot,,MO,49647,Kumbhari,443.7,,,वेंगुर्ला,कोल्हापूर,172.8,07:00,11:45,NON,DAILY,"कोल्हापूर वस्ती","कोल्हापूर वस्ती",
40516,"Vengurle To Akkalkot Via Gbd",Vengurle,Akkalkot,,MO,49294,Tograli,448.4,,,वेंगुर्ला,कोल्हापूर,172.8,07:00,11:45,NON,DAILY,"कोल्हापूर वस्ती","कोल्हापूर वस्ती",
40516,"Vengurle To Akkalkot Via Gbd",Vengurle,Akkalkot,,MO,49611,Chincholi,453.4,,,वेंगुर्ला,कोल्हापूर,172.8,07:00,11:45,NON,DAILY,"कोल्हापूर वस्ती","कोल्हापूर वस्ती",
40516,"Vengurle To Akkalkot Via Gbd",Vengurle,Akkalkot,,MO,48946,Valsang,456.3,,,वेंगुर्ला,कोल्हापूर,172.8,07:00,11:45,NON,DAILY,"कोल्हापूर वस्ती","कोल्हापूर वस्ती",
40516,"Vengurle To Akkalkot Via Gbd",Vengurle,Akkalkot,,MO,20005,Karjal,459.7,,,वेंगुर्ला,कोल्हापूर,172.8,07:00,11:45,NON,DAILY,"कोल्हापूर वस्ती","कोल्हापूर वस्ती",
40516,"Vengurle To Akkalkot Via Gbd",Vengurle,Akkalkot,,MO,20011,Kohhali,463.9,,,वेंगुर्ला,कोल्हापूर,172.8,07:00,11:45,NON,DAILY,"कोल्हापूर वस्ती","कोल्हापूर वस्ती",
40516,"Vengurle To Akkalkot Via Gbd",Vengurle,Akkalkot,,MO,19978,"Gajanan Maharaj Goshala",465.1,,,वेंगुर्ला,कोल्हापूर,172.8,07:00,11:45,NON,DAILY,"कोल्हापूर वस्ती","कोल्हापूर वस्ती",
40516,"Vengurle To Akkalkot Via Gbd",Vengurle,Akkalkot,,MO,19910,Akkalkot,470.5,,,वेंगुर्ला,कोल्हापूर,172.8,07:00,11:45,NON,DAILY,"कोल्हापूर वस्ती","कोल्हापूर वस्ती",
40516,"Vengurle To Akkalkot Via Gbd",Vengurle,Akkalkot,,MO,19911,"Akkalkot Mandir",471.9,,,वेंगुर्ला,कोल्हापूर,172.8,07:00,11:45,NON,DAILY,"कोल्हापूर वस्ती","कोल्हापूर वस्ती",
139636,"Kolhapur To Vengurle Via Akeri Tita",Kolhapur,Vengurle,"AKERI TITA",MO,24359,Kolhapur,,,,कोल्हापूर,वेंगुर्ला,174.6,11:45,18:00,NON,DAILY,"rrot badal","rrot badal",
139636,"Kolhapur To Vengurle Via Akeri Tita",Kolhapur,Vengurle,"AKERI TITA",MO,25908,"Ujaliwadi Fata",11.7,,,कोल्हापूर,वेंगुर्ला,174.6,11:45,18:00,NON,DAILY,"rrot badal","rrot badal",
139636,"Kolhapur To Vengurle Via Akeri Tita",Kolhapur,Vengurle,"AKERI TITA",MO,24283,Kagal,21.7,,,कोल्हापूर,वेंगुर्ला,174.6,11:45,18:00,NON,DAILY,"rrot badal","rrot badal",
139636,"Kolhapur To Vengurle Via Akeri Tita",Kolhapur,Vengurle,"AKERI TITA",MO,25718,"State Border",21.8,,,कोल्हापूर,वेंगुर्ला,174.6,11:45,18:00,NON,DAILY,"rrot badal","rrot badal",
139636,"Kolhapur To Vengurle Via Akeri Tita",Kolhapur,Vengurle,"AKERI TITA",MO,74125,"State Border",22,,,कोल्हापूर,वेंगुर्ला,174.6,11:45,18:00,NON,DAILY,"rrot badal","rrot badal",
139636,"Kolhapur To Vengurle Via Akeri Tita",Kolhapur,Vengurle,"AKERI TITA",MO,73718,Kognoli,22.1,,,कोल्हापूर,वेंगुर्ला,174.6,11:45,18:00,NON,DAILY,"rrot badal","rrot badal",
139636,"Kolhapur To Vengurle Via Akeri Tita",Kolhapur,Vengurle,"AKERI TITA",MO,86356,"Kognoli Toll Plaza",24,,,कोल्हापूर,वेंगुर्ला,174.6,11:45,18:00,NON,DAILY,"rrot badal","rrot badal",
139636,"Kolhapur To Vengurle Via Akeri Tita",Kolhapur,Vengurle,"AKERI TITA",MO,74109,Soundalga,29.3,,,कोल्हापूर,वेंगुर्ला,174.6,11:45,18:00,NON,DAILY,"rrot badal","rrot badal",
139636,"Kolhapur To Vengurle Via Akeri Tita",Kolhapur,Vengurle,"AKERI TITA",MO,73937,Nipani,38.7,,,कोल्हापूर,वेंगुर्ला,174.6,11:45,18:00,NON,DAILY,"rrot badal","rrot badal",
139636,"Kolhapur To Vengurle Via Akeri Tita",Kolhapur,Vengurle,"AKERI TITA",MO,74197,Tawandi,42.6,,,कोल्हापूर,वेंगुर्ला,174.6,11:45,18:00,NON,DAILY,"rrot badal","rrot badal",
139636,"Kolhapur To Vengurle Via Akeri Tita",Kolhapur,Vengurle,"AKERI TITA",MO,74061,"Shipur Thita",42.7,,,कोल्हापूर,वेंगुर्ला,174.6,11:45,18:00,NON,DAILY,"rrot badal","rrot badal",
139636,"Kolhapur To Vengurle Via Akeri Tita",Kolhapur,Vengurle,"AKERI TITA",MO,73986,"Rashing Karnatak State Border",43,,,कोल्हापूर,वेंगुर्ला,174.6,11:45,18:00,NON,DAILY,"rrot badal","rrot badal",
139636,"Kolhapur To Vengurle Via Akeri Tita",Kolhapur,Vengurle,"AKERI TITA",MO,24418,"Karnataka State Border",50.7,,,कोल्हापूर,वेंगुर्ला,174.6,11:45,18:00,NON,DAILY,"rrot badal","rrot badal",
139636,"Kolhapur To Vengurle Via Akeri Tita",Kolhapur,Vengurle,"AKERI TITA",MO,23221,Bahirewadi,52,,,कोल्हापूर,वेंगुर्ला,174.6,11:45,18:00,NON,DAILY,"rrot badal","rrot badal",
139636,"Kolhapur To Vengurle Via Akeri Tita",Kolhapur,Vengurle,"AKERI TITA",MO,23774,"Gadhinglaj Fata",63.5,,,कोल्हापूर,वेंगुर्ला,174.6,11:45,18:00,NON,DAILY,"rrot badal","rrot badal",
139636,"Kolhapur To Vengurle Via Akeri Tita",Kolhapur,Vengurle,"AKERI TITA",MO,25924,Uttur,66.5,,,कोल्हापूर,वेंगुर्ला,174.6,11:45,18:00,NON,DAILY,"rrot badal","rrot badal",
139636,"Kolhapur To Vengurle Via Akeri Tita",Kolhapur,Vengurle,"AKERI TITA",MO,25169,Pendharwadi,68.2,,,कोल्हापूर,वेंगुर्ला,174.6,11:45,18:00,NON,DAILY,"rrot badal","rrot badal",
139636,"Kolhapur To Vengurle Via Akeri Tita",Kolhapur,Vengurle,"AKERI TITA",MO,23908,Helewadi,72.5,,,कोल्हापूर,वेंगुर्ला,174.6,11:45,18:00,NON,DAILY,"rrot badal","rrot badal",
139636,"Kolhapur To Vengurle Via Akeri Tita",Kolhapur,Vengurle,"AKERI TITA",MO,25930,"Uttur Fata",74.6,,,कोल्हापूर,वेंगुर्ला,174.6,11:45,18:00,NON,DAILY,"rrot badal","rrot badal",
139636,"Kolhapur To Vengurle Via Akeri Tita",Kolhapur,Vengurle,"AKERI TITA",MO,24646,Madilage,77.6,,,कोल्हापूर,वेंगुर्ला,174.6,11:45,18:00,NON,DAILY,"rrot badal","rrot badal",
139636,"Kolhapur To Vengurle Via Akeri Tita",Kolhapur,Vengurle,"AKERI TITA",MO,23010,Ajara,84.5,,,कोल्हापूर,वेंगुर्ला,174.6,11:45,18:00,NON,DAILY,"rrot badal","rrot badal",
139636,"Kolhapur To Vengurle Via Akeri Tita",Kolhapur,Vengurle,"AKERI TITA",MO,23949,Hololi,90.5,,,कोल्हापूर,वेंगुर्ला,174.6,11:45,18:00,NON,DAILY,"rrot badal","rrot badal",
139636,"Kolhapur To Vengurle Via Akeri Tita",Kolhapur,Vengurle,"AKERI TITA",MO,23872,Gavase,96.1,,,कोल्हापूर,वेंगुर्ला,174.6,11:45,18:00,NON,DAILY,"rrot badal","rrot badal",
139636,"Kolhapur To Vengurle Via Akeri Tita",Kolhapur,Vengurle,"AKERI TITA",MO,25615,Suleran,99.5,,,कोल्हापूर,वेंगुर्ला,174.6,11:45,18:00,NON,DAILY,"rrot badal","rrot badal",
139636,"Kolhapur To Vengurle Via Akeri Tita",Kolhapur,Vengurle,"AKERI TITA",MO,23585,Dhangarmala,100.6,,,कोल्हापूर,वेंगुर्ला,174.6,11:45,18:00,NON,DAILY,"rrot badal","rrot badal",
139636,"Kolhapur To Vengurle Via Akeri Tita",Kolhapur,Vengurle,"AKERI TITA",MO,23762,Ghatkarwadi,103.9,,,कोल्हापूर,वेंगुर्ला,174.6,11:45,18:00,NON,DAILY,"rrot badal","rrot badal",
139636,"Kolhapur To Vengurle Via Akeri Tita",Kolhapur,Vengurle,"AKERI TITA",MO,8586,"Menon Karkhana",105.6,,,कोल्हापूर,वेंगुर्ला,174.6,11:45,18:00,NON,DAILY,"rrot badal","rrot badal",
139636,"Kolhapur To Vengurle Via Akeri Tita",Kolhapur,Vengurle,"AKERI TITA",MO,8606,"Nangartas Awate Dukan",107.8,,,कोल्हापूर,वेंगुर्ला,174.6,11:45,18:00,NON,DAILY,"rrot badal","rrot badal",
139636,"Kolhapur To Vengurle Via Akeri Tita",Kolhapur,Vengurle,"AKERI TITA",MO,8473,"Ajra Fata",110.6,,,कोल्हापूर,वेंगुर्ला,174.6,11:45,18:00,NON,DAILY,"rrot badal","rrot badal",
139636,"Kolhapur To Vengurle Via Akeri Tita",Kolhapur,Vengurle,"AKERI TITA",MO,8582,Mulvanwadi,114.6,,,कोल्हापूर,वेंगुर्ला,174.6,11:45,18:00,NON,DAILY,"rrot badal","rrot badal",
139636,"Kolhapur To Vengurle Via Akeri Tita",Kolhapur,Vengurle,"AKERI TITA",MO,8470,Amboli,117.1,,,कोल्हापूर,वेंगुर्ला,174.6,11:45,18:00,NON,DAILY,"rrot badal","rrot badal",
139636,"Kolhapur To Vengurle Via Akeri Tita",Kolhapur,Vengurle,"AKERI TITA",MO,8541,"Kumbheshwar Gpo",131.6,,,कोल्हापूर,वेंगुर्ला,174.6,11:45,18:00,NON,DAILY,"rrot badal","rrot badal",
139636,"Kolhapur To Vengurle Via Akeri Tita",Kolhapur,Vengurle,"AKERI TITA",MO,8510,Danoli,133.5,,,कोल्हापूर,वेंगुर्ला,174.6,11:45,18:00,NON,DAILY,"rrot badal","rrot badal",
139636,"Kolhapur To Vengurle Via Akeri Tita",Kolhapur,Vengurle,"AKERI TITA",MO,8505,Dhawadki,136,,,कोल्हापूर,वेंगुर्ला,174.6,11:45,18:00,NON,DAILY,"rrot badal","rrot badal",
139636,"Kolhapur To Vengurle Via Akeri Tita",Kolhapur,Vengurle,"AKERI TITA",MO,8570,Madkhol,142.6,,,कोल्हापूर,वेंगुर्ला,174.6,11:45,18:00,NON,DAILY,"rrot badal","rrot badal",
139636,"Kolhapur To Vengurle Via Akeri Tita",Kolhapur,Vengurle,"AKERI TITA",MO,8488,"Burdi Pul",144.1,,,कोल्हापूर,वेंगुर्ला,174.6,11:45,18:00,NON,DAILY,"rrot badal","rrot badal",
139636,"Kolhapur To Vengurle Via Akeri Tita",Kolhapur,Vengurle,"AKERI TITA",MO,8663,Sawantwadi,146.6,,,कोल्हापूर,वेंगुर्ला,174.6,11:45,18:00,NON,DAILY,"rrot badal","rrot badal",
139636,"Kolhapur To Vengurle Via Akeri Tita",Kolhapur,Vengurle,"AKERI TITA",MO,8551,"Kolgaon Thita",150.3,,,कोल्हापूर,वेंगुर्ला,174.6,11:45,18:00,NON,DAILY,"rrot badal","rrot badal",
139636,"Kolhapur To Vengurle Via Akeri Tita",Kolhapur,Vengurle,"AKERI TITA",MO,6479,"Akeri Tita",152.5,,,कोल्हापूर,वेंगुर्ला,174.6,11:45,18:00,NON,DAILY,"rrot badal","rrot badal",
139636,"Kolhapur To Vengurle Via Akeri Tita",Kolhapur,Vengurle,"AKERI TITA",MO,8603,"Nemale Fata",155.5,,,कोल्हापूर,वेंगुर्ला,174.6,11:45,18:00,NON,DAILY,"rrot badal","rrot badal",
139636,"Kolhapur To Vengurle Via Akeri Tita",Kolhapur,Vengurle,"AKERI TITA",MO,9664,"Kamleveer High School",157.7,,,कोल्हापूर,वेंगुर्ला,174.6,11:45,18:00,NON,DAILY,"rrot badal","rrot badal",
139636,"Kolhapur To Vengurle Via Akeri Tita",Kolhapur,Vengurle,"AKERI TITA",MO,9699,"Mail Dagad",159,,,कोल्हापूर,वेंगुर्ला,174.6,11:45,18:00,NON,DAILY,"rrot badal","rrot badal",
139636,"Kolhapur To Vengurle Via Akeri Tita",Kolhapur,Vengurle,"AKERI TITA",MO,9652,"Hodawada Vazrath Tita",160.6,,,कोल्हापूर,वेंगुर्ला,174.6,11:45,18:00,NON,DAILY,"rrot badal","rrot badal",
139636,"Kolhapur To Vengurle Via Akeri Tita",Kolhapur,Vengurle,"AKERI TITA",MO,9656,Jambhulwadi,162.2,,,कोल्हापूर,वेंगुर्ला,174.6,11:45,18:00,NON,DAILY,"rrot badal","rrot badal",
139636,"Kolhapur To Vengurle Via Akeri Tita",Kolhapur,Vengurle,"AKERI TITA",MO,9620,"Bowalekar Wadi",166,,,कोल्हापूर,वेंगुर्ला,174.6,11:45,18:00,NON,DAILY,"rrot badal","rrot badal",
139636,"Kolhapur To Vengurle Via Akeri Tita",Kolhapur,Vengurle,"AKERI TITA",MO,9665,Kankewadi,168,,,कोल्हापूर,वेंगुर्ला,174.6,11:45,18:00,NON,DAILY,"rrot badal","rrot badal",
139636,"Kolhapur To Vengurle Via Akeri Tita",Kolhapur,Vengurle,"AKERI TITA",MO,9821,"Varaskar Stop",169.5,,,कोल्हापूर,वेंगुर्ला,174.6,11:45,18:00,NON,DAILY,"rrot badal","rrot badal",
139636,"Kolhapur To Vengurle Via Akeri Tita",Kolhapur,Vengurle,"AKERI TITA",MO,9810,"Torane Cashew Factory",170.6,,,कोल्हापूर,वेंगुर्ला,174.6,11:45,18:00,NON,DAILY,"rrot badal","rrot badal",
139636,"Kolhapur To Vengurle Via Akeri Tita",Kolhapur,Vengurle,"AKERI TITA",MO,9708,"Maruti Mandir",172.4,,,कोल्हापूर,वेंगुर्ला,174.6,11:45,18:00,NON,DAILY,"rrot badal","rrot badal",
139636,"Kolhapur To Vengurle Via Akeri Tita",Kolhapur,Vengurle,"AKERI TITA",MO,9758,"Piracha Darga",173,,,कोल्हापूर,वेंगुर्ला,174.6,11:45,18:00,NON,DAILY,"rrot badal","rrot badal",
139636,"Kolhapur To Vengurle Via Akeri Tita",Kolhapur,Vengurle,"AKERI TITA",MO,9824,Vengurle,174.6,,,कोल्हापूर,वेंगुर्ला,174.6,11:45,18:00,NON,DAILY,"rrot badal","rrot badal",
19998A,"Vengurle To Sawantwadi Via Giroba Mandir",Vengurle,Sawantwadi,,MO,9824,Vengurle,,,,वेंगुर्ला,सावंतवाडी,37.8,13:00,14:30,SC,DAILY,शालेय,शालेय,SCHOOL
19998A,"Vengurle To Sawantwadi Via Giroba Mandir",Vengurle,Sawantwadi,,MO,9708,"Maruti Mandir",3.1,,,वेंगुर्ला,सावंतवाडी,37.8,13:00,14:30,SC,DAILY,शालेय,शालेय,SCHOOL
19998A,"Vengurle To Sawantwadi Via Giroba Mandir",Vengurle,Sawantwadi,,MO,6910,"Mail Dagad",3.3,,,वेंगुर्ला,सावंतवाडी,37.8,13:00,14:30,SC,DAILY,शालेय,शालेय,SCHOOL
19998A,"Vengurle To Sawantwadi Via Giroba Mandir",Vengurle,Sawantwadi,,MO,9665,Kankewadi,6,,,वेंगुर्ला,सावंतवाडी,37.8,13:00,14:30,SC,DAILY,शालेय,शालेय,SCHOOL
19998A,"Vengurle To Sawantwadi Via Giroba Mandir",Vengurle,Sawantwadi,,MO,9709,"Math High School",7,,,वेंगुर्ला,सावंतवाडी,37.8,13:00,14:30,SC,DAILY,शालेय,शालेय,SCHOOL
19998A,"Vengurle To Sawantwadi Via Giroba Mandir",Vengurle,Sawantwadi,,MO,9620,"Bowalekar Wadi",8.8,,,वेंगुर्ला,सावंतवाडी,37.8,13:00,14:30,SC,DAILY,शालेय,शालेय,SCHOOL
19998A,"Vengurle To Sawantwadi Via Giroba Mandir",Vengurle,Sawantwadi,,MO,9695,"Kudal Titha",10.2,,,वेंगुर्ला,सावंतवाडी,37.8,13:00,14:30,SC,DAILY,शालेय,शालेय,SCHOOL
19998A,"Vengurle To Sawantwadi Via Giroba Mandir",Vengurle,Sawantwadi,,MO,9655,"Jambhul Mala",12.6,,,वेंगुर्ला,सावंतवाडी,37.8,13:00,14:30,SC,DAILY,शालेय,शालेय,SCHOOL
19998A,"Vengurle To Sawantwadi Via Giroba Mandir",Vengurle,Sawantwadi,,MO,9586,"Adeli High School",13.3,,,वेंगुर्ला,सावंतवाडी,37.8,13:00,14:30,SC,DAILY,शालेय,शालेय,SCHOOL
19998A,"Vengurle To Sawantwadi Via Giroba Mandir",Vengurle,Sawantwadi,,MO,9644,"Giroba Mandir",15.2,,,वेंगुर्ला,सावंतवाडी,37.8,13:00,14:30,SC,DAILY,शालेय,शालेय,SCHOOL
19998A,"Vengurle To Sawantwadi Via Giroba Mandir",Vengurle,Sawantwadi,,MO,9651,"Hodawada Chavata",17.6,,,वेंगुर्ला,सावंतवाडी,37.8,13:00,14:30,SC,DAILY,शालेय,शालेय,SCHOOL
19998A,"Vengurle To Sawantwadi Via Giroba Mandir",Vengurle,Sawantwadi,,MO,9644,"Giroba Mandir",20,,,वेंगुर्ला,सावंतवाडी,37.8,13:00,14:30,SC,DAILY,शालेय,शालेय,SCHOOL
19998A,"Vengurle To Sawantwadi Via Giroba Mandir",Vengurle,Sawantwadi,,MO,6200,"Hodawade Vajarat Titha",21.2,,,वेंगुर्ला,सावंतवाडी,37.8,13:00,14:30,SC,DAILY,शालेय,शालेय,SCHOOL
19998A,"Vengurle To Sawantwadi Via Giroba Mandir",Vengurle,Sawantwadi,,MO,6910,"Mail Dagad",22,,,वेंगुर्ला,सावंतवाडी,37.8,13:00,14:30,SC,DAILY,शालेय,शालेय,SCHOOL
19998A,"Vengurle To Sawantwadi Via Giroba Mandir",Vengurle,Sawantwadi,,MO,6256,Kamaleveer,24.8,,,वेंगुर्ला,सावंतवाडी,37.8,13:00,14:30,SC,DAILY,शालेय,शालेय,SCHOOL
19998A,"Vengurle To Sawantwadi Via Giroba Mandir",Vengurle,Sawantwadi,,MO,6342,"Nemale Fata",27.2,,,वेंगुर्ला,सावंतवाडी,37.8,13:00,14:30,SC,DAILY,शालेय,शालेय,SCHOOL
19998A,"Vengurle To Sawantwadi Via Giroba Mandir",Vengurle,Sawantwadi,,MO,6101,Akeri,29.4,,,वेंगुर्ला,सावंतवाडी,37.8,13:00,14:30,SC,DAILY,शालेय,शालेय,SCHOOL
19998A,"Vengurle To Sawantwadi Via Giroba Mandir",Vengurle,Sawantwadi,,MO,8551,"Kolgaon Thita",32.4,,,वेंगुर्ला,सावंतवाडी,37.8,13:00,14:30,SC,DAILY,शालेय,शालेय,SCHOOL
19998A,"Vengurle To Sawantwadi Via Giroba Mandir",Vengurle,Sawantwadi,,MO,8663,Sawantwadi,37.8,,,वेंगुर्ला,सावंतवाडी,37.8,13:00,14:30,SC,DAILY,शालेय,शालेय,SCHOOL
2312,"Aronda To Mumbai",Aronda,"Mumbai Central",,MO,8472,Aronda,,,,वेंगुर्ला,"चिपळूण (शिवाजीनगर)",253.40000000000003,16:00,23:10,NON,DAILY,,,
2312,"Aronda To Mumbai",Aronda,"Mumbai Central",,MO,9588,Agralwadi,3.2,,,वेंगुर्ला,"चिपळूण (शिवाजीनगर)",253.40000000000003,16:00,23:10,NON,DAILY,,,
2312,"Aronda To Mumbai",Aronda,"Mumbai Central",,MO,9653,"Huda Fata",6.3,,,वेंगुर्ला,"चिपळूण (शिवाजीनगर)",253.40000000000003,16:00,23:10,NON,DAILY,,,
2312,"Aronda To Mumbai",Aronda,"Mumbai Central",,MO,9769,"Redi Mauli Mandir",9.2,,,वेंगुर्ला,"चिपळूण (शिवाजीनगर)",253.40000000000003,16:00,23:10,NON,DAILY,,,
2312,"Aronda To Mumbai",Aronda,"Mumbai Central",,MO,9653,"Huda Fata",12.3,,,वेंगुर्ला,"चिपळूण (शिवाजीनगर)",253.40000000000003,16:00,23:10,NON,DAILY,,,
2312,"Aronda To Mumbai",Aronda,"Mumbai Central",,MO,9789,Shiroda,14.4,,,वेंगुर्ला,"चिपळूण (शिवाजीनगर)",253.40000000000003,16:00,23:10,NON,DAILY,,,
2312,"Aronda To Mumbai",Aronda,"Mumbai Central",,MO,9796,"Tak Mandir",19.9,,,वेंगुर्ला,"चिपळूण (शिवाजीनगर)",253.40000000000003,16:00,23:10,NON,DAILY,,,
2312,"Aronda To Mumbai",Aronda,"Mumbai Central",,MO,9726,"Mundale Shop",23.4,,,वेंगुर्ला,"चिपळूण (शिवाजीनगर)",253.40000000000003,16:00,23:10,NON,DAILY,,,
2312,"Aronda To Mumbai",Aronda,"Mumbai Central",,MO,9817,"Ubhadanda School -2",26.3,,,वेंगुर्ला,"चिपळूण (शिवाजीनगर)",253.40000000000003,16:00,23:10,NON,DAILY,,,
2312,"Aronda To Mumbai",Aronda,"Mumbai Central",,MO,9824,Vengurle,28,,,वेंगुर्ला,"चिपळूण (शिवाजीनगर)",253.40000000000003,16:00,23:10,NON,DAILY,,,
2312,"Aronda To Mumbai",Aronda,"Mumbai Central",,MO,9708,"Maruti Mandir",31.1,,,वेंगुर्ला,"चिपळूण (शिवाजीनगर)",253.40000000000003,16:00,23:10,NON,DAILY,,,
2312,"Aronda To Mumbai",Aronda,"Mumbai Central",,MO,9665,Kankewadi,33.2,,,वेंगुर्ला,"चिपळूण (शिवाजीनगर)",253.40000000000003,16:00,23:10,NON,DAILY,,,
2312,"Aronda To Mumbai",Aronda,"Mumbai Central",,MO,9709,"Math High School",34.6,,,वेंगुर्ला,"चिपळूण (शिवाजीनगर)",253.40000000000003,16:00,23:10,NON,DAILY,,,
2312,"Aronda To Mumbai",Aronda,"Mumbai Central",,MO,9620,"Bowalekar Wadi",36.2,,,वेंगुर्ला,"चिपळूण (शिवाजीनगर)",253.40000000000003,16:00,23:10,NON,DAILY,,,
2312,"Aronda To Mumbai",Aronda,"Mumbai Central",,MO,9695,"Kudal Titha",38.4,,,वेंगुर्ला,"चिपळूण (शिवाजीनगर)",253.40000000000003,16:00,23:10,NON,DAILY,,,
2312,"Aronda To Mumbai",Aronda,"Mumbai Central",,MO,6398,"Shambhu Bhavani",39.2,,,वेंगुर्ला,"चिपळूण (शिवाजीनगर)",253.40000000000003,16:00,23:10,NON,DAILY,,,
2312,"Aronda To Mumbai",Aronda,"Mumbai Central",,MO,6458,"Vetore Titha",40.2,,,वेंगुर्ला,"चिपळूण (शिवाजीनगर)",253.40000000000003,16:00,23:10,NON,DAILY,,,
2312,"Aronda To Mumbai",Aronda,"Mumbai Central",,MO,6459,"Vetore Sub Stage",42.3,,,वेंगुर्ला,"चिपळूण (शिवाजीनगर)",253.40000000000003,16:00,23:10,NON,DAILY,,,
2312,"Aronda To Mumbai",Aronda,"Mumbai Central",,MO,6423,Sativan,45.6,,,वेंगुर्ला,"चिपळूण (शिवाजीनगर)",253.40000000000003,16:00,23:10,NON,DAILY,,,
2312,"Aronda To Mumbai",Aronda,"Mumbai Central",,MO,6376,"Pinguli Titha",48.6,,,वेंगुर्ला,"चिपळूण (शिवाजीनगर)",253.40000000000003,16:00,23:10,NON,DAILY,,,
2312,"Aronda To Mumbai",Aronda,"Mumbai Central",,MO,6237,"Kudal St Depot",51.9,,,वेंगुर्ला,"चिपळूण (शिवाजीनगर)",253.40000000000003,16:00,23:10,NON,DAILY,,,
2312,"Aronda To Mumbai",Aronda,"Mumbai Central",,MO,6240,"Kudal St Depot",53.1,,,वेंगुर्ला,"चिपळूण (शिवाजीनगर)",253.40000000000003,16:00,23:10,NON,DAILY,,,
2312,"Aronda To Mumbai",Aronda,"Mumbai Central",,MO,6204,"Humarmala Kasale Dukan",65.1,,,वेंगुर्ला,"चिपळूण (शिवाजीनगर)",253.40000000000003,16:00,23:10,NON,DAILY,,,
2312,"Aronda To Mumbai",Aronda,"Mumbai Central",,MO,6362,"Oros Bus Stnad",67.3,,,वेंगुर्ला,"चिपळूण (शिवाजीनगर)",253.40000000000003,16:00,23:10,NON,DAILY,,,
2312,"Aronda To Mumbai",Aronda,"Mumbai Central",,MO,6116,Awali,70.1,,,वेंगुर्ला,"चिपळूण (शिवाजीनगर)",253.40000000000003,16:00,23:10,NON,DAILY,,,
2312,"Aronda To Mumbai",Aronda,"Mumbai Central",,MO,6281,Kasal,72.4,,,वेंगुर्ला,"चिपळूण (शिवाजीनगर)",253.40000000000003,16:00,23:10,NON,DAILY,,,
2312,"Aronda To Mumbai",Aronda,"Mumbai Central",,MO,2795,"Kasal Bridge Hiwale Fata",75.1,,,वेंगुर्ला,"चिपळूण (शिवाजीनगर)",253.40000000000003,16:00,23:10,NON,DAILY,,,
2312,"Aronda To Mumbai",Aronda,"Mumbai Central",,MO,2889,"Osargaon Godaoon",77.1,,,वेंगुर्ला,"चिपळूण (शिवाजीनगर)",253.40000000000003,16:00,23:10,NON,DAILY,,,
2312,"Aronda To Mumbai",Aronda,"Mumbai Central",,MO,2890,"Osargaon Post",78.1,,,वेंगुर्ला,"चिपळूण (शिवाजीनगर)",253.40000000000003,16:00,23:10,NON,DAILY,,,
2312,"Aronda To Mumbai",Aronda,"Mumbai Central",,MO,2891,"Osargaon Talav",79.1,,,वेंगुर्ला,"चिपळूण (शिवाजीनगर)",253.40000000000003,16:00,23:10,NON,DAILY,,,
2312,"Aronda To Mumbai",Aronda,"Mumbai Central",,MO,2692,Dangalwadi,82.1,,,वेंगुर्ला,"चिपळूण (शिवाजीनगर)",253.40000000000003,16:00,23:10,NON,DAILY,,,
2312,"Aronda To Mumbai",Aronda,"Mumbai Central",,MO,3001,"Wagade Gpo",84.3,,,वेंगुर्ला,"चिपळूण (शिवाजीनगर)",253.40000000000003,16:00,23:10,NON,DAILY,,,
2312,"Aronda To Mumbai",Aronda,"Mumbai Central",,MO,2786,Kankavli,87.3,,,वेंगुर्ला,"चिपळूण (शिवाजीनगर)",253.40000000000003,16:00,23:10,NON,DAILY,,,
2312,"Aronda To Mumbai",Aronda,"Mumbai Central",,MO,2768,"Janavali Gavthanwadi",92.1,,,वेंगुर्ला,"चिपळूण (शिवाजीनगर)",253.40000000000003,16:00,23:10,NON,DAILY,,,
2312,"Aronda To Mumbai",Aronda,"Mumbai Central",,MO,2756,"Humrat Titha",94.3,,,वेंगुर्ला,"चिपळूण (शिवाजीनगर)",253.40000000000003,16:00,23:10,NON,DAILY,,,
2312,"Aronda To Mumbai",Aronda,"Mumbai Central",,MO,2655,Belane,97.5,,,वेंगुर्ला,"चिपळूण (शिवाजीनगर)",253.40000000000003,16:00,23:10,NON,DAILY,,,
2312,"Aronda To Mumbai",Aronda,"Mumbai Central",,MO,2870,"Nandgaon Datta Mandir",101.1,,,वेंगुर्ला,"चिपळूण (शिवाजीनगर)",253.40000000000003,16:00,23:10,NON,DAILY,,,
2312,"Aronda To Mumbai",Aronda,"Mumbai Central",,MO,2871,"Nandgaon Fata",102.1,,,वेंगुर्ला,"चिपळूण (शिवाजीनगर)",253.40000000000003,16:00,23:10,NON,DAILY,,,
2312,"Aronda To Mumbai",Aronda,"Mumbai Central",,MO,2872,"Nandgaon Nursary",104.1,,,वेंगुर्ला,"चिपळूण (शिवाजीनगर)",253.40000000000003,16:00,23:10,NON,DAILY,,,
2312,"Aronda To Mumbai",Aronda,"Mumbai Central",,MO,2673,"Bramhan Wadi",107.4,,,वेंगुर्ला,"चिपळूण (शिवाजीनगर)",253.40000000000003,16:00,23:10,NON,DAILY,,,
2312,"Aronda To Mumbai",Aronda,"Mumbai Central",,MO,2982,Tarla,110.4,,,वेंगुर्ला,"चिपळूण (शिवाजीनगर)",253.40000000000003,16:00,23:10,NON,DAILY,,,
2312,"Aronda To Mumbai",Aronda,"Mumbai Central",,MO,2941,Saliste,115.8,,,वेंगुर्ला,"चिपळूण (शिवाजीनगर)",253.40000000000003,16:00,23:10,NON,DAILY,,,
2312,"Aronda To Mumbai",Aronda,"Mumbai Central",,MO,3010,Wargaon,118.3,,,वेंगुर्ला,"चिपळूण (शिवाजीनगर)",253.40000000000003,16:00,23:10,NON,DAILY,,,
2312,"Aronda To Mumbai",Aronda,"Mumbai Central",,MO,2863,Nadgive,121.6,,,वेंगुर्ला,"चिपळूण (शिवाजीनगर)",253.40000000000003,16:00,23:10,NON,DAILY,,,
2312,"Aronda To Mumbai",Aronda,"Mumbai Central",,MO,2812,Kharepatan,124.5,,,वेंगुर्ला,"चिपळूण (शिवाजीनगर)",253.40000000000003,16:00,23:10,NON,DAILY,,,
2312,"Aronda To Mumbai",Aronda,"Mumbai Central",,MO,14879,Panhale,130.5,,,वेंगुर्ला,"चिपळूण (शिवाजीनगर)",253.40000000000003,16:00,23:10,NON,DAILY,,,
2312,"Aronda To Mumbai",Aronda,"Mumbai Central",,MO,14609,Kodiye,133.6,,,वेंगुर्ला,"चिपळूण (शिवाजीनगर)",253.40000000000003,16:00,23:10,NON,DAILY,,,
2312,"Aronda To Mumbai",Aronda,"Mumbai Central",,MO,14521,"Hativale Jaitapur Fata",136.4,,,वेंगुर्ला,"चिपळूण (शिवाजीनगर)",253.40000000000003,16:00,23:10,NON,DAILY,,,
2312,"Aronda To Mumbai",Aronda,"Mumbai Central",,MO,15006,Rajapur,145,,,वेंगुर्ला,"चिपळूण (शिवाजीनगर)",253.40000000000003,16:00,23:10,NON,DAILY,,,
2312,"Aronda To Mumbai",Aronda,"Mumbai Central",,MO,89331,Oni,147.1,,,वेंगुर्ला,"चिपळूण (शिवाजीनगर)",253.40000000000003,16:00,23:10,NON,DAILY,,,
2312,"Aronda To Mumbai",Aronda,"Mumbai Central",,MO,14624,Kharmate,151,,,वेंगुर्ला,"चिपळूण (शिवाजीनगर)",253.40000000000003,16:00,23:10,NON,DAILY,,,
2312,"Aronda To Mumbai",Aronda,"Mumbai Central",,MO,15316,"Watul Titha",160.4,,,वेंगुर्ला,"चिपळूण (शिवाजीनगर)",253.40000000000003,16:00,23:10,NON,DAILY,,,
2312,"Aronda To Mumbai",Aronda,"Mumbai Central",,MO,15295,"Waked Laxmi Garden",163.5,,,वेंगुर्ला,"चिपळूण (शिवाजीनगर)",253.40000000000003,16:00,23:10,NON,DAILY,,,
2312,"Aronda To Mumbai",Aronda,"Mumbai Central",,MO,13286,Lanja,174.6,,,वेंगुर्ला,"चिपळूण (शिवाजीनगर)",253.40000000000003,16:00,23:10,NON,DAILY,,,
2312,"Aronda To Mumbai",Aronda,"Mumbai Central",,MO,13573,Veral,181.8,,,वेंगुर्ला,"चिपळूण (शिवाजीनगर)",253.40000000000003,16:00,23:10,NON,DAILY,,,
2312,"Aronda To Mumbai",Aronda,"Mumbai Central",,MO,16416,Pali,192.9,,,वेंगुर्ला,"चिपळूण (शिवाजीनगर)",253.40000000000003,16:00,23:10,NON,DAILY,,,
2312,"Aronda To Mumbai",Aronda,"Mumbai Central",,MO,15851,Hatkhamba,204.5,,,वेंगुर्ला,"चिपळूण (शिवाजीनगर)",253.40000000000003,16:00,23:10,NON,DAILY,,,
2312,"Aronda To Mumbai",Aronda,"Mumbai Central",,MO,16383,"Nivali Fata",207.2,,,वेंगुर्ला,"चिपळूण (शिवाजीनगर)",253.40000000000003,16:00,23:10,NON,DAILY,,,
2312,"Aronda To Mumbai",Aronda,"Mumbai Central",,MO,77138,Vandri,217.5,,,वेंगुर्ला,"चिपळूण (शिवाजीनगर)",253.40000000000003,16:00,23:10,NON,DAILY,,,
2312,"Aronda To Mumbai",Aronda,"Mumbai Central",,MO,15347,Ambed,223.1,,,वेंगुर्ला,"चिपळूण (शिवाजीनगर)",253.40000000000003,16:00,23:10,NON,DAILY,,,
2312,"Aronda To Mumbai",Aronda,"Mumbai Central",,MO,77014,Sangameshwar,249.1,,,वेंगुर्ला,"चिपळूण (शिवाजीनगर)",253.40000000000003,16:00,23:10,NON,DAILY,,,
2312,"Aronda To Mumbai",Aronda,"Mumbai Central",,MO,10434,Dhamani,252.1,,,वेंगुर्ला,"चिपळूण (शिवाजीनगर)",253.40000000000003,16:00,23:10,NON,DAILY,,,
2312,"Aronda To Mumbai",Aronda,"Mumbai Central",,MO,10186,"Aravali School",258.1,,,वेंगुर्ला,"चिपळूण (शिवाजीनगर)",253.40000000000003,16:00,23:10,NON,DAILY,,,
2312,"Aronda To Mumbai",Aronda,"Mumbai Central",,MO,10233,"Asurde .",260.9,,,वेंगुर्ला,"चिपळूण (शिवाजीनगर)",253.40000000000003,16:00,23:10,NON,DAILY,,,
2312,"Aronda To Mumbai",Aronda,"Mumbai Central",,MO,11229,Sawarde,265.8,,,वेंगुर्ला,"चिपळूण (शिवाजीनगर)",253.40000000000003,16:00,23:10,NON,DAILY,,,
2312,"Aronda To Mumbai",Aronda,"Mumbai Central",,MO,10602,Kandamale,269.2,,,वेंगुर्ला,"चिपळूण (शिवाजीनगर)",253.40000000000003,16:00,23:10,NON,DAILY,,,
2312,"Aronda To Mumbai",Aronda,"Mumbai Central",,MO,10379,Chiplun,280.9,,,वेंगुर्ला,"चिपळूण (शिवाजीनगर)",253.40000000000003,16:00,23:10,NON,DAILY,,,
2312,"Aronda To Mumbai",Aronda,"Mumbai Central",,MO,11074,Parshuram,294.4,,,वेंगुर्ला,"चिपळूण (शिवाजीनगर)",253.40000000000003,16:00,23:10,NON,DAILY,,,
2312,"Aronda To Mumbai",Aronda,"Mumbai Central",,MO,77775,Lavel,304.4,,,वेंगुर्ला,"चिपळूण (शिवाजीनगर)",253.40000000000003,16:00,23:10,NON,DAILY,,,
2312,"Aronda To Mumbai",Aronda,"Mumbai Central",,MO,78000,Shiv,308.9,,,वेंगुर्ला,"चिपळूण (शिवाजीनगर)",253.40000000000003,16:00,23:10,NON,DAILY,,,
2312,"Aronda To Mumbai",Aronda,"Mumbai Central",,MO,76025,"Bharna Naka",316.4,,,वेंगुर्ला,"चिपळूण (शिवाजीनगर)",253.40000000000003,16:00,23:10,NON,DAILY,,,
2312,"Aronda To Mumbai",Aronda,"Mumbai Central",,MO,77882,Natunagar,330.1,,,वेंगुर्ला,"चिपळूण (शिवाजीनगर)",253.40000000000003,16:00,23:10,NON,DAILY,,,
2312,"Aronda To Mumbai",Aronda,"Mumbai Central",,MO,1382,"Kashedi Bungalow",341.5,,,वेंगुर्ला,"चिपळूण (शिवाजीनगर)",253.40000000000003,16:00,23:10,NON,DAILY,,,
2312,"Aronda To Mumbai",Aronda,"Mumbai Central",,MO,1428,Poladpur,353.1,,,वेंगुर्ला,"चिपळूण (शिवाजीनगर)",253.40000000000003,16:00,23:10,NON,DAILY,,,
2312,"Aronda To Mumbai",Aronda,"Mumbai Central",,MO,1412,Loharmal,356.6,,,वेंगुर्ला,"चिपळूण (शिवाजीनगर)",253.40000000000003,16:00,23:10,NON,DAILY,,,
2312,"Aronda To Mumbai",Aronda,"Mumbai Central",,MO,1430,Parle,358.9,,,वेंगुर्ला,"चिपळूण (शिवाजीनगर)",253.40000000000003,16:00,23:10,NON,DAILY,,,
2312,"Aronda To Mumbai",Aronda,"Mumbai Central",,MO,476,"Chandave Khurd",361.3,,,वेंगुर्ला,"चिपळूण (शिवाजीनगर)",253.40000000000003,16:00,23:10,NON,DAILY,,,
2312,"Aronda To Mumbai",Aronda,"Mumbai Central",,MO,625,Nandgaon,367.1,,,वेंगुर्ला,"चिपळूण (शिवाजीनगर)",253.40000000000003,16:00,23:10,NON,DAILY,,,
2312,"Aronda To Mumbai",Aronda,"Mumbai Central",,MO,601,Mahad,370.7,,,वेंगुर्ला,"चिपळूण (शिवाजीनगर)",253.40000000000003,16:00,23:10,NON,DAILY,,,
2312,"Aronda To Mumbai",Aronda,"Mumbai Central",,MO,598,Mahapre,375.9,,,वेंगुर्ला,"चिपळूण (शिवाजीनगर)",253.40000000000003,16:00,23:10,NON,DAILY,,,
2312,"Aronda To Mumbai",Aronda,"Mumbai Central",,MO,868,Lonere,393.4,,,वेंगुर्ला,"चिपळूण (शिवाजीनगर)",253.40000000000003,16:00,23:10,NON,DAILY,,,
2312,"Aronda To Mumbai",Aronda,"Mumbai Central",,MO,879,Mangaon,400.9,,,वेंगुर्ला,"चिपळूण (शिवाजीनगर)",253.40000000000003,16:00,23:10,NON,DAILY,,,
2312,"Aronda To Mumbai",Aronda,"Mumbai Central",,MO,965,Waghwadi,406.2,,,वेंगुर्ला,"चिपळूण (शिवाजीनगर)",253.40000000000003,16:00,23:10,NON,DAILY,,,
2312,"Aronda To Mumbai",Aronda,"Mumbai Central",,MO,825,Indapur,414.1,,,वेंगुर्ला,"चिपळूण (शिवाजीनगर)",253.40000000000003,16:00,23:10,NON,DAILY,,,
2312,"Aronda To Mumbai",Aronda,"Mumbai Central",,MO,915,Rathwad,421.5,,,वेंगुर्ला,"चिपळूण (शिवाजीनगर)",253.40000000000003,16:00,23:10,NON,DAILY,,,
2312,"Aronda To Mumbai",Aronda,"Mumbai Central",,MO,1531,Kolad,427.4,,,वेंगुर्ला,"चिपळूण (शिवाजीनगर)",253.40000000000003,16:00,23:10,NON,DAILY,,,
2312,"Aronda To Mumbai",Aronda,"Mumbai Central",,MO,1552,Pugaon,430.2,,,वेंगुर्ला,"चिपळूण (शिवाजीनगर)",253.40000000000003,16:00,23:10,NON,DAILY,,,
2312,"Aronda To Mumbai",Aronda,"Mumbai Central",,MO,1515,Khamb,433.4,,,वेंगुर्ला,"चिपळूण (शिवाजीनगर)",253.40000000000003,16:00,23:10,NON,DAILY,,,
2312,"Aronda To Mumbai",Aronda,"Mumbai Central",,MO,1500,Fanse,439.1,,,वेंगुर्ला,"चिपळूण (शिवाजीनगर)",253.40000000000003,16:00,23:10,NON,DAILY,,,
2312,"Aronda To Mumbai",Aronda,"Mumbai Central",,MO,1597,Wakan,442.5,,,वेंगुर्ला,"चिपळूण (शिवाजीनगर)",253.40000000000003,16:00,23:10,NON,DAILY,,,
2312,"Aronda To Mumbai",Aronda,"Mumbai Central",,MO,1546,"Nagothane Fata",445.2,,,वेंगुर्ला,"चिपळूण (शिवाजीनगर)",253.40000000000003,16:00,23:10,NON,DAILY,,,
2312,"Aronda To Mumbai",Aronda,"Mumbai Central",,MO,1249,Koleti,451.4,,,वेंगुर्ला,"चिपळूण (शिवाजीनगर)",253.40000000000003,16:00,23:10,NON,DAILY,,,
2312,"Aronda To Mumbai",Aronda,"Mumbai Central",,MO,1255,Kharpale,459.9,,,वेंगुर्ला,"चिपळूण (शिवाजीनगर)",253.40000000000003,16:00,23:10,NON,DAILY,,,
2312,"Aronda To Mumbai",Aronda,"Mumbai Central",,MO,1303,Wadkhal,465.6,,,वेंगुर्ला,"चिपळूण (शिवाजीनगर)",253.40000000000003,16:00,23:10,NON,DAILY,,,
2312,"Aronda To Mumbai",Aronda,"Mumbai Central",,MO,1279,Ramwadi,475.1,,,वेंगुर्ला,"चिपळूण (शिवाजीनगर)",253.40000000000003,16:00,23:10,NON,DAILY,,,
2312,"Aronda To Mumbai",Aronda,"Mumbai Central",,MO,5709,"Ire Wadi",477.1,,,वेंगुर्ला,"चिपळूण (शिवाजीनगर)",253.40000000000003,16:00,23:10,NON,DAILY,,,
2312,"Aronda To Mumbai",Aronda,"Mumbai Central",,MO,1219,Govirle,479.1,,,वेंगुर्ला,"चिपळूण (शिवाजीनगर)",253.40000000000003,16:00,23:10,NON,DAILY,,,
2312,"Aronda To Mumbai",Aronda,"Mumbai Central",,MO,1229,Jite,480.9,,,वेंगुर्ला,"चिपळूण (शिवाजीनगर)",253.40000000000003,16:00,23:10,NON,DAILY,,,
2312,"Aronda To Mumbai",Aronda,"Mumbai Central",,MO,5736,Kharpada,482.1,,,वेंगुर्ला,"चिपळूण (शिवाजीनगर)",253.40000000000003,16:00,23:10,NON,DAILY,,,
2312,"Aronda To Mumbai",Aronda,"Mumbai Central",,MO,5912,Tara,485,,,वेंगुर्ला,"चिपळूण (शिवाजीनगर)",253.40000000000003,16:00,23:10,NON,DAILY,,,
2312,"Aronda To Mumbai",Aronda,"Mumbai Central",,MO,5746,Kalhe,486.4,,,वेंगुर्ला,"चिपळूण (शिवाजीनगर)",253.40000000000003,16:00,23:10,NON,DAILY,,,
2312,"Aronda To Mumbai",Aronda,"Mumbai Central",,MO,5896,Sangurle,494.7,,,वेंगुर्ला,"चिपळूण (शिवाजीनगर)",253.40000000000003,16:00,23:10,NON,DAILY,,,
2312,"Aronda To Mumbai",Aronda,"Mumbai Central",,MO,5848,"Palaspe Fata",497.5,,,वेंगुर्ला,"चिपळूण (शिवाजीनगर)",253.40000000000003,16:00,23:10,NON,DAILY,,,
2312,"Aronda To Mumbai",Aronda,"Mumbai Central",,MO,5842,Panvel,500.3,,,वेंगुर्ला,"चिपळूण (शिवाजीनगर)",253.40000000000003,16:00,23:10,NON,DAILY,,,
2312,"Aronda To Mumbai",Aronda,"Mumbai Central",,MO,86384,"Kokan Bhavan",507.1,,,वेंगुर्ला,"चिपळूण (शिवाजीनगर)",253.40000000000003,16:00,23:10,NON,DAILY,,,
2312,"Aronda To Mumbai",Aronda,"Mumbai Central",,MO,4414,Nerul,510.4,,,वेंगुर्ला,"चिपळूण (शिवाजीनगर)",253.40000000000003,16:00,23:10,NON,DAILY,,,
2312,"Aronda To Mumbai",Aronda,"Mumbai Central",,MO,4488,"Vashi Highway",515.8,,,वेंगुर्ला,"चिपळूण (शिवाजीनगर)",253.40000000000003,16:00,23:10,NON,DAILY,,,
2312,"Aronda To Mumbai",Aronda,"Mumbai Central",,MO,5439,"Mankhurd Rly. Stn.",522.1,,,वेंगुर्ला,"चिपळूण (शिवाजीनगर)",253.40000000000003,16:00,23:10,NON,DAILY,,,
2312,"Aronda To Mumbai",Aronda,"Mumbai Central",,MO,5471,"Mahalaxmi Jhunka Bhakar Kendra",522.3,,,वेंगुर्ला,"चिपळूण (शिवाजीनगर)",253.40000000000003,16:00,23:10,NON,DAILY,,,
2312,"Aronda To Mumbai",Aronda,"Mumbai Central",,MO,5464,"Maitri Park",522.7,,,वेंगुर्ला,"चिपळूण (शिवाजीनगर)",253.40000000000003,16:00,23:10,NON,DAILY,,,
2312,"Aronda To Mumbai",Aronda,"Mumbai Central",,MO,5427,"Kurla Nehru Nagar",522.9,,,वेंगुर्ला,"चिपळूण (शिवाजीनगर)",253.40000000000003,16:00,23:10,NON,DAILY,,,
2312,"Aronda To Mumbai",Aronda,"Mumbai Central",,MO,5514,"Shivranjani Bldg. Chunabhatti",527.7,,,वेंगुर्ला,"चिपळूण (शिवाजीनगर)",253.40000000000003,16:00,23:10,NON,DAILY,,,
2312,"Aronda To Mumbai",Aronda,"Mumbai Central",,MO,5524,Sion,528.9,,,वेंगुर्ला,"चिपळूण (शिवाजीनगर)",253.40000000000003,16:00,23:10,NON,DAILY,,,
2312,"Aronda To Mumbai",Aronda,"Mumbai Central",,MO,5335,"Dadar East",532.2,,,वेंगुर्ला,"चिपळूण (शिवाजीनगर)",253.40000000000003,16:00,23:10,NON,DAILY,,,
2312,"Aronda To Mumbai",Aronda,"Mumbai Central",,MO,5488,Parel,534.2,,,वेंगुर्ला,"चिपळूण (शिवाजीनगर)",253.40000000000003,16:00,23:10,NON,DAILY,,,
2312,"Aronda To Mumbai",Aronda,"Mumbai Central",,MO,5443,"Mumbai Central",542.1,,,वेंगुर्ला,"चिपळूण (शिवाजीनगर)",253.40000000000003,16:00,23:10,NON,DAILY,,,
